label,source,subclass,generator,split,image_id,variant
0,coco_train_reals,real,none,train,9da00c1b8decaefc,clean
0,coco_train_reals,real,none,train,9da00c1b8decaefc,noise002
0,coco_train_reals,real,none,train,9da00c1b8decaefc,noise005
0,coco_train_reals,real,none,train,9da00c1b8decaefc,noise01
0,coco_train_reals,real,none,train,c882e293cac59abc,clean
0,coco_train_reals,real,none,train,c882e293cac59abc,blur20
0,coco_train_reals,real,none,train,c882e293cac59abc,resize025
0,coco_train_reals,real,none,train,c882e293cac59abc,noise002
0,coco_train_reals,real,none,train,749b213bb9995d30,clean
0,coco_train_reals,real,none,train,749b213bb9995d30,jpeg70
0,coco_train_reals,real,none,train,749b213bb9995d30,noise002
0,coco_train_reals,real,none,train,749b213bb9995d30,noise005
0,coco_train_reals,real,none,train,e8aa135095939d39,clean
0,coco_train_reals,real,none,train,e8aa135095939d39,jpeg50
0,coco_train_reals,real,none,train,e8aa135095939d39,blur20
0,coco_train_reals,real,none,train,e8aa135095939d39,noise01
0,coco_train_reals,real,none,train,149d0149cc8cecfe,clean
0,coco_train_reals,real,none,train,149d0149cc8cecfe,jpeg30
0,coco_train_reals,real,none,train,149d0149cc8cecfe,resize05
0,coco_train_reals,real,none,train,149d0149cc8cecfe,noise01
0,coco_train_reals,real,none,train,8e26c9d901133dc2,clean
0,coco_train_reals,real,none,train,8e26c9d901133dc2,jpeg70
0,coco_train_reals,real,none,train,8e26c9d901133dc2,blur10
0,coco_train_reals,real,none,train,8e26c9d901133dc2,blur20
0,coco_train_reals,real,none,train,219755bbafb60390,clean
0,coco_train_reals,real,none,train,219755bbafb60390,resize025
0,coco_train_reals,real,none,train,219755bbafb60390,noise01
0,coco_train_reals,real,none,train,219755bbafb60390,crop08
0,coco_train_reals,real,none,train,f6ead4b4f7c719bb,clean
0,coco_train_reals,real,none,train,f6ead4b4f7c719bb,jpeg70
0,coco_train_reals,real,none,train,f6ead4b4f7c719bb,jpeg50
0,coco_train_reals,real,none,train,f6ead4b4f7c719bb,blur20
0,coco_train_reals,real,none,train,ab91f11416ea8182,clean
0,coco_train_reals,real,none,train,ab91f11416ea8182,jpeg90
0,coco_train_reals,real,none,train,ab91f11416ea8182,jpeg70
0,coco_train_reals,real,none,train,ab91f11416ea8182,blur20
0,coco_train_reals,real,none,train,fde35f6cd6232b34,clean
0,coco_train_reals,real,none,train,fde35f6cd6232b34,jpeg90
0,coco_train_reals,real,none,train,fde35f6cd6232b34,jpeg50
0,coco_train_reals,real,none,train,fde35f6cd6232b34,blur05
0,coco_train_reals,real,none,train,0603a0a46e4ba9ff,clean
0,coco_train_reals,real,none,train,0603a0a46e4ba9ff,jpeg90
0,coco_train_reals,real,none,train,0603a0a46e4ba9ff,blur05
0,coco_train_reals,real,none,train,0603a0a46e4ba9ff,noise002
0,coco_train_reals,real,none,train,9f8586ec475645ec,clean
0,coco_train_reals,real,none,train,9f8586ec475645ec,jpeg50
0,coco_train_reals,real,none,train,9f8586ec475645ec,blur10
0,coco_train_reals,real,none,train,9f8586ec475645ec,noise01
0,coco_train_reals,real,none,train,a8e2883f5e184d23,clean
0,coco_train_reals,real,none,train,a8e2883f5e184d23,jpeg50
0,coco_train_reals,real,none,train,a8e2883f5e184d23,noise005
0,coco_train_reals,real,none,train,a8e2883f5e184d23,jitter02
0,coco_train_reals,real,none,train,9d63ef44152a46fa,clean
0,coco_train_reals,real,none,train,9d63ef44152a46fa,jpeg50
0,coco_train_reals,real,none,train,9d63ef44152a46fa,blur10
0,coco_train_reals,real,none,train,9d63ef44152a46fa,blur20
0,coco_train_reals,real,none,train,537c9b560029b03d,clean
0,coco_train_reals,real,none,train,537c9b560029b03d,jpeg70
0,coco_train_reals,real,none,train,537c9b560029b03d,jpeg30
0,coco_train_reals,real,none,train,537c9b560029b03d,jitter02
0,coco_train_reals,real,none,train,892465766fc606e7,clean
0,coco_train_reals,real,none,train,892465766fc606e7,blur20
0,coco_train_reals,real,none,train,892465766fc606e7,resize025
0,coco_train_reals,real,none,train,892465766fc606e7,noise002
0,coco_train_reals,real,none,train,592f05c5c3fa3f56,clean
0,coco_train_reals,real,none,train,592f05c5c3fa3f56,blur05
0,coco_train_reals,real,none,train,592f05c5c3fa3f56,resize025
0,coco_train_reals,real,none,train,592f05c5c3fa3f56,noise005
0,coco_train_reals,real,none,train,312a985b4025a594,clean
0,coco_train_reals,real,none,train,312a985b4025a594,jpeg70
0,coco_train_reals,real,none,train,312a985b4025a594,jpeg50
0,coco_train_reals,real,none,train,312a985b4025a594,noise005
0,coco_train_reals,real,none,train,58b6f46471b09069,clean
0,coco_train_reals,real,none,train,58b6f46471b09069,jpeg90
0,coco_train_reals,real,none,train,58b6f46471b09069,blur20
0,coco_train_reals,real,none,train,58b6f46471b09069,crop08
0,coco_train_reals,real,none,train,2f441eae25ada656,clean
0,coco_train_reals,real,none,train,2f441eae25ada656,blur05
0,coco_train_reals,real,none,train,2f441eae25ada656,resize025
0,coco_train_reals,real,none,train,2f441eae25ada656,noise01
0,coco_train_reals,real,none,train,5d6a6bd6bd6bb53c,clean
0,coco_train_reals,real,none,train,5d6a6bd6bd6bb53c,jpeg50
0,coco_train_reals,real,none,train,5d6a6bd6bd6bb53c,blur20
0,coco_train_reals,real,none,train,5d6a6bd6bd6bb53c,jitter02
0,coco_train_reals,real,none,train,3d1944db3266ba4d,clean
0,coco_train_reals,real,none,train,3d1944db3266ba4d,jpeg30
0,coco_train_reals,real,none,train,3d1944db3266ba4d,noise002
0,coco_train_reals,real,none,train,3d1944db3266ba4d,noise01
0,coco_train_reals,real,none,train,9f6e27cdeb821415,clean
0,coco_train_reals,real,none,train,9f6e27cdeb821415,resize05
0,coco_train_reals,real,none,train,9f6e27cdeb821415,noise002
0,coco_train_reals,real,none,train,9f6e27cdeb821415,jitter02
0,coco_train_reals,real,none,train,f06ee19f75882736,clean
0,coco_train_reals,real,none,train,f06ee19f75882736,jpeg30
0,coco_train_reals,real,none,train,f06ee19f75882736,blur05
0,coco_train_reals,real,none,train,f06ee19f75882736,blur10
0,coco_train_reals,real,none,train,7a58a5feaab62059,clean
0,coco_train_reals,real,none,train,7a58a5feaab62059,jpeg30
0,coco_train_reals,real,none,train,7a58a5feaab62059,blur20
0,coco_train_reals,real,none,train,7a58a5feaab62059,crop08
0,coco_train_reals,real,none,train,2b4cc417a1be3f8a,clean
0,coco_train_reals,real,none,train,2b4cc417a1be3f8a,jpeg50
0,coco_train_reals,real,none,train,2b4cc417a1be3f8a,noise005
0,coco_train_reals,real,none,train,2b4cc417a1be3f8a,crop08
0,coco_train_reals,real,none,train,561a048880cafddc,clean
0,coco_train_reals,real,none,train,561a048880cafddc,jpeg30
0,coco_train_reals,real,none,train,561a048880cafddc,blur05
0,coco_train_reals,real,none,train,561a048880cafddc,noise002
0,coco_train_reals,real,none,train,b63ef54c0bfcef1f,clean
0,coco_train_reals,real,none,train,b63ef54c0bfcef1f,jpeg90
0,coco_train_reals,real,none,train,b63ef54c0bfcef1f,jpeg70
0,coco_train_reals,real,none,train,b63ef54c0bfcef1f,jitter02
0,coco_train_reals,real,none,train,2d210e32d6c4c50a,clean
0,coco_train_reals,real,none,train,2d210e32d6c4c50a,jpeg50
0,coco_train_reals,real,none,train,2d210e32d6c4c50a,noise002
0,coco_train_reals,real,none,train,2d210e32d6c4c50a,crop08
0,coco_train_reals,real,none,train,4d46d2771d72edff,clean
0,coco_train_reals,real,none,train,4d46d2771d72edff,jpeg70
0,coco_train_reals,real,none,train,4d46d2771d72edff,blur10
0,coco_train_reals,real,none,train,4d46d2771d72edff,resize025
0,coco_train_reals,real,none,train,62cfcceb73cf9093,clean
0,coco_train_reals,real,none,train,62cfcceb73cf9093,jpeg90
0,coco_train_reals,real,none,train,62cfcceb73cf9093,jpeg30
0,coco_train_reals,real,none,train,62cfcceb73cf9093,blur20
0,coco_train_reals,real,none,train,37741fd708e60f86,clean
0,coco_train_reals,real,none,train,37741fd708e60f86,resize05
0,coco_train_reals,real,none,train,37741fd708e60f86,noise002
0,coco_train_reals,real,none,train,37741fd708e60f86,jitter02
0,coco_train_reals,real,none,train,e532097bf80290c0,clean
0,coco_train_reals,real,none,train,e532097bf80290c0,jpeg50
0,coco_train_reals,real,none,train,e532097bf80290c0,jpeg30
0,coco_train_reals,real,none,train,e532097bf80290c0,crop08
0,coco_train_reals,real,none,train,6c140f9812b3c230,clean
0,coco_train_reals,real,none,train,6c140f9812b3c230,jpeg90
0,coco_train_reals,real,none,train,6c140f9812b3c230,noise002
0,coco_train_reals,real,none,train,6c140f9812b3c230,jitter02
0,coco_train_reals,real,none,train,a27f37271468fdd0,clean
0,coco_train_reals,real,none,train,a27f37271468fdd0,jpeg90
0,coco_train_reals,real,none,train,a27f37271468fdd0,resize025
0,coco_train_reals,real,none,train,a27f37271468fdd0,jitter02
0,coco_train_reals,real,none,train,51ce056107a18073,clean
0,coco_train_reals,real,none,train,51ce056107a18073,resize025
0,coco_train_reals,real,none,train,51ce056107a18073,noise005
0,coco_train_reals,real,none,train,51ce056107a18073,noise01
0,coco_train_reals,real,none,train,5bb0715962b6e590,clean
0,coco_train_reals,real,none,train,5bb0715962b6e590,blur05
0,coco_train_reals,real,none,train,5bb0715962b6e590,blur20
0,coco_train_reals,real,none,train,5bb0715962b6e590,noise002
0,coco_train_reals,real,none,train,6ae9e2cf7e3780bf,clean
0,coco_train_reals,real,none,train,6ae9e2cf7e3780bf,jpeg70
0,coco_train_reals,real,none,train,6ae9e2cf7e3780bf,resize05
0,coco_train_reals,real,none,train,6ae9e2cf7e3780bf,resize025
0,coco_train_reals,real,none,train,e39b7e7060710aef,clean
0,coco_train_reals,real,none,train,e39b7e7060710aef,blur05
0,coco_train_reals,real,none,train,e39b7e7060710aef,blur10
0,coco_train_reals,real,none,train,e39b7e7060710aef,resize025
0,coco_train_reals,real,none,train,2c4c926308da239a,clean
0,coco_train_reals,real,none,train,2c4c926308da239a,jpeg70
0,coco_train_reals,real,none,train,2c4c926308da239a,noise002
0,coco_train_reals,real,none,train,2c4c926308da239a,jitter02
0,coco_train_reals,real,none,train,32ceba7c9d9c8a7e,clean
0,coco_train_reals,real,none,train,32ceba7c9d9c8a7e,jpeg70
0,coco_train_reals,real,none,train,32ceba7c9d9c8a7e,blur05
0,coco_train_reals,real,none,train,32ceba7c9d9c8a7e,crop08
0,coco_train_reals,real,none,train,4a66890767964bd0,clean
0,coco_train_reals,real,none,train,4a66890767964bd0,jpeg90
0,coco_train_reals,real,none,train,4a66890767964bd0,noise005
0,coco_train_reals,real,none,train,4a66890767964bd0,jitter02
0,coco_train_reals,real,none,train,b568041a0a18199d,clean
0,coco_train_reals,real,none,train,b568041a0a18199d,jpeg70
0,coco_train_reals,real,none,train,b568041a0a18199d,jpeg50
0,coco_train_reals,real,none,train,b568041a0a18199d,blur10
0,coco_train_reals,real,none,train,1a576b2658e7e616,clean
0,coco_train_reals,real,none,train,1a576b2658e7e616,jpeg70
0,coco_train_reals,real,none,train,1a576b2658e7e616,jpeg30
0,coco_train_reals,real,none,train,1a576b2658e7e616,resize05
0,coco_train_reals,real,none,train,738da7ecbfb52c17,clean
0,coco_train_reals,real,none,train,738da7ecbfb52c17,resize025
0,coco_train_reals,real,none,train,738da7ecbfb52c17,noise002
0,coco_train_reals,real,none,train,738da7ecbfb52c17,noise005
0,coco_train_reals,real,none,train,cec85754e09f9fe0,clean
0,coco_train_reals,real,none,train,cec85754e09f9fe0,jpeg70
0,coco_train_reals,real,none,train,cec85754e09f9fe0,blur20
0,coco_train_reals,real,none,train,cec85754e09f9fe0,resize05
0,coco_train_reals,real,none,train,010b2423422d094f,clean
0,coco_train_reals,real,none,train,010b2423422d094f,jpeg90
0,coco_train_reals,real,none,train,010b2423422d094f,resize05
0,coco_train_reals,real,none,train,010b2423422d094f,noise002
0,coco_train_reals,real,none,train,7bd3632e66defcfc,clean
0,coco_train_reals,real,none,train,7bd3632e66defcfc,jpeg70
0,coco_train_reals,real,none,train,7bd3632e66defcfc,blur05
0,coco_train_reals,real,none,train,7bd3632e66defcfc,noise005
0,coco_train_reals,real,none,train,0efa49aa530d8973,clean
0,coco_train_reals,real,none,train,0efa49aa530d8973,jpeg70
0,coco_train_reals,real,none,train,0efa49aa530d8973,noise005
0,coco_train_reals,real,none,train,0efa49aa530d8973,jitter02
0,coco_train_reals,real,none,train,73fe3f75fa548f30,clean
0,coco_train_reals,real,none,train,73fe3f75fa548f30,blur05
0,coco_train_reals,real,none,train,73fe3f75fa548f30,blur20
0,coco_train_reals,real,none,train,73fe3f75fa548f30,noise01
0,coco_train_reals,real,none,train,ae62b201e5a664f7,clean
0,coco_train_reals,real,none,train,ae62b201e5a664f7,noise002
0,coco_train_reals,real,none,train,ae62b201e5a664f7,noise005
0,coco_train_reals,real,none,train,ae62b201e5a664f7,noise01
0,coco_train_reals,real,none,train,51f7914736d691d0,clean
0,coco_train_reals,real,none,train,51f7914736d691d0,jpeg90
0,coco_train_reals,real,none,train,51f7914736d691d0,noise005
0,coco_train_reals,real,none,train,51f7914736d691d0,noise01
0,coco_train_reals,real,none,train,a3553706d1600083,clean
0,coco_train_reals,real,none,train,a3553706d1600083,jpeg90
0,coco_train_reals,real,none,train,a3553706d1600083,jpeg70
0,coco_train_reals,real,none,train,a3553706d1600083,noise002
0,coco_train_reals,real,none,train,8bee583bea18ed2e,clean
0,coco_train_reals,real,none,train,8bee583bea18ed2e,jpeg70
0,coco_train_reals,real,none,train,8bee583bea18ed2e,jpeg50
0,coco_train_reals,real,none,train,8bee583bea18ed2e,resize05
0,coco_train_reals,real,none,train,45794e4e540cac42,clean
0,coco_train_reals,real,none,train,45794e4e540cac42,jpeg50
0,coco_train_reals,real,none,train,45794e4e540cac42,resize025
0,coco_train_reals,real,none,train,45794e4e540cac42,noise005
0,coco_train_reals,real,none,train,5ebf18e95fa4a6de,clean
0,coco_train_reals,real,none,train,5ebf18e95fa4a6de,jpeg90
0,coco_train_reals,real,none,train,5ebf18e95fa4a6de,resize025
0,coco_train_reals,real,none,train,5ebf18e95fa4a6de,noise002
0,coco_train_reals,real,none,train,6166da98c5124ddb,clean
0,coco_train_reals,real,none,train,6166da98c5124ddb,jpeg30
0,coco_train_reals,real,none,train,6166da98c5124ddb,blur05
0,coco_train_reals,real,none,train,6166da98c5124ddb,noise002
0,coco_train_reals,real,none,train,a0b88463ab34dfd3,clean
0,coco_train_reals,real,none,train,a0b88463ab34dfd3,blur10
0,coco_train_reals,real,none,train,a0b88463ab34dfd3,blur20
0,coco_train_reals,real,none,train,a0b88463ab34dfd3,resize05
0,coco_train_reals,real,none,train,9c26434e0acf57c6,clean
0,coco_train_reals,real,none,train,9c26434e0acf57c6,jpeg70
0,coco_train_reals,real,none,train,9c26434e0acf57c6,jpeg50
0,coco_train_reals,real,none,train,9c26434e0acf57c6,crop08
0,coco_train_reals,real,none,train,ed07d141f0c34a1b,clean
0,coco_train_reals,real,none,train,ed07d141f0c34a1b,jpeg70
0,coco_train_reals,real,none,train,ed07d141f0c34a1b,resize05
0,coco_train_reals,real,none,train,ed07d141f0c34a1b,noise01
0,coco_train_reals,real,none,train,e2e0e3f24e854c41,clean
0,coco_train_reals,real,none,train,e2e0e3f24e854c41,jpeg70
0,coco_train_reals,real,none,train,e2e0e3f24e854c41,blur05
0,coco_train_reals,real,none,train,e2e0e3f24e854c41,noise005
0,coco_train_reals,real,none,train,6a53aede5b1e161f,clean
0,coco_train_reals,real,none,train,6a53aede5b1e161f,jpeg30
0,coco_train_reals,real,none,train,6a53aede5b1e161f,resize05
0,coco_train_reals,real,none,train,6a53aede5b1e161f,noise01
0,coco_train_reals,real,none,train,155b14e4f59b936e,clean
0,coco_train_reals,real,none,train,155b14e4f59b936e,jpeg30
0,coco_train_reals,real,none,train,155b14e4f59b936e,blur20
0,coco_train_reals,real,none,train,155b14e4f59b936e,noise01
0,coco_train_reals,real,none,train,310b62dddf995cb9,clean
0,coco_train_reals,real,none,train,310b62dddf995cb9,jpeg50
0,coco_train_reals,real,none,train,310b62dddf995cb9,resize05
0,coco_train_reals,real,none,train,310b62dddf995cb9,jitter02
0,coco_train_reals,real,none,train,7790cc2239e78b74,clean
0,coco_train_reals,real,none,train,7790cc2239e78b74,jpeg90
0,coco_train_reals,real,none,train,7790cc2239e78b74,resize025
0,coco_train_reals,real,none,train,7790cc2239e78b74,noise005
0,coco_train_reals,real,none,train,4c4db2961b95b04c,clean
0,coco_train_reals,real,none,train,4c4db2961b95b04c,jpeg90
0,coco_train_reals,real,none,train,4c4db2961b95b04c,resize025
0,coco_train_reals,real,none,train,4c4db2961b95b04c,crop08
0,coco_train_reals,real,none,train,ff2559e3e6d53a40,clean
0,coco_train_reals,real,none,train,ff2559e3e6d53a40,jpeg30
0,coco_train_reals,real,none,train,ff2559e3e6d53a40,blur10
0,coco_train_reals,real,none,train,ff2559e3e6d53a40,noise01
0,coco_train_reals,real,none,train,a1aca926dec33529,clean
0,coco_train_reals,real,none,train,a1aca926dec33529,jpeg70
0,coco_train_reals,real,none,train,a1aca926dec33529,jpeg50
0,coco_train_reals,real,none,train,a1aca926dec33529,blur05
0,coco_train_reals,real,none,train,a4cb2f63dd41bb5f,clean
0,coco_train_reals,real,none,train,a4cb2f63dd41bb5f,blur05
0,coco_train_reals,real,none,train,a4cb2f63dd41bb5f,resize025
0,coco_train_reals,real,none,train,a4cb2f63dd41bb5f,noise005
0,coco_train_reals,real,none,train,88e8d772d77a4a6e,clean
0,coco_train_reals,real,none,train,88e8d772d77a4a6e,jpeg70
0,coco_train_reals,real,none,train,88e8d772d77a4a6e,jpeg30
0,coco_train_reals,real,none,train,88e8d772d77a4a6e,resize025
0,coco_train_reals,real,none,train,e371281ceb6a4e67,clean
0,coco_train_reals,real,none,train,e371281ceb6a4e67,jpeg70
0,coco_train_reals,real,none,train,e371281ceb6a4e67,jpeg50
0,coco_train_reals,real,none,train,e371281ceb6a4e67,noise005
0,coco_train_reals,real,none,train,71f5281531479af4,clean
0,coco_train_reals,real,none,train,71f5281531479af4,jpeg70
0,coco_train_reals,real,none,train,71f5281531479af4,jitter02
0,coco_train_reals,real,none,train,71f5281531479af4,crop08
0,coco_train_reals,real,none,train,4788d692b27c8e8c,clean
0,coco_train_reals,real,none,train,4788d692b27c8e8c,jpeg30
0,coco_train_reals,real,none,train,4788d692b27c8e8c,resize025
0,coco_train_reals,real,none,train,4788d692b27c8e8c,noise01
0,coco_train_reals,real,none,train,cac8fcf783ab0c2b,clean
0,coco_train_reals,real,none,train,cac8fcf783ab0c2b,jpeg30
0,coco_train_reals,real,none,train,cac8fcf783ab0c2b,blur20
0,coco_train_reals,real,none,train,cac8fcf783ab0c2b,resize025
0,coco_train_reals,real,none,train,439791829025f057,clean
0,coco_train_reals,real,none,train,439791829025f057,jpeg30
0,coco_train_reals,real,none,train,439791829025f057,blur05
0,coco_train_reals,real,none,train,439791829025f057,resize05
0,coco_train_reals,real,none,train,e778b95c99adda9b,clean
0,coco_train_reals,real,none,train,e778b95c99adda9b,jpeg70
0,coco_train_reals,real,none,train,e778b95c99adda9b,jpeg50
0,coco_train_reals,real,none,train,e778b95c99adda9b,crop08
0,coco_train_reals,real,none,train,23dcf57bbaec080a,clean
0,coco_train_reals,real,none,train,23dcf57bbaec080a,jpeg90
0,coco_train_reals,real,none,train,23dcf57bbaec080a,jpeg30
0,coco_train_reals,real,none,train,23dcf57bbaec080a,noise002
0,coco_train_reals,real,none,train,032d42f047cb2f9a,clean
0,coco_train_reals,real,none,train,032d42f047cb2f9a,jpeg30
0,coco_train_reals,real,none,train,032d42f047cb2f9a,noise005
0,coco_train_reals,real,none,train,032d42f047cb2f9a,jitter02
0,coco_train_reals,real,none,train,77a213642c8eaea4,clean
0,coco_train_reals,real,none,train,77a213642c8eaea4,blur20
0,coco_train_reals,real,none,train,77a213642c8eaea4,noise002
0,coco_train_reals,real,none,train,77a213642c8eaea4,noise005
0,coco_train_reals,real,none,train,ec42dfa8806c3393,clean
0,coco_train_reals,real,none,train,ec42dfa8806c3393,jpeg90
0,coco_train_reals,real,none,train,ec42dfa8806c3393,blur10
0,coco_train_reals,real,none,train,ec42dfa8806c3393,blur20
0,coco_train_reals,real,none,train,59b231000f8fd51f,clean
0,coco_train_reals,real,none,train,59b231000f8fd51f,jpeg50
0,coco_train_reals,real,none,train,59b231000f8fd51f,blur05
0,coco_train_reals,real,none,train,59b231000f8fd51f,resize05
0,coco_train_reals,real,none,train,c7b1584b92b47ee4,clean
0,coco_train_reals,real,none,train,c7b1584b92b47ee4,jpeg70
0,coco_train_reals,real,none,train,c7b1584b92b47ee4,jpeg50
0,coco_train_reals,real,none,train,c7b1584b92b47ee4,blur10
0,coco_train_reals,real,none,train,26dc623d3b578306,clean
0,coco_train_reals,real,none,train,26dc623d3b578306,jpeg90
0,coco_train_reals,real,none,train,26dc623d3b578306,blur05
0,coco_train_reals,real,none,train,26dc623d3b578306,noise005
0,coco_train_reals,real,none,train,1a142ae7ff55e930,clean
0,coco_train_reals,real,none,train,1a142ae7ff55e930,resize05
0,coco_train_reals,real,none,train,1a142ae7ff55e930,noise002
0,coco_train_reals,real,none,train,1a142ae7ff55e930,crop08
0,coco_train_reals,real,none,train,ba59a46ce2368d1f,clean
0,coco_train_reals,real,none,train,ba59a46ce2368d1f,noise005
0,coco_train_reals,real,none,train,ba59a46ce2368d1f,noise01
0,coco_train_reals,real,none,train,ba59a46ce2368d1f,jitter02
0,coco_train_reals,real,none,train,fcf063d5901dc95e,clean
0,coco_train_reals,real,none,train,fcf063d5901dc95e,jpeg70
0,coco_train_reals,real,none,train,fcf063d5901dc95e,jpeg30
0,coco_train_reals,real,none,train,fcf063d5901dc95e,noise005
0,coco_train_reals,real,none,train,2aca196ffc2a499d,clean
0,coco_train_reals,real,none,train,2aca196ffc2a499d,jpeg30
0,coco_train_reals,real,none,train,2aca196ffc2a499d,blur05
0,coco_train_reals,real,none,train,2aca196ffc2a499d,noise01
0,coco_train_reals,real,none,train,f40fd8d254231240,clean
0,coco_train_reals,real,none,train,f40fd8d254231240,jpeg70
0,coco_train_reals,real,none,train,f40fd8d254231240,jpeg50
0,coco_train_reals,real,none,train,f40fd8d254231240,resize025
0,coco_train_reals,real,none,train,169d792837118a47,clean
0,coco_train_reals,real,none,train,169d792837118a47,jpeg70
0,coco_train_reals,real,none,train,169d792837118a47,noise005
0,coco_train_reals,real,none,train,169d792837118a47,crop08
0,coco_train_reals,real,none,train,8d63d531474d6b51,clean
0,coco_train_reals,real,none,train,8d63d531474d6b51,jpeg30
0,coco_train_reals,real,none,train,8d63d531474d6b51,blur20
0,coco_train_reals,real,none,train,8d63d531474d6b51,jitter02
0,coco_train_reals,real,none,train,f70a000d5ce6b0f5,clean
0,coco_train_reals,real,none,train,f70a000d5ce6b0f5,jpeg90
0,coco_train_reals,real,none,train,f70a000d5ce6b0f5,jpeg30
0,coco_train_reals,real,none,train,f70a000d5ce6b0f5,noise01
0,coco_train_reals,real,none,train,19865278b518fcf4,clean
0,coco_train_reals,real,none,train,19865278b518fcf4,blur05
0,coco_train_reals,real,none,train,19865278b518fcf4,blur20
0,coco_train_reals,real,none,train,19865278b518fcf4,noise01
0,coco_train_reals,real,none,train,c1c457bc8f6584cb,clean
0,coco_train_reals,real,none,train,c1c457bc8f6584cb,jpeg70
0,coco_train_reals,real,none,train,c1c457bc8f6584cb,noise005
0,coco_train_reals,real,none,train,c1c457bc8f6584cb,noise01
0,coco_train_reals,real,none,train,93b8c3467c36ae0b,clean
0,coco_train_reals,real,none,train,93b8c3467c36ae0b,blur05
0,coco_train_reals,real,none,train,93b8c3467c36ae0b,blur20
0,coco_train_reals,real,none,train,93b8c3467c36ae0b,noise002
0,coco_train_reals,real,none,train,2bdb49e7abcc1472,clean
0,coco_train_reals,real,none,train,2bdb49e7abcc1472,blur05
0,coco_train_reals,real,none,train,2bdb49e7abcc1472,blur20
0,coco_train_reals,real,none,train,2bdb49e7abcc1472,noise005
0,coco_train_reals,real,none,train,d0b8b889dcce3615,clean
0,coco_train_reals,real,none,train,d0b8b889dcce3615,jpeg90
0,coco_train_reals,real,none,train,d0b8b889dcce3615,blur10
0,coco_train_reals,real,none,train,d0b8b889dcce3615,resize025
0,coco_train_reals,real,none,train,b9a025b4c46ba896,clean
0,coco_train_reals,real,none,train,b9a025b4c46ba896,jpeg50
0,coco_train_reals,real,none,train,b9a025b4c46ba896,resize05
0,coco_train_reals,real,none,train,b9a025b4c46ba896,noise005
0,coco_train_reals,real,none,train,a9ca37e80c0947ff,clean
0,coco_train_reals,real,none,train,a9ca37e80c0947ff,jpeg50
0,coco_train_reals,real,none,train,a9ca37e80c0947ff,blur10
0,coco_train_reals,real,none,train,a9ca37e80c0947ff,noise005
0,coco_train_reals,real,none,train,a8f73baf1af62206,clean
0,coco_train_reals,real,none,train,a8f73baf1af62206,jpeg30
0,coco_train_reals,real,none,train,a8f73baf1af62206,jitter02
0,coco_train_reals,real,none,train,a8f73baf1af62206,crop08
0,coco_train_reals,real,none,train,354f4d13f81fc080,clean
0,coco_train_reals,real,none,train,354f4d13f81fc080,jpeg30
0,coco_train_reals,real,none,train,354f4d13f81fc080,resize025
0,coco_train_reals,real,none,train,354f4d13f81fc080,crop08
0,coco_train_reals,real,none,train,b5fec964158821c6,clean
0,coco_train_reals,real,none,train,b5fec964158821c6,jpeg90
0,coco_train_reals,real,none,train,b5fec964158821c6,resize025
0,coco_train_reals,real,none,train,b5fec964158821c6,noise002
0,coco_train_reals,real,none,train,f2ac1f308156287e,clean
0,coco_train_reals,real,none,train,f2ac1f308156287e,jpeg50
0,coco_train_reals,real,none,train,f2ac1f308156287e,resize05
0,coco_train_reals,real,none,train,f2ac1f308156287e,jitter02
0,coco_train_reals,real,none,train,eab5129928be3928,clean
0,coco_train_reals,real,none,train,eab5129928be3928,jpeg90
0,coco_train_reals,real,none,train,eab5129928be3928,blur05
0,coco_train_reals,real,none,train,eab5129928be3928,crop08
0,coco_train_reals,real,none,train,dac94fefb98d3507,clean
0,coco_train_reals,real,none,train,dac94fefb98d3507,blur10
0,coco_train_reals,real,none,train,dac94fefb98d3507,resize05
0,coco_train_reals,real,none,train,dac94fefb98d3507,noise005
0,coco_train_reals,real,none,train,812bbe1a9edbe11a,clean
0,coco_train_reals,real,none,train,812bbe1a9edbe11a,jpeg50
0,coco_train_reals,real,none,train,812bbe1a9edbe11a,blur10
0,coco_train_reals,real,none,train,812bbe1a9edbe11a,noise005
0,coco_train_reals,real,none,train,b9104591c60933ea,clean
0,coco_train_reals,real,none,train,b9104591c60933ea,jpeg30
0,coco_train_reals,real,none,train,b9104591c60933ea,noise002
0,coco_train_reals,real,none,train,b9104591c60933ea,crop08
0,coco_train_reals,real,none,train,cc8e54f85d6a98ee,clean
0,coco_train_reals,real,none,train,cc8e54f85d6a98ee,jpeg50
0,coco_train_reals,real,none,train,cc8e54f85d6a98ee,blur20
0,coco_train_reals,real,none,train,cc8e54f85d6a98ee,resize05
0,coco_train_reals,real,none,train,41e8a8d863b505bd,clean
0,coco_train_reals,real,none,train,41e8a8d863b505bd,jpeg50
0,coco_train_reals,real,none,train,41e8a8d863b505bd,blur05
0,coco_train_reals,real,none,train,41e8a8d863b505bd,resize025
0,coco_train_reals,real,none,train,0b7090512401a7b4,clean
0,coco_train_reals,real,none,train,0b7090512401a7b4,jpeg90
0,coco_train_reals,real,none,train,0b7090512401a7b4,resize05
0,coco_train_reals,real,none,train,0b7090512401a7b4,noise005
0,coco_train_reals,real,none,train,d5e6ea0d42350eb3,clean
0,coco_train_reals,real,none,train,d5e6ea0d42350eb3,jpeg30
0,coco_train_reals,real,none,train,d5e6ea0d42350eb3,blur20
0,coco_train_reals,real,none,train,d5e6ea0d42350eb3,noise002
0,coco_train_reals,real,none,train,18a51d904f617e37,clean
0,coco_train_reals,real,none,train,18a51d904f617e37,blur05
0,coco_train_reals,real,none,train,18a51d904f617e37,blur10
0,coco_train_reals,real,none,train,18a51d904f617e37,noise01
0,coco_train_reals,real,none,train,43c6560cd6169a9f,clean
0,coco_train_reals,real,none,train,43c6560cd6169a9f,blur20
0,coco_train_reals,real,none,train,43c6560cd6169a9f,resize05
0,coco_train_reals,real,none,train,43c6560cd6169a9f,jitter02
0,coco_train_reals,real,none,train,8f268a519afa9fef,clean
0,coco_train_reals,real,none,train,8f268a519afa9fef,blur05
0,coco_train_reals,real,none,train,8f268a519afa9fef,resize05
0,coco_train_reals,real,none,train,8f268a519afa9fef,crop08
0,coco_train_reals,real,none,train,cc13e26bbac2aa3f,clean
0,coco_train_reals,real,none,train,cc13e26bbac2aa3f,resize05
0,coco_train_reals,real,none,train,cc13e26bbac2aa3f,noise005
0,coco_train_reals,real,none,train,cc13e26bbac2aa3f,noise01
0,coco_train_reals,real,none,train,2a6fb238c8cfcb84,clean
0,coco_train_reals,real,none,train,2a6fb238c8cfcb84,blur10
0,coco_train_reals,real,none,train,2a6fb238c8cfcb84,noise005
0,coco_train_reals,real,none,train,2a6fb238c8cfcb84,noise01
0,coco_train_reals,real,none,train,3f6b35d2fd7ba398,clean
0,coco_train_reals,real,none,train,3f6b35d2fd7ba398,blur20
0,coco_train_reals,real,none,train,3f6b35d2fd7ba398,resize05
0,coco_train_reals,real,none,train,3f6b35d2fd7ba398,noise01
0,coco_train_reals,real,none,train,d6b406195ff0bb5e,clean
0,coco_train_reals,real,none,train,d6b406195ff0bb5e,jpeg90
0,coco_train_reals,real,none,train,d6b406195ff0bb5e,resize025
0,coco_train_reals,real,none,train,d6b406195ff0bb5e,noise002
0,coco_train_reals,real,none,train,89725f823fed0bc6,clean
0,coco_train_reals,real,none,train,89725f823fed0bc6,jpeg70
0,coco_train_reals,real,none,train,89725f823fed0bc6,jpeg30
0,coco_train_reals,real,none,train,89725f823fed0bc6,blur20
0,coco_train_reals,real,none,train,6c92e3f2fe7ec8de,clean
0,coco_train_reals,real,none,train,6c92e3f2fe7ec8de,jpeg30
0,coco_train_reals,real,none,train,6c92e3f2fe7ec8de,resize025
0,coco_train_reals,real,none,train,6c92e3f2fe7ec8de,noise005
0,coco_train_reals,real,none,train,170101ab747134d6,clean
0,coco_train_reals,real,none,train,170101ab747134d6,jpeg70
0,coco_train_reals,real,none,train,170101ab747134d6,resize025
0,coco_train_reals,real,none,train,170101ab747134d6,noise01
0,coco_train_reals,real,none,train,cb9946c53ef09261,clean
0,coco_train_reals,real,none,train,cb9946c53ef09261,jpeg70
0,coco_train_reals,real,none,train,cb9946c53ef09261,jpeg50
0,coco_train_reals,real,none,train,cb9946c53ef09261,blur20
0,coco_train_reals,real,none,train,db9316738d4f1a7e,clean
0,coco_train_reals,real,none,train,db9316738d4f1a7e,resize05
0,coco_train_reals,real,none,train,db9316738d4f1a7e,noise01
0,coco_train_reals,real,none,train,db9316738d4f1a7e,jitter02
0,coco_train_reals,real,none,train,cdd12dd99f0df0b4,clean
0,coco_train_reals,real,none,train,cdd12dd99f0df0b4,jpeg30
0,coco_train_reals,real,none,train,cdd12dd99f0df0b4,blur05
0,coco_train_reals,real,none,train,cdd12dd99f0df0b4,blur10
0,coco_train_reals,real,none,train,34d1de873ac01c97,clean
0,coco_train_reals,real,none,train,34d1de873ac01c97,blur20
0,coco_train_reals,real,none,train,34d1de873ac01c97,noise005
0,coco_train_reals,real,none,train,34d1de873ac01c97,noise01
0,coco_train_reals,real,none,train,b7829590789c2923,clean
0,coco_train_reals,real,none,train,b7829590789c2923,jpeg90
0,coco_train_reals,real,none,train,b7829590789c2923,jpeg50
0,coco_train_reals,real,none,train,b7829590789c2923,noise005
0,coco_train_reals,real,none,train,13b8617f86e617bd,clean
0,coco_train_reals,real,none,train,13b8617f86e617bd,jpeg50
0,coco_train_reals,real,none,train,13b8617f86e617bd,blur20
0,coco_train_reals,real,none,train,13b8617f86e617bd,resize05
0,coco_train_reals,real,none,train,4a0594775f3f94e2,clean
0,coco_train_reals,real,none,train,4a0594775f3f94e2,blur20
0,coco_train_reals,real,none,train,4a0594775f3f94e2,noise005
0,coco_train_reals,real,none,train,4a0594775f3f94e2,noise01
0,coco_train_reals,real,none,train,4b551802df072b67,clean
0,coco_train_reals,real,none,train,4b551802df072b67,jpeg50
0,coco_train_reals,real,none,train,4b551802df072b67,blur05
0,coco_train_reals,real,none,train,4b551802df072b67,jitter02
0,coco_train_reals,real,none,train,67eafaa99f518c70,clean
0,coco_train_reals,real,none,train,67eafaa99f518c70,jpeg90
0,coco_train_reals,real,none,train,67eafaa99f518c70,jpeg70
0,coco_train_reals,real,none,train,67eafaa99f518c70,resize025
0,coco_train_reals,real,none,train,60a77c8dc6b00206,clean
0,coco_train_reals,real,none,train,60a77c8dc6b00206,jpeg50
0,coco_train_reals,real,none,train,60a77c8dc6b00206,resize025
0,coco_train_reals,real,none,train,60a77c8dc6b00206,noise01
0,coco_train_reals,real,none,train,b26b473da9dace1b,clean
0,coco_train_reals,real,none,train,b26b473da9dace1b,jpeg70
0,coco_train_reals,real,none,train,b26b473da9dace1b,resize025
0,coco_train_reals,real,none,train,b26b473da9dace1b,crop08
0,coco_train_reals,real,none,train,7fd987244f157b37,clean
0,coco_train_reals,real,none,train,7fd987244f157b37,jpeg70
0,coco_train_reals,real,none,train,7fd987244f157b37,noise002
0,coco_train_reals,real,none,train,7fd987244f157b37,noise01
0,coco_train_reals,real,none,train,2b561408576cc9a8,clean
0,coco_train_reals,real,none,train,2b561408576cc9a8,jpeg90
0,coco_train_reals,real,none,train,2b561408576cc9a8,jpeg30
0,coco_train_reals,real,none,train,2b561408576cc9a8,blur20
0,coco_train_reals,real,none,train,296bafc125ffc748,clean
0,coco_train_reals,real,none,train,296bafc125ffc748,blur05
0,coco_train_reals,real,none,train,296bafc125ffc748,resize05
0,coco_train_reals,real,none,train,296bafc125ffc748,jitter02
0,coco_train_reals,real,none,train,2c1e29f402843e5a,clean
0,coco_train_reals,real,none,train,2c1e29f402843e5a,jpeg50
0,coco_train_reals,real,none,train,2c1e29f402843e5a,blur20
0,coco_train_reals,real,none,train,2c1e29f402843e5a,jitter02
0,coco_train_reals,real,none,train,00dfc1bf304c3a14,clean
0,coco_train_reals,real,none,train,00dfc1bf304c3a14,jpeg50
0,coco_train_reals,real,none,train,00dfc1bf304c3a14,blur05
0,coco_train_reals,real,none,train,00dfc1bf304c3a14,crop08
0,coco_train_reals,real,none,train,51f580b3697a417b,clean
0,coco_train_reals,real,none,train,51f580b3697a417b,blur05
0,coco_train_reals,real,none,train,51f580b3697a417b,blur10
0,coco_train_reals,real,none,train,51f580b3697a417b,noise002
0,coco_train_reals,real,none,train,c9a5fc5cfb0d9c52,clean
0,coco_train_reals,real,none,train,c9a5fc5cfb0d9c52,jpeg90
0,coco_train_reals,real,none,train,c9a5fc5cfb0d9c52,jpeg50
0,coco_train_reals,real,none,train,c9a5fc5cfb0d9c52,blur10
0,coco_train_reals,real,none,train,cf5fcc66923c03bc,clean
0,coco_train_reals,real,none,train,cf5fcc66923c03bc,jpeg90
0,coco_train_reals,real,none,train,cf5fcc66923c03bc,jpeg70
0,coco_train_reals,real,none,train,cf5fcc66923c03bc,crop08
0,coco_train_reals,real,none,train,884f58dc8b7d2aef,clean
0,coco_train_reals,real,none,train,884f58dc8b7d2aef,jpeg90
0,coco_train_reals,real,none,train,884f58dc8b7d2aef,blur05
0,coco_train_reals,real,none,train,884f58dc8b7d2aef,noise005
0,coco_train_reals,real,none,train,200575605fa18065,clean
0,coco_train_reals,real,none,train,200575605fa18065,jpeg70
0,coco_train_reals,real,none,train,200575605fa18065,noise005
0,coco_train_reals,real,none,train,200575605fa18065,crop08
0,coco_train_reals,real,none,train,8f0b1cf32ebf1ad4,clean
0,coco_train_reals,real,none,train,8f0b1cf32ebf1ad4,jpeg30
0,coco_train_reals,real,none,train,8f0b1cf32ebf1ad4,blur20
0,coco_train_reals,real,none,train,8f0b1cf32ebf1ad4,resize05
0,coco_train_reals,real,none,train,aca072089752dfa2,clean
0,coco_train_reals,real,none,train,aca072089752dfa2,jpeg90
0,coco_train_reals,real,none,train,aca072089752dfa2,blur10
0,coco_train_reals,real,none,train,aca072089752dfa2,noise002
0,coco_train_reals,real,none,train,5364a86ff3cc6750,clean
0,coco_train_reals,real,none,train,5364a86ff3cc6750,jpeg30
0,coco_train_reals,real,none,train,5364a86ff3cc6750,blur05
0,coco_train_reals,real,none,train,5364a86ff3cc6750,noise005
0,coco_train_reals,real,none,train,8ecf776435c2b9ea,clean
0,coco_train_reals,real,none,train,8ecf776435c2b9ea,jpeg30
0,coco_train_reals,real,none,train,8ecf776435c2b9ea,resize05
0,coco_train_reals,real,none,train,8ecf776435c2b9ea,noise002
0,coco_train_reals,real,none,train,ddb7f845083ed79d,clean
0,coco_train_reals,real,none,train,ddb7f845083ed79d,jpeg50
0,coco_train_reals,real,none,train,ddb7f845083ed79d,jpeg30
0,coco_train_reals,real,none,train,ddb7f845083ed79d,jitter02
0,coco_train_reals,real,none,train,5dc8a027b0d96196,clean
0,coco_train_reals,real,none,train,5dc8a027b0d96196,jpeg70
0,coco_train_reals,real,none,train,5dc8a027b0d96196,noise002
0,coco_train_reals,real,none,train,5dc8a027b0d96196,jitter02
0,coco_train_reals,real,none,train,34e0d9757b161251,clean
0,coco_train_reals,real,none,train,34e0d9757b161251,jpeg30
0,coco_train_reals,real,none,train,34e0d9757b161251,blur10
0,coco_train_reals,real,none,train,34e0d9757b161251,noise005
0,coco_train_reals,real,none,train,0bf9b6a77baed53a,clean
0,coco_train_reals,real,none,train,0bf9b6a77baed53a,jpeg50
0,coco_train_reals,real,none,train,0bf9b6a77baed53a,jpeg30
0,coco_train_reals,real,none,train,0bf9b6a77baed53a,resize05
0,coco_train_reals,real,none,train,033582fc8df21e29,clean
0,coco_train_reals,real,none,train,033582fc8df21e29,jpeg90
0,coco_train_reals,real,none,train,033582fc8df21e29,jpeg50
0,coco_train_reals,real,none,train,033582fc8df21e29,noise002
0,coco_train_reals,real,none,train,882699be69625a61,clean
0,coco_train_reals,real,none,train,882699be69625a61,jpeg70
0,coco_train_reals,real,none,train,882699be69625a61,jpeg50
0,coco_train_reals,real,none,train,882699be69625a61,blur05
0,coco_train_reals,real,none,train,3479af891f3f27e3,clean
0,coco_train_reals,real,none,train,3479af891f3f27e3,jpeg90
0,coco_train_reals,real,none,train,3479af891f3f27e3,jpeg70
0,coco_train_reals,real,none,train,3479af891f3f27e3,blur10
0,coco_train_reals,real,none,train,4b651573d566a464,clean
0,coco_train_reals,real,none,train,4b651573d566a464,jpeg70
0,coco_train_reals,real,none,train,4b651573d566a464,jpeg30
0,coco_train_reals,real,none,train,4b651573d566a464,noise01
0,coco_train_reals,real,none,train,d5dab62bb7a87805,clean
0,coco_train_reals,real,none,train,d5dab62bb7a87805,jpeg90
0,coco_train_reals,real,none,train,d5dab62bb7a87805,blur05
0,coco_train_reals,real,none,train,d5dab62bb7a87805,resize05
0,coco_train_reals,real,none,train,6cd817f819b1448d,clean
0,coco_train_reals,real,none,train,6cd817f819b1448d,jpeg50
0,coco_train_reals,real,none,train,6cd817f819b1448d,blur05
0,coco_train_reals,real,none,train,6cd817f819b1448d,blur10
0,coco_train_reals,real,none,train,c065937a0066036a,clean
0,coco_train_reals,real,none,train,c065937a0066036a,jpeg90
0,coco_train_reals,real,none,train,c065937a0066036a,jpeg70
0,coco_train_reals,real,none,train,c065937a0066036a,blur10
0,coco_train_reals,real,none,train,2309a3010459cd1c,clean
0,coco_train_reals,real,none,train,2309a3010459cd1c,blur10
0,coco_train_reals,real,none,train,2309a3010459cd1c,noise002
0,coco_train_reals,real,none,train,2309a3010459cd1c,jitter02
0,coco_train_reals,real,none,train,b971b2ce621a30b1,clean
0,coco_train_reals,real,none,train,b971b2ce621a30b1,jpeg90
0,coco_train_reals,real,none,train,b971b2ce621a30b1,jpeg30
0,coco_train_reals,real,none,train,b971b2ce621a30b1,crop08
0,coco_train_reals,real,none,train,0186f833b15f5c11,clean
0,coco_train_reals,real,none,train,0186f833b15f5c11,resize05
0,coco_train_reals,real,none,train,0186f833b15f5c11,noise002
0,coco_train_reals,real,none,train,0186f833b15f5c11,noise01
0,coco_train_reals,real,none,train,6b2758119bb27d5e,clean
0,coco_train_reals,real,none,train,6b2758119bb27d5e,jpeg70
0,coco_train_reals,real,none,train,6b2758119bb27d5e,jpeg30
0,coco_train_reals,real,none,train,6b2758119bb27d5e,blur05
0,coco_train_reals,real,none,train,a04c7de453a94555,clean
0,coco_train_reals,real,none,train,a04c7de453a94555,jpeg50
0,coco_train_reals,real,none,train,a04c7de453a94555,blur05
0,coco_train_reals,real,none,train,a04c7de453a94555,crop08
0,coco_train_reals,real,none,train,ef695d397581f2c4,clean
0,coco_train_reals,real,none,train,ef695d397581f2c4,jpeg70
0,coco_train_reals,real,none,train,ef695d397581f2c4,jpeg50
0,coco_train_reals,real,none,train,ef695d397581f2c4,resize05
0,coco_train_reals,real,none,train,aa341ac6a90dd054,clean
0,coco_train_reals,real,none,train,aa341ac6a90dd054,blur20
0,coco_train_reals,real,none,train,aa341ac6a90dd054,noise002
0,coco_train_reals,real,none,train,aa341ac6a90dd054,noise005
0,coco_train_reals,real,none,train,cab7acbccfd26579,clean
0,coco_train_reals,real,none,train,cab7acbccfd26579,jpeg30
0,coco_train_reals,real,none,train,cab7acbccfd26579,noise002
0,coco_train_reals,real,none,train,cab7acbccfd26579,crop08
0,coco_train_reals,real,none,train,cffa39396602a1a0,clean
0,coco_train_reals,real,none,train,cffa39396602a1a0,jpeg50
0,coco_train_reals,real,none,train,cffa39396602a1a0,blur05
0,coco_train_reals,real,none,train,cffa39396602a1a0,blur20
0,coco_train_reals,real,none,train,de8b476f60721ae5,clean
0,coco_train_reals,real,none,train,de8b476f60721ae5,resize05
0,coco_train_reals,real,none,train,de8b476f60721ae5,resize025
0,coco_train_reals,real,none,train,de8b476f60721ae5,crop08
0,coco_train_reals,real,none,train,53892f7eba3eb581,clean
0,coco_train_reals,real,none,train,53892f7eba3eb581,blur10
0,coco_train_reals,real,none,train,53892f7eba3eb581,noise002
0,coco_train_reals,real,none,train,53892f7eba3eb581,crop08
0,coco_train_reals,real,none,train,930c4cce7b5a4e9e,clean
0,coco_train_reals,real,none,train,930c4cce7b5a4e9e,jpeg90
0,coco_train_reals,real,none,train,930c4cce7b5a4e9e,jpeg70
0,coco_train_reals,real,none,train,930c4cce7b5a4e9e,blur05
0,coco_train_reals,real,none,train,11a426f98c33fcb9,clean
0,coco_train_reals,real,none,train,11a426f98c33fcb9,jpeg30
0,coco_train_reals,real,none,train,11a426f98c33fcb9,blur05
0,coco_train_reals,real,none,train,11a426f98c33fcb9,noise01
0,coco_train_reals,real,none,train,944e9616a727e0a1,clean
0,coco_train_reals,real,none,train,944e9616a727e0a1,blur05
0,coco_train_reals,real,none,train,944e9616a727e0a1,blur20
0,coco_train_reals,real,none,train,944e9616a727e0a1,noise002
0,coco_train_reals,real,none,train,e79bc9d635b99cad,clean
0,coco_train_reals,real,none,train,e79bc9d635b99cad,blur05
0,coco_train_reals,real,none,train,e79bc9d635b99cad,noise002
0,coco_train_reals,real,none,train,e79bc9d635b99cad,noise005
0,coco_train_reals,real,none,train,2e68b88b29acca72,clean
0,coco_train_reals,real,none,train,2e68b88b29acca72,jpeg30
0,coco_train_reals,real,none,train,2e68b88b29acca72,resize025
0,coco_train_reals,real,none,train,2e68b88b29acca72,noise005
0,coco_train_reals,real,none,train,48da0a156331949f,clean
0,coco_train_reals,real,none,train,48da0a156331949f,jpeg90
0,coco_train_reals,real,none,train,48da0a156331949f,jpeg50
0,coco_train_reals,real,none,train,48da0a156331949f,noise002
0,coco_train_reals,real,none,train,becd00dc1d9f7a7f,clean
0,coco_train_reals,real,none,train,becd00dc1d9f7a7f,jpeg90
0,coco_train_reals,real,none,train,becd00dc1d9f7a7f,jpeg30
0,coco_train_reals,real,none,train,becd00dc1d9f7a7f,noise005
0,coco_train_reals,real,none,train,73fd90b6e2d22887,clean
0,coco_train_reals,real,none,train,73fd90b6e2d22887,resize05
0,coco_train_reals,real,none,train,73fd90b6e2d22887,resize025
0,coco_train_reals,real,none,train,73fd90b6e2d22887,noise01
0,coco_train_reals,real,none,train,3a828e32546845e5,clean
0,coco_train_reals,real,none,train,3a828e32546845e5,jpeg90
0,coco_train_reals,real,none,train,3a828e32546845e5,blur05
0,coco_train_reals,real,none,train,3a828e32546845e5,resize025
0,coco_train_reals,real,none,train,201b32af7ac60ed1,clean
0,coco_train_reals,real,none,train,201b32af7ac60ed1,jpeg30
0,coco_train_reals,real,none,train,201b32af7ac60ed1,blur05
0,coco_train_reals,real,none,train,201b32af7ac60ed1,noise01
0,coco_train_reals,real,none,train,3a03a02859dbcceb,clean
0,coco_train_reals,real,none,train,3a03a02859dbcceb,jpeg90
0,coco_train_reals,real,none,train,3a03a02859dbcceb,noise002
0,coco_train_reals,real,none,train,3a03a02859dbcceb,jitter02
0,coco_train_reals,real,none,train,8229811b9d5eda33,clean
0,coco_train_reals,real,none,train,8229811b9d5eda33,resize025
0,coco_train_reals,real,none,train,8229811b9d5eda33,noise01
0,coco_train_reals,real,none,train,8229811b9d5eda33,jitter02
0,coco_train_reals,real,none,train,6678d0124b8cb7ed,clean
0,coco_train_reals,real,none,train,6678d0124b8cb7ed,jpeg90
0,coco_train_reals,real,none,train,6678d0124b8cb7ed,noise002
0,coco_train_reals,real,none,train,6678d0124b8cb7ed,noise01
0,coco_train_reals,real,none,train,32c49c146ce931b5,clean
0,coco_train_reals,real,none,train,32c49c146ce931b5,jpeg90
0,coco_train_reals,real,none,train,32c49c146ce931b5,jpeg50
0,coco_train_reals,real,none,train,32c49c146ce931b5,blur20
0,coco_train_reals,real,none,train,2687c0545ec6d66d,clean
0,coco_train_reals,real,none,train,2687c0545ec6d66d,jpeg70
0,coco_train_reals,real,none,train,2687c0545ec6d66d,blur10
0,coco_train_reals,real,none,train,2687c0545ec6d66d,blur20
0,coco_train_reals,real,none,train,35d3a65cd38ebd80,clean
0,coco_train_reals,real,none,train,35d3a65cd38ebd80,jpeg50
0,coco_train_reals,real,none,train,35d3a65cd38ebd80,blur10
0,coco_train_reals,real,none,train,35d3a65cd38ebd80,resize05
0,coco_train_reals,real,none,train,df6cd529cf57ef6f,clean
0,coco_train_reals,real,none,train,df6cd529cf57ef6f,jpeg70
0,coco_train_reals,real,none,train,df6cd529cf57ef6f,jpeg30
0,coco_train_reals,real,none,train,df6cd529cf57ef6f,noise005
0,coco_train_reals,real,none,train,1e7822ddf4b5ed75,clean
0,coco_train_reals,real,none,train,1e7822ddf4b5ed75,blur05
0,coco_train_reals,real,none,train,1e7822ddf4b5ed75,blur20
0,coco_train_reals,real,none,train,1e7822ddf4b5ed75,noise005
0,coco_train_reals,real,none,train,884ba234505a8cf7,clean
0,coco_train_reals,real,none,train,884ba234505a8cf7,blur10
0,coco_train_reals,real,none,train,884ba234505a8cf7,resize025
0,coco_train_reals,real,none,train,884ba234505a8cf7,noise01
0,coco_train_reals,real,none,train,4f8c50bf486ecb0a,clean
0,coco_train_reals,real,none,train,4f8c50bf486ecb0a,blur20
0,coco_train_reals,real,none,train,4f8c50bf486ecb0a,resize05
0,coco_train_reals,real,none,train,4f8c50bf486ecb0a,jitter02
0,coco_train_reals,real,none,train,85a56c3ee7237b72,clean
0,coco_train_reals,real,none,train,85a56c3ee7237b72,blur10
0,coco_train_reals,real,none,train,85a56c3ee7237b72,resize05
0,coco_train_reals,real,none,train,85a56c3ee7237b72,jitter02
0,coco_train_reals,real,none,train,e5354d8b0dd242a7,clean
0,coco_train_reals,real,none,train,e5354d8b0dd242a7,jpeg70
0,coco_train_reals,real,none,train,e5354d8b0dd242a7,jpeg30
0,coco_train_reals,real,none,train,e5354d8b0dd242a7,noise01
0,coco_train_reals,real,none,train,7f3ecd54edc2ce7d,clean
0,coco_train_reals,real,none,train,7f3ecd54edc2ce7d,jpeg90
0,coco_train_reals,real,none,train,7f3ecd54edc2ce7d,noise002
0,coco_train_reals,real,none,train,7f3ecd54edc2ce7d,jitter02
0,coco_train_reals,real,none,train,1183feb18dfb3d09,clean
0,coco_train_reals,real,none,train,1183feb18dfb3d09,blur05
0,coco_train_reals,real,none,train,1183feb18dfb3d09,noise01
0,coco_train_reals,real,none,train,1183feb18dfb3d09,crop08
0,coco_train_reals,real,none,train,07d6daa5d82e7865,clean
0,coco_train_reals,real,none,train,07d6daa5d82e7865,jpeg90
0,coco_train_reals,real,none,train,07d6daa5d82e7865,jpeg30
0,coco_train_reals,real,none,train,07d6daa5d82e7865,crop08
0,coco_train_reals,real,none,train,95b9a7fb809b438c,clean
0,coco_train_reals,real,none,train,95b9a7fb809b438c,blur20
0,coco_train_reals,real,none,train,95b9a7fb809b438c,noise002
0,coco_train_reals,real,none,train,95b9a7fb809b438c,jitter02
0,coco_train_reals,real,none,train,af5a524ebabef0fd,clean
0,coco_train_reals,real,none,train,af5a524ebabef0fd,resize025
0,coco_train_reals,real,none,train,af5a524ebabef0fd,noise01
0,coco_train_reals,real,none,train,af5a524ebabef0fd,crop08
0,coco_train_reals,real,none,train,6d12e91af6377889,clean
0,coco_train_reals,real,none,train,6d12e91af6377889,blur20
0,coco_train_reals,real,none,train,6d12e91af6377889,resize025
0,coco_train_reals,real,none,train,6d12e91af6377889,noise01
0,coco_train_reals,real,none,train,788de0822de038ce,clean
0,coco_train_reals,real,none,train,788de0822de038ce,blur05
0,coco_train_reals,real,none,train,788de0822de038ce,noise002
0,coco_train_reals,real,none,train,788de0822de038ce,noise005
0,coco_train_reals,real,none,train,5cc5c32501b3a3c1,clean
0,coco_train_reals,real,none,train,5cc5c32501b3a3c1,jpeg90
0,coco_train_reals,real,none,train,5cc5c32501b3a3c1,jpeg50
0,coco_train_reals,real,none,train,5cc5c32501b3a3c1,resize05
0,coco_train_reals,real,none,train,6819e6f90742e8a0,clean
0,coco_train_reals,real,none,train,6819e6f90742e8a0,jpeg90
0,coco_train_reals,real,none,train,6819e6f90742e8a0,jpeg50
0,coco_train_reals,real,none,train,6819e6f90742e8a0,blur05
0,coco_train_reals,real,none,train,01499360ae97a1f5,clean
0,coco_train_reals,real,none,train,01499360ae97a1f5,jpeg70
0,coco_train_reals,real,none,train,01499360ae97a1f5,blur05
0,coco_train_reals,real,none,train,01499360ae97a1f5,noise01
0,coco_train_reals,real,none,train,8d3563bb2b899dba,clean
0,coco_train_reals,real,none,train,8d3563bb2b899dba,blur05
0,coco_train_reals,real,none,train,8d3563bb2b899dba,blur10
0,coco_train_reals,real,none,train,8d3563bb2b899dba,noise01
0,coco_train_reals,real,none,train,1116fd08765e7ec6,clean
0,coco_train_reals,real,none,train,1116fd08765e7ec6,jpeg30
0,coco_train_reals,real,none,train,1116fd08765e7ec6,noise002
0,coco_train_reals,real,none,train,1116fd08765e7ec6,noise01
0,coco_train_reals,real,none,train,f08f0455ca20019a,clean
0,coco_train_reals,real,none,train,f08f0455ca20019a,jpeg30
0,coco_train_reals,real,none,train,f08f0455ca20019a,blur20
0,coco_train_reals,real,none,train,f08f0455ca20019a,noise002
0,coco_train_reals,real,none,train,8a373353a751d26e,clean
0,coco_train_reals,real,none,train,8a373353a751d26e,jpeg90
0,coco_train_reals,real,none,train,8a373353a751d26e,jpeg70
0,coco_train_reals,real,none,train,8a373353a751d26e,crop08
0,coco_train_reals,real,none,train,5f8cfae74a284dc8,clean
0,coco_train_reals,real,none,train,5f8cfae74a284dc8,jpeg90
0,coco_train_reals,real,none,train,5f8cfae74a284dc8,noise01
0,coco_train_reals,real,none,train,5f8cfae74a284dc8,crop08
0,coco_train_reals,real,none,train,9c2d7feb63083059,clean
0,coco_train_reals,real,none,train,9c2d7feb63083059,jpeg90
0,coco_train_reals,real,none,train,9c2d7feb63083059,jpeg30
0,coco_train_reals,real,none,train,9c2d7feb63083059,blur20
0,coco_train_reals,real,none,train,0481b27ba099dfa3,clean
0,coco_train_reals,real,none,train,0481b27ba099dfa3,blur10
0,coco_train_reals,real,none,train,0481b27ba099dfa3,noise002
0,coco_train_reals,real,none,train,0481b27ba099dfa3,noise01
0,coco_train_reals,real,none,train,6f164cd6f4ddcee6,clean
0,coco_train_reals,real,none,train,6f164cd6f4ddcee6,resize05
0,coco_train_reals,real,none,train,6f164cd6f4ddcee6,noise002
0,coco_train_reals,real,none,train,6f164cd6f4ddcee6,noise005
0,coco_train_reals,real,none,train,635cbb049fe5c67c,clean
0,coco_train_reals,real,none,train,635cbb049fe5c67c,jpeg70
0,coco_train_reals,real,none,train,635cbb049fe5c67c,jpeg30
0,coco_train_reals,real,none,train,635cbb049fe5c67c,noise01
0,coco_train_reals,real,none,train,5ce70a79202e265c,clean
0,coco_train_reals,real,none,train,5ce70a79202e265c,jpeg70
0,coco_train_reals,real,none,train,5ce70a79202e265c,noise01
0,coco_train_reals,real,none,train,5ce70a79202e265c,crop08
0,coco_train_reals,real,none,train,96425ab9c05d787a,clean
0,coco_train_reals,real,none,train,96425ab9c05d787a,blur20
0,coco_train_reals,real,none,train,96425ab9c05d787a,noise002
0,coco_train_reals,real,none,train,96425ab9c05d787a,noise005
0,coco_train_reals,real,none,train,dc2d554994f044be,clean
0,coco_train_reals,real,none,train,dc2d554994f044be,jpeg30
0,coco_train_reals,real,none,train,dc2d554994f044be,blur20
0,coco_train_reals,real,none,train,dc2d554994f044be,jitter02
0,coco_train_reals,real,none,train,42198a23eebc9155,clean
0,coco_train_reals,real,none,train,42198a23eebc9155,jpeg90
0,coco_train_reals,real,none,train,42198a23eebc9155,jpeg70
0,coco_train_reals,real,none,train,42198a23eebc9155,blur20
0,coco_train_reals,real,none,train,ca0ab89dcef0c23d,clean
0,coco_train_reals,real,none,train,ca0ab89dcef0c23d,blur10
0,coco_train_reals,real,none,train,ca0ab89dcef0c23d,noise005
0,coco_train_reals,real,none,train,ca0ab89dcef0c23d,noise01
0,coco_train_reals,real,none,train,41d55d23ea5fc9b5,clean
0,coco_train_reals,real,none,train,41d55d23ea5fc9b5,blur05
0,coco_train_reals,real,none,train,41d55d23ea5fc9b5,resize05
0,coco_train_reals,real,none,train,41d55d23ea5fc9b5,noise005
0,coco_train_reals,real,none,train,2b96833c0bb34aa5,clean
0,coco_train_reals,real,none,train,2b96833c0bb34aa5,jpeg50
0,coco_train_reals,real,none,train,2b96833c0bb34aa5,blur20
0,coco_train_reals,real,none,train,2b96833c0bb34aa5,resize025
0,coco_train_reals,real,none,train,d82548cdfaa3e8ad,clean
0,coco_train_reals,real,none,train,d82548cdfaa3e8ad,jpeg30
0,coco_train_reals,real,none,train,d82548cdfaa3e8ad,blur20
0,coco_train_reals,real,none,train,d82548cdfaa3e8ad,resize025
0,coco_train_reals,real,none,train,67256cda0fdc4c61,clean
0,coco_train_reals,real,none,train,67256cda0fdc4c61,jpeg70
0,coco_train_reals,real,none,train,67256cda0fdc4c61,blur20
0,coco_train_reals,real,none,train,67256cda0fdc4c61,jitter02
0,coco_train_reals,real,none,train,a0766c4b8e445c6d,clean
0,coco_train_reals,real,none,train,a0766c4b8e445c6d,jpeg90
0,coco_train_reals,real,none,train,a0766c4b8e445c6d,jpeg50
0,coco_train_reals,real,none,train,a0766c4b8e445c6d,noise01
0,coco_train_reals,real,none,train,112d786131b1ee34,clean
0,coco_train_reals,real,none,train,112d786131b1ee34,blur10
0,coco_train_reals,real,none,train,112d786131b1ee34,resize025
0,coco_train_reals,real,none,train,112d786131b1ee34,noise01
0,coco_train_reals,real,none,train,b1053a10d4f7b85c,clean
0,coco_train_reals,real,none,train,b1053a10d4f7b85c,blur05
0,coco_train_reals,real,none,train,b1053a10d4f7b85c,blur20
0,coco_train_reals,real,none,train,b1053a10d4f7b85c,noise002
0,coco_train_reals,real,none,train,baf623f93503aa3e,clean
0,coco_train_reals,real,none,train,baf623f93503aa3e,jpeg70
0,coco_train_reals,real,none,train,baf623f93503aa3e,resize05
0,coco_train_reals,real,none,train,baf623f93503aa3e,resize025
0,coco_train_reals,real,none,train,9fa1d125cab2bee7,clean
0,coco_train_reals,real,none,train,9fa1d125cab2bee7,jpeg70
0,coco_train_reals,real,none,train,9fa1d125cab2bee7,blur10
0,coco_train_reals,real,none,train,9fa1d125cab2bee7,resize025
0,coco_train_reals,real,none,train,be62bb6ba4661564,clean
0,coco_train_reals,real,none,train,be62bb6ba4661564,jpeg70
0,coco_train_reals,real,none,train,be62bb6ba4661564,blur20
0,coco_train_reals,real,none,train,be62bb6ba4661564,crop08
0,coco_train_reals,real,none,train,33316eee17913144,clean
0,coco_train_reals,real,none,train,33316eee17913144,jpeg50
0,coco_train_reals,real,none,train,33316eee17913144,jpeg30
0,coco_train_reals,real,none,train,33316eee17913144,noise01
0,coco_train_reals,real,none,train,36b90214940f1184,clean
0,coco_train_reals,real,none,train,36b90214940f1184,jpeg90
0,coco_train_reals,real,none,train,36b90214940f1184,blur05
0,coco_train_reals,real,none,train,36b90214940f1184,blur10
0,coco_train_reals,real,none,train,9eb73f44c6a4408c,clean
0,coco_train_reals,real,none,train,9eb73f44c6a4408c,jpeg50
0,coco_train_reals,real,none,train,9eb73f44c6a4408c,blur05
0,coco_train_reals,real,none,train,9eb73f44c6a4408c,jitter02
0,coco_train_reals,real,none,train,d48ae2cd7a13f016,clean
0,coco_train_reals,real,none,train,d48ae2cd7a13f016,jpeg30
0,coco_train_reals,real,none,train,d48ae2cd7a13f016,blur05
0,coco_train_reals,real,none,train,d48ae2cd7a13f016,resize05
0,coco_train_reals,real,none,train,582ff6687ad81930,clean
0,coco_train_reals,real,none,train,582ff6687ad81930,jpeg70
0,coco_train_reals,real,none,train,582ff6687ad81930,blur05
0,coco_train_reals,real,none,train,582ff6687ad81930,noise005
0,coco_train_reals,real,none,train,d98a80992dd3ed29,clean
0,coco_train_reals,real,none,train,d98a80992dd3ed29,jpeg70
0,coco_train_reals,real,none,train,d98a80992dd3ed29,blur10
0,coco_train_reals,real,none,train,d98a80992dd3ed29,noise002
0,coco_train_reals,real,none,train,67f325f782b3c194,clean
0,coco_train_reals,real,none,train,67f325f782b3c194,jpeg90
0,coco_train_reals,real,none,train,67f325f782b3c194,blur10
0,coco_train_reals,real,none,train,67f325f782b3c194,resize05
0,coco_train_reals,real,none,train,7881fd6c9500ac0c,clean
0,coco_train_reals,real,none,train,7881fd6c9500ac0c,jpeg70
0,coco_train_reals,real,none,train,7881fd6c9500ac0c,blur20
0,coco_train_reals,real,none,train,7881fd6c9500ac0c,noise005
0,coco_train_reals,real,none,train,5627ee10affe7019,clean
0,coco_train_reals,real,none,train,5627ee10affe7019,jpeg70
0,coco_train_reals,real,none,train,5627ee10affe7019,noise01
0,coco_train_reals,real,none,train,5627ee10affe7019,crop08
0,coco_train_reals,real,none,train,66fbf698c83505ac,clean
0,coco_train_reals,real,none,train,66fbf698c83505ac,jpeg30
0,coco_train_reals,real,none,train,66fbf698c83505ac,blur05
0,coco_train_reals,real,none,train,66fbf698c83505ac,resize05
0,coco_train_reals,real,none,train,e41e6e140fb92a37,clean
0,coco_train_reals,real,none,train,e41e6e140fb92a37,jpeg70
0,coco_train_reals,real,none,train,e41e6e140fb92a37,noise002
0,coco_train_reals,real,none,train,e41e6e140fb92a37,jitter02
0,coco_train_reals,real,none,train,b0550a047c66251c,clean
0,coco_train_reals,real,none,train,b0550a047c66251c,blur10
0,coco_train_reals,real,none,train,b0550a047c66251c,noise005
0,coco_train_reals,real,none,train,b0550a047c66251c,noise01
0,coco_train_reals,real,none,train,9dab95b29d44d9ba,clean
0,coco_train_reals,real,none,train,9dab95b29d44d9ba,jpeg30
0,coco_train_reals,real,none,train,9dab95b29d44d9ba,blur05
0,coco_train_reals,real,none,train,9dab95b29d44d9ba,resize025
0,coco_train_reals,real,none,train,dce1e42b6ce821dc,clean
0,coco_train_reals,real,none,train,dce1e42b6ce821dc,jpeg90
0,coco_train_reals,real,none,train,dce1e42b6ce821dc,jpeg70
0,coco_train_reals,real,none,train,dce1e42b6ce821dc,jpeg30
0,coco_train_reals,real,none,train,88b13f9be5e75615,clean
0,coco_train_reals,real,none,train,88b13f9be5e75615,noise002
0,coco_train_reals,real,none,train,88b13f9be5e75615,jitter02
0,coco_train_reals,real,none,train,88b13f9be5e75615,crop08
0,coco_train_reals,real,none,train,9949f92af77ab533,clean
0,coco_train_reals,real,none,train,9949f92af77ab533,jpeg90
0,coco_train_reals,real,none,train,9949f92af77ab533,noise002
0,coco_train_reals,real,none,train,9949f92af77ab533,noise01
0,coco_train_reals,real,none,train,318fe01bce080a48,clean
0,coco_train_reals,real,none,train,318fe01bce080a48,blur05
0,coco_train_reals,real,none,train,318fe01bce080a48,blur20
0,coco_train_reals,real,none,train,318fe01bce080a48,jitter02
0,coco_train_reals,real,none,train,d699d6b7a919e8db,clean
0,coco_train_reals,real,none,train,d699d6b7a919e8db,jpeg30
0,coco_train_reals,real,none,train,d699d6b7a919e8db,blur05
0,coco_train_reals,real,none,train,d699d6b7a919e8db,resize05
0,coco_train_reals,real,none,train,a64fbe3fbb1f3dae,clean
0,coco_train_reals,real,none,train,a64fbe3fbb1f3dae,jpeg70
0,coco_train_reals,real,none,train,a64fbe3fbb1f3dae,jpeg30
0,coco_train_reals,real,none,train,a64fbe3fbb1f3dae,jitter02
0,coco_train_reals,real,none,train,870504d12230235b,clean
0,coco_train_reals,real,none,train,870504d12230235b,jpeg90
0,coco_train_reals,real,none,train,870504d12230235b,jpeg30
0,coco_train_reals,real,none,train,870504d12230235b,noise01
0,coco_train_reals,real,none,train,121c60f2417bda3f,clean
0,coco_train_reals,real,none,train,121c60f2417bda3f,blur10
0,coco_train_reals,real,none,train,121c60f2417bda3f,noise002
0,coco_train_reals,real,none,train,121c60f2417bda3f,jitter02
0,coco_train_reals,real,none,train,d088a80a4f604535,clean
0,coco_train_reals,real,none,train,d088a80a4f604535,blur05
0,coco_train_reals,real,none,train,d088a80a4f604535,noise005
0,coco_train_reals,real,none,train,d088a80a4f604535,crop08
0,coco_train_reals,real,none,train,942b525569c62ba7,clean
0,coco_train_reals,real,none,train,942b525569c62ba7,resize05
0,coco_train_reals,real,none,train,942b525569c62ba7,noise002
0,coco_train_reals,real,none,train,942b525569c62ba7,jitter02
0,coco_train_reals,real,none,train,97cfd9a86d215dea,clean
0,coco_train_reals,real,none,train,97cfd9a86d215dea,blur20
0,coco_train_reals,real,none,train,97cfd9a86d215dea,resize025
0,coco_train_reals,real,none,train,97cfd9a86d215dea,jitter02
0,coco_train_reals,real,none,train,9eb1405313dcbb41,clean
0,coco_train_reals,real,none,train,9eb1405313dcbb41,jpeg70
0,coco_train_reals,real,none,train,9eb1405313dcbb41,blur05
0,coco_train_reals,real,none,train,9eb1405313dcbb41,blur20
0,coco_train_reals,real,none,train,09050bfba30ccdff,clean
0,coco_train_reals,real,none,train,09050bfba30ccdff,blur20
0,coco_train_reals,real,none,train,09050bfba30ccdff,resize05
0,coco_train_reals,real,none,train,09050bfba30ccdff,jitter02
0,coco_train_reals,real,none,train,43c22c5abe987037,clean
0,coco_train_reals,real,none,train,43c22c5abe987037,jpeg70
0,coco_train_reals,real,none,train,43c22c5abe987037,blur05
0,coco_train_reals,real,none,train,43c22c5abe987037,noise002
0,coco_train_reals,real,none,train,99c7e215112f3f57,clean
0,coco_train_reals,real,none,train,99c7e215112f3f57,jpeg50
0,coco_train_reals,real,none,train,99c7e215112f3f57,resize025
0,coco_train_reals,real,none,train,99c7e215112f3f57,noise01
0,coco_train_reals,real,none,train,578da47397d3a421,clean
0,coco_train_reals,real,none,train,578da47397d3a421,jpeg90
0,coco_train_reals,real,none,train,578da47397d3a421,blur10
0,coco_train_reals,real,none,train,578da47397d3a421,noise01
0,coco_train_reals,real,none,train,f6b76b437482118d,clean
0,coco_train_reals,real,none,train,f6b76b437482118d,jpeg50
0,coco_train_reals,real,none,train,f6b76b437482118d,blur10
0,coco_train_reals,real,none,train,f6b76b437482118d,blur20
0,coco_train_reals,real,none,train,30cddf543e1cbf81,clean
0,coco_train_reals,real,none,train,30cddf543e1cbf81,jpeg90
0,coco_train_reals,real,none,train,30cddf543e1cbf81,blur05
0,coco_train_reals,real,none,train,30cddf543e1cbf81,crop08
0,coco_train_reals,real,none,train,435489741b6534d3,clean
0,coco_train_reals,real,none,train,435489741b6534d3,blur10
0,coco_train_reals,real,none,train,435489741b6534d3,blur20
0,coco_train_reals,real,none,train,435489741b6534d3,noise005
0,coco_train_reals,real,none,train,2a7fbb704a58ac02,clean
0,coco_train_reals,real,none,train,2a7fbb704a58ac02,blur05
0,coco_train_reals,real,none,train,2a7fbb704a58ac02,blur10
0,coco_train_reals,real,none,train,2a7fbb704a58ac02,jitter02
0,coco_train_reals,real,none,train,49c130482d26b99d,clean
0,coco_train_reals,real,none,train,49c130482d26b99d,jpeg90
0,coco_train_reals,real,none,train,49c130482d26b99d,blur10
0,coco_train_reals,real,none,train,49c130482d26b99d,noise002
0,coco_train_reals,real,none,train,40e2e2447620628f,clean
0,coco_train_reals,real,none,train,40e2e2447620628f,jpeg50
0,coco_train_reals,real,none,train,40e2e2447620628f,jpeg30
0,coco_train_reals,real,none,train,40e2e2447620628f,jitter02
0,coco_train_reals,real,none,train,937505863603f76c,clean
0,coco_train_reals,real,none,train,937505863603f76c,jpeg70
0,coco_train_reals,real,none,train,937505863603f76c,blur10
0,coco_train_reals,real,none,train,937505863603f76c,jitter02
0,coco_train_reals,real,none,train,2debfaab4eee51f9,clean
0,coco_train_reals,real,none,train,2debfaab4eee51f9,blur05
0,coco_train_reals,real,none,train,2debfaab4eee51f9,resize025
0,coco_train_reals,real,none,train,2debfaab4eee51f9,noise005
0,coco_train_reals,real,none,train,51f242dd3590e72e,clean
0,coco_train_reals,real,none,train,51f242dd3590e72e,blur20
0,coco_train_reals,real,none,train,51f242dd3590e72e,resize025
0,coco_train_reals,real,none,train,51f242dd3590e72e,noise002
0,coco_train_reals,real,none,train,fcbf00776d3d4efe,clean
0,coco_train_reals,real,none,train,fcbf00776d3d4efe,jpeg90
0,coco_train_reals,real,none,train,fcbf00776d3d4efe,blur05
0,coco_train_reals,real,none,train,fcbf00776d3d4efe,noise005
0,coco_train_reals,real,none,train,792ae753b304d069,clean
0,coco_train_reals,real,none,train,792ae753b304d069,blur10
0,coco_train_reals,real,none,train,792ae753b304d069,resize025
0,coco_train_reals,real,none,train,792ae753b304d069,noise005
0,coco_train_reals,real,none,train,6aee1e8ddca5a59b,clean
0,coco_train_reals,real,none,train,6aee1e8ddca5a59b,jpeg30
0,coco_train_reals,real,none,train,6aee1e8ddca5a59b,blur10
0,coco_train_reals,real,none,train,6aee1e8ddca5a59b,resize05
0,coco_train_reals,real,none,train,06b3f9501ab237b7,clean
0,coco_train_reals,real,none,train,06b3f9501ab237b7,jpeg70
0,coco_train_reals,real,none,train,06b3f9501ab237b7,blur10
0,coco_train_reals,real,none,train,06b3f9501ab237b7,crop08
0,coco_train_reals,real,none,train,0e91bdbd8c2b5e9b,clean
0,coco_train_reals,real,none,train,0e91bdbd8c2b5e9b,blur20
0,coco_train_reals,real,none,train,0e91bdbd8c2b5e9b,jitter02
0,coco_train_reals,real,none,train,0e91bdbd8c2b5e9b,crop08
0,coco_train_reals,real,none,train,a9625fbe99ff8403,clean
0,coco_train_reals,real,none,train,a9625fbe99ff8403,blur20
0,coco_train_reals,real,none,train,a9625fbe99ff8403,noise01
0,coco_train_reals,real,none,train,a9625fbe99ff8403,crop08
0,coco_train_reals,real,none,train,14091bd2e4d9d178,clean
0,coco_train_reals,real,none,train,14091bd2e4d9d178,jpeg50
0,coco_train_reals,real,none,train,14091bd2e4d9d178,blur10
0,coco_train_reals,real,none,train,14091bd2e4d9d178,jitter02
0,coco_train_reals,real,none,train,aa7aa756a2bd5508,clean
0,coco_train_reals,real,none,train,aa7aa756a2bd5508,blur05
0,coco_train_reals,real,none,train,aa7aa756a2bd5508,noise01
0,coco_train_reals,real,none,train,aa7aa756a2bd5508,crop08
0,coco_train_reals,real,none,train,2ffaaaab2fc3217c,clean
0,coco_train_reals,real,none,train,2ffaaaab2fc3217c,jpeg30
0,coco_train_reals,real,none,train,2ffaaaab2fc3217c,blur10
0,coco_train_reals,real,none,train,2ffaaaab2fc3217c,noise002
0,coco_train_reals,real,none,train,0b82fc91fd59d50f,clean
0,coco_train_reals,real,none,train,0b82fc91fd59d50f,jpeg50
0,coco_train_reals,real,none,train,0b82fc91fd59d50f,blur10
0,coco_train_reals,real,none,train,0b82fc91fd59d50f,noise005
0,coco_train_reals,real,none,train,f102fdadde62acf2,clean
0,coco_train_reals,real,none,train,f102fdadde62acf2,jpeg70
0,coco_train_reals,real,none,train,f102fdadde62acf2,jpeg30
0,coco_train_reals,real,none,train,f102fdadde62acf2,blur05
0,coco_train_reals,real,none,train,a116e4f9ff994678,clean
0,coco_train_reals,real,none,train,a116e4f9ff994678,jpeg70
0,coco_train_reals,real,none,train,a116e4f9ff994678,blur05
0,coco_train_reals,real,none,train,a116e4f9ff994678,resize025
0,coco_train_reals,real,none,train,920dac4838104156,clean
0,coco_train_reals,real,none,train,920dac4838104156,noise002
0,coco_train_reals,real,none,train,920dac4838104156,noise01
0,coco_train_reals,real,none,train,920dac4838104156,crop08
0,coco_train_reals,real,none,train,f4f32c538b74ee3b,clean
0,coco_train_reals,real,none,train,f4f32c538b74ee3b,jpeg90
0,coco_train_reals,real,none,train,f4f32c538b74ee3b,resize025
0,coco_train_reals,real,none,train,f4f32c538b74ee3b,noise002
0,coco_train_reals,real,none,train,57792dd0d417f9ad,clean
0,coco_train_reals,real,none,train,57792dd0d417f9ad,resize025
0,coco_train_reals,real,none,train,57792dd0d417f9ad,noise01
0,coco_train_reals,real,none,train,57792dd0d417f9ad,crop08
0,coco_train_reals,real,none,train,c022725b1d06fbef,clean
0,coco_train_reals,real,none,train,c022725b1d06fbef,jpeg90
0,coco_train_reals,real,none,train,c022725b1d06fbef,jpeg70
0,coco_train_reals,real,none,train,c022725b1d06fbef,blur20
0,coco_train_reals,real,none,train,b7406954bc696ab9,clean
0,coco_train_reals,real,none,train,b7406954bc696ab9,jpeg30
0,coco_train_reals,real,none,train,b7406954bc696ab9,blur10
0,coco_train_reals,real,none,train,b7406954bc696ab9,jitter02
0,coco_train_reals,real,none,train,2244adacf44e0725,clean
0,coco_train_reals,real,none,train,2244adacf44e0725,jpeg30
0,coco_train_reals,real,none,train,2244adacf44e0725,noise002
0,coco_train_reals,real,none,train,2244adacf44e0725,noise005
0,coco_train_reals,real,none,train,8dd222eb3b6b0f98,clean
0,coco_train_reals,real,none,train,8dd222eb3b6b0f98,jpeg70
0,coco_train_reals,real,none,train,8dd222eb3b6b0f98,blur20
0,coco_train_reals,real,none,train,8dd222eb3b6b0f98,crop08
0,coco_train_reals,real,none,train,ea8506273a42210e,clean
0,coco_train_reals,real,none,train,ea8506273a42210e,jpeg50
0,coco_train_reals,real,none,train,ea8506273a42210e,resize025
0,coco_train_reals,real,none,train,ea8506273a42210e,noise005
0,coco_train_reals,real,none,train,909ede0a835b6075,clean
0,coco_train_reals,real,none,train,909ede0a835b6075,jpeg70
0,coco_train_reals,real,none,train,909ede0a835b6075,jpeg50
0,coco_train_reals,real,none,train,909ede0a835b6075,resize025
0,coco_train_reals,real,none,train,bf05ea673364b93b,clean
0,coco_train_reals,real,none,train,bf05ea673364b93b,jpeg50
0,coco_train_reals,real,none,train,bf05ea673364b93b,jpeg30
0,coco_train_reals,real,none,train,bf05ea673364b93b,jitter02
0,coco_train_reals,real,none,train,e145b7ba0f9f953e,clean
0,coco_train_reals,real,none,train,e145b7ba0f9f953e,jpeg30
0,coco_train_reals,real,none,train,e145b7ba0f9f953e,blur05
0,coco_train_reals,real,none,train,e145b7ba0f9f953e,resize025
0,coco_train_reals,real,none,train,576f762ce2c9214c,clean
0,coco_train_reals,real,none,train,576f762ce2c9214c,jpeg70
0,coco_train_reals,real,none,train,576f762ce2c9214c,blur05
0,coco_train_reals,real,none,train,576f762ce2c9214c,jitter02
0,coco_train_reals,real,none,train,cff7f4616262332d,clean
0,coco_train_reals,real,none,train,cff7f4616262332d,blur05
0,coco_train_reals,real,none,train,cff7f4616262332d,blur20
0,coco_train_reals,real,none,train,cff7f4616262332d,resize05
0,coco_train_reals,real,none,train,8e8391d8fb744c81,clean
0,coco_train_reals,real,none,train,8e8391d8fb744c81,jpeg30
0,coco_train_reals,real,none,train,8e8391d8fb744c81,blur10
0,coco_train_reals,real,none,train,8e8391d8fb744c81,noise01
0,coco_train_reals,real,none,train,4a77dc25b7feaf4d,clean
0,coco_train_reals,real,none,train,4a77dc25b7feaf4d,blur20
0,coco_train_reals,real,none,train,4a77dc25b7feaf4d,resize025
0,coco_train_reals,real,none,train,4a77dc25b7feaf4d,crop08
0,coco_train_reals,real,none,train,1962c3a7a0256ef3,clean
0,coco_train_reals,real,none,train,1962c3a7a0256ef3,jpeg50
0,coco_train_reals,real,none,train,1962c3a7a0256ef3,noise005
0,coco_train_reals,real,none,train,1962c3a7a0256ef3,crop08
0,coco_train_reals,real,none,train,221e4cba89ec2700,clean
0,coco_train_reals,real,none,train,221e4cba89ec2700,jpeg50
0,coco_train_reals,real,none,train,221e4cba89ec2700,blur20
0,coco_train_reals,real,none,train,221e4cba89ec2700,noise01
0,coco_train_reals,real,none,train,145a4fcd5a38aa2d,clean
0,coco_train_reals,real,none,train,145a4fcd5a38aa2d,blur10
0,coco_train_reals,real,none,train,145a4fcd5a38aa2d,resize025
0,coco_train_reals,real,none,train,145a4fcd5a38aa2d,crop08
0,coco_train_reals,real,none,train,113472b1558f5080,clean
0,coco_train_reals,real,none,train,113472b1558f5080,blur05
0,coco_train_reals,real,none,train,113472b1558f5080,noise005
0,coco_train_reals,real,none,train,113472b1558f5080,crop08
0,coco_train_reals,real,none,train,8674d755279909bf,clean
0,coco_train_reals,real,none,train,8674d755279909bf,jpeg30
0,coco_train_reals,real,none,train,8674d755279909bf,blur05
0,coco_train_reals,real,none,train,8674d755279909bf,blur10
0,coco_train_reals,real,none,train,8568484555f51d92,clean
0,coco_train_reals,real,none,train,8568484555f51d92,resize025
0,coco_train_reals,real,none,train,8568484555f51d92,noise002
0,coco_train_reals,real,none,train,8568484555f51d92,jitter02
0,coco_train_reals,real,none,train,190ba4d1c342c694,clean
0,coco_train_reals,real,none,train,190ba4d1c342c694,jpeg90
0,coco_train_reals,real,none,train,190ba4d1c342c694,jpeg30
0,coco_train_reals,real,none,train,190ba4d1c342c694,resize05
0,coco_train_reals,real,none,train,6c6798f35ecc3a06,clean
0,coco_train_reals,real,none,train,6c6798f35ecc3a06,jpeg50
0,coco_train_reals,real,none,train,6c6798f35ecc3a06,jpeg30
0,coco_train_reals,real,none,train,6c6798f35ecc3a06,resize05
0,coco_train_reals,real,none,train,8ebfebdfca730e77,clean
0,coco_train_reals,real,none,train,8ebfebdfca730e77,jpeg50
0,coco_train_reals,real,none,train,8ebfebdfca730e77,resize025
0,coco_train_reals,real,none,train,8ebfebdfca730e77,jitter02
0,coco_train_reals,real,none,train,0c970600468142cd,clean
0,coco_train_reals,real,none,train,0c970600468142cd,jpeg90
0,coco_train_reals,real,none,train,0c970600468142cd,blur20
0,coco_train_reals,real,none,train,0c970600468142cd,noise002
0,coco_train_reals,real,none,train,40341c91f3ed7036,clean
0,coco_train_reals,real,none,train,40341c91f3ed7036,jpeg90
0,coco_train_reals,real,none,train,40341c91f3ed7036,resize05
0,coco_train_reals,real,none,train,40341c91f3ed7036,jitter02
0,coco_train_reals,real,none,train,2e0866e660ce9a8b,clean
0,coco_train_reals,real,none,train,2e0866e660ce9a8b,jpeg50
0,coco_train_reals,real,none,train,2e0866e660ce9a8b,jpeg30
0,coco_train_reals,real,none,train,2e0866e660ce9a8b,blur05
0,coco_train_reals,real,none,train,07026e2920d64744,clean
0,coco_train_reals,real,none,train,07026e2920d64744,resize025
0,coco_train_reals,real,none,train,07026e2920d64744,noise005
0,coco_train_reals,real,none,train,07026e2920d64744,jitter02
0,coco_train_reals,real,none,train,6a2cb2f28947c9b5,clean
0,coco_train_reals,real,none,train,6a2cb2f28947c9b5,jpeg70
0,coco_train_reals,real,none,train,6a2cb2f28947c9b5,blur05
0,coco_train_reals,real,none,train,6a2cb2f28947c9b5,noise01
0,coco_train_reals,real,none,train,ef551e6833251005,clean
0,coco_train_reals,real,none,train,ef551e6833251005,blur10
0,coco_train_reals,real,none,train,ef551e6833251005,resize05
0,coco_train_reals,real,none,train,ef551e6833251005,noise01
0,coco_train_reals,real,none,train,9cb000f3931ebf52,clean
0,coco_train_reals,real,none,train,9cb000f3931ebf52,jpeg50
0,coco_train_reals,real,none,train,9cb000f3931ebf52,resize05
0,coco_train_reals,real,none,train,9cb000f3931ebf52,noise002
0,coco_train_reals,real,none,train,656b56c1dedbe029,clean
0,coco_train_reals,real,none,train,656b56c1dedbe029,blur10
0,coco_train_reals,real,none,train,656b56c1dedbe029,blur20
0,coco_train_reals,real,none,train,656b56c1dedbe029,resize025
0,coco_train_reals,real,none,train,6b93e488b2caf8a5,clean
0,coco_train_reals,real,none,train,6b93e488b2caf8a5,jpeg70
0,coco_train_reals,real,none,train,6b93e488b2caf8a5,blur10
0,coco_train_reals,real,none,train,6b93e488b2caf8a5,crop08
0,coco_train_reals,real,none,train,6ee02547c533658b,clean
0,coco_train_reals,real,none,train,6ee02547c533658b,noise002
0,coco_train_reals,real,none,train,6ee02547c533658b,noise005
0,coco_train_reals,real,none,train,6ee02547c533658b,crop08
0,coco_train_reals,real,none,train,fc7458194cc94bf2,clean
0,coco_train_reals,real,none,train,fc7458194cc94bf2,blur20
0,coco_train_reals,real,none,train,fc7458194cc94bf2,noise002
0,coco_train_reals,real,none,train,fc7458194cc94bf2,jitter02
0,coco_train_reals,real,none,train,bd8dc3f2bd2f4460,clean
0,coco_train_reals,real,none,train,bd8dc3f2bd2f4460,blur20
0,coco_train_reals,real,none,train,bd8dc3f2bd2f4460,resize05
0,coco_train_reals,real,none,train,bd8dc3f2bd2f4460,noise005
0,coco_train_reals,real,none,train,5952b54003cc2019,clean
0,coco_train_reals,real,none,train,5952b54003cc2019,jpeg30
0,coco_train_reals,real,none,train,5952b54003cc2019,noise01
0,coco_train_reals,real,none,train,5952b54003cc2019,jitter02
0,coco_train_reals,real,none,train,0b01e134973139ee,clean
0,coco_train_reals,real,none,train,0b01e134973139ee,jpeg90
0,coco_train_reals,real,none,train,0b01e134973139ee,blur05
0,coco_train_reals,real,none,train,0b01e134973139ee,resize025
0,coco_train_reals,real,none,train,0dafa9897f7a5ec9,clean
0,coco_train_reals,real,none,train,0dafa9897f7a5ec9,jpeg50
0,coco_train_reals,real,none,train,0dafa9897f7a5ec9,resize05
0,coco_train_reals,real,none,train,0dafa9897f7a5ec9,resize025
0,coco_train_reals,real,none,train,64ee11958b501201,clean
0,coco_train_reals,real,none,train,64ee11958b501201,blur10
0,coco_train_reals,real,none,train,64ee11958b501201,noise005
0,coco_train_reals,real,none,train,64ee11958b501201,jitter02
0,coco_train_reals,real,none,train,5d69d6f567f16dc4,clean
0,coco_train_reals,real,none,train,5d69d6f567f16dc4,noise005
0,coco_train_reals,real,none,train,5d69d6f567f16dc4,noise01
0,coco_train_reals,real,none,train,5d69d6f567f16dc4,jitter02
0,coco_train_reals,real,none,train,77e0f6d0a008b679,clean
0,coco_train_reals,real,none,train,77e0f6d0a008b679,noise002
0,coco_train_reals,real,none,train,77e0f6d0a008b679,noise005
0,coco_train_reals,real,none,train,77e0f6d0a008b679,noise01
0,coco_train_reals,real,none,train,42a62927c16e285d,clean
0,coco_train_reals,real,none,train,42a62927c16e285d,jpeg50
0,coco_train_reals,real,none,train,42a62927c16e285d,jpeg30
0,coco_train_reals,real,none,train,42a62927c16e285d,blur20
0,coco_train_reals,real,none,train,e2c648a227674b23,clean
0,coco_train_reals,real,none,train,e2c648a227674b23,jpeg50
0,coco_train_reals,real,none,train,e2c648a227674b23,noise002
0,coco_train_reals,real,none,train,e2c648a227674b23,jitter02
0,coco_train_reals,real,none,train,64edbd3f6448712c,clean
0,coco_train_reals,real,none,train,64edbd3f6448712c,jpeg70
0,coco_train_reals,real,none,train,64edbd3f6448712c,resize05
0,coco_train_reals,real,none,train,64edbd3f6448712c,noise002
0,coco_train_reals,real,none,train,9a31c7bbe8b7dc80,clean
0,coco_train_reals,real,none,train,9a31c7bbe8b7dc80,blur20
0,coco_train_reals,real,none,train,9a31c7bbe8b7dc80,noise002
0,coco_train_reals,real,none,train,9a31c7bbe8b7dc80,noise005
0,coco_train_reals,real,none,train,cf792cb5dff6c08c,clean
0,coco_train_reals,real,none,train,cf792cb5dff6c08c,jpeg30
0,coco_train_reals,real,none,train,cf792cb5dff6c08c,noise005
0,coco_train_reals,real,none,train,cf792cb5dff6c08c,noise01
0,coco_train_reals,real,none,train,e7f84bd6810ded09,clean
0,coco_train_reals,real,none,train,e7f84bd6810ded09,resize025
0,coco_train_reals,real,none,train,e7f84bd6810ded09,noise005
0,coco_train_reals,real,none,train,e7f84bd6810ded09,noise01
0,coco_train_reals,real,none,train,b0e788f50ebabd24,clean
0,coco_train_reals,real,none,train,b0e788f50ebabd24,jpeg70
0,coco_train_reals,real,none,train,b0e788f50ebabd24,jpeg50
0,coco_train_reals,real,none,train,b0e788f50ebabd24,blur05
0,coco_train_reals,real,none,train,cd708e1854c66a78,clean
0,coco_train_reals,real,none,train,cd708e1854c66a78,jpeg30
0,coco_train_reals,real,none,train,cd708e1854c66a78,blur05
0,coco_train_reals,real,none,train,cd708e1854c66a78,noise01
0,coco_train_reals,real,none,train,316bc26d9b0af2cc,clean
0,coco_train_reals,real,none,train,316bc26d9b0af2cc,jpeg50
0,coco_train_reals,real,none,train,316bc26d9b0af2cc,blur05
0,coco_train_reals,real,none,train,316bc26d9b0af2cc,noise01
0,coco_train_reals,real,none,train,79d0b3d582d89a57,clean
0,coco_train_reals,real,none,train,79d0b3d582d89a57,jpeg30
0,coco_train_reals,real,none,train,79d0b3d582d89a57,blur20
0,coco_train_reals,real,none,train,79d0b3d582d89a57,resize05
0,coco_train_reals,real,none,train,4f9fd45b6e535baa,clean
0,coco_train_reals,real,none,train,4f9fd45b6e535baa,jpeg50
0,coco_train_reals,real,none,train,4f9fd45b6e535baa,resize05
0,coco_train_reals,real,none,train,4f9fd45b6e535baa,crop08
0,coco_train_reals,real,none,train,2688c78252be9c3e,clean
0,coco_train_reals,real,none,train,2688c78252be9c3e,blur05
0,coco_train_reals,real,none,train,2688c78252be9c3e,blur20
0,coco_train_reals,real,none,train,2688c78252be9c3e,noise002
0,coco_train_reals,real,none,train,1d6888000bbf3dc7,clean
0,coco_train_reals,real,none,train,1d6888000bbf3dc7,jpeg90
0,coco_train_reals,real,none,train,1d6888000bbf3dc7,resize05
0,coco_train_reals,real,none,train,1d6888000bbf3dc7,resize025
0,coco_train_reals,real,none,train,6f8a80c1346f5f79,clean
0,coco_train_reals,real,none,train,6f8a80c1346f5f79,jpeg70
0,coco_train_reals,real,none,train,6f8a80c1346f5f79,jpeg50
0,coco_train_reals,real,none,train,6f8a80c1346f5f79,noise01
0,coco_train_reals,real,none,train,37f6eac7f095210a,clean
0,coco_train_reals,real,none,train,37f6eac7f095210a,jpeg90
0,coco_train_reals,real,none,train,37f6eac7f095210a,jpeg30
0,coco_train_reals,real,none,train,37f6eac7f095210a,resize05
0,coco_train_reals,real,none,train,9d8b6b291cb9c7b3,clean
0,coco_train_reals,real,none,train,9d8b6b291cb9c7b3,resize05
0,coco_train_reals,real,none,train,9d8b6b291cb9c7b3,noise005
0,coco_train_reals,real,none,train,9d8b6b291cb9c7b3,jitter02
0,coco_train_reals,real,none,train,561adfb78604ca22,clean
0,coco_train_reals,real,none,train,561adfb78604ca22,jpeg50
0,coco_train_reals,real,none,train,561adfb78604ca22,jpeg30
0,coco_train_reals,real,none,train,561adfb78604ca22,blur05
0,coco_train_reals,real,none,train,01c5909b55d8d25b,clean
0,coco_train_reals,real,none,train,01c5909b55d8d25b,jpeg90
0,coco_train_reals,real,none,train,01c5909b55d8d25b,blur05
0,coco_train_reals,real,none,train,01c5909b55d8d25b,crop08
0,coco_train_reals,real,none,train,5e7bb4aa8e70a80a,clean
0,coco_train_reals,real,none,train,5e7bb4aa8e70a80a,resize05
0,coco_train_reals,real,none,train,5e7bb4aa8e70a80a,noise002
0,coco_train_reals,real,none,train,5e7bb4aa8e70a80a,noise01
0,coco_train_reals,real,none,train,428103f8bf8d3c76,clean
0,coco_train_reals,real,none,train,428103f8bf8d3c76,jpeg70
0,coco_train_reals,real,none,train,428103f8bf8d3c76,noise002
0,coco_train_reals,real,none,train,428103f8bf8d3c76,noise01
0,coco_train_reals,real,none,train,b410f0553871a67b,clean
0,coco_train_reals,real,none,train,b410f0553871a67b,jpeg90
0,coco_train_reals,real,none,train,b410f0553871a67b,blur10
0,coco_train_reals,real,none,train,b410f0553871a67b,noise005
0,coco_train_reals,real,none,train,580af72edf3b4f47,clean
0,coco_train_reals,real,none,train,580af72edf3b4f47,jpeg90
0,coco_train_reals,real,none,train,580af72edf3b4f47,jpeg70
0,coco_train_reals,real,none,train,580af72edf3b4f47,resize025
0,coco_train_reals,real,none,train,5bbf636de03f0b03,clean
0,coco_train_reals,real,none,train,5bbf636de03f0b03,blur20
0,coco_train_reals,real,none,train,5bbf636de03f0b03,noise01
0,coco_train_reals,real,none,train,5bbf636de03f0b03,jitter02
0,coco_train_reals,real,none,train,2ce7da773bb8d586,clean
0,coco_train_reals,real,none,train,2ce7da773bb8d586,jpeg90
0,coco_train_reals,real,none,train,2ce7da773bb8d586,jpeg70
0,coco_train_reals,real,none,train,2ce7da773bb8d586,jpeg50
0,coco_train_reals,real,none,train,376e1cdf27f1aed0,clean
0,coco_train_reals,real,none,train,376e1cdf27f1aed0,jpeg90
0,coco_train_reals,real,none,train,376e1cdf27f1aed0,blur05
0,coco_train_reals,real,none,train,376e1cdf27f1aed0,noise01
0,coco_train_reals,real,none,train,bb7ccf4387e6661c,clean
0,coco_train_reals,real,none,train,bb7ccf4387e6661c,jpeg30
0,coco_train_reals,real,none,train,bb7ccf4387e6661c,blur20
0,coco_train_reals,real,none,train,bb7ccf4387e6661c,resize025
0,coco_train_reals,real,none,train,5c4504d516746bb7,clean
0,coco_train_reals,real,none,train,5c4504d516746bb7,jpeg70
0,coco_train_reals,real,none,train,5c4504d516746bb7,blur05
0,coco_train_reals,real,none,train,5c4504d516746bb7,resize025
0,coco_train_reals,real,none,train,0410ade8abf7a84e,clean
0,coco_train_reals,real,none,train,0410ade8abf7a84e,blur05
0,coco_train_reals,real,none,train,0410ade8abf7a84e,blur10
0,coco_train_reals,real,none,train,0410ade8abf7a84e,crop08
0,coco_train_reals,real,none,train,271cf8391a85ff90,clean
0,coco_train_reals,real,none,train,271cf8391a85ff90,jpeg30
0,coco_train_reals,real,none,train,271cf8391a85ff90,blur20
0,coco_train_reals,real,none,train,271cf8391a85ff90,resize025
0,coco_train_reals,real,none,train,f5a8ce3fc6e607e8,clean
0,coco_train_reals,real,none,train,f5a8ce3fc6e607e8,jpeg50
0,coco_train_reals,real,none,train,f5a8ce3fc6e607e8,resize025
0,coco_train_reals,real,none,train,f5a8ce3fc6e607e8,noise005
0,coco_train_reals,real,none,train,a9567ebb9d9eab75,clean
0,coco_train_reals,real,none,train,a9567ebb9d9eab75,jpeg70
0,coco_train_reals,real,none,train,a9567ebb9d9eab75,blur20
0,coco_train_reals,real,none,train,a9567ebb9d9eab75,noise01
0,coco_train_reals,real,none,train,95c243158d8e7b67,clean
0,coco_train_reals,real,none,train,95c243158d8e7b67,blur20
0,coco_train_reals,real,none,train,95c243158d8e7b67,noise005
0,coco_train_reals,real,none,train,95c243158d8e7b67,noise01
0,coco_train_reals,real,none,train,fb498b2a5cfd4d18,clean
0,coco_train_reals,real,none,train,fb498b2a5cfd4d18,jpeg70
0,coco_train_reals,real,none,train,fb498b2a5cfd4d18,noise01
0,coco_train_reals,real,none,train,fb498b2a5cfd4d18,crop08
0,coco_train_reals,real,none,train,1d27878f252d6901,clean
0,coco_train_reals,real,none,train,1d27878f252d6901,blur20
0,coco_train_reals,real,none,train,1d27878f252d6901,resize025
0,coco_train_reals,real,none,train,1d27878f252d6901,jitter02
0,coco_train_reals,real,none,train,8218f282500fcb2f,clean
0,coco_train_reals,real,none,train,8218f282500fcb2f,jpeg50
0,coco_train_reals,real,none,train,8218f282500fcb2f,noise005
0,coco_train_reals,real,none,train,8218f282500fcb2f,crop08
0,coco_train_reals,real,none,train,c0d68c57dea088cb,clean
0,coco_train_reals,real,none,train,c0d68c57dea088cb,jpeg70
0,coco_train_reals,real,none,train,c0d68c57dea088cb,blur10
0,coco_train_reals,real,none,train,c0d68c57dea088cb,crop08
0,coco_train_reals,real,none,train,4121bbba74b870af,clean
0,coco_train_reals,real,none,train,4121bbba74b870af,jpeg50
0,coco_train_reals,real,none,train,4121bbba74b870af,jpeg30
0,coco_train_reals,real,none,train,4121bbba74b870af,resize025
0,coco_train_reals,real,none,train,2e8c929be613a639,clean
0,coco_train_reals,real,none,train,2e8c929be613a639,jpeg30
0,coco_train_reals,real,none,train,2e8c929be613a639,blur20
0,coco_train_reals,real,none,train,2e8c929be613a639,noise005
0,coco_train_reals,real,none,train,747b282ac5bdea35,clean
0,coco_train_reals,real,none,train,747b282ac5bdea35,jpeg90
0,coco_train_reals,real,none,train,747b282ac5bdea35,jpeg70
0,coco_train_reals,real,none,train,747b282ac5bdea35,blur05
0,coco_train_reals,real,none,train,6d602fb5dc9cdf28,clean
0,coco_train_reals,real,none,train,6d602fb5dc9cdf28,noise002
0,coco_train_reals,real,none,train,6d602fb5dc9cdf28,noise01
0,coco_train_reals,real,none,train,6d602fb5dc9cdf28,jitter02
0,coco_train_reals,real,none,train,73833fcab07578e1,clean
0,coco_train_reals,real,none,train,73833fcab07578e1,jpeg70
0,coco_train_reals,real,none,train,73833fcab07578e1,jpeg30
0,coco_train_reals,real,none,train,73833fcab07578e1,noise002
0,coco_train_reals,real,none,train,31b678f36e58e755,clean
0,coco_train_reals,real,none,train,31b678f36e58e755,jpeg90
0,coco_train_reals,real,none,train,31b678f36e58e755,jpeg70
0,coco_train_reals,real,none,train,31b678f36e58e755,noise002
0,coco_train_reals,real,none,train,9772e092185cfdf0,clean
0,coco_train_reals,real,none,train,9772e092185cfdf0,blur10
0,coco_train_reals,real,none,train,9772e092185cfdf0,resize05
0,coco_train_reals,real,none,train,9772e092185cfdf0,noise005
0,coco_train_reals,real,none,train,fcfe562bb27fbb96,clean
0,coco_train_reals,real,none,train,fcfe562bb27fbb96,jpeg30
0,coco_train_reals,real,none,train,fcfe562bb27fbb96,resize05
0,coco_train_reals,real,none,train,fcfe562bb27fbb96,noise01
0,coco_train_reals,real,none,train,9610e4f1e06666cb,clean
0,coco_train_reals,real,none,train,9610e4f1e06666cb,resize025
0,coco_train_reals,real,none,train,9610e4f1e06666cb,noise01
0,coco_train_reals,real,none,train,9610e4f1e06666cb,crop08
0,coco_train_reals,real,none,train,553cc2dfc49f0305,clean
0,coco_train_reals,real,none,train,553cc2dfc49f0305,jpeg90
0,coco_train_reals,real,none,train,553cc2dfc49f0305,jpeg70
0,coco_train_reals,real,none,train,553cc2dfc49f0305,noise005
0,coco_train_reals,real,none,train,d15a65dd8679d590,clean
0,coco_train_reals,real,none,train,d15a65dd8679d590,jpeg70
0,coco_train_reals,real,none,train,d15a65dd8679d590,resize025
0,coco_train_reals,real,none,train,d15a65dd8679d590,crop08
0,coco_train_reals,real,none,train,f5ac539518591abd,clean
0,coco_train_reals,real,none,train,f5ac539518591abd,blur05
0,coco_train_reals,real,none,train,f5ac539518591abd,resize025
0,coco_train_reals,real,none,train,f5ac539518591abd,crop08
0,coco_train_reals,real,none,train,dfb96020bb7c40a8,clean
0,coco_train_reals,real,none,train,dfb96020bb7c40a8,jpeg70
0,coco_train_reals,real,none,train,dfb96020bb7c40a8,resize025
0,coco_train_reals,real,none,train,dfb96020bb7c40a8,noise005
0,coco_train_reals,real,none,train,7de5c17ff2249d06,clean
0,coco_train_reals,real,none,train,7de5c17ff2249d06,jpeg70
0,coco_train_reals,real,none,train,7de5c17ff2249d06,blur10
0,coco_train_reals,real,none,train,7de5c17ff2249d06,resize025
0,coco_train_reals,real,none,train,c6c02d8340e490fd,clean
0,coco_train_reals,real,none,train,c6c02d8340e490fd,jpeg90
0,coco_train_reals,real,none,train,c6c02d8340e490fd,blur05
0,coco_train_reals,real,none,train,c6c02d8340e490fd,blur10
0,coco_train_reals,real,none,train,238074f7ad9e35fe,clean
0,coco_train_reals,real,none,train,238074f7ad9e35fe,jpeg50
0,coco_train_reals,real,none,train,238074f7ad9e35fe,resize025
0,coco_train_reals,real,none,train,238074f7ad9e35fe,jitter02
0,coco_train_reals,real,none,train,0ca50f4ce598c241,clean
0,coco_train_reals,real,none,train,0ca50f4ce598c241,jpeg50
0,coco_train_reals,real,none,train,0ca50f4ce598c241,resize05
0,coco_train_reals,real,none,train,0ca50f4ce598c241,jitter02
0,coco_train_reals,real,none,train,97f29bd513da42ca,clean
0,coco_train_reals,real,none,train,97f29bd513da42ca,blur20
0,coco_train_reals,real,none,train,97f29bd513da42ca,resize05
0,coco_train_reals,real,none,train,97f29bd513da42ca,resize025
0,coco_train_reals,real,none,train,1639e28b7713ec36,clean
0,coco_train_reals,real,none,train,1639e28b7713ec36,blur10
0,coco_train_reals,real,none,train,1639e28b7713ec36,resize025
0,coco_train_reals,real,none,train,1639e28b7713ec36,noise01
0,coco_train_reals,real,none,train,3e498afa20d21ed0,clean
0,coco_train_reals,real,none,train,3e498afa20d21ed0,jpeg50
0,coco_train_reals,real,none,train,3e498afa20d21ed0,resize05
0,coco_train_reals,real,none,train,3e498afa20d21ed0,crop08
0,coco_train_reals,real,none,train,9d061ab1072b7342,clean
0,coco_train_reals,real,none,train,9d061ab1072b7342,blur10
0,coco_train_reals,real,none,train,9d061ab1072b7342,noise002
0,coco_train_reals,real,none,train,9d061ab1072b7342,noise01
0,coco_train_reals,real,none,train,50eb4d3aed6e310b,clean
0,coco_train_reals,real,none,train,50eb4d3aed6e310b,jpeg90
0,coco_train_reals,real,none,train,50eb4d3aed6e310b,jpeg50
0,coco_train_reals,real,none,train,50eb4d3aed6e310b,blur20
0,coco_train_reals,real,none,train,fa73211360ec794d,clean
0,coco_train_reals,real,none,train,fa73211360ec794d,jpeg70
0,coco_train_reals,real,none,train,fa73211360ec794d,jpeg30
0,coco_train_reals,real,none,train,fa73211360ec794d,blur05
0,coco_train_reals,real,none,train,ae5c59d1ef48242f,clean
0,coco_train_reals,real,none,train,ae5c59d1ef48242f,jpeg50
0,coco_train_reals,real,none,train,ae5c59d1ef48242f,resize025
0,coco_train_reals,real,none,train,ae5c59d1ef48242f,noise002
0,coco_train_reals,real,none,train,b49ed51825b02e4a,clean
0,coco_train_reals,real,none,train,b49ed51825b02e4a,jpeg30
0,coco_train_reals,real,none,train,b49ed51825b02e4a,blur10
0,coco_train_reals,real,none,train,b49ed51825b02e4a,resize025
0,coco_train_reals,real,none,train,9648c37a7e1db011,clean
0,coco_train_reals,real,none,train,9648c37a7e1db011,blur10
0,coco_train_reals,real,none,train,9648c37a7e1db011,noise005
0,coco_train_reals,real,none,train,9648c37a7e1db011,noise01
0,coco_train_reals,real,none,train,a42365fa20fe982a,clean
0,coco_train_reals,real,none,train,a42365fa20fe982a,blur05
0,coco_train_reals,real,none,train,a42365fa20fe982a,resize025
0,coco_train_reals,real,none,train,a42365fa20fe982a,noise005
0,coco_train_reals,real,none,train,b0856f60c15595b5,clean
0,coco_train_reals,real,none,train,b0856f60c15595b5,jpeg90
0,coco_train_reals,real,none,train,b0856f60c15595b5,blur05
0,coco_train_reals,real,none,train,b0856f60c15595b5,noise005
0,coco_train_reals,real,none,train,4049e59e244d4d06,clean
0,coco_train_reals,real,none,train,4049e59e244d4d06,jpeg90
0,coco_train_reals,real,none,train,4049e59e244d4d06,resize05
0,coco_train_reals,real,none,train,4049e59e244d4d06,crop08
0,coco_train_reals,real,none,train,827d71e836039318,clean
0,coco_train_reals,real,none,train,827d71e836039318,blur20
0,coco_train_reals,real,none,train,827d71e836039318,resize025
0,coco_train_reals,real,none,train,827d71e836039318,noise005
0,coco_train_reals,real,none,train,d571322d0edb0354,clean
0,coco_train_reals,real,none,train,d571322d0edb0354,jpeg90
0,coco_train_reals,real,none,train,d571322d0edb0354,jpeg70
0,coco_train_reals,real,none,train,d571322d0edb0354,noise005
0,coco_train_reals,real,none,train,7820a63853c79133,clean
0,coco_train_reals,real,none,train,7820a63853c79133,blur05
0,coco_train_reals,real,none,train,7820a63853c79133,noise005
0,coco_train_reals,real,none,train,7820a63853c79133,crop08
0,coco_train_reals,real,none,train,773a3c97e28c858d,clean
0,coco_train_reals,real,none,train,773a3c97e28c858d,jpeg50
0,coco_train_reals,real,none,train,773a3c97e28c858d,jitter02
0,coco_train_reals,real,none,train,773a3c97e28c858d,crop08
0,coco_train_reals,real,none,train,94b8fdeb6a157ddd,clean
0,coco_train_reals,real,none,train,94b8fdeb6a157ddd,blur05
0,coco_train_reals,real,none,train,94b8fdeb6a157ddd,noise002
0,coco_train_reals,real,none,train,94b8fdeb6a157ddd,jitter02
0,coco_train_reals,real,none,train,6b258fc092bc8dc6,clean
0,coco_train_reals,real,none,train,6b258fc092bc8dc6,blur05
0,coco_train_reals,real,none,train,6b258fc092bc8dc6,resize05
0,coco_train_reals,real,none,train,6b258fc092bc8dc6,noise01
0,coco_train_reals,real,none,train,dc2e64e4a880f3b8,clean
0,coco_train_reals,real,none,train,dc2e64e4a880f3b8,blur10
0,coco_train_reals,real,none,train,dc2e64e4a880f3b8,resize025
0,coco_train_reals,real,none,train,dc2e64e4a880f3b8,noise005
0,coco_train_reals,real,none,train,ce4ef0f0e592d7a4,clean
0,coco_train_reals,real,none,train,ce4ef0f0e592d7a4,jpeg50
0,coco_train_reals,real,none,train,ce4ef0f0e592d7a4,jpeg30
0,coco_train_reals,real,none,train,ce4ef0f0e592d7a4,noise002
0,coco_train_reals,real,none,train,2657d7e88da24249,clean
0,coco_train_reals,real,none,train,2657d7e88da24249,blur05
0,coco_train_reals,real,none,train,2657d7e88da24249,blur10
0,coco_train_reals,real,none,train,2657d7e88da24249,crop08
0,coco_train_reals,real,none,train,c09a73719e25dd76,clean
0,coco_train_reals,real,none,train,c09a73719e25dd76,jpeg70
0,coco_train_reals,real,none,train,c09a73719e25dd76,noise005
0,coco_train_reals,real,none,train,c09a73719e25dd76,jitter02
0,coco_train_reals,real,none,train,b526cc6cb973169b,clean
0,coco_train_reals,real,none,train,b526cc6cb973169b,jpeg50
0,coco_train_reals,real,none,train,b526cc6cb973169b,jpeg30
0,coco_train_reals,real,none,train,b526cc6cb973169b,blur05
0,coco_train_reals,real,none,train,6c12e8e3c39e5677,clean
0,coco_train_reals,real,none,train,6c12e8e3c39e5677,resize05
0,coco_train_reals,real,none,train,6c12e8e3c39e5677,noise01
0,coco_train_reals,real,none,train,6c12e8e3c39e5677,crop08
0,coco_train_reals,real,none,train,a78f7362350a5646,clean
0,coco_train_reals,real,none,train,a78f7362350a5646,blur10
0,coco_train_reals,real,none,train,a78f7362350a5646,blur20
0,coco_train_reals,real,none,train,a78f7362350a5646,noise002
0,coco_train_reals,real,none,train,7679d859a840562c,clean
0,coco_train_reals,real,none,train,7679d859a840562c,jpeg50
0,coco_train_reals,real,none,train,7679d859a840562c,jpeg30
0,coco_train_reals,real,none,train,7679d859a840562c,blur20
0,coco_train_reals,real,none,train,c7b9189742cbeccb,clean
0,coco_train_reals,real,none,train,c7b9189742cbeccb,jpeg70
0,coco_train_reals,real,none,train,c7b9189742cbeccb,blur10
0,coco_train_reals,real,none,train,c7b9189742cbeccb,crop08
0,coco_train_reals,real,none,train,39581cb945707339,clean
0,coco_train_reals,real,none,train,39581cb945707339,blur05
0,coco_train_reals,real,none,train,39581cb945707339,blur20
0,coco_train_reals,real,none,train,39581cb945707339,noise005
0,coco_train_reals,real,none,train,7304415642cd3add,clean
0,coco_train_reals,real,none,train,7304415642cd3add,jpeg90
0,coco_train_reals,real,none,train,7304415642cd3add,blur10
0,coco_train_reals,real,none,train,7304415642cd3add,noise002
0,coco_train_reals,real,none,train,a5444d5e853281d9,clean
0,coco_train_reals,real,none,train,a5444d5e853281d9,jpeg90
0,coco_train_reals,real,none,train,a5444d5e853281d9,jpeg30
0,coco_train_reals,real,none,train,a5444d5e853281d9,resize05
0,coco_train_reals,real,none,train,e19de710546b919a,clean
0,coco_train_reals,real,none,train,e19de710546b919a,jpeg70
0,coco_train_reals,real,none,train,e19de710546b919a,blur05
0,coco_train_reals,real,none,train,e19de710546b919a,blur10
0,coco_train_reals,real,none,train,b9a121ab66a94596,clean
0,coco_train_reals,real,none,train,b9a121ab66a94596,jpeg90
0,coco_train_reals,real,none,train,b9a121ab66a94596,blur05
0,coco_train_reals,real,none,train,b9a121ab66a94596,noise01
0,coco_train_reals,real,none,train,f27425fd436c9027,clean
0,coco_train_reals,real,none,train,f27425fd436c9027,jpeg70
0,coco_train_reals,real,none,train,f27425fd436c9027,noise002
0,coco_train_reals,real,none,train,f27425fd436c9027,crop08
0,coco_train_reals,real,none,train,dd890792d02feeaa,clean
0,coco_train_reals,real,none,train,dd890792d02feeaa,blur05
0,coco_train_reals,real,none,train,dd890792d02feeaa,blur10
0,coco_train_reals,real,none,train,dd890792d02feeaa,noise01
0,coco_train_reals,real,none,train,d99ee438925f8eb7,clean
0,coco_train_reals,real,none,train,d99ee438925f8eb7,jpeg30
0,coco_train_reals,real,none,train,d99ee438925f8eb7,blur10
0,coco_train_reals,real,none,train,d99ee438925f8eb7,noise01
0,coco_train_reals,real,none,train,db9f1dd7c867c7ae,clean
0,coco_train_reals,real,none,train,db9f1dd7c867c7ae,jpeg50
0,coco_train_reals,real,none,train,db9f1dd7c867c7ae,resize025
0,coco_train_reals,real,none,train,db9f1dd7c867c7ae,noise005
0,coco_train_reals,real,none,train,bbce21d9228c8cc3,clean
0,coco_train_reals,real,none,train,bbce21d9228c8cc3,jpeg70
0,coco_train_reals,real,none,train,bbce21d9228c8cc3,noise005
0,coco_train_reals,real,none,train,bbce21d9228c8cc3,crop08
0,coco_train_reals,real,none,train,8a741eb4343f3ab6,clean
0,coco_train_reals,real,none,train,8a741eb4343f3ab6,resize05
0,coco_train_reals,real,none,train,8a741eb4343f3ab6,noise002
0,coco_train_reals,real,none,train,8a741eb4343f3ab6,crop08
0,coco_train_reals,real,none,train,1e89371f6416f03c,clean
0,coco_train_reals,real,none,train,1e89371f6416f03c,jpeg70
0,coco_train_reals,real,none,train,1e89371f6416f03c,resize025
0,coco_train_reals,real,none,train,1e89371f6416f03c,crop08
0,coco_train_reals,real,none,train,5c91a37d09425999,clean
0,coco_train_reals,real,none,train,5c91a37d09425999,jpeg30
0,coco_train_reals,real,none,train,5c91a37d09425999,blur05
0,coco_train_reals,real,none,train,5c91a37d09425999,noise005
0,coco_train_reals,real,none,train,6b8041344121a8b8,clean
0,coco_train_reals,real,none,train,6b8041344121a8b8,jpeg90
0,coco_train_reals,real,none,train,6b8041344121a8b8,jpeg30
0,coco_train_reals,real,none,train,6b8041344121a8b8,blur20
0,coco_train_reals,real,none,train,488ec259b4d99fb5,clean
0,coco_train_reals,real,none,train,488ec259b4d99fb5,jpeg70
0,coco_train_reals,real,none,train,488ec259b4d99fb5,jpeg50
0,coco_train_reals,real,none,train,488ec259b4d99fb5,jpeg30
0,coco_train_reals,real,none,train,74b7924b0de7571d,clean
0,coco_train_reals,real,none,train,74b7924b0de7571d,resize05
0,coco_train_reals,real,none,train,74b7924b0de7571d,resize025
0,coco_train_reals,real,none,train,74b7924b0de7571d,jitter02
0,coco_train_reals,real,none,train,5d60b357edbdca35,clean
0,coco_train_reals,real,none,train,5d60b357edbdca35,noise002
0,coco_train_reals,real,none,train,5d60b357edbdca35,noise005
0,coco_train_reals,real,none,train,5d60b357edbdca35,noise01
0,coco_train_reals,real,none,train,258df561410131d9,clean
0,coco_train_reals,real,none,train,258df561410131d9,blur05
0,coco_train_reals,real,none,train,258df561410131d9,blur10
0,coco_train_reals,real,none,train,258df561410131d9,resize025
0,coco_train_reals,real,none,train,d1fbaf7a56556581,clean
0,coco_train_reals,real,none,train,d1fbaf7a56556581,jpeg90
0,coco_train_reals,real,none,train,d1fbaf7a56556581,jpeg50
0,coco_train_reals,real,none,train,d1fbaf7a56556581,resize05
0,coco_train_reals,real,none,train,2743aae025b8c975,clean
0,coco_train_reals,real,none,train,2743aae025b8c975,jpeg70
0,coco_train_reals,real,none,train,2743aae025b8c975,resize05
0,coco_train_reals,real,none,train,2743aae025b8c975,crop08
0,coco_train_reals,real,none,train,d4278be878690d4c,clean
0,coco_train_reals,real,none,train,d4278be878690d4c,blur05
0,coco_train_reals,real,none,train,d4278be878690d4c,noise005
0,coco_train_reals,real,none,train,d4278be878690d4c,noise01
0,coco_train_reals,real,none,train,002156b341aa83db,clean
0,coco_train_reals,real,none,train,002156b341aa83db,jpeg30
0,coco_train_reals,real,none,train,002156b341aa83db,resize025
0,coco_train_reals,real,none,train,002156b341aa83db,noise002
0,coco_train_reals,real,none,train,4ba104ba38b0e908,clean
0,coco_train_reals,real,none,train,4ba104ba38b0e908,jpeg70
0,coco_train_reals,real,none,train,4ba104ba38b0e908,noise01
0,coco_train_reals,real,none,train,4ba104ba38b0e908,jitter02
0,coco_train_reals,real,none,train,a9100a2a42abf924,clean
0,coco_train_reals,real,none,train,a9100a2a42abf924,blur05
0,coco_train_reals,real,none,train,a9100a2a42abf924,resize025
0,coco_train_reals,real,none,train,a9100a2a42abf924,crop08
0,coco_train_reals,real,none,train,3956d168bdc9ca60,clean
0,coco_train_reals,real,none,train,3956d168bdc9ca60,jpeg70
0,coco_train_reals,real,none,train,3956d168bdc9ca60,blur20
0,coco_train_reals,real,none,train,3956d168bdc9ca60,noise005
0,coco_train_reals,real,none,train,6a83af0aa1a34338,clean
0,coco_train_reals,real,none,train,6a83af0aa1a34338,jpeg70
0,coco_train_reals,real,none,train,6a83af0aa1a34338,blur10
0,coco_train_reals,real,none,train,6a83af0aa1a34338,crop08
0,coco_train_reals,real,none,train,fc65c0abcdf47970,clean
0,coco_train_reals,real,none,train,fc65c0abcdf47970,jpeg50
0,coco_train_reals,real,none,train,fc65c0abcdf47970,blur20
0,coco_train_reals,real,none,train,fc65c0abcdf47970,jitter02
0,coco_train_reals,real,none,train,c0507dc4b8961258,clean
0,coco_train_reals,real,none,train,c0507dc4b8961258,blur20
0,coco_train_reals,real,none,train,c0507dc4b8961258,noise002
0,coco_train_reals,real,none,train,c0507dc4b8961258,noise005
0,coco_train_reals,real,none,train,5c0d23066c2f0ae2,clean
0,coco_train_reals,real,none,train,5c0d23066c2f0ae2,jpeg30
0,coco_train_reals,real,none,train,5c0d23066c2f0ae2,blur10
0,coco_train_reals,real,none,train,5c0d23066c2f0ae2,noise005
0,coco_train_reals,real,none,train,f686c6016614e310,clean
0,coco_train_reals,real,none,train,f686c6016614e310,jpeg30
0,coco_train_reals,real,none,train,f686c6016614e310,resize025
0,coco_train_reals,real,none,train,f686c6016614e310,crop08
0,coco_train_reals,real,none,train,7a2fb6af980283f8,clean
0,coco_train_reals,real,none,train,7a2fb6af980283f8,jpeg30
0,coco_train_reals,real,none,train,7a2fb6af980283f8,blur10
0,coco_train_reals,real,none,train,7a2fb6af980283f8,blur20
0,coco_train_reals,real,none,train,9ddb4ffe67a49abf,clean
0,coco_train_reals,real,none,train,9ddb4ffe67a49abf,resize05
0,coco_train_reals,real,none,train,9ddb4ffe67a49abf,noise005
0,coco_train_reals,real,none,train,9ddb4ffe67a49abf,jitter02
0,coco_train_reals,real,none,train,c7f63118566c4d9c,clean
0,coco_train_reals,real,none,train,c7f63118566c4d9c,blur10
0,coco_train_reals,real,none,train,c7f63118566c4d9c,blur20
0,coco_train_reals,real,none,train,c7f63118566c4d9c,resize05
0,coco_train_reals,real,none,train,4db50d39280d5aae,clean
0,coco_train_reals,real,none,train,4db50d39280d5aae,jpeg30
0,coco_train_reals,real,none,train,4db50d39280d5aae,noise01
0,coco_train_reals,real,none,train,4db50d39280d5aae,crop08
0,coco_train_reals,real,none,train,4c25cae4974c028b,clean
0,coco_train_reals,real,none,train,4c25cae4974c028b,jpeg30
0,coco_train_reals,real,none,train,4c25cae4974c028b,blur10
0,coco_train_reals,real,none,train,4c25cae4974c028b,jitter02
0,coco_train_reals,real,none,train,5b3614bc4cb6ccf1,clean
0,coco_train_reals,real,none,train,5b3614bc4cb6ccf1,jpeg50
0,coco_train_reals,real,none,train,5b3614bc4cb6ccf1,jpeg30
0,coco_train_reals,real,none,train,5b3614bc4cb6ccf1,resize05
0,coco_train_reals,real,none,train,ab12ce1e86f4dd45,clean
0,coco_train_reals,real,none,train,ab12ce1e86f4dd45,jpeg30
0,coco_train_reals,real,none,train,ab12ce1e86f4dd45,blur10
0,coco_train_reals,real,none,train,ab12ce1e86f4dd45,noise005
0,coco_train_reals,real,none,train,678b5b9cb2000f38,clean
0,coco_train_reals,real,none,train,678b5b9cb2000f38,jpeg50
0,coco_train_reals,real,none,train,678b5b9cb2000f38,blur05
0,coco_train_reals,real,none,train,678b5b9cb2000f38,crop08
0,coco_train_reals,real,none,train,0e106f1de7cb8839,clean
0,coco_train_reals,real,none,train,0e106f1de7cb8839,blur05
0,coco_train_reals,real,none,train,0e106f1de7cb8839,noise002
0,coco_train_reals,real,none,train,0e106f1de7cb8839,jitter02
0,coco_train_reals,real,none,train,b014a1afe34d2344,clean
0,coco_train_reals,real,none,train,b014a1afe34d2344,noise01
0,coco_train_reals,real,none,train,b014a1afe34d2344,jitter02
0,coco_train_reals,real,none,train,b014a1afe34d2344,crop08
0,coco_train_reals,real,none,train,67710e526a35e9d9,clean
0,coco_train_reals,real,none,train,67710e526a35e9d9,jpeg90
0,coco_train_reals,real,none,train,67710e526a35e9d9,noise002
0,coco_train_reals,real,none,train,67710e526a35e9d9,noise01
0,coco_train_reals,real,none,train,6190a0051e33afa5,clean
0,coco_train_reals,real,none,train,6190a0051e33afa5,jpeg50
0,coco_train_reals,real,none,train,6190a0051e33afa5,jpeg30
0,coco_train_reals,real,none,train,6190a0051e33afa5,blur05
0,coco_train_reals,real,none,train,c653afeec2edc6b1,clean
0,coco_train_reals,real,none,train,c653afeec2edc6b1,blur05
0,coco_train_reals,real,none,train,c653afeec2edc6b1,blur20
0,coco_train_reals,real,none,train,c653afeec2edc6b1,resize025
0,coco_train_reals,real,none,train,c9e3d50120dff7e4,clean
0,coco_train_reals,real,none,train,c9e3d50120dff7e4,blur10
0,coco_train_reals,real,none,train,c9e3d50120dff7e4,noise002
0,coco_train_reals,real,none,train,c9e3d50120dff7e4,noise01
0,coco_train_reals,real,none,train,74bbca39b19c91eb,clean
0,coco_train_reals,real,none,train,74bbca39b19c91eb,blur05
0,coco_train_reals,real,none,train,74bbca39b19c91eb,blur20
0,coco_train_reals,real,none,train,74bbca39b19c91eb,crop08
0,coco_train_reals,real,none,train,edf1fac12875c314,clean
0,coco_train_reals,real,none,train,edf1fac12875c314,jpeg30
0,coco_train_reals,real,none,train,edf1fac12875c314,blur05
0,coco_train_reals,real,none,train,edf1fac12875c314,blur10
0,coco_train_reals,real,none,train,4a94fe121baf8ce7,clean
0,coco_train_reals,real,none,train,4a94fe121baf8ce7,jpeg50
0,coco_train_reals,real,none,train,4a94fe121baf8ce7,resize025
0,coco_train_reals,real,none,train,4a94fe121baf8ce7,noise002
0,coco_train_reals,real,none,train,50ddd750771ce8ff,clean
0,coco_train_reals,real,none,train,50ddd750771ce8ff,resize025
0,coco_train_reals,real,none,train,50ddd750771ce8ff,noise002
0,coco_train_reals,real,none,train,50ddd750771ce8ff,crop08
0,coco_train_reals,real,none,train,7c935db7511a6d3d,clean
0,coco_train_reals,real,none,train,7c935db7511a6d3d,jpeg70
0,coco_train_reals,real,none,train,7c935db7511a6d3d,resize025
0,coco_train_reals,real,none,train,7c935db7511a6d3d,jitter02
0,coco_train_reals,real,none,train,1d66d10a95a0c28f,clean
0,coco_train_reals,real,none,train,1d66d10a95a0c28f,jpeg30
0,coco_train_reals,real,none,train,1d66d10a95a0c28f,blur10
0,coco_train_reals,real,none,train,1d66d10a95a0c28f,noise002
0,coco_train_reals,real,none,train,7598e5da2be90893,clean
0,coco_train_reals,real,none,train,7598e5da2be90893,jpeg50
0,coco_train_reals,real,none,train,7598e5da2be90893,jpeg30
0,coco_train_reals,real,none,train,7598e5da2be90893,blur10
0,coco_train_reals,real,none,train,adfad50760d82ece,clean
0,coco_train_reals,real,none,train,adfad50760d82ece,jpeg90
0,coco_train_reals,real,none,train,adfad50760d82ece,jpeg50
0,coco_train_reals,real,none,train,adfad50760d82ece,noise002
0,coco_train_reals,real,none,train,fc3efcfe633ee0f9,clean
0,coco_train_reals,real,none,train,fc3efcfe633ee0f9,resize025
0,coco_train_reals,real,none,train,fc3efcfe633ee0f9,jitter02
0,coco_train_reals,real,none,train,fc3efcfe633ee0f9,crop08
0,coco_train_reals,real,none,train,c8b1ee3e99f75749,clean
0,coco_train_reals,real,none,train,c8b1ee3e99f75749,jpeg90
0,coco_train_reals,real,none,train,c8b1ee3e99f75749,resize05
0,coco_train_reals,real,none,train,c8b1ee3e99f75749,jitter02
0,coco_train_reals,real,none,train,d4f1e6fa6875e9c4,clean
0,coco_train_reals,real,none,train,d4f1e6fa6875e9c4,jpeg70
0,coco_train_reals,real,none,train,d4f1e6fa6875e9c4,resize025
0,coco_train_reals,real,none,train,d4f1e6fa6875e9c4,crop08
0,coco_train_reals,real,none,train,824d0f11cdee79ed,clean
0,coco_train_reals,real,none,train,824d0f11cdee79ed,jpeg50
0,coco_train_reals,real,none,train,824d0f11cdee79ed,blur10
0,coco_train_reals,real,none,train,824d0f11cdee79ed,crop08
0,coco_train_reals,real,none,train,c4efa5b462df7190,clean
0,coco_train_reals,real,none,train,c4efa5b462df7190,blur20
0,coco_train_reals,real,none,train,c4efa5b462df7190,noise005
0,coco_train_reals,real,none,train,c4efa5b462df7190,noise01
0,coco_train_reals,real,none,train,95f3ecef51fceb8e,clean
0,coco_train_reals,real,none,train,95f3ecef51fceb8e,jpeg70
0,coco_train_reals,real,none,train,95f3ecef51fceb8e,jpeg30
0,coco_train_reals,real,none,train,95f3ecef51fceb8e,noise005
0,coco_train_reals,real,none,train,63e87bccfe572239,clean
0,coco_train_reals,real,none,train,63e87bccfe572239,blur05
0,coco_train_reals,real,none,train,63e87bccfe572239,resize05
0,coco_train_reals,real,none,train,63e87bccfe572239,crop08
0,coco_train_reals,real,none,train,d9b1cb53cc122583,clean
0,coco_train_reals,real,none,train,d9b1cb53cc122583,jpeg90
0,coco_train_reals,real,none,train,d9b1cb53cc122583,blur10
0,coco_train_reals,real,none,train,d9b1cb53cc122583,noise01
0,coco_train_reals,real,none,train,8b30749d18f752dc,clean
0,coco_train_reals,real,none,train,8b30749d18f752dc,jpeg90
0,coco_train_reals,real,none,train,8b30749d18f752dc,jpeg70
0,coco_train_reals,real,none,train,8b30749d18f752dc,noise005
0,coco_train_reals,real,none,train,97aab004aaf30e3d,clean
0,coco_train_reals,real,none,train,97aab004aaf30e3d,blur20
0,coco_train_reals,real,none,train,97aab004aaf30e3d,resize025
0,coco_train_reals,real,none,train,97aab004aaf30e3d,noise002
0,coco_train_reals,real,none,train,39afeb9f83dd0d6f,clean
0,coco_train_reals,real,none,train,39afeb9f83dd0d6f,jpeg90
0,coco_train_reals,real,none,train,39afeb9f83dd0d6f,blur05
0,coco_train_reals,real,none,train,39afeb9f83dd0d6f,noise01
0,coco_train_reals,real,none,train,158c98a4ce3d71fc,clean
0,coco_train_reals,real,none,train,158c98a4ce3d71fc,jpeg30
0,coco_train_reals,real,none,train,158c98a4ce3d71fc,resize025
0,coco_train_reals,real,none,train,158c98a4ce3d71fc,jitter02
0,coco_train_reals,real,none,train,08c9a67128cad49c,clean
0,coco_train_reals,real,none,train,08c9a67128cad49c,resize05
0,coco_train_reals,real,none,train,08c9a67128cad49c,resize025
0,coco_train_reals,real,none,train,08c9a67128cad49c,noise005
0,coco_train_reals,real,none,train,494050934724d400,clean
0,coco_train_reals,real,none,train,494050934724d400,jpeg50
0,coco_train_reals,real,none,train,494050934724d400,blur05
0,coco_train_reals,real,none,train,494050934724d400,blur20
0,coco_train_reals,real,none,train,67d03ce1f75aeda2,clean
0,coco_train_reals,real,none,train,67d03ce1f75aeda2,blur05
0,coco_train_reals,real,none,train,67d03ce1f75aeda2,jitter02
0,coco_train_reals,real,none,train,67d03ce1f75aeda2,crop08
0,coco_train_reals,real,none,train,ff18a1a0c44feaf4,clean
0,coco_train_reals,real,none,train,ff18a1a0c44feaf4,blur10
0,coco_train_reals,real,none,train,ff18a1a0c44feaf4,blur20
0,coco_train_reals,real,none,train,ff18a1a0c44feaf4,jitter02
0,coco_train_reals,real,none,train,2fdd91860111a553,clean
0,coco_train_reals,real,none,train,2fdd91860111a553,jpeg90
0,coco_train_reals,real,none,train,2fdd91860111a553,jpeg30
0,coco_train_reals,real,none,train,2fdd91860111a553,noise005
0,coco_train_reals,real,none,train,7a8361e4a1c39220,clean
0,coco_train_reals,real,none,train,7a8361e4a1c39220,resize05
0,coco_train_reals,real,none,train,7a8361e4a1c39220,resize025
0,coco_train_reals,real,none,train,7a8361e4a1c39220,crop08
0,coco_train_reals,real,none,train,a40fbe891ae8431e,clean
0,coco_train_reals,real,none,train,a40fbe891ae8431e,blur05
0,coco_train_reals,real,none,train,a40fbe891ae8431e,blur20
0,coco_train_reals,real,none,train,a40fbe891ae8431e,resize05
0,coco_train_reals,real,none,train,00b9053bb1efc66e,clean
0,coco_train_reals,real,none,train,00b9053bb1efc66e,jpeg70
0,coco_train_reals,real,none,train,00b9053bb1efc66e,resize025
0,coco_train_reals,real,none,train,00b9053bb1efc66e,noise01
0,coco_train_reals,real,none,train,924e2ec152bb2cb2,clean
0,coco_train_reals,real,none,train,924e2ec152bb2cb2,jpeg50
0,coco_train_reals,real,none,train,924e2ec152bb2cb2,blur20
0,coco_train_reals,real,none,train,924e2ec152bb2cb2,noise005
0,coco_train_reals,real,none,train,6617cfa64b51fc53,clean
0,coco_train_reals,real,none,train,6617cfa64b51fc53,jpeg90
0,coco_train_reals,real,none,train,6617cfa64b51fc53,blur20
0,coco_train_reals,real,none,train,6617cfa64b51fc53,resize025
0,coco_train_reals,real,none,train,7fbce64e3828be2f,clean
0,coco_train_reals,real,none,train,7fbce64e3828be2f,jpeg50
0,coco_train_reals,real,none,train,7fbce64e3828be2f,jpeg30
0,coco_train_reals,real,none,train,7fbce64e3828be2f,blur20
0,coco_train_reals,real,none,train,e1cbfae20650bb24,clean
0,coco_train_reals,real,none,train,e1cbfae20650bb24,jpeg50
0,coco_train_reals,real,none,train,e1cbfae20650bb24,blur05
0,coco_train_reals,real,none,train,e1cbfae20650bb24,noise005
0,coco_train_reals,real,none,train,a1ad234c9429a583,clean
0,coco_train_reals,real,none,train,a1ad234c9429a583,blur10
0,coco_train_reals,real,none,train,a1ad234c9429a583,blur20
0,coco_train_reals,real,none,train,a1ad234c9429a583,jitter02
0,coco_train_reals,real,none,train,bffb77e8e1a306c4,clean
0,coco_train_reals,real,none,train,bffb77e8e1a306c4,jpeg90
0,coco_train_reals,real,none,train,bffb77e8e1a306c4,jpeg50
0,coco_train_reals,real,none,train,bffb77e8e1a306c4,jitter02
0,coco_train_reals,real,none,train,310b9c6a60de218f,clean
0,coco_train_reals,real,none,train,310b9c6a60de218f,jpeg90
0,coco_train_reals,real,none,train,310b9c6a60de218f,blur20
0,coco_train_reals,real,none,train,310b9c6a60de218f,noise01
0,coco_train_reals,real,none,train,e2068f8c11e2a9ce,clean
0,coco_train_reals,real,none,train,e2068f8c11e2a9ce,jpeg70
0,coco_train_reals,real,none,train,e2068f8c11e2a9ce,blur05
0,coco_train_reals,real,none,train,e2068f8c11e2a9ce,crop08
0,coco_train_reals,real,none,train,1f2d54b733028041,clean
0,coco_train_reals,real,none,train,1f2d54b733028041,jpeg90
0,coco_train_reals,real,none,train,1f2d54b733028041,jpeg70
0,coco_train_reals,real,none,train,1f2d54b733028041,blur20
0,coco_train_reals,real,none,train,bdeb25e7f413530b,clean
0,coco_train_reals,real,none,train,bdeb25e7f413530b,blur20
0,coco_train_reals,real,none,train,bdeb25e7f413530b,resize025
0,coco_train_reals,real,none,train,bdeb25e7f413530b,noise01
0,coco_train_reals,real,none,train,c4c5ec82571da58b,clean
0,coco_train_reals,real,none,train,c4c5ec82571da58b,jpeg70
0,coco_train_reals,real,none,train,c4c5ec82571da58b,resize05
0,coco_train_reals,real,none,train,c4c5ec82571da58b,crop08
0,coco_train_reals,real,none,train,3fc636f365ec03ce,clean
0,coco_train_reals,real,none,train,3fc636f365ec03ce,blur20
0,coco_train_reals,real,none,train,3fc636f365ec03ce,noise005
0,coco_train_reals,real,none,train,3fc636f365ec03ce,noise01
0,coco_train_reals,real,none,train,75559568b8581fa0,clean
0,coco_train_reals,real,none,train,75559568b8581fa0,jpeg90
0,coco_train_reals,real,none,train,75559568b8581fa0,resize05
0,coco_train_reals,real,none,train,75559568b8581fa0,noise002
0,coco_train_reals,real,none,train,d0bf56520fa64a07,clean
0,coco_train_reals,real,none,train,d0bf56520fa64a07,resize05
0,coco_train_reals,real,none,train,d0bf56520fa64a07,noise005
0,coco_train_reals,real,none,train,d0bf56520fa64a07,noise01
0,coco_train_reals,real,none,train,f3aa2b0e7062fe99,clean
0,coco_train_reals,real,none,train,f3aa2b0e7062fe99,jpeg90
0,coco_train_reals,real,none,train,f3aa2b0e7062fe99,jpeg50
0,coco_train_reals,real,none,train,f3aa2b0e7062fe99,noise01
0,coco_train_reals,real,none,train,e751ab702a93ad1a,clean
0,coco_train_reals,real,none,train,e751ab702a93ad1a,resize05
0,coco_train_reals,real,none,train,e751ab702a93ad1a,noise005
0,coco_train_reals,real,none,train,e751ab702a93ad1a,noise01
0,coco_train_reals,real,none,train,d7623d0d3d46c997,clean
0,coco_train_reals,real,none,train,d7623d0d3d46c997,jpeg30
0,coco_train_reals,real,none,train,d7623d0d3d46c997,noise005
0,coco_train_reals,real,none,train,d7623d0d3d46c997,crop08
0,coco_train_reals,real,none,train,7f7c4fb3dd1d6c7a,clean
0,coco_train_reals,real,none,train,7f7c4fb3dd1d6c7a,jpeg30
0,coco_train_reals,real,none,train,7f7c4fb3dd1d6c7a,blur20
0,coco_train_reals,real,none,train,7f7c4fb3dd1d6c7a,crop08
0,coco_train_reals,real,none,train,6bc77dca50d8b686,clean
0,coco_train_reals,real,none,train,6bc77dca50d8b686,blur05
0,coco_train_reals,real,none,train,6bc77dca50d8b686,resize05
0,coco_train_reals,real,none,train,6bc77dca50d8b686,jitter02
0,coco_train_reals,real,none,train,d76f1d72e197dad1,clean
0,coco_train_reals,real,none,train,d76f1d72e197dad1,jpeg30
0,coco_train_reals,real,none,train,d76f1d72e197dad1,blur10
0,coco_train_reals,real,none,train,d76f1d72e197dad1,blur20
0,coco_train_reals,real,none,train,77bae48ec44e72e2,clean
0,coco_train_reals,real,none,train,77bae48ec44e72e2,jpeg50
0,coco_train_reals,real,none,train,77bae48ec44e72e2,resize05
0,coco_train_reals,real,none,train,77bae48ec44e72e2,jitter02
0,coco_train_reals,real,none,train,c1e66d3ff6e49f3b,clean
0,coco_train_reals,real,none,train,c1e66d3ff6e49f3b,jpeg90
0,coco_train_reals,real,none,train,c1e66d3ff6e49f3b,jitter02
0,coco_train_reals,real,none,train,c1e66d3ff6e49f3b,crop08
0,coco_train_reals,real,none,train,d63f2df90acc5698,clean
0,coco_train_reals,real,none,train,d63f2df90acc5698,jpeg30
0,coco_train_reals,real,none,train,d63f2df90acc5698,resize05
0,coco_train_reals,real,none,train,d63f2df90acc5698,jitter02
0,coco_train_reals,real,none,train,ee3ed18daf4ebbe7,clean
0,coco_train_reals,real,none,train,ee3ed18daf4ebbe7,jpeg30
0,coco_train_reals,real,none,train,ee3ed18daf4ebbe7,blur20
0,coco_train_reals,real,none,train,ee3ed18daf4ebbe7,resize05
0,coco_train_reals,real,none,train,89062a39ce53c3b2,clean
0,coco_train_reals,real,none,train,89062a39ce53c3b2,jpeg50
0,coco_train_reals,real,none,train,89062a39ce53c3b2,noise005
0,coco_train_reals,real,none,train,89062a39ce53c3b2,noise01
0,coco_train_reals,real,none,train,e547b72477aa461b,clean
0,coco_train_reals,real,none,train,e547b72477aa461b,jpeg30
0,coco_train_reals,real,none,train,e547b72477aa461b,blur20
0,coco_train_reals,real,none,train,e547b72477aa461b,jitter02
0,coco_train_reals,real,none,train,86fa7ba852dd420e,clean
0,coco_train_reals,real,none,train,86fa7ba852dd420e,jpeg50
0,coco_train_reals,real,none,train,86fa7ba852dd420e,jpeg30
0,coco_train_reals,real,none,train,86fa7ba852dd420e,blur05
0,coco_train_reals,real,none,train,c46e8ae7fb45f1a4,clean
0,coco_train_reals,real,none,train,c46e8ae7fb45f1a4,jpeg70
0,coco_train_reals,real,none,train,c46e8ae7fb45f1a4,resize025
0,coco_train_reals,real,none,train,c46e8ae7fb45f1a4,noise002
0,coco_train_reals,real,none,train,a2d3e79fa31c660c,clean
0,coco_train_reals,real,none,train,a2d3e79fa31c660c,blur05
0,coco_train_reals,real,none,train,a2d3e79fa31c660c,blur10
0,coco_train_reals,real,none,train,a2d3e79fa31c660c,noise005
0,coco_train_reals,real,none,train,1eb0eb6368c68ad9,clean
0,coco_train_reals,real,none,train,1eb0eb6368c68ad9,jpeg30
0,coco_train_reals,real,none,train,1eb0eb6368c68ad9,blur10
0,coco_train_reals,real,none,train,1eb0eb6368c68ad9,resize025
0,coco_train_reals,real,none,train,e845fe2246b66ab1,clean
0,coco_train_reals,real,none,train,e845fe2246b66ab1,jpeg90
0,coco_train_reals,real,none,train,e845fe2246b66ab1,resize05
0,coco_train_reals,real,none,train,e845fe2246b66ab1,jitter02
0,coco_train_reals,real,none,train,2537dfcf7d861539,clean
0,coco_train_reals,real,none,train,2537dfcf7d861539,jpeg90
0,coco_train_reals,real,none,train,2537dfcf7d861539,blur10
0,coco_train_reals,real,none,train,2537dfcf7d861539,jitter02
0,coco_train_reals,real,none,train,aa849d579aefe00c,clean
0,coco_train_reals,real,none,train,aa849d579aefe00c,resize05
0,coco_train_reals,real,none,train,aa849d579aefe00c,resize025
0,coco_train_reals,real,none,train,aa849d579aefe00c,noise002
0,coco_train_reals,real,none,train,5747e283b577ba98,clean
0,coco_train_reals,real,none,train,5747e283b577ba98,jpeg90
0,coco_train_reals,real,none,train,5747e283b577ba98,jpeg30
0,coco_train_reals,real,none,train,5747e283b577ba98,noise005
0,coco_train_reals,real,none,train,31e2e3e09a1bb098,clean
0,coco_train_reals,real,none,train,31e2e3e09a1bb098,blur05
0,coco_train_reals,real,none,train,31e2e3e09a1bb098,blur10
0,coco_train_reals,real,none,train,31e2e3e09a1bb098,noise01
0,coco_train_reals,real,none,train,d4d68b818ab5583c,clean
0,coco_train_reals,real,none,train,d4d68b818ab5583c,blur20
0,coco_train_reals,real,none,train,d4d68b818ab5583c,noise005
0,coco_train_reals,real,none,train,d4d68b818ab5583c,jitter02
0,coco_train_reals,real,none,train,41ac1d2363b47ac7,clean
0,coco_train_reals,real,none,train,41ac1d2363b47ac7,jpeg70
0,coco_train_reals,real,none,train,41ac1d2363b47ac7,resize025
0,coco_train_reals,real,none,train,41ac1d2363b47ac7,noise005
0,coco_train_reals,real,none,train,e39d553da202d0f7,clean
0,coco_train_reals,real,none,train,e39d553da202d0f7,blur05
0,coco_train_reals,real,none,train,e39d553da202d0f7,noise002
0,coco_train_reals,real,none,train,e39d553da202d0f7,jitter02
0,coco_train_reals,real,none,train,7bdd59a1841e44d2,clean
0,coco_train_reals,real,none,train,7bdd59a1841e44d2,blur10
0,coco_train_reals,real,none,train,7bdd59a1841e44d2,jitter02
0,coco_train_reals,real,none,train,7bdd59a1841e44d2,crop08
0,coco_train_reals,real,none,train,0568738c24f95fbc,clean
0,coco_train_reals,real,none,train,0568738c24f95fbc,jpeg90
0,coco_train_reals,real,none,train,0568738c24f95fbc,jpeg70
0,coco_train_reals,real,none,train,0568738c24f95fbc,blur10
0,coco_train_reals,real,none,train,fe9296a67b77c268,clean
0,coco_train_reals,real,none,train,fe9296a67b77c268,resize05
0,coco_train_reals,real,none,train,fe9296a67b77c268,resize025
0,coco_train_reals,real,none,train,fe9296a67b77c268,noise002
0,coco_train_reals,real,none,train,da602d0ff787003f,clean
0,coco_train_reals,real,none,train,da602d0ff787003f,jpeg90
0,coco_train_reals,real,none,train,da602d0ff787003f,jpeg50
0,coco_train_reals,real,none,train,da602d0ff787003f,blur20
0,coco_train_reals,real,none,train,51eb643c30137b24,clean
0,coco_train_reals,real,none,train,51eb643c30137b24,jpeg30
0,coco_train_reals,real,none,train,51eb643c30137b24,blur20
0,coco_train_reals,real,none,train,51eb643c30137b24,noise002
0,coco_train_reals,real,none,train,5892faf1c2cb694f,clean
0,coco_train_reals,real,none,train,5892faf1c2cb694f,jpeg70
0,coco_train_reals,real,none,train,5892faf1c2cb694f,jpeg30
0,coco_train_reals,real,none,train,5892faf1c2cb694f,noise005
0,coco_train_reals,real,none,train,5963750e13ce8c89,clean
0,coco_train_reals,real,none,train,5963750e13ce8c89,resize05
0,coco_train_reals,real,none,train,5963750e13ce8c89,jitter02
0,coco_train_reals,real,none,train,5963750e13ce8c89,crop08
0,coco_train_reals,real,none,train,2575c8e10fd6fa6f,clean
0,coco_train_reals,real,none,train,2575c8e10fd6fa6f,jpeg50
0,coco_train_reals,real,none,train,2575c8e10fd6fa6f,blur05
0,coco_train_reals,real,none,train,2575c8e10fd6fa6f,resize05
0,coco_train_reals,real,none,train,f428c60ad3f63766,clean
0,coco_train_reals,real,none,train,f428c60ad3f63766,noise002
0,coco_train_reals,real,none,train,f428c60ad3f63766,jitter02
0,coco_train_reals,real,none,train,f428c60ad3f63766,crop08
0,coco_train_reals,real,none,train,6c2b20e8d33b8195,clean
0,coco_train_reals,real,none,train,6c2b20e8d33b8195,jpeg90
0,coco_train_reals,real,none,train,6c2b20e8d33b8195,jpeg30
0,coco_train_reals,real,none,train,6c2b20e8d33b8195,noise01
0,coco_train_reals,real,none,train,064822ed533637bf,clean
0,coco_train_reals,real,none,train,064822ed533637bf,jpeg90
0,coco_train_reals,real,none,train,064822ed533637bf,noise002
0,coco_train_reals,real,none,train,064822ed533637bf,crop08
0,coco_train_reals,real,none,train,74e90e6e5c68b94b,clean
0,coco_train_reals,real,none,train,74e90e6e5c68b94b,jpeg30
0,coco_train_reals,real,none,train,74e90e6e5c68b94b,blur05
0,coco_train_reals,real,none,train,74e90e6e5c68b94b,noise005
0,coco_train_reals,real,none,train,c7067bf15674e7d1,clean
0,coco_train_reals,real,none,train,c7067bf15674e7d1,jpeg30
0,coco_train_reals,real,none,train,c7067bf15674e7d1,resize05
0,coco_train_reals,real,none,train,c7067bf15674e7d1,resize025
0,coco_train_reals,real,none,train,355e8a550f94bddc,clean
0,coco_train_reals,real,none,train,355e8a550f94bddc,blur10
0,coco_train_reals,real,none,train,355e8a550f94bddc,blur20
0,coco_train_reals,real,none,train,355e8a550f94bddc,resize05
0,coco_train_reals,real,none,train,0fe5ce07d97681b2,clean
0,coco_train_reals,real,none,train,0fe5ce07d97681b2,blur20
0,coco_train_reals,real,none,train,0fe5ce07d97681b2,noise005
0,coco_train_reals,real,none,train,0fe5ce07d97681b2,jitter02
0,coco_train_reals,real,none,train,b8ba7b87105d77ea,clean
0,coco_train_reals,real,none,train,b8ba7b87105d77ea,jpeg30
0,coco_train_reals,real,none,train,b8ba7b87105d77ea,blur05
0,coco_train_reals,real,none,train,b8ba7b87105d77ea,noise002
0,coco_train_reals,real,none,train,89cd39c4334f667f,clean
0,coco_train_reals,real,none,train,89cd39c4334f667f,noise002
0,coco_train_reals,real,none,train,89cd39c4334f667f,noise01
0,coco_train_reals,real,none,train,89cd39c4334f667f,jitter02
0,coco_train_reals,real,none,train,00b9ad814e03573b,clean
0,coco_train_reals,real,none,train,00b9ad814e03573b,noise002
0,coco_train_reals,real,none,train,00b9ad814e03573b,noise005
0,coco_train_reals,real,none,train,00b9ad814e03573b,noise01
0,coco_train_reals,real,none,train,7db4ed8e24958604,clean
0,coco_train_reals,real,none,train,7db4ed8e24958604,jpeg70
0,coco_train_reals,real,none,train,7db4ed8e24958604,resize025
0,coco_train_reals,real,none,train,7db4ed8e24958604,noise01
0,coco_train_reals,real,none,train,878552d8b2750236,clean
0,coco_train_reals,real,none,train,878552d8b2750236,noise005
0,coco_train_reals,real,none,train,878552d8b2750236,noise01
0,coco_train_reals,real,none,train,878552d8b2750236,crop08
0,coco_train_reals,real,none,train,e12db86b31d0339e,clean
0,coco_train_reals,real,none,train,e12db86b31d0339e,jpeg70
0,coco_train_reals,real,none,train,e12db86b31d0339e,resize05
0,coco_train_reals,real,none,train,e12db86b31d0339e,noise01
0,coco_train_reals,real,none,train,7f0c2ebd493a0974,clean
0,coco_train_reals,real,none,train,7f0c2ebd493a0974,jpeg70
0,coco_train_reals,real,none,train,7f0c2ebd493a0974,jpeg30
0,coco_train_reals,real,none,train,7f0c2ebd493a0974,blur05
0,coco_train_reals,real,none,train,5464a974ddc7f3be,clean
0,coco_train_reals,real,none,train,5464a974ddc7f3be,jpeg30
0,coco_train_reals,real,none,train,5464a974ddc7f3be,noise01
0,coco_train_reals,real,none,train,5464a974ddc7f3be,crop08
0,coco_train_reals,real,none,train,a80c9f119514fc83,clean
0,coco_train_reals,real,none,train,a80c9f119514fc83,jpeg50
0,coco_train_reals,real,none,train,a80c9f119514fc83,noise002
0,coco_train_reals,real,none,train,a80c9f119514fc83,jitter02
0,coco_train_reals,real,none,train,82a5ff3b09425b46,clean
0,coco_train_reals,real,none,train,82a5ff3b09425b46,jpeg70
0,coco_train_reals,real,none,train,82a5ff3b09425b46,blur10
0,coco_train_reals,real,none,train,82a5ff3b09425b46,jitter02
0,coco_train_reals,real,none,train,912dcb888ebd01bc,clean
0,coco_train_reals,real,none,train,912dcb888ebd01bc,jpeg90
0,coco_train_reals,real,none,train,912dcb888ebd01bc,jpeg30
0,coco_train_reals,real,none,train,912dcb888ebd01bc,blur20
0,coco_train_reals,real,none,train,b05ed939e896c118,clean
0,coco_train_reals,real,none,train,b05ed939e896c118,jpeg90
0,coco_train_reals,real,none,train,b05ed939e896c118,blur05
0,coco_train_reals,real,none,train,b05ed939e896c118,jitter02
0,coco_train_reals,real,none,train,6fadbbd70b00f128,clean
0,coco_train_reals,real,none,train,6fadbbd70b00f128,jpeg70
0,coco_train_reals,real,none,train,6fadbbd70b00f128,resize025
0,coco_train_reals,real,none,train,6fadbbd70b00f128,noise002
0,coco_train_reals,real,none,train,8cb952e11416432c,clean
0,coco_train_reals,real,none,train,8cb952e11416432c,jpeg70
0,coco_train_reals,real,none,train,8cb952e11416432c,jpeg30
0,coco_train_reals,real,none,train,8cb952e11416432c,blur10
0,coco_train_reals,real,none,train,05aed0afca97146e,clean
0,coco_train_reals,real,none,train,05aed0afca97146e,jpeg70
0,coco_train_reals,real,none,train,05aed0afca97146e,jpeg30
0,coco_train_reals,real,none,train,05aed0afca97146e,blur10
0,coco_train_reals,real,none,train,967f2da15d8331a4,clean
0,coco_train_reals,real,none,train,967f2da15d8331a4,jpeg70
0,coco_train_reals,real,none,train,967f2da15d8331a4,jpeg50
0,coco_train_reals,real,none,train,967f2da15d8331a4,noise002
0,coco_train_reals,real,none,train,26e89906e8c69b2e,clean
0,coco_train_reals,real,none,train,26e89906e8c69b2e,jpeg30
0,coco_train_reals,real,none,train,26e89906e8c69b2e,blur20
0,coco_train_reals,real,none,train,26e89906e8c69b2e,crop08
0,coco_train_reals,real,none,train,7d55a35b88e3af91,clean
0,coco_train_reals,real,none,train,7d55a35b88e3af91,jpeg50
0,coco_train_reals,real,none,train,7d55a35b88e3af91,blur10
0,coco_train_reals,real,none,train,7d55a35b88e3af91,resize025
0,coco_train_reals,real,none,train,551ee3ccf107637d,clean
0,coco_train_reals,real,none,train,551ee3ccf107637d,jpeg70
0,coco_train_reals,real,none,train,551ee3ccf107637d,jpeg30
0,coco_train_reals,real,none,train,551ee3ccf107637d,blur10
0,coco_train_reals,real,none,train,ef84c7c9ccbfccea,clean
0,coco_train_reals,real,none,train,ef84c7c9ccbfccea,blur05
0,coco_train_reals,real,none,train,ef84c7c9ccbfccea,resize025
0,coco_train_reals,real,none,train,ef84c7c9ccbfccea,noise005
0,coco_train_reals,real,none,train,bb5124a9c5aa3283,clean
0,coco_train_reals,real,none,train,bb5124a9c5aa3283,blur20
0,coco_train_reals,real,none,train,bb5124a9c5aa3283,resize05
0,coco_train_reals,real,none,train,bb5124a9c5aa3283,noise01
0,coco_train_reals,real,none,train,06546c578697bbaa,clean
0,coco_train_reals,real,none,train,06546c578697bbaa,jpeg90
0,coco_train_reals,real,none,train,06546c578697bbaa,resize05
0,coco_train_reals,real,none,train,06546c578697bbaa,noise01
0,coco_train_reals,real,none,train,601cc664fbeafddb,clean
0,coco_train_reals,real,none,train,601cc664fbeafddb,jpeg30
0,coco_train_reals,real,none,train,601cc664fbeafddb,blur05
0,coco_train_reals,real,none,train,601cc664fbeafddb,resize05
0,coco_train_reals,real,none,train,110b46fca2191524,clean
0,coco_train_reals,real,none,train,110b46fca2191524,noise002
0,coco_train_reals,real,none,train,110b46fca2191524,jitter02
0,coco_train_reals,real,none,train,110b46fca2191524,crop08
0,coco_train_reals,real,none,train,2a35375ee77a29e6,clean
0,coco_train_reals,real,none,train,2a35375ee77a29e6,blur05
0,coco_train_reals,real,none,train,2a35375ee77a29e6,resize025
0,coco_train_reals,real,none,train,2a35375ee77a29e6,noise01
0,coco_train_reals,real,none,train,18978d69cee3318f,clean
0,coco_train_reals,real,none,train,18978d69cee3318f,jpeg90
0,coco_train_reals,real,none,train,18978d69cee3318f,jpeg30
0,coco_train_reals,real,none,train,18978d69cee3318f,resize025
0,coco_train_reals,real,none,train,9ba92e71d603b27a,clean
0,coco_train_reals,real,none,train,9ba92e71d603b27a,blur05
0,coco_train_reals,real,none,train,9ba92e71d603b27a,blur10
0,coco_train_reals,real,none,train,9ba92e71d603b27a,jitter02
0,coco_train_reals,real,none,train,071a4dbd2661a87d,clean
0,coco_train_reals,real,none,train,071a4dbd2661a87d,jpeg90
0,coco_train_reals,real,none,train,071a4dbd2661a87d,blur10
0,coco_train_reals,real,none,train,071a4dbd2661a87d,resize025
0,coco_train_reals,real,none,train,b4aa36f80b11a8b8,clean
0,coco_train_reals,real,none,train,b4aa36f80b11a8b8,blur05
0,coco_train_reals,real,none,train,b4aa36f80b11a8b8,noise005
0,coco_train_reals,real,none,train,b4aa36f80b11a8b8,noise01
0,coco_train_reals,real,none,train,528cf636f6840ba2,clean
0,coco_train_reals,real,none,train,528cf636f6840ba2,blur05
0,coco_train_reals,real,none,train,528cf636f6840ba2,blur20
0,coco_train_reals,real,none,train,528cf636f6840ba2,noise002
0,coco_train_reals,real,none,train,1ad0f3f5d7143563,clean
0,coco_train_reals,real,none,train,1ad0f3f5d7143563,blur20
0,coco_train_reals,real,none,train,1ad0f3f5d7143563,noise01
0,coco_train_reals,real,none,train,1ad0f3f5d7143563,jitter02
0,coco_train_reals,real,none,train,862ea0211cdf653a,clean
0,coco_train_reals,real,none,train,862ea0211cdf653a,jpeg50
0,coco_train_reals,real,none,train,862ea0211cdf653a,jpeg30
0,coco_train_reals,real,none,train,862ea0211cdf653a,resize05
0,coco_train_reals,real,none,train,cc6fd1cd61fd3b98,clean
0,coco_train_reals,real,none,train,cc6fd1cd61fd3b98,jpeg70
0,coco_train_reals,real,none,train,cc6fd1cd61fd3b98,blur10
0,coco_train_reals,real,none,train,cc6fd1cd61fd3b98,blur20
0,coco_train_reals,real,none,train,457f2707d7ce9c52,clean
0,coco_train_reals,real,none,train,457f2707d7ce9c52,jpeg70
0,coco_train_reals,real,none,train,457f2707d7ce9c52,jpeg50
0,coco_train_reals,real,none,train,457f2707d7ce9c52,noise002
0,coco_train_reals,real,none,train,2abea0aae9bdfd58,clean
0,coco_train_reals,real,none,train,2abea0aae9bdfd58,jpeg30
0,coco_train_reals,real,none,train,2abea0aae9bdfd58,blur20
0,coco_train_reals,real,none,train,2abea0aae9bdfd58,jitter02
0,coco_train_reals,real,none,train,82d41e7f50100872,clean
0,coco_train_reals,real,none,train,82d41e7f50100872,jpeg90
0,coco_train_reals,real,none,train,82d41e7f50100872,blur10
0,coco_train_reals,real,none,train,82d41e7f50100872,noise01
0,coco_train_reals,real,none,train,1b0c130685c60258,clean
0,coco_train_reals,real,none,train,1b0c130685c60258,jpeg30
0,coco_train_reals,real,none,train,1b0c130685c60258,noise005
0,coco_train_reals,real,none,train,1b0c130685c60258,jitter02
0,coco_train_reals,real,none,train,ae9e6ccebc94e7a4,clean
0,coco_train_reals,real,none,train,ae9e6ccebc94e7a4,jpeg90
0,coco_train_reals,real,none,train,ae9e6ccebc94e7a4,jpeg30
0,coco_train_reals,real,none,train,ae9e6ccebc94e7a4,blur05
0,coco_train_reals,real,none,train,5fef046238e5a802,clean
0,coco_train_reals,real,none,train,5fef046238e5a802,resize05
0,coco_train_reals,real,none,train,5fef046238e5a802,noise01
0,coco_train_reals,real,none,train,5fef046238e5a802,crop08
0,coco_train_reals,real,none,train,f0a1e3743dcdeb36,clean
0,coco_train_reals,real,none,train,f0a1e3743dcdeb36,blur10
0,coco_train_reals,real,none,train,f0a1e3743dcdeb36,blur20
0,coco_train_reals,real,none,train,f0a1e3743dcdeb36,crop08
0,coco_train_reals,real,none,train,2f998f13502dff6f,clean
0,coco_train_reals,real,none,train,2f998f13502dff6f,noise002
0,coco_train_reals,real,none,train,2f998f13502dff6f,noise01
0,coco_train_reals,real,none,train,2f998f13502dff6f,jitter02
0,coco_train_reals,real,none,train,2425af25517d943e,clean
0,coco_train_reals,real,none,train,2425af25517d943e,jpeg50
0,coco_train_reals,real,none,train,2425af25517d943e,blur20
0,coco_train_reals,real,none,train,2425af25517d943e,resize05
0,coco_train_reals,real,none,train,82700bbaaa6f8fdb,clean
0,coco_train_reals,real,none,train,82700bbaaa6f8fdb,resize025
0,coco_train_reals,real,none,train,82700bbaaa6f8fdb,noise002
0,coco_train_reals,real,none,train,82700bbaaa6f8fdb,noise01
0,coco_train_reals,real,none,train,36093543abf9def9,clean
0,coco_train_reals,real,none,train,36093543abf9def9,jpeg70
0,coco_train_reals,real,none,train,36093543abf9def9,jpeg30
0,coco_train_reals,real,none,train,36093543abf9def9,resize025
0,coco_train_reals,real,none,train,41dcc1ceed930ee8,clean
0,coco_train_reals,real,none,train,41dcc1ceed930ee8,blur20
0,coco_train_reals,real,none,train,41dcc1ceed930ee8,resize025
0,coco_train_reals,real,none,train,41dcc1ceed930ee8,noise005
0,coco_train_reals,real,none,train,3e149ae2d9da9a22,clean
0,coco_train_reals,real,none,train,3e149ae2d9da9a22,jpeg70
0,coco_train_reals,real,none,train,3e149ae2d9da9a22,jpeg30
0,coco_train_reals,real,none,train,3e149ae2d9da9a22,noise01
0,coco_train_reals,real,none,train,2cd66694a5d1f1eb,clean
0,coco_train_reals,real,none,train,2cd66694a5d1f1eb,blur20
0,coco_train_reals,real,none,train,2cd66694a5d1f1eb,noise01
0,coco_train_reals,real,none,train,2cd66694a5d1f1eb,crop08
0,coco_train_reals,real,none,train,6a36496aeed1231c,clean
0,coco_train_reals,real,none,train,6a36496aeed1231c,jpeg70
0,coco_train_reals,real,none,train,6a36496aeed1231c,noise01
0,coco_train_reals,real,none,train,6a36496aeed1231c,crop08
0,coco_train_reals,real,none,train,c87a71f890cca814,clean
0,coco_train_reals,real,none,train,c87a71f890cca814,blur10
0,coco_train_reals,real,none,train,c87a71f890cca814,jitter02
0,coco_train_reals,real,none,train,c87a71f890cca814,crop08
0,coco_train_reals,real,none,train,c09d2ac0715386be,clean
0,coco_train_reals,real,none,train,c09d2ac0715386be,blur10
0,coco_train_reals,real,none,train,c09d2ac0715386be,noise005
0,coco_train_reals,real,none,train,c09d2ac0715386be,jitter02
0,coco_train_reals,real,none,train,b54138714903672b,clean
0,coco_train_reals,real,none,train,b54138714903672b,jpeg30
0,coco_train_reals,real,none,train,b54138714903672b,blur10
0,coco_train_reals,real,none,train,b54138714903672b,jitter02
0,coco_train_reals,real,none,train,229f1ec80aa8d11c,clean
0,coco_train_reals,real,none,train,229f1ec80aa8d11c,blur05
0,coco_train_reals,real,none,train,229f1ec80aa8d11c,noise002
0,coco_train_reals,real,none,train,229f1ec80aa8d11c,noise01
0,coco_train_reals,real,none,train,f00bd85b9002400f,clean
0,coco_train_reals,real,none,train,f00bd85b9002400f,resize05
0,coco_train_reals,real,none,train,f00bd85b9002400f,noise005
0,coco_train_reals,real,none,train,f00bd85b9002400f,jitter02
0,coco_train_reals,real,none,train,73960a2c35ac0f84,clean
0,coco_train_reals,real,none,train,73960a2c35ac0f84,resize05
0,coco_train_reals,real,none,train,73960a2c35ac0f84,noise005
0,coco_train_reals,real,none,train,73960a2c35ac0f84,noise01
0,coco_train_reals,real,none,train,f3901efd128b93b0,clean
0,coco_train_reals,real,none,train,f3901efd128b93b0,jpeg90
0,coco_train_reals,real,none,train,f3901efd128b93b0,jpeg50
0,coco_train_reals,real,none,train,f3901efd128b93b0,noise002
0,coco_train_reals,real,none,train,609cc39a33819f46,clean
0,coco_train_reals,real,none,train,609cc39a33819f46,jpeg70
0,coco_train_reals,real,none,train,609cc39a33819f46,resize025
0,coco_train_reals,real,none,train,609cc39a33819f46,noise01
0,coco_train_reals,real,none,train,f415df2a57dd30a7,clean
0,coco_train_reals,real,none,train,f415df2a57dd30a7,resize05
0,coco_train_reals,real,none,train,f415df2a57dd30a7,noise002
0,coco_train_reals,real,none,train,f415df2a57dd30a7,jitter02
0,coco_train_reals,real,none,train,c52a7e436daf4b2e,clean
0,coco_train_reals,real,none,train,c52a7e436daf4b2e,blur05
0,coco_train_reals,real,none,train,c52a7e436daf4b2e,resize05
0,coco_train_reals,real,none,train,c52a7e436daf4b2e,noise01
0,coco_train_reals,real,none,train,8833475cab780f5d,clean
0,coco_train_reals,real,none,train,8833475cab780f5d,jpeg90
0,coco_train_reals,real,none,train,8833475cab780f5d,resize05
0,coco_train_reals,real,none,train,8833475cab780f5d,jitter02
0,coco_train_reals,real,none,train,9ff9a5ef134e1255,clean
0,coco_train_reals,real,none,train,9ff9a5ef134e1255,jpeg90
0,coco_train_reals,real,none,train,9ff9a5ef134e1255,blur05
0,coco_train_reals,real,none,train,9ff9a5ef134e1255,resize05
0,coco_train_reals,real,none,train,fd20af3d05914de3,clean
0,coco_train_reals,real,none,train,fd20af3d05914de3,blur20
0,coco_train_reals,real,none,train,fd20af3d05914de3,noise002
0,coco_train_reals,real,none,train,fd20af3d05914de3,noise01
0,coco_train_reals,real,none,train,e717710a56437c46,clean
0,coco_train_reals,real,none,train,e717710a56437c46,jpeg90
0,coco_train_reals,real,none,train,e717710a56437c46,jpeg70
0,coco_train_reals,real,none,train,e717710a56437c46,crop08
0,coco_train_reals,real,none,train,9c50a2147019818e,clean
0,coco_train_reals,real,none,train,9c50a2147019818e,blur10
0,coco_train_reals,real,none,train,9c50a2147019818e,noise002
0,coco_train_reals,real,none,train,9c50a2147019818e,jitter02
0,coco_train_reals,real,none,train,532fed184d5054f1,clean
0,coco_train_reals,real,none,train,532fed184d5054f1,jpeg50
0,coco_train_reals,real,none,train,532fed184d5054f1,noise01
0,coco_train_reals,real,none,train,532fed184d5054f1,jitter02
0,coco_train_reals,real,none,train,01a2d2b78c77cd47,clean
0,coco_train_reals,real,none,train,01a2d2b78c77cd47,jpeg50
0,coco_train_reals,real,none,train,01a2d2b78c77cd47,resize05
0,coco_train_reals,real,none,train,01a2d2b78c77cd47,crop08
0,coco_train_reals,real,none,train,24c893f147bdaf00,clean
0,coco_train_reals,real,none,train,24c893f147bdaf00,blur05
0,coco_train_reals,real,none,train,24c893f147bdaf00,resize05
0,coco_train_reals,real,none,train,24c893f147bdaf00,noise005
0,coco_train_reals,real,none,train,0fa2af1d17aefbde,clean
0,coco_train_reals,real,none,train,0fa2af1d17aefbde,blur05
0,coco_train_reals,real,none,train,0fa2af1d17aefbde,resize025
0,coco_train_reals,real,none,train,0fa2af1d17aefbde,noise01
0,coco_train_reals,real,none,train,836fcf397d87d422,clean
0,coco_train_reals,real,none,train,836fcf397d87d422,jpeg70
0,coco_train_reals,real,none,train,836fcf397d87d422,noise002
0,coco_train_reals,real,none,train,836fcf397d87d422,noise01
0,coco_train_reals,real,none,train,200c3efcddcc15eb,clean
0,coco_train_reals,real,none,train,200c3efcddcc15eb,blur10
0,coco_train_reals,real,none,train,200c3efcddcc15eb,noise005
0,coco_train_reals,real,none,train,200c3efcddcc15eb,crop08
0,coco_train_reals,real,none,train,3829f1e8eca3dfe0,clean
0,coco_train_reals,real,none,train,3829f1e8eca3dfe0,blur10
0,coco_train_reals,real,none,train,3829f1e8eca3dfe0,noise005
0,coco_train_reals,real,none,train,3829f1e8eca3dfe0,jitter02
0,coco_train_reals,real,none,train,59fee6219a6a91fa,clean
0,coco_train_reals,real,none,train,59fee6219a6a91fa,blur20
0,coco_train_reals,real,none,train,59fee6219a6a91fa,resize025
0,coco_train_reals,real,none,train,59fee6219a6a91fa,jitter02
0,coco_train_reals,real,none,train,2c1f3bfbb09e2bfd,clean
0,coco_train_reals,real,none,train,2c1f3bfbb09e2bfd,jpeg30
0,coco_train_reals,real,none,train,2c1f3bfbb09e2bfd,noise002
0,coco_train_reals,real,none,train,2c1f3bfbb09e2bfd,crop08
0,coco_train_reals,real,none,train,54f463031583fd06,clean
0,coco_train_reals,real,none,train,54f463031583fd06,jpeg90
0,coco_train_reals,real,none,train,54f463031583fd06,jpeg50
0,coco_train_reals,real,none,train,54f463031583fd06,noise005
0,coco_train_reals,real,none,train,08086ad55861ee13,clean
0,coco_train_reals,real,none,train,08086ad55861ee13,jpeg70
0,coco_train_reals,real,none,train,08086ad55861ee13,jpeg30
0,coco_train_reals,real,none,train,08086ad55861ee13,blur10
0,coco_train_reals,real,none,train,9c1e06ff140f6524,clean
0,coco_train_reals,real,none,train,9c1e06ff140f6524,jpeg50
0,coco_train_reals,real,none,train,9c1e06ff140f6524,jpeg30
0,coco_train_reals,real,none,train,9c1e06ff140f6524,blur20
0,coco_train_reals,real,none,train,191cb023a2816d0d,clean
0,coco_train_reals,real,none,train,191cb023a2816d0d,jpeg50
0,coco_train_reals,real,none,train,191cb023a2816d0d,blur10
0,coco_train_reals,real,none,train,191cb023a2816d0d,jitter02
0,coco_train_reals,real,none,train,ec6f8e2872733093,clean
0,coco_train_reals,real,none,train,ec6f8e2872733093,jpeg30
0,coco_train_reals,real,none,train,ec6f8e2872733093,noise002
0,coco_train_reals,real,none,train,ec6f8e2872733093,jitter02
0,coco_train_reals,real,none,train,a16ab3f5ba4a4d62,clean
0,coco_train_reals,real,none,train,a16ab3f5ba4a4d62,blur10
0,coco_train_reals,real,none,train,a16ab3f5ba4a4d62,resize05
0,coco_train_reals,real,none,train,a16ab3f5ba4a4d62,jitter02
0,coco_train_reals,real,none,train,30fad4d3275014f0,clean
0,coco_train_reals,real,none,train,30fad4d3275014f0,jpeg70
0,coco_train_reals,real,none,train,30fad4d3275014f0,blur10
0,coco_train_reals,real,none,train,30fad4d3275014f0,noise01
0,coco_train_reals,real,none,train,0d75c7c42911b64b,clean
0,coco_train_reals,real,none,train,0d75c7c42911b64b,jpeg90
0,coco_train_reals,real,none,train,0d75c7c42911b64b,jpeg70
0,coco_train_reals,real,none,train,0d75c7c42911b64b,noise005
0,coco_train_reals,real,none,train,58b9b6a73a911fae,clean
0,coco_train_reals,real,none,train,58b9b6a73a911fae,blur05
0,coco_train_reals,real,none,train,58b9b6a73a911fae,resize025
0,coco_train_reals,real,none,train,58b9b6a73a911fae,jitter02
0,coco_train_reals,real,none,train,95f1741a5dc427d0,clean
0,coco_train_reals,real,none,train,95f1741a5dc427d0,blur20
0,coco_train_reals,real,none,train,95f1741a5dc427d0,resize05
0,coco_train_reals,real,none,train,95f1741a5dc427d0,resize025
0,coco_train_reals,real,none,train,7bd1070d36d69f87,clean
0,coco_train_reals,real,none,train,7bd1070d36d69f87,blur05
0,coco_train_reals,real,none,train,7bd1070d36d69f87,noise005
0,coco_train_reals,real,none,train,7bd1070d36d69f87,jitter02
0,coco_train_reals,real,none,train,15d9abb46d4cd975,clean
0,coco_train_reals,real,none,train,15d9abb46d4cd975,jpeg50
0,coco_train_reals,real,none,train,15d9abb46d4cd975,blur10
0,coco_train_reals,real,none,train,15d9abb46d4cd975,jitter02
0,coco_train_reals,real,none,train,cb06294ee3a9b50e,clean
0,coco_train_reals,real,none,train,cb06294ee3a9b50e,noise01
0,coco_train_reals,real,none,train,cb06294ee3a9b50e,jitter02
0,coco_train_reals,real,none,train,cb06294ee3a9b50e,crop08
0,coco_train_reals,real,none,train,977f96130b1a4d33,clean
0,coco_train_reals,real,none,train,977f96130b1a4d33,jpeg70
0,coco_train_reals,real,none,train,977f96130b1a4d33,blur05
0,coco_train_reals,real,none,train,977f96130b1a4d33,resize05
0,coco_train_reals,real,none,train,f5aef22da09467c6,clean
0,coco_train_reals,real,none,train,f5aef22da09467c6,resize05
0,coco_train_reals,real,none,train,f5aef22da09467c6,resize025
0,coco_train_reals,real,none,train,f5aef22da09467c6,jitter02
0,coco_train_reals,real,none,train,cb53b1a2496817c6,clean
0,coco_train_reals,real,none,train,cb53b1a2496817c6,jpeg70
0,coco_train_reals,real,none,train,cb53b1a2496817c6,resize025
0,coco_train_reals,real,none,train,cb53b1a2496817c6,crop08
0,coco_train_reals,real,none,train,11d6325394068f58,clean
0,coco_train_reals,real,none,train,11d6325394068f58,blur10
0,coco_train_reals,real,none,train,11d6325394068f58,resize05
0,coco_train_reals,real,none,train,11d6325394068f58,noise002
0,coco_train_reals,real,none,train,c1ca7bdee582ebc7,clean
0,coco_train_reals,real,none,train,c1ca7bdee582ebc7,resize025
0,coco_train_reals,real,none,train,c1ca7bdee582ebc7,noise002
0,coco_train_reals,real,none,train,c1ca7bdee582ebc7,jitter02
0,coco_train_reals,real,none,train,5152fb1032a8fd82,clean
0,coco_train_reals,real,none,train,5152fb1032a8fd82,blur10
0,coco_train_reals,real,none,train,5152fb1032a8fd82,resize025
0,coco_train_reals,real,none,train,5152fb1032a8fd82,crop08
0,coco_train_reals,real,none,train,2c67dca492ab8f6a,clean
0,coco_train_reals,real,none,train,2c67dca492ab8f6a,jpeg90
0,coco_train_reals,real,none,train,2c67dca492ab8f6a,blur10
0,coco_train_reals,real,none,train,2c67dca492ab8f6a,resize05
0,coco_train_reals,real,none,train,dbdcad08fb6e5f42,clean
0,coco_train_reals,real,none,train,dbdcad08fb6e5f42,blur10
0,coco_train_reals,real,none,train,dbdcad08fb6e5f42,blur20
0,coco_train_reals,real,none,train,dbdcad08fb6e5f42,noise002
0,coco_train_reals,real,none,train,579b36c1a23e09c2,clean
0,coco_train_reals,real,none,train,579b36c1a23e09c2,jpeg70
0,coco_train_reals,real,none,train,579b36c1a23e09c2,blur05
0,coco_train_reals,real,none,train,579b36c1a23e09c2,resize025
0,coco_train_reals,real,none,train,b0fcf837592ff2c5,clean
0,coco_train_reals,real,none,train,b0fcf837592ff2c5,jpeg30
0,coco_train_reals,real,none,train,b0fcf837592ff2c5,blur10
0,coco_train_reals,real,none,train,b0fcf837592ff2c5,noise005
0,coco_train_reals,real,none,train,66b4e08a76d9a2fd,clean
0,coco_train_reals,real,none,train,66b4e08a76d9a2fd,jpeg70
0,coco_train_reals,real,none,train,66b4e08a76d9a2fd,jitter02
0,coco_train_reals,real,none,train,66b4e08a76d9a2fd,crop08
0,coco_train_reals,real,none,train,c50172cd804ba964,clean
0,coco_train_reals,real,none,train,c50172cd804ba964,blur20
0,coco_train_reals,real,none,train,c50172cd804ba964,resize05
0,coco_train_reals,real,none,train,c50172cd804ba964,noise01
0,coco_train_reals,real,none,train,91c60f2ff6b1527b,clean
0,coco_train_reals,real,none,train,91c60f2ff6b1527b,jpeg30
0,coco_train_reals,real,none,train,91c60f2ff6b1527b,blur05
0,coco_train_reals,real,none,train,91c60f2ff6b1527b,noise01
0,coco_train_reals,real,none,train,9c29e581bd3f60ff,clean
0,coco_train_reals,real,none,train,9c29e581bd3f60ff,jpeg90
0,coco_train_reals,real,none,train,9c29e581bd3f60ff,jpeg70
0,coco_train_reals,real,none,train,9c29e581bd3f60ff,resize05
0,coco_train_reals,real,none,train,c21d2837cb829093,clean
0,coco_train_reals,real,none,train,c21d2837cb829093,jpeg90
0,coco_train_reals,real,none,train,c21d2837cb829093,blur05
0,coco_train_reals,real,none,train,c21d2837cb829093,noise002
0,coco_train_reals,real,none,train,8f8fab9e93f575de,clean
0,coco_train_reals,real,none,train,8f8fab9e93f575de,blur20
0,coco_train_reals,real,none,train,8f8fab9e93f575de,resize05
0,coco_train_reals,real,none,train,8f8fab9e93f575de,resize025
0,coco_train_reals,real,none,train,6173e52b1caebf47,clean
0,coco_train_reals,real,none,train,6173e52b1caebf47,jpeg50
0,coco_train_reals,real,none,train,6173e52b1caebf47,resize05
0,coco_train_reals,real,none,train,6173e52b1caebf47,resize025
0,coco_train_reals,real,none,train,559862a508f5a17c,clean
0,coco_train_reals,real,none,train,559862a508f5a17c,blur10
0,coco_train_reals,real,none,train,559862a508f5a17c,blur20
0,coco_train_reals,real,none,train,559862a508f5a17c,crop08
0,coco_train_reals,real,none,train,281ddef9c2985111,clean
0,coco_train_reals,real,none,train,281ddef9c2985111,jpeg90
0,coco_train_reals,real,none,train,281ddef9c2985111,resize025
0,coco_train_reals,real,none,train,281ddef9c2985111,noise005
0,coco_train_reals,real,none,train,762ce4f4a7a8a16b,clean
0,coco_train_reals,real,none,train,762ce4f4a7a8a16b,jpeg70
0,coco_train_reals,real,none,train,762ce4f4a7a8a16b,blur10
0,coco_train_reals,real,none,train,762ce4f4a7a8a16b,noise01
0,coco_train_reals,real,none,train,6f6d1a8ff9530d25,clean
0,coco_train_reals,real,none,train,6f6d1a8ff9530d25,jpeg50
0,coco_train_reals,real,none,train,6f6d1a8ff9530d25,blur05
0,coco_train_reals,real,none,train,6f6d1a8ff9530d25,noise005
0,coco_train_reals,real,none,train,426241be98e69046,clean
0,coco_train_reals,real,none,train,426241be98e69046,noise01
0,coco_train_reals,real,none,train,426241be98e69046,jitter02
0,coco_train_reals,real,none,train,426241be98e69046,crop08
0,coco_train_reals,real,none,train,7a0be396e63f08c1,clean
0,coco_train_reals,real,none,train,7a0be396e63f08c1,blur20
0,coco_train_reals,real,none,train,7a0be396e63f08c1,noise01
0,coco_train_reals,real,none,train,7a0be396e63f08c1,crop08
0,coco_train_reals,real,none,train,8be965adb1161ab7,clean
0,coco_train_reals,real,none,train,8be965adb1161ab7,jpeg70
0,coco_train_reals,real,none,train,8be965adb1161ab7,resize05
0,coco_train_reals,real,none,train,8be965adb1161ab7,noise005
0,coco_train_reals,real,none,train,00662ff1222ff113,clean
0,coco_train_reals,real,none,train,00662ff1222ff113,noise002
0,coco_train_reals,real,none,train,00662ff1222ff113,noise01
0,coco_train_reals,real,none,train,00662ff1222ff113,jitter02
0,coco_train_reals,real,none,train,13340d9fb4fe9f1e,clean
0,coco_train_reals,real,none,train,13340d9fb4fe9f1e,jpeg50
0,coco_train_reals,real,none,train,13340d9fb4fe9f1e,blur20
0,coco_train_reals,real,none,train,13340d9fb4fe9f1e,noise01
0,coco_train_reals,real,none,train,0241db57144e4f8f,clean
0,coco_train_reals,real,none,train,0241db57144e4f8f,jpeg50
0,coco_train_reals,real,none,train,0241db57144e4f8f,blur20
0,coco_train_reals,real,none,train,0241db57144e4f8f,resize025
0,coco_train_reals,real,none,train,0d0b83ca227885f0,clean
0,coco_train_reals,real,none,train,0d0b83ca227885f0,jpeg50
0,coco_train_reals,real,none,train,0d0b83ca227885f0,resize05
0,coco_train_reals,real,none,train,0d0b83ca227885f0,noise01
0,coco_train_reals,real,none,train,87528ceb3e1565b0,clean
0,coco_train_reals,real,none,train,87528ceb3e1565b0,jpeg70
0,coco_train_reals,real,none,train,87528ceb3e1565b0,blur05
0,coco_train_reals,real,none,train,87528ceb3e1565b0,noise01
0,coco_train_reals,real,none,train,50910ed26c688081,clean
0,coco_train_reals,real,none,train,50910ed26c688081,blur10
0,coco_train_reals,real,none,train,50910ed26c688081,resize05
0,coco_train_reals,real,none,train,50910ed26c688081,noise005
0,coco_train_reals,real,none,train,0b7e235b6f0ccd46,clean
0,coco_train_reals,real,none,train,0b7e235b6f0ccd46,jpeg50
0,coco_train_reals,real,none,train,0b7e235b6f0ccd46,blur05
0,coco_train_reals,real,none,train,0b7e235b6f0ccd46,noise01
0,coco_train_reals,real,none,train,b99485493a9a5741,clean
0,coco_train_reals,real,none,train,b99485493a9a5741,jpeg70
0,coco_train_reals,real,none,train,b99485493a9a5741,blur05
0,coco_train_reals,real,none,train,b99485493a9a5741,noise002
0,coco_train_reals,real,none,train,d8fab854a7b8a749,clean
0,coco_train_reals,real,none,train,d8fab854a7b8a749,jpeg30
0,coco_train_reals,real,none,train,d8fab854a7b8a749,resize05
0,coco_train_reals,real,none,train,d8fab854a7b8a749,resize025
0,coco_train_reals,real,none,train,54fbe96dd2472dae,clean
0,coco_train_reals,real,none,train,54fbe96dd2472dae,blur10
0,coco_train_reals,real,none,train,54fbe96dd2472dae,blur20
0,coco_train_reals,real,none,train,54fbe96dd2472dae,noise005
0,coco_train_reals,real,none,train,3621ff1d52e65e29,clean
0,coco_train_reals,real,none,train,3621ff1d52e65e29,blur20
0,coco_train_reals,real,none,train,3621ff1d52e65e29,noise005
0,coco_train_reals,real,none,train,3621ff1d52e65e29,crop08
0,coco_train_reals,real,none,train,98c6988c65659827,clean
0,coco_train_reals,real,none,train,98c6988c65659827,jpeg90
0,coco_train_reals,real,none,train,98c6988c65659827,blur10
0,coco_train_reals,real,none,train,98c6988c65659827,blur20
0,coco_train_reals,real,none,train,634dcb31e5fad404,clean
0,coco_train_reals,real,none,train,634dcb31e5fad404,jpeg30
0,coco_train_reals,real,none,train,634dcb31e5fad404,blur05
0,coco_train_reals,real,none,train,634dcb31e5fad404,resize025
0,coco_train_reals,real,none,train,c23f2c25c8605037,clean
0,coco_train_reals,real,none,train,c23f2c25c8605037,jpeg30
0,coco_train_reals,real,none,train,c23f2c25c8605037,blur05
0,coco_train_reals,real,none,train,c23f2c25c8605037,resize05
0,coco_train_reals,real,none,train,28698519cfaedb50,clean
0,coco_train_reals,real,none,train,28698519cfaedb50,jpeg90
0,coco_train_reals,real,none,train,28698519cfaedb50,resize05
0,coco_train_reals,real,none,train,28698519cfaedb50,jitter02
0,coco_train_reals,real,none,train,a6373bbb948381f0,clean
0,coco_train_reals,real,none,train,a6373bbb948381f0,blur10
0,coco_train_reals,real,none,train,a6373bbb948381f0,noise01
0,coco_train_reals,real,none,train,a6373bbb948381f0,jitter02
0,coco_train_reals,real,none,train,b54a0ca885492b79,clean
0,coco_train_reals,real,none,train,b54a0ca885492b79,jpeg50
0,coco_train_reals,real,none,train,b54a0ca885492b79,resize05
0,coco_train_reals,real,none,train,b54a0ca885492b79,resize025
0,coco_train_reals,real,none,train,28d7f390c8b6a5d4,clean
0,coco_train_reals,real,none,train,28d7f390c8b6a5d4,resize025
0,coco_train_reals,real,none,train,28d7f390c8b6a5d4,noise002
0,coco_train_reals,real,none,train,28d7f390c8b6a5d4,jitter02
0,coco_train_reals,real,none,train,b557f18a61ee5996,clean
0,coco_train_reals,real,none,train,b557f18a61ee5996,blur10
0,coco_train_reals,real,none,train,b557f18a61ee5996,blur20
0,coco_train_reals,real,none,train,b557f18a61ee5996,jitter02
0,coco_train_reals,real,none,train,04c3c0ea816cef98,clean
0,coco_train_reals,real,none,train,04c3c0ea816cef98,blur05
0,coco_train_reals,real,none,train,04c3c0ea816cef98,blur10
0,coco_train_reals,real,none,train,04c3c0ea816cef98,resize025
0,coco_train_reals,real,none,train,44614fcae41ef7e3,clean
0,coco_train_reals,real,none,train,44614fcae41ef7e3,jpeg90
0,coco_train_reals,real,none,train,44614fcae41ef7e3,resize025
0,coco_train_reals,real,none,train,44614fcae41ef7e3,noise002
0,coco_train_reals,real,none,train,8b0e43d155e3f31c,clean
0,coco_train_reals,real,none,train,8b0e43d155e3f31c,noise005
0,coco_train_reals,real,none,train,8b0e43d155e3f31c,noise01
0,coco_train_reals,real,none,train,8b0e43d155e3f31c,crop08
0,coco_train_reals,real,none,train,bcd1c4e620c6ddbe,clean
0,coco_train_reals,real,none,train,bcd1c4e620c6ddbe,jpeg90
0,coco_train_reals,real,none,train,bcd1c4e620c6ddbe,jpeg50
0,coco_train_reals,real,none,train,bcd1c4e620c6ddbe,resize05
0,coco_train_reals,real,none,train,b74aba56eb370902,clean
0,coco_train_reals,real,none,train,b74aba56eb370902,jpeg50
0,coco_train_reals,real,none,train,b74aba56eb370902,blur05
0,coco_train_reals,real,none,train,b74aba56eb370902,resize025
0,coco_train_reals,real,none,train,64f3ce1754473350,clean
0,coco_train_reals,real,none,train,64f3ce1754473350,jpeg90
0,coco_train_reals,real,none,train,64f3ce1754473350,jpeg50
0,coco_train_reals,real,none,train,64f3ce1754473350,noise01
0,coco_train_reals,real,none,train,165b93cde3c86230,clean
0,coco_train_reals,real,none,train,165b93cde3c86230,blur05
0,coco_train_reals,real,none,train,165b93cde3c86230,noise005
0,coco_train_reals,real,none,train,165b93cde3c86230,noise01
0,coco_train_reals,real,none,train,27c26d799f61c47f,clean
0,coco_train_reals,real,none,train,27c26d799f61c47f,jpeg30
0,coco_train_reals,real,none,train,27c26d799f61c47f,blur10
0,coco_train_reals,real,none,train,27c26d799f61c47f,crop08
0,coco_train_reals,real,none,train,f4c6364bf4c072c3,clean
0,coco_train_reals,real,none,train,f4c6364bf4c072c3,blur05
0,coco_train_reals,real,none,train,f4c6364bf4c072c3,resize05
0,coco_train_reals,real,none,train,f4c6364bf4c072c3,jitter02
0,coco_train_reals,real,none,train,dd506f841685975a,clean
0,coco_train_reals,real,none,train,dd506f841685975a,jpeg90
0,coco_train_reals,real,none,train,dd506f841685975a,jpeg50
0,coco_train_reals,real,none,train,dd506f841685975a,jpeg30
0,coco_train_reals,real,none,train,cc7f669c7fd50980,clean
0,coco_train_reals,real,none,train,cc7f669c7fd50980,jpeg50
0,coco_train_reals,real,none,train,cc7f669c7fd50980,blur05
0,coco_train_reals,real,none,train,cc7f669c7fd50980,blur20
0,coco_train_reals,real,none,train,1b1958eed2a8b26e,clean
0,coco_train_reals,real,none,train,1b1958eed2a8b26e,jpeg50
0,coco_train_reals,real,none,train,1b1958eed2a8b26e,blur20
0,coco_train_reals,real,none,train,1b1958eed2a8b26e,noise002
0,coco_train_reals,real,none,train,5d06f7e577ed316b,clean
0,coco_train_reals,real,none,train,5d06f7e577ed316b,resize025
0,coco_train_reals,real,none,train,5d06f7e577ed316b,noise002
0,coco_train_reals,real,none,train,5d06f7e577ed316b,jitter02
0,coco_train_reals,real,none,train,05f060cbb346731b,clean
0,coco_train_reals,real,none,train,05f060cbb346731b,blur05
0,coco_train_reals,real,none,train,05f060cbb346731b,resize025
0,coco_train_reals,real,none,train,05f060cbb346731b,jitter02
0,coco_train_reals,real,none,train,b15468f32064a112,clean
0,coco_train_reals,real,none,train,b15468f32064a112,jpeg90
0,coco_train_reals,real,none,train,b15468f32064a112,blur20
0,coco_train_reals,real,none,train,b15468f32064a112,resize05
0,coco_train_reals,real,none,train,fe5c2ad64c77ff71,clean
0,coco_train_reals,real,none,train,fe5c2ad64c77ff71,blur20
0,coco_train_reals,real,none,train,fe5c2ad64c77ff71,resize025
0,coco_train_reals,real,none,train,fe5c2ad64c77ff71,crop08
0,coco_train_reals,real,none,train,e4edfae595801f12,clean
0,coco_train_reals,real,none,train,e4edfae595801f12,jpeg50
0,coco_train_reals,real,none,train,e4edfae595801f12,noise002
0,coco_train_reals,real,none,train,e4edfae595801f12,jitter02
0,coco_train_reals,real,none,train,1a7afebba71104ee,clean
0,coco_train_reals,real,none,train,1a7afebba71104ee,jpeg70
0,coco_train_reals,real,none,train,1a7afebba71104ee,noise002
0,coco_train_reals,real,none,train,1a7afebba71104ee,noise005
0,coco_train_reals,real,none,train,ef021f80bcfbe402,clean
0,coco_train_reals,real,none,train,ef021f80bcfbe402,blur05
0,coco_train_reals,real,none,train,ef021f80bcfbe402,resize025
0,coco_train_reals,real,none,train,ef021f80bcfbe402,crop08
0,coco_train_reals,real,none,train,0de32aabd37cde49,clean
0,coco_train_reals,real,none,train,0de32aabd37cde49,jpeg50
0,coco_train_reals,real,none,train,0de32aabd37cde49,blur05
0,coco_train_reals,real,none,train,0de32aabd37cde49,blur10
0,coco_train_reals,real,none,train,f7ebab6da85c82e1,clean
0,coco_train_reals,real,none,train,f7ebab6da85c82e1,jpeg70
0,coco_train_reals,real,none,train,f7ebab6da85c82e1,jitter02
0,coco_train_reals,real,none,train,f7ebab6da85c82e1,crop08
0,coco_train_reals,real,none,train,a82d6ca6b043f9a0,clean
0,coco_train_reals,real,none,train,a82d6ca6b043f9a0,jpeg70
0,coco_train_reals,real,none,train,a82d6ca6b043f9a0,resize025
0,coco_train_reals,real,none,train,a82d6ca6b043f9a0,noise002
0,coco_train_reals,real,none,train,280f7a23a33e04cc,clean
0,coco_train_reals,real,none,train,280f7a23a33e04cc,jpeg70
0,coco_train_reals,real,none,train,280f7a23a33e04cc,jpeg50
0,coco_train_reals,real,none,train,280f7a23a33e04cc,noise002
0,coco_train_reals,real,none,train,973d5e04baa718d2,clean
0,coco_train_reals,real,none,train,973d5e04baa718d2,resize05
0,coco_train_reals,real,none,train,973d5e04baa718d2,resize025
0,coco_train_reals,real,none,train,973d5e04baa718d2,noise002
0,coco_train_reals,real,none,train,4ed1219158c25282,clean
0,coco_train_reals,real,none,train,4ed1219158c25282,jpeg90
0,coco_train_reals,real,none,train,4ed1219158c25282,blur20
0,coco_train_reals,real,none,train,4ed1219158c25282,noise01
0,coco_train_reals,real,none,train,d3c81fdf5ae77794,clean
0,coco_train_reals,real,none,train,d3c81fdf5ae77794,jpeg70
0,coco_train_reals,real,none,train,d3c81fdf5ae77794,resize05
0,coco_train_reals,real,none,train,d3c81fdf5ae77794,jitter02
0,coco_train_reals,real,none,train,e1c5fe0137404478,clean
0,coco_train_reals,real,none,train,e1c5fe0137404478,jpeg90
0,coco_train_reals,real,none,train,e1c5fe0137404478,jpeg50
0,coco_train_reals,real,none,train,e1c5fe0137404478,noise01
0,coco_train_reals,real,none,train,2d48fcb5cbab01a1,clean
0,coco_train_reals,real,none,train,2d48fcb5cbab01a1,jpeg90
0,coco_train_reals,real,none,train,2d48fcb5cbab01a1,blur05
0,coco_train_reals,real,none,train,2d48fcb5cbab01a1,resize05
0,coco_train_reals,real,none,train,93bf2857f7b8e461,clean
0,coco_train_reals,real,none,train,93bf2857f7b8e461,jpeg90
0,coco_train_reals,real,none,train,93bf2857f7b8e461,jpeg50
0,coco_train_reals,real,none,train,93bf2857f7b8e461,crop08
0,coco_train_reals,real,none,train,b6bc394fc8111ff1,clean
0,coco_train_reals,real,none,train,b6bc394fc8111ff1,jpeg70
0,coco_train_reals,real,none,train,b6bc394fc8111ff1,noise005
0,coco_train_reals,real,none,train,b6bc394fc8111ff1,crop08
0,coco_train_reals,real,none,train,6e9ce41a96bc4b9d,clean
0,coco_train_reals,real,none,train,6e9ce41a96bc4b9d,jpeg70
0,coco_train_reals,real,none,train,6e9ce41a96bc4b9d,noise01
0,coco_train_reals,real,none,train,6e9ce41a96bc4b9d,crop08
0,coco_train_reals,real,none,train,2584dbbd057ffdd5,clean
0,coco_train_reals,real,none,train,2584dbbd057ffdd5,jpeg70
0,coco_train_reals,real,none,train,2584dbbd057ffdd5,jpeg30
0,coco_train_reals,real,none,train,2584dbbd057ffdd5,resize025
0,coco_train_reals,real,none,train,2c10ae9da7977791,clean
0,coco_train_reals,real,none,train,2c10ae9da7977791,jpeg90
0,coco_train_reals,real,none,train,2c10ae9da7977791,jpeg30
0,coco_train_reals,real,none,train,2c10ae9da7977791,jitter02
0,coco_train_reals,real,none,train,feaa0abb183cb932,clean
0,coco_train_reals,real,none,train,feaa0abb183cb932,jpeg30
0,coco_train_reals,real,none,train,feaa0abb183cb932,resize025
0,coco_train_reals,real,none,train,feaa0abb183cb932,jitter02
0,coco_train_reals,real,none,train,90cf20ab7767b294,clean
0,coco_train_reals,real,none,train,90cf20ab7767b294,jpeg30
0,coco_train_reals,real,none,train,90cf20ab7767b294,noise002
0,coco_train_reals,real,none,train,90cf20ab7767b294,noise005
0,coco_train_reals,real,none,train,0e9c99f667d19eb4,clean
0,coco_train_reals,real,none,train,0e9c99f667d19eb4,jpeg50
0,coco_train_reals,real,none,train,0e9c99f667d19eb4,resize025
0,coco_train_reals,real,none,train,0e9c99f667d19eb4,noise005
0,coco_train_reals,real,none,train,9b466cfc2c7f4f65,clean
0,coco_train_reals,real,none,train,9b466cfc2c7f4f65,blur10
0,coco_train_reals,real,none,train,9b466cfc2c7f4f65,resize025
0,coco_train_reals,real,none,train,9b466cfc2c7f4f65,noise01
0,coco_train_reals,real,none,train,32be3759386d4a56,clean
0,coco_train_reals,real,none,train,32be3759386d4a56,blur05
0,coco_train_reals,real,none,train,32be3759386d4a56,noise01
0,coco_train_reals,real,none,train,32be3759386d4a56,crop08
0,coco_train_reals,real,none,train,e6ef5ea5875e1c1d,clean
0,coco_train_reals,real,none,train,e6ef5ea5875e1c1d,blur20
0,coco_train_reals,real,none,train,e6ef5ea5875e1c1d,noise01
0,coco_train_reals,real,none,train,e6ef5ea5875e1c1d,crop08
0,coco_train_reals,real,none,train,a0f76af18dd42149,clean
0,coco_train_reals,real,none,train,a0f76af18dd42149,blur10
0,coco_train_reals,real,none,train,a0f76af18dd42149,resize025
0,coco_train_reals,real,none,train,a0f76af18dd42149,jitter02
0,coco_train_reals,real,none,train,1e4c5acc86639679,clean
0,coco_train_reals,real,none,train,1e4c5acc86639679,jpeg90
0,coco_train_reals,real,none,train,1e4c5acc86639679,jpeg50
0,coco_train_reals,real,none,train,1e4c5acc86639679,crop08
0,coco_train_reals,real,none,train,ec4cb03e29dc4d16,clean
0,coco_train_reals,real,none,train,ec4cb03e29dc4d16,jpeg90
0,coco_train_reals,real,none,train,ec4cb03e29dc4d16,jpeg70
0,coco_train_reals,real,none,train,ec4cb03e29dc4d16,noise01
0,coco_train_reals,real,none,train,9d9926899c938115,clean
0,coco_train_reals,real,none,train,9d9926899c938115,jpeg50
0,coco_train_reals,real,none,train,9d9926899c938115,blur20
0,coco_train_reals,real,none,train,9d9926899c938115,resize05
0,coco_train_reals,real,none,train,8387d0b63e236946,clean
0,coco_train_reals,real,none,train,8387d0b63e236946,blur05
0,coco_train_reals,real,none,train,8387d0b63e236946,blur10
0,coco_train_reals,real,none,train,8387d0b63e236946,noise005
0,coco_train_reals,real,none,train,20c83bffaa103a5e,clean
0,coco_train_reals,real,none,train,20c83bffaa103a5e,jpeg70
0,coco_train_reals,real,none,train,20c83bffaa103a5e,resize025
0,coco_train_reals,real,none,train,20c83bffaa103a5e,jitter02
0,coco_train_reals,real,none,train,a77f9b0bed7ee7b8,clean
0,coco_train_reals,real,none,train,a77f9b0bed7ee7b8,noise002
0,coco_train_reals,real,none,train,a77f9b0bed7ee7b8,noise01
0,coco_train_reals,real,none,train,a77f9b0bed7ee7b8,jitter02
0,coco_train_reals,real,none,train,344e20eeaa3670e3,clean
0,coco_train_reals,real,none,train,344e20eeaa3670e3,jpeg90
0,coco_train_reals,real,none,train,344e20eeaa3670e3,jpeg70
0,coco_train_reals,real,none,train,344e20eeaa3670e3,blur05
0,coco_train_reals,real,none,train,669fc561ad8f9ff2,clean
0,coco_train_reals,real,none,train,669fc561ad8f9ff2,jpeg30
0,coco_train_reals,real,none,train,669fc561ad8f9ff2,resize025
0,coco_train_reals,real,none,train,669fc561ad8f9ff2,crop08
0,coco_train_reals,real,none,train,011965a4775db557,clean
0,coco_train_reals,real,none,train,011965a4775db557,blur20
0,coco_train_reals,real,none,train,011965a4775db557,resize025
0,coco_train_reals,real,none,train,011965a4775db557,jitter02
0,coco_train_reals,real,none,train,d0b7812d3601d839,clean
0,coco_train_reals,real,none,train,d0b7812d3601d839,jpeg50
0,coco_train_reals,real,none,train,d0b7812d3601d839,jpeg30
0,coco_train_reals,real,none,train,d0b7812d3601d839,jitter02
0,coco_train_reals,real,none,train,53da6e7d5098deeb,clean
0,coco_train_reals,real,none,train,53da6e7d5098deeb,resize05
0,coco_train_reals,real,none,train,53da6e7d5098deeb,resize025
0,coco_train_reals,real,none,train,53da6e7d5098deeb,jitter02
0,coco_train_reals,real,none,train,ac1a5a6a448e7965,clean
0,coco_train_reals,real,none,train,ac1a5a6a448e7965,blur10
0,coco_train_reals,real,none,train,ac1a5a6a448e7965,noise002
0,coco_train_reals,real,none,train,ac1a5a6a448e7965,noise005
0,coco_train_reals,real,none,train,c2c5cd18d5fb541a,clean
0,coco_train_reals,real,none,train,c2c5cd18d5fb541a,blur10
0,coco_train_reals,real,none,train,c2c5cd18d5fb541a,blur20
0,coco_train_reals,real,none,train,c2c5cd18d5fb541a,noise005
0,coco_train_reals,real,none,train,bc0e86c2ac166b47,clean
0,coco_train_reals,real,none,train,bc0e86c2ac166b47,blur05
0,coco_train_reals,real,none,train,bc0e86c2ac166b47,resize05
0,coco_train_reals,real,none,train,bc0e86c2ac166b47,noise002
0,coco_train_reals,real,none,train,9e6511e38f1832aa,clean
0,coco_train_reals,real,none,train,9e6511e38f1832aa,jpeg90
0,coco_train_reals,real,none,train,9e6511e38f1832aa,resize05
0,coco_train_reals,real,none,train,9e6511e38f1832aa,noise005
0,coco_train_reals,real,none,train,a425c4521a19d1c8,clean
0,coco_train_reals,real,none,train,a425c4521a19d1c8,jpeg90
0,coco_train_reals,real,none,train,a425c4521a19d1c8,resize05
0,coco_train_reals,real,none,train,a425c4521a19d1c8,noise01
0,coco_train_reals,real,none,train,9e6fcbf209374f2f,clean
0,coco_train_reals,real,none,train,9e6fcbf209374f2f,jpeg50
0,coco_train_reals,real,none,train,9e6fcbf209374f2f,blur05
0,coco_train_reals,real,none,train,9e6fcbf209374f2f,noise005
0,coco_train_reals,real,none,train,2f09082e51d35cb5,clean
0,coco_train_reals,real,none,train,2f09082e51d35cb5,jpeg70
0,coco_train_reals,real,none,train,2f09082e51d35cb5,blur10
0,coco_train_reals,real,none,train,2f09082e51d35cb5,resize05
0,coco_train_reals,real,none,train,271b8ff2dc26c214,clean
0,coco_train_reals,real,none,train,271b8ff2dc26c214,jpeg90
0,coco_train_reals,real,none,train,271b8ff2dc26c214,jpeg30
0,coco_train_reals,real,none,train,271b8ff2dc26c214,noise005
0,coco_train_reals,real,none,train,9dd2f46df42d4131,clean
0,coco_train_reals,real,none,train,9dd2f46df42d4131,jpeg90
0,coco_train_reals,real,none,train,9dd2f46df42d4131,blur10
0,coco_train_reals,real,none,train,9dd2f46df42d4131,resize025
0,coco_train_reals,real,none,train,230a6c2d2218001c,clean
0,coco_train_reals,real,none,train,230a6c2d2218001c,jpeg90
0,coco_train_reals,real,none,train,230a6c2d2218001c,jpeg70
0,coco_train_reals,real,none,train,230a6c2d2218001c,blur20
0,coco_train_reals,real,none,train,df10296d7ed3ef86,clean
0,coco_train_reals,real,none,train,df10296d7ed3ef86,jpeg50
0,coco_train_reals,real,none,train,df10296d7ed3ef86,blur05
0,coco_train_reals,real,none,train,df10296d7ed3ef86,resize025
0,coco_train_reals,real,none,train,e33d0b681ec2f68e,clean
0,coco_train_reals,real,none,train,e33d0b681ec2f68e,jpeg90
0,coco_train_reals,real,none,train,e33d0b681ec2f68e,blur05
0,coco_train_reals,real,none,train,e33d0b681ec2f68e,noise002
0,coco_train_reals,real,none,train,c6a992c3c3fb0a7e,clean
0,coco_train_reals,real,none,train,c6a992c3c3fb0a7e,blur05
0,coco_train_reals,real,none,train,c6a992c3c3fb0a7e,resize05
0,coco_train_reals,real,none,train,c6a992c3c3fb0a7e,noise01
0,coco_train_reals,real,none,train,88aea4e03603e378,clean
0,coco_train_reals,real,none,train,88aea4e03603e378,resize05
0,coco_train_reals,real,none,train,88aea4e03603e378,resize025
0,coco_train_reals,real,none,train,88aea4e03603e378,noise01
0,coco_train_reals,real,none,train,5b11ae436121da5a,clean
0,coco_train_reals,real,none,train,5b11ae436121da5a,jpeg50
0,coco_train_reals,real,none,train,5b11ae436121da5a,blur10
0,coco_train_reals,real,none,train,5b11ae436121da5a,noise005
0,coco_train_reals,real,none,train,d6b0ba3ea0416b0b,clean
0,coco_train_reals,real,none,train,d6b0ba3ea0416b0b,noise002
0,coco_train_reals,real,none,train,d6b0ba3ea0416b0b,noise005
0,coco_train_reals,real,none,train,d6b0ba3ea0416b0b,crop08
0,coco_train_reals,real,none,train,8952621583c4774d,clean
0,coco_train_reals,real,none,train,8952621583c4774d,jpeg50
0,coco_train_reals,real,none,train,8952621583c4774d,blur10
0,coco_train_reals,real,none,train,8952621583c4774d,resize025
0,coco_train_reals,real,none,train,281c69f0f3a4db14,clean
0,coco_train_reals,real,none,train,281c69f0f3a4db14,jpeg70
0,coco_train_reals,real,none,train,281c69f0f3a4db14,blur20
0,coco_train_reals,real,none,train,281c69f0f3a4db14,crop08
0,coco_train_reals,real,none,train,dabcbce72b1235a3,clean
0,coco_train_reals,real,none,train,dabcbce72b1235a3,jpeg90
0,coco_train_reals,real,none,train,dabcbce72b1235a3,jpeg50
0,coco_train_reals,real,none,train,dabcbce72b1235a3,resize05
0,coco_train_reals,real,none,train,b58a9ba588994ab5,clean
0,coco_train_reals,real,none,train,b58a9ba588994ab5,blur20
0,coco_train_reals,real,none,train,b58a9ba588994ab5,resize05
0,coco_train_reals,real,none,train,b58a9ba588994ab5,crop08
0,coco_train_reals,real,none,train,587f64dae9ed48d1,clean
0,coco_train_reals,real,none,train,587f64dae9ed48d1,jpeg70
0,coco_train_reals,real,none,train,587f64dae9ed48d1,jpeg50
0,coco_train_reals,real,none,train,587f64dae9ed48d1,resize025
0,coco_train_reals,real,none,train,39f0902639a3aec5,clean
0,coco_train_reals,real,none,train,39f0902639a3aec5,blur20
0,coco_train_reals,real,none,train,39f0902639a3aec5,noise005
0,coco_train_reals,real,none,train,39f0902639a3aec5,crop08
0,coco_train_reals,real,none,train,e3ed2e74d2b585f5,clean
0,coco_train_reals,real,none,train,e3ed2e74d2b585f5,resize05
0,coco_train_reals,real,none,train,e3ed2e74d2b585f5,resize025
0,coco_train_reals,real,none,train,e3ed2e74d2b585f5,noise01
0,coco_train_reals,real,none,train,2fd1c8bed23a81bd,clean
0,coco_train_reals,real,none,train,2fd1c8bed23a81bd,jpeg30
0,coco_train_reals,real,none,train,2fd1c8bed23a81bd,blur05
0,coco_train_reals,real,none,train,2fd1c8bed23a81bd,crop08
0,coco_train_reals,real,none,train,c77d59db77629ddd,clean
0,coco_train_reals,real,none,train,c77d59db77629ddd,jpeg70
0,coco_train_reals,real,none,train,c77d59db77629ddd,jpeg30
0,coco_train_reals,real,none,train,c77d59db77629ddd,noise01
0,coco_train_reals,real,none,train,727749def1ce31ab,clean
0,coco_train_reals,real,none,train,727749def1ce31ab,resize025
0,coco_train_reals,real,none,train,727749def1ce31ab,noise005
0,coco_train_reals,real,none,train,727749def1ce31ab,jitter02
0,coco_train_reals,real,none,train,b63b8b2af89b0e45,clean
0,coco_train_reals,real,none,train,b63b8b2af89b0e45,blur05
0,coco_train_reals,real,none,train,b63b8b2af89b0e45,resize05
0,coco_train_reals,real,none,train,b63b8b2af89b0e45,noise002
0,coco_train_reals,real,none,train,a6f35516571aafc6,clean
0,coco_train_reals,real,none,train,a6f35516571aafc6,blur10
0,coco_train_reals,real,none,train,a6f35516571aafc6,noise005
0,coco_train_reals,real,none,train,a6f35516571aafc6,jitter02
0,coco_train_reals,real,none,train,bf6937d3856c85ab,clean
0,coco_train_reals,real,none,train,bf6937d3856c85ab,blur05
0,coco_train_reals,real,none,train,bf6937d3856c85ab,resize025
0,coco_train_reals,real,none,train,bf6937d3856c85ab,crop08
0,coco_train_reals,real,none,train,2f270ca0ad51173c,clean
0,coco_train_reals,real,none,train,2f270ca0ad51173c,noise002
0,coco_train_reals,real,none,train,2f270ca0ad51173c,noise005
0,coco_train_reals,real,none,train,2f270ca0ad51173c,noise01
0,coco_train_reals,real,none,train,ceaf39d68b461518,clean
0,coco_train_reals,real,none,train,ceaf39d68b461518,jpeg50
0,coco_train_reals,real,none,train,ceaf39d68b461518,jpeg30
0,coco_train_reals,real,none,train,ceaf39d68b461518,blur10
0,coco_train_reals,real,none,train,65253cbb900306e0,clean
0,coco_train_reals,real,none,train,65253cbb900306e0,blur10
0,coco_train_reals,real,none,train,65253cbb900306e0,noise005
0,coco_train_reals,real,none,train,65253cbb900306e0,jitter02
0,coco_train_reals,real,none,train,e2710e733ded860e,clean
0,coco_train_reals,real,none,train,e2710e733ded860e,jpeg70
0,coco_train_reals,real,none,train,e2710e733ded860e,jpeg50
0,coco_train_reals,real,none,train,e2710e733ded860e,resize05
0,coco_train_reals,real,none,train,a0fa7b42e9cd05ab,clean
0,coco_train_reals,real,none,train,a0fa7b42e9cd05ab,blur05
0,coco_train_reals,real,none,train,a0fa7b42e9cd05ab,noise002
0,coco_train_reals,real,none,train,a0fa7b42e9cd05ab,noise005
0,coco_train_reals,real,none,train,b9cf4db2f88e17b6,clean
0,coco_train_reals,real,none,train,b9cf4db2f88e17b6,noise005
0,coco_train_reals,real,none,train,b9cf4db2f88e17b6,jitter02
0,coco_train_reals,real,none,train,b9cf4db2f88e17b6,crop08
0,coco_train_reals,real,none,train,fcdcc6e8febc5fc6,clean
0,coco_train_reals,real,none,train,fcdcc6e8febc5fc6,jpeg90
0,coco_train_reals,real,none,train,fcdcc6e8febc5fc6,noise002
0,coco_train_reals,real,none,train,fcdcc6e8febc5fc6,jitter02
0,coco_train_reals,real,none,train,5fc1c8b96c6df7f3,clean
0,coco_train_reals,real,none,train,5fc1c8b96c6df7f3,jpeg90
0,coco_train_reals,real,none,train,5fc1c8b96c6df7f3,jpeg50
0,coco_train_reals,real,none,train,5fc1c8b96c6df7f3,blur10
0,coco_train_reals,real,none,train,2b89042f44fd3410,clean
0,coco_train_reals,real,none,train,2b89042f44fd3410,jpeg70
0,coco_train_reals,real,none,train,2b89042f44fd3410,jpeg50
0,coco_train_reals,real,none,train,2b89042f44fd3410,jpeg30
0,coco_train_reals,real,none,train,2fd1795fe5a8b272,clean
0,coco_train_reals,real,none,train,2fd1795fe5a8b272,resize05
0,coco_train_reals,real,none,train,2fd1795fe5a8b272,noise005
0,coco_train_reals,real,none,train,2fd1795fe5a8b272,crop08
0,coco_train_reals,real,none,train,2f7e700b92a3a3ee,clean
0,coco_train_reals,real,none,train,2f7e700b92a3a3ee,jpeg70
0,coco_train_reals,real,none,train,2f7e700b92a3a3ee,noise01
0,coco_train_reals,real,none,train,2f7e700b92a3a3ee,jitter02
0,coco_train_reals,real,none,train,79b7188c80c872b8,clean
0,coco_train_reals,real,none,train,79b7188c80c872b8,resize05
0,coco_train_reals,real,none,train,79b7188c80c872b8,noise005
0,coco_train_reals,real,none,train,79b7188c80c872b8,jitter02
0,coco_train_reals,real,none,train,fbd59041bc12c42b,clean
0,coco_train_reals,real,none,train,fbd59041bc12c42b,jpeg70
0,coco_train_reals,real,none,train,fbd59041bc12c42b,noise005
0,coco_train_reals,real,none,train,fbd59041bc12c42b,jitter02
0,coco_train_reals,real,none,train,e809560f29f48436,clean
0,coco_train_reals,real,none,train,e809560f29f48436,blur05
0,coco_train_reals,real,none,train,e809560f29f48436,noise01
0,coco_train_reals,real,none,train,e809560f29f48436,crop08
0,coco_train_reals,real,none,train,e28dff2327fb3186,clean
0,coco_train_reals,real,none,train,e28dff2327fb3186,blur10
0,coco_train_reals,real,none,train,e28dff2327fb3186,noise01
0,coco_train_reals,real,none,train,e28dff2327fb3186,crop08
0,coco_train_reals,real,none,train,b0765d4e337acec9,clean
0,coco_train_reals,real,none,train,b0765d4e337acec9,jpeg70
0,coco_train_reals,real,none,train,b0765d4e337acec9,jpeg50
0,coco_train_reals,real,none,train,b0765d4e337acec9,blur10
0,coco_train_reals,real,none,train,5ad81ffae2aba482,clean
0,coco_train_reals,real,none,train,5ad81ffae2aba482,jpeg90
0,coco_train_reals,real,none,train,5ad81ffae2aba482,resize025
0,coco_train_reals,real,none,train,5ad81ffae2aba482,crop08
0,coco_train_reals,real,none,train,6482d57f1a5b3417,clean
0,coco_train_reals,real,none,train,6482d57f1a5b3417,blur10
0,coco_train_reals,real,none,train,6482d57f1a5b3417,noise005
0,coco_train_reals,real,none,train,6482d57f1a5b3417,crop08
0,coco_train_reals,real,none,train,9e05c2119ec91ce1,clean
0,coco_train_reals,real,none,train,9e05c2119ec91ce1,blur10
0,coco_train_reals,real,none,train,9e05c2119ec91ce1,blur20
0,coco_train_reals,real,none,train,9e05c2119ec91ce1,noise005
0,coco_train_reals,real,none,train,b00cfe21d40194d3,clean
0,coco_train_reals,real,none,train,b00cfe21d40194d3,jpeg50
0,coco_train_reals,real,none,train,b00cfe21d40194d3,noise005
0,coco_train_reals,real,none,train,b00cfe21d40194d3,crop08
0,coco_train_reals,real,none,train,8654560dfceadafc,clean
0,coco_train_reals,real,none,train,8654560dfceadafc,jpeg70
0,coco_train_reals,real,none,train,8654560dfceadafc,blur10
0,coco_train_reals,real,none,train,8654560dfceadafc,crop08
0,coco_train_reals,real,none,train,79c5e47c1db15283,clean
0,coco_train_reals,real,none,train,79c5e47c1db15283,jpeg30
0,coco_train_reals,real,none,train,79c5e47c1db15283,blur20
0,coco_train_reals,real,none,train,79c5e47c1db15283,resize05
0,coco_train_reals,real,none,train,ea402a6892c0ef8b,clean
0,coco_train_reals,real,none,train,ea402a6892c0ef8b,jpeg50
0,coco_train_reals,real,none,train,ea402a6892c0ef8b,blur20
0,coco_train_reals,real,none,train,ea402a6892c0ef8b,resize05
0,coco_train_reals,real,none,train,bbfde98e0ac133af,clean
0,coco_train_reals,real,none,train,bbfde98e0ac133af,resize05
0,coco_train_reals,real,none,train,bbfde98e0ac133af,resize025
0,coco_train_reals,real,none,train,bbfde98e0ac133af,jitter02
0,coco_train_reals,real,none,train,9abab4fa75ddad98,clean
0,coco_train_reals,real,none,train,9abab4fa75ddad98,jpeg50
0,coco_train_reals,real,none,train,9abab4fa75ddad98,blur10
0,coco_train_reals,real,none,train,9abab4fa75ddad98,noise01
0,coco_train_reals,real,none,train,69a99df5ef84603b,clean
0,coco_train_reals,real,none,train,69a99df5ef84603b,jpeg90
0,coco_train_reals,real,none,train,69a99df5ef84603b,blur20
0,coco_train_reals,real,none,train,69a99df5ef84603b,resize025
0,coco_train_reals,real,none,train,9be3cf4027d8a09a,clean
0,coco_train_reals,real,none,train,9be3cf4027d8a09a,jpeg90
0,coco_train_reals,real,none,train,9be3cf4027d8a09a,jpeg70
0,coco_train_reals,real,none,train,9be3cf4027d8a09a,blur10
0,coco_train_reals,real,none,train,e945401d8b8bd082,clean
0,coco_train_reals,real,none,train,e945401d8b8bd082,resize05
0,coco_train_reals,real,none,train,e945401d8b8bd082,noise002
0,coco_train_reals,real,none,train,e945401d8b8bd082,jitter02
0,coco_train_reals,real,none,train,9ad31acc9327c4ca,clean
0,coco_train_reals,real,none,train,9ad31acc9327c4ca,jpeg70
0,coco_train_reals,real,none,train,9ad31acc9327c4ca,blur10
0,coco_train_reals,real,none,train,9ad31acc9327c4ca,jitter02
0,coco_train_reals,real,none,train,95544f4d45105396,clean
0,coco_train_reals,real,none,train,95544f4d45105396,jpeg50
0,coco_train_reals,real,none,train,95544f4d45105396,noise005
0,coco_train_reals,real,none,train,95544f4d45105396,crop08
0,coco_train_reals,real,none,train,8fdaf928ae099d9f,clean
0,coco_train_reals,real,none,train,8fdaf928ae099d9f,jpeg90
0,coco_train_reals,real,none,train,8fdaf928ae099d9f,blur10
0,coco_train_reals,real,none,train,8fdaf928ae099d9f,noise005
0,coco_train_reals,real,none,train,1b4f8ce079ff3095,clean
0,coco_train_reals,real,none,train,1b4f8ce079ff3095,resize05
0,coco_train_reals,real,none,train,1b4f8ce079ff3095,noise002
0,coco_train_reals,real,none,train,1b4f8ce079ff3095,noise005
0,coco_train_reals,real,none,train,80a4898b5857ae94,clean
0,coco_train_reals,real,none,train,80a4898b5857ae94,jpeg50
0,coco_train_reals,real,none,train,80a4898b5857ae94,noise002
0,coco_train_reals,real,none,train,80a4898b5857ae94,noise01
0,coco_train_reals,real,none,train,8309651ded4c1f30,clean
0,coco_train_reals,real,none,train,8309651ded4c1f30,jpeg70
0,coco_train_reals,real,none,train,8309651ded4c1f30,blur20
0,coco_train_reals,real,none,train,8309651ded4c1f30,noise01
0,coco_train_reals,real,none,train,48f11ad64e49fe98,clean
0,coco_train_reals,real,none,train,48f11ad64e49fe98,jpeg90
0,coco_train_reals,real,none,train,48f11ad64e49fe98,jpeg70
0,coco_train_reals,real,none,train,48f11ad64e49fe98,noise01
0,coco_train_reals,real,none,train,ccf5bd922cd32d34,clean
0,coco_train_reals,real,none,train,ccf5bd922cd32d34,jpeg90
0,coco_train_reals,real,none,train,ccf5bd922cd32d34,jpeg30
0,coco_train_reals,real,none,train,ccf5bd922cd32d34,blur20
0,coco_train_reals,real,none,train,9641763430b5924e,clean
0,coco_train_reals,real,none,train,9641763430b5924e,blur05
0,coco_train_reals,real,none,train,9641763430b5924e,noise002
0,coco_train_reals,real,none,train,9641763430b5924e,jitter02
0,coco_train_reals,real,none,train,6ec3df60605a762f,clean
0,coco_train_reals,real,none,train,6ec3df60605a762f,jpeg70
0,coco_train_reals,real,none,train,6ec3df60605a762f,blur05
0,coco_train_reals,real,none,train,6ec3df60605a762f,crop08
0,coco_train_reals,real,none,train,2e4e905bdeaf3ba1,clean
0,coco_train_reals,real,none,train,2e4e905bdeaf3ba1,jpeg50
0,coco_train_reals,real,none,train,2e4e905bdeaf3ba1,blur10
0,coco_train_reals,real,none,train,2e4e905bdeaf3ba1,noise002
0,coco_train_reals,real,none,train,b4da1056167c2044,clean
0,coco_train_reals,real,none,train,b4da1056167c2044,jpeg30
0,coco_train_reals,real,none,train,b4da1056167c2044,blur20
0,coco_train_reals,real,none,train,b4da1056167c2044,jitter02
0,coco_train_reals,real,none,train,f2a052955e74e2de,clean
0,coco_train_reals,real,none,train,f2a052955e74e2de,blur05
0,coco_train_reals,real,none,train,f2a052955e74e2de,blur20
0,coco_train_reals,real,none,train,f2a052955e74e2de,noise002
0,coco_train_reals,real,none,train,5e62ea847b374c17,clean
0,coco_train_reals,real,none,train,5e62ea847b374c17,jpeg70
0,coco_train_reals,real,none,train,5e62ea847b374c17,jpeg30
0,coco_train_reals,real,none,train,5e62ea847b374c17,crop08
0,coco_train_reals,real,none,train,c3eb85c3c1008a60,clean
0,coco_train_reals,real,none,train,c3eb85c3c1008a60,blur10
0,coco_train_reals,real,none,train,c3eb85c3c1008a60,noise01
0,coco_train_reals,real,none,train,c3eb85c3c1008a60,crop08
0,coco_train_reals,real,none,train,95b8bd8f089ae09c,clean
0,coco_train_reals,real,none,train,95b8bd8f089ae09c,jpeg90
0,coco_train_reals,real,none,train,95b8bd8f089ae09c,blur05
0,coco_train_reals,real,none,train,95b8bd8f089ae09c,noise01
0,coco_train_reals,real,none,train,da9104fa3d781ef6,clean
0,coco_train_reals,real,none,train,da9104fa3d781ef6,jpeg90
0,coco_train_reals,real,none,train,da9104fa3d781ef6,blur05
0,coco_train_reals,real,none,train,da9104fa3d781ef6,noise005
0,coco_train_reals,real,none,train,952c62932d4da396,clean
0,coco_train_reals,real,none,train,952c62932d4da396,blur05
0,coco_train_reals,real,none,train,952c62932d4da396,blur10
0,coco_train_reals,real,none,train,952c62932d4da396,resize025
0,coco_train_reals,real,none,train,fe49ba12cdf31f6a,clean
0,coco_train_reals,real,none,train,fe49ba12cdf31f6a,jpeg50
0,coco_train_reals,real,none,train,fe49ba12cdf31f6a,resize05
0,coco_train_reals,real,none,train,fe49ba12cdf31f6a,crop08
0,coco_train_reals,real,none,train,0f0f552ecfe23575,clean
0,coco_train_reals,real,none,train,0f0f552ecfe23575,jpeg50
0,coco_train_reals,real,none,train,0f0f552ecfe23575,blur10
0,coco_train_reals,real,none,train,0f0f552ecfe23575,crop08
0,coco_train_reals,real,none,train,14e26033f8b1a924,clean
0,coco_train_reals,real,none,train,14e26033f8b1a924,blur05
0,coco_train_reals,real,none,train,14e26033f8b1a924,noise002
0,coco_train_reals,real,none,train,14e26033f8b1a924,noise005
0,coco_train_reals,real,none,train,2d797620abd195bb,clean
0,coco_train_reals,real,none,train,2d797620abd195bb,jpeg70
0,coco_train_reals,real,none,train,2d797620abd195bb,resize05
0,coco_train_reals,real,none,train,2d797620abd195bb,noise01
0,coco_train_reals,real,none,train,032dad6fa7672f7b,clean
0,coco_train_reals,real,none,train,032dad6fa7672f7b,jpeg90
0,coco_train_reals,real,none,train,032dad6fa7672f7b,blur10
0,coco_train_reals,real,none,train,032dad6fa7672f7b,resize025
0,coco_train_reals,real,none,train,478380d0dc04c5a9,clean
0,coco_train_reals,real,none,train,478380d0dc04c5a9,jpeg90
0,coco_train_reals,real,none,train,478380d0dc04c5a9,blur10
0,coco_train_reals,real,none,train,478380d0dc04c5a9,blur20
0,coco_train_reals,real,none,train,f9b36bc3c5094707,clean
0,coco_train_reals,real,none,train,f9b36bc3c5094707,jpeg70
0,coco_train_reals,real,none,train,f9b36bc3c5094707,blur20
0,coco_train_reals,real,none,train,f9b36bc3c5094707,resize05
0,coco_train_reals,real,none,train,6036e18c1b339093,clean
0,coco_train_reals,real,none,train,6036e18c1b339093,jpeg50
0,coco_train_reals,real,none,train,6036e18c1b339093,jitter02
0,coco_train_reals,real,none,train,6036e18c1b339093,crop08
0,coco_train_reals,real,none,train,2dc948dbaee11ff5,clean
0,coco_train_reals,real,none,train,2dc948dbaee11ff5,noise002
0,coco_train_reals,real,none,train,2dc948dbaee11ff5,noise01
0,coco_train_reals,real,none,train,2dc948dbaee11ff5,jitter02
0,coco_train_reals,real,none,train,46e2b3e070c5274e,clean
0,coco_train_reals,real,none,train,46e2b3e070c5274e,jpeg30
0,coco_train_reals,real,none,train,46e2b3e070c5274e,noise002
0,coco_train_reals,real,none,train,46e2b3e070c5274e,jitter02
0,coco_train_reals,real,none,train,4d83917b1d25012a,clean
0,coco_train_reals,real,none,train,4d83917b1d25012a,jpeg50
0,coco_train_reals,real,none,train,4d83917b1d25012a,jpeg30
0,coco_train_reals,real,none,train,4d83917b1d25012a,crop08
0,coco_train_reals,real,none,train,b0e9a06fe22818b0,clean
0,coco_train_reals,real,none,train,b0e9a06fe22818b0,jpeg50
0,coco_train_reals,real,none,train,b0e9a06fe22818b0,blur05
0,coco_train_reals,real,none,train,b0e9a06fe22818b0,jitter02
0,coco_train_reals,real,none,train,a41754dab67fd53c,clean
0,coco_train_reals,real,none,train,a41754dab67fd53c,blur20
0,coco_train_reals,real,none,train,a41754dab67fd53c,noise01
0,coco_train_reals,real,none,train,a41754dab67fd53c,jitter02
0,coco_train_reals,real,none,train,5618b0b979382cab,clean
0,coco_train_reals,real,none,train,5618b0b979382cab,jpeg70
0,coco_train_reals,real,none,train,5618b0b979382cab,jpeg50
0,coco_train_reals,real,none,train,5618b0b979382cab,blur05
0,coco_train_reals,real,none,train,9417da179bce44b9,clean
0,coco_train_reals,real,none,train,9417da179bce44b9,jpeg70
0,coco_train_reals,real,none,train,9417da179bce44b9,noise005
0,coco_train_reals,real,none,train,9417da179bce44b9,noise01
0,coco_train_reals,real,none,train,edd01a84b02bfac9,clean
0,coco_train_reals,real,none,train,edd01a84b02bfac9,jpeg50
0,coco_train_reals,real,none,train,edd01a84b02bfac9,jpeg30
0,coco_train_reals,real,none,train,edd01a84b02bfac9,resize025
0,coco_train_reals,real,none,train,8d58bc96998962f3,clean
0,coco_train_reals,real,none,train,8d58bc96998962f3,jpeg30
0,coco_train_reals,real,none,train,8d58bc96998962f3,noise005
0,coco_train_reals,real,none,train,8d58bc96998962f3,noise01
0,coco_train_reals,real,none,train,e286d9e74c469e68,clean
0,coco_train_reals,real,none,train,e286d9e74c469e68,jpeg30
0,coco_train_reals,real,none,train,e286d9e74c469e68,noise002
0,coco_train_reals,real,none,train,e286d9e74c469e68,noise01
0,coco_train_reals,real,none,train,ee78f52b4dad3092,clean
0,coco_train_reals,real,none,train,ee78f52b4dad3092,noise005
0,coco_train_reals,real,none,train,ee78f52b4dad3092,jitter02
0,coco_train_reals,real,none,train,ee78f52b4dad3092,crop08
0,coco_train_reals,real,none,train,77bcf80f8aff2be6,clean
0,coco_train_reals,real,none,train,77bcf80f8aff2be6,jpeg30
0,coco_train_reals,real,none,train,77bcf80f8aff2be6,noise01
0,coco_train_reals,real,none,train,77bcf80f8aff2be6,crop08
0,coco_train_reals,real,none,train,4251961c8b91c15e,clean
0,coco_train_reals,real,none,train,4251961c8b91c15e,jpeg90
0,coco_train_reals,real,none,train,4251961c8b91c15e,jpeg30
0,coco_train_reals,real,none,train,4251961c8b91c15e,noise005
0,coco_train_reals,real,none,train,54eccbbb2f5cf1bd,clean
0,coco_train_reals,real,none,train,54eccbbb2f5cf1bd,noise002
0,coco_train_reals,real,none,train,54eccbbb2f5cf1bd,noise005
0,coco_train_reals,real,none,train,54eccbbb2f5cf1bd,crop08
0,coco_train_reals,real,none,train,d156cf63f0b4f780,clean
0,coco_train_reals,real,none,train,d156cf63f0b4f780,jpeg50
0,coco_train_reals,real,none,train,d156cf63f0b4f780,noise005
0,coco_train_reals,real,none,train,d156cf63f0b4f780,crop08
0,coco_train_reals,real,none,train,5a1d9762097126b8,clean
0,coco_train_reals,real,none,train,5a1d9762097126b8,jpeg70
0,coco_train_reals,real,none,train,5a1d9762097126b8,jpeg50
0,coco_train_reals,real,none,train,5a1d9762097126b8,crop08
0,coco_train_reals,real,none,train,795a69c6534d7b8c,clean
0,coco_train_reals,real,none,train,795a69c6534d7b8c,jpeg70
0,coco_train_reals,real,none,train,795a69c6534d7b8c,blur20
0,coco_train_reals,real,none,train,795a69c6534d7b8c,resize05
0,coco_train_reals,real,none,train,c57515f77c963149,clean
0,coco_train_reals,real,none,train,c57515f77c963149,jpeg30
0,coco_train_reals,real,none,train,c57515f77c963149,noise005
0,coco_train_reals,real,none,train,c57515f77c963149,jitter02
0,coco_train_reals,real,none,train,0c74365901efcc10,clean
0,coco_train_reals,real,none,train,0c74365901efcc10,jpeg90
0,coco_train_reals,real,none,train,0c74365901efcc10,jpeg50
0,coco_train_reals,real,none,train,0c74365901efcc10,crop08
0,coco_train_reals,real,none,train,2067c2ff18bbabc4,clean
0,coco_train_reals,real,none,train,2067c2ff18bbabc4,jpeg70
0,coco_train_reals,real,none,train,2067c2ff18bbabc4,noise005
0,coco_train_reals,real,none,train,2067c2ff18bbabc4,jitter02
0,coco_train_reals,real,none,train,5b96ba60af12028b,clean
0,coco_train_reals,real,none,train,5b96ba60af12028b,jpeg50
0,coco_train_reals,real,none,train,5b96ba60af12028b,jpeg30
0,coco_train_reals,real,none,train,5b96ba60af12028b,resize025
0,coco_train_reals,real,none,train,0134b91eced8096c,clean
0,coco_train_reals,real,none,train,0134b91eced8096c,jpeg70
0,coco_train_reals,real,none,train,0134b91eced8096c,resize05
0,coco_train_reals,real,none,train,0134b91eced8096c,noise005
0,coco_train_reals,real,none,train,1cc810d56c490983,clean
0,coco_train_reals,real,none,train,1cc810d56c490983,jpeg90
0,coco_train_reals,real,none,train,1cc810d56c490983,noise002
0,coco_train_reals,real,none,train,1cc810d56c490983,jitter02
0,coco_train_reals,real,none,train,f2654e14c6161eaf,clean
0,coco_train_reals,real,none,train,f2654e14c6161eaf,jpeg90
0,coco_train_reals,real,none,train,f2654e14c6161eaf,noise005
0,coco_train_reals,real,none,train,f2654e14c6161eaf,noise01
0,coco_train_reals,real,none,train,27f7b2e9a4fcbea6,clean
0,coco_train_reals,real,none,train,27f7b2e9a4fcbea6,jpeg70
0,coco_train_reals,real,none,train,27f7b2e9a4fcbea6,blur05
0,coco_train_reals,real,none,train,27f7b2e9a4fcbea6,resize05
0,coco_train_reals,real,none,train,030eebc16f5ea79f,clean
0,coco_train_reals,real,none,train,030eebc16f5ea79f,resize025
0,coco_train_reals,real,none,train,030eebc16f5ea79f,noise002
0,coco_train_reals,real,none,train,030eebc16f5ea79f,noise005
0,coco_train_reals,real,none,train,dc3b7a6587fc0ccd,clean
0,coco_train_reals,real,none,train,dc3b7a6587fc0ccd,jpeg50
0,coco_train_reals,real,none,train,dc3b7a6587fc0ccd,blur05
0,coco_train_reals,real,none,train,dc3b7a6587fc0ccd,noise005
0,coco_train_reals,real,none,train,ce25cf54577e8155,clean
0,coco_train_reals,real,none,train,ce25cf54577e8155,jpeg90
0,coco_train_reals,real,none,train,ce25cf54577e8155,blur05
0,coco_train_reals,real,none,train,ce25cf54577e8155,noise002
0,coco_train_reals,real,none,train,07ec511aa0e3d5e5,clean
0,coco_train_reals,real,none,train,07ec511aa0e3d5e5,jpeg50
0,coco_train_reals,real,none,train,07ec511aa0e3d5e5,blur10
0,coco_train_reals,real,none,train,07ec511aa0e3d5e5,blur20
0,coco_train_reals,real,none,train,5de47bf0d2f69044,clean
0,coco_train_reals,real,none,train,5de47bf0d2f69044,jpeg90
0,coco_train_reals,real,none,train,5de47bf0d2f69044,noise002
0,coco_train_reals,real,none,train,5de47bf0d2f69044,jitter02
0,coco_train_reals,real,none,train,0edfafbbe13f2f3b,clean
0,coco_train_reals,real,none,train,0edfafbbe13f2f3b,blur05
0,coco_train_reals,real,none,train,0edfafbbe13f2f3b,resize05
0,coco_train_reals,real,none,train,0edfafbbe13f2f3b,resize025
0,coco_train_reals,real,none,train,58bd24109dad8d13,clean
0,coco_train_reals,real,none,train,58bd24109dad8d13,blur05
0,coco_train_reals,real,none,train,58bd24109dad8d13,resize025
0,coco_train_reals,real,none,train,58bd24109dad8d13,crop08
0,coco_train_reals,real,none,train,32f358ee335ef56b,clean
0,coco_train_reals,real,none,train,32f358ee335ef56b,jpeg70
0,coco_train_reals,real,none,train,32f358ee335ef56b,noise002
0,coco_train_reals,real,none,train,32f358ee335ef56b,crop08
0,coco_train_reals,real,none,train,3c29697f9a85cd71,clean
0,coco_train_reals,real,none,train,3c29697f9a85cd71,jpeg70
0,coco_train_reals,real,none,train,3c29697f9a85cd71,noise005
0,coco_train_reals,real,none,train,3c29697f9a85cd71,crop08
0,coco_train_reals,real,none,train,392a76772f4886d4,clean
0,coco_train_reals,real,none,train,392a76772f4886d4,jpeg90
0,coco_train_reals,real,none,train,392a76772f4886d4,jpeg70
0,coco_train_reals,real,none,train,392a76772f4886d4,noise01
0,coco_train_reals,real,none,train,a230b395321ae431,clean
0,coco_train_reals,real,none,train,a230b395321ae431,jpeg70
0,coco_train_reals,real,none,train,a230b395321ae431,blur10
0,coco_train_reals,real,none,train,a230b395321ae431,noise005
0,coco_train_reals,real,none,train,fb0c9365093b4b70,clean
0,coco_train_reals,real,none,train,fb0c9365093b4b70,jpeg50
0,coco_train_reals,real,none,train,fb0c9365093b4b70,noise002
0,coco_train_reals,real,none,train,fb0c9365093b4b70,noise005
0,coco_train_reals,real,none,train,939eaf4dae6049b3,clean
0,coco_train_reals,real,none,train,939eaf4dae6049b3,noise002
0,coco_train_reals,real,none,train,939eaf4dae6049b3,noise005
0,coco_train_reals,real,none,train,939eaf4dae6049b3,crop08
0,coco_train_reals,real,none,train,43d35947f3868c32,clean
0,coco_train_reals,real,none,train,43d35947f3868c32,blur05
0,coco_train_reals,real,none,train,43d35947f3868c32,blur10
0,coco_train_reals,real,none,train,43d35947f3868c32,noise01
0,coco_train_reals,real,none,train,1a60c8f341ae19ff,clean
0,coco_train_reals,real,none,train,1a60c8f341ae19ff,jpeg50
0,coco_train_reals,real,none,train,1a60c8f341ae19ff,blur20
0,coco_train_reals,real,none,train,1a60c8f341ae19ff,resize025
0,coco_train_reals,real,none,train,f5786e68ef56858b,clean
0,coco_train_reals,real,none,train,f5786e68ef56858b,jpeg30
0,coco_train_reals,real,none,train,f5786e68ef56858b,blur05
0,coco_train_reals,real,none,train,f5786e68ef56858b,noise002
0,coco_train_reals,real,none,train,497a22ebba3f80d7,clean
0,coco_train_reals,real,none,train,497a22ebba3f80d7,blur20
0,coco_train_reals,real,none,train,497a22ebba3f80d7,resize025
0,coco_train_reals,real,none,train,497a22ebba3f80d7,noise005
0,coco_train_reals,real,none,train,659ca532fe773cc4,clean
0,coco_train_reals,real,none,train,659ca532fe773cc4,jpeg90
0,coco_train_reals,real,none,train,659ca532fe773cc4,blur05
0,coco_train_reals,real,none,train,659ca532fe773cc4,resize05
0,coco_train_reals,real,none,train,0b93a9a86e8caa12,clean
0,coco_train_reals,real,none,train,0b93a9a86e8caa12,noise002
0,coco_train_reals,real,none,train,0b93a9a86e8caa12,noise01
0,coco_train_reals,real,none,train,0b93a9a86e8caa12,jitter02
0,coco_train_reals,real,none,train,234715673fa7e509,clean
0,coco_train_reals,real,none,train,234715673fa7e509,blur05
0,coco_train_reals,real,none,train,234715673fa7e509,resize025
0,coco_train_reals,real,none,train,234715673fa7e509,crop08
0,coco_train_reals,real,none,train,c6e5ab9bbe5fdaa6,clean
0,coco_train_reals,real,none,train,c6e5ab9bbe5fdaa6,resize05
0,coco_train_reals,real,none,train,c6e5ab9bbe5fdaa6,resize025
0,coco_train_reals,real,none,train,c6e5ab9bbe5fdaa6,noise002
0,coco_train_reals,real,none,train,c915ebb6bd71550d,clean
0,coco_train_reals,real,none,train,c915ebb6bd71550d,blur20
0,coco_train_reals,real,none,train,c915ebb6bd71550d,resize05
0,coco_train_reals,real,none,train,c915ebb6bd71550d,jitter02
0,coco_train_reals,real,none,train,c35559e0e7460586,clean
0,coco_train_reals,real,none,train,c35559e0e7460586,jpeg50
0,coco_train_reals,real,none,train,c35559e0e7460586,jitter02
0,coco_train_reals,real,none,train,c35559e0e7460586,crop08
0,coco_train_reals,real,none,train,02822f3faaa58ee9,clean
0,coco_train_reals,real,none,train,02822f3faaa58ee9,jpeg70
0,coco_train_reals,real,none,train,02822f3faaa58ee9,resize025
0,coco_train_reals,real,none,train,02822f3faaa58ee9,noise005
0,coco_train_reals,real,none,train,0aaa9144b631e24e,clean
0,coco_train_reals,real,none,train,0aaa9144b631e24e,blur10
0,coco_train_reals,real,none,train,0aaa9144b631e24e,noise005
0,coco_train_reals,real,none,train,0aaa9144b631e24e,crop08
0,coco_train_reals,real,none,train,85188c9d9064466e,clean
0,coco_train_reals,real,none,train,85188c9d9064466e,resize05
0,coco_train_reals,real,none,train,85188c9d9064466e,noise002
0,coco_train_reals,real,none,train,85188c9d9064466e,crop08
0,coco_train_reals,real,none,train,259d16babe905a17,clean
0,coco_train_reals,real,none,train,259d16babe905a17,jpeg30
0,coco_train_reals,real,none,train,259d16babe905a17,resize05
0,coco_train_reals,real,none,train,259d16babe905a17,noise01
0,coco_train_reals,real,none,train,378f951ba42ae3a0,clean
0,coco_train_reals,real,none,train,378f951ba42ae3a0,blur20
0,coco_train_reals,real,none,train,378f951ba42ae3a0,resize05
0,coco_train_reals,real,none,train,378f951ba42ae3a0,resize025
0,coco_train_reals,real,none,train,dac3bcd93488b0d4,clean
0,coco_train_reals,real,none,train,dac3bcd93488b0d4,jpeg30
0,coco_train_reals,real,none,train,dac3bcd93488b0d4,blur05
0,coco_train_reals,real,none,train,dac3bcd93488b0d4,blur20
0,coco_train_reals,real,none,train,4ae645af7669e0e5,clean
0,coco_train_reals,real,none,train,4ae645af7669e0e5,blur10
0,coco_train_reals,real,none,train,4ae645af7669e0e5,noise005
0,coco_train_reals,real,none,train,4ae645af7669e0e5,crop08
0,coco_train_reals,real,none,train,3d462189f291b30a,clean
0,coco_train_reals,real,none,train,3d462189f291b30a,jpeg90
0,coco_train_reals,real,none,train,3d462189f291b30a,jpeg70
0,coco_train_reals,real,none,train,3d462189f291b30a,jpeg30
0,coco_train_reals,real,none,train,e9f8d64e16b256b9,clean
0,coco_train_reals,real,none,train,e9f8d64e16b256b9,jpeg90
0,coco_train_reals,real,none,train,e9f8d64e16b256b9,blur05
0,coco_train_reals,real,none,train,e9f8d64e16b256b9,blur10
0,coco_train_reals,real,none,train,3ab916cfc928788a,clean
0,coco_train_reals,real,none,train,3ab916cfc928788a,jpeg50
0,coco_train_reals,real,none,train,3ab916cfc928788a,blur10
0,coco_train_reals,real,none,train,3ab916cfc928788a,blur20
0,coco_train_reals,real,none,train,94e218abd31538d6,clean
0,coco_train_reals,real,none,train,94e218abd31538d6,blur05
0,coco_train_reals,real,none,train,94e218abd31538d6,noise01
0,coco_train_reals,real,none,train,94e218abd31538d6,crop08
0,coco_train_reals,real,none,train,c65e058e55b73a48,clean
0,coco_train_reals,real,none,train,c65e058e55b73a48,jpeg90
0,coco_train_reals,real,none,train,c65e058e55b73a48,blur05
0,coco_train_reals,real,none,train,c65e058e55b73a48,crop08
0,coco_train_reals,real,none,train,264b5d0e50b79e94,clean
0,coco_train_reals,real,none,train,264b5d0e50b79e94,blur20
0,coco_train_reals,real,none,train,264b5d0e50b79e94,resize05
0,coco_train_reals,real,none,train,264b5d0e50b79e94,noise005
0,coco_train_reals,real,none,train,64b7378e52a010d4,clean
0,coco_train_reals,real,none,train,64b7378e52a010d4,blur20
0,coco_train_reals,real,none,train,64b7378e52a010d4,noise005
0,coco_train_reals,real,none,train,64b7378e52a010d4,crop08
0,coco_train_reals,real,none,train,a0a65cf1e4647ce0,clean
0,coco_train_reals,real,none,train,a0a65cf1e4647ce0,jpeg30
0,coco_train_reals,real,none,train,a0a65cf1e4647ce0,noise002
0,coco_train_reals,real,none,train,a0a65cf1e4647ce0,jitter02
0,coco_train_reals,real,none,train,26c356284d838db4,clean
0,coco_train_reals,real,none,train,26c356284d838db4,jpeg70
0,coco_train_reals,real,none,train,26c356284d838db4,blur10
0,coco_train_reals,real,none,train,26c356284d838db4,noise005
0,coco_train_reals,real,none,train,c13759bddda0405b,clean
0,coco_train_reals,real,none,train,c13759bddda0405b,jpeg70
0,coco_train_reals,real,none,train,c13759bddda0405b,jpeg50
0,coco_train_reals,real,none,train,c13759bddda0405b,blur05
0,coco_train_reals,real,none,train,36154d9f9f80bed7,clean
0,coco_train_reals,real,none,train,36154d9f9f80bed7,jpeg90
0,coco_train_reals,real,none,train,36154d9f9f80bed7,blur05
0,coco_train_reals,real,none,train,36154d9f9f80bed7,jitter02
0,coco_train_reals,real,none,train,78781c6195f28298,clean
0,coco_train_reals,real,none,train,78781c6195f28298,resize025
0,coco_train_reals,real,none,train,78781c6195f28298,noise005
0,coco_train_reals,real,none,train,78781c6195f28298,noise01
0,coco_train_reals,real,none,train,0a4790840f6865a6,clean
0,coco_train_reals,real,none,train,0a4790840f6865a6,jpeg50
0,coco_train_reals,real,none,train,0a4790840f6865a6,blur10
0,coco_train_reals,real,none,train,0a4790840f6865a6,blur20
0,coco_train_reals,real,none,train,61fe8759c7cbb270,clean
0,coco_train_reals,real,none,train,61fe8759c7cbb270,jpeg50
0,coco_train_reals,real,none,train,61fe8759c7cbb270,jpeg30
0,coco_train_reals,real,none,train,61fe8759c7cbb270,jitter02
0,coco_train_reals,real,none,train,cc284b2b49b8f7a1,clean
0,coco_train_reals,real,none,train,cc284b2b49b8f7a1,jpeg70
0,coco_train_reals,real,none,train,cc284b2b49b8f7a1,resize025
0,coco_train_reals,real,none,train,cc284b2b49b8f7a1,jitter02
0,coco_train_reals,real,none,train,5f87f0efca5b8c4f,clean
0,coco_train_reals,real,none,train,5f87f0efca5b8c4f,resize025
0,coco_train_reals,real,none,train,5f87f0efca5b8c4f,jitter02
0,coco_train_reals,real,none,train,5f87f0efca5b8c4f,crop08
0,coco_train_reals,real,none,train,c7ea8a0b8273fe01,clean
0,coco_train_reals,real,none,train,c7ea8a0b8273fe01,jpeg50
0,coco_train_reals,real,none,train,c7ea8a0b8273fe01,blur05
0,coco_train_reals,real,none,train,c7ea8a0b8273fe01,noise002
0,coco_train_reals,real,none,train,04a5a716750ede98,clean
0,coco_train_reals,real,none,train,04a5a716750ede98,blur10
0,coco_train_reals,real,none,train,04a5a716750ede98,blur20
0,coco_train_reals,real,none,train,04a5a716750ede98,jitter02
0,coco_train_reals,real,none,train,1a5d466c65038082,clean
0,coco_train_reals,real,none,train,1a5d466c65038082,jpeg70
0,coco_train_reals,real,none,train,1a5d466c65038082,jpeg30
0,coco_train_reals,real,none,train,1a5d466c65038082,blur05
0,coco_train_reals,real,none,train,67a125cd1d978e8e,clean
0,coco_train_reals,real,none,train,67a125cd1d978e8e,jpeg50
0,coco_train_reals,real,none,train,67a125cd1d978e8e,resize025
0,coco_train_reals,real,none,train,67a125cd1d978e8e,crop08
0,coco_train_reals,real,none,train,b2c0461d80414aca,clean
0,coco_train_reals,real,none,train,b2c0461d80414aca,jpeg90
0,coco_train_reals,real,none,train,b2c0461d80414aca,jpeg50
0,coco_train_reals,real,none,train,b2c0461d80414aca,blur20
0,coco_train_reals,real,none,train,87da78aa21c96d24,clean
0,coco_train_reals,real,none,train,87da78aa21c96d24,resize05
0,coco_train_reals,real,none,train,87da78aa21c96d24,resize025
0,coco_train_reals,real,none,train,87da78aa21c96d24,noise005
0,coco_train_reals,real,none,train,8b2423fce3f85fe0,clean
0,coco_train_reals,real,none,train,8b2423fce3f85fe0,blur05
0,coco_train_reals,real,none,train,8b2423fce3f85fe0,blur20
0,coco_train_reals,real,none,train,8b2423fce3f85fe0,noise002
0,coco_train_reals,real,none,train,92d93cdf2a60e1ec,clean
0,coco_train_reals,real,none,train,92d93cdf2a60e1ec,noise002
0,coco_train_reals,real,none,train,92d93cdf2a60e1ec,noise005
0,coco_train_reals,real,none,train,92d93cdf2a60e1ec,noise01
0,coco_train_reals,real,none,train,b23f73571aa00734,clean
0,coco_train_reals,real,none,train,b23f73571aa00734,jpeg30
0,coco_train_reals,real,none,train,b23f73571aa00734,noise002
0,coco_train_reals,real,none,train,b23f73571aa00734,crop08
0,coco_train_reals,real,none,train,41e1883ec3313098,clean
0,coco_train_reals,real,none,train,41e1883ec3313098,blur05
0,coco_train_reals,real,none,train,41e1883ec3313098,noise002
0,coco_train_reals,real,none,train,41e1883ec3313098,jitter02
0,coco_train_reals,real,none,train,b94d88a29e6e5ccd,clean
0,coco_train_reals,real,none,train,b94d88a29e6e5ccd,jpeg50
0,coco_train_reals,real,none,train,b94d88a29e6e5ccd,blur05
0,coco_train_reals,real,none,train,b94d88a29e6e5ccd,jitter02
0,coco_train_reals,real,none,train,a6d0b4ea85f8fa6a,clean
0,coco_train_reals,real,none,train,a6d0b4ea85f8fa6a,jpeg90
0,coco_train_reals,real,none,train,a6d0b4ea85f8fa6a,jpeg30
0,coco_train_reals,real,none,train,a6d0b4ea85f8fa6a,crop08
0,coco_train_reals,real,none,train,7c1e4ce6095268a8,clean
0,coco_train_reals,real,none,train,7c1e4ce6095268a8,jpeg50
0,coco_train_reals,real,none,train,7c1e4ce6095268a8,blur20
0,coco_train_reals,real,none,train,7c1e4ce6095268a8,resize025
0,coco_train_reals,real,none,train,8ec9ff86d1250348,clean
0,coco_train_reals,real,none,train,8ec9ff86d1250348,jpeg70
0,coco_train_reals,real,none,train,8ec9ff86d1250348,jpeg30
0,coco_train_reals,real,none,train,8ec9ff86d1250348,resize025
0,coco_train_reals,real,none,train,cb4a4ad348ccf8f1,clean
0,coco_train_reals,real,none,train,cb4a4ad348ccf8f1,blur20
0,coco_train_reals,real,none,train,cb4a4ad348ccf8f1,resize05
0,coco_train_reals,real,none,train,cb4a4ad348ccf8f1,crop08
0,coco_train_reals,real,none,train,ce73f27c53196014,clean
0,coco_train_reals,real,none,train,ce73f27c53196014,blur20
0,coco_train_reals,real,none,train,ce73f27c53196014,noise002
0,coco_train_reals,real,none,train,ce73f27c53196014,crop08
0,coco_train_reals,real,none,train,62153482df8ef675,clean
0,coco_train_reals,real,none,train,62153482df8ef675,jpeg50
0,coco_train_reals,real,none,train,62153482df8ef675,resize05
0,coco_train_reals,real,none,train,62153482df8ef675,resize025
0,coco_train_reals,real,none,train,cdb7d400df9bff92,clean
0,coco_train_reals,real,none,train,cdb7d400df9bff92,blur10
0,coco_train_reals,real,none,train,cdb7d400df9bff92,blur20
0,coco_train_reals,real,none,train,cdb7d400df9bff92,noise01
0,coco_train_reals,real,none,train,95d3fa2c05ad2094,clean
0,coco_train_reals,real,none,train,95d3fa2c05ad2094,jpeg50
0,coco_train_reals,real,none,train,95d3fa2c05ad2094,blur05
0,coco_train_reals,real,none,train,95d3fa2c05ad2094,noise005
0,coco_train_reals,real,none,train,a719db216596f58a,clean
0,coco_train_reals,real,none,train,a719db216596f58a,jpeg90
0,coco_train_reals,real,none,train,a719db216596f58a,resize05
0,coco_train_reals,real,none,train,a719db216596f58a,noise005
0,coco_train_reals,real,none,train,f2914f7553a45bb6,clean
0,coco_train_reals,real,none,train,f2914f7553a45bb6,blur10
0,coco_train_reals,real,none,train,f2914f7553a45bb6,noise005
0,coco_train_reals,real,none,train,f2914f7553a45bb6,noise01
0,coco_train_reals,real,none,train,40c7c8dc6c307c8d,clean
0,coco_train_reals,real,none,train,40c7c8dc6c307c8d,jpeg50
0,coco_train_reals,real,none,train,40c7c8dc6c307c8d,jpeg30
0,coco_train_reals,real,none,train,40c7c8dc6c307c8d,crop08
0,coco_train_reals,real,none,train,60ae04244127b160,clean
0,coco_train_reals,real,none,train,60ae04244127b160,jpeg30
0,coco_train_reals,real,none,train,60ae04244127b160,resize05
0,coco_train_reals,real,none,train,60ae04244127b160,noise01
0,coco_train_reals,real,none,train,7ca7d597ef61508f,clean
0,coco_train_reals,real,none,train,7ca7d597ef61508f,jpeg70
0,coco_train_reals,real,none,train,7ca7d597ef61508f,jitter02
0,coco_train_reals,real,none,train,7ca7d597ef61508f,crop08
0,coco_train_reals,real,none,train,b96af6f2c70a3868,clean
0,coco_train_reals,real,none,train,b96af6f2c70a3868,resize05
0,coco_train_reals,real,none,train,b96af6f2c70a3868,noise002
0,coco_train_reals,real,none,train,b96af6f2c70a3868,noise01
0,coco_train_reals,real,none,train,66ea9247938f269d,clean
0,coco_train_reals,real,none,train,66ea9247938f269d,jpeg50
0,coco_train_reals,real,none,train,66ea9247938f269d,resize05
0,coco_train_reals,real,none,train,66ea9247938f269d,resize025
0,coco_train_reals,real,none,train,4e0713768e8ff0f8,clean
0,coco_train_reals,real,none,train,4e0713768e8ff0f8,blur10
0,coco_train_reals,real,none,train,4e0713768e8ff0f8,blur20
0,coco_train_reals,real,none,train,4e0713768e8ff0f8,noise002
0,coco_train_reals,real,none,train,79f98f63058699ea,clean
0,coco_train_reals,real,none,train,79f98f63058699ea,jpeg70
0,coco_train_reals,real,none,train,79f98f63058699ea,resize05
0,coco_train_reals,real,none,train,79f98f63058699ea,noise01
0,coco_train_reals,real,none,train,804f954b54c50571,clean
0,coco_train_reals,real,none,train,804f954b54c50571,jpeg70
0,coco_train_reals,real,none,train,804f954b54c50571,noise002
0,coco_train_reals,real,none,train,804f954b54c50571,jitter02
0,coco_train_reals,real,none,train,984e4f3e35c65f73,clean
0,coco_train_reals,real,none,train,984e4f3e35c65f73,jpeg70
0,coco_train_reals,real,none,train,984e4f3e35c65f73,jpeg50
0,coco_train_reals,real,none,train,984e4f3e35c65f73,resize025
0,coco_train_reals,real,none,train,f2ca3ca094d96fb9,clean
0,coco_train_reals,real,none,train,f2ca3ca094d96fb9,blur10
0,coco_train_reals,real,none,train,f2ca3ca094d96fb9,resize025
0,coco_train_reals,real,none,train,f2ca3ca094d96fb9,crop08
0,coco_train_reals,real,none,train,99f0ffb86fb67d0f,clean
0,coco_train_reals,real,none,train,99f0ffb86fb67d0f,jpeg30
0,coco_train_reals,real,none,train,99f0ffb86fb67d0f,noise005
0,coco_train_reals,real,none,train,99f0ffb86fb67d0f,jitter02
0,coco_train_reals,real,none,train,49cb5b10d442f6ad,clean
0,coco_train_reals,real,none,train,49cb5b10d442f6ad,blur20
0,coco_train_reals,real,none,train,49cb5b10d442f6ad,resize05
0,coco_train_reals,real,none,train,49cb5b10d442f6ad,crop08
0,coco_train_reals,real,none,train,0a3f4c5ac4563810,clean
0,coco_train_reals,real,none,train,0a3f4c5ac4563810,jpeg70
0,coco_train_reals,real,none,train,0a3f4c5ac4563810,blur10
0,coco_train_reals,real,none,train,0a3f4c5ac4563810,jitter02
0,coco_train_reals,real,none,train,9edd8b920fd2a774,clean
0,coco_train_reals,real,none,train,9edd8b920fd2a774,resize05
0,coco_train_reals,real,none,train,9edd8b920fd2a774,resize025
0,coco_train_reals,real,none,train,9edd8b920fd2a774,noise01
0,coco_train_reals,real,none,train,ce752f55b97b67b1,clean
0,coco_train_reals,real,none,train,ce752f55b97b67b1,blur20
0,coco_train_reals,real,none,train,ce752f55b97b67b1,noise01
0,coco_train_reals,real,none,train,ce752f55b97b67b1,jitter02
0,coco_train_reals,real,none,train,6546b5ad00b18d62,clean
0,coco_train_reals,real,none,train,6546b5ad00b18d62,jpeg90
0,coco_train_reals,real,none,train,6546b5ad00b18d62,jpeg50
0,coco_train_reals,real,none,train,6546b5ad00b18d62,crop08
0,coco_train_reals,real,none,train,10a7394cb6f1b4d2,clean
0,coco_train_reals,real,none,train,10a7394cb6f1b4d2,jpeg90
0,coco_train_reals,real,none,train,10a7394cb6f1b4d2,blur10
0,coco_train_reals,real,none,train,10a7394cb6f1b4d2,noise005
0,coco_train_reals,real,none,train,97b4e7583ad390b2,clean
0,coco_train_reals,real,none,train,97b4e7583ad390b2,jpeg70
0,coco_train_reals,real,none,train,97b4e7583ad390b2,blur05
0,coco_train_reals,real,none,train,97b4e7583ad390b2,resize05
0,coco_train_reals,real,none,train,77b6451c4ea7dee1,clean
0,coco_train_reals,real,none,train,77b6451c4ea7dee1,jpeg90
0,coco_train_reals,real,none,train,77b6451c4ea7dee1,blur20
0,coco_train_reals,real,none,train,77b6451c4ea7dee1,crop08
0,coco_train_reals,real,none,train,42c357ae52959447,clean
0,coco_train_reals,real,none,train,42c357ae52959447,jpeg30
0,coco_train_reals,real,none,train,42c357ae52959447,resize05
0,coco_train_reals,real,none,train,42c357ae52959447,noise002
0,coco_train_reals,real,none,train,d3d312c57edfcbb3,clean
0,coco_train_reals,real,none,train,d3d312c57edfcbb3,jpeg50
0,coco_train_reals,real,none,train,d3d312c57edfcbb3,blur20
0,coco_train_reals,real,none,train,d3d312c57edfcbb3,noise005
0,coco_train_reals,real,none,train,598406ff500dcfbe,clean
0,coco_train_reals,real,none,train,598406ff500dcfbe,noise005
0,coco_train_reals,real,none,train,598406ff500dcfbe,noise01
0,coco_train_reals,real,none,train,598406ff500dcfbe,crop08
0,coco_train_reals,real,none,train,5f8e39e87c2e0be6,clean
0,coco_train_reals,real,none,train,5f8e39e87c2e0be6,jpeg90
0,coco_train_reals,real,none,train,5f8e39e87c2e0be6,noise01
0,coco_train_reals,real,none,train,5f8e39e87c2e0be6,jitter02
0,coco_train_reals,real,none,train,880de0fe44bf7be4,clean
0,coco_train_reals,real,none,train,880de0fe44bf7be4,jpeg50
0,coco_train_reals,real,none,train,880de0fe44bf7be4,jpeg30
0,coco_train_reals,real,none,train,880de0fe44bf7be4,blur20
0,coco_train_reals,real,none,train,c14b387c443aef33,clean
0,coco_train_reals,real,none,train,c14b387c443aef33,jpeg90
0,coco_train_reals,real,none,train,c14b387c443aef33,jpeg70
0,coco_train_reals,real,none,train,c14b387c443aef33,noise005
0,coco_train_reals,real,none,train,b99371d41d3776b2,clean
0,coco_train_reals,real,none,train,b99371d41d3776b2,jpeg90
0,coco_train_reals,real,none,train,b99371d41d3776b2,jpeg30
0,coco_train_reals,real,none,train,b99371d41d3776b2,noise01
0,coco_train_reals,real,none,train,50f568286c8e05bf,clean
0,coco_train_reals,real,none,train,50f568286c8e05bf,blur20
0,coco_train_reals,real,none,train,50f568286c8e05bf,noise002
0,coco_train_reals,real,none,train,50f568286c8e05bf,noise01
0,coco_train_reals,real,none,train,fc38addd3dcc6d10,clean
0,coco_train_reals,real,none,train,fc38addd3dcc6d10,jpeg50
0,coco_train_reals,real,none,train,fc38addd3dcc6d10,blur05
0,coco_train_reals,real,none,train,fc38addd3dcc6d10,resize025
0,coco_train_reals,real,none,train,a3236329615176da,clean
0,coco_train_reals,real,none,train,a3236329615176da,blur20
0,coco_train_reals,real,none,train,a3236329615176da,resize025
0,coco_train_reals,real,none,train,a3236329615176da,noise005
0,coco_train_reals,real,none,train,93aa3bb39df1368f,clean
0,coco_train_reals,real,none,train,93aa3bb39df1368f,jpeg90
0,coco_train_reals,real,none,train,93aa3bb39df1368f,jpeg30
0,coco_train_reals,real,none,train,93aa3bb39df1368f,noise01
0,coco_train_reals,real,none,train,2726759c8fe2399a,clean
0,coco_train_reals,real,none,train,2726759c8fe2399a,jpeg50
0,coco_train_reals,real,none,train,2726759c8fe2399a,jpeg30
0,coco_train_reals,real,none,train,2726759c8fe2399a,noise005
0,coco_train_reals,real,none,train,e7057942bb6f8d76,clean
0,coco_train_reals,real,none,train,e7057942bb6f8d76,jpeg70
0,coco_train_reals,real,none,train,e7057942bb6f8d76,jitter02
0,coco_train_reals,real,none,train,e7057942bb6f8d76,crop08
0,coco_train_reals,real,none,train,b3fb245da5571eeb,clean
0,coco_train_reals,real,none,train,b3fb245da5571eeb,blur10
0,coco_train_reals,real,none,train,b3fb245da5571eeb,blur20
0,coco_train_reals,real,none,train,b3fb245da5571eeb,resize025
0,coco_train_reals,real,none,train,666976057e809c78,clean
0,coco_train_reals,real,none,train,666976057e809c78,jpeg30
0,coco_train_reals,real,none,train,666976057e809c78,jitter02
0,coco_train_reals,real,none,train,666976057e809c78,crop08
0,coco_train_reals,real,none,train,e9325b7dd9b0c002,clean
0,coco_train_reals,real,none,train,e9325b7dd9b0c002,jpeg90
0,coco_train_reals,real,none,train,e9325b7dd9b0c002,blur10
0,coco_train_reals,real,none,train,e9325b7dd9b0c002,resize05
0,coco_train_reals,real,none,train,7f512d63afee36eb,clean
0,coco_train_reals,real,none,train,7f512d63afee36eb,jpeg90
0,coco_train_reals,real,none,train,7f512d63afee36eb,jpeg70
0,coco_train_reals,real,none,train,7f512d63afee36eb,blur10
0,coco_train_reals,real,none,train,327f7a1a81ca296b,clean
0,coco_train_reals,real,none,train,327f7a1a81ca296b,jpeg90
0,coco_train_reals,real,none,train,327f7a1a81ca296b,noise002
0,coco_train_reals,real,none,train,327f7a1a81ca296b,jitter02
0,coco_train_reals,real,none,train,a7725cd1a9211347,clean
0,coco_train_reals,real,none,train,a7725cd1a9211347,jpeg50
0,coco_train_reals,real,none,train,a7725cd1a9211347,noise002
0,coco_train_reals,real,none,train,a7725cd1a9211347,crop08
0,coco_train_reals,real,none,train,7664083698456632,clean
0,coco_train_reals,real,none,train,7664083698456632,jpeg90
0,coco_train_reals,real,none,train,7664083698456632,blur05
0,coco_train_reals,real,none,train,7664083698456632,jitter02
0,coco_train_reals,real,none,train,89b93ec0948c38ef,clean
0,coco_train_reals,real,none,train,89b93ec0948c38ef,resize05
0,coco_train_reals,real,none,train,89b93ec0948c38ef,resize025
0,coco_train_reals,real,none,train,89b93ec0948c38ef,crop08
0,coco_train_reals,real,none,train,59bc1ac17951a26e,clean
0,coco_train_reals,real,none,train,59bc1ac17951a26e,jpeg90
0,coco_train_reals,real,none,train,59bc1ac17951a26e,noise005
0,coco_train_reals,real,none,train,59bc1ac17951a26e,noise01
0,coco_train_reals,real,none,train,1382f66570754223,clean
0,coco_train_reals,real,none,train,1382f66570754223,jpeg50
0,coco_train_reals,real,none,train,1382f66570754223,noise002
0,coco_train_reals,real,none,train,1382f66570754223,jitter02
0,coco_train_reals,real,none,train,6c039c1b3ae8ad6e,clean
0,coco_train_reals,real,none,train,6c039c1b3ae8ad6e,jpeg90
0,coco_train_reals,real,none,train,6c039c1b3ae8ad6e,resize025
0,coco_train_reals,real,none,train,6c039c1b3ae8ad6e,noise002
0,coco_train_reals,real,none,train,cc9e92aca9048a12,clean
0,coco_train_reals,real,none,train,cc9e92aca9048a12,jpeg30
0,coco_train_reals,real,none,train,cc9e92aca9048a12,noise002
0,coco_train_reals,real,none,train,cc9e92aca9048a12,jitter02
0,coco_train_reals,real,none,train,c762984c3d281ae0,clean
0,coco_train_reals,real,none,train,c762984c3d281ae0,resize05
0,coco_train_reals,real,none,train,c762984c3d281ae0,noise01
0,coco_train_reals,real,none,train,c762984c3d281ae0,jitter02
0,coco_train_reals,real,none,train,91cc1f8b4fa3b658,clean
0,coco_train_reals,real,none,train,91cc1f8b4fa3b658,noise002
0,coco_train_reals,real,none,train,91cc1f8b4fa3b658,noise01
0,coco_train_reals,real,none,train,91cc1f8b4fa3b658,jitter02
0,coco_train_reals,real,none,train,5a0541c9de689e92,clean
0,coco_train_reals,real,none,train,5a0541c9de689e92,noise002
0,coco_train_reals,real,none,train,5a0541c9de689e92,noise005
0,coco_train_reals,real,none,train,5a0541c9de689e92,crop08
0,coco_train_reals,real,none,train,3becc0b46e929e45,clean
0,coco_train_reals,real,none,train,3becc0b46e929e45,jpeg30
0,coco_train_reals,real,none,train,3becc0b46e929e45,blur10
0,coco_train_reals,real,none,train,3becc0b46e929e45,noise002
0,coco_train_reals,real,none,train,56e559a03b510611,clean
0,coco_train_reals,real,none,train,56e559a03b510611,jpeg50
0,coco_train_reals,real,none,train,56e559a03b510611,blur05
0,coco_train_reals,real,none,train,56e559a03b510611,resize05
0,coco_train_reals,real,none,train,07a007fec4c876fb,clean
0,coco_train_reals,real,none,train,07a007fec4c876fb,blur10
0,coco_train_reals,real,none,train,07a007fec4c876fb,resize05
0,coco_train_reals,real,none,train,07a007fec4c876fb,jitter02
0,coco_train_reals,real,none,train,122bfdde68f5fbd4,clean
0,coco_train_reals,real,none,train,122bfdde68f5fbd4,jpeg90
0,coco_train_reals,real,none,train,122bfdde68f5fbd4,resize025
0,coco_train_reals,real,none,train,122bfdde68f5fbd4,jitter02
0,coco_train_reals,real,none,train,20038b038bbfd055,clean
0,coco_train_reals,real,none,train,20038b038bbfd055,jpeg70
0,coco_train_reals,real,none,train,20038b038bbfd055,blur05
0,coco_train_reals,real,none,train,20038b038bbfd055,noise01
0,coco_train_reals,real,none,train,023869cd1c33c8eb,clean
0,coco_train_reals,real,none,train,023869cd1c33c8eb,jpeg30
0,coco_train_reals,real,none,train,023869cd1c33c8eb,blur20
0,coco_train_reals,real,none,train,023869cd1c33c8eb,jitter02
0,coco_train_reals,real,none,train,08bd87f4e40328a8,clean
0,coco_train_reals,real,none,train,08bd87f4e40328a8,jpeg90
0,coco_train_reals,real,none,train,08bd87f4e40328a8,jpeg30
0,coco_train_reals,real,none,train,08bd87f4e40328a8,resize025
0,coco_train_reals,real,none,train,d1f9a4899b9057f7,clean
0,coco_train_reals,real,none,train,d1f9a4899b9057f7,blur20
0,coco_train_reals,real,none,train,d1f9a4899b9057f7,resize05
0,coco_train_reals,real,none,train,d1f9a4899b9057f7,resize025
0,coco_train_reals,real,none,train,f269e58a970ebedf,clean
0,coco_train_reals,real,none,train,f269e58a970ebedf,jpeg90
0,coco_train_reals,real,none,train,f269e58a970ebedf,jpeg30
0,coco_train_reals,real,none,train,f269e58a970ebedf,resize05
0,coco_train_reals,real,none,train,06760cc92248e149,clean
0,coco_train_reals,real,none,train,06760cc92248e149,blur05
0,coco_train_reals,real,none,train,06760cc92248e149,blur10
0,coco_train_reals,real,none,train,06760cc92248e149,noise002
0,coco_train_reals,real,none,train,f94124acacb4dbbe,clean
0,coco_train_reals,real,none,train,f94124acacb4dbbe,blur05
0,coco_train_reals,real,none,train,f94124acacb4dbbe,noise005
0,coco_train_reals,real,none,train,f94124acacb4dbbe,noise01
0,coco_train_reals,real,none,train,4fda4b4f6c3786a4,clean
0,coco_train_reals,real,none,train,4fda4b4f6c3786a4,blur10
0,coco_train_reals,real,none,train,4fda4b4f6c3786a4,resize025
0,coco_train_reals,real,none,train,4fda4b4f6c3786a4,noise002
0,coco_train_reals,real,none,train,f195bc244927375d,clean
0,coco_train_reals,real,none,train,f195bc244927375d,jpeg50
0,coco_train_reals,real,none,train,f195bc244927375d,noise005
0,coco_train_reals,real,none,train,f195bc244927375d,noise01
0,coco_train_reals,real,none,train,a4e23ddab1fe673f,clean
0,coco_train_reals,real,none,train,a4e23ddab1fe673f,blur05
0,coco_train_reals,real,none,train,a4e23ddab1fe673f,blur10
0,coco_train_reals,real,none,train,a4e23ddab1fe673f,noise01
0,coco_train_reals,real,none,train,23045b676b1f2147,clean
0,coco_train_reals,real,none,train,23045b676b1f2147,jpeg30
0,coco_train_reals,real,none,train,23045b676b1f2147,noise002
0,coco_train_reals,real,none,train,23045b676b1f2147,noise01
0,coco_train_reals,real,none,train,4b62c106a73dcbae,clean
0,coco_train_reals,real,none,train,4b62c106a73dcbae,jpeg50
0,coco_train_reals,real,none,train,4b62c106a73dcbae,blur10
0,coco_train_reals,real,none,train,4b62c106a73dcbae,noise002
0,coco_train_reals,real,none,train,2f3445ef624bb235,clean
0,coco_train_reals,real,none,train,2f3445ef624bb235,jpeg50
0,coco_train_reals,real,none,train,2f3445ef624bb235,blur10
0,coco_train_reals,real,none,train,2f3445ef624bb235,blur20
0,coco_train_reals,real,none,train,25c349ccbb456cab,clean
0,coco_train_reals,real,none,train,25c349ccbb456cab,jpeg50
0,coco_train_reals,real,none,train,25c349ccbb456cab,blur10
0,coco_train_reals,real,none,train,25c349ccbb456cab,blur20
0,coco_train_reals,real,none,train,be50f91feb13c6fe,clean
0,coco_train_reals,real,none,train,be50f91feb13c6fe,jpeg90
0,coco_train_reals,real,none,train,be50f91feb13c6fe,resize05
0,coco_train_reals,real,none,train,be50f91feb13c6fe,noise002
0,coco_train_reals,real,none,train,ce1f60559b0fcb03,clean
0,coco_train_reals,real,none,train,ce1f60559b0fcb03,jpeg90
0,coco_train_reals,real,none,train,ce1f60559b0fcb03,jpeg30
0,coco_train_reals,real,none,train,ce1f60559b0fcb03,blur20
0,coco_train_reals,real,none,train,5940b4770fb7562e,clean
0,coco_train_reals,real,none,train,5940b4770fb7562e,jpeg70
0,coco_train_reals,real,none,train,5940b4770fb7562e,noise01
0,coco_train_reals,real,none,train,5940b4770fb7562e,jitter02
0,coco_train_reals,real,none,train,a2c4d9eade52f9d2,clean
0,coco_train_reals,real,none,train,a2c4d9eade52f9d2,blur20
0,coco_train_reals,real,none,train,a2c4d9eade52f9d2,resize025
0,coco_train_reals,real,none,train,a2c4d9eade52f9d2,noise01
0,coco_train_reals,real,none,train,7ff173a4723ed24f,clean
0,coco_train_reals,real,none,train,7ff173a4723ed24f,blur05
0,coco_train_reals,real,none,train,7ff173a4723ed24f,noise01
0,coco_train_reals,real,none,train,7ff173a4723ed24f,crop08
0,coco_train_reals,real,none,train,632c7bc19332e241,clean
0,coco_train_reals,real,none,train,632c7bc19332e241,jpeg90
0,coco_train_reals,real,none,train,632c7bc19332e241,noise002
0,coco_train_reals,real,none,train,632c7bc19332e241,crop08
0,coco_train_reals,real,none,train,f2cd4cc70c2e5acb,clean
0,coco_train_reals,real,none,train,f2cd4cc70c2e5acb,resize05
0,coco_train_reals,real,none,train,f2cd4cc70c2e5acb,resize025
0,coco_train_reals,real,none,train,f2cd4cc70c2e5acb,jitter02
0,coco_train_reals,real,none,train,80ffc61f396e0988,clean
0,coco_train_reals,real,none,train,80ffc61f396e0988,blur05
0,coco_train_reals,real,none,train,80ffc61f396e0988,blur20
0,coco_train_reals,real,none,train,80ffc61f396e0988,noise01
0,coco_train_reals,real,none,train,628dbd1d25e8b02c,clean
0,coco_train_reals,real,none,train,628dbd1d25e8b02c,jpeg30
0,coco_train_reals,real,none,train,628dbd1d25e8b02c,noise01
0,coco_train_reals,real,none,train,628dbd1d25e8b02c,jitter02
0,coco_train_reals,real,none,train,dccdcbcef388ccb5,clean
0,coco_train_reals,real,none,train,dccdcbcef388ccb5,blur05
0,coco_train_reals,real,none,train,dccdcbcef388ccb5,resize05
0,coco_train_reals,real,none,train,dccdcbcef388ccb5,jitter02
0,coco_train_reals,real,none,train,0d46a17f442af351,clean
0,coco_train_reals,real,none,train,0d46a17f442af351,resize05
0,coco_train_reals,real,none,train,0d46a17f442af351,resize025
0,coco_train_reals,real,none,train,0d46a17f442af351,noise005
0,coco_train_reals,real,none,train,818109fb587accdb,clean
0,coco_train_reals,real,none,train,818109fb587accdb,jpeg50
0,coco_train_reals,real,none,train,818109fb587accdb,resize025
0,coco_train_reals,real,none,train,818109fb587accdb,noise01
0,coco_train_reals,real,none,train,07862923b3c3ca84,clean
0,coco_train_reals,real,none,train,07862923b3c3ca84,jpeg30
0,coco_train_reals,real,none,train,07862923b3c3ca84,noise002
0,coco_train_reals,real,none,train,07862923b3c3ca84,noise005
0,coco_train_reals,real,none,train,a1e632e36a0a9133,clean
0,coco_train_reals,real,none,train,a1e632e36a0a9133,resize05
0,coco_train_reals,real,none,train,a1e632e36a0a9133,resize025
0,coco_train_reals,real,none,train,a1e632e36a0a9133,jitter02
0,coco_train_reals,real,none,train,f2bef8a6cfc236d5,clean
0,coco_train_reals,real,none,train,f2bef8a6cfc236d5,jpeg50
0,coco_train_reals,real,none,train,f2bef8a6cfc236d5,resize05
0,coco_train_reals,real,none,train,f2bef8a6cfc236d5,resize025
0,coco_train_reals,real,none,train,0de166cb2a1f32be,clean
0,coco_train_reals,real,none,train,0de166cb2a1f32be,jpeg50
0,coco_train_reals,real,none,train,0de166cb2a1f32be,jpeg30
0,coco_train_reals,real,none,train,0de166cb2a1f32be,resize025
0,coco_train_reals,real,none,train,5099b9d666b18a7b,clean
0,coco_train_reals,real,none,train,5099b9d666b18a7b,jpeg30
0,coco_train_reals,real,none,train,5099b9d666b18a7b,blur05
0,coco_train_reals,real,none,train,5099b9d666b18a7b,resize025
0,coco_train_reals,real,none,train,ce28fba073ccb154,clean
0,coco_train_reals,real,none,train,ce28fba073ccb154,jpeg30
0,coco_train_reals,real,none,train,ce28fba073ccb154,blur05
0,coco_train_reals,real,none,train,ce28fba073ccb154,noise01
0,coco_train_reals,real,none,train,d4081f570d8d2d21,clean
0,coco_train_reals,real,none,train,d4081f570d8d2d21,jpeg50
0,coco_train_reals,real,none,train,d4081f570d8d2d21,blur20
0,coco_train_reals,real,none,train,d4081f570d8d2d21,noise005
0,coco_train_reals,real,none,train,9f992b1d4204aee8,clean
0,coco_train_reals,real,none,train,9f992b1d4204aee8,blur05
0,coco_train_reals,real,none,train,9f992b1d4204aee8,blur10
0,coco_train_reals,real,none,train,9f992b1d4204aee8,noise002
0,coco_train_reals,real,none,train,aef6c6019af53ec2,clean
0,coco_train_reals,real,none,train,aef6c6019af53ec2,jpeg50
0,coco_train_reals,real,none,train,aef6c6019af53ec2,jpeg30
0,coco_train_reals,real,none,train,aef6c6019af53ec2,resize025
0,coco_train_reals,real,none,train,79845212c9a034e1,clean
0,coco_train_reals,real,none,train,79845212c9a034e1,blur05
0,coco_train_reals,real,none,train,79845212c9a034e1,noise002
0,coco_train_reals,real,none,train,79845212c9a034e1,noise01
0,coco_train_reals,real,none,train,8cd2f0d1bee07540,clean
0,coco_train_reals,real,none,train,8cd2f0d1bee07540,jpeg70
0,coco_train_reals,real,none,train,8cd2f0d1bee07540,blur20
0,coco_train_reals,real,none,train,8cd2f0d1bee07540,resize025
0,coco_train_reals,real,none,train,c92d919468f2cf97,clean
0,coco_train_reals,real,none,train,c92d919468f2cf97,jpeg50
0,coco_train_reals,real,none,train,c92d919468f2cf97,jpeg30
0,coco_train_reals,real,none,train,c92d919468f2cf97,blur10
0,coco_train_reals,real,none,train,1651a174d23674ce,clean
0,coco_train_reals,real,none,train,1651a174d23674ce,jpeg70
0,coco_train_reals,real,none,train,1651a174d23674ce,blur05
0,coco_train_reals,real,none,train,1651a174d23674ce,blur10
0,coco_train_reals,real,none,train,a46de0f5984bf04f,clean
0,coco_train_reals,real,none,train,a46de0f5984bf04f,blur05
0,coco_train_reals,real,none,train,a46de0f5984bf04f,resize05
0,coco_train_reals,real,none,train,a46de0f5984bf04f,crop08
0,coco_train_reals,real,none,train,be7c670ae9288299,clean
0,coco_train_reals,real,none,train,be7c670ae9288299,blur10
0,coco_train_reals,real,none,train,be7c670ae9288299,resize025
0,coco_train_reals,real,none,train,be7c670ae9288299,noise002
0,coco_train_reals,real,none,train,1b8e77e624bf47bf,clean
0,coco_train_reals,real,none,train,1b8e77e624bf47bf,jpeg30
0,coco_train_reals,real,none,train,1b8e77e624bf47bf,noise01
0,coco_train_reals,real,none,train,1b8e77e624bf47bf,jitter02
0,coco_train_reals,real,none,train,a31235e653f99cc0,clean
0,coco_train_reals,real,none,train,a31235e653f99cc0,jpeg70
0,coco_train_reals,real,none,train,a31235e653f99cc0,blur10
0,coco_train_reals,real,none,train,a31235e653f99cc0,noise002
0,coco_train_reals,real,none,train,a59b1feb6795522e,clean
0,coco_train_reals,real,none,train,a59b1feb6795522e,resize025
0,coco_train_reals,real,none,train,a59b1feb6795522e,noise01
0,coco_train_reals,real,none,train,a59b1feb6795522e,crop08
0,coco_train_reals,real,none,train,468f02ecd1809ebe,clean
0,coco_train_reals,real,none,train,468f02ecd1809ebe,jpeg70
0,coco_train_reals,real,none,train,468f02ecd1809ebe,jpeg30
0,coco_train_reals,real,none,train,468f02ecd1809ebe,noise01
0,coco_train_reals,real,none,train,fe7321a02ec1a39d,clean
0,coco_train_reals,real,none,train,fe7321a02ec1a39d,jpeg50
0,coco_train_reals,real,none,train,fe7321a02ec1a39d,blur10
0,coco_train_reals,real,none,train,fe7321a02ec1a39d,jitter02
0,coco_train_reals,real,none,train,7b7ac53714e8939b,clean
0,coco_train_reals,real,none,train,7b7ac53714e8939b,resize05
0,coco_train_reals,real,none,train,7b7ac53714e8939b,noise002
0,coco_train_reals,real,none,train,7b7ac53714e8939b,crop08
0,coco_train_reals,real,none,train,e66a3ba0acfd7dbf,clean
0,coco_train_reals,real,none,train,e66a3ba0acfd7dbf,jpeg30
0,coco_train_reals,real,none,train,e66a3ba0acfd7dbf,resize05
0,coco_train_reals,real,none,train,e66a3ba0acfd7dbf,noise005
0,coco_train_reals,real,none,train,e4a662b00d38a606,clean
0,coco_train_reals,real,none,train,e4a662b00d38a606,jpeg70
0,coco_train_reals,real,none,train,e4a662b00d38a606,blur05
0,coco_train_reals,real,none,train,e4a662b00d38a606,blur20
0,coco_train_reals,real,none,train,f658a6845a8adb67,clean
0,coco_train_reals,real,none,train,f658a6845a8adb67,jpeg30
0,coco_train_reals,real,none,train,f658a6845a8adb67,resize025
0,coco_train_reals,real,none,train,f658a6845a8adb67,crop08
0,coco_train_reals,real,none,train,59229b70c3993840,clean
0,coco_train_reals,real,none,train,59229b70c3993840,jpeg70
0,coco_train_reals,real,none,train,59229b70c3993840,blur20
0,coco_train_reals,real,none,train,59229b70c3993840,noise005
0,coco_train_reals,real,none,train,8c6e1bdfbf53050f,clean
0,coco_train_reals,real,none,train,8c6e1bdfbf53050f,jpeg90
0,coco_train_reals,real,none,train,8c6e1bdfbf53050f,jpeg50
0,coco_train_reals,real,none,train,8c6e1bdfbf53050f,jpeg30
0,coco_train_reals,real,none,train,1ae61f22fa464e12,clean
0,coco_train_reals,real,none,train,1ae61f22fa464e12,noise002
0,coco_train_reals,real,none,train,1ae61f22fa464e12,jitter02
0,coco_train_reals,real,none,train,1ae61f22fa464e12,crop08
0,coco_train_reals,real,none,train,cebba75f0a739f04,clean
0,coco_train_reals,real,none,train,cebba75f0a739f04,jpeg90
0,coco_train_reals,real,none,train,cebba75f0a739f04,blur20
0,coco_train_reals,real,none,train,cebba75f0a739f04,noise005
0,coco_train_reals,real,none,train,8da514bbecb73f30,clean
0,coco_train_reals,real,none,train,8da514bbecb73f30,jpeg90
0,coco_train_reals,real,none,train,8da514bbecb73f30,resize05
0,coco_train_reals,real,none,train,8da514bbecb73f30,noise01
0,coco_train_reals,real,none,train,fd0fc278710bd70f,clean
0,coco_train_reals,real,none,train,fd0fc278710bd70f,jpeg50
0,coco_train_reals,real,none,train,fd0fc278710bd70f,jpeg30
0,coco_train_reals,real,none,train,fd0fc278710bd70f,noise01
0,coco_train_reals,real,none,train,fb35536153371cf4,clean
0,coco_train_reals,real,none,train,fb35536153371cf4,jpeg70
0,coco_train_reals,real,none,train,fb35536153371cf4,jpeg30
0,coco_train_reals,real,none,train,fb35536153371cf4,resize025
0,coco_train_reals,real,none,train,7700343c8c526b82,clean
0,coco_train_reals,real,none,train,7700343c8c526b82,jpeg90
0,coco_train_reals,real,none,train,7700343c8c526b82,jpeg70
0,coco_train_reals,real,none,train,7700343c8c526b82,blur10
0,coco_train_reals,real,none,train,4410f81c5dff6c5a,clean
0,coco_train_reals,real,none,train,4410f81c5dff6c5a,jpeg90
0,coco_train_reals,real,none,train,4410f81c5dff6c5a,noise002
0,coco_train_reals,real,none,train,4410f81c5dff6c5a,jitter02
0,coco_train_reals,real,none,train,01bb6687dd82822e,clean
0,coco_train_reals,real,none,train,01bb6687dd82822e,blur05
0,coco_train_reals,real,none,train,01bb6687dd82822e,resize05
0,coco_train_reals,real,none,train,01bb6687dd82822e,crop08
0,coco_train_reals,real,none,train,d9ecf2301ce98c37,clean
0,coco_train_reals,real,none,train,d9ecf2301ce98c37,blur20
0,coco_train_reals,real,none,train,d9ecf2301ce98c37,resize05
0,coco_train_reals,real,none,train,d9ecf2301ce98c37,noise002
0,coco_train_reals,real,none,train,2e1bc1649e2504ce,clean
0,coco_train_reals,real,none,train,2e1bc1649e2504ce,jpeg90
0,coco_train_reals,real,none,train,2e1bc1649e2504ce,jpeg70
0,coco_train_reals,real,none,train,2e1bc1649e2504ce,noise005
0,coco_train_reals,real,none,train,6a7aad35b5c29d14,clean
0,coco_train_reals,real,none,train,6a7aad35b5c29d14,jpeg50
0,coco_train_reals,real,none,train,6a7aad35b5c29d14,blur05
0,coco_train_reals,real,none,train,6a7aad35b5c29d14,resize05
0,coco_train_reals,real,none,train,e58b803acb0ae6bf,clean
0,coco_train_reals,real,none,train,e58b803acb0ae6bf,jpeg90
0,coco_train_reals,real,none,train,e58b803acb0ae6bf,jpeg30
0,coco_train_reals,real,none,train,e58b803acb0ae6bf,noise002
0,coco_train_reals,real,none,train,c36a60af9f0505b3,clean
0,coco_train_reals,real,none,train,c36a60af9f0505b3,blur20
0,coco_train_reals,real,none,train,c36a60af9f0505b3,resize025
0,coco_train_reals,real,none,train,c36a60af9f0505b3,noise005
0,coco_train_reals,real,none,train,ed46d99d61883cb5,clean
0,coco_train_reals,real,none,train,ed46d99d61883cb5,resize05
0,coco_train_reals,real,none,train,ed46d99d61883cb5,noise01
0,coco_train_reals,real,none,train,ed46d99d61883cb5,jitter02
0,coco_train_reals,real,none,train,a9ee7577ab31c1ca,clean
0,coco_train_reals,real,none,train,a9ee7577ab31c1ca,jpeg30
0,coco_train_reals,real,none,train,a9ee7577ab31c1ca,blur20
0,coco_train_reals,real,none,train,a9ee7577ab31c1ca,noise005
0,coco_train_reals,real,none,train,a2317d83bd67b227,clean
0,coco_train_reals,real,none,train,a2317d83bd67b227,resize025
0,coco_train_reals,real,none,train,a2317d83bd67b227,noise005
0,coco_train_reals,real,none,train,a2317d83bd67b227,crop08
0,coco_train_reals,real,none,train,8b68d59e2cdeb7aa,clean
0,coco_train_reals,real,none,train,8b68d59e2cdeb7aa,jpeg50
0,coco_train_reals,real,none,train,8b68d59e2cdeb7aa,jpeg30
0,coco_train_reals,real,none,train,8b68d59e2cdeb7aa,resize05
0,coco_train_reals,real,none,train,aa662bcd95c11537,clean
0,coco_train_reals,real,none,train,aa662bcd95c11537,blur20
0,coco_train_reals,real,none,train,aa662bcd95c11537,noise002
0,coco_train_reals,real,none,train,aa662bcd95c11537,crop08
0,coco_train_reals,real,none,train,28f778d7fb962e27,clean
0,coco_train_reals,real,none,train,28f778d7fb962e27,blur05
0,coco_train_reals,real,none,train,28f778d7fb962e27,noise002
0,coco_train_reals,real,none,train,28f778d7fb962e27,jitter02
0,coco_train_reals,real,none,train,f075d9d9a53cae23,clean
0,coco_train_reals,real,none,train,f075d9d9a53cae23,blur10
0,coco_train_reals,real,none,train,f075d9d9a53cae23,resize05
0,coco_train_reals,real,none,train,f075d9d9a53cae23,noise01
0,coco_train_reals,real,none,train,0ab66905c89aa6a9,clean
0,coco_train_reals,real,none,train,0ab66905c89aa6a9,jpeg90
0,coco_train_reals,real,none,train,0ab66905c89aa6a9,jpeg70
0,coco_train_reals,real,none,train,0ab66905c89aa6a9,resize025
0,coco_train_reals,real,none,train,43a6b9f1359dfb93,clean
0,coco_train_reals,real,none,train,43a6b9f1359dfb93,blur20
0,coco_train_reals,real,none,train,43a6b9f1359dfb93,noise002
0,coco_train_reals,real,none,train,43a6b9f1359dfb93,noise01
0,coco_train_reals,real,none,train,d7a1db8d5564180a,clean
0,coco_train_reals,real,none,train,d7a1db8d5564180a,jpeg70
0,coco_train_reals,real,none,train,d7a1db8d5564180a,jpeg50
0,coco_train_reals,real,none,train,d7a1db8d5564180a,noise01
