label,source,subclass,generator,split,image_id,variant
1,sid_tampered,tampered,unknown,train,f001d8e2add0f6f4,clean
1,sid_tampered,tampered,unknown,train,f001d8e2add0f6f4,jpeg30
1,sid_tampered,tampered,unknown,train,f001d8e2add0f6f4,noise01
1,sid_tampered,tampered,unknown,train,f001d8e2add0f6f4,crop08
1,sid_tampered,tampered,unknown,train,73b1eccc540393a0,clean
1,sid_tampered,tampered,unknown,train,73b1eccc540393a0,jpeg90
1,sid_tampered,tampered,unknown,train,73b1eccc540393a0,blur05
1,sid_tampered,tampered,unknown,train,73b1eccc540393a0,blur10
1,sid_tampered,tampered,unknown,train,eeb832d37cc28151,clean
1,sid_tampered,tampered,unknown,train,eeb832d37cc28151,jpeg70
1,sid_tampered,tampered,unknown,train,eeb832d37cc28151,blur10
1,sid_tampered,tampered,unknown,train,eeb832d37cc28151,resize025
1,sid_tampered,tampered,unknown,train,83a7512b0f252b6f,clean
1,sid_tampered,tampered,unknown,train,83a7512b0f252b6f,jpeg90
1,sid_tampered,tampered,unknown,train,83a7512b0f252b6f,jpeg50
1,sid_tampered,tampered,unknown,train,83a7512b0f252b6f,crop08
1,sid_tampered,tampered,unknown,train,62c661010f1516f6,clean
1,sid_tampered,tampered,unknown,train,62c661010f1516f6,resize05
1,sid_tampered,tampered,unknown,train,62c661010f1516f6,noise01
1,sid_tampered,tampered,unknown,train,62c661010f1516f6,jitter02
1,sid_tampered,tampered,unknown,train,46ef6ea7b78741f6,clean
1,sid_tampered,tampered,unknown,train,46ef6ea7b78741f6,jpeg50
1,sid_tampered,tampered,unknown,train,46ef6ea7b78741f6,jpeg30
1,sid_tampered,tampered,unknown,train,46ef6ea7b78741f6,resize05
1,sid_tampered,tampered,unknown,train,ef29a0f8c7a7a16e,clean
1,sid_tampered,tampered,unknown,train,ef29a0f8c7a7a16e,jpeg70
1,sid_tampered,tampered,unknown,train,ef29a0f8c7a7a16e,resize05
1,sid_tampered,tampered,unknown,train,ef29a0f8c7a7a16e,crop08
1,sid_tampered,tampered,unknown,train,657f578a54fc75e9,clean
1,sid_tampered,tampered,unknown,train,657f578a54fc75e9,resize025
1,sid_tampered,tampered,unknown,train,657f578a54fc75e9,noise01
1,sid_tampered,tampered,unknown,train,657f578a54fc75e9,jitter02
1,sid_tampered,tampered,unknown,train,780c8d579f19c4d2,clean
1,sid_tampered,tampered,unknown,train,780c8d579f19c4d2,blur05
1,sid_tampered,tampered,unknown,train,780c8d579f19c4d2,blur10
1,sid_tampered,tampered,unknown,train,780c8d579f19c4d2,blur20
1,sid_tampered,tampered,unknown,train,40796fc61e59ab41,clean
1,sid_tampered,tampered,unknown,train,40796fc61e59ab41,jpeg70
1,sid_tampered,tampered,unknown,train,40796fc61e59ab41,noise005
1,sid_tampered,tampered,unknown,train,40796fc61e59ab41,noise01
1,sid_tampered,tampered,unknown,train,671f87340f127c3d,clean
1,sid_tampered,tampered,unknown,train,671f87340f127c3d,jpeg30
1,sid_tampered,tampered,unknown,train,671f87340f127c3d,blur20
1,sid_tampered,tampered,unknown,train,671f87340f127c3d,jitter02
1,sid_tampered,tampered,unknown,train,257126001d3d86c5,clean
1,sid_tampered,tampered,unknown,train,257126001d3d86c5,jpeg90
1,sid_tampered,tampered,unknown,train,257126001d3d86c5,blur20
1,sid_tampered,tampered,unknown,train,257126001d3d86c5,crop08
1,sid_tampered,tampered,unknown,train,ef9831a2a6d9c6dd,clean
1,sid_tampered,tampered,unknown,train,ef9831a2a6d9c6dd,jpeg50
1,sid_tampered,tampered,unknown,train,ef9831a2a6d9c6dd,resize05
1,sid_tampered,tampered,unknown,train,ef9831a2a6d9c6dd,noise005
1,sid_tampered,tampered,unknown,train,dc61462f42a39c72,clean
1,sid_tampered,tampered,unknown,train,dc61462f42a39c72,jpeg90
1,sid_tampered,tampered,unknown,train,dc61462f42a39c72,jpeg70
1,sid_tampered,tampered,unknown,train,dc61462f42a39c72,noise005
1,sid_tampered,tampered,unknown,train,db9bf9f75cdf3c25,clean
1,sid_tampered,tampered,unknown,train,db9bf9f75cdf3c25,jpeg30
1,sid_tampered,tampered,unknown,train,db9bf9f75cdf3c25,noise005
1,sid_tampered,tampered,unknown,train,db9bf9f75cdf3c25,crop08
1,sid_tampered,tampered,unknown,train,676287c7cf2ae617,clean
1,sid_tampered,tampered,unknown,train,676287c7cf2ae617,jpeg30
1,sid_tampered,tampered,unknown,train,676287c7cf2ae617,blur05
1,sid_tampered,tampered,unknown,train,676287c7cf2ae617,blur20
1,sid_tampered,tampered,unknown,train,39c9e2f3faff0bf9,clean
1,sid_tampered,tampered,unknown,train,39c9e2f3faff0bf9,jpeg50
1,sid_tampered,tampered,unknown,train,39c9e2f3faff0bf9,blur20
1,sid_tampered,tampered,unknown,train,39c9e2f3faff0bf9,noise01
1,sid_tampered,tampered,unknown,train,83f42bae9aa20adb,clean
1,sid_tampered,tampered,unknown,train,83f42bae9aa20adb,jpeg70
1,sid_tampered,tampered,unknown,train,83f42bae9aa20adb,jpeg30
1,sid_tampered,tampered,unknown,train,83f42bae9aa20adb,blur20
1,sid_tampered,tampered,unknown,train,49e80d003b0cdad0,clean
1,sid_tampered,tampered,unknown,train,49e80d003b0cdad0,jpeg90
1,sid_tampered,tampered,unknown,train,49e80d003b0cdad0,jpeg50
1,sid_tampered,tampered,unknown,train,49e80d003b0cdad0,noise01
1,sid_tampered,tampered,unknown,train,9e4d9f4f956e4477,clean
1,sid_tampered,tampered,unknown,train,9e4d9f4f956e4477,blur10
1,sid_tampered,tampered,unknown,train,9e4d9f4f956e4477,resize025
1,sid_tampered,tampered,unknown,train,9e4d9f4f956e4477,noise005
1,sid_tampered,tampered,unknown,train,17dc2ffdd5da5e20,clean
1,sid_tampered,tampered,unknown,train,17dc2ffdd5da5e20,jpeg50
1,sid_tampered,tampered,unknown,train,17dc2ffdd5da5e20,blur10
1,sid_tampered,tampered,unknown,train,17dc2ffdd5da5e20,noise01
1,sid_tampered,tampered,unknown,train,93bb1e687479073b,clean
1,sid_tampered,tampered,unknown,train,93bb1e687479073b,jpeg90
1,sid_tampered,tampered,unknown,train,93bb1e687479073b,noise002
1,sid_tampered,tampered,unknown,train,93bb1e687479073b,jitter02
1,sid_tampered,tampered,unknown,train,9383f7a8fd9edbfd,clean
1,sid_tampered,tampered,unknown,train,9383f7a8fd9edbfd,jpeg70
1,sid_tampered,tampered,unknown,train,9383f7a8fd9edbfd,noise005
1,sid_tampered,tampered,unknown,train,9383f7a8fd9edbfd,crop08
1,sid_tampered,tampered,unknown,train,e0e96c0241b8fc69,clean
1,sid_tampered,tampered,unknown,train,e0e96c0241b8fc69,jpeg70
1,sid_tampered,tampered,unknown,train,e0e96c0241b8fc69,noise002
1,sid_tampered,tampered,unknown,train,e0e96c0241b8fc69,noise005
1,sid_tampered,tampered,unknown,train,9e997a61511eaa6e,clean
1,sid_tampered,tampered,unknown,train,9e997a61511eaa6e,jpeg70
1,sid_tampered,tampered,unknown,train,9e997a61511eaa6e,jpeg30
1,sid_tampered,tampered,unknown,train,9e997a61511eaa6e,noise01
1,sid_tampered,tampered,unknown,train,9a14ece0e150632e,clean
1,sid_tampered,tampered,unknown,train,9a14ece0e150632e,blur05
1,sid_tampered,tampered,unknown,train,9a14ece0e150632e,blur20
1,sid_tampered,tampered,unknown,train,9a14ece0e150632e,crop08
1,sid_tampered,tampered,unknown,train,af721f6da64458a0,clean
1,sid_tampered,tampered,unknown,train,af721f6da64458a0,jpeg90
1,sid_tampered,tampered,unknown,train,af721f6da64458a0,blur20
1,sid_tampered,tampered,unknown,train,af721f6da64458a0,jitter02
1,sid_tampered,tampered,unknown,train,3efe85f908074b8a,clean
1,sid_tampered,tampered,unknown,train,3efe85f908074b8a,jpeg90
1,sid_tampered,tampered,unknown,train,3efe85f908074b8a,blur10
1,sid_tampered,tampered,unknown,train,3efe85f908074b8a,noise01
1,sid_tampered,tampered,unknown,train,95b92fca627ea03d,clean
1,sid_tampered,tampered,unknown,train,95b92fca627ea03d,jpeg30
1,sid_tampered,tampered,unknown,train,95b92fca627ea03d,jitter02
1,sid_tampered,tampered,unknown,train,95b92fca627ea03d,crop08
1,sid_tampered,tampered,unknown,train,16ea51b19674463f,clean
1,sid_tampered,tampered,unknown,train,16ea51b19674463f,blur05
1,sid_tampered,tampered,unknown,train,16ea51b19674463f,blur20
1,sid_tampered,tampered,unknown,train,16ea51b19674463f,resize05
1,sid_tampered,tampered,unknown,train,6ee407fa0a0cc490,clean
1,sid_tampered,tampered,unknown,train,6ee407fa0a0cc490,jpeg50
1,sid_tampered,tampered,unknown,train,6ee407fa0a0cc490,jpeg30
1,sid_tampered,tampered,unknown,train,6ee407fa0a0cc490,blur10
1,sid_tampered,tampered,unknown,train,d24fc46f7534ab76,clean
1,sid_tampered,tampered,unknown,train,d24fc46f7534ab76,resize05
1,sid_tampered,tampered,unknown,train,d24fc46f7534ab76,noise002
1,sid_tampered,tampered,unknown,train,d24fc46f7534ab76,crop08
1,sid_tampered,tampered,unknown,train,feb53bb9ffc384cd,clean
1,sid_tampered,tampered,unknown,train,feb53bb9ffc384cd,jpeg50
1,sid_tampered,tampered,unknown,train,feb53bb9ffc384cd,blur05
1,sid_tampered,tampered,unknown,train,feb53bb9ffc384cd,resize025
1,sid_tampered,tampered,unknown,train,a8bfb35cff09e5f5,clean
1,sid_tampered,tampered,unknown,train,a8bfb35cff09e5f5,noise002
1,sid_tampered,tampered,unknown,train,a8bfb35cff09e5f5,noise005
1,sid_tampered,tampered,unknown,train,a8bfb35cff09e5f5,crop08
1,sid_tampered,tampered,unknown,train,4303435099ca640b,clean
1,sid_tampered,tampered,unknown,train,4303435099ca640b,jpeg90
1,sid_tampered,tampered,unknown,train,4303435099ca640b,jpeg70
1,sid_tampered,tampered,unknown,train,4303435099ca640b,blur10
1,sid_tampered,tampered,unknown,train,f44158e2dba55c53,clean
1,sid_tampered,tampered,unknown,train,f44158e2dba55c53,jpeg70
1,sid_tampered,tampered,unknown,train,f44158e2dba55c53,jpeg30
1,sid_tampered,tampered,unknown,train,f44158e2dba55c53,blur20
1,sid_tampered,tampered,unknown,train,b46379e9e25e679e,clean
1,sid_tampered,tampered,unknown,train,b46379e9e25e679e,jpeg50
1,sid_tampered,tampered,unknown,train,b46379e9e25e679e,blur10
1,sid_tampered,tampered,unknown,train,b46379e9e25e679e,noise01
1,sid_tampered,tampered,unknown,train,ac84800e7bdfaa85,clean
1,sid_tampered,tampered,unknown,train,ac84800e7bdfaa85,resize025
1,sid_tampered,tampered,unknown,train,ac84800e7bdfaa85,noise002
1,sid_tampered,tampered,unknown,train,ac84800e7bdfaa85,jitter02
1,sid_tampered,tampered,unknown,train,b53d34518b580864,clean
1,sid_tampered,tampered,unknown,train,b53d34518b580864,jpeg30
1,sid_tampered,tampered,unknown,train,b53d34518b580864,noise005
1,sid_tampered,tampered,unknown,train,b53d34518b580864,noise01
1,sid_tampered,tampered,unknown,train,6d55ddb76178feeb,clean
1,sid_tampered,tampered,unknown,train,6d55ddb76178feeb,resize05
1,sid_tampered,tampered,unknown,train,6d55ddb76178feeb,resize025
1,sid_tampered,tampered,unknown,train,6d55ddb76178feeb,crop08
1,sid_tampered,tampered,unknown,train,5d616c6b3c2277e4,clean
1,sid_tampered,tampered,unknown,train,5d616c6b3c2277e4,jpeg90
1,sid_tampered,tampered,unknown,train,5d616c6b3c2277e4,jpeg50
1,sid_tampered,tampered,unknown,train,5d616c6b3c2277e4,noise01
1,sid_tampered,tampered,unknown,train,1301d1b0fd4b1dae,clean
1,sid_tampered,tampered,unknown,train,1301d1b0fd4b1dae,jpeg90
1,sid_tampered,tampered,unknown,train,1301d1b0fd4b1dae,resize05
1,sid_tampered,tampered,unknown,train,1301d1b0fd4b1dae,noise005
1,sid_tampered,tampered,unknown,train,e94f6aa4ddd4adb8,clean
1,sid_tampered,tampered,unknown,train,e94f6aa4ddd4adb8,jpeg90
1,sid_tampered,tampered,unknown,train,e94f6aa4ddd4adb8,jpeg70
1,sid_tampered,tampered,unknown,train,e94f6aa4ddd4adb8,blur05
1,sid_tampered,tampered,unknown,train,e4f945e559efd239,clean
1,sid_tampered,tampered,unknown,train,e4f945e559efd239,blur10
1,sid_tampered,tampered,unknown,train,e4f945e559efd239,blur20
1,sid_tampered,tampered,unknown,train,e4f945e559efd239,resize025
1,sid_tampered,tampered,unknown,train,92d7ef0c401ae8ab,clean
1,sid_tampered,tampered,unknown,train,92d7ef0c401ae8ab,jpeg70
1,sid_tampered,tampered,unknown,train,92d7ef0c401ae8ab,noise005
1,sid_tampered,tampered,unknown,train,92d7ef0c401ae8ab,jitter02
1,sid_tampered,tampered,unknown,train,928b7da68d5c9d21,clean
1,sid_tampered,tampered,unknown,train,928b7da68d5c9d21,jpeg90
1,sid_tampered,tampered,unknown,train,928b7da68d5c9d21,jpeg50
1,sid_tampered,tampered,unknown,train,928b7da68d5c9d21,noise005
1,sid_tampered,tampered,unknown,train,b9998001661bdda9,clean
1,sid_tampered,tampered,unknown,train,b9998001661bdda9,jpeg70
1,sid_tampered,tampered,unknown,train,b9998001661bdda9,blur05
1,sid_tampered,tampered,unknown,train,b9998001661bdda9,crop08
1,sid_tampered,tampered,unknown,train,4b7a257ad9aee1d6,clean
1,sid_tampered,tampered,unknown,train,4b7a257ad9aee1d6,jpeg30
1,sid_tampered,tampered,unknown,train,4b7a257ad9aee1d6,noise005
1,sid_tampered,tampered,unknown,train,4b7a257ad9aee1d6,crop08
1,sid_tampered,tampered,unknown,train,fea320ab21c19592,clean
1,sid_tampered,tampered,unknown,train,fea320ab21c19592,jpeg90
1,sid_tampered,tampered,unknown,train,fea320ab21c19592,jpeg70
1,sid_tampered,tampered,unknown,train,fea320ab21c19592,noise002
1,sid_tampered,tampered,unknown,train,3f722bef6c09a09f,clean
1,sid_tampered,tampered,unknown,train,3f722bef6c09a09f,jpeg90
1,sid_tampered,tampered,unknown,train,3f722bef6c09a09f,blur05
1,sid_tampered,tampered,unknown,train,3f722bef6c09a09f,noise002
1,sid_tampered,tampered,unknown,train,f6ac6d6f924e92bb,clean
1,sid_tampered,tampered,unknown,train,f6ac6d6f924e92bb,resize025
1,sid_tampered,tampered,unknown,train,f6ac6d6f924e92bb,jitter02
1,sid_tampered,tampered,unknown,train,f6ac6d6f924e92bb,crop08
1,sid_tampered,tampered,unknown,train,6e6b018e5726f152,clean
1,sid_tampered,tampered,unknown,train,6e6b018e5726f152,resize025
1,sid_tampered,tampered,unknown,train,6e6b018e5726f152,noise002
1,sid_tampered,tampered,unknown,train,6e6b018e5726f152,noise005
1,sid_tampered,tampered,unknown,train,6c9fd7163ccd6233,clean
1,sid_tampered,tampered,unknown,train,6c9fd7163ccd6233,jpeg50
1,sid_tampered,tampered,unknown,train,6c9fd7163ccd6233,blur05
1,sid_tampered,tampered,unknown,train,6c9fd7163ccd6233,noise005
1,sid_tampered,tampered,unknown,train,0cd893f0e10a91c7,clean
1,sid_tampered,tampered,unknown,train,0cd893f0e10a91c7,jpeg90
1,sid_tampered,tampered,unknown,train,0cd893f0e10a91c7,noise005
1,sid_tampered,tampered,unknown,train,0cd893f0e10a91c7,crop08
1,sid_tampered,tampered,unknown,train,11f66058a5368759,clean
1,sid_tampered,tampered,unknown,train,11f66058a5368759,blur10
1,sid_tampered,tampered,unknown,train,11f66058a5368759,blur20
1,sid_tampered,tampered,unknown,train,11f66058a5368759,crop08
1,sid_tampered,tampered,unknown,train,154c6ae2f1174b49,clean
1,sid_tampered,tampered,unknown,train,154c6ae2f1174b49,jpeg50
1,sid_tampered,tampered,unknown,train,154c6ae2f1174b49,resize05
1,sid_tampered,tampered,unknown,train,154c6ae2f1174b49,noise01
1,sid_tampered,tampered,unknown,train,c1165f690a5eaca2,clean
1,sid_tampered,tampered,unknown,train,c1165f690a5eaca2,jpeg50
1,sid_tampered,tampered,unknown,train,c1165f690a5eaca2,blur05
1,sid_tampered,tampered,unknown,train,c1165f690a5eaca2,noise01
1,sid_tampered,tampered,unknown,train,e4bd22e71c330cec,clean
1,sid_tampered,tampered,unknown,train,e4bd22e71c330cec,blur10
1,sid_tampered,tampered,unknown,train,e4bd22e71c330cec,blur20
1,sid_tampered,tampered,unknown,train,e4bd22e71c330cec,resize025
1,sid_tampered,tampered,unknown,train,7dbcab7e10be1ad4,clean
1,sid_tampered,tampered,unknown,train,7dbcab7e10be1ad4,jpeg70
1,sid_tampered,tampered,unknown,train,7dbcab7e10be1ad4,jpeg50
1,sid_tampered,tampered,unknown,train,7dbcab7e10be1ad4,blur05
1,sid_tampered,tampered,unknown,train,cb57927215704992,clean
1,sid_tampered,tampered,unknown,train,cb57927215704992,jpeg30
1,sid_tampered,tampered,unknown,train,cb57927215704992,blur10
1,sid_tampered,tampered,unknown,train,cb57927215704992,crop08
1,sid_tampered,tampered,unknown,train,ad087b693da58e71,clean
1,sid_tampered,tampered,unknown,train,ad087b693da58e71,jpeg70
1,sid_tampered,tampered,unknown,train,ad087b693da58e71,blur20
1,sid_tampered,tampered,unknown,train,ad087b693da58e71,jitter02
1,sid_tampered,tampered,unknown,train,72b3d9055fae4ce8,clean
1,sid_tampered,tampered,unknown,train,72b3d9055fae4ce8,blur10
1,sid_tampered,tampered,unknown,train,72b3d9055fae4ce8,resize05
1,sid_tampered,tampered,unknown,train,72b3d9055fae4ce8,jitter02
1,sid_tampered,tampered,unknown,train,ba788fd78c1a1836,clean
1,sid_tampered,tampered,unknown,train,ba788fd78c1a1836,jpeg90
1,sid_tampered,tampered,unknown,train,ba788fd78c1a1836,jpeg70
1,sid_tampered,tampered,unknown,train,ba788fd78c1a1836,blur20
1,sid_tampered,tampered,unknown,train,95ed52e6d5b9f289,clean
1,sid_tampered,tampered,unknown,train,95ed52e6d5b9f289,blur05
1,sid_tampered,tampered,unknown,train,95ed52e6d5b9f289,noise002
1,sid_tampered,tampered,unknown,train,95ed52e6d5b9f289,jitter02
1,sid_tampered,tampered,unknown,train,17b37a7e14b9846a,clean
1,sid_tampered,tampered,unknown,train,17b37a7e14b9846a,jpeg70
1,sid_tampered,tampered,unknown,train,17b37a7e14b9846a,resize05
1,sid_tampered,tampered,unknown,train,17b37a7e14b9846a,resize025
1,sid_tampered,tampered,unknown,train,2ea1be9c364c9dae,clean
1,sid_tampered,tampered,unknown,train,2ea1be9c364c9dae,jpeg50
1,sid_tampered,tampered,unknown,train,2ea1be9c364c9dae,resize05
1,sid_tampered,tampered,unknown,train,2ea1be9c364c9dae,noise002
1,sid_tampered,tampered,unknown,train,78d5f2338b160379,clean
1,sid_tampered,tampered,unknown,train,78d5f2338b160379,jpeg70
1,sid_tampered,tampered,unknown,train,78d5f2338b160379,jpeg30
1,sid_tampered,tampered,unknown,train,78d5f2338b160379,jitter02
1,sid_tampered,tampered,unknown,train,fff03c61d3f18b80,clean
1,sid_tampered,tampered,unknown,train,fff03c61d3f18b80,jpeg50
1,sid_tampered,tampered,unknown,train,fff03c61d3f18b80,jpeg30
1,sid_tampered,tampered,unknown,train,fff03c61d3f18b80,jitter02
1,sid_tampered,tampered,unknown,train,7cb0be3eaab972e8,clean
1,sid_tampered,tampered,unknown,train,7cb0be3eaab972e8,jpeg50
1,sid_tampered,tampered,unknown,train,7cb0be3eaab972e8,resize05
1,sid_tampered,tampered,unknown,train,7cb0be3eaab972e8,resize025
1,sid_tampered,tampered,unknown,train,78032905a980c3e7,clean
1,sid_tampered,tampered,unknown,train,78032905a980c3e7,jpeg70
1,sid_tampered,tampered,unknown,train,78032905a980c3e7,blur20
1,sid_tampered,tampered,unknown,train,78032905a980c3e7,noise01
1,sid_tampered,tampered,unknown,train,5f90df682d1a948a,clean
1,sid_tampered,tampered,unknown,train,5f90df682d1a948a,jpeg50
1,sid_tampered,tampered,unknown,train,5f90df682d1a948a,jpeg30
1,sid_tampered,tampered,unknown,train,5f90df682d1a948a,crop08
1,sid_tampered,tampered,unknown,train,f21b176b3d802c2d,clean
1,sid_tampered,tampered,unknown,train,f21b176b3d802c2d,blur05
1,sid_tampered,tampered,unknown,train,f21b176b3d802c2d,blur20
1,sid_tampered,tampered,unknown,train,f21b176b3d802c2d,noise01
1,sid_tampered,tampered,unknown,train,52ab54795d489a2a,clean
1,sid_tampered,tampered,unknown,train,52ab54795d489a2a,jpeg90
1,sid_tampered,tampered,unknown,train,52ab54795d489a2a,jpeg70
1,sid_tampered,tampered,unknown,train,52ab54795d489a2a,jpeg50
1,sid_tampered,tampered,unknown,train,47af7df0e7e6b156,clean
1,sid_tampered,tampered,unknown,train,47af7df0e7e6b156,jpeg70
1,sid_tampered,tampered,unknown,train,47af7df0e7e6b156,resize025
1,sid_tampered,tampered,unknown,train,47af7df0e7e6b156,noise002
1,sid_tampered,tampered,unknown,train,4ddffede31b4f61e,clean
1,sid_tampered,tampered,unknown,train,4ddffede31b4f61e,jpeg70
1,sid_tampered,tampered,unknown,train,4ddffede31b4f61e,resize05
1,sid_tampered,tampered,unknown,train,4ddffede31b4f61e,jitter02
1,sid_tampered,tampered,unknown,train,dfe8bab6f44c5f36,clean
1,sid_tampered,tampered,unknown,train,dfe8bab6f44c5f36,blur05
1,sid_tampered,tampered,unknown,train,dfe8bab6f44c5f36,blur20
1,sid_tampered,tampered,unknown,train,dfe8bab6f44c5f36,jitter02
1,sid_tampered,tampered,unknown,train,a86c1d944cbce7de,clean
1,sid_tampered,tampered,unknown,train,a86c1d944cbce7de,blur20
1,sid_tampered,tampered,unknown,train,a86c1d944cbce7de,noise005
1,sid_tampered,tampered,unknown,train,a86c1d944cbce7de,noise01
1,sid_tampered,tampered,unknown,train,4e7171da8330881b,clean
1,sid_tampered,tampered,unknown,train,4e7171da8330881b,jpeg50
1,sid_tampered,tampered,unknown,train,4e7171da8330881b,blur05
1,sid_tampered,tampered,unknown,train,4e7171da8330881b,noise005
1,sid_tampered,tampered,unknown,train,38dae72ea09b3b45,clean
1,sid_tampered,tampered,unknown,train,38dae72ea09b3b45,jpeg90
1,sid_tampered,tampered,unknown,train,38dae72ea09b3b45,jpeg30
1,sid_tampered,tampered,unknown,train,38dae72ea09b3b45,crop08
1,sid_tampered,tampered,unknown,train,e031963646dc5770,clean
1,sid_tampered,tampered,unknown,train,e031963646dc5770,jpeg70
1,sid_tampered,tampered,unknown,train,e031963646dc5770,blur10
1,sid_tampered,tampered,unknown,train,e031963646dc5770,noise005
1,sid_tampered,tampered,unknown,train,d3a9b8142f5fed0f,clean
1,sid_tampered,tampered,unknown,train,d3a9b8142f5fed0f,resize025
1,sid_tampered,tampered,unknown,train,d3a9b8142f5fed0f,noise005
1,sid_tampered,tampered,unknown,train,d3a9b8142f5fed0f,crop08
1,sid_tampered,tampered,unknown,train,2c28cab81709f21c,clean
1,sid_tampered,tampered,unknown,train,2c28cab81709f21c,jpeg90
1,sid_tampered,tampered,unknown,train,2c28cab81709f21c,blur20
1,sid_tampered,tampered,unknown,train,2c28cab81709f21c,resize025
1,sid_tampered,tampered,unknown,train,c98a3ad7386cba47,clean
1,sid_tampered,tampered,unknown,train,c98a3ad7386cba47,jpeg90
1,sid_tampered,tampered,unknown,train,c98a3ad7386cba47,blur10
1,sid_tampered,tampered,unknown,train,c98a3ad7386cba47,noise005
1,sid_tampered,tampered,unknown,train,cda091b45839583a,clean
1,sid_tampered,tampered,unknown,train,cda091b45839583a,jpeg30
1,sid_tampered,tampered,unknown,train,cda091b45839583a,noise002
1,sid_tampered,tampered,unknown,train,cda091b45839583a,jitter02
1,sid_tampered,tampered,unknown,train,bb3eabe9b0b4223a,clean
1,sid_tampered,tampered,unknown,train,bb3eabe9b0b4223a,blur10
1,sid_tampered,tampered,unknown,train,bb3eabe9b0b4223a,blur20
1,sid_tampered,tampered,unknown,train,bb3eabe9b0b4223a,crop08
1,sid_tampered,tampered,unknown,train,7194b6401f25824e,clean
1,sid_tampered,tampered,unknown,train,7194b6401f25824e,blur05
1,sid_tampered,tampered,unknown,train,7194b6401f25824e,resize025
1,sid_tampered,tampered,unknown,train,7194b6401f25824e,noise002
1,sid_tampered,tampered,unknown,train,abbd6b87e1e5a409,clean
1,sid_tampered,tampered,unknown,train,abbd6b87e1e5a409,blur20
1,sid_tampered,tampered,unknown,train,abbd6b87e1e5a409,noise002
1,sid_tampered,tampered,unknown,train,abbd6b87e1e5a409,noise005
1,sid_tampered,tampered,unknown,train,9f0094a0a7c8ffce,clean
1,sid_tampered,tampered,unknown,train,9f0094a0a7c8ffce,jpeg70
1,sid_tampered,tampered,unknown,train,9f0094a0a7c8ffce,noise005
1,sid_tampered,tampered,unknown,train,9f0094a0a7c8ffce,jitter02
1,sid_tampered,tampered,unknown,train,145bf2144c10c922,clean
1,sid_tampered,tampered,unknown,train,145bf2144c10c922,blur10
1,sid_tampered,tampered,unknown,train,145bf2144c10c922,blur20
1,sid_tampered,tampered,unknown,train,145bf2144c10c922,jitter02
1,sid_tampered,tampered,unknown,train,f65aff3c7c10d8af,clean
1,sid_tampered,tampered,unknown,train,f65aff3c7c10d8af,blur10
1,sid_tampered,tampered,unknown,train,f65aff3c7c10d8af,noise005
1,sid_tampered,tampered,unknown,train,f65aff3c7c10d8af,noise01
1,sid_tampered,tampered,unknown,train,727a9257085620bf,clean
1,sid_tampered,tampered,unknown,train,727a9257085620bf,blur05
1,sid_tampered,tampered,unknown,train,727a9257085620bf,blur20
1,sid_tampered,tampered,unknown,train,727a9257085620bf,noise01
1,sid_tampered,tampered,unknown,train,14c53d4f83a342c5,clean
1,sid_tampered,tampered,unknown,train,14c53d4f83a342c5,blur20
1,sid_tampered,tampered,unknown,train,14c53d4f83a342c5,noise002
1,sid_tampered,tampered,unknown,train,14c53d4f83a342c5,crop08
1,sid_tampered,tampered,unknown,train,57af26845e66af6d,clean
1,sid_tampered,tampered,unknown,train,57af26845e66af6d,jpeg50
1,sid_tampered,tampered,unknown,train,57af26845e66af6d,noise002
1,sid_tampered,tampered,unknown,train,57af26845e66af6d,jitter02
1,sid_tampered,tampered,unknown,train,d4aa7081170b6e65,clean
1,sid_tampered,tampered,unknown,train,d4aa7081170b6e65,jpeg90
1,sid_tampered,tampered,unknown,train,d4aa7081170b6e65,jpeg70
1,sid_tampered,tampered,unknown,train,d4aa7081170b6e65,jitter02
1,sid_tampered,tampered,unknown,train,23da134e41ffb2a2,clean
1,sid_tampered,tampered,unknown,train,23da134e41ffb2a2,jpeg70
1,sid_tampered,tampered,unknown,train,23da134e41ffb2a2,blur20
1,sid_tampered,tampered,unknown,train,23da134e41ffb2a2,jitter02
1,sid_tampered,tampered,unknown,train,a4570db3884fea82,clean
1,sid_tampered,tampered,unknown,train,a4570db3884fea82,noise005
1,sid_tampered,tampered,unknown,train,a4570db3884fea82,noise01
1,sid_tampered,tampered,unknown,train,a4570db3884fea82,crop08
1,sid_tampered,tampered,unknown,train,8c7066facf3ac130,clean
1,sid_tampered,tampered,unknown,train,8c7066facf3ac130,jpeg70
1,sid_tampered,tampered,unknown,train,8c7066facf3ac130,resize05
1,sid_tampered,tampered,unknown,train,8c7066facf3ac130,resize025
1,sid_tampered,tampered,unknown,train,a3b5c0977ab821e9,clean
1,sid_tampered,tampered,unknown,train,a3b5c0977ab821e9,jpeg30
1,sid_tampered,tampered,unknown,train,a3b5c0977ab821e9,noise002
1,sid_tampered,tampered,unknown,train,a3b5c0977ab821e9,noise01
1,sid_tampered,tampered,unknown,train,1aed94081c46b6e3,clean
1,sid_tampered,tampered,unknown,train,1aed94081c46b6e3,blur20
1,sid_tampered,tampered,unknown,train,1aed94081c46b6e3,noise005
1,sid_tampered,tampered,unknown,train,1aed94081c46b6e3,noise01
1,sid_tampered,tampered,unknown,train,fad76f4877cf33d2,clean
1,sid_tampered,tampered,unknown,train,fad76f4877cf33d2,jpeg90
1,sid_tampered,tampered,unknown,train,fad76f4877cf33d2,jpeg30
1,sid_tampered,tampered,unknown,train,fad76f4877cf33d2,resize025
1,sid_tampered,tampered,unknown,train,8048951f6ff9b43b,clean
1,sid_tampered,tampered,unknown,train,8048951f6ff9b43b,jpeg70
1,sid_tampered,tampered,unknown,train,8048951f6ff9b43b,blur10
1,sid_tampered,tampered,unknown,train,8048951f6ff9b43b,blur20
1,sid_tampered,tampered,unknown,train,e3d1d5f67017566e,clean
1,sid_tampered,tampered,unknown,train,e3d1d5f67017566e,jpeg30
1,sid_tampered,tampered,unknown,train,e3d1d5f67017566e,resize05
1,sid_tampered,tampered,unknown,train,e3d1d5f67017566e,crop08
1,sid_tampered,tampered,unknown,train,57675c5d1be2f84d,clean
1,sid_tampered,tampered,unknown,train,57675c5d1be2f84d,resize05
1,sid_tampered,tampered,unknown,train,57675c5d1be2f84d,noise005
1,sid_tampered,tampered,unknown,train,57675c5d1be2f84d,crop08
1,sid_tampered,tampered,unknown,train,9dd0f9ff19f42690,clean
1,sid_tampered,tampered,unknown,train,9dd0f9ff19f42690,jpeg90
1,sid_tampered,tampered,unknown,train,9dd0f9ff19f42690,jpeg70
1,sid_tampered,tampered,unknown,train,9dd0f9ff19f42690,crop08
1,sid_tampered,tampered,unknown,train,667c3b79f4700d69,clean
1,sid_tampered,tampered,unknown,train,667c3b79f4700d69,jpeg70
1,sid_tampered,tampered,unknown,train,667c3b79f4700d69,resize05
1,sid_tampered,tampered,unknown,train,667c3b79f4700d69,noise002
1,sid_tampered,tampered,unknown,train,43f1e0beba65a248,clean
1,sid_tampered,tampered,unknown,train,43f1e0beba65a248,resize025
1,sid_tampered,tampered,unknown,train,43f1e0beba65a248,noise002
1,sid_tampered,tampered,unknown,train,43f1e0beba65a248,noise01
1,sid_tampered,tampered,unknown,train,a7ce73aeb8f4c680,clean
1,sid_tampered,tampered,unknown,train,a7ce73aeb8f4c680,blur10
1,sid_tampered,tampered,unknown,train,a7ce73aeb8f4c680,resize025
1,sid_tampered,tampered,unknown,train,a7ce73aeb8f4c680,crop08
1,sid_tampered,tampered,unknown,train,e084852905ac78d8,clean
1,sid_tampered,tampered,unknown,train,e084852905ac78d8,blur05
1,sid_tampered,tampered,unknown,train,e084852905ac78d8,blur20
1,sid_tampered,tampered,unknown,train,e084852905ac78d8,resize025
1,sid_tampered,tampered,unknown,train,44537b5a89c12a1f,clean
1,sid_tampered,tampered,unknown,train,44537b5a89c12a1f,jpeg30
1,sid_tampered,tampered,unknown,train,44537b5a89c12a1f,blur10
1,sid_tampered,tampered,unknown,train,44537b5a89c12a1f,noise005
1,sid_tampered,tampered,unknown,train,e9e9cc33944d23dc,clean
1,sid_tampered,tampered,unknown,train,e9e9cc33944d23dc,blur05
1,sid_tampered,tampered,unknown,train,e9e9cc33944d23dc,resize025
1,sid_tampered,tampered,unknown,train,e9e9cc33944d23dc,crop08
1,sid_tampered,tampered,unknown,train,df459eef3956cc71,clean
1,sid_tampered,tampered,unknown,train,df459eef3956cc71,blur20
1,sid_tampered,tampered,unknown,train,df459eef3956cc71,resize05
1,sid_tampered,tampered,unknown,train,df459eef3956cc71,jitter02
1,sid_tampered,tampered,unknown,train,5143f0540cf2cc7c,clean
1,sid_tampered,tampered,unknown,train,5143f0540cf2cc7c,jpeg70
1,sid_tampered,tampered,unknown,train,5143f0540cf2cc7c,jpeg30
1,sid_tampered,tampered,unknown,train,5143f0540cf2cc7c,noise01
1,sid_tampered,tampered,unknown,train,b033079bedac3db7,clean
1,sid_tampered,tampered,unknown,train,b033079bedac3db7,jpeg30
1,sid_tampered,tampered,unknown,train,b033079bedac3db7,noise002
1,sid_tampered,tampered,unknown,train,b033079bedac3db7,jitter02
1,sid_tampered,tampered,unknown,train,ea7c74c997474e3f,clean
1,sid_tampered,tampered,unknown,train,ea7c74c997474e3f,jpeg50
1,sid_tampered,tampered,unknown,train,ea7c74c997474e3f,jpeg30
1,sid_tampered,tampered,unknown,train,ea7c74c997474e3f,resize025
1,sid_tampered,tampered,unknown,train,3cb1819a16f4c0d0,clean
1,sid_tampered,tampered,unknown,train,3cb1819a16f4c0d0,jpeg50
1,sid_tampered,tampered,unknown,train,3cb1819a16f4c0d0,blur05
1,sid_tampered,tampered,unknown,train,3cb1819a16f4c0d0,resize025
1,sid_tampered,tampered,unknown,train,fe6314ac982b4141,clean
1,sid_tampered,tampered,unknown,train,fe6314ac982b4141,resize025
1,sid_tampered,tampered,unknown,train,fe6314ac982b4141,noise002
1,sid_tampered,tampered,unknown,train,fe6314ac982b4141,jitter02
1,sid_tampered,tampered,unknown,train,29a56a7f6767f60c,clean
1,sid_tampered,tampered,unknown,train,29a56a7f6767f60c,jpeg90
1,sid_tampered,tampered,unknown,train,29a56a7f6767f60c,jpeg70
1,sid_tampered,tampered,unknown,train,29a56a7f6767f60c,noise005
1,sid_tampered,tampered,unknown,train,dac0548c22bb5e34,clean
1,sid_tampered,tampered,unknown,train,dac0548c22bb5e34,jpeg90
1,sid_tampered,tampered,unknown,train,dac0548c22bb5e34,blur05
1,sid_tampered,tampered,unknown,train,dac0548c22bb5e34,jitter02
1,sid_tampered,tampered,unknown,train,ba23990538d53882,clean
1,sid_tampered,tampered,unknown,train,ba23990538d53882,jpeg30
1,sid_tampered,tampered,unknown,train,ba23990538d53882,blur05
1,sid_tampered,tampered,unknown,train,ba23990538d53882,blur10
1,sid_tampered,tampered,unknown,train,f00dc5a1f1227b08,clean
1,sid_tampered,tampered,unknown,train,f00dc5a1f1227b08,blur20
1,sid_tampered,tampered,unknown,train,f00dc5a1f1227b08,noise005
1,sid_tampered,tampered,unknown,train,f00dc5a1f1227b08,crop08
1,sid_tampered,tampered,unknown,train,a1b0bb61f616f1ae,clean
1,sid_tampered,tampered,unknown,train,a1b0bb61f616f1ae,jpeg70
1,sid_tampered,tampered,unknown,train,a1b0bb61f616f1ae,blur10
1,sid_tampered,tampered,unknown,train,a1b0bb61f616f1ae,noise01
1,sid_tampered,tampered,unknown,train,06a57c99ffcc6e32,clean
1,sid_tampered,tampered,unknown,train,06a57c99ffcc6e32,jpeg50
1,sid_tampered,tampered,unknown,train,06a57c99ffcc6e32,jitter02
1,sid_tampered,tampered,unknown,train,06a57c99ffcc6e32,crop08
1,sid_tampered,tampered,unknown,train,70ebf68ba2648fb7,clean
1,sid_tampered,tampered,unknown,train,70ebf68ba2648fb7,noise005
1,sid_tampered,tampered,unknown,train,70ebf68ba2648fb7,noise01
1,sid_tampered,tampered,unknown,train,70ebf68ba2648fb7,jitter02
1,sid_tampered,tampered,unknown,train,8a76f4fbdbd4a0f0,clean
1,sid_tampered,tampered,unknown,train,8a76f4fbdbd4a0f0,blur05
1,sid_tampered,tampered,unknown,train,8a76f4fbdbd4a0f0,blur10
1,sid_tampered,tampered,unknown,train,8a76f4fbdbd4a0f0,noise005
1,sid_tampered,tampered,unknown,train,2eae2e15a5c978a4,clean
1,sid_tampered,tampered,unknown,train,2eae2e15a5c978a4,blur05
1,sid_tampered,tampered,unknown,train,2eae2e15a5c978a4,resize05
1,sid_tampered,tampered,unknown,train,2eae2e15a5c978a4,resize025
1,sid_tampered,tampered,unknown,train,2cb5582987d79108,clean
1,sid_tampered,tampered,unknown,train,2cb5582987d79108,jpeg70
1,sid_tampered,tampered,unknown,train,2cb5582987d79108,resize025
1,sid_tampered,tampered,unknown,train,2cb5582987d79108,crop08
1,sid_tampered,tampered,unknown,train,12b75b219708883d,clean
1,sid_tampered,tampered,unknown,train,12b75b219708883d,resize05
1,sid_tampered,tampered,unknown,train,12b75b219708883d,noise005
1,sid_tampered,tampered,unknown,train,12b75b219708883d,jitter02
1,sid_tampered,tampered,unknown,train,ca8f8be03856dd52,clean
1,sid_tampered,tampered,unknown,train,ca8f8be03856dd52,resize05
1,sid_tampered,tampered,unknown,train,ca8f8be03856dd52,resize025
1,sid_tampered,tampered,unknown,train,ca8f8be03856dd52,noise005
1,sid_tampered,tampered,unknown,train,9611f2c4b6da0d46,clean
1,sid_tampered,tampered,unknown,train,9611f2c4b6da0d46,jpeg70
1,sid_tampered,tampered,unknown,train,9611f2c4b6da0d46,blur10
1,sid_tampered,tampered,unknown,train,9611f2c4b6da0d46,noise005
1,sid_tampered,tampered,unknown,train,60bd0d0b8155ffe5,clean
1,sid_tampered,tampered,unknown,train,60bd0d0b8155ffe5,jpeg90
1,sid_tampered,tampered,unknown,train,60bd0d0b8155ffe5,jpeg70
1,sid_tampered,tampered,unknown,train,60bd0d0b8155ffe5,crop08
1,sid_tampered,tampered,unknown,train,82b730d08d150416,clean
1,sid_tampered,tampered,unknown,train,82b730d08d150416,jpeg50
1,sid_tampered,tampered,unknown,train,82b730d08d150416,blur05
1,sid_tampered,tampered,unknown,train,82b730d08d150416,jitter02
1,sid_tampered,tampered,unknown,train,e7bf6bcb038175b1,clean
1,sid_tampered,tampered,unknown,train,e7bf6bcb038175b1,jpeg90
1,sid_tampered,tampered,unknown,train,e7bf6bcb038175b1,jpeg70
1,sid_tampered,tampered,unknown,train,e7bf6bcb038175b1,blur05
1,sid_tampered,tampered,unknown,train,c1aa266304547425,clean
1,sid_tampered,tampered,unknown,train,c1aa266304547425,blur10
1,sid_tampered,tampered,unknown,train,c1aa266304547425,blur20
1,sid_tampered,tampered,unknown,train,c1aa266304547425,resize025
1,sid_tampered,tampered,unknown,train,1f0756f8809e51ab,clean
1,sid_tampered,tampered,unknown,train,1f0756f8809e51ab,jpeg30
1,sid_tampered,tampered,unknown,train,1f0756f8809e51ab,resize05
1,sid_tampered,tampered,unknown,train,1f0756f8809e51ab,noise005
1,sid_tampered,tampered,unknown,train,bd85dbd70b3a7923,clean
1,sid_tampered,tampered,unknown,train,bd85dbd70b3a7923,jpeg50
1,sid_tampered,tampered,unknown,train,bd85dbd70b3a7923,blur20
1,sid_tampered,tampered,unknown,train,bd85dbd70b3a7923,resize025
1,sid_tampered,tampered,unknown,train,676336cb877beaf1,clean
1,sid_tampered,tampered,unknown,train,676336cb877beaf1,blur10
1,sid_tampered,tampered,unknown,train,676336cb877beaf1,noise005
1,sid_tampered,tampered,unknown,train,676336cb877beaf1,jitter02
1,sid_tampered,tampered,unknown,train,6689ab8cfc3b8353,clean
1,sid_tampered,tampered,unknown,train,6689ab8cfc3b8353,jpeg90
1,sid_tampered,tampered,unknown,train,6689ab8cfc3b8353,jpeg50
1,sid_tampered,tampered,unknown,train,6689ab8cfc3b8353,noise005
1,sid_tampered,tampered,unknown,train,740bf863b35033b0,clean
1,sid_tampered,tampered,unknown,train,740bf863b35033b0,jpeg30
1,sid_tampered,tampered,unknown,train,740bf863b35033b0,blur10
1,sid_tampered,tampered,unknown,train,740bf863b35033b0,noise01
1,sid_tampered,tampered,unknown,train,7c250881f2382e8d,clean
1,sid_tampered,tampered,unknown,train,7c250881f2382e8d,resize025
1,sid_tampered,tampered,unknown,train,7c250881f2382e8d,noise002
1,sid_tampered,tampered,unknown,train,7c250881f2382e8d,jitter02
1,sid_tampered,tampered,unknown,train,ad2c2dab5e2c99c5,clean
1,sid_tampered,tampered,unknown,train,ad2c2dab5e2c99c5,jpeg70
1,sid_tampered,tampered,unknown,train,ad2c2dab5e2c99c5,jitter02
1,sid_tampered,tampered,unknown,train,ad2c2dab5e2c99c5,crop08
1,sid_tampered,tampered,unknown,train,892c5d372301e392,clean
1,sid_tampered,tampered,unknown,train,892c5d372301e392,jpeg50
1,sid_tampered,tampered,unknown,train,892c5d372301e392,jitter02
1,sid_tampered,tampered,unknown,train,892c5d372301e392,crop08
1,sid_tampered,tampered,unknown,train,a36e6cc1565d1418,clean
1,sid_tampered,tampered,unknown,train,a36e6cc1565d1418,blur20
1,sid_tampered,tampered,unknown,train,a36e6cc1565d1418,noise002
1,sid_tampered,tampered,unknown,train,a36e6cc1565d1418,noise01
1,sid_tampered,tampered,unknown,train,95a11be4d8b0c477,clean
1,sid_tampered,tampered,unknown,train,95a11be4d8b0c477,jpeg50
1,sid_tampered,tampered,unknown,train,95a11be4d8b0c477,blur20
1,sid_tampered,tampered,unknown,train,95a11be4d8b0c477,noise005
1,sid_tampered,tampered,unknown,train,9049ddc90956cce4,clean
1,sid_tampered,tampered,unknown,train,9049ddc90956cce4,jpeg70
1,sid_tampered,tampered,unknown,train,9049ddc90956cce4,jpeg50
1,sid_tampered,tampered,unknown,train,9049ddc90956cce4,jpeg30
1,sid_tampered,tampered,unknown,train,6c944c4002ceb804,clean
1,sid_tampered,tampered,unknown,train,6c944c4002ceb804,jpeg90
1,sid_tampered,tampered,unknown,train,6c944c4002ceb804,jpeg30
1,sid_tampered,tampered,unknown,train,6c944c4002ceb804,blur10
1,sid_tampered,tampered,unknown,train,7d0ff2264bbd9d3b,clean
1,sid_tampered,tampered,unknown,train,7d0ff2264bbd9d3b,jpeg90
1,sid_tampered,tampered,unknown,train,7d0ff2264bbd9d3b,jpeg50
1,sid_tampered,tampered,unknown,train,7d0ff2264bbd9d3b,noise005
1,sid_tampered,tampered,unknown,train,f4595927e8af356c,clean
1,sid_tampered,tampered,unknown,train,f4595927e8af356c,jpeg70
1,sid_tampered,tampered,unknown,train,f4595927e8af356c,jpeg30
1,sid_tampered,tampered,unknown,train,f4595927e8af356c,resize05
1,sid_tampered,tampered,unknown,train,7e410e75fd667130,clean
1,sid_tampered,tampered,unknown,train,7e410e75fd667130,resize05
1,sid_tampered,tampered,unknown,train,7e410e75fd667130,noise002
1,sid_tampered,tampered,unknown,train,7e410e75fd667130,noise01
1,sid_tampered,tampered,unknown,train,2b3e808187633148,clean
1,sid_tampered,tampered,unknown,train,2b3e808187633148,blur20
1,sid_tampered,tampered,unknown,train,2b3e808187633148,noise002
1,sid_tampered,tampered,unknown,train,2b3e808187633148,noise005
1,sid_tampered,tampered,unknown,train,ede59a7931b48ad0,clean
1,sid_tampered,tampered,unknown,train,ede59a7931b48ad0,blur10
1,sid_tampered,tampered,unknown,train,ede59a7931b48ad0,resize025
1,sid_tampered,tampered,unknown,train,ede59a7931b48ad0,jitter02
1,sid_tampered,tampered,unknown,train,9e9fbb943afd49cd,clean
1,sid_tampered,tampered,unknown,train,9e9fbb943afd49cd,resize05
1,sid_tampered,tampered,unknown,train,9e9fbb943afd49cd,noise01
1,sid_tampered,tampered,unknown,train,9e9fbb943afd49cd,crop08
1,sid_tampered,tampered,unknown,train,fa5d486a7052ac78,clean
1,sid_tampered,tampered,unknown,train,fa5d486a7052ac78,jpeg50
1,sid_tampered,tampered,unknown,train,fa5d486a7052ac78,resize05
1,sid_tampered,tampered,unknown,train,fa5d486a7052ac78,jitter02
1,sid_tampered,tampered,unknown,train,4f011b74219b80c9,clean
1,sid_tampered,tampered,unknown,train,4f011b74219b80c9,jpeg90
1,sid_tampered,tampered,unknown,train,4f011b74219b80c9,noise005
1,sid_tampered,tampered,unknown,train,4f011b74219b80c9,noise01
1,sid_tampered,tampered,unknown,train,b53e34b1083038a2,clean
1,sid_tampered,tampered,unknown,train,b53e34b1083038a2,blur05
1,sid_tampered,tampered,unknown,train,b53e34b1083038a2,jitter02
1,sid_tampered,tampered,unknown,train,b53e34b1083038a2,crop08
1,sid_tampered,tampered,unknown,train,42410b1c3dabfe53,clean
1,sid_tampered,tampered,unknown,train,42410b1c3dabfe53,jpeg50
1,sid_tampered,tampered,unknown,train,42410b1c3dabfe53,blur20
1,sid_tampered,tampered,unknown,train,42410b1c3dabfe53,resize05
1,sid_tampered,tampered,unknown,train,a6f9206bb2126d09,clean
1,sid_tampered,tampered,unknown,train,a6f9206bb2126d09,blur05
1,sid_tampered,tampered,unknown,train,a6f9206bb2126d09,resize025
1,sid_tampered,tampered,unknown,train,a6f9206bb2126d09,jitter02
1,sid_tampered,tampered,unknown,train,e0e5cca980f29d9f,clean
1,sid_tampered,tampered,unknown,train,e0e5cca980f29d9f,jpeg30
1,sid_tampered,tampered,unknown,train,e0e5cca980f29d9f,noise005
1,sid_tampered,tampered,unknown,train,e0e5cca980f29d9f,jitter02
1,sid_tampered,tampered,unknown,train,67b870e99cc4fd7a,clean
1,sid_tampered,tampered,unknown,train,67b870e99cc4fd7a,jpeg50
1,sid_tampered,tampered,unknown,train,67b870e99cc4fd7a,blur20
1,sid_tampered,tampered,unknown,train,67b870e99cc4fd7a,noise005
1,sid_tampered,tampered,unknown,train,eefb6b03323b399a,clean
1,sid_tampered,tampered,unknown,train,eefb6b03323b399a,jpeg90
1,sid_tampered,tampered,unknown,train,eefb6b03323b399a,resize025
1,sid_tampered,tampered,unknown,train,eefb6b03323b399a,noise002
1,sid_tampered,tampered,unknown,train,481f727cd6e7bd7d,clean
1,sid_tampered,tampered,unknown,train,481f727cd6e7bd7d,jpeg90
1,sid_tampered,tampered,unknown,train,481f727cd6e7bd7d,blur05
1,sid_tampered,tampered,unknown,train,481f727cd6e7bd7d,blur20
1,sid_tampered,tampered,unknown,train,9ef8f0c91fbecdc0,clean
1,sid_tampered,tampered,unknown,train,9ef8f0c91fbecdc0,jpeg50
1,sid_tampered,tampered,unknown,train,9ef8f0c91fbecdc0,blur10
1,sid_tampered,tampered,unknown,train,9ef8f0c91fbecdc0,jitter02
1,sid_tampered,tampered,unknown,train,deba20823e1f967c,clean
1,sid_tampered,tampered,unknown,train,deba20823e1f967c,blur05
1,sid_tampered,tampered,unknown,train,deba20823e1f967c,noise01
1,sid_tampered,tampered,unknown,train,deba20823e1f967c,jitter02
1,sid_tampered,tampered,unknown,train,4664605bc9cdeb77,clean
1,sid_tampered,tampered,unknown,train,4664605bc9cdeb77,jpeg70
1,sid_tampered,tampered,unknown,train,4664605bc9cdeb77,jpeg50
1,sid_tampered,tampered,unknown,train,4664605bc9cdeb77,blur10
1,sid_tampered,tampered,unknown,train,a37d2a908ddb8c52,clean
1,sid_tampered,tampered,unknown,train,a37d2a908ddb8c52,jpeg90
1,sid_tampered,tampered,unknown,train,a37d2a908ddb8c52,noise002
1,sid_tampered,tampered,unknown,train,a37d2a908ddb8c52,noise005
1,sid_tampered,tampered,unknown,train,60c3e27cc29d6228,clean
1,sid_tampered,tampered,unknown,train,60c3e27cc29d6228,jpeg30
1,sid_tampered,tampered,unknown,train,60c3e27cc29d6228,noise005
1,sid_tampered,tampered,unknown,train,60c3e27cc29d6228,jitter02
1,sid_tampered,tampered,unknown,train,6138bea3592cc26e,clean
1,sid_tampered,tampered,unknown,train,6138bea3592cc26e,jpeg50
1,sid_tampered,tampered,unknown,train,6138bea3592cc26e,noise002
1,sid_tampered,tampered,unknown,train,6138bea3592cc26e,noise005
1,sid_tampered,tampered,unknown,train,12395884e2044ccc,clean
1,sid_tampered,tampered,unknown,train,12395884e2044ccc,blur10
1,sid_tampered,tampered,unknown,train,12395884e2044ccc,blur20
1,sid_tampered,tampered,unknown,train,12395884e2044ccc,noise005
1,sid_tampered,tampered,unknown,train,9002b81ef649a46e,clean
1,sid_tampered,tampered,unknown,train,9002b81ef649a46e,jpeg30
1,sid_tampered,tampered,unknown,train,9002b81ef649a46e,noise002
1,sid_tampered,tampered,unknown,train,9002b81ef649a46e,noise005
1,sid_tampered,tampered,unknown,train,b550f251b5490de4,clean
1,sid_tampered,tampered,unknown,train,b550f251b5490de4,jpeg50
1,sid_tampered,tampered,unknown,train,b550f251b5490de4,jpeg30
1,sid_tampered,tampered,unknown,train,b550f251b5490de4,jitter02
1,sid_tampered,tampered,unknown,train,8fc23723bd9195cf,clean
1,sid_tampered,tampered,unknown,train,8fc23723bd9195cf,jpeg70
1,sid_tampered,tampered,unknown,train,8fc23723bd9195cf,blur10
1,sid_tampered,tampered,unknown,train,8fc23723bd9195cf,noise01
1,sid_tampered,tampered,unknown,train,f2392fb165df358f,clean
1,sid_tampered,tampered,unknown,train,f2392fb165df358f,blur05
1,sid_tampered,tampered,unknown,train,f2392fb165df358f,resize025
1,sid_tampered,tampered,unknown,train,f2392fb165df358f,noise005
1,sid_tampered,tampered,unknown,train,6baee432ebda4c1b,clean
1,sid_tampered,tampered,unknown,train,6baee432ebda4c1b,jpeg50
1,sid_tampered,tampered,unknown,train,6baee432ebda4c1b,jpeg30
1,sid_tampered,tampered,unknown,train,6baee432ebda4c1b,crop08
1,sid_tampered,tampered,unknown,train,3b92bea965122a04,clean
1,sid_tampered,tampered,unknown,train,3b92bea965122a04,jpeg50
1,sid_tampered,tampered,unknown,train,3b92bea965122a04,blur10
1,sid_tampered,tampered,unknown,train,3b92bea965122a04,noise01
1,sid_tampered,tampered,unknown,train,8d7200b10afe2aed,clean
1,sid_tampered,tampered,unknown,train,8d7200b10afe2aed,blur10
1,sid_tampered,tampered,unknown,train,8d7200b10afe2aed,resize025
1,sid_tampered,tampered,unknown,train,8d7200b10afe2aed,noise01
1,sid_tampered,tampered,unknown,train,b141ce96e1b99e79,clean
1,sid_tampered,tampered,unknown,train,b141ce96e1b99e79,jpeg70
1,sid_tampered,tampered,unknown,train,b141ce96e1b99e79,noise002
1,sid_tampered,tampered,unknown,train,b141ce96e1b99e79,crop08
1,sid_tampered,tampered,unknown,train,0c1d09764f1d7ca9,clean
1,sid_tampered,tampered,unknown,train,0c1d09764f1d7ca9,jpeg50
1,sid_tampered,tampered,unknown,train,0c1d09764f1d7ca9,jpeg30
1,sid_tampered,tampered,unknown,train,0c1d09764f1d7ca9,noise002
1,sid_tampered,tampered,unknown,train,ab5002d33c8fa8cf,clean
1,sid_tampered,tampered,unknown,train,ab5002d33c8fa8cf,jpeg50
1,sid_tampered,tampered,unknown,train,ab5002d33c8fa8cf,resize05
1,sid_tampered,tampered,unknown,train,ab5002d33c8fa8cf,noise002
1,sid_tampered,tampered,unknown,train,0b352a658b5930bd,clean
1,sid_tampered,tampered,unknown,train,0b352a658b5930bd,jpeg30
1,sid_tampered,tampered,unknown,train,0b352a658b5930bd,resize025
1,sid_tampered,tampered,unknown,train,0b352a658b5930bd,crop08
1,sid_tampered,tampered,unknown,train,2b6082ccac732ec9,clean
1,sid_tampered,tampered,unknown,train,2b6082ccac732ec9,jpeg70
1,sid_tampered,tampered,unknown,train,2b6082ccac732ec9,jpeg50
1,sid_tampered,tampered,unknown,train,2b6082ccac732ec9,blur20
1,sid_tampered,tampered,unknown,train,c4e3278fd34f0da4,clean
1,sid_tampered,tampered,unknown,train,c4e3278fd34f0da4,jpeg90
1,sid_tampered,tampered,unknown,train,c4e3278fd34f0da4,resize025
1,sid_tampered,tampered,unknown,train,c4e3278fd34f0da4,jitter02
1,sid_tampered,tampered,unknown,train,8a3fbaa9b512b89a,clean
1,sid_tampered,tampered,unknown,train,8a3fbaa9b512b89a,jpeg90
1,sid_tampered,tampered,unknown,train,8a3fbaa9b512b89a,jpeg30
1,sid_tampered,tampered,unknown,train,8a3fbaa9b512b89a,noise002
1,sid_tampered,tampered,unknown,train,f9d6332f203c87b3,clean
1,sid_tampered,tampered,unknown,train,f9d6332f203c87b3,jpeg70
1,sid_tampered,tampered,unknown,train,f9d6332f203c87b3,resize05
1,sid_tampered,tampered,unknown,train,f9d6332f203c87b3,noise005
1,sid_tampered,tampered,unknown,train,eb782bfb5b45c2b9,clean
1,sid_tampered,tampered,unknown,train,eb782bfb5b45c2b9,resize05
1,sid_tampered,tampered,unknown,train,eb782bfb5b45c2b9,noise01
1,sid_tampered,tampered,unknown,train,eb782bfb5b45c2b9,crop08
1,sid_tampered,tampered,unknown,train,f18bc8b371dc5778,clean
1,sid_tampered,tampered,unknown,train,f18bc8b371dc5778,jpeg50
1,sid_tampered,tampered,unknown,train,f18bc8b371dc5778,blur05
1,sid_tampered,tampered,unknown,train,f18bc8b371dc5778,resize025
1,sid_tampered,tampered,unknown,train,b1ada49460457ead,clean
1,sid_tampered,tampered,unknown,train,b1ada49460457ead,blur10
1,sid_tampered,tampered,unknown,train,b1ada49460457ead,resize025
1,sid_tampered,tampered,unknown,train,b1ada49460457ead,crop08
1,sid_tampered,tampered,unknown,train,1a24e3a5693edc1f,clean
1,sid_tampered,tampered,unknown,train,1a24e3a5693edc1f,blur20
1,sid_tampered,tampered,unknown,train,1a24e3a5693edc1f,noise005
1,sid_tampered,tampered,unknown,train,1a24e3a5693edc1f,noise01
1,sid_tampered,tampered,unknown,train,7caf6026b3c51493,clean
1,sid_tampered,tampered,unknown,train,7caf6026b3c51493,jpeg90
1,sid_tampered,tampered,unknown,train,7caf6026b3c51493,jpeg50
1,sid_tampered,tampered,unknown,train,7caf6026b3c51493,jpeg30
1,sid_tampered,tampered,unknown,train,9e0decc83f914e5a,clean
1,sid_tampered,tampered,unknown,train,9e0decc83f914e5a,jpeg90
1,sid_tampered,tampered,unknown,train,9e0decc83f914e5a,jpeg30
1,sid_tampered,tampered,unknown,train,9e0decc83f914e5a,jitter02
1,sid_tampered,tampered,unknown,train,69dc43b24d8c1fce,clean
1,sid_tampered,tampered,unknown,train,69dc43b24d8c1fce,jpeg50
1,sid_tampered,tampered,unknown,train,69dc43b24d8c1fce,jpeg30
1,sid_tampered,tampered,unknown,train,69dc43b24d8c1fce,resize025
1,sid_tampered,tampered,unknown,train,e8a99445926681a1,clean
1,sid_tampered,tampered,unknown,train,e8a99445926681a1,jpeg50
1,sid_tampered,tampered,unknown,train,e8a99445926681a1,blur20
1,sid_tampered,tampered,unknown,train,e8a99445926681a1,noise005
1,sid_tampered,tampered,unknown,train,0cc2f4e08a940d4f,clean
1,sid_tampered,tampered,unknown,train,0cc2f4e08a940d4f,jpeg30
1,sid_tampered,tampered,unknown,train,0cc2f4e08a940d4f,blur10
1,sid_tampered,tampered,unknown,train,0cc2f4e08a940d4f,noise01
1,sid_tampered,tampered,unknown,train,88da3554fa1a698e,clean
1,sid_tampered,tampered,unknown,train,88da3554fa1a698e,jpeg90
1,sid_tampered,tampered,unknown,train,88da3554fa1a698e,jpeg30
1,sid_tampered,tampered,unknown,train,88da3554fa1a698e,resize05
1,sid_tampered,tampered,unknown,train,23592fbd173985e8,clean
1,sid_tampered,tampered,unknown,train,23592fbd173985e8,jpeg50
1,sid_tampered,tampered,unknown,train,23592fbd173985e8,jpeg30
1,sid_tampered,tampered,unknown,train,23592fbd173985e8,noise01
1,sid_tampered,tampered,unknown,train,9d2654e4028fc702,clean
1,sid_tampered,tampered,unknown,train,9d2654e4028fc702,jpeg90
1,sid_tampered,tampered,unknown,train,9d2654e4028fc702,jpeg50
1,sid_tampered,tampered,unknown,train,9d2654e4028fc702,noise002
1,sid_tampered,tampered,unknown,train,3c0ad1da4e6322e0,clean
1,sid_tampered,tampered,unknown,train,3c0ad1da4e6322e0,blur05
1,sid_tampered,tampered,unknown,train,3c0ad1da4e6322e0,blur10
1,sid_tampered,tampered,unknown,train,3c0ad1da4e6322e0,resize025
1,sid_tampered,tampered,unknown,train,d7c2dc80d7403b6c,clean
1,sid_tampered,tampered,unknown,train,d7c2dc80d7403b6c,jpeg70
1,sid_tampered,tampered,unknown,train,d7c2dc80d7403b6c,jpeg50
1,sid_tampered,tampered,unknown,train,d7c2dc80d7403b6c,crop08
1,sid_tampered,tampered,unknown,train,fcc11b65611ee4ef,clean
1,sid_tampered,tampered,unknown,train,fcc11b65611ee4ef,blur05
1,sid_tampered,tampered,unknown,train,fcc11b65611ee4ef,blur20
1,sid_tampered,tampered,unknown,train,fcc11b65611ee4ef,resize025
1,sid_tampered,tampered,unknown,train,4bab4330d5857d5d,clean
1,sid_tampered,tampered,unknown,train,4bab4330d5857d5d,blur05
1,sid_tampered,tampered,unknown,train,4bab4330d5857d5d,resize025
1,sid_tampered,tampered,unknown,train,4bab4330d5857d5d,jitter02
1,sid_tampered,tampered,unknown,train,675d833bb8c56815,clean
1,sid_tampered,tampered,unknown,train,675d833bb8c56815,jpeg50
1,sid_tampered,tampered,unknown,train,675d833bb8c56815,jpeg30
1,sid_tampered,tampered,unknown,train,675d833bb8c56815,noise002
1,sid_tampered,tampered,unknown,train,035da38a687d0975,clean
1,sid_tampered,tampered,unknown,train,035da38a687d0975,blur05
1,sid_tampered,tampered,unknown,train,035da38a687d0975,noise005
1,sid_tampered,tampered,unknown,train,035da38a687d0975,jitter02
1,sid_tampered,tampered,unknown,train,fc3e2e3ef5c37b99,clean
1,sid_tampered,tampered,unknown,train,fc3e2e3ef5c37b99,jpeg50
1,sid_tampered,tampered,unknown,train,fc3e2e3ef5c37b99,noise005
1,sid_tampered,tampered,unknown,train,fc3e2e3ef5c37b99,jitter02
1,sid_tampered,tampered,unknown,train,19ef7b742c46f59e,clean
1,sid_tampered,tampered,unknown,train,19ef7b742c46f59e,jpeg50
1,sid_tampered,tampered,unknown,train,19ef7b742c46f59e,blur10
1,sid_tampered,tampered,unknown,train,19ef7b742c46f59e,jitter02
1,sid_tampered,tampered,unknown,train,5cac8d77ec3ce9de,clean
1,sid_tampered,tampered,unknown,train,5cac8d77ec3ce9de,blur05
1,sid_tampered,tampered,unknown,train,5cac8d77ec3ce9de,noise002
1,sid_tampered,tampered,unknown,train,5cac8d77ec3ce9de,jitter02
1,sid_tampered,tampered,unknown,train,7738ff25a8a92d1e,clean
1,sid_tampered,tampered,unknown,train,7738ff25a8a92d1e,jpeg50
1,sid_tampered,tampered,unknown,train,7738ff25a8a92d1e,resize025
1,sid_tampered,tampered,unknown,train,7738ff25a8a92d1e,crop08
1,sid_tampered,tampered,unknown,train,3446d789ce2352db,clean
1,sid_tampered,tampered,unknown,train,3446d789ce2352db,jpeg70
1,sid_tampered,tampered,unknown,train,3446d789ce2352db,blur05
1,sid_tampered,tampered,unknown,train,3446d789ce2352db,noise005
1,sid_tampered,tampered,unknown,train,78d90765930c31c6,clean
1,sid_tampered,tampered,unknown,train,78d90765930c31c6,jpeg30
1,sid_tampered,tampered,unknown,train,78d90765930c31c6,blur10
1,sid_tampered,tampered,unknown,train,78d90765930c31c6,noise002
1,sid_tampered,tampered,unknown,train,a04cd63911472fa1,clean
1,sid_tampered,tampered,unknown,train,a04cd63911472fa1,blur20
1,sid_tampered,tampered,unknown,train,a04cd63911472fa1,noise002
1,sid_tampered,tampered,unknown,train,a04cd63911472fa1,crop08
1,sid_tampered,tampered,unknown,train,799ceb413ba7d5dc,clean
1,sid_tampered,tampered,unknown,train,799ceb413ba7d5dc,jpeg90
1,sid_tampered,tampered,unknown,train,799ceb413ba7d5dc,jpeg30
1,sid_tampered,tampered,unknown,train,799ceb413ba7d5dc,crop08
1,sid_tampered,tampered,unknown,train,ca1fa74bdf752d85,clean
1,sid_tampered,tampered,unknown,train,ca1fa74bdf752d85,blur20
1,sid_tampered,tampered,unknown,train,ca1fa74bdf752d85,noise002
1,sid_tampered,tampered,unknown,train,ca1fa74bdf752d85,crop08
1,sid_tampered,tampered,unknown,train,5beca7ffbadc3af2,clean
1,sid_tampered,tampered,unknown,train,5beca7ffbadc3af2,blur05
1,sid_tampered,tampered,unknown,train,5beca7ffbadc3af2,noise01
1,sid_tampered,tampered,unknown,train,5beca7ffbadc3af2,crop08
1,sid_tampered,tampered,unknown,train,6e6225ab475254e5,clean
1,sid_tampered,tampered,unknown,train,6e6225ab475254e5,resize05
1,sid_tampered,tampered,unknown,train,6e6225ab475254e5,noise01
1,sid_tampered,tampered,unknown,train,6e6225ab475254e5,crop08
1,sid_tampered,tampered,unknown,train,59c6df1819647a15,clean
1,sid_tampered,tampered,unknown,train,59c6df1819647a15,jpeg70
1,sid_tampered,tampered,unknown,train,59c6df1819647a15,resize025
1,sid_tampered,tampered,unknown,train,59c6df1819647a15,noise002
1,sid_tampered,tampered,unknown,train,4a0dc162aa4f9c2b,clean
1,sid_tampered,tampered,unknown,train,4a0dc162aa4f9c2b,jpeg90
1,sid_tampered,tampered,unknown,train,4a0dc162aa4f9c2b,blur05
1,sid_tampered,tampered,unknown,train,4a0dc162aa4f9c2b,noise01
1,sid_tampered,tampered,unknown,train,b3837ce0edeb6d5f,clean
1,sid_tampered,tampered,unknown,train,b3837ce0edeb6d5f,jpeg70
1,sid_tampered,tampered,unknown,train,b3837ce0edeb6d5f,blur20
1,sid_tampered,tampered,unknown,train,b3837ce0edeb6d5f,noise01
1,sid_tampered,tampered,unknown,train,cee5c07b93d73b3d,clean
1,sid_tampered,tampered,unknown,train,cee5c07b93d73b3d,blur20
1,sid_tampered,tampered,unknown,train,cee5c07b93d73b3d,resize025
1,sid_tampered,tampered,unknown,train,cee5c07b93d73b3d,noise01
1,sid_tampered,tampered,unknown,train,81c07c226ecaba78,clean
1,sid_tampered,tampered,unknown,train,81c07c226ecaba78,jpeg70
1,sid_tampered,tampered,unknown,train,81c07c226ecaba78,jpeg30
1,sid_tampered,tampered,unknown,train,81c07c226ecaba78,noise01
1,sid_tampered,tampered,unknown,train,307e682906377e4b,clean
1,sid_tampered,tampered,unknown,train,307e682906377e4b,jpeg30
1,sid_tampered,tampered,unknown,train,307e682906377e4b,noise005
1,sid_tampered,tampered,unknown,train,307e682906377e4b,noise01
1,sid_tampered,tampered,unknown,train,f0fb0b508e91590f,clean
1,sid_tampered,tampered,unknown,train,f0fb0b508e91590f,jpeg70
1,sid_tampered,tampered,unknown,train,f0fb0b508e91590f,blur10
1,sid_tampered,tampered,unknown,train,f0fb0b508e91590f,jitter02
1,sid_tampered,tampered,unknown,train,48f5cbb40a522f8b,clean
1,sid_tampered,tampered,unknown,train,48f5cbb40a522f8b,jpeg70
1,sid_tampered,tampered,unknown,train,48f5cbb40a522f8b,noise01
1,sid_tampered,tampered,unknown,train,48f5cbb40a522f8b,crop08
1,sid_tampered,tampered,unknown,train,52aa7ca9c4bde742,clean
1,sid_tampered,tampered,unknown,train,52aa7ca9c4bde742,blur05
1,sid_tampered,tampered,unknown,train,52aa7ca9c4bde742,noise002
1,sid_tampered,tampered,unknown,train,52aa7ca9c4bde742,crop08
1,sid_tampered,tampered,unknown,train,e942e304a036e4bb,clean
1,sid_tampered,tampered,unknown,train,e942e304a036e4bb,jpeg50
1,sid_tampered,tampered,unknown,train,e942e304a036e4bb,jpeg30
1,sid_tampered,tampered,unknown,train,e942e304a036e4bb,noise01
1,sid_tampered,tampered,unknown,train,688a73558167c8d0,clean
1,sid_tampered,tampered,unknown,train,688a73558167c8d0,jpeg70
1,sid_tampered,tampered,unknown,train,688a73558167c8d0,jpeg30
1,sid_tampered,tampered,unknown,train,688a73558167c8d0,blur20
1,sid_tampered,tampered,unknown,train,e4c3daf987aa449b,clean
1,sid_tampered,tampered,unknown,train,e4c3daf987aa449b,blur05
1,sid_tampered,tampered,unknown,train,e4c3daf987aa449b,resize05
1,sid_tampered,tampered,unknown,train,e4c3daf987aa449b,noise002
1,sid_tampered,tampered,unknown,train,6b1d732bc40ddfa9,clean
1,sid_tampered,tampered,unknown,train,6b1d732bc40ddfa9,jpeg90
1,sid_tampered,tampered,unknown,train,6b1d732bc40ddfa9,resize05
1,sid_tampered,tampered,unknown,train,6b1d732bc40ddfa9,noise002
1,sid_tampered,tampered,unknown,train,b3f133e5e802cb43,clean
1,sid_tampered,tampered,unknown,train,b3f133e5e802cb43,jpeg90
1,sid_tampered,tampered,unknown,train,b3f133e5e802cb43,jpeg70
1,sid_tampered,tampered,unknown,train,b3f133e5e802cb43,resize05
1,sid_tampered,tampered,unknown,train,cbd4444cbdcf00b6,clean
1,sid_tampered,tampered,unknown,train,cbd4444cbdcf00b6,jpeg70
1,sid_tampered,tampered,unknown,train,cbd4444cbdcf00b6,jitter02
1,sid_tampered,tampered,unknown,train,cbd4444cbdcf00b6,crop08
1,sid_tampered,tampered,unknown,train,759484a63e0b87b7,clean
1,sid_tampered,tampered,unknown,train,759484a63e0b87b7,jpeg50
1,sid_tampered,tampered,unknown,train,759484a63e0b87b7,jpeg30
1,sid_tampered,tampered,unknown,train,759484a63e0b87b7,jitter02
1,sid_tampered,tampered,unknown,train,6bdafaa5411ed911,clean
1,sid_tampered,tampered,unknown,train,6bdafaa5411ed911,jpeg50
1,sid_tampered,tampered,unknown,train,6bdafaa5411ed911,jpeg30
1,sid_tampered,tampered,unknown,train,6bdafaa5411ed911,resize05
1,sid_tampered,tampered,unknown,train,0c00c0f17e2d1b8e,clean
1,sid_tampered,tampered,unknown,train,0c00c0f17e2d1b8e,jpeg90
1,sid_tampered,tampered,unknown,train,0c00c0f17e2d1b8e,blur10
1,sid_tampered,tampered,unknown,train,0c00c0f17e2d1b8e,noise005
1,sid_tampered,tampered,unknown,train,affa6fb4bba6cf7f,clean
1,sid_tampered,tampered,unknown,train,affa6fb4bba6cf7f,jpeg90
1,sid_tampered,tampered,unknown,train,affa6fb4bba6cf7f,jpeg70
1,sid_tampered,tampered,unknown,train,affa6fb4bba6cf7f,blur10
1,sid_tampered,tampered,unknown,train,63ab37fd01b16f22,clean
1,sid_tampered,tampered,unknown,train,63ab37fd01b16f22,resize05
1,sid_tampered,tampered,unknown,train,63ab37fd01b16f22,noise002
1,sid_tampered,tampered,unknown,train,63ab37fd01b16f22,noise005
1,sid_tampered,tampered,unknown,train,30af97347654f306,clean
1,sid_tampered,tampered,unknown,train,30af97347654f306,blur10
1,sid_tampered,tampered,unknown,train,30af97347654f306,noise002
1,sid_tampered,tampered,unknown,train,30af97347654f306,crop08
1,sid_tampered,tampered,unknown,train,73542ab320361439,clean
1,sid_tampered,tampered,unknown,train,73542ab320361439,resize025
1,sid_tampered,tampered,unknown,train,73542ab320361439,noise002
1,sid_tampered,tampered,unknown,train,73542ab320361439,noise005
1,sid_tampered,tampered,unknown,train,d450136f01323df6,clean
1,sid_tampered,tampered,unknown,train,d450136f01323df6,jpeg90
1,sid_tampered,tampered,unknown,train,d450136f01323df6,jpeg30
1,sid_tampered,tampered,unknown,train,d450136f01323df6,blur05
1,sid_tampered,tampered,unknown,train,3df7cbee7b780e0b,clean
1,sid_tampered,tampered,unknown,train,3df7cbee7b780e0b,resize05
1,sid_tampered,tampered,unknown,train,3df7cbee7b780e0b,resize025
1,sid_tampered,tampered,unknown,train,3df7cbee7b780e0b,jitter02
1,sid_tampered,tampered,unknown,train,31f82f7c44e22a66,clean
1,sid_tampered,tampered,unknown,train,31f82f7c44e22a66,jpeg70
1,sid_tampered,tampered,unknown,train,31f82f7c44e22a66,noise002
1,sid_tampered,tampered,unknown,train,31f82f7c44e22a66,crop08
1,sid_tampered,tampered,unknown,train,d73744276675a86e,clean
1,sid_tampered,tampered,unknown,train,d73744276675a86e,blur05
1,sid_tampered,tampered,unknown,train,d73744276675a86e,noise002
1,sid_tampered,tampered,unknown,train,d73744276675a86e,noise01
1,sid_tampered,tampered,unknown,train,0b656260a5244b63,clean
1,sid_tampered,tampered,unknown,train,0b656260a5244b63,jpeg90
1,sid_tampered,tampered,unknown,train,0b656260a5244b63,blur05
1,sid_tampered,tampered,unknown,train,0b656260a5244b63,blur20
1,sid_tampered,tampered,unknown,train,758e03546bb5508a,clean
1,sid_tampered,tampered,unknown,train,758e03546bb5508a,blur10
1,sid_tampered,tampered,unknown,train,758e03546bb5508a,noise01
1,sid_tampered,tampered,unknown,train,758e03546bb5508a,jitter02
1,sid_tampered,tampered,unknown,train,535a79ab09e4b8d8,clean
1,sid_tampered,tampered,unknown,train,535a79ab09e4b8d8,jpeg30
1,sid_tampered,tampered,unknown,train,535a79ab09e4b8d8,noise005
1,sid_tampered,tampered,unknown,train,535a79ab09e4b8d8,jitter02
1,sid_tampered,tampered,unknown,train,8693658bd05237be,clean
1,sid_tampered,tampered,unknown,train,8693658bd05237be,jpeg70
1,sid_tampered,tampered,unknown,train,8693658bd05237be,jpeg30
1,sid_tampered,tampered,unknown,train,8693658bd05237be,noise005
1,sid_tampered,tampered,unknown,train,a2c96a4134414007,clean
1,sid_tampered,tampered,unknown,train,a2c96a4134414007,jpeg70
1,sid_tampered,tampered,unknown,train,a2c96a4134414007,blur10
1,sid_tampered,tampered,unknown,train,a2c96a4134414007,resize025
1,sid_tampered,tampered,unknown,train,06682ee08cb98ed8,clean
1,sid_tampered,tampered,unknown,train,06682ee08cb98ed8,jpeg90
1,sid_tampered,tampered,unknown,train,06682ee08cb98ed8,blur20
1,sid_tampered,tampered,unknown,train,06682ee08cb98ed8,noise005
1,sid_tampered,tampered,unknown,train,97b156277c61c3f6,clean
1,sid_tampered,tampered,unknown,train,97b156277c61c3f6,jpeg50
1,sid_tampered,tampered,unknown,train,97b156277c61c3f6,blur10
1,sid_tampered,tampered,unknown,train,97b156277c61c3f6,noise01
1,sid_tampered,tampered,unknown,train,c5af959c8730c4f3,clean
1,sid_tampered,tampered,unknown,train,c5af959c8730c4f3,blur10
1,sid_tampered,tampered,unknown,train,c5af959c8730c4f3,blur20
1,sid_tampered,tampered,unknown,train,c5af959c8730c4f3,noise002
1,sid_tampered,tampered,unknown,train,378d555dc7c8f85c,clean
1,sid_tampered,tampered,unknown,train,378d555dc7c8f85c,jpeg70
1,sid_tampered,tampered,unknown,train,378d555dc7c8f85c,jpeg30
1,sid_tampered,tampered,unknown,train,378d555dc7c8f85c,noise002
1,sid_tampered,tampered,unknown,train,31d6c972a8807a2b,clean
1,sid_tampered,tampered,unknown,train,31d6c972a8807a2b,blur10
1,sid_tampered,tampered,unknown,train,31d6c972a8807a2b,noise002
1,sid_tampered,tampered,unknown,train,31d6c972a8807a2b,noise01
1,sid_tampered,tampered,unknown,train,25983c1f60c1539b,clean
1,sid_tampered,tampered,unknown,train,25983c1f60c1539b,blur20
1,sid_tampered,tampered,unknown,train,25983c1f60c1539b,resize05
1,sid_tampered,tampered,unknown,train,25983c1f60c1539b,crop08
1,sid_tampered,tampered,unknown,train,8b333429dba6a665,clean
1,sid_tampered,tampered,unknown,train,8b333429dba6a665,jpeg50
1,sid_tampered,tampered,unknown,train,8b333429dba6a665,jpeg30
1,sid_tampered,tampered,unknown,train,8b333429dba6a665,noise005
1,sid_tampered,tampered,unknown,train,04403981936237f2,clean
1,sid_tampered,tampered,unknown,train,04403981936237f2,jpeg90
1,sid_tampered,tampered,unknown,train,04403981936237f2,resize05
1,sid_tampered,tampered,unknown,train,04403981936237f2,crop08
1,sid_tampered,tampered,unknown,train,e0316701c7414548,clean
1,sid_tampered,tampered,unknown,train,e0316701c7414548,jpeg90
1,sid_tampered,tampered,unknown,train,e0316701c7414548,jpeg30
1,sid_tampered,tampered,unknown,train,e0316701c7414548,noise005
1,sid_tampered,tampered,unknown,train,85b3ebcb7efe4ee5,clean
1,sid_tampered,tampered,unknown,train,85b3ebcb7efe4ee5,jpeg70
1,sid_tampered,tampered,unknown,train,85b3ebcb7efe4ee5,jitter02
1,sid_tampered,tampered,unknown,train,85b3ebcb7efe4ee5,crop08
1,sid_tampered,tampered,unknown,train,375cd7cfcad1f119,clean
1,sid_tampered,tampered,unknown,train,375cd7cfcad1f119,jpeg90
1,sid_tampered,tampered,unknown,train,375cd7cfcad1f119,resize05
1,sid_tampered,tampered,unknown,train,375cd7cfcad1f119,jitter02
1,sid_tampered,tampered,unknown,train,9015e9e741235700,clean
1,sid_tampered,tampered,unknown,train,9015e9e741235700,blur05
1,sid_tampered,tampered,unknown,train,9015e9e741235700,resize05
1,sid_tampered,tampered,unknown,train,9015e9e741235700,noise01
1,sid_tampered,tampered,unknown,train,751ba0cfde3cb910,clean
1,sid_tampered,tampered,unknown,train,751ba0cfde3cb910,blur10
1,sid_tampered,tampered,unknown,train,751ba0cfde3cb910,noise005
1,sid_tampered,tampered,unknown,train,751ba0cfde3cb910,noise01
1,sid_tampered,tampered,unknown,train,6e8833cf89d30b32,clean
1,sid_tampered,tampered,unknown,train,6e8833cf89d30b32,blur05
1,sid_tampered,tampered,unknown,train,6e8833cf89d30b32,resize05
1,sid_tampered,tampered,unknown,train,6e8833cf89d30b32,noise002
1,sid_tampered,tampered,unknown,train,833399068c9cbd28,clean
1,sid_tampered,tampered,unknown,train,833399068c9cbd28,resize025
1,sid_tampered,tampered,unknown,train,833399068c9cbd28,noise002
1,sid_tampered,tampered,unknown,train,833399068c9cbd28,noise005
1,sid_tampered,tampered,unknown,train,5360c28980ab1862,clean
1,sid_tampered,tampered,unknown,train,5360c28980ab1862,jpeg90
1,sid_tampered,tampered,unknown,train,5360c28980ab1862,jpeg70
1,sid_tampered,tampered,unknown,train,5360c28980ab1862,resize05
1,sid_tampered,tampered,unknown,train,bd9cfba36aab37fe,clean
1,sid_tampered,tampered,unknown,train,bd9cfba36aab37fe,jpeg30
1,sid_tampered,tampered,unknown,train,bd9cfba36aab37fe,blur20
1,sid_tampered,tampered,unknown,train,bd9cfba36aab37fe,noise002
1,sid_tampered,tampered,unknown,train,80f07a04c60aaf27,clean
1,sid_tampered,tampered,unknown,train,80f07a04c60aaf27,blur10
1,sid_tampered,tampered,unknown,train,80f07a04c60aaf27,noise005
1,sid_tampered,tampered,unknown,train,80f07a04c60aaf27,crop08
1,sid_tampered,tampered,unknown,train,4919c1d99f646783,clean
1,sid_tampered,tampered,unknown,train,4919c1d99f646783,jpeg50
1,sid_tampered,tampered,unknown,train,4919c1d99f646783,noise002
1,sid_tampered,tampered,unknown,train,4919c1d99f646783,noise005
1,sid_tampered,tampered,unknown,train,4b7df317c469fc19,clean
1,sid_tampered,tampered,unknown,train,4b7df317c469fc19,jpeg30
1,sid_tampered,tampered,unknown,train,4b7df317c469fc19,noise002
1,sid_tampered,tampered,unknown,train,4b7df317c469fc19,jitter02
1,sid_tampered,tampered,unknown,train,db3648652e288fd5,clean
1,sid_tampered,tampered,unknown,train,db3648652e288fd5,resize025
1,sid_tampered,tampered,unknown,train,db3648652e288fd5,noise005
1,sid_tampered,tampered,unknown,train,db3648652e288fd5,noise01
1,sid_tampered,tampered,unknown,train,93a31b5c247930e7,clean
1,sid_tampered,tampered,unknown,train,93a31b5c247930e7,blur05
1,sid_tampered,tampered,unknown,train,93a31b5c247930e7,blur20
1,sid_tampered,tampered,unknown,train,93a31b5c247930e7,jitter02
1,sid_tampered,tampered,unknown,train,4a0d60293f514afd,clean
1,sid_tampered,tampered,unknown,train,4a0d60293f514afd,jpeg50
1,sid_tampered,tampered,unknown,train,4a0d60293f514afd,resize025
1,sid_tampered,tampered,unknown,train,4a0d60293f514afd,crop08
1,sid_tampered,tampered,unknown,train,f61953d8f2d75efa,clean
1,sid_tampered,tampered,unknown,train,f61953d8f2d75efa,blur10
1,sid_tampered,tampered,unknown,train,f61953d8f2d75efa,noise002
1,sid_tampered,tampered,unknown,train,f61953d8f2d75efa,noise01
1,sid_tampered,tampered,unknown,train,7e92da2321df9b98,clean
1,sid_tampered,tampered,unknown,train,7e92da2321df9b98,blur20
1,sid_tampered,tampered,unknown,train,7e92da2321df9b98,resize05
1,sid_tampered,tampered,unknown,train,7e92da2321df9b98,resize025
1,sid_tampered,tampered,unknown,train,0731ec384a7d1a6f,clean
1,sid_tampered,tampered,unknown,train,0731ec384a7d1a6f,blur10
1,sid_tampered,tampered,unknown,train,0731ec384a7d1a6f,noise005
1,sid_tampered,tampered,unknown,train,0731ec384a7d1a6f,jitter02
1,sid_tampered,tampered,unknown,train,589b444b2911aa5b,clean
1,sid_tampered,tampered,unknown,train,589b444b2911aa5b,jpeg30
1,sid_tampered,tampered,unknown,train,589b444b2911aa5b,resize025
1,sid_tampered,tampered,unknown,train,589b444b2911aa5b,crop08
1,sid_tampered,tampered,unknown,train,a765a01f91e23918,clean
1,sid_tampered,tampered,unknown,train,a765a01f91e23918,resize025
1,sid_tampered,tampered,unknown,train,a765a01f91e23918,noise002
1,sid_tampered,tampered,unknown,train,a765a01f91e23918,jitter02
1,sid_tampered,tampered,unknown,train,7e9a457efdd40883,clean
1,sid_tampered,tampered,unknown,train,7e9a457efdd40883,jpeg50
1,sid_tampered,tampered,unknown,train,7e9a457efdd40883,resize05
1,sid_tampered,tampered,unknown,train,7e9a457efdd40883,crop08
1,sid_tampered,tampered,unknown,train,efe621cb5fe156c9,clean
1,sid_tampered,tampered,unknown,train,efe621cb5fe156c9,jpeg50
1,sid_tampered,tampered,unknown,train,efe621cb5fe156c9,blur10
1,sid_tampered,tampered,unknown,train,efe621cb5fe156c9,noise01
1,sid_tampered,tampered,unknown,train,639a51997b509ce7,clean
1,sid_tampered,tampered,unknown,train,639a51997b509ce7,resize025
1,sid_tampered,tampered,unknown,train,639a51997b509ce7,noise002
1,sid_tampered,tampered,unknown,train,639a51997b509ce7,noise01
1,sid_tampered,tampered,unknown,train,701be122e5fb7543,clean
1,sid_tampered,tampered,unknown,train,701be122e5fb7543,jpeg70
1,sid_tampered,tampered,unknown,train,701be122e5fb7543,blur20
1,sid_tampered,tampered,unknown,train,701be122e5fb7543,resize025
1,sid_tampered,tampered,unknown,train,1a011791ba40e9ea,clean
1,sid_tampered,tampered,unknown,train,1a011791ba40e9ea,jpeg90
1,sid_tampered,tampered,unknown,train,1a011791ba40e9ea,blur05
1,sid_tampered,tampered,unknown,train,1a011791ba40e9ea,resize05
1,sid_tampered,tampered,unknown,train,9f5a1c5efe75d307,clean
1,sid_tampered,tampered,unknown,train,9f5a1c5efe75d307,blur20
1,sid_tampered,tampered,unknown,train,9f5a1c5efe75d307,noise01
1,sid_tampered,tampered,unknown,train,9f5a1c5efe75d307,jitter02
1,sid_tampered,tampered,unknown,train,45bac53c5a363654,clean
1,sid_tampered,tampered,unknown,train,45bac53c5a363654,jpeg70
1,sid_tampered,tampered,unknown,train,45bac53c5a363654,blur05
1,sid_tampered,tampered,unknown,train,45bac53c5a363654,noise005
1,sid_tampered,tampered,unknown,train,ac89f43d52b1c40d,clean
1,sid_tampered,tampered,unknown,train,ac89f43d52b1c40d,jpeg50
1,sid_tampered,tampered,unknown,train,ac89f43d52b1c40d,blur20
1,sid_tampered,tampered,unknown,train,ac89f43d52b1c40d,noise005
1,sid_tampered,tampered,unknown,train,9f9b3f73eb22ea68,clean
1,sid_tampered,tampered,unknown,train,9f9b3f73eb22ea68,jpeg50
1,sid_tampered,tampered,unknown,train,9f9b3f73eb22ea68,blur10
1,sid_tampered,tampered,unknown,train,9f9b3f73eb22ea68,noise002
1,sid_tampered,tampered,unknown,train,2bbd0fea758ef891,clean
1,sid_tampered,tampered,unknown,train,2bbd0fea758ef891,jpeg50
1,sid_tampered,tampered,unknown,train,2bbd0fea758ef891,jpeg30
1,sid_tampered,tampered,unknown,train,2bbd0fea758ef891,crop08
1,sid_tampered,tampered,unknown,train,43291f86e361e39e,clean
1,sid_tampered,tampered,unknown,train,43291f86e361e39e,jpeg50
1,sid_tampered,tampered,unknown,train,43291f86e361e39e,resize05
1,sid_tampered,tampered,unknown,train,43291f86e361e39e,crop08
1,sid_tampered,tampered,unknown,train,8681c9afb978669d,clean
1,sid_tampered,tampered,unknown,train,8681c9afb978669d,blur20
1,sid_tampered,tampered,unknown,train,8681c9afb978669d,resize05
1,sid_tampered,tampered,unknown,train,8681c9afb978669d,noise002
1,sid_tampered,tampered,unknown,train,be3d24ecc93ff1a0,clean
1,sid_tampered,tampered,unknown,train,be3d24ecc93ff1a0,jpeg30
1,sid_tampered,tampered,unknown,train,be3d24ecc93ff1a0,blur10
1,sid_tampered,tampered,unknown,train,be3d24ecc93ff1a0,noise002
1,sid_tampered,tampered,unknown,train,3f5f571b21df3b9c,clean
1,sid_tampered,tampered,unknown,train,3f5f571b21df3b9c,jpeg90
1,sid_tampered,tampered,unknown,train,3f5f571b21df3b9c,jpeg50
1,sid_tampered,tampered,unknown,train,3f5f571b21df3b9c,crop08
1,sid_tampered,tampered,unknown,train,165114f464e4730e,clean
1,sid_tampered,tampered,unknown,train,165114f464e4730e,blur20
1,sid_tampered,tampered,unknown,train,165114f464e4730e,noise002
1,sid_tampered,tampered,unknown,train,165114f464e4730e,jitter02
1,sid_tampered,tampered,unknown,train,57a6143c3a4dee5f,clean
1,sid_tampered,tampered,unknown,train,57a6143c3a4dee5f,jpeg30
1,sid_tampered,tampered,unknown,train,57a6143c3a4dee5f,noise005
1,sid_tampered,tampered,unknown,train,57a6143c3a4dee5f,noise01
1,sid_tampered,tampered,unknown,train,37a9fb7cfb4c4765,clean
1,sid_tampered,tampered,unknown,train,37a9fb7cfb4c4765,jpeg30
1,sid_tampered,tampered,unknown,train,37a9fb7cfb4c4765,blur10
1,sid_tampered,tampered,unknown,train,37a9fb7cfb4c4765,resize05
1,sid_tampered,tampered,unknown,train,9da101dd58e5fa70,clean
1,sid_tampered,tampered,unknown,train,9da101dd58e5fa70,jpeg30
1,sid_tampered,tampered,unknown,train,9da101dd58e5fa70,blur20
1,sid_tampered,tampered,unknown,train,9da101dd58e5fa70,noise002
1,sid_tampered,tampered,unknown,train,1329aff7745c7103,clean
1,sid_tampered,tampered,unknown,train,1329aff7745c7103,blur05
1,sid_tampered,tampered,unknown,train,1329aff7745c7103,resize025
1,sid_tampered,tampered,unknown,train,1329aff7745c7103,noise01
1,sid_tampered,tampered,unknown,train,a5ab80b0b438aa83,clean
1,sid_tampered,tampered,unknown,train,a5ab80b0b438aa83,blur20
1,sid_tampered,tampered,unknown,train,a5ab80b0b438aa83,resize025
1,sid_tampered,tampered,unknown,train,a5ab80b0b438aa83,noise005
1,sid_tampered,tampered,unknown,train,c74aa65163092bcc,clean
1,sid_tampered,tampered,unknown,train,c74aa65163092bcc,jpeg90
1,sid_tampered,tampered,unknown,train,c74aa65163092bcc,blur20
1,sid_tampered,tampered,unknown,train,c74aa65163092bcc,noise01
1,sid_tampered,tampered,unknown,train,7eded5c1b52f935a,clean
1,sid_tampered,tampered,unknown,train,7eded5c1b52f935a,jpeg70
1,sid_tampered,tampered,unknown,train,7eded5c1b52f935a,noise002
1,sid_tampered,tampered,unknown,train,7eded5c1b52f935a,crop08
1,sid_tampered,tampered,unknown,train,409ca2e1e90a514f,clean
1,sid_tampered,tampered,unknown,train,409ca2e1e90a514f,blur10
1,sid_tampered,tampered,unknown,train,409ca2e1e90a514f,resize05
1,sid_tampered,tampered,unknown,train,409ca2e1e90a514f,noise005
1,sid_tampered,tampered,unknown,train,fc0f65f32c6a11fe,clean
1,sid_tampered,tampered,unknown,train,fc0f65f32c6a11fe,jpeg70
1,sid_tampered,tampered,unknown,train,fc0f65f32c6a11fe,blur10
1,sid_tampered,tampered,unknown,train,fc0f65f32c6a11fe,noise01
1,sid_tampered,tampered,unknown,train,9f38f72b4f726b7f,clean
1,sid_tampered,tampered,unknown,train,9f38f72b4f726b7f,jpeg90
1,sid_tampered,tampered,unknown,train,9f38f72b4f726b7f,jpeg50
1,sid_tampered,tampered,unknown,train,9f38f72b4f726b7f,resize05
1,sid_tampered,tampered,unknown,train,cf032f9e2c26320a,clean
1,sid_tampered,tampered,unknown,train,cf032f9e2c26320a,jpeg70
1,sid_tampered,tampered,unknown,train,cf032f9e2c26320a,blur20
1,sid_tampered,tampered,unknown,train,cf032f9e2c26320a,noise005
1,sid_tampered,tampered,unknown,train,dffc4775ff14047f,clean
1,sid_tampered,tampered,unknown,train,dffc4775ff14047f,jpeg70
1,sid_tampered,tampered,unknown,train,dffc4775ff14047f,blur05
1,sid_tampered,tampered,unknown,train,dffc4775ff14047f,crop08
1,sid_tampered,tampered,unknown,train,fd54fdebe50c10bb,clean
1,sid_tampered,tampered,unknown,train,fd54fdebe50c10bb,blur20
1,sid_tampered,tampered,unknown,train,fd54fdebe50c10bb,noise002
1,sid_tampered,tampered,unknown,train,fd54fdebe50c10bb,crop08
1,sid_tampered,tampered,unknown,train,e1f6d549b4426894,clean
1,sid_tampered,tampered,unknown,train,e1f6d549b4426894,jpeg30
1,sid_tampered,tampered,unknown,train,e1f6d549b4426894,noise005
1,sid_tampered,tampered,unknown,train,e1f6d549b4426894,noise01
1,sid_tampered,tampered,unknown,train,e85cf9316a85a569,clean
1,sid_tampered,tampered,unknown,train,e85cf9316a85a569,jpeg30
1,sid_tampered,tampered,unknown,train,e85cf9316a85a569,blur05
1,sid_tampered,tampered,unknown,train,e85cf9316a85a569,noise01
1,sid_tampered,tampered,unknown,train,3207dcab99782621,clean
1,sid_tampered,tampered,unknown,train,3207dcab99782621,jpeg70
1,sid_tampered,tampered,unknown,train,3207dcab99782621,jpeg50
1,sid_tampered,tampered,unknown,train,3207dcab99782621,blur10
1,sid_tampered,tampered,unknown,train,87c045c71a7f27df,clean
1,sid_tampered,tampered,unknown,train,87c045c71a7f27df,blur05
1,sid_tampered,tampered,unknown,train,87c045c71a7f27df,blur20
1,sid_tampered,tampered,unknown,train,87c045c71a7f27df,crop08
1,sid_tampered,tampered,unknown,train,87c1f6e1bf018f2a,clean
1,sid_tampered,tampered,unknown,train,87c1f6e1bf018f2a,jpeg90
1,sid_tampered,tampered,unknown,train,87c1f6e1bf018f2a,blur05
1,sid_tampered,tampered,unknown,train,87c1f6e1bf018f2a,noise005
1,sid_tampered,tampered,unknown,train,cf5837f2c255690f,clean
1,sid_tampered,tampered,unknown,train,cf5837f2c255690f,blur05
1,sid_tampered,tampered,unknown,train,cf5837f2c255690f,blur10
1,sid_tampered,tampered,unknown,train,cf5837f2c255690f,jitter02
1,sid_tampered,tampered,unknown,train,d08e901c51fe9bb6,clean
1,sid_tampered,tampered,unknown,train,d08e901c51fe9bb6,noise005
1,sid_tampered,tampered,unknown,train,d08e901c51fe9bb6,noise01
1,sid_tampered,tampered,unknown,train,d08e901c51fe9bb6,crop08
1,sid_tampered,tampered,unknown,train,02385c74762ad15f,clean
1,sid_tampered,tampered,unknown,train,02385c74762ad15f,blur20
1,sid_tampered,tampered,unknown,train,02385c74762ad15f,resize025
1,sid_tampered,tampered,unknown,train,02385c74762ad15f,jitter02
1,sid_tampered,tampered,unknown,train,36fdeb02fc120b10,clean
1,sid_tampered,tampered,unknown,train,36fdeb02fc120b10,jpeg90
1,sid_tampered,tampered,unknown,train,36fdeb02fc120b10,blur10
1,sid_tampered,tampered,unknown,train,36fdeb02fc120b10,noise005
1,sid_tampered,tampered,unknown,train,15212dfe6daa4e9c,clean
1,sid_tampered,tampered,unknown,train,15212dfe6daa4e9c,blur05
1,sid_tampered,tampered,unknown,train,15212dfe6daa4e9c,blur20
1,sid_tampered,tampered,unknown,train,15212dfe6daa4e9c,resize05
1,sid_tampered,tampered,unknown,train,fc9746f34be2aec4,clean
1,sid_tampered,tampered,unknown,train,fc9746f34be2aec4,jpeg90
1,sid_tampered,tampered,unknown,train,fc9746f34be2aec4,blur10
1,sid_tampered,tampered,unknown,train,fc9746f34be2aec4,noise002
1,sid_tampered,tampered,unknown,train,58e442875c31fcb1,clean
1,sid_tampered,tampered,unknown,train,58e442875c31fcb1,blur10
1,sid_tampered,tampered,unknown,train,58e442875c31fcb1,resize025
1,sid_tampered,tampered,unknown,train,58e442875c31fcb1,noise002
1,sid_tampered,tampered,unknown,train,d32e30c5e556aa14,clean
1,sid_tampered,tampered,unknown,train,d32e30c5e556aa14,blur10
1,sid_tampered,tampered,unknown,train,d32e30c5e556aa14,noise01
1,sid_tampered,tampered,unknown,train,d32e30c5e556aa14,jitter02
1,sid_tampered,tampered,unknown,train,6ed2afb9b3346e31,clean
1,sid_tampered,tampered,unknown,train,6ed2afb9b3346e31,blur20
1,sid_tampered,tampered,unknown,train,6ed2afb9b3346e31,noise002
1,sid_tampered,tampered,unknown,train,6ed2afb9b3346e31,noise005
1,sid_tampered,tampered,unknown,train,886f08c1da0287cf,clean
1,sid_tampered,tampered,unknown,train,886f08c1da0287cf,blur05
1,sid_tampered,tampered,unknown,train,886f08c1da0287cf,blur10
1,sid_tampered,tampered,unknown,train,886f08c1da0287cf,noise005
1,sid_tampered,tampered,unknown,train,e9a11b4d0f9581fe,clean
1,sid_tampered,tampered,unknown,train,e9a11b4d0f9581fe,blur05
1,sid_tampered,tampered,unknown,train,e9a11b4d0f9581fe,blur10
1,sid_tampered,tampered,unknown,train,e9a11b4d0f9581fe,blur20
1,sid_tampered,tampered,unknown,train,7d8aec15e2180283,clean
1,sid_tampered,tampered,unknown,train,7d8aec15e2180283,resize025
1,sid_tampered,tampered,unknown,train,7d8aec15e2180283,noise01
1,sid_tampered,tampered,unknown,train,7d8aec15e2180283,crop08
1,sid_tampered,tampered,unknown,train,d8a8e3542be32e14,clean
1,sid_tampered,tampered,unknown,train,d8a8e3542be32e14,blur05
1,sid_tampered,tampered,unknown,train,d8a8e3542be32e14,noise01
1,sid_tampered,tampered,unknown,train,d8a8e3542be32e14,crop08
1,sid_tampered,tampered,unknown,train,8c8cc4c53b0d8012,clean
1,sid_tampered,tampered,unknown,train,8c8cc4c53b0d8012,jpeg30
1,sid_tampered,tampered,unknown,train,8c8cc4c53b0d8012,resize05
1,sid_tampered,tampered,unknown,train,8c8cc4c53b0d8012,noise01
1,sid_tampered,tampered,unknown,train,5a57212c18979b28,clean
1,sid_tampered,tampered,unknown,train,5a57212c18979b28,jpeg70
1,sid_tampered,tampered,unknown,train,5a57212c18979b28,resize05
1,sid_tampered,tampered,unknown,train,5a57212c18979b28,crop08
1,sid_tampered,tampered,unknown,train,9fb11158d6dac875,clean
1,sid_tampered,tampered,unknown,train,9fb11158d6dac875,jpeg50
1,sid_tampered,tampered,unknown,train,9fb11158d6dac875,blur10
1,sid_tampered,tampered,unknown,train,9fb11158d6dac875,crop08
1,sid_tampered,tampered,unknown,train,dda7ebc490b8e75a,clean
1,sid_tampered,tampered,unknown,train,dda7ebc490b8e75a,jpeg50
1,sid_tampered,tampered,unknown,train,dda7ebc490b8e75a,jpeg30
1,sid_tampered,tampered,unknown,train,dda7ebc490b8e75a,noise002
1,sid_tampered,tampered,unknown,train,347d0cd812af8132,clean
1,sid_tampered,tampered,unknown,train,347d0cd812af8132,jpeg70
1,sid_tampered,tampered,unknown,train,347d0cd812af8132,blur10
1,sid_tampered,tampered,unknown,train,347d0cd812af8132,resize05
1,sid_tampered,tampered,unknown,train,425a4a6a0d69a569,clean
1,sid_tampered,tampered,unknown,train,425a4a6a0d69a569,blur05
1,sid_tampered,tampered,unknown,train,425a4a6a0d69a569,blur10
1,sid_tampered,tampered,unknown,train,425a4a6a0d69a569,jitter02
1,sid_tampered,tampered,unknown,train,fa940a65e367caa4,clean
1,sid_tampered,tampered,unknown,train,fa940a65e367caa4,resize05
1,sid_tampered,tampered,unknown,train,fa940a65e367caa4,noise005
1,sid_tampered,tampered,unknown,train,fa940a65e367caa4,noise01
1,sid_tampered,tampered,unknown,train,05ee7084ae358b79,clean
1,sid_tampered,tampered,unknown,train,05ee7084ae358b79,resize05
1,sid_tampered,tampered,unknown,train,05ee7084ae358b79,noise01
1,sid_tampered,tampered,unknown,train,05ee7084ae358b79,crop08
1,sid_tampered,tampered,unknown,train,f1a2f6adf420f5a9,clean
1,sid_tampered,tampered,unknown,train,f1a2f6adf420f5a9,jpeg70
1,sid_tampered,tampered,unknown,train,f1a2f6adf420f5a9,blur20
1,sid_tampered,tampered,unknown,train,f1a2f6adf420f5a9,noise002
1,sid_tampered,tampered,unknown,train,9fe65b4012e8f992,clean
1,sid_tampered,tampered,unknown,train,9fe65b4012e8f992,jpeg90
1,sid_tampered,tampered,unknown,train,9fe65b4012e8f992,jpeg30
1,sid_tampered,tampered,unknown,train,9fe65b4012e8f992,noise002
1,sid_tampered,tampered,unknown,train,cc49c55ee311cf22,clean
1,sid_tampered,tampered,unknown,train,cc49c55ee311cf22,resize05
1,sid_tampered,tampered,unknown,train,cc49c55ee311cf22,resize025
1,sid_tampered,tampered,unknown,train,cc49c55ee311cf22,noise002
1,sid_tampered,tampered,unknown,train,a1119267fe7ae5f2,clean
1,sid_tampered,tampered,unknown,train,a1119267fe7ae5f2,jpeg50
1,sid_tampered,tampered,unknown,train,a1119267fe7ae5f2,blur10
1,sid_tampered,tampered,unknown,train,a1119267fe7ae5f2,resize05
1,sid_tampered,tampered,unknown,train,d06086f519871728,clean
1,sid_tampered,tampered,unknown,train,d06086f519871728,jpeg70
1,sid_tampered,tampered,unknown,train,d06086f519871728,jpeg30
1,sid_tampered,tampered,unknown,train,d06086f519871728,noise002
1,sid_tampered,tampered,unknown,train,be7c56517f37328c,clean
1,sid_tampered,tampered,unknown,train,be7c56517f37328c,jpeg30
1,sid_tampered,tampered,unknown,train,be7c56517f37328c,noise005
1,sid_tampered,tampered,unknown,train,be7c56517f37328c,noise01
1,sid_tampered,tampered,unknown,train,8ca0bbe7ce9b041e,clean
1,sid_tampered,tampered,unknown,train,8ca0bbe7ce9b041e,jpeg50
1,sid_tampered,tampered,unknown,train,8ca0bbe7ce9b041e,jpeg30
1,sid_tampered,tampered,unknown,train,8ca0bbe7ce9b041e,resize05
1,sid_tampered,tampered,unknown,train,3ce0168dc57980b9,clean
1,sid_tampered,tampered,unknown,train,3ce0168dc57980b9,jpeg70
1,sid_tampered,tampered,unknown,train,3ce0168dc57980b9,resize025
1,sid_tampered,tampered,unknown,train,3ce0168dc57980b9,noise005
1,sid_tampered,tampered,unknown,train,d1beb904727630b1,clean
1,sid_tampered,tampered,unknown,train,d1beb904727630b1,noise005
1,sid_tampered,tampered,unknown,train,d1beb904727630b1,noise01
1,sid_tampered,tampered,unknown,train,d1beb904727630b1,crop08
1,sid_tampered,tampered,unknown,train,554f75831cf20064,clean
1,sid_tampered,tampered,unknown,train,554f75831cf20064,jpeg70
1,sid_tampered,tampered,unknown,train,554f75831cf20064,jpeg50
1,sid_tampered,tampered,unknown,train,554f75831cf20064,noise002
1,sid_tampered,tampered,unknown,train,aacc10e62b0b35bb,clean
1,sid_tampered,tampered,unknown,train,aacc10e62b0b35bb,jpeg50
1,sid_tampered,tampered,unknown,train,aacc10e62b0b35bb,blur05
1,sid_tampered,tampered,unknown,train,aacc10e62b0b35bb,noise002
1,sid_tampered,tampered,unknown,train,ddfeab8dc9ef1806,clean
1,sid_tampered,tampered,unknown,train,ddfeab8dc9ef1806,jpeg70
1,sid_tampered,tampered,unknown,train,ddfeab8dc9ef1806,jpeg30
1,sid_tampered,tampered,unknown,train,ddfeab8dc9ef1806,resize05
1,sid_tampered,tampered,unknown,train,51a49b697294c8c8,clean
1,sid_tampered,tampered,unknown,train,51a49b697294c8c8,blur20
1,sid_tampered,tampered,unknown,train,51a49b697294c8c8,noise002
1,sid_tampered,tampered,unknown,train,51a49b697294c8c8,crop08
1,sid_tampered,tampered,unknown,train,ce235de41a0020fc,clean
1,sid_tampered,tampered,unknown,train,ce235de41a0020fc,jpeg70
1,sid_tampered,tampered,unknown,train,ce235de41a0020fc,jitter02
1,sid_tampered,tampered,unknown,train,ce235de41a0020fc,crop08
1,sid_tampered,tampered,unknown,train,4abe9362eb391465,clean
1,sid_tampered,tampered,unknown,train,4abe9362eb391465,jpeg90
1,sid_tampered,tampered,unknown,train,4abe9362eb391465,blur10
1,sid_tampered,tampered,unknown,train,4abe9362eb391465,resize05
1,sid_tampered,tampered,unknown,train,8487dbb875eb94a4,clean
1,sid_tampered,tampered,unknown,train,8487dbb875eb94a4,blur05
1,sid_tampered,tampered,unknown,train,8487dbb875eb94a4,blur20
1,sid_tampered,tampered,unknown,train,8487dbb875eb94a4,resize05
1,sid_tampered,tampered,unknown,train,5dfd0ad79d14f241,clean
1,sid_tampered,tampered,unknown,train,5dfd0ad79d14f241,jpeg70
1,sid_tampered,tampered,unknown,train,5dfd0ad79d14f241,resize025
1,sid_tampered,tampered,unknown,train,5dfd0ad79d14f241,noise002
1,sid_tampered,tampered,unknown,train,c3acb5faf5cba011,clean
1,sid_tampered,tampered,unknown,train,c3acb5faf5cba011,jpeg70
1,sid_tampered,tampered,unknown,train,c3acb5faf5cba011,jpeg30
1,sid_tampered,tampered,unknown,train,c3acb5faf5cba011,noise002
1,sid_tampered,tampered,unknown,train,611cbc9bc4b61225,clean
1,sid_tampered,tampered,unknown,train,611cbc9bc4b61225,jpeg50
1,sid_tampered,tampered,unknown,train,611cbc9bc4b61225,blur10
1,sid_tampered,tampered,unknown,train,611cbc9bc4b61225,resize025
1,sid_tampered,tampered,unknown,train,cef03c390ed96231,clean
1,sid_tampered,tampered,unknown,train,cef03c390ed96231,noise002
1,sid_tampered,tampered,unknown,train,cef03c390ed96231,noise005
1,sid_tampered,tampered,unknown,train,cef03c390ed96231,noise01
1,sid_tampered,tampered,unknown,train,7742a4c04dbeea09,clean
1,sid_tampered,tampered,unknown,train,7742a4c04dbeea09,jpeg30
1,sid_tampered,tampered,unknown,train,7742a4c04dbeea09,blur10
1,sid_tampered,tampered,unknown,train,7742a4c04dbeea09,resize05
1,sid_tampered,tampered,unknown,train,479edbb1834966bc,clean
1,sid_tampered,tampered,unknown,train,479edbb1834966bc,jpeg90
1,sid_tampered,tampered,unknown,train,479edbb1834966bc,resize05
1,sid_tampered,tampered,unknown,train,479edbb1834966bc,jitter02
1,sid_tampered,tampered,unknown,train,8897660cae32c471,clean
1,sid_tampered,tampered,unknown,train,8897660cae32c471,jpeg30
1,sid_tampered,tampered,unknown,train,8897660cae32c471,blur05
1,sid_tampered,tampered,unknown,train,8897660cae32c471,noise002
1,sid_tampered,tampered,unknown,train,050d18b391935500,clean
1,sid_tampered,tampered,unknown,train,050d18b391935500,jpeg30
1,sid_tampered,tampered,unknown,train,050d18b391935500,blur10
1,sid_tampered,tampered,unknown,train,050d18b391935500,noise002
1,sid_tampered,tampered,unknown,train,e5e38db17a18a52e,clean
1,sid_tampered,tampered,unknown,train,e5e38db17a18a52e,jpeg50
1,sid_tampered,tampered,unknown,train,e5e38db17a18a52e,blur10
1,sid_tampered,tampered,unknown,train,e5e38db17a18a52e,resize025
1,sid_tampered,tampered,unknown,train,017f1e3ff9d60a0b,clean
1,sid_tampered,tampered,unknown,train,017f1e3ff9d60a0b,jpeg50
1,sid_tampered,tampered,unknown,train,017f1e3ff9d60a0b,blur10
1,sid_tampered,tampered,unknown,train,017f1e3ff9d60a0b,resize025
1,sid_tampered,tampered,unknown,train,041d407ffea53489,clean
1,sid_tampered,tampered,unknown,train,041d407ffea53489,resize025
1,sid_tampered,tampered,unknown,train,041d407ffea53489,noise002
1,sid_tampered,tampered,unknown,train,041d407ffea53489,jitter02
1,sid_tampered,tampered,unknown,train,da171e31329d4e1f,clean
1,sid_tampered,tampered,unknown,train,da171e31329d4e1f,jpeg90
1,sid_tampered,tampered,unknown,train,da171e31329d4e1f,resize05
1,sid_tampered,tampered,unknown,train,da171e31329d4e1f,crop08
1,sid_tampered,tampered,unknown,train,7037d27fd5df155c,clean
1,sid_tampered,tampered,unknown,train,7037d27fd5df155c,jpeg70
1,sid_tampered,tampered,unknown,train,7037d27fd5df155c,resize05
1,sid_tampered,tampered,unknown,train,7037d27fd5df155c,noise002
1,sid_tampered,tampered,unknown,train,b577279a07c540a3,clean
1,sid_tampered,tampered,unknown,train,b577279a07c540a3,jpeg50
1,sid_tampered,tampered,unknown,train,b577279a07c540a3,blur20
1,sid_tampered,tampered,unknown,train,b577279a07c540a3,jitter02
1,sid_tampered,tampered,unknown,train,e9d3cea3c9c781ce,clean
1,sid_tampered,tampered,unknown,train,e9d3cea3c9c781ce,blur10
1,sid_tampered,tampered,unknown,train,e9d3cea3c9c781ce,noise005
1,sid_tampered,tampered,unknown,train,e9d3cea3c9c781ce,jitter02
1,sid_tampered,tampered,unknown,train,095d4f15f1ca5c96,clean
1,sid_tampered,tampered,unknown,train,095d4f15f1ca5c96,jpeg30
1,sid_tampered,tampered,unknown,train,095d4f15f1ca5c96,blur05
1,sid_tampered,tampered,unknown,train,095d4f15f1ca5c96,blur10
1,sid_tampered,tampered,unknown,train,7d6cd27b98479d32,clean
1,sid_tampered,tampered,unknown,train,7d6cd27b98479d32,jpeg30
1,sid_tampered,tampered,unknown,train,7d6cd27b98479d32,blur05
1,sid_tampered,tampered,unknown,train,7d6cd27b98479d32,noise005
1,sid_tampered,tampered,unknown,train,0d3e27b5780086db,clean
1,sid_tampered,tampered,unknown,train,0d3e27b5780086db,jpeg50
1,sid_tampered,tampered,unknown,train,0d3e27b5780086db,resize025
1,sid_tampered,tampered,unknown,train,0d3e27b5780086db,noise005
1,sid_tampered,tampered,unknown,train,a5b3b514bedd5e34,clean
1,sid_tampered,tampered,unknown,train,a5b3b514bedd5e34,blur20
1,sid_tampered,tampered,unknown,train,a5b3b514bedd5e34,resize05
1,sid_tampered,tampered,unknown,train,a5b3b514bedd5e34,jitter02
1,sid_tampered,tampered,unknown,train,b83e56f27bfd972e,clean
1,sid_tampered,tampered,unknown,train,b83e56f27bfd972e,blur20
1,sid_tampered,tampered,unknown,train,b83e56f27bfd972e,resize05
1,sid_tampered,tampered,unknown,train,b83e56f27bfd972e,noise01
1,sid_tampered,tampered,unknown,train,44f30ea8cf91a722,clean
1,sid_tampered,tampered,unknown,train,44f30ea8cf91a722,blur20
1,sid_tampered,tampered,unknown,train,44f30ea8cf91a722,noise01
1,sid_tampered,tampered,unknown,train,44f30ea8cf91a722,jitter02
1,sid_tampered,tampered,unknown,train,64872c985e11c777,clean
1,sid_tampered,tampered,unknown,train,64872c985e11c777,jpeg30
1,sid_tampered,tampered,unknown,train,64872c985e11c777,noise005
1,sid_tampered,tampered,unknown,train,64872c985e11c777,crop08
1,sid_tampered,tampered,unknown,train,5d8fa839774ca049,clean
1,sid_tampered,tampered,unknown,train,5d8fa839774ca049,jpeg90
1,sid_tampered,tampered,unknown,train,5d8fa839774ca049,jpeg50
1,sid_tampered,tampered,unknown,train,5d8fa839774ca049,crop08
1,sid_tampered,tampered,unknown,train,1e0b7b9a13f6f757,clean
1,sid_tampered,tampered,unknown,train,1e0b7b9a13f6f757,jpeg50
1,sid_tampered,tampered,unknown,train,1e0b7b9a13f6f757,blur10
1,sid_tampered,tampered,unknown,train,1e0b7b9a13f6f757,resize05
1,sid_tampered,tampered,unknown,train,acdd6c8fba9024a2,clean
1,sid_tampered,tampered,unknown,train,acdd6c8fba9024a2,jpeg30
1,sid_tampered,tampered,unknown,train,acdd6c8fba9024a2,blur10
1,sid_tampered,tampered,unknown,train,acdd6c8fba9024a2,blur20
1,sid_tampered,tampered,unknown,train,8c1ca032e8c11bc1,clean
1,sid_tampered,tampered,unknown,train,8c1ca032e8c11bc1,jpeg90
1,sid_tampered,tampered,unknown,train,8c1ca032e8c11bc1,noise005
1,sid_tampered,tampered,unknown,train,8c1ca032e8c11bc1,noise01
1,sid_tampered,tampered,unknown,train,1570ca1df74c5983,clean
1,sid_tampered,tampered,unknown,train,1570ca1df74c5983,jpeg50
1,sid_tampered,tampered,unknown,train,1570ca1df74c5983,jpeg30
1,sid_tampered,tampered,unknown,train,1570ca1df74c5983,resize025
1,sid_tampered,tampered,unknown,train,9ee8cc46647dc519,clean
1,sid_tampered,tampered,unknown,train,9ee8cc46647dc519,jpeg30
1,sid_tampered,tampered,unknown,train,9ee8cc46647dc519,resize025
1,sid_tampered,tampered,unknown,train,9ee8cc46647dc519,noise01
1,sid_tampered,tampered,unknown,train,a47a585610a649b2,clean
1,sid_tampered,tampered,unknown,train,a47a585610a649b2,resize05
1,sid_tampered,tampered,unknown,train,a47a585610a649b2,resize025
1,sid_tampered,tampered,unknown,train,a47a585610a649b2,noise002
1,sid_tampered,tampered,unknown,train,24d7c1155089bd13,clean
1,sid_tampered,tampered,unknown,train,24d7c1155089bd13,jpeg30
1,sid_tampered,tampered,unknown,train,24d7c1155089bd13,blur20
1,sid_tampered,tampered,unknown,train,24d7c1155089bd13,noise005
1,sid_tampered,tampered,unknown,train,a8e615e93bcf4bb3,clean
1,sid_tampered,tampered,unknown,train,a8e615e93bcf4bb3,jpeg30
1,sid_tampered,tampered,unknown,train,a8e615e93bcf4bb3,blur05
1,sid_tampered,tampered,unknown,train,a8e615e93bcf4bb3,resize025
1,sid_tampered,tampered,unknown,train,b19696d39a755447,clean
1,sid_tampered,tampered,unknown,train,b19696d39a755447,blur10
1,sid_tampered,tampered,unknown,train,b19696d39a755447,blur20
1,sid_tampered,tampered,unknown,train,b19696d39a755447,resize05
1,sid_tampered,tampered,unknown,train,87fa466367de9922,clean
1,sid_tampered,tampered,unknown,train,87fa466367de9922,jpeg90
1,sid_tampered,tampered,unknown,train,87fa466367de9922,jpeg30
1,sid_tampered,tampered,unknown,train,87fa466367de9922,jitter02
1,sid_tampered,tampered,unknown,train,3fb30c71c459cbe5,clean
1,sid_tampered,tampered,unknown,train,3fb30c71c459cbe5,jpeg50
1,sid_tampered,tampered,unknown,train,3fb30c71c459cbe5,blur05
1,sid_tampered,tampered,unknown,train,3fb30c71c459cbe5,blur20
1,sid_tampered,tampered,unknown,train,a3ff21d3118abcf2,clean
1,sid_tampered,tampered,unknown,train,a3ff21d3118abcf2,jpeg50
1,sid_tampered,tampered,unknown,train,a3ff21d3118abcf2,resize05
1,sid_tampered,tampered,unknown,train,a3ff21d3118abcf2,noise002
1,sid_tampered,tampered,unknown,train,0a2e118f61a9af45,clean
1,sid_tampered,tampered,unknown,train,0a2e118f61a9af45,jpeg70
1,sid_tampered,tampered,unknown,train,0a2e118f61a9af45,jpeg30
1,sid_tampered,tampered,unknown,train,0a2e118f61a9af45,blur10
1,sid_tampered,tampered,unknown,train,10adfda5607e0ff1,clean
1,sid_tampered,tampered,unknown,train,10adfda5607e0ff1,jpeg70
1,sid_tampered,tampered,unknown,train,10adfda5607e0ff1,resize025
1,sid_tampered,tampered,unknown,train,10adfda5607e0ff1,crop08
1,sid_tampered,tampered,unknown,train,6d357207e2148dd4,clean
1,sid_tampered,tampered,unknown,train,6d357207e2148dd4,blur10
1,sid_tampered,tampered,unknown,train,6d357207e2148dd4,resize025
1,sid_tampered,tampered,unknown,train,6d357207e2148dd4,noise005
1,sid_tampered,tampered,unknown,train,b8265601879968a8,clean
1,sid_tampered,tampered,unknown,train,b8265601879968a8,jpeg50
1,sid_tampered,tampered,unknown,train,b8265601879968a8,blur05
1,sid_tampered,tampered,unknown,train,b8265601879968a8,blur10
1,sid_tampered,tampered,unknown,train,02f43361b981a130,clean
1,sid_tampered,tampered,unknown,train,02f43361b981a130,blur10
1,sid_tampered,tampered,unknown,train,02f43361b981a130,noise005
1,sid_tampered,tampered,unknown,train,02f43361b981a130,crop08
1,sid_tampered,tampered,unknown,train,69973700855f9513,clean
1,sid_tampered,tampered,unknown,train,69973700855f9513,blur10
1,sid_tampered,tampered,unknown,train,69973700855f9513,noise002
1,sid_tampered,tampered,unknown,train,69973700855f9513,crop08
1,sid_tampered,tampered,unknown,train,2d2185f8d6d983ef,clean
1,sid_tampered,tampered,unknown,train,2d2185f8d6d983ef,blur05
1,sid_tampered,tampered,unknown,train,2d2185f8d6d983ef,jitter02
1,sid_tampered,tampered,unknown,train,2d2185f8d6d983ef,crop08
1,sid_tampered,tampered,unknown,train,2c83d07ceecbbf8a,clean
1,sid_tampered,tampered,unknown,train,2c83d07ceecbbf8a,jpeg70
1,sid_tampered,tampered,unknown,train,2c83d07ceecbbf8a,noise005
1,sid_tampered,tampered,unknown,train,2c83d07ceecbbf8a,jitter02
1,sid_tampered,tampered,unknown,train,2cec30c182535146,clean
1,sid_tampered,tampered,unknown,train,2cec30c182535146,jpeg90
1,sid_tampered,tampered,unknown,train,2cec30c182535146,blur05
1,sid_tampered,tampered,unknown,train,2cec30c182535146,noise01
1,sid_tampered,tampered,unknown,train,a01667da540b7e93,clean
1,sid_tampered,tampered,unknown,train,a01667da540b7e93,blur10
1,sid_tampered,tampered,unknown,train,a01667da540b7e93,resize025
1,sid_tampered,tampered,unknown,train,a01667da540b7e93,noise002
1,sid_tampered,tampered,unknown,train,701dad7ff13c6a13,clean
1,sid_tampered,tampered,unknown,train,701dad7ff13c6a13,blur20
1,sid_tampered,tampered,unknown,train,701dad7ff13c6a13,noise002
1,sid_tampered,tampered,unknown,train,701dad7ff13c6a13,jitter02
1,sid_tampered,tampered,unknown,train,cf5c099f2d71db84,clean
1,sid_tampered,tampered,unknown,train,cf5c099f2d71db84,blur20
1,sid_tampered,tampered,unknown,train,cf5c099f2d71db84,resize025
1,sid_tampered,tampered,unknown,train,cf5c099f2d71db84,noise01
1,sid_tampered,tampered,unknown,train,6f3c5ca0521e770f,clean
1,sid_tampered,tampered,unknown,train,6f3c5ca0521e770f,blur05
1,sid_tampered,tampered,unknown,train,6f3c5ca0521e770f,blur20
1,sid_tampered,tampered,unknown,train,6f3c5ca0521e770f,jitter02
1,sid_tampered,tampered,unknown,train,1d040e6973e90da9,clean
1,sid_tampered,tampered,unknown,train,1d040e6973e90da9,jpeg50
1,sid_tampered,tampered,unknown,train,1d040e6973e90da9,blur20
1,sid_tampered,tampered,unknown,train,1d040e6973e90da9,crop08
1,sid_tampered,tampered,unknown,train,ed3261563ff51bb0,clean
1,sid_tampered,tampered,unknown,train,ed3261563ff51bb0,resize05
1,sid_tampered,tampered,unknown,train,ed3261563ff51bb0,noise002
1,sid_tampered,tampered,unknown,train,ed3261563ff51bb0,jitter02
1,sid_tampered,tampered,unknown,train,9c4da4bea64f6b29,clean
1,sid_tampered,tampered,unknown,train,9c4da4bea64f6b29,jpeg90
1,sid_tampered,tampered,unknown,train,9c4da4bea64f6b29,blur05
1,sid_tampered,tampered,unknown,train,9c4da4bea64f6b29,blur20
1,sid_tampered,tampered,unknown,train,867e1797a85c2ea7,clean
1,sid_tampered,tampered,unknown,train,867e1797a85c2ea7,jpeg90
1,sid_tampered,tampered,unknown,train,867e1797a85c2ea7,resize025
1,sid_tampered,tampered,unknown,train,867e1797a85c2ea7,crop08
1,sid_tampered,tampered,unknown,train,f1553ee674d6f830,clean
1,sid_tampered,tampered,unknown,train,f1553ee674d6f830,jpeg70
1,sid_tampered,tampered,unknown,train,f1553ee674d6f830,noise01
1,sid_tampered,tampered,unknown,train,f1553ee674d6f830,jitter02
1,sid_tampered,tampered,unknown,train,89b43ff4fd570370,clean
1,sid_tampered,tampered,unknown,train,89b43ff4fd570370,blur10
1,sid_tampered,tampered,unknown,train,89b43ff4fd570370,blur20
1,sid_tampered,tampered,unknown,train,89b43ff4fd570370,noise005
1,sid_tampered,tampered,unknown,train,7df687b63532ddfb,clean
1,sid_tampered,tampered,unknown,train,7df687b63532ddfb,jpeg70
1,sid_tampered,tampered,unknown,train,7df687b63532ddfb,resize025
1,sid_tampered,tampered,unknown,train,7df687b63532ddfb,noise01
1,sid_tampered,tampered,unknown,train,4cac0e65e2d0408f,clean
1,sid_tampered,tampered,unknown,train,4cac0e65e2d0408f,jpeg30
1,sid_tampered,tampered,unknown,train,4cac0e65e2d0408f,blur05
1,sid_tampered,tampered,unknown,train,4cac0e65e2d0408f,blur10
1,sid_tampered,tampered,unknown,train,70908c162576ba12,clean
1,sid_tampered,tampered,unknown,train,70908c162576ba12,jpeg90
1,sid_tampered,tampered,unknown,train,70908c162576ba12,noise005
1,sid_tampered,tampered,unknown,train,70908c162576ba12,jitter02
1,sid_tampered,tampered,unknown,train,5cc91448286ab72f,clean
1,sid_tampered,tampered,unknown,train,5cc91448286ab72f,jpeg50
1,sid_tampered,tampered,unknown,train,5cc91448286ab72f,blur20
1,sid_tampered,tampered,unknown,train,5cc91448286ab72f,noise002
1,sid_tampered,tampered,unknown,train,d66e3fe4ebf93104,clean
1,sid_tampered,tampered,unknown,train,d66e3fe4ebf93104,jpeg90
1,sid_tampered,tampered,unknown,train,d66e3fe4ebf93104,blur10
1,sid_tampered,tampered,unknown,train,d66e3fe4ebf93104,crop08
1,sid_tampered,tampered,unknown,train,4148382f55838b06,clean
1,sid_tampered,tampered,unknown,train,4148382f55838b06,jpeg70
1,sid_tampered,tampered,unknown,train,4148382f55838b06,jpeg50
1,sid_tampered,tampered,unknown,train,4148382f55838b06,resize025
1,sid_tampered,tampered,unknown,train,7e47c7bba8fc6708,clean
1,sid_tampered,tampered,unknown,train,7e47c7bba8fc6708,jpeg50
1,sid_tampered,tampered,unknown,train,7e47c7bba8fc6708,resize05
1,sid_tampered,tampered,unknown,train,7e47c7bba8fc6708,crop08
1,sid_tampered,tampered,unknown,train,2bef8a965034c9ae,clean
1,sid_tampered,tampered,unknown,train,2bef8a965034c9ae,jpeg70
1,sid_tampered,tampered,unknown,train,2bef8a965034c9ae,jpeg50
1,sid_tampered,tampered,unknown,train,2bef8a965034c9ae,resize05
1,sid_tampered,tampered,unknown,train,7e02226815d02798,clean
1,sid_tampered,tampered,unknown,train,7e02226815d02798,jpeg30
1,sid_tampered,tampered,unknown,train,7e02226815d02798,blur10
1,sid_tampered,tampered,unknown,train,7e02226815d02798,resize05
1,sid_tampered,tampered,unknown,train,6ba8423a4d010998,clean
1,sid_tampered,tampered,unknown,train,6ba8423a4d010998,jpeg70
1,sid_tampered,tampered,unknown,train,6ba8423a4d010998,blur05
1,sid_tampered,tampered,unknown,train,6ba8423a4d010998,resize05
1,sid_tampered,tampered,unknown,train,a8de7d322b2433fb,clean
1,sid_tampered,tampered,unknown,train,a8de7d322b2433fb,jpeg90
1,sid_tampered,tampered,unknown,train,a8de7d322b2433fb,noise002
1,sid_tampered,tampered,unknown,train,a8de7d322b2433fb,noise01
1,sid_tampered,tampered,unknown,train,46f22b52ca748296,clean
1,sid_tampered,tampered,unknown,train,46f22b52ca748296,jpeg70
1,sid_tampered,tampered,unknown,train,46f22b52ca748296,noise002
1,sid_tampered,tampered,unknown,train,46f22b52ca748296,crop08
1,sid_tampered,tampered,unknown,train,e39da99500d9f615,clean
1,sid_tampered,tampered,unknown,train,e39da99500d9f615,blur10
1,sid_tampered,tampered,unknown,train,e39da99500d9f615,noise01
1,sid_tampered,tampered,unknown,train,e39da99500d9f615,jitter02
1,sid_tampered,tampered,unknown,train,28c28fa6a5025b5c,clean
1,sid_tampered,tampered,unknown,train,28c28fa6a5025b5c,blur05
1,sid_tampered,tampered,unknown,train,28c28fa6a5025b5c,noise005
1,sid_tampered,tampered,unknown,train,28c28fa6a5025b5c,crop08
1,sid_tampered,tampered,unknown,train,61daf8653c4e2fd4,clean
1,sid_tampered,tampered,unknown,train,61daf8653c4e2fd4,jpeg90
1,sid_tampered,tampered,unknown,train,61daf8653c4e2fd4,jpeg70
1,sid_tampered,tampered,unknown,train,61daf8653c4e2fd4,blur05
1,sid_tampered,tampered,unknown,train,cf5fe37d6487aaaf,clean
1,sid_tampered,tampered,unknown,train,cf5fe37d6487aaaf,blur10
1,sid_tampered,tampered,unknown,train,cf5fe37d6487aaaf,noise002
1,sid_tampered,tampered,unknown,train,cf5fe37d6487aaaf,crop08
1,sid_tampered,tampered,unknown,train,b24d51829ebebc8e,clean
1,sid_tampered,tampered,unknown,train,b24d51829ebebc8e,jpeg50
1,sid_tampered,tampered,unknown,train,b24d51829ebebc8e,blur05
1,sid_tampered,tampered,unknown,train,b24d51829ebebc8e,crop08
1,sid_tampered,tampered,unknown,train,4bb3635bc6c8805f,clean
1,sid_tampered,tampered,unknown,train,4bb3635bc6c8805f,jpeg90
1,sid_tampered,tampered,unknown,train,4bb3635bc6c8805f,blur05
1,sid_tampered,tampered,unknown,train,4bb3635bc6c8805f,resize05
1,sid_tampered,tampered,unknown,train,fc271b6e593e9fd2,clean
1,sid_tampered,tampered,unknown,train,fc271b6e593e9fd2,jpeg30
1,sid_tampered,tampered,unknown,train,fc271b6e593e9fd2,blur10
1,sid_tampered,tampered,unknown,train,fc271b6e593e9fd2,noise005
1,sid_tampered,tampered,unknown,train,54dca6afff0a888a,clean
1,sid_tampered,tampered,unknown,train,54dca6afff0a888a,jpeg90
1,sid_tampered,tampered,unknown,train,54dca6afff0a888a,jpeg30
1,sid_tampered,tampered,unknown,train,54dca6afff0a888a,resize05
1,sid_tampered,tampered,unknown,train,233409e72da6e415,clean
1,sid_tampered,tampered,unknown,train,233409e72da6e415,resize05
1,sid_tampered,tampered,unknown,train,233409e72da6e415,resize025
1,sid_tampered,tampered,unknown,train,233409e72da6e415,noise01
1,sid_tampered,tampered,unknown,train,66e51d2ded2d5679,clean
1,sid_tampered,tampered,unknown,train,66e51d2ded2d5679,jpeg70
1,sid_tampered,tampered,unknown,train,66e51d2ded2d5679,blur20
1,sid_tampered,tampered,unknown,train,66e51d2ded2d5679,resize05
1,sid_tampered,tampered,unknown,train,3013099b0c74b607,clean
1,sid_tampered,tampered,unknown,train,3013099b0c74b607,jpeg70
1,sid_tampered,tampered,unknown,train,3013099b0c74b607,blur05
1,sid_tampered,tampered,unknown,train,3013099b0c74b607,resize05
1,sid_tampered,tampered,unknown,train,80911cf339fecd7b,clean
1,sid_tampered,tampered,unknown,train,80911cf339fecd7b,jpeg50
1,sid_tampered,tampered,unknown,train,80911cf339fecd7b,blur05
1,sid_tampered,tampered,unknown,train,80911cf339fecd7b,crop08
1,sid_tampered,tampered,unknown,train,9751ee52072038de,clean
1,sid_tampered,tampered,unknown,train,9751ee52072038de,jpeg50
1,sid_tampered,tampered,unknown,train,9751ee52072038de,blur10
1,sid_tampered,tampered,unknown,train,9751ee52072038de,blur20
1,sid_tampered,tampered,unknown,train,b0c23ea68b3fa8dc,clean
1,sid_tampered,tampered,unknown,train,b0c23ea68b3fa8dc,blur20
1,sid_tampered,tampered,unknown,train,b0c23ea68b3fa8dc,noise002
1,sid_tampered,tampered,unknown,train,b0c23ea68b3fa8dc,noise01
1,sid_tampered,tampered,unknown,train,ce7f70036fc818b1,clean
1,sid_tampered,tampered,unknown,train,ce7f70036fc818b1,jpeg30
1,sid_tampered,tampered,unknown,train,ce7f70036fc818b1,blur10
1,sid_tampered,tampered,unknown,train,ce7f70036fc818b1,crop08
1,sid_tampered,tampered,unknown,train,24b5e5a8d948afe6,clean
1,sid_tampered,tampered,unknown,train,24b5e5a8d948afe6,resize05
1,sid_tampered,tampered,unknown,train,24b5e5a8d948afe6,noise002
1,sid_tampered,tampered,unknown,train,24b5e5a8d948afe6,jitter02
1,sid_tampered,tampered,unknown,train,4b3ea6e37a533395,clean
1,sid_tampered,tampered,unknown,train,4b3ea6e37a533395,jpeg90
1,sid_tampered,tampered,unknown,train,4b3ea6e37a533395,blur10
1,sid_tampered,tampered,unknown,train,4b3ea6e37a533395,noise002
1,sid_tampered,tampered,unknown,train,ee14b8361fed553e,clean
1,sid_tampered,tampered,unknown,train,ee14b8361fed553e,jpeg90
1,sid_tampered,tampered,unknown,train,ee14b8361fed553e,jpeg50
1,sid_tampered,tampered,unknown,train,ee14b8361fed553e,resize025
1,sid_tampered,tampered,unknown,train,fb008d2778b1ff8c,clean
1,sid_tampered,tampered,unknown,train,fb008d2778b1ff8c,jpeg50
1,sid_tampered,tampered,unknown,train,fb008d2778b1ff8c,blur05
1,sid_tampered,tampered,unknown,train,fb008d2778b1ff8c,resize05
1,sid_tampered,tampered,unknown,train,309f7f9884d6bae3,clean
1,sid_tampered,tampered,unknown,train,309f7f9884d6bae3,jpeg90
1,sid_tampered,tampered,unknown,train,309f7f9884d6bae3,jpeg50
1,sid_tampered,tampered,unknown,train,309f7f9884d6bae3,noise01
1,sid_tampered,tampered,unknown,train,b923d1c088b3304c,clean
1,sid_tampered,tampered,unknown,train,b923d1c088b3304c,resize05
1,sid_tampered,tampered,unknown,train,b923d1c088b3304c,jitter02
1,sid_tampered,tampered,unknown,train,b923d1c088b3304c,crop08
1,sid_tampered,tampered,unknown,train,320770d37295af92,clean
1,sid_tampered,tampered,unknown,train,320770d37295af92,jpeg30
1,sid_tampered,tampered,unknown,train,320770d37295af92,noise002
1,sid_tampered,tampered,unknown,train,320770d37295af92,noise005
1,sid_tampered,tampered,unknown,train,03037a09501a6da8,clean
1,sid_tampered,tampered,unknown,train,03037a09501a6da8,jpeg30
1,sid_tampered,tampered,unknown,train,03037a09501a6da8,noise005
1,sid_tampered,tampered,unknown,train,03037a09501a6da8,noise01
1,sid_tampered,tampered,unknown,train,b3eb5540e5e7f200,clean
1,sid_tampered,tampered,unknown,train,b3eb5540e5e7f200,noise005
1,sid_tampered,tampered,unknown,train,b3eb5540e5e7f200,noise01
1,sid_tampered,tampered,unknown,train,b3eb5540e5e7f200,crop08
1,sid_tampered,tampered,unknown,train,b34940823c050173,clean
1,sid_tampered,tampered,unknown,train,b34940823c050173,blur10
1,sid_tampered,tampered,unknown,train,b34940823c050173,blur20
1,sid_tampered,tampered,unknown,train,b34940823c050173,crop08
1,sid_tampered,tampered,unknown,train,5600e3b50ccd117b,clean
1,sid_tampered,tampered,unknown,train,5600e3b50ccd117b,jpeg30
1,sid_tampered,tampered,unknown,train,5600e3b50ccd117b,blur05
1,sid_tampered,tampered,unknown,train,5600e3b50ccd117b,crop08
1,sid_tampered,tampered,unknown,train,61d2f4b3c0fe223c,clean
1,sid_tampered,tampered,unknown,train,61d2f4b3c0fe223c,jpeg90
1,sid_tampered,tampered,unknown,train,61d2f4b3c0fe223c,noise002
1,sid_tampered,tampered,unknown,train,61d2f4b3c0fe223c,crop08
1,sid_tampered,tampered,unknown,train,c25121e1a49ae247,clean
1,sid_tampered,tampered,unknown,train,c25121e1a49ae247,blur05
1,sid_tampered,tampered,unknown,train,c25121e1a49ae247,blur10
1,sid_tampered,tampered,unknown,train,c25121e1a49ae247,noise005
1,sid_tampered,tampered,unknown,train,283e291699a4174c,clean
1,sid_tampered,tampered,unknown,train,283e291699a4174c,resize05
1,sid_tampered,tampered,unknown,train,283e291699a4174c,noise002
1,sid_tampered,tampered,unknown,train,283e291699a4174c,noise005
1,sid_tampered,tampered,unknown,train,9e95d66693c92b25,clean
1,sid_tampered,tampered,unknown,train,9e95d66693c92b25,jpeg70
1,sid_tampered,tampered,unknown,train,9e95d66693c92b25,resize05
1,sid_tampered,tampered,unknown,train,9e95d66693c92b25,crop08
1,sid_tampered,tampered,unknown,train,be77756c9e4feb6e,clean
1,sid_tampered,tampered,unknown,train,be77756c9e4feb6e,resize05
1,sid_tampered,tampered,unknown,train,be77756c9e4feb6e,jitter02
1,sid_tampered,tampered,unknown,train,be77756c9e4feb6e,crop08
1,sid_tampered,tampered,unknown,train,e1e4519bab8b90b6,clean
1,sid_tampered,tampered,unknown,train,e1e4519bab8b90b6,jpeg30
1,sid_tampered,tampered,unknown,train,e1e4519bab8b90b6,resize05
1,sid_tampered,tampered,unknown,train,e1e4519bab8b90b6,resize025
1,sid_tampered,tampered,unknown,train,3850d426fc983c8c,clean
1,sid_tampered,tampered,unknown,train,3850d426fc983c8c,jpeg90
1,sid_tampered,tampered,unknown,train,3850d426fc983c8c,blur20
1,sid_tampered,tampered,unknown,train,3850d426fc983c8c,noise01
1,sid_tampered,tampered,unknown,train,18c7805af7098bde,clean
1,sid_tampered,tampered,unknown,train,18c7805af7098bde,jpeg70
1,sid_tampered,tampered,unknown,train,18c7805af7098bde,jpeg30
1,sid_tampered,tampered,unknown,train,18c7805af7098bde,noise01
1,sid_tampered,tampered,unknown,train,9310357caa1c4204,clean
1,sid_tampered,tampered,unknown,train,9310357caa1c4204,blur20
1,sid_tampered,tampered,unknown,train,9310357caa1c4204,noise005
1,sid_tampered,tampered,unknown,train,9310357caa1c4204,jitter02
1,sid_tampered,tampered,unknown,train,0c3fb902c8184ed1,clean
1,sid_tampered,tampered,unknown,train,0c3fb902c8184ed1,jpeg30
1,sid_tampered,tampered,unknown,train,0c3fb902c8184ed1,blur05
1,sid_tampered,tampered,unknown,train,0c3fb902c8184ed1,noise002
1,sid_tampered,tampered,unknown,train,23478fb8b87be5f3,clean
1,sid_tampered,tampered,unknown,train,23478fb8b87be5f3,jpeg90
1,sid_tampered,tampered,unknown,train,23478fb8b87be5f3,jpeg50
1,sid_tampered,tampered,unknown,train,23478fb8b87be5f3,resize05
1,sid_tampered,tampered,unknown,train,e6b43efaf818157b,clean
1,sid_tampered,tampered,unknown,train,e6b43efaf818157b,blur05
1,sid_tampered,tampered,unknown,train,e6b43efaf818157b,resize05
1,sid_tampered,tampered,unknown,train,e6b43efaf818157b,noise002
1,sid_tampered,tampered,unknown,train,bee091e01b9363d2,clean
1,sid_tampered,tampered,unknown,train,bee091e01b9363d2,jpeg70
1,sid_tampered,tampered,unknown,train,bee091e01b9363d2,jpeg50
1,sid_tampered,tampered,unknown,train,bee091e01b9363d2,resize025
1,sid_tampered,tampered,unknown,train,8300506828d50498,clean
1,sid_tampered,tampered,unknown,train,8300506828d50498,resize05
1,sid_tampered,tampered,unknown,train,8300506828d50498,resize025
1,sid_tampered,tampered,unknown,train,8300506828d50498,crop08
1,sid_tampered,tampered,unknown,train,ffbcaf40c1a37e87,clean
1,sid_tampered,tampered,unknown,train,ffbcaf40c1a37e87,jpeg50
1,sid_tampered,tampered,unknown,train,ffbcaf40c1a37e87,blur10
1,sid_tampered,tampered,unknown,train,ffbcaf40c1a37e87,crop08
1,sid_tampered,tampered,unknown,train,b42f3cacf2293750,clean
1,sid_tampered,tampered,unknown,train,b42f3cacf2293750,jpeg50
1,sid_tampered,tampered,unknown,train,b42f3cacf2293750,blur05
1,sid_tampered,tampered,unknown,train,b42f3cacf2293750,resize025
1,sid_tampered,tampered,unknown,train,e83cce994d18f30d,clean
1,sid_tampered,tampered,unknown,train,e83cce994d18f30d,resize05
1,sid_tampered,tampered,unknown,train,e83cce994d18f30d,resize025
1,sid_tampered,tampered,unknown,train,e83cce994d18f30d,noise005
1,sid_tampered,tampered,unknown,train,56f1583d588233fd,clean
1,sid_tampered,tampered,unknown,train,56f1583d588233fd,jpeg70
1,sid_tampered,tampered,unknown,train,56f1583d588233fd,jpeg30
1,sid_tampered,tampered,unknown,train,56f1583d588233fd,blur10
1,sid_tampered,tampered,unknown,train,df0520c8adbe7f02,clean
1,sid_tampered,tampered,unknown,train,df0520c8adbe7f02,jpeg90
1,sid_tampered,tampered,unknown,train,df0520c8adbe7f02,blur10
1,sid_tampered,tampered,unknown,train,df0520c8adbe7f02,noise002
1,sid_tampered,tampered,unknown,train,075dfa21afef9a23,clean
1,sid_tampered,tampered,unknown,train,075dfa21afef9a23,blur05
1,sid_tampered,tampered,unknown,train,075dfa21afef9a23,blur20
1,sid_tampered,tampered,unknown,train,075dfa21afef9a23,noise01
1,sid_tampered,tampered,unknown,train,9e328deed0eb176c,clean
1,sid_tampered,tampered,unknown,train,9e328deed0eb176c,blur10
1,sid_tampered,tampered,unknown,train,9e328deed0eb176c,blur20
1,sid_tampered,tampered,unknown,train,9e328deed0eb176c,noise01
1,sid_tampered,tampered,unknown,train,dd1b48f2378708e6,clean
1,sid_tampered,tampered,unknown,train,dd1b48f2378708e6,jpeg90
1,sid_tampered,tampered,unknown,train,dd1b48f2378708e6,jpeg50
1,sid_tampered,tampered,unknown,train,dd1b48f2378708e6,noise01
1,sid_tampered,tampered,unknown,train,8da7284ee0e8f213,clean
1,sid_tampered,tampered,unknown,train,8da7284ee0e8f213,jpeg70
1,sid_tampered,tampered,unknown,train,8da7284ee0e8f213,jpeg30
1,sid_tampered,tampered,unknown,train,8da7284ee0e8f213,blur05
1,sid_tampered,tampered,unknown,train,e984a075e29c8396,clean
1,sid_tampered,tampered,unknown,train,e984a075e29c8396,jpeg70
1,sid_tampered,tampered,unknown,train,e984a075e29c8396,blur05
1,sid_tampered,tampered,unknown,train,e984a075e29c8396,crop08
1,sid_tampered,tampered,unknown,train,a989939e5aa991ed,clean
1,sid_tampered,tampered,unknown,train,a989939e5aa991ed,jpeg50
1,sid_tampered,tampered,unknown,train,a989939e5aa991ed,resize05
1,sid_tampered,tampered,unknown,train,a989939e5aa991ed,noise002
1,sid_tampered,tampered,unknown,train,5b8f879db4234f78,clean
1,sid_tampered,tampered,unknown,train,5b8f879db4234f78,jpeg30
1,sid_tampered,tampered,unknown,train,5b8f879db4234f78,blur20
1,sid_tampered,tampered,unknown,train,5b8f879db4234f78,noise005
1,sid_tampered,tampered,unknown,train,6885cecc13686024,clean
1,sid_tampered,tampered,unknown,train,6885cecc13686024,jpeg90
1,sid_tampered,tampered,unknown,train,6885cecc13686024,jpeg30
1,sid_tampered,tampered,unknown,train,6885cecc13686024,noise005
1,sid_tampered,tampered,unknown,train,22bc842637e33c4b,clean
1,sid_tampered,tampered,unknown,train,22bc842637e33c4b,blur20
1,sid_tampered,tampered,unknown,train,22bc842637e33c4b,resize05
1,sid_tampered,tampered,unknown,train,22bc842637e33c4b,crop08
1,sid_tampered,tampered,unknown,train,03ab23ee0ae12806,clean
1,sid_tampered,tampered,unknown,train,03ab23ee0ae12806,jpeg90
1,sid_tampered,tampered,unknown,train,03ab23ee0ae12806,blur20
1,sid_tampered,tampered,unknown,train,03ab23ee0ae12806,noise005
1,sid_tampered,tampered,unknown,train,a4526e9f64b96ba8,clean
1,sid_tampered,tampered,unknown,train,a4526e9f64b96ba8,jpeg30
1,sid_tampered,tampered,unknown,train,a4526e9f64b96ba8,blur20
1,sid_tampered,tampered,unknown,train,a4526e9f64b96ba8,crop08
1,sid_tampered,tampered,unknown,train,73da852102160153,clean
1,sid_tampered,tampered,unknown,train,73da852102160153,blur10
1,sid_tampered,tampered,unknown,train,73da852102160153,resize05
1,sid_tampered,tampered,unknown,train,73da852102160153,resize025
1,sid_tampered,tampered,unknown,train,6c02524daf3fe55e,clean
1,sid_tampered,tampered,unknown,train,6c02524daf3fe55e,jpeg90
1,sid_tampered,tampered,unknown,train,6c02524daf3fe55e,jpeg50
1,sid_tampered,tampered,unknown,train,6c02524daf3fe55e,crop08
1,sid_tampered,tampered,unknown,train,0c57ec05216f304b,clean
1,sid_tampered,tampered,unknown,train,0c57ec05216f304b,jpeg50
1,sid_tampered,tampered,unknown,train,0c57ec05216f304b,resize025
1,sid_tampered,tampered,unknown,train,0c57ec05216f304b,noise005
1,sid_tampered,tampered,unknown,train,2cdabced9f35b615,clean
1,sid_tampered,tampered,unknown,train,2cdabced9f35b615,noise01
1,sid_tampered,tampered,unknown,train,2cdabced9f35b615,jitter02
1,sid_tampered,tampered,unknown,train,2cdabced9f35b615,crop08
1,sid_tampered,tampered,unknown,train,e2e4e046732c494f,clean
1,sid_tampered,tampered,unknown,train,e2e4e046732c494f,blur10
1,sid_tampered,tampered,unknown,train,e2e4e046732c494f,resize05
1,sid_tampered,tampered,unknown,train,e2e4e046732c494f,resize025
1,sid_tampered,tampered,unknown,train,5452cf41700c8593,clean
1,sid_tampered,tampered,unknown,train,5452cf41700c8593,blur10
1,sid_tampered,tampered,unknown,train,5452cf41700c8593,blur20
1,sid_tampered,tampered,unknown,train,5452cf41700c8593,resize025
1,sid_tampered,tampered,unknown,train,57f10495a264a032,clean
1,sid_tampered,tampered,unknown,train,57f10495a264a032,jpeg90
1,sid_tampered,tampered,unknown,train,57f10495a264a032,jitter02
1,sid_tampered,tampered,unknown,train,57f10495a264a032,crop08
1,sid_tampered,tampered,unknown,train,02241ea533685b53,clean
1,sid_tampered,tampered,unknown,train,02241ea533685b53,jpeg30
1,sid_tampered,tampered,unknown,train,02241ea533685b53,blur05
1,sid_tampered,tampered,unknown,train,02241ea533685b53,blur20
1,sid_tampered,tampered,unknown,train,0448da631eaeb203,clean
1,sid_tampered,tampered,unknown,train,0448da631eaeb203,jpeg70
1,sid_tampered,tampered,unknown,train,0448da631eaeb203,blur10
1,sid_tampered,tampered,unknown,train,0448da631eaeb203,resize05
1,sid_tampered,tampered,unknown,train,459ce3f8728f0abb,clean
1,sid_tampered,tampered,unknown,train,459ce3f8728f0abb,jpeg30
1,sid_tampered,tampered,unknown,train,459ce3f8728f0abb,noise002
1,sid_tampered,tampered,unknown,train,459ce3f8728f0abb,noise005
1,sid_tampered,tampered,unknown,train,1d2b114b759c094e,clean
1,sid_tampered,tampered,unknown,train,1d2b114b759c094e,jpeg90
1,sid_tampered,tampered,unknown,train,1d2b114b759c094e,blur10
1,sid_tampered,tampered,unknown,train,1d2b114b759c094e,jitter02
1,sid_tampered,tampered,unknown,train,78a3b478a8c1c552,clean
1,sid_tampered,tampered,unknown,train,78a3b478a8c1c552,blur20
1,sid_tampered,tampered,unknown,train,78a3b478a8c1c552,resize05
1,sid_tampered,tampered,unknown,train,78a3b478a8c1c552,jitter02
1,sid_tampered,tampered,unknown,train,1eea92ee01c7b1db,clean
1,sid_tampered,tampered,unknown,train,1eea92ee01c7b1db,jpeg90
1,sid_tampered,tampered,unknown,train,1eea92ee01c7b1db,blur05
1,sid_tampered,tampered,unknown,train,1eea92ee01c7b1db,crop08
1,sid_tampered,tampered,unknown,train,8dc44a7163f636da,clean
1,sid_tampered,tampered,unknown,train,8dc44a7163f636da,blur05
1,sid_tampered,tampered,unknown,train,8dc44a7163f636da,noise002
1,sid_tampered,tampered,unknown,train,8dc44a7163f636da,noise01
1,sid_tampered,tampered,unknown,train,8852326367d82af2,clean
1,sid_tampered,tampered,unknown,train,8852326367d82af2,blur20
1,sid_tampered,tampered,unknown,train,8852326367d82af2,resize05
1,sid_tampered,tampered,unknown,train,8852326367d82af2,noise01
1,sid_tampered,tampered,unknown,train,80102c38e10fbeb3,clean
1,sid_tampered,tampered,unknown,train,80102c38e10fbeb3,jpeg70
1,sid_tampered,tampered,unknown,train,80102c38e10fbeb3,blur20
1,sid_tampered,tampered,unknown,train,80102c38e10fbeb3,crop08
1,sid_tampered,tampered,unknown,train,038de3d73ea91226,clean
1,sid_tampered,tampered,unknown,train,038de3d73ea91226,blur20
1,sid_tampered,tampered,unknown,train,038de3d73ea91226,resize05
1,sid_tampered,tampered,unknown,train,038de3d73ea91226,noise005
1,sid_tampered,tampered,unknown,train,4d64976b0afc6263,clean
1,sid_tampered,tampered,unknown,train,4d64976b0afc6263,jpeg50
1,sid_tampered,tampered,unknown,train,4d64976b0afc6263,blur10
1,sid_tampered,tampered,unknown,train,4d64976b0afc6263,noise01
1,sid_tampered,tampered,unknown,train,445b574e8d932413,clean
1,sid_tampered,tampered,unknown,train,445b574e8d932413,blur05
1,sid_tampered,tampered,unknown,train,445b574e8d932413,noise005
1,sid_tampered,tampered,unknown,train,445b574e8d932413,noise01
1,sid_tampered,tampered,unknown,train,04904b4fe775cbb4,clean
1,sid_tampered,tampered,unknown,train,04904b4fe775cbb4,jpeg30
1,sid_tampered,tampered,unknown,train,04904b4fe775cbb4,blur10
1,sid_tampered,tampered,unknown,train,04904b4fe775cbb4,noise01
1,sid_tampered,tampered,unknown,train,e27dc74d92a82ab9,clean
1,sid_tampered,tampered,unknown,train,e27dc74d92a82ab9,jpeg90
1,sid_tampered,tampered,unknown,train,e27dc74d92a82ab9,blur20
1,sid_tampered,tampered,unknown,train,e27dc74d92a82ab9,jitter02
1,sid_tampered,tampered,unknown,train,cb56dc584cdedff9,clean
1,sid_tampered,tampered,unknown,train,cb56dc584cdedff9,jpeg90
1,sid_tampered,tampered,unknown,train,cb56dc584cdedff9,jpeg50
1,sid_tampered,tampered,unknown,train,cb56dc584cdedff9,blur05
1,sid_tampered,tampered,unknown,train,3ba98d2980fc6cb3,clean
1,sid_tampered,tampered,unknown,train,3ba98d2980fc6cb3,blur05
1,sid_tampered,tampered,unknown,train,3ba98d2980fc6cb3,resize05
1,sid_tampered,tampered,unknown,train,3ba98d2980fc6cb3,noise01
1,sid_tampered,tampered,unknown,train,67ed7bf3f34a96d7,clean
1,sid_tampered,tampered,unknown,train,67ed7bf3f34a96d7,jpeg50
1,sid_tampered,tampered,unknown,train,67ed7bf3f34a96d7,resize05
1,sid_tampered,tampered,unknown,train,67ed7bf3f34a96d7,noise005
1,sid_tampered,tampered,unknown,train,04c75d47f0878079,clean
1,sid_tampered,tampered,unknown,train,04c75d47f0878079,noise002
1,sid_tampered,tampered,unknown,train,04c75d47f0878079,noise005
1,sid_tampered,tampered,unknown,train,04c75d47f0878079,jitter02
1,sid_tampered,tampered,unknown,train,69e6153d10d109e1,clean
1,sid_tampered,tampered,unknown,train,69e6153d10d109e1,resize025
1,sid_tampered,tampered,unknown,train,69e6153d10d109e1,noise005
1,sid_tampered,tampered,unknown,train,69e6153d10d109e1,noise01
1,sid_tampered,tampered,unknown,train,da82b3249aecbc9b,clean
1,sid_tampered,tampered,unknown,train,da82b3249aecbc9b,jpeg90
1,sid_tampered,tampered,unknown,train,da82b3249aecbc9b,jpeg30
1,sid_tampered,tampered,unknown,train,da82b3249aecbc9b,noise005
1,sid_tampered,tampered,unknown,train,10d1f709f6a47e07,clean
1,sid_tampered,tampered,unknown,train,10d1f709f6a47e07,jpeg70
1,sid_tampered,tampered,unknown,train,10d1f709f6a47e07,blur10
1,sid_tampered,tampered,unknown,train,10d1f709f6a47e07,resize05
1,sid_tampered,tampered,unknown,train,6e086a55be5b8586,clean
1,sid_tampered,tampered,unknown,train,6e086a55be5b8586,jpeg90
1,sid_tampered,tampered,unknown,train,6e086a55be5b8586,noise01
1,sid_tampered,tampered,unknown,train,6e086a55be5b8586,crop08
1,sid_tampered,tampered,unknown,train,a96ad682a8af509d,clean
1,sid_tampered,tampered,unknown,train,a96ad682a8af509d,noise002
1,sid_tampered,tampered,unknown,train,a96ad682a8af509d,noise005
1,sid_tampered,tampered,unknown,train,a96ad682a8af509d,noise01
1,sid_tampered,tampered,unknown,train,782f60b0cc78bec5,clean
1,sid_tampered,tampered,unknown,train,782f60b0cc78bec5,jpeg90
1,sid_tampered,tampered,unknown,train,782f60b0cc78bec5,jpeg50
1,sid_tampered,tampered,unknown,train,782f60b0cc78bec5,blur05
1,sid_tampered,tampered,unknown,train,77f109434758f079,clean
1,sid_tampered,tampered,unknown,train,77f109434758f079,jpeg70
1,sid_tampered,tampered,unknown,train,77f109434758f079,jpeg50
1,sid_tampered,tampered,unknown,train,77f109434758f079,resize025
1,sid_tampered,tampered,unknown,train,b9c51065998aeba1,clean
1,sid_tampered,tampered,unknown,train,b9c51065998aeba1,jpeg70
1,sid_tampered,tampered,unknown,train,b9c51065998aeba1,noise002
1,sid_tampered,tampered,unknown,train,b9c51065998aeba1,crop08
1,sid_tampered,tampered,unknown,train,51b749f5b607b259,clean
1,sid_tampered,tampered,unknown,train,51b749f5b607b259,jpeg90
1,sid_tampered,tampered,unknown,train,51b749f5b607b259,blur10
1,sid_tampered,tampered,unknown,train,51b749f5b607b259,resize05
1,sid_tampered,tampered,unknown,train,1c1a5d29b62993ce,clean
1,sid_tampered,tampered,unknown,train,1c1a5d29b62993ce,blur05
1,sid_tampered,tampered,unknown,train,1c1a5d29b62993ce,blur10
1,sid_tampered,tampered,unknown,train,1c1a5d29b62993ce,resize05
1,sid_tampered,tampered,unknown,train,f0c733012cc4a277,clean
1,sid_tampered,tampered,unknown,train,f0c733012cc4a277,jpeg30
1,sid_tampered,tampered,unknown,train,f0c733012cc4a277,noise002
1,sid_tampered,tampered,unknown,train,f0c733012cc4a277,noise005
1,sid_tampered,tampered,unknown,train,3703676ca9037688,clean
1,sid_tampered,tampered,unknown,train,3703676ca9037688,blur20
1,sid_tampered,tampered,unknown,train,3703676ca9037688,noise01
1,sid_tampered,tampered,unknown,train,3703676ca9037688,crop08
1,sid_tampered,tampered,unknown,train,e179be999ce2c3a2,clean
1,sid_tampered,tampered,unknown,train,e179be999ce2c3a2,blur05
1,sid_tampered,tampered,unknown,train,e179be999ce2c3a2,blur10
1,sid_tampered,tampered,unknown,train,e179be999ce2c3a2,resize025
1,sid_tampered,tampered,unknown,train,cd9035f158741b71,clean
1,sid_tampered,tampered,unknown,train,cd9035f158741b71,jpeg50
1,sid_tampered,tampered,unknown,train,cd9035f158741b71,resize025
1,sid_tampered,tampered,unknown,train,cd9035f158741b71,noise005
1,sid_tampered,tampered,unknown,train,64cdb164b34efdcd,clean
1,sid_tampered,tampered,unknown,train,64cdb164b34efdcd,jpeg50
1,sid_tampered,tampered,unknown,train,64cdb164b34efdcd,jpeg30
1,sid_tampered,tampered,unknown,train,64cdb164b34efdcd,blur10
1,sid_tampered,tampered,unknown,train,64b699db0f270a59,clean
1,sid_tampered,tampered,unknown,train,64b699db0f270a59,jpeg70
1,sid_tampered,tampered,unknown,train,64b699db0f270a59,resize025
1,sid_tampered,tampered,unknown,train,64b699db0f270a59,jitter02
1,sid_tampered,tampered,unknown,train,4979ea9a5a5f5e1c,clean
1,sid_tampered,tampered,unknown,train,4979ea9a5a5f5e1c,jpeg90
1,sid_tampered,tampered,unknown,train,4979ea9a5a5f5e1c,jpeg30
1,sid_tampered,tampered,unknown,train,4979ea9a5a5f5e1c,blur10
1,sid_tampered,tampered,unknown,train,02ea430e6e5a6f5d,clean
1,sid_tampered,tampered,unknown,train,02ea430e6e5a6f5d,jpeg90
1,sid_tampered,tampered,unknown,train,02ea430e6e5a6f5d,blur05
1,sid_tampered,tampered,unknown,train,02ea430e6e5a6f5d,blur20
1,sid_tampered,tampered,unknown,train,4f688acfc7d8708b,clean
1,sid_tampered,tampered,unknown,train,4f688acfc7d8708b,blur05
1,sid_tampered,tampered,unknown,train,4f688acfc7d8708b,blur10
1,sid_tampered,tampered,unknown,train,4f688acfc7d8708b,blur20
1,sid_tampered,tampered,unknown,train,eeb99b06417e76c1,clean
1,sid_tampered,tampered,unknown,train,eeb99b06417e76c1,blur20
1,sid_tampered,tampered,unknown,train,eeb99b06417e76c1,resize05
1,sid_tampered,tampered,unknown,train,eeb99b06417e76c1,crop08
1,sid_tampered,tampered,unknown,train,15a7e5bcaa4a8b39,clean
1,sid_tampered,tampered,unknown,train,15a7e5bcaa4a8b39,jpeg50
1,sid_tampered,tampered,unknown,train,15a7e5bcaa4a8b39,blur05
1,sid_tampered,tampered,unknown,train,15a7e5bcaa4a8b39,noise01
1,sid_tampered,tampered,unknown,train,089aa6a1445d7177,clean
1,sid_tampered,tampered,unknown,train,089aa6a1445d7177,jpeg30
1,sid_tampered,tampered,unknown,train,089aa6a1445d7177,blur20
1,sid_tampered,tampered,unknown,train,089aa6a1445d7177,crop08
1,sid_tampered,tampered,unknown,train,34c839ddf2faf6d3,clean
1,sid_tampered,tampered,unknown,train,34c839ddf2faf6d3,jpeg70
1,sid_tampered,tampered,unknown,train,34c839ddf2faf6d3,noise01
1,sid_tampered,tampered,unknown,train,34c839ddf2faf6d3,crop08
1,sid_tampered,tampered,unknown,train,b44d6d3a7aaa04bd,clean
1,sid_tampered,tampered,unknown,train,b44d6d3a7aaa04bd,blur10
1,sid_tampered,tampered,unknown,train,b44d6d3a7aaa04bd,blur20
1,sid_tampered,tampered,unknown,train,b44d6d3a7aaa04bd,noise01
1,sid_tampered,tampered,unknown,train,eef64dae38824186,clean
1,sid_tampered,tampered,unknown,train,eef64dae38824186,noise002
1,sid_tampered,tampered,unknown,train,eef64dae38824186,noise01
1,sid_tampered,tampered,unknown,train,eef64dae38824186,crop08
1,sid_tampered,tampered,unknown,train,c5b18850ab5ec015,clean
1,sid_tampered,tampered,unknown,train,c5b18850ab5ec015,jpeg90
1,sid_tampered,tampered,unknown,train,c5b18850ab5ec015,noise005
1,sid_tampered,tampered,unknown,train,c5b18850ab5ec015,crop08
1,sid_tampered,tampered,unknown,train,785fc054813a2eb3,clean
1,sid_tampered,tampered,unknown,train,785fc054813a2eb3,jpeg30
1,sid_tampered,tampered,unknown,train,785fc054813a2eb3,noise01
1,sid_tampered,tampered,unknown,train,785fc054813a2eb3,jitter02
1,sid_tampered,tampered,unknown,train,e1f40bf35de807ef,clean
1,sid_tampered,tampered,unknown,train,e1f40bf35de807ef,jpeg30
1,sid_tampered,tampered,unknown,train,e1f40bf35de807ef,blur05
1,sid_tampered,tampered,unknown,train,e1f40bf35de807ef,noise01
1,sid_tampered,tampered,unknown,train,b36315284e004e85,clean
1,sid_tampered,tampered,unknown,train,b36315284e004e85,jpeg70
1,sid_tampered,tampered,unknown,train,b36315284e004e85,blur10
1,sid_tampered,tampered,unknown,train,b36315284e004e85,resize05
1,sid_tampered,tampered,unknown,train,bececa6140829e07,clean
1,sid_tampered,tampered,unknown,train,bececa6140829e07,jpeg30
1,sid_tampered,tampered,unknown,train,bececa6140829e07,noise005
1,sid_tampered,tampered,unknown,train,bececa6140829e07,crop08
1,sid_tampered,tampered,unknown,train,875b31c0582568b2,clean
1,sid_tampered,tampered,unknown,train,875b31c0582568b2,jpeg70
1,sid_tampered,tampered,unknown,train,875b31c0582568b2,jpeg30
1,sid_tampered,tampered,unknown,train,875b31c0582568b2,blur10
1,sid_tampered,tampered,unknown,train,41fd40197e845f08,clean
1,sid_tampered,tampered,unknown,train,41fd40197e845f08,jpeg90
1,sid_tampered,tampered,unknown,train,41fd40197e845f08,jpeg70
1,sid_tampered,tampered,unknown,train,41fd40197e845f08,resize05
1,sid_tampered,tampered,unknown,train,aebbeffd4010552b,clean
1,sid_tampered,tampered,unknown,train,aebbeffd4010552b,jpeg50
1,sid_tampered,tampered,unknown,train,aebbeffd4010552b,jpeg30
1,sid_tampered,tampered,unknown,train,aebbeffd4010552b,blur05
1,sid_tampered,tampered,unknown,train,7d7b3130978989ef,clean
1,sid_tampered,tampered,unknown,train,7d7b3130978989ef,jpeg90
1,sid_tampered,tampered,unknown,train,7d7b3130978989ef,resize05
1,sid_tampered,tampered,unknown,train,7d7b3130978989ef,jitter02
1,sid_tampered,tampered,unknown,train,39432370045b91b2,clean
1,sid_tampered,tampered,unknown,train,39432370045b91b2,jpeg90
1,sid_tampered,tampered,unknown,train,39432370045b91b2,jpeg50
1,sid_tampered,tampered,unknown,train,39432370045b91b2,jitter02
1,sid_tampered,tampered,unknown,train,e78ad538ad184770,clean
1,sid_tampered,tampered,unknown,train,e78ad538ad184770,jpeg70
1,sid_tampered,tampered,unknown,train,e78ad538ad184770,blur20
1,sid_tampered,tampered,unknown,train,e78ad538ad184770,noise01
1,sid_tampered,tampered,unknown,train,5a4184526d1f0b54,clean
1,sid_tampered,tampered,unknown,train,5a4184526d1f0b54,jpeg50
1,sid_tampered,tampered,unknown,train,5a4184526d1f0b54,noise002
1,sid_tampered,tampered,unknown,train,5a4184526d1f0b54,noise005
1,sid_tampered,tampered,unknown,train,79e4cb223602457f,clean
1,sid_tampered,tampered,unknown,train,79e4cb223602457f,blur05
1,sid_tampered,tampered,unknown,train,79e4cb223602457f,blur20
1,sid_tampered,tampered,unknown,train,79e4cb223602457f,resize05
1,sid_tampered,tampered,unknown,train,be0bbc2fe8cdd003,clean
1,sid_tampered,tampered,unknown,train,be0bbc2fe8cdd003,jpeg70
1,sid_tampered,tampered,unknown,train,be0bbc2fe8cdd003,jpeg50
1,sid_tampered,tampered,unknown,train,be0bbc2fe8cdd003,noise01
1,sid_tampered,tampered,unknown,train,686b8c52e8dd9b21,clean
1,sid_tampered,tampered,unknown,train,686b8c52e8dd9b21,blur20
1,sid_tampered,tampered,unknown,train,686b8c52e8dd9b21,jitter02
1,sid_tampered,tampered,unknown,train,686b8c52e8dd9b21,crop08
1,sid_tampered,tampered,unknown,train,50fd07ef25e4721b,clean
1,sid_tampered,tampered,unknown,train,50fd07ef25e4721b,jpeg70
1,sid_tampered,tampered,unknown,train,50fd07ef25e4721b,jpeg30
1,sid_tampered,tampered,unknown,train,50fd07ef25e4721b,noise005
1,sid_tampered,tampered,unknown,train,b659d01a6089874e,clean
1,sid_tampered,tampered,unknown,train,b659d01a6089874e,jpeg90
1,sid_tampered,tampered,unknown,train,b659d01a6089874e,jpeg30
1,sid_tampered,tampered,unknown,train,b659d01a6089874e,resize025
1,sid_tampered,tampered,unknown,train,3edd67e59bef14c0,clean
1,sid_tampered,tampered,unknown,train,3edd67e59bef14c0,blur10
1,sid_tampered,tampered,unknown,train,3edd67e59bef14c0,resize05
1,sid_tampered,tampered,unknown,train,3edd67e59bef14c0,jitter02
1,sid_tampered,tampered,unknown,train,4072cf0c5afdfbf5,clean
1,sid_tampered,tampered,unknown,train,4072cf0c5afdfbf5,jpeg90
1,sid_tampered,tampered,unknown,train,4072cf0c5afdfbf5,blur20
1,sid_tampered,tampered,unknown,train,4072cf0c5afdfbf5,resize025
1,sid_tampered,tampered,unknown,train,6aeac9b4b59c74ab,clean
1,sid_tampered,tampered,unknown,train,6aeac9b4b59c74ab,jpeg50
1,sid_tampered,tampered,unknown,train,6aeac9b4b59c74ab,blur20
1,sid_tampered,tampered,unknown,train,6aeac9b4b59c74ab,noise01
1,sid_tampered,tampered,unknown,train,de6f0003fddf976e,clean
1,sid_tampered,tampered,unknown,train,de6f0003fddf976e,jpeg70
1,sid_tampered,tampered,unknown,train,de6f0003fddf976e,jpeg50
1,sid_tampered,tampered,unknown,train,de6f0003fddf976e,noise01
1,sid_tampered,tampered,unknown,train,6408b8f388ebf0a3,clean
1,sid_tampered,tampered,unknown,train,6408b8f388ebf0a3,jpeg70
1,sid_tampered,tampered,unknown,train,6408b8f388ebf0a3,jpeg30
1,sid_tampered,tampered,unknown,train,6408b8f388ebf0a3,blur10
1,sid_tampered,tampered,unknown,train,a86944d58896770b,clean
1,sid_tampered,tampered,unknown,train,a86944d58896770b,jpeg90
1,sid_tampered,tampered,unknown,train,a86944d58896770b,noise01
1,sid_tampered,tampered,unknown,train,a86944d58896770b,crop08
1,sid_tampered,tampered,unknown,train,a7f5c586ac6bc0ec,clean
1,sid_tampered,tampered,unknown,train,a7f5c586ac6bc0ec,jpeg90
1,sid_tampered,tampered,unknown,train,a7f5c586ac6bc0ec,blur05
1,sid_tampered,tampered,unknown,train,a7f5c586ac6bc0ec,blur10
1,sid_tampered,tampered,unknown,train,905563e8afc56b73,clean
1,sid_tampered,tampered,unknown,train,905563e8afc56b73,blur20
1,sid_tampered,tampered,unknown,train,905563e8afc56b73,noise005
1,sid_tampered,tampered,unknown,train,905563e8afc56b73,jitter02
1,sid_tampered,tampered,unknown,train,7d42e00142027b73,clean
1,sid_tampered,tampered,unknown,train,7d42e00142027b73,blur20
1,sid_tampered,tampered,unknown,train,7d42e00142027b73,resize05
1,sid_tampered,tampered,unknown,train,7d42e00142027b73,noise01
1,sid_tampered,tampered,unknown,train,0a58338e303f7e4f,clean
1,sid_tampered,tampered,unknown,train,0a58338e303f7e4f,jpeg50
1,sid_tampered,tampered,unknown,train,0a58338e303f7e4f,blur10
1,sid_tampered,tampered,unknown,train,0a58338e303f7e4f,resize025
1,sid_tampered,tampered,unknown,train,90d2d3908a30abca,clean
1,sid_tampered,tampered,unknown,train,90d2d3908a30abca,jpeg70
1,sid_tampered,tampered,unknown,train,90d2d3908a30abca,blur10
1,sid_tampered,tampered,unknown,train,90d2d3908a30abca,crop08
1,sid_tampered,tampered,unknown,train,e05d952957240c53,clean
1,sid_tampered,tampered,unknown,train,e05d952957240c53,jpeg90
1,sid_tampered,tampered,unknown,train,e05d952957240c53,jpeg50
1,sid_tampered,tampered,unknown,train,e05d952957240c53,noise01
1,sid_tampered,tampered,unknown,train,035ed1d98a8cc25c,clean
1,sid_tampered,tampered,unknown,train,035ed1d98a8cc25c,blur10
1,sid_tampered,tampered,unknown,train,035ed1d98a8cc25c,resize025
1,sid_tampered,tampered,unknown,train,035ed1d98a8cc25c,jitter02
1,sid_tampered,tampered,unknown,train,9086faf110ff4f7f,clean
1,sid_tampered,tampered,unknown,train,9086faf110ff4f7f,blur10
1,sid_tampered,tampered,unknown,train,9086faf110ff4f7f,noise01
1,sid_tampered,tampered,unknown,train,9086faf110ff4f7f,crop08
1,sid_tampered,tampered,unknown,train,42314857fb612714,clean
1,sid_tampered,tampered,unknown,train,42314857fb612714,jpeg90
1,sid_tampered,tampered,unknown,train,42314857fb612714,blur20
1,sid_tampered,tampered,unknown,train,42314857fb612714,crop08
1,sid_tampered,tampered,unknown,train,9755a49c943369f8,clean
1,sid_tampered,tampered,unknown,train,9755a49c943369f8,jpeg90
1,sid_tampered,tampered,unknown,train,9755a49c943369f8,jpeg70
1,sid_tampered,tampered,unknown,train,9755a49c943369f8,resize05
1,sid_tampered,tampered,unknown,train,0d85cd4687d4d307,clean
1,sid_tampered,tampered,unknown,train,0d85cd4687d4d307,jpeg70
1,sid_tampered,tampered,unknown,train,0d85cd4687d4d307,resize05
1,sid_tampered,tampered,unknown,train,0d85cd4687d4d307,crop08
1,sid_tampered,tampered,unknown,train,18b87419e24ed512,clean
1,sid_tampered,tampered,unknown,train,18b87419e24ed512,blur05
1,sid_tampered,tampered,unknown,train,18b87419e24ed512,blur20
1,sid_tampered,tampered,unknown,train,18b87419e24ed512,noise01
1,sid_tampered,tampered,unknown,train,93df818960d6774a,clean
1,sid_tampered,tampered,unknown,train,93df818960d6774a,jpeg50
1,sid_tampered,tampered,unknown,train,93df818960d6774a,noise005
1,sid_tampered,tampered,unknown,train,93df818960d6774a,crop08
1,sid_tampered,tampered,unknown,train,652ccd0eb7798a1e,clean
1,sid_tampered,tampered,unknown,train,652ccd0eb7798a1e,jpeg50
1,sid_tampered,tampered,unknown,train,652ccd0eb7798a1e,blur20
1,sid_tampered,tampered,unknown,train,652ccd0eb7798a1e,crop08
1,sid_tampered,tampered,unknown,train,66e3f44818fa7fe0,clean
1,sid_tampered,tampered,unknown,train,66e3f44818fa7fe0,resize025
1,sid_tampered,tampered,unknown,train,66e3f44818fa7fe0,noise002
1,sid_tampered,tampered,unknown,train,66e3f44818fa7fe0,crop08
1,sid_tampered,tampered,unknown,train,4191929d7cc40e84,clean
1,sid_tampered,tampered,unknown,train,4191929d7cc40e84,blur10
1,sid_tampered,tampered,unknown,train,4191929d7cc40e84,resize025
1,sid_tampered,tampered,unknown,train,4191929d7cc40e84,noise002
1,sid_tampered,tampered,unknown,train,de028d3e4affa8d7,clean
1,sid_tampered,tampered,unknown,train,de028d3e4affa8d7,blur10
1,sid_tampered,tampered,unknown,train,de028d3e4affa8d7,resize025
1,sid_tampered,tampered,unknown,train,de028d3e4affa8d7,jitter02
1,sid_tampered,tampered,unknown,train,a1237832c68f68d2,clean
1,sid_tampered,tampered,unknown,train,a1237832c68f68d2,noise01
1,sid_tampered,tampered,unknown,train,a1237832c68f68d2,jitter02
1,sid_tampered,tampered,unknown,train,a1237832c68f68d2,crop08
1,sid_tampered,tampered,unknown,train,37fe1edc303c516e,clean
1,sid_tampered,tampered,unknown,train,37fe1edc303c516e,jpeg90
1,sid_tampered,tampered,unknown,train,37fe1edc303c516e,jpeg70
1,sid_tampered,tampered,unknown,train,37fe1edc303c516e,blur05
1,sid_tampered,tampered,unknown,train,23984b5ed13d8e85,clean
1,sid_tampered,tampered,unknown,train,23984b5ed13d8e85,jpeg30
1,sid_tampered,tampered,unknown,train,23984b5ed13d8e85,resize025
1,sid_tampered,tampered,unknown,train,23984b5ed13d8e85,noise005
1,sid_tampered,tampered,unknown,train,14b17b1f73c955c7,clean
1,sid_tampered,tampered,unknown,train,14b17b1f73c955c7,jpeg90
1,sid_tampered,tampered,unknown,train,14b17b1f73c955c7,jpeg70
1,sid_tampered,tampered,unknown,train,14b17b1f73c955c7,blur20
1,sid_tampered,tampered,unknown,train,9d60de9c0a419de4,clean
1,sid_tampered,tampered,unknown,train,9d60de9c0a419de4,jpeg90
1,sid_tampered,tampered,unknown,train,9d60de9c0a419de4,jpeg70
1,sid_tampered,tampered,unknown,train,9d60de9c0a419de4,blur20
1,sid_tampered,tampered,unknown,train,2cc8464c5a275e00,clean
1,sid_tampered,tampered,unknown,train,2cc8464c5a275e00,jpeg30
1,sid_tampered,tampered,unknown,train,2cc8464c5a275e00,jitter02
1,sid_tampered,tampered,unknown,train,2cc8464c5a275e00,crop08
1,sid_tampered,tampered,unknown,train,6e96a6b3959d136b,clean
1,sid_tampered,tampered,unknown,train,6e96a6b3959d136b,jpeg50
1,sid_tampered,tampered,unknown,train,6e96a6b3959d136b,resize05
1,sid_tampered,tampered,unknown,train,6e96a6b3959d136b,noise01
1,sid_tampered,tampered,unknown,train,67f12a96c7ce2cb6,clean
1,sid_tampered,tampered,unknown,train,67f12a96c7ce2cb6,jpeg30
1,sid_tampered,tampered,unknown,train,67f12a96c7ce2cb6,blur20
1,sid_tampered,tampered,unknown,train,67f12a96c7ce2cb6,noise002
1,sid_tampered,tampered,unknown,train,e53e828dc4102760,clean
1,sid_tampered,tampered,unknown,train,e53e828dc4102760,jpeg90
1,sid_tampered,tampered,unknown,train,e53e828dc4102760,blur10
1,sid_tampered,tampered,unknown,train,e53e828dc4102760,blur20
1,sid_tampered,tampered,unknown,train,ba965313a0ca4d8c,clean
1,sid_tampered,tampered,unknown,train,ba965313a0ca4d8c,blur05
1,sid_tampered,tampered,unknown,train,ba965313a0ca4d8c,resize05
1,sid_tampered,tampered,unknown,train,ba965313a0ca4d8c,crop08
1,sid_tampered,tampered,unknown,train,2e17f358b1e706ad,clean
1,sid_tampered,tampered,unknown,train,2e17f358b1e706ad,jpeg50
1,sid_tampered,tampered,unknown,train,2e17f358b1e706ad,blur05
1,sid_tampered,tampered,unknown,train,2e17f358b1e706ad,noise01
1,sid_tampered,tampered,unknown,train,9d537f1f5b581ce8,clean
1,sid_tampered,tampered,unknown,train,9d537f1f5b581ce8,jpeg70
1,sid_tampered,tampered,unknown,train,9d537f1f5b581ce8,jpeg30
1,sid_tampered,tampered,unknown,train,9d537f1f5b581ce8,blur20
1,sid_tampered,tampered,unknown,train,f804f78f122dbab3,clean
1,sid_tampered,tampered,unknown,train,f804f78f122dbab3,jpeg50
1,sid_tampered,tampered,unknown,train,f804f78f122dbab3,blur20
1,sid_tampered,tampered,unknown,train,f804f78f122dbab3,resize05
1,sid_tampered,tampered,unknown,train,b8aeecaa636aac4f,clean
1,sid_tampered,tampered,unknown,train,b8aeecaa636aac4f,jpeg90
1,sid_tampered,tampered,unknown,train,b8aeecaa636aac4f,jpeg70
1,sid_tampered,tampered,unknown,train,b8aeecaa636aac4f,resize025
1,sid_tampered,tampered,unknown,train,1c6e36fdbd7fed66,clean
1,sid_tampered,tampered,unknown,train,1c6e36fdbd7fed66,jpeg90
1,sid_tampered,tampered,unknown,train,1c6e36fdbd7fed66,blur05
1,sid_tampered,tampered,unknown,train,1c6e36fdbd7fed66,noise002
1,sid_tampered,tampered,unknown,train,2112e9bfb688af80,clean
1,sid_tampered,tampered,unknown,train,2112e9bfb688af80,jpeg50
1,sid_tampered,tampered,unknown,train,2112e9bfb688af80,blur20
1,sid_tampered,tampered,unknown,train,2112e9bfb688af80,crop08
1,sid_tampered,tampered,unknown,train,a1bf04b4f356790d,clean
1,sid_tampered,tampered,unknown,train,a1bf04b4f356790d,jpeg50
1,sid_tampered,tampered,unknown,train,a1bf04b4f356790d,blur05
1,sid_tampered,tampered,unknown,train,a1bf04b4f356790d,noise01
1,sid_tampered,tampered,unknown,train,4aa0c98a8b95d8a0,clean
1,sid_tampered,tampered,unknown,train,4aa0c98a8b95d8a0,blur10
1,sid_tampered,tampered,unknown,train,4aa0c98a8b95d8a0,noise002
1,sid_tampered,tampered,unknown,train,4aa0c98a8b95d8a0,noise005
1,sid_tampered,tampered,unknown,train,bf5014893f0c0801,clean
1,sid_tampered,tampered,unknown,train,bf5014893f0c0801,blur10
1,sid_tampered,tampered,unknown,train,bf5014893f0c0801,resize05
1,sid_tampered,tampered,unknown,train,bf5014893f0c0801,noise002
1,sid_tampered,tampered,unknown,train,ac7319ea44f0e670,clean
1,sid_tampered,tampered,unknown,train,ac7319ea44f0e670,blur05
1,sid_tampered,tampered,unknown,train,ac7319ea44f0e670,noise01
1,sid_tampered,tampered,unknown,train,ac7319ea44f0e670,jitter02
1,sid_tampered,tampered,unknown,train,1e7e3385c887b54b,clean
1,sid_tampered,tampered,unknown,train,1e7e3385c887b54b,jpeg30
1,sid_tampered,tampered,unknown,train,1e7e3385c887b54b,blur20
1,sid_tampered,tampered,unknown,train,1e7e3385c887b54b,resize05
1,sid_tampered,tampered,unknown,train,1df9359dca291978,clean
1,sid_tampered,tampered,unknown,train,1df9359dca291978,jpeg30
1,sid_tampered,tampered,unknown,train,1df9359dca291978,resize05
1,sid_tampered,tampered,unknown,train,1df9359dca291978,noise005
1,sid_tampered,tampered,unknown,train,29a1fcb4d08aeb2b,clean
1,sid_tampered,tampered,unknown,train,29a1fcb4d08aeb2b,jpeg50
1,sid_tampered,tampered,unknown,train,29a1fcb4d08aeb2b,jpeg30
1,sid_tampered,tampered,unknown,train,29a1fcb4d08aeb2b,blur05
1,sid_tampered,tampered,unknown,train,4bc6eddf4fae379d,clean
1,sid_tampered,tampered,unknown,train,4bc6eddf4fae379d,blur10
1,sid_tampered,tampered,unknown,train,4bc6eddf4fae379d,resize05
1,sid_tampered,tampered,unknown,train,4bc6eddf4fae379d,crop08
1,sid_tampered,tampered,unknown,train,28a795ea185433cc,clean
1,sid_tampered,tampered,unknown,train,28a795ea185433cc,resize025
1,sid_tampered,tampered,unknown,train,28a795ea185433cc,noise005
1,sid_tampered,tampered,unknown,train,28a795ea185433cc,noise01
1,sid_tampered,tampered,unknown,train,8b2532440b2f2352,clean
1,sid_tampered,tampered,unknown,train,8b2532440b2f2352,jpeg50
1,sid_tampered,tampered,unknown,train,8b2532440b2f2352,blur05
1,sid_tampered,tampered,unknown,train,8b2532440b2f2352,jitter02
1,sid_tampered,tampered,unknown,train,b92fb5e1f3b9d8bd,clean
1,sid_tampered,tampered,unknown,train,b92fb5e1f3b9d8bd,jpeg50
1,sid_tampered,tampered,unknown,train,b92fb5e1f3b9d8bd,blur10
1,sid_tampered,tampered,unknown,train,b92fb5e1f3b9d8bd,noise005
1,sid_tampered,tampered,unknown,train,373991d6d1b23849,clean
1,sid_tampered,tampered,unknown,train,373991d6d1b23849,jpeg70
1,sid_tampered,tampered,unknown,train,373991d6d1b23849,resize05
1,sid_tampered,tampered,unknown,train,373991d6d1b23849,noise01
1,sid_tampered,tampered,unknown,train,7d3a6cfea4f6d87e,clean
1,sid_tampered,tampered,unknown,train,7d3a6cfea4f6d87e,blur20
1,sid_tampered,tampered,unknown,train,7d3a6cfea4f6d87e,resize025
1,sid_tampered,tampered,unknown,train,7d3a6cfea4f6d87e,noise005
1,sid_tampered,tampered,unknown,train,e4aa29930a9755be,clean
1,sid_tampered,tampered,unknown,train,e4aa29930a9755be,blur20
1,sid_tampered,tampered,unknown,train,e4aa29930a9755be,resize025
1,sid_tampered,tampered,unknown,train,e4aa29930a9755be,noise005
1,sid_tampered,tampered,unknown,train,07aa822db24a06d9,clean
1,sid_tampered,tampered,unknown,train,07aa822db24a06d9,jpeg90
1,sid_tampered,tampered,unknown,train,07aa822db24a06d9,noise002
1,sid_tampered,tampered,unknown,train,07aa822db24a06d9,crop08
1,sid_tampered,tampered,unknown,train,af2ce65a651fd46f,clean
1,sid_tampered,tampered,unknown,train,af2ce65a651fd46f,jpeg30
1,sid_tampered,tampered,unknown,train,af2ce65a651fd46f,blur10
1,sid_tampered,tampered,unknown,train,af2ce65a651fd46f,crop08
1,sid_tampered,tampered,unknown,train,c77786b5f873c70c,clean
1,sid_tampered,tampered,unknown,train,c77786b5f873c70c,blur05
1,sid_tampered,tampered,unknown,train,c77786b5f873c70c,jitter02
1,sid_tampered,tampered,unknown,train,c77786b5f873c70c,crop08
1,sid_tampered,tampered,unknown,train,ae4ef74d6fac4a8d,clean
1,sid_tampered,tampered,unknown,train,ae4ef74d6fac4a8d,jpeg90
1,sid_tampered,tampered,unknown,train,ae4ef74d6fac4a8d,resize05
1,sid_tampered,tampered,unknown,train,ae4ef74d6fac4a8d,resize025
1,sid_tampered,tampered,unknown,train,9b0fdbcc4e4f86b2,clean
1,sid_tampered,tampered,unknown,train,9b0fdbcc4e4f86b2,blur05
1,sid_tampered,tampered,unknown,train,9b0fdbcc4e4f86b2,blur10
1,sid_tampered,tampered,unknown,train,9b0fdbcc4e4f86b2,jitter02
1,sid_tampered,tampered,unknown,train,8b1ca312c497342c,clean
1,sid_tampered,tampered,unknown,train,8b1ca312c497342c,jpeg50
1,sid_tampered,tampered,unknown,train,8b1ca312c497342c,resize05
1,sid_tampered,tampered,unknown,train,8b1ca312c497342c,noise002
1,sid_tampered,tampered,unknown,train,5643916e94972669,clean
1,sid_tampered,tampered,unknown,train,5643916e94972669,blur10
1,sid_tampered,tampered,unknown,train,5643916e94972669,resize05
1,sid_tampered,tampered,unknown,train,5643916e94972669,crop08
1,sid_tampered,tampered,unknown,train,8ffb9ec1457a8304,clean
1,sid_tampered,tampered,unknown,train,8ffb9ec1457a8304,blur20
1,sid_tampered,tampered,unknown,train,8ffb9ec1457a8304,noise002
1,sid_tampered,tampered,unknown,train,8ffb9ec1457a8304,noise005
1,sid_tampered,tampered,unknown,train,98136d9a1aeebbd7,clean
1,sid_tampered,tampered,unknown,train,98136d9a1aeebbd7,jpeg30
1,sid_tampered,tampered,unknown,train,98136d9a1aeebbd7,blur10
1,sid_tampered,tampered,unknown,train,98136d9a1aeebbd7,blur20
1,sid_tampered,tampered,unknown,train,ffa61a30f1e22584,clean
1,sid_tampered,tampered,unknown,train,ffa61a30f1e22584,jpeg30
1,sid_tampered,tampered,unknown,train,ffa61a30f1e22584,resize05
1,sid_tampered,tampered,unknown,train,ffa61a30f1e22584,noise005
1,sid_tampered,tampered,unknown,train,df70f54da83e1af7,clean
1,sid_tampered,tampered,unknown,train,df70f54da83e1af7,blur20
1,sid_tampered,tampered,unknown,train,df70f54da83e1af7,resize05
1,sid_tampered,tampered,unknown,train,df70f54da83e1af7,noise002
1,sid_tampered,tampered,unknown,train,23c15088c022cf59,clean
1,sid_tampered,tampered,unknown,train,23c15088c022cf59,blur05
1,sid_tampered,tampered,unknown,train,23c15088c022cf59,blur10
1,sid_tampered,tampered,unknown,train,23c15088c022cf59,blur20
1,sid_tampered,tampered,unknown,train,27454d8fd76797b1,clean
1,sid_tampered,tampered,unknown,train,27454d8fd76797b1,jpeg70
1,sid_tampered,tampered,unknown,train,27454d8fd76797b1,blur10
1,sid_tampered,tampered,unknown,train,27454d8fd76797b1,resize05
1,sid_tampered,tampered,unknown,train,d247a248d7f7e9ae,clean
1,sid_tampered,tampered,unknown,train,d247a248d7f7e9ae,blur05
1,sid_tampered,tampered,unknown,train,d247a248d7f7e9ae,noise002
1,sid_tampered,tampered,unknown,train,d247a248d7f7e9ae,noise005
1,sid_tampered,tampered,unknown,train,43462a47047784f4,clean
1,sid_tampered,tampered,unknown,train,43462a47047784f4,blur10
1,sid_tampered,tampered,unknown,train,43462a47047784f4,blur20
1,sid_tampered,tampered,unknown,train,43462a47047784f4,noise01
1,sid_tampered,tampered,unknown,train,3290ac2021aa5e94,clean
1,sid_tampered,tampered,unknown,train,3290ac2021aa5e94,jpeg50
1,sid_tampered,tampered,unknown,train,3290ac2021aa5e94,blur20
1,sid_tampered,tampered,unknown,train,3290ac2021aa5e94,crop08
1,sid_tampered,tampered,unknown,train,d2896fb16ddb109b,clean
1,sid_tampered,tampered,unknown,train,d2896fb16ddb109b,jpeg50
1,sid_tampered,tampered,unknown,train,d2896fb16ddb109b,jpeg30
1,sid_tampered,tampered,unknown,train,d2896fb16ddb109b,noise01
1,sid_tampered,tampered,unknown,train,0a22e9e96d8455a4,clean
1,sid_tampered,tampered,unknown,train,0a22e9e96d8455a4,blur05
1,sid_tampered,tampered,unknown,train,0a22e9e96d8455a4,blur20
1,sid_tampered,tampered,unknown,train,0a22e9e96d8455a4,resize05
1,sid_tampered,tampered,unknown,train,6d9f6ab159e94208,clean
1,sid_tampered,tampered,unknown,train,6d9f6ab159e94208,blur20
1,sid_tampered,tampered,unknown,train,6d9f6ab159e94208,resize05
1,sid_tampered,tampered,unknown,train,6d9f6ab159e94208,noise002
1,sid_tampered,tampered,unknown,train,cc15cfad054feddd,clean
1,sid_tampered,tampered,unknown,train,cc15cfad054feddd,jpeg30
1,sid_tampered,tampered,unknown,train,cc15cfad054feddd,noise002
1,sid_tampered,tampered,unknown,train,cc15cfad054feddd,noise01
1,sid_tampered,tampered,unknown,train,5c862b0e7e7d2079,clean
1,sid_tampered,tampered,unknown,train,5c862b0e7e7d2079,jpeg90
1,sid_tampered,tampered,unknown,train,5c862b0e7e7d2079,jpeg50
1,sid_tampered,tampered,unknown,train,5c862b0e7e7d2079,jpeg30
1,sid_tampered,tampered,unknown,train,9e3c586aca8fa39a,clean
1,sid_tampered,tampered,unknown,train,9e3c586aca8fa39a,noise002
1,sid_tampered,tampered,unknown,train,9e3c586aca8fa39a,noise005
1,sid_tampered,tampered,unknown,train,9e3c586aca8fa39a,crop08
1,sid_tampered,tampered,unknown,train,54d99ca48d5d6f34,clean
1,sid_tampered,tampered,unknown,train,54d99ca48d5d6f34,jpeg70
1,sid_tampered,tampered,unknown,train,54d99ca48d5d6f34,jpeg30
1,sid_tampered,tampered,unknown,train,54d99ca48d5d6f34,jitter02
1,sid_tampered,tampered,unknown,train,41f3355d2e572a74,clean
1,sid_tampered,tampered,unknown,train,41f3355d2e572a74,jpeg70
1,sid_tampered,tampered,unknown,train,41f3355d2e572a74,blur20
1,sid_tampered,tampered,unknown,train,41f3355d2e572a74,crop08
1,sid_tampered,tampered,unknown,train,dbb04fc49c8b8b7b,clean
1,sid_tampered,tampered,unknown,train,dbb04fc49c8b8b7b,jpeg90
1,sid_tampered,tampered,unknown,train,dbb04fc49c8b8b7b,blur05
1,sid_tampered,tampered,unknown,train,dbb04fc49c8b8b7b,noise005
1,sid_tampered,tampered,unknown,train,83a6748ee13fbfce,clean
1,sid_tampered,tampered,unknown,train,83a6748ee13fbfce,jpeg50
1,sid_tampered,tampered,unknown,train,83a6748ee13fbfce,noise005
1,sid_tampered,tampered,unknown,train,83a6748ee13fbfce,noise01
1,sid_tampered,tampered,unknown,train,f2b2fdadcbdefd48,clean
1,sid_tampered,tampered,unknown,train,f2b2fdadcbdefd48,jpeg70
1,sid_tampered,tampered,unknown,train,f2b2fdadcbdefd48,jpeg50
1,sid_tampered,tampered,unknown,train,f2b2fdadcbdefd48,blur10
1,sid_tampered,tampered,unknown,train,a6224784c14d4e29,clean
1,sid_tampered,tampered,unknown,train,a6224784c14d4e29,jpeg50
1,sid_tampered,tampered,unknown,train,a6224784c14d4e29,resize05
1,sid_tampered,tampered,unknown,train,a6224784c14d4e29,noise002
1,sid_tampered,tampered,unknown,train,1bc31f646576419c,clean
1,sid_tampered,tampered,unknown,train,1bc31f646576419c,jpeg30
1,sid_tampered,tampered,unknown,train,1bc31f646576419c,resize05
1,sid_tampered,tampered,unknown,train,1bc31f646576419c,jitter02
1,sid_tampered,tampered,unknown,train,58786dd14f0ee992,clean
1,sid_tampered,tampered,unknown,train,58786dd14f0ee992,jpeg70
1,sid_tampered,tampered,unknown,train,58786dd14f0ee992,noise005
1,sid_tampered,tampered,unknown,train,58786dd14f0ee992,jitter02
1,sid_tampered,tampered,unknown,train,3d2c363a50351ae4,clean
1,sid_tampered,tampered,unknown,train,3d2c363a50351ae4,blur20
1,sid_tampered,tampered,unknown,train,3d2c363a50351ae4,resize05
1,sid_tampered,tampered,unknown,train,3d2c363a50351ae4,noise005
1,sid_tampered,tampered,unknown,train,463bd658e5ee19e5,clean
1,sid_tampered,tampered,unknown,train,463bd658e5ee19e5,blur05
1,sid_tampered,tampered,unknown,train,463bd658e5ee19e5,blur10
1,sid_tampered,tampered,unknown,train,463bd658e5ee19e5,noise002
1,sid_tampered,tampered,unknown,train,60ab887ba59c61a7,clean
1,sid_tampered,tampered,unknown,train,60ab887ba59c61a7,noise005
1,sid_tampered,tampered,unknown,train,60ab887ba59c61a7,noise01
1,sid_tampered,tampered,unknown,train,60ab887ba59c61a7,crop08
1,sid_tampered,tampered,unknown,train,e294493a159c23b4,clean
1,sid_tampered,tampered,unknown,train,e294493a159c23b4,jpeg70
1,sid_tampered,tampered,unknown,train,e294493a159c23b4,jpeg50
1,sid_tampered,tampered,unknown,train,e294493a159c23b4,jitter02
1,sid_tampered,tampered,unknown,train,a6ed53292bb337dd,clean
1,sid_tampered,tampered,unknown,train,a6ed53292bb337dd,jpeg90
1,sid_tampered,tampered,unknown,train,a6ed53292bb337dd,blur05
1,sid_tampered,tampered,unknown,train,a6ed53292bb337dd,jitter02
1,sid_tampered,tampered,unknown,train,6ef4a99676a0a6c4,clean
1,sid_tampered,tampered,unknown,train,6ef4a99676a0a6c4,jpeg90
1,sid_tampered,tampered,unknown,train,6ef4a99676a0a6c4,blur20
1,sid_tampered,tampered,unknown,train,6ef4a99676a0a6c4,noise002
1,sid_tampered,tampered,unknown,train,4e29b3117aadcf3a,clean
1,sid_tampered,tampered,unknown,train,4e29b3117aadcf3a,jpeg50
1,sid_tampered,tampered,unknown,train,4e29b3117aadcf3a,noise002
1,sid_tampered,tampered,unknown,train,4e29b3117aadcf3a,noise005
1,sid_tampered,tampered,unknown,train,66a46fd546018cbd,clean
1,sid_tampered,tampered,unknown,train,66a46fd546018cbd,jpeg70
1,sid_tampered,tampered,unknown,train,66a46fd546018cbd,jpeg30
1,sid_tampered,tampered,unknown,train,66a46fd546018cbd,blur10
1,sid_tampered,tampered,unknown,train,595fbff84d278ba8,clean
1,sid_tampered,tampered,unknown,train,595fbff84d278ba8,jpeg90
1,sid_tampered,tampered,unknown,train,595fbff84d278ba8,jpeg30
1,sid_tampered,tampered,unknown,train,595fbff84d278ba8,blur10
1,sid_tampered,tampered,unknown,train,f83709a624d1784d,clean
1,sid_tampered,tampered,unknown,train,f83709a624d1784d,jpeg50
1,sid_tampered,tampered,unknown,train,f83709a624d1784d,resize025
1,sid_tampered,tampered,unknown,train,f83709a624d1784d,noise002
1,sid_tampered,tampered,unknown,train,d9428dd68520d5d8,clean
1,sid_tampered,tampered,unknown,train,d9428dd68520d5d8,jpeg30
1,sid_tampered,tampered,unknown,train,d9428dd68520d5d8,resize05
1,sid_tampered,tampered,unknown,train,d9428dd68520d5d8,crop08
1,sid_tampered,tampered,unknown,train,6905ff77744682a0,clean
1,sid_tampered,tampered,unknown,train,6905ff77744682a0,blur05
1,sid_tampered,tampered,unknown,train,6905ff77744682a0,resize025
1,sid_tampered,tampered,unknown,train,6905ff77744682a0,noise005
1,sid_tampered,tampered,unknown,train,bf33c67f6bdf16f4,clean
1,sid_tampered,tampered,unknown,train,bf33c67f6bdf16f4,blur10
1,sid_tampered,tampered,unknown,train,bf33c67f6bdf16f4,blur20
1,sid_tampered,tampered,unknown,train,bf33c67f6bdf16f4,noise01
1,sid_tampered,tampered,unknown,train,1e7a5e238f5bf8bc,clean
1,sid_tampered,tampered,unknown,train,1e7a5e238f5bf8bc,jpeg50
1,sid_tampered,tampered,unknown,train,1e7a5e238f5bf8bc,blur20
1,sid_tampered,tampered,unknown,train,1e7a5e238f5bf8bc,crop08
1,sid_tampered,tampered,unknown,train,845e052c64349130,clean
1,sid_tampered,tampered,unknown,train,845e052c64349130,blur10
1,sid_tampered,tampered,unknown,train,845e052c64349130,resize025
1,sid_tampered,tampered,unknown,train,845e052c64349130,jitter02
1,sid_tampered,tampered,unknown,train,83fff3ed3b2a54b2,clean
1,sid_tampered,tampered,unknown,train,83fff3ed3b2a54b2,jpeg50
1,sid_tampered,tampered,unknown,train,83fff3ed3b2a54b2,noise01
1,sid_tampered,tampered,unknown,train,83fff3ed3b2a54b2,crop08
1,sid_tampered,tampered,unknown,train,ef9b73ff366f2f49,clean
1,sid_tampered,tampered,unknown,train,ef9b73ff366f2f49,blur20
1,sid_tampered,tampered,unknown,train,ef9b73ff366f2f49,noise005
1,sid_tampered,tampered,unknown,train,ef9b73ff366f2f49,noise01
1,sid_tampered,tampered,unknown,train,5636da2e49e6e236,clean
1,sid_tampered,tampered,unknown,train,5636da2e49e6e236,jpeg70
1,sid_tampered,tampered,unknown,train,5636da2e49e6e236,blur20
1,sid_tampered,tampered,unknown,train,5636da2e49e6e236,noise01
1,sid_tampered,tampered,unknown,train,b1d302ebda6a7b8e,clean
1,sid_tampered,tampered,unknown,train,b1d302ebda6a7b8e,jpeg50
1,sid_tampered,tampered,unknown,train,b1d302ebda6a7b8e,resize05
1,sid_tampered,tampered,unknown,train,b1d302ebda6a7b8e,resize025
1,sid_tampered,tampered,unknown,train,2cf996945b398f9b,clean
1,sid_tampered,tampered,unknown,train,2cf996945b398f9b,resize05
1,sid_tampered,tampered,unknown,train,2cf996945b398f9b,resize025
1,sid_tampered,tampered,unknown,train,2cf996945b398f9b,noise005
1,sid_tampered,tampered,unknown,train,4cee866229f23a83,clean
1,sid_tampered,tampered,unknown,train,4cee866229f23a83,jpeg30
1,sid_tampered,tampered,unknown,train,4cee866229f23a83,blur05
1,sid_tampered,tampered,unknown,train,4cee866229f23a83,crop08
1,sid_tampered,tampered,unknown,train,82ab51724b8c391b,clean
1,sid_tampered,tampered,unknown,train,82ab51724b8c391b,jpeg90
1,sid_tampered,tampered,unknown,train,82ab51724b8c391b,jpeg30
1,sid_tampered,tampered,unknown,train,82ab51724b8c391b,crop08
1,sid_tampered,tampered,unknown,train,3edbdd55292788e5,clean
1,sid_tampered,tampered,unknown,train,3edbdd55292788e5,jpeg70
1,sid_tampered,tampered,unknown,train,3edbdd55292788e5,blur10
1,sid_tampered,tampered,unknown,train,3edbdd55292788e5,crop08
1,sid_tampered,tampered,unknown,train,713c33e0c92a2e95,clean
1,sid_tampered,tampered,unknown,train,713c33e0c92a2e95,jpeg70
1,sid_tampered,tampered,unknown,train,713c33e0c92a2e95,jpeg30
1,sid_tampered,tampered,unknown,train,713c33e0c92a2e95,noise002
1,sid_tampered,tampered,unknown,train,9cd772f4769042a7,clean
1,sid_tampered,tampered,unknown,train,9cd772f4769042a7,blur20
1,sid_tampered,tampered,unknown,train,9cd772f4769042a7,noise01
1,sid_tampered,tampered,unknown,train,9cd772f4769042a7,crop08
1,sid_tampered,tampered,unknown,train,e0d4280db47eb7b2,clean
1,sid_tampered,tampered,unknown,train,e0d4280db47eb7b2,jpeg90
1,sid_tampered,tampered,unknown,train,e0d4280db47eb7b2,blur10
1,sid_tampered,tampered,unknown,train,e0d4280db47eb7b2,jitter02
1,sid_tampered,tampered,unknown,train,47e9c1129060055f,clean
1,sid_tampered,tampered,unknown,train,47e9c1129060055f,jpeg90
1,sid_tampered,tampered,unknown,train,47e9c1129060055f,resize025
1,sid_tampered,tampered,unknown,train,47e9c1129060055f,jitter02
1,sid_tampered,tampered,unknown,train,7eb37069a4862599,clean
1,sid_tampered,tampered,unknown,train,7eb37069a4862599,blur05
1,sid_tampered,tampered,unknown,train,7eb37069a4862599,blur10
1,sid_tampered,tampered,unknown,train,7eb37069a4862599,jitter02
1,sid_tampered,tampered,unknown,train,165e8d7ca4be7e92,clean
1,sid_tampered,tampered,unknown,train,165e8d7ca4be7e92,jpeg90
1,sid_tampered,tampered,unknown,train,165e8d7ca4be7e92,resize025
1,sid_tampered,tampered,unknown,train,165e8d7ca4be7e92,crop08
1,sid_tampered,tampered,unknown,train,3a55c541a3a076b2,clean
1,sid_tampered,tampered,unknown,train,3a55c541a3a076b2,jpeg90
1,sid_tampered,tampered,unknown,train,3a55c541a3a076b2,jpeg50
1,sid_tampered,tampered,unknown,train,3a55c541a3a076b2,resize05
1,sid_tampered,tampered,unknown,train,c6931e14f6886b0a,clean
1,sid_tampered,tampered,unknown,train,c6931e14f6886b0a,jpeg90
1,sid_tampered,tampered,unknown,train,c6931e14f6886b0a,resize05
1,sid_tampered,tampered,unknown,train,c6931e14f6886b0a,crop08
1,sid_tampered,tampered,unknown,train,7586eea75967674c,clean
1,sid_tampered,tampered,unknown,train,7586eea75967674c,blur05
1,sid_tampered,tampered,unknown,train,7586eea75967674c,jitter02
1,sid_tampered,tampered,unknown,train,7586eea75967674c,crop08
1,sid_tampered,tampered,unknown,train,6c21b1c85eb09f55,clean
1,sid_tampered,tampered,unknown,train,6c21b1c85eb09f55,blur05
1,sid_tampered,tampered,unknown,train,6c21b1c85eb09f55,noise01
1,sid_tampered,tampered,unknown,train,6c21b1c85eb09f55,jitter02
1,sid_tampered,tampered,unknown,train,b0ec062b513a23e6,clean
1,sid_tampered,tampered,unknown,train,b0ec062b513a23e6,noise002
1,sid_tampered,tampered,unknown,train,b0ec062b513a23e6,noise005
1,sid_tampered,tampered,unknown,train,b0ec062b513a23e6,jitter02
1,sid_tampered,tampered,unknown,train,f7dd1567ce8a798c,clean
1,sid_tampered,tampered,unknown,train,f7dd1567ce8a798c,jpeg90
1,sid_tampered,tampered,unknown,train,f7dd1567ce8a798c,jpeg70
1,sid_tampered,tampered,unknown,train,f7dd1567ce8a798c,noise01
1,sid_tampered,tampered,unknown,train,1759747ca71694a1,clean
1,sid_tampered,tampered,unknown,train,1759747ca71694a1,jpeg70
1,sid_tampered,tampered,unknown,train,1759747ca71694a1,jpeg30
1,sid_tampered,tampered,unknown,train,1759747ca71694a1,crop08
1,sid_tampered,tampered,unknown,train,f87c16851255e9de,clean
1,sid_tampered,tampered,unknown,train,f87c16851255e9de,jpeg70
1,sid_tampered,tampered,unknown,train,f87c16851255e9de,blur10
1,sid_tampered,tampered,unknown,train,f87c16851255e9de,resize05
1,sid_tampered,tampered,unknown,train,4857cad2770758de,clean
1,sid_tampered,tampered,unknown,train,4857cad2770758de,jpeg90
1,sid_tampered,tampered,unknown,train,4857cad2770758de,resize05
1,sid_tampered,tampered,unknown,train,4857cad2770758de,noise01
1,sid_tampered,tampered,unknown,train,b8b8590a5fe226f7,clean
1,sid_tampered,tampered,unknown,train,b8b8590a5fe226f7,blur05
1,sid_tampered,tampered,unknown,train,b8b8590a5fe226f7,blur10
1,sid_tampered,tampered,unknown,train,b8b8590a5fe226f7,resize05
1,sid_tampered,tampered,unknown,train,e9ae18a6f6febe75,clean
1,sid_tampered,tampered,unknown,train,e9ae18a6f6febe75,resize05
1,sid_tampered,tampered,unknown,train,e9ae18a6f6febe75,noise002
1,sid_tampered,tampered,unknown,train,e9ae18a6f6febe75,noise01
1,sid_tampered,tampered,unknown,train,f8c72a3c0a831a2f,clean
1,sid_tampered,tampered,unknown,train,f8c72a3c0a831a2f,jpeg50
1,sid_tampered,tampered,unknown,train,f8c72a3c0a831a2f,blur05
1,sid_tampered,tampered,unknown,train,f8c72a3c0a831a2f,blur10
1,sid_tampered,tampered,unknown,train,504e39663ff57e20,clean
1,sid_tampered,tampered,unknown,train,504e39663ff57e20,resize025
1,sid_tampered,tampered,unknown,train,504e39663ff57e20,jitter02
1,sid_tampered,tampered,unknown,train,504e39663ff57e20,crop08
1,sid_tampered,tampered,unknown,train,18b2bf3c345cc63e,clean
1,sid_tampered,tampered,unknown,train,18b2bf3c345cc63e,blur10
1,sid_tampered,tampered,unknown,train,18b2bf3c345cc63e,noise005
1,sid_tampered,tampered,unknown,train,18b2bf3c345cc63e,noise01
1,sid_tampered,tampered,unknown,train,7e18ed6503dcd87b,clean
1,sid_tampered,tampered,unknown,train,7e18ed6503dcd87b,jpeg30
1,sid_tampered,tampered,unknown,train,7e18ed6503dcd87b,blur05
1,sid_tampered,tampered,unknown,train,7e18ed6503dcd87b,noise005
1,sid_tampered,tampered,unknown,train,0081f108c3e355f7,clean
1,sid_tampered,tampered,unknown,train,0081f108c3e355f7,jpeg30
1,sid_tampered,tampered,unknown,train,0081f108c3e355f7,noise01
1,sid_tampered,tampered,unknown,train,0081f108c3e355f7,jitter02
1,sid_tampered,tampered,unknown,train,7c2c09103c3df573,clean
1,sid_tampered,tampered,unknown,train,7c2c09103c3df573,jpeg50
1,sid_tampered,tampered,unknown,train,7c2c09103c3df573,jpeg30
1,sid_tampered,tampered,unknown,train,7c2c09103c3df573,noise005
1,sid_tampered,tampered,unknown,train,44e14fad01daba50,clean
1,sid_tampered,tampered,unknown,train,44e14fad01daba50,jpeg70
1,sid_tampered,tampered,unknown,train,44e14fad01daba50,jpeg50
1,sid_tampered,tampered,unknown,train,44e14fad01daba50,noise01
1,sid_tampered,tampered,unknown,train,a5f6d2a327127421,clean
1,sid_tampered,tampered,unknown,train,a5f6d2a327127421,blur05
1,sid_tampered,tampered,unknown,train,a5f6d2a327127421,blur10
1,sid_tampered,tampered,unknown,train,a5f6d2a327127421,jitter02
1,sid_tampered,tampered,unknown,train,6064d1361746cc90,clean
1,sid_tampered,tampered,unknown,train,6064d1361746cc90,jpeg70
1,sid_tampered,tampered,unknown,train,6064d1361746cc90,jpeg50
1,sid_tampered,tampered,unknown,train,6064d1361746cc90,resize05
1,sid_tampered,tampered,unknown,train,59bf8f1931171fb3,clean
1,sid_tampered,tampered,unknown,train,59bf8f1931171fb3,noise005
1,sid_tampered,tampered,unknown,train,59bf8f1931171fb3,noise01
1,sid_tampered,tampered,unknown,train,59bf8f1931171fb3,jitter02
1,sid_tampered,tampered,unknown,train,14910f75e449be90,clean
1,sid_tampered,tampered,unknown,train,14910f75e449be90,jpeg70
1,sid_tampered,tampered,unknown,train,14910f75e449be90,blur05
1,sid_tampered,tampered,unknown,train,14910f75e449be90,noise01
1,sid_tampered,tampered,unknown,train,94a12e695b0df485,clean
1,sid_tampered,tampered,unknown,train,94a12e695b0df485,jpeg70
1,sid_tampered,tampered,unknown,train,94a12e695b0df485,blur05
1,sid_tampered,tampered,unknown,train,94a12e695b0df485,resize05
1,sid_tampered,tampered,unknown,train,8475c1947121893d,clean
1,sid_tampered,tampered,unknown,train,8475c1947121893d,jpeg70
1,sid_tampered,tampered,unknown,train,8475c1947121893d,resize05
1,sid_tampered,tampered,unknown,train,8475c1947121893d,noise005
1,sid_tampered,tampered,unknown,train,78c4f8428547b784,clean
1,sid_tampered,tampered,unknown,train,78c4f8428547b784,jpeg50
1,sid_tampered,tampered,unknown,train,78c4f8428547b784,resize025
1,sid_tampered,tampered,unknown,train,78c4f8428547b784,crop08
1,sid_tampered,tampered,unknown,train,b311787d8abeb6bd,clean
1,sid_tampered,tampered,unknown,train,b311787d8abeb6bd,jpeg70
1,sid_tampered,tampered,unknown,train,b311787d8abeb6bd,blur10
1,sid_tampered,tampered,unknown,train,b311787d8abeb6bd,blur20
1,sid_tampered,tampered,unknown,train,ad6bb0422a1bc165,clean
1,sid_tampered,tampered,unknown,train,ad6bb0422a1bc165,resize025
1,sid_tampered,tampered,unknown,train,ad6bb0422a1bc165,noise005
1,sid_tampered,tampered,unknown,train,ad6bb0422a1bc165,noise01
1,sid_tampered,tampered,unknown,train,1be7b3f7fdbfb57b,clean
1,sid_tampered,tampered,unknown,train,1be7b3f7fdbfb57b,blur05
1,sid_tampered,tampered,unknown,train,1be7b3f7fdbfb57b,resize05
1,sid_tampered,tampered,unknown,train,1be7b3f7fdbfb57b,resize025
1,sid_tampered,tampered,unknown,train,e7c2c77bfabefedf,clean
1,sid_tampered,tampered,unknown,train,e7c2c77bfabefedf,jpeg70
1,sid_tampered,tampered,unknown,train,e7c2c77bfabefedf,blur10
1,sid_tampered,tampered,unknown,train,e7c2c77bfabefedf,jitter02
1,sid_tampered,tampered,unknown,train,61ab98e91e680eac,clean
1,sid_tampered,tampered,unknown,train,61ab98e91e680eac,jpeg50
1,sid_tampered,tampered,unknown,train,61ab98e91e680eac,blur20
1,sid_tampered,tampered,unknown,train,61ab98e91e680eac,resize05
1,sid_tampered,tampered,unknown,train,a0476dce1a2b78d9,clean
1,sid_tampered,tampered,unknown,train,a0476dce1a2b78d9,resize05
1,sid_tampered,tampered,unknown,train,a0476dce1a2b78d9,noise005
1,sid_tampered,tampered,unknown,train,a0476dce1a2b78d9,noise01
1,sid_tampered,tampered,unknown,train,c375e827b19d3fd3,clean
1,sid_tampered,tampered,unknown,train,c375e827b19d3fd3,jpeg90
1,sid_tampered,tampered,unknown,train,c375e827b19d3fd3,jpeg70
1,sid_tampered,tampered,unknown,train,c375e827b19d3fd3,blur05
1,sid_tampered,tampered,unknown,train,3d5b8d918f40a61b,clean
1,sid_tampered,tampered,unknown,train,3d5b8d918f40a61b,jpeg70
1,sid_tampered,tampered,unknown,train,3d5b8d918f40a61b,jpeg30
1,sid_tampered,tampered,unknown,train,3d5b8d918f40a61b,noise002
1,sid_tampered,tampered,unknown,train,79c008422aa4edcd,clean
1,sid_tampered,tampered,unknown,train,79c008422aa4edcd,blur10
1,sid_tampered,tampered,unknown,train,79c008422aa4edcd,resize05
1,sid_tampered,tampered,unknown,train,79c008422aa4edcd,crop08
1,sid_tampered,tampered,unknown,train,31fd3a070041fe7a,clean
1,sid_tampered,tampered,unknown,train,31fd3a070041fe7a,jpeg50
1,sid_tampered,tampered,unknown,train,31fd3a070041fe7a,noise005
1,sid_tampered,tampered,unknown,train,31fd3a070041fe7a,jitter02
1,sid_tampered,tampered,unknown,train,aa9ce04a5eaf4de5,clean
1,sid_tampered,tampered,unknown,train,aa9ce04a5eaf4de5,jpeg90
1,sid_tampered,tampered,unknown,train,aa9ce04a5eaf4de5,noise01
1,sid_tampered,tampered,unknown,train,aa9ce04a5eaf4de5,jitter02
1,sid_tampered,tampered,unknown,train,5acbba8eb59e4181,clean
1,sid_tampered,tampered,unknown,train,5acbba8eb59e4181,resize05
1,sid_tampered,tampered,unknown,train,5acbba8eb59e4181,resize025
1,sid_tampered,tampered,unknown,train,5acbba8eb59e4181,noise005
1,sid_tampered,tampered,unknown,train,60e163c4b2435740,clean
1,sid_tampered,tampered,unknown,train,60e163c4b2435740,jpeg90
1,sid_tampered,tampered,unknown,train,60e163c4b2435740,resize025
1,sid_tampered,tampered,unknown,train,60e163c4b2435740,noise01
1,sid_tampered,tampered,unknown,train,e5fb1add53ce461c,clean
1,sid_tampered,tampered,unknown,train,e5fb1add53ce461c,jpeg50
1,sid_tampered,tampered,unknown,train,e5fb1add53ce461c,jpeg30
1,sid_tampered,tampered,unknown,train,e5fb1add53ce461c,jitter02
1,sid_tampered,tampered,unknown,train,58ca6034f4e5ab75,clean
1,sid_tampered,tampered,unknown,train,58ca6034f4e5ab75,jpeg30
1,sid_tampered,tampered,unknown,train,58ca6034f4e5ab75,blur20
1,sid_tampered,tampered,unknown,train,58ca6034f4e5ab75,resize025
1,sid_tampered,tampered,unknown,train,1e86992f3dcac0e1,clean
1,sid_tampered,tampered,unknown,train,1e86992f3dcac0e1,jpeg50
1,sid_tampered,tampered,unknown,train,1e86992f3dcac0e1,noise01
1,sid_tampered,tampered,unknown,train,1e86992f3dcac0e1,jitter02
1,sid_tampered,tampered,unknown,train,bc93dd3afd492b7a,clean
1,sid_tampered,tampered,unknown,train,bc93dd3afd492b7a,jpeg70
1,sid_tampered,tampered,unknown,train,bc93dd3afd492b7a,blur05
1,sid_tampered,tampered,unknown,train,bc93dd3afd492b7a,blur20
1,sid_tampered,tampered,unknown,train,25794ce49a1a76b7,clean
1,sid_tampered,tampered,unknown,train,25794ce49a1a76b7,jpeg30
1,sid_tampered,tampered,unknown,train,25794ce49a1a76b7,noise01
1,sid_tampered,tampered,unknown,train,25794ce49a1a76b7,jitter02
1,sid_tampered,tampered,unknown,train,8ff4d3363aba1cee,clean
1,sid_tampered,tampered,unknown,train,8ff4d3363aba1cee,resize025
1,sid_tampered,tampered,unknown,train,8ff4d3363aba1cee,noise002
1,sid_tampered,tampered,unknown,train,8ff4d3363aba1cee,noise005
1,sid_tampered,tampered,unknown,train,7eae14ca0e5c0eba,clean
1,sid_tampered,tampered,unknown,train,7eae14ca0e5c0eba,blur10
1,sid_tampered,tampered,unknown,train,7eae14ca0e5c0eba,noise005
1,sid_tampered,tampered,unknown,train,7eae14ca0e5c0eba,jitter02
1,sid_tampered,tampered,unknown,train,ec378bc2cb7e7c52,clean
1,sid_tampered,tampered,unknown,train,ec378bc2cb7e7c52,blur05
1,sid_tampered,tampered,unknown,train,ec378bc2cb7e7c52,resize025
1,sid_tampered,tampered,unknown,train,ec378bc2cb7e7c52,noise005
1,sid_tampered,tampered,unknown,train,b370d68bd36507db,clean
1,sid_tampered,tampered,unknown,train,b370d68bd36507db,jpeg70
1,sid_tampered,tampered,unknown,train,b370d68bd36507db,jpeg50
1,sid_tampered,tampered,unknown,train,b370d68bd36507db,blur05
1,sid_tampered,tampered,unknown,train,621bc18cd35ae8dd,clean
1,sid_tampered,tampered,unknown,train,621bc18cd35ae8dd,jpeg70
1,sid_tampered,tampered,unknown,train,621bc18cd35ae8dd,jpeg50
1,sid_tampered,tampered,unknown,train,621bc18cd35ae8dd,blur20
1,sid_tampered,tampered,unknown,train,d39e491a4e259a28,clean
1,sid_tampered,tampered,unknown,train,d39e491a4e259a28,jpeg90
1,sid_tampered,tampered,unknown,train,d39e491a4e259a28,blur20
1,sid_tampered,tampered,unknown,train,d39e491a4e259a28,crop08
1,sid_tampered,tampered,unknown,train,40c6e3a1ff1958b6,clean
1,sid_tampered,tampered,unknown,train,40c6e3a1ff1958b6,jpeg30
1,sid_tampered,tampered,unknown,train,40c6e3a1ff1958b6,noise01
1,sid_tampered,tampered,unknown,train,40c6e3a1ff1958b6,crop08
1,sid_tampered,tampered,unknown,train,79b4707ec89721ad,clean
1,sid_tampered,tampered,unknown,train,79b4707ec89721ad,jpeg70
1,sid_tampered,tampered,unknown,train,79b4707ec89721ad,blur20
1,sid_tampered,tampered,unknown,train,79b4707ec89721ad,noise002
1,sid_tampered,tampered,unknown,train,5329088844cf53df,clean
1,sid_tampered,tampered,unknown,train,5329088844cf53df,jpeg50
1,sid_tampered,tampered,unknown,train,5329088844cf53df,resize025
1,sid_tampered,tampered,unknown,train,5329088844cf53df,noise01
1,sid_tampered,tampered,unknown,train,f8d158942da9b7e6,clean
1,sid_tampered,tampered,unknown,train,f8d158942da9b7e6,jpeg50
1,sid_tampered,tampered,unknown,train,f8d158942da9b7e6,resize05
1,sid_tampered,tampered,unknown,train,f8d158942da9b7e6,noise01
1,sid_tampered,tampered,unknown,train,a37f0914a074738c,clean
1,sid_tampered,tampered,unknown,train,a37f0914a074738c,blur10
1,sid_tampered,tampered,unknown,train,a37f0914a074738c,noise01
1,sid_tampered,tampered,unknown,train,a37f0914a074738c,crop08
1,sid_tampered,tampered,unknown,train,ec833447678c2b21,clean
1,sid_tampered,tampered,unknown,train,ec833447678c2b21,blur20
1,sid_tampered,tampered,unknown,train,ec833447678c2b21,noise005
1,sid_tampered,tampered,unknown,train,ec833447678c2b21,jitter02
1,sid_tampered,tampered,unknown,train,65cc0c39e949ef5a,clean
1,sid_tampered,tampered,unknown,train,65cc0c39e949ef5a,jpeg90
1,sid_tampered,tampered,unknown,train,65cc0c39e949ef5a,blur05
1,sid_tampered,tampered,unknown,train,65cc0c39e949ef5a,blur10
1,sid_tampered,tampered,unknown,train,45ec435490287543,clean
1,sid_tampered,tampered,unknown,train,45ec435490287543,jpeg50
1,sid_tampered,tampered,unknown,train,45ec435490287543,resize025
1,sid_tampered,tampered,unknown,train,45ec435490287543,noise01
1,sid_tampered,tampered,unknown,train,2e4b829f89736b4b,clean
1,sid_tampered,tampered,unknown,train,2e4b829f89736b4b,jpeg70
1,sid_tampered,tampered,unknown,train,2e4b829f89736b4b,blur10
1,sid_tampered,tampered,unknown,train,2e4b829f89736b4b,noise005
1,sid_tampered,tampered,unknown,train,595c0de7fd85558d,clean
1,sid_tampered,tampered,unknown,train,595c0de7fd85558d,jpeg90
1,sid_tampered,tampered,unknown,train,595c0de7fd85558d,jitter02
1,sid_tampered,tampered,unknown,train,595c0de7fd85558d,crop08
1,sid_tampered,tampered,unknown,train,96cd8071bbf0f95d,clean
1,sid_tampered,tampered,unknown,train,96cd8071bbf0f95d,jpeg90
1,sid_tampered,tampered,unknown,train,96cd8071bbf0f95d,jpeg50
1,sid_tampered,tampered,unknown,train,96cd8071bbf0f95d,blur05
1,sid_tampered,tampered,unknown,train,de155749c5d9afed,clean
1,sid_tampered,tampered,unknown,train,de155749c5d9afed,jpeg70
1,sid_tampered,tampered,unknown,train,de155749c5d9afed,jpeg50
1,sid_tampered,tampered,unknown,train,de155749c5d9afed,noise01
1,sid_tampered,tampered,unknown,train,ba329890f71be1c2,clean
1,sid_tampered,tampered,unknown,train,ba329890f71be1c2,jpeg30
1,sid_tampered,tampered,unknown,train,ba329890f71be1c2,blur05
1,sid_tampered,tampered,unknown,train,ba329890f71be1c2,crop08
1,sid_tampered,tampered,unknown,train,9476b8ca799b87c2,clean
1,sid_tampered,tampered,unknown,train,9476b8ca799b87c2,jpeg50
1,sid_tampered,tampered,unknown,train,9476b8ca799b87c2,resize05
1,sid_tampered,tampered,unknown,train,9476b8ca799b87c2,noise01
1,sid_tampered,tampered,unknown,train,4f975775ffd5468d,clean
1,sid_tampered,tampered,unknown,train,4f975775ffd5468d,jpeg50
1,sid_tampered,tampered,unknown,train,4f975775ffd5468d,blur10
1,sid_tampered,tampered,unknown,train,4f975775ffd5468d,blur20
1,sid_tampered,tampered,unknown,train,4b2a7d345790a138,clean
1,sid_tampered,tampered,unknown,train,4b2a7d345790a138,jpeg50
1,sid_tampered,tampered,unknown,train,4b2a7d345790a138,blur10
1,sid_tampered,tampered,unknown,train,4b2a7d345790a138,jitter02
1,sid_tampered,tampered,unknown,train,61527f8666baa9c4,clean
1,sid_tampered,tampered,unknown,train,61527f8666baa9c4,jpeg50
1,sid_tampered,tampered,unknown,train,61527f8666baa9c4,jpeg30
1,sid_tampered,tampered,unknown,train,61527f8666baa9c4,blur10
1,sid_tampered,tampered,unknown,train,af1aedfd16803be6,clean
1,sid_tampered,tampered,unknown,train,af1aedfd16803be6,blur10
1,sid_tampered,tampered,unknown,train,af1aedfd16803be6,resize05
1,sid_tampered,tampered,unknown,train,af1aedfd16803be6,noise002
1,sid_tampered,tampered,unknown,train,7cb8d7922da5ce70,clean
1,sid_tampered,tampered,unknown,train,7cb8d7922da5ce70,jpeg30
1,sid_tampered,tampered,unknown,train,7cb8d7922da5ce70,blur05
1,sid_tampered,tampered,unknown,train,7cb8d7922da5ce70,blur10
1,sid_tampered,tampered,unknown,train,8307b19ba3843b04,clean
1,sid_tampered,tampered,unknown,train,8307b19ba3843b04,jpeg90
1,sid_tampered,tampered,unknown,train,8307b19ba3843b04,noise002
1,sid_tampered,tampered,unknown,train,8307b19ba3843b04,noise005
1,sid_tampered,tampered,unknown,train,5811d4fe18270e83,clean
1,sid_tampered,tampered,unknown,train,5811d4fe18270e83,jpeg90
1,sid_tampered,tampered,unknown,train,5811d4fe18270e83,blur10
1,sid_tampered,tampered,unknown,train,5811d4fe18270e83,noise01
1,sid_tampered,tampered,unknown,train,c6fda07fca7cac8d,clean
1,sid_tampered,tampered,unknown,train,c6fda07fca7cac8d,resize025
1,sid_tampered,tampered,unknown,train,c6fda07fca7cac8d,jitter02
1,sid_tampered,tampered,unknown,train,c6fda07fca7cac8d,crop08
1,sid_tampered,tampered,unknown,train,26edae0d6bf86bc4,clean
1,sid_tampered,tampered,unknown,train,26edae0d6bf86bc4,blur10
1,sid_tampered,tampered,unknown,train,26edae0d6bf86bc4,jitter02
1,sid_tampered,tampered,unknown,train,26edae0d6bf86bc4,crop08
1,sid_tampered,tampered,unknown,train,5e95920257421218,clean
1,sid_tampered,tampered,unknown,train,5e95920257421218,blur10
1,sid_tampered,tampered,unknown,train,5e95920257421218,resize05
1,sid_tampered,tampered,unknown,train,5e95920257421218,noise01
1,sid_tampered,tampered,unknown,train,571008434ca8f273,clean
1,sid_tampered,tampered,unknown,train,571008434ca8f273,jpeg30
1,sid_tampered,tampered,unknown,train,571008434ca8f273,noise01
1,sid_tampered,tampered,unknown,train,571008434ca8f273,crop08
1,sid_tampered,tampered,unknown,train,c3fd3ea2aa31f3c9,clean
1,sid_tampered,tampered,unknown,train,c3fd3ea2aa31f3c9,jpeg70
1,sid_tampered,tampered,unknown,train,c3fd3ea2aa31f3c9,blur10
1,sid_tampered,tampered,unknown,train,c3fd3ea2aa31f3c9,resize05
1,sid_tampered,tampered,unknown,train,05529142ac2a8977,clean
1,sid_tampered,tampered,unknown,train,05529142ac2a8977,jpeg90
1,sid_tampered,tampered,unknown,train,05529142ac2a8977,jpeg50
1,sid_tampered,tampered,unknown,train,05529142ac2a8977,noise01
1,sid_tampered,tampered,unknown,train,c4d49cbdb389431c,clean
1,sid_tampered,tampered,unknown,train,c4d49cbdb389431c,jpeg90
1,sid_tampered,tampered,unknown,train,c4d49cbdb389431c,jpeg30
1,sid_tampered,tampered,unknown,train,c4d49cbdb389431c,blur05
1,sid_tampered,tampered,unknown,train,e5205ee9e3200a6e,clean
1,sid_tampered,tampered,unknown,train,e5205ee9e3200a6e,blur05
1,sid_tampered,tampered,unknown,train,e5205ee9e3200a6e,noise005
1,sid_tampered,tampered,unknown,train,e5205ee9e3200a6e,noise01
1,sid_tampered,tampered,unknown,train,0ae1c8577fb2be27,clean
1,sid_tampered,tampered,unknown,train,0ae1c8577fb2be27,jpeg90
1,sid_tampered,tampered,unknown,train,0ae1c8577fb2be27,jpeg50
1,sid_tampered,tampered,unknown,train,0ae1c8577fb2be27,noise01
1,sid_tampered,tampered,unknown,train,47f34c0290e76976,clean
1,sid_tampered,tampered,unknown,train,47f34c0290e76976,blur05
1,sid_tampered,tampered,unknown,train,47f34c0290e76976,noise002
1,sid_tampered,tampered,unknown,train,47f34c0290e76976,noise01
1,sid_tampered,tampered,unknown,train,65e46d689fe6aaeb,clean
1,sid_tampered,tampered,unknown,train,65e46d689fe6aaeb,jpeg70
1,sid_tampered,tampered,unknown,train,65e46d689fe6aaeb,blur20
1,sid_tampered,tampered,unknown,train,65e46d689fe6aaeb,noise005
1,sid_tampered,tampered,unknown,train,a9ec0124c3cfa2c2,clean
1,sid_tampered,tampered,unknown,train,a9ec0124c3cfa2c2,jpeg30
1,sid_tampered,tampered,unknown,train,a9ec0124c3cfa2c2,noise005
1,sid_tampered,tampered,unknown,train,a9ec0124c3cfa2c2,crop08
1,sid_tampered,tampered,unknown,train,369dc955eb29fdad,clean
1,sid_tampered,tampered,unknown,train,369dc955eb29fdad,jpeg70
1,sid_tampered,tampered,unknown,train,369dc955eb29fdad,blur10
1,sid_tampered,tampered,unknown,train,369dc955eb29fdad,noise005
1,sid_tampered,tampered,unknown,train,9147b9ee0928b0c9,clean
1,sid_tampered,tampered,unknown,train,9147b9ee0928b0c9,jpeg70
1,sid_tampered,tampered,unknown,train,9147b9ee0928b0c9,blur20
1,sid_tampered,tampered,unknown,train,9147b9ee0928b0c9,jitter02
1,sid_tampered,tampered,unknown,train,9e2e330b2116cc1e,clean
1,sid_tampered,tampered,unknown,train,9e2e330b2116cc1e,resize05
1,sid_tampered,tampered,unknown,train,9e2e330b2116cc1e,noise002
1,sid_tampered,tampered,unknown,train,9e2e330b2116cc1e,noise01
1,sid_tampered,tampered,unknown,train,fcbf3be4a09ee4dd,clean
1,sid_tampered,tampered,unknown,train,fcbf3be4a09ee4dd,jpeg90
1,sid_tampered,tampered,unknown,train,fcbf3be4a09ee4dd,blur20
1,sid_tampered,tampered,unknown,train,fcbf3be4a09ee4dd,noise005
1,sid_tampered,tampered,unknown,train,3212547bd3cc6d27,clean
1,sid_tampered,tampered,unknown,train,3212547bd3cc6d27,jpeg50
1,sid_tampered,tampered,unknown,train,3212547bd3cc6d27,blur20
1,sid_tampered,tampered,unknown,train,3212547bd3cc6d27,resize05
1,sid_tampered,tampered,unknown,train,fe38f8f79640f8b4,clean
1,sid_tampered,tampered,unknown,train,fe38f8f79640f8b4,noise002
1,sid_tampered,tampered,unknown,train,fe38f8f79640f8b4,noise005
1,sid_tampered,tampered,unknown,train,fe38f8f79640f8b4,jitter02
1,sid_tampered,tampered,unknown,train,1c43cc7c02a67cef,clean
1,sid_tampered,tampered,unknown,train,1c43cc7c02a67cef,blur20
1,sid_tampered,tampered,unknown,train,1c43cc7c02a67cef,resize05
1,sid_tampered,tampered,unknown,train,1c43cc7c02a67cef,crop08
1,sid_tampered,tampered,unknown,train,cfafd5d7329adbd1,clean
1,sid_tampered,tampered,unknown,train,cfafd5d7329adbd1,jpeg30
1,sid_tampered,tampered,unknown,train,cfafd5d7329adbd1,blur20
1,sid_tampered,tampered,unknown,train,cfafd5d7329adbd1,resize025
1,sid_tampered,tampered,unknown,train,0e90c4d6b1696dae,clean
1,sid_tampered,tampered,unknown,train,0e90c4d6b1696dae,jpeg30
1,sid_tampered,tampered,unknown,train,0e90c4d6b1696dae,blur05
1,sid_tampered,tampered,unknown,train,0e90c4d6b1696dae,blur10
1,sid_tampered,tampered,unknown,train,c6ae8b05934be583,clean
1,sid_tampered,tampered,unknown,train,c6ae8b05934be583,jpeg90
1,sid_tampered,tampered,unknown,train,c6ae8b05934be583,jpeg30
1,sid_tampered,tampered,unknown,train,c6ae8b05934be583,resize025
1,sid_tampered,tampered,unknown,train,cec1b04a36cd55c3,clean
1,sid_tampered,tampered,unknown,train,cec1b04a36cd55c3,blur05
1,sid_tampered,tampered,unknown,train,cec1b04a36cd55c3,blur10
1,sid_tampered,tampered,unknown,train,cec1b04a36cd55c3,resize05
1,sid_tampered,tampered,unknown,train,394e3471e9268aa5,clean
1,sid_tampered,tampered,unknown,train,394e3471e9268aa5,jpeg70
1,sid_tampered,tampered,unknown,train,394e3471e9268aa5,blur10
1,sid_tampered,tampered,unknown,train,394e3471e9268aa5,resize05
1,sid_tampered,tampered,unknown,train,7f656d14b4324b57,clean
1,sid_tampered,tampered,unknown,train,7f656d14b4324b57,jpeg50
1,sid_tampered,tampered,unknown,train,7f656d14b4324b57,blur10
1,sid_tampered,tampered,unknown,train,7f656d14b4324b57,noise002
1,sid_tampered,tampered,unknown,train,a12aa6abb6d8b172,clean
1,sid_tampered,tampered,unknown,train,a12aa6abb6d8b172,resize05
1,sid_tampered,tampered,unknown,train,a12aa6abb6d8b172,noise005
1,sid_tampered,tampered,unknown,train,a12aa6abb6d8b172,noise01
1,sid_tampered,tampered,unknown,train,b1f3e9845d9d77d6,clean
1,sid_tampered,tampered,unknown,train,b1f3e9845d9d77d6,noise002
1,sid_tampered,tampered,unknown,train,b1f3e9845d9d77d6,jitter02
1,sid_tampered,tampered,unknown,train,b1f3e9845d9d77d6,crop08
1,sid_tampered,tampered,unknown,train,00d2c39c4db9ca62,clean
1,sid_tampered,tampered,unknown,train,00d2c39c4db9ca62,jpeg70
1,sid_tampered,tampered,unknown,train,00d2c39c4db9ca62,jpeg30
1,sid_tampered,tampered,unknown,train,00d2c39c4db9ca62,blur20
1,sid_tampered,tampered,unknown,train,d9079c1026ae5f2f,clean
1,sid_tampered,tampered,unknown,train,d9079c1026ae5f2f,blur10
1,sid_tampered,tampered,unknown,train,d9079c1026ae5f2f,resize05
1,sid_tampered,tampered,unknown,train,d9079c1026ae5f2f,resize025
1,sid_tampered,tampered,unknown,train,b7cdbbad26955779,clean
1,sid_tampered,tampered,unknown,train,b7cdbbad26955779,jpeg30
1,sid_tampered,tampered,unknown,train,b7cdbbad26955779,resize025
1,sid_tampered,tampered,unknown,train,b7cdbbad26955779,jitter02
1,sid_tampered,tampered,unknown,train,a5f66950597f116c,clean
1,sid_tampered,tampered,unknown,train,a5f66950597f116c,jpeg30
1,sid_tampered,tampered,unknown,train,a5f66950597f116c,resize025
1,sid_tampered,tampered,unknown,train,a5f66950597f116c,jitter02
1,sid_tampered,tampered,unknown,train,429d7b42654bf63e,clean
1,sid_tampered,tampered,unknown,train,429d7b42654bf63e,resize05
1,sid_tampered,tampered,unknown,train,429d7b42654bf63e,noise005
1,sid_tampered,tampered,unknown,train,429d7b42654bf63e,jitter02
1,sid_tampered,tampered,unknown,train,f86e0ed00fc69ed0,clean
1,sid_tampered,tampered,unknown,train,f86e0ed00fc69ed0,jpeg70
1,sid_tampered,tampered,unknown,train,f86e0ed00fc69ed0,blur10
1,sid_tampered,tampered,unknown,train,f86e0ed00fc69ed0,noise005
1,sid_tampered,tampered,unknown,train,68786ba82dc28ca9,clean
1,sid_tampered,tampered,unknown,train,68786ba82dc28ca9,jpeg50
1,sid_tampered,tampered,unknown,train,68786ba82dc28ca9,blur20
1,sid_tampered,tampered,unknown,train,68786ba82dc28ca9,noise002
1,sid_tampered,tampered,unknown,train,b36e33fa203032a9,clean
1,sid_tampered,tampered,unknown,train,b36e33fa203032a9,jpeg50
1,sid_tampered,tampered,unknown,train,b36e33fa203032a9,blur10
1,sid_tampered,tampered,unknown,train,b36e33fa203032a9,resize025
1,sid_tampered,tampered,unknown,train,923535824ae99a8a,clean
1,sid_tampered,tampered,unknown,train,923535824ae99a8a,jpeg50
1,sid_tampered,tampered,unknown,train,923535824ae99a8a,jpeg30
1,sid_tampered,tampered,unknown,train,923535824ae99a8a,noise01
1,sid_tampered,tampered,unknown,train,a888f96c8fb93615,clean
1,sid_tampered,tampered,unknown,train,a888f96c8fb93615,blur05
1,sid_tampered,tampered,unknown,train,a888f96c8fb93615,resize05
1,sid_tampered,tampered,unknown,train,a888f96c8fb93615,noise002
1,sid_tampered,tampered,unknown,train,9ea0a7871400f68b,clean
1,sid_tampered,tampered,unknown,train,9ea0a7871400f68b,jpeg90
1,sid_tampered,tampered,unknown,train,9ea0a7871400f68b,blur20
1,sid_tampered,tampered,unknown,train,9ea0a7871400f68b,noise005
1,sid_tampered,tampered,unknown,train,8affebb3b15da8ec,clean
1,sid_tampered,tampered,unknown,train,8affebb3b15da8ec,jpeg30
1,sid_tampered,tampered,unknown,train,8affebb3b15da8ec,blur05
1,sid_tampered,tampered,unknown,train,8affebb3b15da8ec,noise002
1,sid_tampered,tampered,unknown,train,3f3d9ff78e110b01,clean
1,sid_tampered,tampered,unknown,train,3f3d9ff78e110b01,jpeg50
1,sid_tampered,tampered,unknown,train,3f3d9ff78e110b01,blur05
1,sid_tampered,tampered,unknown,train,3f3d9ff78e110b01,blur20
1,sid_tampered,tampered,unknown,train,523cbec042cd7034,clean
1,sid_tampered,tampered,unknown,train,523cbec042cd7034,jpeg70
1,sid_tampered,tampered,unknown,train,523cbec042cd7034,blur05
1,sid_tampered,tampered,unknown,train,523cbec042cd7034,resize05
1,sid_tampered,tampered,unknown,train,697872b95e5ac431,clean
1,sid_tampered,tampered,unknown,train,697872b95e5ac431,jpeg50
1,sid_tampered,tampered,unknown,train,697872b95e5ac431,noise002
1,sid_tampered,tampered,unknown,train,697872b95e5ac431,noise01
1,sid_tampered,tampered,unknown,train,3ad62c30c14e30c4,clean
1,sid_tampered,tampered,unknown,train,3ad62c30c14e30c4,blur10
1,sid_tampered,tampered,unknown,train,3ad62c30c14e30c4,noise005
1,sid_tampered,tampered,unknown,train,3ad62c30c14e30c4,jitter02
1,sid_tampered,tampered,unknown,train,d6d124da6cb74554,clean
1,sid_tampered,tampered,unknown,train,d6d124da6cb74554,jpeg70
1,sid_tampered,tampered,unknown,train,d6d124da6cb74554,resize05
1,sid_tampered,tampered,unknown,train,d6d124da6cb74554,jitter02
1,sid_tampered,tampered,unknown,train,45bfd5390780a445,clean
1,sid_tampered,tampered,unknown,train,45bfd5390780a445,blur05
1,sid_tampered,tampered,unknown,train,45bfd5390780a445,blur10
1,sid_tampered,tampered,unknown,train,45bfd5390780a445,crop08
1,sid_tampered,tampered,unknown,train,869bd060b3d33dfe,clean
1,sid_tampered,tampered,unknown,train,869bd060b3d33dfe,jpeg50
1,sid_tampered,tampered,unknown,train,869bd060b3d33dfe,blur10
1,sid_tampered,tampered,unknown,train,869bd060b3d33dfe,noise005
1,sid_tampered,tampered,unknown,train,02a25471bb316a9b,clean
1,sid_tampered,tampered,unknown,train,02a25471bb316a9b,jpeg50
1,sid_tampered,tampered,unknown,train,02a25471bb316a9b,jpeg30
1,sid_tampered,tampered,unknown,train,02a25471bb316a9b,jitter02
1,sid_tampered,tampered,unknown,train,8f9225ca3071f114,clean
1,sid_tampered,tampered,unknown,train,8f9225ca3071f114,jpeg90
1,sid_tampered,tampered,unknown,train,8f9225ca3071f114,noise01
1,sid_tampered,tampered,unknown,train,8f9225ca3071f114,jitter02
1,sid_tampered,tampered,unknown,train,8d0ec7ad8cf65295,clean
1,sid_tampered,tampered,unknown,train,8d0ec7ad8cf65295,blur10
1,sid_tampered,tampered,unknown,train,8d0ec7ad8cf65295,resize05
1,sid_tampered,tampered,unknown,train,8d0ec7ad8cf65295,crop08
1,sid_tampered,tampered,unknown,train,c4e3a400dd6e857d,clean
1,sid_tampered,tampered,unknown,train,c4e3a400dd6e857d,jpeg90
1,sid_tampered,tampered,unknown,train,c4e3a400dd6e857d,resize05
1,sid_tampered,tampered,unknown,train,c4e3a400dd6e857d,jitter02
1,sid_tampered,tampered,unknown,train,56b4556468727dcf,clean
1,sid_tampered,tampered,unknown,train,56b4556468727dcf,jpeg70
1,sid_tampered,tampered,unknown,train,56b4556468727dcf,noise005
1,sid_tampered,tampered,unknown,train,56b4556468727dcf,noise01
1,sid_tampered,tampered,unknown,train,a4b6acde07be8cb6,clean
1,sid_tampered,tampered,unknown,train,a4b6acde07be8cb6,blur20
1,sid_tampered,tampered,unknown,train,a4b6acde07be8cb6,resize05
1,sid_tampered,tampered,unknown,train,a4b6acde07be8cb6,noise01
1,sid_tampered,tampered,unknown,train,d69bb019dc2a09e8,clean
1,sid_tampered,tampered,unknown,train,d69bb019dc2a09e8,jpeg90
1,sid_tampered,tampered,unknown,train,d69bb019dc2a09e8,blur05
1,sid_tampered,tampered,unknown,train,d69bb019dc2a09e8,noise002
1,sid_tampered,tampered,unknown,train,82f18335110860c9,clean
1,sid_tampered,tampered,unknown,train,82f18335110860c9,jpeg90
1,sid_tampered,tampered,unknown,train,82f18335110860c9,blur05
1,sid_tampered,tampered,unknown,train,82f18335110860c9,blur10
1,sid_tampered,tampered,unknown,train,73616ad821109e19,clean
1,sid_tampered,tampered,unknown,train,73616ad821109e19,noise002
1,sid_tampered,tampered,unknown,train,73616ad821109e19,jitter02
1,sid_tampered,tampered,unknown,train,73616ad821109e19,crop08
1,sid_tampered,tampered,unknown,train,2f17ba317719ec88,clean
1,sid_tampered,tampered,unknown,train,2f17ba317719ec88,jpeg70
1,sid_tampered,tampered,unknown,train,2f17ba317719ec88,jpeg50
1,sid_tampered,tampered,unknown,train,2f17ba317719ec88,noise005
1,sid_tampered,tampered,unknown,train,595092b6c12a7306,clean
1,sid_tampered,tampered,unknown,train,595092b6c12a7306,jpeg30
1,sid_tampered,tampered,unknown,train,595092b6c12a7306,resize025
1,sid_tampered,tampered,unknown,train,595092b6c12a7306,crop08
1,sid_tampered,tampered,unknown,train,54207b6e0e79aab6,clean
1,sid_tampered,tampered,unknown,train,54207b6e0e79aab6,jpeg90
1,sid_tampered,tampered,unknown,train,54207b6e0e79aab6,jpeg70
1,sid_tampered,tampered,unknown,train,54207b6e0e79aab6,noise002
1,sid_tampered,tampered,unknown,train,efd7c111386203e9,clean
1,sid_tampered,tampered,unknown,train,efd7c111386203e9,blur05
1,sid_tampered,tampered,unknown,train,efd7c111386203e9,resize025
1,sid_tampered,tampered,unknown,train,efd7c111386203e9,noise002
1,sid_tampered,tampered,unknown,train,34f2d252b9893f98,clean
1,sid_tampered,tampered,unknown,train,34f2d252b9893f98,jpeg90
1,sid_tampered,tampered,unknown,train,34f2d252b9893f98,blur05
1,sid_tampered,tampered,unknown,train,34f2d252b9893f98,resize025
1,sid_tampered,tampered,unknown,train,e774ea97a6268c68,clean
1,sid_tampered,tampered,unknown,train,e774ea97a6268c68,blur10
1,sid_tampered,tampered,unknown,train,e774ea97a6268c68,resize05
1,sid_tampered,tampered,unknown,train,e774ea97a6268c68,jitter02
1,sid_tampered,tampered,unknown,train,3f478556aeb14e33,clean
1,sid_tampered,tampered,unknown,train,3f478556aeb14e33,jpeg90
1,sid_tampered,tampered,unknown,train,3f478556aeb14e33,noise002
1,sid_tampered,tampered,unknown,train,3f478556aeb14e33,noise005
1,sid_tampered,tampered,unknown,train,f9f19276baae1ad4,clean
1,sid_tampered,tampered,unknown,train,f9f19276baae1ad4,jpeg70
1,sid_tampered,tampered,unknown,train,f9f19276baae1ad4,jpeg30
1,sid_tampered,tampered,unknown,train,f9f19276baae1ad4,jitter02
1,sid_tampered,tampered,unknown,train,9618cf9aea7f354f,clean
1,sid_tampered,tampered,unknown,train,9618cf9aea7f354f,jpeg70
1,sid_tampered,tampered,unknown,train,9618cf9aea7f354f,jpeg50
1,sid_tampered,tampered,unknown,train,9618cf9aea7f354f,noise002
1,sid_tampered,tampered,unknown,train,96d5383caee4cefb,clean
1,sid_tampered,tampered,unknown,train,96d5383caee4cefb,jpeg90
1,sid_tampered,tampered,unknown,train,96d5383caee4cefb,resize05
1,sid_tampered,tampered,unknown,train,96d5383caee4cefb,crop08
1,sid_tampered,tampered,unknown,train,6ecce492ab03ba48,clean
1,sid_tampered,tampered,unknown,train,6ecce492ab03ba48,jpeg50
1,sid_tampered,tampered,unknown,train,6ecce492ab03ba48,blur05
1,sid_tampered,tampered,unknown,train,6ecce492ab03ba48,noise01
1,sid_tampered,tampered,unknown,train,415e85eb9d3e3aa5,clean
1,sid_tampered,tampered,unknown,train,415e85eb9d3e3aa5,jpeg90
1,sid_tampered,tampered,unknown,train,415e85eb9d3e3aa5,jpeg70
1,sid_tampered,tampered,unknown,train,415e85eb9d3e3aa5,blur10
1,sid_tampered,tampered,unknown,train,dced69e642f80f70,clean
1,sid_tampered,tampered,unknown,train,dced69e642f80f70,jpeg90
1,sid_tampered,tampered,unknown,train,dced69e642f80f70,noise01
1,sid_tampered,tampered,unknown,train,dced69e642f80f70,crop08
1,sid_tampered,tampered,unknown,train,453089162ffe1cd3,clean
1,sid_tampered,tampered,unknown,train,453089162ffe1cd3,blur10
1,sid_tampered,tampered,unknown,train,453089162ffe1cd3,blur20
1,sid_tampered,tampered,unknown,train,453089162ffe1cd3,resize05
1,sid_tampered,tampered,unknown,train,ea22d2250d231660,clean
1,sid_tampered,tampered,unknown,train,ea22d2250d231660,jpeg90
1,sid_tampered,tampered,unknown,train,ea22d2250d231660,blur05
1,sid_tampered,tampered,unknown,train,ea22d2250d231660,crop08
1,sid_tampered,tampered,unknown,train,536c7af530690df4,clean
1,sid_tampered,tampered,unknown,train,536c7af530690df4,jpeg90
1,sid_tampered,tampered,unknown,train,536c7af530690df4,resize025
1,sid_tampered,tampered,unknown,train,536c7af530690df4,noise005
1,sid_tampered,tampered,unknown,train,5546dad7d9fce1b8,clean
1,sid_tampered,tampered,unknown,train,5546dad7d9fce1b8,blur05
1,sid_tampered,tampered,unknown,train,5546dad7d9fce1b8,blur20
1,sid_tampered,tampered,unknown,train,5546dad7d9fce1b8,jitter02
1,sid_tampered,tampered,unknown,train,0e1c1ad0b1b90866,clean
1,sid_tampered,tampered,unknown,train,0e1c1ad0b1b90866,resize05
1,sid_tampered,tampered,unknown,train,0e1c1ad0b1b90866,resize025
1,sid_tampered,tampered,unknown,train,0e1c1ad0b1b90866,crop08
1,sid_tampered,tampered,unknown,train,e7e47ff9d37f47b2,clean
1,sid_tampered,tampered,unknown,train,e7e47ff9d37f47b2,blur10
1,sid_tampered,tampered,unknown,train,e7e47ff9d37f47b2,noise005
1,sid_tampered,tampered,unknown,train,e7e47ff9d37f47b2,crop08
1,sid_tampered,tampered,unknown,train,9e161cfd5f9c5599,clean
1,sid_tampered,tampered,unknown,train,9e161cfd5f9c5599,blur10
1,sid_tampered,tampered,unknown,train,9e161cfd5f9c5599,resize05
1,sid_tampered,tampered,unknown,train,9e161cfd5f9c5599,jitter02
1,sid_tampered,tampered,unknown,train,3d572e0d31d112c6,clean
1,sid_tampered,tampered,unknown,train,3d572e0d31d112c6,resize025
1,sid_tampered,tampered,unknown,train,3d572e0d31d112c6,noise005
1,sid_tampered,tampered,unknown,train,3d572e0d31d112c6,crop08
1,sid_tampered,tampered,unknown,train,3c0d40252a308fde,clean
1,sid_tampered,tampered,unknown,train,3c0d40252a308fde,jpeg30
1,sid_tampered,tampered,unknown,train,3c0d40252a308fde,blur20
1,sid_tampered,tampered,unknown,train,3c0d40252a308fde,noise002
1,sid_tampered,tampered,unknown,train,d57ce571dac1c88b,clean
1,sid_tampered,tampered,unknown,train,d57ce571dac1c88b,jpeg70
1,sid_tampered,tampered,unknown,train,d57ce571dac1c88b,jpeg30
1,sid_tampered,tampered,unknown,train,d57ce571dac1c88b,resize05
1,sid_tampered,tampered,unknown,train,b8f42c326adce153,clean
1,sid_tampered,tampered,unknown,train,b8f42c326adce153,jpeg50
1,sid_tampered,tampered,unknown,train,b8f42c326adce153,blur05
1,sid_tampered,tampered,unknown,train,b8f42c326adce153,noise005
1,sid_tampered,tampered,unknown,train,021e21b6c7e1a2ed,clean
1,sid_tampered,tampered,unknown,train,021e21b6c7e1a2ed,jpeg90
1,sid_tampered,tampered,unknown,train,021e21b6c7e1a2ed,jpeg50
1,sid_tampered,tampered,unknown,train,021e21b6c7e1a2ed,blur20
1,sid_tampered,tampered,unknown,train,687b63661c724bb4,clean
1,sid_tampered,tampered,unknown,train,687b63661c724bb4,jpeg30
1,sid_tampered,tampered,unknown,train,687b63661c724bb4,blur05
1,sid_tampered,tampered,unknown,train,687b63661c724bb4,jitter02
1,sid_tampered,tampered,unknown,train,d0ba5fb01bb41a0f,clean
1,sid_tampered,tampered,unknown,train,d0ba5fb01bb41a0f,blur10
1,sid_tampered,tampered,unknown,train,d0ba5fb01bb41a0f,blur20
1,sid_tampered,tampered,unknown,train,d0ba5fb01bb41a0f,resize025
1,sid_tampered,tampered,unknown,train,2a9897b769306276,clean
1,sid_tampered,tampered,unknown,train,2a9897b769306276,jpeg50
1,sid_tampered,tampered,unknown,train,2a9897b769306276,blur10
1,sid_tampered,tampered,unknown,train,2a9897b769306276,jitter02
1,sid_tampered,tampered,unknown,train,c3c347b340d2d61e,clean
1,sid_tampered,tampered,unknown,train,c3c347b340d2d61e,jpeg70
1,sid_tampered,tampered,unknown,train,c3c347b340d2d61e,resize05
1,sid_tampered,tampered,unknown,train,c3c347b340d2d61e,noise01
1,sid_tampered,tampered,unknown,train,30e9f40a05b66406,clean
1,sid_tampered,tampered,unknown,train,30e9f40a05b66406,resize025
1,sid_tampered,tampered,unknown,train,30e9f40a05b66406,noise01
1,sid_tampered,tampered,unknown,train,30e9f40a05b66406,jitter02
1,sid_tampered,tampered,unknown,train,9430785a8b1e004c,clean
1,sid_tampered,tampered,unknown,train,9430785a8b1e004c,blur05
1,sid_tampered,tampered,unknown,train,9430785a8b1e004c,blur20
1,sid_tampered,tampered,unknown,train,9430785a8b1e004c,noise005
1,sid_tampered,tampered,unknown,train,5b46e06d9ef3a95b,clean
1,sid_tampered,tampered,unknown,train,5b46e06d9ef3a95b,blur05
1,sid_tampered,tampered,unknown,train,5b46e06d9ef3a95b,blur10
1,sid_tampered,tampered,unknown,train,5b46e06d9ef3a95b,noise005
1,sid_tampered,tampered,unknown,train,f444d5afcbf08cc6,clean
1,sid_tampered,tampered,unknown,train,f444d5afcbf08cc6,blur05
1,sid_tampered,tampered,unknown,train,f444d5afcbf08cc6,blur20
1,sid_tampered,tampered,unknown,train,f444d5afcbf08cc6,resize05
1,sid_tampered,tampered,unknown,train,6564c04b213eec4a,clean
1,sid_tampered,tampered,unknown,train,6564c04b213eec4a,jpeg90
1,sid_tampered,tampered,unknown,train,6564c04b213eec4a,resize025
1,sid_tampered,tampered,unknown,train,6564c04b213eec4a,noise005
1,sid_tampered,tampered,unknown,train,b89b690e916c49b8,clean
1,sid_tampered,tampered,unknown,train,b89b690e916c49b8,jpeg90
1,sid_tampered,tampered,unknown,train,b89b690e916c49b8,jpeg30
1,sid_tampered,tampered,unknown,train,b89b690e916c49b8,blur10
1,sid_tampered,tampered,unknown,train,7a24bc1f6c903f3b,clean
1,sid_tampered,tampered,unknown,train,7a24bc1f6c903f3b,jpeg90
1,sid_tampered,tampered,unknown,train,7a24bc1f6c903f3b,noise01
1,sid_tampered,tampered,unknown,train,7a24bc1f6c903f3b,jitter02
1,sid_tampered,tampered,unknown,train,dc26b171457c6b01,clean
1,sid_tampered,tampered,unknown,train,dc26b171457c6b01,jpeg50
1,sid_tampered,tampered,unknown,train,dc26b171457c6b01,jpeg30
1,sid_tampered,tampered,unknown,train,dc26b171457c6b01,blur20
1,sid_tampered,tampered,unknown,train,c156c4ebef4082a5,clean
1,sid_tampered,tampered,unknown,train,c156c4ebef4082a5,blur10
1,sid_tampered,tampered,unknown,train,c156c4ebef4082a5,blur20
1,sid_tampered,tampered,unknown,train,c156c4ebef4082a5,crop08
1,sid_tampered,tampered,unknown,train,af7ecc2e18c92d1e,clean
1,sid_tampered,tampered,unknown,train,af7ecc2e18c92d1e,blur05
1,sid_tampered,tampered,unknown,train,af7ecc2e18c92d1e,blur20
1,sid_tampered,tampered,unknown,train,af7ecc2e18c92d1e,noise005
1,sid_tampered,tampered,unknown,train,e49d803d27f5072b,clean
1,sid_tampered,tampered,unknown,train,e49d803d27f5072b,jpeg70
1,sid_tampered,tampered,unknown,train,e49d803d27f5072b,jpeg50
1,sid_tampered,tampered,unknown,train,e49d803d27f5072b,crop08
1,sid_tampered,tampered,unknown,train,951a22fa30a3797f,clean
1,sid_tampered,tampered,unknown,train,951a22fa30a3797f,jpeg70
1,sid_tampered,tampered,unknown,train,951a22fa30a3797f,blur10
1,sid_tampered,tampered,unknown,train,951a22fa30a3797f,noise005
1,sid_tampered,tampered,unknown,train,3abd24a6370b68fa,clean
1,sid_tampered,tampered,unknown,train,3abd24a6370b68fa,jpeg90
1,sid_tampered,tampered,unknown,train,3abd24a6370b68fa,jpeg50
1,sid_tampered,tampered,unknown,train,3abd24a6370b68fa,jpeg30
1,sid_tampered,tampered,unknown,train,d3a285a36d58d780,clean
1,sid_tampered,tampered,unknown,train,d3a285a36d58d780,jpeg30
1,sid_tampered,tampered,unknown,train,d3a285a36d58d780,noise01
1,sid_tampered,tampered,unknown,train,d3a285a36d58d780,jitter02
1,sid_tampered,tampered,unknown,train,4cf1aece770e811c,clean
1,sid_tampered,tampered,unknown,train,4cf1aece770e811c,blur20
1,sid_tampered,tampered,unknown,train,4cf1aece770e811c,jitter02
1,sid_tampered,tampered,unknown,train,4cf1aece770e811c,crop08
1,sid_tampered,tampered,unknown,train,db51e7eee85f9da8,clean
1,sid_tampered,tampered,unknown,train,db51e7eee85f9da8,jpeg50
1,sid_tampered,tampered,unknown,train,db51e7eee85f9da8,noise01
1,sid_tampered,tampered,unknown,train,db51e7eee85f9da8,crop08
1,sid_tampered,tampered,unknown,train,443007d94b11750a,clean
1,sid_tampered,tampered,unknown,train,443007d94b11750a,jpeg90
1,sid_tampered,tampered,unknown,train,443007d94b11750a,resize025
1,sid_tampered,tampered,unknown,train,443007d94b11750a,noise01
1,sid_tampered,tampered,unknown,train,2b0043b465a1ecf6,clean
1,sid_tampered,tampered,unknown,train,2b0043b465a1ecf6,blur05
1,sid_tampered,tampered,unknown,train,2b0043b465a1ecf6,blur10
1,sid_tampered,tampered,unknown,train,2b0043b465a1ecf6,resize025
1,sid_tampered,tampered,unknown,train,32edbd973efba906,clean
1,sid_tampered,tampered,unknown,train,32edbd973efba906,blur10
1,sid_tampered,tampered,unknown,train,32edbd973efba906,blur20
1,sid_tampered,tampered,unknown,train,32edbd973efba906,crop08
1,sid_tampered,tampered,unknown,train,afc2cd487b5ecf82,clean
1,sid_tampered,tampered,unknown,train,afc2cd487b5ecf82,jpeg70
1,sid_tampered,tampered,unknown,train,afc2cd487b5ecf82,blur05
1,sid_tampered,tampered,unknown,train,afc2cd487b5ecf82,resize025
1,sid_tampered,tampered,unknown,train,195c382763edce1b,clean
1,sid_tampered,tampered,unknown,train,195c382763edce1b,jpeg70
1,sid_tampered,tampered,unknown,train,195c382763edce1b,noise002
1,sid_tampered,tampered,unknown,train,195c382763edce1b,noise005
1,sid_tampered,tampered,unknown,train,96cd8071bbf0f95d,clean
1,sid_tampered,tampered,unknown,train,96cd8071bbf0f95d,jpeg90
1,sid_tampered,tampered,unknown,train,96cd8071bbf0f95d,jpeg50
1,sid_tampered,tampered,unknown,train,96cd8071bbf0f95d,blur05
1,sid_tampered,tampered,unknown,train,6f61816510d9388a,clean
1,sid_tampered,tampered,unknown,train,6f61816510d9388a,jpeg90
1,sid_tampered,tampered,unknown,train,6f61816510d9388a,blur10
1,sid_tampered,tampered,unknown,train,6f61816510d9388a,blur20
1,sid_tampered,tampered,unknown,train,ed712c89cca549df,clean
1,sid_tampered,tampered,unknown,train,ed712c89cca549df,jpeg50
1,sid_tampered,tampered,unknown,train,ed712c89cca549df,blur05
1,sid_tampered,tampered,unknown,train,ed712c89cca549df,jitter02
1,sid_tampered,tampered,unknown,train,87fe9818bd141fac,clean
1,sid_tampered,tampered,unknown,train,87fe9818bd141fac,jpeg90
1,sid_tampered,tampered,unknown,train,87fe9818bd141fac,noise01
1,sid_tampered,tampered,unknown,train,87fe9818bd141fac,jitter02
1,sid_tampered,tampered,unknown,train,fad9bf4ac97061d5,clean
1,sid_tampered,tampered,unknown,train,fad9bf4ac97061d5,blur05
1,sid_tampered,tampered,unknown,train,fad9bf4ac97061d5,resize025
1,sid_tampered,tampered,unknown,train,fad9bf4ac97061d5,jitter02
1,sid_tampered,tampered,unknown,train,1ed4bde4be4b0fe6,clean
1,sid_tampered,tampered,unknown,train,1ed4bde4be4b0fe6,resize025
1,sid_tampered,tampered,unknown,train,1ed4bde4be4b0fe6,noise01
1,sid_tampered,tampered,unknown,train,1ed4bde4be4b0fe6,jitter02
1,sid_tampered,tampered,unknown,train,920ed2234f2a140a,clean
1,sid_tampered,tampered,unknown,train,920ed2234f2a140a,jpeg30
1,sid_tampered,tampered,unknown,train,920ed2234f2a140a,resize05
1,sid_tampered,tampered,unknown,train,920ed2234f2a140a,resize025
1,sid_tampered,tampered,unknown,train,5fe06d94cc56a7b3,clean
1,sid_tampered,tampered,unknown,train,5fe06d94cc56a7b3,jpeg90
1,sid_tampered,tampered,unknown,train,5fe06d94cc56a7b3,blur05
1,sid_tampered,tampered,unknown,train,5fe06d94cc56a7b3,noise002
1,sid_tampered,tampered,unknown,train,2175bbcb8b058b2f,clean
1,sid_tampered,tampered,unknown,train,2175bbcb8b058b2f,resize05
1,sid_tampered,tampered,unknown,train,2175bbcb8b058b2f,resize025
1,sid_tampered,tampered,unknown,train,2175bbcb8b058b2f,noise01
1,sid_tampered,tampered,unknown,train,27290efb0cfcfeaf,clean
1,sid_tampered,tampered,unknown,train,27290efb0cfcfeaf,blur05
1,sid_tampered,tampered,unknown,train,27290efb0cfcfeaf,noise005
1,sid_tampered,tampered,unknown,train,27290efb0cfcfeaf,crop08
1,sid_tampered,tampered,unknown,train,cd89cabcf4bd4546,clean
1,sid_tampered,tampered,unknown,train,cd89cabcf4bd4546,jpeg90
1,sid_tampered,tampered,unknown,train,cd89cabcf4bd4546,jpeg30
1,sid_tampered,tampered,unknown,train,cd89cabcf4bd4546,resize05
1,sid_tampered,tampered,unknown,train,3146886169a5cd56,clean
1,sid_tampered,tampered,unknown,train,3146886169a5cd56,resize05
1,sid_tampered,tampered,unknown,train,3146886169a5cd56,noise002
1,sid_tampered,tampered,unknown,train,3146886169a5cd56,noise01
1,sid_tampered,tampered,unknown,train,5ec10ef916902301,clean
1,sid_tampered,tampered,unknown,train,5ec10ef916902301,jpeg30
1,sid_tampered,tampered,unknown,train,5ec10ef916902301,blur10
1,sid_tampered,tampered,unknown,train,5ec10ef916902301,blur20
1,sid_tampered,tampered,unknown,train,40a21a215b0b02f7,clean
1,sid_tampered,tampered,unknown,train,40a21a215b0b02f7,jpeg70
1,sid_tampered,tampered,unknown,train,40a21a215b0b02f7,blur10
1,sid_tampered,tampered,unknown,train,40a21a215b0b02f7,noise01
1,sid_tampered,tampered,unknown,train,160f9db25263bafe,clean
1,sid_tampered,tampered,unknown,train,160f9db25263bafe,jpeg90
1,sid_tampered,tampered,unknown,train,160f9db25263bafe,jpeg30
1,sid_tampered,tampered,unknown,train,160f9db25263bafe,blur20
1,sid_tampered,tampered,unknown,train,df2e35188d87c123,clean
1,sid_tampered,tampered,unknown,train,df2e35188d87c123,blur20
1,sid_tampered,tampered,unknown,train,df2e35188d87c123,noise005
1,sid_tampered,tampered,unknown,train,df2e35188d87c123,noise01
1,sid_tampered,tampered,unknown,train,b2ce0f8e1f850475,clean
1,sid_tampered,tampered,unknown,train,b2ce0f8e1f850475,jpeg90
1,sid_tampered,tampered,unknown,train,b2ce0f8e1f850475,blur20
1,sid_tampered,tampered,unknown,train,b2ce0f8e1f850475,jitter02
1,sid_tampered,tampered,unknown,train,bd6761f62f529c36,clean
1,sid_tampered,tampered,unknown,train,bd6761f62f529c36,jpeg70
1,sid_tampered,tampered,unknown,train,bd6761f62f529c36,jpeg50
1,sid_tampered,tampered,unknown,train,bd6761f62f529c36,jpeg30
1,sid_tampered,tampered,unknown,train,cd57810e47424ccc,clean
1,sid_tampered,tampered,unknown,train,cd57810e47424ccc,blur20
1,sid_tampered,tampered,unknown,train,cd57810e47424ccc,resize025
1,sid_tampered,tampered,unknown,train,cd57810e47424ccc,noise005
1,sid_tampered,tampered,unknown,train,ff060a99ce55dc65,clean
1,sid_tampered,tampered,unknown,train,ff060a99ce55dc65,jpeg90
1,sid_tampered,tampered,unknown,train,ff060a99ce55dc65,jpeg30
1,sid_tampered,tampered,unknown,train,ff060a99ce55dc65,crop08
1,sid_tampered,tampered,unknown,train,287837c69cfee17d,clean
1,sid_tampered,tampered,unknown,train,287837c69cfee17d,jpeg30
1,sid_tampered,tampered,unknown,train,287837c69cfee17d,resize025
1,sid_tampered,tampered,unknown,train,287837c69cfee17d,noise005
1,sid_tampered,tampered,unknown,train,c998d25313383762,clean
1,sid_tampered,tampered,unknown,train,c998d25313383762,resize05
1,sid_tampered,tampered,unknown,train,c998d25313383762,noise01
1,sid_tampered,tampered,unknown,train,c998d25313383762,jitter02
1,sid_tampered,tampered,unknown,train,5abcbbf66c9e53c0,clean
1,sid_tampered,tampered,unknown,train,5abcbbf66c9e53c0,jpeg70
1,sid_tampered,tampered,unknown,train,5abcbbf66c9e53c0,noise005
1,sid_tampered,tampered,unknown,train,5abcbbf66c9e53c0,crop08
1,sid_tampered,tampered,unknown,train,51c3af79a3843a9f,clean
1,sid_tampered,tampered,unknown,train,51c3af79a3843a9f,jpeg90
1,sid_tampered,tampered,unknown,train,51c3af79a3843a9f,blur20
1,sid_tampered,tampered,unknown,train,51c3af79a3843a9f,noise002
1,sid_tampered,tampered,unknown,train,0c21030ef6104f5f,clean
1,sid_tampered,tampered,unknown,train,0c21030ef6104f5f,jpeg30
1,sid_tampered,tampered,unknown,train,0c21030ef6104f5f,noise01
1,sid_tampered,tampered,unknown,train,0c21030ef6104f5f,crop08
1,sid_tampered,tampered,unknown,train,4a229daf616b5278,clean
1,sid_tampered,tampered,unknown,train,4a229daf616b5278,resize05
1,sid_tampered,tampered,unknown,train,4a229daf616b5278,noise002
1,sid_tampered,tampered,unknown,train,4a229daf616b5278,noise005
1,sid_tampered,tampered,unknown,train,772d5afde24f083e,clean
1,sid_tampered,tampered,unknown,train,772d5afde24f083e,jpeg30
1,sid_tampered,tampered,unknown,train,772d5afde24f083e,resize05
1,sid_tampered,tampered,unknown,train,772d5afde24f083e,jitter02
1,sid_tampered,tampered,unknown,train,77e6ccb2a7dcbac0,clean
1,sid_tampered,tampered,unknown,train,77e6ccb2a7dcbac0,jpeg50
1,sid_tampered,tampered,unknown,train,77e6ccb2a7dcbac0,blur05
1,sid_tampered,tampered,unknown,train,77e6ccb2a7dcbac0,resize025
1,sid_tampered,tampered,unknown,train,f51fd5e5a5d8ffca,clean
1,sid_tampered,tampered,unknown,train,f51fd5e5a5d8ffca,blur05
1,sid_tampered,tampered,unknown,train,f51fd5e5a5d8ffca,noise01
1,sid_tampered,tampered,unknown,train,f51fd5e5a5d8ffca,crop08
1,sid_tampered,tampered,unknown,train,5205fbdcf5c79b37,clean
1,sid_tampered,tampered,unknown,train,5205fbdcf5c79b37,blur05
1,sid_tampered,tampered,unknown,train,5205fbdcf5c79b37,resize05
1,sid_tampered,tampered,unknown,train,5205fbdcf5c79b37,crop08
1,sid_tampered,tampered,unknown,train,3b3c7e59d7d0771c,clean
1,sid_tampered,tampered,unknown,train,3b3c7e59d7d0771c,jpeg50
1,sid_tampered,tampered,unknown,train,3b3c7e59d7d0771c,blur20
1,sid_tampered,tampered,unknown,train,3b3c7e59d7d0771c,resize05
1,sid_tampered,tampered,unknown,train,f05fef1d181f65cf,clean
1,sid_tampered,tampered,unknown,train,f05fef1d181f65cf,blur05
1,sid_tampered,tampered,unknown,train,f05fef1d181f65cf,blur20
1,sid_tampered,tampered,unknown,train,f05fef1d181f65cf,resize025
1,sid_tampered,tampered,unknown,train,32f1d9b627cdd7c0,clean
1,sid_tampered,tampered,unknown,train,32f1d9b627cdd7c0,blur05
1,sid_tampered,tampered,unknown,train,32f1d9b627cdd7c0,blur20
1,sid_tampered,tampered,unknown,train,32f1d9b627cdd7c0,jitter02
1,sid_tampered,tampered,unknown,train,718abaf8f673c89c,clean
1,sid_tampered,tampered,unknown,train,718abaf8f673c89c,jpeg70
1,sid_tampered,tampered,unknown,train,718abaf8f673c89c,jpeg50
1,sid_tampered,tampered,unknown,train,718abaf8f673c89c,blur10
1,sid_tampered,tampered,unknown,train,344b5d747f3f0cdf,clean
1,sid_tampered,tampered,unknown,train,344b5d747f3f0cdf,blur10
1,sid_tampered,tampered,unknown,train,344b5d747f3f0cdf,noise002
1,sid_tampered,tampered,unknown,train,344b5d747f3f0cdf,crop08
1,sid_tampered,tampered,unknown,train,77b9b9c4b5a846e9,clean
1,sid_tampered,tampered,unknown,train,77b9b9c4b5a846e9,blur05
1,sid_tampered,tampered,unknown,train,77b9b9c4b5a846e9,resize05
1,sid_tampered,tampered,unknown,train,77b9b9c4b5a846e9,noise002
1,sid_tampered,tampered,unknown,train,b9e9eb15f47b77f5,clean
1,sid_tampered,tampered,unknown,train,b9e9eb15f47b77f5,blur05
1,sid_tampered,tampered,unknown,train,b9e9eb15f47b77f5,noise01
1,sid_tampered,tampered,unknown,train,b9e9eb15f47b77f5,crop08
1,sid_tampered,tampered,unknown,train,b4870f0b1b288576,clean
1,sid_tampered,tampered,unknown,train,b4870f0b1b288576,blur10
1,sid_tampered,tampered,unknown,train,b4870f0b1b288576,resize05
1,sid_tampered,tampered,unknown,train,b4870f0b1b288576,noise005
1,sid_tampered,tampered,unknown,train,597fa94557cea607,clean
1,sid_tampered,tampered,unknown,train,597fa94557cea607,jpeg30
1,sid_tampered,tampered,unknown,train,597fa94557cea607,blur05
1,sid_tampered,tampered,unknown,train,597fa94557cea607,resize05
1,sid_tampered,tampered,unknown,train,607f5581047db5cd,clean
1,sid_tampered,tampered,unknown,train,607f5581047db5cd,resize05
1,sid_tampered,tampered,unknown,train,607f5581047db5cd,noise005
1,sid_tampered,tampered,unknown,train,607f5581047db5cd,noise01
1,sid_tampered,tampered,unknown,train,4d5b5d5e9df483fb,clean
1,sid_tampered,tampered,unknown,train,4d5b5d5e9df483fb,blur20
1,sid_tampered,tampered,unknown,train,4d5b5d5e9df483fb,noise005
1,sid_tampered,tampered,unknown,train,4d5b5d5e9df483fb,noise01
1,sid_tampered,tampered,unknown,train,4eed42f9a33e4b0d,clean
1,sid_tampered,tampered,unknown,train,4eed42f9a33e4b0d,jpeg90
1,sid_tampered,tampered,unknown,train,4eed42f9a33e4b0d,jpeg70
1,sid_tampered,tampered,unknown,train,4eed42f9a33e4b0d,blur05
1,sid_tampered,tampered,unknown,train,6de6325ce3b4fde7,clean
1,sid_tampered,tampered,unknown,train,6de6325ce3b4fde7,jpeg90
1,sid_tampered,tampered,unknown,train,6de6325ce3b4fde7,jpeg70
1,sid_tampered,tampered,unknown,train,6de6325ce3b4fde7,noise005
1,sid_tampered,tampered,unknown,train,c42f934fc3044e47,clean
1,sid_tampered,tampered,unknown,train,c42f934fc3044e47,jpeg90
1,sid_tampered,tampered,unknown,train,c42f934fc3044e47,jpeg70
1,sid_tampered,tampered,unknown,train,c42f934fc3044e47,jpeg50
1,sid_tampered,tampered,unknown,train,5c81ff34eff61cdf,clean
1,sid_tampered,tampered,unknown,train,5c81ff34eff61cdf,blur05
1,sid_tampered,tampered,unknown,train,5c81ff34eff61cdf,resize05
1,sid_tampered,tampered,unknown,train,5c81ff34eff61cdf,jitter02
1,sid_tampered,tampered,unknown,train,39be4bd9d1ea0a64,clean
1,sid_tampered,tampered,unknown,train,39be4bd9d1ea0a64,jpeg90
1,sid_tampered,tampered,unknown,train,39be4bd9d1ea0a64,blur10
1,sid_tampered,tampered,unknown,train,39be4bd9d1ea0a64,resize025
1,sid_tampered,tampered,unknown,train,7ac64b1420a3aaa7,clean
1,sid_tampered,tampered,unknown,train,7ac64b1420a3aaa7,jpeg30
1,sid_tampered,tampered,unknown,train,7ac64b1420a3aaa7,blur10
1,sid_tampered,tampered,unknown,train,7ac64b1420a3aaa7,resize05
1,sid_tampered,tampered,unknown,train,63d3d67737909647,clean
1,sid_tampered,tampered,unknown,train,63d3d67737909647,jpeg50
1,sid_tampered,tampered,unknown,train,63d3d67737909647,blur10
1,sid_tampered,tampered,unknown,train,63d3d67737909647,resize05
1,sid_tampered,tampered,unknown,train,5f9ca94a78167957,clean
1,sid_tampered,tampered,unknown,train,5f9ca94a78167957,jpeg90
1,sid_tampered,tampered,unknown,train,5f9ca94a78167957,jpeg50
1,sid_tampered,tampered,unknown,train,5f9ca94a78167957,blur05
1,sid_tampered,tampered,unknown,train,715ea5cbf37c6d7a,clean
1,sid_tampered,tampered,unknown,train,715ea5cbf37c6d7a,jpeg70
1,sid_tampered,tampered,unknown,train,715ea5cbf37c6d7a,blur20
1,sid_tampered,tampered,unknown,train,715ea5cbf37c6d7a,jitter02
1,sid_tampered,tampered,unknown,train,7d30d8f34901ec66,clean
1,sid_tampered,tampered,unknown,train,7d30d8f34901ec66,blur20
1,sid_tampered,tampered,unknown,train,7d30d8f34901ec66,noise002
1,sid_tampered,tampered,unknown,train,7d30d8f34901ec66,noise01
1,sid_tampered,tampered,unknown,train,3c5b99b8e2a71065,clean
1,sid_tampered,tampered,unknown,train,3c5b99b8e2a71065,blur05
1,sid_tampered,tampered,unknown,train,3c5b99b8e2a71065,blur20
1,sid_tampered,tampered,unknown,train,3c5b99b8e2a71065,noise005
1,sid_tampered,tampered,unknown,train,2fc811ff5cd58638,clean
1,sid_tampered,tampered,unknown,train,2fc811ff5cd58638,jpeg50
1,sid_tampered,tampered,unknown,train,2fc811ff5cd58638,resize05
1,sid_tampered,tampered,unknown,train,2fc811ff5cd58638,noise01
1,sid_tampered,tampered,unknown,train,af500ae8618ac996,clean
1,sid_tampered,tampered,unknown,train,af500ae8618ac996,jpeg50
1,sid_tampered,tampered,unknown,train,af500ae8618ac996,resize025
1,sid_tampered,tampered,unknown,train,af500ae8618ac996,jitter02
1,sid_tampered,tampered,unknown,train,c2874406bd115476,clean
1,sid_tampered,tampered,unknown,train,c2874406bd115476,jpeg50
1,sid_tampered,tampered,unknown,train,c2874406bd115476,blur10
1,sid_tampered,tampered,unknown,train,c2874406bd115476,noise002
1,sid_tampered,tampered,unknown,train,9c9cbc93cf6f2402,clean
1,sid_tampered,tampered,unknown,train,9c9cbc93cf6f2402,jpeg70
1,sid_tampered,tampered,unknown,train,9c9cbc93cf6f2402,blur10
1,sid_tampered,tampered,unknown,train,9c9cbc93cf6f2402,jitter02
1,sid_tampered,tampered,unknown,train,38062662421b6de9,clean
1,sid_tampered,tampered,unknown,train,38062662421b6de9,jpeg90
1,sid_tampered,tampered,unknown,train,38062662421b6de9,jpeg50
1,sid_tampered,tampered,unknown,train,38062662421b6de9,blur10
1,sid_tampered,tampered,unknown,train,1ea7e0ddb23d12d5,clean
1,sid_tampered,tampered,unknown,train,1ea7e0ddb23d12d5,jpeg90
1,sid_tampered,tampered,unknown,train,1ea7e0ddb23d12d5,jpeg70
1,sid_tampered,tampered,unknown,train,1ea7e0ddb23d12d5,noise01
1,sid_tampered,tampered,unknown,train,fccf29b75fb2052d,clean
1,sid_tampered,tampered,unknown,train,fccf29b75fb2052d,jpeg70
1,sid_tampered,tampered,unknown,train,fccf29b75fb2052d,noise01
1,sid_tampered,tampered,unknown,train,fccf29b75fb2052d,crop08
1,sid_tampered,tampered,unknown,train,b96a3b8005e76ed5,clean
1,sid_tampered,tampered,unknown,train,b96a3b8005e76ed5,jpeg90
1,sid_tampered,tampered,unknown,train,b96a3b8005e76ed5,jpeg50
1,sid_tampered,tampered,unknown,train,b96a3b8005e76ed5,noise002
1,sid_tampered,tampered,unknown,train,afc61cb8fa40d9ba,clean
1,sid_tampered,tampered,unknown,train,afc61cb8fa40d9ba,jpeg30
1,sid_tampered,tampered,unknown,train,afc61cb8fa40d9ba,blur05
1,sid_tampered,tampered,unknown,train,afc61cb8fa40d9ba,resize05
1,sid_tampered,tampered,unknown,train,b3b19d6aa4920ab2,clean
1,sid_tampered,tampered,unknown,train,b3b19d6aa4920ab2,jpeg30
1,sid_tampered,tampered,unknown,train,b3b19d6aa4920ab2,blur05
1,sid_tampered,tampered,unknown,train,b3b19d6aa4920ab2,noise002
1,sid_tampered,tampered,unknown,train,d5e44c1eb361a869,clean
1,sid_tampered,tampered,unknown,train,d5e44c1eb361a869,jpeg70
1,sid_tampered,tampered,unknown,train,d5e44c1eb361a869,blur05
1,sid_tampered,tampered,unknown,train,d5e44c1eb361a869,jitter02
1,sid_tampered,tampered,unknown,train,a5d09c02d735855d,clean
1,sid_tampered,tampered,unknown,train,a5d09c02d735855d,noise002
1,sid_tampered,tampered,unknown,train,a5d09c02d735855d,noise005
1,sid_tampered,tampered,unknown,train,a5d09c02d735855d,noise01
1,sid_tampered,tampered,unknown,train,7f759888a020c2b4,clean
1,sid_tampered,tampered,unknown,train,7f759888a020c2b4,jpeg70
1,sid_tampered,tampered,unknown,train,7f759888a020c2b4,blur10
1,sid_tampered,tampered,unknown,train,7f759888a020c2b4,resize05
1,sid_tampered,tampered,unknown,train,5833937105ec6a54,clean
1,sid_tampered,tampered,unknown,train,5833937105ec6a54,blur10
1,sid_tampered,tampered,unknown,train,5833937105ec6a54,jitter02
1,sid_tampered,tampered,unknown,train,5833937105ec6a54,crop08
1,sid_tampered,tampered,unknown,train,a4808782a5ceba09,clean
1,sid_tampered,tampered,unknown,train,a4808782a5ceba09,jpeg70
1,sid_tampered,tampered,unknown,train,a4808782a5ceba09,jpeg50
1,sid_tampered,tampered,unknown,train,a4808782a5ceba09,blur20
1,sid_tampered,tampered,unknown,train,e7a184b366f7d274,clean
1,sid_tampered,tampered,unknown,train,e7a184b366f7d274,blur05
1,sid_tampered,tampered,unknown,train,e7a184b366f7d274,blur10
1,sid_tampered,tampered,unknown,train,e7a184b366f7d274,crop08
1,sid_tampered,tampered,unknown,train,f9dcf395388df58b,clean
1,sid_tampered,tampered,unknown,train,f9dcf395388df58b,jpeg70
1,sid_tampered,tampered,unknown,train,f9dcf395388df58b,jpeg50
1,sid_tampered,tampered,unknown,train,f9dcf395388df58b,blur05
1,sid_tampered,tampered,unknown,train,60ebbd00de36bf4e,clean
1,sid_tampered,tampered,unknown,train,60ebbd00de36bf4e,jpeg50
1,sid_tampered,tampered,unknown,train,60ebbd00de36bf4e,resize05
1,sid_tampered,tampered,unknown,train,60ebbd00de36bf4e,noise005
1,sid_tampered,tampered,unknown,train,feb3eb0736baedaa,clean
1,sid_tampered,tampered,unknown,train,feb3eb0736baedaa,jpeg50
1,sid_tampered,tampered,unknown,train,feb3eb0736baedaa,blur20
1,sid_tampered,tampered,unknown,train,feb3eb0736baedaa,noise005
1,sid_tampered,tampered,unknown,train,1c654a3225c2062c,clean
1,sid_tampered,tampered,unknown,train,1c654a3225c2062c,jpeg90
1,sid_tampered,tampered,unknown,train,1c654a3225c2062c,resize025
1,sid_tampered,tampered,unknown,train,1c654a3225c2062c,jitter02
1,sid_tampered,tampered,unknown,train,dd98fb0c37f93191,clean
1,sid_tampered,tampered,unknown,train,dd98fb0c37f93191,jpeg30
1,sid_tampered,tampered,unknown,train,dd98fb0c37f93191,jitter02
1,sid_tampered,tampered,unknown,train,dd98fb0c37f93191,crop08
1,sid_tampered,tampered,unknown,train,161374811bfea22c,clean
1,sid_tampered,tampered,unknown,train,161374811bfea22c,jpeg90
1,sid_tampered,tampered,unknown,train,161374811bfea22c,jpeg70
1,sid_tampered,tampered,unknown,train,161374811bfea22c,blur20
1,sid_tampered,tampered,unknown,train,8916a54829a3787b,clean
1,sid_tampered,tampered,unknown,train,8916a54829a3787b,jpeg90
1,sid_tampered,tampered,unknown,train,8916a54829a3787b,jpeg70
1,sid_tampered,tampered,unknown,train,8916a54829a3787b,jitter02
1,sid_tampered,tampered,unknown,train,79d4c93ee6ee424c,clean
1,sid_tampered,tampered,unknown,train,79d4c93ee6ee424c,blur05
1,sid_tampered,tampered,unknown,train,79d4c93ee6ee424c,blur10
1,sid_tampered,tampered,unknown,train,79d4c93ee6ee424c,resize05
1,sid_tampered,tampered,unknown,train,1a51fe3aadb390bf,clean
1,sid_tampered,tampered,unknown,train,1a51fe3aadb390bf,resize025
1,sid_tampered,tampered,unknown,train,1a51fe3aadb390bf,noise005
1,sid_tampered,tampered,unknown,train,1a51fe3aadb390bf,jitter02
1,sid_tampered,tampered,unknown,train,4d2b3b849a673de2,clean
1,sid_tampered,tampered,unknown,train,4d2b3b849a673de2,jpeg90
1,sid_tampered,tampered,unknown,train,4d2b3b849a673de2,jpeg70
1,sid_tampered,tampered,unknown,train,4d2b3b849a673de2,jpeg50
1,sid_tampered,tampered,unknown,train,37962ac26d5ed027,clean
1,sid_tampered,tampered,unknown,train,37962ac26d5ed027,jpeg30
1,sid_tampered,tampered,unknown,train,37962ac26d5ed027,resize025
1,sid_tampered,tampered,unknown,train,37962ac26d5ed027,noise002
1,sid_tampered,tampered,unknown,train,37e0f44ccd5cddbe,clean
1,sid_tampered,tampered,unknown,train,37e0f44ccd5cddbe,blur05
1,sid_tampered,tampered,unknown,train,37e0f44ccd5cddbe,blur10
1,sid_tampered,tampered,unknown,train,37e0f44ccd5cddbe,resize025
1,sid_tampered,tampered,unknown,train,6b71eb41a7bf595b,clean
1,sid_tampered,tampered,unknown,train,6b71eb41a7bf595b,jpeg70
1,sid_tampered,tampered,unknown,train,6b71eb41a7bf595b,blur20
1,sid_tampered,tampered,unknown,train,6b71eb41a7bf595b,resize025
1,sid_tampered,tampered,unknown,train,d190d233d072a9e8,clean
1,sid_tampered,tampered,unknown,train,d190d233d072a9e8,blur10
1,sid_tampered,tampered,unknown,train,d190d233d072a9e8,resize025
1,sid_tampered,tampered,unknown,train,d190d233d072a9e8,noise01
1,sid_tampered,tampered,unknown,train,dfa315f9aadf6a66,clean
1,sid_tampered,tampered,unknown,train,dfa315f9aadf6a66,jpeg30
1,sid_tampered,tampered,unknown,train,dfa315f9aadf6a66,blur05
1,sid_tampered,tampered,unknown,train,dfa315f9aadf6a66,crop08
1,sid_tampered,tampered,unknown,train,7d67b76032c4c03e,clean
1,sid_tampered,tampered,unknown,train,7d67b76032c4c03e,jpeg70
1,sid_tampered,tampered,unknown,train,7d67b76032c4c03e,blur20
1,sid_tampered,tampered,unknown,train,7d67b76032c4c03e,noise005
1,sid_tampered,tampered,unknown,train,e97760309b2516c3,clean
1,sid_tampered,tampered,unknown,train,e97760309b2516c3,blur10
1,sid_tampered,tampered,unknown,train,e97760309b2516c3,resize05
1,sid_tampered,tampered,unknown,train,e97760309b2516c3,crop08
1,sid_tampered,tampered,unknown,train,094d76a183c571a3,clean
1,sid_tampered,tampered,unknown,train,094d76a183c571a3,jpeg90
1,sid_tampered,tampered,unknown,train,094d76a183c571a3,blur05
1,sid_tampered,tampered,unknown,train,094d76a183c571a3,jitter02
1,sid_tampered,tampered,unknown,train,8ea40d2f5131e8a3,clean
1,sid_tampered,tampered,unknown,train,8ea40d2f5131e8a3,jpeg70
1,sid_tampered,tampered,unknown,train,8ea40d2f5131e8a3,jpeg30
1,sid_tampered,tampered,unknown,train,8ea40d2f5131e8a3,resize05
1,sid_tampered,tampered,unknown,train,2eea4e2bc0fb32a7,clean
1,sid_tampered,tampered,unknown,train,2eea4e2bc0fb32a7,jpeg90
1,sid_tampered,tampered,unknown,train,2eea4e2bc0fb32a7,jpeg50
1,sid_tampered,tampered,unknown,train,2eea4e2bc0fb32a7,jpeg30
1,sid_tampered,tampered,unknown,train,bb2508e0b64e2794,clean
1,sid_tampered,tampered,unknown,train,bb2508e0b64e2794,jpeg70
1,sid_tampered,tampered,unknown,train,bb2508e0b64e2794,blur05
1,sid_tampered,tampered,unknown,train,bb2508e0b64e2794,blur10
1,sid_tampered,tampered,unknown,train,bd5489dc1e2f462a,clean
1,sid_tampered,tampered,unknown,train,bd5489dc1e2f462a,jpeg70
1,sid_tampered,tampered,unknown,train,bd5489dc1e2f462a,noise002
1,sid_tampered,tampered,unknown,train,bd5489dc1e2f462a,noise01
1,sid_tampered,tampered,unknown,train,353d86a1be4f8d47,clean
1,sid_tampered,tampered,unknown,train,353d86a1be4f8d47,jpeg30
1,sid_tampered,tampered,unknown,train,353d86a1be4f8d47,resize025
1,sid_tampered,tampered,unknown,train,353d86a1be4f8d47,noise01
1,sid_tampered,tampered,unknown,train,4e45a47c7d0baf28,clean
1,sid_tampered,tampered,unknown,train,4e45a47c7d0baf28,jpeg90
1,sid_tampered,tampered,unknown,train,4e45a47c7d0baf28,jpeg50
1,sid_tampered,tampered,unknown,train,4e45a47c7d0baf28,resize025
1,sid_tampered,tampered,unknown,train,f10aca93ee420b01,clean
1,sid_tampered,tampered,unknown,train,f10aca93ee420b01,blur05
1,sid_tampered,tampered,unknown,train,f10aca93ee420b01,resize025
1,sid_tampered,tampered,unknown,train,f10aca93ee420b01,jitter02
1,sid_tampered,tampered,unknown,train,14e4fdd89b6c5c40,clean
1,sid_tampered,tampered,unknown,train,14e4fdd89b6c5c40,jpeg70
1,sid_tampered,tampered,unknown,train,14e4fdd89b6c5c40,blur05
1,sid_tampered,tampered,unknown,train,14e4fdd89b6c5c40,resize025
1,sid_tampered,tampered,unknown,train,81204a118256a9a1,clean
1,sid_tampered,tampered,unknown,train,81204a118256a9a1,jpeg50
1,sid_tampered,tampered,unknown,train,81204a118256a9a1,blur10
1,sid_tampered,tampered,unknown,train,81204a118256a9a1,blur20
1,sid_tampered,tampered,unknown,train,a0546b88452ea1cf,clean
1,sid_tampered,tampered,unknown,train,a0546b88452ea1cf,jpeg90
1,sid_tampered,tampered,unknown,train,a0546b88452ea1cf,jpeg50
1,sid_tampered,tampered,unknown,train,a0546b88452ea1cf,noise005
1,sid_tampered,tampered,unknown,train,9c7d813f78f003a1,clean
1,sid_tampered,tampered,unknown,train,9c7d813f78f003a1,jpeg30
1,sid_tampered,tampered,unknown,train,9c7d813f78f003a1,blur10
1,sid_tampered,tampered,unknown,train,9c7d813f78f003a1,noise002
1,sid_tampered,tampered,unknown,train,cd21e0ed738ea790,clean
1,sid_tampered,tampered,unknown,train,cd21e0ed738ea790,jpeg90
1,sid_tampered,tampered,unknown,train,cd21e0ed738ea790,blur05
1,sid_tampered,tampered,unknown,train,cd21e0ed738ea790,noise005
1,sid_tampered,tampered,unknown,train,6fc32cbb234380ed,clean
1,sid_tampered,tampered,unknown,train,6fc32cbb234380ed,blur05
1,sid_tampered,tampered,unknown,train,6fc32cbb234380ed,resize025
1,sid_tampered,tampered,unknown,train,6fc32cbb234380ed,noise005
1,sid_tampered,tampered,unknown,train,04b51987cd6cad98,clean
1,sid_tampered,tampered,unknown,train,04b51987cd6cad98,blur10
1,sid_tampered,tampered,unknown,train,04b51987cd6cad98,noise01
1,sid_tampered,tampered,unknown,train,04b51987cd6cad98,crop08
1,sid_tampered,tampered,unknown,train,66595f2f3ad47559,clean
1,sid_tampered,tampered,unknown,train,66595f2f3ad47559,blur10
1,sid_tampered,tampered,unknown,train,66595f2f3ad47559,noise01
1,sid_tampered,tampered,unknown,train,66595f2f3ad47559,crop08
1,sid_tampered,tampered,unknown,train,9f93800ca6c2aabb,clean
1,sid_tampered,tampered,unknown,train,9f93800ca6c2aabb,jpeg30
1,sid_tampered,tampered,unknown,train,9f93800ca6c2aabb,noise005
1,sid_tampered,tampered,unknown,train,9f93800ca6c2aabb,noise01
1,sid_tampered,tampered,unknown,train,3560ed0a8824fceb,clean
1,sid_tampered,tampered,unknown,train,3560ed0a8824fceb,jpeg70
1,sid_tampered,tampered,unknown,train,3560ed0a8824fceb,noise005
1,sid_tampered,tampered,unknown,train,3560ed0a8824fceb,crop08
1,sid_tampered,tampered,unknown,train,306c2b8b1b9792e7,clean
1,sid_tampered,tampered,unknown,train,306c2b8b1b9792e7,jpeg70
1,sid_tampered,tampered,unknown,train,306c2b8b1b9792e7,blur05
1,sid_tampered,tampered,unknown,train,306c2b8b1b9792e7,noise005
1,sid_tampered,tampered,unknown,train,df5d55f03eff09c4,clean
1,sid_tampered,tampered,unknown,train,df5d55f03eff09c4,jpeg30
1,sid_tampered,tampered,unknown,train,df5d55f03eff09c4,resize05
1,sid_tampered,tampered,unknown,train,df5d55f03eff09c4,crop08
1,sid_tampered,tampered,unknown,train,31e63a333a32d390,clean
1,sid_tampered,tampered,unknown,train,31e63a333a32d390,jpeg30
1,sid_tampered,tampered,unknown,train,31e63a333a32d390,blur10
1,sid_tampered,tampered,unknown,train,31e63a333a32d390,noise005
1,sid_tampered,tampered,unknown,train,7cac2d774a2309a3,clean
1,sid_tampered,tampered,unknown,train,7cac2d774a2309a3,blur05
1,sid_tampered,tampered,unknown,train,7cac2d774a2309a3,blur20
1,sid_tampered,tampered,unknown,train,7cac2d774a2309a3,resize025
1,sid_tampered,tampered,unknown,train,fcf720f41b9d4083,clean
1,sid_tampered,tampered,unknown,train,fcf720f41b9d4083,jpeg90
1,sid_tampered,tampered,unknown,train,fcf720f41b9d4083,jpeg70
1,sid_tampered,tampered,unknown,train,fcf720f41b9d4083,noise005
1,sid_tampered,tampered,unknown,train,3521045764c38af9,clean
1,sid_tampered,tampered,unknown,train,3521045764c38af9,blur05
1,sid_tampered,tampered,unknown,train,3521045764c38af9,noise01
1,sid_tampered,tampered,unknown,train,3521045764c38af9,crop08
1,sid_tampered,tampered,unknown,train,778792bd32857f5c,clean
1,sid_tampered,tampered,unknown,train,778792bd32857f5c,jpeg70
1,sid_tampered,tampered,unknown,train,778792bd32857f5c,jpeg30
1,sid_tampered,tampered,unknown,train,778792bd32857f5c,noise002
1,sid_tampered,tampered,unknown,train,b183a1314e7f884a,clean
1,sid_tampered,tampered,unknown,train,b183a1314e7f884a,blur10
1,sid_tampered,tampered,unknown,train,b183a1314e7f884a,blur20
1,sid_tampered,tampered,unknown,train,b183a1314e7f884a,noise005
1,sid_tampered,tampered,unknown,train,3fd1a42ccafb5585,clean
1,sid_tampered,tampered,unknown,train,3fd1a42ccafb5585,blur05
1,sid_tampered,tampered,unknown,train,3fd1a42ccafb5585,noise005
1,sid_tampered,tampered,unknown,train,3fd1a42ccafb5585,crop08
1,sid_tampered,tampered,unknown,train,7df32287d958dac9,clean
1,sid_tampered,tampered,unknown,train,7df32287d958dac9,blur05
1,sid_tampered,tampered,unknown,train,7df32287d958dac9,noise002
1,sid_tampered,tampered,unknown,train,7df32287d958dac9,crop08
1,sid_tampered,tampered,unknown,train,6d49396f34cff4b5,clean
1,sid_tampered,tampered,unknown,train,6d49396f34cff4b5,blur20
1,sid_tampered,tampered,unknown,train,6d49396f34cff4b5,jitter02
1,sid_tampered,tampered,unknown,train,6d49396f34cff4b5,crop08
1,sid_tampered,tampered,unknown,train,e9ef08ae0b0bdcd6,clean
1,sid_tampered,tampered,unknown,train,e9ef08ae0b0bdcd6,jpeg30
1,sid_tampered,tampered,unknown,train,e9ef08ae0b0bdcd6,blur05
1,sid_tampered,tampered,unknown,train,e9ef08ae0b0bdcd6,resize025
1,sid_tampered,tampered,unknown,train,f9366a36196b49b2,clean
1,sid_tampered,tampered,unknown,train,f9366a36196b49b2,jpeg90
1,sid_tampered,tampered,unknown,train,f9366a36196b49b2,blur10
1,sid_tampered,tampered,unknown,train,f9366a36196b49b2,noise01
1,sid_tampered,tampered,unknown,train,4a998cfa2359c0a5,clean
1,sid_tampered,tampered,unknown,train,4a998cfa2359c0a5,jpeg50
1,sid_tampered,tampered,unknown,train,4a998cfa2359c0a5,blur05
1,sid_tampered,tampered,unknown,train,4a998cfa2359c0a5,crop08
1,sid_tampered,tampered,unknown,train,7016f859af1c06f1,clean
1,sid_tampered,tampered,unknown,train,7016f859af1c06f1,jpeg30
1,sid_tampered,tampered,unknown,train,7016f859af1c06f1,resize025
1,sid_tampered,tampered,unknown,train,7016f859af1c06f1,noise01
1,sid_tampered,tampered,unknown,train,ec4170261687823b,clean
1,sid_tampered,tampered,unknown,train,ec4170261687823b,resize05
1,sid_tampered,tampered,unknown,train,ec4170261687823b,noise002
1,sid_tampered,tampered,unknown,train,ec4170261687823b,jitter02
1,sid_tampered,tampered,unknown,train,3f28ada74ae7c1cd,clean
1,sid_tampered,tampered,unknown,train,3f28ada74ae7c1cd,jpeg50
1,sid_tampered,tampered,unknown,train,3f28ada74ae7c1cd,blur10
1,sid_tampered,tampered,unknown,train,3f28ada74ae7c1cd,blur20
1,sid_tampered,tampered,unknown,train,dcceaacb67fe1c2e,clean
1,sid_tampered,tampered,unknown,train,dcceaacb67fe1c2e,jpeg50
1,sid_tampered,tampered,unknown,train,dcceaacb67fe1c2e,blur05
1,sid_tampered,tampered,unknown,train,dcceaacb67fe1c2e,noise01
1,sid_tampered,tampered,unknown,train,fc7a780aa8907bd5,clean
1,sid_tampered,tampered,unknown,train,fc7a780aa8907bd5,blur20
1,sid_tampered,tampered,unknown,train,fc7a780aa8907bd5,resize05
1,sid_tampered,tampered,unknown,train,fc7a780aa8907bd5,noise002
1,sid_tampered,tampered,unknown,train,47d7c1073b939a4e,clean
1,sid_tampered,tampered,unknown,train,47d7c1073b939a4e,jpeg90
1,sid_tampered,tampered,unknown,train,47d7c1073b939a4e,jpeg50
1,sid_tampered,tampered,unknown,train,47d7c1073b939a4e,jitter02
1,sid_tampered,tampered,unknown,train,c7d68ddc9d4d113d,clean
1,sid_tampered,tampered,unknown,train,c7d68ddc9d4d113d,jpeg90
1,sid_tampered,tampered,unknown,train,c7d68ddc9d4d113d,blur05
1,sid_tampered,tampered,unknown,train,c7d68ddc9d4d113d,noise002
1,sid_tampered,tampered,unknown,train,4c29635ad941ef6c,clean
1,sid_tampered,tampered,unknown,train,4c29635ad941ef6c,jpeg50
1,sid_tampered,tampered,unknown,train,4c29635ad941ef6c,jpeg30
1,sid_tampered,tampered,unknown,train,4c29635ad941ef6c,blur05
1,sid_tampered,tampered,unknown,train,ccfe5d7e9c061435,clean
1,sid_tampered,tampered,unknown,train,ccfe5d7e9c061435,jpeg50
1,sid_tampered,tampered,unknown,train,ccfe5d7e9c061435,blur10
1,sid_tampered,tampered,unknown,train,ccfe5d7e9c061435,jitter02
1,sid_tampered,tampered,unknown,train,90ea06ae898b5087,clean
1,sid_tampered,tampered,unknown,train,90ea06ae898b5087,jpeg50
1,sid_tampered,tampered,unknown,train,90ea06ae898b5087,jpeg30
1,sid_tampered,tampered,unknown,train,90ea06ae898b5087,noise01
1,sid_tampered,tampered,unknown,train,366e778d6a3a239f,clean
1,sid_tampered,tampered,unknown,train,366e778d6a3a239f,resize025
1,sid_tampered,tampered,unknown,train,366e778d6a3a239f,noise002
1,sid_tampered,tampered,unknown,train,366e778d6a3a239f,jitter02
1,sid_tampered,tampered,unknown,train,a0fa52a8236b2208,clean
1,sid_tampered,tampered,unknown,train,a0fa52a8236b2208,jpeg70
1,sid_tampered,tampered,unknown,train,a0fa52a8236b2208,jpeg50
1,sid_tampered,tampered,unknown,train,a0fa52a8236b2208,noise002
1,sid_tampered,tampered,unknown,train,6f69a2cde1f41bca,clean
1,sid_tampered,tampered,unknown,train,6f69a2cde1f41bca,jpeg30
1,sid_tampered,tampered,unknown,train,6f69a2cde1f41bca,jitter02
1,sid_tampered,tampered,unknown,train,6f69a2cde1f41bca,crop08
1,sid_tampered,tampered,unknown,train,a5af3c9fc382a0f1,clean
1,sid_tampered,tampered,unknown,train,a5af3c9fc382a0f1,jpeg50
1,sid_tampered,tampered,unknown,train,a5af3c9fc382a0f1,jpeg30
1,sid_tampered,tampered,unknown,train,a5af3c9fc382a0f1,noise01
1,sid_tampered,tampered,unknown,train,b57e039dda883de0,clean
1,sid_tampered,tampered,unknown,train,b57e039dda883de0,jpeg50
1,sid_tampered,tampered,unknown,train,b57e039dda883de0,jpeg30
1,sid_tampered,tampered,unknown,train,b57e039dda883de0,blur20
1,sid_tampered,tampered,unknown,train,31e1a4231442cf3c,clean
1,sid_tampered,tampered,unknown,train,31e1a4231442cf3c,jpeg50
1,sid_tampered,tampered,unknown,train,31e1a4231442cf3c,blur10
1,sid_tampered,tampered,unknown,train,31e1a4231442cf3c,resize05
1,sid_tampered,tampered,unknown,train,85e2cdba0304c1ea,clean
1,sid_tampered,tampered,unknown,train,85e2cdba0304c1ea,blur20
1,sid_tampered,tampered,unknown,train,85e2cdba0304c1ea,resize05
1,sid_tampered,tampered,unknown,train,85e2cdba0304c1ea,noise002
1,sid_tampered,tampered,unknown,train,e3fa204e1789eb70,clean
1,sid_tampered,tampered,unknown,train,e3fa204e1789eb70,blur20
1,sid_tampered,tampered,unknown,train,e3fa204e1789eb70,noise005
1,sid_tampered,tampered,unknown,train,e3fa204e1789eb70,noise01
1,sid_tampered,tampered,unknown,train,69350fc61076bc7a,clean
1,sid_tampered,tampered,unknown,train,69350fc61076bc7a,jpeg30
1,sid_tampered,tampered,unknown,train,69350fc61076bc7a,resize05
1,sid_tampered,tampered,unknown,train,69350fc61076bc7a,crop08
1,sid_tampered,tampered,unknown,train,a9b61b4698a6fcf6,clean
1,sid_tampered,tampered,unknown,train,a9b61b4698a6fcf6,jpeg50
1,sid_tampered,tampered,unknown,train,a9b61b4698a6fcf6,resize05
1,sid_tampered,tampered,unknown,train,a9b61b4698a6fcf6,noise002
1,sid_tampered,tampered,unknown,train,92a0070ba4abfecb,clean
1,sid_tampered,tampered,unknown,train,92a0070ba4abfecb,blur05
1,sid_tampered,tampered,unknown,train,92a0070ba4abfecb,noise01
1,sid_tampered,tampered,unknown,train,92a0070ba4abfecb,jitter02
1,sid_tampered,tampered,unknown,train,d5f2c74a697f3cff,clean
1,sid_tampered,tampered,unknown,train,d5f2c74a697f3cff,jpeg50
1,sid_tampered,tampered,unknown,train,d5f2c74a697f3cff,blur20
1,sid_tampered,tampered,unknown,train,d5f2c74a697f3cff,noise005
1,sid_tampered,tampered,unknown,train,65bd091ce0194992,clean
1,sid_tampered,tampered,unknown,train,65bd091ce0194992,noise002
1,sid_tampered,tampered,unknown,train,65bd091ce0194992,noise01
1,sid_tampered,tampered,unknown,train,65bd091ce0194992,crop08
1,sid_tampered,tampered,unknown,train,20a11bf7750aa72d,clean
1,sid_tampered,tampered,unknown,train,20a11bf7750aa72d,jpeg30
1,sid_tampered,tampered,unknown,train,20a11bf7750aa72d,blur10
1,sid_tampered,tampered,unknown,train,20a11bf7750aa72d,resize025
1,sid_tampered,tampered,unknown,train,9725b4b0753aeff8,clean
1,sid_tampered,tampered,unknown,train,9725b4b0753aeff8,jpeg90
1,sid_tampered,tampered,unknown,train,9725b4b0753aeff8,jpeg30
1,sid_tampered,tampered,unknown,train,9725b4b0753aeff8,jitter02
1,sid_tampered,tampered,unknown,train,fedd0835520495f7,clean
1,sid_tampered,tampered,unknown,train,fedd0835520495f7,jpeg30
1,sid_tampered,tampered,unknown,train,fedd0835520495f7,blur05
1,sid_tampered,tampered,unknown,train,fedd0835520495f7,crop08
1,sid_tampered,tampered,unknown,train,ba346fca9fa3b117,clean
1,sid_tampered,tampered,unknown,train,ba346fca9fa3b117,jpeg70
1,sid_tampered,tampered,unknown,train,ba346fca9fa3b117,jpeg30
1,sid_tampered,tampered,unknown,train,ba346fca9fa3b117,noise01
1,sid_tampered,tampered,unknown,train,a3cbaf0afb529a74,clean
1,sid_tampered,tampered,unknown,train,a3cbaf0afb529a74,jpeg90
1,sid_tampered,tampered,unknown,train,a3cbaf0afb529a74,jpeg70
1,sid_tampered,tampered,unknown,train,a3cbaf0afb529a74,noise01
1,sid_tampered,tampered,unknown,train,362ae75d9c30720a,clean
1,sid_tampered,tampered,unknown,train,362ae75d9c30720a,blur05
1,sid_tampered,tampered,unknown,train,362ae75d9c30720a,resize025
1,sid_tampered,tampered,unknown,train,362ae75d9c30720a,noise002
1,sid_tampered,tampered,unknown,train,22f4ddab67b6a418,clean
1,sid_tampered,tampered,unknown,train,22f4ddab67b6a418,noise002
1,sid_tampered,tampered,unknown,train,22f4ddab67b6a418,jitter02
1,sid_tampered,tampered,unknown,train,22f4ddab67b6a418,crop08
1,sid_tampered,tampered,unknown,train,872d2ba5cce60abd,clean
1,sid_tampered,tampered,unknown,train,872d2ba5cce60abd,jpeg50
1,sid_tampered,tampered,unknown,train,872d2ba5cce60abd,jpeg30
1,sid_tampered,tampered,unknown,train,872d2ba5cce60abd,blur10
1,sid_tampered,tampered,unknown,train,f91804c1e1b75940,clean
1,sid_tampered,tampered,unknown,train,f91804c1e1b75940,blur10
1,sid_tampered,tampered,unknown,train,f91804c1e1b75940,resize025
1,sid_tampered,tampered,unknown,train,f91804c1e1b75940,noise005
1,sid_tampered,tampered,unknown,train,1127db1c2fd0559a,clean
1,sid_tampered,tampered,unknown,train,1127db1c2fd0559a,jpeg90
1,sid_tampered,tampered,unknown,train,1127db1c2fd0559a,jpeg50
1,sid_tampered,tampered,unknown,train,1127db1c2fd0559a,blur20
1,sid_tampered,tampered,unknown,train,1b4f7829de510807,clean
1,sid_tampered,tampered,unknown,train,1b4f7829de510807,jpeg90
1,sid_tampered,tampered,unknown,train,1b4f7829de510807,resize025
1,sid_tampered,tampered,unknown,train,1b4f7829de510807,noise01
1,sid_tampered,tampered,unknown,train,91f2beb27cc78b1f,clean
1,sid_tampered,tampered,unknown,train,91f2beb27cc78b1f,jpeg90
1,sid_tampered,tampered,unknown,train,91f2beb27cc78b1f,noise01
1,sid_tampered,tampered,unknown,train,91f2beb27cc78b1f,jitter02
1,sid_tampered,tampered,unknown,train,bc433f0f3cd9f1a1,clean
1,sid_tampered,tampered,unknown,train,bc433f0f3cd9f1a1,jpeg50
1,sid_tampered,tampered,unknown,train,bc433f0f3cd9f1a1,blur10
1,sid_tampered,tampered,unknown,train,bc433f0f3cd9f1a1,noise01
1,sid_tampered,tampered,unknown,train,77dc89a0e9b7d9d7,clean
1,sid_tampered,tampered,unknown,train,77dc89a0e9b7d9d7,blur05
1,sid_tampered,tampered,unknown,train,77dc89a0e9b7d9d7,resize05
1,sid_tampered,tampered,unknown,train,77dc89a0e9b7d9d7,noise002
1,sid_tampered,tampered,unknown,train,9fe73ee4630aa183,clean
1,sid_tampered,tampered,unknown,train,9fe73ee4630aa183,noise002
1,sid_tampered,tampered,unknown,train,9fe73ee4630aa183,jitter02
1,sid_tampered,tampered,unknown,train,9fe73ee4630aa183,crop08
1,sid_tampered,tampered,unknown,train,eb4b1ce20accfbf7,clean
1,sid_tampered,tampered,unknown,train,eb4b1ce20accfbf7,jpeg70
1,sid_tampered,tampered,unknown,train,eb4b1ce20accfbf7,resize05
1,sid_tampered,tampered,unknown,train,eb4b1ce20accfbf7,jitter02
1,sid_tampered,tampered,unknown,train,ed40e38d148164b5,clean
1,sid_tampered,tampered,unknown,train,ed40e38d148164b5,jpeg70
1,sid_tampered,tampered,unknown,train,ed40e38d148164b5,blur10
1,sid_tampered,tampered,unknown,train,ed40e38d148164b5,noise01
1,sid_tampered,tampered,unknown,train,27a5f88cc1f29fd5,clean
1,sid_tampered,tampered,unknown,train,27a5f88cc1f29fd5,jpeg70
1,sid_tampered,tampered,unknown,train,27a5f88cc1f29fd5,jpeg30
1,sid_tampered,tampered,unknown,train,27a5f88cc1f29fd5,noise005
1,sid_tampered,tampered,unknown,train,1e9adfd4eff4e2f8,clean
1,sid_tampered,tampered,unknown,train,1e9adfd4eff4e2f8,jpeg70
1,sid_tampered,tampered,unknown,train,1e9adfd4eff4e2f8,jpeg50
1,sid_tampered,tampered,unknown,train,1e9adfd4eff4e2f8,noise01
1,sid_tampered,tampered,unknown,train,f19f2834f21e9b6e,clean
1,sid_tampered,tampered,unknown,train,f19f2834f21e9b6e,resize05
1,sid_tampered,tampered,unknown,train,f19f2834f21e9b6e,resize025
1,sid_tampered,tampered,unknown,train,f19f2834f21e9b6e,noise005
1,sid_tampered,tampered,unknown,train,ef7a9139ec8fa36b,clean
1,sid_tampered,tampered,unknown,train,ef7a9139ec8fa36b,blur10
1,sid_tampered,tampered,unknown,train,ef7a9139ec8fa36b,resize025
1,sid_tampered,tampered,unknown,train,ef7a9139ec8fa36b,noise005
1,sid_tampered,tampered,unknown,train,915945f057305105,clean
1,sid_tampered,tampered,unknown,train,915945f057305105,jpeg30
1,sid_tampered,tampered,unknown,train,915945f057305105,noise005
1,sid_tampered,tampered,unknown,train,915945f057305105,jitter02
1,sid_tampered,tampered,unknown,train,5355ed07642469b8,clean
1,sid_tampered,tampered,unknown,train,5355ed07642469b8,jpeg90
1,sid_tampered,tampered,unknown,train,5355ed07642469b8,jpeg30
1,sid_tampered,tampered,unknown,train,5355ed07642469b8,blur10
1,sid_tampered,tampered,unknown,train,e01e9fc3cf262e51,clean
1,sid_tampered,tampered,unknown,train,e01e9fc3cf262e51,blur10
1,sid_tampered,tampered,unknown,train,e01e9fc3cf262e51,blur20
1,sid_tampered,tampered,unknown,train,e01e9fc3cf262e51,noise01
1,sid_tampered,tampered,unknown,train,a7eb76bcadd976ad,clean
1,sid_tampered,tampered,unknown,train,a7eb76bcadd976ad,blur05
1,sid_tampered,tampered,unknown,train,a7eb76bcadd976ad,noise002
1,sid_tampered,tampered,unknown,train,a7eb76bcadd976ad,crop08
1,sid_tampered,tampered,unknown,train,abe57398b500065a,clean
1,sid_tampered,tampered,unknown,train,abe57398b500065a,jpeg90
1,sid_tampered,tampered,unknown,train,abe57398b500065a,blur10
1,sid_tampered,tampered,unknown,train,abe57398b500065a,jitter02
1,sid_tampered,tampered,unknown,train,f800c2695832470b,clean
1,sid_tampered,tampered,unknown,train,f800c2695832470b,jpeg70
1,sid_tampered,tampered,unknown,train,f800c2695832470b,resize05
1,sid_tampered,tampered,unknown,train,f800c2695832470b,crop08
1,sid_tampered,tampered,unknown,train,59fe03755e254379,clean
1,sid_tampered,tampered,unknown,train,59fe03755e254379,blur10
1,sid_tampered,tampered,unknown,train,59fe03755e254379,resize025
1,sid_tampered,tampered,unknown,train,59fe03755e254379,noise002
1,sid_tampered,tampered,unknown,train,24ec378c74040bf8,clean
1,sid_tampered,tampered,unknown,train,24ec378c74040bf8,jpeg70
1,sid_tampered,tampered,unknown,train,24ec378c74040bf8,blur10
1,sid_tampered,tampered,unknown,train,24ec378c74040bf8,resize05
1,sid_tampered,tampered,unknown,train,b0fd0f222100e8aa,clean
1,sid_tampered,tampered,unknown,train,b0fd0f222100e8aa,jpeg70
1,sid_tampered,tampered,unknown,train,b0fd0f222100e8aa,blur10
1,sid_tampered,tampered,unknown,train,b0fd0f222100e8aa,resize05
1,sid_tampered,tampered,unknown,train,f5927ab7f53d2b98,clean
1,sid_tampered,tampered,unknown,train,f5927ab7f53d2b98,resize025
1,sid_tampered,tampered,unknown,train,f5927ab7f53d2b98,noise01
1,sid_tampered,tampered,unknown,train,f5927ab7f53d2b98,jitter02
1,sid_tampered,tampered,unknown,train,d5089b9500ed89a6,clean
1,sid_tampered,tampered,unknown,train,d5089b9500ed89a6,jpeg90
1,sid_tampered,tampered,unknown,train,d5089b9500ed89a6,blur10
1,sid_tampered,tampered,unknown,train,d5089b9500ed89a6,resize05
1,sid_tampered,tampered,unknown,train,8f6436fb33fbc6bd,clean
1,sid_tampered,tampered,unknown,train,8f6436fb33fbc6bd,jpeg70
1,sid_tampered,tampered,unknown,train,8f6436fb33fbc6bd,blur05
1,sid_tampered,tampered,unknown,train,8f6436fb33fbc6bd,blur10
1,sid_tampered,tampered,unknown,train,22248cd4de1591ee,clean
1,sid_tampered,tampered,unknown,train,22248cd4de1591ee,jpeg70
1,sid_tampered,tampered,unknown,train,22248cd4de1591ee,jpeg50
1,sid_tampered,tampered,unknown,train,22248cd4de1591ee,blur05
1,sid_tampered,tampered,unknown,train,9782ade9c4a586bf,clean
1,sid_tampered,tampered,unknown,train,9782ade9c4a586bf,jpeg90
1,sid_tampered,tampered,unknown,train,9782ade9c4a586bf,blur10
1,sid_tampered,tampered,unknown,train,9782ade9c4a586bf,blur20
1,sid_tampered,tampered,unknown,train,1ab9a945ce769048,clean
1,sid_tampered,tampered,unknown,train,1ab9a945ce769048,blur20
1,sid_tampered,tampered,unknown,train,1ab9a945ce769048,noise005
1,sid_tampered,tampered,unknown,train,1ab9a945ce769048,noise01
1,sid_tampered,tampered,unknown,train,40e312ec144c009f,clean
1,sid_tampered,tampered,unknown,train,40e312ec144c009f,blur20
1,sid_tampered,tampered,unknown,train,40e312ec144c009f,resize025
1,sid_tampered,tampered,unknown,train,40e312ec144c009f,jitter02
1,sid_tampered,tampered,unknown,train,b51e27c7bbc72970,clean
1,sid_tampered,tampered,unknown,train,b51e27c7bbc72970,blur05
1,sid_tampered,tampered,unknown,train,b51e27c7bbc72970,blur10
1,sid_tampered,tampered,unknown,train,b51e27c7bbc72970,blur20
1,sid_tampered,tampered,unknown,train,3517211293027939,clean
1,sid_tampered,tampered,unknown,train,3517211293027939,jpeg70
1,sid_tampered,tampered,unknown,train,3517211293027939,blur05
1,sid_tampered,tampered,unknown,train,3517211293027939,noise002
1,sid_tampered,tampered,unknown,train,2305a156a034108e,clean
1,sid_tampered,tampered,unknown,train,2305a156a034108e,jpeg50
1,sid_tampered,tampered,unknown,train,2305a156a034108e,jpeg30
1,sid_tampered,tampered,unknown,train,2305a156a034108e,resize05
1,sid_tampered,tampered,unknown,train,4bee004c2f916b12,clean
1,sid_tampered,tampered,unknown,train,4bee004c2f916b12,jpeg50
1,sid_tampered,tampered,unknown,train,4bee004c2f916b12,noise005
1,sid_tampered,tampered,unknown,train,4bee004c2f916b12,jitter02
1,sid_tampered,tampered,unknown,train,cdf1deddd79573d3,clean
1,sid_tampered,tampered,unknown,train,cdf1deddd79573d3,jpeg70
1,sid_tampered,tampered,unknown,train,cdf1deddd79573d3,blur05
1,sid_tampered,tampered,unknown,train,cdf1deddd79573d3,noise01
1,sid_tampered,tampered,unknown,train,a97fa3dd190c7daf,clean
1,sid_tampered,tampered,unknown,train,a97fa3dd190c7daf,jpeg90
1,sid_tampered,tampered,unknown,train,a97fa3dd190c7daf,jpeg70
1,sid_tampered,tampered,unknown,train,a97fa3dd190c7daf,blur10
1,sid_tampered,tampered,unknown,train,38fdf03779eca533,clean
1,sid_tampered,tampered,unknown,train,38fdf03779eca533,jpeg90
1,sid_tampered,tampered,unknown,train,38fdf03779eca533,jpeg30
1,sid_tampered,tampered,unknown,train,38fdf03779eca533,blur05
