label,source,subclass,generator,split,image_id,variant
0,sid_train,real,unknown,train,55e5eb6116af7733,clean
0,sid_train,real,unknown,train,55e5eb6116af7733,noise01
0,sid_train,real,unknown,train,55e5eb6116af7733,jitter02
0,sid_train,real,unknown,train,55e5eb6116af7733,crop08
0,sid_train,real,unknown,train,f68fb13a50c8e439,clean
0,sid_train,real,unknown,train,f68fb13a50c8e439,jpeg90
0,sid_train,real,unknown,train,f68fb13a50c8e439,jpeg70
0,sid_train,real,unknown,train,f68fb13a50c8e439,resize05
1,sid_train,full_synthetic,unknown,train,a8b0fcf452f41e10,clean
1,sid_train,full_synthetic,unknown,train,a8b0fcf452f41e10,jpeg70
1,sid_train,full_synthetic,unknown,train,a8b0fcf452f41e10,jpeg30
1,sid_train,full_synthetic,unknown,train,a8b0fcf452f41e10,resize025
0,sid_train,real,unknown,train,6d964564a9d8b200,clean
0,sid_train,real,unknown,train,6d964564a9d8b200,jpeg70
0,sid_train,real,unknown,train,6d964564a9d8b200,noise005
0,sid_train,real,unknown,train,6d964564a9d8b200,crop08
1,sid_train,full_synthetic,unknown,train,1ad1c2c849d652a5,clean
1,sid_train,full_synthetic,unknown,train,1ad1c2c849d652a5,resize025
1,sid_train,full_synthetic,unknown,train,1ad1c2c849d652a5,noise01
1,sid_train,full_synthetic,unknown,train,1ad1c2c849d652a5,jitter02
0,sid_train,real,unknown,train,5c3b5254352771e2,clean
0,sid_train,real,unknown,train,5c3b5254352771e2,jpeg70
0,sid_train,real,unknown,train,5c3b5254352771e2,resize05
0,sid_train,real,unknown,train,5c3b5254352771e2,resize025
1,sid_train,full_synthetic,unknown,train,d4e85243d05fba98,clean
1,sid_train,full_synthetic,unknown,train,d4e85243d05fba98,resize05
1,sid_train,full_synthetic,unknown,train,d4e85243d05fba98,noise005
1,sid_train,full_synthetic,unknown,train,d4e85243d05fba98,jitter02
1,sid_train,full_synthetic,unknown,train,b9893f1f5cac18ec,clean
1,sid_train,full_synthetic,unknown,train,b9893f1f5cac18ec,jpeg90
1,sid_train,full_synthetic,unknown,train,b9893f1f5cac18ec,blur05
1,sid_train,full_synthetic,unknown,train,b9893f1f5cac18ec,crop08
1,sid_train,full_synthetic,unknown,train,a9a99fa5f71620bf,clean
1,sid_train,full_synthetic,unknown,train,a9a99fa5f71620bf,blur05
1,sid_train,full_synthetic,unknown,train,a9a99fa5f71620bf,noise005
1,sid_train,full_synthetic,unknown,train,a9a99fa5f71620bf,crop08
1,sid_train,full_synthetic,unknown,train,91b31debce1a18fd,clean
1,sid_train,full_synthetic,unknown,train,91b31debce1a18fd,noise002
1,sid_train,full_synthetic,unknown,train,91b31debce1a18fd,noise005
1,sid_train,full_synthetic,unknown,train,91b31debce1a18fd,noise01
1,sid_train,full_synthetic,unknown,train,417ba3c007530b1d,clean
1,sid_train,full_synthetic,unknown,train,417ba3c007530b1d,jpeg90
1,sid_train,full_synthetic,unknown,train,417ba3c007530b1d,jpeg30
1,sid_train,full_synthetic,unknown,train,417ba3c007530b1d,blur05
1,sid_train,full_synthetic,unknown,train,23aef7794373a805,clean
1,sid_train,full_synthetic,unknown,train,23aef7794373a805,jpeg90
1,sid_train,full_synthetic,unknown,train,23aef7794373a805,jpeg70
1,sid_train,full_synthetic,unknown,train,23aef7794373a805,resize05
1,sid_train,full_synthetic,unknown,train,fba41db410bc2fe8,clean
1,sid_train,full_synthetic,unknown,train,fba41db410bc2fe8,blur05
1,sid_train,full_synthetic,unknown,train,fba41db410bc2fe8,resize05
1,sid_train,full_synthetic,unknown,train,fba41db410bc2fe8,crop08
0,sid_train,real,unknown,train,5e7377e860d75f33,clean
0,sid_train,real,unknown,train,5e7377e860d75f33,jpeg30
0,sid_train,real,unknown,train,5e7377e860d75f33,blur20
0,sid_train,real,unknown,train,5e7377e860d75f33,crop08
0,sid_train,real,unknown,train,302079085f17c344,clean
0,sid_train,real,unknown,train,302079085f17c344,blur05
0,sid_train,real,unknown,train,302079085f17c344,noise005
0,sid_train,real,unknown,train,302079085f17c344,noise01
1,sid_train,full_synthetic,unknown,train,8ed16a2147839bd8,clean
1,sid_train,full_synthetic,unknown,train,8ed16a2147839bd8,blur05
1,sid_train,full_synthetic,unknown,train,8ed16a2147839bd8,noise005
1,sid_train,full_synthetic,unknown,train,8ed16a2147839bd8,noise01
1,sid_train,full_synthetic,unknown,train,1e163f5926324357,clean
1,sid_train,full_synthetic,unknown,train,1e163f5926324357,jpeg70
1,sid_train,full_synthetic,unknown,train,1e163f5926324357,jpeg30
1,sid_train,full_synthetic,unknown,train,1e163f5926324357,noise005
1,sid_train,full_synthetic,unknown,train,0fdef95c338c9b24,clean
1,sid_train,full_synthetic,unknown,train,0fdef95c338c9b24,blur20
1,sid_train,full_synthetic,unknown,train,0fdef95c338c9b24,resize05
1,sid_train,full_synthetic,unknown,train,0fdef95c338c9b24,crop08
1,sid_train,full_synthetic,unknown,train,ca95deb65928774f,clean
1,sid_train,full_synthetic,unknown,train,ca95deb65928774f,jpeg70
1,sid_train,full_synthetic,unknown,train,ca95deb65928774f,jpeg30
1,sid_train,full_synthetic,unknown,train,ca95deb65928774f,blur20
0,sid_train,real,unknown,train,724f7ee107a5e888,clean
0,sid_train,real,unknown,train,724f7ee107a5e888,jpeg50
0,sid_train,real,unknown,train,724f7ee107a5e888,blur05
0,sid_train,real,unknown,train,724f7ee107a5e888,crop08
0,sid_train,real,unknown,train,aa983b6ad1ec1f6f,clean
0,sid_train,real,unknown,train,aa983b6ad1ec1f6f,jpeg90
0,sid_train,real,unknown,train,aa983b6ad1ec1f6f,resize025
0,sid_train,real,unknown,train,aa983b6ad1ec1f6f,crop08
0,sid_train,real,unknown,train,43c70ce355eac86e,clean
0,sid_train,real,unknown,train,43c70ce355eac86e,jpeg50
0,sid_train,real,unknown,train,43c70ce355eac86e,resize05
0,sid_train,real,unknown,train,43c70ce355eac86e,noise01
0,sid_train,real,unknown,train,5140290d28d26c45,clean
0,sid_train,real,unknown,train,5140290d28d26c45,jpeg90
0,sid_train,real,unknown,train,5140290d28d26c45,jpeg30
0,sid_train,real,unknown,train,5140290d28d26c45,blur10
0,sid_train,real,unknown,train,d5d84628c338b772,clean
0,sid_train,real,unknown,train,d5d84628c338b772,jpeg30
0,sid_train,real,unknown,train,d5d84628c338b772,noise002
0,sid_train,real,unknown,train,d5d84628c338b772,crop08
1,sid_train,full_synthetic,unknown,train,610e28ba97e57ef5,clean
1,sid_train,full_synthetic,unknown,train,610e28ba97e57ef5,jpeg70
1,sid_train,full_synthetic,unknown,train,610e28ba97e57ef5,blur20
1,sid_train,full_synthetic,unknown,train,610e28ba97e57ef5,resize025
0,sid_train,real,unknown,train,01ebbebed7337aaa,clean
0,sid_train,real,unknown,train,01ebbebed7337aaa,jpeg70
0,sid_train,real,unknown,train,01ebbebed7337aaa,jpeg30
0,sid_train,real,unknown,train,01ebbebed7337aaa,blur05
1,sid_train,full_synthetic,unknown,train,88b91dab2507b135,clean
1,sid_train,full_synthetic,unknown,train,88b91dab2507b135,blur10
1,sid_train,full_synthetic,unknown,train,88b91dab2507b135,resize05
1,sid_train,full_synthetic,unknown,train,88b91dab2507b135,noise002
0,sid_train,real,unknown,train,757ce5b7640ec7b4,clean
0,sid_train,real,unknown,train,757ce5b7640ec7b4,jpeg70
0,sid_train,real,unknown,train,757ce5b7640ec7b4,jpeg30
0,sid_train,real,unknown,train,757ce5b7640ec7b4,noise005
0,sid_train,real,unknown,train,2517b40c9e176c55,clean
0,sid_train,real,unknown,train,2517b40c9e176c55,jpeg30
0,sid_train,real,unknown,train,2517b40c9e176c55,blur10
0,sid_train,real,unknown,train,2517b40c9e176c55,crop08
1,sid_train,full_synthetic,unknown,train,01f3d94ace1bfb06,clean
1,sid_train,full_synthetic,unknown,train,01f3d94ace1bfb06,blur10
1,sid_train,full_synthetic,unknown,train,01f3d94ace1bfb06,resize025
1,sid_train,full_synthetic,unknown,train,01f3d94ace1bfb06,noise005
0,sid_train,real,unknown,train,b5af8950e547c009,clean
0,sid_train,real,unknown,train,b5af8950e547c009,jpeg90
0,sid_train,real,unknown,train,b5af8950e547c009,noise002
0,sid_train,real,unknown,train,b5af8950e547c009,crop08
1,sid_train,full_synthetic,unknown,train,cc0faccfe35ab5f9,clean
1,sid_train,full_synthetic,unknown,train,cc0faccfe35ab5f9,jpeg30
1,sid_train,full_synthetic,unknown,train,cc0faccfe35ab5f9,noise002
1,sid_train,full_synthetic,unknown,train,cc0faccfe35ab5f9,jitter02
0,sid_train,real,unknown,train,df79aa2b9e7e4c91,clean
0,sid_train,real,unknown,train,df79aa2b9e7e4c91,blur10
0,sid_train,real,unknown,train,df79aa2b9e7e4c91,noise01
0,sid_train,real,unknown,train,df79aa2b9e7e4c91,crop08
1,sid_train,full_synthetic,unknown,train,2c331457a5097303,clean
1,sid_train,full_synthetic,unknown,train,2c331457a5097303,jpeg50
1,sid_train,full_synthetic,unknown,train,2c331457a5097303,blur10
1,sid_train,full_synthetic,unknown,train,2c331457a5097303,crop08
1,sid_train,full_synthetic,unknown,train,4e018ce6e0c18b4a,clean
1,sid_train,full_synthetic,unknown,train,4e018ce6e0c18b4a,jpeg90
1,sid_train,full_synthetic,unknown,train,4e018ce6e0c18b4a,jpeg30
1,sid_train,full_synthetic,unknown,train,4e018ce6e0c18b4a,resize05
0,sid_train,real,unknown,train,78852e02b65f7793,clean
0,sid_train,real,unknown,train,78852e02b65f7793,blur10
0,sid_train,real,unknown,train,78852e02b65f7793,resize05
0,sid_train,real,unknown,train,78852e02b65f7793,noise005
0,sid_train,real,unknown,train,51e3b6166868de42,clean
0,sid_train,real,unknown,train,51e3b6166868de42,blur10
0,sid_train,real,unknown,train,51e3b6166868de42,jitter02
0,sid_train,real,unknown,train,51e3b6166868de42,crop08
0,sid_train,real,unknown,train,98f7b2e67c797db6,clean
0,sid_train,real,unknown,train,98f7b2e67c797db6,blur20
0,sid_train,real,unknown,train,98f7b2e67c797db6,noise005
0,sid_train,real,unknown,train,98f7b2e67c797db6,jitter02
0,sid_train,real,unknown,train,28a88aaef54a2e75,clean
0,sid_train,real,unknown,train,28a88aaef54a2e75,jpeg30
0,sid_train,real,unknown,train,28a88aaef54a2e75,blur05
0,sid_train,real,unknown,train,28a88aaef54a2e75,blur10
1,sid_train,full_synthetic,unknown,train,d55eccf32cdc98df,clean
1,sid_train,full_synthetic,unknown,train,d55eccf32cdc98df,resize05
1,sid_train,full_synthetic,unknown,train,d55eccf32cdc98df,resize025
1,sid_train,full_synthetic,unknown,train,d55eccf32cdc98df,noise01
0,sid_train,real,unknown,train,52a9418bf8dc139e,clean
0,sid_train,real,unknown,train,52a9418bf8dc139e,blur20
0,sid_train,real,unknown,train,52a9418bf8dc139e,noise01
0,sid_train,real,unknown,train,52a9418bf8dc139e,crop08
1,sid_train,full_synthetic,unknown,train,c9fcb6ee28303723,clean
1,sid_train,full_synthetic,unknown,train,c9fcb6ee28303723,jpeg30
1,sid_train,full_synthetic,unknown,train,c9fcb6ee28303723,blur05
1,sid_train,full_synthetic,unknown,train,c9fcb6ee28303723,blur20
1,sid_train,full_synthetic,unknown,train,ae07fcb6400d4b49,clean
1,sid_train,full_synthetic,unknown,train,ae07fcb6400d4b49,blur05
1,sid_train,full_synthetic,unknown,train,ae07fcb6400d4b49,noise002
1,sid_train,full_synthetic,unknown,train,ae07fcb6400d4b49,noise005
0,sid_train,real,unknown,train,7f5fbee98d590add,clean
0,sid_train,real,unknown,train,7f5fbee98d590add,jpeg50
0,sid_train,real,unknown,train,7f5fbee98d590add,blur05
0,sid_train,real,unknown,train,7f5fbee98d590add,blur20
0,sid_train,real,unknown,train,27de0270c9d7bdb9,clean
0,sid_train,real,unknown,train,27de0270c9d7bdb9,jpeg70
0,sid_train,real,unknown,train,27de0270c9d7bdb9,resize025
0,sid_train,real,unknown,train,27de0270c9d7bdb9,jitter02
1,sid_train,full_synthetic,unknown,train,85cdc0dfbba5d991,clean
1,sid_train,full_synthetic,unknown,train,85cdc0dfbba5d991,jpeg30
1,sid_train,full_synthetic,unknown,train,85cdc0dfbba5d991,blur10
1,sid_train,full_synthetic,unknown,train,85cdc0dfbba5d991,jitter02
0,sid_train,real,unknown,train,433faae00ebb196e,clean
0,sid_train,real,unknown,train,433faae00ebb196e,jpeg50
0,sid_train,real,unknown,train,433faae00ebb196e,blur05
0,sid_train,real,unknown,train,433faae00ebb196e,resize025
0,sid_train,real,unknown,train,355664ac741f24bc,clean
0,sid_train,real,unknown,train,355664ac741f24bc,jpeg90
0,sid_train,real,unknown,train,355664ac741f24bc,noise005
0,sid_train,real,unknown,train,355664ac741f24bc,jitter02
0,sid_train,real,unknown,train,1c3404cf009c31cd,clean
0,sid_train,real,unknown,train,1c3404cf009c31cd,blur05
0,sid_train,real,unknown,train,1c3404cf009c31cd,noise01
0,sid_train,real,unknown,train,1c3404cf009c31cd,crop08
1,sid_train,full_synthetic,unknown,train,a00cd72e6e0279d3,clean
1,sid_train,full_synthetic,unknown,train,a00cd72e6e0279d3,jpeg50
1,sid_train,full_synthetic,unknown,train,a00cd72e6e0279d3,blur05
1,sid_train,full_synthetic,unknown,train,a00cd72e6e0279d3,jitter02
1,sid_train,full_synthetic,unknown,train,064ae3eb4cf555f5,clean
1,sid_train,full_synthetic,unknown,train,064ae3eb4cf555f5,jpeg70
1,sid_train,full_synthetic,unknown,train,064ae3eb4cf555f5,blur05
1,sid_train,full_synthetic,unknown,train,064ae3eb4cf555f5,blur10
0,sid_train,real,unknown,train,e93daf41837c1484,clean
0,sid_train,real,unknown,train,e93daf41837c1484,blur20
0,sid_train,real,unknown,train,e93daf41837c1484,noise005
0,sid_train,real,unknown,train,e93daf41837c1484,jitter02
0,sid_train,real,unknown,train,0217ea0ee73c0131,clean
0,sid_train,real,unknown,train,0217ea0ee73c0131,jpeg90
0,sid_train,real,unknown,train,0217ea0ee73c0131,noise01
0,sid_train,real,unknown,train,0217ea0ee73c0131,jitter02
0,sid_train,real,unknown,train,efb1b07522c6dab2,clean
0,sid_train,real,unknown,train,efb1b07522c6dab2,blur05
0,sid_train,real,unknown,train,efb1b07522c6dab2,blur10
0,sid_train,real,unknown,train,efb1b07522c6dab2,noise002
0,sid_train,real,unknown,train,2f5203719af842fa,clean
0,sid_train,real,unknown,train,2f5203719af842fa,blur05
0,sid_train,real,unknown,train,2f5203719af842fa,noise01
0,sid_train,real,unknown,train,2f5203719af842fa,jitter02
1,sid_train,full_synthetic,unknown,train,44bb93a17e575be1,clean
1,sid_train,full_synthetic,unknown,train,44bb93a17e575be1,jpeg70
1,sid_train,full_synthetic,unknown,train,44bb93a17e575be1,resize025
1,sid_train,full_synthetic,unknown,train,44bb93a17e575be1,noise01
0,sid_train,real,unknown,train,1d17caf1e63a113a,clean
0,sid_train,real,unknown,train,1d17caf1e63a113a,jpeg50
0,sid_train,real,unknown,train,1d17caf1e63a113a,blur10
0,sid_train,real,unknown,train,1d17caf1e63a113a,noise005
0,sid_train,real,unknown,train,14f513618332fcdc,clean
0,sid_train,real,unknown,train,14f513618332fcdc,jpeg70
0,sid_train,real,unknown,train,14f513618332fcdc,blur10
0,sid_train,real,unknown,train,14f513618332fcdc,crop08
1,sid_train,full_synthetic,unknown,train,32c0e283072b2625,clean
1,sid_train,full_synthetic,unknown,train,32c0e283072b2625,jpeg70
1,sid_train,full_synthetic,unknown,train,32c0e283072b2625,blur20
1,sid_train,full_synthetic,unknown,train,32c0e283072b2625,crop08
0,sid_train,real,unknown,train,888528d334225cde,clean
0,sid_train,real,unknown,train,888528d334225cde,noise005
0,sid_train,real,unknown,train,888528d334225cde,jitter02
0,sid_train,real,unknown,train,888528d334225cde,crop08
0,sid_train,real,unknown,train,eb84b7bbe5b510a1,clean
0,sid_train,real,unknown,train,eb84b7bbe5b510a1,jpeg30
0,sid_train,real,unknown,train,eb84b7bbe5b510a1,noise005
0,sid_train,real,unknown,train,eb84b7bbe5b510a1,crop08
1,sid_train,full_synthetic,unknown,train,0f5fe33f078e6a52,clean
1,sid_train,full_synthetic,unknown,train,0f5fe33f078e6a52,jpeg90
1,sid_train,full_synthetic,unknown,train,0f5fe33f078e6a52,jpeg70
1,sid_train,full_synthetic,unknown,train,0f5fe33f078e6a52,blur05
0,sid_train,real,unknown,train,db60c166287a85ee,clean
0,sid_train,real,unknown,train,db60c166287a85ee,jpeg70
0,sid_train,real,unknown,train,db60c166287a85ee,jpeg30
0,sid_train,real,unknown,train,db60c166287a85ee,crop08
1,sid_train,full_synthetic,unknown,train,9f4bd3b6024e67d1,clean
1,sid_train,full_synthetic,unknown,train,9f4bd3b6024e67d1,resize025
1,sid_train,full_synthetic,unknown,train,9f4bd3b6024e67d1,noise002
1,sid_train,full_synthetic,unknown,train,9f4bd3b6024e67d1,noise01
1,sid_train,full_synthetic,unknown,train,9cb4f1912175a869,clean
1,sid_train,full_synthetic,unknown,train,9cb4f1912175a869,noise002
1,sid_train,full_synthetic,unknown,train,9cb4f1912175a869,noise005
1,sid_train,full_synthetic,unknown,train,9cb4f1912175a869,jitter02
1,sid_train,full_synthetic,unknown,train,7499ce4f17cd4028,clean
1,sid_train,full_synthetic,unknown,train,7499ce4f17cd4028,jpeg70
1,sid_train,full_synthetic,unknown,train,7499ce4f17cd4028,jpeg50
1,sid_train,full_synthetic,unknown,train,7499ce4f17cd4028,resize05
1,sid_train,full_synthetic,unknown,train,2beff7bc284ddc15,clean
1,sid_train,full_synthetic,unknown,train,2beff7bc284ddc15,resize025
1,sid_train,full_synthetic,unknown,train,2beff7bc284ddc15,jitter02
1,sid_train,full_synthetic,unknown,train,2beff7bc284ddc15,crop08
1,sid_train,full_synthetic,unknown,train,5e5cd3403bb070cc,clean
1,sid_train,full_synthetic,unknown,train,5e5cd3403bb070cc,jpeg70
1,sid_train,full_synthetic,unknown,train,5e5cd3403bb070cc,jpeg50
1,sid_train,full_synthetic,unknown,train,5e5cd3403bb070cc,noise005
1,sid_train,full_synthetic,unknown,train,25d4e32ec396e523,clean
1,sid_train,full_synthetic,unknown,train,25d4e32ec396e523,jpeg30
1,sid_train,full_synthetic,unknown,train,25d4e32ec396e523,resize025
1,sid_train,full_synthetic,unknown,train,25d4e32ec396e523,noise002
0,sid_train,real,unknown,train,99229af076dd4091,clean
0,sid_train,real,unknown,train,99229af076dd4091,blur10
0,sid_train,real,unknown,train,99229af076dd4091,resize05
0,sid_train,real,unknown,train,99229af076dd4091,noise005
1,sid_train,full_synthetic,unknown,train,b204123acda5354b,clean
1,sid_train,full_synthetic,unknown,train,b204123acda5354b,resize05
1,sid_train,full_synthetic,unknown,train,b204123acda5354b,noise002
1,sid_train,full_synthetic,unknown,train,b204123acda5354b,crop08
0,sid_train,real,unknown,train,6726d6267f2f06d6,clean
0,sid_train,real,unknown,train,6726d6267f2f06d6,blur05
0,sid_train,real,unknown,train,6726d6267f2f06d6,blur20
0,sid_train,real,unknown,train,6726d6267f2f06d6,noise002
1,sid_train,full_synthetic,unknown,train,3f4320467e9a9bb3,clean
1,sid_train,full_synthetic,unknown,train,3f4320467e9a9bb3,resize05
1,sid_train,full_synthetic,unknown,train,3f4320467e9a9bb3,noise005
1,sid_train,full_synthetic,unknown,train,3f4320467e9a9bb3,crop08
0,sid_train,real,unknown,train,562d3fd1254a0882,clean
0,sid_train,real,unknown,train,562d3fd1254a0882,blur10
0,sid_train,real,unknown,train,562d3fd1254a0882,jitter02
0,sid_train,real,unknown,train,562d3fd1254a0882,crop08
1,sid_train,full_synthetic,unknown,train,206c884de907462a,clean
1,sid_train,full_synthetic,unknown,train,206c884de907462a,jpeg90
1,sid_train,full_synthetic,unknown,train,206c884de907462a,resize025
1,sid_train,full_synthetic,unknown,train,206c884de907462a,noise002
0,sid_train,real,unknown,train,d049fff955b7f91b,clean
0,sid_train,real,unknown,train,d049fff955b7f91b,blur05
0,sid_train,real,unknown,train,d049fff955b7f91b,blur20
0,sid_train,real,unknown,train,d049fff955b7f91b,noise005
0,sid_train,real,unknown,train,adecc533865ac61c,clean
0,sid_train,real,unknown,train,adecc533865ac61c,jpeg70
0,sid_train,real,unknown,train,adecc533865ac61c,resize025
0,sid_train,real,unknown,train,adecc533865ac61c,noise005
0,sid_train,real,unknown,train,1d80209108d4af33,clean
0,sid_train,real,unknown,train,1d80209108d4af33,jpeg50
0,sid_train,real,unknown,train,1d80209108d4af33,blur20
0,sid_train,real,unknown,train,1d80209108d4af33,jitter02
0,sid_train,real,unknown,train,4f1f806ba1489c90,clean
0,sid_train,real,unknown,train,4f1f806ba1489c90,jpeg30
0,sid_train,real,unknown,train,4f1f806ba1489c90,resize025
0,sid_train,real,unknown,train,4f1f806ba1489c90,noise005
0,sid_train,real,unknown,train,6b1f179f28fe69a1,clean
0,sid_train,real,unknown,train,6b1f179f28fe69a1,jpeg30
0,sid_train,real,unknown,train,6b1f179f28fe69a1,blur10
0,sid_train,real,unknown,train,6b1f179f28fe69a1,jitter02
1,sid_train,full_synthetic,unknown,train,552e4853163dc285,clean
1,sid_train,full_synthetic,unknown,train,552e4853163dc285,jpeg30
1,sid_train,full_synthetic,unknown,train,552e4853163dc285,resize05
1,sid_train,full_synthetic,unknown,train,552e4853163dc285,noise01
0,sid_train,real,unknown,train,66ca9aa076136c63,clean
0,sid_train,real,unknown,train,66ca9aa076136c63,jpeg70
0,sid_train,real,unknown,train,66ca9aa076136c63,resize025
0,sid_train,real,unknown,train,66ca9aa076136c63,crop08
0,sid_train,real,unknown,train,5235c8e3ff5785a1,clean
0,sid_train,real,unknown,train,5235c8e3ff5785a1,jpeg30
0,sid_train,real,unknown,train,5235c8e3ff5785a1,blur05
0,sid_train,real,unknown,train,5235c8e3ff5785a1,blur20
1,sid_train,full_synthetic,unknown,train,ccd17dce3d65f963,clean
1,sid_train,full_synthetic,unknown,train,ccd17dce3d65f963,jpeg30
1,sid_train,full_synthetic,unknown,train,ccd17dce3d65f963,blur20
1,sid_train,full_synthetic,unknown,train,ccd17dce3d65f963,resize025
1,sid_train,full_synthetic,unknown,train,a052bbf284ad7520,clean
1,sid_train,full_synthetic,unknown,train,a052bbf284ad7520,blur10
1,sid_train,full_synthetic,unknown,train,a052bbf284ad7520,jitter02
1,sid_train,full_synthetic,unknown,train,a052bbf284ad7520,crop08
0,sid_train,real,unknown,train,a4cad46191b5ec05,clean
0,sid_train,real,unknown,train,a4cad46191b5ec05,jpeg50
0,sid_train,real,unknown,train,a4cad46191b5ec05,blur05
0,sid_train,real,unknown,train,a4cad46191b5ec05,blur20
0,sid_train,real,unknown,train,41ab43b59721bd3b,clean
0,sid_train,real,unknown,train,41ab43b59721bd3b,jpeg50
0,sid_train,real,unknown,train,41ab43b59721bd3b,blur10
0,sid_train,real,unknown,train,41ab43b59721bd3b,crop08
0,sid_train,real,unknown,train,fcfa0f73857fd6bc,clean
0,sid_train,real,unknown,train,fcfa0f73857fd6bc,blur20
0,sid_train,real,unknown,train,fcfa0f73857fd6bc,noise01
0,sid_train,real,unknown,train,fcfa0f73857fd6bc,crop08
1,sid_train,full_synthetic,unknown,train,daff7b0917b629c0,clean
1,sid_train,full_synthetic,unknown,train,daff7b0917b629c0,jpeg90
1,sid_train,full_synthetic,unknown,train,daff7b0917b629c0,jpeg70
1,sid_train,full_synthetic,unknown,train,daff7b0917b629c0,crop08
0,sid_train,real,unknown,train,b2ed2f10fcc28210,clean
0,sid_train,real,unknown,train,b2ed2f10fcc28210,jpeg90
0,sid_train,real,unknown,train,b2ed2f10fcc28210,blur05
0,sid_train,real,unknown,train,b2ed2f10fcc28210,crop08
1,sid_train,full_synthetic,unknown,train,958ceb824f376542,clean
1,sid_train,full_synthetic,unknown,train,958ceb824f376542,blur10
1,sid_train,full_synthetic,unknown,train,958ceb824f376542,blur20
1,sid_train,full_synthetic,unknown,train,958ceb824f376542,resize025
1,sid_train,full_synthetic,unknown,train,f2e8701eb8fc072e,clean
1,sid_train,full_synthetic,unknown,train,f2e8701eb8fc072e,jpeg50
1,sid_train,full_synthetic,unknown,train,f2e8701eb8fc072e,jpeg30
1,sid_train,full_synthetic,unknown,train,f2e8701eb8fc072e,blur05
1,sid_train,full_synthetic,unknown,train,acd86dd3f92561d3,clean
1,sid_train,full_synthetic,unknown,train,acd86dd3f92561d3,jpeg90
1,sid_train,full_synthetic,unknown,train,acd86dd3f92561d3,jpeg50
1,sid_train,full_synthetic,unknown,train,acd86dd3f92561d3,noise005
0,sid_train,real,unknown,train,eb89edc2b362ed26,clean
0,sid_train,real,unknown,train,eb89edc2b362ed26,jpeg90
0,sid_train,real,unknown,train,eb89edc2b362ed26,jitter02
0,sid_train,real,unknown,train,eb89edc2b362ed26,crop08
0,sid_train,real,unknown,train,614e4322d6202e0a,clean
0,sid_train,real,unknown,train,614e4322d6202e0a,jpeg30
0,sid_train,real,unknown,train,614e4322d6202e0a,noise002
0,sid_train,real,unknown,train,614e4322d6202e0a,noise01
0,sid_train,real,unknown,train,5981ebf46f96db4f,clean
0,sid_train,real,unknown,train,5981ebf46f96db4f,jpeg70
0,sid_train,real,unknown,train,5981ebf46f96db4f,jitter02
0,sid_train,real,unknown,train,5981ebf46f96db4f,crop08
0,sid_train,real,unknown,train,19fb10ced21df164,clean
0,sid_train,real,unknown,train,19fb10ced21df164,jpeg70
0,sid_train,real,unknown,train,19fb10ced21df164,blur10
0,sid_train,real,unknown,train,19fb10ced21df164,resize05
0,sid_train,real,unknown,train,86d403c2f71589f1,clean
0,sid_train,real,unknown,train,86d403c2f71589f1,noise005
0,sid_train,real,unknown,train,86d403c2f71589f1,jitter02
0,sid_train,real,unknown,train,86d403c2f71589f1,crop08
0,sid_train,real,unknown,train,65c68aa84c4fbd42,clean
0,sid_train,real,unknown,train,65c68aa84c4fbd42,jpeg70
0,sid_train,real,unknown,train,65c68aa84c4fbd42,blur05
0,sid_train,real,unknown,train,65c68aa84c4fbd42,crop08
1,sid_train,full_synthetic,unknown,train,592793e6e0a47953,clean
1,sid_train,full_synthetic,unknown,train,592793e6e0a47953,jpeg90
1,sid_train,full_synthetic,unknown,train,592793e6e0a47953,blur20
1,sid_train,full_synthetic,unknown,train,592793e6e0a47953,crop08
0,sid_train,real,unknown,train,c783b4095ffaecba,clean
0,sid_train,real,unknown,train,c783b4095ffaecba,jpeg70
0,sid_train,real,unknown,train,c783b4095ffaecba,jpeg30
0,sid_train,real,unknown,train,c783b4095ffaecba,noise002
0,sid_train,real,unknown,train,288e2d795f81e7bd,clean
0,sid_train,real,unknown,train,288e2d795f81e7bd,jpeg50
0,sid_train,real,unknown,train,288e2d795f81e7bd,resize05
0,sid_train,real,unknown,train,288e2d795f81e7bd,noise005
0,sid_train,real,unknown,train,7ca5cc9c6b7b4213,clean
0,sid_train,real,unknown,train,7ca5cc9c6b7b4213,blur10
0,sid_train,real,unknown,train,7ca5cc9c6b7b4213,blur20
0,sid_train,real,unknown,train,7ca5cc9c6b7b4213,noise002
1,sid_train,full_synthetic,unknown,train,0d9f43adf8b8264c,clean
1,sid_train,full_synthetic,unknown,train,0d9f43adf8b8264c,jpeg90
1,sid_train,full_synthetic,unknown,train,0d9f43adf8b8264c,resize05
1,sid_train,full_synthetic,unknown,train,0d9f43adf8b8264c,noise01
1,sid_train,full_synthetic,unknown,train,a5f0426611e4a25b,clean
1,sid_train,full_synthetic,unknown,train,a5f0426611e4a25b,jpeg50
1,sid_train,full_synthetic,unknown,train,a5f0426611e4a25b,resize05
1,sid_train,full_synthetic,unknown,train,a5f0426611e4a25b,noise002
0,sid_train,real,unknown,train,958924378b59fcd3,clean
0,sid_train,real,unknown,train,958924378b59fcd3,jpeg50
0,sid_train,real,unknown,train,958924378b59fcd3,resize05
0,sid_train,real,unknown,train,958924378b59fcd3,resize025
1,sid_train,full_synthetic,unknown,train,6d5435e429f07657,clean
1,sid_train,full_synthetic,unknown,train,6d5435e429f07657,jpeg50
1,sid_train,full_synthetic,unknown,train,6d5435e429f07657,noise002
1,sid_train,full_synthetic,unknown,train,6d5435e429f07657,crop08
0,sid_train,real,unknown,train,c41ecdf3343cc187,clean
0,sid_train,real,unknown,train,c41ecdf3343cc187,jpeg50
0,sid_train,real,unknown,train,c41ecdf3343cc187,noise005
0,sid_train,real,unknown,train,c41ecdf3343cc187,jitter02
1,sid_train,full_synthetic,unknown,train,190ac5bf5dc668da,clean
1,sid_train,full_synthetic,unknown,train,190ac5bf5dc668da,jpeg50
1,sid_train,full_synthetic,unknown,train,190ac5bf5dc668da,blur10
1,sid_train,full_synthetic,unknown,train,190ac5bf5dc668da,resize05
1,sid_train,full_synthetic,unknown,train,10d7ca7e6d0f6368,clean
1,sid_train,full_synthetic,unknown,train,10d7ca7e6d0f6368,jpeg90
1,sid_train,full_synthetic,unknown,train,10d7ca7e6d0f6368,resize025
1,sid_train,full_synthetic,unknown,train,10d7ca7e6d0f6368,noise002
0,sid_train,real,unknown,train,5791a40617510ed3,clean
0,sid_train,real,unknown,train,5791a40617510ed3,jpeg90
0,sid_train,real,unknown,train,5791a40617510ed3,jpeg50
0,sid_train,real,unknown,train,5791a40617510ed3,resize05
1,sid_train,full_synthetic,unknown,train,4478ac6d286fdce9,clean
1,sid_train,full_synthetic,unknown,train,4478ac6d286fdce9,jpeg90
1,sid_train,full_synthetic,unknown,train,4478ac6d286fdce9,noise002
1,sid_train,full_synthetic,unknown,train,4478ac6d286fdce9,jitter02
1,sid_train,full_synthetic,unknown,train,fc4413b1bd895e2f,clean
1,sid_train,full_synthetic,unknown,train,fc4413b1bd895e2f,jpeg90
1,sid_train,full_synthetic,unknown,train,fc4413b1bd895e2f,jpeg50
1,sid_train,full_synthetic,unknown,train,fc4413b1bd895e2f,jitter02
1,sid_train,full_synthetic,unknown,train,a817ba4c5f422ef3,clean
1,sid_train,full_synthetic,unknown,train,a817ba4c5f422ef3,jpeg50
1,sid_train,full_synthetic,unknown,train,a817ba4c5f422ef3,blur05
1,sid_train,full_synthetic,unknown,train,a817ba4c5f422ef3,blur10
1,sid_train,full_synthetic,unknown,train,1a8d89c1ec954b3f,clean
1,sid_train,full_synthetic,unknown,train,1a8d89c1ec954b3f,blur20
1,sid_train,full_synthetic,unknown,train,1a8d89c1ec954b3f,resize05
1,sid_train,full_synthetic,unknown,train,1a8d89c1ec954b3f,resize025
0,sid_train,real,unknown,train,baeb6f57df8e6197,clean
0,sid_train,real,unknown,train,baeb6f57df8e6197,jpeg50
0,sid_train,real,unknown,train,baeb6f57df8e6197,noise002
0,sid_train,real,unknown,train,baeb6f57df8e6197,noise01
1,sid_train,full_synthetic,unknown,train,f220049b9b9ee890,clean
1,sid_train,full_synthetic,unknown,train,f220049b9b9ee890,jpeg90
1,sid_train,full_synthetic,unknown,train,f220049b9b9ee890,resize025
1,sid_train,full_synthetic,unknown,train,f220049b9b9ee890,noise005
0,sid_train,real,unknown,train,87cedb0389056a3c,clean
0,sid_train,real,unknown,train,87cedb0389056a3c,blur20
0,sid_train,real,unknown,train,87cedb0389056a3c,noise01
0,sid_train,real,unknown,train,87cedb0389056a3c,crop08
1,sid_train,full_synthetic,unknown,train,d27ef7fe349b4e5c,clean
1,sid_train,full_synthetic,unknown,train,d27ef7fe349b4e5c,resize05
1,sid_train,full_synthetic,unknown,train,d27ef7fe349b4e5c,resize025
1,sid_train,full_synthetic,unknown,train,d27ef7fe349b4e5c,noise01
1,sid_train,full_synthetic,unknown,train,38e63b734116fbfc,clean
1,sid_train,full_synthetic,unknown,train,38e63b734116fbfc,jpeg70
1,sid_train,full_synthetic,unknown,train,38e63b734116fbfc,blur10
1,sid_train,full_synthetic,unknown,train,38e63b734116fbfc,noise002
1,sid_train,full_synthetic,unknown,train,2979659bed1fe03c,clean
1,sid_train,full_synthetic,unknown,train,2979659bed1fe03c,blur20
1,sid_train,full_synthetic,unknown,train,2979659bed1fe03c,noise005
1,sid_train,full_synthetic,unknown,train,2979659bed1fe03c,noise01
1,sid_train,full_synthetic,unknown,train,76f2d70fd9819b2a,clean
1,sid_train,full_synthetic,unknown,train,76f2d70fd9819b2a,jpeg50
1,sid_train,full_synthetic,unknown,train,76f2d70fd9819b2a,resize05
1,sid_train,full_synthetic,unknown,train,76f2d70fd9819b2a,resize025
0,sid_train,real,unknown,train,b3329f3170d4135b,clean
0,sid_train,real,unknown,train,b3329f3170d4135b,jpeg90
0,sid_train,real,unknown,train,b3329f3170d4135b,resize05
0,sid_train,real,unknown,train,b3329f3170d4135b,noise01
1,sid_train,full_synthetic,unknown,train,bc5cf3fa65d4527a,clean
1,sid_train,full_synthetic,unknown,train,bc5cf3fa65d4527a,jpeg50
1,sid_train,full_synthetic,unknown,train,bc5cf3fa65d4527a,blur05
1,sid_train,full_synthetic,unknown,train,bc5cf3fa65d4527a,noise01
0,sid_train,real,unknown,train,41dac2b1a9708382,clean
0,sid_train,real,unknown,train,41dac2b1a9708382,resize05
0,sid_train,real,unknown,train,41dac2b1a9708382,noise005
0,sid_train,real,unknown,train,41dac2b1a9708382,crop08
1,sid_train,full_synthetic,unknown,train,971841169f841f33,clean
1,sid_train,full_synthetic,unknown,train,971841169f841f33,blur20
1,sid_train,full_synthetic,unknown,train,971841169f841f33,resize05
1,sid_train,full_synthetic,unknown,train,971841169f841f33,crop08
1,sid_train,full_synthetic,unknown,train,4624df86c21ada21,clean
1,sid_train,full_synthetic,unknown,train,4624df86c21ada21,jpeg90
1,sid_train,full_synthetic,unknown,train,4624df86c21ada21,jpeg70
1,sid_train,full_synthetic,unknown,train,4624df86c21ada21,noise005
0,sid_train,real,unknown,train,9ca42dba4dacd448,clean
0,sid_train,real,unknown,train,9ca42dba4dacd448,jpeg70
0,sid_train,real,unknown,train,9ca42dba4dacd448,jpeg50
0,sid_train,real,unknown,train,9ca42dba4dacd448,noise005
0,sid_train,real,unknown,train,a06642988ca17725,clean
0,sid_train,real,unknown,train,a06642988ca17725,blur20
0,sid_train,real,unknown,train,a06642988ca17725,noise01
0,sid_train,real,unknown,train,a06642988ca17725,crop08
1,sid_train,full_synthetic,unknown,train,c0f31b4378e8e051,clean
1,sid_train,full_synthetic,unknown,train,c0f31b4378e8e051,jpeg90
1,sid_train,full_synthetic,unknown,train,c0f31b4378e8e051,noise005
1,sid_train,full_synthetic,unknown,train,c0f31b4378e8e051,jitter02
1,sid_train,full_synthetic,unknown,train,e15aed7b9b142a5a,clean
1,sid_train,full_synthetic,unknown,train,e15aed7b9b142a5a,jpeg90
1,sid_train,full_synthetic,unknown,train,e15aed7b9b142a5a,jpeg70
1,sid_train,full_synthetic,unknown,train,e15aed7b9b142a5a,blur10
1,sid_train,full_synthetic,unknown,train,25256b8440d79d15,clean
1,sid_train,full_synthetic,unknown,train,25256b8440d79d15,jpeg70
1,sid_train,full_synthetic,unknown,train,25256b8440d79d15,jpeg30
1,sid_train,full_synthetic,unknown,train,25256b8440d79d15,jitter02
1,sid_train,full_synthetic,unknown,train,303b463146591d5f,clean
1,sid_train,full_synthetic,unknown,train,303b463146591d5f,blur05
1,sid_train,full_synthetic,unknown,train,303b463146591d5f,resize05
1,sid_train,full_synthetic,unknown,train,303b463146591d5f,noise002
1,sid_train,full_synthetic,unknown,train,03bfdbf9ab5731cc,clean
1,sid_train,full_synthetic,unknown,train,03bfdbf9ab5731cc,jpeg90
1,sid_train,full_synthetic,unknown,train,03bfdbf9ab5731cc,jpeg70
1,sid_train,full_synthetic,unknown,train,03bfdbf9ab5731cc,noise005
1,sid_train,full_synthetic,unknown,train,0d54348e082a976f,clean
1,sid_train,full_synthetic,unknown,train,0d54348e082a976f,noise002
1,sid_train,full_synthetic,unknown,train,0d54348e082a976f,noise01
1,sid_train,full_synthetic,unknown,train,0d54348e082a976f,crop08
0,sid_train,real,unknown,train,fc2aed7f6842df47,clean
0,sid_train,real,unknown,train,fc2aed7f6842df47,jpeg90
0,sid_train,real,unknown,train,fc2aed7f6842df47,jpeg30
0,sid_train,real,unknown,train,fc2aed7f6842df47,noise002
0,sid_train,real,unknown,train,1ef188f3e574f0eb,clean
0,sid_train,real,unknown,train,1ef188f3e574f0eb,jpeg90
0,sid_train,real,unknown,train,1ef188f3e574f0eb,jpeg30
0,sid_train,real,unknown,train,1ef188f3e574f0eb,noise01
0,sid_train,real,unknown,train,c5a670340c447599,clean
0,sid_train,real,unknown,train,c5a670340c447599,jpeg30
0,sid_train,real,unknown,train,c5a670340c447599,noise005
0,sid_train,real,unknown,train,c5a670340c447599,crop08
0,sid_train,real,unknown,train,d0bb0d75913c8d09,clean
0,sid_train,real,unknown,train,d0bb0d75913c8d09,resize05
0,sid_train,real,unknown,train,d0bb0d75913c8d09,noise01
0,sid_train,real,unknown,train,d0bb0d75913c8d09,crop08
0,sid_train,real,unknown,train,a15a4e3578196b6b,clean
0,sid_train,real,unknown,train,a15a4e3578196b6b,jpeg30
0,sid_train,real,unknown,train,a15a4e3578196b6b,blur05
0,sid_train,real,unknown,train,a15a4e3578196b6b,noise005
1,sid_train,full_synthetic,unknown,train,ed354a49ef042c05,clean
1,sid_train,full_synthetic,unknown,train,ed354a49ef042c05,jpeg90
1,sid_train,full_synthetic,unknown,train,ed354a49ef042c05,jpeg70
1,sid_train,full_synthetic,unknown,train,ed354a49ef042c05,blur05
1,sid_train,full_synthetic,unknown,train,5401cfd8964738f7,clean
1,sid_train,full_synthetic,unknown,train,5401cfd8964738f7,blur05
1,sid_train,full_synthetic,unknown,train,5401cfd8964738f7,blur10
1,sid_train,full_synthetic,unknown,train,5401cfd8964738f7,blur20
1,sid_train,full_synthetic,unknown,train,8985fc6029a19801,clean
1,sid_train,full_synthetic,unknown,train,8985fc6029a19801,jpeg90
1,sid_train,full_synthetic,unknown,train,8985fc6029a19801,blur05
1,sid_train,full_synthetic,unknown,train,8985fc6029a19801,blur20
0,sid_train,real,unknown,train,e4dcad0d033a8f89,clean
0,sid_train,real,unknown,train,e4dcad0d033a8f89,jpeg90
0,sid_train,real,unknown,train,e4dcad0d033a8f89,jpeg50
0,sid_train,real,unknown,train,e4dcad0d033a8f89,blur10
1,sid_train,full_synthetic,unknown,train,83bb2a4bc55ab0a3,clean
1,sid_train,full_synthetic,unknown,train,83bb2a4bc55ab0a3,jpeg70
1,sid_train,full_synthetic,unknown,train,83bb2a4bc55ab0a3,blur05
1,sid_train,full_synthetic,unknown,train,83bb2a4bc55ab0a3,blur20
1,sid_train,full_synthetic,unknown,train,f0254e3c08b33b4f,clean
1,sid_train,full_synthetic,unknown,train,f0254e3c08b33b4f,blur05
1,sid_train,full_synthetic,unknown,train,f0254e3c08b33b4f,blur20
1,sid_train,full_synthetic,unknown,train,f0254e3c08b33b4f,crop08
1,sid_train,full_synthetic,unknown,train,36e3a9618fed94ea,clean
1,sid_train,full_synthetic,unknown,train,36e3a9618fed94ea,jpeg30
1,sid_train,full_synthetic,unknown,train,36e3a9618fed94ea,noise002
1,sid_train,full_synthetic,unknown,train,36e3a9618fed94ea,noise005
0,sid_train,real,unknown,train,2d2aedaaba3238e2,clean
0,sid_train,real,unknown,train,2d2aedaaba3238e2,jpeg70
0,sid_train,real,unknown,train,2d2aedaaba3238e2,jpeg30
0,sid_train,real,unknown,train,2d2aedaaba3238e2,jitter02
0,sid_train,real,unknown,train,85f1cd0629d2d355,clean
0,sid_train,real,unknown,train,85f1cd0629d2d355,blur20
0,sid_train,real,unknown,train,85f1cd0629d2d355,noise005
0,sid_train,real,unknown,train,85f1cd0629d2d355,jitter02
0,sid_train,real,unknown,train,b1c517a3030c527d,clean
0,sid_train,real,unknown,train,b1c517a3030c527d,jpeg90
0,sid_train,real,unknown,train,b1c517a3030c527d,blur05
0,sid_train,real,unknown,train,b1c517a3030c527d,blur20
1,sid_train,full_synthetic,unknown,train,f44f53671599d035,clean
1,sid_train,full_synthetic,unknown,train,f44f53671599d035,noise01
1,sid_train,full_synthetic,unknown,train,f44f53671599d035,jitter02
1,sid_train,full_synthetic,unknown,train,f44f53671599d035,crop08
0,sid_train,real,unknown,train,440e695a6774ec91,clean
0,sid_train,real,unknown,train,440e695a6774ec91,jpeg30
0,sid_train,real,unknown,train,440e695a6774ec91,blur20
0,sid_train,real,unknown,train,440e695a6774ec91,crop08
0,sid_train,real,unknown,train,263194177e68cb9a,clean
0,sid_train,real,unknown,train,263194177e68cb9a,jpeg70
0,sid_train,real,unknown,train,263194177e68cb9a,resize05
0,sid_train,real,unknown,train,263194177e68cb9a,noise01
1,sid_train,full_synthetic,unknown,train,293b2a2ecef9d299,clean
1,sid_train,full_synthetic,unknown,train,293b2a2ecef9d299,jpeg70
1,sid_train,full_synthetic,unknown,train,293b2a2ecef9d299,resize05
1,sid_train,full_synthetic,unknown,train,293b2a2ecef9d299,resize025
1,sid_train,full_synthetic,unknown,train,e8de73bf32034e00,clean
1,sid_train,full_synthetic,unknown,train,e8de73bf32034e00,jpeg70
1,sid_train,full_synthetic,unknown,train,e8de73bf32034e00,noise002
1,sid_train,full_synthetic,unknown,train,e8de73bf32034e00,noise01
0,sid_train,real,unknown,train,38bd86c333279e2e,clean
0,sid_train,real,unknown,train,38bd86c333279e2e,noise005
0,sid_train,real,unknown,train,38bd86c333279e2e,noise01
0,sid_train,real,unknown,train,38bd86c333279e2e,crop08
0,sid_train,real,unknown,train,1fc56a6313ab9b59,clean
0,sid_train,real,unknown,train,1fc56a6313ab9b59,jpeg50
0,sid_train,real,unknown,train,1fc56a6313ab9b59,noise002
0,sid_train,real,unknown,train,1fc56a6313ab9b59,noise01
0,sid_train,real,unknown,train,ec147c04d531c227,clean
0,sid_train,real,unknown,train,ec147c04d531c227,jpeg90
0,sid_train,real,unknown,train,ec147c04d531c227,blur05
0,sid_train,real,unknown,train,ec147c04d531c227,resize05
0,sid_train,real,unknown,train,34fb050a746fd0af,clean
0,sid_train,real,unknown,train,34fb050a746fd0af,jpeg90
0,sid_train,real,unknown,train,34fb050a746fd0af,blur20
0,sid_train,real,unknown,train,34fb050a746fd0af,resize05
0,sid_train,real,unknown,train,c3e26446f3eee283,clean
0,sid_train,real,unknown,train,c3e26446f3eee283,resize05
0,sid_train,real,unknown,train,c3e26446f3eee283,resize025
0,sid_train,real,unknown,train,c3e26446f3eee283,noise002
1,sid_train,full_synthetic,unknown,train,b1fd967301178b3f,clean
1,sid_train,full_synthetic,unknown,train,b1fd967301178b3f,jpeg90
1,sid_train,full_synthetic,unknown,train,b1fd967301178b3f,jpeg30
1,sid_train,full_synthetic,unknown,train,b1fd967301178b3f,noise005
0,sid_train,real,unknown,train,4766380b3ff4b191,clean
0,sid_train,real,unknown,train,4766380b3ff4b191,jpeg90
0,sid_train,real,unknown,train,4766380b3ff4b191,jpeg30
0,sid_train,real,unknown,train,4766380b3ff4b191,resize025
0,sid_train,real,unknown,train,ad90c0a50aaf3c1c,clean
0,sid_train,real,unknown,train,ad90c0a50aaf3c1c,resize05
0,sid_train,real,unknown,train,ad90c0a50aaf3c1c,noise005
0,sid_train,real,unknown,train,ad90c0a50aaf3c1c,jitter02
1,sid_train,full_synthetic,unknown,train,569b16617de7b449,clean
1,sid_train,full_synthetic,unknown,train,569b16617de7b449,blur05
1,sid_train,full_synthetic,unknown,train,569b16617de7b449,resize025
1,sid_train,full_synthetic,unknown,train,569b16617de7b449,crop08
1,sid_train,full_synthetic,unknown,train,26bbce22d1cd9f10,clean
1,sid_train,full_synthetic,unknown,train,26bbce22d1cd9f10,jpeg70
1,sid_train,full_synthetic,unknown,train,26bbce22d1cd9f10,jpeg30
1,sid_train,full_synthetic,unknown,train,26bbce22d1cd9f10,blur10
0,sid_train,real,unknown,train,827b4bf202aaab85,clean
0,sid_train,real,unknown,train,827b4bf202aaab85,jpeg30
0,sid_train,real,unknown,train,827b4bf202aaab85,resize05
0,sid_train,real,unknown,train,827b4bf202aaab85,resize025
1,sid_train,full_synthetic,unknown,train,6f1f7caaf09f0207,clean
1,sid_train,full_synthetic,unknown,train,6f1f7caaf09f0207,jpeg70
1,sid_train,full_synthetic,unknown,train,6f1f7caaf09f0207,resize05
1,sid_train,full_synthetic,unknown,train,6f1f7caaf09f0207,noise002
1,sid_train,full_synthetic,unknown,train,14278a0a326edd11,clean
1,sid_train,full_synthetic,unknown,train,14278a0a326edd11,jpeg90
1,sid_train,full_synthetic,unknown,train,14278a0a326edd11,jpeg30
1,sid_train,full_synthetic,unknown,train,14278a0a326edd11,blur10
1,sid_train,full_synthetic,unknown,train,ec6193206bb41e7f,clean
1,sid_train,full_synthetic,unknown,train,ec6193206bb41e7f,jpeg90
1,sid_train,full_synthetic,unknown,train,ec6193206bb41e7f,blur20
1,sid_train,full_synthetic,unknown,train,ec6193206bb41e7f,resize05
1,sid_train,full_synthetic,unknown,train,78f325ee26a90827,clean
1,sid_train,full_synthetic,unknown,train,78f325ee26a90827,jpeg50
1,sid_train,full_synthetic,unknown,train,78f325ee26a90827,blur10
1,sid_train,full_synthetic,unknown,train,78f325ee26a90827,jitter02
1,sid_train,full_synthetic,unknown,train,e68e912c037f831b,clean
1,sid_train,full_synthetic,unknown,train,e68e912c037f831b,jpeg70
1,sid_train,full_synthetic,unknown,train,e68e912c037f831b,blur10
1,sid_train,full_synthetic,unknown,train,e68e912c037f831b,resize05
1,sid_train,full_synthetic,unknown,train,b047a062bf53801e,clean
1,sid_train,full_synthetic,unknown,train,b047a062bf53801e,jpeg30
1,sid_train,full_synthetic,unknown,train,b047a062bf53801e,blur05
1,sid_train,full_synthetic,unknown,train,b047a062bf53801e,noise01
1,sid_train,full_synthetic,unknown,train,7134bec9c5bbdd5b,clean
1,sid_train,full_synthetic,unknown,train,7134bec9c5bbdd5b,jpeg50
1,sid_train,full_synthetic,unknown,train,7134bec9c5bbdd5b,blur20
1,sid_train,full_synthetic,unknown,train,7134bec9c5bbdd5b,noise005
1,sid_train,full_synthetic,unknown,train,95efeee7dc27fd84,clean
1,sid_train,full_synthetic,unknown,train,95efeee7dc27fd84,jpeg70
1,sid_train,full_synthetic,unknown,train,95efeee7dc27fd84,blur05
1,sid_train,full_synthetic,unknown,train,95efeee7dc27fd84,noise002
0,sid_train,real,unknown,train,153ba72bf7be6347,clean
0,sid_train,real,unknown,train,153ba72bf7be6347,jpeg70
0,sid_train,real,unknown,train,153ba72bf7be6347,jpeg50
0,sid_train,real,unknown,train,153ba72bf7be6347,jpeg30
1,sid_train,full_synthetic,unknown,train,c95442db8a893d78,clean
1,sid_train,full_synthetic,unknown,train,c95442db8a893d78,jpeg50
1,sid_train,full_synthetic,unknown,train,c95442db8a893d78,resize05
1,sid_train,full_synthetic,unknown,train,c95442db8a893d78,noise01
0,sid_train,real,unknown,train,c72d0a4d6f7ca066,clean
0,sid_train,real,unknown,train,c72d0a4d6f7ca066,jpeg70
0,sid_train,real,unknown,train,c72d0a4d6f7ca066,resize025
0,sid_train,real,unknown,train,c72d0a4d6f7ca066,noise005
1,sid_train,full_synthetic,unknown,train,f44b2cfa68a46be0,clean
1,sid_train,full_synthetic,unknown,train,f44b2cfa68a46be0,blur05
1,sid_train,full_synthetic,unknown,train,f44b2cfa68a46be0,resize05
1,sid_train,full_synthetic,unknown,train,f44b2cfa68a46be0,noise005
0,sid_train,real,unknown,train,944f9901c851d161,clean
0,sid_train,real,unknown,train,944f9901c851d161,blur10
0,sid_train,real,unknown,train,944f9901c851d161,noise005
0,sid_train,real,unknown,train,944f9901c851d161,jitter02
1,sid_train,full_synthetic,unknown,train,1c5b687bf040e473,clean
1,sid_train,full_synthetic,unknown,train,1c5b687bf040e473,blur05
1,sid_train,full_synthetic,unknown,train,1c5b687bf040e473,blur10
1,sid_train,full_synthetic,unknown,train,1c5b687bf040e473,resize025
1,sid_train,full_synthetic,unknown,train,792915e1d10eefcf,clean
1,sid_train,full_synthetic,unknown,train,792915e1d10eefcf,resize05
1,sid_train,full_synthetic,unknown,train,792915e1d10eefcf,resize025
1,sid_train,full_synthetic,unknown,train,792915e1d10eefcf,noise005
0,sid_train,real,unknown,train,03264aa95e944543,clean
0,sid_train,real,unknown,train,03264aa95e944543,blur10
0,sid_train,real,unknown,train,03264aa95e944543,blur20
0,sid_train,real,unknown,train,03264aa95e944543,crop08
1,sid_train,full_synthetic,unknown,train,b8864100a4ac23b9,clean
1,sid_train,full_synthetic,unknown,train,b8864100a4ac23b9,blur05
1,sid_train,full_synthetic,unknown,train,b8864100a4ac23b9,blur10
1,sid_train,full_synthetic,unknown,train,b8864100a4ac23b9,crop08
1,sid_train,full_synthetic,unknown,train,af4813748b006737,clean
1,sid_train,full_synthetic,unknown,train,af4813748b006737,noise002
1,sid_train,full_synthetic,unknown,train,af4813748b006737,jitter02
1,sid_train,full_synthetic,unknown,train,af4813748b006737,crop08
0,sid_train,real,unknown,train,0797de26ea900d3b,clean
0,sid_train,real,unknown,train,0797de26ea900d3b,blur05
0,sid_train,real,unknown,train,0797de26ea900d3b,blur10
0,sid_train,real,unknown,train,0797de26ea900d3b,noise01
0,sid_train,real,unknown,train,caf87100a710ba93,clean
0,sid_train,real,unknown,train,caf87100a710ba93,jpeg70
0,sid_train,real,unknown,train,caf87100a710ba93,resize025
0,sid_train,real,unknown,train,caf87100a710ba93,noise002
0,sid_train,real,unknown,train,a1c43db948b69045,clean
0,sid_train,real,unknown,train,a1c43db948b69045,noise002
0,sid_train,real,unknown,train,a1c43db948b69045,jitter02
0,sid_train,real,unknown,train,a1c43db948b69045,crop08
1,sid_train,full_synthetic,unknown,train,0a7eaed53a8741c6,clean
1,sid_train,full_synthetic,unknown,train,0a7eaed53a8741c6,jpeg50
1,sid_train,full_synthetic,unknown,train,0a7eaed53a8741c6,resize025
1,sid_train,full_synthetic,unknown,train,0a7eaed53a8741c6,noise002
0,sid_train,real,unknown,train,aa6755f1e0cccfc9,clean
0,sid_train,real,unknown,train,aa6755f1e0cccfc9,jpeg50
0,sid_train,real,unknown,train,aa6755f1e0cccfc9,blur20
0,sid_train,real,unknown,train,aa6755f1e0cccfc9,noise002
1,sid_train,full_synthetic,unknown,train,b5773df921d08397,clean
1,sid_train,full_synthetic,unknown,train,b5773df921d08397,jpeg50
1,sid_train,full_synthetic,unknown,train,b5773df921d08397,resize05
1,sid_train,full_synthetic,unknown,train,b5773df921d08397,jitter02
1,sid_train,full_synthetic,unknown,train,d7098b072fb6b798,clean
1,sid_train,full_synthetic,unknown,train,d7098b072fb6b798,jpeg70
1,sid_train,full_synthetic,unknown,train,d7098b072fb6b798,blur20
1,sid_train,full_synthetic,unknown,train,d7098b072fb6b798,crop08
0,sid_train,real,unknown,train,068dad1f9f0a0c55,clean
0,sid_train,real,unknown,train,068dad1f9f0a0c55,jpeg70
0,sid_train,real,unknown,train,068dad1f9f0a0c55,noise002
0,sid_train,real,unknown,train,068dad1f9f0a0c55,jitter02
1,sid_train,full_synthetic,unknown,train,b8476f1862be2154,clean
1,sid_train,full_synthetic,unknown,train,b8476f1862be2154,jpeg30
1,sid_train,full_synthetic,unknown,train,b8476f1862be2154,blur05
1,sid_train,full_synthetic,unknown,train,b8476f1862be2154,resize025
0,sid_train,real,unknown,train,afa9b970d17a9dcb,clean
0,sid_train,real,unknown,train,afa9b970d17a9dcb,jpeg70
0,sid_train,real,unknown,train,afa9b970d17a9dcb,jpeg30
0,sid_train,real,unknown,train,afa9b970d17a9dcb,jitter02
1,sid_train,full_synthetic,unknown,train,a508ef6b6f33dddf,clean
1,sid_train,full_synthetic,unknown,train,a508ef6b6f33dddf,blur05
1,sid_train,full_synthetic,unknown,train,a508ef6b6f33dddf,blur10
1,sid_train,full_synthetic,unknown,train,a508ef6b6f33dddf,resize025
0,sid_train,real,unknown,train,fa834e1f189d6b8b,clean
0,sid_train,real,unknown,train,fa834e1f189d6b8b,jpeg90
0,sid_train,real,unknown,train,fa834e1f189d6b8b,jpeg70
0,sid_train,real,unknown,train,fa834e1f189d6b8b,jitter02
0,sid_train,real,unknown,train,cc46e4adebefdbe4,clean
0,sid_train,real,unknown,train,cc46e4adebefdbe4,noise005
0,sid_train,real,unknown,train,cc46e4adebefdbe4,noise01
0,sid_train,real,unknown,train,cc46e4adebefdbe4,jitter02
0,sid_train,real,unknown,train,ed8a794a21a2e7c3,clean
0,sid_train,real,unknown,train,ed8a794a21a2e7c3,jpeg50
0,sid_train,real,unknown,train,ed8a794a21a2e7c3,jpeg30
0,sid_train,real,unknown,train,ed8a794a21a2e7c3,jitter02
1,sid_train,full_synthetic,unknown,train,95bafc2fdc9358a7,clean
1,sid_train,full_synthetic,unknown,train,95bafc2fdc9358a7,resize05
1,sid_train,full_synthetic,unknown,train,95bafc2fdc9358a7,noise01
1,sid_train,full_synthetic,unknown,train,95bafc2fdc9358a7,jitter02
0,sid_train,real,unknown,train,3a5c22f35f810d61,clean
0,sid_train,real,unknown,train,3a5c22f35f810d61,jpeg50
0,sid_train,real,unknown,train,3a5c22f35f810d61,jpeg30
0,sid_train,real,unknown,train,3a5c22f35f810d61,blur10
0,sid_train,real,unknown,train,ac54462965349fee,clean
0,sid_train,real,unknown,train,ac54462965349fee,jpeg50
0,sid_train,real,unknown,train,ac54462965349fee,blur10
0,sid_train,real,unknown,train,ac54462965349fee,noise002
0,sid_train,real,unknown,train,21a87f04ddf5368c,clean
0,sid_train,real,unknown,train,21a87f04ddf5368c,jpeg70
0,sid_train,real,unknown,train,21a87f04ddf5368c,blur10
0,sid_train,real,unknown,train,21a87f04ddf5368c,noise002
0,sid_train,real,unknown,train,88c100f2e39a2dd5,clean
0,sid_train,real,unknown,train,88c100f2e39a2dd5,noise002
0,sid_train,real,unknown,train,88c100f2e39a2dd5,jitter02
0,sid_train,real,unknown,train,88c100f2e39a2dd5,crop08
1,sid_train,full_synthetic,unknown,train,35f87c51323bf5e5,clean
1,sid_train,full_synthetic,unknown,train,35f87c51323bf5e5,jpeg70
1,sid_train,full_synthetic,unknown,train,35f87c51323bf5e5,resize05
1,sid_train,full_synthetic,unknown,train,35f87c51323bf5e5,noise005
0,sid_train,real,unknown,train,3041151a2244b34c,clean
0,sid_train,real,unknown,train,3041151a2244b34c,jpeg50
0,sid_train,real,unknown,train,3041151a2244b34c,jpeg30
0,sid_train,real,unknown,train,3041151a2244b34c,crop08
1,sid_train,full_synthetic,unknown,train,31db2f7653f9ae9c,clean
1,sid_train,full_synthetic,unknown,train,31db2f7653f9ae9c,jpeg70
1,sid_train,full_synthetic,unknown,train,31db2f7653f9ae9c,resize025
1,sid_train,full_synthetic,unknown,train,31db2f7653f9ae9c,noise01
1,sid_train,full_synthetic,unknown,train,49be1573c1e698ac,clean
1,sid_train,full_synthetic,unknown,train,49be1573c1e698ac,jpeg70
1,sid_train,full_synthetic,unknown,train,49be1573c1e698ac,resize05
1,sid_train,full_synthetic,unknown,train,49be1573c1e698ac,noise002
0,sid_train,real,unknown,train,b71129c262587aa2,clean
0,sid_train,real,unknown,train,b71129c262587aa2,blur05
0,sid_train,real,unknown,train,b71129c262587aa2,blur20
0,sid_train,real,unknown,train,b71129c262587aa2,crop08
1,sid_train,full_synthetic,unknown,train,36f3b2c1164fa100,clean
1,sid_train,full_synthetic,unknown,train,36f3b2c1164fa100,blur05
1,sid_train,full_synthetic,unknown,train,36f3b2c1164fa100,resize025
1,sid_train,full_synthetic,unknown,train,36f3b2c1164fa100,noise002
1,sid_train,full_synthetic,unknown,train,6bcb2d1604998eb8,clean
1,sid_train,full_synthetic,unknown,train,6bcb2d1604998eb8,blur05
1,sid_train,full_synthetic,unknown,train,6bcb2d1604998eb8,resize025
1,sid_train,full_synthetic,unknown,train,6bcb2d1604998eb8,jitter02
0,sid_train,real,unknown,train,db4ebde4d6b0db4c,clean
0,sid_train,real,unknown,train,db4ebde4d6b0db4c,noise005
0,sid_train,real,unknown,train,db4ebde4d6b0db4c,noise01
0,sid_train,real,unknown,train,db4ebde4d6b0db4c,jitter02
1,sid_train,full_synthetic,unknown,train,8acff301bff69193,clean
1,sid_train,full_synthetic,unknown,train,8acff301bff69193,jpeg90
1,sid_train,full_synthetic,unknown,train,8acff301bff69193,noise005
1,sid_train,full_synthetic,unknown,train,8acff301bff69193,crop08
1,sid_train,full_synthetic,unknown,train,ca9e21366dba761c,clean
1,sid_train,full_synthetic,unknown,train,ca9e21366dba761c,jpeg70
1,sid_train,full_synthetic,unknown,train,ca9e21366dba761c,blur05
1,sid_train,full_synthetic,unknown,train,ca9e21366dba761c,noise002
0,sid_train,real,unknown,train,715fab7d6a1f788c,clean
0,sid_train,real,unknown,train,715fab7d6a1f788c,jpeg50
0,sid_train,real,unknown,train,715fab7d6a1f788c,blur05
0,sid_train,real,unknown,train,715fab7d6a1f788c,blur10
1,sid_train,full_synthetic,unknown,train,807b63379fa2e59b,clean
1,sid_train,full_synthetic,unknown,train,807b63379fa2e59b,jpeg70
1,sid_train,full_synthetic,unknown,train,807b63379fa2e59b,jpeg50
1,sid_train,full_synthetic,unknown,train,807b63379fa2e59b,noise002
1,sid_train,full_synthetic,unknown,train,f8c29085965d090c,clean
1,sid_train,full_synthetic,unknown,train,f8c29085965d090c,blur10
1,sid_train,full_synthetic,unknown,train,f8c29085965d090c,noise005
1,sid_train,full_synthetic,unknown,train,f8c29085965d090c,noise01
0,sid_train,real,unknown,train,fd263b8f2858e8e2,clean
0,sid_train,real,unknown,train,fd263b8f2858e8e2,jpeg50
0,sid_train,real,unknown,train,fd263b8f2858e8e2,noise005
0,sid_train,real,unknown,train,fd263b8f2858e8e2,crop08
0,sid_train,real,unknown,train,34d6c2b96d8d9e72,clean
0,sid_train,real,unknown,train,34d6c2b96d8d9e72,jpeg70
0,sid_train,real,unknown,train,34d6c2b96d8d9e72,blur05
0,sid_train,real,unknown,train,34d6c2b96d8d9e72,resize025
1,sid_train,full_synthetic,unknown,train,9b405db6c7b2a57f,clean
1,sid_train,full_synthetic,unknown,train,9b405db6c7b2a57f,jpeg30
1,sid_train,full_synthetic,unknown,train,9b405db6c7b2a57f,blur05
1,sid_train,full_synthetic,unknown,train,9b405db6c7b2a57f,resize025
0,sid_train,real,unknown,train,6869be05a2a5f079,clean
0,sid_train,real,unknown,train,6869be05a2a5f079,noise005
0,sid_train,real,unknown,train,6869be05a2a5f079,jitter02
0,sid_train,real,unknown,train,6869be05a2a5f079,crop08
0,sid_train,real,unknown,train,f738d0c675600d3c,clean
0,sid_train,real,unknown,train,f738d0c675600d3c,blur05
0,sid_train,real,unknown,train,f738d0c675600d3c,noise002
0,sid_train,real,unknown,train,f738d0c675600d3c,jitter02
0,sid_train,real,unknown,train,4b9ab7e8b06fb6b2,clean
0,sid_train,real,unknown,train,4b9ab7e8b06fb6b2,jpeg70
0,sid_train,real,unknown,train,4b9ab7e8b06fb6b2,jpeg30
0,sid_train,real,unknown,train,4b9ab7e8b06fb6b2,jitter02
1,sid_train,full_synthetic,unknown,train,41b5d994c1c69610,clean
1,sid_train,full_synthetic,unknown,train,41b5d994c1c69610,blur05
1,sid_train,full_synthetic,unknown,train,41b5d994c1c69610,blur10
1,sid_train,full_synthetic,unknown,train,41b5d994c1c69610,blur20
1,sid_train,full_synthetic,unknown,train,cac12b2373ec3cec,clean
1,sid_train,full_synthetic,unknown,train,cac12b2373ec3cec,jpeg90
1,sid_train,full_synthetic,unknown,train,cac12b2373ec3cec,blur10
1,sid_train,full_synthetic,unknown,train,cac12b2373ec3cec,noise005
1,sid_train,full_synthetic,unknown,train,09aae6667634da9a,clean
1,sid_train,full_synthetic,unknown,train,09aae6667634da9a,jpeg50
1,sid_train,full_synthetic,unknown,train,09aae6667634da9a,blur05
1,sid_train,full_synthetic,unknown,train,09aae6667634da9a,jitter02
0,sid_train,real,unknown,train,8b5915c4bc422fe1,clean
0,sid_train,real,unknown,train,8b5915c4bc422fe1,resize05
0,sid_train,real,unknown,train,8b5915c4bc422fe1,noise01
0,sid_train,real,unknown,train,8b5915c4bc422fe1,crop08
0,sid_train,real,unknown,train,55bf950becec3d54,clean
0,sid_train,real,unknown,train,55bf950becec3d54,blur05
0,sid_train,real,unknown,train,55bf950becec3d54,blur10
0,sid_train,real,unknown,train,55bf950becec3d54,jitter02
0,sid_train,real,unknown,train,3d505e9c5c212a8a,clean
0,sid_train,real,unknown,train,3d505e9c5c212a8a,resize05
0,sid_train,real,unknown,train,3d505e9c5c212a8a,noise002
0,sid_train,real,unknown,train,3d505e9c5c212a8a,crop08
0,sid_train,real,unknown,train,529e394c6ef705e2,clean
0,sid_train,real,unknown,train,529e394c6ef705e2,jpeg90
0,sid_train,real,unknown,train,529e394c6ef705e2,blur20
0,sid_train,real,unknown,train,529e394c6ef705e2,noise005
0,sid_train,real,unknown,train,3b7b946eadcd1a9e,clean
0,sid_train,real,unknown,train,3b7b946eadcd1a9e,jpeg90
0,sid_train,real,unknown,train,3b7b946eadcd1a9e,jpeg30
0,sid_train,real,unknown,train,3b7b946eadcd1a9e,noise01
1,sid_train,full_synthetic,unknown,train,507c6845cc6fae78,clean
1,sid_train,full_synthetic,unknown,train,507c6845cc6fae78,jpeg30
1,sid_train,full_synthetic,unknown,train,507c6845cc6fae78,noise002
1,sid_train,full_synthetic,unknown,train,507c6845cc6fae78,crop08
0,sid_train,real,unknown,train,9ad9ec46f1474706,clean
0,sid_train,real,unknown,train,9ad9ec46f1474706,jpeg70
0,sid_train,real,unknown,train,9ad9ec46f1474706,jpeg30
0,sid_train,real,unknown,train,9ad9ec46f1474706,blur10
1,sid_train,full_synthetic,unknown,train,46df205050e40225,clean
1,sid_train,full_synthetic,unknown,train,46df205050e40225,jpeg70
1,sid_train,full_synthetic,unknown,train,46df205050e40225,blur20
1,sid_train,full_synthetic,unknown,train,46df205050e40225,resize025
1,sid_train,full_synthetic,unknown,train,521b4f56734385c9,clean
1,sid_train,full_synthetic,unknown,train,521b4f56734385c9,jpeg90
1,sid_train,full_synthetic,unknown,train,521b4f56734385c9,noise002
1,sid_train,full_synthetic,unknown,train,521b4f56734385c9,jitter02
0,sid_train,real,unknown,train,b85e97c2111560ab,clean
0,sid_train,real,unknown,train,b85e97c2111560ab,jpeg30
0,sid_train,real,unknown,train,b85e97c2111560ab,blur20
0,sid_train,real,unknown,train,b85e97c2111560ab,resize05
1,sid_train,full_synthetic,unknown,train,41e12295877c5d75,clean
1,sid_train,full_synthetic,unknown,train,41e12295877c5d75,resize025
1,sid_train,full_synthetic,unknown,train,41e12295877c5d75,noise01
1,sid_train,full_synthetic,unknown,train,41e12295877c5d75,jitter02
0,sid_train,real,unknown,train,890ad23d11db0b06,clean
0,sid_train,real,unknown,train,890ad23d11db0b06,jpeg70
0,sid_train,real,unknown,train,890ad23d11db0b06,jpeg30
0,sid_train,real,unknown,train,890ad23d11db0b06,jitter02
0,sid_train,real,unknown,train,55794a9ce7f6de2a,clean
0,sid_train,real,unknown,train,55794a9ce7f6de2a,jpeg70
0,sid_train,real,unknown,train,55794a9ce7f6de2a,resize05
0,sid_train,real,unknown,train,55794a9ce7f6de2a,noise002
0,sid_train,real,unknown,train,92996af7ccee3473,clean
0,sid_train,real,unknown,train,92996af7ccee3473,jpeg90
0,sid_train,real,unknown,train,92996af7ccee3473,jpeg50
0,sid_train,real,unknown,train,92996af7ccee3473,resize05
0,sid_train,real,unknown,train,310d39b564b348ef,clean
0,sid_train,real,unknown,train,310d39b564b348ef,jpeg90
0,sid_train,real,unknown,train,310d39b564b348ef,resize05
0,sid_train,real,unknown,train,310d39b564b348ef,resize025
0,sid_train,real,unknown,train,d44e249dbd86c211,clean
0,sid_train,real,unknown,train,d44e249dbd86c211,jpeg30
0,sid_train,real,unknown,train,d44e249dbd86c211,blur05
0,sid_train,real,unknown,train,d44e249dbd86c211,resize025
0,sid_train,real,unknown,train,35ee6e73b34994ae,clean
0,sid_train,real,unknown,train,35ee6e73b34994ae,blur10
0,sid_train,real,unknown,train,35ee6e73b34994ae,blur20
0,sid_train,real,unknown,train,35ee6e73b34994ae,resize025
1,sid_train,full_synthetic,unknown,train,de13205e1ec3b4c3,clean
1,sid_train,full_synthetic,unknown,train,de13205e1ec3b4c3,jpeg90
1,sid_train,full_synthetic,unknown,train,de13205e1ec3b4c3,jpeg50
1,sid_train,full_synthetic,unknown,train,de13205e1ec3b4c3,blur10
1,sid_train,full_synthetic,unknown,train,ebc923a16a46db0e,clean
1,sid_train,full_synthetic,unknown,train,ebc923a16a46db0e,jpeg50
1,sid_train,full_synthetic,unknown,train,ebc923a16a46db0e,jpeg30
1,sid_train,full_synthetic,unknown,train,ebc923a16a46db0e,noise002
1,sid_train,full_synthetic,unknown,train,4f0e993c9590f238,clean
1,sid_train,full_synthetic,unknown,train,4f0e993c9590f238,jpeg90
1,sid_train,full_synthetic,unknown,train,4f0e993c9590f238,jpeg70
1,sid_train,full_synthetic,unknown,train,4f0e993c9590f238,jpeg30
1,sid_train,full_synthetic,unknown,train,61818679f53e0a5a,clean
1,sid_train,full_synthetic,unknown,train,61818679f53e0a5a,jpeg90
1,sid_train,full_synthetic,unknown,train,61818679f53e0a5a,blur20
1,sid_train,full_synthetic,unknown,train,61818679f53e0a5a,noise002
0,sid_train,real,unknown,train,a6664b7dc9cef249,clean
0,sid_train,real,unknown,train,a6664b7dc9cef249,jpeg70
0,sid_train,real,unknown,train,a6664b7dc9cef249,noise01
0,sid_train,real,unknown,train,a6664b7dc9cef249,jitter02
0,sid_train,real,unknown,train,c794a728a4b93063,clean
0,sid_train,real,unknown,train,c794a728a4b93063,jpeg70
0,sid_train,real,unknown,train,c794a728a4b93063,jpeg30
0,sid_train,real,unknown,train,c794a728a4b93063,noise002
0,sid_train,real,unknown,train,051dd95d281e2e47,clean
0,sid_train,real,unknown,train,051dd95d281e2e47,jpeg70
0,sid_train,real,unknown,train,051dd95d281e2e47,jpeg50
0,sid_train,real,unknown,train,051dd95d281e2e47,blur20
0,sid_train,real,unknown,train,2a5f36d8c0bd03ab,clean
0,sid_train,real,unknown,train,2a5f36d8c0bd03ab,jpeg70
0,sid_train,real,unknown,train,2a5f36d8c0bd03ab,jpeg30
0,sid_train,real,unknown,train,2a5f36d8c0bd03ab,crop08
0,sid_train,real,unknown,train,e1c508add60cfe14,clean
0,sid_train,real,unknown,train,e1c508add60cfe14,blur20
0,sid_train,real,unknown,train,e1c508add60cfe14,noise002
0,sid_train,real,unknown,train,e1c508add60cfe14,noise005
0,sid_train,real,unknown,train,c02de32752f39faf,clean
0,sid_train,real,unknown,train,c02de32752f39faf,blur05
0,sid_train,real,unknown,train,c02de32752f39faf,blur10
0,sid_train,real,unknown,train,c02de32752f39faf,crop08
1,sid_train,full_synthetic,unknown,train,18dce0fc5fd5213f,clean
1,sid_train,full_synthetic,unknown,train,18dce0fc5fd5213f,resize05
1,sid_train,full_synthetic,unknown,train,18dce0fc5fd5213f,resize025
1,sid_train,full_synthetic,unknown,train,18dce0fc5fd5213f,noise005
1,sid_train,full_synthetic,unknown,train,5ca08acfcae7a5a7,clean
1,sid_train,full_synthetic,unknown,train,5ca08acfcae7a5a7,blur05
1,sid_train,full_synthetic,unknown,train,5ca08acfcae7a5a7,blur20
1,sid_train,full_synthetic,unknown,train,5ca08acfcae7a5a7,noise01
0,sid_train,real,unknown,train,5ee984cff53f7f95,clean
0,sid_train,real,unknown,train,5ee984cff53f7f95,jpeg70
0,sid_train,real,unknown,train,5ee984cff53f7f95,noise005
0,sid_train,real,unknown,train,5ee984cff53f7f95,crop08
1,sid_train,full_synthetic,unknown,train,4258c422250ce91b,clean
1,sid_train,full_synthetic,unknown,train,4258c422250ce91b,blur20
1,sid_train,full_synthetic,unknown,train,4258c422250ce91b,resize05
1,sid_train,full_synthetic,unknown,train,4258c422250ce91b,noise002
1,sid_train,full_synthetic,unknown,train,8ebcf707a856a0aa,clean
1,sid_train,full_synthetic,unknown,train,8ebcf707a856a0aa,jpeg30
1,sid_train,full_synthetic,unknown,train,8ebcf707a856a0aa,noise002
1,sid_train,full_synthetic,unknown,train,8ebcf707a856a0aa,noise01
1,sid_train,full_synthetic,unknown,train,f0c3a1d40d585660,clean
1,sid_train,full_synthetic,unknown,train,f0c3a1d40d585660,jpeg90
1,sid_train,full_synthetic,unknown,train,f0c3a1d40d585660,blur10
1,sid_train,full_synthetic,unknown,train,f0c3a1d40d585660,noise01
1,sid_train,full_synthetic,unknown,train,eafd8cbbb2beb865,clean
1,sid_train,full_synthetic,unknown,train,eafd8cbbb2beb865,jpeg70
1,sid_train,full_synthetic,unknown,train,eafd8cbbb2beb865,jpeg50
1,sid_train,full_synthetic,unknown,train,eafd8cbbb2beb865,resize025
1,sid_train,full_synthetic,unknown,train,84c9fe9222cc48b4,clean
1,sid_train,full_synthetic,unknown,train,84c9fe9222cc48b4,blur20
1,sid_train,full_synthetic,unknown,train,84c9fe9222cc48b4,jitter02
1,sid_train,full_synthetic,unknown,train,84c9fe9222cc48b4,crop08
1,sid_train,full_synthetic,unknown,train,e0c9b6fbea47dd9c,clean
1,sid_train,full_synthetic,unknown,train,e0c9b6fbea47dd9c,jpeg70
1,sid_train,full_synthetic,unknown,train,e0c9b6fbea47dd9c,blur10
1,sid_train,full_synthetic,unknown,train,e0c9b6fbea47dd9c,noise01
0,sid_train,real,unknown,train,64a6d3d39d582108,clean
0,sid_train,real,unknown,train,64a6d3d39d582108,jpeg90
0,sid_train,real,unknown,train,64a6d3d39d582108,jpeg30
0,sid_train,real,unknown,train,64a6d3d39d582108,resize025
1,sid_train,full_synthetic,unknown,train,3abc7f5f6ca48375,clean
1,sid_train,full_synthetic,unknown,train,3abc7f5f6ca48375,jpeg70
1,sid_train,full_synthetic,unknown,train,3abc7f5f6ca48375,blur10
1,sid_train,full_synthetic,unknown,train,3abc7f5f6ca48375,noise01
1,sid_train,full_synthetic,unknown,train,c44273bbcbe8d0c6,clean
1,sid_train,full_synthetic,unknown,train,c44273bbcbe8d0c6,jpeg50
1,sid_train,full_synthetic,unknown,train,c44273bbcbe8d0c6,jpeg30
1,sid_train,full_synthetic,unknown,train,c44273bbcbe8d0c6,resize05
1,sid_train,full_synthetic,unknown,train,f3ea37047792c7bc,clean
1,sid_train,full_synthetic,unknown,train,f3ea37047792c7bc,jpeg70
1,sid_train,full_synthetic,unknown,train,f3ea37047792c7bc,jpeg30
1,sid_train,full_synthetic,unknown,train,f3ea37047792c7bc,resize05
1,sid_train,full_synthetic,unknown,train,fa509225e6dee968,clean
1,sid_train,full_synthetic,unknown,train,fa509225e6dee968,jpeg30
1,sid_train,full_synthetic,unknown,train,fa509225e6dee968,blur05
1,sid_train,full_synthetic,unknown,train,fa509225e6dee968,noise01
0,sid_train,real,unknown,train,3b4f33b7353af611,clean
0,sid_train,real,unknown,train,3b4f33b7353af611,jpeg70
0,sid_train,real,unknown,train,3b4f33b7353af611,blur20
0,sid_train,real,unknown,train,3b4f33b7353af611,noise002
1,sid_train,full_synthetic,unknown,train,c847a84943af7026,clean
1,sid_train,full_synthetic,unknown,train,c847a84943af7026,blur20
1,sid_train,full_synthetic,unknown,train,c847a84943af7026,resize05
1,sid_train,full_synthetic,unknown,train,c847a84943af7026,noise002
0,sid_train,real,unknown,train,f8c35d8dbe85a964,clean
0,sid_train,real,unknown,train,f8c35d8dbe85a964,blur20
0,sid_train,real,unknown,train,f8c35d8dbe85a964,noise002
0,sid_train,real,unknown,train,f8c35d8dbe85a964,noise01
1,sid_train,full_synthetic,unknown,train,9df90bb0c71428a8,clean
1,sid_train,full_synthetic,unknown,train,9df90bb0c71428a8,blur05
1,sid_train,full_synthetic,unknown,train,9df90bb0c71428a8,blur10
1,sid_train,full_synthetic,unknown,train,9df90bb0c71428a8,jitter02
0,sid_train,real,unknown,train,be10d0a840bd6265,clean
0,sid_train,real,unknown,train,be10d0a840bd6265,blur10
0,sid_train,real,unknown,train,be10d0a840bd6265,blur20
0,sid_train,real,unknown,train,be10d0a840bd6265,resize025
0,sid_train,real,unknown,train,7fa8adeda4634717,clean
0,sid_train,real,unknown,train,7fa8adeda4634717,blur05
0,sid_train,real,unknown,train,7fa8adeda4634717,resize05
0,sid_train,real,unknown,train,7fa8adeda4634717,jitter02
1,sid_train,full_synthetic,unknown,train,99e93d65cc55ba34,clean
1,sid_train,full_synthetic,unknown,train,99e93d65cc55ba34,jpeg90
1,sid_train,full_synthetic,unknown,train,99e93d65cc55ba34,noise002
1,sid_train,full_synthetic,unknown,train,99e93d65cc55ba34,crop08
1,sid_train,full_synthetic,unknown,train,e85cdb4b9d255ffb,clean
1,sid_train,full_synthetic,unknown,train,e85cdb4b9d255ffb,jpeg70
1,sid_train,full_synthetic,unknown,train,e85cdb4b9d255ffb,blur20
1,sid_train,full_synthetic,unknown,train,e85cdb4b9d255ffb,crop08
0,sid_train,real,unknown,train,58d615c28c8f63f8,clean
0,sid_train,real,unknown,train,58d615c28c8f63f8,resize025
0,sid_train,real,unknown,train,58d615c28c8f63f8,noise01
0,sid_train,real,unknown,train,58d615c28c8f63f8,crop08
1,sid_train,full_synthetic,unknown,train,477abe1055775fe1,clean
1,sid_train,full_synthetic,unknown,train,477abe1055775fe1,jpeg70
1,sid_train,full_synthetic,unknown,train,477abe1055775fe1,resize025
1,sid_train,full_synthetic,unknown,train,477abe1055775fe1,noise01
0,sid_train,real,unknown,train,db45e8441edecf48,clean
0,sid_train,real,unknown,train,db45e8441edecf48,jpeg50
0,sid_train,real,unknown,train,db45e8441edecf48,resize025
0,sid_train,real,unknown,train,db45e8441edecf48,noise002
1,sid_train,full_synthetic,unknown,train,6ea42ae99e929cf8,clean
1,sid_train,full_synthetic,unknown,train,6ea42ae99e929cf8,jpeg70
1,sid_train,full_synthetic,unknown,train,6ea42ae99e929cf8,blur05
1,sid_train,full_synthetic,unknown,train,6ea42ae99e929cf8,resize05
1,sid_train,full_synthetic,unknown,train,21d0e1d1bd21b4d6,clean
1,sid_train,full_synthetic,unknown,train,21d0e1d1bd21b4d6,jpeg50
1,sid_train,full_synthetic,unknown,train,21d0e1d1bd21b4d6,resize025
1,sid_train,full_synthetic,unknown,train,21d0e1d1bd21b4d6,noise01
0,sid_train,real,unknown,train,c300f5085a16cb7c,clean
0,sid_train,real,unknown,train,c300f5085a16cb7c,jpeg30
0,sid_train,real,unknown,train,c300f5085a16cb7c,resize025
0,sid_train,real,unknown,train,c300f5085a16cb7c,noise002
0,sid_train,real,unknown,train,1ff79caf314f3f47,clean
0,sid_train,real,unknown,train,1ff79caf314f3f47,jpeg90
0,sid_train,real,unknown,train,1ff79caf314f3f47,noise01
0,sid_train,real,unknown,train,1ff79caf314f3f47,crop08
0,sid_train,real,unknown,train,7bf41dc29d13d169,clean
0,sid_train,real,unknown,train,7bf41dc29d13d169,jpeg50
0,sid_train,real,unknown,train,7bf41dc29d13d169,noise002
0,sid_train,real,unknown,train,7bf41dc29d13d169,noise01
0,sid_train,real,unknown,train,f97d2df57b057779,clean
0,sid_train,real,unknown,train,f97d2df57b057779,jpeg50
0,sid_train,real,unknown,train,f97d2df57b057779,noise005
0,sid_train,real,unknown,train,f97d2df57b057779,jitter02
0,sid_train,real,unknown,train,e13ab95096e2000f,clean
0,sid_train,real,unknown,train,e13ab95096e2000f,jpeg50
0,sid_train,real,unknown,train,e13ab95096e2000f,blur05
0,sid_train,real,unknown,train,e13ab95096e2000f,crop08
0,sid_train,real,unknown,train,0190fa1205907ead,clean
0,sid_train,real,unknown,train,0190fa1205907ead,jpeg90
0,sid_train,real,unknown,train,0190fa1205907ead,resize05
0,sid_train,real,unknown,train,0190fa1205907ead,noise005
0,sid_train,real,unknown,train,39131136430dfaa6,clean
0,sid_train,real,unknown,train,39131136430dfaa6,blur05
0,sid_train,real,unknown,train,39131136430dfaa6,resize025
0,sid_train,real,unknown,train,39131136430dfaa6,crop08
0,sid_train,real,unknown,train,f9204075faf8f0fe,clean
0,sid_train,real,unknown,train,f9204075faf8f0fe,jpeg90
0,sid_train,real,unknown,train,f9204075faf8f0fe,blur20
0,sid_train,real,unknown,train,f9204075faf8f0fe,resize05
0,sid_train,real,unknown,train,4a4bb7aaa03e2961,clean
0,sid_train,real,unknown,train,4a4bb7aaa03e2961,blur20
0,sid_train,real,unknown,train,4a4bb7aaa03e2961,resize025
0,sid_train,real,unknown,train,4a4bb7aaa03e2961,noise002
1,sid_train,full_synthetic,unknown,train,9bc4035bebbb6aeb,clean
1,sid_train,full_synthetic,unknown,train,9bc4035bebbb6aeb,resize025
1,sid_train,full_synthetic,unknown,train,9bc4035bebbb6aeb,noise002
1,sid_train,full_synthetic,unknown,train,9bc4035bebbb6aeb,jitter02
1,sid_train,full_synthetic,unknown,train,65249eab19a037b0,clean
1,sid_train,full_synthetic,unknown,train,65249eab19a037b0,jpeg70
1,sid_train,full_synthetic,unknown,train,65249eab19a037b0,blur10
1,sid_train,full_synthetic,unknown,train,65249eab19a037b0,resize025
0,sid_train,real,unknown,train,1ef3e848d79f13c6,clean
0,sid_train,real,unknown,train,1ef3e848d79f13c6,jpeg90
0,sid_train,real,unknown,train,1ef3e848d79f13c6,blur10
0,sid_train,real,unknown,train,1ef3e848d79f13c6,jitter02
1,sid_train,full_synthetic,unknown,train,763c9965f2401216,clean
1,sid_train,full_synthetic,unknown,train,763c9965f2401216,blur05
1,sid_train,full_synthetic,unknown,train,763c9965f2401216,noise002
1,sid_train,full_synthetic,unknown,train,763c9965f2401216,jitter02
1,sid_train,full_synthetic,unknown,train,12bb3ecbfd85fc30,clean
1,sid_train,full_synthetic,unknown,train,12bb3ecbfd85fc30,jpeg70
1,sid_train,full_synthetic,unknown,train,12bb3ecbfd85fc30,noise002
1,sid_train,full_synthetic,unknown,train,12bb3ecbfd85fc30,jitter02
1,sid_train,full_synthetic,unknown,train,4342dd0a8e28838c,clean
1,sid_train,full_synthetic,unknown,train,4342dd0a8e28838c,jpeg90
1,sid_train,full_synthetic,unknown,train,4342dd0a8e28838c,jpeg50
1,sid_train,full_synthetic,unknown,train,4342dd0a8e28838c,blur20
1,sid_train,full_synthetic,unknown,train,397752a2fb279fea,clean
1,sid_train,full_synthetic,unknown,train,397752a2fb279fea,jpeg70
1,sid_train,full_synthetic,unknown,train,397752a2fb279fea,blur20
1,sid_train,full_synthetic,unknown,train,397752a2fb279fea,resize025
1,sid_train,full_synthetic,unknown,train,0eb53550dfed3aab,clean
1,sid_train,full_synthetic,unknown,train,0eb53550dfed3aab,jpeg30
1,sid_train,full_synthetic,unknown,train,0eb53550dfed3aab,noise005
1,sid_train,full_synthetic,unknown,train,0eb53550dfed3aab,noise01
1,sid_train,full_synthetic,unknown,train,d31b317dbe3fcbed,clean
1,sid_train,full_synthetic,unknown,train,d31b317dbe3fcbed,blur20
1,sid_train,full_synthetic,unknown,train,d31b317dbe3fcbed,resize025
1,sid_train,full_synthetic,unknown,train,d31b317dbe3fcbed,crop08
1,sid_train,full_synthetic,unknown,train,e7302ebb52bdd924,clean
1,sid_train,full_synthetic,unknown,train,e7302ebb52bdd924,jpeg90
1,sid_train,full_synthetic,unknown,train,e7302ebb52bdd924,jitter02
1,sid_train,full_synthetic,unknown,train,e7302ebb52bdd924,crop08
1,sid_train,full_synthetic,unknown,train,203628c054e01899,clean
1,sid_train,full_synthetic,unknown,train,203628c054e01899,jpeg30
1,sid_train,full_synthetic,unknown,train,203628c054e01899,resize05
1,sid_train,full_synthetic,unknown,train,203628c054e01899,noise002
0,sid_train,real,unknown,train,b91779a9ac59887e,clean
0,sid_train,real,unknown,train,b91779a9ac59887e,jpeg90
0,sid_train,real,unknown,train,b91779a9ac59887e,blur20
0,sid_train,real,unknown,train,b91779a9ac59887e,resize05
1,sid_train,full_synthetic,unknown,train,9883dd1d26fce8ae,clean
1,sid_train,full_synthetic,unknown,train,9883dd1d26fce8ae,blur20
1,sid_train,full_synthetic,unknown,train,9883dd1d26fce8ae,noise002
1,sid_train,full_synthetic,unknown,train,9883dd1d26fce8ae,noise005
1,sid_train,full_synthetic,unknown,train,0ea1aa41f413e628,clean
1,sid_train,full_synthetic,unknown,train,0ea1aa41f413e628,jpeg50
1,sid_train,full_synthetic,unknown,train,0ea1aa41f413e628,resize025
1,sid_train,full_synthetic,unknown,train,0ea1aa41f413e628,crop08
0,sid_train,real,unknown,train,f7deb412a7941507,clean
0,sid_train,real,unknown,train,f7deb412a7941507,jpeg50
0,sid_train,real,unknown,train,f7deb412a7941507,jpeg30
0,sid_train,real,unknown,train,f7deb412a7941507,noise01
1,sid_train,full_synthetic,unknown,train,461d3e6dde7db6dd,clean
1,sid_train,full_synthetic,unknown,train,461d3e6dde7db6dd,blur05
1,sid_train,full_synthetic,unknown,train,461d3e6dde7db6dd,noise005
1,sid_train,full_synthetic,unknown,train,461d3e6dde7db6dd,jitter02
1,sid_train,full_synthetic,unknown,train,24322a921ca6cb3e,clean
1,sid_train,full_synthetic,unknown,train,24322a921ca6cb3e,jpeg50
1,sid_train,full_synthetic,unknown,train,24322a921ca6cb3e,jpeg30
1,sid_train,full_synthetic,unknown,train,24322a921ca6cb3e,resize025
0,sid_train,real,unknown,train,2ac91319a7772273,clean
0,sid_train,real,unknown,train,2ac91319a7772273,jpeg90
0,sid_train,real,unknown,train,2ac91319a7772273,jpeg70
0,sid_train,real,unknown,train,2ac91319a7772273,resize025
1,sid_train,full_synthetic,unknown,train,a7c94b572a857e94,clean
1,sid_train,full_synthetic,unknown,train,a7c94b572a857e94,jpeg30
1,sid_train,full_synthetic,unknown,train,a7c94b572a857e94,blur05
1,sid_train,full_synthetic,unknown,train,a7c94b572a857e94,crop08
1,sid_train,full_synthetic,unknown,train,9c3c03bd922b4e6a,clean
1,sid_train,full_synthetic,unknown,train,9c3c03bd922b4e6a,jpeg70
1,sid_train,full_synthetic,unknown,train,9c3c03bd922b4e6a,noise002
1,sid_train,full_synthetic,unknown,train,9c3c03bd922b4e6a,jitter02
0,sid_train,real,unknown,train,af977d1930bf5986,clean
0,sid_train,real,unknown,train,af977d1930bf5986,jpeg90
0,sid_train,real,unknown,train,af977d1930bf5986,noise005
0,sid_train,real,unknown,train,af977d1930bf5986,crop08
1,sid_train,full_synthetic,unknown,train,f9d491cb2a4d1eef,clean
1,sid_train,full_synthetic,unknown,train,f9d491cb2a4d1eef,resize05
1,sid_train,full_synthetic,unknown,train,f9d491cb2a4d1eef,noise002
1,sid_train,full_synthetic,unknown,train,f9d491cb2a4d1eef,noise01
0,sid_train,real,unknown,train,85175547a6b184ce,clean
0,sid_train,real,unknown,train,85175547a6b184ce,resize025
0,sid_train,real,unknown,train,85175547a6b184ce,noise005
0,sid_train,real,unknown,train,85175547a6b184ce,jitter02
0,sid_train,real,unknown,train,514eba474ad72271,clean
0,sid_train,real,unknown,train,514eba474ad72271,blur05
0,sid_train,real,unknown,train,514eba474ad72271,noise002
0,sid_train,real,unknown,train,514eba474ad72271,crop08
1,sid_train,full_synthetic,unknown,train,32bff593be35dddd,clean
1,sid_train,full_synthetic,unknown,train,32bff593be35dddd,jpeg70
1,sid_train,full_synthetic,unknown,train,32bff593be35dddd,jpeg50
1,sid_train,full_synthetic,unknown,train,32bff593be35dddd,blur10
0,sid_train,real,unknown,train,e11ecc6b96868a58,clean
0,sid_train,real,unknown,train,e11ecc6b96868a58,blur10
0,sid_train,real,unknown,train,e11ecc6b96868a58,noise005
0,sid_train,real,unknown,train,e11ecc6b96868a58,crop08
0,sid_train,real,unknown,train,477aa5fb05d13226,clean
0,sid_train,real,unknown,train,477aa5fb05d13226,jpeg50
0,sid_train,real,unknown,train,477aa5fb05d13226,resize025
0,sid_train,real,unknown,train,477aa5fb05d13226,noise005
1,sid_train,full_synthetic,unknown,train,dbe2dee382ea2e72,clean
1,sid_train,full_synthetic,unknown,train,dbe2dee382ea2e72,blur05
1,sid_train,full_synthetic,unknown,train,dbe2dee382ea2e72,jitter02
1,sid_train,full_synthetic,unknown,train,dbe2dee382ea2e72,crop08
1,sid_train,full_synthetic,unknown,train,ae1373e6cefdfc92,clean
1,sid_train,full_synthetic,unknown,train,ae1373e6cefdfc92,blur05
1,sid_train,full_synthetic,unknown,train,ae1373e6cefdfc92,resize025
1,sid_train,full_synthetic,unknown,train,ae1373e6cefdfc92,noise005
1,sid_train,full_synthetic,unknown,train,0b9121ddb86804ca,clean
1,sid_train,full_synthetic,unknown,train,0b9121ddb86804ca,noise002
1,sid_train,full_synthetic,unknown,train,0b9121ddb86804ca,noise005
1,sid_train,full_synthetic,unknown,train,0b9121ddb86804ca,crop08
0,sid_train,real,unknown,train,dbaa9de6ade32119,clean
0,sid_train,real,unknown,train,dbaa9de6ade32119,jpeg30
0,sid_train,real,unknown,train,dbaa9de6ade32119,resize025
0,sid_train,real,unknown,train,dbaa9de6ade32119,noise01
1,sid_train,full_synthetic,unknown,train,dc929e4505e678a6,clean
1,sid_train,full_synthetic,unknown,train,dc929e4505e678a6,jpeg50
1,sid_train,full_synthetic,unknown,train,dc929e4505e678a6,noise002
1,sid_train,full_synthetic,unknown,train,dc929e4505e678a6,noise005
1,sid_train,full_synthetic,unknown,train,f48e9fced672a17d,clean
1,sid_train,full_synthetic,unknown,train,f48e9fced672a17d,jpeg90
1,sid_train,full_synthetic,unknown,train,f48e9fced672a17d,jpeg70
1,sid_train,full_synthetic,unknown,train,f48e9fced672a17d,resize025
0,sid_train,real,unknown,train,e5c6bef73cfb0aa5,clean
0,sid_train,real,unknown,train,e5c6bef73cfb0aa5,jpeg50
0,sid_train,real,unknown,train,e5c6bef73cfb0aa5,blur05
0,sid_train,real,unknown,train,e5c6bef73cfb0aa5,noise01
1,sid_train,full_synthetic,unknown,train,6bba3da8b05f7dc1,clean
1,sid_train,full_synthetic,unknown,train,6bba3da8b05f7dc1,resize05
1,sid_train,full_synthetic,unknown,train,6bba3da8b05f7dc1,noise005
1,sid_train,full_synthetic,unknown,train,6bba3da8b05f7dc1,noise01
1,sid_train,full_synthetic,unknown,train,148c0a7d20c6f96e,clean
1,sid_train,full_synthetic,unknown,train,148c0a7d20c6f96e,blur10
1,sid_train,full_synthetic,unknown,train,148c0a7d20c6f96e,resize05
1,sid_train,full_synthetic,unknown,train,148c0a7d20c6f96e,resize025
1,sid_train,full_synthetic,unknown,train,4e59f437678a73f6,clean
1,sid_train,full_synthetic,unknown,train,4e59f437678a73f6,blur05
1,sid_train,full_synthetic,unknown,train,4e59f437678a73f6,resize05
1,sid_train,full_synthetic,unknown,train,4e59f437678a73f6,crop08
0,sid_train,real,unknown,train,25b681ea461a7bc2,clean
0,sid_train,real,unknown,train,25b681ea461a7bc2,blur10
0,sid_train,real,unknown,train,25b681ea461a7bc2,noise005
0,sid_train,real,unknown,train,25b681ea461a7bc2,noise01
1,sid_train,full_synthetic,unknown,train,d34ec03051753ce2,clean
1,sid_train,full_synthetic,unknown,train,d34ec03051753ce2,noise005
1,sid_train,full_synthetic,unknown,train,d34ec03051753ce2,noise01
1,sid_train,full_synthetic,unknown,train,d34ec03051753ce2,jitter02
1,sid_train,full_synthetic,unknown,train,a974cfcaa39d5a6a,clean
1,sid_train,full_synthetic,unknown,train,a974cfcaa39d5a6a,jpeg90
1,sid_train,full_synthetic,unknown,train,a974cfcaa39d5a6a,noise002
1,sid_train,full_synthetic,unknown,train,a974cfcaa39d5a6a,crop08
0,sid_train,real,unknown,train,ede269c206ee462c,clean
0,sid_train,real,unknown,train,ede269c206ee462c,jpeg70
0,sid_train,real,unknown,train,ede269c206ee462c,noise002
0,sid_train,real,unknown,train,ede269c206ee462c,jitter02
1,sid_train,full_synthetic,unknown,train,4ab0b30042bb41cf,clean
1,sid_train,full_synthetic,unknown,train,4ab0b30042bb41cf,jpeg90
1,sid_train,full_synthetic,unknown,train,4ab0b30042bb41cf,resize025
1,sid_train,full_synthetic,unknown,train,4ab0b30042bb41cf,noise01
0,sid_train,real,unknown,train,91aab4f760f82b82,clean
0,sid_train,real,unknown,train,91aab4f760f82b82,jpeg90
0,sid_train,real,unknown,train,91aab4f760f82b82,noise002
0,sid_train,real,unknown,train,91aab4f760f82b82,jitter02
0,sid_train,real,unknown,train,f88eb409f9ddde99,clean
0,sid_train,real,unknown,train,f88eb409f9ddde99,jpeg70
0,sid_train,real,unknown,train,f88eb409f9ddde99,blur05
0,sid_train,real,unknown,train,f88eb409f9ddde99,noise005
0,sid_train,real,unknown,train,e88d80bd3270fb4e,clean
0,sid_train,real,unknown,train,e88d80bd3270fb4e,jpeg70
0,sid_train,real,unknown,train,e88d80bd3270fb4e,resize025
0,sid_train,real,unknown,train,e88d80bd3270fb4e,jitter02
1,sid_train,full_synthetic,unknown,train,365ffa1829bfdcd0,clean
1,sid_train,full_synthetic,unknown,train,365ffa1829bfdcd0,resize05
1,sid_train,full_synthetic,unknown,train,365ffa1829bfdcd0,jitter02
1,sid_train,full_synthetic,unknown,train,365ffa1829bfdcd0,crop08
0,sid_train,real,unknown,train,f39c20a6267923e8,clean
0,sid_train,real,unknown,train,f39c20a6267923e8,jpeg70
0,sid_train,real,unknown,train,f39c20a6267923e8,jpeg30
0,sid_train,real,unknown,train,f39c20a6267923e8,noise005
1,sid_train,full_synthetic,unknown,train,06c60e23675c66e0,clean
1,sid_train,full_synthetic,unknown,train,06c60e23675c66e0,jpeg50
1,sid_train,full_synthetic,unknown,train,06c60e23675c66e0,resize025
1,sid_train,full_synthetic,unknown,train,06c60e23675c66e0,noise005
0,sid_train,real,unknown,train,0198969fab00fd14,clean
0,sid_train,real,unknown,train,0198969fab00fd14,jpeg90
0,sid_train,real,unknown,train,0198969fab00fd14,jpeg70
0,sid_train,real,unknown,train,0198969fab00fd14,noise005
0,sid_train,real,unknown,train,6c411d93295b08fc,clean
0,sid_train,real,unknown,train,6c411d93295b08fc,jpeg30
0,sid_train,real,unknown,train,6c411d93295b08fc,blur10
0,sid_train,real,unknown,train,6c411d93295b08fc,noise005
0,sid_train,real,unknown,train,5862f18f6bdd781f,clean
0,sid_train,real,unknown,train,5862f18f6bdd781f,blur05
0,sid_train,real,unknown,train,5862f18f6bdd781f,noise002
0,sid_train,real,unknown,train,5862f18f6bdd781f,jitter02
0,sid_train,real,unknown,train,ab8ba6673b873b93,clean
0,sid_train,real,unknown,train,ab8ba6673b873b93,jpeg70
0,sid_train,real,unknown,train,ab8ba6673b873b93,blur05
0,sid_train,real,unknown,train,ab8ba6673b873b93,jitter02
1,sid_train,full_synthetic,unknown,train,465154f1987e14c2,clean
1,sid_train,full_synthetic,unknown,train,465154f1987e14c2,resize025
1,sid_train,full_synthetic,unknown,train,465154f1987e14c2,noise01
1,sid_train,full_synthetic,unknown,train,465154f1987e14c2,crop08
0,sid_train,real,unknown,train,e2be002370c40fd6,clean
0,sid_train,real,unknown,train,e2be002370c40fd6,jpeg70
0,sid_train,real,unknown,train,e2be002370c40fd6,jpeg30
0,sid_train,real,unknown,train,e2be002370c40fd6,noise005
1,sid_train,full_synthetic,unknown,train,8615bf60b628b224,clean
1,sid_train,full_synthetic,unknown,train,8615bf60b628b224,jpeg90
1,sid_train,full_synthetic,unknown,train,8615bf60b628b224,jpeg30
1,sid_train,full_synthetic,unknown,train,8615bf60b628b224,noise01
0,sid_train,real,unknown,train,f4b98b0711d97432,clean
0,sid_train,real,unknown,train,f4b98b0711d97432,jpeg70
0,sid_train,real,unknown,train,f4b98b0711d97432,resize05
0,sid_train,real,unknown,train,f4b98b0711d97432,noise005
1,sid_train,full_synthetic,unknown,train,36f38b5e075ddfb2,clean
1,sid_train,full_synthetic,unknown,train,36f38b5e075ddfb2,jpeg90
1,sid_train,full_synthetic,unknown,train,36f38b5e075ddfb2,jpeg70
1,sid_train,full_synthetic,unknown,train,36f38b5e075ddfb2,noise002
1,sid_train,full_synthetic,unknown,train,053219bd016a1dc3,clean
1,sid_train,full_synthetic,unknown,train,053219bd016a1dc3,jpeg90
1,sid_train,full_synthetic,unknown,train,053219bd016a1dc3,noise005
1,sid_train,full_synthetic,unknown,train,053219bd016a1dc3,noise01
0,sid_train,real,unknown,train,3046b0e0911baf5e,clean
0,sid_train,real,unknown,train,3046b0e0911baf5e,blur10
0,sid_train,real,unknown,train,3046b0e0911baf5e,noise01
0,sid_train,real,unknown,train,3046b0e0911baf5e,jitter02
0,sid_train,real,unknown,train,4e1f02cf817e86b5,clean
0,sid_train,real,unknown,train,4e1f02cf817e86b5,blur20
0,sid_train,real,unknown,train,4e1f02cf817e86b5,noise002
0,sid_train,real,unknown,train,4e1f02cf817e86b5,jitter02
1,sid_train,full_synthetic,unknown,train,3a8f085da9485970,clean
1,sid_train,full_synthetic,unknown,train,3a8f085da9485970,noise002
1,sid_train,full_synthetic,unknown,train,3a8f085da9485970,noise005
1,sid_train,full_synthetic,unknown,train,3a8f085da9485970,noise01
1,sid_train,full_synthetic,unknown,train,dfa06404eb8b0a47,clean
1,sid_train,full_synthetic,unknown,train,dfa06404eb8b0a47,jpeg30
1,sid_train,full_synthetic,unknown,train,dfa06404eb8b0a47,blur10
1,sid_train,full_synthetic,unknown,train,dfa06404eb8b0a47,crop08
0,sid_train,real,unknown,train,7f1e4bd55d1cf913,clean
0,sid_train,real,unknown,train,7f1e4bd55d1cf913,jpeg50
0,sid_train,real,unknown,train,7f1e4bd55d1cf913,blur05
0,sid_train,real,unknown,train,7f1e4bd55d1cf913,resize025
1,sid_train,full_synthetic,unknown,train,ce7b6058acd223e0,clean
1,sid_train,full_synthetic,unknown,train,ce7b6058acd223e0,blur05
1,sid_train,full_synthetic,unknown,train,ce7b6058acd223e0,blur10
1,sid_train,full_synthetic,unknown,train,ce7b6058acd223e0,crop08
0,sid_train,real,unknown,train,6ae4193928672dfc,clean
0,sid_train,real,unknown,train,6ae4193928672dfc,jpeg70
0,sid_train,real,unknown,train,6ae4193928672dfc,jpeg50
0,sid_train,real,unknown,train,6ae4193928672dfc,blur10
0,sid_train,real,unknown,train,ff6f23c85407378a,clean
0,sid_train,real,unknown,train,ff6f23c85407378a,jpeg30
0,sid_train,real,unknown,train,ff6f23c85407378a,resize025
0,sid_train,real,unknown,train,ff6f23c85407378a,noise002
0,sid_train,real,unknown,train,de7891b3707304e1,clean
0,sid_train,real,unknown,train,de7891b3707304e1,jpeg30
0,sid_train,real,unknown,train,de7891b3707304e1,resize025
0,sid_train,real,unknown,train,de7891b3707304e1,crop08
1,sid_train,full_synthetic,unknown,train,967775b543bdd25a,clean
1,sid_train,full_synthetic,unknown,train,967775b543bdd25a,jpeg90
1,sid_train,full_synthetic,unknown,train,967775b543bdd25a,jpeg70
1,sid_train,full_synthetic,unknown,train,967775b543bdd25a,blur10
1,sid_train,full_synthetic,unknown,train,15e997742da3c226,clean
1,sid_train,full_synthetic,unknown,train,15e997742da3c226,blur05
1,sid_train,full_synthetic,unknown,train,15e997742da3c226,resize025
1,sid_train,full_synthetic,unknown,train,15e997742da3c226,jitter02
0,sid_train,real,unknown,train,79639f2a787b9a2d,clean
0,sid_train,real,unknown,train,79639f2a787b9a2d,blur20
0,sid_train,real,unknown,train,79639f2a787b9a2d,resize025
0,sid_train,real,unknown,train,79639f2a787b9a2d,jitter02
0,sid_train,real,unknown,train,bc5c9a613859183f,clean
0,sid_train,real,unknown,train,bc5c9a613859183f,blur10
0,sid_train,real,unknown,train,bc5c9a613859183f,blur20
0,sid_train,real,unknown,train,bc5c9a613859183f,crop08
1,sid_train,full_synthetic,unknown,train,cef20081dfddd47a,clean
1,sid_train,full_synthetic,unknown,train,cef20081dfddd47a,jpeg90
1,sid_train,full_synthetic,unknown,train,cef20081dfddd47a,noise002
1,sid_train,full_synthetic,unknown,train,cef20081dfddd47a,crop08
1,sid_train,full_synthetic,unknown,train,eda87ca87f07145b,clean
1,sid_train,full_synthetic,unknown,train,eda87ca87f07145b,jpeg50
1,sid_train,full_synthetic,unknown,train,eda87ca87f07145b,noise005
1,sid_train,full_synthetic,unknown,train,eda87ca87f07145b,crop08
0,sid_train,real,unknown,train,77d1b0953038381f,clean
0,sid_train,real,unknown,train,77d1b0953038381f,jpeg30
0,sid_train,real,unknown,train,77d1b0953038381f,blur05
0,sid_train,real,unknown,train,77d1b0953038381f,resize025
0,sid_train,real,unknown,train,f9f31411555aa05a,clean
0,sid_train,real,unknown,train,f9f31411555aa05a,blur05
0,sid_train,real,unknown,train,f9f31411555aa05a,jitter02
0,sid_train,real,unknown,train,f9f31411555aa05a,crop08
0,sid_train,real,unknown,train,1dcb3d1b03e8c3d6,clean
0,sid_train,real,unknown,train,1dcb3d1b03e8c3d6,blur05
0,sid_train,real,unknown,train,1dcb3d1b03e8c3d6,blur10
0,sid_train,real,unknown,train,1dcb3d1b03e8c3d6,blur20
1,sid_train,full_synthetic,unknown,train,be87eb4a76e0b9ab,clean
1,sid_train,full_synthetic,unknown,train,be87eb4a76e0b9ab,jpeg30
1,sid_train,full_synthetic,unknown,train,be87eb4a76e0b9ab,blur10
1,sid_train,full_synthetic,unknown,train,be87eb4a76e0b9ab,crop08
0,sid_train,real,unknown,train,7d5465d440df8bd0,clean
0,sid_train,real,unknown,train,7d5465d440df8bd0,blur05
0,sid_train,real,unknown,train,7d5465d440df8bd0,resize05
0,sid_train,real,unknown,train,7d5465d440df8bd0,resize025
0,sid_train,real,unknown,train,911638cbd01a0e74,clean
0,sid_train,real,unknown,train,911638cbd01a0e74,jpeg90
0,sid_train,real,unknown,train,911638cbd01a0e74,noise005
0,sid_train,real,unknown,train,911638cbd01a0e74,noise01
1,sid_train,full_synthetic,unknown,train,b0c05eaf7f1c401b,clean
1,sid_train,full_synthetic,unknown,train,b0c05eaf7f1c401b,jpeg70
1,sid_train,full_synthetic,unknown,train,b0c05eaf7f1c401b,resize025
1,sid_train,full_synthetic,unknown,train,b0c05eaf7f1c401b,jitter02
1,sid_train,full_synthetic,unknown,train,ba0835f9abf6d55f,clean
1,sid_train,full_synthetic,unknown,train,ba0835f9abf6d55f,jpeg50
1,sid_train,full_synthetic,unknown,train,ba0835f9abf6d55f,blur05
1,sid_train,full_synthetic,unknown,train,ba0835f9abf6d55f,crop08
0,sid_train,real,unknown,train,da456dbefd5adc2f,clean
0,sid_train,real,unknown,train,da456dbefd5adc2f,jpeg70
0,sid_train,real,unknown,train,da456dbefd5adc2f,jpeg50
0,sid_train,real,unknown,train,da456dbefd5adc2f,blur10
1,sid_train,full_synthetic,unknown,train,33b37a15deb29654,clean
1,sid_train,full_synthetic,unknown,train,33b37a15deb29654,jpeg30
1,sid_train,full_synthetic,unknown,train,33b37a15deb29654,blur10
1,sid_train,full_synthetic,unknown,train,33b37a15deb29654,noise002
0,sid_train,real,unknown,train,f254e052e7a43984,clean
0,sid_train,real,unknown,train,f254e052e7a43984,jpeg90
0,sid_train,real,unknown,train,f254e052e7a43984,resize05
0,sid_train,real,unknown,train,f254e052e7a43984,noise01
0,sid_train,real,unknown,train,dba870939875c9fb,clean
0,sid_train,real,unknown,train,dba870939875c9fb,jpeg90
0,sid_train,real,unknown,train,dba870939875c9fb,noise005
0,sid_train,real,unknown,train,dba870939875c9fb,noise01
0,sid_train,real,unknown,train,3a88d2767ef806f7,clean
0,sid_train,real,unknown,train,3a88d2767ef806f7,blur20
0,sid_train,real,unknown,train,3a88d2767ef806f7,noise01
0,sid_train,real,unknown,train,3a88d2767ef806f7,jitter02
1,sid_train,full_synthetic,unknown,train,369ce296a6545d67,clean
1,sid_train,full_synthetic,unknown,train,369ce296a6545d67,blur10
1,sid_train,full_synthetic,unknown,train,369ce296a6545d67,noise005
1,sid_train,full_synthetic,unknown,train,369ce296a6545d67,jitter02
0,sid_train,real,unknown,train,94b3c2a5db304429,clean
0,sid_train,real,unknown,train,94b3c2a5db304429,jpeg30
0,sid_train,real,unknown,train,94b3c2a5db304429,blur05
0,sid_train,real,unknown,train,94b3c2a5db304429,resize025
1,sid_train,full_synthetic,unknown,train,2edad3e0d76f38e6,clean
1,sid_train,full_synthetic,unknown,train,2edad3e0d76f38e6,blur05
1,sid_train,full_synthetic,unknown,train,2edad3e0d76f38e6,resize025
1,sid_train,full_synthetic,unknown,train,2edad3e0d76f38e6,noise005
1,sid_train,full_synthetic,unknown,train,ee86d25fddc88bf2,clean
1,sid_train,full_synthetic,unknown,train,ee86d25fddc88bf2,blur10
1,sid_train,full_synthetic,unknown,train,ee86d25fddc88bf2,resize05
1,sid_train,full_synthetic,unknown,train,ee86d25fddc88bf2,noise005
0,sid_train,real,unknown,train,ce36f21e58905b99,clean
0,sid_train,real,unknown,train,ce36f21e58905b99,jpeg50
0,sid_train,real,unknown,train,ce36f21e58905b99,jpeg30
0,sid_train,real,unknown,train,ce36f21e58905b99,resize05
0,sid_train,real,unknown,train,6fabbaccb0b3a014,clean
0,sid_train,real,unknown,train,6fabbaccb0b3a014,jpeg30
0,sid_train,real,unknown,train,6fabbaccb0b3a014,noise01
0,sid_train,real,unknown,train,6fabbaccb0b3a014,crop08
1,sid_train,full_synthetic,unknown,train,a491c84337f03ea5,clean
1,sid_train,full_synthetic,unknown,train,a491c84337f03ea5,jpeg70
1,sid_train,full_synthetic,unknown,train,a491c84337f03ea5,resize05
1,sid_train,full_synthetic,unknown,train,a491c84337f03ea5,jitter02
1,sid_train,full_synthetic,unknown,train,82000c2f0f702560,clean
1,sid_train,full_synthetic,unknown,train,82000c2f0f702560,blur05
1,sid_train,full_synthetic,unknown,train,82000c2f0f702560,resize025
1,sid_train,full_synthetic,unknown,train,82000c2f0f702560,noise005
0,sid_train,real,unknown,train,0b137a8459f78768,clean
0,sid_train,real,unknown,train,0b137a8459f78768,blur05
0,sid_train,real,unknown,train,0b137a8459f78768,blur10
0,sid_train,real,unknown,train,0b137a8459f78768,resize05
0,sid_train,real,unknown,train,1f1574fc3bb3fe2c,clean
0,sid_train,real,unknown,train,1f1574fc3bb3fe2c,jpeg70
0,sid_train,real,unknown,train,1f1574fc3bb3fe2c,jpeg50
0,sid_train,real,unknown,train,1f1574fc3bb3fe2c,noise002
1,sid_train,full_synthetic,unknown,train,4ea0066e9ea86a06,clean
1,sid_train,full_synthetic,unknown,train,4ea0066e9ea86a06,blur05
1,sid_train,full_synthetic,unknown,train,4ea0066e9ea86a06,blur20
1,sid_train,full_synthetic,unknown,train,4ea0066e9ea86a06,jitter02
0,sid_train,real,unknown,train,59b898c17a53fb11,clean
0,sid_train,real,unknown,train,59b898c17a53fb11,jpeg90
0,sid_train,real,unknown,train,59b898c17a53fb11,blur05
0,sid_train,real,unknown,train,59b898c17a53fb11,jitter02
1,sid_train,full_synthetic,unknown,train,acbd0ea9278a1dca,clean
1,sid_train,full_synthetic,unknown,train,acbd0ea9278a1dca,jpeg30
1,sid_train,full_synthetic,unknown,train,acbd0ea9278a1dca,jitter02
1,sid_train,full_synthetic,unknown,train,acbd0ea9278a1dca,crop08
0,sid_train,real,unknown,train,a20da907e6c6b2df,clean
0,sid_train,real,unknown,train,a20da907e6c6b2df,blur10
0,sid_train,real,unknown,train,a20da907e6c6b2df,noise01
0,sid_train,real,unknown,train,a20da907e6c6b2df,crop08
1,sid_train,full_synthetic,unknown,train,b3e5545bb0da3699,clean
1,sid_train,full_synthetic,unknown,train,b3e5545bb0da3699,blur20
1,sid_train,full_synthetic,unknown,train,b3e5545bb0da3699,resize05
1,sid_train,full_synthetic,unknown,train,b3e5545bb0da3699,noise002
0,sid_train,real,unknown,train,f5df15a8b6aa5379,clean
0,sid_train,real,unknown,train,f5df15a8b6aa5379,jpeg90
0,sid_train,real,unknown,train,f5df15a8b6aa5379,jpeg30
0,sid_train,real,unknown,train,f5df15a8b6aa5379,noise01
0,sid_train,real,unknown,train,70fa103f60f916ce,clean
0,sid_train,real,unknown,train,70fa103f60f916ce,jpeg90
0,sid_train,real,unknown,train,70fa103f60f916ce,jpeg50
0,sid_train,real,unknown,train,70fa103f60f916ce,blur05
0,sid_train,real,unknown,train,6f4179f7e2404a60,clean
0,sid_train,real,unknown,train,6f4179f7e2404a60,blur05
0,sid_train,real,unknown,train,6f4179f7e2404a60,resize05
0,sid_train,real,unknown,train,6f4179f7e2404a60,crop08
1,sid_train,full_synthetic,unknown,train,dcc3eaddb822dab9,clean
1,sid_train,full_synthetic,unknown,train,dcc3eaddb822dab9,resize05
1,sid_train,full_synthetic,unknown,train,dcc3eaddb822dab9,resize025
1,sid_train,full_synthetic,unknown,train,dcc3eaddb822dab9,jitter02
1,sid_train,full_synthetic,unknown,train,cf185baaf1509643,clean
1,sid_train,full_synthetic,unknown,train,cf185baaf1509643,jpeg70
1,sid_train,full_synthetic,unknown,train,cf185baaf1509643,jpeg30
1,sid_train,full_synthetic,unknown,train,cf185baaf1509643,jitter02
0,sid_train,real,unknown,train,acc7898977d83efe,clean
0,sid_train,real,unknown,train,acc7898977d83efe,jpeg50
0,sid_train,real,unknown,train,acc7898977d83efe,jpeg30
0,sid_train,real,unknown,train,acc7898977d83efe,blur20
0,sid_train,real,unknown,train,ab7a30dc7a40a70d,clean
0,sid_train,real,unknown,train,ab7a30dc7a40a70d,jpeg90
0,sid_train,real,unknown,train,ab7a30dc7a40a70d,noise002
0,sid_train,real,unknown,train,ab7a30dc7a40a70d,noise01
1,sid_train,full_synthetic,unknown,train,7d7af3ded69e855d,clean
1,sid_train,full_synthetic,unknown,train,7d7af3ded69e855d,jpeg70
1,sid_train,full_synthetic,unknown,train,7d7af3ded69e855d,jpeg30
1,sid_train,full_synthetic,unknown,train,7d7af3ded69e855d,noise005
1,sid_train,full_synthetic,unknown,train,ab19027133eaf848,clean
1,sid_train,full_synthetic,unknown,train,ab19027133eaf848,jpeg50
1,sid_train,full_synthetic,unknown,train,ab19027133eaf848,blur05
1,sid_train,full_synthetic,unknown,train,ab19027133eaf848,noise005
1,sid_train,full_synthetic,unknown,train,523b32c92a4a2ef4,clean
1,sid_train,full_synthetic,unknown,train,523b32c92a4a2ef4,jpeg90
1,sid_train,full_synthetic,unknown,train,523b32c92a4a2ef4,jpeg70
1,sid_train,full_synthetic,unknown,train,523b32c92a4a2ef4,crop08
1,sid_train,full_synthetic,unknown,train,091402cb9341ac06,clean
1,sid_train,full_synthetic,unknown,train,091402cb9341ac06,jpeg30
1,sid_train,full_synthetic,unknown,train,091402cb9341ac06,resize05
1,sid_train,full_synthetic,unknown,train,091402cb9341ac06,noise005
1,sid_train,full_synthetic,unknown,train,8bbcb2d5a0d5ac20,clean
1,sid_train,full_synthetic,unknown,train,8bbcb2d5a0d5ac20,blur10
1,sid_train,full_synthetic,unknown,train,8bbcb2d5a0d5ac20,resize05
1,sid_train,full_synthetic,unknown,train,8bbcb2d5a0d5ac20,noise005
1,sid_train,full_synthetic,unknown,train,0e29974ff34800ef,clean
1,sid_train,full_synthetic,unknown,train,0e29974ff34800ef,jpeg90
1,sid_train,full_synthetic,unknown,train,0e29974ff34800ef,blur05
1,sid_train,full_synthetic,unknown,train,0e29974ff34800ef,resize025
1,sid_train,full_synthetic,unknown,train,bf5053404d4bf740,clean
1,sid_train,full_synthetic,unknown,train,bf5053404d4bf740,jpeg90
1,sid_train,full_synthetic,unknown,train,bf5053404d4bf740,blur10
1,sid_train,full_synthetic,unknown,train,bf5053404d4bf740,crop08
0,sid_train,real,unknown,train,54c79ef366f34f03,clean
0,sid_train,real,unknown,train,54c79ef366f34f03,jpeg90
0,sid_train,real,unknown,train,54c79ef366f34f03,jpeg30
0,sid_train,real,unknown,train,54c79ef366f34f03,resize025
0,sid_train,real,unknown,train,ac49ba09ce0f1b8c,clean
0,sid_train,real,unknown,train,ac49ba09ce0f1b8c,jpeg30
0,sid_train,real,unknown,train,ac49ba09ce0f1b8c,blur05
0,sid_train,real,unknown,train,ac49ba09ce0f1b8c,noise005
1,sid_train,full_synthetic,unknown,train,1389d117eaf3785f,clean
1,sid_train,full_synthetic,unknown,train,1389d117eaf3785f,jpeg30
1,sid_train,full_synthetic,unknown,train,1389d117eaf3785f,resize025
1,sid_train,full_synthetic,unknown,train,1389d117eaf3785f,jitter02
0,sid_train,real,unknown,train,3a1608c12bff675b,clean
0,sid_train,real,unknown,train,3a1608c12bff675b,jpeg50
0,sid_train,real,unknown,train,3a1608c12bff675b,blur05
0,sid_train,real,unknown,train,3a1608c12bff675b,noise005
0,sid_train,real,unknown,train,c193963a97051314,clean
0,sid_train,real,unknown,train,c193963a97051314,blur05
0,sid_train,real,unknown,train,c193963a97051314,noise002
0,sid_train,real,unknown,train,c193963a97051314,crop08
1,sid_train,full_synthetic,unknown,train,c5a7921f609715d0,clean
1,sid_train,full_synthetic,unknown,train,c5a7921f609715d0,blur20
1,sid_train,full_synthetic,unknown,train,c5a7921f609715d0,resize05
1,sid_train,full_synthetic,unknown,train,c5a7921f609715d0,crop08
1,sid_train,full_synthetic,unknown,train,76dd92d0ae08f3c2,clean
1,sid_train,full_synthetic,unknown,train,76dd92d0ae08f3c2,jpeg50
1,sid_train,full_synthetic,unknown,train,76dd92d0ae08f3c2,resize05
1,sid_train,full_synthetic,unknown,train,76dd92d0ae08f3c2,jitter02
0,sid_train,real,unknown,train,b95cc11f11a3fe27,clean
0,sid_train,real,unknown,train,b95cc11f11a3fe27,blur20
0,sid_train,real,unknown,train,b95cc11f11a3fe27,noise002
0,sid_train,real,unknown,train,b95cc11f11a3fe27,jitter02
0,sid_train,real,unknown,train,05cb538c3f085152,clean
0,sid_train,real,unknown,train,05cb538c3f085152,jpeg70
0,sid_train,real,unknown,train,05cb538c3f085152,jpeg50
0,sid_train,real,unknown,train,05cb538c3f085152,noise005
0,sid_train,real,unknown,train,81aa8f68fd0b4142,clean
0,sid_train,real,unknown,train,81aa8f68fd0b4142,jpeg70
0,sid_train,real,unknown,train,81aa8f68fd0b4142,blur20
0,sid_train,real,unknown,train,81aa8f68fd0b4142,noise01
0,sid_train,real,unknown,train,ff0e146c30c2057e,clean
0,sid_train,real,unknown,train,ff0e146c30c2057e,blur05
0,sid_train,real,unknown,train,ff0e146c30c2057e,blur20
0,sid_train,real,unknown,train,ff0e146c30c2057e,noise005
1,sid_train,full_synthetic,unknown,train,36961ef39f5efbbe,clean
1,sid_train,full_synthetic,unknown,train,36961ef39f5efbbe,jpeg90
1,sid_train,full_synthetic,unknown,train,36961ef39f5efbbe,blur20
1,sid_train,full_synthetic,unknown,train,36961ef39f5efbbe,noise002
0,sid_train,real,unknown,train,c0649138cc3bda65,clean
0,sid_train,real,unknown,train,c0649138cc3bda65,resize025
0,sid_train,real,unknown,train,c0649138cc3bda65,noise002
0,sid_train,real,unknown,train,c0649138cc3bda65,jitter02
0,sid_train,real,unknown,train,ac05229e923f58a4,clean
0,sid_train,real,unknown,train,ac05229e923f58a4,resize05
0,sid_train,real,unknown,train,ac05229e923f58a4,resize025
0,sid_train,real,unknown,train,ac05229e923f58a4,jitter02
1,sid_train,full_synthetic,unknown,train,f47f3839e13234ef,clean
1,sid_train,full_synthetic,unknown,train,f47f3839e13234ef,jpeg50
1,sid_train,full_synthetic,unknown,train,f47f3839e13234ef,blur10
1,sid_train,full_synthetic,unknown,train,f47f3839e13234ef,blur20
0,sid_train,real,unknown,train,4fb08170c3bfb42d,clean
0,sid_train,real,unknown,train,4fb08170c3bfb42d,jpeg70
0,sid_train,real,unknown,train,4fb08170c3bfb42d,noise002
0,sid_train,real,unknown,train,4fb08170c3bfb42d,noise005
0,sid_train,real,unknown,train,28bed5929e49b3ed,clean
0,sid_train,real,unknown,train,28bed5929e49b3ed,jpeg30
0,sid_train,real,unknown,train,28bed5929e49b3ed,resize025
0,sid_train,real,unknown,train,28bed5929e49b3ed,noise005
1,sid_train,full_synthetic,unknown,train,c4f68d194bc12ba2,clean
1,sid_train,full_synthetic,unknown,train,c4f68d194bc12ba2,jpeg50
1,sid_train,full_synthetic,unknown,train,c4f68d194bc12ba2,noise01
1,sid_train,full_synthetic,unknown,train,c4f68d194bc12ba2,jitter02
0,sid_train,real,unknown,train,1fdc237cfb2809df,clean
0,sid_train,real,unknown,train,1fdc237cfb2809df,jpeg90
0,sid_train,real,unknown,train,1fdc237cfb2809df,jpeg50
0,sid_train,real,unknown,train,1fdc237cfb2809df,crop08
0,sid_train,real,unknown,train,d2135783e05a8d54,clean
0,sid_train,real,unknown,train,d2135783e05a8d54,jpeg70
0,sid_train,real,unknown,train,d2135783e05a8d54,resize05
0,sid_train,real,unknown,train,d2135783e05a8d54,jitter02
1,sid_train,full_synthetic,unknown,train,b6580d3ae38f42e0,clean
1,sid_train,full_synthetic,unknown,train,b6580d3ae38f42e0,jpeg90
1,sid_train,full_synthetic,unknown,train,b6580d3ae38f42e0,jpeg70
1,sid_train,full_synthetic,unknown,train,b6580d3ae38f42e0,resize05
0,sid_train,real,unknown,train,ebf57e6ce501fb5a,clean
0,sid_train,real,unknown,train,ebf57e6ce501fb5a,jpeg90
0,sid_train,real,unknown,train,ebf57e6ce501fb5a,jpeg50
0,sid_train,real,unknown,train,ebf57e6ce501fb5a,blur10
1,sid_train,full_synthetic,unknown,train,bd75d4e06200ee03,clean
1,sid_train,full_synthetic,unknown,train,bd75d4e06200ee03,blur05
1,sid_train,full_synthetic,unknown,train,bd75d4e06200ee03,blur10
1,sid_train,full_synthetic,unknown,train,bd75d4e06200ee03,noise002
0,sid_train,real,unknown,train,350d9d6e505167a9,clean
0,sid_train,real,unknown,train,350d9d6e505167a9,jpeg30
0,sid_train,real,unknown,train,350d9d6e505167a9,noise005
0,sid_train,real,unknown,train,350d9d6e505167a9,noise01
0,sid_train,real,unknown,train,b66e2006ad53f3df,clean
0,sid_train,real,unknown,train,b66e2006ad53f3df,jpeg70
0,sid_train,real,unknown,train,b66e2006ad53f3df,noise005
0,sid_train,real,unknown,train,b66e2006ad53f3df,crop08
1,sid_train,full_synthetic,unknown,train,96786d9283d942c1,clean
1,sid_train,full_synthetic,unknown,train,96786d9283d942c1,blur10
1,sid_train,full_synthetic,unknown,train,96786d9283d942c1,blur20
1,sid_train,full_synthetic,unknown,train,96786d9283d942c1,resize05
1,sid_train,full_synthetic,unknown,train,73812ea35783e420,clean
1,sid_train,full_synthetic,unknown,train,73812ea35783e420,jpeg90
1,sid_train,full_synthetic,unknown,train,73812ea35783e420,noise005
1,sid_train,full_synthetic,unknown,train,73812ea35783e420,noise01
1,sid_train,full_synthetic,unknown,train,d52c14a0cf696df5,clean
1,sid_train,full_synthetic,unknown,train,d52c14a0cf696df5,jpeg70
1,sid_train,full_synthetic,unknown,train,d52c14a0cf696df5,noise005
1,sid_train,full_synthetic,unknown,train,d52c14a0cf696df5,jitter02
0,sid_train,real,unknown,train,d3453de9fa25ae7b,clean
0,sid_train,real,unknown,train,d3453de9fa25ae7b,jpeg30
0,sid_train,real,unknown,train,d3453de9fa25ae7b,blur20
0,sid_train,real,unknown,train,d3453de9fa25ae7b,noise005
0,sid_train,real,unknown,train,2fd27caf8ee63c36,clean
0,sid_train,real,unknown,train,2fd27caf8ee63c36,jpeg90
0,sid_train,real,unknown,train,2fd27caf8ee63c36,noise005
0,sid_train,real,unknown,train,2fd27caf8ee63c36,jitter02
0,sid_train,real,unknown,train,dc6f711b1df1110b,clean
0,sid_train,real,unknown,train,dc6f711b1df1110b,jpeg30
0,sid_train,real,unknown,train,dc6f711b1df1110b,blur05
0,sid_train,real,unknown,train,dc6f711b1df1110b,resize05
1,sid_train,full_synthetic,unknown,train,63b8223d36f69cbc,clean
1,sid_train,full_synthetic,unknown,train,63b8223d36f69cbc,resize05
1,sid_train,full_synthetic,unknown,train,63b8223d36f69cbc,resize025
1,sid_train,full_synthetic,unknown,train,63b8223d36f69cbc,noise002
1,sid_train,full_synthetic,unknown,train,e09d2357e832f216,clean
1,sid_train,full_synthetic,unknown,train,e09d2357e832f216,blur20
1,sid_train,full_synthetic,unknown,train,e09d2357e832f216,noise002
1,sid_train,full_synthetic,unknown,train,e09d2357e832f216,crop08
0,sid_train,real,unknown,train,5da53aa11c834353,clean
0,sid_train,real,unknown,train,5da53aa11c834353,jpeg30
0,sid_train,real,unknown,train,5da53aa11c834353,blur05
0,sid_train,real,unknown,train,5da53aa11c834353,noise002
1,sid_train,full_synthetic,unknown,train,1d480c74409a56b8,clean
1,sid_train,full_synthetic,unknown,train,1d480c74409a56b8,jpeg70
1,sid_train,full_synthetic,unknown,train,1d480c74409a56b8,blur05
1,sid_train,full_synthetic,unknown,train,1d480c74409a56b8,blur10
0,sid_train,real,unknown,train,9a970d4acfcec942,clean
0,sid_train,real,unknown,train,9a970d4acfcec942,jpeg50
0,sid_train,real,unknown,train,9a970d4acfcec942,resize025
0,sid_train,real,unknown,train,9a970d4acfcec942,noise002
0,sid_train,real,unknown,train,a4a970de7ca1cb4a,clean
0,sid_train,real,unknown,train,a4a970de7ca1cb4a,resize025
0,sid_train,real,unknown,train,a4a970de7ca1cb4a,noise002
0,sid_train,real,unknown,train,a4a970de7ca1cb4a,jitter02
1,sid_train,full_synthetic,unknown,train,a4549e88f9ea775b,clean
1,sid_train,full_synthetic,unknown,train,a4549e88f9ea775b,jpeg90
1,sid_train,full_synthetic,unknown,train,a4549e88f9ea775b,jpeg70
1,sid_train,full_synthetic,unknown,train,a4549e88f9ea775b,resize05
1,sid_train,full_synthetic,unknown,train,db43d2521ebb962b,clean
1,sid_train,full_synthetic,unknown,train,db43d2521ebb962b,resize05
1,sid_train,full_synthetic,unknown,train,db43d2521ebb962b,noise002
1,sid_train,full_synthetic,unknown,train,db43d2521ebb962b,noise01
0,sid_train,real,unknown,train,a72f20129813ca1c,clean
0,sid_train,real,unknown,train,a72f20129813ca1c,blur10
0,sid_train,real,unknown,train,a72f20129813ca1c,noise002
0,sid_train,real,unknown,train,a72f20129813ca1c,crop08
1,sid_train,full_synthetic,unknown,train,aa541dc901b3af68,clean
1,sid_train,full_synthetic,unknown,train,aa541dc901b3af68,blur05
1,sid_train,full_synthetic,unknown,train,aa541dc901b3af68,noise002
1,sid_train,full_synthetic,unknown,train,aa541dc901b3af68,noise01
1,sid_train,full_synthetic,unknown,train,d01c02475230b9df,clean
1,sid_train,full_synthetic,unknown,train,d01c02475230b9df,jpeg70
1,sid_train,full_synthetic,unknown,train,d01c02475230b9df,resize025
1,sid_train,full_synthetic,unknown,train,d01c02475230b9df,noise01
1,sid_train,full_synthetic,unknown,train,0a1f594ad0f01883,clean
1,sid_train,full_synthetic,unknown,train,0a1f594ad0f01883,jpeg50
1,sid_train,full_synthetic,unknown,train,0a1f594ad0f01883,jpeg30
1,sid_train,full_synthetic,unknown,train,0a1f594ad0f01883,resize025
1,sid_train,full_synthetic,unknown,train,c952d790d38ae65a,clean
1,sid_train,full_synthetic,unknown,train,c952d790d38ae65a,blur10
1,sid_train,full_synthetic,unknown,train,c952d790d38ae65a,resize05
1,sid_train,full_synthetic,unknown,train,c952d790d38ae65a,resize025
1,sid_train,full_synthetic,unknown,train,1b3c13aa0161fbc8,clean
1,sid_train,full_synthetic,unknown,train,1b3c13aa0161fbc8,blur20
1,sid_train,full_synthetic,unknown,train,1b3c13aa0161fbc8,noise01
1,sid_train,full_synthetic,unknown,train,1b3c13aa0161fbc8,crop08
0,sid_train,real,unknown,train,e946b1aa229f6b0e,clean
0,sid_train,real,unknown,train,e946b1aa229f6b0e,jpeg70
0,sid_train,real,unknown,train,e946b1aa229f6b0e,resize025
0,sid_train,real,unknown,train,e946b1aa229f6b0e,jitter02
1,sid_train,full_synthetic,unknown,train,765b016d7a1cd5c8,clean
1,sid_train,full_synthetic,unknown,train,765b016d7a1cd5c8,jpeg50
1,sid_train,full_synthetic,unknown,train,765b016d7a1cd5c8,blur20
1,sid_train,full_synthetic,unknown,train,765b016d7a1cd5c8,resize025
1,sid_train,full_synthetic,unknown,train,96ac24608a6f32ae,clean
1,sid_train,full_synthetic,unknown,train,96ac24608a6f32ae,blur20
1,sid_train,full_synthetic,unknown,train,96ac24608a6f32ae,resize05
1,sid_train,full_synthetic,unknown,train,96ac24608a6f32ae,noise01
0,sid_train,real,unknown,train,e8ebaa162ca8b3cf,clean
0,sid_train,real,unknown,train,e8ebaa162ca8b3cf,blur20
0,sid_train,real,unknown,train,e8ebaa162ca8b3cf,noise002
0,sid_train,real,unknown,train,e8ebaa162ca8b3cf,noise01
0,sid_train,real,unknown,train,6d43f215b7bb58ec,clean
0,sid_train,real,unknown,train,6d43f215b7bb58ec,jpeg30
0,sid_train,real,unknown,train,6d43f215b7bb58ec,blur05
0,sid_train,real,unknown,train,6d43f215b7bb58ec,crop08
0,sid_train,real,unknown,train,b82d582b42223ba3,clean
0,sid_train,real,unknown,train,b82d582b42223ba3,jpeg90
0,sid_train,real,unknown,train,b82d582b42223ba3,jpeg70
0,sid_train,real,unknown,train,b82d582b42223ba3,resize025
0,sid_train,real,unknown,train,5ffd31c7d2011d39,clean
0,sid_train,real,unknown,train,5ffd31c7d2011d39,jpeg50
0,sid_train,real,unknown,train,5ffd31c7d2011d39,jpeg30
0,sid_train,real,unknown,train,5ffd31c7d2011d39,jitter02
0,sid_train,real,unknown,train,c988a012e8bfbb31,clean
0,sid_train,real,unknown,train,c988a012e8bfbb31,jpeg70
0,sid_train,real,unknown,train,c988a012e8bfbb31,resize05
0,sid_train,real,unknown,train,c988a012e8bfbb31,resize025
1,sid_train,full_synthetic,unknown,train,064ee7d87d24bbcc,clean
1,sid_train,full_synthetic,unknown,train,064ee7d87d24bbcc,jpeg30
1,sid_train,full_synthetic,unknown,train,064ee7d87d24bbcc,blur05
1,sid_train,full_synthetic,unknown,train,064ee7d87d24bbcc,blur10
0,sid_train,real,unknown,train,74b3b219dac18292,clean
0,sid_train,real,unknown,train,74b3b219dac18292,jpeg70
0,sid_train,real,unknown,train,74b3b219dac18292,noise005
0,sid_train,real,unknown,train,74b3b219dac18292,crop08
0,sid_train,real,unknown,train,70b1c14ca488225d,clean
0,sid_train,real,unknown,train,70b1c14ca488225d,jpeg70
0,sid_train,real,unknown,train,70b1c14ca488225d,resize05
0,sid_train,real,unknown,train,70b1c14ca488225d,jitter02
1,sid_train,full_synthetic,unknown,train,6e469a68203f0dd5,clean
1,sid_train,full_synthetic,unknown,train,6e469a68203f0dd5,jpeg50
1,sid_train,full_synthetic,unknown,train,6e469a68203f0dd5,noise01
1,sid_train,full_synthetic,unknown,train,6e469a68203f0dd5,crop08
1,sid_train,full_synthetic,unknown,train,94c3f27d8c64ea75,clean
1,sid_train,full_synthetic,unknown,train,94c3f27d8c64ea75,blur20
1,sid_train,full_synthetic,unknown,train,94c3f27d8c64ea75,resize025
1,sid_train,full_synthetic,unknown,train,94c3f27d8c64ea75,noise005
0,sid_train,real,unknown,train,468813464d15c89d,clean
0,sid_train,real,unknown,train,468813464d15c89d,jpeg70
0,sid_train,real,unknown,train,468813464d15c89d,blur10
0,sid_train,real,unknown,train,468813464d15c89d,resize025
1,sid_train,full_synthetic,unknown,train,add58af6cbab8a94,clean
1,sid_train,full_synthetic,unknown,train,add58af6cbab8a94,jpeg50
1,sid_train,full_synthetic,unknown,train,add58af6cbab8a94,jitter02
1,sid_train,full_synthetic,unknown,train,add58af6cbab8a94,crop08
1,sid_train,full_synthetic,unknown,train,6ea9668b358ea0df,clean
1,sid_train,full_synthetic,unknown,train,6ea9668b358ea0df,jpeg70
1,sid_train,full_synthetic,unknown,train,6ea9668b358ea0df,jpeg50
1,sid_train,full_synthetic,unknown,train,6ea9668b358ea0df,jpeg30
0,sid_train,real,unknown,train,08d4c21b037a9e67,clean
0,sid_train,real,unknown,train,08d4c21b037a9e67,jpeg90
0,sid_train,real,unknown,train,08d4c21b037a9e67,noise005
0,sid_train,real,unknown,train,08d4c21b037a9e67,jitter02
0,sid_train,real,unknown,train,e0f9a02b45544f38,clean
0,sid_train,real,unknown,train,e0f9a02b45544f38,jpeg30
0,sid_train,real,unknown,train,e0f9a02b45544f38,noise002
0,sid_train,real,unknown,train,e0f9a02b45544f38,crop08
1,sid_train,full_synthetic,unknown,train,464ff573af2ba0d0,clean
1,sid_train,full_synthetic,unknown,train,464ff573af2ba0d0,jpeg30
1,sid_train,full_synthetic,unknown,train,464ff573af2ba0d0,blur10
1,sid_train,full_synthetic,unknown,train,464ff573af2ba0d0,resize05
1,sid_train,full_synthetic,unknown,train,c380392fafb388b2,clean
1,sid_train,full_synthetic,unknown,train,c380392fafb388b2,resize05
1,sid_train,full_synthetic,unknown,train,c380392fafb388b2,noise005
1,sid_train,full_synthetic,unknown,train,c380392fafb388b2,crop08
0,sid_train,real,unknown,train,c3da76995f635d5e,clean
0,sid_train,real,unknown,train,c3da76995f635d5e,jpeg70
0,sid_train,real,unknown,train,c3da76995f635d5e,blur20
0,sid_train,real,unknown,train,c3da76995f635d5e,crop08
0,sid_train,real,unknown,train,6221dfbf4e964de6,clean
0,sid_train,real,unknown,train,6221dfbf4e964de6,resize05
0,sid_train,real,unknown,train,6221dfbf4e964de6,noise002
0,sid_train,real,unknown,train,6221dfbf4e964de6,noise01
0,sid_train,real,unknown,train,4f0245c894708eb7,clean
0,sid_train,real,unknown,train,4f0245c894708eb7,jpeg50
0,sid_train,real,unknown,train,4f0245c894708eb7,blur05
0,sid_train,real,unknown,train,4f0245c894708eb7,crop08
0,sid_train,real,unknown,train,609f3f0686a8eb5c,clean
0,sid_train,real,unknown,train,609f3f0686a8eb5c,blur20
0,sid_train,real,unknown,train,609f3f0686a8eb5c,resize025
0,sid_train,real,unknown,train,609f3f0686a8eb5c,noise01
1,sid_train,full_synthetic,unknown,train,463569f82cbee713,clean
1,sid_train,full_synthetic,unknown,train,463569f82cbee713,jpeg90
1,sid_train,full_synthetic,unknown,train,463569f82cbee713,blur10
1,sid_train,full_synthetic,unknown,train,463569f82cbee713,resize025
0,sid_train,real,unknown,train,5df0c64e08070186,clean
0,sid_train,real,unknown,train,5df0c64e08070186,blur05
0,sid_train,real,unknown,train,5df0c64e08070186,blur20
0,sid_train,real,unknown,train,5df0c64e08070186,noise005
1,sid_train,full_synthetic,unknown,train,358720111d564369,clean
1,sid_train,full_synthetic,unknown,train,358720111d564369,resize025
1,sid_train,full_synthetic,unknown,train,358720111d564369,noise002
1,sid_train,full_synthetic,unknown,train,358720111d564369,noise005
0,sid_train,real,unknown,train,df6609920e63acf2,clean
0,sid_train,real,unknown,train,df6609920e63acf2,blur05
0,sid_train,real,unknown,train,df6609920e63acf2,resize025
0,sid_train,real,unknown,train,df6609920e63acf2,crop08
1,sid_train,full_synthetic,unknown,train,b9d9b1a0b3abd978,clean
1,sid_train,full_synthetic,unknown,train,b9d9b1a0b3abd978,blur10
1,sid_train,full_synthetic,unknown,train,b9d9b1a0b3abd978,blur20
1,sid_train,full_synthetic,unknown,train,b9d9b1a0b3abd978,noise005
1,sid_train,full_synthetic,unknown,train,e837da146f7587c8,clean
1,sid_train,full_synthetic,unknown,train,e837da146f7587c8,jpeg30
1,sid_train,full_synthetic,unknown,train,e837da146f7587c8,blur20
1,sid_train,full_synthetic,unknown,train,e837da146f7587c8,noise002
1,sid_train,full_synthetic,unknown,train,b21c201a6369baf3,clean
1,sid_train,full_synthetic,unknown,train,b21c201a6369baf3,blur10
1,sid_train,full_synthetic,unknown,train,b21c201a6369baf3,blur20
1,sid_train,full_synthetic,unknown,train,b21c201a6369baf3,noise002
0,sid_train,real,unknown,train,70b4ceecdd8fc826,clean
0,sid_train,real,unknown,train,70b4ceecdd8fc826,blur05
0,sid_train,real,unknown,train,70b4ceecdd8fc826,noise01
0,sid_train,real,unknown,train,70b4ceecdd8fc826,jitter02
1,sid_train,full_synthetic,unknown,train,5bb2467347baa196,clean
1,sid_train,full_synthetic,unknown,train,5bb2467347baa196,blur20
1,sid_train,full_synthetic,unknown,train,5bb2467347baa196,resize025
1,sid_train,full_synthetic,unknown,train,5bb2467347baa196,noise005
0,sid_train,real,unknown,train,c1c747e3cadac6e3,clean
0,sid_train,real,unknown,train,c1c747e3cadac6e3,blur05
0,sid_train,real,unknown,train,c1c747e3cadac6e3,noise002
0,sid_train,real,unknown,train,c1c747e3cadac6e3,jitter02
1,sid_train,full_synthetic,unknown,train,b7a5a39ee9a88ea3,clean
1,sid_train,full_synthetic,unknown,train,b7a5a39ee9a88ea3,jpeg90
1,sid_train,full_synthetic,unknown,train,b7a5a39ee9a88ea3,blur10
1,sid_train,full_synthetic,unknown,train,b7a5a39ee9a88ea3,noise002
0,sid_train,real,unknown,train,f52316675f23d524,clean
0,sid_train,real,unknown,train,f52316675f23d524,jpeg90
0,sid_train,real,unknown,train,f52316675f23d524,resize05
0,sid_train,real,unknown,train,f52316675f23d524,noise005
1,sid_train,full_synthetic,unknown,train,1366a846d0465c88,clean
1,sid_train,full_synthetic,unknown,train,1366a846d0465c88,jpeg90
1,sid_train,full_synthetic,unknown,train,1366a846d0465c88,jpeg30
1,sid_train,full_synthetic,unknown,train,1366a846d0465c88,blur05
0,sid_train,real,unknown,train,5a11719f25cc07ce,clean
0,sid_train,real,unknown,train,5a11719f25cc07ce,resize025
0,sid_train,real,unknown,train,5a11719f25cc07ce,noise002
0,sid_train,real,unknown,train,5a11719f25cc07ce,noise005
1,sid_train,full_synthetic,unknown,train,1f6621a09ca098c9,clean
1,sid_train,full_synthetic,unknown,train,1f6621a09ca098c9,jpeg70
1,sid_train,full_synthetic,unknown,train,1f6621a09ca098c9,jpeg50
1,sid_train,full_synthetic,unknown,train,1f6621a09ca098c9,noise002
0,sid_train,real,unknown,train,bf507f1a14b6512c,clean
0,sid_train,real,unknown,train,bf507f1a14b6512c,jpeg90
0,sid_train,real,unknown,train,bf507f1a14b6512c,jpeg50
0,sid_train,real,unknown,train,bf507f1a14b6512c,noise002
0,sid_train,real,unknown,train,fe790a196cbeb095,clean
0,sid_train,real,unknown,train,fe790a196cbeb095,jpeg50
0,sid_train,real,unknown,train,fe790a196cbeb095,blur10
0,sid_train,real,unknown,train,fe790a196cbeb095,jitter02
1,sid_train,full_synthetic,unknown,train,0ed9bd5c6e48e321,clean
1,sid_train,full_synthetic,unknown,train,0ed9bd5c6e48e321,blur05
1,sid_train,full_synthetic,unknown,train,0ed9bd5c6e48e321,blur10
1,sid_train,full_synthetic,unknown,train,0ed9bd5c6e48e321,noise01
1,sid_train,full_synthetic,unknown,train,d1febaecee3cfb6d,clean
1,sid_train,full_synthetic,unknown,train,d1febaecee3cfb6d,jpeg90
1,sid_train,full_synthetic,unknown,train,d1febaecee3cfb6d,jitter02
1,sid_train,full_synthetic,unknown,train,d1febaecee3cfb6d,crop08
1,sid_train,full_synthetic,unknown,train,89f26170be9f6c72,clean
1,sid_train,full_synthetic,unknown,train,89f26170be9f6c72,jpeg50
1,sid_train,full_synthetic,unknown,train,89f26170be9f6c72,blur10
1,sid_train,full_synthetic,unknown,train,89f26170be9f6c72,noise005
1,sid_train,full_synthetic,unknown,train,bed0ea723b2b7603,clean
1,sid_train,full_synthetic,unknown,train,bed0ea723b2b7603,jpeg90
1,sid_train,full_synthetic,unknown,train,bed0ea723b2b7603,blur10
1,sid_train,full_synthetic,unknown,train,bed0ea723b2b7603,noise01
0,sid_train,real,unknown,train,1146b965f4801b16,clean
0,sid_train,real,unknown,train,1146b965f4801b16,resize05
0,sid_train,real,unknown,train,1146b965f4801b16,resize025
0,sid_train,real,unknown,train,1146b965f4801b16,jitter02
0,sid_train,real,unknown,train,c74cf6b83f92aaf8,clean
0,sid_train,real,unknown,train,c74cf6b83f92aaf8,jpeg50
0,sid_train,real,unknown,train,c74cf6b83f92aaf8,blur05
0,sid_train,real,unknown,train,c74cf6b83f92aaf8,resize025
1,sid_train,full_synthetic,unknown,train,85c0dc3058a0e5e6,clean
1,sid_train,full_synthetic,unknown,train,85c0dc3058a0e5e6,jpeg90
1,sid_train,full_synthetic,unknown,train,85c0dc3058a0e5e6,jpeg50
1,sid_train,full_synthetic,unknown,train,85c0dc3058a0e5e6,noise005
0,sid_train,real,unknown,train,e6a491c19754b7bf,clean
0,sid_train,real,unknown,train,e6a491c19754b7bf,blur20
0,sid_train,real,unknown,train,e6a491c19754b7bf,noise002
0,sid_train,real,unknown,train,e6a491c19754b7bf,noise01
1,sid_train,full_synthetic,unknown,train,099cd6dc5112c69e,clean
1,sid_train,full_synthetic,unknown,train,099cd6dc5112c69e,jpeg50
1,sid_train,full_synthetic,unknown,train,099cd6dc5112c69e,jpeg30
1,sid_train,full_synthetic,unknown,train,099cd6dc5112c69e,jitter02
0,sid_train,real,unknown,train,714d3387d23e6726,clean
0,sid_train,real,unknown,train,714d3387d23e6726,blur20
0,sid_train,real,unknown,train,714d3387d23e6726,resize05
0,sid_train,real,unknown,train,714d3387d23e6726,noise002
0,sid_train,real,unknown,train,a856b34c9a8bf76a,clean
0,sid_train,real,unknown,train,a856b34c9a8bf76a,jpeg90
0,sid_train,real,unknown,train,a856b34c9a8bf76a,blur10
0,sid_train,real,unknown,train,a856b34c9a8bf76a,resize05
0,sid_train,real,unknown,train,27fd21d23e76fc9d,clean
0,sid_train,real,unknown,train,27fd21d23e76fc9d,blur20
0,sid_train,real,unknown,train,27fd21d23e76fc9d,resize025
0,sid_train,real,unknown,train,27fd21d23e76fc9d,noise005
1,sid_train,full_synthetic,unknown,train,3b4e0e58c2e258be,clean
1,sid_train,full_synthetic,unknown,train,3b4e0e58c2e258be,jpeg30
1,sid_train,full_synthetic,unknown,train,3b4e0e58c2e258be,noise01
1,sid_train,full_synthetic,unknown,train,3b4e0e58c2e258be,jitter02
0,sid_train,real,unknown,train,fc6ba382f6001c23,clean
0,sid_train,real,unknown,train,fc6ba382f6001c23,jpeg90
0,sid_train,real,unknown,train,fc6ba382f6001c23,resize025
0,sid_train,real,unknown,train,fc6ba382f6001c23,noise002
1,sid_train,full_synthetic,unknown,train,5b9e700c8fe43aa8,clean
1,sid_train,full_synthetic,unknown,train,5b9e700c8fe43aa8,jpeg90
1,sid_train,full_synthetic,unknown,train,5b9e700c8fe43aa8,blur20
1,sid_train,full_synthetic,unknown,train,5b9e700c8fe43aa8,noise01
1,sid_train,full_synthetic,unknown,train,6877d76707399ff0,clean
1,sid_train,full_synthetic,unknown,train,6877d76707399ff0,jpeg90
1,sid_train,full_synthetic,unknown,train,6877d76707399ff0,blur05
1,sid_train,full_synthetic,unknown,train,6877d76707399ff0,blur10
0,sid_train,real,unknown,train,cb9bf2a4749db19d,clean
0,sid_train,real,unknown,train,cb9bf2a4749db19d,jpeg70
0,sid_train,real,unknown,train,cb9bf2a4749db19d,blur05
0,sid_train,real,unknown,train,cb9bf2a4749db19d,blur20
1,sid_train,full_synthetic,unknown,train,02f33731bc3683fe,clean
1,sid_train,full_synthetic,unknown,train,02f33731bc3683fe,jpeg90
1,sid_train,full_synthetic,unknown,train,02f33731bc3683fe,blur10
1,sid_train,full_synthetic,unknown,train,02f33731bc3683fe,resize05
0,sid_train,real,unknown,train,4f0fdf2b051ab8e7,clean
0,sid_train,real,unknown,train,4f0fdf2b051ab8e7,jpeg70
0,sid_train,real,unknown,train,4f0fdf2b051ab8e7,blur10
0,sid_train,real,unknown,train,4f0fdf2b051ab8e7,noise005
1,sid_train,full_synthetic,unknown,train,65d6ed89aedf71dc,clean
1,sid_train,full_synthetic,unknown,train,65d6ed89aedf71dc,jpeg90
1,sid_train,full_synthetic,unknown,train,65d6ed89aedf71dc,resize05
1,sid_train,full_synthetic,unknown,train,65d6ed89aedf71dc,noise005
0,sid_train,real,unknown,train,1895c85572b3830f,clean
0,sid_train,real,unknown,train,1895c85572b3830f,blur20
0,sid_train,real,unknown,train,1895c85572b3830f,noise01
0,sid_train,real,unknown,train,1895c85572b3830f,jitter02
0,sid_train,real,unknown,train,90602a40d374b201,clean
0,sid_train,real,unknown,train,90602a40d374b201,jpeg90
0,sid_train,real,unknown,train,90602a40d374b201,blur20
0,sid_train,real,unknown,train,90602a40d374b201,resize025
1,sid_train,full_synthetic,unknown,train,105fcab5a973c29e,clean
1,sid_train,full_synthetic,unknown,train,105fcab5a973c29e,jpeg30
1,sid_train,full_synthetic,unknown,train,105fcab5a973c29e,resize05
1,sid_train,full_synthetic,unknown,train,105fcab5a973c29e,resize025
1,sid_train,full_synthetic,unknown,train,f2ad05f991ff2303,clean
1,sid_train,full_synthetic,unknown,train,f2ad05f991ff2303,blur20
1,sid_train,full_synthetic,unknown,train,f2ad05f991ff2303,noise002
1,sid_train,full_synthetic,unknown,train,f2ad05f991ff2303,noise01
0,sid_train,real,unknown,train,a716bc00da985c83,clean
0,sid_train,real,unknown,train,a716bc00da985c83,jpeg30
0,sid_train,real,unknown,train,a716bc00da985c83,resize05
0,sid_train,real,unknown,train,a716bc00da985c83,resize025
1,sid_train,full_synthetic,unknown,train,e3804c9f15b9bd26,clean
1,sid_train,full_synthetic,unknown,train,e3804c9f15b9bd26,jpeg70
1,sid_train,full_synthetic,unknown,train,e3804c9f15b9bd26,jpeg50
1,sid_train,full_synthetic,unknown,train,e3804c9f15b9bd26,noise002
0,sid_train,real,unknown,train,405ec1126a04c328,clean
0,sid_train,real,unknown,train,405ec1126a04c328,noise002
0,sid_train,real,unknown,train,405ec1126a04c328,noise005
0,sid_train,real,unknown,train,405ec1126a04c328,jitter02
0,sid_train,real,unknown,train,b189f0bef82fb23e,clean
0,sid_train,real,unknown,train,b189f0bef82fb23e,jpeg90
0,sid_train,real,unknown,train,b189f0bef82fb23e,blur20
0,sid_train,real,unknown,train,b189f0bef82fb23e,noise005
1,sid_train,full_synthetic,unknown,train,efe3400588101e67,clean
1,sid_train,full_synthetic,unknown,train,efe3400588101e67,blur10
1,sid_train,full_synthetic,unknown,train,efe3400588101e67,noise002
1,sid_train,full_synthetic,unknown,train,efe3400588101e67,crop08
1,sid_train,full_synthetic,unknown,train,691fd2ca2444d098,clean
1,sid_train,full_synthetic,unknown,train,691fd2ca2444d098,jpeg90
1,sid_train,full_synthetic,unknown,train,691fd2ca2444d098,blur05
1,sid_train,full_synthetic,unknown,train,691fd2ca2444d098,noise01
0,sid_train,real,unknown,train,f221d093aab06819,clean
0,sid_train,real,unknown,train,f221d093aab06819,jpeg70
0,sid_train,real,unknown,train,f221d093aab06819,resize05
0,sid_train,real,unknown,train,f221d093aab06819,noise002
0,sid_train,real,unknown,train,848dd15f990f4202,clean
0,sid_train,real,unknown,train,848dd15f990f4202,jpeg30
0,sid_train,real,unknown,train,848dd15f990f4202,blur05
0,sid_train,real,unknown,train,848dd15f990f4202,noise01
0,sid_train,real,unknown,train,21283153e154c6bb,clean
0,sid_train,real,unknown,train,21283153e154c6bb,jpeg70
0,sid_train,real,unknown,train,21283153e154c6bb,resize025
0,sid_train,real,unknown,train,21283153e154c6bb,crop08
0,sid_train,real,unknown,train,ad417d1caf11deed,clean
0,sid_train,real,unknown,train,ad417d1caf11deed,jpeg50
0,sid_train,real,unknown,train,ad417d1caf11deed,blur10
0,sid_train,real,unknown,train,ad417d1caf11deed,noise01
1,sid_train,full_synthetic,unknown,train,52f1628c17fa18ee,clean
1,sid_train,full_synthetic,unknown,train,52f1628c17fa18ee,jpeg90
1,sid_train,full_synthetic,unknown,train,52f1628c17fa18ee,noise01
1,sid_train,full_synthetic,unknown,train,52f1628c17fa18ee,crop08
1,sid_train,full_synthetic,unknown,train,ec301c15753adc9e,clean
1,sid_train,full_synthetic,unknown,train,ec301c15753adc9e,jpeg70
1,sid_train,full_synthetic,unknown,train,ec301c15753adc9e,blur20
1,sid_train,full_synthetic,unknown,train,ec301c15753adc9e,noise005
1,sid_train,full_synthetic,unknown,train,7bc8e4411f68e752,clean
1,sid_train,full_synthetic,unknown,train,7bc8e4411f68e752,resize025
1,sid_train,full_synthetic,unknown,train,7bc8e4411f68e752,jitter02
1,sid_train,full_synthetic,unknown,train,7bc8e4411f68e752,crop08
1,sid_train,full_synthetic,unknown,train,9dfb974ade858101,clean
1,sid_train,full_synthetic,unknown,train,9dfb974ade858101,jpeg50
1,sid_train,full_synthetic,unknown,train,9dfb974ade858101,resize025
1,sid_train,full_synthetic,unknown,train,9dfb974ade858101,noise01
0,sid_train,real,unknown,train,09271dc2b715e78a,clean
0,sid_train,real,unknown,train,09271dc2b715e78a,jpeg70
0,sid_train,real,unknown,train,09271dc2b715e78a,blur20
0,sid_train,real,unknown,train,09271dc2b715e78a,crop08
1,sid_train,full_synthetic,unknown,train,92d90aefa5262ccd,clean
1,sid_train,full_synthetic,unknown,train,92d90aefa5262ccd,resize05
1,sid_train,full_synthetic,unknown,train,92d90aefa5262ccd,noise002
1,sid_train,full_synthetic,unknown,train,92d90aefa5262ccd,noise005
0,sid_train,real,unknown,train,bc73c8aa8a535482,clean
0,sid_train,real,unknown,train,bc73c8aa8a535482,blur10
0,sid_train,real,unknown,train,bc73c8aa8a535482,resize025
0,sid_train,real,unknown,train,bc73c8aa8a535482,jitter02
0,sid_train,real,unknown,train,8967ebc75f2a3070,clean
0,sid_train,real,unknown,train,8967ebc75f2a3070,jpeg90
0,sid_train,real,unknown,train,8967ebc75f2a3070,blur10
0,sid_train,real,unknown,train,8967ebc75f2a3070,resize025
0,sid_train,real,unknown,train,d293d221cf8a0eb1,clean
0,sid_train,real,unknown,train,d293d221cf8a0eb1,jpeg90
0,sid_train,real,unknown,train,d293d221cf8a0eb1,blur20
0,sid_train,real,unknown,train,d293d221cf8a0eb1,resize025
0,sid_train,real,unknown,train,6c23067cc0326211,clean
0,sid_train,real,unknown,train,6c23067cc0326211,jpeg90
0,sid_train,real,unknown,train,6c23067cc0326211,blur10
0,sid_train,real,unknown,train,6c23067cc0326211,noise005
1,sid_train,full_synthetic,unknown,train,85d6bea6932845da,clean
1,sid_train,full_synthetic,unknown,train,85d6bea6932845da,blur10
1,sid_train,full_synthetic,unknown,train,85d6bea6932845da,noise005
1,sid_train,full_synthetic,unknown,train,85d6bea6932845da,noise01
0,sid_train,real,unknown,train,d88191c1f1ff44b9,clean
0,sid_train,real,unknown,train,d88191c1f1ff44b9,jpeg50
0,sid_train,real,unknown,train,d88191c1f1ff44b9,blur10
0,sid_train,real,unknown,train,d88191c1f1ff44b9,resize025
1,sid_train,full_synthetic,unknown,train,7ce4610ee8f1bb9d,clean
1,sid_train,full_synthetic,unknown,train,7ce4610ee8f1bb9d,jpeg30
1,sid_train,full_synthetic,unknown,train,7ce4610ee8f1bb9d,blur05
1,sid_train,full_synthetic,unknown,train,7ce4610ee8f1bb9d,resize025
0,sid_train,real,unknown,train,746702274e61627b,clean
0,sid_train,real,unknown,train,746702274e61627b,blur05
0,sid_train,real,unknown,train,746702274e61627b,resize05
0,sid_train,real,unknown,train,746702274e61627b,jitter02
0,sid_train,real,unknown,train,fc264dfbf2404eb6,clean
0,sid_train,real,unknown,train,fc264dfbf2404eb6,jpeg30
0,sid_train,real,unknown,train,fc264dfbf2404eb6,blur10
0,sid_train,real,unknown,train,fc264dfbf2404eb6,blur20
0,sid_train,real,unknown,train,44d88d02d162bc96,clean
0,sid_train,real,unknown,train,44d88d02d162bc96,blur20
0,sid_train,real,unknown,train,44d88d02d162bc96,noise002
0,sid_train,real,unknown,train,44d88d02d162bc96,crop08
0,sid_train,real,unknown,train,add5db1f1dd66091,clean
0,sid_train,real,unknown,train,add5db1f1dd66091,jpeg90
0,sid_train,real,unknown,train,add5db1f1dd66091,resize025
0,sid_train,real,unknown,train,add5db1f1dd66091,noise005
1,sid_train,full_synthetic,unknown,train,9d71c0d03b8084b3,clean
1,sid_train,full_synthetic,unknown,train,9d71c0d03b8084b3,jpeg30
1,sid_train,full_synthetic,unknown,train,9d71c0d03b8084b3,blur20
1,sid_train,full_synthetic,unknown,train,9d71c0d03b8084b3,jitter02
1,sid_train,full_synthetic,unknown,train,10cb775efafc28d8,clean
1,sid_train,full_synthetic,unknown,train,10cb775efafc28d8,jpeg90
1,sid_train,full_synthetic,unknown,train,10cb775efafc28d8,jpeg50
1,sid_train,full_synthetic,unknown,train,10cb775efafc28d8,noise005
1,sid_train,full_synthetic,unknown,train,e2f15ecb0b366afd,clean
1,sid_train,full_synthetic,unknown,train,e2f15ecb0b366afd,jpeg90
1,sid_train,full_synthetic,unknown,train,e2f15ecb0b366afd,jpeg70
1,sid_train,full_synthetic,unknown,train,e2f15ecb0b366afd,crop08
1,sid_train,full_synthetic,unknown,train,96fcd3211b408324,clean
1,sid_train,full_synthetic,unknown,train,96fcd3211b408324,blur10
1,sid_train,full_synthetic,unknown,train,96fcd3211b408324,noise002
1,sid_train,full_synthetic,unknown,train,96fcd3211b408324,noise005
1,sid_train,full_synthetic,unknown,train,bb0e8100a8db868c,clean
1,sid_train,full_synthetic,unknown,train,bb0e8100a8db868c,jpeg70
1,sid_train,full_synthetic,unknown,train,bb0e8100a8db868c,blur10
1,sid_train,full_synthetic,unknown,train,bb0e8100a8db868c,resize05
0,sid_train,real,unknown,train,e5175f7e7f29f518,clean
0,sid_train,real,unknown,train,e5175f7e7f29f518,blur20
0,sid_train,real,unknown,train,e5175f7e7f29f518,noise005
0,sid_train,real,unknown,train,e5175f7e7f29f518,crop08
0,sid_train,real,unknown,train,b6644f7d33701190,clean
0,sid_train,real,unknown,train,b6644f7d33701190,jpeg50
0,sid_train,real,unknown,train,b6644f7d33701190,blur20
0,sid_train,real,unknown,train,b6644f7d33701190,resize05
1,sid_train,full_synthetic,unknown,train,634f36fb8d6730dc,clean
1,sid_train,full_synthetic,unknown,train,634f36fb8d6730dc,jpeg30
1,sid_train,full_synthetic,unknown,train,634f36fb8d6730dc,resize05
1,sid_train,full_synthetic,unknown,train,634f36fb8d6730dc,crop08
1,sid_train,full_synthetic,unknown,train,a57a73ac3451ed46,clean
1,sid_train,full_synthetic,unknown,train,a57a73ac3451ed46,jpeg90
1,sid_train,full_synthetic,unknown,train,a57a73ac3451ed46,resize05
1,sid_train,full_synthetic,unknown,train,a57a73ac3451ed46,noise005
1,sid_train,full_synthetic,unknown,train,55494b637e78aafc,clean
1,sid_train,full_synthetic,unknown,train,55494b637e78aafc,blur10
1,sid_train,full_synthetic,unknown,train,55494b637e78aafc,noise002
1,sid_train,full_synthetic,unknown,train,55494b637e78aafc,noise01
0,sid_train,real,unknown,train,17054ab137228ede,clean
0,sid_train,real,unknown,train,17054ab137228ede,jpeg50
0,sid_train,real,unknown,train,17054ab137228ede,blur10
0,sid_train,real,unknown,train,17054ab137228ede,resize05
0,sid_train,real,unknown,train,e66ef3660d549088,clean
0,sid_train,real,unknown,train,e66ef3660d549088,jpeg30
0,sid_train,real,unknown,train,e66ef3660d549088,noise002
0,sid_train,real,unknown,train,e66ef3660d549088,jitter02
0,sid_train,real,unknown,train,5e77ad60cdc32d4a,clean
0,sid_train,real,unknown,train,5e77ad60cdc32d4a,blur05
0,sid_train,real,unknown,train,5e77ad60cdc32d4a,noise002
0,sid_train,real,unknown,train,5e77ad60cdc32d4a,crop08
0,sid_train,real,unknown,train,56fd02c340b412c8,clean
0,sid_train,real,unknown,train,56fd02c340b412c8,jpeg70
0,sid_train,real,unknown,train,56fd02c340b412c8,jpeg30
0,sid_train,real,unknown,train,56fd02c340b412c8,resize025
0,sid_train,real,unknown,train,d9f2588a491652bc,clean
0,sid_train,real,unknown,train,d9f2588a491652bc,jpeg50
0,sid_train,real,unknown,train,d9f2588a491652bc,resize05
0,sid_train,real,unknown,train,d9f2588a491652bc,jitter02
0,sid_train,real,unknown,train,7c640b0618b17a5d,clean
0,sid_train,real,unknown,train,7c640b0618b17a5d,blur05
0,sid_train,real,unknown,train,7c640b0618b17a5d,resize025
0,sid_train,real,unknown,train,7c640b0618b17a5d,noise005
0,sid_train,real,unknown,train,d76663bc11b19e60,clean
0,sid_train,real,unknown,train,d76663bc11b19e60,blur05
0,sid_train,real,unknown,train,d76663bc11b19e60,noise002
0,sid_train,real,unknown,train,d76663bc11b19e60,noise01
0,sid_train,real,unknown,train,09c7745f7dced4ae,clean
0,sid_train,real,unknown,train,09c7745f7dced4ae,jpeg50
0,sid_train,real,unknown,train,09c7745f7dced4ae,blur05
0,sid_train,real,unknown,train,09c7745f7dced4ae,noise005
1,sid_train,full_synthetic,unknown,train,9c094a845fe5c11f,clean
1,sid_train,full_synthetic,unknown,train,9c094a845fe5c11f,blur20
1,sid_train,full_synthetic,unknown,train,9c094a845fe5c11f,noise002
1,sid_train,full_synthetic,unknown,train,9c094a845fe5c11f,noise01
1,sid_train,full_synthetic,unknown,train,0df06d85ec2ce906,clean
1,sid_train,full_synthetic,unknown,train,0df06d85ec2ce906,jpeg50
1,sid_train,full_synthetic,unknown,train,0df06d85ec2ce906,blur20
1,sid_train,full_synthetic,unknown,train,0df06d85ec2ce906,noise005
1,sid_train,full_synthetic,unknown,train,61aba9e0a60d27f6,clean
1,sid_train,full_synthetic,unknown,train,61aba9e0a60d27f6,jpeg70
1,sid_train,full_synthetic,unknown,train,61aba9e0a60d27f6,blur20
1,sid_train,full_synthetic,unknown,train,61aba9e0a60d27f6,jitter02
1,sid_train,full_synthetic,unknown,train,b9368021e4c1d4bc,clean
1,sid_train,full_synthetic,unknown,train,b9368021e4c1d4bc,jpeg70
1,sid_train,full_synthetic,unknown,train,b9368021e4c1d4bc,jpeg30
1,sid_train,full_synthetic,unknown,train,b9368021e4c1d4bc,noise005
0,sid_train,real,unknown,train,3777c199a4142b56,clean
0,sid_train,real,unknown,train,3777c199a4142b56,jpeg50
0,sid_train,real,unknown,train,3777c199a4142b56,blur10
0,sid_train,real,unknown,train,3777c199a4142b56,noise002
0,sid_train,real,unknown,train,36a2c65a232c823c,clean
0,sid_train,real,unknown,train,36a2c65a232c823c,jpeg30
0,sid_train,real,unknown,train,36a2c65a232c823c,resize05
0,sid_train,real,unknown,train,36a2c65a232c823c,noise01
0,sid_train,real,unknown,train,6afca609d13972db,clean
0,sid_train,real,unknown,train,6afca609d13972db,jpeg50
0,sid_train,real,unknown,train,6afca609d13972db,blur20
0,sid_train,real,unknown,train,6afca609d13972db,resize05
0,sid_train,real,unknown,train,892d96bd47bdd871,clean
0,sid_train,real,unknown,train,892d96bd47bdd871,jpeg90
0,sid_train,real,unknown,train,892d96bd47bdd871,jpeg70
0,sid_train,real,unknown,train,892d96bd47bdd871,noise005
1,sid_train,full_synthetic,unknown,train,88e441077033c149,clean
1,sid_train,full_synthetic,unknown,train,88e441077033c149,jpeg70
1,sid_train,full_synthetic,unknown,train,88e441077033c149,noise002
1,sid_train,full_synthetic,unknown,train,88e441077033c149,noise01
0,sid_train,real,unknown,train,7594fe5dc43f0fee,clean
0,sid_train,real,unknown,train,7594fe5dc43f0fee,jpeg50
0,sid_train,real,unknown,train,7594fe5dc43f0fee,resize025
0,sid_train,real,unknown,train,7594fe5dc43f0fee,noise002
1,sid_train,full_synthetic,unknown,train,89f7fb9bc51957a4,clean
1,sid_train,full_synthetic,unknown,train,89f7fb9bc51957a4,blur10
1,sid_train,full_synthetic,unknown,train,89f7fb9bc51957a4,resize05
1,sid_train,full_synthetic,unknown,train,89f7fb9bc51957a4,noise01
1,sid_train,full_synthetic,unknown,train,a84c296be96cddfe,clean
1,sid_train,full_synthetic,unknown,train,a84c296be96cddfe,jpeg90
1,sid_train,full_synthetic,unknown,train,a84c296be96cddfe,noise01
1,sid_train,full_synthetic,unknown,train,a84c296be96cddfe,jitter02
0,sid_train,real,unknown,train,dad9d9b11c33cc75,clean
0,sid_train,real,unknown,train,dad9d9b11c33cc75,jpeg90
0,sid_train,real,unknown,train,dad9d9b11c33cc75,jpeg30
0,sid_train,real,unknown,train,dad9d9b11c33cc75,blur20
1,sid_train,full_synthetic,unknown,train,d5969a7e3b0ca29a,clean
1,sid_train,full_synthetic,unknown,train,d5969a7e3b0ca29a,blur10
1,sid_train,full_synthetic,unknown,train,d5969a7e3b0ca29a,blur20
1,sid_train,full_synthetic,unknown,train,d5969a7e3b0ca29a,jitter02
0,sid_train,real,unknown,train,23b6f674482adeaf,clean
0,sid_train,real,unknown,train,23b6f674482adeaf,jpeg50
0,sid_train,real,unknown,train,23b6f674482adeaf,jitter02
0,sid_train,real,unknown,train,23b6f674482adeaf,crop08
0,sid_train,real,unknown,train,526c588eb8a3e29a,clean
0,sid_train,real,unknown,train,526c588eb8a3e29a,jpeg90
0,sid_train,real,unknown,train,526c588eb8a3e29a,blur05
0,sid_train,real,unknown,train,526c588eb8a3e29a,resize025
0,sid_train,real,unknown,train,810bb30f48c206b0,clean
0,sid_train,real,unknown,train,810bb30f48c206b0,jpeg70
0,sid_train,real,unknown,train,810bb30f48c206b0,blur20
0,sid_train,real,unknown,train,810bb30f48c206b0,jitter02
1,sid_train,full_synthetic,unknown,train,467324996835a058,clean
1,sid_train,full_synthetic,unknown,train,467324996835a058,blur10
1,sid_train,full_synthetic,unknown,train,467324996835a058,resize025
1,sid_train,full_synthetic,unknown,train,467324996835a058,noise01
1,sid_train,full_synthetic,unknown,train,df899c0cde6a102a,clean
1,sid_train,full_synthetic,unknown,train,df899c0cde6a102a,jpeg90
1,sid_train,full_synthetic,unknown,train,df899c0cde6a102a,noise002
1,sid_train,full_synthetic,unknown,train,df899c0cde6a102a,jitter02
0,sid_train,real,unknown,train,808dbe0b90e88b71,clean
0,sid_train,real,unknown,train,808dbe0b90e88b71,jpeg30
0,sid_train,real,unknown,train,808dbe0b90e88b71,blur20
0,sid_train,real,unknown,train,808dbe0b90e88b71,noise005
1,sid_train,full_synthetic,unknown,train,4857593160f2cd7d,clean
1,sid_train,full_synthetic,unknown,train,4857593160f2cd7d,jpeg30
1,sid_train,full_synthetic,unknown,train,4857593160f2cd7d,blur05
1,sid_train,full_synthetic,unknown,train,4857593160f2cd7d,noise005
1,sid_train,full_synthetic,unknown,train,0e07929764035a1f,clean
1,sid_train,full_synthetic,unknown,train,0e07929764035a1f,blur10
1,sid_train,full_synthetic,unknown,train,0e07929764035a1f,noise002
1,sid_train,full_synthetic,unknown,train,0e07929764035a1f,noise01
0,sid_train,real,unknown,train,50e1ee4653dce97e,clean
0,sid_train,real,unknown,train,50e1ee4653dce97e,blur05
0,sid_train,real,unknown,train,50e1ee4653dce97e,blur10
0,sid_train,real,unknown,train,50e1ee4653dce97e,noise002
1,sid_train,full_synthetic,unknown,train,925677bb92f6bc08,clean
1,sid_train,full_synthetic,unknown,train,925677bb92f6bc08,jpeg50
1,sid_train,full_synthetic,unknown,train,925677bb92f6bc08,blur20
1,sid_train,full_synthetic,unknown,train,925677bb92f6bc08,resize05
0,sid_train,real,unknown,train,4727ad25107f9a61,clean
0,sid_train,real,unknown,train,4727ad25107f9a61,jpeg30
0,sid_train,real,unknown,train,4727ad25107f9a61,blur20
0,sid_train,real,unknown,train,4727ad25107f9a61,noise01
0,sid_train,real,unknown,train,0e2c3f70e0cb0b97,clean
0,sid_train,real,unknown,train,0e2c3f70e0cb0b97,noise002
0,sid_train,real,unknown,train,0e2c3f70e0cb0b97,noise01
0,sid_train,real,unknown,train,0e2c3f70e0cb0b97,jitter02
1,sid_train,full_synthetic,unknown,train,a880bfd1d5ecc19a,clean
1,sid_train,full_synthetic,unknown,train,a880bfd1d5ecc19a,resize05
1,sid_train,full_synthetic,unknown,train,a880bfd1d5ecc19a,noise002
1,sid_train,full_synthetic,unknown,train,a880bfd1d5ecc19a,jitter02
1,sid_train,full_synthetic,unknown,train,047c824c36e850f5,clean
1,sid_train,full_synthetic,unknown,train,047c824c36e850f5,jpeg30
1,sid_train,full_synthetic,unknown,train,047c824c36e850f5,resize025
1,sid_train,full_synthetic,unknown,train,047c824c36e850f5,noise01
1,sid_train,full_synthetic,unknown,train,876dd30291bdd3c6,clean
1,sid_train,full_synthetic,unknown,train,876dd30291bdd3c6,jpeg90
1,sid_train,full_synthetic,unknown,train,876dd30291bdd3c6,jpeg70
1,sid_train,full_synthetic,unknown,train,876dd30291bdd3c6,crop08
0,sid_train,real,unknown,train,1da19c1b70d40635,clean
0,sid_train,real,unknown,train,1da19c1b70d40635,jpeg70
0,sid_train,real,unknown,train,1da19c1b70d40635,jpeg50
0,sid_train,real,unknown,train,1da19c1b70d40635,noise002
0,sid_train,real,unknown,train,89a874546f942761,clean
0,sid_train,real,unknown,train,89a874546f942761,blur05
0,sid_train,real,unknown,train,89a874546f942761,resize05
0,sid_train,real,unknown,train,89a874546f942761,noise005
1,sid_train,full_synthetic,unknown,train,3e8a111313bcee0d,clean
1,sid_train,full_synthetic,unknown,train,3e8a111313bcee0d,jpeg90
1,sid_train,full_synthetic,unknown,train,3e8a111313bcee0d,jpeg50
1,sid_train,full_synthetic,unknown,train,3e8a111313bcee0d,resize025
1,sid_train,full_synthetic,unknown,train,fbfcc2e5ce55b0cc,clean
1,sid_train,full_synthetic,unknown,train,fbfcc2e5ce55b0cc,blur10
1,sid_train,full_synthetic,unknown,train,fbfcc2e5ce55b0cc,resize025
1,sid_train,full_synthetic,unknown,train,fbfcc2e5ce55b0cc,jitter02
0,sid_train,real,unknown,train,c9bb060fa953a681,clean
0,sid_train,real,unknown,train,c9bb060fa953a681,jpeg30
0,sid_train,real,unknown,train,c9bb060fa953a681,resize025
0,sid_train,real,unknown,train,c9bb060fa953a681,jitter02
0,sid_train,real,unknown,train,b11eb1862ef60f3b,clean
0,sid_train,real,unknown,train,b11eb1862ef60f3b,noise002
0,sid_train,real,unknown,train,b11eb1862ef60f3b,noise01
0,sid_train,real,unknown,train,b11eb1862ef60f3b,crop08
1,sid_train,full_synthetic,unknown,train,e5d827fbd3d9afa4,clean
1,sid_train,full_synthetic,unknown,train,e5d827fbd3d9afa4,jpeg90
1,sid_train,full_synthetic,unknown,train,e5d827fbd3d9afa4,blur10
1,sid_train,full_synthetic,unknown,train,e5d827fbd3d9afa4,jitter02
0,sid_train,real,unknown,train,a3beb46b11ab00f3,clean
0,sid_train,real,unknown,train,a3beb46b11ab00f3,blur10
0,sid_train,real,unknown,train,a3beb46b11ab00f3,jitter02
0,sid_train,real,unknown,train,a3beb46b11ab00f3,crop08
1,sid_train,full_synthetic,unknown,train,6b2275870299cef6,clean
1,sid_train,full_synthetic,unknown,train,6b2275870299cef6,jpeg70
1,sid_train,full_synthetic,unknown,train,6b2275870299cef6,resize05
1,sid_train,full_synthetic,unknown,train,6b2275870299cef6,crop08
1,sid_train,full_synthetic,unknown,train,a332915983ced6e1,clean
1,sid_train,full_synthetic,unknown,train,a332915983ced6e1,blur10
1,sid_train,full_synthetic,unknown,train,a332915983ced6e1,blur20
1,sid_train,full_synthetic,unknown,train,a332915983ced6e1,noise005
0,sid_train,real,unknown,train,7864cdbd9ffcafdb,clean
0,sid_train,real,unknown,train,7864cdbd9ffcafdb,jpeg50
0,sid_train,real,unknown,train,7864cdbd9ffcafdb,noise01
0,sid_train,real,unknown,train,7864cdbd9ffcafdb,jitter02
0,sid_train,real,unknown,train,e9b8486075aa2df3,clean
0,sid_train,real,unknown,train,e9b8486075aa2df3,jpeg70
0,sid_train,real,unknown,train,e9b8486075aa2df3,blur10
0,sid_train,real,unknown,train,e9b8486075aa2df3,jitter02
0,sid_train,real,unknown,train,c05e50fa2be37ff3,clean
0,sid_train,real,unknown,train,c05e50fa2be37ff3,blur05
0,sid_train,real,unknown,train,c05e50fa2be37ff3,resize025
0,sid_train,real,unknown,train,c05e50fa2be37ff3,jitter02
0,sid_train,real,unknown,train,935db0fcf19a1361,clean
0,sid_train,real,unknown,train,935db0fcf19a1361,jpeg50
0,sid_train,real,unknown,train,935db0fcf19a1361,noise002
0,sid_train,real,unknown,train,935db0fcf19a1361,crop08
1,sid_train,full_synthetic,unknown,train,13998db40b514b52,clean
1,sid_train,full_synthetic,unknown,train,13998db40b514b52,jpeg30
1,sid_train,full_synthetic,unknown,train,13998db40b514b52,resize025
1,sid_train,full_synthetic,unknown,train,13998db40b514b52,noise01
1,sid_train,full_synthetic,unknown,train,76be2a65572da557,clean
1,sid_train,full_synthetic,unknown,train,76be2a65572da557,jpeg30
1,sid_train,full_synthetic,unknown,train,76be2a65572da557,resize025
1,sid_train,full_synthetic,unknown,train,76be2a65572da557,noise002
1,sid_train,full_synthetic,unknown,train,e8d02756ca497fa9,clean
1,sid_train,full_synthetic,unknown,train,e8d02756ca497fa9,jpeg70
1,sid_train,full_synthetic,unknown,train,e8d02756ca497fa9,jpeg30
1,sid_train,full_synthetic,unknown,train,e8d02756ca497fa9,crop08
1,sid_train,full_synthetic,unknown,train,e59bdbaa43ff203a,clean
1,sid_train,full_synthetic,unknown,train,e59bdbaa43ff203a,jpeg90
1,sid_train,full_synthetic,unknown,train,e59bdbaa43ff203a,blur10
1,sid_train,full_synthetic,unknown,train,e59bdbaa43ff203a,noise002
1,sid_train,full_synthetic,unknown,train,1426a6e1adc0381f,clean
1,sid_train,full_synthetic,unknown,train,1426a6e1adc0381f,blur20
1,sid_train,full_synthetic,unknown,train,1426a6e1adc0381f,resize025
1,sid_train,full_synthetic,unknown,train,1426a6e1adc0381f,noise005
1,sid_train,full_synthetic,unknown,train,b39009fc3fda952c,clean
1,sid_train,full_synthetic,unknown,train,b39009fc3fda952c,blur05
1,sid_train,full_synthetic,unknown,train,b39009fc3fda952c,resize05
1,sid_train,full_synthetic,unknown,train,b39009fc3fda952c,noise002
0,sid_train,real,unknown,train,c12f39e42bc3ee3f,clean
0,sid_train,real,unknown,train,c12f39e42bc3ee3f,blur05
0,sid_train,real,unknown,train,c12f39e42bc3ee3f,blur20
0,sid_train,real,unknown,train,c12f39e42bc3ee3f,noise002
0,sid_train,real,unknown,train,c41f27c01544ff71,clean
0,sid_train,real,unknown,train,c41f27c01544ff71,jpeg90
0,sid_train,real,unknown,train,c41f27c01544ff71,jpeg50
0,sid_train,real,unknown,train,c41f27c01544ff71,blur20
1,sid_train,full_synthetic,unknown,train,f53abc05f688e21c,clean
1,sid_train,full_synthetic,unknown,train,f53abc05f688e21c,jpeg70
1,sid_train,full_synthetic,unknown,train,f53abc05f688e21c,jpeg30
1,sid_train,full_synthetic,unknown,train,f53abc05f688e21c,resize025
1,sid_train,full_synthetic,unknown,train,49443020304c107c,clean
1,sid_train,full_synthetic,unknown,train,49443020304c107c,jpeg30
1,sid_train,full_synthetic,unknown,train,49443020304c107c,blur10
1,sid_train,full_synthetic,unknown,train,49443020304c107c,resize05
0,sid_train,real,unknown,train,8bb4b8ed9e2fd003,clean
0,sid_train,real,unknown,train,8bb4b8ed9e2fd003,jpeg90
0,sid_train,real,unknown,train,8bb4b8ed9e2fd003,jpeg30
0,sid_train,real,unknown,train,8bb4b8ed9e2fd003,jitter02
0,sid_train,real,unknown,train,123cabf54f765148,clean
0,sid_train,real,unknown,train,123cabf54f765148,blur10
0,sid_train,real,unknown,train,123cabf54f765148,blur20
0,sid_train,real,unknown,train,123cabf54f765148,noise005
1,sid_train,full_synthetic,unknown,train,68c17e5070abf97a,clean
1,sid_train,full_synthetic,unknown,train,68c17e5070abf97a,jpeg70
1,sid_train,full_synthetic,unknown,train,68c17e5070abf97a,blur05
1,sid_train,full_synthetic,unknown,train,68c17e5070abf97a,noise002
0,sid_train,real,unknown,train,a62a201d58fd3df6,clean
0,sid_train,real,unknown,train,a62a201d58fd3df6,blur05
0,sid_train,real,unknown,train,a62a201d58fd3df6,blur10
0,sid_train,real,unknown,train,a62a201d58fd3df6,jitter02
0,sid_train,real,unknown,train,1f87ed2febb0a874,clean
0,sid_train,real,unknown,train,1f87ed2febb0a874,blur05
0,sid_train,real,unknown,train,1f87ed2febb0a874,noise002
0,sid_train,real,unknown,train,1f87ed2febb0a874,noise01
0,sid_train,real,unknown,train,b6ef1651b22afd2c,clean
0,sid_train,real,unknown,train,b6ef1651b22afd2c,jpeg30
0,sid_train,real,unknown,train,b6ef1651b22afd2c,blur05
0,sid_train,real,unknown,train,b6ef1651b22afd2c,jitter02
0,sid_train,real,unknown,train,17488ad267798154,clean
0,sid_train,real,unknown,train,17488ad267798154,jpeg50
0,sid_train,real,unknown,train,17488ad267798154,noise01
0,sid_train,real,unknown,train,17488ad267798154,jitter02
1,sid_train,full_synthetic,unknown,train,4b8c0dfba102e767,clean
1,sid_train,full_synthetic,unknown,train,4b8c0dfba102e767,blur05
1,sid_train,full_synthetic,unknown,train,4b8c0dfba102e767,resize025
1,sid_train,full_synthetic,unknown,train,4b8c0dfba102e767,crop08
1,sid_train,full_synthetic,unknown,train,c5add062b580be9d,clean
1,sid_train,full_synthetic,unknown,train,c5add062b580be9d,jpeg90
1,sid_train,full_synthetic,unknown,train,c5add062b580be9d,blur05
1,sid_train,full_synthetic,unknown,train,c5add062b580be9d,crop08
1,sid_train,full_synthetic,unknown,train,9fc69ee83c90df22,clean
1,sid_train,full_synthetic,unknown,train,9fc69ee83c90df22,jpeg30
1,sid_train,full_synthetic,unknown,train,9fc69ee83c90df22,blur20
1,sid_train,full_synthetic,unknown,train,9fc69ee83c90df22,crop08
1,sid_train,full_synthetic,unknown,train,2d93f48c7bde1f90,clean
1,sid_train,full_synthetic,unknown,train,2d93f48c7bde1f90,blur10
1,sid_train,full_synthetic,unknown,train,2d93f48c7bde1f90,noise002
1,sid_train,full_synthetic,unknown,train,2d93f48c7bde1f90,crop08
0,sid_train,real,unknown,train,37452fed81563496,clean
0,sid_train,real,unknown,train,37452fed81563496,jpeg50
0,sid_train,real,unknown,train,37452fed81563496,blur05
0,sid_train,real,unknown,train,37452fed81563496,blur20
0,sid_train,real,unknown,train,6f75e24479bfd9f7,clean
0,sid_train,real,unknown,train,6f75e24479bfd9f7,jpeg90
0,sid_train,real,unknown,train,6f75e24479bfd9f7,resize025
0,sid_train,real,unknown,train,6f75e24479bfd9f7,noise01
1,sid_train,full_synthetic,unknown,train,916abdaf461700cb,clean
1,sid_train,full_synthetic,unknown,train,916abdaf461700cb,jpeg30
1,sid_train,full_synthetic,unknown,train,916abdaf461700cb,blur10
1,sid_train,full_synthetic,unknown,train,916abdaf461700cb,blur20
1,sid_train,full_synthetic,unknown,train,51cf3e17f7679ad1,clean
1,sid_train,full_synthetic,unknown,train,51cf3e17f7679ad1,blur10
1,sid_train,full_synthetic,unknown,train,51cf3e17f7679ad1,blur20
1,sid_train,full_synthetic,unknown,train,51cf3e17f7679ad1,crop08
1,sid_train,full_synthetic,unknown,train,68671698be2d120b,clean
1,sid_train,full_synthetic,unknown,train,68671698be2d120b,blur10
1,sid_train,full_synthetic,unknown,train,68671698be2d120b,resize05
1,sid_train,full_synthetic,unknown,train,68671698be2d120b,noise002
0,sid_train,real,unknown,train,fd4e04d0c9895fdc,clean
0,sid_train,real,unknown,train,fd4e04d0c9895fdc,jpeg50
0,sid_train,real,unknown,train,fd4e04d0c9895fdc,blur05
0,sid_train,real,unknown,train,fd4e04d0c9895fdc,resize025
1,sid_train,full_synthetic,unknown,train,b82628d32907e36a,clean
1,sid_train,full_synthetic,unknown,train,b82628d32907e36a,jpeg70
1,sid_train,full_synthetic,unknown,train,b82628d32907e36a,resize05
1,sid_train,full_synthetic,unknown,train,b82628d32907e36a,noise005
1,sid_train,full_synthetic,unknown,train,22d076c979f102ea,clean
1,sid_train,full_synthetic,unknown,train,22d076c979f102ea,jpeg90
1,sid_train,full_synthetic,unknown,train,22d076c979f102ea,blur20
1,sid_train,full_synthetic,unknown,train,22d076c979f102ea,noise002
1,sid_train,full_synthetic,unknown,train,510c4906e5ba3009,clean
1,sid_train,full_synthetic,unknown,train,510c4906e5ba3009,blur20
1,sid_train,full_synthetic,unknown,train,510c4906e5ba3009,resize05
1,sid_train,full_synthetic,unknown,train,510c4906e5ba3009,resize025
1,sid_train,full_synthetic,unknown,train,bea74af0e0691914,clean
1,sid_train,full_synthetic,unknown,train,bea74af0e0691914,jpeg50
1,sid_train,full_synthetic,unknown,train,bea74af0e0691914,blur10
1,sid_train,full_synthetic,unknown,train,bea74af0e0691914,crop08
0,sid_train,real,unknown,train,047e3364fa99228e,clean
0,sid_train,real,unknown,train,047e3364fa99228e,jpeg30
0,sid_train,real,unknown,train,047e3364fa99228e,jitter02
0,sid_train,real,unknown,train,047e3364fa99228e,crop08
1,sid_train,full_synthetic,unknown,train,668babe6d0be300a,clean
1,sid_train,full_synthetic,unknown,train,668babe6d0be300a,jpeg90
1,sid_train,full_synthetic,unknown,train,668babe6d0be300a,jpeg50
1,sid_train,full_synthetic,unknown,train,668babe6d0be300a,blur20
1,sid_train,full_synthetic,unknown,train,a7cd854435e72cf9,clean
1,sid_train,full_synthetic,unknown,train,a7cd854435e72cf9,jpeg30
1,sid_train,full_synthetic,unknown,train,a7cd854435e72cf9,blur10
1,sid_train,full_synthetic,unknown,train,a7cd854435e72cf9,noise002
1,sid_train,full_synthetic,unknown,train,9f049c77bec86507,clean
1,sid_train,full_synthetic,unknown,train,9f049c77bec86507,jpeg50
1,sid_train,full_synthetic,unknown,train,9f049c77bec86507,blur05
1,sid_train,full_synthetic,unknown,train,9f049c77bec86507,resize05
0,sid_train,real,unknown,train,f2e2097c06da325b,clean
0,sid_train,real,unknown,train,f2e2097c06da325b,jpeg30
0,sid_train,real,unknown,train,f2e2097c06da325b,blur10
0,sid_train,real,unknown,train,f2e2097c06da325b,noise01
1,sid_train,full_synthetic,unknown,train,19c4aab3d10520e4,clean
1,sid_train,full_synthetic,unknown,train,19c4aab3d10520e4,blur10
1,sid_train,full_synthetic,unknown,train,19c4aab3d10520e4,resize05
1,sid_train,full_synthetic,unknown,train,19c4aab3d10520e4,resize025
0,sid_train,real,unknown,train,a7d905b967adbfb0,clean
0,sid_train,real,unknown,train,a7d905b967adbfb0,jpeg90
0,sid_train,real,unknown,train,a7d905b967adbfb0,jpeg50
0,sid_train,real,unknown,train,a7d905b967adbfb0,crop08
0,sid_train,real,unknown,train,533386ec0255023b,clean
0,sid_train,real,unknown,train,533386ec0255023b,jpeg90
0,sid_train,real,unknown,train,533386ec0255023b,jpeg30
0,sid_train,real,unknown,train,533386ec0255023b,blur20
0,sid_train,real,unknown,train,22bb7fe42cde5a96,clean
0,sid_train,real,unknown,train,22bb7fe42cde5a96,blur20
0,sid_train,real,unknown,train,22bb7fe42cde5a96,resize025
0,sid_train,real,unknown,train,22bb7fe42cde5a96,crop08
1,sid_train,full_synthetic,unknown,train,56bf8100aca02f98,clean
1,sid_train,full_synthetic,unknown,train,56bf8100aca02f98,jpeg50
1,sid_train,full_synthetic,unknown,train,56bf8100aca02f98,noise01
1,sid_train,full_synthetic,unknown,train,56bf8100aca02f98,jitter02
1,sid_train,full_synthetic,unknown,train,379d8505ec62f9e8,clean
1,sid_train,full_synthetic,unknown,train,379d8505ec62f9e8,jpeg30
1,sid_train,full_synthetic,unknown,train,379d8505ec62f9e8,noise01
1,sid_train,full_synthetic,unknown,train,379d8505ec62f9e8,crop08
1,sid_train,full_synthetic,unknown,train,0c9eac94a8a1051d,clean
1,sid_train,full_synthetic,unknown,train,0c9eac94a8a1051d,jpeg70
1,sid_train,full_synthetic,unknown,train,0c9eac94a8a1051d,blur05
1,sid_train,full_synthetic,unknown,train,0c9eac94a8a1051d,jitter02
0,sid_train,real,unknown,train,0f45f028cd050579,clean
0,sid_train,real,unknown,train,0f45f028cd050579,jpeg70
0,sid_train,real,unknown,train,0f45f028cd050579,jpeg50
0,sid_train,real,unknown,train,0f45f028cd050579,blur05
1,sid_train,full_synthetic,unknown,train,29d2261576253d85,clean
1,sid_train,full_synthetic,unknown,train,29d2261576253d85,jpeg90
1,sid_train,full_synthetic,unknown,train,29d2261576253d85,resize05
1,sid_train,full_synthetic,unknown,train,29d2261576253d85,noise01
1,sid_train,full_synthetic,unknown,train,3a6b87182ebb6dff,clean
1,sid_train,full_synthetic,unknown,train,3a6b87182ebb6dff,jpeg70
1,sid_train,full_synthetic,unknown,train,3a6b87182ebb6dff,blur05
1,sid_train,full_synthetic,unknown,train,3a6b87182ebb6dff,noise002
0,sid_train,real,unknown,train,f211c381b400a76f,clean
0,sid_train,real,unknown,train,f211c381b400a76f,jpeg30
0,sid_train,real,unknown,train,f211c381b400a76f,resize05
0,sid_train,real,unknown,train,f211c381b400a76f,resize025
1,sid_train,full_synthetic,unknown,train,00154758391b6a78,clean
1,sid_train,full_synthetic,unknown,train,00154758391b6a78,jpeg90
1,sid_train,full_synthetic,unknown,train,00154758391b6a78,jpeg50
1,sid_train,full_synthetic,unknown,train,00154758391b6a78,jpeg30
0,sid_train,real,unknown,train,9da6a42574f5d87e,clean
0,sid_train,real,unknown,train,9da6a42574f5d87e,jpeg30
0,sid_train,real,unknown,train,9da6a42574f5d87e,blur05
0,sid_train,real,unknown,train,9da6a42574f5d87e,blur10
0,sid_train,real,unknown,train,bc2f90b56e4e2110,clean
0,sid_train,real,unknown,train,bc2f90b56e4e2110,blur10
0,sid_train,real,unknown,train,bc2f90b56e4e2110,noise002
0,sid_train,real,unknown,train,bc2f90b56e4e2110,noise005
1,sid_train,full_synthetic,unknown,train,79163481c2df09cd,clean
1,sid_train,full_synthetic,unknown,train,79163481c2df09cd,blur10
1,sid_train,full_synthetic,unknown,train,79163481c2df09cd,blur20
1,sid_train,full_synthetic,unknown,train,79163481c2df09cd,crop08
1,sid_train,full_synthetic,unknown,train,af60a548cf150fe8,clean
1,sid_train,full_synthetic,unknown,train,af60a548cf150fe8,noise002
1,sid_train,full_synthetic,unknown,train,af60a548cf150fe8,jitter02
1,sid_train,full_synthetic,unknown,train,af60a548cf150fe8,crop08
1,sid_train,full_synthetic,unknown,train,2e94f1384386390a,clean
1,sid_train,full_synthetic,unknown,train,2e94f1384386390a,jpeg90
1,sid_train,full_synthetic,unknown,train,2e94f1384386390a,jpeg50
1,sid_train,full_synthetic,unknown,train,2e94f1384386390a,resize05
1,sid_train,full_synthetic,unknown,train,0998db060d421749,clean
1,sid_train,full_synthetic,unknown,train,0998db060d421749,blur20
1,sid_train,full_synthetic,unknown,train,0998db060d421749,noise005
1,sid_train,full_synthetic,unknown,train,0998db060d421749,crop08
0,sid_train,real,unknown,train,8f3de89e324670f2,clean
0,sid_train,real,unknown,train,8f3de89e324670f2,jpeg90
0,sid_train,real,unknown,train,8f3de89e324670f2,resize05
0,sid_train,real,unknown,train,8f3de89e324670f2,resize025
1,sid_train,full_synthetic,unknown,train,1e1bfe0c8aea596b,clean
1,sid_train,full_synthetic,unknown,train,1e1bfe0c8aea596b,jpeg70
1,sid_train,full_synthetic,unknown,train,1e1bfe0c8aea596b,resize025
1,sid_train,full_synthetic,unknown,train,1e1bfe0c8aea596b,jitter02
0,sid_train,real,unknown,train,475e4acad864fb0f,clean
0,sid_train,real,unknown,train,475e4acad864fb0f,jpeg70
0,sid_train,real,unknown,train,475e4acad864fb0f,blur20
0,sid_train,real,unknown,train,475e4acad864fb0f,resize05
1,sid_train,full_synthetic,unknown,train,5852e96d23e8a288,clean
1,sid_train,full_synthetic,unknown,train,5852e96d23e8a288,blur05
1,sid_train,full_synthetic,unknown,train,5852e96d23e8a288,blur10
1,sid_train,full_synthetic,unknown,train,5852e96d23e8a288,resize05
0,sid_train,real,unknown,train,b4f44b35fedba59c,clean
0,sid_train,real,unknown,train,b4f44b35fedba59c,jpeg30
0,sid_train,real,unknown,train,b4f44b35fedba59c,noise01
0,sid_train,real,unknown,train,b4f44b35fedba59c,crop08
1,sid_train,full_synthetic,unknown,train,c15e2a21f265cb42,clean
1,sid_train,full_synthetic,unknown,train,c15e2a21f265cb42,blur20
1,sid_train,full_synthetic,unknown,train,c15e2a21f265cb42,noise002
1,sid_train,full_synthetic,unknown,train,c15e2a21f265cb42,jitter02
1,sid_train,full_synthetic,unknown,train,22e4cbafd474e085,clean
1,sid_train,full_synthetic,unknown,train,22e4cbafd474e085,jpeg90
1,sid_train,full_synthetic,unknown,train,22e4cbafd474e085,blur10
1,sid_train,full_synthetic,unknown,train,22e4cbafd474e085,noise01
0,sid_train,real,unknown,train,b695a8f5c435ab05,clean
0,sid_train,real,unknown,train,b695a8f5c435ab05,jpeg30
0,sid_train,real,unknown,train,b695a8f5c435ab05,blur05
0,sid_train,real,unknown,train,b695a8f5c435ab05,resize025
1,sid_train,full_synthetic,unknown,train,1ac3f893a8da5501,clean
1,sid_train,full_synthetic,unknown,train,1ac3f893a8da5501,resize025
1,sid_train,full_synthetic,unknown,train,1ac3f893a8da5501,noise002
1,sid_train,full_synthetic,unknown,train,1ac3f893a8da5501,crop08
1,sid_train,full_synthetic,unknown,train,f727c19d60e91237,clean
1,sid_train,full_synthetic,unknown,train,f727c19d60e91237,blur05
1,sid_train,full_synthetic,unknown,train,f727c19d60e91237,noise002
1,sid_train,full_synthetic,unknown,train,f727c19d60e91237,noise005
1,sid_train,full_synthetic,unknown,train,ec6e499cd4b5dcc6,clean
1,sid_train,full_synthetic,unknown,train,ec6e499cd4b5dcc6,jpeg50
1,sid_train,full_synthetic,unknown,train,ec6e499cd4b5dcc6,noise01
1,sid_train,full_synthetic,unknown,train,ec6e499cd4b5dcc6,crop08
0,sid_train,real,unknown,train,c3e3ff25c6bc5943,clean
0,sid_train,real,unknown,train,c3e3ff25c6bc5943,jpeg50
0,sid_train,real,unknown,train,c3e3ff25c6bc5943,jpeg30
0,sid_train,real,unknown,train,c3e3ff25c6bc5943,jitter02
0,sid_train,real,unknown,train,be185d85e3584e2f,clean
0,sid_train,real,unknown,train,be185d85e3584e2f,jpeg70
0,sid_train,real,unknown,train,be185d85e3584e2f,blur05
0,sid_train,real,unknown,train,be185d85e3584e2f,noise01
0,sid_train,real,unknown,train,2067802e6e6aff62,clean
0,sid_train,real,unknown,train,2067802e6e6aff62,noise002
0,sid_train,real,unknown,train,2067802e6e6aff62,noise01
0,sid_train,real,unknown,train,2067802e6e6aff62,crop08
1,sid_train,full_synthetic,unknown,train,f80a1f6dd2eeecfe,clean
1,sid_train,full_synthetic,unknown,train,f80a1f6dd2eeecfe,resize05
1,sid_train,full_synthetic,unknown,train,f80a1f6dd2eeecfe,jitter02
1,sid_train,full_synthetic,unknown,train,f80a1f6dd2eeecfe,crop08
0,sid_train,real,unknown,train,65da7bb0c9d16e83,clean
0,sid_train,real,unknown,train,65da7bb0c9d16e83,blur20
0,sid_train,real,unknown,train,65da7bb0c9d16e83,resize05
0,sid_train,real,unknown,train,65da7bb0c9d16e83,jitter02
1,sid_train,full_synthetic,unknown,train,1b422aa55e87a904,clean
1,sid_train,full_synthetic,unknown,train,1b422aa55e87a904,jpeg50
1,sid_train,full_synthetic,unknown,train,1b422aa55e87a904,resize05
1,sid_train,full_synthetic,unknown,train,1b422aa55e87a904,crop08
0,sid_train,real,unknown,train,77b1892e27b52edf,clean
0,sid_train,real,unknown,train,77b1892e27b52edf,blur20
0,sid_train,real,unknown,train,77b1892e27b52edf,jitter02
0,sid_train,real,unknown,train,77b1892e27b52edf,crop08
0,sid_train,real,unknown,train,1a0e4c932f6de733,clean
0,sid_train,real,unknown,train,1a0e4c932f6de733,jpeg50
0,sid_train,real,unknown,train,1a0e4c932f6de733,blur10
0,sid_train,real,unknown,train,1a0e4c932f6de733,resize05
0,sid_train,real,unknown,train,a748b7028f1f6dd6,clean
0,sid_train,real,unknown,train,a748b7028f1f6dd6,jpeg90
0,sid_train,real,unknown,train,a748b7028f1f6dd6,resize025
0,sid_train,real,unknown,train,a748b7028f1f6dd6,noise002
0,sid_train,real,unknown,train,1d37242b6c164fc3,clean
0,sid_train,real,unknown,train,1d37242b6c164fc3,jpeg70
0,sid_train,real,unknown,train,1d37242b6c164fc3,jpeg30
0,sid_train,real,unknown,train,1d37242b6c164fc3,crop08
1,sid_train,full_synthetic,unknown,train,aa62228889961d0a,clean
1,sid_train,full_synthetic,unknown,train,aa62228889961d0a,jpeg90
1,sid_train,full_synthetic,unknown,train,aa62228889961d0a,blur20
1,sid_train,full_synthetic,unknown,train,aa62228889961d0a,resize05
0,sid_train,real,unknown,train,0c0299406a76f1ae,clean
0,sid_train,real,unknown,train,0c0299406a76f1ae,jpeg30
0,sid_train,real,unknown,train,0c0299406a76f1ae,blur05
0,sid_train,real,unknown,train,0c0299406a76f1ae,resize05
0,sid_train,real,unknown,train,08098809b843488b,clean
0,sid_train,real,unknown,train,08098809b843488b,jpeg50
0,sid_train,real,unknown,train,08098809b843488b,noise005
0,sid_train,real,unknown,train,08098809b843488b,noise01
0,sid_train,real,unknown,train,541b8a20b497b6bd,clean
0,sid_train,real,unknown,train,541b8a20b497b6bd,jpeg70
0,sid_train,real,unknown,train,541b8a20b497b6bd,jpeg50
0,sid_train,real,unknown,train,541b8a20b497b6bd,noise005
0,sid_train,real,unknown,train,8240994330b1a184,clean
0,sid_train,real,unknown,train,8240994330b1a184,resize05
0,sid_train,real,unknown,train,8240994330b1a184,noise005
0,sid_train,real,unknown,train,8240994330b1a184,jitter02
1,sid_train,full_synthetic,unknown,train,e50224e9bd6d16c0,clean
1,sid_train,full_synthetic,unknown,train,e50224e9bd6d16c0,jpeg50
1,sid_train,full_synthetic,unknown,train,e50224e9bd6d16c0,blur20
1,sid_train,full_synthetic,unknown,train,e50224e9bd6d16c0,noise005
1,sid_train,full_synthetic,unknown,train,f03bca831fe116d6,clean
1,sid_train,full_synthetic,unknown,train,f03bca831fe116d6,jpeg50
1,sid_train,full_synthetic,unknown,train,f03bca831fe116d6,blur10
1,sid_train,full_synthetic,unknown,train,f03bca831fe116d6,blur20
0,sid_train,real,unknown,train,5072f79844c7c9d5,clean
0,sid_train,real,unknown,train,5072f79844c7c9d5,jpeg50
0,sid_train,real,unknown,train,5072f79844c7c9d5,blur05
0,sid_train,real,unknown,train,5072f79844c7c9d5,resize05
1,sid_train,full_synthetic,unknown,train,0e229fff02da3102,clean
1,sid_train,full_synthetic,unknown,train,0e229fff02da3102,jpeg90
1,sid_train,full_synthetic,unknown,train,0e229fff02da3102,blur20
1,sid_train,full_synthetic,unknown,train,0e229fff02da3102,noise01
1,sid_train,full_synthetic,unknown,train,6e99044450bfd2dc,clean
1,sid_train,full_synthetic,unknown,train,6e99044450bfd2dc,blur20
1,sid_train,full_synthetic,unknown,train,6e99044450bfd2dc,noise005
1,sid_train,full_synthetic,unknown,train,6e99044450bfd2dc,noise01
0,sid_train,real,unknown,train,0212d6860bdbe95f,clean
0,sid_train,real,unknown,train,0212d6860bdbe95f,jpeg50
0,sid_train,real,unknown,train,0212d6860bdbe95f,noise01
0,sid_train,real,unknown,train,0212d6860bdbe95f,jitter02
1,sid_train,full_synthetic,unknown,train,fa51646176cf4915,clean
1,sid_train,full_synthetic,unknown,train,fa51646176cf4915,jpeg90
1,sid_train,full_synthetic,unknown,train,fa51646176cf4915,jpeg50
1,sid_train,full_synthetic,unknown,train,fa51646176cf4915,noise01
0,sid_train,real,unknown,train,3c7d7a0f78da1cd2,clean
0,sid_train,real,unknown,train,3c7d7a0f78da1cd2,jpeg90
0,sid_train,real,unknown,train,3c7d7a0f78da1cd2,blur20
0,sid_train,real,unknown,train,3c7d7a0f78da1cd2,jitter02
0,sid_train,real,unknown,train,9278739298adca75,clean
0,sid_train,real,unknown,train,9278739298adca75,jpeg30
0,sid_train,real,unknown,train,9278739298adca75,blur05
0,sid_train,real,unknown,train,9278739298adca75,noise002
1,sid_train,full_synthetic,unknown,train,5a34efb5ce988358,clean
1,sid_train,full_synthetic,unknown,train,5a34efb5ce988358,jpeg30
1,sid_train,full_synthetic,unknown,train,5a34efb5ce988358,blur05
1,sid_train,full_synthetic,unknown,train,5a34efb5ce988358,blur20
0,sid_train,real,unknown,train,9a96371738eb8735,clean
0,sid_train,real,unknown,train,9a96371738eb8735,blur05
0,sid_train,real,unknown,train,9a96371738eb8735,blur20
0,sid_train,real,unknown,train,9a96371738eb8735,crop08
1,sid_train,full_synthetic,unknown,train,e109a4306e248a48,clean
1,sid_train,full_synthetic,unknown,train,e109a4306e248a48,jpeg70
1,sid_train,full_synthetic,unknown,train,e109a4306e248a48,noise005
1,sid_train,full_synthetic,unknown,train,e109a4306e248a48,noise01
0,sid_train,real,unknown,train,a101fc8b9bcd90ef,clean
0,sid_train,real,unknown,train,a101fc8b9bcd90ef,resize025
0,sid_train,real,unknown,train,a101fc8b9bcd90ef,noise002
0,sid_train,real,unknown,train,a101fc8b9bcd90ef,jitter02
0,sid_train,real,unknown,train,b99d78a8da9e0f07,clean
0,sid_train,real,unknown,train,b99d78a8da9e0f07,blur20
0,sid_train,real,unknown,train,b99d78a8da9e0f07,resize025
0,sid_train,real,unknown,train,b99d78a8da9e0f07,noise002
1,sid_train,full_synthetic,unknown,train,08eb219583162bbb,clean
1,sid_train,full_synthetic,unknown,train,08eb219583162bbb,blur05
1,sid_train,full_synthetic,unknown,train,08eb219583162bbb,resize025
1,sid_train,full_synthetic,unknown,train,08eb219583162bbb,noise005
0,sid_train,real,unknown,train,8810f2efb622804c,clean
0,sid_train,real,unknown,train,8810f2efb622804c,jpeg90
0,sid_train,real,unknown,train,8810f2efb622804c,blur05
0,sid_train,real,unknown,train,8810f2efb622804c,resize05
0,sid_train,real,unknown,train,b57c28d23ffb2987,clean
0,sid_train,real,unknown,train,b57c28d23ffb2987,jpeg90
0,sid_train,real,unknown,train,b57c28d23ffb2987,noise005
0,sid_train,real,unknown,train,b57c28d23ffb2987,noise01
1,sid_train,full_synthetic,unknown,train,8008aa1c90d1b87d,clean
1,sid_train,full_synthetic,unknown,train,8008aa1c90d1b87d,jpeg30
1,sid_train,full_synthetic,unknown,train,8008aa1c90d1b87d,noise01
1,sid_train,full_synthetic,unknown,train,8008aa1c90d1b87d,crop08
1,sid_train,full_synthetic,unknown,train,d6b556b4828772d1,clean
1,sid_train,full_synthetic,unknown,train,d6b556b4828772d1,jpeg90
1,sid_train,full_synthetic,unknown,train,d6b556b4828772d1,resize025
1,sid_train,full_synthetic,unknown,train,d6b556b4828772d1,crop08
1,sid_train,full_synthetic,unknown,train,5739f71056e486b5,clean
1,sid_train,full_synthetic,unknown,train,5739f71056e486b5,resize05
1,sid_train,full_synthetic,unknown,train,5739f71056e486b5,noise01
1,sid_train,full_synthetic,unknown,train,5739f71056e486b5,crop08
0,sid_train,real,unknown,train,ceaef07ba149f0a7,clean
0,sid_train,real,unknown,train,ceaef07ba149f0a7,jpeg70
0,sid_train,real,unknown,train,ceaef07ba149f0a7,blur10
0,sid_train,real,unknown,train,ceaef07ba149f0a7,crop08
0,sid_train,real,unknown,train,b1652059646c008d,clean
0,sid_train,real,unknown,train,b1652059646c008d,noise002
0,sid_train,real,unknown,train,b1652059646c008d,noise01
0,sid_train,real,unknown,train,b1652059646c008d,jitter02
0,sid_train,real,unknown,train,dd518a0e54849d6f,clean
0,sid_train,real,unknown,train,dd518a0e54849d6f,jpeg30
0,sid_train,real,unknown,train,dd518a0e54849d6f,resize05
0,sid_train,real,unknown,train,dd518a0e54849d6f,noise01
1,sid_train,full_synthetic,unknown,train,22fc6d63f5d32d19,clean
1,sid_train,full_synthetic,unknown,train,22fc6d63f5d32d19,jpeg70
1,sid_train,full_synthetic,unknown,train,22fc6d63f5d32d19,jpeg30
1,sid_train,full_synthetic,unknown,train,22fc6d63f5d32d19,resize025
0,sid_train,real,unknown,train,d6b1e32ddb53a08e,clean
0,sid_train,real,unknown,train,d6b1e32ddb53a08e,jpeg90
0,sid_train,real,unknown,train,d6b1e32ddb53a08e,jpeg30
0,sid_train,real,unknown,train,d6b1e32ddb53a08e,resize025
1,sid_train,full_synthetic,unknown,train,759d6ddb154daf29,clean
1,sid_train,full_synthetic,unknown,train,759d6ddb154daf29,jpeg30
1,sid_train,full_synthetic,unknown,train,759d6ddb154daf29,noise002
1,sid_train,full_synthetic,unknown,train,759d6ddb154daf29,crop08
1,sid_train,full_synthetic,unknown,train,c877853bed1f3d33,clean
1,sid_train,full_synthetic,unknown,train,c877853bed1f3d33,resize025
1,sid_train,full_synthetic,unknown,train,c877853bed1f3d33,noise01
1,sid_train,full_synthetic,unknown,train,c877853bed1f3d33,crop08
1,sid_train,full_synthetic,unknown,train,0b7cb6f5bc1ed5c7,clean
1,sid_train,full_synthetic,unknown,train,0b7cb6f5bc1ed5c7,resize05
1,sid_train,full_synthetic,unknown,train,0b7cb6f5bc1ed5c7,noise005
1,sid_train,full_synthetic,unknown,train,0b7cb6f5bc1ed5c7,crop08
1,sid_train,full_synthetic,unknown,train,c7b49a58ae439595,clean
1,sid_train,full_synthetic,unknown,train,c7b49a58ae439595,blur10
1,sid_train,full_synthetic,unknown,train,c7b49a58ae439595,noise005
1,sid_train,full_synthetic,unknown,train,c7b49a58ae439595,jitter02
0,sid_train,real,unknown,train,f444a8719861f48f,clean
0,sid_train,real,unknown,train,f444a8719861f48f,jpeg50
0,sid_train,real,unknown,train,f444a8719861f48f,blur10
0,sid_train,real,unknown,train,f444a8719861f48f,resize025
0,sid_train,real,unknown,train,6d6c4cb48b8c901f,clean
0,sid_train,real,unknown,train,6d6c4cb48b8c901f,jpeg70
0,sid_train,real,unknown,train,6d6c4cb48b8c901f,noise01
0,sid_train,real,unknown,train,6d6c4cb48b8c901f,jitter02
1,sid_train,full_synthetic,unknown,train,9c0c42e6188fd7ed,clean
1,sid_train,full_synthetic,unknown,train,9c0c42e6188fd7ed,jpeg90
1,sid_train,full_synthetic,unknown,train,9c0c42e6188fd7ed,blur10
1,sid_train,full_synthetic,unknown,train,9c0c42e6188fd7ed,noise002
1,sid_train,full_synthetic,unknown,train,08ac49a73729bf5a,clean
1,sid_train,full_synthetic,unknown,train,08ac49a73729bf5a,resize05
1,sid_train,full_synthetic,unknown,train,08ac49a73729bf5a,noise002
1,sid_train,full_synthetic,unknown,train,08ac49a73729bf5a,jitter02
1,sid_train,full_synthetic,unknown,train,7a52abfc63e44e51,clean
1,sid_train,full_synthetic,unknown,train,7a52abfc63e44e51,jpeg90
1,sid_train,full_synthetic,unknown,train,7a52abfc63e44e51,resize05
1,sid_train,full_synthetic,unknown,train,7a52abfc63e44e51,jitter02
0,sid_train,real,unknown,train,e2b8647ee840474b,clean
0,sid_train,real,unknown,train,e2b8647ee840474b,jpeg90
0,sid_train,real,unknown,train,e2b8647ee840474b,jpeg50
0,sid_train,real,unknown,train,e2b8647ee840474b,blur05
0,sid_train,real,unknown,train,06225680759b69f8,clean
0,sid_train,real,unknown,train,06225680759b69f8,blur05
0,sid_train,real,unknown,train,06225680759b69f8,resize025
0,sid_train,real,unknown,train,06225680759b69f8,noise01
0,sid_train,real,unknown,train,527b7de3d9f4cdf5,clean
0,sid_train,real,unknown,train,527b7de3d9f4cdf5,jpeg90
0,sid_train,real,unknown,train,527b7de3d9f4cdf5,jpeg30
0,sid_train,real,unknown,train,527b7de3d9f4cdf5,noise005
1,sid_train,full_synthetic,unknown,train,2507f3f4a7d13c03,clean
1,sid_train,full_synthetic,unknown,train,2507f3f4a7d13c03,jpeg90
1,sid_train,full_synthetic,unknown,train,2507f3f4a7d13c03,blur20
1,sid_train,full_synthetic,unknown,train,2507f3f4a7d13c03,resize05
1,sid_train,full_synthetic,unknown,train,43d3cd9b8adacc2a,clean
1,sid_train,full_synthetic,unknown,train,43d3cd9b8adacc2a,jpeg30
1,sid_train,full_synthetic,unknown,train,43d3cd9b8adacc2a,blur05
1,sid_train,full_synthetic,unknown,train,43d3cd9b8adacc2a,crop08
1,sid_train,full_synthetic,unknown,train,ee4d9d7911da6409,clean
1,sid_train,full_synthetic,unknown,train,ee4d9d7911da6409,blur10
1,sid_train,full_synthetic,unknown,train,ee4d9d7911da6409,resize025
1,sid_train,full_synthetic,unknown,train,ee4d9d7911da6409,noise005
1,sid_train,full_synthetic,unknown,train,d467820c5c4d698c,clean
1,sid_train,full_synthetic,unknown,train,d467820c5c4d698c,jpeg30
1,sid_train,full_synthetic,unknown,train,d467820c5c4d698c,noise01
1,sid_train,full_synthetic,unknown,train,d467820c5c4d698c,crop08
0,sid_train,real,unknown,train,ecf7da0234d6cdd1,clean
0,sid_train,real,unknown,train,ecf7da0234d6cdd1,blur10
0,sid_train,real,unknown,train,ecf7da0234d6cdd1,resize025
0,sid_train,real,unknown,train,ecf7da0234d6cdd1,noise005
0,sid_train,real,unknown,train,2f21f704041fcb7b,clean
0,sid_train,real,unknown,train,2f21f704041fcb7b,jpeg90
0,sid_train,real,unknown,train,2f21f704041fcb7b,resize05
0,sid_train,real,unknown,train,2f21f704041fcb7b,crop08
1,sid_train,full_synthetic,unknown,train,b678bef418b1215a,clean
1,sid_train,full_synthetic,unknown,train,b678bef418b1215a,jpeg70
1,sid_train,full_synthetic,unknown,train,b678bef418b1215a,jpeg50
1,sid_train,full_synthetic,unknown,train,b678bef418b1215a,blur05
0,sid_train,real,unknown,train,013668e116652d67,clean
0,sid_train,real,unknown,train,013668e116652d67,jpeg90
0,sid_train,real,unknown,train,013668e116652d67,blur10
0,sid_train,real,unknown,train,013668e116652d67,jitter02
0,sid_train,real,unknown,train,274337223b17c2e4,clean
0,sid_train,real,unknown,train,274337223b17c2e4,jpeg90
0,sid_train,real,unknown,train,274337223b17c2e4,jpeg50
0,sid_train,real,unknown,train,274337223b17c2e4,blur10
1,sid_train,full_synthetic,unknown,train,07322ecc1585bc7d,clean
1,sid_train,full_synthetic,unknown,train,07322ecc1585bc7d,noise002
1,sid_train,full_synthetic,unknown,train,07322ecc1585bc7d,noise005
1,sid_train,full_synthetic,unknown,train,07322ecc1585bc7d,jitter02
0,sid_train,real,unknown,train,97ba41f1b67e5d7f,clean
0,sid_train,real,unknown,train,97ba41f1b67e5d7f,blur05
0,sid_train,real,unknown,train,97ba41f1b67e5d7f,resize025
0,sid_train,real,unknown,train,97ba41f1b67e5d7f,noise01
0,sid_train,real,unknown,train,fd6b2424929d1962,clean
0,sid_train,real,unknown,train,fd6b2424929d1962,jpeg90
0,sid_train,real,unknown,train,fd6b2424929d1962,resize025
0,sid_train,real,unknown,train,fd6b2424929d1962,noise01
1,sid_train,full_synthetic,unknown,train,9813d8433f8c3733,clean
1,sid_train,full_synthetic,unknown,train,9813d8433f8c3733,jpeg70
1,sid_train,full_synthetic,unknown,train,9813d8433f8c3733,jpeg50
1,sid_train,full_synthetic,unknown,train,9813d8433f8c3733,noise002
0,sid_train,real,unknown,train,28f3d47ce09e22b2,clean
0,sid_train,real,unknown,train,28f3d47ce09e22b2,jpeg90
0,sid_train,real,unknown,train,28f3d47ce09e22b2,blur10
0,sid_train,real,unknown,train,28f3d47ce09e22b2,blur20
1,sid_train,full_synthetic,unknown,train,a651d3fac8376400,clean
1,sid_train,full_synthetic,unknown,train,a651d3fac8376400,blur05
1,sid_train,full_synthetic,unknown,train,a651d3fac8376400,noise005
1,sid_train,full_synthetic,unknown,train,a651d3fac8376400,noise01
0,sid_train,real,unknown,train,27ac12429dc62563,clean
0,sid_train,real,unknown,train,27ac12429dc62563,jpeg30
0,sid_train,real,unknown,train,27ac12429dc62563,blur05
0,sid_train,real,unknown,train,27ac12429dc62563,blur10
0,sid_train,real,unknown,train,5df8c34b490aff48,clean
0,sid_train,real,unknown,train,5df8c34b490aff48,jpeg70
0,sid_train,real,unknown,train,5df8c34b490aff48,blur10
0,sid_train,real,unknown,train,5df8c34b490aff48,noise005
1,sid_train,full_synthetic,unknown,train,096329022bcd7bbd,clean
1,sid_train,full_synthetic,unknown,train,096329022bcd7bbd,jpeg90
1,sid_train,full_synthetic,unknown,train,096329022bcd7bbd,jpeg70
1,sid_train,full_synthetic,unknown,train,096329022bcd7bbd,blur20
1,sid_train,full_synthetic,unknown,train,f10fcefd5c51b22b,clean
1,sid_train,full_synthetic,unknown,train,f10fcefd5c51b22b,blur20
1,sid_train,full_synthetic,unknown,train,f10fcefd5c51b22b,noise01
1,sid_train,full_synthetic,unknown,train,f10fcefd5c51b22b,jitter02
0,sid_train,real,unknown,train,a127341c35717e7d,clean
0,sid_train,real,unknown,train,a127341c35717e7d,jpeg90
0,sid_train,real,unknown,train,a127341c35717e7d,jpeg70
0,sid_train,real,unknown,train,a127341c35717e7d,noise002
1,sid_train,full_synthetic,unknown,train,9a95725f6f149053,clean
1,sid_train,full_synthetic,unknown,train,9a95725f6f149053,blur05
1,sid_train,full_synthetic,unknown,train,9a95725f6f149053,noise002
1,sid_train,full_synthetic,unknown,train,9a95725f6f149053,noise01
0,sid_train,real,unknown,train,a7f6e7232a673f58,clean
0,sid_train,real,unknown,train,a7f6e7232a673f58,jpeg70
0,sid_train,real,unknown,train,a7f6e7232a673f58,jpeg50
0,sid_train,real,unknown,train,a7f6e7232a673f58,jpeg30
1,sid_train,full_synthetic,unknown,train,256616a72f5dd15a,clean
1,sid_train,full_synthetic,unknown,train,256616a72f5dd15a,jpeg50
1,sid_train,full_synthetic,unknown,train,256616a72f5dd15a,blur05
1,sid_train,full_synthetic,unknown,train,256616a72f5dd15a,blur20
0,sid_train,real,unknown,train,cc4726018e36e7d6,clean
0,sid_train,real,unknown,train,cc4726018e36e7d6,jpeg30
0,sid_train,real,unknown,train,cc4726018e36e7d6,blur05
0,sid_train,real,unknown,train,cc4726018e36e7d6,jitter02
0,sid_train,real,unknown,train,47f584f3ffee0766,clean
0,sid_train,real,unknown,train,47f584f3ffee0766,blur05
0,sid_train,real,unknown,train,47f584f3ffee0766,noise002
0,sid_train,real,unknown,train,47f584f3ffee0766,noise005
0,sid_train,real,unknown,train,1e09a13054a238a0,clean
0,sid_train,real,unknown,train,1e09a13054a238a0,resize05
0,sid_train,real,unknown,train,1e09a13054a238a0,noise005
0,sid_train,real,unknown,train,1e09a13054a238a0,jitter02
1,sid_train,full_synthetic,unknown,train,87b57f91f5717f09,clean
1,sid_train,full_synthetic,unknown,train,87b57f91f5717f09,jpeg30
1,sid_train,full_synthetic,unknown,train,87b57f91f5717f09,blur10
1,sid_train,full_synthetic,unknown,train,87b57f91f5717f09,resize05
0,sid_train,real,unknown,train,889718f109513bc3,clean
0,sid_train,real,unknown,train,889718f109513bc3,jpeg90
0,sid_train,real,unknown,train,889718f109513bc3,blur05
0,sid_train,real,unknown,train,889718f109513bc3,resize025
1,sid_train,full_synthetic,unknown,train,aa9c14ff059ba0a3,clean
1,sid_train,full_synthetic,unknown,train,aa9c14ff059ba0a3,jpeg90
1,sid_train,full_synthetic,unknown,train,aa9c14ff059ba0a3,jpeg50
1,sid_train,full_synthetic,unknown,train,aa9c14ff059ba0a3,jpeg30
1,sid_train,full_synthetic,unknown,train,44491ccb7976d588,clean
1,sid_train,full_synthetic,unknown,train,44491ccb7976d588,jpeg50
1,sid_train,full_synthetic,unknown,train,44491ccb7976d588,blur20
1,sid_train,full_synthetic,unknown,train,44491ccb7976d588,crop08
1,sid_train,full_synthetic,unknown,train,f0b2114ad10e9699,clean
1,sid_train,full_synthetic,unknown,train,f0b2114ad10e9699,jpeg90
1,sid_train,full_synthetic,unknown,train,f0b2114ad10e9699,jpeg70
1,sid_train,full_synthetic,unknown,train,f0b2114ad10e9699,noise002
0,sid_train,real,unknown,train,0aac6cbb01a84f29,clean
0,sid_train,real,unknown,train,0aac6cbb01a84f29,blur10
0,sid_train,real,unknown,train,0aac6cbb01a84f29,noise002
0,sid_train,real,unknown,train,0aac6cbb01a84f29,crop08
1,sid_train,full_synthetic,unknown,train,fa89507d626976b3,clean
1,sid_train,full_synthetic,unknown,train,fa89507d626976b3,jpeg90
1,sid_train,full_synthetic,unknown,train,fa89507d626976b3,resize05
1,sid_train,full_synthetic,unknown,train,fa89507d626976b3,jitter02
0,sid_train,real,unknown,train,d1c0a43b9e941619,clean
0,sid_train,real,unknown,train,d1c0a43b9e941619,jpeg70
0,sid_train,real,unknown,train,d1c0a43b9e941619,jpeg50
0,sid_train,real,unknown,train,d1c0a43b9e941619,blur05
0,sid_train,real,unknown,train,fc32acad19bf9910,clean
0,sid_train,real,unknown,train,fc32acad19bf9910,jpeg50
0,sid_train,real,unknown,train,fc32acad19bf9910,blur10
0,sid_train,real,unknown,train,fc32acad19bf9910,resize025
0,sid_train,real,unknown,train,4224f04b30d14139,clean
0,sid_train,real,unknown,train,4224f04b30d14139,jpeg70
0,sid_train,real,unknown,train,4224f04b30d14139,jpeg50
0,sid_train,real,unknown,train,4224f04b30d14139,crop08
1,sid_train,full_synthetic,unknown,train,236ab8799d7a646e,clean
1,sid_train,full_synthetic,unknown,train,236ab8799d7a646e,jpeg90
1,sid_train,full_synthetic,unknown,train,236ab8799d7a646e,noise002
1,sid_train,full_synthetic,unknown,train,236ab8799d7a646e,jitter02
1,sid_train,full_synthetic,unknown,train,06003e4a7f9c9c90,clean
1,sid_train,full_synthetic,unknown,train,06003e4a7f9c9c90,jpeg90
1,sid_train,full_synthetic,unknown,train,06003e4a7f9c9c90,jpeg30
1,sid_train,full_synthetic,unknown,train,06003e4a7f9c9c90,jitter02
1,sid_train,full_synthetic,unknown,train,e5bd67000dfa8d7e,clean
1,sid_train,full_synthetic,unknown,train,e5bd67000dfa8d7e,jpeg70
1,sid_train,full_synthetic,unknown,train,e5bd67000dfa8d7e,jpeg30
1,sid_train,full_synthetic,unknown,train,e5bd67000dfa8d7e,crop08
1,sid_train,full_synthetic,unknown,train,f4ce45af2ec3ae0c,clean
1,sid_train,full_synthetic,unknown,train,f4ce45af2ec3ae0c,jpeg70
1,sid_train,full_synthetic,unknown,train,f4ce45af2ec3ae0c,blur05
1,sid_train,full_synthetic,unknown,train,f4ce45af2ec3ae0c,resize025
0,sid_train,real,unknown,train,fc53e714b9ff7553,clean
0,sid_train,real,unknown,train,fc53e714b9ff7553,jpeg70
0,sid_train,real,unknown,train,fc53e714b9ff7553,jpeg30
0,sid_train,real,unknown,train,fc53e714b9ff7553,blur10
0,sid_train,real,unknown,train,7391b261a96784b1,clean
0,sid_train,real,unknown,train,7391b261a96784b1,resize025
0,sid_train,real,unknown,train,7391b261a96784b1,jitter02
0,sid_train,real,unknown,train,7391b261a96784b1,crop08
1,sid_train,full_synthetic,unknown,train,b5300fa08dfe383d,clean
1,sid_train,full_synthetic,unknown,train,b5300fa08dfe383d,jpeg90
1,sid_train,full_synthetic,unknown,train,b5300fa08dfe383d,jpeg50
1,sid_train,full_synthetic,unknown,train,b5300fa08dfe383d,blur20
0,sid_train,real,unknown,train,3a714f283f77d35a,clean
0,sid_train,real,unknown,train,3a714f283f77d35a,jpeg90
0,sid_train,real,unknown,train,3a714f283f77d35a,blur05
0,sid_train,real,unknown,train,3a714f283f77d35a,noise005
0,sid_train,real,unknown,train,e9b243416877b0f9,clean
0,sid_train,real,unknown,train,e9b243416877b0f9,jpeg30
0,sid_train,real,unknown,train,e9b243416877b0f9,blur05
0,sid_train,real,unknown,train,e9b243416877b0f9,noise002
1,sid_train,full_synthetic,unknown,train,7f63e513d0218f97,clean
1,sid_train,full_synthetic,unknown,train,7f63e513d0218f97,jpeg70
1,sid_train,full_synthetic,unknown,train,7f63e513d0218f97,resize05
1,sid_train,full_synthetic,unknown,train,7f63e513d0218f97,jitter02
0,sid_train,real,unknown,train,573a8272f495f3e8,clean
0,sid_train,real,unknown,train,573a8272f495f3e8,jpeg70
0,sid_train,real,unknown,train,573a8272f495f3e8,jpeg30
0,sid_train,real,unknown,train,573a8272f495f3e8,blur20
0,sid_train,real,unknown,train,8f785815ceaecad3,clean
0,sid_train,real,unknown,train,8f785815ceaecad3,blur20
0,sid_train,real,unknown,train,8f785815ceaecad3,noise005
0,sid_train,real,unknown,train,8f785815ceaecad3,noise01
1,sid_train,full_synthetic,unknown,train,f268bd491769c078,clean
1,sid_train,full_synthetic,unknown,train,f268bd491769c078,jpeg70
1,sid_train,full_synthetic,unknown,train,f268bd491769c078,resize025
1,sid_train,full_synthetic,unknown,train,f268bd491769c078,noise002
1,sid_train,full_synthetic,unknown,train,6b6d3d9d5e40a2b9,clean
1,sid_train,full_synthetic,unknown,train,6b6d3d9d5e40a2b9,resize05
1,sid_train,full_synthetic,unknown,train,6b6d3d9d5e40a2b9,noise005
1,sid_train,full_synthetic,unknown,train,6b6d3d9d5e40a2b9,jitter02
1,sid_train,full_synthetic,unknown,train,026dd7e57c940d64,clean
1,sid_train,full_synthetic,unknown,train,026dd7e57c940d64,jpeg70
1,sid_train,full_synthetic,unknown,train,026dd7e57c940d64,blur20
1,sid_train,full_synthetic,unknown,train,026dd7e57c940d64,noise002
0,sid_train,real,unknown,train,5ceeebfa1a5006f6,clean
0,sid_train,real,unknown,train,5ceeebfa1a5006f6,blur10
0,sid_train,real,unknown,train,5ceeebfa1a5006f6,blur20
0,sid_train,real,unknown,train,5ceeebfa1a5006f6,noise01
1,sid_train,full_synthetic,unknown,train,8f81ee2a136a9f9f,clean
1,sid_train,full_synthetic,unknown,train,8f81ee2a136a9f9f,jpeg30
1,sid_train,full_synthetic,unknown,train,8f81ee2a136a9f9f,blur20
1,sid_train,full_synthetic,unknown,train,8f81ee2a136a9f9f,crop08
1,sid_train,full_synthetic,unknown,train,5d9dcd707e7dd192,clean
1,sid_train,full_synthetic,unknown,train,5d9dcd707e7dd192,blur05
1,sid_train,full_synthetic,unknown,train,5d9dcd707e7dd192,resize05
1,sid_train,full_synthetic,unknown,train,5d9dcd707e7dd192,crop08
1,sid_train,full_synthetic,unknown,train,c9e0bafe28d14bc6,clean
1,sid_train,full_synthetic,unknown,train,c9e0bafe28d14bc6,jpeg70
1,sid_train,full_synthetic,unknown,train,c9e0bafe28d14bc6,noise005
1,sid_train,full_synthetic,unknown,train,c9e0bafe28d14bc6,crop08
0,sid_train,real,unknown,train,f7d211df7a9c2805,clean
0,sid_train,real,unknown,train,f7d211df7a9c2805,jpeg90
0,sid_train,real,unknown,train,f7d211df7a9c2805,blur10
0,sid_train,real,unknown,train,f7d211df7a9c2805,noise005
0,sid_train,real,unknown,train,094213278138d8f0,clean
0,sid_train,real,unknown,train,094213278138d8f0,blur05
0,sid_train,real,unknown,train,094213278138d8f0,noise005
0,sid_train,real,unknown,train,094213278138d8f0,jitter02
0,sid_train,real,unknown,train,5785dba20599f0f8,clean
0,sid_train,real,unknown,train,5785dba20599f0f8,jpeg30
0,sid_train,real,unknown,train,5785dba20599f0f8,blur20
0,sid_train,real,unknown,train,5785dba20599f0f8,resize05
1,sid_train,full_synthetic,unknown,train,6919496ef4b57ecd,clean
1,sid_train,full_synthetic,unknown,train,6919496ef4b57ecd,jpeg50
1,sid_train,full_synthetic,unknown,train,6919496ef4b57ecd,blur05
1,sid_train,full_synthetic,unknown,train,6919496ef4b57ecd,blur20
0,sid_train,real,unknown,train,265deef03a404408,clean
0,sid_train,real,unknown,train,265deef03a404408,resize05
0,sid_train,real,unknown,train,265deef03a404408,resize025
0,sid_train,real,unknown,train,265deef03a404408,jitter02
1,sid_train,full_synthetic,unknown,train,722650adec15f555,clean
1,sid_train,full_synthetic,unknown,train,722650adec15f555,jpeg70
1,sid_train,full_synthetic,unknown,train,722650adec15f555,jpeg50
1,sid_train,full_synthetic,unknown,train,722650adec15f555,noise002
1,sid_train,full_synthetic,unknown,train,d092b071bb269210,clean
1,sid_train,full_synthetic,unknown,train,d092b071bb269210,resize05
1,sid_train,full_synthetic,unknown,train,d092b071bb269210,resize025
1,sid_train,full_synthetic,unknown,train,d092b071bb269210,crop08
0,sid_train,real,unknown,train,cb06a6cf5b771f57,clean
0,sid_train,real,unknown,train,cb06a6cf5b771f57,resize05
0,sid_train,real,unknown,train,cb06a6cf5b771f57,noise002
0,sid_train,real,unknown,train,cb06a6cf5b771f57,jitter02
0,sid_train,real,unknown,train,f0429a05222791b6,clean
0,sid_train,real,unknown,train,f0429a05222791b6,jpeg50
0,sid_train,real,unknown,train,f0429a05222791b6,blur10
0,sid_train,real,unknown,train,f0429a05222791b6,resize025
1,sid_train,full_synthetic,unknown,train,3bc574c6dc5a970b,clean
1,sid_train,full_synthetic,unknown,train,3bc574c6dc5a970b,jpeg70
1,sid_train,full_synthetic,unknown,train,3bc574c6dc5a970b,jpeg30
1,sid_train,full_synthetic,unknown,train,3bc574c6dc5a970b,crop08
0,sid_train,real,unknown,train,24ec8031fb6a0c26,clean
0,sid_train,real,unknown,train,24ec8031fb6a0c26,jpeg90
0,sid_train,real,unknown,train,24ec8031fb6a0c26,jpeg50
0,sid_train,real,unknown,train,24ec8031fb6a0c26,blur05
1,sid_train,full_synthetic,unknown,train,17d53f637b8291f4,clean
1,sid_train,full_synthetic,unknown,train,17d53f637b8291f4,jpeg70
1,sid_train,full_synthetic,unknown,train,17d53f637b8291f4,jitter02
1,sid_train,full_synthetic,unknown,train,17d53f637b8291f4,crop08
0,sid_train,real,unknown,train,2b718021ff620d5b,clean
0,sid_train,real,unknown,train,2b718021ff620d5b,jpeg50
0,sid_train,real,unknown,train,2b718021ff620d5b,blur20
0,sid_train,real,unknown,train,2b718021ff620d5b,noise01
0,sid_train,real,unknown,train,5d36ace59f6f015f,clean
0,sid_train,real,unknown,train,5d36ace59f6f015f,resize05
0,sid_train,real,unknown,train,5d36ace59f6f015f,noise002
0,sid_train,real,unknown,train,5d36ace59f6f015f,crop08
1,sid_train,full_synthetic,unknown,train,7c54c7edfb13b2ce,clean
1,sid_train,full_synthetic,unknown,train,7c54c7edfb13b2ce,blur05
1,sid_train,full_synthetic,unknown,train,7c54c7edfb13b2ce,blur20
1,sid_train,full_synthetic,unknown,train,7c54c7edfb13b2ce,resize05
1,sid_train,full_synthetic,unknown,train,cf84a8dc1647d4cc,clean
1,sid_train,full_synthetic,unknown,train,cf84a8dc1647d4cc,jpeg90
1,sid_train,full_synthetic,unknown,train,cf84a8dc1647d4cc,blur10
1,sid_train,full_synthetic,unknown,train,cf84a8dc1647d4cc,resize025
0,sid_train,real,unknown,train,7979cf267ce4182f,clean
0,sid_train,real,unknown,train,7979cf267ce4182f,jpeg90
0,sid_train,real,unknown,train,7979cf267ce4182f,resize05
0,sid_train,real,unknown,train,7979cf267ce4182f,resize025
1,sid_train,full_synthetic,unknown,train,d638df72685dc226,clean
1,sid_train,full_synthetic,unknown,train,d638df72685dc226,jpeg50
1,sid_train,full_synthetic,unknown,train,d638df72685dc226,blur05
1,sid_train,full_synthetic,unknown,train,d638df72685dc226,resize025
1,sid_train,full_synthetic,unknown,train,00a36ea8ee8535de,clean
1,sid_train,full_synthetic,unknown,train,00a36ea8ee8535de,jpeg90
1,sid_train,full_synthetic,unknown,train,00a36ea8ee8535de,blur05
1,sid_train,full_synthetic,unknown,train,00a36ea8ee8535de,noise002
1,sid_train,full_synthetic,unknown,train,02168b57066037ea,clean
1,sid_train,full_synthetic,unknown,train,02168b57066037ea,jpeg50
1,sid_train,full_synthetic,unknown,train,02168b57066037ea,blur10
1,sid_train,full_synthetic,unknown,train,02168b57066037ea,jitter02
1,sid_train,full_synthetic,unknown,train,7228d7090d7b5700,clean
1,sid_train,full_synthetic,unknown,train,7228d7090d7b5700,jpeg50
1,sid_train,full_synthetic,unknown,train,7228d7090d7b5700,blur20
1,sid_train,full_synthetic,unknown,train,7228d7090d7b5700,noise01
0,sid_train,real,unknown,train,aaa818e774f8b789,clean
0,sid_train,real,unknown,train,aaa818e774f8b789,jpeg30
0,sid_train,real,unknown,train,aaa818e774f8b789,blur10
0,sid_train,real,unknown,train,aaa818e774f8b789,blur20
0,sid_train,real,unknown,train,fceee31bc0c169ca,clean
0,sid_train,real,unknown,train,fceee31bc0c169ca,jpeg70
0,sid_train,real,unknown,train,fceee31bc0c169ca,blur10
0,sid_train,real,unknown,train,fceee31bc0c169ca,crop08
0,sid_train,real,unknown,train,1b2b4bcd4beab666,clean
0,sid_train,real,unknown,train,1b2b4bcd4beab666,jpeg50
0,sid_train,real,unknown,train,1b2b4bcd4beab666,blur10
0,sid_train,real,unknown,train,1b2b4bcd4beab666,resize05
0,sid_train,real,unknown,train,7addd6e113308abb,clean
0,sid_train,real,unknown,train,7addd6e113308abb,jpeg70
0,sid_train,real,unknown,train,7addd6e113308abb,blur20
0,sid_train,real,unknown,train,7addd6e113308abb,crop08
1,sid_train,full_synthetic,unknown,train,d5fc8c1546d817f1,clean
1,sid_train,full_synthetic,unknown,train,d5fc8c1546d817f1,jpeg30
1,sid_train,full_synthetic,unknown,train,d5fc8c1546d817f1,blur05
1,sid_train,full_synthetic,unknown,train,d5fc8c1546d817f1,jitter02
0,sid_train,real,unknown,train,71fae9825ef736c9,clean
0,sid_train,real,unknown,train,71fae9825ef736c9,jpeg30
0,sid_train,real,unknown,train,71fae9825ef736c9,blur10
0,sid_train,real,unknown,train,71fae9825ef736c9,noise01
0,sid_train,real,unknown,train,fcaa8dc5d0325e44,clean
0,sid_train,real,unknown,train,fcaa8dc5d0325e44,resize025
0,sid_train,real,unknown,train,fcaa8dc5d0325e44,noise005
0,sid_train,real,unknown,train,fcaa8dc5d0325e44,crop08
0,sid_train,real,unknown,train,6dafb7cac1df4e4d,clean
0,sid_train,real,unknown,train,6dafb7cac1df4e4d,jpeg30
0,sid_train,real,unknown,train,6dafb7cac1df4e4d,blur20
0,sid_train,real,unknown,train,6dafb7cac1df4e4d,noise002
1,sid_train,full_synthetic,unknown,train,9bdda3fb1a9464c0,clean
1,sid_train,full_synthetic,unknown,train,9bdda3fb1a9464c0,jpeg30
1,sid_train,full_synthetic,unknown,train,9bdda3fb1a9464c0,blur05
1,sid_train,full_synthetic,unknown,train,9bdda3fb1a9464c0,jitter02
0,sid_train,real,unknown,train,7c4588ef5b38fb0f,clean
0,sid_train,real,unknown,train,7c4588ef5b38fb0f,jpeg50
0,sid_train,real,unknown,train,7c4588ef5b38fb0f,noise005
0,sid_train,real,unknown,train,7c4588ef5b38fb0f,noise01
1,sid_train,full_synthetic,unknown,train,4d03c0498192674b,clean
1,sid_train,full_synthetic,unknown,train,4d03c0498192674b,resize05
1,sid_train,full_synthetic,unknown,train,4d03c0498192674b,noise002
1,sid_train,full_synthetic,unknown,train,4d03c0498192674b,crop08
1,sid_train,full_synthetic,unknown,train,729682fe17c78db3,clean
1,sid_train,full_synthetic,unknown,train,729682fe17c78db3,blur05
1,sid_train,full_synthetic,unknown,train,729682fe17c78db3,blur10
1,sid_train,full_synthetic,unknown,train,729682fe17c78db3,resize05
0,sid_train,real,unknown,train,ad568d24d7a63902,clean
0,sid_train,real,unknown,train,ad568d24d7a63902,jpeg90
0,sid_train,real,unknown,train,ad568d24d7a63902,jpeg70
0,sid_train,real,unknown,train,ad568d24d7a63902,jitter02
1,sid_train,full_synthetic,unknown,train,54e22e75bb32cd70,clean
1,sid_train,full_synthetic,unknown,train,54e22e75bb32cd70,blur05
1,sid_train,full_synthetic,unknown,train,54e22e75bb32cd70,noise002
1,sid_train,full_synthetic,unknown,train,54e22e75bb32cd70,noise01
0,sid_train,real,unknown,train,f4beae2abfdcd921,clean
0,sid_train,real,unknown,train,f4beae2abfdcd921,jpeg70
0,sid_train,real,unknown,train,f4beae2abfdcd921,resize05
0,sid_train,real,unknown,train,f4beae2abfdcd921,crop08
0,sid_train,real,unknown,train,5512f04489ae6d24,clean
0,sid_train,real,unknown,train,5512f04489ae6d24,blur10
0,sid_train,real,unknown,train,5512f04489ae6d24,noise002
0,sid_train,real,unknown,train,5512f04489ae6d24,noise005
1,sid_train,full_synthetic,unknown,train,a62fffe1f6b64657,clean
1,sid_train,full_synthetic,unknown,train,a62fffe1f6b64657,resize05
1,sid_train,full_synthetic,unknown,train,a62fffe1f6b64657,resize025
1,sid_train,full_synthetic,unknown,train,a62fffe1f6b64657,jitter02
0,sid_train,real,unknown,train,c428236b11c2b1bb,clean
0,sid_train,real,unknown,train,c428236b11c2b1bb,blur05
0,sid_train,real,unknown,train,c428236b11c2b1bb,resize025
0,sid_train,real,unknown,train,c428236b11c2b1bb,jitter02
1,sid_train,full_synthetic,unknown,train,efcfd3e358269e73,clean
1,sid_train,full_synthetic,unknown,train,efcfd3e358269e73,jpeg90
1,sid_train,full_synthetic,unknown,train,efcfd3e358269e73,jpeg50
1,sid_train,full_synthetic,unknown,train,efcfd3e358269e73,jitter02
1,sid_train,full_synthetic,unknown,train,f2eae19f56812242,clean
1,sid_train,full_synthetic,unknown,train,f2eae19f56812242,resize025
1,sid_train,full_synthetic,unknown,train,f2eae19f56812242,noise01
1,sid_train,full_synthetic,unknown,train,f2eae19f56812242,crop08
0,sid_train,real,unknown,train,058adb5b6f2019c6,clean
0,sid_train,real,unknown,train,058adb5b6f2019c6,resize05
0,sid_train,real,unknown,train,058adb5b6f2019c6,noise002
0,sid_train,real,unknown,train,058adb5b6f2019c6,jitter02
0,sid_train,real,unknown,train,543181cd5414215b,clean
0,sid_train,real,unknown,train,543181cd5414215b,jpeg50
0,sid_train,real,unknown,train,543181cd5414215b,blur10
0,sid_train,real,unknown,train,543181cd5414215b,resize05
0,sid_train,real,unknown,train,5733d15170f6caad,clean
0,sid_train,real,unknown,train,5733d15170f6caad,blur10
0,sid_train,real,unknown,train,5733d15170f6caad,resize025
0,sid_train,real,unknown,train,5733d15170f6caad,jitter02
0,sid_train,real,unknown,train,39abb90fa8f697ed,clean
0,sid_train,real,unknown,train,39abb90fa8f697ed,jpeg70
0,sid_train,real,unknown,train,39abb90fa8f697ed,jpeg50
0,sid_train,real,unknown,train,39abb90fa8f697ed,blur10
1,sid_train,full_synthetic,unknown,train,ffaad4e5513d5c28,clean
1,sid_train,full_synthetic,unknown,train,ffaad4e5513d5c28,jpeg90
1,sid_train,full_synthetic,unknown,train,ffaad4e5513d5c28,jpeg70
1,sid_train,full_synthetic,unknown,train,ffaad4e5513d5c28,jpeg50
1,sid_train,full_synthetic,unknown,train,53b6fb1c83676820,clean
1,sid_train,full_synthetic,unknown,train,53b6fb1c83676820,blur10
1,sid_train,full_synthetic,unknown,train,53b6fb1c83676820,blur20
1,sid_train,full_synthetic,unknown,train,53b6fb1c83676820,resize05
1,sid_train,full_synthetic,unknown,train,c0711b936bc0adb6,clean
1,sid_train,full_synthetic,unknown,train,c0711b936bc0adb6,blur05
1,sid_train,full_synthetic,unknown,train,c0711b936bc0adb6,blur20
1,sid_train,full_synthetic,unknown,train,c0711b936bc0adb6,resize05
0,sid_train,real,unknown,train,3e7d21b7e6b940bf,clean
0,sid_train,real,unknown,train,3e7d21b7e6b940bf,jpeg90
0,sid_train,real,unknown,train,3e7d21b7e6b940bf,blur20
0,sid_train,real,unknown,train,3e7d21b7e6b940bf,crop08
0,sid_train,real,unknown,train,72ac1fbea3cc3b33,clean
0,sid_train,real,unknown,train,72ac1fbea3cc3b33,blur05
0,sid_train,real,unknown,train,72ac1fbea3cc3b33,noise005
0,sid_train,real,unknown,train,72ac1fbea3cc3b33,noise01
0,sid_train,real,unknown,train,491df0d8885498ac,clean
0,sid_train,real,unknown,train,491df0d8885498ac,jpeg90
0,sid_train,real,unknown,train,491df0d8885498ac,jpeg50
0,sid_train,real,unknown,train,491df0d8885498ac,noise01
0,sid_train,real,unknown,train,74d94f846869522e,clean
0,sid_train,real,unknown,train,74d94f846869522e,jpeg70
0,sid_train,real,unknown,train,74d94f846869522e,blur20
0,sid_train,real,unknown,train,74d94f846869522e,noise005
0,sid_train,real,unknown,train,696a3fad7dadf525,clean
0,sid_train,real,unknown,train,696a3fad7dadf525,jpeg70
0,sid_train,real,unknown,train,696a3fad7dadf525,blur20
0,sid_train,real,unknown,train,696a3fad7dadf525,resize05
1,sid_train,full_synthetic,unknown,train,85923ba37cdd3168,clean
1,sid_train,full_synthetic,unknown,train,85923ba37cdd3168,jpeg90
1,sid_train,full_synthetic,unknown,train,85923ba37cdd3168,jpeg70
1,sid_train,full_synthetic,unknown,train,85923ba37cdd3168,resize05
1,sid_train,full_synthetic,unknown,train,303af2671ac9beae,clean
1,sid_train,full_synthetic,unknown,train,303af2671ac9beae,jpeg70
1,sid_train,full_synthetic,unknown,train,303af2671ac9beae,noise005
1,sid_train,full_synthetic,unknown,train,303af2671ac9beae,crop08
0,sid_train,real,unknown,train,7af3256dc09c6542,clean
0,sid_train,real,unknown,train,7af3256dc09c6542,resize025
0,sid_train,real,unknown,train,7af3256dc09c6542,noise002
0,sid_train,real,unknown,train,7af3256dc09c6542,jitter02
0,sid_train,real,unknown,train,8688c54410335b8b,clean
0,sid_train,real,unknown,train,8688c54410335b8b,jpeg90
0,sid_train,real,unknown,train,8688c54410335b8b,jpeg70
0,sid_train,real,unknown,train,8688c54410335b8b,jpeg50
0,sid_train,real,unknown,train,9a7ffb5d32b745eb,clean
0,sid_train,real,unknown,train,9a7ffb5d32b745eb,blur05
0,sid_train,real,unknown,train,9a7ffb5d32b745eb,blur20
0,sid_train,real,unknown,train,9a7ffb5d32b745eb,noise005
0,sid_train,real,unknown,train,044d964d2b81ed73,clean
0,sid_train,real,unknown,train,044d964d2b81ed73,blur10
0,sid_train,real,unknown,train,044d964d2b81ed73,resize05
0,sid_train,real,unknown,train,044d964d2b81ed73,noise01
0,sid_train,real,unknown,train,35ee788c1c725bc4,clean
0,sid_train,real,unknown,train,35ee788c1c725bc4,blur20
0,sid_train,real,unknown,train,35ee788c1c725bc4,noise005
0,sid_train,real,unknown,train,35ee788c1c725bc4,jitter02
1,sid_train,full_synthetic,unknown,train,c94b06de818ba23a,clean
1,sid_train,full_synthetic,unknown,train,c94b06de818ba23a,jpeg90
1,sid_train,full_synthetic,unknown,train,c94b06de818ba23a,blur20
1,sid_train,full_synthetic,unknown,train,c94b06de818ba23a,jitter02
0,sid_train,real,unknown,train,a4913cbb0c09f478,clean
0,sid_train,real,unknown,train,a4913cbb0c09f478,jpeg50
0,sid_train,real,unknown,train,a4913cbb0c09f478,blur05
0,sid_train,real,unknown,train,a4913cbb0c09f478,jitter02
0,sid_train,real,unknown,train,96762654b3b7fa04,clean
0,sid_train,real,unknown,train,96762654b3b7fa04,jpeg70
0,sid_train,real,unknown,train,96762654b3b7fa04,resize025
0,sid_train,real,unknown,train,96762654b3b7fa04,noise01
0,sid_train,real,unknown,train,76dccb3cecb47095,clean
0,sid_train,real,unknown,train,76dccb3cecb47095,jpeg90
0,sid_train,real,unknown,train,76dccb3cecb47095,blur05
0,sid_train,real,unknown,train,76dccb3cecb47095,jitter02
1,sid_train,full_synthetic,unknown,train,28d1fb03857323df,clean
1,sid_train,full_synthetic,unknown,train,28d1fb03857323df,jpeg30
1,sid_train,full_synthetic,unknown,train,28d1fb03857323df,resize05
1,sid_train,full_synthetic,unknown,train,28d1fb03857323df,jitter02
1,sid_train,full_synthetic,unknown,train,18e7f263d7ad647d,clean
1,sid_train,full_synthetic,unknown,train,18e7f263d7ad647d,blur05
1,sid_train,full_synthetic,unknown,train,18e7f263d7ad647d,blur10
1,sid_train,full_synthetic,unknown,train,18e7f263d7ad647d,jitter02
0,sid_train,real,unknown,train,301de3e78040a02f,clean
0,sid_train,real,unknown,train,301de3e78040a02f,blur10
0,sid_train,real,unknown,train,301de3e78040a02f,resize05
0,sid_train,real,unknown,train,301de3e78040a02f,noise01
0,sid_train,real,unknown,train,ca430aa31889f800,clean
0,sid_train,real,unknown,train,ca430aa31889f800,jpeg30
0,sid_train,real,unknown,train,ca430aa31889f800,noise002
0,sid_train,real,unknown,train,ca430aa31889f800,noise01
1,sid_train,full_synthetic,unknown,train,02d55287e538df4c,clean
1,sid_train,full_synthetic,unknown,train,02d55287e538df4c,blur05
1,sid_train,full_synthetic,unknown,train,02d55287e538df4c,noise01
1,sid_train,full_synthetic,unknown,train,02d55287e538df4c,crop08
1,sid_train,full_synthetic,unknown,train,85430b6391686d65,clean
1,sid_train,full_synthetic,unknown,train,85430b6391686d65,blur20
1,sid_train,full_synthetic,unknown,train,85430b6391686d65,noise002
1,sid_train,full_synthetic,unknown,train,85430b6391686d65,noise01
1,sid_train,full_synthetic,unknown,train,1bd3a8299648af16,clean
1,sid_train,full_synthetic,unknown,train,1bd3a8299648af16,blur20
1,sid_train,full_synthetic,unknown,train,1bd3a8299648af16,resize025
1,sid_train,full_synthetic,unknown,train,1bd3a8299648af16,noise005
0,sid_train,real,unknown,train,62d5d4a12316e095,clean
0,sid_train,real,unknown,train,62d5d4a12316e095,blur20
0,sid_train,real,unknown,train,62d5d4a12316e095,noise005
0,sid_train,real,unknown,train,62d5d4a12316e095,crop08
0,sid_train,real,unknown,train,f83c8e5a7465d789,clean
0,sid_train,real,unknown,train,f83c8e5a7465d789,blur05
0,sid_train,real,unknown,train,f83c8e5a7465d789,resize025
0,sid_train,real,unknown,train,f83c8e5a7465d789,noise01
1,sid_train,full_synthetic,unknown,train,a850002e649fe2e3,clean
1,sid_train,full_synthetic,unknown,train,a850002e649fe2e3,jpeg70
1,sid_train,full_synthetic,unknown,train,a850002e649fe2e3,jpeg30
1,sid_train,full_synthetic,unknown,train,a850002e649fe2e3,noise002
0,sid_train,real,unknown,train,43c1e88891a8b9f9,clean
0,sid_train,real,unknown,train,43c1e88891a8b9f9,jpeg70
0,sid_train,real,unknown,train,43c1e88891a8b9f9,jpeg30
0,sid_train,real,unknown,train,43c1e88891a8b9f9,blur05
0,sid_train,real,unknown,train,6a50be619d5f4a77,clean
0,sid_train,real,unknown,train,6a50be619d5f4a77,jpeg50
0,sid_train,real,unknown,train,6a50be619d5f4a77,jpeg30
0,sid_train,real,unknown,train,6a50be619d5f4a77,crop08
0,sid_train,real,unknown,train,e26296bf6ed62027,clean
0,sid_train,real,unknown,train,e26296bf6ed62027,jpeg70
0,sid_train,real,unknown,train,e26296bf6ed62027,blur10
0,sid_train,real,unknown,train,e26296bf6ed62027,resize025
1,sid_train,full_synthetic,unknown,train,0193a66795352b01,clean
1,sid_train,full_synthetic,unknown,train,0193a66795352b01,jpeg90
1,sid_train,full_synthetic,unknown,train,0193a66795352b01,blur10
1,sid_train,full_synthetic,unknown,train,0193a66795352b01,jitter02
1,sid_train,full_synthetic,unknown,train,f54319470918a9e9,clean
1,sid_train,full_synthetic,unknown,train,f54319470918a9e9,jpeg30
1,sid_train,full_synthetic,unknown,train,f54319470918a9e9,blur20
1,sid_train,full_synthetic,unknown,train,f54319470918a9e9,crop08
1,sid_train,full_synthetic,unknown,train,b90c990733914338,clean
1,sid_train,full_synthetic,unknown,train,b90c990733914338,jpeg90
1,sid_train,full_synthetic,unknown,train,b90c990733914338,jpeg70
1,sid_train,full_synthetic,unknown,train,b90c990733914338,jitter02
1,sid_train,full_synthetic,unknown,train,f7a3756f5e6ad51f,clean
1,sid_train,full_synthetic,unknown,train,f7a3756f5e6ad51f,jpeg30
1,sid_train,full_synthetic,unknown,train,f7a3756f5e6ad51f,noise002
1,sid_train,full_synthetic,unknown,train,f7a3756f5e6ad51f,noise005
1,sid_train,full_synthetic,unknown,train,68c87f6a4fd6086a,clean
1,sid_train,full_synthetic,unknown,train,68c87f6a4fd6086a,blur10
1,sid_train,full_synthetic,unknown,train,68c87f6a4fd6086a,resize05
1,sid_train,full_synthetic,unknown,train,68c87f6a4fd6086a,noise01
0,sid_train,real,unknown,train,fa17c4ffcc6a50ac,clean
0,sid_train,real,unknown,train,fa17c4ffcc6a50ac,jpeg30
0,sid_train,real,unknown,train,fa17c4ffcc6a50ac,blur05
0,sid_train,real,unknown,train,fa17c4ffcc6a50ac,resize025
1,sid_train,full_synthetic,unknown,train,41a37c9c2a556b6b,clean
1,sid_train,full_synthetic,unknown,train,41a37c9c2a556b6b,blur10
1,sid_train,full_synthetic,unknown,train,41a37c9c2a556b6b,noise002
1,sid_train,full_synthetic,unknown,train,41a37c9c2a556b6b,noise01
1,sid_train,full_synthetic,unknown,train,47dc40e05903a3c3,clean
1,sid_train,full_synthetic,unknown,train,47dc40e05903a3c3,blur10
1,sid_train,full_synthetic,unknown,train,47dc40e05903a3c3,blur20
1,sid_train,full_synthetic,unknown,train,47dc40e05903a3c3,noise005
1,sid_train,full_synthetic,unknown,train,700a5d2335325871,clean
1,sid_train,full_synthetic,unknown,train,700a5d2335325871,jpeg70
1,sid_train,full_synthetic,unknown,train,700a5d2335325871,jpeg30
1,sid_train,full_synthetic,unknown,train,700a5d2335325871,resize05
0,sid_train,real,unknown,train,863fbd09e7b5a257,clean
0,sid_train,real,unknown,train,863fbd09e7b5a257,jpeg70
0,sid_train,real,unknown,train,863fbd09e7b5a257,blur05
0,sid_train,real,unknown,train,863fbd09e7b5a257,blur20
1,sid_train,full_synthetic,unknown,train,149e480cf92dd381,clean
1,sid_train,full_synthetic,unknown,train,149e480cf92dd381,jpeg50
1,sid_train,full_synthetic,unknown,train,149e480cf92dd381,blur10
1,sid_train,full_synthetic,unknown,train,149e480cf92dd381,resize025
0,sid_train,real,unknown,train,29d38f3c711d01fe,clean
0,sid_train,real,unknown,train,29d38f3c711d01fe,jpeg70
0,sid_train,real,unknown,train,29d38f3c711d01fe,blur05
0,sid_train,real,unknown,train,29d38f3c711d01fe,resize05
1,sid_train,full_synthetic,unknown,train,a00b06a0bfa3899e,clean
1,sid_train,full_synthetic,unknown,train,a00b06a0bfa3899e,jpeg90
1,sid_train,full_synthetic,unknown,train,a00b06a0bfa3899e,jpeg30
1,sid_train,full_synthetic,unknown,train,a00b06a0bfa3899e,noise01
1,sid_train,full_synthetic,unknown,train,0388157fc4a864c8,clean
1,sid_train,full_synthetic,unknown,train,0388157fc4a864c8,jpeg50
1,sid_train,full_synthetic,unknown,train,0388157fc4a864c8,blur05
1,sid_train,full_synthetic,unknown,train,0388157fc4a864c8,jitter02
0,sid_train,real,unknown,train,4c5f049577ba39b2,clean
0,sid_train,real,unknown,train,4c5f049577ba39b2,jpeg50
0,sid_train,real,unknown,train,4c5f049577ba39b2,blur05
0,sid_train,real,unknown,train,4c5f049577ba39b2,resize05
0,sid_train,real,unknown,train,701092263fc19d88,clean
0,sid_train,real,unknown,train,701092263fc19d88,blur10
0,sid_train,real,unknown,train,701092263fc19d88,resize025
0,sid_train,real,unknown,train,701092263fc19d88,noise005
1,sid_train,full_synthetic,unknown,train,7929e668da7f52f7,clean
1,sid_train,full_synthetic,unknown,train,7929e668da7f52f7,jpeg30
1,sid_train,full_synthetic,unknown,train,7929e668da7f52f7,blur10
1,sid_train,full_synthetic,unknown,train,7929e668da7f52f7,noise01
0,sid_train,real,unknown,train,ad812a0dbad4464e,clean
0,sid_train,real,unknown,train,ad812a0dbad4464e,jpeg90
0,sid_train,real,unknown,train,ad812a0dbad4464e,blur10
0,sid_train,real,unknown,train,ad812a0dbad4464e,noise01
0,sid_train,real,unknown,train,03bcf973256aef3a,clean
0,sid_train,real,unknown,train,03bcf973256aef3a,jpeg90
0,sid_train,real,unknown,train,03bcf973256aef3a,resize05
0,sid_train,real,unknown,train,03bcf973256aef3a,noise002
0,sid_train,real,unknown,train,941c9c1a39bed2a9,clean
0,sid_train,real,unknown,train,941c9c1a39bed2a9,blur20
0,sid_train,real,unknown,train,941c9c1a39bed2a9,resize05
0,sid_train,real,unknown,train,941c9c1a39bed2a9,crop08
0,sid_train,real,unknown,train,a53dfabe084bc588,clean
0,sid_train,real,unknown,train,a53dfabe084bc588,jpeg90
0,sid_train,real,unknown,train,a53dfabe084bc588,blur10
0,sid_train,real,unknown,train,a53dfabe084bc588,noise002
0,sid_train,real,unknown,train,4a6acb2b45209a09,clean
0,sid_train,real,unknown,train,4a6acb2b45209a09,jpeg90
0,sid_train,real,unknown,train,4a6acb2b45209a09,jpeg30
0,sid_train,real,unknown,train,4a6acb2b45209a09,crop08
0,sid_train,real,unknown,train,60d4deb5a27c9fb5,clean
0,sid_train,real,unknown,train,60d4deb5a27c9fb5,jpeg30
0,sid_train,real,unknown,train,60d4deb5a27c9fb5,blur05
0,sid_train,real,unknown,train,60d4deb5a27c9fb5,resize05
0,sid_train,real,unknown,train,c33c03ef30f1d3bf,clean
0,sid_train,real,unknown,train,c33c03ef30f1d3bf,blur05
0,sid_train,real,unknown,train,c33c03ef30f1d3bf,blur10
0,sid_train,real,unknown,train,c33c03ef30f1d3bf,jitter02
0,sid_train,real,unknown,train,1ff7c2209011c05c,clean
0,sid_train,real,unknown,train,1ff7c2209011c05c,noise002
0,sid_train,real,unknown,train,1ff7c2209011c05c,noise005
0,sid_train,real,unknown,train,1ff7c2209011c05c,crop08
0,sid_train,real,unknown,train,a3c4378985938a05,clean
0,sid_train,real,unknown,train,a3c4378985938a05,jpeg30
0,sid_train,real,unknown,train,a3c4378985938a05,blur10
0,sid_train,real,unknown,train,a3c4378985938a05,crop08
0,sid_train,real,unknown,train,d626168b982ce407,clean
0,sid_train,real,unknown,train,d626168b982ce407,jpeg50
0,sid_train,real,unknown,train,d626168b982ce407,jpeg30
0,sid_train,real,unknown,train,d626168b982ce407,crop08
0,sid_train,real,unknown,train,50f4152ae862b587,clean
0,sid_train,real,unknown,train,50f4152ae862b587,jpeg90
0,sid_train,real,unknown,train,50f4152ae862b587,jpeg70
0,sid_train,real,unknown,train,50f4152ae862b587,crop08
0,sid_train,real,unknown,train,04f0282c35b1a5ac,clean
0,sid_train,real,unknown,train,04f0282c35b1a5ac,noise01
0,sid_train,real,unknown,train,04f0282c35b1a5ac,jitter02
0,sid_train,real,unknown,train,04f0282c35b1a5ac,crop08
0,sid_train,real,unknown,train,1cfbc5fa8a31628a,clean
0,sid_train,real,unknown,train,1cfbc5fa8a31628a,blur10
0,sid_train,real,unknown,train,1cfbc5fa8a31628a,noise005
0,sid_train,real,unknown,train,1cfbc5fa8a31628a,crop08
0,sid_train,real,unknown,train,7c118c386b1653cf,clean
0,sid_train,real,unknown,train,7c118c386b1653cf,jpeg70
0,sid_train,real,unknown,train,7c118c386b1653cf,jpeg50
0,sid_train,real,unknown,train,7c118c386b1653cf,resize025
0,sid_train,real,unknown,train,56067252c6435507,clean
0,sid_train,real,unknown,train,56067252c6435507,blur10
0,sid_train,real,unknown,train,56067252c6435507,resize025
0,sid_train,real,unknown,train,56067252c6435507,noise01
0,sid_train,real,unknown,train,638547a3a630b390,clean
0,sid_train,real,unknown,train,638547a3a630b390,jpeg50
0,sid_train,real,unknown,train,638547a3a630b390,jpeg30
0,sid_train,real,unknown,train,638547a3a630b390,noise01
0,sid_train,real,unknown,train,5bab5d343bb7fc4c,clean
0,sid_train,real,unknown,train,5bab5d343bb7fc4c,jpeg30
0,sid_train,real,unknown,train,5bab5d343bb7fc4c,blur05
0,sid_train,real,unknown,train,5bab5d343bb7fc4c,resize05
0,sid_train,real,unknown,train,e8e58028e909f123,clean
0,sid_train,real,unknown,train,e8e58028e909f123,blur05
0,sid_train,real,unknown,train,e8e58028e909f123,noise002
0,sid_train,real,unknown,train,e8e58028e909f123,noise01
0,sid_train,real,unknown,train,f4e0a7b3d350ea63,clean
0,sid_train,real,unknown,train,f4e0a7b3d350ea63,blur10
0,sid_train,real,unknown,train,f4e0a7b3d350ea63,resize025
0,sid_train,real,unknown,train,f4e0a7b3d350ea63,noise002
0,sid_train,real,unknown,train,0620b3bc18cb9840,clean
0,sid_train,real,unknown,train,0620b3bc18cb9840,blur05
0,sid_train,real,unknown,train,0620b3bc18cb9840,noise002
0,sid_train,real,unknown,train,0620b3bc18cb9840,noise01
0,sid_train,real,unknown,train,257e041b5991f39c,clean
0,sid_train,real,unknown,train,257e041b5991f39c,jpeg70
0,sid_train,real,unknown,train,257e041b5991f39c,blur10
0,sid_train,real,unknown,train,257e041b5991f39c,noise002
0,sid_train,real,unknown,train,29948e464a301748,clean
0,sid_train,real,unknown,train,29948e464a301748,noise005
0,sid_train,real,unknown,train,29948e464a301748,jitter02
0,sid_train,real,unknown,train,29948e464a301748,crop08
0,sid_train,real,unknown,train,e15979c39fcb8981,clean
0,sid_train,real,unknown,train,e15979c39fcb8981,blur20
0,sid_train,real,unknown,train,e15979c39fcb8981,resize05
0,sid_train,real,unknown,train,e15979c39fcb8981,noise01
0,sid_train,real,unknown,train,89e2a80b04242109,clean
0,sid_train,real,unknown,train,89e2a80b04242109,jpeg70
0,sid_train,real,unknown,train,89e2a80b04242109,blur20
0,sid_train,real,unknown,train,89e2a80b04242109,crop08
0,sid_train,real,unknown,train,474363a49ca3ab41,clean
0,sid_train,real,unknown,train,474363a49ca3ab41,jpeg90
0,sid_train,real,unknown,train,474363a49ca3ab41,jpeg50
0,sid_train,real,unknown,train,474363a49ca3ab41,blur10
0,sid_train,real,unknown,train,db74fd76536d14c1,clean
0,sid_train,real,unknown,train,db74fd76536d14c1,resize025
0,sid_train,real,unknown,train,db74fd76536d14c1,noise002
0,sid_train,real,unknown,train,db74fd76536d14c1,jitter02
0,sid_train,real,unknown,train,325bf8ef1b6fb9bf,clean
0,sid_train,real,unknown,train,325bf8ef1b6fb9bf,resize025
0,sid_train,real,unknown,train,325bf8ef1b6fb9bf,noise01
0,sid_train,real,unknown,train,325bf8ef1b6fb9bf,jitter02
0,sid_train,real,unknown,train,70c1b3579857d2d7,clean
0,sid_train,real,unknown,train,70c1b3579857d2d7,blur10
0,sid_train,real,unknown,train,70c1b3579857d2d7,resize05
0,sid_train,real,unknown,train,70c1b3579857d2d7,crop08
0,sid_train,real,unknown,train,954705c98badd3f2,clean
0,sid_train,real,unknown,train,954705c98badd3f2,jpeg70
0,sid_train,real,unknown,train,954705c98badd3f2,jpeg50
0,sid_train,real,unknown,train,954705c98badd3f2,resize025
0,sid_train,real,unknown,train,51d6168db12403a4,clean
0,sid_train,real,unknown,train,51d6168db12403a4,blur10
0,sid_train,real,unknown,train,51d6168db12403a4,resize025
0,sid_train,real,unknown,train,51d6168db12403a4,noise002
0,sid_train,real,unknown,train,13996da4caeac1cc,clean
0,sid_train,real,unknown,train,13996da4caeac1cc,jpeg90
0,sid_train,real,unknown,train,13996da4caeac1cc,resize025
0,sid_train,real,unknown,train,13996da4caeac1cc,noise005
0,sid_train,real,unknown,train,bc5073760020d392,clean
0,sid_train,real,unknown,train,bc5073760020d392,blur10
0,sid_train,real,unknown,train,bc5073760020d392,blur20
0,sid_train,real,unknown,train,bc5073760020d392,resize025
0,sid_train,real,unknown,train,160e8b1d34ce7590,clean
0,sid_train,real,unknown,train,160e8b1d34ce7590,jpeg70
0,sid_train,real,unknown,train,160e8b1d34ce7590,noise005
0,sid_train,real,unknown,train,160e8b1d34ce7590,noise01
0,sid_train,real,unknown,train,4788612f64a80969,clean
0,sid_train,real,unknown,train,4788612f64a80969,blur20
0,sid_train,real,unknown,train,4788612f64a80969,noise002
0,sid_train,real,unknown,train,4788612f64a80969,jitter02
0,sid_train,real,unknown,train,20056860c175b252,clean
0,sid_train,real,unknown,train,20056860c175b252,jpeg30
0,sid_train,real,unknown,train,20056860c175b252,resize05
0,sid_train,real,unknown,train,20056860c175b252,resize025
0,sid_train,real,unknown,train,7318d7b67e9ecdfe,clean
0,sid_train,real,unknown,train,7318d7b67e9ecdfe,jpeg90
0,sid_train,real,unknown,train,7318d7b67e9ecdfe,blur20
0,sid_train,real,unknown,train,7318d7b67e9ecdfe,resize025
0,sid_train,real,unknown,train,2879485e6f354749,clean
0,sid_train,real,unknown,train,2879485e6f354749,jpeg70
0,sid_train,real,unknown,train,2879485e6f354749,blur05
0,sid_train,real,unknown,train,2879485e6f354749,resize05
0,sid_train,real,unknown,train,f5186d8429da9711,clean
0,sid_train,real,unknown,train,f5186d8429da9711,jpeg30
0,sid_train,real,unknown,train,f5186d8429da9711,blur05
0,sid_train,real,unknown,train,f5186d8429da9711,resize05
0,sid_train,real,unknown,train,b84b0c59399eba5b,clean
0,sid_train,real,unknown,train,b84b0c59399eba5b,blur05
0,sid_train,real,unknown,train,b84b0c59399eba5b,resize025
0,sid_train,real,unknown,train,b84b0c59399eba5b,crop08
0,sid_train,real,unknown,train,e36ef8fefc0674f1,clean
0,sid_train,real,unknown,train,e36ef8fefc0674f1,blur05
0,sid_train,real,unknown,train,e36ef8fefc0674f1,blur20
0,sid_train,real,unknown,train,e36ef8fefc0674f1,resize05
0,sid_train,real,unknown,train,642c12028673b8a2,clean
0,sid_train,real,unknown,train,642c12028673b8a2,blur10
0,sid_train,real,unknown,train,642c12028673b8a2,blur20
0,sid_train,real,unknown,train,642c12028673b8a2,resize025
0,sid_train,real,unknown,train,d7466dbf45fed2a2,clean
0,sid_train,real,unknown,train,d7466dbf45fed2a2,resize05
0,sid_train,real,unknown,train,d7466dbf45fed2a2,noise002
0,sid_train,real,unknown,train,d7466dbf45fed2a2,crop08
0,sid_train,real,unknown,train,c87f0adc43463280,clean
0,sid_train,real,unknown,train,c87f0adc43463280,jpeg30
0,sid_train,real,unknown,train,c87f0adc43463280,blur10
0,sid_train,real,unknown,train,c87f0adc43463280,noise005
0,sid_train,real,unknown,train,89a48d41e81911c6,clean
0,sid_train,real,unknown,train,89a48d41e81911c6,jpeg70
0,sid_train,real,unknown,train,89a48d41e81911c6,blur10
0,sid_train,real,unknown,train,89a48d41e81911c6,jitter02
0,sid_train,real,unknown,train,fda42cda607dbc39,clean
0,sid_train,real,unknown,train,fda42cda607dbc39,jpeg70
0,sid_train,real,unknown,train,fda42cda607dbc39,jpeg30
0,sid_train,real,unknown,train,fda42cda607dbc39,blur10
0,sid_train,real,unknown,train,401cb5e9138081c4,clean
0,sid_train,real,unknown,train,401cb5e9138081c4,noise002
0,sid_train,real,unknown,train,401cb5e9138081c4,noise005
0,sid_train,real,unknown,train,401cb5e9138081c4,noise01
0,sid_train,real,unknown,train,969a6fd46565ff24,clean
0,sid_train,real,unknown,train,969a6fd46565ff24,jpeg50
0,sid_train,real,unknown,train,969a6fd46565ff24,blur05
0,sid_train,real,unknown,train,969a6fd46565ff24,noise01
0,sid_train,real,unknown,train,cb3c182e8b895b8d,clean
0,sid_train,real,unknown,train,cb3c182e8b895b8d,jpeg50
0,sid_train,real,unknown,train,cb3c182e8b895b8d,jitter02
0,sid_train,real,unknown,train,cb3c182e8b895b8d,crop08
0,sid_train,real,unknown,train,0588ac2c3fed44fd,clean
0,sid_train,real,unknown,train,0588ac2c3fed44fd,jpeg90
0,sid_train,real,unknown,train,0588ac2c3fed44fd,jpeg50
0,sid_train,real,unknown,train,0588ac2c3fed44fd,noise005
0,sid_train,real,unknown,train,95459af3598ab346,clean
0,sid_train,real,unknown,train,95459af3598ab346,noise005
0,sid_train,real,unknown,train,95459af3598ab346,noise01
0,sid_train,real,unknown,train,95459af3598ab346,crop08
0,sid_train,real,unknown,train,83980d8d89ff7f6f,clean
0,sid_train,real,unknown,train,83980d8d89ff7f6f,blur10
0,sid_train,real,unknown,train,83980d8d89ff7f6f,resize025
0,sid_train,real,unknown,train,83980d8d89ff7f6f,noise002
0,sid_train,real,unknown,train,f0235ee108b63d88,clean
0,sid_train,real,unknown,train,f0235ee108b63d88,jpeg50
0,sid_train,real,unknown,train,f0235ee108b63d88,blur10
0,sid_train,real,unknown,train,f0235ee108b63d88,jitter02
0,sid_train,real,unknown,train,ec51a0e13e296e01,clean
0,sid_train,real,unknown,train,ec51a0e13e296e01,jpeg70
0,sid_train,real,unknown,train,ec51a0e13e296e01,blur10
0,sid_train,real,unknown,train,ec51a0e13e296e01,jitter02
0,sid_train,real,unknown,train,fedca03d20bf6fca,clean
0,sid_train,real,unknown,train,fedca03d20bf6fca,blur20
0,sid_train,real,unknown,train,fedca03d20bf6fca,resize025
0,sid_train,real,unknown,train,fedca03d20bf6fca,crop08
0,sid_train,real,unknown,train,8a9e1b6385dabed4,clean
0,sid_train,real,unknown,train,8a9e1b6385dabed4,jpeg70
0,sid_train,real,unknown,train,8a9e1b6385dabed4,blur05
0,sid_train,real,unknown,train,8a9e1b6385dabed4,crop08
0,sid_train,real,unknown,train,952b9bc301aff1f0,clean
0,sid_train,real,unknown,train,952b9bc301aff1f0,blur05
0,sid_train,real,unknown,train,952b9bc301aff1f0,resize05
0,sid_train,real,unknown,train,952b9bc301aff1f0,jitter02
0,sid_train,real,unknown,train,48cb0c1d8c788935,clean
0,sid_train,real,unknown,train,48cb0c1d8c788935,jpeg50
0,sid_train,real,unknown,train,48cb0c1d8c788935,blur20
0,sid_train,real,unknown,train,48cb0c1d8c788935,noise005
0,sid_train,real,unknown,train,3b96fea87e983e24,clean
0,sid_train,real,unknown,train,3b96fea87e983e24,jpeg70
0,sid_train,real,unknown,train,3b96fea87e983e24,resize05
0,sid_train,real,unknown,train,3b96fea87e983e24,resize025
0,sid_train,real,unknown,train,c56365002eda720f,clean
0,sid_train,real,unknown,train,c56365002eda720f,jpeg90
0,sid_train,real,unknown,train,c56365002eda720f,blur05
0,sid_train,real,unknown,train,c56365002eda720f,resize025
0,sid_train,real,unknown,train,3dddf9af9e54c045,clean
0,sid_train,real,unknown,train,3dddf9af9e54c045,jpeg50
0,sid_train,real,unknown,train,3dddf9af9e54c045,blur10
0,sid_train,real,unknown,train,3dddf9af9e54c045,jitter02
0,sid_train,real,unknown,train,2d924a5ceb280e18,clean
0,sid_train,real,unknown,train,2d924a5ceb280e18,jpeg70
0,sid_train,real,unknown,train,2d924a5ceb280e18,jpeg50
0,sid_train,real,unknown,train,2d924a5ceb280e18,blur20
0,sid_train,real,unknown,train,a8eb093281cd7c21,clean
0,sid_train,real,unknown,train,a8eb093281cd7c21,blur10
0,sid_train,real,unknown,train,a8eb093281cd7c21,blur20
0,sid_train,real,unknown,train,a8eb093281cd7c21,noise01
0,sid_train,real,unknown,train,7d25453ce22d88e0,clean
0,sid_train,real,unknown,train,7d25453ce22d88e0,jpeg50
0,sid_train,real,unknown,train,7d25453ce22d88e0,jpeg30
0,sid_train,real,unknown,train,7d25453ce22d88e0,crop08
0,sid_train,real,unknown,train,275c1db55ca8b122,clean
0,sid_train,real,unknown,train,275c1db55ca8b122,blur20
0,sid_train,real,unknown,train,275c1db55ca8b122,jitter02
0,sid_train,real,unknown,train,275c1db55ca8b122,crop08
0,sid_train,real,unknown,train,67bd5064f9b61588,clean
0,sid_train,real,unknown,train,67bd5064f9b61588,blur05
0,sid_train,real,unknown,train,67bd5064f9b61588,blur20
0,sid_train,real,unknown,train,67bd5064f9b61588,noise005
0,sid_train,real,unknown,train,aae9cb3930aea80c,clean
0,sid_train,real,unknown,train,aae9cb3930aea80c,jpeg90
0,sid_train,real,unknown,train,aae9cb3930aea80c,noise01
0,sid_train,real,unknown,train,aae9cb3930aea80c,jitter02
0,sid_train,real,unknown,train,61fa18f36675a9d5,clean
0,sid_train,real,unknown,train,61fa18f36675a9d5,jpeg90
0,sid_train,real,unknown,train,61fa18f36675a9d5,blur05
0,sid_train,real,unknown,train,61fa18f36675a9d5,blur20
0,sid_train,real,unknown,train,d205f434313ed330,clean
0,sid_train,real,unknown,train,d205f434313ed330,jpeg90
0,sid_train,real,unknown,train,d205f434313ed330,jitter02
0,sid_train,real,unknown,train,d205f434313ed330,crop08
0,sid_train,real,unknown,train,1cb0b255001e607d,clean
0,sid_train,real,unknown,train,1cb0b255001e607d,jpeg50
0,sid_train,real,unknown,train,1cb0b255001e607d,jpeg30
0,sid_train,real,unknown,train,1cb0b255001e607d,blur10
0,sid_train,real,unknown,train,28a1942a5887eaca,clean
0,sid_train,real,unknown,train,28a1942a5887eaca,jpeg70
0,sid_train,real,unknown,train,28a1942a5887eaca,blur10
0,sid_train,real,unknown,train,28a1942a5887eaca,jitter02
0,sid_train,real,unknown,train,3307da6a37bbfa80,clean
0,sid_train,real,unknown,train,3307da6a37bbfa80,blur05
0,sid_train,real,unknown,train,3307da6a37bbfa80,resize025
0,sid_train,real,unknown,train,3307da6a37bbfa80,noise002
0,sid_train,real,unknown,train,939af61b4b2555f8,clean
0,sid_train,real,unknown,train,939af61b4b2555f8,jpeg50
0,sid_train,real,unknown,train,939af61b4b2555f8,blur10
0,sid_train,real,unknown,train,939af61b4b2555f8,noise002
0,sid_train,real,unknown,train,59bfd8fd27b7a142,clean
0,sid_train,real,unknown,train,59bfd8fd27b7a142,jpeg90
0,sid_train,real,unknown,train,59bfd8fd27b7a142,noise005
0,sid_train,real,unknown,train,59bfd8fd27b7a142,noise01
0,sid_train,real,unknown,train,37803fdf9c47d328,clean
0,sid_train,real,unknown,train,37803fdf9c47d328,jpeg70
0,sid_train,real,unknown,train,37803fdf9c47d328,blur05
0,sid_train,real,unknown,train,37803fdf9c47d328,blur10
0,sid_train,real,unknown,train,1ea5b8268774e898,clean
0,sid_train,real,unknown,train,1ea5b8268774e898,jpeg70
0,sid_train,real,unknown,train,1ea5b8268774e898,blur20
0,sid_train,real,unknown,train,1ea5b8268774e898,jitter02
0,sid_train,real,unknown,train,e00e7eba3047cff7,clean
0,sid_train,real,unknown,train,e00e7eba3047cff7,jpeg70
0,sid_train,real,unknown,train,e00e7eba3047cff7,resize025
0,sid_train,real,unknown,train,e00e7eba3047cff7,noise002
0,sid_train,real,unknown,train,a03f08c92a08fe68,clean
0,sid_train,real,unknown,train,a03f08c92a08fe68,jpeg50
0,sid_train,real,unknown,train,a03f08c92a08fe68,jpeg30
0,sid_train,real,unknown,train,a03f08c92a08fe68,crop08
0,sid_train,real,unknown,train,e3bacbef99c7f94d,clean
0,sid_train,real,unknown,train,e3bacbef99c7f94d,jpeg90
0,sid_train,real,unknown,train,e3bacbef99c7f94d,blur05
0,sid_train,real,unknown,train,e3bacbef99c7f94d,noise005
0,sid_train,real,unknown,train,08809d021840c163,clean
0,sid_train,real,unknown,train,08809d021840c163,blur05
0,sid_train,real,unknown,train,08809d021840c163,blur10
0,sid_train,real,unknown,train,08809d021840c163,blur20
0,sid_train,real,unknown,train,9c8a23c2e93d602f,clean
0,sid_train,real,unknown,train,9c8a23c2e93d602f,jpeg90
0,sid_train,real,unknown,train,9c8a23c2e93d602f,jitter02
0,sid_train,real,unknown,train,9c8a23c2e93d602f,crop08
0,sid_train,real,unknown,train,b568e4c3d4f60ccf,clean
0,sid_train,real,unknown,train,b568e4c3d4f60ccf,jpeg90
0,sid_train,real,unknown,train,b568e4c3d4f60ccf,blur20
0,sid_train,real,unknown,train,b568e4c3d4f60ccf,jitter02
0,sid_train,real,unknown,train,a8a671a8ea62bc8c,clean
0,sid_train,real,unknown,train,a8a671a8ea62bc8c,jpeg90
0,sid_train,real,unknown,train,a8a671a8ea62bc8c,noise01
0,sid_train,real,unknown,train,a8a671a8ea62bc8c,crop08
0,sid_train,real,unknown,train,8b6e30415063dd1a,clean
0,sid_train,real,unknown,train,8b6e30415063dd1a,blur20
0,sid_train,real,unknown,train,8b6e30415063dd1a,resize05
0,sid_train,real,unknown,train,8b6e30415063dd1a,resize025
0,sid_train,real,unknown,train,3c9119b4e72b9c89,clean
0,sid_train,real,unknown,train,3c9119b4e72b9c89,blur10
0,sid_train,real,unknown,train,3c9119b4e72b9c89,noise002
0,sid_train,real,unknown,train,3c9119b4e72b9c89,noise01
0,sid_train,real,unknown,train,0eb1a677eea7182c,clean
0,sid_train,real,unknown,train,0eb1a677eea7182c,jpeg30
0,sid_train,real,unknown,train,0eb1a677eea7182c,blur05
0,sid_train,real,unknown,train,0eb1a677eea7182c,resize05
0,sid_train,real,unknown,train,803fdd32a0ca6f0b,clean
0,sid_train,real,unknown,train,803fdd32a0ca6f0b,resize05
0,sid_train,real,unknown,train,803fdd32a0ca6f0b,resize025
0,sid_train,real,unknown,train,803fdd32a0ca6f0b,crop08
0,sid_train,real,unknown,train,75f14abef6008ab9,clean
0,sid_train,real,unknown,train,75f14abef6008ab9,jpeg70
0,sid_train,real,unknown,train,75f14abef6008ab9,jpeg30
0,sid_train,real,unknown,train,75f14abef6008ab9,resize025
0,sid_train,real,unknown,train,c990e6e61dfeb5b7,clean
0,sid_train,real,unknown,train,c990e6e61dfeb5b7,jpeg90
0,sid_train,real,unknown,train,c990e6e61dfeb5b7,jpeg70
0,sid_train,real,unknown,train,c990e6e61dfeb5b7,blur20
0,sid_train,real,unknown,train,7fcabd5153de0988,clean
0,sid_train,real,unknown,train,7fcabd5153de0988,jpeg90
0,sid_train,real,unknown,train,7fcabd5153de0988,jpeg70
0,sid_train,real,unknown,train,7fcabd5153de0988,noise002
0,sid_train,real,unknown,train,b84a16ac5a6a8f10,clean
0,sid_train,real,unknown,train,b84a16ac5a6a8f10,jpeg50
0,sid_train,real,unknown,train,b84a16ac5a6a8f10,noise005
0,sid_train,real,unknown,train,b84a16ac5a6a8f10,noise01
0,sid_train,real,unknown,train,9afb5a5b7b6884ca,clean
0,sid_train,real,unknown,train,9afb5a5b7b6884ca,jpeg90
0,sid_train,real,unknown,train,9afb5a5b7b6884ca,resize05
0,sid_train,real,unknown,train,9afb5a5b7b6884ca,noise002
0,sid_train,real,unknown,train,9e251290eb73ab67,clean
0,sid_train,real,unknown,train,9e251290eb73ab67,blur05
0,sid_train,real,unknown,train,9e251290eb73ab67,resize05
0,sid_train,real,unknown,train,9e251290eb73ab67,noise005
0,sid_train,real,unknown,train,1b170590c67dfa62,clean
0,sid_train,real,unknown,train,1b170590c67dfa62,jpeg70
0,sid_train,real,unknown,train,1b170590c67dfa62,blur10
0,sid_train,real,unknown,train,1b170590c67dfa62,crop08
0,sid_train,real,unknown,train,031fd11abca6feb8,clean
0,sid_train,real,unknown,train,031fd11abca6feb8,jpeg50
0,sid_train,real,unknown,train,031fd11abca6feb8,noise002
0,sid_train,real,unknown,train,031fd11abca6feb8,noise005
0,sid_train,real,unknown,train,45b87639bd4eca11,clean
0,sid_train,real,unknown,train,45b87639bd4eca11,blur10
0,sid_train,real,unknown,train,45b87639bd4eca11,blur20
0,sid_train,real,unknown,train,45b87639bd4eca11,noise002
0,sid_train,real,unknown,train,459d4221f3dec57a,clean
0,sid_train,real,unknown,train,459d4221f3dec57a,jpeg50
0,sid_train,real,unknown,train,459d4221f3dec57a,blur20
0,sid_train,real,unknown,train,459d4221f3dec57a,resize05
0,sid_train,real,unknown,train,4f7d0e9d5d537913,clean
0,sid_train,real,unknown,train,4f7d0e9d5d537913,jpeg30
0,sid_train,real,unknown,train,4f7d0e9d5d537913,blur20
0,sid_train,real,unknown,train,4f7d0e9d5d537913,resize05
0,sid_train,real,unknown,train,cc9bf07966af9421,clean
0,sid_train,real,unknown,train,cc9bf07966af9421,jpeg50
0,sid_train,real,unknown,train,cc9bf07966af9421,blur10
0,sid_train,real,unknown,train,cc9bf07966af9421,blur20
0,sid_train,real,unknown,train,28873e6e482950e8,clean
0,sid_train,real,unknown,train,28873e6e482950e8,blur05
0,sid_train,real,unknown,train,28873e6e482950e8,blur20
0,sid_train,real,unknown,train,28873e6e482950e8,jitter02
0,sid_train,real,unknown,train,4f5d561985dbd8c9,clean
0,sid_train,real,unknown,train,4f5d561985dbd8c9,blur10
0,sid_train,real,unknown,train,4f5d561985dbd8c9,blur20
0,sid_train,real,unknown,train,4f5d561985dbd8c9,noise005
0,sid_train,real,unknown,train,5c59d43b1ca81515,clean
0,sid_train,real,unknown,train,5c59d43b1ca81515,jpeg50
0,sid_train,real,unknown,train,5c59d43b1ca81515,blur10
0,sid_train,real,unknown,train,5c59d43b1ca81515,crop08
0,sid_train,real,unknown,train,ad44708bf15cfdec,clean
0,sid_train,real,unknown,train,ad44708bf15cfdec,jpeg70
0,sid_train,real,unknown,train,ad44708bf15cfdec,resize025
0,sid_train,real,unknown,train,ad44708bf15cfdec,noise01
0,sid_train,real,unknown,train,4aa5205461cc6b7a,clean
0,sid_train,real,unknown,train,4aa5205461cc6b7a,resize05
0,sid_train,real,unknown,train,4aa5205461cc6b7a,resize025
0,sid_train,real,unknown,train,4aa5205461cc6b7a,noise01
0,sid_train,real,unknown,train,8ae9cc8db4d888fa,clean
0,sid_train,real,unknown,train,8ae9cc8db4d888fa,blur20
0,sid_train,real,unknown,train,8ae9cc8db4d888fa,noise002
0,sid_train,real,unknown,train,8ae9cc8db4d888fa,jitter02
0,sid_train,real,unknown,train,21239ade04f97749,clean
0,sid_train,real,unknown,train,21239ade04f97749,resize025
0,sid_train,real,unknown,train,21239ade04f97749,noise002
0,sid_train,real,unknown,train,21239ade04f97749,noise01
0,sid_train,real,unknown,train,35a0fae251006f7b,clean
0,sid_train,real,unknown,train,35a0fae251006f7b,jpeg90
0,sid_train,real,unknown,train,35a0fae251006f7b,jpeg30
0,sid_train,real,unknown,train,35a0fae251006f7b,resize025
0,sid_train,real,unknown,train,3846e5352edd3eff,clean
0,sid_train,real,unknown,train,3846e5352edd3eff,jpeg50
0,sid_train,real,unknown,train,3846e5352edd3eff,resize025
0,sid_train,real,unknown,train,3846e5352edd3eff,noise01
0,sid_train,real,unknown,train,f0a9efa9a21c5683,clean
0,sid_train,real,unknown,train,f0a9efa9a21c5683,jpeg70
0,sid_train,real,unknown,train,f0a9efa9a21c5683,blur10
0,sid_train,real,unknown,train,f0a9efa9a21c5683,jitter02
0,sid_train,real,unknown,train,09df6f95d74c30e8,clean
0,sid_train,real,unknown,train,09df6f95d74c30e8,jpeg90
0,sid_train,real,unknown,train,09df6f95d74c30e8,jpeg30
0,sid_train,real,unknown,train,09df6f95d74c30e8,noise01
0,sid_train,real,unknown,train,010fbca51dd2876c,clean
0,sid_train,real,unknown,train,010fbca51dd2876c,jpeg30
0,sid_train,real,unknown,train,010fbca51dd2876c,blur05
0,sid_train,real,unknown,train,010fbca51dd2876c,blur10
0,sid_train,real,unknown,train,a6e4927484f8cc8e,clean
0,sid_train,real,unknown,train,a6e4927484f8cc8e,jpeg90
0,sid_train,real,unknown,train,a6e4927484f8cc8e,resize025
0,sid_train,real,unknown,train,a6e4927484f8cc8e,crop08
0,sid_train,real,unknown,train,74c38686bdaa7c6e,clean
0,sid_train,real,unknown,train,74c38686bdaa7c6e,resize05
0,sid_train,real,unknown,train,74c38686bdaa7c6e,resize025
0,sid_train,real,unknown,train,74c38686bdaa7c6e,jitter02
0,sid_train,real,unknown,train,bf7b7be33bfa56c1,clean
0,sid_train,real,unknown,train,bf7b7be33bfa56c1,noise01
0,sid_train,real,unknown,train,bf7b7be33bfa56c1,jitter02
0,sid_train,real,unknown,train,bf7b7be33bfa56c1,crop08
0,sid_train,real,unknown,train,512eb4ebb2f4f101,clean
0,sid_train,real,unknown,train,512eb4ebb2f4f101,jpeg70
0,sid_train,real,unknown,train,512eb4ebb2f4f101,jpeg50
0,sid_train,real,unknown,train,512eb4ebb2f4f101,jitter02
0,sid_train,real,unknown,train,e7ad814800f2c686,clean
0,sid_train,real,unknown,train,e7ad814800f2c686,jpeg70
0,sid_train,real,unknown,train,e7ad814800f2c686,resize05
0,sid_train,real,unknown,train,e7ad814800f2c686,noise005
0,sid_train,real,unknown,train,84a5a0d26db748e0,clean
0,sid_train,real,unknown,train,84a5a0d26db748e0,noise002
0,sid_train,real,unknown,train,84a5a0d26db748e0,noise005
0,sid_train,real,unknown,train,84a5a0d26db748e0,noise01
0,sid_train,real,unknown,train,91cb914c31d5ad8b,clean
0,sid_train,real,unknown,train,91cb914c31d5ad8b,jpeg70
0,sid_train,real,unknown,train,91cb914c31d5ad8b,blur10
0,sid_train,real,unknown,train,91cb914c31d5ad8b,blur20
0,sid_train,real,unknown,train,005949f56cc25378,clean
0,sid_train,real,unknown,train,005949f56cc25378,noise005
0,sid_train,real,unknown,train,005949f56cc25378,jitter02
0,sid_train,real,unknown,train,005949f56cc25378,crop08
0,sid_train,real,unknown,train,0c08e154a861b734,clean
0,sid_train,real,unknown,train,0c08e154a861b734,jpeg50
0,sid_train,real,unknown,train,0c08e154a861b734,blur05
0,sid_train,real,unknown,train,0c08e154a861b734,resize025
0,sid_train,real,unknown,train,6a87bf39c117b3d1,clean
0,sid_train,real,unknown,train,6a87bf39c117b3d1,jpeg30
0,sid_train,real,unknown,train,6a87bf39c117b3d1,noise005
0,sid_train,real,unknown,train,6a87bf39c117b3d1,crop08
0,sid_train,real,unknown,train,079f9364ae539988,clean
0,sid_train,real,unknown,train,079f9364ae539988,jpeg50
0,sid_train,real,unknown,train,079f9364ae539988,blur05
0,sid_train,real,unknown,train,079f9364ae539988,resize025
0,sid_train,real,unknown,train,e5002e546436cb1f,clean
0,sid_train,real,unknown,train,e5002e546436cb1f,jpeg70
0,sid_train,real,unknown,train,e5002e546436cb1f,blur10
0,sid_train,real,unknown,train,e5002e546436cb1f,noise002
0,sid_train,real,unknown,train,7c04d695b0fc954e,clean
0,sid_train,real,unknown,train,7c04d695b0fc954e,blur10
0,sid_train,real,unknown,train,7c04d695b0fc954e,jitter02
0,sid_train,real,unknown,train,7c04d695b0fc954e,crop08
0,sid_train,real,unknown,train,a319423351161edc,clean
0,sid_train,real,unknown,train,a319423351161edc,jpeg90
0,sid_train,real,unknown,train,a319423351161edc,jpeg70
0,sid_train,real,unknown,train,a319423351161edc,blur20
0,sid_train,real,unknown,train,318bc7641f409b56,clean
0,sid_train,real,unknown,train,318bc7641f409b56,blur05
0,sid_train,real,unknown,train,318bc7641f409b56,blur10
0,sid_train,real,unknown,train,318bc7641f409b56,blur20
0,sid_train,real,unknown,train,372be95a996eae5f,clean
0,sid_train,real,unknown,train,372be95a996eae5f,jpeg90
0,sid_train,real,unknown,train,372be95a996eae5f,resize025
0,sid_train,real,unknown,train,372be95a996eae5f,crop08
0,sid_train,real,unknown,train,4ce18985322c8599,clean
0,sid_train,real,unknown,train,4ce18985322c8599,jpeg70
0,sid_train,real,unknown,train,4ce18985322c8599,jpeg50
0,sid_train,real,unknown,train,4ce18985322c8599,jitter02
0,sid_train,real,unknown,train,339f6292fbe8349b,clean
0,sid_train,real,unknown,train,339f6292fbe8349b,blur10
0,sid_train,real,unknown,train,339f6292fbe8349b,resize05
0,sid_train,real,unknown,train,339f6292fbe8349b,noise005
0,sid_train,real,unknown,train,6d077921c5918167,clean
0,sid_train,real,unknown,train,6d077921c5918167,blur05
0,sid_train,real,unknown,train,6d077921c5918167,jitter02
0,sid_train,real,unknown,train,6d077921c5918167,crop08
0,sid_train,real,unknown,train,a3b9bf5189ebf8fa,clean
0,sid_train,real,unknown,train,a3b9bf5189ebf8fa,jpeg50
0,sid_train,real,unknown,train,a3b9bf5189ebf8fa,resize05
0,sid_train,real,unknown,train,a3b9bf5189ebf8fa,noise002
0,sid_train,real,unknown,train,aa09c557f7a5c9a3,clean
0,sid_train,real,unknown,train,aa09c557f7a5c9a3,noise002
0,sid_train,real,unknown,train,aa09c557f7a5c9a3,noise005
0,sid_train,real,unknown,train,aa09c557f7a5c9a3,jitter02
0,sid_train,real,unknown,train,dfe0679655d395a0,clean
0,sid_train,real,unknown,train,dfe0679655d395a0,jpeg70
0,sid_train,real,unknown,train,dfe0679655d395a0,blur20
0,sid_train,real,unknown,train,dfe0679655d395a0,resize05
0,sid_train,real,unknown,train,61c72e6c1e6d661b,clean
0,sid_train,real,unknown,train,61c72e6c1e6d661b,jpeg70
0,sid_train,real,unknown,train,61c72e6c1e6d661b,jpeg30
0,sid_train,real,unknown,train,61c72e6c1e6d661b,resize05
