label,source,subclass,generator,split,image_id,variant
0,coco_train_reals,real,none,train,5e5bd00614627d49,clean
0,coco_train_reals,real,none,train,5e5bd00614627d49,resize05
0,coco_train_reals,real,none,train,5e5bd00614627d49,noise005
0,coco_train_reals,real,none,train,5e5bd00614627d49,jitter02
0,coco_train_reals,real,none,train,471bb318cfbfe414,clean
0,coco_train_reals,real,none,train,471bb318cfbfe414,blur20
0,coco_train_reals,real,none,train,471bb318cfbfe414,noise002
0,coco_train_reals,real,none,train,471bb318cfbfe414,noise01
0,coco_train_reals,real,none,train,96684a7aa076710c,clean
0,coco_train_reals,real,none,train,96684a7aa076710c,jpeg50
0,coco_train_reals,real,none,train,96684a7aa076710c,blur10
0,coco_train_reals,real,none,train,96684a7aa076710c,resize05
0,coco_train_reals,real,none,train,4567618dc8d6c7fe,clean
0,coco_train_reals,real,none,train,4567618dc8d6c7fe,jpeg90
0,coco_train_reals,real,none,train,4567618dc8d6c7fe,noise005
0,coco_train_reals,real,none,train,4567618dc8d6c7fe,crop08
0,coco_train_reals,real,none,train,70943bcdd2720306,clean
0,coco_train_reals,real,none,train,70943bcdd2720306,jpeg90
0,coco_train_reals,real,none,train,70943bcdd2720306,noise002
0,coco_train_reals,real,none,train,70943bcdd2720306,crop08
0,coco_train_reals,real,none,train,66133355248c751a,clean
0,coco_train_reals,real,none,train,66133355248c751a,jpeg90
0,coco_train_reals,real,none,train,66133355248c751a,jpeg30
0,coco_train_reals,real,none,train,66133355248c751a,noise005
0,coco_train_reals,real,none,train,a3bea3eee9049bdc,clean
0,coco_train_reals,real,none,train,a3bea3eee9049bdc,jpeg90
0,coco_train_reals,real,none,train,a3bea3eee9049bdc,jpeg50
0,coco_train_reals,real,none,train,a3bea3eee9049bdc,noise005
0,coco_train_reals,real,none,train,48a5b0ae84bfbdb8,clean
0,coco_train_reals,real,none,train,48a5b0ae84bfbdb8,blur05
0,coco_train_reals,real,none,train,48a5b0ae84bfbdb8,resize025
0,coco_train_reals,real,none,train,48a5b0ae84bfbdb8,noise01
0,coco_train_reals,real,none,train,4da2399d2c00f015,clean
0,coco_train_reals,real,none,train,4da2399d2c00f015,resize025
0,coco_train_reals,real,none,train,4da2399d2c00f015,noise002
0,coco_train_reals,real,none,train,4da2399d2c00f015,noise005
0,coco_train_reals,real,none,train,e03b690fddda28c2,clean
0,coco_train_reals,real,none,train,e03b690fddda28c2,blur20
0,coco_train_reals,real,none,train,e03b690fddda28c2,jitter02
0,coco_train_reals,real,none,train,e03b690fddda28c2,crop08
0,coco_train_reals,real,none,train,35981bae5a666e48,clean
0,coco_train_reals,real,none,train,35981bae5a666e48,jpeg50
0,coco_train_reals,real,none,train,35981bae5a666e48,blur20
0,coco_train_reals,real,none,train,35981bae5a666e48,crop08
0,coco_train_reals,real,none,train,5b6bdd9aae376832,clean
0,coco_train_reals,real,none,train,5b6bdd9aae376832,blur05
0,coco_train_reals,real,none,train,5b6bdd9aae376832,blur20
0,coco_train_reals,real,none,train,5b6bdd9aae376832,resize05
0,coco_train_reals,real,none,train,e047fc4de9e635c9,clean
0,coco_train_reals,real,none,train,e047fc4de9e635c9,jpeg50
0,coco_train_reals,real,none,train,e047fc4de9e635c9,blur05
0,coco_train_reals,real,none,train,e047fc4de9e635c9,crop08
0,coco_train_reals,real,none,train,8844c51c864ed9c3,clean
0,coco_train_reals,real,none,train,8844c51c864ed9c3,jpeg90
0,coco_train_reals,real,none,train,8844c51c864ed9c3,jpeg70
0,coco_train_reals,real,none,train,8844c51c864ed9c3,jpeg30
0,coco_train_reals,real,none,train,ef7127a7f8cee4eb,clean
0,coco_train_reals,real,none,train,ef7127a7f8cee4eb,jpeg70
0,coco_train_reals,real,none,train,ef7127a7f8cee4eb,blur05
0,coco_train_reals,real,none,train,ef7127a7f8cee4eb,noise01
0,coco_train_reals,real,none,train,bb653dc3b042ad4b,clean
0,coco_train_reals,real,none,train,bb653dc3b042ad4b,jpeg50
0,coco_train_reals,real,none,train,bb653dc3b042ad4b,resize025
0,coco_train_reals,real,none,train,bb653dc3b042ad4b,noise01
0,coco_train_reals,real,none,train,cff885997bb1a879,clean
0,coco_train_reals,real,none,train,cff885997bb1a879,blur05
0,coco_train_reals,real,none,train,cff885997bb1a879,blur20
0,coco_train_reals,real,none,train,cff885997bb1a879,noise01
0,coco_train_reals,real,none,train,759ab6337cb6627d,clean
0,coco_train_reals,real,none,train,759ab6337cb6627d,blur10
0,coco_train_reals,real,none,train,759ab6337cb6627d,noise01
0,coco_train_reals,real,none,train,759ab6337cb6627d,crop08
0,coco_train_reals,real,none,train,2793b9554f7df151,clean
0,coco_train_reals,real,none,train,2793b9554f7df151,jpeg30
0,coco_train_reals,real,none,train,2793b9554f7df151,blur10
0,coco_train_reals,real,none,train,2793b9554f7df151,jitter02
0,coco_train_reals,real,none,train,faaaaaeb637581f9,clean
0,coco_train_reals,real,none,train,faaaaaeb637581f9,jpeg90
0,coco_train_reals,real,none,train,faaaaaeb637581f9,jpeg30
0,coco_train_reals,real,none,train,faaaaaeb637581f9,noise01
0,coco_train_reals,real,none,train,6d7125d1fa103f29,clean
0,coco_train_reals,real,none,train,6d7125d1fa103f29,blur05
0,coco_train_reals,real,none,train,6d7125d1fa103f29,blur10
0,coco_train_reals,real,none,train,6d7125d1fa103f29,resize05
0,coco_train_reals,real,none,train,3ba0c359ee5791fb,clean
0,coco_train_reals,real,none,train,3ba0c359ee5791fb,jpeg50
0,coco_train_reals,real,none,train,3ba0c359ee5791fb,blur20
0,coco_train_reals,real,none,train,3ba0c359ee5791fb,noise01
0,coco_train_reals,real,none,train,6534154a9a199187,clean
0,coco_train_reals,real,none,train,6534154a9a199187,jpeg50
0,coco_train_reals,real,none,train,6534154a9a199187,blur10
0,coco_train_reals,real,none,train,6534154a9a199187,blur20
0,coco_train_reals,real,none,train,eeee7597ae2cb6bf,clean
0,coco_train_reals,real,none,train,eeee7597ae2cb6bf,jpeg90
0,coco_train_reals,real,none,train,eeee7597ae2cb6bf,blur05
0,coco_train_reals,real,none,train,eeee7597ae2cb6bf,crop08
0,coco_train_reals,real,none,train,2ece58222d2433ab,clean
0,coco_train_reals,real,none,train,2ece58222d2433ab,blur20
0,coco_train_reals,real,none,train,2ece58222d2433ab,noise002
0,coco_train_reals,real,none,train,2ece58222d2433ab,jitter02
0,coco_train_reals,real,none,train,8dc54f14273227f6,clean
0,coco_train_reals,real,none,train,8dc54f14273227f6,jpeg50
0,coco_train_reals,real,none,train,8dc54f14273227f6,noise005
0,coco_train_reals,real,none,train,8dc54f14273227f6,crop08
0,coco_train_reals,real,none,train,9773b03252c08c17,clean
0,coco_train_reals,real,none,train,9773b03252c08c17,jpeg70
0,coco_train_reals,real,none,train,9773b03252c08c17,blur20
0,coco_train_reals,real,none,train,9773b03252c08c17,resize025
0,coco_train_reals,real,none,train,3edd660727e75c96,clean
0,coco_train_reals,real,none,train,3edd660727e75c96,jpeg50
0,coco_train_reals,real,none,train,3edd660727e75c96,noise005
0,coco_train_reals,real,none,train,3edd660727e75c96,jitter02
0,coco_train_reals,real,none,train,039ff90f3a56ea04,clean
0,coco_train_reals,real,none,train,039ff90f3a56ea04,jpeg70
0,coco_train_reals,real,none,train,039ff90f3a56ea04,blur10
0,coco_train_reals,real,none,train,039ff90f3a56ea04,blur20
0,coco_train_reals,real,none,train,64bda78b9c94e23c,clean
0,coco_train_reals,real,none,train,64bda78b9c94e23c,jpeg50
0,coco_train_reals,real,none,train,64bda78b9c94e23c,jpeg30
0,coco_train_reals,real,none,train,64bda78b9c94e23c,noise005
0,coco_train_reals,real,none,train,c1fcf46c608df1b2,clean
0,coco_train_reals,real,none,train,c1fcf46c608df1b2,jpeg90
0,coco_train_reals,real,none,train,c1fcf46c608df1b2,resize05
0,coco_train_reals,real,none,train,c1fcf46c608df1b2,noise005
0,coco_train_reals,real,none,train,ff6b92e03db2e418,clean
0,coco_train_reals,real,none,train,ff6b92e03db2e418,jpeg50
0,coco_train_reals,real,none,train,ff6b92e03db2e418,blur20
0,coco_train_reals,real,none,train,ff6b92e03db2e418,resize025
0,coco_train_reals,real,none,train,4d6cee6ef8e1a9f0,clean
0,coco_train_reals,real,none,train,4d6cee6ef8e1a9f0,jpeg50
0,coco_train_reals,real,none,train,4d6cee6ef8e1a9f0,blur05
0,coco_train_reals,real,none,train,4d6cee6ef8e1a9f0,noise002
0,coco_train_reals,real,none,train,791305a19d48697f,clean
0,coco_train_reals,real,none,train,791305a19d48697f,noise005
0,coco_train_reals,real,none,train,791305a19d48697f,noise01
0,coco_train_reals,real,none,train,791305a19d48697f,crop08
0,coco_train_reals,real,none,train,c7bb8799aaac7f38,clean
0,coco_train_reals,real,none,train,c7bb8799aaac7f38,jpeg90
0,coco_train_reals,real,none,train,c7bb8799aaac7f38,jpeg70
0,coco_train_reals,real,none,train,c7bb8799aaac7f38,resize025
0,coco_train_reals,real,none,train,a3f9d29b51a22313,clean
0,coco_train_reals,real,none,train,a3f9d29b51a22313,jpeg70
0,coco_train_reals,real,none,train,a3f9d29b51a22313,blur20
0,coco_train_reals,real,none,train,a3f9d29b51a22313,noise01
0,coco_train_reals,real,none,train,d4b89b7b84445f65,clean
0,coco_train_reals,real,none,train,d4b89b7b84445f65,jpeg70
0,coco_train_reals,real,none,train,d4b89b7b84445f65,blur05
0,coco_train_reals,real,none,train,d4b89b7b84445f65,resize05
0,coco_train_reals,real,none,train,d2bf50dcf72ec60d,clean
0,coco_train_reals,real,none,train,d2bf50dcf72ec60d,jpeg90
0,coco_train_reals,real,none,train,d2bf50dcf72ec60d,jpeg70
0,coco_train_reals,real,none,train,d2bf50dcf72ec60d,jitter02
0,coco_train_reals,real,none,train,58ac08416ce66e11,clean
0,coco_train_reals,real,none,train,58ac08416ce66e11,resize025
0,coco_train_reals,real,none,train,58ac08416ce66e11,noise002
0,coco_train_reals,real,none,train,58ac08416ce66e11,noise01
0,coco_train_reals,real,none,train,25a26e206823f29a,clean
0,coco_train_reals,real,none,train,25a26e206823f29a,jpeg90
0,coco_train_reals,real,none,train,25a26e206823f29a,jpeg70
0,coco_train_reals,real,none,train,25a26e206823f29a,blur20
0,coco_train_reals,real,none,train,38dd867a8a57bf93,clean
0,coco_train_reals,real,none,train,38dd867a8a57bf93,jpeg90
0,coco_train_reals,real,none,train,38dd867a8a57bf93,jpeg50
0,coco_train_reals,real,none,train,38dd867a8a57bf93,noise005
0,coco_train_reals,real,none,train,6df67ff678ac089a,clean
0,coco_train_reals,real,none,train,6df67ff678ac089a,blur20
0,coco_train_reals,real,none,train,6df67ff678ac089a,resize025
0,coco_train_reals,real,none,train,6df67ff678ac089a,noise01
0,coco_train_reals,real,none,train,e24e3e11e9d75061,clean
0,coco_train_reals,real,none,train,e24e3e11e9d75061,jpeg90
0,coco_train_reals,real,none,train,e24e3e11e9d75061,blur05
0,coco_train_reals,real,none,train,e24e3e11e9d75061,blur20
0,coco_train_reals,real,none,train,bdd2b8c7d5bc0bfb,clean
0,coco_train_reals,real,none,train,bdd2b8c7d5bc0bfb,jpeg70
0,coco_train_reals,real,none,train,bdd2b8c7d5bc0bfb,blur20
0,coco_train_reals,real,none,train,bdd2b8c7d5bc0bfb,jitter02
0,coco_train_reals,real,none,train,d3d0a1fd51bac8b7,clean
0,coco_train_reals,real,none,train,d3d0a1fd51bac8b7,blur20
0,coco_train_reals,real,none,train,d3d0a1fd51bac8b7,resize025
0,coco_train_reals,real,none,train,d3d0a1fd51bac8b7,noise002
0,coco_train_reals,real,none,train,d7bb2abf5c469aff,clean
0,coco_train_reals,real,none,train,d7bb2abf5c469aff,blur10
0,coco_train_reals,real,none,train,d7bb2abf5c469aff,resize05
0,coco_train_reals,real,none,train,d7bb2abf5c469aff,noise005
0,coco_train_reals,real,none,train,79b3cf4b5129edd4,clean
0,coco_train_reals,real,none,train,79b3cf4b5129edd4,jpeg70
0,coco_train_reals,real,none,train,79b3cf4b5129edd4,jpeg50
0,coco_train_reals,real,none,train,79b3cf4b5129edd4,noise005
0,coco_train_reals,real,none,train,ea1272860c186ebf,clean
0,coco_train_reals,real,none,train,ea1272860c186ebf,blur05
0,coco_train_reals,real,none,train,ea1272860c186ebf,resize025
0,coco_train_reals,real,none,train,ea1272860c186ebf,crop08
0,coco_train_reals,real,none,train,682594e9452b1fe9,clean
0,coco_train_reals,real,none,train,682594e9452b1fe9,jpeg50
0,coco_train_reals,real,none,train,682594e9452b1fe9,jitter02
0,coco_train_reals,real,none,train,682594e9452b1fe9,crop08
0,coco_train_reals,real,none,train,c8c670e9a271bad0,clean
0,coco_train_reals,real,none,train,c8c670e9a271bad0,jpeg70
0,coco_train_reals,real,none,train,c8c670e9a271bad0,resize025
0,coco_train_reals,real,none,train,c8c670e9a271bad0,crop08
0,coco_train_reals,real,none,train,10d51b7e14a34fec,clean
0,coco_train_reals,real,none,train,10d51b7e14a34fec,jpeg70
0,coco_train_reals,real,none,train,10d51b7e14a34fec,blur05
0,coco_train_reals,real,none,train,10d51b7e14a34fec,resize025
0,coco_train_reals,real,none,train,6f84aa1437085b24,clean
0,coco_train_reals,real,none,train,6f84aa1437085b24,jpeg70
0,coco_train_reals,real,none,train,6f84aa1437085b24,jpeg30
0,coco_train_reals,real,none,train,6f84aa1437085b24,noise002
0,coco_train_reals,real,none,train,bb2c58bbda639079,clean
0,coco_train_reals,real,none,train,bb2c58bbda639079,jpeg50
0,coco_train_reals,real,none,train,bb2c58bbda639079,resize05
0,coco_train_reals,real,none,train,bb2c58bbda639079,noise01
0,coco_train_reals,real,none,train,b57107c22a950ce7,clean
0,coco_train_reals,real,none,train,b57107c22a950ce7,jpeg90
0,coco_train_reals,real,none,train,b57107c22a950ce7,jpeg30
0,coco_train_reals,real,none,train,b57107c22a950ce7,jitter02
0,coco_train_reals,real,none,train,03d33029c405a8f3,clean
0,coco_train_reals,real,none,train,03d33029c405a8f3,jpeg30
0,coco_train_reals,real,none,train,03d33029c405a8f3,resize025
0,coco_train_reals,real,none,train,03d33029c405a8f3,noise01
0,coco_train_reals,real,none,train,dbfa404c447b87c6,clean
0,coco_train_reals,real,none,train,dbfa404c447b87c6,resize05
0,coco_train_reals,real,none,train,dbfa404c447b87c6,noise01
0,coco_train_reals,real,none,train,dbfa404c447b87c6,jitter02
0,coco_train_reals,real,none,train,f11c0af35d4504eb,clean
0,coco_train_reals,real,none,train,f11c0af35d4504eb,jpeg70
0,coco_train_reals,real,none,train,f11c0af35d4504eb,resize05
0,coco_train_reals,real,none,train,f11c0af35d4504eb,crop08
0,coco_train_reals,real,none,train,e2eb5f6f09f35f45,clean
0,coco_train_reals,real,none,train,e2eb5f6f09f35f45,jpeg50
0,coco_train_reals,real,none,train,e2eb5f6f09f35f45,jpeg30
0,coco_train_reals,real,none,train,e2eb5f6f09f35f45,resize025
0,coco_train_reals,real,none,train,6de7e5b4d5eeedaf,clean
0,coco_train_reals,real,none,train,6de7e5b4d5eeedaf,resize025
0,coco_train_reals,real,none,train,6de7e5b4d5eeedaf,noise005
0,coco_train_reals,real,none,train,6de7e5b4d5eeedaf,jitter02
0,coco_train_reals,real,none,train,fb3cecb30f187707,clean
0,coco_train_reals,real,none,train,fb3cecb30f187707,jpeg50
0,coco_train_reals,real,none,train,fb3cecb30f187707,blur05
0,coco_train_reals,real,none,train,fb3cecb30f187707,crop08
0,coco_train_reals,real,none,train,7f98f13a275599bd,clean
0,coco_train_reals,real,none,train,7f98f13a275599bd,blur05
0,coco_train_reals,real,none,train,7f98f13a275599bd,noise005
0,coco_train_reals,real,none,train,7f98f13a275599bd,crop08
0,coco_train_reals,real,none,train,955588ffef49cae4,clean
0,coco_train_reals,real,none,train,955588ffef49cae4,resize05
0,coco_train_reals,real,none,train,955588ffef49cae4,noise002
0,coco_train_reals,real,none,train,955588ffef49cae4,crop08
0,coco_train_reals,real,none,train,8253c2a72937fb65,clean
0,coco_train_reals,real,none,train,8253c2a72937fb65,jpeg70
0,coco_train_reals,real,none,train,8253c2a72937fb65,jpeg30
0,coco_train_reals,real,none,train,8253c2a72937fb65,noise01
0,coco_train_reals,real,none,train,31d70dd687811951,clean
0,coco_train_reals,real,none,train,31d70dd687811951,jpeg50
0,coco_train_reals,real,none,train,31d70dd687811951,jpeg30
0,coco_train_reals,real,none,train,31d70dd687811951,blur10
0,coco_train_reals,real,none,train,af8b0f15404fcdd4,clean
0,coco_train_reals,real,none,train,af8b0f15404fcdd4,jpeg90
0,coco_train_reals,real,none,train,af8b0f15404fcdd4,blur05
0,coco_train_reals,real,none,train,af8b0f15404fcdd4,resize05
0,coco_train_reals,real,none,train,a705bca05cc3b9f5,clean
0,coco_train_reals,real,none,train,a705bca05cc3b9f5,blur10
0,coco_train_reals,real,none,train,a705bca05cc3b9f5,resize05
0,coco_train_reals,real,none,train,a705bca05cc3b9f5,jitter02
0,coco_train_reals,real,none,train,6423d5f540b0f5de,clean
0,coco_train_reals,real,none,train,6423d5f540b0f5de,jpeg90
0,coco_train_reals,real,none,train,6423d5f540b0f5de,jpeg70
0,coco_train_reals,real,none,train,6423d5f540b0f5de,noise01
0,coco_train_reals,real,none,train,c9f3a00cd172bc94,clean
0,coco_train_reals,real,none,train,c9f3a00cd172bc94,blur05
0,coco_train_reals,real,none,train,c9f3a00cd172bc94,blur10
0,coco_train_reals,real,none,train,c9f3a00cd172bc94,crop08
0,coco_train_reals,real,none,train,a45ac317466c435f,clean
0,coco_train_reals,real,none,train,a45ac317466c435f,jpeg70
0,coco_train_reals,real,none,train,a45ac317466c435f,jpeg50
0,coco_train_reals,real,none,train,a45ac317466c435f,jpeg30
0,coco_train_reals,real,none,train,8cec8a33fa19fea6,clean
0,coco_train_reals,real,none,train,8cec8a33fa19fea6,jpeg70
0,coco_train_reals,real,none,train,8cec8a33fa19fea6,blur10
0,coco_train_reals,real,none,train,8cec8a33fa19fea6,noise005
0,coco_train_reals,real,none,train,7986f7b793e52a99,clean
0,coco_train_reals,real,none,train,7986f7b793e52a99,resize025
0,coco_train_reals,real,none,train,7986f7b793e52a99,noise005
0,coco_train_reals,real,none,train,7986f7b793e52a99,jitter02
0,coco_train_reals,real,none,train,fe76ec1ebf284180,clean
0,coco_train_reals,real,none,train,fe76ec1ebf284180,blur10
0,coco_train_reals,real,none,train,fe76ec1ebf284180,blur20
0,coco_train_reals,real,none,train,fe76ec1ebf284180,crop08
0,coco_train_reals,real,none,train,22492ac76a634c90,clean
0,coco_train_reals,real,none,train,22492ac76a634c90,jpeg90
0,coco_train_reals,real,none,train,22492ac76a634c90,jpeg70
0,coco_train_reals,real,none,train,22492ac76a634c90,jpeg50
0,coco_train_reals,real,none,train,d6c04925e62b44a6,clean
0,coco_train_reals,real,none,train,d6c04925e62b44a6,jpeg30
0,coco_train_reals,real,none,train,d6c04925e62b44a6,blur05
0,coco_train_reals,real,none,train,d6c04925e62b44a6,blur20
0,coco_train_reals,real,none,train,f0ea1bcf1a847c87,clean
0,coco_train_reals,real,none,train,f0ea1bcf1a847c87,noise005
0,coco_train_reals,real,none,train,f0ea1bcf1a847c87,jitter02
0,coco_train_reals,real,none,train,f0ea1bcf1a847c87,crop08
0,coco_train_reals,real,none,train,6568acf0af4458b3,clean
0,coco_train_reals,real,none,train,6568acf0af4458b3,jpeg50
0,coco_train_reals,real,none,train,6568acf0af4458b3,resize05
0,coco_train_reals,real,none,train,6568acf0af4458b3,noise01
0,coco_train_reals,real,none,train,546fae4a3ac7d21e,clean
0,coco_train_reals,real,none,train,546fae4a3ac7d21e,jpeg70
0,coco_train_reals,real,none,train,546fae4a3ac7d21e,blur10
0,coco_train_reals,real,none,train,546fae4a3ac7d21e,crop08
0,coco_train_reals,real,none,train,828b29addaedbf80,clean
0,coco_train_reals,real,none,train,828b29addaedbf80,jpeg30
0,coco_train_reals,real,none,train,828b29addaedbf80,noise005
0,coco_train_reals,real,none,train,828b29addaedbf80,noise01
0,coco_train_reals,real,none,train,575c8b7b034e552f,clean
0,coco_train_reals,real,none,train,575c8b7b034e552f,jpeg90
0,coco_train_reals,real,none,train,575c8b7b034e552f,jpeg70
0,coco_train_reals,real,none,train,575c8b7b034e552f,noise01
0,coco_train_reals,real,none,train,80de7e0f912f231c,clean
0,coco_train_reals,real,none,train,80de7e0f912f231c,blur05
0,coco_train_reals,real,none,train,80de7e0f912f231c,noise01
0,coco_train_reals,real,none,train,80de7e0f912f231c,crop08
0,coco_train_reals,real,none,train,f8bb32ee1e18b9aa,clean
0,coco_train_reals,real,none,train,f8bb32ee1e18b9aa,jpeg50
0,coco_train_reals,real,none,train,f8bb32ee1e18b9aa,blur20
0,coco_train_reals,real,none,train,f8bb32ee1e18b9aa,resize05
0,coco_train_reals,real,none,train,1ccbfee5b3e2402e,clean
0,coco_train_reals,real,none,train,1ccbfee5b3e2402e,jpeg50
0,coco_train_reals,real,none,train,1ccbfee5b3e2402e,noise002
0,coco_train_reals,real,none,train,1ccbfee5b3e2402e,noise01
0,coco_train_reals,real,none,train,5fe5a8ac05fb7aa8,clean
0,coco_train_reals,real,none,train,5fe5a8ac05fb7aa8,jpeg30
0,coco_train_reals,real,none,train,5fe5a8ac05fb7aa8,blur20
0,coco_train_reals,real,none,train,5fe5a8ac05fb7aa8,noise01
0,coco_train_reals,real,none,train,6da33c3356e09489,clean
0,coco_train_reals,real,none,train,6da33c3356e09489,jpeg50
0,coco_train_reals,real,none,train,6da33c3356e09489,resize05
0,coco_train_reals,real,none,train,6da33c3356e09489,noise002
0,coco_train_reals,real,none,train,922c368cbd5cf657,clean
0,coco_train_reals,real,none,train,922c368cbd5cf657,jpeg50
0,coco_train_reals,real,none,train,922c368cbd5cf657,noise002
0,coco_train_reals,real,none,train,922c368cbd5cf657,noise01
0,coco_train_reals,real,none,train,fdf7c865fcd34c78,clean
0,coco_train_reals,real,none,train,fdf7c865fcd34c78,jpeg70
0,coco_train_reals,real,none,train,fdf7c865fcd34c78,jpeg50
0,coco_train_reals,real,none,train,fdf7c865fcd34c78,noise005
0,coco_train_reals,real,none,train,59076dc015733d5e,clean
0,coco_train_reals,real,none,train,59076dc015733d5e,jpeg70
0,coco_train_reals,real,none,train,59076dc015733d5e,noise005
0,coco_train_reals,real,none,train,59076dc015733d5e,crop08
0,coco_train_reals,real,none,train,ff474dc4a93e2b7b,clean
0,coco_train_reals,real,none,train,ff474dc4a93e2b7b,blur05
0,coco_train_reals,real,none,train,ff474dc4a93e2b7b,blur20
0,coco_train_reals,real,none,train,ff474dc4a93e2b7b,crop08
0,coco_train_reals,real,none,train,0c44e20bd3308451,clean
0,coco_train_reals,real,none,train,0c44e20bd3308451,jpeg90
0,coco_train_reals,real,none,train,0c44e20bd3308451,blur20
0,coco_train_reals,real,none,train,0c44e20bd3308451,jitter02
0,coco_train_reals,real,none,train,6c2fd6a6d7f71449,clean
0,coco_train_reals,real,none,train,6c2fd6a6d7f71449,jpeg50
0,coco_train_reals,real,none,train,6c2fd6a6d7f71449,resize025
0,coco_train_reals,real,none,train,6c2fd6a6d7f71449,noise01
0,coco_train_reals,real,none,train,27775521d080399e,clean
0,coco_train_reals,real,none,train,27775521d080399e,jpeg70
0,coco_train_reals,real,none,train,27775521d080399e,jpeg30
0,coco_train_reals,real,none,train,27775521d080399e,noise005
0,coco_train_reals,real,none,train,b440c5c536219128,clean
0,coco_train_reals,real,none,train,b440c5c536219128,jpeg90
0,coco_train_reals,real,none,train,b440c5c536219128,jpeg50
0,coco_train_reals,real,none,train,b440c5c536219128,noise005
0,coco_train_reals,real,none,train,bfd539a7d9aac2ad,clean
0,coco_train_reals,real,none,train,bfd539a7d9aac2ad,jpeg50
0,coco_train_reals,real,none,train,bfd539a7d9aac2ad,jpeg30
0,coco_train_reals,real,none,train,bfd539a7d9aac2ad,jitter02
0,coco_train_reals,real,none,train,4e1b10d2ece88bb4,clean
0,coco_train_reals,real,none,train,4e1b10d2ece88bb4,blur20
0,coco_train_reals,real,none,train,4e1b10d2ece88bb4,resize025
0,coco_train_reals,real,none,train,4e1b10d2ece88bb4,noise002
0,coco_train_reals,real,none,train,a06ffb642f3bd308,clean
0,coco_train_reals,real,none,train,a06ffb642f3bd308,jpeg70
0,coco_train_reals,real,none,train,a06ffb642f3bd308,jpeg30
0,coco_train_reals,real,none,train,a06ffb642f3bd308,crop08
0,coco_train_reals,real,none,train,2254edaae3e5085d,clean
0,coco_train_reals,real,none,train,2254edaae3e5085d,jpeg90
0,coco_train_reals,real,none,train,2254edaae3e5085d,blur10
0,coco_train_reals,real,none,train,2254edaae3e5085d,blur20
0,coco_train_reals,real,none,train,566fdc7a923aad66,clean
0,coco_train_reals,real,none,train,566fdc7a923aad66,jpeg70
0,coco_train_reals,real,none,train,566fdc7a923aad66,resize05
0,coco_train_reals,real,none,train,566fdc7a923aad66,noise002
0,coco_train_reals,real,none,train,c205f2c08878fc30,clean
0,coco_train_reals,real,none,train,c205f2c08878fc30,jpeg50
0,coco_train_reals,real,none,train,c205f2c08878fc30,blur10
0,coco_train_reals,real,none,train,c205f2c08878fc30,resize05
0,coco_train_reals,real,none,train,e6b7ec814fdd8eac,clean
0,coco_train_reals,real,none,train,e6b7ec814fdd8eac,jpeg30
0,coco_train_reals,real,none,train,e6b7ec814fdd8eac,resize05
0,coco_train_reals,real,none,train,e6b7ec814fdd8eac,noise005
0,coco_train_reals,real,none,train,f145bf01e47ea340,clean
0,coco_train_reals,real,none,train,f145bf01e47ea340,jpeg70
0,coco_train_reals,real,none,train,f145bf01e47ea340,jpeg30
0,coco_train_reals,real,none,train,f145bf01e47ea340,noise01
0,coco_train_reals,real,none,train,a91144356ba48cd9,clean
0,coco_train_reals,real,none,train,a91144356ba48cd9,jpeg90
0,coco_train_reals,real,none,train,a91144356ba48cd9,jpeg30
0,coco_train_reals,real,none,train,a91144356ba48cd9,jitter02
0,coco_train_reals,real,none,train,f6203d54c957358d,clean
0,coco_train_reals,real,none,train,f6203d54c957358d,jpeg90
0,coco_train_reals,real,none,train,f6203d54c957358d,resize025
0,coco_train_reals,real,none,train,f6203d54c957358d,noise005
0,coco_train_reals,real,none,train,e616a1681958aa51,clean
0,coco_train_reals,real,none,train,e616a1681958aa51,blur10
0,coco_train_reals,real,none,train,e616a1681958aa51,resize025
0,coco_train_reals,real,none,train,e616a1681958aa51,jitter02
0,coco_train_reals,real,none,train,0eca4703d17f70a7,clean
0,coco_train_reals,real,none,train,0eca4703d17f70a7,jpeg50
0,coco_train_reals,real,none,train,0eca4703d17f70a7,blur05
0,coco_train_reals,real,none,train,0eca4703d17f70a7,blur20
0,coco_train_reals,real,none,train,27908fc509301dbf,clean
0,coco_train_reals,real,none,train,27908fc509301dbf,blur10
0,coco_train_reals,real,none,train,27908fc509301dbf,jitter02
0,coco_train_reals,real,none,train,27908fc509301dbf,crop08
0,coco_train_reals,real,none,train,0a0ecac13e2face7,clean
0,coco_train_reals,real,none,train,0a0ecac13e2face7,resize05
0,coco_train_reals,real,none,train,0a0ecac13e2face7,resize025
0,coco_train_reals,real,none,train,0a0ecac13e2face7,noise002
0,coco_train_reals,real,none,train,6ef46a454f172c74,clean
0,coco_train_reals,real,none,train,6ef46a454f172c74,blur10
0,coco_train_reals,real,none,train,6ef46a454f172c74,blur20
0,coco_train_reals,real,none,train,6ef46a454f172c74,noise002
0,coco_train_reals,real,none,train,8283175f82550ad0,clean
0,coco_train_reals,real,none,train,8283175f82550ad0,jpeg30
0,coco_train_reals,real,none,train,8283175f82550ad0,resize025
0,coco_train_reals,real,none,train,8283175f82550ad0,jitter02
0,coco_train_reals,real,none,train,55b39947df312942,clean
0,coco_train_reals,real,none,train,55b39947df312942,blur10
0,coco_train_reals,real,none,train,55b39947df312942,blur20
0,coco_train_reals,real,none,train,55b39947df312942,noise002
0,coco_train_reals,real,none,train,5e320d9141c4bb75,clean
0,coco_train_reals,real,none,train,5e320d9141c4bb75,jpeg90
0,coco_train_reals,real,none,train,5e320d9141c4bb75,blur20
0,coco_train_reals,real,none,train,5e320d9141c4bb75,noise01
0,coco_train_reals,real,none,train,918e4b8acdd823bf,clean
0,coco_train_reals,real,none,train,918e4b8acdd823bf,resize05
0,coco_train_reals,real,none,train,918e4b8acdd823bf,jitter02
0,coco_train_reals,real,none,train,918e4b8acdd823bf,crop08
0,coco_train_reals,real,none,train,c7fbeee59d327f8f,clean
0,coco_train_reals,real,none,train,c7fbeee59d327f8f,jpeg50
0,coco_train_reals,real,none,train,c7fbeee59d327f8f,jpeg30
0,coco_train_reals,real,none,train,c7fbeee59d327f8f,blur10
0,coco_train_reals,real,none,train,60bbee2dfe5ca2bb,clean
0,coco_train_reals,real,none,train,60bbee2dfe5ca2bb,jpeg90
0,coco_train_reals,real,none,train,60bbee2dfe5ca2bb,blur05
0,coco_train_reals,real,none,train,60bbee2dfe5ca2bb,blur10
0,coco_train_reals,real,none,train,be44f102709689ee,clean
0,coco_train_reals,real,none,train,be44f102709689ee,jpeg90
0,coco_train_reals,real,none,train,be44f102709689ee,noise005
0,coco_train_reals,real,none,train,be44f102709689ee,jitter02
0,coco_train_reals,real,none,train,861bddaf74d62cb4,clean
0,coco_train_reals,real,none,train,861bddaf74d62cb4,jpeg70
0,coco_train_reals,real,none,train,861bddaf74d62cb4,jpeg30
0,coco_train_reals,real,none,train,861bddaf74d62cb4,jitter02
0,coco_train_reals,real,none,train,eb8cc158e171b93f,clean
0,coco_train_reals,real,none,train,eb8cc158e171b93f,jpeg90
0,coco_train_reals,real,none,train,eb8cc158e171b93f,blur20
0,coco_train_reals,real,none,train,eb8cc158e171b93f,resize025
0,coco_train_reals,real,none,train,8e6ccbb684cbaa56,clean
0,coco_train_reals,real,none,train,8e6ccbb684cbaa56,blur20
0,coco_train_reals,real,none,train,8e6ccbb684cbaa56,resize05
0,coco_train_reals,real,none,train,8e6ccbb684cbaa56,noise01
0,coco_train_reals,real,none,train,9592c13233b5a6ee,clean
0,coco_train_reals,real,none,train,9592c13233b5a6ee,jpeg50
0,coco_train_reals,real,none,train,9592c13233b5a6ee,blur10
0,coco_train_reals,real,none,train,9592c13233b5a6ee,resize025
0,coco_train_reals,real,none,train,39c637b1f2f4b7b2,clean
0,coco_train_reals,real,none,train,39c637b1f2f4b7b2,jpeg90
0,coco_train_reals,real,none,train,39c637b1f2f4b7b2,noise005
0,coco_train_reals,real,none,train,39c637b1f2f4b7b2,noise01
0,coco_train_reals,real,none,train,23e10dd83caad8f2,clean
0,coco_train_reals,real,none,train,23e10dd83caad8f2,jpeg90
0,coco_train_reals,real,none,train,23e10dd83caad8f2,blur05
0,coco_train_reals,real,none,train,23e10dd83caad8f2,noise01
0,coco_train_reals,real,none,train,02556442c6766165,clean
0,coco_train_reals,real,none,train,02556442c6766165,jpeg90
0,coco_train_reals,real,none,train,02556442c6766165,noise002
0,coco_train_reals,real,none,train,02556442c6766165,noise005
0,coco_train_reals,real,none,train,3a85b2b938b36755,clean
0,coco_train_reals,real,none,train,3a85b2b938b36755,resize025
0,coco_train_reals,real,none,train,3a85b2b938b36755,noise01
0,coco_train_reals,real,none,train,3a85b2b938b36755,crop08
0,coco_train_reals,real,none,train,9c719604a1803961,clean
0,coco_train_reals,real,none,train,9c719604a1803961,blur20
0,coco_train_reals,real,none,train,9c719604a1803961,resize025
0,coco_train_reals,real,none,train,9c719604a1803961,noise005
0,coco_train_reals,real,none,train,b4f754e8a9cf3f66,clean
0,coco_train_reals,real,none,train,b4f754e8a9cf3f66,jpeg30
0,coco_train_reals,real,none,train,b4f754e8a9cf3f66,blur10
0,coco_train_reals,real,none,train,b4f754e8a9cf3f66,noise002
0,coco_train_reals,real,none,train,2a8ceb8d82515108,clean
0,coco_train_reals,real,none,train,2a8ceb8d82515108,jpeg50
0,coco_train_reals,real,none,train,2a8ceb8d82515108,resize025
0,coco_train_reals,real,none,train,2a8ceb8d82515108,crop08
0,coco_train_reals,real,none,train,38f64b5469951fb7,clean
0,coco_train_reals,real,none,train,38f64b5469951fb7,jpeg70
0,coco_train_reals,real,none,train,38f64b5469951fb7,jpeg50
0,coco_train_reals,real,none,train,38f64b5469951fb7,resize05
0,coco_train_reals,real,none,train,ca940d8e494afee3,clean
0,coco_train_reals,real,none,train,ca940d8e494afee3,jpeg30
0,coco_train_reals,real,none,train,ca940d8e494afee3,resize025
0,coco_train_reals,real,none,train,ca940d8e494afee3,noise005
0,coco_train_reals,real,none,train,3d675e6430234cba,clean
0,coco_train_reals,real,none,train,3d675e6430234cba,jpeg90
0,coco_train_reals,real,none,train,3d675e6430234cba,resize05
0,coco_train_reals,real,none,train,3d675e6430234cba,noise01
0,coco_train_reals,real,none,train,6eb95c8beff8e70e,clean
0,coco_train_reals,real,none,train,6eb95c8beff8e70e,jpeg70
0,coco_train_reals,real,none,train,6eb95c8beff8e70e,resize025
0,coco_train_reals,real,none,train,6eb95c8beff8e70e,crop08
0,coco_train_reals,real,none,train,54966ded2391ea12,clean
0,coco_train_reals,real,none,train,54966ded2391ea12,blur10
0,coco_train_reals,real,none,train,54966ded2391ea12,blur20
0,coco_train_reals,real,none,train,54966ded2391ea12,noise005
0,coco_train_reals,real,none,train,01a707d34e0a9d12,clean
0,coco_train_reals,real,none,train,01a707d34e0a9d12,blur20
0,coco_train_reals,real,none,train,01a707d34e0a9d12,noise005
0,coco_train_reals,real,none,train,01a707d34e0a9d12,noise01
0,coco_train_reals,real,none,train,7b63d04b9a5ec903,clean
0,coco_train_reals,real,none,train,7b63d04b9a5ec903,blur20
0,coco_train_reals,real,none,train,7b63d04b9a5ec903,noise005
0,coco_train_reals,real,none,train,7b63d04b9a5ec903,noise01
0,coco_train_reals,real,none,train,8473c1a336c87eee,clean
0,coco_train_reals,real,none,train,8473c1a336c87eee,blur05
0,coco_train_reals,real,none,train,8473c1a336c87eee,resize05
0,coco_train_reals,real,none,train,8473c1a336c87eee,crop08
0,coco_train_reals,real,none,train,ef3b932836434773,clean
0,coco_train_reals,real,none,train,ef3b932836434773,jpeg50
0,coco_train_reals,real,none,train,ef3b932836434773,blur20
0,coco_train_reals,real,none,train,ef3b932836434773,resize05
0,coco_train_reals,real,none,train,d51ef76653884ad4,clean
0,coco_train_reals,real,none,train,d51ef76653884ad4,jpeg50
0,coco_train_reals,real,none,train,d51ef76653884ad4,resize025
0,coco_train_reals,real,none,train,d51ef76653884ad4,crop08
0,coco_train_reals,real,none,train,affbff07c6fd2140,clean
0,coco_train_reals,real,none,train,affbff07c6fd2140,jpeg30
0,coco_train_reals,real,none,train,affbff07c6fd2140,blur20
0,coco_train_reals,real,none,train,affbff07c6fd2140,jitter02
0,coco_train_reals,real,none,train,f59f09804f4a903a,clean
0,coco_train_reals,real,none,train,f59f09804f4a903a,jpeg50
0,coco_train_reals,real,none,train,f59f09804f4a903a,resize025
0,coco_train_reals,real,none,train,f59f09804f4a903a,noise002
0,coco_train_reals,real,none,train,58ebdb8763817143,clean
0,coco_train_reals,real,none,train,58ebdb8763817143,jpeg90
0,coco_train_reals,real,none,train,58ebdb8763817143,blur10
0,coco_train_reals,real,none,train,58ebdb8763817143,blur20
0,coco_train_reals,real,none,train,18afd36bf26663e9,clean
0,coco_train_reals,real,none,train,18afd36bf26663e9,blur10
0,coco_train_reals,real,none,train,18afd36bf26663e9,noise002
0,coco_train_reals,real,none,train,18afd36bf26663e9,noise01
0,coco_train_reals,real,none,train,2bd836b30a9f2ba7,clean
0,coco_train_reals,real,none,train,2bd836b30a9f2ba7,jpeg30
0,coco_train_reals,real,none,train,2bd836b30a9f2ba7,blur10
0,coco_train_reals,real,none,train,2bd836b30a9f2ba7,jitter02
0,coco_train_reals,real,none,train,c6604f9180205cc5,clean
0,coco_train_reals,real,none,train,c6604f9180205cc5,jpeg90
0,coco_train_reals,real,none,train,c6604f9180205cc5,jpeg70
0,coco_train_reals,real,none,train,c6604f9180205cc5,noise005
0,coco_train_reals,real,none,train,d809b66426ba95e8,clean
0,coco_train_reals,real,none,train,d809b66426ba95e8,resize025
0,coco_train_reals,real,none,train,d809b66426ba95e8,noise005
0,coco_train_reals,real,none,train,d809b66426ba95e8,jitter02
0,coco_train_reals,real,none,train,74f095e3363fbea6,clean
0,coco_train_reals,real,none,train,74f095e3363fbea6,jpeg50
0,coco_train_reals,real,none,train,74f095e3363fbea6,resize05
0,coco_train_reals,real,none,train,74f095e3363fbea6,noise002
0,coco_train_reals,real,none,train,f765dd56dddeb2ad,clean
0,coco_train_reals,real,none,train,f765dd56dddeb2ad,jpeg30
0,coco_train_reals,real,none,train,f765dd56dddeb2ad,noise002
0,coco_train_reals,real,none,train,f765dd56dddeb2ad,crop08
0,coco_train_reals,real,none,train,64a2d5bc751e4395,clean
0,coco_train_reals,real,none,train,64a2d5bc751e4395,jpeg70
0,coco_train_reals,real,none,train,64a2d5bc751e4395,blur05
0,coco_train_reals,real,none,train,64a2d5bc751e4395,jitter02
0,coco_train_reals,real,none,train,1b55fd1a5dc3173c,clean
0,coco_train_reals,real,none,train,1b55fd1a5dc3173c,jpeg70
0,coco_train_reals,real,none,train,1b55fd1a5dc3173c,resize025
0,coco_train_reals,real,none,train,1b55fd1a5dc3173c,noise005
0,coco_train_reals,real,none,train,bb99eb75723e316a,clean
0,coco_train_reals,real,none,train,bb99eb75723e316a,jpeg90
0,coco_train_reals,real,none,train,bb99eb75723e316a,blur10
0,coco_train_reals,real,none,train,bb99eb75723e316a,noise005
0,coco_train_reals,real,none,train,53b1863f16938c97,clean
0,coco_train_reals,real,none,train,53b1863f16938c97,jpeg70
0,coco_train_reals,real,none,train,53b1863f16938c97,blur20
0,coco_train_reals,real,none,train,53b1863f16938c97,noise002
0,coco_train_reals,real,none,train,1c52fe339b11be5d,clean
0,coco_train_reals,real,none,train,1c52fe339b11be5d,resize05
0,coco_train_reals,real,none,train,1c52fe339b11be5d,noise002
0,coco_train_reals,real,none,train,1c52fe339b11be5d,crop08
0,coco_train_reals,real,none,train,b33cd45453d62974,clean
0,coco_train_reals,real,none,train,b33cd45453d62974,jpeg30
0,coco_train_reals,real,none,train,b33cd45453d62974,noise01
0,coco_train_reals,real,none,train,b33cd45453d62974,jitter02
0,coco_train_reals,real,none,train,2db9084463427374,clean
0,coco_train_reals,real,none,train,2db9084463427374,jpeg90
0,coco_train_reals,real,none,train,2db9084463427374,resize025
0,coco_train_reals,real,none,train,2db9084463427374,jitter02
0,coco_train_reals,real,none,train,03bff81eef11f9a2,clean
0,coco_train_reals,real,none,train,03bff81eef11f9a2,jpeg90
0,coco_train_reals,real,none,train,03bff81eef11f9a2,jpeg30
0,coco_train_reals,real,none,train,03bff81eef11f9a2,noise005
0,coco_train_reals,real,none,train,8a0f24525ed9722e,clean
0,coco_train_reals,real,none,train,8a0f24525ed9722e,jpeg70
0,coco_train_reals,real,none,train,8a0f24525ed9722e,blur10
0,coco_train_reals,real,none,train,8a0f24525ed9722e,crop08
0,coco_train_reals,real,none,train,0fedba5b2bcc7b8b,clean
0,coco_train_reals,real,none,train,0fedba5b2bcc7b8b,jpeg90
0,coco_train_reals,real,none,train,0fedba5b2bcc7b8b,blur10
0,coco_train_reals,real,none,train,0fedba5b2bcc7b8b,jitter02
0,coco_train_reals,real,none,train,ef3864a69e888747,clean
0,coco_train_reals,real,none,train,ef3864a69e888747,jpeg50
0,coco_train_reals,real,none,train,ef3864a69e888747,resize025
0,coco_train_reals,real,none,train,ef3864a69e888747,noise005
0,coco_train_reals,real,none,train,7961a27c3eec9123,clean
0,coco_train_reals,real,none,train,7961a27c3eec9123,jpeg50
0,coco_train_reals,real,none,train,7961a27c3eec9123,noise005
0,coco_train_reals,real,none,train,7961a27c3eec9123,noise01
0,coco_train_reals,real,none,train,85874bf1ee23c77a,clean
0,coco_train_reals,real,none,train,85874bf1ee23c77a,jpeg90
0,coco_train_reals,real,none,train,85874bf1ee23c77a,resize025
0,coco_train_reals,real,none,train,85874bf1ee23c77a,noise01
0,coco_train_reals,real,none,train,eda5f6501b4785c0,clean
0,coco_train_reals,real,none,train,eda5f6501b4785c0,blur10
0,coco_train_reals,real,none,train,eda5f6501b4785c0,resize025
0,coco_train_reals,real,none,train,eda5f6501b4785c0,noise005
0,coco_train_reals,real,none,train,a144ed2cf514b20c,clean
0,coco_train_reals,real,none,train,a144ed2cf514b20c,jpeg50
0,coco_train_reals,real,none,train,a144ed2cf514b20c,blur10
0,coco_train_reals,real,none,train,a144ed2cf514b20c,blur20
0,coco_train_reals,real,none,train,a49b904408b7140d,clean
0,coco_train_reals,real,none,train,a49b904408b7140d,blur10
0,coco_train_reals,real,none,train,a49b904408b7140d,blur20
0,coco_train_reals,real,none,train,a49b904408b7140d,noise005
0,coco_train_reals,real,none,train,69e1ae6728cb6f99,clean
0,coco_train_reals,real,none,train,69e1ae6728cb6f99,blur10
0,coco_train_reals,real,none,train,69e1ae6728cb6f99,resize025
0,coco_train_reals,real,none,train,69e1ae6728cb6f99,noise002
0,coco_train_reals,real,none,train,e224be1460e32501,clean
0,coco_train_reals,real,none,train,e224be1460e32501,blur10
0,coco_train_reals,real,none,train,e224be1460e32501,blur20
0,coco_train_reals,real,none,train,e224be1460e32501,resize025
0,coco_train_reals,real,none,train,a1e8582acae03feb,clean
0,coco_train_reals,real,none,train,a1e8582acae03feb,jpeg50
0,coco_train_reals,real,none,train,a1e8582acae03feb,resize05
0,coco_train_reals,real,none,train,a1e8582acae03feb,noise01
0,coco_train_reals,real,none,train,318cd17b01ec2dfc,clean
0,coco_train_reals,real,none,train,318cd17b01ec2dfc,jpeg50
0,coco_train_reals,real,none,train,318cd17b01ec2dfc,blur10
0,coco_train_reals,real,none,train,318cd17b01ec2dfc,noise01
0,coco_train_reals,real,none,train,9e3fe9d61bd1b4bf,clean
0,coco_train_reals,real,none,train,9e3fe9d61bd1b4bf,jpeg70
0,coco_train_reals,real,none,train,9e3fe9d61bd1b4bf,jpeg30
0,coco_train_reals,real,none,train,9e3fe9d61bd1b4bf,blur05
0,coco_train_reals,real,none,train,9c7011cfdbf9e4da,clean
0,coco_train_reals,real,none,train,9c7011cfdbf9e4da,jpeg50
0,coco_train_reals,real,none,train,9c7011cfdbf9e4da,blur20
0,coco_train_reals,real,none,train,9c7011cfdbf9e4da,noise002
0,coco_train_reals,real,none,train,87db100e2cca5984,clean
0,coco_train_reals,real,none,train,87db100e2cca5984,jpeg30
0,coco_train_reals,real,none,train,87db100e2cca5984,blur20
0,coco_train_reals,real,none,train,87db100e2cca5984,resize025
0,coco_train_reals,real,none,train,7aa078645d4d3112,clean
0,coco_train_reals,real,none,train,7aa078645d4d3112,blur10
0,coco_train_reals,real,none,train,7aa078645d4d3112,resize05
0,coco_train_reals,real,none,train,7aa078645d4d3112,noise01
0,coco_train_reals,real,none,train,fc82571c8bcabd5e,clean
0,coco_train_reals,real,none,train,fc82571c8bcabd5e,jpeg90
0,coco_train_reals,real,none,train,fc82571c8bcabd5e,noise005
0,coco_train_reals,real,none,train,fc82571c8bcabd5e,noise01
0,coco_train_reals,real,none,train,adf01d3de33c6f16,clean
0,coco_train_reals,real,none,train,adf01d3de33c6f16,blur05
0,coco_train_reals,real,none,train,adf01d3de33c6f16,blur20
0,coco_train_reals,real,none,train,adf01d3de33c6f16,noise005
0,coco_train_reals,real,none,train,da45a148b9c7d17d,clean
0,coco_train_reals,real,none,train,da45a148b9c7d17d,blur05
0,coco_train_reals,real,none,train,da45a148b9c7d17d,blur10
0,coco_train_reals,real,none,train,da45a148b9c7d17d,jitter02
0,coco_train_reals,real,none,train,64d4db978e9e44ab,clean
0,coco_train_reals,real,none,train,64d4db978e9e44ab,jpeg90
0,coco_train_reals,real,none,train,64d4db978e9e44ab,blur20
0,coco_train_reals,real,none,train,64d4db978e9e44ab,crop08
0,coco_train_reals,real,none,train,c830f3f794c89578,clean
0,coco_train_reals,real,none,train,c830f3f794c89578,jpeg90
0,coco_train_reals,real,none,train,c830f3f794c89578,noise005
0,coco_train_reals,real,none,train,c830f3f794c89578,noise01
0,coco_train_reals,real,none,train,e4a73f88a46d8210,clean
0,coco_train_reals,real,none,train,e4a73f88a46d8210,blur10
0,coco_train_reals,real,none,train,e4a73f88a46d8210,noise002
0,coco_train_reals,real,none,train,e4a73f88a46d8210,jitter02
0,coco_train_reals,real,none,train,1578e0600b16a33a,clean
0,coco_train_reals,real,none,train,1578e0600b16a33a,jpeg90
0,coco_train_reals,real,none,train,1578e0600b16a33a,jpeg50
0,coco_train_reals,real,none,train,1578e0600b16a33a,crop08
0,coco_train_reals,real,none,train,b614d09c52a6296a,clean
0,coco_train_reals,real,none,train,b614d09c52a6296a,jpeg90
0,coco_train_reals,real,none,train,b614d09c52a6296a,jpeg30
0,coco_train_reals,real,none,train,b614d09c52a6296a,jitter02
0,coco_train_reals,real,none,train,2b22c94f78ba94ef,clean
0,coco_train_reals,real,none,train,2b22c94f78ba94ef,jpeg70
0,coco_train_reals,real,none,train,2b22c94f78ba94ef,resize05
0,coco_train_reals,real,none,train,2b22c94f78ba94ef,resize025
0,coco_train_reals,real,none,train,c5b102afbf571228,clean
0,coco_train_reals,real,none,train,c5b102afbf571228,jpeg90
0,coco_train_reals,real,none,train,c5b102afbf571228,noise01
0,coco_train_reals,real,none,train,c5b102afbf571228,jitter02
0,coco_train_reals,real,none,train,27b5ea41a7ef84c3,clean
0,coco_train_reals,real,none,train,27b5ea41a7ef84c3,jpeg50
0,coco_train_reals,real,none,train,27b5ea41a7ef84c3,jpeg30
0,coco_train_reals,real,none,train,27b5ea41a7ef84c3,blur20
0,coco_train_reals,real,none,train,08ecd5a512a16cb0,clean
0,coco_train_reals,real,none,train,08ecd5a512a16cb0,jpeg50
0,coco_train_reals,real,none,train,08ecd5a512a16cb0,jpeg30
0,coco_train_reals,real,none,train,08ecd5a512a16cb0,noise01
0,coco_train_reals,real,none,train,6e864b8da0c2630a,clean
0,coco_train_reals,real,none,train,6e864b8da0c2630a,jpeg90
0,coco_train_reals,real,none,train,6e864b8da0c2630a,jpeg50
0,coco_train_reals,real,none,train,6e864b8da0c2630a,noise01
0,coco_train_reals,real,none,train,892cee727075e9f9,clean
0,coco_train_reals,real,none,train,892cee727075e9f9,jpeg30
0,coco_train_reals,real,none,train,892cee727075e9f9,blur10
0,coco_train_reals,real,none,train,892cee727075e9f9,resize025
0,coco_train_reals,real,none,train,9858115b16961c15,clean
0,coco_train_reals,real,none,train,9858115b16961c15,jpeg90
0,coco_train_reals,real,none,train,9858115b16961c15,jpeg50
0,coco_train_reals,real,none,train,9858115b16961c15,resize05
0,coco_train_reals,real,none,train,d31f8e84eb76866b,clean
0,coco_train_reals,real,none,train,d31f8e84eb76866b,blur20
0,coco_train_reals,real,none,train,d31f8e84eb76866b,resize025
0,coco_train_reals,real,none,train,d31f8e84eb76866b,noise01
0,coco_train_reals,real,none,train,15196134de01600c,clean
0,coco_train_reals,real,none,train,15196134de01600c,resize05
0,coco_train_reals,real,none,train,15196134de01600c,noise002
0,coco_train_reals,real,none,train,15196134de01600c,jitter02
0,coco_train_reals,real,none,train,61172ca10127109b,clean
0,coco_train_reals,real,none,train,61172ca10127109b,jpeg90
0,coco_train_reals,real,none,train,61172ca10127109b,resize05
0,coco_train_reals,real,none,train,61172ca10127109b,jitter02
0,coco_train_reals,real,none,train,2bc9b78c28b0eb0f,clean
0,coco_train_reals,real,none,train,2bc9b78c28b0eb0f,jpeg90
0,coco_train_reals,real,none,train,2bc9b78c28b0eb0f,noise002
0,coco_train_reals,real,none,train,2bc9b78c28b0eb0f,noise01
0,coco_train_reals,real,none,train,dd819d57c6d3cf5d,clean
0,coco_train_reals,real,none,train,dd819d57c6d3cf5d,jpeg70
0,coco_train_reals,real,none,train,dd819d57c6d3cf5d,jitter02
0,coco_train_reals,real,none,train,dd819d57c6d3cf5d,crop08
0,coco_train_reals,real,none,train,63c2d294ed733e20,clean
0,coco_train_reals,real,none,train,63c2d294ed733e20,jpeg90
0,coco_train_reals,real,none,train,63c2d294ed733e20,jpeg30
0,coco_train_reals,real,none,train,63c2d294ed733e20,jitter02
0,coco_train_reals,real,none,train,9add5771eff6bc9c,clean
0,coco_train_reals,real,none,train,9add5771eff6bc9c,jpeg70
0,coco_train_reals,real,none,train,9add5771eff6bc9c,blur05
0,coco_train_reals,real,none,train,9add5771eff6bc9c,blur10
0,coco_train_reals,real,none,train,aed577d43b7cc4e9,clean
0,coco_train_reals,real,none,train,aed577d43b7cc4e9,resize05
0,coco_train_reals,real,none,train,aed577d43b7cc4e9,noise01
0,coco_train_reals,real,none,train,aed577d43b7cc4e9,jitter02
0,coco_train_reals,real,none,train,1d6f27ce643bf4c2,clean
0,coco_train_reals,real,none,train,1d6f27ce643bf4c2,jpeg50
0,coco_train_reals,real,none,train,1d6f27ce643bf4c2,blur10
0,coco_train_reals,real,none,train,1d6f27ce643bf4c2,jitter02
0,coco_train_reals,real,none,train,08d64067856caf55,clean
0,coco_train_reals,real,none,train,08d64067856caf55,blur10
0,coco_train_reals,real,none,train,08d64067856caf55,noise005
0,coco_train_reals,real,none,train,08d64067856caf55,noise01
0,coco_train_reals,real,none,train,ba0bacef7dcd1f21,clean
0,coco_train_reals,real,none,train,ba0bacef7dcd1f21,jpeg90
0,coco_train_reals,real,none,train,ba0bacef7dcd1f21,jpeg70
0,coco_train_reals,real,none,train,ba0bacef7dcd1f21,jitter02
0,coco_train_reals,real,none,train,03c1665fac43e91c,clean
0,coco_train_reals,real,none,train,03c1665fac43e91c,blur10
0,coco_train_reals,real,none,train,03c1665fac43e91c,resize025
0,coco_train_reals,real,none,train,03c1665fac43e91c,jitter02
0,coco_train_reals,real,none,train,7a2ab2e4a848ec5e,clean
0,coco_train_reals,real,none,train,7a2ab2e4a848ec5e,jpeg90
0,coco_train_reals,real,none,train,7a2ab2e4a848ec5e,jpeg50
0,coco_train_reals,real,none,train,7a2ab2e4a848ec5e,crop08
0,coco_train_reals,real,none,train,4b6c707319abf35d,clean
0,coco_train_reals,real,none,train,4b6c707319abf35d,jpeg90
0,coco_train_reals,real,none,train,4b6c707319abf35d,blur20
0,coco_train_reals,real,none,train,4b6c707319abf35d,resize05
0,coco_train_reals,real,none,train,c05b77f3a0032df8,clean
0,coco_train_reals,real,none,train,c05b77f3a0032df8,jpeg30
0,coco_train_reals,real,none,train,c05b77f3a0032df8,noise002
0,coco_train_reals,real,none,train,c05b77f3a0032df8,noise005
0,coco_train_reals,real,none,train,710f9b4e32e0985a,clean
0,coco_train_reals,real,none,train,710f9b4e32e0985a,jpeg30
0,coco_train_reals,real,none,train,710f9b4e32e0985a,resize025
0,coco_train_reals,real,none,train,710f9b4e32e0985a,noise005
0,coco_train_reals,real,none,train,21c92cd2b0e99d00,clean
0,coco_train_reals,real,none,train,21c92cd2b0e99d00,jpeg70
0,coco_train_reals,real,none,train,21c92cd2b0e99d00,blur05
0,coco_train_reals,real,none,train,21c92cd2b0e99d00,jitter02
0,coco_train_reals,real,none,train,85c7df3563621971,clean
0,coco_train_reals,real,none,train,85c7df3563621971,blur10
0,coco_train_reals,real,none,train,85c7df3563621971,resize05
0,coco_train_reals,real,none,train,85c7df3563621971,noise002
0,coco_train_reals,real,none,train,b97841c90937c8a4,clean
0,coco_train_reals,real,none,train,b97841c90937c8a4,jpeg70
0,coco_train_reals,real,none,train,b97841c90937c8a4,blur05
0,coco_train_reals,real,none,train,b97841c90937c8a4,crop08
0,coco_train_reals,real,none,train,a1d6c21d5800bd98,clean
0,coco_train_reals,real,none,train,a1d6c21d5800bd98,jpeg30
0,coco_train_reals,real,none,train,a1d6c21d5800bd98,blur05
0,coco_train_reals,real,none,train,a1d6c21d5800bd98,noise01
0,coco_train_reals,real,none,train,29116c0426774d5f,clean
0,coco_train_reals,real,none,train,29116c0426774d5f,blur05
0,coco_train_reals,real,none,train,29116c0426774d5f,blur10
0,coco_train_reals,real,none,train,29116c0426774d5f,noise005
0,coco_train_reals,real,none,train,fddd17209c4d4fb1,clean
0,coco_train_reals,real,none,train,fddd17209c4d4fb1,jpeg90
0,coco_train_reals,real,none,train,fddd17209c4d4fb1,resize025
0,coco_train_reals,real,none,train,fddd17209c4d4fb1,noise01
0,coco_train_reals,real,none,train,919990045aeb1f89,clean
0,coco_train_reals,real,none,train,919990045aeb1f89,blur10
0,coco_train_reals,real,none,train,919990045aeb1f89,noise002
0,coco_train_reals,real,none,train,919990045aeb1f89,crop08
0,coco_train_reals,real,none,train,260251404120b497,clean
0,coco_train_reals,real,none,train,260251404120b497,jpeg90
0,coco_train_reals,real,none,train,260251404120b497,noise01
0,coco_train_reals,real,none,train,260251404120b497,jitter02
0,coco_train_reals,real,none,train,9e20eaabefa42140,clean
0,coco_train_reals,real,none,train,9e20eaabefa42140,blur10
0,coco_train_reals,real,none,train,9e20eaabefa42140,blur20
0,coco_train_reals,real,none,train,9e20eaabefa42140,resize025
0,coco_train_reals,real,none,train,6e9f1d7fcaf1febd,clean
0,coco_train_reals,real,none,train,6e9f1d7fcaf1febd,resize025
0,coco_train_reals,real,none,train,6e9f1d7fcaf1febd,noise002
0,coco_train_reals,real,none,train,6e9f1d7fcaf1febd,noise005
0,coco_train_reals,real,none,train,57068b39ea38e4d8,clean
0,coco_train_reals,real,none,train,57068b39ea38e4d8,jpeg70
0,coco_train_reals,real,none,train,57068b39ea38e4d8,blur05
0,coco_train_reals,real,none,train,57068b39ea38e4d8,crop08
0,coco_train_reals,real,none,train,86422ab8f6bb2980,clean
0,coco_train_reals,real,none,train,86422ab8f6bb2980,blur05
0,coco_train_reals,real,none,train,86422ab8f6bb2980,blur20
0,coco_train_reals,real,none,train,86422ab8f6bb2980,resize025
0,coco_train_reals,real,none,train,15c11297275d4bbf,clean
0,coco_train_reals,real,none,train,15c11297275d4bbf,blur20
0,coco_train_reals,real,none,train,15c11297275d4bbf,noise002
0,coco_train_reals,real,none,train,15c11297275d4bbf,noise005
0,coco_train_reals,real,none,train,c3df93f7265e0e96,clean
0,coco_train_reals,real,none,train,c3df93f7265e0e96,jpeg70
0,coco_train_reals,real,none,train,c3df93f7265e0e96,blur10
0,coco_train_reals,real,none,train,c3df93f7265e0e96,noise01
0,coco_train_reals,real,none,train,26bab8b848e5a951,clean
0,coco_train_reals,real,none,train,26bab8b848e5a951,jpeg90
0,coco_train_reals,real,none,train,26bab8b848e5a951,noise002
0,coco_train_reals,real,none,train,26bab8b848e5a951,noise01
0,coco_train_reals,real,none,train,12b8edeccc3450ea,clean
0,coco_train_reals,real,none,train,12b8edeccc3450ea,jpeg30
0,coco_train_reals,real,none,train,12b8edeccc3450ea,blur20
0,coco_train_reals,real,none,train,12b8edeccc3450ea,resize025
0,coco_train_reals,real,none,train,6132481b56c2e167,clean
0,coco_train_reals,real,none,train,6132481b56c2e167,resize05
0,coco_train_reals,real,none,train,6132481b56c2e167,resize025
0,coco_train_reals,real,none,train,6132481b56c2e167,crop08
0,coco_train_reals,real,none,train,330953498a38d9dc,clean
0,coco_train_reals,real,none,train,330953498a38d9dc,jpeg90
0,coco_train_reals,real,none,train,330953498a38d9dc,jpeg70
0,coco_train_reals,real,none,train,330953498a38d9dc,blur20
0,coco_train_reals,real,none,train,14f43736c6b4784e,clean
0,coco_train_reals,real,none,train,14f43736c6b4784e,blur20
0,coco_train_reals,real,none,train,14f43736c6b4784e,resize05
0,coco_train_reals,real,none,train,14f43736c6b4784e,noise005
0,coco_train_reals,real,none,train,a511d938368fc87c,clean
0,coco_train_reals,real,none,train,a511d938368fc87c,jpeg70
0,coco_train_reals,real,none,train,a511d938368fc87c,blur05
0,coco_train_reals,real,none,train,a511d938368fc87c,blur20
0,coco_train_reals,real,none,train,374f22150505b772,clean
0,coco_train_reals,real,none,train,374f22150505b772,jpeg70
0,coco_train_reals,real,none,train,374f22150505b772,blur05
0,coco_train_reals,real,none,train,374f22150505b772,noise002
0,coco_train_reals,real,none,train,19648348a033a5de,clean
0,coco_train_reals,real,none,train,19648348a033a5de,jpeg90
0,coco_train_reals,real,none,train,19648348a033a5de,resize05
0,coco_train_reals,real,none,train,19648348a033a5de,noise005
0,coco_train_reals,real,none,train,a1991f52e17265e5,clean
0,coco_train_reals,real,none,train,a1991f52e17265e5,blur05
0,coco_train_reals,real,none,train,a1991f52e17265e5,noise002
0,coco_train_reals,real,none,train,a1991f52e17265e5,noise01
0,coco_train_reals,real,none,train,0422e49fd76e2c44,clean
0,coco_train_reals,real,none,train,0422e49fd76e2c44,blur20
0,coco_train_reals,real,none,train,0422e49fd76e2c44,resize05
0,coco_train_reals,real,none,train,0422e49fd76e2c44,resize025
0,coco_train_reals,real,none,train,a2578d85a4e3416e,clean
0,coco_train_reals,real,none,train,a2578d85a4e3416e,jpeg70
0,coco_train_reals,real,none,train,a2578d85a4e3416e,resize025
0,coco_train_reals,real,none,train,a2578d85a4e3416e,noise005
0,coco_train_reals,real,none,train,f1d8ce77caba17d3,clean
0,coco_train_reals,real,none,train,f1d8ce77caba17d3,jpeg90
0,coco_train_reals,real,none,train,f1d8ce77caba17d3,jpeg30
0,coco_train_reals,real,none,train,f1d8ce77caba17d3,crop08
0,coco_train_reals,real,none,train,379b3f5cc46b1418,clean
0,coco_train_reals,real,none,train,379b3f5cc46b1418,jpeg50
0,coco_train_reals,real,none,train,379b3f5cc46b1418,blur05
0,coco_train_reals,real,none,train,379b3f5cc46b1418,blur20
0,coco_train_reals,real,none,train,3a72107e54ae428a,clean
0,coco_train_reals,real,none,train,3a72107e54ae428a,jpeg90
0,coco_train_reals,real,none,train,3a72107e54ae428a,jitter02
0,coco_train_reals,real,none,train,3a72107e54ae428a,crop08
0,coco_train_reals,real,none,train,c6707a384fd124be,clean
0,coco_train_reals,real,none,train,c6707a384fd124be,jpeg90
0,coco_train_reals,real,none,train,c6707a384fd124be,blur10
0,coco_train_reals,real,none,train,c6707a384fd124be,noise005
0,coco_train_reals,real,none,train,45f8a63eb9508733,clean
0,coco_train_reals,real,none,train,45f8a63eb9508733,jpeg50
0,coco_train_reals,real,none,train,45f8a63eb9508733,blur05
0,coco_train_reals,real,none,train,45f8a63eb9508733,resize05
0,coco_train_reals,real,none,train,73a4ffc2ac584dfa,clean
0,coco_train_reals,real,none,train,73a4ffc2ac584dfa,jpeg50
0,coco_train_reals,real,none,train,73a4ffc2ac584dfa,noise005
0,coco_train_reals,real,none,train,73a4ffc2ac584dfa,noise01
0,coco_train_reals,real,none,train,4594c3fd4823b561,clean
0,coco_train_reals,real,none,train,4594c3fd4823b561,noise002
0,coco_train_reals,real,none,train,4594c3fd4823b561,noise005
0,coco_train_reals,real,none,train,4594c3fd4823b561,jitter02
0,coco_train_reals,real,none,train,65b1a069b70372cc,clean
0,coco_train_reals,real,none,train,65b1a069b70372cc,jpeg50
0,coco_train_reals,real,none,train,65b1a069b70372cc,blur20
0,coco_train_reals,real,none,train,65b1a069b70372cc,crop08
0,coco_train_reals,real,none,train,0b3531d58305fde6,clean
0,coco_train_reals,real,none,train,0b3531d58305fde6,jpeg90
0,coco_train_reals,real,none,train,0b3531d58305fde6,resize05
0,coco_train_reals,real,none,train,0b3531d58305fde6,noise005
0,coco_train_reals,real,none,train,dc81ddd56dbaab6d,clean
0,coco_train_reals,real,none,train,dc81ddd56dbaab6d,jpeg70
0,coco_train_reals,real,none,train,dc81ddd56dbaab6d,blur10
0,coco_train_reals,real,none,train,dc81ddd56dbaab6d,noise005
0,coco_train_reals,real,none,train,41f2790b9ff73fd3,clean
0,coco_train_reals,real,none,train,41f2790b9ff73fd3,blur20
0,coco_train_reals,real,none,train,41f2790b9ff73fd3,resize05
0,coco_train_reals,real,none,train,41f2790b9ff73fd3,jitter02
0,coco_train_reals,real,none,train,51b25d870515a32e,clean
0,coco_train_reals,real,none,train,51b25d870515a32e,blur20
0,coco_train_reals,real,none,train,51b25d870515a32e,noise002
0,coco_train_reals,real,none,train,51b25d870515a32e,crop08
0,coco_train_reals,real,none,train,9cecf77270563b8b,clean
0,coco_train_reals,real,none,train,9cecf77270563b8b,jpeg30
0,coco_train_reals,real,none,train,9cecf77270563b8b,resize025
0,coco_train_reals,real,none,train,9cecf77270563b8b,noise005
0,coco_train_reals,real,none,train,4629a862c1b141e1,clean
0,coco_train_reals,real,none,train,4629a862c1b141e1,blur10
0,coco_train_reals,real,none,train,4629a862c1b141e1,jitter02
0,coco_train_reals,real,none,train,4629a862c1b141e1,crop08
0,coco_train_reals,real,none,train,896c8d3401a00ace,clean
0,coco_train_reals,real,none,train,896c8d3401a00ace,blur05
0,coco_train_reals,real,none,train,896c8d3401a00ace,blur20
0,coco_train_reals,real,none,train,896c8d3401a00ace,crop08
0,coco_train_reals,real,none,train,22678933ff7773bb,clean
0,coco_train_reals,real,none,train,22678933ff7773bb,jpeg90
0,coco_train_reals,real,none,train,22678933ff7773bb,resize05
0,coco_train_reals,real,none,train,22678933ff7773bb,noise01
0,coco_train_reals,real,none,train,2524a5005acd309f,clean
0,coco_train_reals,real,none,train,2524a5005acd309f,jpeg90
0,coco_train_reals,real,none,train,2524a5005acd309f,jpeg30
0,coco_train_reals,real,none,train,2524a5005acd309f,jitter02
0,coco_train_reals,real,none,train,8cea3782d6dc2100,clean
0,coco_train_reals,real,none,train,8cea3782d6dc2100,jpeg30
0,coco_train_reals,real,none,train,8cea3782d6dc2100,noise002
0,coco_train_reals,real,none,train,8cea3782d6dc2100,noise01
0,coco_train_reals,real,none,train,929bf770ebc7abea,clean
0,coco_train_reals,real,none,train,929bf770ebc7abea,jpeg90
0,coco_train_reals,real,none,train,929bf770ebc7abea,blur05
0,coco_train_reals,real,none,train,929bf770ebc7abea,blur20
0,coco_train_reals,real,none,train,ee5e5617d75d82af,clean
0,coco_train_reals,real,none,train,ee5e5617d75d82af,jpeg30
0,coco_train_reals,real,none,train,ee5e5617d75d82af,noise002
0,coco_train_reals,real,none,train,ee5e5617d75d82af,crop08
0,coco_train_reals,real,none,train,7aad8c474e022797,clean
0,coco_train_reals,real,none,train,7aad8c474e022797,blur10
0,coco_train_reals,real,none,train,7aad8c474e022797,noise005
0,coco_train_reals,real,none,train,7aad8c474e022797,noise01
0,coco_train_reals,real,none,train,a52304b5f5e9e8de,clean
0,coco_train_reals,real,none,train,a52304b5f5e9e8de,jpeg70
0,coco_train_reals,real,none,train,a52304b5f5e9e8de,blur05
0,coco_train_reals,real,none,train,a52304b5f5e9e8de,blur20
0,coco_train_reals,real,none,train,53e565dfd351fb07,clean
0,coco_train_reals,real,none,train,53e565dfd351fb07,jpeg90
0,coco_train_reals,real,none,train,53e565dfd351fb07,jpeg30
0,coco_train_reals,real,none,train,53e565dfd351fb07,blur05
0,coco_train_reals,real,none,train,61d818b83c8ff26e,clean
0,coco_train_reals,real,none,train,61d818b83c8ff26e,jpeg90
0,coco_train_reals,real,none,train,61d818b83c8ff26e,blur10
0,coco_train_reals,real,none,train,61d818b83c8ff26e,jitter02
0,coco_train_reals,real,none,train,ec4da2b1bd90d3d6,clean
0,coco_train_reals,real,none,train,ec4da2b1bd90d3d6,blur05
0,coco_train_reals,real,none,train,ec4da2b1bd90d3d6,noise005
0,coco_train_reals,real,none,train,ec4da2b1bd90d3d6,crop08
0,coco_train_reals,real,none,train,cdbbaca1132fbfe9,clean
0,coco_train_reals,real,none,train,cdbbaca1132fbfe9,jpeg70
0,coco_train_reals,real,none,train,cdbbaca1132fbfe9,blur10
0,coco_train_reals,real,none,train,cdbbaca1132fbfe9,jitter02
0,coco_train_reals,real,none,train,aa68bfbed4ace11e,clean
0,coco_train_reals,real,none,train,aa68bfbed4ace11e,jpeg90
0,coco_train_reals,real,none,train,aa68bfbed4ace11e,jpeg30
0,coco_train_reals,real,none,train,aa68bfbed4ace11e,noise01
0,coco_train_reals,real,none,train,0260ce2f0ac1d487,clean
0,coco_train_reals,real,none,train,0260ce2f0ac1d487,jpeg50
0,coco_train_reals,real,none,train,0260ce2f0ac1d487,resize05
0,coco_train_reals,real,none,train,0260ce2f0ac1d487,noise01
0,coco_train_reals,real,none,train,5c3b7198f47a2782,clean
0,coco_train_reals,real,none,train,5c3b7198f47a2782,jpeg90
0,coco_train_reals,real,none,train,5c3b7198f47a2782,noise005
0,coco_train_reals,real,none,train,5c3b7198f47a2782,crop08
0,coco_train_reals,real,none,train,3eaf22b4cd7187ca,clean
0,coco_train_reals,real,none,train,3eaf22b4cd7187ca,jpeg50
0,coco_train_reals,real,none,train,3eaf22b4cd7187ca,blur20
0,coco_train_reals,real,none,train,3eaf22b4cd7187ca,noise005
0,coco_train_reals,real,none,train,d3871ebe8347c6f3,clean
0,coco_train_reals,real,none,train,d3871ebe8347c6f3,jpeg90
0,coco_train_reals,real,none,train,d3871ebe8347c6f3,blur20
0,coco_train_reals,real,none,train,d3871ebe8347c6f3,crop08
0,coco_train_reals,real,none,train,b9a6a69f9178b1ea,clean
0,coco_train_reals,real,none,train,b9a6a69f9178b1ea,blur10
0,coco_train_reals,real,none,train,b9a6a69f9178b1ea,resize025
0,coco_train_reals,real,none,train,b9a6a69f9178b1ea,noise005
0,coco_train_reals,real,none,train,fd4d24351b8f6582,clean
0,coco_train_reals,real,none,train,fd4d24351b8f6582,jpeg70
0,coco_train_reals,real,none,train,fd4d24351b8f6582,blur05
0,coco_train_reals,real,none,train,fd4d24351b8f6582,resize025
0,coco_train_reals,real,none,train,ba997ae51ce97b00,clean
0,coco_train_reals,real,none,train,ba997ae51ce97b00,jpeg90
0,coco_train_reals,real,none,train,ba997ae51ce97b00,blur10
0,coco_train_reals,real,none,train,ba997ae51ce97b00,blur20
0,coco_train_reals,real,none,train,cc255b788dc5dd65,clean
0,coco_train_reals,real,none,train,cc255b788dc5dd65,jpeg70
0,coco_train_reals,real,none,train,cc255b788dc5dd65,blur10
0,coco_train_reals,real,none,train,cc255b788dc5dd65,noise01
0,coco_train_reals,real,none,train,ee0d2ce86feda85e,clean
0,coco_train_reals,real,none,train,ee0d2ce86feda85e,blur05
0,coco_train_reals,real,none,train,ee0d2ce86feda85e,resize05
0,coco_train_reals,real,none,train,ee0d2ce86feda85e,crop08
0,coco_train_reals,real,none,train,65abd6edf8b10040,clean
0,coco_train_reals,real,none,train,65abd6edf8b10040,jpeg90
0,coco_train_reals,real,none,train,65abd6edf8b10040,jpeg50
0,coco_train_reals,real,none,train,65abd6edf8b10040,blur10
0,coco_train_reals,real,none,train,f4037c4b44a49831,clean
0,coco_train_reals,real,none,train,f4037c4b44a49831,blur05
0,coco_train_reals,real,none,train,f4037c4b44a49831,noise005
0,coco_train_reals,real,none,train,f4037c4b44a49831,crop08
0,coco_train_reals,real,none,train,c10a51bceff0fe07,clean
0,coco_train_reals,real,none,train,c10a51bceff0fe07,resize05
0,coco_train_reals,real,none,train,c10a51bceff0fe07,resize025
0,coco_train_reals,real,none,train,c10a51bceff0fe07,noise002
0,coco_train_reals,real,none,train,76a138bc86994555,clean
0,coco_train_reals,real,none,train,76a138bc86994555,jpeg90
0,coco_train_reals,real,none,train,76a138bc86994555,blur20
0,coco_train_reals,real,none,train,76a138bc86994555,noise01
0,coco_train_reals,real,none,train,4d82e5fa2f5aaf57,clean
0,coco_train_reals,real,none,train,4d82e5fa2f5aaf57,jpeg70
0,coco_train_reals,real,none,train,4d82e5fa2f5aaf57,blur20
0,coco_train_reals,real,none,train,4d82e5fa2f5aaf57,resize025
0,coco_train_reals,real,none,train,30b8f0d774bd6702,clean
0,coco_train_reals,real,none,train,30b8f0d774bd6702,jpeg30
0,coco_train_reals,real,none,train,30b8f0d774bd6702,blur05
0,coco_train_reals,real,none,train,30b8f0d774bd6702,crop08
0,coco_train_reals,real,none,train,1fb612ed955cd705,clean
0,coco_train_reals,real,none,train,1fb612ed955cd705,blur05
0,coco_train_reals,real,none,train,1fb612ed955cd705,resize025
0,coco_train_reals,real,none,train,1fb612ed955cd705,jitter02
0,coco_train_reals,real,none,train,13d434958e20cf1a,clean
0,coco_train_reals,real,none,train,13d434958e20cf1a,jpeg70
0,coco_train_reals,real,none,train,13d434958e20cf1a,resize025
0,coco_train_reals,real,none,train,13d434958e20cf1a,noise002
0,coco_train_reals,real,none,train,c7e377df51923778,clean
0,coco_train_reals,real,none,train,c7e377df51923778,jpeg90
0,coco_train_reals,real,none,train,c7e377df51923778,blur05
0,coco_train_reals,real,none,train,c7e377df51923778,noise005
0,coco_train_reals,real,none,train,49f1111060e2b455,clean
0,coco_train_reals,real,none,train,49f1111060e2b455,blur05
0,coco_train_reals,real,none,train,49f1111060e2b455,noise002
0,coco_train_reals,real,none,train,49f1111060e2b455,noise01
0,coco_train_reals,real,none,train,2706c0922bb45d02,clean
0,coco_train_reals,real,none,train,2706c0922bb45d02,resize025
0,coco_train_reals,real,none,train,2706c0922bb45d02,noise005
0,coco_train_reals,real,none,train,2706c0922bb45d02,crop08
0,coco_train_reals,real,none,train,69a4b28e20230758,clean
0,coco_train_reals,real,none,train,69a4b28e20230758,jpeg70
0,coco_train_reals,real,none,train,69a4b28e20230758,jpeg50
0,coco_train_reals,real,none,train,69a4b28e20230758,noise002
0,coco_train_reals,real,none,train,46671527e80565ed,clean
0,coco_train_reals,real,none,train,46671527e80565ed,jpeg90
0,coco_train_reals,real,none,train,46671527e80565ed,jpeg70
0,coco_train_reals,real,none,train,46671527e80565ed,crop08
0,coco_train_reals,real,none,train,94e66494852d3c6b,clean
0,coco_train_reals,real,none,train,94e66494852d3c6b,jpeg90
0,coco_train_reals,real,none,train,94e66494852d3c6b,blur05
0,coco_train_reals,real,none,train,94e66494852d3c6b,crop08
0,coco_train_reals,real,none,train,76078553af6c4039,clean
0,coco_train_reals,real,none,train,76078553af6c4039,jpeg90
0,coco_train_reals,real,none,train,76078553af6c4039,blur05
0,coco_train_reals,real,none,train,76078553af6c4039,crop08
0,coco_train_reals,real,none,train,69c53a88377569f0,clean
0,coco_train_reals,real,none,train,69c53a88377569f0,jpeg50
0,coco_train_reals,real,none,train,69c53a88377569f0,blur20
0,coco_train_reals,real,none,train,69c53a88377569f0,noise005
0,coco_train_reals,real,none,train,755cc61244f17009,clean
0,coco_train_reals,real,none,train,755cc61244f17009,blur10
0,coco_train_reals,real,none,train,755cc61244f17009,resize025
0,coco_train_reals,real,none,train,755cc61244f17009,crop08
0,coco_train_reals,real,none,train,5010f79cbd0c9d81,clean
0,coco_train_reals,real,none,train,5010f79cbd0c9d81,jpeg90
0,coco_train_reals,real,none,train,5010f79cbd0c9d81,blur05
0,coco_train_reals,real,none,train,5010f79cbd0c9d81,resize025
0,coco_train_reals,real,none,train,e3adb6a47383eddb,clean
0,coco_train_reals,real,none,train,e3adb6a47383eddb,jpeg70
0,coco_train_reals,real,none,train,e3adb6a47383eddb,blur10
0,coco_train_reals,real,none,train,e3adb6a47383eddb,noise002
0,coco_train_reals,real,none,train,1857663edff9456d,clean
0,coco_train_reals,real,none,train,1857663edff9456d,jpeg50
0,coco_train_reals,real,none,train,1857663edff9456d,noise005
0,coco_train_reals,real,none,train,1857663edff9456d,noise01
0,coco_train_reals,real,none,train,5a37ed27b798c894,clean
0,coco_train_reals,real,none,train,5a37ed27b798c894,blur05
0,coco_train_reals,real,none,train,5a37ed27b798c894,resize05
0,coco_train_reals,real,none,train,5a37ed27b798c894,noise01
0,coco_train_reals,real,none,train,6d80101c58aaa9a7,clean
0,coco_train_reals,real,none,train,6d80101c58aaa9a7,jpeg50
0,coco_train_reals,real,none,train,6d80101c58aaa9a7,noise01
0,coco_train_reals,real,none,train,6d80101c58aaa9a7,jitter02
0,coco_train_reals,real,none,train,4416fd21c35f3c59,clean
0,coco_train_reals,real,none,train,4416fd21c35f3c59,jpeg70
0,coco_train_reals,real,none,train,4416fd21c35f3c59,jpeg50
0,coco_train_reals,real,none,train,4416fd21c35f3c59,noise002
0,coco_train_reals,real,none,train,9b0c0683a73d8a2d,clean
0,coco_train_reals,real,none,train,9b0c0683a73d8a2d,blur10
0,coco_train_reals,real,none,train,9b0c0683a73d8a2d,blur20
0,coco_train_reals,real,none,train,9b0c0683a73d8a2d,noise002
0,coco_train_reals,real,none,train,8d816cffdf4a8897,clean
0,coco_train_reals,real,none,train,8d816cffdf4a8897,noise005
0,coco_train_reals,real,none,train,8d816cffdf4a8897,noise01
0,coco_train_reals,real,none,train,8d816cffdf4a8897,jitter02
0,coco_train_reals,real,none,train,515ed88d3243a0a7,clean
0,coco_train_reals,real,none,train,515ed88d3243a0a7,jpeg90
0,coco_train_reals,real,none,train,515ed88d3243a0a7,jpeg70
0,coco_train_reals,real,none,train,515ed88d3243a0a7,resize05
0,coco_train_reals,real,none,train,589172db68a50ad1,clean
0,coco_train_reals,real,none,train,589172db68a50ad1,blur05
0,coco_train_reals,real,none,train,589172db68a50ad1,blur10
0,coco_train_reals,real,none,train,589172db68a50ad1,resize05
0,coco_train_reals,real,none,train,0cb86941a9fc1094,clean
0,coco_train_reals,real,none,train,0cb86941a9fc1094,jpeg70
0,coco_train_reals,real,none,train,0cb86941a9fc1094,blur05
0,coco_train_reals,real,none,train,0cb86941a9fc1094,noise01
0,coco_train_reals,real,none,train,2386a28340d30be6,clean
0,coco_train_reals,real,none,train,2386a28340d30be6,jpeg50
0,coco_train_reals,real,none,train,2386a28340d30be6,jpeg30
0,coco_train_reals,real,none,train,2386a28340d30be6,noise002
0,coco_train_reals,real,none,train,0c2d0be16db55fa0,clean
0,coco_train_reals,real,none,train,0c2d0be16db55fa0,jpeg30
0,coco_train_reals,real,none,train,0c2d0be16db55fa0,blur10
0,coco_train_reals,real,none,train,0c2d0be16db55fa0,noise002
0,coco_train_reals,real,none,train,ee61ae84ed82ddf2,clean
0,coco_train_reals,real,none,train,ee61ae84ed82ddf2,blur20
0,coco_train_reals,real,none,train,ee61ae84ed82ddf2,noise002
0,coco_train_reals,real,none,train,ee61ae84ed82ddf2,jitter02
0,coco_train_reals,real,none,train,64bce803d7efbcea,clean
0,coco_train_reals,real,none,train,64bce803d7efbcea,resize05
0,coco_train_reals,real,none,train,64bce803d7efbcea,resize025
0,coco_train_reals,real,none,train,64bce803d7efbcea,noise002
0,coco_train_reals,real,none,train,d627ce1a1749a2ca,clean
0,coco_train_reals,real,none,train,d627ce1a1749a2ca,jpeg30
0,coco_train_reals,real,none,train,d627ce1a1749a2ca,resize05
0,coco_train_reals,real,none,train,d627ce1a1749a2ca,noise002
0,coco_train_reals,real,none,train,13aaf4fc3f78d8af,clean
0,coco_train_reals,real,none,train,13aaf4fc3f78d8af,resize05
0,coco_train_reals,real,none,train,13aaf4fc3f78d8af,noise002
0,coco_train_reals,real,none,train,13aaf4fc3f78d8af,crop08
0,coco_train_reals,real,none,train,0d3e621b2386e31b,clean
0,coco_train_reals,real,none,train,0d3e621b2386e31b,jpeg90
0,coco_train_reals,real,none,train,0d3e621b2386e31b,blur05
0,coco_train_reals,real,none,train,0d3e621b2386e31b,crop08
0,coco_train_reals,real,none,train,af6f3d6ebc332c06,clean
0,coco_train_reals,real,none,train,af6f3d6ebc332c06,jpeg70
0,coco_train_reals,real,none,train,af6f3d6ebc332c06,blur05
0,coco_train_reals,real,none,train,af6f3d6ebc332c06,resize025
0,coco_train_reals,real,none,train,7d785311c76eec98,clean
0,coco_train_reals,real,none,train,7d785311c76eec98,blur20
0,coco_train_reals,real,none,train,7d785311c76eec98,resize025
0,coco_train_reals,real,none,train,7d785311c76eec98,noise002
0,coco_train_reals,real,none,train,13f8372eddcfd204,clean
0,coco_train_reals,real,none,train,13f8372eddcfd204,jpeg90
0,coco_train_reals,real,none,train,13f8372eddcfd204,jpeg70
0,coco_train_reals,real,none,train,13f8372eddcfd204,jitter02
0,coco_train_reals,real,none,train,859aa92a82e82796,clean
0,coco_train_reals,real,none,train,859aa92a82e82796,jpeg30
0,coco_train_reals,real,none,train,859aa92a82e82796,resize025
0,coco_train_reals,real,none,train,859aa92a82e82796,noise005
0,coco_train_reals,real,none,train,5add54f17c0f1557,clean
0,coco_train_reals,real,none,train,5add54f17c0f1557,blur05
0,coco_train_reals,real,none,train,5add54f17c0f1557,resize05
0,coco_train_reals,real,none,train,5add54f17c0f1557,noise002
0,coco_train_reals,real,none,train,996d477e8196dcda,clean
0,coco_train_reals,real,none,train,996d477e8196dcda,jpeg90
0,coco_train_reals,real,none,train,996d477e8196dcda,blur10
0,coco_train_reals,real,none,train,996d477e8196dcda,crop08
0,coco_train_reals,real,none,train,9df64ebceac3d5af,clean
0,coco_train_reals,real,none,train,9df64ebceac3d5af,jpeg30
0,coco_train_reals,real,none,train,9df64ebceac3d5af,blur05
0,coco_train_reals,real,none,train,9df64ebceac3d5af,resize025
0,coco_train_reals,real,none,train,5b3280a0c3f83e57,clean
0,coco_train_reals,real,none,train,5b3280a0c3f83e57,blur05
0,coco_train_reals,real,none,train,5b3280a0c3f83e57,blur10
0,coco_train_reals,real,none,train,5b3280a0c3f83e57,jitter02
0,coco_train_reals,real,none,train,d85d6c8b5d5cde8d,clean
0,coco_train_reals,real,none,train,d85d6c8b5d5cde8d,resize05
0,coco_train_reals,real,none,train,d85d6c8b5d5cde8d,noise005
0,coco_train_reals,real,none,train,d85d6c8b5d5cde8d,crop08
0,coco_train_reals,real,none,train,57a39ed948015633,clean
0,coco_train_reals,real,none,train,57a39ed948015633,jpeg70
0,coco_train_reals,real,none,train,57a39ed948015633,blur05
0,coco_train_reals,real,none,train,57a39ed948015633,resize025
0,coco_train_reals,real,none,train,6937382d2073c698,clean
0,coco_train_reals,real,none,train,6937382d2073c698,resize05
0,coco_train_reals,real,none,train,6937382d2073c698,noise002
0,coco_train_reals,real,none,train,6937382d2073c698,noise01
0,coco_train_reals,real,none,train,04e5849ee761587a,clean
0,coco_train_reals,real,none,train,04e5849ee761587a,jpeg90
0,coco_train_reals,real,none,train,04e5849ee761587a,blur10
0,coco_train_reals,real,none,train,04e5849ee761587a,blur20
0,coco_train_reals,real,none,train,113747a77fa28805,clean
0,coco_train_reals,real,none,train,113747a77fa28805,jpeg50
0,coco_train_reals,real,none,train,113747a77fa28805,blur20
0,coco_train_reals,real,none,train,113747a77fa28805,resize025
0,coco_train_reals,real,none,train,94de1aac72e06642,clean
0,coco_train_reals,real,none,train,94de1aac72e06642,blur05
0,coco_train_reals,real,none,train,94de1aac72e06642,blur10
0,coco_train_reals,real,none,train,94de1aac72e06642,resize025
0,coco_train_reals,real,none,train,5f940bd1a1f16949,clean
0,coco_train_reals,real,none,train,5f940bd1a1f16949,jpeg50
0,coco_train_reals,real,none,train,5f940bd1a1f16949,resize05
0,coco_train_reals,real,none,train,5f940bd1a1f16949,resize025
0,coco_train_reals,real,none,train,472b64174d8c6ba2,clean
0,coco_train_reals,real,none,train,472b64174d8c6ba2,jpeg70
0,coco_train_reals,real,none,train,472b64174d8c6ba2,jpeg30
0,coco_train_reals,real,none,train,472b64174d8c6ba2,noise005
0,coco_train_reals,real,none,train,703f853f85c8948d,clean
0,coco_train_reals,real,none,train,703f853f85c8948d,blur20
0,coco_train_reals,real,none,train,703f853f85c8948d,noise005
0,coco_train_reals,real,none,train,703f853f85c8948d,jitter02
0,coco_train_reals,real,none,train,b6aed27beecca805,clean
0,coco_train_reals,real,none,train,b6aed27beecca805,resize05
0,coco_train_reals,real,none,train,b6aed27beecca805,noise002
0,coco_train_reals,real,none,train,b6aed27beecca805,crop08
0,coco_train_reals,real,none,train,12fbc80f4d30e647,clean
0,coco_train_reals,real,none,train,12fbc80f4d30e647,jpeg70
0,coco_train_reals,real,none,train,12fbc80f4d30e647,jpeg30
0,coco_train_reals,real,none,train,12fbc80f4d30e647,noise01
0,coco_train_reals,real,none,train,ea2dc71c06c20590,clean
0,coco_train_reals,real,none,train,ea2dc71c06c20590,jpeg70
0,coco_train_reals,real,none,train,ea2dc71c06c20590,resize05
0,coco_train_reals,real,none,train,ea2dc71c06c20590,noise002
0,coco_train_reals,real,none,train,40657cd75405a6db,clean
0,coco_train_reals,real,none,train,40657cd75405a6db,jpeg90
0,coco_train_reals,real,none,train,40657cd75405a6db,resize025
0,coco_train_reals,real,none,train,40657cd75405a6db,crop08
0,coco_train_reals,real,none,train,7a3ab53f25f51be4,clean
0,coco_train_reals,real,none,train,7a3ab53f25f51be4,blur10
0,coco_train_reals,real,none,train,7a3ab53f25f51be4,noise01
0,coco_train_reals,real,none,train,7a3ab53f25f51be4,jitter02
0,coco_train_reals,real,none,train,acbea3079a358a91,clean
0,coco_train_reals,real,none,train,acbea3079a358a91,blur20
0,coco_train_reals,real,none,train,acbea3079a358a91,noise005
0,coco_train_reals,real,none,train,acbea3079a358a91,noise01
0,coco_train_reals,real,none,train,e35b749fadfdc851,clean
0,coco_train_reals,real,none,train,e35b749fadfdc851,resize025
0,coco_train_reals,real,none,train,e35b749fadfdc851,noise005
0,coco_train_reals,real,none,train,e35b749fadfdc851,crop08
0,coco_train_reals,real,none,train,d46dd58a52bf5ff1,clean
0,coco_train_reals,real,none,train,d46dd58a52bf5ff1,jpeg50
0,coco_train_reals,real,none,train,d46dd58a52bf5ff1,blur05
0,coco_train_reals,real,none,train,d46dd58a52bf5ff1,noise01
0,coco_train_reals,real,none,train,8cfbf41be7b1cd1a,clean
0,coco_train_reals,real,none,train,8cfbf41be7b1cd1a,jpeg70
0,coco_train_reals,real,none,train,8cfbf41be7b1cd1a,resize025
0,coco_train_reals,real,none,train,8cfbf41be7b1cd1a,crop08
0,coco_train_reals,real,none,train,2b0fed5b06e71bf5,clean
0,coco_train_reals,real,none,train,2b0fed5b06e71bf5,noise002
0,coco_train_reals,real,none,train,2b0fed5b06e71bf5,noise005
0,coco_train_reals,real,none,train,2b0fed5b06e71bf5,crop08
0,coco_train_reals,real,none,train,fc1f84d5cc5b1f91,clean
0,coco_train_reals,real,none,train,fc1f84d5cc5b1f91,jpeg50
0,coco_train_reals,real,none,train,fc1f84d5cc5b1f91,noise005
0,coco_train_reals,real,none,train,fc1f84d5cc5b1f91,jitter02
0,coco_train_reals,real,none,train,e3ec6eea71c39058,clean
0,coco_train_reals,real,none,train,e3ec6eea71c39058,jpeg70
0,coco_train_reals,real,none,train,e3ec6eea71c39058,jpeg30
0,coco_train_reals,real,none,train,e3ec6eea71c39058,blur10
0,coco_train_reals,real,none,train,897c6ec32b80bbde,clean
0,coco_train_reals,real,none,train,897c6ec32b80bbde,jpeg70
0,coco_train_reals,real,none,train,897c6ec32b80bbde,blur20
0,coco_train_reals,real,none,train,897c6ec32b80bbde,resize05
0,coco_train_reals,real,none,train,c9b39b27b777fb1a,clean
0,coco_train_reals,real,none,train,c9b39b27b777fb1a,jpeg90
0,coco_train_reals,real,none,train,c9b39b27b777fb1a,blur05
0,coco_train_reals,real,none,train,c9b39b27b777fb1a,blur20
0,coco_train_reals,real,none,train,d8a8a705dce0a895,clean
0,coco_train_reals,real,none,train,d8a8a705dce0a895,blur10
0,coco_train_reals,real,none,train,d8a8a705dce0a895,blur20
0,coco_train_reals,real,none,train,d8a8a705dce0a895,jitter02
0,coco_train_reals,real,none,train,b7659d77848500b3,clean
0,coco_train_reals,real,none,train,b7659d77848500b3,jpeg50
0,coco_train_reals,real,none,train,b7659d77848500b3,resize05
0,coco_train_reals,real,none,train,b7659d77848500b3,crop08
0,coco_train_reals,real,none,train,73deca74c6cf7b6b,clean
0,coco_train_reals,real,none,train,73deca74c6cf7b6b,jpeg70
0,coco_train_reals,real,none,train,73deca74c6cf7b6b,noise005
0,coco_train_reals,real,none,train,73deca74c6cf7b6b,jitter02
0,coco_train_reals,real,none,train,34f911c2dc89e1b2,clean
0,coco_train_reals,real,none,train,34f911c2dc89e1b2,jpeg90
0,coco_train_reals,real,none,train,34f911c2dc89e1b2,jpeg70
0,coco_train_reals,real,none,train,34f911c2dc89e1b2,blur10
0,coco_train_reals,real,none,train,e6b1a010cdce6c1c,clean
0,coco_train_reals,real,none,train,e6b1a010cdce6c1c,blur05
0,coco_train_reals,real,none,train,e6b1a010cdce6c1c,resize05
0,coco_train_reals,real,none,train,e6b1a010cdce6c1c,noise002
0,coco_train_reals,real,none,train,6a112e38c7fde4b9,clean
0,coco_train_reals,real,none,train,6a112e38c7fde4b9,jpeg50
0,coco_train_reals,real,none,train,6a112e38c7fde4b9,blur05
0,coco_train_reals,real,none,train,6a112e38c7fde4b9,blur10
0,coco_train_reals,real,none,train,eb9b4b2747bf9425,clean
0,coco_train_reals,real,none,train,eb9b4b2747bf9425,jpeg30
0,coco_train_reals,real,none,train,eb9b4b2747bf9425,noise002
0,coco_train_reals,real,none,train,eb9b4b2747bf9425,noise005
0,coco_train_reals,real,none,train,6845a7608bfe0218,clean
0,coco_train_reals,real,none,train,6845a7608bfe0218,resize025
0,coco_train_reals,real,none,train,6845a7608bfe0218,noise01
0,coco_train_reals,real,none,train,6845a7608bfe0218,crop08
0,coco_train_reals,real,none,train,dd0a305f7e9dc411,clean
0,coco_train_reals,real,none,train,dd0a305f7e9dc411,jpeg30
0,coco_train_reals,real,none,train,dd0a305f7e9dc411,blur05
0,coco_train_reals,real,none,train,dd0a305f7e9dc411,jitter02
0,coco_train_reals,real,none,train,0f3dcabeed0b7980,clean
0,coco_train_reals,real,none,train,0f3dcabeed0b7980,jpeg90
0,coco_train_reals,real,none,train,0f3dcabeed0b7980,jpeg50
0,coco_train_reals,real,none,train,0f3dcabeed0b7980,resize05
0,coco_train_reals,real,none,train,397687b28152e99d,clean
0,coco_train_reals,real,none,train,397687b28152e99d,jpeg30
0,coco_train_reals,real,none,train,397687b28152e99d,blur05
0,coco_train_reals,real,none,train,397687b28152e99d,noise002
0,coco_train_reals,real,none,train,5ce5ff23ec7565d2,clean
0,coco_train_reals,real,none,train,5ce5ff23ec7565d2,jpeg90
0,coco_train_reals,real,none,train,5ce5ff23ec7565d2,jpeg70
0,coco_train_reals,real,none,train,5ce5ff23ec7565d2,crop08
0,coco_train_reals,real,none,train,4346272655525fc1,clean
0,coco_train_reals,real,none,train,4346272655525fc1,jpeg90
0,coco_train_reals,real,none,train,4346272655525fc1,blur20
0,coco_train_reals,real,none,train,4346272655525fc1,noise002
0,coco_train_reals,real,none,train,a424961d0c61cbaf,clean
0,coco_train_reals,real,none,train,a424961d0c61cbaf,jpeg90
0,coco_train_reals,real,none,train,a424961d0c61cbaf,noise01
0,coco_train_reals,real,none,train,a424961d0c61cbaf,crop08
0,coco_train_reals,real,none,train,0f58601209c89bfd,clean
0,coco_train_reals,real,none,train,0f58601209c89bfd,jpeg70
0,coco_train_reals,real,none,train,0f58601209c89bfd,resize05
0,coco_train_reals,real,none,train,0f58601209c89bfd,noise005
0,coco_train_reals,real,none,train,c1e8753f1c137ff9,clean
0,coco_train_reals,real,none,train,c1e8753f1c137ff9,jpeg50
0,coco_train_reals,real,none,train,c1e8753f1c137ff9,blur10
0,coco_train_reals,real,none,train,c1e8753f1c137ff9,blur20
0,coco_train_reals,real,none,train,2fef90d2a652468f,clean
0,coco_train_reals,real,none,train,2fef90d2a652468f,jpeg50
0,coco_train_reals,real,none,train,2fef90d2a652468f,blur10
0,coco_train_reals,real,none,train,2fef90d2a652468f,jitter02
0,coco_train_reals,real,none,train,2861a5fc8c55d471,clean
0,coco_train_reals,real,none,train,2861a5fc8c55d471,jpeg50
0,coco_train_reals,real,none,train,2861a5fc8c55d471,resize05
0,coco_train_reals,real,none,train,2861a5fc8c55d471,jitter02
0,coco_train_reals,real,none,train,deebaff093f816b6,clean
0,coco_train_reals,real,none,train,deebaff093f816b6,jpeg50
0,coco_train_reals,real,none,train,deebaff093f816b6,noise01
0,coco_train_reals,real,none,train,deebaff093f816b6,jitter02
0,coco_train_reals,real,none,train,34aad061dba94e13,clean
0,coco_train_reals,real,none,train,34aad061dba94e13,jpeg90
0,coco_train_reals,real,none,train,34aad061dba94e13,resize025
0,coco_train_reals,real,none,train,34aad061dba94e13,noise005
0,coco_train_reals,real,none,train,3cae42134a3a2993,clean
0,coco_train_reals,real,none,train,3cae42134a3a2993,jpeg70
0,coco_train_reals,real,none,train,3cae42134a3a2993,resize025
0,coco_train_reals,real,none,train,3cae42134a3a2993,crop08
0,coco_train_reals,real,none,train,90d37e4cf31ce9f5,clean
0,coco_train_reals,real,none,train,90d37e4cf31ce9f5,jpeg90
0,coco_train_reals,real,none,train,90d37e4cf31ce9f5,jpeg30
0,coco_train_reals,real,none,train,90d37e4cf31ce9f5,resize05
0,coco_train_reals,real,none,train,98c4778750dde9ee,clean
0,coco_train_reals,real,none,train,98c4778750dde9ee,blur05
0,coco_train_reals,real,none,train,98c4778750dde9ee,blur10
0,coco_train_reals,real,none,train,98c4778750dde9ee,resize05
0,coco_train_reals,real,none,train,638a5eec65a5168d,clean
0,coco_train_reals,real,none,train,638a5eec65a5168d,blur05
0,coco_train_reals,real,none,train,638a5eec65a5168d,blur10
0,coco_train_reals,real,none,train,638a5eec65a5168d,noise01
0,coco_train_reals,real,none,train,e9d276bd9c4338e9,clean
0,coco_train_reals,real,none,train,e9d276bd9c4338e9,jpeg50
0,coco_train_reals,real,none,train,e9d276bd9c4338e9,blur05
0,coco_train_reals,real,none,train,e9d276bd9c4338e9,blur20
0,coco_train_reals,real,none,train,41ff3b8532002a2d,clean
0,coco_train_reals,real,none,train,41ff3b8532002a2d,blur05
0,coco_train_reals,real,none,train,41ff3b8532002a2d,resize05
0,coco_train_reals,real,none,train,41ff3b8532002a2d,noise01
0,coco_train_reals,real,none,train,aa6969d16731a5b8,clean
0,coco_train_reals,real,none,train,aa6969d16731a5b8,jpeg70
0,coco_train_reals,real,none,train,aa6969d16731a5b8,jpeg30
0,coco_train_reals,real,none,train,aa6969d16731a5b8,blur20
0,coco_train_reals,real,none,train,9dd6bfb06b3d7550,clean
0,coco_train_reals,real,none,train,9dd6bfb06b3d7550,jpeg90
0,coco_train_reals,real,none,train,9dd6bfb06b3d7550,noise002
0,coco_train_reals,real,none,train,9dd6bfb06b3d7550,noise005
0,coco_train_reals,real,none,train,e203438d64d02fc4,clean
0,coco_train_reals,real,none,train,e203438d64d02fc4,blur10
0,coco_train_reals,real,none,train,e203438d64d02fc4,noise005
0,coco_train_reals,real,none,train,e203438d64d02fc4,noise01
0,coco_train_reals,real,none,train,f55d71a5788b071d,clean
0,coco_train_reals,real,none,train,f55d71a5788b071d,jpeg30
0,coco_train_reals,real,none,train,f55d71a5788b071d,blur20
0,coco_train_reals,real,none,train,f55d71a5788b071d,jitter02
0,coco_train_reals,real,none,train,4cc371ba629267df,clean
0,coco_train_reals,real,none,train,4cc371ba629267df,jpeg90
0,coco_train_reals,real,none,train,4cc371ba629267df,blur05
0,coco_train_reals,real,none,train,4cc371ba629267df,blur10
0,coco_train_reals,real,none,train,3d14dd983c2078e8,clean
0,coco_train_reals,real,none,train,3d14dd983c2078e8,blur10
0,coco_train_reals,real,none,train,3d14dd983c2078e8,resize025
0,coco_train_reals,real,none,train,3d14dd983c2078e8,jitter02
0,coco_train_reals,real,none,train,29fe92db6715fe77,clean
0,coco_train_reals,real,none,train,29fe92db6715fe77,blur20
0,coco_train_reals,real,none,train,29fe92db6715fe77,noise01
0,coco_train_reals,real,none,train,29fe92db6715fe77,jitter02
0,coco_train_reals,real,none,train,6ac8e1776f6db1ba,clean
0,coco_train_reals,real,none,train,6ac8e1776f6db1ba,noise002
0,coco_train_reals,real,none,train,6ac8e1776f6db1ba,noise005
0,coco_train_reals,real,none,train,6ac8e1776f6db1ba,noise01
0,coco_train_reals,real,none,train,7ea2224d1ecad144,clean
0,coco_train_reals,real,none,train,7ea2224d1ecad144,blur20
0,coco_train_reals,real,none,train,7ea2224d1ecad144,resize05
0,coco_train_reals,real,none,train,7ea2224d1ecad144,resize025
0,coco_train_reals,real,none,train,71409db6adedef75,clean
0,coco_train_reals,real,none,train,71409db6adedef75,jpeg70
0,coco_train_reals,real,none,train,71409db6adedef75,blur10
0,coco_train_reals,real,none,train,71409db6adedef75,resize05
0,coco_train_reals,real,none,train,5fcc715854a932ce,clean
0,coco_train_reals,real,none,train,5fcc715854a932ce,resize05
0,coco_train_reals,real,none,train,5fcc715854a932ce,noise002
0,coco_train_reals,real,none,train,5fcc715854a932ce,crop08
0,coco_train_reals,real,none,train,650c4493c0af01b5,clean
0,coco_train_reals,real,none,train,650c4493c0af01b5,jpeg70
0,coco_train_reals,real,none,train,650c4493c0af01b5,jpeg50
0,coco_train_reals,real,none,train,650c4493c0af01b5,blur10
0,coco_train_reals,real,none,train,9f171788d7807473,clean
0,coco_train_reals,real,none,train,9f171788d7807473,blur05
0,coco_train_reals,real,none,train,9f171788d7807473,blur10
0,coco_train_reals,real,none,train,9f171788d7807473,noise005
0,coco_train_reals,real,none,train,800a77d26db85bee,clean
0,coco_train_reals,real,none,train,800a77d26db85bee,jpeg70
0,coco_train_reals,real,none,train,800a77d26db85bee,blur05
0,coco_train_reals,real,none,train,800a77d26db85bee,jitter02
0,coco_train_reals,real,none,train,194e2657b554e665,clean
0,coco_train_reals,real,none,train,194e2657b554e665,resize025
0,coco_train_reals,real,none,train,194e2657b554e665,noise002
0,coco_train_reals,real,none,train,194e2657b554e665,crop08
0,coco_train_reals,real,none,train,00cf1e1a5e973119,clean
0,coco_train_reals,real,none,train,00cf1e1a5e973119,jpeg90
0,coco_train_reals,real,none,train,00cf1e1a5e973119,blur05
0,coco_train_reals,real,none,train,00cf1e1a5e973119,blur20
0,coco_train_reals,real,none,train,fec06518888802da,clean
0,coco_train_reals,real,none,train,fec06518888802da,jpeg90
0,coco_train_reals,real,none,train,fec06518888802da,jpeg50
0,coco_train_reals,real,none,train,fec06518888802da,blur05
0,coco_train_reals,real,none,train,0fd914012342ff84,clean
0,coco_train_reals,real,none,train,0fd914012342ff84,jpeg50
0,coco_train_reals,real,none,train,0fd914012342ff84,resize05
0,coco_train_reals,real,none,train,0fd914012342ff84,noise01
0,coco_train_reals,real,none,train,ee77f37840acf778,clean
0,coco_train_reals,real,none,train,ee77f37840acf778,blur10
0,coco_train_reals,real,none,train,ee77f37840acf778,noise01
0,coco_train_reals,real,none,train,ee77f37840acf778,jitter02
0,coco_train_reals,real,none,train,f5face323f46ad35,clean
0,coco_train_reals,real,none,train,f5face323f46ad35,jpeg70
0,coco_train_reals,real,none,train,f5face323f46ad35,noise01
0,coco_train_reals,real,none,train,f5face323f46ad35,jitter02
0,coco_train_reals,real,none,train,de757c673e9bbc77,clean
0,coco_train_reals,real,none,train,de757c673e9bbc77,jpeg90
0,coco_train_reals,real,none,train,de757c673e9bbc77,blur10
0,coco_train_reals,real,none,train,de757c673e9bbc77,jitter02
0,coco_train_reals,real,none,train,ec6a4736977d8421,clean
0,coco_train_reals,real,none,train,ec6a4736977d8421,jpeg50
0,coco_train_reals,real,none,train,ec6a4736977d8421,resize05
0,coco_train_reals,real,none,train,ec6a4736977d8421,resize025
0,coco_train_reals,real,none,train,53ee83f90ae90c91,clean
0,coco_train_reals,real,none,train,53ee83f90ae90c91,blur10
0,coco_train_reals,real,none,train,53ee83f90ae90c91,noise01
0,coco_train_reals,real,none,train,53ee83f90ae90c91,crop08
0,coco_train_reals,real,none,train,c8fa44539a441c56,clean
0,coco_train_reals,real,none,train,c8fa44539a441c56,jpeg90
0,coco_train_reals,real,none,train,c8fa44539a441c56,blur10
0,coco_train_reals,real,none,train,c8fa44539a441c56,noise01
0,coco_train_reals,real,none,train,23cf2adb6c6eae2c,clean
0,coco_train_reals,real,none,train,23cf2adb6c6eae2c,jpeg90
0,coco_train_reals,real,none,train,23cf2adb6c6eae2c,jpeg70
0,coco_train_reals,real,none,train,23cf2adb6c6eae2c,blur10
0,coco_train_reals,real,none,train,61f66de5b7f26838,clean
0,coco_train_reals,real,none,train,61f66de5b7f26838,blur10
0,coco_train_reals,real,none,train,61f66de5b7f26838,noise005
0,coco_train_reals,real,none,train,61f66de5b7f26838,crop08
0,coco_train_reals,real,none,train,99fdb95d0b9d0f22,clean
0,coco_train_reals,real,none,train,99fdb95d0b9d0f22,jpeg90
0,coco_train_reals,real,none,train,99fdb95d0b9d0f22,jpeg50
0,coco_train_reals,real,none,train,99fdb95d0b9d0f22,jitter02
0,coco_train_reals,real,none,train,12329149f5e90556,clean
0,coco_train_reals,real,none,train,12329149f5e90556,blur10
0,coco_train_reals,real,none,train,12329149f5e90556,noise002
0,coco_train_reals,real,none,train,12329149f5e90556,noise01
0,coco_train_reals,real,none,train,870e54c38bfee201,clean
0,coco_train_reals,real,none,train,870e54c38bfee201,blur10
0,coco_train_reals,real,none,train,870e54c38bfee201,resize025
0,coco_train_reals,real,none,train,870e54c38bfee201,jitter02
0,coco_train_reals,real,none,train,668b82c4f3d56ab1,clean
0,coco_train_reals,real,none,train,668b82c4f3d56ab1,jpeg50
0,coco_train_reals,real,none,train,668b82c4f3d56ab1,jpeg30
0,coco_train_reals,real,none,train,668b82c4f3d56ab1,crop08
0,coco_train_reals,real,none,train,8c00a4358a23a845,clean
0,coco_train_reals,real,none,train,8c00a4358a23a845,jpeg70
0,coco_train_reals,real,none,train,8c00a4358a23a845,jpeg30
0,coco_train_reals,real,none,train,8c00a4358a23a845,noise01
0,coco_train_reals,real,none,train,0634b1429a173972,clean
0,coco_train_reals,real,none,train,0634b1429a173972,jpeg90
0,coco_train_reals,real,none,train,0634b1429a173972,blur10
0,coco_train_reals,real,none,train,0634b1429a173972,noise005
0,coco_train_reals,real,none,train,6c42d54544fa7212,clean
0,coco_train_reals,real,none,train,6c42d54544fa7212,jpeg50
0,coco_train_reals,real,none,train,6c42d54544fa7212,blur05
0,coco_train_reals,real,none,train,6c42d54544fa7212,noise005
0,coco_train_reals,real,none,train,bf64ce09f76221c9,clean
0,coco_train_reals,real,none,train,bf64ce09f76221c9,jpeg70
0,coco_train_reals,real,none,train,bf64ce09f76221c9,blur05
0,coco_train_reals,real,none,train,bf64ce09f76221c9,blur20
0,coco_train_reals,real,none,train,f83d0e19b433ee5d,clean
0,coco_train_reals,real,none,train,f83d0e19b433ee5d,jpeg30
0,coco_train_reals,real,none,train,f83d0e19b433ee5d,blur20
0,coco_train_reals,real,none,train,f83d0e19b433ee5d,resize05
0,coco_train_reals,real,none,train,4e2defc3e138c6e8,clean
0,coco_train_reals,real,none,train,4e2defc3e138c6e8,jpeg70
0,coco_train_reals,real,none,train,4e2defc3e138c6e8,resize025
0,coco_train_reals,real,none,train,4e2defc3e138c6e8,noise005
0,coco_train_reals,real,none,train,7e57b5eabb0d35dd,clean
0,coco_train_reals,real,none,train,7e57b5eabb0d35dd,blur05
0,coco_train_reals,real,none,train,7e57b5eabb0d35dd,resize025
0,coco_train_reals,real,none,train,7e57b5eabb0d35dd,noise005
0,coco_train_reals,real,none,train,a5798f57d23be0e4,clean
0,coco_train_reals,real,none,train,a5798f57d23be0e4,jpeg90
0,coco_train_reals,real,none,train,a5798f57d23be0e4,resize025
0,coco_train_reals,real,none,train,a5798f57d23be0e4,noise005
0,coco_train_reals,real,none,train,61e473dd4aabd72f,clean
0,coco_train_reals,real,none,train,61e473dd4aabd72f,jpeg70
0,coco_train_reals,real,none,train,61e473dd4aabd72f,blur20
0,coco_train_reals,real,none,train,61e473dd4aabd72f,noise002
0,coco_train_reals,real,none,train,46d6847eb7cc5ade,clean
0,coco_train_reals,real,none,train,46d6847eb7cc5ade,jpeg90
0,coco_train_reals,real,none,train,46d6847eb7cc5ade,jpeg50
0,coco_train_reals,real,none,train,46d6847eb7cc5ade,noise005
0,coco_train_reals,real,none,train,4f79c114beac6e89,clean
0,coco_train_reals,real,none,train,4f79c114beac6e89,jpeg70
0,coco_train_reals,real,none,train,4f79c114beac6e89,noise005
0,coco_train_reals,real,none,train,4f79c114beac6e89,crop08
0,coco_train_reals,real,none,train,941bad70d22658dd,clean
0,coco_train_reals,real,none,train,941bad70d22658dd,jpeg90
0,coco_train_reals,real,none,train,941bad70d22658dd,blur05
0,coco_train_reals,real,none,train,941bad70d22658dd,noise002
0,coco_train_reals,real,none,train,8419534c4c851697,clean
0,coco_train_reals,real,none,train,8419534c4c851697,jpeg90
0,coco_train_reals,real,none,train,8419534c4c851697,jpeg30
0,coco_train_reals,real,none,train,8419534c4c851697,noise005
0,coco_train_reals,real,none,train,d50a69bcbb9e67d7,clean
0,coco_train_reals,real,none,train,d50a69bcbb9e67d7,jpeg30
0,coco_train_reals,real,none,train,d50a69bcbb9e67d7,resize05
0,coco_train_reals,real,none,train,d50a69bcbb9e67d7,noise01
0,coco_train_reals,real,none,train,4d6deb8aa119460b,clean
0,coco_train_reals,real,none,train,4d6deb8aa119460b,noise002
0,coco_train_reals,real,none,train,4d6deb8aa119460b,noise005
0,coco_train_reals,real,none,train,4d6deb8aa119460b,noise01
0,coco_train_reals,real,none,train,b0781ea4fed2571d,clean
0,coco_train_reals,real,none,train,b0781ea4fed2571d,jpeg30
0,coco_train_reals,real,none,train,b0781ea4fed2571d,jitter02
0,coco_train_reals,real,none,train,b0781ea4fed2571d,crop08
0,coco_train_reals,real,none,train,3410c3952a8febab,clean
0,coco_train_reals,real,none,train,3410c3952a8febab,jpeg50
0,coco_train_reals,real,none,train,3410c3952a8febab,jpeg30
0,coco_train_reals,real,none,train,3410c3952a8febab,noise002
0,coco_train_reals,real,none,train,4752f7f6a7d89904,clean
0,coco_train_reals,real,none,train,4752f7f6a7d89904,blur20
0,coco_train_reals,real,none,train,4752f7f6a7d89904,noise002
0,coco_train_reals,real,none,train,4752f7f6a7d89904,noise005
0,coco_train_reals,real,none,train,98bf8ec729a65f8e,clean
0,coco_train_reals,real,none,train,98bf8ec729a65f8e,jpeg70
0,coco_train_reals,real,none,train,98bf8ec729a65f8e,resize05
0,coco_train_reals,real,none,train,98bf8ec729a65f8e,jitter02
0,coco_train_reals,real,none,train,edc6fd40cbee7a30,clean
0,coco_train_reals,real,none,train,edc6fd40cbee7a30,noise002
0,coco_train_reals,real,none,train,edc6fd40cbee7a30,noise005
0,coco_train_reals,real,none,train,edc6fd40cbee7a30,noise01
0,coco_train_reals,real,none,train,6d2c524df4a8f0f4,clean
0,coco_train_reals,real,none,train,6d2c524df4a8f0f4,jpeg50
0,coco_train_reals,real,none,train,6d2c524df4a8f0f4,blur10
0,coco_train_reals,real,none,train,6d2c524df4a8f0f4,jitter02
0,coco_train_reals,real,none,train,1914920fac23f1d2,clean
0,coco_train_reals,real,none,train,1914920fac23f1d2,blur20
0,coco_train_reals,real,none,train,1914920fac23f1d2,noise01
0,coco_train_reals,real,none,train,1914920fac23f1d2,crop08
0,coco_train_reals,real,none,train,f5f2b26ba557c996,clean
0,coco_train_reals,real,none,train,f5f2b26ba557c996,jpeg50
0,coco_train_reals,real,none,train,f5f2b26ba557c996,resize025
0,coco_train_reals,real,none,train,f5f2b26ba557c996,noise005
0,coco_train_reals,real,none,train,55647e3118c22fa7,clean
0,coco_train_reals,real,none,train,55647e3118c22fa7,noise002
0,coco_train_reals,real,none,train,55647e3118c22fa7,jitter02
0,coco_train_reals,real,none,train,55647e3118c22fa7,crop08
0,coco_train_reals,real,none,train,2ed167ab411c4146,clean
0,coco_train_reals,real,none,train,2ed167ab411c4146,jpeg70
0,coco_train_reals,real,none,train,2ed167ab411c4146,jpeg30
0,coco_train_reals,real,none,train,2ed167ab411c4146,blur20
0,coco_train_reals,real,none,train,bbb6c3bc63217bcc,clean
0,coco_train_reals,real,none,train,bbb6c3bc63217bcc,blur05
0,coco_train_reals,real,none,train,bbb6c3bc63217bcc,blur20
0,coco_train_reals,real,none,train,bbb6c3bc63217bcc,noise005
0,coco_train_reals,real,none,train,73bc763c766f5d84,clean
0,coco_train_reals,real,none,train,73bc763c766f5d84,jpeg70
0,coco_train_reals,real,none,train,73bc763c766f5d84,blur10
0,coco_train_reals,real,none,train,73bc763c766f5d84,noise01
0,coco_train_reals,real,none,train,75719404c92799a0,clean
0,coco_train_reals,real,none,train,75719404c92799a0,jpeg50
0,coco_train_reals,real,none,train,75719404c92799a0,blur05
0,coco_train_reals,real,none,train,75719404c92799a0,crop08
0,coco_train_reals,real,none,train,fce4e14f52950f7d,clean
0,coco_train_reals,real,none,train,fce4e14f52950f7d,jpeg30
0,coco_train_reals,real,none,train,fce4e14f52950f7d,noise002
0,coco_train_reals,real,none,train,fce4e14f52950f7d,noise005
0,coco_train_reals,real,none,train,02a0ab938086f3fe,clean
0,coco_train_reals,real,none,train,02a0ab938086f3fe,jpeg70
0,coco_train_reals,real,none,train,02a0ab938086f3fe,resize05
0,coco_train_reals,real,none,train,02a0ab938086f3fe,noise002
0,coco_train_reals,real,none,train,bb30f0f997f5d65d,clean
0,coco_train_reals,real,none,train,bb30f0f997f5d65d,jpeg70
0,coco_train_reals,real,none,train,bb30f0f997f5d65d,resize025
0,coco_train_reals,real,none,train,bb30f0f997f5d65d,noise002
0,coco_train_reals,real,none,train,251ac0a8e99a61dd,clean
0,coco_train_reals,real,none,train,251ac0a8e99a61dd,jpeg50
0,coco_train_reals,real,none,train,251ac0a8e99a61dd,jpeg30
0,coco_train_reals,real,none,train,251ac0a8e99a61dd,blur20
0,coco_train_reals,real,none,train,734bacaa6f7c6a8a,clean
0,coco_train_reals,real,none,train,734bacaa6f7c6a8a,jpeg90
0,coco_train_reals,real,none,train,734bacaa6f7c6a8a,blur10
0,coco_train_reals,real,none,train,734bacaa6f7c6a8a,jitter02
0,coco_train_reals,real,none,train,39d239318a258f97,clean
0,coco_train_reals,real,none,train,39d239318a258f97,jpeg90
0,coco_train_reals,real,none,train,39d239318a258f97,jpeg30
0,coco_train_reals,real,none,train,39d239318a258f97,noise002
0,coco_train_reals,real,none,train,76ce02cf71b41001,clean
0,coco_train_reals,real,none,train,76ce02cf71b41001,jpeg50
0,coco_train_reals,real,none,train,76ce02cf71b41001,blur10
0,coco_train_reals,real,none,train,76ce02cf71b41001,blur20
0,coco_train_reals,real,none,train,dcc7ee2d1e856568,clean
0,coco_train_reals,real,none,train,dcc7ee2d1e856568,jpeg70
0,coco_train_reals,real,none,train,dcc7ee2d1e856568,resize05
0,coco_train_reals,real,none,train,dcc7ee2d1e856568,jitter02
0,coco_train_reals,real,none,train,0af006c9d9ef2ea5,clean
0,coco_train_reals,real,none,train,0af006c9d9ef2ea5,jpeg70
0,coco_train_reals,real,none,train,0af006c9d9ef2ea5,blur20
0,coco_train_reals,real,none,train,0af006c9d9ef2ea5,noise01
0,coco_train_reals,real,none,train,435336682a9d5d26,clean
0,coco_train_reals,real,none,train,435336682a9d5d26,jpeg30
0,coco_train_reals,real,none,train,435336682a9d5d26,blur20
0,coco_train_reals,real,none,train,435336682a9d5d26,noise01
0,coco_train_reals,real,none,train,6389c40ebfd31c5e,clean
0,coco_train_reals,real,none,train,6389c40ebfd31c5e,resize05
0,coco_train_reals,real,none,train,6389c40ebfd31c5e,resize025
0,coco_train_reals,real,none,train,6389c40ebfd31c5e,noise002
0,coco_train_reals,real,none,train,edc71c31da30ae66,clean
0,coco_train_reals,real,none,train,edc71c31da30ae66,blur05
0,coco_train_reals,real,none,train,edc71c31da30ae66,blur10
0,coco_train_reals,real,none,train,edc71c31da30ae66,blur20
0,coco_train_reals,real,none,train,26c85d1b98ee7d3c,clean
0,coco_train_reals,real,none,train,26c85d1b98ee7d3c,jpeg30
0,coco_train_reals,real,none,train,26c85d1b98ee7d3c,resize025
0,coco_train_reals,real,none,train,26c85d1b98ee7d3c,crop08
0,coco_train_reals,real,none,train,78a28a5d0f400cb7,clean
0,coco_train_reals,real,none,train,78a28a5d0f400cb7,jpeg90
0,coco_train_reals,real,none,train,78a28a5d0f400cb7,blur05
0,coco_train_reals,real,none,train,78a28a5d0f400cb7,noise01
0,coco_train_reals,real,none,train,c61829b62a93cbd0,clean
0,coco_train_reals,real,none,train,c61829b62a93cbd0,jpeg90
0,coco_train_reals,real,none,train,c61829b62a93cbd0,jpeg30
0,coco_train_reals,real,none,train,c61829b62a93cbd0,crop08
0,coco_train_reals,real,none,train,849c816b439b4e23,clean
0,coco_train_reals,real,none,train,849c816b439b4e23,blur05
0,coco_train_reals,real,none,train,849c816b439b4e23,blur10
0,coco_train_reals,real,none,train,849c816b439b4e23,noise002
0,coco_train_reals,real,none,train,bcced2ec7c44ef93,clean
0,coco_train_reals,real,none,train,bcced2ec7c44ef93,blur05
0,coco_train_reals,real,none,train,bcced2ec7c44ef93,blur20
0,coco_train_reals,real,none,train,bcced2ec7c44ef93,noise005
0,coco_train_reals,real,none,train,e7cccb96931a711b,clean
0,coco_train_reals,real,none,train,e7cccb96931a711b,jpeg50
0,coco_train_reals,real,none,train,e7cccb96931a711b,blur10
0,coco_train_reals,real,none,train,e7cccb96931a711b,noise002
0,coco_train_reals,real,none,train,cbf988c93f08a39d,clean
0,coco_train_reals,real,none,train,cbf988c93f08a39d,jpeg50
0,coco_train_reals,real,none,train,cbf988c93f08a39d,blur20
0,coco_train_reals,real,none,train,cbf988c93f08a39d,noise005
0,coco_train_reals,real,none,train,dd7966f441479547,clean
0,coco_train_reals,real,none,train,dd7966f441479547,jpeg70
0,coco_train_reals,real,none,train,dd7966f441479547,blur20
0,coco_train_reals,real,none,train,dd7966f441479547,noise005
0,coco_train_reals,real,none,train,7f2d80a4f924789e,clean
0,coco_train_reals,real,none,train,7f2d80a4f924789e,jpeg90
0,coco_train_reals,real,none,train,7f2d80a4f924789e,jpeg50
0,coco_train_reals,real,none,train,7f2d80a4f924789e,noise002
0,coco_train_reals,real,none,train,6a3109e18d7a6ec4,clean
0,coco_train_reals,real,none,train,6a3109e18d7a6ec4,jpeg90
0,coco_train_reals,real,none,train,6a3109e18d7a6ec4,jpeg50
0,coco_train_reals,real,none,train,6a3109e18d7a6ec4,blur10
0,coco_train_reals,real,none,train,f980daf47716d510,clean
0,coco_train_reals,real,none,train,f980daf47716d510,jpeg90
0,coco_train_reals,real,none,train,f980daf47716d510,resize05
0,coco_train_reals,real,none,train,f980daf47716d510,crop08
0,coco_train_reals,real,none,train,ffeab5b39c317e5c,clean
0,coco_train_reals,real,none,train,ffeab5b39c317e5c,blur05
0,coco_train_reals,real,none,train,ffeab5b39c317e5c,blur10
0,coco_train_reals,real,none,train,ffeab5b39c317e5c,resize025
0,coco_train_reals,real,none,train,8ed3c316fdedcbc3,clean
0,coco_train_reals,real,none,train,8ed3c316fdedcbc3,blur05
0,coco_train_reals,real,none,train,8ed3c316fdedcbc3,resize025
0,coco_train_reals,real,none,train,8ed3c316fdedcbc3,noise005
0,coco_train_reals,real,none,train,f43ee6e6dbd27b35,clean
0,coco_train_reals,real,none,train,f43ee6e6dbd27b35,jpeg30
0,coco_train_reals,real,none,train,f43ee6e6dbd27b35,resize025
0,coco_train_reals,real,none,train,f43ee6e6dbd27b35,noise005
0,coco_train_reals,real,none,train,1983b35fe19debe6,clean
0,coco_train_reals,real,none,train,1983b35fe19debe6,blur05
0,coco_train_reals,real,none,train,1983b35fe19debe6,resize025
0,coco_train_reals,real,none,train,1983b35fe19debe6,noise01
0,coco_train_reals,real,none,train,a70df3db3da01cb2,clean
0,coco_train_reals,real,none,train,a70df3db3da01cb2,jpeg90
0,coco_train_reals,real,none,train,a70df3db3da01cb2,resize025
0,coco_train_reals,real,none,train,a70df3db3da01cb2,jitter02
0,coco_train_reals,real,none,train,6a021df85227d0cd,clean
0,coco_train_reals,real,none,train,6a021df85227d0cd,jpeg30
0,coco_train_reals,real,none,train,6a021df85227d0cd,blur10
0,coco_train_reals,real,none,train,6a021df85227d0cd,resize05
0,coco_train_reals,real,none,train,74f3e8477bb68cb8,clean
0,coco_train_reals,real,none,train,74f3e8477bb68cb8,jpeg70
0,coco_train_reals,real,none,train,74f3e8477bb68cb8,jpeg50
0,coco_train_reals,real,none,train,74f3e8477bb68cb8,blur10
0,coco_train_reals,real,none,train,f011111635576a7e,clean
0,coco_train_reals,real,none,train,f011111635576a7e,jpeg50
0,coco_train_reals,real,none,train,f011111635576a7e,blur10
0,coco_train_reals,real,none,train,f011111635576a7e,resize05
0,coco_train_reals,real,none,train,a9ba339b8778f0c4,clean
0,coco_train_reals,real,none,train,a9ba339b8778f0c4,jpeg70
0,coco_train_reals,real,none,train,a9ba339b8778f0c4,resize05
0,coco_train_reals,real,none,train,a9ba339b8778f0c4,resize025
0,coco_train_reals,real,none,train,b321c89ddbec171b,clean
0,coco_train_reals,real,none,train,b321c89ddbec171b,blur20
0,coco_train_reals,real,none,train,b321c89ddbec171b,resize05
0,coco_train_reals,real,none,train,b321c89ddbec171b,jitter02
0,coco_train_reals,real,none,train,97bcacd96821cb3f,clean
0,coco_train_reals,real,none,train,97bcacd96821cb3f,jpeg50
0,coco_train_reals,real,none,train,97bcacd96821cb3f,blur05
0,coco_train_reals,real,none,train,97bcacd96821cb3f,jitter02
0,coco_train_reals,real,none,train,bf93eed9bf4fbb23,clean
0,coco_train_reals,real,none,train,bf93eed9bf4fbb23,jpeg90
0,coco_train_reals,real,none,train,bf93eed9bf4fbb23,blur20
0,coco_train_reals,real,none,train,bf93eed9bf4fbb23,noise005
0,coco_train_reals,real,none,train,a9d24bf4acab5197,clean
0,coco_train_reals,real,none,train,a9d24bf4acab5197,blur05
0,coco_train_reals,real,none,train,a9d24bf4acab5197,noise002
0,coco_train_reals,real,none,train,a9d24bf4acab5197,crop08
0,coco_train_reals,real,none,train,7e6d8461685405df,clean
0,coco_train_reals,real,none,train,7e6d8461685405df,jpeg50
0,coco_train_reals,real,none,train,7e6d8461685405df,resize025
0,coco_train_reals,real,none,train,7e6d8461685405df,noise01
0,coco_train_reals,real,none,train,c56960c481765596,clean
0,coco_train_reals,real,none,train,c56960c481765596,blur20
0,coco_train_reals,real,none,train,c56960c481765596,jitter02
0,coco_train_reals,real,none,train,c56960c481765596,crop08
0,coco_train_reals,real,none,train,072cb598cf2c59c8,clean
0,coco_train_reals,real,none,train,072cb598cf2c59c8,jpeg90
0,coco_train_reals,real,none,train,072cb598cf2c59c8,jpeg30
0,coco_train_reals,real,none,train,072cb598cf2c59c8,blur05
0,coco_train_reals,real,none,train,47629b132d99a09a,clean
0,coco_train_reals,real,none,train,47629b132d99a09a,jpeg50
0,coco_train_reals,real,none,train,47629b132d99a09a,resize05
0,coco_train_reals,real,none,train,47629b132d99a09a,noise01
0,coco_train_reals,real,none,train,1779b070d2798011,clean
0,coco_train_reals,real,none,train,1779b070d2798011,jpeg90
0,coco_train_reals,real,none,train,1779b070d2798011,jpeg70
0,coco_train_reals,real,none,train,1779b070d2798011,noise005
0,coco_train_reals,real,none,train,83498ee8963dc99a,clean
0,coco_train_reals,real,none,train,83498ee8963dc99a,jpeg50
0,coco_train_reals,real,none,train,83498ee8963dc99a,blur05
0,coco_train_reals,real,none,train,83498ee8963dc99a,crop08
0,coco_train_reals,real,none,train,58abd6dda5b03801,clean
0,coco_train_reals,real,none,train,58abd6dda5b03801,blur20
0,coco_train_reals,real,none,train,58abd6dda5b03801,noise005
0,coco_train_reals,real,none,train,58abd6dda5b03801,noise01
0,coco_train_reals,real,none,train,9d98ee6f40fe9f12,clean
0,coco_train_reals,real,none,train,9d98ee6f40fe9f12,blur20
0,coco_train_reals,real,none,train,9d98ee6f40fe9f12,resize05
0,coco_train_reals,real,none,train,9d98ee6f40fe9f12,noise002
0,coco_train_reals,real,none,train,adb697e9958e498f,clean
0,coco_train_reals,real,none,train,adb697e9958e498f,jpeg90
0,coco_train_reals,real,none,train,adb697e9958e498f,noise005
0,coco_train_reals,real,none,train,adb697e9958e498f,jitter02
0,coco_train_reals,real,none,train,7c4296f6b93408d2,clean
0,coco_train_reals,real,none,train,7c4296f6b93408d2,jpeg70
0,coco_train_reals,real,none,train,7c4296f6b93408d2,blur10
0,coco_train_reals,real,none,train,7c4296f6b93408d2,jitter02
0,coco_train_reals,real,none,train,aa33abf859ae2a3e,clean
0,coco_train_reals,real,none,train,aa33abf859ae2a3e,jpeg70
0,coco_train_reals,real,none,train,aa33abf859ae2a3e,jpeg30
0,coco_train_reals,real,none,train,aa33abf859ae2a3e,blur20
0,coco_train_reals,real,none,train,cc6d49e7d281923c,clean
0,coco_train_reals,real,none,train,cc6d49e7d281923c,blur20
0,coco_train_reals,real,none,train,cc6d49e7d281923c,noise005
0,coco_train_reals,real,none,train,cc6d49e7d281923c,noise01
0,coco_train_reals,real,none,train,fe6c9540e4d5b947,clean
0,coco_train_reals,real,none,train,fe6c9540e4d5b947,blur05
0,coco_train_reals,real,none,train,fe6c9540e4d5b947,blur10
0,coco_train_reals,real,none,train,fe6c9540e4d5b947,noise005
0,coco_train_reals,real,none,train,c05d33d3bfe4e9b8,clean
0,coco_train_reals,real,none,train,c05d33d3bfe4e9b8,jpeg90
0,coco_train_reals,real,none,train,c05d33d3bfe4e9b8,blur05
0,coco_train_reals,real,none,train,c05d33d3bfe4e9b8,noise002
0,coco_train_reals,real,none,train,651d1b56e64b507f,clean
0,coco_train_reals,real,none,train,651d1b56e64b507f,resize05
0,coco_train_reals,real,none,train,651d1b56e64b507f,resize025
0,coco_train_reals,real,none,train,651d1b56e64b507f,noise01
0,coco_train_reals,real,none,train,0feecc52f3d8db28,clean
0,coco_train_reals,real,none,train,0feecc52f3d8db28,jpeg90
0,coco_train_reals,real,none,train,0feecc52f3d8db28,jpeg30
0,coco_train_reals,real,none,train,0feecc52f3d8db28,resize025
0,coco_train_reals,real,none,train,b82a2b27455a55ac,clean
0,coco_train_reals,real,none,train,b82a2b27455a55ac,resize05
0,coco_train_reals,real,none,train,b82a2b27455a55ac,noise005
0,coco_train_reals,real,none,train,b82a2b27455a55ac,jitter02
0,coco_train_reals,real,none,train,87adae3f8cf4d855,clean
0,coco_train_reals,real,none,train,87adae3f8cf4d855,jpeg30
0,coco_train_reals,real,none,train,87adae3f8cf4d855,noise002
0,coco_train_reals,real,none,train,87adae3f8cf4d855,jitter02
0,coco_train_reals,real,none,train,0e29a2c78decd638,clean
0,coco_train_reals,real,none,train,0e29a2c78decd638,blur10
0,coco_train_reals,real,none,train,0e29a2c78decd638,resize025
0,coco_train_reals,real,none,train,0e29a2c78decd638,noise01
0,coco_train_reals,real,none,train,d70b1f9e871b95f1,clean
0,coco_train_reals,real,none,train,d70b1f9e871b95f1,jpeg70
0,coco_train_reals,real,none,train,d70b1f9e871b95f1,blur10
0,coco_train_reals,real,none,train,d70b1f9e871b95f1,noise002
0,coco_train_reals,real,none,train,5f463d14c275324d,clean
0,coco_train_reals,real,none,train,5f463d14c275324d,jpeg50
0,coco_train_reals,real,none,train,5f463d14c275324d,resize05
0,coco_train_reals,real,none,train,5f463d14c275324d,noise005
0,coco_train_reals,real,none,train,07d8e2c5046177ff,clean
0,coco_train_reals,real,none,train,07d8e2c5046177ff,blur05
0,coco_train_reals,real,none,train,07d8e2c5046177ff,noise01
0,coco_train_reals,real,none,train,07d8e2c5046177ff,jitter02
0,coco_train_reals,real,none,train,e5764f63f93d4dd6,clean
0,coco_train_reals,real,none,train,e5764f63f93d4dd6,blur05
0,coco_train_reals,real,none,train,e5764f63f93d4dd6,resize025
0,coco_train_reals,real,none,train,e5764f63f93d4dd6,crop08
0,coco_train_reals,real,none,train,84c3b604214fb789,clean
0,coco_train_reals,real,none,train,84c3b604214fb789,blur05
0,coco_train_reals,real,none,train,84c3b604214fb789,resize05
0,coco_train_reals,real,none,train,84c3b604214fb789,jitter02
0,coco_train_reals,real,none,train,427eef96fc22ceb0,clean
0,coco_train_reals,real,none,train,427eef96fc22ceb0,jpeg50
0,coco_train_reals,real,none,train,427eef96fc22ceb0,resize025
0,coco_train_reals,real,none,train,427eef96fc22ceb0,noise01
0,coco_train_reals,real,none,train,195c245a23420de4,clean
0,coco_train_reals,real,none,train,195c245a23420de4,blur10
0,coco_train_reals,real,none,train,195c245a23420de4,blur20
0,coco_train_reals,real,none,train,195c245a23420de4,jitter02
0,coco_train_reals,real,none,train,ce735af38fad72c6,clean
0,coco_train_reals,real,none,train,ce735af38fad72c6,blur05
0,coco_train_reals,real,none,train,ce735af38fad72c6,resize05
0,coco_train_reals,real,none,train,ce735af38fad72c6,noise01
0,coco_train_reals,real,none,train,42395bf7ff4c53b4,clean
0,coco_train_reals,real,none,train,42395bf7ff4c53b4,jpeg30
0,coco_train_reals,real,none,train,42395bf7ff4c53b4,blur05
0,coco_train_reals,real,none,train,42395bf7ff4c53b4,crop08
0,coco_train_reals,real,none,train,7526afb51526142d,clean
0,coco_train_reals,real,none,train,7526afb51526142d,blur10
0,coco_train_reals,real,none,train,7526afb51526142d,noise005
0,coco_train_reals,real,none,train,7526afb51526142d,noise01
0,coco_train_reals,real,none,train,1a4eaafb815b6270,clean
0,coco_train_reals,real,none,train,1a4eaafb815b6270,jpeg90
0,coco_train_reals,real,none,train,1a4eaafb815b6270,jpeg30
0,coco_train_reals,real,none,train,1a4eaafb815b6270,resize05
0,coco_train_reals,real,none,train,3b6385f304e96d1d,clean
0,coco_train_reals,real,none,train,3b6385f304e96d1d,jpeg30
0,coco_train_reals,real,none,train,3b6385f304e96d1d,blur20
0,coco_train_reals,real,none,train,3b6385f304e96d1d,resize05
0,coco_train_reals,real,none,train,8bf0e7cb0d2c2059,clean
0,coco_train_reals,real,none,train,8bf0e7cb0d2c2059,jpeg50
0,coco_train_reals,real,none,train,8bf0e7cb0d2c2059,blur20
0,coco_train_reals,real,none,train,8bf0e7cb0d2c2059,noise002
0,coco_train_reals,real,none,train,ab225872b3a6c861,clean
0,coco_train_reals,real,none,train,ab225872b3a6c861,jpeg90
0,coco_train_reals,real,none,train,ab225872b3a6c861,jpeg50
0,coco_train_reals,real,none,train,ab225872b3a6c861,jitter02
0,coco_train_reals,real,none,train,5e66690aadaa3cef,clean
0,coco_train_reals,real,none,train,5e66690aadaa3cef,jpeg70
0,coco_train_reals,real,none,train,5e66690aadaa3cef,blur10
0,coco_train_reals,real,none,train,5e66690aadaa3cef,noise005
0,coco_train_reals,real,none,train,f781d528dbde79eb,clean
0,coco_train_reals,real,none,train,f781d528dbde79eb,blur05
0,coco_train_reals,real,none,train,f781d528dbde79eb,blur10
0,coco_train_reals,real,none,train,f781d528dbde79eb,resize05
0,coco_train_reals,real,none,train,ca0bd4dfc750c199,clean
0,coco_train_reals,real,none,train,ca0bd4dfc750c199,jpeg90
0,coco_train_reals,real,none,train,ca0bd4dfc750c199,jpeg70
0,coco_train_reals,real,none,train,ca0bd4dfc750c199,blur10
0,coco_train_reals,real,none,train,4510b5da61f266f8,clean
0,coco_train_reals,real,none,train,4510b5da61f266f8,jpeg50
0,coco_train_reals,real,none,train,4510b5da61f266f8,blur20
0,coco_train_reals,real,none,train,4510b5da61f266f8,noise01
0,coco_train_reals,real,none,train,3e26eafc767b1d86,clean
0,coco_train_reals,real,none,train,3e26eafc767b1d86,jpeg90
0,coco_train_reals,real,none,train,3e26eafc767b1d86,blur05
0,coco_train_reals,real,none,train,3e26eafc767b1d86,noise01
0,coco_train_reals,real,none,train,2f2cd295aeb030f9,clean
0,coco_train_reals,real,none,train,2f2cd295aeb030f9,blur10
0,coco_train_reals,real,none,train,2f2cd295aeb030f9,noise005
0,coco_train_reals,real,none,train,2f2cd295aeb030f9,noise01
0,coco_train_reals,real,none,train,c479134b3f2cb7cd,clean
0,coco_train_reals,real,none,train,c479134b3f2cb7cd,jpeg90
0,coco_train_reals,real,none,train,c479134b3f2cb7cd,jpeg70
0,coco_train_reals,real,none,train,c479134b3f2cb7cd,resize025
0,coco_train_reals,real,none,train,90485f4615ba2fce,clean
0,coco_train_reals,real,none,train,90485f4615ba2fce,jpeg50
0,coco_train_reals,real,none,train,90485f4615ba2fce,noise002
0,coco_train_reals,real,none,train,90485f4615ba2fce,noise005
0,coco_train_reals,real,none,train,850ff924d25d411f,clean
0,coco_train_reals,real,none,train,850ff924d25d411f,blur05
0,coco_train_reals,real,none,train,850ff924d25d411f,blur20
0,coco_train_reals,real,none,train,850ff924d25d411f,jitter02
0,coco_train_reals,real,none,train,578f2b7c8c386d7c,clean
0,coco_train_reals,real,none,train,578f2b7c8c386d7c,jpeg50
0,coco_train_reals,real,none,train,578f2b7c8c386d7c,blur10
0,coco_train_reals,real,none,train,578f2b7c8c386d7c,blur20
0,coco_train_reals,real,none,train,066baf2578fff0d8,clean
0,coco_train_reals,real,none,train,066baf2578fff0d8,jpeg70
0,coco_train_reals,real,none,train,066baf2578fff0d8,jpeg50
0,coco_train_reals,real,none,train,066baf2578fff0d8,noise005
0,coco_train_reals,real,none,train,9de0fa0d0c5a97ec,clean
0,coco_train_reals,real,none,train,9de0fa0d0c5a97ec,jpeg30
0,coco_train_reals,real,none,train,9de0fa0d0c5a97ec,blur05
0,coco_train_reals,real,none,train,9de0fa0d0c5a97ec,noise005
0,coco_train_reals,real,none,train,8a363b26a1d491e3,clean
0,coco_train_reals,real,none,train,8a363b26a1d491e3,jpeg90
0,coco_train_reals,real,none,train,8a363b26a1d491e3,resize05
0,coco_train_reals,real,none,train,8a363b26a1d491e3,jitter02
0,coco_train_reals,real,none,train,bc96eaab6f241805,clean
0,coco_train_reals,real,none,train,bc96eaab6f241805,noise002
0,coco_train_reals,real,none,train,bc96eaab6f241805,noise01
0,coco_train_reals,real,none,train,bc96eaab6f241805,jitter02
0,coco_train_reals,real,none,train,4207b8204455b818,clean
0,coco_train_reals,real,none,train,4207b8204455b818,jpeg90
0,coco_train_reals,real,none,train,4207b8204455b818,jpeg50
0,coco_train_reals,real,none,train,4207b8204455b818,jitter02
0,coco_train_reals,real,none,train,347650906806373a,clean
0,coco_train_reals,real,none,train,347650906806373a,jpeg70
0,coco_train_reals,real,none,train,347650906806373a,jpeg50
0,coco_train_reals,real,none,train,347650906806373a,jitter02
0,coco_train_reals,real,none,train,e67e0b07b47c23b3,clean
0,coco_train_reals,real,none,train,e67e0b07b47c23b3,jpeg30
0,coco_train_reals,real,none,train,e67e0b07b47c23b3,noise002
0,coco_train_reals,real,none,train,e67e0b07b47c23b3,crop08
0,coco_train_reals,real,none,train,d1abd89dd7825219,clean
0,coco_train_reals,real,none,train,d1abd89dd7825219,blur10
0,coco_train_reals,real,none,train,d1abd89dd7825219,resize025
0,coco_train_reals,real,none,train,d1abd89dd7825219,jitter02
0,coco_train_reals,real,none,train,98145a3c36037739,clean
0,coco_train_reals,real,none,train,98145a3c36037739,jpeg90
0,coco_train_reals,real,none,train,98145a3c36037739,noise005
0,coco_train_reals,real,none,train,98145a3c36037739,jitter02
0,coco_train_reals,real,none,train,c63521dcce920b16,clean
0,coco_train_reals,real,none,train,c63521dcce920b16,jpeg70
0,coco_train_reals,real,none,train,c63521dcce920b16,blur10
0,coco_train_reals,real,none,train,c63521dcce920b16,jitter02
0,coco_train_reals,real,none,train,0010b13f581ece13,clean
0,coco_train_reals,real,none,train,0010b13f581ece13,jpeg70
0,coco_train_reals,real,none,train,0010b13f581ece13,blur05
0,coco_train_reals,real,none,train,0010b13f581ece13,blur10
0,coco_train_reals,real,none,train,a3d5ff3248d8efa3,clean
0,coco_train_reals,real,none,train,a3d5ff3248d8efa3,jpeg30
0,coco_train_reals,real,none,train,a3d5ff3248d8efa3,blur05
0,coco_train_reals,real,none,train,a3d5ff3248d8efa3,noise005
0,coco_train_reals,real,none,train,507aefa67c2b0944,clean
0,coco_train_reals,real,none,train,507aefa67c2b0944,blur05
0,coco_train_reals,real,none,train,507aefa67c2b0944,jitter02
0,coco_train_reals,real,none,train,507aefa67c2b0944,crop08
0,coco_train_reals,real,none,train,f2dc0588af6e9601,clean
0,coco_train_reals,real,none,train,f2dc0588af6e9601,jpeg70
0,coco_train_reals,real,none,train,f2dc0588af6e9601,blur20
0,coco_train_reals,real,none,train,f2dc0588af6e9601,noise005
0,coco_train_reals,real,none,train,5d66de69845da680,clean
0,coco_train_reals,real,none,train,5d66de69845da680,jpeg70
0,coco_train_reals,real,none,train,5d66de69845da680,resize05
0,coco_train_reals,real,none,train,5d66de69845da680,noise005
0,coco_train_reals,real,none,train,6a2ddc6c96f00989,clean
0,coco_train_reals,real,none,train,6a2ddc6c96f00989,blur10
0,coco_train_reals,real,none,train,6a2ddc6c96f00989,blur20
0,coco_train_reals,real,none,train,6a2ddc6c96f00989,noise005
0,coco_train_reals,real,none,train,f705a95871c7e4c3,clean
0,coco_train_reals,real,none,train,f705a95871c7e4c3,blur05
0,coco_train_reals,real,none,train,f705a95871c7e4c3,noise005
0,coco_train_reals,real,none,train,f705a95871c7e4c3,noise01
0,coco_train_reals,real,none,train,ed386b8eb0e52a2c,clean
0,coco_train_reals,real,none,train,ed386b8eb0e52a2c,jpeg50
0,coco_train_reals,real,none,train,ed386b8eb0e52a2c,noise005
0,coco_train_reals,real,none,train,ed386b8eb0e52a2c,crop08
0,coco_train_reals,real,none,train,3f4114cbcf4a31d5,clean
0,coco_train_reals,real,none,train,3f4114cbcf4a31d5,resize025
0,coco_train_reals,real,none,train,3f4114cbcf4a31d5,noise005
0,coco_train_reals,real,none,train,3f4114cbcf4a31d5,jitter02
0,coco_train_reals,real,none,train,bd47544fba8cc8e7,clean
0,coco_train_reals,real,none,train,bd47544fba8cc8e7,noise002
0,coco_train_reals,real,none,train,bd47544fba8cc8e7,jitter02
0,coco_train_reals,real,none,train,bd47544fba8cc8e7,crop08
0,coco_train_reals,real,none,train,0cfa680876df9a82,clean
0,coco_train_reals,real,none,train,0cfa680876df9a82,blur20
0,coco_train_reals,real,none,train,0cfa680876df9a82,resize05
0,coco_train_reals,real,none,train,0cfa680876df9a82,resize025
0,coco_train_reals,real,none,train,6f11a71dfcb3f26a,clean
0,coco_train_reals,real,none,train,6f11a71dfcb3f26a,jpeg30
0,coco_train_reals,real,none,train,6f11a71dfcb3f26a,blur10
0,coco_train_reals,real,none,train,6f11a71dfcb3f26a,blur20
0,coco_train_reals,real,none,train,73415dd3e7258a82,clean
0,coco_train_reals,real,none,train,73415dd3e7258a82,jpeg70
0,coco_train_reals,real,none,train,73415dd3e7258a82,noise01
0,coco_train_reals,real,none,train,73415dd3e7258a82,jitter02
0,coco_train_reals,real,none,train,c7304d0700e83c16,clean
0,coco_train_reals,real,none,train,c7304d0700e83c16,jpeg50
0,coco_train_reals,real,none,train,c7304d0700e83c16,blur05
0,coco_train_reals,real,none,train,c7304d0700e83c16,crop08
0,coco_train_reals,real,none,train,2134db1f7dfa271e,clean
0,coco_train_reals,real,none,train,2134db1f7dfa271e,jpeg70
0,coco_train_reals,real,none,train,2134db1f7dfa271e,blur05
0,coco_train_reals,real,none,train,2134db1f7dfa271e,crop08
0,coco_train_reals,real,none,train,e5f26a2d2df3946b,clean
0,coco_train_reals,real,none,train,e5f26a2d2df3946b,noise005
0,coco_train_reals,real,none,train,e5f26a2d2df3946b,noise01
0,coco_train_reals,real,none,train,e5f26a2d2df3946b,crop08
0,coco_train_reals,real,none,train,8aed88def38c3471,clean
0,coco_train_reals,real,none,train,8aed88def38c3471,jpeg50
0,coco_train_reals,real,none,train,8aed88def38c3471,resize025
0,coco_train_reals,real,none,train,8aed88def38c3471,jitter02
0,coco_train_reals,real,none,train,0967b9b17c58cde6,clean
0,coco_train_reals,real,none,train,0967b9b17c58cde6,jpeg50
0,coco_train_reals,real,none,train,0967b9b17c58cde6,blur05
0,coco_train_reals,real,none,train,0967b9b17c58cde6,blur20
0,coco_train_reals,real,none,train,36a206650515aabe,clean
0,coco_train_reals,real,none,train,36a206650515aabe,jpeg30
0,coco_train_reals,real,none,train,36a206650515aabe,blur10
0,coco_train_reals,real,none,train,36a206650515aabe,noise002
0,coco_train_reals,real,none,train,4ae3bef2d25abde4,clean
0,coco_train_reals,real,none,train,4ae3bef2d25abde4,blur20
0,coco_train_reals,real,none,train,4ae3bef2d25abde4,noise002
0,coco_train_reals,real,none,train,4ae3bef2d25abde4,crop08
0,coco_train_reals,real,none,train,8be700068ac498af,clean
0,coco_train_reals,real,none,train,8be700068ac498af,jpeg70
0,coco_train_reals,real,none,train,8be700068ac498af,blur05
0,coco_train_reals,real,none,train,8be700068ac498af,noise005
0,coco_train_reals,real,none,train,5864d8f89d39f00e,clean
0,coco_train_reals,real,none,train,5864d8f89d39f00e,jpeg70
0,coco_train_reals,real,none,train,5864d8f89d39f00e,blur05
0,coco_train_reals,real,none,train,5864d8f89d39f00e,jitter02
0,coco_train_reals,real,none,train,b81e38ed185c0577,clean
0,coco_train_reals,real,none,train,b81e38ed185c0577,noise005
0,coco_train_reals,real,none,train,b81e38ed185c0577,jitter02
0,coco_train_reals,real,none,train,b81e38ed185c0577,crop08
0,coco_train_reals,real,none,train,06806ec9d08d6a27,clean
0,coco_train_reals,real,none,train,06806ec9d08d6a27,blur05
0,coco_train_reals,real,none,train,06806ec9d08d6a27,noise002
0,coco_train_reals,real,none,train,06806ec9d08d6a27,jitter02
0,coco_train_reals,real,none,train,f4340675dd895cbe,clean
0,coco_train_reals,real,none,train,f4340675dd895cbe,jpeg30
0,coco_train_reals,real,none,train,f4340675dd895cbe,blur05
0,coco_train_reals,real,none,train,f4340675dd895cbe,noise01
0,coco_train_reals,real,none,train,b53de1686808e593,clean
0,coco_train_reals,real,none,train,b53de1686808e593,jpeg90
0,coco_train_reals,real,none,train,b53de1686808e593,blur05
0,coco_train_reals,real,none,train,b53de1686808e593,noise002
0,coco_train_reals,real,none,train,38b4dd8559acb22b,clean
0,coco_train_reals,real,none,train,38b4dd8559acb22b,blur10
0,coco_train_reals,real,none,train,38b4dd8559acb22b,noise005
0,coco_train_reals,real,none,train,38b4dd8559acb22b,crop08
0,coco_train_reals,real,none,train,c9845665b51b1b6e,clean
0,coco_train_reals,real,none,train,c9845665b51b1b6e,resize025
0,coco_train_reals,real,none,train,c9845665b51b1b6e,noise005
0,coco_train_reals,real,none,train,c9845665b51b1b6e,crop08
0,coco_train_reals,real,none,train,66ffcf0003206d1c,clean
0,coco_train_reals,real,none,train,66ffcf0003206d1c,blur05
0,coco_train_reals,real,none,train,66ffcf0003206d1c,blur20
0,coco_train_reals,real,none,train,66ffcf0003206d1c,noise005
0,coco_train_reals,real,none,train,d93ba6274fb2772a,clean
0,coco_train_reals,real,none,train,d93ba6274fb2772a,jpeg70
0,coco_train_reals,real,none,train,d93ba6274fb2772a,resize05
0,coco_train_reals,real,none,train,d93ba6274fb2772a,noise002
0,coco_train_reals,real,none,train,369ac7b1e5c53cb7,clean
0,coco_train_reals,real,none,train,369ac7b1e5c53cb7,blur20
0,coco_train_reals,real,none,train,369ac7b1e5c53cb7,noise002
0,coco_train_reals,real,none,train,369ac7b1e5c53cb7,noise01
0,coco_train_reals,real,none,train,63355bb580dde7ae,clean
0,coco_train_reals,real,none,train,63355bb580dde7ae,jpeg50
0,coco_train_reals,real,none,train,63355bb580dde7ae,blur05
0,coco_train_reals,real,none,train,63355bb580dde7ae,resize05
0,coco_train_reals,real,none,train,d18878b9318b3883,clean
0,coco_train_reals,real,none,train,d18878b9318b3883,jpeg90
0,coco_train_reals,real,none,train,d18878b9318b3883,blur05
0,coco_train_reals,real,none,train,d18878b9318b3883,resize025
0,coco_train_reals,real,none,train,706214b8f24dbd90,clean
0,coco_train_reals,real,none,train,706214b8f24dbd90,blur10
0,coco_train_reals,real,none,train,706214b8f24dbd90,resize05
0,coco_train_reals,real,none,train,706214b8f24dbd90,jitter02
0,coco_train_reals,real,none,train,d6609e299a6100c9,clean
0,coco_train_reals,real,none,train,d6609e299a6100c9,resize025
0,coco_train_reals,real,none,train,d6609e299a6100c9,noise002
0,coco_train_reals,real,none,train,d6609e299a6100c9,crop08
0,coco_train_reals,real,none,train,b329883dd9a5f147,clean
0,coco_train_reals,real,none,train,b329883dd9a5f147,blur10
0,coco_train_reals,real,none,train,b329883dd9a5f147,resize025
0,coco_train_reals,real,none,train,b329883dd9a5f147,jitter02
0,coco_train_reals,real,none,train,e68d1812890256c0,clean
0,coco_train_reals,real,none,train,e68d1812890256c0,jpeg90
0,coco_train_reals,real,none,train,e68d1812890256c0,noise002
0,coco_train_reals,real,none,train,e68d1812890256c0,noise01
0,coco_train_reals,real,none,train,d76b44ee398c3272,clean
0,coco_train_reals,real,none,train,d76b44ee398c3272,jpeg70
0,coco_train_reals,real,none,train,d76b44ee398c3272,noise002
0,coco_train_reals,real,none,train,d76b44ee398c3272,noise01
0,coco_train_reals,real,none,train,207e593a2370243d,clean
0,coco_train_reals,real,none,train,207e593a2370243d,jpeg30
0,coco_train_reals,real,none,train,207e593a2370243d,noise005
0,coco_train_reals,real,none,train,207e593a2370243d,crop08
0,coco_train_reals,real,none,train,0848ece98dac87ea,clean
0,coco_train_reals,real,none,train,0848ece98dac87ea,blur05
0,coco_train_reals,real,none,train,0848ece98dac87ea,noise005
0,coco_train_reals,real,none,train,0848ece98dac87ea,crop08
0,coco_train_reals,real,none,train,1d1b8f6dbf919fe9,clean
0,coco_train_reals,real,none,train,1d1b8f6dbf919fe9,blur10
0,coco_train_reals,real,none,train,1d1b8f6dbf919fe9,noise005
0,coco_train_reals,real,none,train,1d1b8f6dbf919fe9,crop08
0,coco_train_reals,real,none,train,270b8ff98f55786e,clean
0,coco_train_reals,real,none,train,270b8ff98f55786e,blur20
0,coco_train_reals,real,none,train,270b8ff98f55786e,resize05
0,coco_train_reals,real,none,train,270b8ff98f55786e,jitter02
0,coco_train_reals,real,none,train,8845a018133f5c55,clean
0,coco_train_reals,real,none,train,8845a018133f5c55,jpeg90
0,coco_train_reals,real,none,train,8845a018133f5c55,blur05
0,coco_train_reals,real,none,train,8845a018133f5c55,resize05
0,coco_train_reals,real,none,train,f7f364db0d9df00a,clean
0,coco_train_reals,real,none,train,f7f364db0d9df00a,blur05
0,coco_train_reals,real,none,train,f7f364db0d9df00a,noise01
0,coco_train_reals,real,none,train,f7f364db0d9df00a,jitter02
0,coco_train_reals,real,none,train,3064c9fe7a12b625,clean
0,coco_train_reals,real,none,train,3064c9fe7a12b625,jpeg90
0,coco_train_reals,real,none,train,3064c9fe7a12b625,jpeg50
0,coco_train_reals,real,none,train,3064c9fe7a12b625,resize025
0,coco_train_reals,real,none,train,ccfa3d31e91daee2,clean
0,coco_train_reals,real,none,train,ccfa3d31e91daee2,blur05
0,coco_train_reals,real,none,train,ccfa3d31e91daee2,resize05
0,coco_train_reals,real,none,train,ccfa3d31e91daee2,jitter02
0,coco_train_reals,real,none,train,63254d93b5f393eb,clean
0,coco_train_reals,real,none,train,63254d93b5f393eb,blur10
0,coco_train_reals,real,none,train,63254d93b5f393eb,blur20
0,coco_train_reals,real,none,train,63254d93b5f393eb,resize025
0,coco_train_reals,real,none,train,450d917272bef7db,clean
0,coco_train_reals,real,none,train,450d917272bef7db,jpeg30
0,coco_train_reals,real,none,train,450d917272bef7db,resize05
0,coco_train_reals,real,none,train,450d917272bef7db,crop08
0,coco_train_reals,real,none,train,7bcabd1d6821aaff,clean
0,coco_train_reals,real,none,train,7bcabd1d6821aaff,jpeg30
0,coco_train_reals,real,none,train,7bcabd1d6821aaff,blur10
0,coco_train_reals,real,none,train,7bcabd1d6821aaff,resize025
0,coco_train_reals,real,none,train,bbd051fa62cb0575,clean
0,coco_train_reals,real,none,train,bbd051fa62cb0575,blur10
0,coco_train_reals,real,none,train,bbd051fa62cb0575,blur20
0,coco_train_reals,real,none,train,bbd051fa62cb0575,noise005
0,coco_train_reals,real,none,train,fc7552c395aa783b,clean
0,coco_train_reals,real,none,train,fc7552c395aa783b,noise002
0,coco_train_reals,real,none,train,fc7552c395aa783b,noise005
0,coco_train_reals,real,none,train,fc7552c395aa783b,crop08
0,coco_train_reals,real,none,train,9d1686316e8b67c2,clean
0,coco_train_reals,real,none,train,9d1686316e8b67c2,blur20
0,coco_train_reals,real,none,train,9d1686316e8b67c2,noise002
0,coco_train_reals,real,none,train,9d1686316e8b67c2,noise01
0,coco_train_reals,real,none,train,097db88a2285d79c,clean
0,coco_train_reals,real,none,train,097db88a2285d79c,jpeg70
0,coco_train_reals,real,none,train,097db88a2285d79c,noise002
0,coco_train_reals,real,none,train,097db88a2285d79c,noise005
0,coco_train_reals,real,none,train,aabd087284612e5f,clean
0,coco_train_reals,real,none,train,aabd087284612e5f,blur10
0,coco_train_reals,real,none,train,aabd087284612e5f,resize025
0,coco_train_reals,real,none,train,aabd087284612e5f,crop08
0,coco_train_reals,real,none,train,14a19779cb86d220,clean
0,coco_train_reals,real,none,train,14a19779cb86d220,jpeg90
0,coco_train_reals,real,none,train,14a19779cb86d220,resize05
0,coco_train_reals,real,none,train,14a19779cb86d220,noise01
0,coco_train_reals,real,none,train,7c2ff81397dc610c,clean
0,coco_train_reals,real,none,train,7c2ff81397dc610c,jpeg70
0,coco_train_reals,real,none,train,7c2ff81397dc610c,blur20
0,coco_train_reals,real,none,train,7c2ff81397dc610c,noise01
0,coco_train_reals,real,none,train,a1f46dcf7e6d1cf7,clean
0,coco_train_reals,real,none,train,a1f46dcf7e6d1cf7,jpeg90
0,coco_train_reals,real,none,train,a1f46dcf7e6d1cf7,resize05
0,coco_train_reals,real,none,train,a1f46dcf7e6d1cf7,noise005
0,coco_train_reals,real,none,train,5190ee547c3acefa,clean
0,coco_train_reals,real,none,train,5190ee547c3acefa,blur10
0,coco_train_reals,real,none,train,5190ee547c3acefa,noise005
0,coco_train_reals,real,none,train,5190ee547c3acefa,crop08
0,coco_train_reals,real,none,train,708db42a4487eb8f,clean
0,coco_train_reals,real,none,train,708db42a4487eb8f,jpeg30
0,coco_train_reals,real,none,train,708db42a4487eb8f,blur20
0,coco_train_reals,real,none,train,708db42a4487eb8f,noise002
0,coco_train_reals,real,none,train,eaf8180de7c86e20,clean
0,coco_train_reals,real,none,train,eaf8180de7c86e20,jpeg50
0,coco_train_reals,real,none,train,eaf8180de7c86e20,blur20
0,coco_train_reals,real,none,train,eaf8180de7c86e20,crop08
0,coco_train_reals,real,none,train,dc4881e562985ac3,clean
0,coco_train_reals,real,none,train,dc4881e562985ac3,jpeg90
0,coco_train_reals,real,none,train,dc4881e562985ac3,resize05
0,coco_train_reals,real,none,train,dc4881e562985ac3,noise002
0,coco_train_reals,real,none,train,dcaec9dd0c38dd1d,clean
0,coco_train_reals,real,none,train,dcaec9dd0c38dd1d,jpeg90
0,coco_train_reals,real,none,train,dcaec9dd0c38dd1d,blur20
0,coco_train_reals,real,none,train,dcaec9dd0c38dd1d,resize05
0,coco_train_reals,real,none,train,31af301bf09db962,clean
0,coco_train_reals,real,none,train,31af301bf09db962,jpeg70
0,coco_train_reals,real,none,train,31af301bf09db962,blur20
0,coco_train_reals,real,none,train,31af301bf09db962,noise002
0,coco_train_reals,real,none,train,55b27007f2cc2898,clean
0,coco_train_reals,real,none,train,55b27007f2cc2898,blur20
0,coco_train_reals,real,none,train,55b27007f2cc2898,noise005
0,coco_train_reals,real,none,train,55b27007f2cc2898,jitter02
0,coco_train_reals,real,none,train,02ba5e26906b02b0,clean
0,coco_train_reals,real,none,train,02ba5e26906b02b0,jpeg90
0,coco_train_reals,real,none,train,02ba5e26906b02b0,noise005
0,coco_train_reals,real,none,train,02ba5e26906b02b0,jitter02
0,coco_train_reals,real,none,train,e526afe7ff0377d8,clean
0,coco_train_reals,real,none,train,e526afe7ff0377d8,jpeg30
0,coco_train_reals,real,none,train,e526afe7ff0377d8,noise005
0,coco_train_reals,real,none,train,e526afe7ff0377d8,jitter02
0,coco_train_reals,real,none,train,65aced748112f552,clean
0,coco_train_reals,real,none,train,65aced748112f552,jpeg90
0,coco_train_reals,real,none,train,65aced748112f552,jpeg30
0,coco_train_reals,real,none,train,65aced748112f552,blur05
0,coco_train_reals,real,none,train,160c5184053fcce6,clean
0,coco_train_reals,real,none,train,160c5184053fcce6,jpeg50
0,coco_train_reals,real,none,train,160c5184053fcce6,blur10
0,coco_train_reals,real,none,train,160c5184053fcce6,noise01
0,coco_train_reals,real,none,train,731a8f9b8fd8b352,clean
0,coco_train_reals,real,none,train,731a8f9b8fd8b352,jpeg70
0,coco_train_reals,real,none,train,731a8f9b8fd8b352,blur05
0,coco_train_reals,real,none,train,731a8f9b8fd8b352,noise002
0,coco_train_reals,real,none,train,83ea394833e4304f,clean
0,coco_train_reals,real,none,train,83ea394833e4304f,jpeg30
0,coco_train_reals,real,none,train,83ea394833e4304f,blur20
0,coco_train_reals,real,none,train,83ea394833e4304f,jitter02
0,coco_train_reals,real,none,train,9f6eeea4f1261edd,clean
0,coco_train_reals,real,none,train,9f6eeea4f1261edd,jpeg70
0,coco_train_reals,real,none,train,9f6eeea4f1261edd,blur05
0,coco_train_reals,real,none,train,9f6eeea4f1261edd,blur20
0,coco_train_reals,real,none,train,a9f4d923c71de3c9,clean
0,coco_train_reals,real,none,train,a9f4d923c71de3c9,blur20
0,coco_train_reals,real,none,train,a9f4d923c71de3c9,resize05
0,coco_train_reals,real,none,train,a9f4d923c71de3c9,crop08
0,coco_train_reals,real,none,train,44edc63775ada42e,clean
0,coco_train_reals,real,none,train,44edc63775ada42e,jpeg30
0,coco_train_reals,real,none,train,44edc63775ada42e,noise005
0,coco_train_reals,real,none,train,44edc63775ada42e,jitter02
0,coco_train_reals,real,none,train,364d888462cd1308,clean
0,coco_train_reals,real,none,train,364d888462cd1308,jpeg50
0,coco_train_reals,real,none,train,364d888462cd1308,resize05
0,coco_train_reals,real,none,train,364d888462cd1308,noise01
0,coco_train_reals,real,none,train,73618f17bf99a94e,clean
0,coco_train_reals,real,none,train,73618f17bf99a94e,blur05
0,coco_train_reals,real,none,train,73618f17bf99a94e,resize025
0,coco_train_reals,real,none,train,73618f17bf99a94e,crop08
0,coco_train_reals,real,none,train,97ac59050a13a4f9,clean
0,coco_train_reals,real,none,train,97ac59050a13a4f9,jpeg90
0,coco_train_reals,real,none,train,97ac59050a13a4f9,jpeg30
0,coco_train_reals,real,none,train,97ac59050a13a4f9,blur20
0,coco_train_reals,real,none,train,513c15588ef5d306,clean
0,coco_train_reals,real,none,train,513c15588ef5d306,jpeg90
0,coco_train_reals,real,none,train,513c15588ef5d306,blur20
0,coco_train_reals,real,none,train,513c15588ef5d306,crop08
0,coco_train_reals,real,none,train,a96cd06f9cf9b744,clean
0,coco_train_reals,real,none,train,a96cd06f9cf9b744,jpeg30
0,coco_train_reals,real,none,train,a96cd06f9cf9b744,noise01
0,coco_train_reals,real,none,train,a96cd06f9cf9b744,crop08
0,coco_train_reals,real,none,train,721172807de24a6f,clean
0,coco_train_reals,real,none,train,721172807de24a6f,jpeg30
0,coco_train_reals,real,none,train,721172807de24a6f,noise01
0,coco_train_reals,real,none,train,721172807de24a6f,jitter02
0,coco_train_reals,real,none,train,c78aab62198d90ec,clean
0,coco_train_reals,real,none,train,c78aab62198d90ec,jpeg90
0,coco_train_reals,real,none,train,c78aab62198d90ec,jpeg70
0,coco_train_reals,real,none,train,c78aab62198d90ec,blur10
0,coco_train_reals,real,none,train,d00e17a06fdbb1cd,clean
0,coco_train_reals,real,none,train,d00e17a06fdbb1cd,jpeg70
0,coco_train_reals,real,none,train,d00e17a06fdbb1cd,resize05
0,coco_train_reals,real,none,train,d00e17a06fdbb1cd,jitter02
0,coco_train_reals,real,none,train,72587102081cc365,clean
0,coco_train_reals,real,none,train,72587102081cc365,jpeg50
0,coco_train_reals,real,none,train,72587102081cc365,blur10
0,coco_train_reals,real,none,train,72587102081cc365,noise005
0,coco_train_reals,real,none,train,ce246ebcfe853ba3,clean
0,coco_train_reals,real,none,train,ce246ebcfe853ba3,blur10
0,coco_train_reals,real,none,train,ce246ebcfe853ba3,resize05
0,coco_train_reals,real,none,train,ce246ebcfe853ba3,crop08
0,coco_train_reals,real,none,train,fd95f502c2f36417,clean
0,coco_train_reals,real,none,train,fd95f502c2f36417,jpeg70
0,coco_train_reals,real,none,train,fd95f502c2f36417,noise002
0,coco_train_reals,real,none,train,fd95f502c2f36417,crop08
0,coco_train_reals,real,none,train,32b9a26c60ea65d1,clean
0,coco_train_reals,real,none,train,32b9a26c60ea65d1,jpeg50
0,coco_train_reals,real,none,train,32b9a26c60ea65d1,resize025
0,coco_train_reals,real,none,train,32b9a26c60ea65d1,jitter02
0,coco_train_reals,real,none,train,7e173e85e231e8f5,clean
0,coco_train_reals,real,none,train,7e173e85e231e8f5,jpeg90
0,coco_train_reals,real,none,train,7e173e85e231e8f5,jpeg50
0,coco_train_reals,real,none,train,7e173e85e231e8f5,blur05
0,coco_train_reals,real,none,train,f52298ae450a7788,clean
0,coco_train_reals,real,none,train,f52298ae450a7788,jpeg70
0,coco_train_reals,real,none,train,f52298ae450a7788,blur05
0,coco_train_reals,real,none,train,f52298ae450a7788,blur10
0,coco_train_reals,real,none,train,17fb140ccd3d04a1,clean
0,coco_train_reals,real,none,train,17fb140ccd3d04a1,jpeg30
0,coco_train_reals,real,none,train,17fb140ccd3d04a1,resize05
0,coco_train_reals,real,none,train,17fb140ccd3d04a1,noise005
0,coco_train_reals,real,none,train,1a173b117f505508,clean
0,coco_train_reals,real,none,train,1a173b117f505508,jpeg50
0,coco_train_reals,real,none,train,1a173b117f505508,jpeg30
0,coco_train_reals,real,none,train,1a173b117f505508,blur05
0,coco_train_reals,real,none,train,b77538f9476dece7,clean
0,coco_train_reals,real,none,train,b77538f9476dece7,blur05
0,coco_train_reals,real,none,train,b77538f9476dece7,blur10
0,coco_train_reals,real,none,train,b77538f9476dece7,noise005
0,coco_train_reals,real,none,train,f8133d9eb0fb2c84,clean
0,coco_train_reals,real,none,train,f8133d9eb0fb2c84,jpeg70
0,coco_train_reals,real,none,train,f8133d9eb0fb2c84,resize025
0,coco_train_reals,real,none,train,f8133d9eb0fb2c84,jitter02
0,coco_train_reals,real,none,train,6363dc77e97a9af1,clean
0,coco_train_reals,real,none,train,6363dc77e97a9af1,jpeg90
0,coco_train_reals,real,none,train,6363dc77e97a9af1,jpeg70
0,coco_train_reals,real,none,train,6363dc77e97a9af1,blur20
0,coco_train_reals,real,none,train,8aef9173fe1207cf,clean
0,coco_train_reals,real,none,train,8aef9173fe1207cf,jpeg70
0,coco_train_reals,real,none,train,8aef9173fe1207cf,resize05
0,coco_train_reals,real,none,train,8aef9173fe1207cf,resize025
0,coco_train_reals,real,none,train,2f274bb497f8106b,clean
0,coco_train_reals,real,none,train,2f274bb497f8106b,jpeg70
0,coco_train_reals,real,none,train,2f274bb497f8106b,jpeg50
0,coco_train_reals,real,none,train,2f274bb497f8106b,jpeg30
0,coco_train_reals,real,none,train,e52e2b7075198d84,clean
0,coco_train_reals,real,none,train,e52e2b7075198d84,jpeg90
0,coco_train_reals,real,none,train,e52e2b7075198d84,blur10
0,coco_train_reals,real,none,train,e52e2b7075198d84,resize025
0,coco_train_reals,real,none,train,dae0b8ba0e1c3144,clean
0,coco_train_reals,real,none,train,dae0b8ba0e1c3144,jpeg70
0,coco_train_reals,real,none,train,dae0b8ba0e1c3144,resize025
0,coco_train_reals,real,none,train,dae0b8ba0e1c3144,jitter02
0,coco_train_reals,real,none,train,3cfd740eac0fb6e2,clean
0,coco_train_reals,real,none,train,3cfd740eac0fb6e2,jpeg30
0,coco_train_reals,real,none,train,3cfd740eac0fb6e2,noise01
0,coco_train_reals,real,none,train,3cfd740eac0fb6e2,jitter02
0,coco_train_reals,real,none,train,a95c474ca020cf28,clean
0,coco_train_reals,real,none,train,a95c474ca020cf28,jpeg70
0,coco_train_reals,real,none,train,a95c474ca020cf28,blur05
0,coco_train_reals,real,none,train,a95c474ca020cf28,noise005
0,coco_train_reals,real,none,train,cb5c9af6ff58a912,clean
0,coco_train_reals,real,none,train,cb5c9af6ff58a912,resize025
0,coco_train_reals,real,none,train,cb5c9af6ff58a912,noise01
0,coco_train_reals,real,none,train,cb5c9af6ff58a912,crop08
0,coco_train_reals,real,none,train,4271fa25c2c2e61f,clean
0,coco_train_reals,real,none,train,4271fa25c2c2e61f,jpeg90
0,coco_train_reals,real,none,train,4271fa25c2c2e61f,jpeg30
0,coco_train_reals,real,none,train,4271fa25c2c2e61f,resize025
0,coco_train_reals,real,none,train,ffaf7212b2a78ec6,clean
0,coco_train_reals,real,none,train,ffaf7212b2a78ec6,jpeg50
0,coco_train_reals,real,none,train,ffaf7212b2a78ec6,blur10
0,coco_train_reals,real,none,train,ffaf7212b2a78ec6,blur20
0,coco_train_reals,real,none,train,7f42895447706587,clean
0,coco_train_reals,real,none,train,7f42895447706587,jpeg90
0,coco_train_reals,real,none,train,7f42895447706587,noise002
0,coco_train_reals,real,none,train,7f42895447706587,noise01
0,coco_train_reals,real,none,train,d6d0e26e8f43ab73,clean
0,coco_train_reals,real,none,train,d6d0e26e8f43ab73,resize025
0,coco_train_reals,real,none,train,d6d0e26e8f43ab73,jitter02
0,coco_train_reals,real,none,train,d6d0e26e8f43ab73,crop08
0,coco_train_reals,real,none,train,61db1f883f5110b7,clean
0,coco_train_reals,real,none,train,61db1f883f5110b7,jpeg90
0,coco_train_reals,real,none,train,61db1f883f5110b7,blur20
0,coco_train_reals,real,none,train,61db1f883f5110b7,crop08
0,coco_train_reals,real,none,train,1a543f0297c17a21,clean
0,coco_train_reals,real,none,train,1a543f0297c17a21,jpeg50
0,coco_train_reals,real,none,train,1a543f0297c17a21,resize05
0,coco_train_reals,real,none,train,1a543f0297c17a21,noise005
0,coco_train_reals,real,none,train,df5655f44d16fa58,clean
0,coco_train_reals,real,none,train,df5655f44d16fa58,blur20
0,coco_train_reals,real,none,train,df5655f44d16fa58,resize025
0,coco_train_reals,real,none,train,df5655f44d16fa58,crop08
0,coco_train_reals,real,none,train,f743ffe4b49ffc57,clean
0,coco_train_reals,real,none,train,f743ffe4b49ffc57,jpeg90
0,coco_train_reals,real,none,train,f743ffe4b49ffc57,noise002
0,coco_train_reals,real,none,train,f743ffe4b49ffc57,noise01
0,coco_train_reals,real,none,train,2ae3411f3648956f,clean
0,coco_train_reals,real,none,train,2ae3411f3648956f,jpeg70
0,coco_train_reals,real,none,train,2ae3411f3648956f,jpeg30
0,coco_train_reals,real,none,train,2ae3411f3648956f,blur05
0,coco_train_reals,real,none,train,8ff03658130bdf29,clean
0,coco_train_reals,real,none,train,8ff03658130bdf29,jpeg50
0,coco_train_reals,real,none,train,8ff03658130bdf29,jpeg30
0,coco_train_reals,real,none,train,8ff03658130bdf29,noise01
0,coco_train_reals,real,none,train,8bfd5777e28aac72,clean
0,coco_train_reals,real,none,train,8bfd5777e28aac72,jpeg30
0,coco_train_reals,real,none,train,8bfd5777e28aac72,noise01
0,coco_train_reals,real,none,train,8bfd5777e28aac72,jitter02
0,coco_train_reals,real,none,train,250de9aae619abb8,clean
0,coco_train_reals,real,none,train,250de9aae619abb8,jpeg50
0,coco_train_reals,real,none,train,250de9aae619abb8,noise005
0,coco_train_reals,real,none,train,250de9aae619abb8,crop08
0,coco_train_reals,real,none,train,aac2e85b8af4015b,clean
0,coco_train_reals,real,none,train,aac2e85b8af4015b,jpeg50
0,coco_train_reals,real,none,train,aac2e85b8af4015b,resize05
0,coco_train_reals,real,none,train,aac2e85b8af4015b,jitter02
0,coco_train_reals,real,none,train,b276bca50b9255ed,clean
0,coco_train_reals,real,none,train,b276bca50b9255ed,jpeg30
0,coco_train_reals,real,none,train,b276bca50b9255ed,blur05
0,coco_train_reals,real,none,train,b276bca50b9255ed,jitter02
0,coco_train_reals,real,none,train,2e64e0404c7aa47a,clean
0,coco_train_reals,real,none,train,2e64e0404c7aa47a,jpeg50
0,coco_train_reals,real,none,train,2e64e0404c7aa47a,noise005
0,coco_train_reals,real,none,train,2e64e0404c7aa47a,noise01
0,coco_train_reals,real,none,train,0bdcb91b9619d745,clean
0,coco_train_reals,real,none,train,0bdcb91b9619d745,blur10
0,coco_train_reals,real,none,train,0bdcb91b9619d745,noise002
0,coco_train_reals,real,none,train,0bdcb91b9619d745,jitter02
0,coco_train_reals,real,none,train,baf543e96743c7a8,clean
0,coco_train_reals,real,none,train,baf543e96743c7a8,jpeg70
0,coco_train_reals,real,none,train,baf543e96743c7a8,noise005
0,coco_train_reals,real,none,train,baf543e96743c7a8,noise01
0,coco_train_reals,real,none,train,bdae8c8aa9d6e648,clean
0,coco_train_reals,real,none,train,bdae8c8aa9d6e648,blur05
0,coco_train_reals,real,none,train,bdae8c8aa9d6e648,resize05
0,coco_train_reals,real,none,train,bdae8c8aa9d6e648,resize025
0,coco_train_reals,real,none,train,15bd432f7772e90e,clean
0,coco_train_reals,real,none,train,15bd432f7772e90e,jpeg70
0,coco_train_reals,real,none,train,15bd432f7772e90e,blur10
0,coco_train_reals,real,none,train,15bd432f7772e90e,noise002
0,coco_train_reals,real,none,train,61736b9e9bd2eaec,clean
0,coco_train_reals,real,none,train,61736b9e9bd2eaec,resize025
0,coco_train_reals,real,none,train,61736b9e9bd2eaec,noise002
0,coco_train_reals,real,none,train,61736b9e9bd2eaec,noise005
0,coco_train_reals,real,none,train,07e039331a69aa41,clean
0,coco_train_reals,real,none,train,07e039331a69aa41,jpeg90
0,coco_train_reals,real,none,train,07e039331a69aa41,jpeg30
0,coco_train_reals,real,none,train,07e039331a69aa41,resize025
0,coco_train_reals,real,none,train,faebbca575c47e1c,clean
0,coco_train_reals,real,none,train,faebbca575c47e1c,jpeg50
0,coco_train_reals,real,none,train,faebbca575c47e1c,resize025
0,coco_train_reals,real,none,train,faebbca575c47e1c,crop08
0,coco_train_reals,real,none,train,9ae595681a63e805,clean
0,coco_train_reals,real,none,train,9ae595681a63e805,jpeg90
0,coco_train_reals,real,none,train,9ae595681a63e805,jpeg70
0,coco_train_reals,real,none,train,9ae595681a63e805,blur10
0,coco_train_reals,real,none,train,48cd5ea1b756e52e,clean
0,coco_train_reals,real,none,train,48cd5ea1b756e52e,jpeg90
0,coco_train_reals,real,none,train,48cd5ea1b756e52e,jpeg50
0,coco_train_reals,real,none,train,48cd5ea1b756e52e,blur10
0,coco_train_reals,real,none,train,cd0521d0afe78908,clean
0,coco_train_reals,real,none,train,cd0521d0afe78908,jpeg90
0,coco_train_reals,real,none,train,cd0521d0afe78908,jpeg30
0,coco_train_reals,real,none,train,cd0521d0afe78908,noise002
0,coco_train_reals,real,none,train,2c75c815f3062688,clean
0,coco_train_reals,real,none,train,2c75c815f3062688,blur05
0,coco_train_reals,real,none,train,2c75c815f3062688,resize05
0,coco_train_reals,real,none,train,2c75c815f3062688,crop08
0,coco_train_reals,real,none,train,aeba91acde57c238,clean
0,coco_train_reals,real,none,train,aeba91acde57c238,jpeg90
0,coco_train_reals,real,none,train,aeba91acde57c238,blur10
0,coco_train_reals,real,none,train,aeba91acde57c238,blur20
0,coco_train_reals,real,none,train,2c2a1a60620b0c4f,clean
0,coco_train_reals,real,none,train,2c2a1a60620b0c4f,jpeg70
0,coco_train_reals,real,none,train,2c2a1a60620b0c4f,blur10
0,coco_train_reals,real,none,train,2c2a1a60620b0c4f,resize05
0,coco_train_reals,real,none,train,dbd38c2ef695930f,clean
0,coco_train_reals,real,none,train,dbd38c2ef695930f,jpeg30
0,coco_train_reals,real,none,train,dbd38c2ef695930f,noise005
0,coco_train_reals,real,none,train,dbd38c2ef695930f,crop08
0,coco_train_reals,real,none,train,4e22134b9b20665e,clean
0,coco_train_reals,real,none,train,4e22134b9b20665e,blur05
0,coco_train_reals,real,none,train,4e22134b9b20665e,resize025
0,coco_train_reals,real,none,train,4e22134b9b20665e,noise002
0,coco_train_reals,real,none,train,d0f4b5dfe9899cfd,clean
0,coco_train_reals,real,none,train,d0f4b5dfe9899cfd,jpeg70
0,coco_train_reals,real,none,train,d0f4b5dfe9899cfd,jpeg50
0,coco_train_reals,real,none,train,d0f4b5dfe9899cfd,noise01
0,coco_train_reals,real,none,train,a51fed2186f13c13,clean
0,coco_train_reals,real,none,train,a51fed2186f13c13,jpeg70
0,coco_train_reals,real,none,train,a51fed2186f13c13,jpeg50
0,coco_train_reals,real,none,train,a51fed2186f13c13,crop08
0,coco_train_reals,real,none,train,c117558b51446037,clean
0,coco_train_reals,real,none,train,c117558b51446037,jpeg50
0,coco_train_reals,real,none,train,c117558b51446037,noise002
0,coco_train_reals,real,none,train,c117558b51446037,crop08
0,coco_train_reals,real,none,train,ef1d3014b6ac6ff0,clean
0,coco_train_reals,real,none,train,ef1d3014b6ac6ff0,jpeg30
0,coco_train_reals,real,none,train,ef1d3014b6ac6ff0,blur20
0,coco_train_reals,real,none,train,ef1d3014b6ac6ff0,jitter02
0,coco_train_reals,real,none,train,6b3872487525d1e7,clean
0,coco_train_reals,real,none,train,6b3872487525d1e7,blur05
0,coco_train_reals,real,none,train,6b3872487525d1e7,noise005
0,coco_train_reals,real,none,train,6b3872487525d1e7,crop08
0,coco_train_reals,real,none,train,05534247851a53ae,clean
0,coco_train_reals,real,none,train,05534247851a53ae,jpeg70
0,coco_train_reals,real,none,train,05534247851a53ae,blur10
0,coco_train_reals,real,none,train,05534247851a53ae,noise01
0,coco_train_reals,real,none,train,de8d446edb6ba791,clean
0,coco_train_reals,real,none,train,de8d446edb6ba791,blur10
0,coco_train_reals,real,none,train,de8d446edb6ba791,noise002
0,coco_train_reals,real,none,train,de8d446edb6ba791,crop08
0,coco_train_reals,real,none,train,08f2d68a75d9d909,clean
0,coco_train_reals,real,none,train,08f2d68a75d9d909,jpeg50
0,coco_train_reals,real,none,train,08f2d68a75d9d909,resize05
0,coco_train_reals,real,none,train,08f2d68a75d9d909,noise005
0,coco_train_reals,real,none,train,4730d6f9239c250b,clean
0,coco_train_reals,real,none,train,4730d6f9239c250b,jpeg90
0,coco_train_reals,real,none,train,4730d6f9239c250b,jpeg70
0,coco_train_reals,real,none,train,4730d6f9239c250b,blur20
0,coco_train_reals,real,none,train,656f2ccf7768ed8b,clean
0,coco_train_reals,real,none,train,656f2ccf7768ed8b,jpeg90
0,coco_train_reals,real,none,train,656f2ccf7768ed8b,blur20
0,coco_train_reals,real,none,train,656f2ccf7768ed8b,noise002
0,coco_train_reals,real,none,train,d4f5630c06afb007,clean
0,coco_train_reals,real,none,train,d4f5630c06afb007,jpeg50
0,coco_train_reals,real,none,train,d4f5630c06afb007,blur05
0,coco_train_reals,real,none,train,d4f5630c06afb007,jitter02
0,coco_train_reals,real,none,train,c4f1f107af841bbd,clean
0,coco_train_reals,real,none,train,c4f1f107af841bbd,jpeg30
0,coco_train_reals,real,none,train,c4f1f107af841bbd,noise002
0,coco_train_reals,real,none,train,c4f1f107af841bbd,jitter02
0,coco_train_reals,real,none,train,466fb88c98958afc,clean
0,coco_train_reals,real,none,train,466fb88c98958afc,jpeg30
0,coco_train_reals,real,none,train,466fb88c98958afc,blur10
0,coco_train_reals,real,none,train,466fb88c98958afc,resize025
0,coco_train_reals,real,none,train,c891be8817fb985f,clean
0,coco_train_reals,real,none,train,c891be8817fb985f,jpeg50
0,coco_train_reals,real,none,train,c891be8817fb985f,blur20
0,coco_train_reals,real,none,train,c891be8817fb985f,jitter02
0,coco_train_reals,real,none,train,d67ae6cef6fb9069,clean
0,coco_train_reals,real,none,train,d67ae6cef6fb9069,jpeg90
0,coco_train_reals,real,none,train,d67ae6cef6fb9069,jpeg30
0,coco_train_reals,real,none,train,d67ae6cef6fb9069,crop08
0,coco_train_reals,real,none,train,8b7fa6adaaf6d57b,clean
0,coco_train_reals,real,none,train,8b7fa6adaaf6d57b,jpeg50
0,coco_train_reals,real,none,train,8b7fa6adaaf6d57b,jpeg30
0,coco_train_reals,real,none,train,8b7fa6adaaf6d57b,blur20
0,coco_train_reals,real,none,train,650de8c343818938,clean
0,coco_train_reals,real,none,train,650de8c343818938,blur10
0,coco_train_reals,real,none,train,650de8c343818938,noise01
0,coco_train_reals,real,none,train,650de8c343818938,crop08
0,coco_train_reals,real,none,train,10906f3beddbd6c2,clean
0,coco_train_reals,real,none,train,10906f3beddbd6c2,jpeg90
0,coco_train_reals,real,none,train,10906f3beddbd6c2,jpeg70
0,coco_train_reals,real,none,train,10906f3beddbd6c2,blur20
0,coco_train_reals,real,none,train,2cb2e5f6d845efc7,clean
0,coco_train_reals,real,none,train,2cb2e5f6d845efc7,jpeg90
0,coco_train_reals,real,none,train,2cb2e5f6d845efc7,jpeg50
0,coco_train_reals,real,none,train,2cb2e5f6d845efc7,jpeg30
0,coco_train_reals,real,none,train,1a3c95ec9d35ad8e,clean
0,coco_train_reals,real,none,train,1a3c95ec9d35ad8e,jpeg90
0,coco_train_reals,real,none,train,1a3c95ec9d35ad8e,noise002
0,coco_train_reals,real,none,train,1a3c95ec9d35ad8e,noise005
0,coco_train_reals,real,none,train,f7fe7bf1041bc7a4,clean
0,coco_train_reals,real,none,train,f7fe7bf1041bc7a4,jpeg30
0,coco_train_reals,real,none,train,f7fe7bf1041bc7a4,resize025
0,coco_train_reals,real,none,train,f7fe7bf1041bc7a4,jitter02
0,coco_train_reals,real,none,train,09994922c53351df,clean
0,coco_train_reals,real,none,train,09994922c53351df,jpeg50
0,coco_train_reals,real,none,train,09994922c53351df,blur20
0,coco_train_reals,real,none,train,09994922c53351df,crop08
0,coco_train_reals,real,none,train,425ff37b0ffb117a,clean
0,coco_train_reals,real,none,train,425ff37b0ffb117a,jpeg70
0,coco_train_reals,real,none,train,425ff37b0ffb117a,jpeg50
0,coco_train_reals,real,none,train,425ff37b0ffb117a,resize025
0,coco_train_reals,real,none,train,a09163bbca144e2a,clean
0,coco_train_reals,real,none,train,a09163bbca144e2a,jpeg70
0,coco_train_reals,real,none,train,a09163bbca144e2a,noise01
0,coco_train_reals,real,none,train,a09163bbca144e2a,jitter02
0,coco_train_reals,real,none,train,6c957ecb7ccc9077,clean
0,coco_train_reals,real,none,train,6c957ecb7ccc9077,jpeg70
0,coco_train_reals,real,none,train,6c957ecb7ccc9077,jpeg30
0,coco_train_reals,real,none,train,6c957ecb7ccc9077,resize025
0,coco_train_reals,real,none,train,5a091a449f994634,clean
0,coco_train_reals,real,none,train,5a091a449f994634,blur10
0,coco_train_reals,real,none,train,5a091a449f994634,noise002
0,coco_train_reals,real,none,train,5a091a449f994634,noise01
0,coco_train_reals,real,none,train,37116c2166b9f26b,clean
0,coco_train_reals,real,none,train,37116c2166b9f26b,jpeg30
0,coco_train_reals,real,none,train,37116c2166b9f26b,blur05
0,coco_train_reals,real,none,train,37116c2166b9f26b,blur10
0,coco_train_reals,real,none,train,1bbf7e4a6116b7bc,clean
0,coco_train_reals,real,none,train,1bbf7e4a6116b7bc,blur05
0,coco_train_reals,real,none,train,1bbf7e4a6116b7bc,blur20
0,coco_train_reals,real,none,train,1bbf7e4a6116b7bc,crop08
0,coco_train_reals,real,none,train,7841fb79bb92122c,clean
0,coco_train_reals,real,none,train,7841fb79bb92122c,blur10
0,coco_train_reals,real,none,train,7841fb79bb92122c,noise005
0,coco_train_reals,real,none,train,7841fb79bb92122c,jitter02
0,coco_train_reals,real,none,train,fd534ef35d806700,clean
0,coco_train_reals,real,none,train,fd534ef35d806700,jpeg50
0,coco_train_reals,real,none,train,fd534ef35d806700,noise005
0,coco_train_reals,real,none,train,fd534ef35d806700,jitter02
0,coco_train_reals,real,none,train,94309c5acc5d4508,clean
0,coco_train_reals,real,none,train,94309c5acc5d4508,jpeg70
0,coco_train_reals,real,none,train,94309c5acc5d4508,resize05
0,coco_train_reals,real,none,train,94309c5acc5d4508,resize025
0,coco_train_reals,real,none,train,bd9e8025d5754ad0,clean
0,coco_train_reals,real,none,train,bd9e8025d5754ad0,jpeg30
0,coco_train_reals,real,none,train,bd9e8025d5754ad0,resize05
0,coco_train_reals,real,none,train,bd9e8025d5754ad0,crop08
0,coco_train_reals,real,none,train,3d301209bc4c5309,clean
0,coco_train_reals,real,none,train,3d301209bc4c5309,blur20
0,coco_train_reals,real,none,train,3d301209bc4c5309,resize025
0,coco_train_reals,real,none,train,3d301209bc4c5309,noise005
0,coco_train_reals,real,none,train,dc19cf25c523235b,clean
0,coco_train_reals,real,none,train,dc19cf25c523235b,jpeg50
0,coco_train_reals,real,none,train,dc19cf25c523235b,blur10
0,coco_train_reals,real,none,train,dc19cf25c523235b,noise01
0,coco_train_reals,real,none,train,e2f00c151b550942,clean
0,coco_train_reals,real,none,train,e2f00c151b550942,jpeg90
0,coco_train_reals,real,none,train,e2f00c151b550942,blur10
0,coco_train_reals,real,none,train,e2f00c151b550942,jitter02
0,coco_train_reals,real,none,train,09a117366e8a6ab4,clean
0,coco_train_reals,real,none,train,09a117366e8a6ab4,jpeg90
0,coco_train_reals,real,none,train,09a117366e8a6ab4,jpeg30
0,coco_train_reals,real,none,train,09a117366e8a6ab4,noise01
0,coco_train_reals,real,none,train,4cdca2f160d3b7d8,clean
0,coco_train_reals,real,none,train,4cdca2f160d3b7d8,blur05
0,coco_train_reals,real,none,train,4cdca2f160d3b7d8,blur20
0,coco_train_reals,real,none,train,4cdca2f160d3b7d8,noise01
0,coco_train_reals,real,none,train,bc328c1e8cad0b3a,clean
0,coco_train_reals,real,none,train,bc328c1e8cad0b3a,jpeg70
0,coco_train_reals,real,none,train,bc328c1e8cad0b3a,jpeg30
0,coco_train_reals,real,none,train,bc328c1e8cad0b3a,blur10
0,coco_train_reals,real,none,train,7fc6c8244902e6d7,clean
0,coco_train_reals,real,none,train,7fc6c8244902e6d7,resize05
0,coco_train_reals,real,none,train,7fc6c8244902e6d7,noise005
0,coco_train_reals,real,none,train,7fc6c8244902e6d7,noise01
0,coco_train_reals,real,none,train,296d0f962cb93655,clean
0,coco_train_reals,real,none,train,296d0f962cb93655,blur05
0,coco_train_reals,real,none,train,296d0f962cb93655,resize025
0,coco_train_reals,real,none,train,296d0f962cb93655,crop08
0,coco_train_reals,real,none,train,0b18ce010f5ac121,clean
0,coco_train_reals,real,none,train,0b18ce010f5ac121,jpeg70
0,coco_train_reals,real,none,train,0b18ce010f5ac121,jpeg50
0,coco_train_reals,real,none,train,0b18ce010f5ac121,blur20
0,coco_train_reals,real,none,train,1b6caf3b06c6bbe7,clean
0,coco_train_reals,real,none,train,1b6caf3b06c6bbe7,jpeg90
0,coco_train_reals,real,none,train,1b6caf3b06c6bbe7,jpeg30
0,coco_train_reals,real,none,train,1b6caf3b06c6bbe7,jitter02
0,coco_train_reals,real,none,train,88f91cee33a6d95e,clean
0,coco_train_reals,real,none,train,88f91cee33a6d95e,jpeg70
0,coco_train_reals,real,none,train,88f91cee33a6d95e,noise005
0,coco_train_reals,real,none,train,88f91cee33a6d95e,jitter02
0,coco_train_reals,real,none,train,5086e607576ed906,clean
0,coco_train_reals,real,none,train,5086e607576ed906,jpeg90
0,coco_train_reals,real,none,train,5086e607576ed906,blur10
0,coco_train_reals,real,none,train,5086e607576ed906,crop08
0,coco_train_reals,real,none,train,6e1af75c587bf366,clean
0,coco_train_reals,real,none,train,6e1af75c587bf366,jpeg70
0,coco_train_reals,real,none,train,6e1af75c587bf366,blur05
0,coco_train_reals,real,none,train,6e1af75c587bf366,blur20
0,coco_train_reals,real,none,train,f88b9ec36ee59309,clean
0,coco_train_reals,real,none,train,f88b9ec36ee59309,jpeg50
0,coco_train_reals,real,none,train,f88b9ec36ee59309,jpeg30
0,coco_train_reals,real,none,train,f88b9ec36ee59309,blur20
0,coco_train_reals,real,none,train,784bd2624aa28b6c,clean
0,coco_train_reals,real,none,train,784bd2624aa28b6c,jpeg70
0,coco_train_reals,real,none,train,784bd2624aa28b6c,resize025
0,coco_train_reals,real,none,train,784bd2624aa28b6c,noise002
0,coco_train_reals,real,none,train,29b184640d11ac0b,clean
0,coco_train_reals,real,none,train,29b184640d11ac0b,jpeg70
0,coco_train_reals,real,none,train,29b184640d11ac0b,blur10
0,coco_train_reals,real,none,train,29b184640d11ac0b,noise002
0,coco_train_reals,real,none,train,b557bb96334560d9,clean
0,coco_train_reals,real,none,train,b557bb96334560d9,jpeg70
0,coco_train_reals,real,none,train,b557bb96334560d9,blur10
0,coco_train_reals,real,none,train,b557bb96334560d9,noise01
0,coco_train_reals,real,none,train,40350ea88b82c6a4,clean
0,coco_train_reals,real,none,train,40350ea88b82c6a4,blur20
0,coco_train_reals,real,none,train,40350ea88b82c6a4,noise002
0,coco_train_reals,real,none,train,40350ea88b82c6a4,noise005
0,coco_train_reals,real,none,train,a51e667e60a7f4b6,clean
0,coco_train_reals,real,none,train,a51e667e60a7f4b6,jpeg90
0,coco_train_reals,real,none,train,a51e667e60a7f4b6,blur05
0,coco_train_reals,real,none,train,a51e667e60a7f4b6,blur10
0,coco_train_reals,real,none,train,29783c353ca8be47,clean
0,coco_train_reals,real,none,train,29783c353ca8be47,jpeg90
0,coco_train_reals,real,none,train,29783c353ca8be47,blur05
0,coco_train_reals,real,none,train,29783c353ca8be47,noise002
0,coco_train_reals,real,none,train,facb2feba13c037b,clean
0,coco_train_reals,real,none,train,facb2feba13c037b,jpeg90
0,coco_train_reals,real,none,train,facb2feba13c037b,blur20
0,coco_train_reals,real,none,train,facb2feba13c037b,crop08
0,coco_train_reals,real,none,train,97505c78e8ddf233,clean
0,coco_train_reals,real,none,train,97505c78e8ddf233,blur20
0,coco_train_reals,real,none,train,97505c78e8ddf233,resize025
0,coco_train_reals,real,none,train,97505c78e8ddf233,noise002
0,coco_train_reals,real,none,train,824e1c37ed608448,clean
0,coco_train_reals,real,none,train,824e1c37ed608448,blur20
0,coco_train_reals,real,none,train,824e1c37ed608448,noise005
0,coco_train_reals,real,none,train,824e1c37ed608448,noise01
0,coco_train_reals,real,none,train,f42a1bf034b0d690,clean
0,coco_train_reals,real,none,train,f42a1bf034b0d690,blur10
0,coco_train_reals,real,none,train,f42a1bf034b0d690,resize025
0,coco_train_reals,real,none,train,f42a1bf034b0d690,jitter02
0,coco_train_reals,real,none,train,7d6b4a424d9e9ac8,clean
0,coco_train_reals,real,none,train,7d6b4a424d9e9ac8,blur20
0,coco_train_reals,real,none,train,7d6b4a424d9e9ac8,resize05
0,coco_train_reals,real,none,train,7d6b4a424d9e9ac8,noise005
0,coco_train_reals,real,none,train,57c608edca468493,clean
0,coco_train_reals,real,none,train,57c608edca468493,jpeg30
0,coco_train_reals,real,none,train,57c608edca468493,blur10
0,coco_train_reals,real,none,train,57c608edca468493,resize025
0,coco_train_reals,real,none,train,0355961abde3ce71,clean
0,coco_train_reals,real,none,train,0355961abde3ce71,resize05
0,coco_train_reals,real,none,train,0355961abde3ce71,jitter02
0,coco_train_reals,real,none,train,0355961abde3ce71,crop08
0,coco_train_reals,real,none,train,1ccbbc531407c172,clean
0,coco_train_reals,real,none,train,1ccbbc531407c172,jpeg90
0,coco_train_reals,real,none,train,1ccbbc531407c172,blur05
0,coco_train_reals,real,none,train,1ccbbc531407c172,crop08
0,coco_train_reals,real,none,train,178709975ee73a0f,clean
0,coco_train_reals,real,none,train,178709975ee73a0f,jpeg30
0,coco_train_reals,real,none,train,178709975ee73a0f,blur05
0,coco_train_reals,real,none,train,178709975ee73a0f,blur10
0,coco_train_reals,real,none,train,a19908c293078ad3,clean
0,coco_train_reals,real,none,train,a19908c293078ad3,jpeg70
0,coco_train_reals,real,none,train,a19908c293078ad3,resize025
0,coco_train_reals,real,none,train,a19908c293078ad3,jitter02
0,coco_train_reals,real,none,train,3dda6b53d61b1400,clean
0,coco_train_reals,real,none,train,3dda6b53d61b1400,jpeg70
0,coco_train_reals,real,none,train,3dda6b53d61b1400,resize025
0,coco_train_reals,real,none,train,3dda6b53d61b1400,noise005
0,coco_train_reals,real,none,train,cdf1bc49f29fa133,clean
0,coco_train_reals,real,none,train,cdf1bc49f29fa133,resize05
0,coco_train_reals,real,none,train,cdf1bc49f29fa133,noise01
0,coco_train_reals,real,none,train,cdf1bc49f29fa133,jitter02
0,coco_train_reals,real,none,train,efe42242d9232965,clean
0,coco_train_reals,real,none,train,efe42242d9232965,jpeg30
0,coco_train_reals,real,none,train,efe42242d9232965,blur05
0,coco_train_reals,real,none,train,efe42242d9232965,crop08
0,coco_train_reals,real,none,train,2a475671be6693cc,clean
0,coco_train_reals,real,none,train,2a475671be6693cc,resize05
0,coco_train_reals,real,none,train,2a475671be6693cc,noise01
0,coco_train_reals,real,none,train,2a475671be6693cc,crop08
0,coco_train_reals,real,none,train,394c24699ea57ec8,clean
0,coco_train_reals,real,none,train,394c24699ea57ec8,jpeg30
0,coco_train_reals,real,none,train,394c24699ea57ec8,resize05
0,coco_train_reals,real,none,train,394c24699ea57ec8,noise005
0,coco_train_reals,real,none,train,a6c2591639efe4a1,clean
0,coco_train_reals,real,none,train,a6c2591639efe4a1,blur10
0,coco_train_reals,real,none,train,a6c2591639efe4a1,blur20
0,coco_train_reals,real,none,train,a6c2591639efe4a1,resize025
0,coco_train_reals,real,none,train,cbbf81453533237a,clean
0,coco_train_reals,real,none,train,cbbf81453533237a,jpeg70
0,coco_train_reals,real,none,train,cbbf81453533237a,jpeg30
0,coco_train_reals,real,none,train,cbbf81453533237a,noise002
0,coco_train_reals,real,none,train,4e7a74ba295f8aa4,clean
0,coco_train_reals,real,none,train,4e7a74ba295f8aa4,jpeg50
0,coco_train_reals,real,none,train,4e7a74ba295f8aa4,blur20
0,coco_train_reals,real,none,train,4e7a74ba295f8aa4,noise002
0,coco_train_reals,real,none,train,cb3cca07553f9d16,clean
0,coco_train_reals,real,none,train,cb3cca07553f9d16,jpeg70
0,coco_train_reals,real,none,train,cb3cca07553f9d16,jpeg50
0,coco_train_reals,real,none,train,cb3cca07553f9d16,resize05
0,coco_train_reals,real,none,train,94d57b86bea4dfb9,clean
0,coco_train_reals,real,none,train,94d57b86bea4dfb9,jpeg50
0,coco_train_reals,real,none,train,94d57b86bea4dfb9,blur05
0,coco_train_reals,real,none,train,94d57b86bea4dfb9,resize05
0,coco_train_reals,real,none,train,850a612b08e4add3,clean
0,coco_train_reals,real,none,train,850a612b08e4add3,jpeg90
0,coco_train_reals,real,none,train,850a612b08e4add3,resize05
0,coco_train_reals,real,none,train,850a612b08e4add3,noise005
0,coco_train_reals,real,none,train,dfd1abadbe035d4b,clean
0,coco_train_reals,real,none,train,dfd1abadbe035d4b,blur10
0,coco_train_reals,real,none,train,dfd1abadbe035d4b,jitter02
0,coco_train_reals,real,none,train,dfd1abadbe035d4b,crop08
0,coco_train_reals,real,none,train,f42caf2ee34c315b,clean
0,coco_train_reals,real,none,train,f42caf2ee34c315b,jpeg30
0,coco_train_reals,real,none,train,f42caf2ee34c315b,blur05
0,coco_train_reals,real,none,train,f42caf2ee34c315b,noise005
0,coco_train_reals,real,none,train,26296c9df27ff520,clean
0,coco_train_reals,real,none,train,26296c9df27ff520,jpeg50
0,coco_train_reals,real,none,train,26296c9df27ff520,noise01
0,coco_train_reals,real,none,train,26296c9df27ff520,jitter02
0,coco_train_reals,real,none,train,2c9fab253db2ddf1,clean
0,coco_train_reals,real,none,train,2c9fab253db2ddf1,jpeg90
0,coco_train_reals,real,none,train,2c9fab253db2ddf1,blur05
0,coco_train_reals,real,none,train,2c9fab253db2ddf1,crop08
0,coco_train_reals,real,none,train,48fc13d4b2a782db,clean
0,coco_train_reals,real,none,train,48fc13d4b2a782db,jpeg70
0,coco_train_reals,real,none,train,48fc13d4b2a782db,resize025
0,coco_train_reals,real,none,train,48fc13d4b2a782db,jitter02
0,coco_train_reals,real,none,train,31197dfd7bb246ad,clean
0,coco_train_reals,real,none,train,31197dfd7bb246ad,jpeg50
0,coco_train_reals,real,none,train,31197dfd7bb246ad,blur05
0,coco_train_reals,real,none,train,31197dfd7bb246ad,jitter02
0,coco_train_reals,real,none,train,7ee9afdfe962574f,clean
0,coco_train_reals,real,none,train,7ee9afdfe962574f,blur05
0,coco_train_reals,real,none,train,7ee9afdfe962574f,resize025
0,coco_train_reals,real,none,train,7ee9afdfe962574f,crop08
0,coco_train_reals,real,none,train,c4d5ed59ff71968c,clean
0,coco_train_reals,real,none,train,c4d5ed59ff71968c,resize025
0,coco_train_reals,real,none,train,c4d5ed59ff71968c,noise002
0,coco_train_reals,real,none,train,c4d5ed59ff71968c,jitter02
0,coco_train_reals,real,none,train,ffab86edf283ff7a,clean
0,coco_train_reals,real,none,train,ffab86edf283ff7a,resize05
0,coco_train_reals,real,none,train,ffab86edf283ff7a,noise005
0,coco_train_reals,real,none,train,ffab86edf283ff7a,crop08
0,coco_train_reals,real,none,train,0b25022dc1c25885,clean
0,coco_train_reals,real,none,train,0b25022dc1c25885,blur10
0,coco_train_reals,real,none,train,0b25022dc1c25885,noise005
0,coco_train_reals,real,none,train,0b25022dc1c25885,crop08
0,coco_train_reals,real,none,train,ae041491f0f41959,clean
0,coco_train_reals,real,none,train,ae041491f0f41959,jpeg50
0,coco_train_reals,real,none,train,ae041491f0f41959,noise005
0,coco_train_reals,real,none,train,ae041491f0f41959,noise01
0,coco_train_reals,real,none,train,b6d18f352b8e74dd,clean
0,coco_train_reals,real,none,train,b6d18f352b8e74dd,jpeg90
0,coco_train_reals,real,none,train,b6d18f352b8e74dd,jpeg30
0,coco_train_reals,real,none,train,b6d18f352b8e74dd,crop08
0,coco_train_reals,real,none,train,9f3fbb05c44a84e1,clean
0,coco_train_reals,real,none,train,9f3fbb05c44a84e1,blur20
0,coco_train_reals,real,none,train,9f3fbb05c44a84e1,resize05
0,coco_train_reals,real,none,train,9f3fbb05c44a84e1,jitter02
0,coco_train_reals,real,none,train,b1cfbea3b533ad1e,clean
0,coco_train_reals,real,none,train,b1cfbea3b533ad1e,jpeg30
0,coco_train_reals,real,none,train,b1cfbea3b533ad1e,blur05
0,coco_train_reals,real,none,train,b1cfbea3b533ad1e,resize025
0,coco_train_reals,real,none,train,072e71abc25f0d4d,clean
0,coco_train_reals,real,none,train,072e71abc25f0d4d,jpeg70
0,coco_train_reals,real,none,train,072e71abc25f0d4d,noise005
0,coco_train_reals,real,none,train,072e71abc25f0d4d,crop08
0,coco_train_reals,real,none,train,7b91c9177282c6b5,clean
0,coco_train_reals,real,none,train,7b91c9177282c6b5,jpeg50
0,coco_train_reals,real,none,train,7b91c9177282c6b5,noise002
0,coco_train_reals,real,none,train,7b91c9177282c6b5,jitter02
0,coco_train_reals,real,none,train,1d880e462d1824e6,clean
0,coco_train_reals,real,none,train,1d880e462d1824e6,jpeg90
0,coco_train_reals,real,none,train,1d880e462d1824e6,blur10
0,coco_train_reals,real,none,train,1d880e462d1824e6,noise002
0,coco_train_reals,real,none,train,848487f0cda782b6,clean
0,coco_train_reals,real,none,train,848487f0cda782b6,blur20
0,coco_train_reals,real,none,train,848487f0cda782b6,noise005
0,coco_train_reals,real,none,train,848487f0cda782b6,jitter02
0,coco_train_reals,real,none,train,9f006f85c806e18b,clean
0,coco_train_reals,real,none,train,9f006f85c806e18b,resize05
0,coco_train_reals,real,none,train,9f006f85c806e18b,noise002
0,coco_train_reals,real,none,train,9f006f85c806e18b,noise005
0,coco_train_reals,real,none,train,fc17ac43f6abc9ec,clean
0,coco_train_reals,real,none,train,fc17ac43f6abc9ec,jpeg70
0,coco_train_reals,real,none,train,fc17ac43f6abc9ec,blur05
0,coco_train_reals,real,none,train,fc17ac43f6abc9ec,crop08
0,coco_train_reals,real,none,train,b67ee984401b2dad,clean
0,coco_train_reals,real,none,train,b67ee984401b2dad,blur05
0,coco_train_reals,real,none,train,b67ee984401b2dad,noise002
0,coco_train_reals,real,none,train,b67ee984401b2dad,jitter02
0,coco_train_reals,real,none,train,ee6934a60810dd72,clean
0,coco_train_reals,real,none,train,ee6934a60810dd72,blur05
0,coco_train_reals,real,none,train,ee6934a60810dd72,blur10
0,coco_train_reals,real,none,train,ee6934a60810dd72,resize025
0,coco_train_reals,real,none,train,299390213c1fea4f,clean
0,coco_train_reals,real,none,train,299390213c1fea4f,jpeg90
0,coco_train_reals,real,none,train,299390213c1fea4f,blur10
0,coco_train_reals,real,none,train,299390213c1fea4f,noise01
0,coco_train_reals,real,none,train,f8cc0f20284d6421,clean
0,coco_train_reals,real,none,train,f8cc0f20284d6421,blur20
0,coco_train_reals,real,none,train,f8cc0f20284d6421,resize025
0,coco_train_reals,real,none,train,f8cc0f20284d6421,noise002
0,coco_train_reals,real,none,train,e48d2f29fe243d0c,clean
0,coco_train_reals,real,none,train,e48d2f29fe243d0c,resize05
0,coco_train_reals,real,none,train,e48d2f29fe243d0c,jitter02
0,coco_train_reals,real,none,train,e48d2f29fe243d0c,crop08
0,coco_train_reals,real,none,train,963dc1c1149b5c45,clean
0,coco_train_reals,real,none,train,963dc1c1149b5c45,jpeg90
0,coco_train_reals,real,none,train,963dc1c1149b5c45,jpeg30
0,coco_train_reals,real,none,train,963dc1c1149b5c45,blur05
0,coco_train_reals,real,none,train,ecc4d6b4017befd6,clean
0,coco_train_reals,real,none,train,ecc4d6b4017befd6,blur10
0,coco_train_reals,real,none,train,ecc4d6b4017befd6,blur20
0,coco_train_reals,real,none,train,ecc4d6b4017befd6,noise005
0,coco_train_reals,real,none,train,d48afaef0873a903,clean
0,coco_train_reals,real,none,train,d48afaef0873a903,jpeg50
0,coco_train_reals,real,none,train,d48afaef0873a903,resize025
0,coco_train_reals,real,none,train,d48afaef0873a903,noise002
0,coco_train_reals,real,none,train,437f66c39e73a190,clean
0,coco_train_reals,real,none,train,437f66c39e73a190,jpeg50
0,coco_train_reals,real,none,train,437f66c39e73a190,blur05
0,coco_train_reals,real,none,train,437f66c39e73a190,noise005
0,coco_train_reals,real,none,train,7c9732c4ea387746,clean
0,coco_train_reals,real,none,train,7c9732c4ea387746,jpeg30
0,coco_train_reals,real,none,train,7c9732c4ea387746,blur20
0,coco_train_reals,real,none,train,7c9732c4ea387746,resize05
0,coco_train_reals,real,none,train,e3722a07c3d5ba8e,clean
0,coco_train_reals,real,none,train,e3722a07c3d5ba8e,blur05
0,coco_train_reals,real,none,train,e3722a07c3d5ba8e,resize05
0,coco_train_reals,real,none,train,e3722a07c3d5ba8e,noise005
0,coco_train_reals,real,none,train,fc3662c952e0ca7b,clean
0,coco_train_reals,real,none,train,fc3662c952e0ca7b,blur05
0,coco_train_reals,real,none,train,fc3662c952e0ca7b,blur20
0,coco_train_reals,real,none,train,fc3662c952e0ca7b,noise002
0,coco_train_reals,real,none,train,4232c0d57e4e30b4,clean
0,coco_train_reals,real,none,train,4232c0d57e4e30b4,jpeg50
0,coco_train_reals,real,none,train,4232c0d57e4e30b4,blur10
0,coco_train_reals,real,none,train,4232c0d57e4e30b4,crop08
0,coco_train_reals,real,none,train,dfc7d8fefc2ecb92,clean
0,coco_train_reals,real,none,train,dfc7d8fefc2ecb92,jpeg90
0,coco_train_reals,real,none,train,dfc7d8fefc2ecb92,jpeg70
0,coco_train_reals,real,none,train,dfc7d8fefc2ecb92,jpeg50
0,coco_train_reals,real,none,train,a7efdab7d201b7bb,clean
0,coco_train_reals,real,none,train,a7efdab7d201b7bb,blur10
0,coco_train_reals,real,none,train,a7efdab7d201b7bb,resize025
0,coco_train_reals,real,none,train,a7efdab7d201b7bb,noise002
0,coco_train_reals,real,none,train,0f52cc51c69b7274,clean
0,coco_train_reals,real,none,train,0f52cc51c69b7274,blur20
0,coco_train_reals,real,none,train,0f52cc51c69b7274,resize025
0,coco_train_reals,real,none,train,0f52cc51c69b7274,crop08
0,coco_train_reals,real,none,train,0336c2d6f75f967e,clean
0,coco_train_reals,real,none,train,0336c2d6f75f967e,blur20
0,coco_train_reals,real,none,train,0336c2d6f75f967e,resize025
0,coco_train_reals,real,none,train,0336c2d6f75f967e,noise005
0,coco_train_reals,real,none,train,ebd35abea91cb49d,clean
0,coco_train_reals,real,none,train,ebd35abea91cb49d,jpeg70
0,coco_train_reals,real,none,train,ebd35abea91cb49d,blur05
0,coco_train_reals,real,none,train,ebd35abea91cb49d,resize05
0,coco_train_reals,real,none,train,11bf03e63cbc1790,clean
0,coco_train_reals,real,none,train,11bf03e63cbc1790,jpeg70
0,coco_train_reals,real,none,train,11bf03e63cbc1790,jitter02
0,coco_train_reals,real,none,train,11bf03e63cbc1790,crop08
0,coco_train_reals,real,none,train,e77226c867c657ae,clean
0,coco_train_reals,real,none,train,e77226c867c657ae,jpeg50
0,coco_train_reals,real,none,train,e77226c867c657ae,jpeg30
0,coco_train_reals,real,none,train,e77226c867c657ae,blur05
0,coco_train_reals,real,none,train,aba9954e23c4c3ce,clean
0,coco_train_reals,real,none,train,aba9954e23c4c3ce,jpeg90
0,coco_train_reals,real,none,train,aba9954e23c4c3ce,resize025
0,coco_train_reals,real,none,train,aba9954e23c4c3ce,noise005
0,coco_train_reals,real,none,train,def009bccefbbbdd,clean
0,coco_train_reals,real,none,train,def009bccefbbbdd,jpeg90
0,coco_train_reals,real,none,train,def009bccefbbbdd,jpeg70
0,coco_train_reals,real,none,train,def009bccefbbbdd,noise002
0,coco_train_reals,real,none,train,a584a57efb04d25f,clean
0,coco_train_reals,real,none,train,a584a57efb04d25f,jpeg50
0,coco_train_reals,real,none,train,a584a57efb04d25f,jitter02
0,coco_train_reals,real,none,train,a584a57efb04d25f,crop08
0,coco_train_reals,real,none,train,2c42ac5923d4d45b,clean
0,coco_train_reals,real,none,train,2c42ac5923d4d45b,jpeg50
0,coco_train_reals,real,none,train,2c42ac5923d4d45b,blur20
0,coco_train_reals,real,none,train,2c42ac5923d4d45b,noise01
0,coco_train_reals,real,none,train,ec37e4365a0e99ef,clean
0,coco_train_reals,real,none,train,ec37e4365a0e99ef,noise002
0,coco_train_reals,real,none,train,ec37e4365a0e99ef,noise01
0,coco_train_reals,real,none,train,ec37e4365a0e99ef,jitter02
0,coco_train_reals,real,none,train,1648c644b02ec7b0,clean
0,coco_train_reals,real,none,train,1648c644b02ec7b0,blur05
0,coco_train_reals,real,none,train,1648c644b02ec7b0,noise01
0,coco_train_reals,real,none,train,1648c644b02ec7b0,jitter02
0,coco_train_reals,real,none,train,1d35a88a46e59158,clean
0,coco_train_reals,real,none,train,1d35a88a46e59158,jpeg90
0,coco_train_reals,real,none,train,1d35a88a46e59158,blur10
0,coco_train_reals,real,none,train,1d35a88a46e59158,crop08
0,coco_train_reals,real,none,train,bd44cc200a258686,clean
0,coco_train_reals,real,none,train,bd44cc200a258686,noise002
0,coco_train_reals,real,none,train,bd44cc200a258686,noise01
0,coco_train_reals,real,none,train,bd44cc200a258686,jitter02
0,coco_train_reals,real,none,train,e3a5c2bcc569f8b2,clean
0,coco_train_reals,real,none,train,e3a5c2bcc569f8b2,jpeg70
0,coco_train_reals,real,none,train,e3a5c2bcc569f8b2,jpeg50
0,coco_train_reals,real,none,train,e3a5c2bcc569f8b2,blur10
0,coco_train_reals,real,none,train,88f2093fe251a150,clean
0,coco_train_reals,real,none,train,88f2093fe251a150,jpeg90
0,coco_train_reals,real,none,train,88f2093fe251a150,jpeg50
0,coco_train_reals,real,none,train,88f2093fe251a150,resize05
0,coco_train_reals,real,none,train,fd64d44da71959e6,clean
0,coco_train_reals,real,none,train,fd64d44da71959e6,resize025
0,coco_train_reals,real,none,train,fd64d44da71959e6,noise005
0,coco_train_reals,real,none,train,fd64d44da71959e6,crop08
0,coco_train_reals,real,none,train,003ae67152ee650e,clean
0,coco_train_reals,real,none,train,003ae67152ee650e,jpeg30
0,coco_train_reals,real,none,train,003ae67152ee650e,noise01
0,coco_train_reals,real,none,train,003ae67152ee650e,jitter02
0,coco_train_reals,real,none,train,80d3eb60cbd3b933,clean
0,coco_train_reals,real,none,train,80d3eb60cbd3b933,jpeg90
0,coco_train_reals,real,none,train,80d3eb60cbd3b933,resize025
0,coco_train_reals,real,none,train,80d3eb60cbd3b933,jitter02
0,coco_train_reals,real,none,train,6db3bfc9cafc4d04,clean
0,coco_train_reals,real,none,train,6db3bfc9cafc4d04,jpeg50
0,coco_train_reals,real,none,train,6db3bfc9cafc4d04,noise005
0,coco_train_reals,real,none,train,6db3bfc9cafc4d04,noise01
0,coco_train_reals,real,none,train,f6d58c561867d258,clean
0,coco_train_reals,real,none,train,f6d58c561867d258,jpeg70
0,coco_train_reals,real,none,train,f6d58c561867d258,blur10
0,coco_train_reals,real,none,train,f6d58c561867d258,blur20
0,coco_train_reals,real,none,train,4c08d0d88cda54c0,clean
0,coco_train_reals,real,none,train,4c08d0d88cda54c0,jpeg90
0,coco_train_reals,real,none,train,4c08d0d88cda54c0,blur05
0,coco_train_reals,real,none,train,4c08d0d88cda54c0,jitter02
0,coco_train_reals,real,none,train,e70ee388778b9413,clean
0,coco_train_reals,real,none,train,e70ee388778b9413,jpeg90
0,coco_train_reals,real,none,train,e70ee388778b9413,jpeg70
0,coco_train_reals,real,none,train,e70ee388778b9413,jpeg30
0,coco_train_reals,real,none,train,4b2d2d442a263167,clean
0,coco_train_reals,real,none,train,4b2d2d442a263167,jpeg50
0,coco_train_reals,real,none,train,4b2d2d442a263167,blur20
0,coco_train_reals,real,none,train,4b2d2d442a263167,resize05
0,coco_train_reals,real,none,train,f6350d2530884333,clean
0,coco_train_reals,real,none,train,f6350d2530884333,blur10
0,coco_train_reals,real,none,train,f6350d2530884333,blur20
0,coco_train_reals,real,none,train,f6350d2530884333,noise005
0,coco_train_reals,real,none,train,39772be90dfcf936,clean
0,coco_train_reals,real,none,train,39772be90dfcf936,jpeg50
0,coco_train_reals,real,none,train,39772be90dfcf936,noise005
0,coco_train_reals,real,none,train,39772be90dfcf936,crop08
0,coco_train_reals,real,none,train,b1ab48cf31e894ae,clean
0,coco_train_reals,real,none,train,b1ab48cf31e894ae,noise002
0,coco_train_reals,real,none,train,b1ab48cf31e894ae,noise01
0,coco_train_reals,real,none,train,b1ab48cf31e894ae,crop08
0,coco_train_reals,real,none,train,632ce66de6aa753c,clean
0,coco_train_reals,real,none,train,632ce66de6aa753c,jpeg90
0,coco_train_reals,real,none,train,632ce66de6aa753c,blur10
0,coco_train_reals,real,none,train,632ce66de6aa753c,jitter02
0,coco_train_reals,real,none,train,2779bab143204b75,clean
0,coco_train_reals,real,none,train,2779bab143204b75,jpeg30
0,coco_train_reals,real,none,train,2779bab143204b75,blur10
0,coco_train_reals,real,none,train,2779bab143204b75,resize05
0,coco_train_reals,real,none,train,e5c95fd5f87d28b9,clean
0,coco_train_reals,real,none,train,e5c95fd5f87d28b9,blur10
0,coco_train_reals,real,none,train,e5c95fd5f87d28b9,noise01
0,coco_train_reals,real,none,train,e5c95fd5f87d28b9,jitter02
0,coco_train_reals,real,none,train,802b16fce0fef97b,clean
0,coco_train_reals,real,none,train,802b16fce0fef97b,blur05
0,coco_train_reals,real,none,train,802b16fce0fef97b,blur20
0,coco_train_reals,real,none,train,802b16fce0fef97b,crop08
0,coco_train_reals,real,none,train,3500956a53a19b61,clean
0,coco_train_reals,real,none,train,3500956a53a19b61,jpeg30
0,coco_train_reals,real,none,train,3500956a53a19b61,resize025
0,coco_train_reals,real,none,train,3500956a53a19b61,noise002
0,coco_train_reals,real,none,train,4e57e8c841f282c3,clean
0,coco_train_reals,real,none,train,4e57e8c841f282c3,jpeg70
0,coco_train_reals,real,none,train,4e57e8c841f282c3,blur10
0,coco_train_reals,real,none,train,4e57e8c841f282c3,resize05
0,coco_train_reals,real,none,train,e00562939d71023d,clean
0,coco_train_reals,real,none,train,e00562939d71023d,jpeg70
0,coco_train_reals,real,none,train,e00562939d71023d,jpeg30
0,coco_train_reals,real,none,train,e00562939d71023d,crop08
0,coco_train_reals,real,none,train,6825caecdf2cfd42,clean
0,coco_train_reals,real,none,train,6825caecdf2cfd42,jpeg30
0,coco_train_reals,real,none,train,6825caecdf2cfd42,blur20
0,coco_train_reals,real,none,train,6825caecdf2cfd42,noise002
0,coco_train_reals,real,none,train,c8b1300c4e036bec,clean
0,coco_train_reals,real,none,train,c8b1300c4e036bec,jpeg50
0,coco_train_reals,real,none,train,c8b1300c4e036bec,jpeg30
0,coco_train_reals,real,none,train,c8b1300c4e036bec,blur10
0,coco_train_reals,real,none,train,78d574affe108427,clean
0,coco_train_reals,real,none,train,78d574affe108427,resize025
0,coco_train_reals,real,none,train,78d574affe108427,noise005
0,coco_train_reals,real,none,train,78d574affe108427,crop08
0,coco_train_reals,real,none,train,98206f62dcfbe00d,clean
0,coco_train_reals,real,none,train,98206f62dcfbe00d,blur05
0,coco_train_reals,real,none,train,98206f62dcfbe00d,blur10
0,coco_train_reals,real,none,train,98206f62dcfbe00d,blur20
0,coco_train_reals,real,none,train,bc840c136199e7ff,clean
0,coco_train_reals,real,none,train,bc840c136199e7ff,jpeg50
0,coco_train_reals,real,none,train,bc840c136199e7ff,blur20
0,coco_train_reals,real,none,train,bc840c136199e7ff,noise01
0,coco_train_reals,real,none,train,b07ca80a33486575,clean
0,coco_train_reals,real,none,train,b07ca80a33486575,blur05
0,coco_train_reals,real,none,train,b07ca80a33486575,noise002
0,coco_train_reals,real,none,train,b07ca80a33486575,crop08
0,coco_train_reals,real,none,train,e51318ee6615cba1,clean
0,coco_train_reals,real,none,train,e51318ee6615cba1,blur05
0,coco_train_reals,real,none,train,e51318ee6615cba1,blur20
0,coco_train_reals,real,none,train,e51318ee6615cba1,noise005
0,coco_train_reals,real,none,train,091cfadcaa94b145,clean
0,coco_train_reals,real,none,train,091cfadcaa94b145,jpeg50
0,coco_train_reals,real,none,train,091cfadcaa94b145,jpeg30
0,coco_train_reals,real,none,train,091cfadcaa94b145,jitter02
0,coco_train_reals,real,none,train,34bf3463e9ed048e,clean
0,coco_train_reals,real,none,train,34bf3463e9ed048e,jpeg30
0,coco_train_reals,real,none,train,34bf3463e9ed048e,resize025
0,coco_train_reals,real,none,train,34bf3463e9ed048e,noise005
0,coco_train_reals,real,none,train,8890065aa33fa360,clean
0,coco_train_reals,real,none,train,8890065aa33fa360,blur10
0,coco_train_reals,real,none,train,8890065aa33fa360,jitter02
0,coco_train_reals,real,none,train,8890065aa33fa360,crop08
0,coco_train_reals,real,none,train,f3ab2b6f728a251f,clean
0,coco_train_reals,real,none,train,f3ab2b6f728a251f,jpeg50
0,coco_train_reals,real,none,train,f3ab2b6f728a251f,jpeg30
0,coco_train_reals,real,none,train,f3ab2b6f728a251f,jitter02
0,coco_train_reals,real,none,train,5b7024e1cb49af27,clean
0,coco_train_reals,real,none,train,5b7024e1cb49af27,blur05
0,coco_train_reals,real,none,train,5b7024e1cb49af27,resize025
0,coco_train_reals,real,none,train,5b7024e1cb49af27,crop08
0,coco_train_reals,real,none,train,d70fcf04fff82c4f,clean
0,coco_train_reals,real,none,train,d70fcf04fff82c4f,jpeg50
0,coco_train_reals,real,none,train,d70fcf04fff82c4f,noise002
0,coco_train_reals,real,none,train,d70fcf04fff82c4f,crop08
0,coco_train_reals,real,none,train,8edfe551aea09967,clean
0,coco_train_reals,real,none,train,8edfe551aea09967,jpeg90
0,coco_train_reals,real,none,train,8edfe551aea09967,jpeg70
0,coco_train_reals,real,none,train,8edfe551aea09967,noise002
0,coco_train_reals,real,none,train,973d2fb2c9017538,clean
0,coco_train_reals,real,none,train,973d2fb2c9017538,jpeg70
0,coco_train_reals,real,none,train,973d2fb2c9017538,blur10
0,coco_train_reals,real,none,train,973d2fb2c9017538,resize025
0,coco_train_reals,real,none,train,50c458662d30da8b,clean
0,coco_train_reals,real,none,train,50c458662d30da8b,jpeg90
0,coco_train_reals,real,none,train,50c458662d30da8b,blur20
0,coco_train_reals,real,none,train,50c458662d30da8b,jitter02
0,coco_train_reals,real,none,train,ef31d7d2e8825357,clean
0,coco_train_reals,real,none,train,ef31d7d2e8825357,jpeg90
0,coco_train_reals,real,none,train,ef31d7d2e8825357,jpeg70
0,coco_train_reals,real,none,train,ef31d7d2e8825357,resize025
0,coco_train_reals,real,none,train,03116d32fcf39cb9,clean
0,coco_train_reals,real,none,train,03116d32fcf39cb9,jpeg70
0,coco_train_reals,real,none,train,03116d32fcf39cb9,blur20
0,coco_train_reals,real,none,train,03116d32fcf39cb9,crop08
0,coco_train_reals,real,none,train,e7974a30f36008e9,clean
0,coco_train_reals,real,none,train,e7974a30f36008e9,jpeg30
0,coco_train_reals,real,none,train,e7974a30f36008e9,blur20
0,coco_train_reals,real,none,train,e7974a30f36008e9,noise002
0,coco_train_reals,real,none,train,739335b56628aced,clean
0,coco_train_reals,real,none,train,739335b56628aced,jpeg90
0,coco_train_reals,real,none,train,739335b56628aced,blur05
0,coco_train_reals,real,none,train,739335b56628aced,jitter02
0,coco_train_reals,real,none,train,64cdd051f00e7c7f,clean
0,coco_train_reals,real,none,train,64cdd051f00e7c7f,jpeg50
0,coco_train_reals,real,none,train,64cdd051f00e7c7f,resize025
0,coco_train_reals,real,none,train,64cdd051f00e7c7f,noise01
0,coco_train_reals,real,none,train,c90a33162170db96,clean
0,coco_train_reals,real,none,train,c90a33162170db96,resize05
0,coco_train_reals,real,none,train,c90a33162170db96,jitter02
0,coco_train_reals,real,none,train,c90a33162170db96,crop08
0,coco_train_reals,real,none,train,f2a9295a2d426cbc,clean
0,coco_train_reals,real,none,train,f2a9295a2d426cbc,blur05
0,coco_train_reals,real,none,train,f2a9295a2d426cbc,resize025
0,coco_train_reals,real,none,train,f2a9295a2d426cbc,noise005
0,coco_train_reals,real,none,train,326ed765e0e3404f,clean
0,coco_train_reals,real,none,train,326ed765e0e3404f,jpeg90
0,coco_train_reals,real,none,train,326ed765e0e3404f,blur05
0,coco_train_reals,real,none,train,326ed765e0e3404f,noise005
0,coco_train_reals,real,none,train,c725ae5335c33589,clean
0,coco_train_reals,real,none,train,c725ae5335c33589,blur10
0,coco_train_reals,real,none,train,c725ae5335c33589,resize025
0,coco_train_reals,real,none,train,c725ae5335c33589,noise01
0,coco_train_reals,real,none,train,555577496a61943b,clean
0,coco_train_reals,real,none,train,555577496a61943b,jpeg90
0,coco_train_reals,real,none,train,555577496a61943b,jpeg50
0,coco_train_reals,real,none,train,555577496a61943b,noise005
0,coco_train_reals,real,none,train,33e6d2c2dfb699fd,clean
0,coco_train_reals,real,none,train,33e6d2c2dfb699fd,jpeg50
0,coco_train_reals,real,none,train,33e6d2c2dfb699fd,blur10
0,coco_train_reals,real,none,train,33e6d2c2dfb699fd,noise01
0,coco_train_reals,real,none,train,e9a51946006976a9,clean
0,coco_train_reals,real,none,train,e9a51946006976a9,jpeg30
0,coco_train_reals,real,none,train,e9a51946006976a9,noise002
0,coco_train_reals,real,none,train,e9a51946006976a9,crop08
0,coco_train_reals,real,none,train,92bb2e7712e00482,clean
0,coco_train_reals,real,none,train,92bb2e7712e00482,jpeg30
0,coco_train_reals,real,none,train,92bb2e7712e00482,blur05
0,coco_train_reals,real,none,train,92bb2e7712e00482,jitter02
0,coco_train_reals,real,none,train,06363edfec92d042,clean
0,coco_train_reals,real,none,train,06363edfec92d042,blur20
0,coco_train_reals,real,none,train,06363edfec92d042,resize025
0,coco_train_reals,real,none,train,06363edfec92d042,noise005
0,coco_train_reals,real,none,train,824660a3216cf6be,clean
0,coco_train_reals,real,none,train,824660a3216cf6be,noise002
0,coco_train_reals,real,none,train,824660a3216cf6be,noise005
0,coco_train_reals,real,none,train,824660a3216cf6be,jitter02
0,coco_train_reals,real,none,train,fa7e053bd7911a6a,clean
0,coco_train_reals,real,none,train,fa7e053bd7911a6a,jpeg90
0,coco_train_reals,real,none,train,fa7e053bd7911a6a,blur20
0,coco_train_reals,real,none,train,fa7e053bd7911a6a,crop08
0,coco_train_reals,real,none,train,96908b19288c7ad7,clean
0,coco_train_reals,real,none,train,96908b19288c7ad7,jpeg90
0,coco_train_reals,real,none,train,96908b19288c7ad7,jpeg30
0,coco_train_reals,real,none,train,96908b19288c7ad7,resize025
0,coco_train_reals,real,none,train,07595023a2a0bab7,clean
0,coco_train_reals,real,none,train,07595023a2a0bab7,jpeg70
0,coco_train_reals,real,none,train,07595023a2a0bab7,blur20
0,coco_train_reals,real,none,train,07595023a2a0bab7,noise005
0,coco_train_reals,real,none,train,ca06bd5eb3cf5571,clean
0,coco_train_reals,real,none,train,ca06bd5eb3cf5571,resize05
0,coco_train_reals,real,none,train,ca06bd5eb3cf5571,noise002
0,coco_train_reals,real,none,train,ca06bd5eb3cf5571,noise005
0,coco_train_reals,real,none,train,e29a2ec63b1cc628,clean
0,coco_train_reals,real,none,train,e29a2ec63b1cc628,resize025
0,coco_train_reals,real,none,train,e29a2ec63b1cc628,noise005
0,coco_train_reals,real,none,train,e29a2ec63b1cc628,crop08
0,coco_train_reals,real,none,train,023c97a221be1fe0,clean
0,coco_train_reals,real,none,train,023c97a221be1fe0,jpeg50
0,coco_train_reals,real,none,train,023c97a221be1fe0,noise005
0,coco_train_reals,real,none,train,023c97a221be1fe0,noise01
0,coco_train_reals,real,none,train,614be93f2d334cdd,clean
0,coco_train_reals,real,none,train,614be93f2d334cdd,blur05
0,coco_train_reals,real,none,train,614be93f2d334cdd,noise002
0,coco_train_reals,real,none,train,614be93f2d334cdd,crop08
0,coco_train_reals,real,none,train,4727945b5a0afcb7,clean
0,coco_train_reals,real,none,train,4727945b5a0afcb7,jpeg90
0,coco_train_reals,real,none,train,4727945b5a0afcb7,resize025
0,coco_train_reals,real,none,train,4727945b5a0afcb7,noise002
0,coco_train_reals,real,none,train,6f6333d5ac96401e,clean
0,coco_train_reals,real,none,train,6f6333d5ac96401e,jpeg70
0,coco_train_reals,real,none,train,6f6333d5ac96401e,jpeg50
0,coco_train_reals,real,none,train,6f6333d5ac96401e,noise01
0,coco_train_reals,real,none,train,4b12145ac79dcb4e,clean
0,coco_train_reals,real,none,train,4b12145ac79dcb4e,jpeg30
0,coco_train_reals,real,none,train,4b12145ac79dcb4e,resize05
0,coco_train_reals,real,none,train,4b12145ac79dcb4e,noise002
0,coco_train_reals,real,none,train,512c0794c232e9a9,clean
0,coco_train_reals,real,none,train,512c0794c232e9a9,jpeg30
0,coco_train_reals,real,none,train,512c0794c232e9a9,noise01
0,coco_train_reals,real,none,train,512c0794c232e9a9,jitter02
0,coco_train_reals,real,none,train,d6c94a8a6ec16db3,clean
0,coco_train_reals,real,none,train,d6c94a8a6ec16db3,jpeg90
0,coco_train_reals,real,none,train,d6c94a8a6ec16db3,resize05
0,coco_train_reals,real,none,train,d6c94a8a6ec16db3,noise01
0,coco_train_reals,real,none,train,b898f2913175ceb2,clean
0,coco_train_reals,real,none,train,b898f2913175ceb2,jpeg70
0,coco_train_reals,real,none,train,b898f2913175ceb2,blur20
0,coco_train_reals,real,none,train,b898f2913175ceb2,noise005
0,coco_train_reals,real,none,train,fb26cabf653de565,clean
0,coco_train_reals,real,none,train,fb26cabf653de565,jpeg70
0,coco_train_reals,real,none,train,fb26cabf653de565,jpeg50
0,coco_train_reals,real,none,train,fb26cabf653de565,blur10
0,coco_train_reals,real,none,train,a017a7c22f87e6a6,clean
0,coco_train_reals,real,none,train,a017a7c22f87e6a6,blur05
0,coco_train_reals,real,none,train,a017a7c22f87e6a6,blur10
0,coco_train_reals,real,none,train,a017a7c22f87e6a6,noise002
0,coco_train_reals,real,none,train,04b7441c8f82d1d9,clean
0,coco_train_reals,real,none,train,04b7441c8f82d1d9,noise002
0,coco_train_reals,real,none,train,04b7441c8f82d1d9,noise005
0,coco_train_reals,real,none,train,04b7441c8f82d1d9,jitter02
0,coco_train_reals,real,none,train,070318324843b218,clean
0,coco_train_reals,real,none,train,070318324843b218,jpeg90
0,coco_train_reals,real,none,train,070318324843b218,noise005
0,coco_train_reals,real,none,train,070318324843b218,noise01
0,coco_train_reals,real,none,train,4b4eb26a76091163,clean
0,coco_train_reals,real,none,train,4b4eb26a76091163,jpeg70
0,coco_train_reals,real,none,train,4b4eb26a76091163,jpeg50
0,coco_train_reals,real,none,train,4b4eb26a76091163,blur20
0,coco_train_reals,real,none,train,8d9171f3f6c4443d,clean
0,coco_train_reals,real,none,train,8d9171f3f6c4443d,jpeg90
0,coco_train_reals,real,none,train,8d9171f3f6c4443d,resize05
0,coco_train_reals,real,none,train,8d9171f3f6c4443d,noise01
0,coco_train_reals,real,none,train,9e8db1f3b1286d3c,clean
0,coco_train_reals,real,none,train,9e8db1f3b1286d3c,blur05
0,coco_train_reals,real,none,train,9e8db1f3b1286d3c,noise002
0,coco_train_reals,real,none,train,9e8db1f3b1286d3c,noise01
0,coco_train_reals,real,none,train,38ae88b4238e4575,clean
0,coco_train_reals,real,none,train,38ae88b4238e4575,blur20
0,coco_train_reals,real,none,train,38ae88b4238e4575,resize025
0,coco_train_reals,real,none,train,38ae88b4238e4575,crop08
0,coco_train_reals,real,none,train,6c9638f51da7547f,clean
0,coco_train_reals,real,none,train,6c9638f51da7547f,jpeg50
0,coco_train_reals,real,none,train,6c9638f51da7547f,resize025
0,coco_train_reals,real,none,train,6c9638f51da7547f,crop08
0,coco_train_reals,real,none,train,158635694a2c6d25,clean
0,coco_train_reals,real,none,train,158635694a2c6d25,jpeg70
0,coco_train_reals,real,none,train,158635694a2c6d25,blur10
0,coco_train_reals,real,none,train,158635694a2c6d25,jitter02
0,coco_train_reals,real,none,train,6508c08aee3b9667,clean
0,coco_train_reals,real,none,train,6508c08aee3b9667,jpeg90
0,coco_train_reals,real,none,train,6508c08aee3b9667,jpeg50
0,coco_train_reals,real,none,train,6508c08aee3b9667,noise005
0,coco_train_reals,real,none,train,445a97cba06ea096,clean
0,coco_train_reals,real,none,train,445a97cba06ea096,jpeg30
0,coco_train_reals,real,none,train,445a97cba06ea096,blur20
0,coco_train_reals,real,none,train,445a97cba06ea096,jitter02
0,coco_train_reals,real,none,train,e04f1671bba65826,clean
0,coco_train_reals,real,none,train,e04f1671bba65826,jpeg70
0,coco_train_reals,real,none,train,e04f1671bba65826,noise005
0,coco_train_reals,real,none,train,e04f1671bba65826,noise01
0,coco_train_reals,real,none,train,2b95c6d5c457a8ef,clean
0,coco_train_reals,real,none,train,2b95c6d5c457a8ef,blur05
0,coco_train_reals,real,none,train,2b95c6d5c457a8ef,resize025
0,coco_train_reals,real,none,train,2b95c6d5c457a8ef,noise002
0,coco_train_reals,real,none,train,86fe0e4af8b17fed,clean
0,coco_train_reals,real,none,train,86fe0e4af8b17fed,jpeg70
0,coco_train_reals,real,none,train,86fe0e4af8b17fed,jpeg30
0,coco_train_reals,real,none,train,86fe0e4af8b17fed,jitter02
0,coco_train_reals,real,none,train,ea344b949c5bdb02,clean
0,coco_train_reals,real,none,train,ea344b949c5bdb02,jpeg90
0,coco_train_reals,real,none,train,ea344b949c5bdb02,jpeg50
0,coco_train_reals,real,none,train,ea344b949c5bdb02,jpeg30
0,coco_train_reals,real,none,train,70231a807fadf396,clean
0,coco_train_reals,real,none,train,70231a807fadf396,jpeg90
0,coco_train_reals,real,none,train,70231a807fadf396,jpeg50
0,coco_train_reals,real,none,train,70231a807fadf396,crop08
0,coco_train_reals,real,none,train,160d183eb8dd71ef,clean
0,coco_train_reals,real,none,train,160d183eb8dd71ef,jpeg90
0,coco_train_reals,real,none,train,160d183eb8dd71ef,blur20
0,coco_train_reals,real,none,train,160d183eb8dd71ef,crop08
0,coco_train_reals,real,none,train,128b624d7e6fc8cb,clean
0,coco_train_reals,real,none,train,128b624d7e6fc8cb,jpeg30
0,coco_train_reals,real,none,train,128b624d7e6fc8cb,blur10
0,coco_train_reals,real,none,train,128b624d7e6fc8cb,resize025
0,coco_train_reals,real,none,train,16a9bae0f6dc96ee,clean
0,coco_train_reals,real,none,train,16a9bae0f6dc96ee,jpeg30
0,coco_train_reals,real,none,train,16a9bae0f6dc96ee,blur20
0,coco_train_reals,real,none,train,16a9bae0f6dc96ee,jitter02
0,coco_train_reals,real,none,train,723c1130e2d11871,clean
0,coco_train_reals,real,none,train,723c1130e2d11871,jpeg30
0,coco_train_reals,real,none,train,723c1130e2d11871,blur05
0,coco_train_reals,real,none,train,723c1130e2d11871,noise002
0,coco_train_reals,real,none,train,4c2bbf5a36d71ed1,clean
0,coco_train_reals,real,none,train,4c2bbf5a36d71ed1,blur10
0,coco_train_reals,real,none,train,4c2bbf5a36d71ed1,noise002
0,coco_train_reals,real,none,train,4c2bbf5a36d71ed1,crop08
0,coco_train_reals,real,none,train,ebd3ea64c5435d2f,clean
0,coco_train_reals,real,none,train,ebd3ea64c5435d2f,jpeg50
0,coco_train_reals,real,none,train,ebd3ea64c5435d2f,jpeg30
0,coco_train_reals,real,none,train,ebd3ea64c5435d2f,blur20
0,coco_train_reals,real,none,train,caf3e12131f2f98f,clean
0,coco_train_reals,real,none,train,caf3e12131f2f98f,blur20
0,coco_train_reals,real,none,train,caf3e12131f2f98f,noise005
0,coco_train_reals,real,none,train,caf3e12131f2f98f,crop08
0,coco_train_reals,real,none,train,124c56a94e8362b4,clean
0,coco_train_reals,real,none,train,124c56a94e8362b4,blur05
0,coco_train_reals,real,none,train,124c56a94e8362b4,resize05
0,coco_train_reals,real,none,train,124c56a94e8362b4,noise01
0,coco_train_reals,real,none,train,2dec331f13e5957a,clean
0,coco_train_reals,real,none,train,2dec331f13e5957a,jpeg30
0,coco_train_reals,real,none,train,2dec331f13e5957a,blur20
0,coco_train_reals,real,none,train,2dec331f13e5957a,resize05
0,coco_train_reals,real,none,train,bfdf8009fc1c5bca,clean
0,coco_train_reals,real,none,train,bfdf8009fc1c5bca,jpeg70
0,coco_train_reals,real,none,train,bfdf8009fc1c5bca,jpeg50
0,coco_train_reals,real,none,train,bfdf8009fc1c5bca,noise002
0,coco_train_reals,real,none,train,ac11591b15f25c76,clean
0,coco_train_reals,real,none,train,ac11591b15f25c76,blur05
0,coco_train_reals,real,none,train,ac11591b15f25c76,jitter02
0,coco_train_reals,real,none,train,ac11591b15f25c76,crop08
0,coco_train_reals,real,none,train,807059c9e18e829f,clean
0,coco_train_reals,real,none,train,807059c9e18e829f,blur10
0,coco_train_reals,real,none,train,807059c9e18e829f,resize05
0,coco_train_reals,real,none,train,807059c9e18e829f,resize025
0,coco_train_reals,real,none,train,d8fb1aa6d10ff18c,clean
0,coco_train_reals,real,none,train,d8fb1aa6d10ff18c,jpeg90
0,coco_train_reals,real,none,train,d8fb1aa6d10ff18c,jpeg50
0,coco_train_reals,real,none,train,d8fb1aa6d10ff18c,noise005
0,coco_train_reals,real,none,train,564c07809631608c,clean
0,coco_train_reals,real,none,train,564c07809631608c,jpeg50
0,coco_train_reals,real,none,train,564c07809631608c,noise005
0,coco_train_reals,real,none,train,564c07809631608c,jitter02
0,coco_train_reals,real,none,train,449b1e20da31578c,clean
0,coco_train_reals,real,none,train,449b1e20da31578c,blur05
0,coco_train_reals,real,none,train,449b1e20da31578c,blur20
0,coco_train_reals,real,none,train,449b1e20da31578c,jitter02
0,coco_train_reals,real,none,train,535bb894fc5b1bae,clean
0,coco_train_reals,real,none,train,535bb894fc5b1bae,jpeg50
0,coco_train_reals,real,none,train,535bb894fc5b1bae,blur05
0,coco_train_reals,real,none,train,535bb894fc5b1bae,noise01
0,coco_train_reals,real,none,train,33cfe62a06e11caa,clean
0,coco_train_reals,real,none,train,33cfe62a06e11caa,jpeg70
0,coco_train_reals,real,none,train,33cfe62a06e11caa,blur20
0,coco_train_reals,real,none,train,33cfe62a06e11caa,noise01
0,coco_train_reals,real,none,train,474770a4afbcd828,clean
0,coco_train_reals,real,none,train,474770a4afbcd828,blur05
0,coco_train_reals,real,none,train,474770a4afbcd828,blur10
0,coco_train_reals,real,none,train,474770a4afbcd828,noise005
0,coco_train_reals,real,none,train,4c50968753db74c2,clean
0,coco_train_reals,real,none,train,4c50968753db74c2,jpeg90
0,coco_train_reals,real,none,train,4c50968753db74c2,blur10
0,coco_train_reals,real,none,train,4c50968753db74c2,crop08
0,coco_train_reals,real,none,train,8ea64cd577fdeaea,clean
0,coco_train_reals,real,none,train,8ea64cd577fdeaea,jpeg90
0,coco_train_reals,real,none,train,8ea64cd577fdeaea,blur05
0,coco_train_reals,real,none,train,8ea64cd577fdeaea,blur20
0,coco_train_reals,real,none,train,f6a9a513a30939f9,clean
0,coco_train_reals,real,none,train,f6a9a513a30939f9,jpeg50
0,coco_train_reals,real,none,train,f6a9a513a30939f9,jpeg30
0,coco_train_reals,real,none,train,f6a9a513a30939f9,blur05
0,coco_train_reals,real,none,train,1709e12979d8245c,clean
0,coco_train_reals,real,none,train,1709e12979d8245c,blur05
0,coco_train_reals,real,none,train,1709e12979d8245c,noise01
0,coco_train_reals,real,none,train,1709e12979d8245c,jitter02
0,coco_train_reals,real,none,train,82afe7a8e6bf3327,clean
0,coco_train_reals,real,none,train,82afe7a8e6bf3327,jpeg90
0,coco_train_reals,real,none,train,82afe7a8e6bf3327,blur05
0,coco_train_reals,real,none,train,82afe7a8e6bf3327,resize025
0,coco_train_reals,real,none,train,345f347c4f985fbf,clean
0,coco_train_reals,real,none,train,345f347c4f985fbf,jpeg70
0,coco_train_reals,real,none,train,345f347c4f985fbf,resize05
0,coco_train_reals,real,none,train,345f347c4f985fbf,resize025
0,coco_train_reals,real,none,train,37222ba8b3d57990,clean
0,coco_train_reals,real,none,train,37222ba8b3d57990,blur10
0,coco_train_reals,real,none,train,37222ba8b3d57990,resize05
0,coco_train_reals,real,none,train,37222ba8b3d57990,crop08
0,coco_train_reals,real,none,train,932424d1efdc75f2,clean
0,coco_train_reals,real,none,train,932424d1efdc75f2,resize05
0,coco_train_reals,real,none,train,932424d1efdc75f2,resize025
0,coco_train_reals,real,none,train,932424d1efdc75f2,crop08
0,coco_train_reals,real,none,train,52bb6a2e690559a2,clean
0,coco_train_reals,real,none,train,52bb6a2e690559a2,jpeg70
0,coco_train_reals,real,none,train,52bb6a2e690559a2,blur20
0,coco_train_reals,real,none,train,52bb6a2e690559a2,resize025
0,coco_train_reals,real,none,train,3b23ddf7e0fe19e9,clean
0,coco_train_reals,real,none,train,3b23ddf7e0fe19e9,jpeg70
0,coco_train_reals,real,none,train,3b23ddf7e0fe19e9,jpeg30
0,coco_train_reals,real,none,train,3b23ddf7e0fe19e9,jitter02
0,coco_train_reals,real,none,train,48a86806d4537499,clean
0,coco_train_reals,real,none,train,48a86806d4537499,jpeg50
0,coco_train_reals,real,none,train,48a86806d4537499,blur20
0,coco_train_reals,real,none,train,48a86806d4537499,jitter02
0,coco_train_reals,real,none,train,4d009682fbd8d46c,clean
0,coco_train_reals,real,none,train,4d009682fbd8d46c,jpeg90
0,coco_train_reals,real,none,train,4d009682fbd8d46c,resize05
0,coco_train_reals,real,none,train,4d009682fbd8d46c,noise002
0,coco_train_reals,real,none,train,121f472a6d49eafc,clean
0,coco_train_reals,real,none,train,121f472a6d49eafc,jpeg90
0,coco_train_reals,real,none,train,121f472a6d49eafc,noise005
0,coco_train_reals,real,none,train,121f472a6d49eafc,noise01
0,coco_train_reals,real,none,train,0b7192fd6e121dd0,clean
0,coco_train_reals,real,none,train,0b7192fd6e121dd0,jpeg90
0,coco_train_reals,real,none,train,0b7192fd6e121dd0,jpeg70
0,coco_train_reals,real,none,train,0b7192fd6e121dd0,jpeg50
0,coco_train_reals,real,none,train,fa7c8dbf7296994f,clean
0,coco_train_reals,real,none,train,fa7c8dbf7296994f,jpeg90
0,coco_train_reals,real,none,train,fa7c8dbf7296994f,blur20
0,coco_train_reals,real,none,train,fa7c8dbf7296994f,jitter02
0,coco_train_reals,real,none,train,36bda6794be4f94b,clean
0,coco_train_reals,real,none,train,36bda6794be4f94b,jpeg50
0,coco_train_reals,real,none,train,36bda6794be4f94b,resize05
0,coco_train_reals,real,none,train,36bda6794be4f94b,noise002
0,coco_train_reals,real,none,train,b55e95551ab92faa,clean
0,coco_train_reals,real,none,train,b55e95551ab92faa,jpeg70
0,coco_train_reals,real,none,train,b55e95551ab92faa,noise005
0,coco_train_reals,real,none,train,b55e95551ab92faa,jitter02
0,coco_train_reals,real,none,train,4e3d7d2042c35de7,clean
0,coco_train_reals,real,none,train,4e3d7d2042c35de7,blur05
0,coco_train_reals,real,none,train,4e3d7d2042c35de7,resize05
0,coco_train_reals,real,none,train,4e3d7d2042c35de7,resize025
0,coco_train_reals,real,none,train,abdd3a3713a05ff6,clean
0,coco_train_reals,real,none,train,abdd3a3713a05ff6,jpeg30
0,coco_train_reals,real,none,train,abdd3a3713a05ff6,resize025
0,coco_train_reals,real,none,train,abdd3a3713a05ff6,jitter02
0,coco_train_reals,real,none,train,ce17831d1f02e54a,clean
0,coco_train_reals,real,none,train,ce17831d1f02e54a,blur10
0,coco_train_reals,real,none,train,ce17831d1f02e54a,noise005
0,coco_train_reals,real,none,train,ce17831d1f02e54a,noise01
0,coco_train_reals,real,none,train,563735be11e53d97,clean
0,coco_train_reals,real,none,train,563735be11e53d97,jpeg50
0,coco_train_reals,real,none,train,563735be11e53d97,blur10
0,coco_train_reals,real,none,train,563735be11e53d97,crop08
0,coco_train_reals,real,none,train,292ce811a4ebebe3,clean
0,coco_train_reals,real,none,train,292ce811a4ebebe3,jpeg50
0,coco_train_reals,real,none,train,292ce811a4ebebe3,jpeg30
0,coco_train_reals,real,none,train,292ce811a4ebebe3,noise002
0,coco_train_reals,real,none,train,11ecc8cd75c867b6,clean
0,coco_train_reals,real,none,train,11ecc8cd75c867b6,blur05
0,coco_train_reals,real,none,train,11ecc8cd75c867b6,blur20
0,coco_train_reals,real,none,train,11ecc8cd75c867b6,crop08
0,coco_train_reals,real,none,train,51d5afc411203fe2,clean
0,coco_train_reals,real,none,train,51d5afc411203fe2,jpeg90
0,coco_train_reals,real,none,train,51d5afc411203fe2,noise002
0,coco_train_reals,real,none,train,51d5afc411203fe2,crop08
0,coco_train_reals,real,none,train,370aaa6817a206bb,clean
0,coco_train_reals,real,none,train,370aaa6817a206bb,jpeg30
0,coco_train_reals,real,none,train,370aaa6817a206bb,noise01
0,coco_train_reals,real,none,train,370aaa6817a206bb,jitter02
0,coco_train_reals,real,none,train,3f7a3f6adc761262,clean
0,coco_train_reals,real,none,train,3f7a3f6adc761262,jpeg70
0,coco_train_reals,real,none,train,3f7a3f6adc761262,blur05
0,coco_train_reals,real,none,train,3f7a3f6adc761262,crop08
0,coco_train_reals,real,none,train,7c5e8020c5aa5e5a,clean
0,coco_train_reals,real,none,train,7c5e8020c5aa5e5a,jpeg90
0,coco_train_reals,real,none,train,7c5e8020c5aa5e5a,resize025
0,coco_train_reals,real,none,train,7c5e8020c5aa5e5a,noise002
0,coco_train_reals,real,none,train,e16aa021da9c59e5,clean
0,coco_train_reals,real,none,train,e16aa021da9c59e5,jpeg50
0,coco_train_reals,real,none,train,e16aa021da9c59e5,jpeg30
0,coco_train_reals,real,none,train,e16aa021da9c59e5,blur10
0,coco_train_reals,real,none,train,feeb898106be80ce,clean
0,coco_train_reals,real,none,train,feeb898106be80ce,jpeg70
0,coco_train_reals,real,none,train,feeb898106be80ce,blur10
0,coco_train_reals,real,none,train,feeb898106be80ce,jitter02
0,coco_train_reals,real,none,train,e06d246231e1fac4,clean
0,coco_train_reals,real,none,train,e06d246231e1fac4,jpeg70
0,coco_train_reals,real,none,train,e06d246231e1fac4,jpeg30
0,coco_train_reals,real,none,train,e06d246231e1fac4,noise005
0,coco_train_reals,real,none,train,836a157d3f462016,clean
0,coco_train_reals,real,none,train,836a157d3f462016,jpeg70
0,coco_train_reals,real,none,train,836a157d3f462016,resize05
0,coco_train_reals,real,none,train,836a157d3f462016,noise005
0,coco_train_reals,real,none,train,a5d9ea814d75ba2e,clean
0,coco_train_reals,real,none,train,a5d9ea814d75ba2e,jpeg70
0,coco_train_reals,real,none,train,a5d9ea814d75ba2e,jpeg50
0,coco_train_reals,real,none,train,a5d9ea814d75ba2e,blur20
0,coco_train_reals,real,none,train,578ce32f83bd3057,clean
0,coco_train_reals,real,none,train,578ce32f83bd3057,jpeg90
0,coco_train_reals,real,none,train,578ce32f83bd3057,jpeg50
0,coco_train_reals,real,none,train,578ce32f83bd3057,resize05
0,coco_train_reals,real,none,train,ccd988274c671ecd,clean
0,coco_train_reals,real,none,train,ccd988274c671ecd,resize05
0,coco_train_reals,real,none,train,ccd988274c671ecd,resize025
0,coco_train_reals,real,none,train,ccd988274c671ecd,noise01
0,coco_train_reals,real,none,train,5ac94aa550e2f27a,clean
0,coco_train_reals,real,none,train,5ac94aa550e2f27a,jpeg90
0,coco_train_reals,real,none,train,5ac94aa550e2f27a,blur10
0,coco_train_reals,real,none,train,5ac94aa550e2f27a,noise01
0,coco_train_reals,real,none,train,c4b9a8de0a99d44f,clean
0,coco_train_reals,real,none,train,c4b9a8de0a99d44f,jpeg90
0,coco_train_reals,real,none,train,c4b9a8de0a99d44f,blur10
0,coco_train_reals,real,none,train,c4b9a8de0a99d44f,blur20
0,coco_train_reals,real,none,train,7a19da6606c68557,clean
0,coco_train_reals,real,none,train,7a19da6606c68557,jpeg90
0,coco_train_reals,real,none,train,7a19da6606c68557,jpeg50
0,coco_train_reals,real,none,train,7a19da6606c68557,jitter02
0,coco_train_reals,real,none,train,2d8bbfb011b37c13,clean
0,coco_train_reals,real,none,train,2d8bbfb011b37c13,jpeg70
0,coco_train_reals,real,none,train,2d8bbfb011b37c13,noise002
0,coco_train_reals,real,none,train,2d8bbfb011b37c13,jitter02
0,coco_train_reals,real,none,train,cc73f3c8ffb4516a,clean
0,coco_train_reals,real,none,train,cc73f3c8ffb4516a,jpeg30
0,coco_train_reals,real,none,train,cc73f3c8ffb4516a,blur05
0,coco_train_reals,real,none,train,cc73f3c8ffb4516a,noise01
0,coco_train_reals,real,none,train,a933b5f1d99cccf8,clean
0,coco_train_reals,real,none,train,a933b5f1d99cccf8,jpeg90
0,coco_train_reals,real,none,train,a933b5f1d99cccf8,jpeg70
0,coco_train_reals,real,none,train,a933b5f1d99cccf8,resize05
0,coco_train_reals,real,none,train,3c271c1dc2c6e94e,clean
0,coco_train_reals,real,none,train,3c271c1dc2c6e94e,jpeg90
0,coco_train_reals,real,none,train,3c271c1dc2c6e94e,blur10
0,coco_train_reals,real,none,train,3c271c1dc2c6e94e,resize025
0,coco_train_reals,real,none,train,7d7b1d19f081c4d8,clean
0,coco_train_reals,real,none,train,7d7b1d19f081c4d8,jpeg30
0,coco_train_reals,real,none,train,7d7b1d19f081c4d8,blur10
0,coco_train_reals,real,none,train,7d7b1d19f081c4d8,jitter02
0,coco_train_reals,real,none,train,171b9018be951c2b,clean
0,coco_train_reals,real,none,train,171b9018be951c2b,blur10
0,coco_train_reals,real,none,train,171b9018be951c2b,blur20
0,coco_train_reals,real,none,train,171b9018be951c2b,crop08
0,coco_train_reals,real,none,train,97302ff710bdba1d,clean
0,coco_train_reals,real,none,train,97302ff710bdba1d,jpeg90
0,coco_train_reals,real,none,train,97302ff710bdba1d,resize05
0,coco_train_reals,real,none,train,97302ff710bdba1d,jitter02
0,coco_train_reals,real,none,train,2523f625402a413b,clean
0,coco_train_reals,real,none,train,2523f625402a413b,jpeg50
0,coco_train_reals,real,none,train,2523f625402a413b,noise01
0,coco_train_reals,real,none,train,2523f625402a413b,jitter02
0,coco_train_reals,real,none,train,c887610693e5a201,clean
0,coco_train_reals,real,none,train,c887610693e5a201,jpeg70
0,coco_train_reals,real,none,train,c887610693e5a201,jpeg30
0,coco_train_reals,real,none,train,c887610693e5a201,resize025
0,coco_train_reals,real,none,train,cfbb07124196172c,clean
0,coco_train_reals,real,none,train,cfbb07124196172c,jpeg50
0,coco_train_reals,real,none,train,cfbb07124196172c,resize025
0,coco_train_reals,real,none,train,cfbb07124196172c,noise01
0,coco_train_reals,real,none,train,e338fbaa5bd8e735,clean
0,coco_train_reals,real,none,train,e338fbaa5bd8e735,jpeg50
0,coco_train_reals,real,none,train,e338fbaa5bd8e735,blur20
0,coco_train_reals,real,none,train,e338fbaa5bd8e735,crop08
0,coco_train_reals,real,none,train,3d252c946c9053a4,clean
0,coco_train_reals,real,none,train,3d252c946c9053a4,jpeg30
0,coco_train_reals,real,none,train,3d252c946c9053a4,blur05
0,coco_train_reals,real,none,train,3d252c946c9053a4,resize05
0,coco_train_reals,real,none,train,06807bdbceadf4ac,clean
0,coco_train_reals,real,none,train,06807bdbceadf4ac,blur20
0,coco_train_reals,real,none,train,06807bdbceadf4ac,resize05
0,coco_train_reals,real,none,train,06807bdbceadf4ac,noise002
0,coco_train_reals,real,none,train,103cf5969809dcd2,clean
0,coco_train_reals,real,none,train,103cf5969809dcd2,blur10
0,coco_train_reals,real,none,train,103cf5969809dcd2,resize05
0,coco_train_reals,real,none,train,103cf5969809dcd2,noise005
0,coco_train_reals,real,none,train,d6fa75029db50f1c,clean
0,coco_train_reals,real,none,train,d6fa75029db50f1c,blur20
0,coco_train_reals,real,none,train,d6fa75029db50f1c,noise005
0,coco_train_reals,real,none,train,d6fa75029db50f1c,crop08
0,coco_train_reals,real,none,train,3e3e360777567173,clean
0,coco_train_reals,real,none,train,3e3e360777567173,jpeg90
0,coco_train_reals,real,none,train,3e3e360777567173,resize025
0,coco_train_reals,real,none,train,3e3e360777567173,noise01
0,coco_train_reals,real,none,train,425ac7c9c706f1bc,clean
0,coco_train_reals,real,none,train,425ac7c9c706f1bc,jpeg90
0,coco_train_reals,real,none,train,425ac7c9c706f1bc,blur10
0,coco_train_reals,real,none,train,425ac7c9c706f1bc,noise002
0,coco_train_reals,real,none,train,a81add82cf97a7f7,clean
0,coco_train_reals,real,none,train,a81add82cf97a7f7,jpeg90
0,coco_train_reals,real,none,train,a81add82cf97a7f7,blur05
0,coco_train_reals,real,none,train,a81add82cf97a7f7,jitter02
0,coco_train_reals,real,none,train,2b5709a181f705a1,clean
0,coco_train_reals,real,none,train,2b5709a181f705a1,jpeg50
0,coco_train_reals,real,none,train,2b5709a181f705a1,blur10
0,coco_train_reals,real,none,train,2b5709a181f705a1,jitter02
0,coco_train_reals,real,none,train,c08c64e949e27458,clean
0,coco_train_reals,real,none,train,c08c64e949e27458,jpeg70
0,coco_train_reals,real,none,train,c08c64e949e27458,resize05
0,coco_train_reals,real,none,train,c08c64e949e27458,noise01
0,coco_train_reals,real,none,train,341aa1d22ff0d47a,clean
0,coco_train_reals,real,none,train,341aa1d22ff0d47a,blur10
0,coco_train_reals,real,none,train,341aa1d22ff0d47a,noise002
0,coco_train_reals,real,none,train,341aa1d22ff0d47a,noise005
0,coco_train_reals,real,none,train,60b4269ef63a7626,clean
0,coco_train_reals,real,none,train,60b4269ef63a7626,jpeg90
0,coco_train_reals,real,none,train,60b4269ef63a7626,blur20
0,coco_train_reals,real,none,train,60b4269ef63a7626,jitter02
0,coco_train_reals,real,none,train,6ddaf0bc287c7cae,clean
0,coco_train_reals,real,none,train,6ddaf0bc287c7cae,jpeg70
0,coco_train_reals,real,none,train,6ddaf0bc287c7cae,jpeg50
0,coco_train_reals,real,none,train,6ddaf0bc287c7cae,blur05
0,coco_train_reals,real,none,train,3d1413719d791673,clean
0,coco_train_reals,real,none,train,3d1413719d791673,blur05
0,coco_train_reals,real,none,train,3d1413719d791673,resize05
0,coco_train_reals,real,none,train,3d1413719d791673,noise01
0,coco_train_reals,real,none,train,9f77befde9f94f25,clean
0,coco_train_reals,real,none,train,9f77befde9f94f25,jpeg70
0,coco_train_reals,real,none,train,9f77befde9f94f25,blur10
0,coco_train_reals,real,none,train,9f77befde9f94f25,resize025
0,coco_train_reals,real,none,train,4351d83fbbeccd38,clean
0,coco_train_reals,real,none,train,4351d83fbbeccd38,jpeg30
0,coco_train_reals,real,none,train,4351d83fbbeccd38,blur05
0,coco_train_reals,real,none,train,4351d83fbbeccd38,blur20
0,coco_train_reals,real,none,train,d0450f44c000d0f9,clean
0,coco_train_reals,real,none,train,d0450f44c000d0f9,jpeg90
0,coco_train_reals,real,none,train,d0450f44c000d0f9,blur05
0,coco_train_reals,real,none,train,d0450f44c000d0f9,blur20
0,coco_train_reals,real,none,train,1f132c02eed671da,clean
0,coco_train_reals,real,none,train,1f132c02eed671da,resize025
0,coco_train_reals,real,none,train,1f132c02eed671da,noise005
0,coco_train_reals,real,none,train,1f132c02eed671da,crop08
0,coco_train_reals,real,none,train,23257240594dd20c,clean
0,coco_train_reals,real,none,train,23257240594dd20c,jpeg50
0,coco_train_reals,real,none,train,23257240594dd20c,jpeg30
0,coco_train_reals,real,none,train,23257240594dd20c,noise01
0,coco_train_reals,real,none,train,566703fddfb24f02,clean
0,coco_train_reals,real,none,train,566703fddfb24f02,jpeg90
0,coco_train_reals,real,none,train,566703fddfb24f02,blur10
0,coco_train_reals,real,none,train,566703fddfb24f02,resize025
0,coco_train_reals,real,none,train,a50f6b4d24e72fc0,clean
0,coco_train_reals,real,none,train,a50f6b4d24e72fc0,jpeg30
0,coco_train_reals,real,none,train,a50f6b4d24e72fc0,resize05
0,coco_train_reals,real,none,train,a50f6b4d24e72fc0,jitter02
0,coco_train_reals,real,none,train,4771041aba21fc9b,clean
0,coco_train_reals,real,none,train,4771041aba21fc9b,jpeg70
0,coco_train_reals,real,none,train,4771041aba21fc9b,jpeg30
0,coco_train_reals,real,none,train,4771041aba21fc9b,resize05
0,coco_train_reals,real,none,train,5612e2e2177bf5e7,clean
0,coco_train_reals,real,none,train,5612e2e2177bf5e7,blur05
0,coco_train_reals,real,none,train,5612e2e2177bf5e7,jitter02
0,coco_train_reals,real,none,train,5612e2e2177bf5e7,crop08
0,coco_train_reals,real,none,train,49d1c223d175b24f,clean
0,coco_train_reals,real,none,train,49d1c223d175b24f,blur10
0,coco_train_reals,real,none,train,49d1c223d175b24f,resize05
0,coco_train_reals,real,none,train,49d1c223d175b24f,noise002
0,coco_train_reals,real,none,train,4a336a3e6168be61,clean
0,coco_train_reals,real,none,train,4a336a3e6168be61,jpeg90
0,coco_train_reals,real,none,train,4a336a3e6168be61,noise005
0,coco_train_reals,real,none,train,4a336a3e6168be61,noise01
0,coco_train_reals,real,none,train,eff216020ba54720,clean
0,coco_train_reals,real,none,train,eff216020ba54720,blur20
0,coco_train_reals,real,none,train,eff216020ba54720,noise005
0,coco_train_reals,real,none,train,eff216020ba54720,jitter02
0,coco_train_reals,real,none,train,132dd1a9058d9e0c,clean
0,coco_train_reals,real,none,train,132dd1a9058d9e0c,jpeg70
0,coco_train_reals,real,none,train,132dd1a9058d9e0c,blur10
0,coco_train_reals,real,none,train,132dd1a9058d9e0c,crop08
0,coco_train_reals,real,none,train,033ae695a85219c9,clean
0,coco_train_reals,real,none,train,033ae695a85219c9,jpeg30
0,coco_train_reals,real,none,train,033ae695a85219c9,blur10
0,coco_train_reals,real,none,train,033ae695a85219c9,crop08
0,coco_train_reals,real,none,train,76f64fbeeead3701,clean
0,coco_train_reals,real,none,train,76f64fbeeead3701,jpeg50
0,coco_train_reals,real,none,train,76f64fbeeead3701,blur20
0,coco_train_reals,real,none,train,76f64fbeeead3701,resize025
0,coco_train_reals,real,none,train,dd56587cfd9bc217,clean
0,coco_train_reals,real,none,train,dd56587cfd9bc217,jpeg30
0,coco_train_reals,real,none,train,dd56587cfd9bc217,blur20
0,coco_train_reals,real,none,train,dd56587cfd9bc217,resize05
0,coco_train_reals,real,none,train,3f1ab11efaec8766,clean
0,coco_train_reals,real,none,train,3f1ab11efaec8766,jpeg30
0,coco_train_reals,real,none,train,3f1ab11efaec8766,noise005
0,coco_train_reals,real,none,train,3f1ab11efaec8766,crop08
0,coco_train_reals,real,none,train,350e7097546920e0,clean
0,coco_train_reals,real,none,train,350e7097546920e0,jpeg70
0,coco_train_reals,real,none,train,350e7097546920e0,resize05
0,coco_train_reals,real,none,train,350e7097546920e0,resize025
0,coco_train_reals,real,none,train,b37038a3bed15f81,clean
0,coco_train_reals,real,none,train,b37038a3bed15f81,jpeg50
0,coco_train_reals,real,none,train,b37038a3bed15f81,jpeg30
0,coco_train_reals,real,none,train,b37038a3bed15f81,blur05
0,coco_train_reals,real,none,train,86a3a8206ea82be1,clean
0,coco_train_reals,real,none,train,86a3a8206ea82be1,jpeg50
0,coco_train_reals,real,none,train,86a3a8206ea82be1,resize05
0,coco_train_reals,real,none,train,86a3a8206ea82be1,noise002
0,coco_train_reals,real,none,train,792dd6d858c05921,clean
0,coco_train_reals,real,none,train,792dd6d858c05921,jpeg30
0,coco_train_reals,real,none,train,792dd6d858c05921,resize025
0,coco_train_reals,real,none,train,792dd6d858c05921,noise002
0,coco_train_reals,real,none,train,a319881819f22967,clean
0,coco_train_reals,real,none,train,a319881819f22967,blur05
0,coco_train_reals,real,none,train,a319881819f22967,jitter02
0,coco_train_reals,real,none,train,a319881819f22967,crop08
0,coco_train_reals,real,none,train,7f878f54fe3e9f6b,clean
0,coco_train_reals,real,none,train,7f878f54fe3e9f6b,jpeg50
0,coco_train_reals,real,none,train,7f878f54fe3e9f6b,noise005
0,coco_train_reals,real,none,train,7f878f54fe3e9f6b,noise01
0,coco_train_reals,real,none,train,b7a65084ad99a231,clean
0,coco_train_reals,real,none,train,b7a65084ad99a231,jpeg50
0,coco_train_reals,real,none,train,b7a65084ad99a231,jpeg30
0,coco_train_reals,real,none,train,b7a65084ad99a231,noise01
0,coco_train_reals,real,none,train,494cd031ebb968d2,clean
0,coco_train_reals,real,none,train,494cd031ebb968d2,jpeg90
0,coco_train_reals,real,none,train,494cd031ebb968d2,jpeg30
0,coco_train_reals,real,none,train,494cd031ebb968d2,noise005
0,coco_train_reals,real,none,train,c9f3c91f43dd4533,clean
0,coco_train_reals,real,none,train,c9f3c91f43dd4533,jpeg50
0,coco_train_reals,real,none,train,c9f3c91f43dd4533,jpeg30
0,coco_train_reals,real,none,train,c9f3c91f43dd4533,blur10
0,coco_train_reals,real,none,train,c9a2978f35826058,clean
0,coco_train_reals,real,none,train,c9a2978f35826058,jpeg70
0,coco_train_reals,real,none,train,c9a2978f35826058,jpeg30
0,coco_train_reals,real,none,train,c9a2978f35826058,noise01
0,coco_train_reals,real,none,train,fa52fe32b17c3e89,clean
0,coco_train_reals,real,none,train,fa52fe32b17c3e89,blur10
0,coco_train_reals,real,none,train,fa52fe32b17c3e89,resize025
0,coco_train_reals,real,none,train,fa52fe32b17c3e89,noise002
0,coco_train_reals,real,none,train,2380814bae5a2e1e,clean
0,coco_train_reals,real,none,train,2380814bae5a2e1e,jpeg30
0,coco_train_reals,real,none,train,2380814bae5a2e1e,blur10
0,coco_train_reals,real,none,train,2380814bae5a2e1e,noise005
0,coco_train_reals,real,none,train,7659e0fdd37c20a3,clean
0,coco_train_reals,real,none,train,7659e0fdd37c20a3,jpeg90
0,coco_train_reals,real,none,train,7659e0fdd37c20a3,blur10
0,coco_train_reals,real,none,train,7659e0fdd37c20a3,resize05
0,coco_train_reals,real,none,train,c7e0628a34978d5f,clean
0,coco_train_reals,real,none,train,c7e0628a34978d5f,jpeg50
0,coco_train_reals,real,none,train,c7e0628a34978d5f,resize025
0,coco_train_reals,real,none,train,c7e0628a34978d5f,noise005
0,coco_train_reals,real,none,train,d21d9baadd6a7286,clean
0,coco_train_reals,real,none,train,d21d9baadd6a7286,jpeg30
0,coco_train_reals,real,none,train,d21d9baadd6a7286,noise002
0,coco_train_reals,real,none,train,d21d9baadd6a7286,noise005
0,coco_train_reals,real,none,train,7368e503d42797a4,clean
0,coco_train_reals,real,none,train,7368e503d42797a4,blur20
0,coco_train_reals,real,none,train,7368e503d42797a4,noise002
0,coco_train_reals,real,none,train,7368e503d42797a4,noise01
0,coco_train_reals,real,none,train,715ed728f2190506,clean
0,coco_train_reals,real,none,train,715ed728f2190506,jpeg70
0,coco_train_reals,real,none,train,715ed728f2190506,blur05
0,coco_train_reals,real,none,train,715ed728f2190506,jitter02
0,coco_train_reals,real,none,train,5eeaa31a3ee7e6f6,clean
0,coco_train_reals,real,none,train,5eeaa31a3ee7e6f6,blur10
0,coco_train_reals,real,none,train,5eeaa31a3ee7e6f6,noise002
0,coco_train_reals,real,none,train,5eeaa31a3ee7e6f6,noise01
0,coco_train_reals,real,none,train,a536854358f41530,clean
0,coco_train_reals,real,none,train,a536854358f41530,jpeg90
0,coco_train_reals,real,none,train,a536854358f41530,jpeg50
0,coco_train_reals,real,none,train,a536854358f41530,noise002
0,coco_train_reals,real,none,train,a3ca13b0d7d59019,clean
0,coco_train_reals,real,none,train,a3ca13b0d7d59019,blur10
0,coco_train_reals,real,none,train,a3ca13b0d7d59019,resize025
0,coco_train_reals,real,none,train,a3ca13b0d7d59019,jitter02
0,coco_train_reals,real,none,train,0007c467e43b4f01,clean
0,coco_train_reals,real,none,train,0007c467e43b4f01,blur10
0,coco_train_reals,real,none,train,0007c467e43b4f01,noise002
0,coco_train_reals,real,none,train,0007c467e43b4f01,noise005
0,coco_train_reals,real,none,train,755f5e3080a28e64,clean
0,coco_train_reals,real,none,train,755f5e3080a28e64,jpeg50
0,coco_train_reals,real,none,train,755f5e3080a28e64,blur10
0,coco_train_reals,real,none,train,755f5e3080a28e64,noise005
0,coco_train_reals,real,none,train,6b60a1651c722df2,clean
0,coco_train_reals,real,none,train,6b60a1651c722df2,jpeg90
0,coco_train_reals,real,none,train,6b60a1651c722df2,noise002
0,coco_train_reals,real,none,train,6b60a1651c722df2,crop08
0,coco_train_reals,real,none,train,dd05d4d9dd62f12a,clean
0,coco_train_reals,real,none,train,dd05d4d9dd62f12a,jpeg70
0,coco_train_reals,real,none,train,dd05d4d9dd62f12a,blur20
0,coco_train_reals,real,none,train,dd05d4d9dd62f12a,resize025
0,coco_train_reals,real,none,train,88472dc655ed82ab,clean
0,coco_train_reals,real,none,train,88472dc655ed82ab,blur20
0,coco_train_reals,real,none,train,88472dc655ed82ab,noise002
0,coco_train_reals,real,none,train,88472dc655ed82ab,jitter02
0,coco_train_reals,real,none,train,88d2b96f9ea2c512,clean
0,coco_train_reals,real,none,train,88d2b96f9ea2c512,jpeg90
0,coco_train_reals,real,none,train,88d2b96f9ea2c512,jpeg50
0,coco_train_reals,real,none,train,88d2b96f9ea2c512,noise002
0,coco_train_reals,real,none,train,4c1036c2dcba2f62,clean
0,coco_train_reals,real,none,train,4c1036c2dcba2f62,jpeg90
0,coco_train_reals,real,none,train,4c1036c2dcba2f62,resize05
0,coco_train_reals,real,none,train,4c1036c2dcba2f62,crop08
0,coco_train_reals,real,none,train,667851b9b0c1a656,clean
0,coco_train_reals,real,none,train,667851b9b0c1a656,blur10
0,coco_train_reals,real,none,train,667851b9b0c1a656,resize025
0,coco_train_reals,real,none,train,667851b9b0c1a656,crop08
0,coco_train_reals,real,none,train,84277b2bf4483d48,clean
0,coco_train_reals,real,none,train,84277b2bf4483d48,jpeg70
0,coco_train_reals,real,none,train,84277b2bf4483d48,noise002
0,coco_train_reals,real,none,train,84277b2bf4483d48,noise01
0,coco_train_reals,real,none,train,770a4605a2e7c142,clean
0,coco_train_reals,real,none,train,770a4605a2e7c142,jpeg90
0,coco_train_reals,real,none,train,770a4605a2e7c142,jpeg30
0,coco_train_reals,real,none,train,770a4605a2e7c142,jitter02
0,coco_train_reals,real,none,train,0171c806f44b7986,clean
0,coco_train_reals,real,none,train,0171c806f44b7986,jpeg90
0,coco_train_reals,real,none,train,0171c806f44b7986,jpeg70
0,coco_train_reals,real,none,train,0171c806f44b7986,resize025
0,coco_train_reals,real,none,train,7239d9d6ef170da2,clean
0,coco_train_reals,real,none,train,7239d9d6ef170da2,jpeg70
0,coco_train_reals,real,none,train,7239d9d6ef170da2,blur05
0,coco_train_reals,real,none,train,7239d9d6ef170da2,resize025
0,coco_train_reals,real,none,train,647648d7c7685897,clean
0,coco_train_reals,real,none,train,647648d7c7685897,jpeg90
0,coco_train_reals,real,none,train,647648d7c7685897,resize05
0,coco_train_reals,real,none,train,647648d7c7685897,jitter02
0,coco_train_reals,real,none,train,c12c028e6e4cdcc8,clean
0,coco_train_reals,real,none,train,c12c028e6e4cdcc8,jpeg70
0,coco_train_reals,real,none,train,c12c028e6e4cdcc8,jpeg50
0,coco_train_reals,real,none,train,c12c028e6e4cdcc8,noise01
0,coco_train_reals,real,none,train,991c93990f42c5c5,clean
0,coco_train_reals,real,none,train,991c93990f42c5c5,jpeg50
0,coco_train_reals,real,none,train,991c93990f42c5c5,noise005
0,coco_train_reals,real,none,train,991c93990f42c5c5,crop08
0,coco_train_reals,real,none,train,a84449245858aceb,clean
0,coco_train_reals,real,none,train,a84449245858aceb,blur10
0,coco_train_reals,real,none,train,a84449245858aceb,noise005
0,coco_train_reals,real,none,train,a84449245858aceb,noise01
0,coco_train_reals,real,none,train,7e8b6d2e54f66b24,clean
0,coco_train_reals,real,none,train,7e8b6d2e54f66b24,resize05
0,coco_train_reals,real,none,train,7e8b6d2e54f66b24,noise002
0,coco_train_reals,real,none,train,7e8b6d2e54f66b24,noise01
0,coco_train_reals,real,none,train,565ec1f98ad1bb65,clean
0,coco_train_reals,real,none,train,565ec1f98ad1bb65,jpeg30
0,coco_train_reals,real,none,train,565ec1f98ad1bb65,blur10
0,coco_train_reals,real,none,train,565ec1f98ad1bb65,resize05
0,coco_train_reals,real,none,train,e2ebea3965da0620,clean
0,coco_train_reals,real,none,train,e2ebea3965da0620,jpeg50
0,coco_train_reals,real,none,train,e2ebea3965da0620,blur05
0,coco_train_reals,real,none,train,e2ebea3965da0620,blur20
0,coco_train_reals,real,none,train,c8b031fce680b1c2,clean
0,coco_train_reals,real,none,train,c8b031fce680b1c2,jpeg30
0,coco_train_reals,real,none,train,c8b031fce680b1c2,resize025
0,coco_train_reals,real,none,train,c8b031fce680b1c2,noise01
0,coco_train_reals,real,none,train,98cddfa6f091b85c,clean
0,coco_train_reals,real,none,train,98cddfa6f091b85c,jpeg30
0,coco_train_reals,real,none,train,98cddfa6f091b85c,blur10
0,coco_train_reals,real,none,train,98cddfa6f091b85c,crop08
0,coco_train_reals,real,none,train,8381492a2eb83733,clean
0,coco_train_reals,real,none,train,8381492a2eb83733,jpeg70
0,coco_train_reals,real,none,train,8381492a2eb83733,resize05
0,coco_train_reals,real,none,train,8381492a2eb83733,resize025
0,coco_train_reals,real,none,train,3e9deb83a478e8b9,clean
0,coco_train_reals,real,none,train,3e9deb83a478e8b9,blur10
0,coco_train_reals,real,none,train,3e9deb83a478e8b9,jitter02
0,coco_train_reals,real,none,train,3e9deb83a478e8b9,crop08
0,coco_train_reals,real,none,train,da4ae1d5d3566f97,clean
0,coco_train_reals,real,none,train,da4ae1d5d3566f97,jpeg90
0,coco_train_reals,real,none,train,da4ae1d5d3566f97,blur10
0,coco_train_reals,real,none,train,da4ae1d5d3566f97,blur20
0,coco_train_reals,real,none,train,108fe22d220eafc8,clean
0,coco_train_reals,real,none,train,108fe22d220eafc8,jpeg50
0,coco_train_reals,real,none,train,108fe22d220eafc8,blur05
0,coco_train_reals,real,none,train,108fe22d220eafc8,noise005
0,coco_train_reals,real,none,train,00990fff902f228a,clean
0,coco_train_reals,real,none,train,00990fff902f228a,jpeg90
0,coco_train_reals,real,none,train,00990fff902f228a,jpeg50
0,coco_train_reals,real,none,train,00990fff902f228a,noise005
0,coco_train_reals,real,none,train,bf7e29a39653e116,clean
0,coco_train_reals,real,none,train,bf7e29a39653e116,blur05
0,coco_train_reals,real,none,train,bf7e29a39653e116,blur10
0,coco_train_reals,real,none,train,bf7e29a39653e116,jitter02
0,coco_train_reals,real,none,train,501d3f9579d9150d,clean
0,coco_train_reals,real,none,train,501d3f9579d9150d,blur10
0,coco_train_reals,real,none,train,501d3f9579d9150d,blur20
0,coco_train_reals,real,none,train,501d3f9579d9150d,crop08
0,coco_train_reals,real,none,train,c1b906adf4f738a2,clean
0,coco_train_reals,real,none,train,c1b906adf4f738a2,jpeg90
0,coco_train_reals,real,none,train,c1b906adf4f738a2,jpeg70
0,coco_train_reals,real,none,train,c1b906adf4f738a2,jpeg50
0,coco_train_reals,real,none,train,2fd50d4c3f427423,clean
0,coco_train_reals,real,none,train,2fd50d4c3f427423,blur20
0,coco_train_reals,real,none,train,2fd50d4c3f427423,resize025
0,coco_train_reals,real,none,train,2fd50d4c3f427423,noise005
0,coco_train_reals,real,none,train,ad3832c35ff80011,clean
0,coco_train_reals,real,none,train,ad3832c35ff80011,jpeg30
0,coco_train_reals,real,none,train,ad3832c35ff80011,resize05
0,coco_train_reals,real,none,train,ad3832c35ff80011,noise002
0,coco_train_reals,real,none,train,1e969b81c1ac70f5,clean
0,coco_train_reals,real,none,train,1e969b81c1ac70f5,jpeg30
0,coco_train_reals,real,none,train,1e969b81c1ac70f5,blur20
0,coco_train_reals,real,none,train,1e969b81c1ac70f5,resize025
0,coco_train_reals,real,none,train,97b58f958448ebe2,clean
0,coco_train_reals,real,none,train,97b58f958448ebe2,jpeg90
0,coco_train_reals,real,none,train,97b58f958448ebe2,blur05
0,coco_train_reals,real,none,train,97b58f958448ebe2,resize05
0,coco_train_reals,real,none,train,7bc18073bdddc3fa,clean
0,coco_train_reals,real,none,train,7bc18073bdddc3fa,jpeg70
0,coco_train_reals,real,none,train,7bc18073bdddc3fa,jpeg50
0,coco_train_reals,real,none,train,7bc18073bdddc3fa,jpeg30
0,coco_train_reals,real,none,train,b10ec0dbc75e77d3,clean
0,coco_train_reals,real,none,train,b10ec0dbc75e77d3,blur05
0,coco_train_reals,real,none,train,b10ec0dbc75e77d3,blur20
0,coco_train_reals,real,none,train,b10ec0dbc75e77d3,crop08
0,coco_train_reals,real,none,train,d8da0f5ecbc9f3a3,clean
0,coco_train_reals,real,none,train,d8da0f5ecbc9f3a3,jpeg70
0,coco_train_reals,real,none,train,d8da0f5ecbc9f3a3,jpeg30
0,coco_train_reals,real,none,train,d8da0f5ecbc9f3a3,noise005
0,coco_train_reals,real,none,train,ab84db9bb1c8f122,clean
0,coco_train_reals,real,none,train,ab84db9bb1c8f122,jpeg70
0,coco_train_reals,real,none,train,ab84db9bb1c8f122,noise005
0,coco_train_reals,real,none,train,ab84db9bb1c8f122,noise01
0,coco_train_reals,real,none,train,9c2e248182155382,clean
0,coco_train_reals,real,none,train,9c2e248182155382,blur20
0,coco_train_reals,real,none,train,9c2e248182155382,noise002
0,coco_train_reals,real,none,train,9c2e248182155382,noise005
0,coco_train_reals,real,none,train,786d34b36b87a258,clean
0,coco_train_reals,real,none,train,786d34b36b87a258,jpeg50
0,coco_train_reals,real,none,train,786d34b36b87a258,blur10
0,coco_train_reals,real,none,train,786d34b36b87a258,noise01
0,coco_train_reals,real,none,train,e15cecbc1e6a0538,clean
0,coco_train_reals,real,none,train,e15cecbc1e6a0538,jpeg70
0,coco_train_reals,real,none,train,e15cecbc1e6a0538,resize025
0,coco_train_reals,real,none,train,e15cecbc1e6a0538,crop08
0,coco_train_reals,real,none,train,565ba62b692b4146,clean
0,coco_train_reals,real,none,train,565ba62b692b4146,jpeg30
0,coco_train_reals,real,none,train,565ba62b692b4146,jitter02
0,coco_train_reals,real,none,train,565ba62b692b4146,crop08
0,coco_train_reals,real,none,train,1727fe87078b157b,clean
0,coco_train_reals,real,none,train,1727fe87078b157b,blur05
0,coco_train_reals,real,none,train,1727fe87078b157b,blur10
0,coco_train_reals,real,none,train,1727fe87078b157b,resize05
0,coco_train_reals,real,none,train,c593c40471a449c9,clean
0,coco_train_reals,real,none,train,c593c40471a449c9,jpeg70
0,coco_train_reals,real,none,train,c593c40471a449c9,resize05
0,coco_train_reals,real,none,train,c593c40471a449c9,crop08
0,coco_train_reals,real,none,train,145b69dca5414f51,clean
0,coco_train_reals,real,none,train,145b69dca5414f51,blur05
0,coco_train_reals,real,none,train,145b69dca5414f51,resize025
0,coco_train_reals,real,none,train,145b69dca5414f51,jitter02
0,coco_train_reals,real,none,train,95d5183d4e08a8b5,clean
0,coco_train_reals,real,none,train,95d5183d4e08a8b5,jpeg90
0,coco_train_reals,real,none,train,95d5183d4e08a8b5,jpeg30
0,coco_train_reals,real,none,train,95d5183d4e08a8b5,resize025
0,coco_train_reals,real,none,train,2f4d9a422678880b,clean
0,coco_train_reals,real,none,train,2f4d9a422678880b,jpeg90
0,coco_train_reals,real,none,train,2f4d9a422678880b,resize025
0,coco_train_reals,real,none,train,2f4d9a422678880b,noise01
0,coco_train_reals,real,none,train,0508269f57bd3543,clean
0,coco_train_reals,real,none,train,0508269f57bd3543,jpeg70
0,coco_train_reals,real,none,train,0508269f57bd3543,resize05
0,coco_train_reals,real,none,train,0508269f57bd3543,noise005
0,coco_train_reals,real,none,train,0a3eb18ce83a45d1,clean
0,coco_train_reals,real,none,train,0a3eb18ce83a45d1,jpeg30
0,coco_train_reals,real,none,train,0a3eb18ce83a45d1,blur05
0,coco_train_reals,real,none,train,0a3eb18ce83a45d1,jitter02
0,coco_train_reals,real,none,train,61baa83125f8b281,clean
0,coco_train_reals,real,none,train,61baa83125f8b281,blur10
0,coco_train_reals,real,none,train,61baa83125f8b281,resize025
0,coco_train_reals,real,none,train,61baa83125f8b281,noise002
0,coco_train_reals,real,none,train,a0545ba6e92c2e1b,clean
0,coco_train_reals,real,none,train,a0545ba6e92c2e1b,jpeg90
0,coco_train_reals,real,none,train,a0545ba6e92c2e1b,jpeg70
0,coco_train_reals,real,none,train,a0545ba6e92c2e1b,blur20
0,coco_train_reals,real,none,train,235e26a1887ec177,clean
0,coco_train_reals,real,none,train,235e26a1887ec177,jpeg90
0,coco_train_reals,real,none,train,235e26a1887ec177,resize05
0,coco_train_reals,real,none,train,235e26a1887ec177,noise002
0,coco_train_reals,real,none,train,77516b2cebfc8b3b,clean
0,coco_train_reals,real,none,train,77516b2cebfc8b3b,blur10
0,coco_train_reals,real,none,train,77516b2cebfc8b3b,noise002
0,coco_train_reals,real,none,train,77516b2cebfc8b3b,noise005
0,coco_train_reals,real,none,train,a56e0e5135a77ae7,clean
0,coco_train_reals,real,none,train,a56e0e5135a77ae7,jpeg70
0,coco_train_reals,real,none,train,a56e0e5135a77ae7,jpeg50
0,coco_train_reals,real,none,train,a56e0e5135a77ae7,noise01
0,coco_train_reals,real,none,train,de60146b2de7013c,clean
0,coco_train_reals,real,none,train,de60146b2de7013c,jpeg30
0,coco_train_reals,real,none,train,de60146b2de7013c,noise002
0,coco_train_reals,real,none,train,de60146b2de7013c,crop08
