label,source,subclass,generator,split,image_id,variant,face_present,face_px
0,sid_calib,real,unknown,calib,addc5d90e29aa558,clean,1,70.39998626708984
0,sid_calib,real,unknown,calib,addc5d90e29aa558,jpeg90,1,69.99276733398438
0,sid_calib,real,unknown,calib,addc5d90e29aa558,jpeg70,1,69.69854736328125
0,sid_calib,real,unknown,calib,addc5d90e29aa558,jpeg50,1,69.23505401611328
0,sid_calib,real,unknown,calib,addc5d90e29aa558,jpeg30,1,69.37319946289062
0,sid_calib,real,unknown,calib,addc5d90e29aa558,blur05,1,70.32823181152344
0,sid_calib,real,unknown,calib,addc5d90e29aa558,blur10,1,69.72303009033203
0,sid_calib,real,unknown,calib,addc5d90e29aa558,blur20,1,68.38700103759766
0,sid_calib,real,unknown,calib,addc5d90e29aa558,resize05,1,70.12261962890625
0,sid_calib,real,unknown,calib,addc5d90e29aa558,resize025,1,68.81767272949219
0,sid_calib,real,unknown,calib,addc5d90e29aa558,noise002,1,70.07814025878906
0,sid_calib,real,unknown,calib,addc5d90e29aa558,noise005,1,69.79717254638672
0,sid_calib,real,unknown,calib,addc5d90e29aa558,noise01,1,69.07286834716797
0,sid_calib,real,unknown,calib,addc5d90e29aa558,jitter02,1,70.11681365966797
0,sid_calib,real,unknown,calib,addc5d90e29aa558,crop08,1,84.13558197021484
0,sid_calib,real,unknown,calib,1888d4ec20331d20,clean,1,91.795654296875
0,sid_calib,real,unknown,calib,1888d4ec20331d20,jpeg90,1,91.88082122802734
0,sid_calib,real,unknown,calib,1888d4ec20331d20,jpeg70,1,91.56275939941406
0,sid_calib,real,unknown,calib,1888d4ec20331d20,jpeg50,1,92.191162109375
0,sid_calib,real,unknown,calib,1888d4ec20331d20,jpeg30,1,91.8630142211914
0,sid_calib,real,unknown,calib,1888d4ec20331d20,blur05,1,91.89266967773438
0,sid_calib,real,unknown,calib,1888d4ec20331d20,blur10,1,91.95844268798828
0,sid_calib,real,unknown,calib,1888d4ec20331d20,blur20,1,93.04552459716797
0,sid_calib,real,unknown,calib,1888d4ec20331d20,resize05,1,91.75433349609375
0,sid_calib,real,unknown,calib,1888d4ec20331d20,resize025,1,92.75851440429688
0,sid_calib,real,unknown,calib,1888d4ec20331d20,noise002,1,92.15494537353516
0,sid_calib,real,unknown,calib,1888d4ec20331d20,noise005,1,92.56620025634766
0,sid_calib,real,unknown,calib,1888d4ec20331d20,noise01,1,91.0908432006836
0,sid_calib,real,unknown,calib,1888d4ec20331d20,jitter02,1,91.82588195800781
0,sid_calib,real,unknown,calib,1888d4ec20331d20,crop08,1,119.2833480834961
0,sid_calib,real,unknown,calib,c151db03afb0a7b5,clean,1,77.35993194580078
0,sid_calib,real,unknown,calib,c151db03afb0a7b5,jpeg90,1,77.44526672363281
0,sid_calib,real,unknown,calib,c151db03afb0a7b5,jpeg70,1,77.22064971923828
0,sid_calib,real,unknown,calib,c151db03afb0a7b5,jpeg50,1,76.7876205444336
0,sid_calib,real,unknown,calib,c151db03afb0a7b5,jpeg30,1,77.25740051269531
0,sid_calib,real,unknown,calib,c151db03afb0a7b5,blur05,1,77.32195281982422
0,sid_calib,real,unknown,calib,c151db03afb0a7b5,blur10,1,77.3401107788086
0,sid_calib,real,unknown,calib,c151db03afb0a7b5,blur20,1,76.99200439453125
0,sid_calib,real,unknown,calib,c151db03afb0a7b5,resize05,1,77.41724395751953
0,sid_calib,real,unknown,calib,c151db03afb0a7b5,resize025,1,77.01573181152344
0,sid_calib,real,unknown,calib,c151db03afb0a7b5,noise002,1,77.5210952758789
0,sid_calib,real,unknown,calib,c151db03afb0a7b5,noise005,1,77.79993438720703
0,sid_calib,real,unknown,calib,c151db03afb0a7b5,noise01,1,77.65217590332031
0,sid_calib,real,unknown,calib,c151db03afb0a7b5,jitter02,1,77.2566146850586
0,sid_calib,real,unknown,calib,c151db03afb0a7b5,crop08,1,97.63997650146484
0,sid_calib,real,unknown,calib,b58536a319d8fd64,clean,1,81.47738647460938
0,sid_calib,real,unknown,calib,b58536a319d8fd64,jpeg90,1,81.28175354003906
0,sid_calib,real,unknown,calib,b58536a319d8fd64,jpeg70,1,81.33914184570312
0,sid_calib,real,unknown,calib,b58536a319d8fd64,jpeg50,1,80.61378479003906
0,sid_calib,real,unknown,calib,b58536a319d8fd64,jpeg30,1,81.3083267211914
0,sid_calib,real,unknown,calib,b58536a319d8fd64,blur05,1,81.63922882080078
0,sid_calib,real,unknown,calib,b58536a319d8fd64,blur10,1,81.92495727539062
0,sid_calib,real,unknown,calib,b58536a319d8fd64,blur20,1,81.66767883300781
0,sid_calib,real,unknown,calib,b58536a319d8fd64,resize05,1,81.8415756225586
0,sid_calib,real,unknown,calib,b58536a319d8fd64,resize025,1,81.72502136230469
0,sid_calib,real,unknown,calib,b58536a319d8fd64,noise002,1,80.95952606201172
0,sid_calib,real,unknown,calib,b58536a319d8fd64,noise005,1,82.27804565429688
0,sid_calib,real,unknown,calib,b58536a319d8fd64,noise01,1,81.67533111572266
0,sid_calib,real,unknown,calib,b58536a319d8fd64,jitter02,1,81.46778869628906
0,sid_calib,real,unknown,calib,b58536a319d8fd64,crop08,1,106.75431823730469
1,sid_calib,full_synthetic,unknown,calib,3692a7a6198d7237,clean,1,142.511962890625
1,sid_calib,full_synthetic,unknown,calib,3692a7a6198d7237,jpeg90,1,142.5639190673828
1,sid_calib,full_synthetic,unknown,calib,3692a7a6198d7237,jpeg70,1,143.97093200683594
1,sid_calib,full_synthetic,unknown,calib,3692a7a6198d7237,jpeg50,1,144.07981872558594
1,sid_calib,full_synthetic,unknown,calib,3692a7a6198d7237,jpeg30,1,143.01524353027344
1,sid_calib,full_synthetic,unknown,calib,3692a7a6198d7237,blur05,1,142.34353637695312
1,sid_calib,full_synthetic,unknown,calib,3692a7a6198d7237,blur10,1,142.23602294921875
1,sid_calib,full_synthetic,unknown,calib,3692a7a6198d7237,blur20,1,139.7683868408203
1,sid_calib,full_synthetic,unknown,calib,3692a7a6198d7237,resize05,1,142.2233123779297
1,sid_calib,full_synthetic,unknown,calib,3692a7a6198d7237,resize025,1,140.4660186767578
1,sid_calib,full_synthetic,unknown,calib,3692a7a6198d7237,noise002,1,142.5640869140625
1,sid_calib,full_synthetic,unknown,calib,3692a7a6198d7237,noise005,1,142.0814666748047
1,sid_calib,full_synthetic,unknown,calib,3692a7a6198d7237,noise01,1,142.80384826660156
1,sid_calib,full_synthetic,unknown,calib,3692a7a6198d7237,jitter02,1,143.80194091796875
1,sid_calib,full_synthetic,unknown,calib,3692a7a6198d7237,crop08,1,174.47909545898438
0,sid_calib,real,unknown,calib,53c402256a68833a,clean,1,74.35588836669922
0,sid_calib,real,unknown,calib,53c402256a68833a,jpeg90,1,74.62162780761719
0,sid_calib,real,unknown,calib,53c402256a68833a,jpeg70,1,74.3642578125
0,sid_calib,real,unknown,calib,53c402256a68833a,jpeg50,1,74.18312072753906
0,sid_calib,real,unknown,calib,53c402256a68833a,jpeg30,1,73.93130493164062
0,sid_calib,real,unknown,calib,53c402256a68833a,blur05,1,74.50254821777344
0,sid_calib,real,unknown,calib,53c402256a68833a,blur10,1,75.16670989990234
0,sid_calib,real,unknown,calib,53c402256a68833a,resize05,1,74.57866668701172
0,sid_calib,real,unknown,calib,53c402256a68833a,resize025,1,76.18364715576172
0,sid_calib,real,unknown,calib,53c402256a68833a,noise002,1,74.02320098876953
0,sid_calib,real,unknown,calib,53c402256a68833a,noise005,1,73.06023406982422
0,sid_calib,real,unknown,calib,53c402256a68833a,jitter02,1,74.36319732666016
0,sid_calib,real,unknown,calib,53c402256a68833a,crop08,1,91.95166778564453
0,sid_calib,real,unknown,calib,90d4e4f36e267d3b,clean,1,93.74071502685547
0,sid_calib,real,unknown,calib,90d4e4f36e267d3b,jpeg90,1,93.54395294189453
0,sid_calib,real,unknown,calib,90d4e4f36e267d3b,jpeg70,1,93.19873046875
0,sid_calib,real,unknown,calib,90d4e4f36e267d3b,jpeg50,1,93.27347564697266
0,sid_calib,real,unknown,calib,90d4e4f36e267d3b,jpeg30,1,91.3788833618164
0,sid_calib,real,unknown,calib,90d4e4f36e267d3b,blur05,1,93.26118469238281
0,sid_calib,real,unknown,calib,90d4e4f36e267d3b,blur10,1,92.83482360839844
0,sid_calib,real,unknown,calib,90d4e4f36e267d3b,blur20,1,91.73737335205078
0,sid_calib,real,unknown,calib,90d4e4f36e267d3b,resize05,1,92.8524169921875
0,sid_calib,real,unknown,calib,90d4e4f36e267d3b,resize025,1,92.84791564941406
0,sid_calib,real,unknown,calib,90d4e4f36e267d3b,noise002,1,93.38106536865234
0,sid_calib,real,unknown,calib,90d4e4f36e267d3b,noise005,1,94.02088165283203
0,sid_calib,real,unknown,calib,90d4e4f36e267d3b,noise01,1,91.19000244140625
0,sid_calib,real,unknown,calib,90d4e4f36e267d3b,jitter02,1,93.99729919433594
0,sid_calib,real,unknown,calib,90d4e4f36e267d3b,crop08,1,113.36166381835938
0,sid_calib,real,unknown,calib,c0ba5c35f3aff384,clean,1,155.1566162109375
0,sid_calib,real,unknown,calib,c0ba5c35f3aff384,jpeg90,1,154.60592651367188
0,sid_calib,real,unknown,calib,c0ba5c35f3aff384,jpeg70,1,154.23870849609375
0,sid_calib,real,unknown,calib,c0ba5c35f3aff384,jpeg50,1,154.977783203125
0,sid_calib,real,unknown,calib,c0ba5c35f3aff384,jpeg30,1,153.87835693359375
0,sid_calib,real,unknown,calib,c0ba5c35f3aff384,blur05,1,154.6142578125
0,sid_calib,real,unknown,calib,c0ba5c35f3aff384,blur10,1,153.91595458984375
0,sid_calib,real,unknown,calib,c0ba5c35f3aff384,blur20,1,153.30007934570312
0,sid_calib,real,unknown,calib,c0ba5c35f3aff384,resize05,1,153.2410888671875
0,sid_calib,real,unknown,calib,c0ba5c35f3aff384,resize025,1,153.58750915527344
0,sid_calib,real,unknown,calib,c0ba5c35f3aff384,noise002,1,154.50787353515625
0,sid_calib,real,unknown,calib,c0ba5c35f3aff384,noise005,1,155.5341339111328
0,sid_calib,real,unknown,calib,c0ba5c35f3aff384,noise01,1,105.86921691894531
0,sid_calib,real,unknown,calib,c0ba5c35f3aff384,jitter02,1,154.00196838378906
0,sid_calib,real,unknown,calib,c0ba5c35f3aff384,crop08,1,193.56785583496094
0,sid_calib,real,unknown,calib,84ee543aab95560b,clean,1,68.61638641357422
0,sid_calib,real,unknown,calib,84ee543aab95560b,jpeg90,1,69.95714569091797
0,sid_calib,real,unknown,calib,84ee543aab95560b,jpeg70,1,68.41374969482422
0,sid_calib,real,unknown,calib,84ee543aab95560b,jpeg50,1,68.51641082763672
0,sid_calib,real,unknown,calib,84ee543aab95560b,jpeg30,1,70.57717895507812
0,sid_calib,real,unknown,calib,84ee543aab95560b,blur05,1,70.39669799804688
0,sid_calib,real,unknown,calib,84ee543aab95560b,blur10,1,70.30036926269531
0,sid_calib,real,unknown,calib,84ee543aab95560b,blur20,1,69.56046295166016
0,sid_calib,real,unknown,calib,84ee543aab95560b,resize05,1,68.99922943115234
0,sid_calib,real,unknown,calib,84ee543aab95560b,resize025,1,68.95459747314453
0,sid_calib,real,unknown,calib,84ee543aab95560b,noise002,1,70.23370361328125
0,sid_calib,real,unknown,calib,84ee543aab95560b,noise005,1,69.9140625
0,sid_calib,real,unknown,calib,84ee543aab95560b,noise01,1,70.9107666015625
0,sid_calib,real,unknown,calib,84ee543aab95560b,jitter02,1,68.2284164428711
0,sid_calib,real,unknown,calib,84ee543aab95560b,crop08,1,84.26483154296875
0,sid_calib,real,unknown,calib,30f5a4c64a27d7f5,clean,1,80.26549530029297
0,sid_calib,real,unknown,calib,30f5a4c64a27d7f5,jpeg90,1,80.47581481933594
0,sid_calib,real,unknown,calib,30f5a4c64a27d7f5,jpeg70,1,80.22116088867188
0,sid_calib,real,unknown,calib,30f5a4c64a27d7f5,jpeg50,1,80.17550659179688
0,sid_calib,real,unknown,calib,30f5a4c64a27d7f5,jpeg30,1,82.31802368164062
0,sid_calib,real,unknown,calib,30f5a4c64a27d7f5,blur05,1,80.26541900634766
0,sid_calib,real,unknown,calib,30f5a4c64a27d7f5,blur10,1,80.1581802368164
0,sid_calib,real,unknown,calib,30f5a4c64a27d7f5,blur20,1,78.83165740966797
0,sid_calib,real,unknown,calib,30f5a4c64a27d7f5,resize05,1,80.212646484375
0,sid_calib,real,unknown,calib,30f5a4c64a27d7f5,resize025,1,79.24015808105469
0,sid_calib,real,unknown,calib,30f5a4c64a27d7f5,noise002,1,80.47576141357422
0,sid_calib,real,unknown,calib,30f5a4c64a27d7f5,noise005,1,80.14765167236328
0,sid_calib,real,unknown,calib,30f5a4c64a27d7f5,noise01,1,77.20179748535156
0,sid_calib,real,unknown,calib,30f5a4c64a27d7f5,jitter02,1,80.26409149169922
0,sid_calib,real,unknown,calib,30f5a4c64a27d7f5,crop08,1,106.92357635498047
1,sid_calib,full_synthetic,unknown,calib,32ecfe8a2e62be0b,clean,1,95.05078887939453
1,sid_calib,full_synthetic,unknown,calib,32ecfe8a2e62be0b,jpeg90,1,95.35922241210938
1,sid_calib,full_synthetic,unknown,calib,32ecfe8a2e62be0b,jpeg70,1,95.7222900390625
1,sid_calib,full_synthetic,unknown,calib,32ecfe8a2e62be0b,jpeg50,1,95.4029769897461
1,sid_calib,full_synthetic,unknown,calib,32ecfe8a2e62be0b,jpeg30,1,96.83306121826172
1,sid_calib,full_synthetic,unknown,calib,32ecfe8a2e62be0b,blur05,1,94.9874038696289
1,sid_calib,full_synthetic,unknown,calib,32ecfe8a2e62be0b,blur10,1,94.57427978515625
1,sid_calib,full_synthetic,unknown,calib,32ecfe8a2e62be0b,blur20,1,93.40265655517578
1,sid_calib,full_synthetic,unknown,calib,32ecfe8a2e62be0b,resize05,1,94.79544067382812
1,sid_calib,full_synthetic,unknown,calib,32ecfe8a2e62be0b,resize025,1,96.34637451171875
1,sid_calib,full_synthetic,unknown,calib,32ecfe8a2e62be0b,noise002,1,95.18634796142578
1,sid_calib,full_synthetic,unknown,calib,32ecfe8a2e62be0b,noise005,1,94.87406158447266
1,sid_calib,full_synthetic,unknown,calib,32ecfe8a2e62be0b,noise01,1,95.03226470947266
1,sid_calib,full_synthetic,unknown,calib,32ecfe8a2e62be0b,jitter02,1,95.15496826171875
1,sid_calib,full_synthetic,unknown,calib,32ecfe8a2e62be0b,crop08,1,121.43062591552734
1,sid_calib,full_synthetic,unknown,calib,6e9973beec718813,clean,1,200.21728515625
1,sid_calib,full_synthetic,unknown,calib,6e9973beec718813,jpeg90,1,200.074462890625
1,sid_calib,full_synthetic,unknown,calib,6e9973beec718813,jpeg70,1,199.23741149902344
1,sid_calib,full_synthetic,unknown,calib,6e9973beec718813,jpeg50,1,200.36087036132812
1,sid_calib,full_synthetic,unknown,calib,6e9973beec718813,jpeg30,1,197.29135131835938
1,sid_calib,full_synthetic,unknown,calib,6e9973beec718813,blur05,1,200.1948699951172
1,sid_calib,full_synthetic,unknown,calib,6e9973beec718813,blur10,1,200.96913146972656
1,sid_calib,full_synthetic,unknown,calib,6e9973beec718813,blur20,1,203.1063232421875
1,sid_calib,full_synthetic,unknown,calib,6e9973beec718813,resize05,1,200.14768981933594
1,sid_calib,full_synthetic,unknown,calib,6e9973beec718813,resize025,1,201.3015899658203
1,sid_calib,full_synthetic,unknown,calib,6e9973beec718813,noise002,1,200.55409240722656
1,sid_calib,full_synthetic,unknown,calib,6e9973beec718813,noise005,1,200.13023376464844
1,sid_calib,full_synthetic,unknown,calib,6e9973beec718813,noise01,1,202.49835205078125
1,sid_calib,full_synthetic,unknown,calib,6e9973beec718813,jitter02,1,199.14100646972656
1,sid_calib,full_synthetic,unknown,calib,6e9973beec718813,crop08,1,246.37461853027344
0,sid_calib,real,unknown,calib,2849179102a6f9cc,clean,1,208.45452880859375
0,sid_calib,real,unknown,calib,2849179102a6f9cc,jpeg90,1,204.3641815185547
0,sid_calib,real,unknown,calib,2849179102a6f9cc,jpeg70,1,206.0641326904297
0,sid_calib,real,unknown,calib,2849179102a6f9cc,jpeg50,1,205.77658081054688
0,sid_calib,real,unknown,calib,2849179102a6f9cc,jpeg30,1,207.5745086669922
0,sid_calib,real,unknown,calib,2849179102a6f9cc,blur05,1,204.18507385253906
0,sid_calib,real,unknown,calib,2849179102a6f9cc,blur10,1,203.64564514160156
0,sid_calib,real,unknown,calib,2849179102a6f9cc,blur20,1,201.78086853027344
0,sid_calib,real,unknown,calib,2849179102a6f9cc,resize05,1,203.85963439941406
0,sid_calib,real,unknown,calib,2849179102a6f9cc,resize025,1,202.5763702392578
0,sid_calib,real,unknown,calib,2849179102a6f9cc,noise002,1,208.37490844726562
0,sid_calib,real,unknown,calib,2849179102a6f9cc,noise005,1,205.7243194580078
0,sid_calib,real,unknown,calib,2849179102a6f9cc,noise01,1,208.66400146484375
0,sid_calib,real,unknown,calib,2849179102a6f9cc,jitter02,1,204.58221435546875
0,sid_calib,real,unknown,calib,2849179102a6f9cc,crop08,1,275.7582092285156
0,sid_calib,real,unknown,calib,aae3067c55c7e993,clean,1,90.02947235107422
0,sid_calib,real,unknown,calib,aae3067c55c7e993,jpeg90,1,90.05691528320312
0,sid_calib,real,unknown,calib,aae3067c55c7e993,jpeg70,1,90.06758117675781
0,sid_calib,real,unknown,calib,aae3067c55c7e993,jpeg50,1,89.37731170654297
0,sid_calib,real,unknown,calib,aae3067c55c7e993,jpeg30,1,90.53241729736328
0,sid_calib,real,unknown,calib,aae3067c55c7e993,blur05,1,90.09320068359375
0,sid_calib,real,unknown,calib,aae3067c55c7e993,blur10,1,89.72109985351562
0,sid_calib,real,unknown,calib,aae3067c55c7e993,blur20,1,88.3888168334961
0,sid_calib,real,unknown,calib,aae3067c55c7e993,resize05,1,89.92215728759766
0,sid_calib,real,unknown,calib,aae3067c55c7e993,resize025,1,89.63009643554688
0,sid_calib,real,unknown,calib,aae3067c55c7e993,noise002,1,89.47640228271484
0,sid_calib,real,unknown,calib,aae3067c55c7e993,noise005,1,89.41971588134766
0,sid_calib,real,unknown,calib,aae3067c55c7e993,noise01,1,92.87141418457031
0,sid_calib,real,unknown,calib,aae3067c55c7e993,jitter02,1,90.71756744384766
0,sid_calib,real,unknown,calib,aae3067c55c7e993,crop08,1,114.00790405273438
0,sid_calib,real,unknown,calib,abd42ca60c1e9378,clean,1,370.5863037109375
0,sid_calib,real,unknown,calib,abd42ca60c1e9378,jpeg90,1,370.46441650390625
0,sid_calib,real,unknown,calib,abd42ca60c1e9378,jpeg70,1,372.8006591796875
0,sid_calib,real,unknown,calib,abd42ca60c1e9378,jpeg50,1,371.810302734375
0,sid_calib,real,unknown,calib,abd42ca60c1e9378,jpeg30,1,369.798583984375
0,sid_calib,real,unknown,calib,abd42ca60c1e9378,blur05,1,370.7585144042969
0,sid_calib,real,unknown,calib,abd42ca60c1e9378,blur10,1,369.8324279785156
0,sid_calib,real,unknown,calib,abd42ca60c1e9378,blur20,1,370.135498046875
0,sid_calib,real,unknown,calib,abd42ca60c1e9378,resize05,1,370.82684326171875
0,sid_calib,real,unknown,calib,abd42ca60c1e9378,resize025,1,370.4566650390625
0,sid_calib,real,unknown,calib,abd42ca60c1e9378,noise002,1,371.8572082519531
0,sid_calib,real,unknown,calib,abd42ca60c1e9378,noise005,1,375.71014404296875
0,sid_calib,real,unknown,calib,abd42ca60c1e9378,noise01,1,392.17620849609375
0,sid_calib,real,unknown,calib,abd42ca60c1e9378,jitter02,1,367.9705810546875
0,sid_calib,real,unknown,calib,abd42ca60c1e9378,crop08,1,458.62799072265625
0,sid_calib,real,unknown,calib,8c9b45b23f089f05,clean,1,163.240234375
0,sid_calib,real,unknown,calib,8c9b45b23f089f05,jpeg90,1,162.8292999267578
0,sid_calib,real,unknown,calib,8c9b45b23f089f05,jpeg70,1,163.66197204589844
0,sid_calib,real,unknown,calib,8c9b45b23f089f05,jpeg50,1,161.74891662597656
0,sid_calib,real,unknown,calib,8c9b45b23f089f05,jpeg30,1,165.05029296875
0,sid_calib,real,unknown,calib,8c9b45b23f089f05,blur05,1,163.5585174560547
0,sid_calib,real,unknown,calib,8c9b45b23f089f05,blur10,1,164.13400268554688
0,sid_calib,real,unknown,calib,8c9b45b23f089f05,blur20,1,160.76185607910156
0,sid_calib,real,unknown,calib,8c9b45b23f089f05,resize05,1,163.8955535888672
0,sid_calib,real,unknown,calib,8c9b45b23f089f05,resize025,1,161.8203887939453
0,sid_calib,real,unknown,calib,8c9b45b23f089f05,noise002,1,164.05552673339844
0,sid_calib,real,unknown,calib,8c9b45b23f089f05,noise005,1,162.35508728027344
0,sid_calib,real,unknown,calib,8c9b45b23f089f05,noise01,1,161.52406311035156
0,sid_calib,real,unknown,calib,8c9b45b23f089f05,jitter02,1,163.36502075195312
0,sid_calib,real,unknown,calib,8c9b45b23f089f05,crop08,1,193.77789306640625
1,sid_calib,full_synthetic,unknown,calib,9216f99a256527d5,clean,1,95.53164672851562
1,sid_calib,full_synthetic,unknown,calib,9216f99a256527d5,jpeg90,1,95.46115112304688
1,sid_calib,full_synthetic,unknown,calib,9216f99a256527d5,jpeg70,1,95.0241928100586
1,sid_calib,full_synthetic,unknown,calib,9216f99a256527d5,jpeg50,1,94.01297760009766
1,sid_calib,full_synthetic,unknown,calib,9216f99a256527d5,jpeg30,1,93.18289947509766
1,sid_calib,full_synthetic,unknown,calib,9216f99a256527d5,blur05,1,95.45052337646484
1,sid_calib,full_synthetic,unknown,calib,9216f99a256527d5,blur10,1,95.29928588867188
1,sid_calib,full_synthetic,unknown,calib,9216f99a256527d5,blur20,1,94.70687866210938
1,sid_calib,full_synthetic,unknown,calib,9216f99a256527d5,resize05,1,95.63723754882812
1,sid_calib,full_synthetic,unknown,calib,9216f99a256527d5,resize025,1,95.1858139038086
1,sid_calib,full_synthetic,unknown,calib,9216f99a256527d5,noise002,1,95.27897644042969
1,sid_calib,full_synthetic,unknown,calib,9216f99a256527d5,noise005,1,95.3253402709961
1,sid_calib,full_synthetic,unknown,calib,9216f99a256527d5,noise01,1,95.6725845336914
1,sid_calib,full_synthetic,unknown,calib,9216f99a256527d5,jitter02,1,95.0285873413086
1,sid_calib,full_synthetic,unknown,calib,9216f99a256527d5,crop08,1,122.14561462402344
0,sid_calib,real,unknown,calib,8f3ec8225e00b6d6,clean,1,65.17183685302734
0,sid_calib,real,unknown,calib,8f3ec8225e00b6d6,jpeg90,1,65.1350326538086
0,sid_calib,real,unknown,calib,8f3ec8225e00b6d6,jpeg70,1,64.72673797607422
0,sid_calib,real,unknown,calib,8f3ec8225e00b6d6,blur05,1,64.85111236572266
0,sid_calib,real,unknown,calib,8f3ec8225e00b6d6,blur10,1,64.56280517578125
0,sid_calib,real,unknown,calib,8f3ec8225e00b6d6,blur20,1,64.57986450195312
0,sid_calib,real,unknown,calib,8f3ec8225e00b6d6,resize05,1,64.52412414550781
0,sid_calib,real,unknown,calib,8f3ec8225e00b6d6,noise002,1,65.01091003417969
0,sid_calib,real,unknown,calib,8f3ec8225e00b6d6,noise005,1,64.76097106933594
0,sid_calib,real,unknown,calib,8f3ec8225e00b6d6,noise01,1,65.26463317871094
0,sid_calib,real,unknown,calib,8f3ec8225e00b6d6,jitter02,1,65.05424499511719
0,sid_calib,real,unknown,calib,8f3ec8225e00b6d6,crop08,1,78.75367736816406
0,sid_calib,real,unknown,calib,fb22389d6a229d5c,clean,1,129.3682861328125
0,sid_calib,real,unknown,calib,fb22389d6a229d5c,jpeg90,1,128.90853881835938
0,sid_calib,real,unknown,calib,fb22389d6a229d5c,jpeg70,1,129.56092834472656
0,sid_calib,real,unknown,calib,fb22389d6a229d5c,jpeg50,1,130.91798400878906
0,sid_calib,real,unknown,calib,fb22389d6a229d5c,jpeg30,1,127.66146087646484
0,sid_calib,real,unknown,calib,fb22389d6a229d5c,blur05,1,129.00743103027344
0,sid_calib,real,unknown,calib,fb22389d6a229d5c,blur10,1,128.62738037109375
0,sid_calib,real,unknown,calib,fb22389d6a229d5c,blur20,1,125.02206420898438
0,sid_calib,real,unknown,calib,fb22389d6a229d5c,resize05,1,129.0528564453125
0,sid_calib,real,unknown,calib,fb22389d6a229d5c,resize025,1,125.67491149902344
0,sid_calib,real,unknown,calib,fb22389d6a229d5c,noise002,1,129.77027893066406
0,sid_calib,real,unknown,calib,fb22389d6a229d5c,noise005,1,130.70428466796875
0,sid_calib,real,unknown,calib,fb22389d6a229d5c,noise01,1,122.10147857666016
0,sid_calib,real,unknown,calib,fb22389d6a229d5c,jitter02,1,129.82406616210938
0,sid_calib,real,unknown,calib,fb22389d6a229d5c,crop08,1,147.93130493164062
0,sid_calib,real,unknown,calib,ce93e671772180e1,clean,1,111.56536865234375
0,sid_calib,real,unknown,calib,ce93e671772180e1,jpeg90,1,111.587646484375
0,sid_calib,real,unknown,calib,ce93e671772180e1,jpeg70,1,110.8729019165039
0,sid_calib,real,unknown,calib,ce93e671772180e1,jpeg50,1,111.2054672241211
0,sid_calib,real,unknown,calib,ce93e671772180e1,jpeg30,1,111.4748764038086
0,sid_calib,real,unknown,calib,ce93e671772180e1,blur05,1,111.25247955322266
0,sid_calib,real,unknown,calib,ce93e671772180e1,resize05,1,110.80794525146484
0,sid_calib,real,unknown,calib,ce93e671772180e1,noise002,1,112.19342041015625
0,sid_calib,real,unknown,calib,ce93e671772180e1,jitter02,1,112.11821746826172
0,sid_calib,real,unknown,calib,ce93e671772180e1,crop08,1,137.96083068847656
1,sid_calib,full_synthetic,unknown,calib,a01f7680a99aa908,clean,1,127.45723724365234
1,sid_calib,full_synthetic,unknown,calib,a01f7680a99aa908,jpeg90,1,127.56644439697266
1,sid_calib,full_synthetic,unknown,calib,a01f7680a99aa908,jpeg70,1,127.32366180419922
1,sid_calib,full_synthetic,unknown,calib,a01f7680a99aa908,jpeg50,1,128.7445526123047
1,sid_calib,full_synthetic,unknown,calib,a01f7680a99aa908,jpeg30,1,127.05023193359375
1,sid_calib,full_synthetic,unknown,calib,a01f7680a99aa908,blur05,1,127.4360580444336
1,sid_calib,full_synthetic,unknown,calib,a01f7680a99aa908,blur10,1,127.77184295654297
1,sid_calib,full_synthetic,unknown,calib,a01f7680a99aa908,blur20,1,127.93190002441406
1,sid_calib,full_synthetic,unknown,calib,a01f7680a99aa908,resize05,1,127.70828247070312
1,sid_calib,full_synthetic,unknown,calib,a01f7680a99aa908,resize025,1,127.47577667236328
1,sid_calib,full_synthetic,unknown,calib,a01f7680a99aa908,noise002,1,127.04193115234375
1,sid_calib,full_synthetic,unknown,calib,a01f7680a99aa908,noise005,1,129.15687561035156
1,sid_calib,full_synthetic,unknown,calib,a01f7680a99aa908,noise01,1,125.58136749267578
1,sid_calib,full_synthetic,unknown,calib,a01f7680a99aa908,jitter02,1,127.38748931884766
1,sid_calib,full_synthetic,unknown,calib,a01f7680a99aa908,crop08,1,148.0354461669922
0,sid_calib,real,unknown,calib,f215aae3ba47a260,clean,1,115.1089096069336
0,sid_calib,real,unknown,calib,f215aae3ba47a260,jpeg90,1,115.30166625976562
0,sid_calib,real,unknown,calib,f215aae3ba47a260,jpeg70,1,114.8900146484375
0,sid_calib,real,unknown,calib,f215aae3ba47a260,jpeg50,1,114.29901123046875
0,sid_calib,real,unknown,calib,f215aae3ba47a260,jpeg30,1,114.16826629638672
0,sid_calib,real,unknown,calib,f215aae3ba47a260,blur05,1,115.14124298095703
0,sid_calib,real,unknown,calib,f215aae3ba47a260,blur10,1,114.91183471679688
0,sid_calib,real,unknown,calib,f215aae3ba47a260,blur20,1,115.79313659667969
0,sid_calib,real,unknown,calib,f215aae3ba47a260,resize05,1,115.41770935058594
0,sid_calib,real,unknown,calib,f215aae3ba47a260,resize025,1,115.15669250488281
0,sid_calib,real,unknown,calib,f215aae3ba47a260,noise002,1,114.36478424072266
0,sid_calib,real,unknown,calib,f215aae3ba47a260,noise005,1,116.48554229736328
0,sid_calib,real,unknown,calib,f215aae3ba47a260,noise01,1,115.1777572631836
0,sid_calib,real,unknown,calib,f215aae3ba47a260,jitter02,1,115.34974670410156
0,sid_calib,real,unknown,calib,f215aae3ba47a260,crop08,1,153.51966857910156
1,sid_calib,full_synthetic,unknown,calib,95fa39714eb54832,clean,1,77.92164611816406
1,sid_calib,full_synthetic,unknown,calib,95fa39714eb54832,jpeg90,1,77.66312408447266
1,sid_calib,full_synthetic,unknown,calib,95fa39714eb54832,jpeg70,1,77.37718963623047
1,sid_calib,full_synthetic,unknown,calib,95fa39714eb54832,jpeg50,1,77.34081268310547
1,sid_calib,full_synthetic,unknown,calib,95fa39714eb54832,jpeg30,1,76.77091979980469
1,sid_calib,full_synthetic,unknown,calib,95fa39714eb54832,blur05,1,77.95355224609375
1,sid_calib,full_synthetic,unknown,calib,95fa39714eb54832,blur10,1,77.94206237792969
1,sid_calib,full_synthetic,unknown,calib,95fa39714eb54832,blur20,1,77.97760009765625
1,sid_calib,full_synthetic,unknown,calib,95fa39714eb54832,resize05,1,77.912353515625
1,sid_calib,full_synthetic,unknown,calib,95fa39714eb54832,resize025,1,78.19046783447266
1,sid_calib,full_synthetic,unknown,calib,95fa39714eb54832,noise002,1,77.64229583740234
1,sid_calib,full_synthetic,unknown,calib,95fa39714eb54832,noise005,1,80.83349609375
1,sid_calib,full_synthetic,unknown,calib,95fa39714eb54832,noise01,1,78.03004455566406
1,sid_calib,full_synthetic,unknown,calib,95fa39714eb54832,jitter02,1,77.8412857055664
1,sid_calib,full_synthetic,unknown,calib,95fa39714eb54832,crop08,1,98.08369445800781
1,sid_calib,full_synthetic,unknown,calib,70c58d26629efed8,clean,1,132.7515106201172
1,sid_calib,full_synthetic,unknown,calib,70c58d26629efed8,jpeg90,1,132.28680419921875
1,sid_calib,full_synthetic,unknown,calib,70c58d26629efed8,jpeg70,1,132.4466552734375
1,sid_calib,full_synthetic,unknown,calib,70c58d26629efed8,jpeg50,1,132.6160125732422
1,sid_calib,full_synthetic,unknown,calib,70c58d26629efed8,jpeg30,1,134.77447509765625
1,sid_calib,full_synthetic,unknown,calib,70c58d26629efed8,blur05,1,132.49806213378906
1,sid_calib,full_synthetic,unknown,calib,70c58d26629efed8,blur10,1,132.18313598632812
1,sid_calib,full_synthetic,unknown,calib,70c58d26629efed8,blur20,1,133.97198486328125
1,sid_calib,full_synthetic,unknown,calib,70c58d26629efed8,resize05,1,131.8802490234375
1,sid_calib,full_synthetic,unknown,calib,70c58d26629efed8,resize025,1,134.41070556640625
1,sid_calib,full_synthetic,unknown,calib,70c58d26629efed8,noise002,1,133.2678680419922
1,sid_calib,full_synthetic,unknown,calib,70c58d26629efed8,noise005,1,131.080078125
1,sid_calib,full_synthetic,unknown,calib,70c58d26629efed8,noise01,1,131.17709350585938
1,sid_calib,full_synthetic,unknown,calib,70c58d26629efed8,jitter02,1,132.1190185546875
1,sid_calib,full_synthetic,unknown,calib,70c58d26629efed8,crop08,1,162.82696533203125
0,sid_calib,real,unknown,calib,717f9721b9b31006,clean,1,93.04893493652344
0,sid_calib,real,unknown,calib,717f9721b9b31006,jpeg90,1,93.08753204345703
0,sid_calib,real,unknown,calib,717f9721b9b31006,jpeg70,1,93.75065612792969
0,sid_calib,real,unknown,calib,717f9721b9b31006,jpeg50,1,92.83814239501953
0,sid_calib,real,unknown,calib,717f9721b9b31006,jpeg30,1,92.35437774658203
0,sid_calib,real,unknown,calib,717f9721b9b31006,blur05,1,93.24708557128906
0,sid_calib,real,unknown,calib,717f9721b9b31006,blur10,1,93.81254577636719
0,sid_calib,real,unknown,calib,717f9721b9b31006,blur20,1,94.04802703857422
0,sid_calib,real,unknown,calib,717f9721b9b31006,resize05,1,92.91389465332031
0,sid_calib,real,unknown,calib,717f9721b9b31006,resize025,1,94.37928009033203
0,sid_calib,real,unknown,calib,717f9721b9b31006,noise002,1,92.35751342773438
0,sid_calib,real,unknown,calib,717f9721b9b31006,noise005,1,91.34832000732422
0,sid_calib,real,unknown,calib,717f9721b9b31006,noise01,1,97.42951965332031
0,sid_calib,real,unknown,calib,717f9721b9b31006,jitter02,1,92.64427947998047
0,sid_calib,real,unknown,calib,b06102c5c30a8b6c,crop08,1,103.96868133544922
0,sid_calib,real,unknown,calib,28be23bc0057982b,clean,1,76.72321319580078
0,sid_calib,real,unknown,calib,28be23bc0057982b,jpeg90,1,76.85143280029297
0,sid_calib,real,unknown,calib,28be23bc0057982b,jpeg70,1,76.1874771118164
0,sid_calib,real,unknown,calib,28be23bc0057982b,jpeg50,1,76.43011474609375
0,sid_calib,real,unknown,calib,28be23bc0057982b,jpeg30,1,79.0586929321289
0,sid_calib,real,unknown,calib,28be23bc0057982b,blur05,1,76.5417709350586
0,sid_calib,real,unknown,calib,28be23bc0057982b,blur10,1,78.17337799072266
0,sid_calib,real,unknown,calib,28be23bc0057982b,blur20,1,77.22544860839844
0,sid_calib,real,unknown,calib,28be23bc0057982b,resize05,1,76.48439025878906
0,sid_calib,real,unknown,calib,28be23bc0057982b,resize025,1,77.64561462402344
0,sid_calib,real,unknown,calib,28be23bc0057982b,noise002,1,76.79608917236328
0,sid_calib,real,unknown,calib,28be23bc0057982b,noise005,1,75.76918029785156
0,sid_calib,real,unknown,calib,28be23bc0057982b,noise01,1,78.0182876586914
0,sid_calib,real,unknown,calib,28be23bc0057982b,jitter02,1,76.29381561279297
0,sid_calib,real,unknown,calib,28be23bc0057982b,crop08,1,93.87826538085938
0,sid_calib,real,unknown,calib,b04ad9e7bbd3cbc2,clean,1,122.02749633789062
0,sid_calib,real,unknown,calib,b04ad9e7bbd3cbc2,jpeg90,1,122.0142593383789
0,sid_calib,real,unknown,calib,b04ad9e7bbd3cbc2,jpeg70,1,121.93501281738281
0,sid_calib,real,unknown,calib,b04ad9e7bbd3cbc2,jpeg50,1,123.36905670166016
0,sid_calib,real,unknown,calib,b04ad9e7bbd3cbc2,jpeg30,1,122.41292572021484
0,sid_calib,real,unknown,calib,b04ad9e7bbd3cbc2,blur05,1,121.27938842773438
0,sid_calib,real,unknown,calib,b04ad9e7bbd3cbc2,blur10,1,121.4272689819336
0,sid_calib,real,unknown,calib,b04ad9e7bbd3cbc2,blur20,1,121.8144302368164
0,sid_calib,real,unknown,calib,b04ad9e7bbd3cbc2,resize05,1,121.40728759765625
0,sid_calib,real,unknown,calib,b04ad9e7bbd3cbc2,resize025,1,122.45951843261719
0,sid_calib,real,unknown,calib,b04ad9e7bbd3cbc2,noise002,1,122.07242584228516
0,sid_calib,real,unknown,calib,b04ad9e7bbd3cbc2,jitter02,1,121.39652252197266
0,sid_calib,real,unknown,calib,b04ad9e7bbd3cbc2,crop08,1,158.6990203857422
1,sid_calib,full_synthetic,unknown,calib,5eca53013e86dd10,clean,1,195.4007110595703
1,sid_calib,full_synthetic,unknown,calib,5eca53013e86dd10,jpeg90,1,196.0635223388672
1,sid_calib,full_synthetic,unknown,calib,5eca53013e86dd10,jpeg70,1,195.22607421875
1,sid_calib,full_synthetic,unknown,calib,5eca53013e86dd10,jpeg50,1,196.01622009277344
1,sid_calib,full_synthetic,unknown,calib,5eca53013e86dd10,jpeg30,1,196.1021270751953
1,sid_calib,full_synthetic,unknown,calib,5eca53013e86dd10,blur05,1,194.9480438232422
1,sid_calib,full_synthetic,unknown,calib,5eca53013e86dd10,blur10,1,193.75823974609375
1,sid_calib,full_synthetic,unknown,calib,5eca53013e86dd10,blur20,1,194.7674560546875
1,sid_calib,full_synthetic,unknown,calib,5eca53013e86dd10,resize05,1,194.34576416015625
1,sid_calib,full_synthetic,unknown,calib,5eca53013e86dd10,resize025,1,193.85728454589844
1,sid_calib,full_synthetic,unknown,calib,5eca53013e86dd10,noise002,1,197.9298858642578
1,sid_calib,full_synthetic,unknown,calib,5eca53013e86dd10,noise005,1,199.8316192626953
1,sid_calib,full_synthetic,unknown,calib,5eca53013e86dd10,noise01,1,199.16415405273438
1,sid_calib,full_synthetic,unknown,calib,5eca53013e86dd10,jitter02,1,194.8047332763672
1,sid_calib,full_synthetic,unknown,calib,5eca53013e86dd10,crop08,1,245.38522338867188
0,sid_calib,real,unknown,calib,42b3216e174c6b90,clean,1,68.3683090209961
0,sid_calib,real,unknown,calib,42b3216e174c6b90,jpeg90,1,68.13359069824219
0,sid_calib,real,unknown,calib,42b3216e174c6b90,jpeg70,1,68.51165771484375
0,sid_calib,real,unknown,calib,42b3216e174c6b90,jpeg50,1,68.75581359863281
0,sid_calib,real,unknown,calib,42b3216e174c6b90,jpeg30,1,68.9798583984375
0,sid_calib,real,unknown,calib,42b3216e174c6b90,blur05,1,68.42060089111328
0,sid_calib,real,unknown,calib,42b3216e174c6b90,blur10,1,68.5190200805664
0,sid_calib,real,unknown,calib,42b3216e174c6b90,blur20,1,68.2893295288086
0,sid_calib,real,unknown,calib,42b3216e174c6b90,resize05,1,68.40489959716797
0,sid_calib,real,unknown,calib,42b3216e174c6b90,resize025,1,68.16773986816406
0,sid_calib,real,unknown,calib,42b3216e174c6b90,noise002,1,68.0423812866211
0,sid_calib,real,unknown,calib,42b3216e174c6b90,noise005,1,69.2149429321289
0,sid_calib,real,unknown,calib,42b3216e174c6b90,noise01,1,69.36302947998047
0,sid_calib,real,unknown,calib,42b3216e174c6b90,jitter02,1,68.26531219482422
0,sid_calib,real,unknown,calib,42b3216e174c6b90,crop08,1,82.23238372802734
1,sid_calib,full_synthetic,unknown,calib,dff1bdcc393f400d,clean,1,228.196044921875
1,sid_calib,full_synthetic,unknown,calib,dff1bdcc393f400d,jpeg90,1,228.6678466796875
1,sid_calib,full_synthetic,unknown,calib,dff1bdcc393f400d,jpeg70,1,229.5541534423828
1,sid_calib,full_synthetic,unknown,calib,dff1bdcc393f400d,jpeg50,1,229.68548583984375
1,sid_calib,full_synthetic,unknown,calib,dff1bdcc393f400d,jpeg30,1,228.50889587402344
1,sid_calib,full_synthetic,unknown,calib,dff1bdcc393f400d,blur05,1,229.22317504882812
1,sid_calib,full_synthetic,unknown,calib,dff1bdcc393f400d,blur10,1,229.09742736816406
1,sid_calib,full_synthetic,unknown,calib,dff1bdcc393f400d,blur20,1,227.55224609375
1,sid_calib,full_synthetic,unknown,calib,dff1bdcc393f400d,resize05,1,229.43142700195312
1,sid_calib,full_synthetic,unknown,calib,dff1bdcc393f400d,resize025,1,226.8207550048828
1,sid_calib,full_synthetic,unknown,calib,dff1bdcc393f400d,noise002,1,229.01539611816406
1,sid_calib,full_synthetic,unknown,calib,dff1bdcc393f400d,noise005,1,229.04891967773438
1,sid_calib,full_synthetic,unknown,calib,dff1bdcc393f400d,noise01,1,225.0640869140625
1,sid_calib,full_synthetic,unknown,calib,dff1bdcc393f400d,jitter02,1,227.75238037109375
1,sid_calib,full_synthetic,unknown,calib,dff1bdcc393f400d,crop08,1,284.31494140625
1,sid_calib,full_synthetic,unknown,calib,9547a227d9b8cbd7,clean,1,110.55208587646484
1,sid_calib,full_synthetic,unknown,calib,9547a227d9b8cbd7,jpeg90,1,110.81145477294922
1,sid_calib,full_synthetic,unknown,calib,9547a227d9b8cbd7,jpeg70,1,110.95155334472656
1,sid_calib,full_synthetic,unknown,calib,9547a227d9b8cbd7,jpeg50,1,110.81666564941406
1,sid_calib,full_synthetic,unknown,calib,9547a227d9b8cbd7,jpeg30,1,112.89937591552734
1,sid_calib,full_synthetic,unknown,calib,9547a227d9b8cbd7,blur05,1,110.47736358642578
1,sid_calib,full_synthetic,unknown,calib,9547a227d9b8cbd7,blur10,1,110.07518768310547
1,sid_calib,full_synthetic,unknown,calib,9547a227d9b8cbd7,blur20,1,110.76124572753906
1,sid_calib,full_synthetic,unknown,calib,9547a227d9b8cbd7,resize05,1,109.9795913696289
1,sid_calib,full_synthetic,unknown,calib,9547a227d9b8cbd7,resize025,1,109.78469848632812
1,sid_calib,full_synthetic,unknown,calib,9547a227d9b8cbd7,noise002,1,110.02601623535156
1,sid_calib,full_synthetic,unknown,calib,9547a227d9b8cbd7,noise005,1,107.43587493896484
1,sid_calib,full_synthetic,unknown,calib,9547a227d9b8cbd7,noise01,1,109.14627075195312
1,sid_calib,full_synthetic,unknown,calib,9547a227d9b8cbd7,jitter02,1,110.0055923461914
1,sid_calib,full_synthetic,unknown,calib,9547a227d9b8cbd7,crop08,1,130.7975616455078
0,sid_calib,real,unknown,calib,3f5c0cdf9c40e725,clean,1,102.6246109008789
0,sid_calib,real,unknown,calib,3f5c0cdf9c40e725,jpeg90,1,102.8557357788086
0,sid_calib,real,unknown,calib,3f5c0cdf9c40e725,jpeg70,1,102.8360824584961
0,sid_calib,real,unknown,calib,3f5c0cdf9c40e725,jpeg50,1,103.32835388183594
0,sid_calib,real,unknown,calib,3f5c0cdf9c40e725,jpeg30,1,103.68759155273438
0,sid_calib,real,unknown,calib,3f5c0cdf9c40e725,blur05,1,102.53135681152344
0,sid_calib,real,unknown,calib,3f5c0cdf9c40e725,blur10,1,98.72753143310547
0,sid_calib,real,unknown,calib,3f5c0cdf9c40e725,blur20,1,102.2469482421875
0,sid_calib,real,unknown,calib,3f5c0cdf9c40e725,resize05,1,102.51799774169922
0,sid_calib,real,unknown,calib,3f5c0cdf9c40e725,resize025,1,96.96212768554688
0,sid_calib,real,unknown,calib,3f5c0cdf9c40e725,noise002,1,102.23831176757812
0,sid_calib,real,unknown,calib,3f5c0cdf9c40e725,noise005,1,104.95410919189453
0,sid_calib,real,unknown,calib,3f5c0cdf9c40e725,jitter02,1,102.10671997070312
0,sid_calib,real,unknown,calib,3f5c0cdf9c40e725,crop08,1,123.37966918945312
0,sid_calib,real,unknown,calib,3f7df80555ac7a7b,clean,1,299.2503356933594
0,sid_calib,real,unknown,calib,3f7df80555ac7a7b,jpeg90,1,299.26556396484375
0,sid_calib,real,unknown,calib,3f7df80555ac7a7b,jpeg70,1,299.45892333984375
0,sid_calib,real,unknown,calib,3f7df80555ac7a7b,jpeg50,1,299.330078125
0,sid_calib,real,unknown,calib,3f7df80555ac7a7b,jpeg30,1,300.2684631347656
0,sid_calib,real,unknown,calib,3f7df80555ac7a7b,blur05,1,299.41864013671875
0,sid_calib,real,unknown,calib,3f7df80555ac7a7b,blur10,1,299.2845458984375
0,sid_calib,real,unknown,calib,3f7df80555ac7a7b,blur20,1,299.8046875
0,sid_calib,real,unknown,calib,3f7df80555ac7a7b,resize05,1,299.3779602050781
0,sid_calib,real,unknown,calib,3f7df80555ac7a7b,resize025,1,299.8016357421875
0,sid_calib,real,unknown,calib,3f7df80555ac7a7b,noise002,1,298.6292724609375
0,sid_calib,real,unknown,calib,3f7df80555ac7a7b,noise005,1,300.8912048339844
0,sid_calib,real,unknown,calib,3f7df80555ac7a7b,noise01,1,304.06427001953125
0,sid_calib,real,unknown,calib,3f7df80555ac7a7b,jitter02,1,299.3210144042969
0,sid_calib,real,unknown,calib,3f7df80555ac7a7b,crop08,1,368.24725341796875
0,sid_calib,real,unknown,calib,8a3a820e96a3021d,clean,1,143.11705017089844
0,sid_calib,real,unknown,calib,8a3a820e96a3021d,jpeg90,1,143.31588745117188
0,sid_calib,real,unknown,calib,8a3a820e96a3021d,jpeg70,1,142.9508819580078
0,sid_calib,real,unknown,calib,8a3a820e96a3021d,jpeg50,1,143.6905975341797
0,sid_calib,real,unknown,calib,8a3a820e96a3021d,jpeg30,1,143.6649627685547
0,sid_calib,real,unknown,calib,8a3a820e96a3021d,blur05,1,143.00177001953125
0,sid_calib,real,unknown,calib,8a3a820e96a3021d,blur10,1,143.30577087402344
0,sid_calib,real,unknown,calib,8a3a820e96a3021d,blur20,1,143.7210235595703
0,sid_calib,real,unknown,calib,8a3a820e96a3021d,resize05,1,142.99075317382812
0,sid_calib,real,unknown,calib,8a3a820e96a3021d,resize025,1,144.11155700683594
0,sid_calib,real,unknown,calib,8a3a820e96a3021d,noise002,1,143.7802734375
0,sid_calib,real,unknown,calib,8a3a820e96a3021d,noise005,1,144.24339294433594
0,sid_calib,real,unknown,calib,8a3a820e96a3021d,noise01,1,139.76458740234375
0,sid_calib,real,unknown,calib,8a3a820e96a3021d,jitter02,1,143.4757080078125
0,sid_calib,real,unknown,calib,8a3a820e96a3021d,crop08,1,184.5362548828125
0,sid_calib,real,unknown,calib,4ea257cc97fab892,blur10,1,85.8831787109375
0,sid_calib,real,unknown,calib,4ea257cc97fab892,noise002,1,86.74810028076172
0,sid_calib,real,unknown,calib,4ea257cc97fab892,crop08,1,113.11775207519531
0,sid_calib,real,unknown,calib,a7cccd5681795a0c,clean,1,243.02699279785156
0,sid_calib,real,unknown,calib,a7cccd5681795a0c,jpeg90,1,242.93658447265625
0,sid_calib,real,unknown,calib,a7cccd5681795a0c,jpeg70,1,242.55435180664062
0,sid_calib,real,unknown,calib,a7cccd5681795a0c,jpeg50,1,241.7801513671875
0,sid_calib,real,unknown,calib,a7cccd5681795a0c,jpeg30,1,245.14678955078125
0,sid_calib,real,unknown,calib,a7cccd5681795a0c,blur05,1,243.1206512451172
0,sid_calib,real,unknown,calib,a7cccd5681795a0c,blur10,1,242.24256896972656
0,sid_calib,real,unknown,calib,a7cccd5681795a0c,blur20,1,242.19593811035156
0,sid_calib,real,unknown,calib,a7cccd5681795a0c,resize05,1,242.4875946044922
0,sid_calib,real,unknown,calib,a7cccd5681795a0c,resize025,1,241.94541931152344
0,sid_calib,real,unknown,calib,a7cccd5681795a0c,noise002,1,243.33897399902344
0,sid_calib,real,unknown,calib,a7cccd5681795a0c,noise005,1,242.88174438476562
0,sid_calib,real,unknown,calib,a7cccd5681795a0c,noise01,1,240.03082275390625
0,sid_calib,real,unknown,calib,a7cccd5681795a0c,jitter02,1,238.10287475585938
0,sid_calib,real,unknown,calib,a7cccd5681795a0c,crop08,1,298.10565185546875
0,sid_calib,real,unknown,calib,7f94fd05b7f3b9ed,crop08,1,64.77469635009766
0,sid_calib,real,unknown,calib,ac99d1d001ca0cdc,clean,1,64.69025421142578
0,sid_calib,real,unknown,calib,ac99d1d001ca0cdc,jpeg90,1,64.58776092529297
0,sid_calib,real,unknown,calib,ac99d1d001ca0cdc,jpeg70,1,65.03369140625
0,sid_calib,real,unknown,calib,ac99d1d001ca0cdc,jpeg50,1,64.72616577148438
0,sid_calib,real,unknown,calib,ac99d1d001ca0cdc,jpeg30,1,64.18535614013672
0,sid_calib,real,unknown,calib,ac99d1d001ca0cdc,blur05,1,64.49130249023438
0,sid_calib,real,unknown,calib,ac99d1d001ca0cdc,blur10,1,64.26512908935547
0,sid_calib,real,unknown,calib,ac99d1d001ca0cdc,resize05,1,64.53289031982422
0,sid_calib,real,unknown,calib,ac99d1d001ca0cdc,noise002,1,64.64795684814453
0,sid_calib,real,unknown,calib,ac99d1d001ca0cdc,noise005,1,64.97819519042969
0,sid_calib,real,unknown,calib,ac99d1d001ca0cdc,jitter02,1,64.80638122558594
0,sid_calib,real,unknown,calib,ac99d1d001ca0cdc,crop08,1,68.78683471679688
0,sid_calib,real,unknown,calib,d3769771169b092d,clean,1,202.59332275390625
0,sid_calib,real,unknown,calib,d3769771169b092d,jpeg90,1,202.79515075683594
0,sid_calib,real,unknown,calib,d3769771169b092d,jpeg70,1,203.87477111816406
0,sid_calib,real,unknown,calib,d3769771169b092d,jpeg50,1,205.51248168945312
0,sid_calib,real,unknown,calib,d3769771169b092d,jpeg30,1,204.25302124023438
0,sid_calib,real,unknown,calib,d3769771169b092d,blur05,1,202.60728454589844
0,sid_calib,real,unknown,calib,d3769771169b092d,blur10,1,202.75506591796875
0,sid_calib,real,unknown,calib,d3769771169b092d,blur20,1,201.7147979736328
0,sid_calib,real,unknown,calib,d3769771169b092d,resize05,1,202.56622314453125
0,sid_calib,real,unknown,calib,d3769771169b092d,resize025,1,203.18113708496094
0,sid_calib,real,unknown,calib,d3769771169b092d,noise002,1,202.16021728515625
0,sid_calib,real,unknown,calib,d3769771169b092d,noise005,1,204.27403259277344
0,sid_calib,real,unknown,calib,d3769771169b092d,noise01,1,206.7589111328125
0,sid_calib,real,unknown,calib,d3769771169b092d,jitter02,1,202.60302734375
0,sid_calib,real,unknown,calib,d3769771169b092d,crop08,1,251.28915405273438
0,sid_calib,real,unknown,calib,de78ec72fbd4f94e,clean,1,134.90625
0,sid_calib,real,unknown,calib,de78ec72fbd4f94e,jpeg90,1,135.2511749267578
0,sid_calib,real,unknown,calib,de78ec72fbd4f94e,jpeg70,1,135.6885223388672
0,sid_calib,real,unknown,calib,de78ec72fbd4f94e,jpeg50,1,134.25413513183594
0,sid_calib,real,unknown,calib,de78ec72fbd4f94e,jpeg30,1,134.53334045410156
0,sid_calib,real,unknown,calib,de78ec72fbd4f94e,blur05,1,134.78781127929688
0,sid_calib,real,unknown,calib,de78ec72fbd4f94e,blur10,1,134.73178100585938
0,sid_calib,real,unknown,calib,de78ec72fbd4f94e,blur20,1,135.3807373046875
0,sid_calib,real,unknown,calib,de78ec72fbd4f94e,resize05,1,134.60594177246094
0,sid_calib,real,unknown,calib,de78ec72fbd4f94e,resize025,1,135.88345336914062
0,sid_calib,real,unknown,calib,de78ec72fbd4f94e,noise002,1,135.81494140625
0,sid_calib,real,unknown,calib,de78ec72fbd4f94e,noise005,1,134.81468200683594
0,sid_calib,real,unknown,calib,de78ec72fbd4f94e,noise01,1,134.81918334960938
0,sid_calib,real,unknown,calib,de78ec72fbd4f94e,jitter02,1,135.49949645996094
0,sid_calib,real,unknown,calib,de78ec72fbd4f94e,crop08,1,173.18605041503906
0,sid_calib,real,unknown,calib,939e0b49f4be1d08,clean,1,71.52093505859375
0,sid_calib,real,unknown,calib,939e0b49f4be1d08,jpeg90,1,71.27088928222656
0,sid_calib,real,unknown,calib,939e0b49f4be1d08,jpeg70,1,68.6711196899414
0,sid_calib,real,unknown,calib,939e0b49f4be1d08,jpeg50,1,68.85833740234375
0,sid_calib,real,unknown,calib,939e0b49f4be1d08,jpeg30,1,71.01837921142578
0,sid_calib,real,unknown,calib,939e0b49f4be1d08,blur05,1,71.65093994140625
0,sid_calib,real,unknown,calib,939e0b49f4be1d08,blur10,1,71.7497787475586
0,sid_calib,real,unknown,calib,939e0b49f4be1d08,blur20,1,71.68566131591797
0,sid_calib,real,unknown,calib,939e0b49f4be1d08,resize05,1,71.53375244140625
0,sid_calib,real,unknown,calib,939e0b49f4be1d08,resize025,1,70.56452941894531
0,sid_calib,real,unknown,calib,939e0b49f4be1d08,noise002,1,70.94913482666016
0,sid_calib,real,unknown,calib,939e0b49f4be1d08,noise005,1,70.53376770019531
0,sid_calib,real,unknown,calib,939e0b49f4be1d08,jitter02,1,71.17139434814453
0,sid_calib,real,unknown,calib,939e0b49f4be1d08,crop08,1,83.2266845703125
1,sid_calib,full_synthetic,unknown,calib,8dde9bbf24f91fb3,crop08,1,67.71514129638672
0,sid_calib,real,unknown,calib,85cd3c600083ca93,clean,1,231.90928649902344
0,sid_calib,real,unknown,calib,85cd3c600083ca93,jpeg90,1,231.72264099121094
0,sid_calib,real,unknown,calib,85cd3c600083ca93,jpeg70,1,231.6769561767578
0,sid_calib,real,unknown,calib,85cd3c600083ca93,jpeg50,1,234.76744079589844
0,sid_calib,real,unknown,calib,85cd3c600083ca93,jpeg30,1,231.09579467773438
0,sid_calib,real,unknown,calib,85cd3c600083ca93,blur05,1,231.72962951660156
0,sid_calib,real,unknown,calib,85cd3c600083ca93,blur10,1,232.3560028076172
0,sid_calib,real,unknown,calib,85cd3c600083ca93,blur20,1,232.3640594482422
0,sid_calib,real,unknown,calib,85cd3c600083ca93,resize05,1,232.9109649658203
0,sid_calib,real,unknown,calib,85cd3c600083ca93,resize025,1,232.047607421875
0,sid_calib,real,unknown,calib,85cd3c600083ca93,noise002,1,232.5667724609375
0,sid_calib,real,unknown,calib,85cd3c600083ca93,noise005,1,233.02491760253906
0,sid_calib,real,unknown,calib,85cd3c600083ca93,noise01,1,243.252197265625
0,sid_calib,real,unknown,calib,85cd3c600083ca93,jitter02,1,231.79428100585938
0,sid_calib,real,unknown,calib,85cd3c600083ca93,crop08,1,280.9441833496094
1,sid_calib,full_synthetic,unknown,calib,a8ea91b97799b7b4,clean,1,186.19488525390625
1,sid_calib,full_synthetic,unknown,calib,a8ea91b97799b7b4,jpeg90,1,186.25950622558594
1,sid_calib,full_synthetic,unknown,calib,a8ea91b97799b7b4,jpeg70,1,185.763427734375
1,sid_calib,full_synthetic,unknown,calib,a8ea91b97799b7b4,jpeg50,1,187.09152221679688
1,sid_calib,full_synthetic,unknown,calib,a8ea91b97799b7b4,jpeg30,1,186.87799072265625
1,sid_calib,full_synthetic,unknown,calib,a8ea91b97799b7b4,blur05,1,186.0831298828125
1,sid_calib,full_synthetic,unknown,calib,a8ea91b97799b7b4,blur10,1,186.5242919921875
1,sid_calib,full_synthetic,unknown,calib,a8ea91b97799b7b4,blur20,1,187.3394012451172
1,sid_calib,full_synthetic,unknown,calib,a8ea91b97799b7b4,resize05,1,185.89735412597656
1,sid_calib,full_synthetic,unknown,calib,a8ea91b97799b7b4,resize025,1,186.75994873046875
1,sid_calib,full_synthetic,unknown,calib,a8ea91b97799b7b4,noise002,1,187.4344024658203
1,sid_calib,full_synthetic,unknown,calib,a8ea91b97799b7b4,noise005,1,187.4228057861328
1,sid_calib,full_synthetic,unknown,calib,a8ea91b97799b7b4,noise01,1,190.60145568847656
1,sid_calib,full_synthetic,unknown,calib,a8ea91b97799b7b4,jitter02,1,186.85641479492188
1,sid_calib,full_synthetic,unknown,calib,a8ea91b97799b7b4,crop08,1,235.694580078125
1,sid_calib,full_synthetic,unknown,calib,63490eae3cd87074,clean,1,138.7347412109375
1,sid_calib,full_synthetic,unknown,calib,63490eae3cd87074,jpeg90,1,138.71463012695312
1,sid_calib,full_synthetic,unknown,calib,63490eae3cd87074,jpeg70,1,143.0077667236328
1,sid_calib,full_synthetic,unknown,calib,63490eae3cd87074,jpeg50,1,137.95335388183594
1,sid_calib,full_synthetic,unknown,calib,63490eae3cd87074,jpeg30,1,142.64425659179688
1,sid_calib,full_synthetic,unknown,calib,63490eae3cd87074,blur05,1,138.85629272460938
1,sid_calib,full_synthetic,unknown,calib,63490eae3cd87074,blur10,1,138.5372772216797
1,sid_calib,full_synthetic,unknown,calib,63490eae3cd87074,blur20,1,141.87322998046875
1,sid_calib,full_synthetic,unknown,calib,63490eae3cd87074,resize05,1,138.67852783203125
1,sid_calib,full_synthetic,unknown,calib,63490eae3cd87074,resize025,1,141.82546997070312
1,sid_calib,full_synthetic,unknown,calib,63490eae3cd87074,noise002,1,139.24765014648438
1,sid_calib,full_synthetic,unknown,calib,63490eae3cd87074,noise005,1,142.61920166015625
1,sid_calib,full_synthetic,unknown,calib,63490eae3cd87074,noise01,1,141.73434448242188
1,sid_calib,full_synthetic,unknown,calib,63490eae3cd87074,jitter02,1,137.29933166503906
1,sid_calib,full_synthetic,unknown,calib,63490eae3cd87074,crop08,1,172.9097442626953
0,sid_calib,real,unknown,calib,6ee02c5719d6e5a6,clean,1,159.76808166503906
0,sid_calib,real,unknown,calib,6ee02c5719d6e5a6,jpeg90,1,159.44798278808594
0,sid_calib,real,unknown,calib,6ee02c5719d6e5a6,jpeg70,1,158.555419921875
0,sid_calib,real,unknown,calib,6ee02c5719d6e5a6,jpeg50,1,160.3670196533203
0,sid_calib,real,unknown,calib,6ee02c5719d6e5a6,jpeg30,1,158.1175537109375
0,sid_calib,real,unknown,calib,6ee02c5719d6e5a6,blur05,1,159.8553466796875
0,sid_calib,real,unknown,calib,6ee02c5719d6e5a6,blur10,1,159.45652770996094
0,sid_calib,real,unknown,calib,6ee02c5719d6e5a6,blur20,1,164.08181762695312
0,sid_calib,real,unknown,calib,6ee02c5719d6e5a6,resize05,1,159.74664306640625
0,sid_calib,real,unknown,calib,6ee02c5719d6e5a6,resize025,1,161.7074737548828
0,sid_calib,real,unknown,calib,6ee02c5719d6e5a6,noise002,1,161.3977508544922
0,sid_calib,real,unknown,calib,6ee02c5719d6e5a6,noise005,1,160.3560791015625
0,sid_calib,real,unknown,calib,6ee02c5719d6e5a6,noise01,1,160.1865692138672
0,sid_calib,real,unknown,calib,6ee02c5719d6e5a6,jitter02,1,159.77813720703125
0,sid_calib,real,unknown,calib,6ee02c5719d6e5a6,crop08,1,210.9757080078125
0,sid_calib,real,unknown,calib,eefde170f206bcbe,crop08,1,131.8438720703125
1,sid_calib,full_synthetic,unknown,calib,ddaf50dfae9fdfde,crop08,1,72.33086395263672
0,sid_calib,real,unknown,calib,6286be2ff7b722c8,clean,1,78.01978302001953
0,sid_calib,real,unknown,calib,6286be2ff7b722c8,jpeg90,1,78.5528335571289
0,sid_calib,real,unknown,calib,6286be2ff7b722c8,jpeg70,1,78.2637710571289
0,sid_calib,real,unknown,calib,6286be2ff7b722c8,jpeg50,1,77.9195556640625
0,sid_calib,real,unknown,calib,6286be2ff7b722c8,jpeg30,1,75.50162506103516
0,sid_calib,real,unknown,calib,6286be2ff7b722c8,blur05,1,77.82616424560547
0,sid_calib,real,unknown,calib,6286be2ff7b722c8,blur10,1,77.99443817138672
0,sid_calib,real,unknown,calib,6286be2ff7b722c8,blur20,1,76.62574768066406
0,sid_calib,real,unknown,calib,6286be2ff7b722c8,resize05,1,78.10350036621094
0,sid_calib,real,unknown,calib,6286be2ff7b722c8,resize025,1,76.96138763427734
0,sid_calib,real,unknown,calib,6286be2ff7b722c8,noise002,1,78.08610534667969
0,sid_calib,real,unknown,calib,6286be2ff7b722c8,noise005,1,79.83274841308594
0,sid_calib,real,unknown,calib,6286be2ff7b722c8,noise01,1,80.03033447265625
0,sid_calib,real,unknown,calib,6286be2ff7b722c8,jitter02,1,77.12345886230469
0,sid_calib,real,unknown,calib,6286be2ff7b722c8,crop08,1,95.84835052490234
0,sid_calib,real,unknown,calib,88fb97c59ec45e2a,clean,1,89.353515625
0,sid_calib,real,unknown,calib,88fb97c59ec45e2a,jpeg90,1,89.41455841064453
0,sid_calib,real,unknown,calib,88fb97c59ec45e2a,jpeg70,1,89.07908630371094
0,sid_calib,real,unknown,calib,88fb97c59ec45e2a,jpeg50,1,89.25689697265625
0,sid_calib,real,unknown,calib,88fb97c59ec45e2a,jpeg30,1,89.13648986816406
0,sid_calib,real,unknown,calib,88fb97c59ec45e2a,blur05,1,89.00000762939453
0,sid_calib,real,unknown,calib,88fb97c59ec45e2a,blur10,1,88.1795425415039
0,sid_calib,real,unknown,calib,88fb97c59ec45e2a,blur20,1,87.1114501953125
0,sid_calib,real,unknown,calib,88fb97c59ec45e2a,resize05,1,88.63861083984375
0,sid_calib,real,unknown,calib,88fb97c59ec45e2a,resize025,1,91.7343978881836
0,sid_calib,real,unknown,calib,88fb97c59ec45e2a,noise002,1,89.92557525634766
0,sid_calib,real,unknown,calib,88fb97c59ec45e2a,noise005,1,89.41448211669922
0,sid_calib,real,unknown,calib,88fb97c59ec45e2a,noise01,1,87.19525146484375
0,sid_calib,real,unknown,calib,88fb97c59ec45e2a,jitter02,1,91.63634490966797
0,sid_calib,real,unknown,calib,88fb97c59ec45e2a,crop08,1,112.3955307006836
1,sid_calib,full_synthetic,unknown,calib,b71aec200ae4b7d1,clean,1,288.48443603515625
1,sid_calib,full_synthetic,unknown,calib,b71aec200ae4b7d1,jpeg90,1,287.9355163574219
1,sid_calib,full_synthetic,unknown,calib,b71aec200ae4b7d1,jpeg70,1,288.08636474609375
1,sid_calib,full_synthetic,unknown,calib,b71aec200ae4b7d1,jpeg50,1,284.8321838378906
1,sid_calib,full_synthetic,unknown,calib,b71aec200ae4b7d1,jpeg30,1,287.068115234375
1,sid_calib,full_synthetic,unknown,calib,b71aec200ae4b7d1,blur05,1,287.98175048828125
1,sid_calib,full_synthetic,unknown,calib,b71aec200ae4b7d1,blur10,1,287.693359375
1,sid_calib,full_synthetic,unknown,calib,b71aec200ae4b7d1,blur20,1,287.62664794921875
1,sid_calib,full_synthetic,unknown,calib,b71aec200ae4b7d1,resize05,1,287.3522033691406
1,sid_calib,full_synthetic,unknown,calib,b71aec200ae4b7d1,resize025,1,288.13153076171875
1,sid_calib,full_synthetic,unknown,calib,b71aec200ae4b7d1,noise002,1,287.59417724609375
1,sid_calib,full_synthetic,unknown,calib,b71aec200ae4b7d1,noise005,1,290.2049560546875
1,sid_calib,full_synthetic,unknown,calib,b71aec200ae4b7d1,noise01,1,296.0764465332031
1,sid_calib,full_synthetic,unknown,calib,b71aec200ae4b7d1,jitter02,1,294.12298583984375
1,sid_calib,full_synthetic,unknown,calib,b71aec200ae4b7d1,crop08,1,373.0644836425781
1,sid_calib,full_synthetic,unknown,calib,2d3dfa3245d9d06a,clean,1,127.84625244140625
1,sid_calib,full_synthetic,unknown,calib,2d3dfa3245d9d06a,jpeg90,1,128.1707763671875
1,sid_calib,full_synthetic,unknown,calib,2d3dfa3245d9d06a,jpeg70,1,127.35651397705078
1,sid_calib,full_synthetic,unknown,calib,2d3dfa3245d9d06a,jpeg50,1,127.18952941894531
1,sid_calib,full_synthetic,unknown,calib,2d3dfa3245d9d06a,jpeg30,1,127.40027618408203
1,sid_calib,full_synthetic,unknown,calib,2d3dfa3245d9d06a,blur05,1,127.55561065673828
1,sid_calib,full_synthetic,unknown,calib,2d3dfa3245d9d06a,blur10,1,127.72648620605469
1,sid_calib,full_synthetic,unknown,calib,2d3dfa3245d9d06a,blur20,1,128.70973205566406
1,sid_calib,full_synthetic,unknown,calib,2d3dfa3245d9d06a,resize05,1,127.82244873046875
1,sid_calib,full_synthetic,unknown,calib,2d3dfa3245d9d06a,resize025,1,127.9712905883789
1,sid_calib,full_synthetic,unknown,calib,2d3dfa3245d9d06a,noise002,1,127.91754150390625
1,sid_calib,full_synthetic,unknown,calib,2d3dfa3245d9d06a,noise005,1,125.23829650878906
1,sid_calib,full_synthetic,unknown,calib,2d3dfa3245d9d06a,noise01,1,122.96566009521484
1,sid_calib,full_synthetic,unknown,calib,2d3dfa3245d9d06a,jitter02,1,128.05674743652344
1,sid_calib,full_synthetic,unknown,calib,2d3dfa3245d9d06a,crop08,1,148.66502380371094
0,sid_calib,real,unknown,calib,1e4ee77d9b316d86,clean,1,207.78016662597656
0,sid_calib,real,unknown,calib,1e4ee77d9b316d86,jpeg90,1,208.15977478027344
0,sid_calib,real,unknown,calib,1e4ee77d9b316d86,jpeg70,1,208.20315551757812
0,sid_calib,real,unknown,calib,1e4ee77d9b316d86,jpeg50,1,209.03500366210938
0,sid_calib,real,unknown,calib,1e4ee77d9b316d86,jpeg30,1,208.1251678466797
0,sid_calib,real,unknown,calib,1e4ee77d9b316d86,blur05,1,207.64955139160156
0,sid_calib,real,unknown,calib,1e4ee77d9b316d86,blur10,1,207.31741333007812
0,sid_calib,real,unknown,calib,1e4ee77d9b316d86,blur20,1,206.11572265625
0,sid_calib,real,unknown,calib,1e4ee77d9b316d86,resize05,1,207.9917755126953
0,sid_calib,real,unknown,calib,1e4ee77d9b316d86,resize025,1,206.42991638183594
0,sid_calib,real,unknown,calib,1e4ee77d9b316d86,noise002,1,207.4132080078125
0,sid_calib,real,unknown,calib,1e4ee77d9b316d86,noise005,1,212.89892578125
0,sid_calib,real,unknown,calib,1e4ee77d9b316d86,noise01,1,214.91238403320312
0,sid_calib,real,unknown,calib,1e4ee77d9b316d86,jitter02,1,207.9991455078125
0,sid_calib,real,unknown,calib,1e4ee77d9b316d86,crop08,1,244.73776245117188
0,sid_calib,real,unknown,calib,4bdf7048daf89269,clean,1,92.23001098632812
0,sid_calib,real,unknown,calib,4bdf7048daf89269,jpeg90,1,92.4521484375
0,sid_calib,real,unknown,calib,4bdf7048daf89269,jpeg70,1,92.32184600830078
0,sid_calib,real,unknown,calib,4bdf7048daf89269,jpeg50,1,92.0506820678711
0,sid_calib,real,unknown,calib,4bdf7048daf89269,jpeg30,1,92.1616439819336
0,sid_calib,real,unknown,calib,4bdf7048daf89269,blur05,1,92.75885772705078
0,sid_calib,real,unknown,calib,4bdf7048daf89269,blur10,1,94.13174438476562
0,sid_calib,real,unknown,calib,4bdf7048daf89269,blur20,1,96.67852020263672
0,sid_calib,real,unknown,calib,4bdf7048daf89269,resize05,1,93.6533432006836
0,sid_calib,real,unknown,calib,4bdf7048daf89269,resize025,1,97.3150634765625
0,sid_calib,real,unknown,calib,4bdf7048daf89269,noise002,1,91.38886260986328
0,sid_calib,real,unknown,calib,4bdf7048daf89269,noise005,1,89.49980926513672
0,sid_calib,real,unknown,calib,4bdf7048daf89269,noise01,1,90.7661361694336
0,sid_calib,real,unknown,calib,4bdf7048daf89269,jitter02,1,91.25591278076172
0,sid_calib,real,unknown,calib,4bdf7048daf89269,crop08,1,114.33714294433594
1,sid_calib,full_synthetic,unknown,calib,811fea4cd577c87a,crop08,1,68.65019226074219
0,sid_calib,real,unknown,calib,205288e36a7c4277,clean,1,100.4716567993164
0,sid_calib,real,unknown,calib,205288e36a7c4277,jpeg90,1,98.83682250976562
0,sid_calib,real,unknown,calib,205288e36a7c4277,jpeg70,1,100.77203369140625
0,sid_calib,real,unknown,calib,205288e36a7c4277,jpeg50,1,101.77980041503906
0,sid_calib,real,unknown,calib,205288e36a7c4277,jpeg30,1,101.15185546875
0,sid_calib,real,unknown,calib,205288e36a7c4277,blur05,1,99.98634338378906
0,sid_calib,real,unknown,calib,205288e36a7c4277,blur10,1,101.72779846191406
0,sid_calib,real,unknown,calib,205288e36a7c4277,resize05,1,100.08308410644531
0,sid_calib,real,unknown,calib,205288e36a7c4277,noise002,1,99.77288055419922
0,sid_calib,real,unknown,calib,205288e36a7c4277,noise005,1,100.57320404052734
0,sid_calib,real,unknown,calib,205288e36a7c4277,noise01,1,97.7332992553711
0,sid_calib,real,unknown,calib,205288e36a7c4277,jitter02,1,99.40795135498047
0,sid_calib,real,unknown,calib,205288e36a7c4277,crop08,1,96.60647583007812
1,sid_calib,full_synthetic,unknown,calib,82f37a3cdc6d0828,clean,1,198.8388214111328
1,sid_calib,full_synthetic,unknown,calib,82f37a3cdc6d0828,jpeg90,1,198.76124572753906
1,sid_calib,full_synthetic,unknown,calib,82f37a3cdc6d0828,jpeg70,1,198.7471466064453
1,sid_calib,full_synthetic,unknown,calib,82f37a3cdc6d0828,jpeg50,1,200.1717529296875
1,sid_calib,full_synthetic,unknown,calib,82f37a3cdc6d0828,jpeg30,1,200.01756286621094
1,sid_calib,full_synthetic,unknown,calib,82f37a3cdc6d0828,blur05,1,198.59701538085938
1,sid_calib,full_synthetic,unknown,calib,82f37a3cdc6d0828,blur10,1,198.25320434570312
1,sid_calib,full_synthetic,unknown,calib,82f37a3cdc6d0828,blur20,1,197.678466796875
1,sid_calib,full_synthetic,unknown,calib,82f37a3cdc6d0828,resize05,1,199.05691528320312
1,sid_calib,full_synthetic,unknown,calib,82f37a3cdc6d0828,resize025,1,199.37803649902344
1,sid_calib,full_synthetic,unknown,calib,82f37a3cdc6d0828,noise002,1,198.737060546875
1,sid_calib,full_synthetic,unknown,calib,82f37a3cdc6d0828,noise005,1,202.7568817138672
1,sid_calib,full_synthetic,unknown,calib,82f37a3cdc6d0828,noise01,1,201.11782836914062
1,sid_calib,full_synthetic,unknown,calib,82f37a3cdc6d0828,jitter02,1,197.921630859375
1,sid_calib,full_synthetic,unknown,calib,82f37a3cdc6d0828,crop08,1,268.4869384765625
1,sid_calib,full_synthetic,unknown,calib,5f5f1526fd36008a,clean,1,93.87393951416016
1,sid_calib,full_synthetic,unknown,calib,5f5f1526fd36008a,jpeg90,1,93.59272003173828
1,sid_calib,full_synthetic,unknown,calib,5f5f1526fd36008a,jpeg70,1,92.8530502319336
1,sid_calib,full_synthetic,unknown,calib,5f5f1526fd36008a,jpeg50,1,94.41197204589844
1,sid_calib,full_synthetic,unknown,calib,5f5f1526fd36008a,jpeg30,1,93.43748474121094
1,sid_calib,full_synthetic,unknown,calib,5f5f1526fd36008a,blur05,1,93.58895874023438
1,sid_calib,full_synthetic,unknown,calib,5f5f1526fd36008a,blur10,1,92.78523254394531
1,sid_calib,full_synthetic,unknown,calib,5f5f1526fd36008a,blur20,1,92.02819061279297
1,sid_calib,full_synthetic,unknown,calib,5f5f1526fd36008a,resize05,1,93.36894989013672
1,sid_calib,full_synthetic,unknown,calib,5f5f1526fd36008a,resize025,1,92.37309265136719
1,sid_calib,full_synthetic,unknown,calib,5f5f1526fd36008a,noise002,1,93.68463134765625
1,sid_calib,full_synthetic,unknown,calib,5f5f1526fd36008a,noise005,1,91.78816986083984
1,sid_calib,full_synthetic,unknown,calib,5f5f1526fd36008a,noise01,1,91.13432312011719
1,sid_calib,full_synthetic,unknown,calib,5f5f1526fd36008a,jitter02,1,93.50372314453125
1,sid_calib,full_synthetic,unknown,calib,5f5f1526fd36008a,crop08,1,120.95407104492188
0,sid_calib,real,unknown,calib,1b525d785107d2b1,jpeg90,1,64.30196380615234
0,sid_calib,real,unknown,calib,1b525d785107d2b1,jpeg50,1,64.44001007080078
0,sid_calib,real,unknown,calib,1b525d785107d2b1,blur05,1,64.38373565673828
0,sid_calib,real,unknown,calib,1b525d785107d2b1,blur10,1,65.77708435058594
0,sid_calib,real,unknown,calib,1b525d785107d2b1,blur20,1,67.98918151855469
0,sid_calib,real,unknown,calib,1b525d785107d2b1,resize05,1,64.7534408569336
0,sid_calib,real,unknown,calib,1b525d785107d2b1,resize025,1,67.23946380615234
0,sid_calib,real,unknown,calib,1b525d785107d2b1,crop08,1,80.01075744628906
1,sid_calib,full_synthetic,unknown,calib,992776b932c7b95c,clean,1,183.8348846435547
1,sid_calib,full_synthetic,unknown,calib,992776b932c7b95c,jpeg90,1,183.75003051757812
1,sid_calib,full_synthetic,unknown,calib,992776b932c7b95c,jpeg70,1,184.16481018066406
1,sid_calib,full_synthetic,unknown,calib,992776b932c7b95c,jpeg50,1,185.13536071777344
1,sid_calib,full_synthetic,unknown,calib,992776b932c7b95c,jpeg30,1,183.92630004882812
1,sid_calib,full_synthetic,unknown,calib,992776b932c7b95c,blur05,1,183.82252502441406
1,sid_calib,full_synthetic,unknown,calib,992776b932c7b95c,blur10,1,183.24522399902344
1,sid_calib,full_synthetic,unknown,calib,992776b932c7b95c,blur20,1,183.4547576904297
1,sid_calib,full_synthetic,unknown,calib,992776b932c7b95c,resize05,1,183.86456298828125
1,sid_calib,full_synthetic,unknown,calib,992776b932c7b95c,resize025,1,183.96543884277344
1,sid_calib,full_synthetic,unknown,calib,992776b932c7b95c,noise002,1,184.36856079101562
1,sid_calib,full_synthetic,unknown,calib,992776b932c7b95c,noise005,1,185.77969360351562
1,sid_calib,full_synthetic,unknown,calib,992776b932c7b95c,noise01,1,187.65859985351562
1,sid_calib,full_synthetic,unknown,calib,992776b932c7b95c,jitter02,1,184.5867156982422
1,sid_calib,full_synthetic,unknown,calib,992776b932c7b95c,crop08,1,233.45013427734375
1,sid_calib,full_synthetic,unknown,calib,4657dfe8cdc9a760,clean,1,134.8883056640625
1,sid_calib,full_synthetic,unknown,calib,4657dfe8cdc9a760,jpeg90,1,134.84364318847656
1,sid_calib,full_synthetic,unknown,calib,4657dfe8cdc9a760,jpeg70,1,134.13626098632812
1,sid_calib,full_synthetic,unknown,calib,4657dfe8cdc9a760,jpeg50,1,132.65322875976562
1,sid_calib,full_synthetic,unknown,calib,4657dfe8cdc9a760,jpeg30,1,135.52496337890625
1,sid_calib,full_synthetic,unknown,calib,4657dfe8cdc9a760,blur05,1,134.31057739257812
1,sid_calib,full_synthetic,unknown,calib,4657dfe8cdc9a760,blur10,1,131.78843688964844
1,sid_calib,full_synthetic,unknown,calib,4657dfe8cdc9a760,blur20,1,129.1945037841797
1,sid_calib,full_synthetic,unknown,calib,4657dfe8cdc9a760,resize05,1,133.80819702148438
1,sid_calib,full_synthetic,unknown,calib,4657dfe8cdc9a760,resize025,1,131.15689086914062
1,sid_calib,full_synthetic,unknown,calib,4657dfe8cdc9a760,noise002,1,134.42852783203125
1,sid_calib,full_synthetic,unknown,calib,4657dfe8cdc9a760,noise005,1,135.82662963867188
1,sid_calib,full_synthetic,unknown,calib,4657dfe8cdc9a760,noise01,1,135.97544860839844
1,sid_calib,full_synthetic,unknown,calib,4657dfe8cdc9a760,jitter02,1,135.4982147216797
1,sid_calib,full_synthetic,unknown,calib,4657dfe8cdc9a760,crop08,1,185.08782958984375
0,sid_calib,real,unknown,calib,15f31778b3a9a62a,clean,1,92.8353500366211
0,sid_calib,real,unknown,calib,15f31778b3a9a62a,jpeg90,1,92.56498718261719
0,sid_calib,real,unknown,calib,15f31778b3a9a62a,jpeg70,1,92.19230651855469
0,sid_calib,real,unknown,calib,15f31778b3a9a62a,jpeg50,1,91.44790649414062
0,sid_calib,real,unknown,calib,15f31778b3a9a62a,jpeg30,1,92.90267181396484
0,sid_calib,real,unknown,calib,15f31778b3a9a62a,blur05,1,93.08484649658203
0,sid_calib,real,unknown,calib,15f31778b3a9a62a,blur10,1,93.43000793457031
0,sid_calib,real,unknown,calib,15f31778b3a9a62a,resize05,1,92.87354278564453
0,sid_calib,real,unknown,calib,15f31778b3a9a62a,noise002,1,93.07041931152344
0,sid_calib,real,unknown,calib,15f31778b3a9a62a,noise005,1,90.2606201171875
0,sid_calib,real,unknown,calib,15f31778b3a9a62a,jitter02,1,92.66731262207031
1,sid_calib,full_synthetic,unknown,calib,247b7648a7332549,clean,1,67.4749984741211
1,sid_calib,full_synthetic,unknown,calib,247b7648a7332549,jpeg90,1,67.46399688720703
1,sid_calib,full_synthetic,unknown,calib,247b7648a7332549,jpeg70,1,67.21180725097656
1,sid_calib,full_synthetic,unknown,calib,247b7648a7332549,jpeg50,1,71.6773452758789
1,sid_calib,full_synthetic,unknown,calib,247b7648a7332549,jpeg30,1,67.44499206542969
1,sid_calib,full_synthetic,unknown,calib,247b7648a7332549,blur05,1,67.4495620727539
1,sid_calib,full_synthetic,unknown,calib,247b7648a7332549,blur10,1,67.48233032226562
1,sid_calib,full_synthetic,unknown,calib,247b7648a7332549,blur20,1,66.857177734375
1,sid_calib,full_synthetic,unknown,calib,247b7648a7332549,resize05,1,67.47367095947266
1,sid_calib,full_synthetic,unknown,calib,247b7648a7332549,resize025,1,66.91558837890625
1,sid_calib,full_synthetic,unknown,calib,247b7648a7332549,noise002,1,67.35993957519531
1,sid_calib,full_synthetic,unknown,calib,247b7648a7332549,noise005,1,71.04325103759766
1,sid_calib,full_synthetic,unknown,calib,247b7648a7332549,noise01,1,73.69949340820312
1,sid_calib,full_synthetic,unknown,calib,247b7648a7332549,jitter02,1,67.43194580078125
1,sid_calib,full_synthetic,unknown,calib,247b7648a7332549,crop08,1,83.88794708251953
0,sid_calib,real,unknown,calib,80e398aa11e7f7a3,clean,1,81.77606964111328
0,sid_calib,real,unknown,calib,80e398aa11e7f7a3,jpeg90,1,81.85261535644531
0,sid_calib,real,unknown,calib,80e398aa11e7f7a3,jpeg70,1,81.08065032958984
0,sid_calib,real,unknown,calib,80e398aa11e7f7a3,jpeg50,1,81.37266540527344
0,sid_calib,real,unknown,calib,80e398aa11e7f7a3,jpeg30,1,81.33387756347656
0,sid_calib,real,unknown,calib,80e398aa11e7f7a3,blur05,1,81.93130493164062
0,sid_calib,real,unknown,calib,80e398aa11e7f7a3,blur10,1,81.83656311035156
0,sid_calib,real,unknown,calib,80e398aa11e7f7a3,blur20,1,83.07105255126953
0,sid_calib,real,unknown,calib,80e398aa11e7f7a3,resize05,1,81.97650909423828
0,sid_calib,real,unknown,calib,80e398aa11e7f7a3,resize025,1,82.44664001464844
0,sid_calib,real,unknown,calib,80e398aa11e7f7a3,noise002,1,81.70158386230469
0,sid_calib,real,unknown,calib,80e398aa11e7f7a3,noise005,1,81.7386245727539
0,sid_calib,real,unknown,calib,80e398aa11e7f7a3,noise01,1,80.50968170166016
0,sid_calib,real,unknown,calib,80e398aa11e7f7a3,jitter02,1,81.5070571899414
0,sid_calib,real,unknown,calib,80e398aa11e7f7a3,crop08,1,85.2130126953125
0,sid_calib,real,unknown,calib,fddf8229a9d079fd,clean,1,106.39076232910156
0,sid_calib,real,unknown,calib,fddf8229a9d079fd,jpeg90,1,106.36494445800781
0,sid_calib,real,unknown,calib,fddf8229a9d079fd,jpeg70,1,106.91881561279297
0,sid_calib,real,unknown,calib,fddf8229a9d079fd,jpeg50,1,102.1639633178711
0,sid_calib,real,unknown,calib,fddf8229a9d079fd,jpeg30,1,103.7403564453125
0,sid_calib,real,unknown,calib,fddf8229a9d079fd,blur05,1,104.39051818847656
0,sid_calib,real,unknown,calib,fddf8229a9d079fd,blur10,1,104.85183715820312
0,sid_calib,real,unknown,calib,fddf8229a9d079fd,blur20,1,103.9244155883789
0,sid_calib,real,unknown,calib,fddf8229a9d079fd,resize05,1,104.46121215820312
0,sid_calib,real,unknown,calib,fddf8229a9d079fd,resize025,1,103.4035873413086
0,sid_calib,real,unknown,calib,fddf8229a9d079fd,noise002,1,103.73699188232422
0,sid_calib,real,unknown,calib,fddf8229a9d079fd,noise005,1,107.5826187133789
0,sid_calib,real,unknown,calib,fddf8229a9d079fd,jitter02,1,104.36485290527344
0,sid_calib,real,unknown,calib,fddf8229a9d079fd,crop08,1,124.56214904785156
1,sid_calib,full_synthetic,unknown,calib,1bee5b73158535a5,clean,1,280.7157897949219
1,sid_calib,full_synthetic,unknown,calib,1bee5b73158535a5,jpeg90,1,281.1502685546875
1,sid_calib,full_synthetic,unknown,calib,1bee5b73158535a5,jpeg70,1,280.98248291015625
1,sid_calib,full_synthetic,unknown,calib,1bee5b73158535a5,jpeg50,1,281.2363586425781
1,sid_calib,full_synthetic,unknown,calib,1bee5b73158535a5,jpeg30,1,282.1587829589844
1,sid_calib,full_synthetic,unknown,calib,1bee5b73158535a5,blur05,1,280.97900390625
1,sid_calib,full_synthetic,unknown,calib,1bee5b73158535a5,blur10,1,281.3905334472656
1,sid_calib,full_synthetic,unknown,calib,1bee5b73158535a5,blur20,1,283.0014343261719
1,sid_calib,full_synthetic,unknown,calib,1bee5b73158535a5,resize05,1,281.2311096191406
1,sid_calib,full_synthetic,unknown,calib,1bee5b73158535a5,resize025,1,282.43157958984375
1,sid_calib,full_synthetic,unknown,calib,1bee5b73158535a5,noise002,1,283.36334228515625
1,sid_calib,full_synthetic,unknown,calib,1bee5b73158535a5,noise005,1,284.865966796875
1,sid_calib,full_synthetic,unknown,calib,1bee5b73158535a5,noise01,1,287.86767578125
1,sid_calib,full_synthetic,unknown,calib,1bee5b73158535a5,jitter02,1,279.63720703125
1,sid_calib,full_synthetic,unknown,calib,1bee5b73158535a5,crop08,1,340.63275146484375
0,sid_calib,real,unknown,calib,8942cd81366dc52b,clean,1,77.65133666992188
0,sid_calib,real,unknown,calib,8942cd81366dc52b,jpeg90,1,77.39398193359375
0,sid_calib,real,unknown,calib,8942cd81366dc52b,jpeg70,1,77.71986389160156
0,sid_calib,real,unknown,calib,8942cd81366dc52b,jpeg50,1,77.43849182128906
0,sid_calib,real,unknown,calib,8942cd81366dc52b,jpeg30,1,77.05270385742188
0,sid_calib,real,unknown,calib,8942cd81366dc52b,blur05,1,77.25150299072266
0,sid_calib,real,unknown,calib,8942cd81366dc52b,blur10,1,74.44131469726562
0,sid_calib,real,unknown,calib,8942cd81366dc52b,blur20,1,74.1058578491211
0,sid_calib,real,unknown,calib,8942cd81366dc52b,resize05,1,77.20571899414062
0,sid_calib,real,unknown,calib,8942cd81366dc52b,resize025,1,73.82505798339844
0,sid_calib,real,unknown,calib,8942cd81366dc52b,noise002,1,77.51551818847656
0,sid_calib,real,unknown,calib,8942cd81366dc52b,noise005,1,77.22007751464844
0,sid_calib,real,unknown,calib,8942cd81366dc52b,noise01,1,76.46522521972656
0,sid_calib,real,unknown,calib,8942cd81366dc52b,jitter02,1,77.274658203125
0,sid_calib,real,unknown,calib,8942cd81366dc52b,crop08,1,91.39549255371094
1,sid_calib,full_synthetic,unknown,calib,2795ac22ade10662,clean,1,139.2560577392578
1,sid_calib,full_synthetic,unknown,calib,2795ac22ade10662,jpeg90,1,139.1583709716797
1,sid_calib,full_synthetic,unknown,calib,2795ac22ade10662,jpeg70,1,139.96690368652344
1,sid_calib,full_synthetic,unknown,calib,2795ac22ade10662,jpeg50,1,139.86712646484375
1,sid_calib,full_synthetic,unknown,calib,2795ac22ade10662,jpeg30,1,140.55177307128906
1,sid_calib,full_synthetic,unknown,calib,2795ac22ade10662,blur05,1,139.45071411132812
1,sid_calib,full_synthetic,unknown,calib,2795ac22ade10662,blur10,1,140.58885192871094
1,sid_calib,full_synthetic,unknown,calib,2795ac22ade10662,blur20,1,140.54336547851562
1,sid_calib,full_synthetic,unknown,calib,2795ac22ade10662,resize05,1,140.02682495117188
1,sid_calib,full_synthetic,unknown,calib,2795ac22ade10662,resize025,1,140.28826904296875
1,sid_calib,full_synthetic,unknown,calib,2795ac22ade10662,noise002,1,144.2830047607422
1,sid_calib,full_synthetic,unknown,calib,2795ac22ade10662,noise005,1,144.8683319091797
1,sid_calib,full_synthetic,unknown,calib,2795ac22ade10662,noise01,1,145.36697387695312
1,sid_calib,full_synthetic,unknown,calib,2795ac22ade10662,jitter02,1,143.49928283691406
1,sid_calib,full_synthetic,unknown,calib,2795ac22ade10662,crop08,1,181.18972778320312
0,sid_calib,real,unknown,calib,d5ee04b341fbce2f,clean,1,68.49170684814453
0,sid_calib,real,unknown,calib,d5ee04b341fbce2f,jpeg90,1,68.2149429321289
0,sid_calib,real,unknown,calib,d5ee04b341fbce2f,jpeg70,1,68.7615737915039
0,sid_calib,real,unknown,calib,d5ee04b341fbce2f,jpeg50,1,68.69021606445312
0,sid_calib,real,unknown,calib,d5ee04b341fbce2f,jpeg30,1,68.77442169189453
0,sid_calib,real,unknown,calib,d5ee04b341fbce2f,blur05,1,68.60594940185547
0,sid_calib,real,unknown,calib,d5ee04b341fbce2f,blur10,1,68.96437072753906
0,sid_calib,real,unknown,calib,d5ee04b341fbce2f,blur20,1,70.35504913330078
0,sid_calib,real,unknown,calib,d5ee04b341fbce2f,resize05,1,68.63031005859375
0,sid_calib,real,unknown,calib,d5ee04b341fbce2f,resize025,1,70.57701110839844
0,sid_calib,real,unknown,calib,d5ee04b341fbce2f,noise002,1,68.33675384521484
0,sid_calib,real,unknown,calib,d5ee04b341fbce2f,noise005,1,69.3479232788086
0,sid_calib,real,unknown,calib,d5ee04b341fbce2f,jitter02,1,68.25552368164062
0,sid_calib,real,unknown,calib,d5ee04b341fbce2f,crop08,1,93.01942443847656
0,sid_calib,real,unknown,calib,7909ed4089092f54,clean,1,120.4640121459961
0,sid_calib,real,unknown,calib,7909ed4089092f54,jpeg90,1,120.5378189086914
0,sid_calib,real,unknown,calib,7909ed4089092f54,jpeg70,1,120.59890747070312
0,sid_calib,real,unknown,calib,7909ed4089092f54,jpeg50,1,119.99946594238281
0,sid_calib,real,unknown,calib,7909ed4089092f54,jpeg30,1,119.750244140625
0,sid_calib,real,unknown,calib,7909ed4089092f54,blur05,1,120.33506774902344
0,sid_calib,real,unknown,calib,7909ed4089092f54,blur10,1,120.58329010009766
0,sid_calib,real,unknown,calib,7909ed4089092f54,blur20,1,120.77808380126953
0,sid_calib,real,unknown,calib,7909ed4089092f54,resize05,1,120.62010192871094
0,sid_calib,real,unknown,calib,7909ed4089092f54,resize025,1,120.98414611816406
0,sid_calib,real,unknown,calib,7909ed4089092f54,noise002,1,120.01305389404297
0,sid_calib,real,unknown,calib,7909ed4089092f54,noise005,1,117.53624725341797
0,sid_calib,real,unknown,calib,7909ed4089092f54,jitter02,1,120.85565185546875
0,sid_calib,real,unknown,calib,7909ed4089092f54,crop08,1,156.14317321777344
1,sid_calib,full_synthetic,unknown,calib,8bdd286dbe3c2bae,clean,1,69.21129608154297
1,sid_calib,full_synthetic,unknown,calib,8bdd286dbe3c2bae,jpeg90,1,69.4238052368164
1,sid_calib,full_synthetic,unknown,calib,8bdd286dbe3c2bae,jpeg70,1,68.91999053955078
1,sid_calib,full_synthetic,unknown,calib,8bdd286dbe3c2bae,jpeg50,1,69.11703491210938
1,sid_calib,full_synthetic,unknown,calib,8bdd286dbe3c2bae,jpeg30,1,69.07649230957031
1,sid_calib,full_synthetic,unknown,calib,8bdd286dbe3c2bae,blur05,1,69.10211944580078
1,sid_calib,full_synthetic,unknown,calib,8bdd286dbe3c2bae,blur10,1,68.94266510009766
1,sid_calib,full_synthetic,unknown,calib,8bdd286dbe3c2bae,blur20,1,69.06623077392578
1,sid_calib,full_synthetic,unknown,calib,8bdd286dbe3c2bae,resize05,1,69.02458190917969
1,sid_calib,full_synthetic,unknown,calib,8bdd286dbe3c2bae,resize025,1,68.58104705810547
1,sid_calib,full_synthetic,unknown,calib,8bdd286dbe3c2bae,noise002,1,68.95313262939453
1,sid_calib,full_synthetic,unknown,calib,8bdd286dbe3c2bae,noise005,1,68.44645690917969
1,sid_calib,full_synthetic,unknown,calib,8bdd286dbe3c2bae,noise01,1,69.45945739746094
1,sid_calib,full_synthetic,unknown,calib,8bdd286dbe3c2bae,jitter02,1,68.84681701660156
1,sid_calib,full_synthetic,unknown,calib,8bdd286dbe3c2bae,crop08,1,89.4255599975586
0,sid_calib,real,unknown,calib,009e9c883cf8fbe4,clean,1,88.28421020507812
0,sid_calib,real,unknown,calib,009e9c883cf8fbe4,jpeg90,1,84.68585968017578
0,sid_calib,real,unknown,calib,009e9c883cf8fbe4,jpeg70,1,84.33995056152344
0,sid_calib,real,unknown,calib,009e9c883cf8fbe4,jpeg50,1,89.24604034423828
0,sid_calib,real,unknown,calib,009e9c883cf8fbe4,jpeg30,1,88.40272521972656
0,sid_calib,real,unknown,calib,009e9c883cf8fbe4,blur05,1,88.34498596191406
0,sid_calib,real,unknown,calib,009e9c883cf8fbe4,blur10,1,84.79000854492188
0,sid_calib,real,unknown,calib,009e9c883cf8fbe4,blur20,1,86.73495483398438
0,sid_calib,real,unknown,calib,009e9c883cf8fbe4,resize05,1,88.41487121582031
0,sid_calib,real,unknown,calib,009e9c883cf8fbe4,resize025,1,85.20875549316406
0,sid_calib,real,unknown,calib,009e9c883cf8fbe4,noise002,1,88.76100158691406
0,sid_calib,real,unknown,calib,009e9c883cf8fbe4,noise005,1,89.57816314697266
0,sid_calib,real,unknown,calib,009e9c883cf8fbe4,noise01,1,89.11131286621094
0,sid_calib,real,unknown,calib,009e9c883cf8fbe4,jitter02,1,85.0617904663086
0,sid_calib,real,unknown,calib,009e9c883cf8fbe4,crop08,1,106.4498062133789
0,sid_calib,real,unknown,calib,9a8377e581b2f4ab,jpeg50,1,64.70488739013672
0,sid_calib,real,unknown,calib,9a8377e581b2f4ab,jpeg30,1,64.20663452148438
0,sid_calib,real,unknown,calib,9a8377e581b2f4ab,noise005,1,64.42447662353516
0,sid_calib,real,unknown,calib,9a8377e581b2f4ab,crop08,1,75.26405334472656
1,sid_calib,full_synthetic,unknown,calib,336f4154466475c1,clean,1,191.27978515625
1,sid_calib,full_synthetic,unknown,calib,336f4154466475c1,jpeg90,1,192.01075744628906
1,sid_calib,full_synthetic,unknown,calib,336f4154466475c1,jpeg70,1,191.72360229492188
1,sid_calib,full_synthetic,unknown,calib,336f4154466475c1,jpeg50,1,192.57977294921875
1,sid_calib,full_synthetic,unknown,calib,336f4154466475c1,jpeg30,1,191.00466918945312
1,sid_calib,full_synthetic,unknown,calib,336f4154466475c1,blur05,1,191.21099853515625
1,sid_calib,full_synthetic,unknown,calib,336f4154466475c1,blur10,1,191.11610412597656
1,sid_calib,full_synthetic,unknown,calib,336f4154466475c1,blur20,1,191.4010009765625
1,sid_calib,full_synthetic,unknown,calib,336f4154466475c1,resize05,1,191.24781799316406
1,sid_calib,full_synthetic,unknown,calib,336f4154466475c1,resize025,1,190.70164489746094
1,sid_calib,full_synthetic,unknown,calib,336f4154466475c1,noise002,1,192.81007385253906
1,sid_calib,full_synthetic,unknown,calib,336f4154466475c1,noise005,1,194.9794464111328
1,sid_calib,full_synthetic,unknown,calib,336f4154466475c1,noise01,1,203.37850952148438
1,sid_calib,full_synthetic,unknown,calib,336f4154466475c1,jitter02,1,192.12521362304688
1,sid_calib,full_synthetic,unknown,calib,336f4154466475c1,crop08,1,234.5425567626953
1,sid_calib,full_synthetic,unknown,calib,d8abd42a1d7f471e,clean,1,184.18392944335938
1,sid_calib,full_synthetic,unknown,calib,d8abd42a1d7f471e,jpeg90,1,184.04672241210938
1,sid_calib,full_synthetic,unknown,calib,d8abd42a1d7f471e,jpeg70,1,184.02011108398438
1,sid_calib,full_synthetic,unknown,calib,d8abd42a1d7f471e,jpeg50,1,184.65780639648438
1,sid_calib,full_synthetic,unknown,calib,d8abd42a1d7f471e,jpeg30,1,180.8029022216797
1,sid_calib,full_synthetic,unknown,calib,d8abd42a1d7f471e,blur05,1,184.21469116210938
1,sid_calib,full_synthetic,unknown,calib,d8abd42a1d7f471e,blur10,1,185.28115844726562
1,sid_calib,full_synthetic,unknown,calib,d8abd42a1d7f471e,blur20,1,184.6560516357422
1,sid_calib,full_synthetic,unknown,calib,d8abd42a1d7f471e,resize05,1,184.61114501953125
1,sid_calib,full_synthetic,unknown,calib,d8abd42a1d7f471e,resize025,1,186.2018280029297
1,sid_calib,full_synthetic,unknown,calib,d8abd42a1d7f471e,noise002,1,180.5528106689453
1,sid_calib,full_synthetic,unknown,calib,d8abd42a1d7f471e,noise005,1,180.81886291503906
1,sid_calib,full_synthetic,unknown,calib,d8abd42a1d7f471e,noise01,1,175.33421325683594
1,sid_calib,full_synthetic,unknown,calib,d8abd42a1d7f471e,jitter02,1,184.04129028320312
1,sid_calib,full_synthetic,unknown,calib,d8abd42a1d7f471e,crop08,1,225.86825561523438
1,sid_calib,full_synthetic,unknown,calib,6694e90e9151af5f,clean,1,79.11238098144531
1,sid_calib,full_synthetic,unknown,calib,6694e90e9151af5f,jpeg90,1,79.43526458740234
1,sid_calib,full_synthetic,unknown,calib,6694e90e9151af5f,jpeg70,1,78.22344970703125
1,sid_calib,full_synthetic,unknown,calib,6694e90e9151af5f,jpeg50,1,79.5390625
1,sid_calib,full_synthetic,unknown,calib,6694e90e9151af5f,jpeg30,1,79.82328033447266
1,sid_calib,full_synthetic,unknown,calib,6694e90e9151af5f,blur05,1,79.05200958251953
1,sid_calib,full_synthetic,unknown,calib,6694e90e9151af5f,blur10,1,78.3655014038086
1,sid_calib,full_synthetic,unknown,calib,6694e90e9151af5f,resize05,1,79.11341857910156
1,sid_calib,full_synthetic,unknown,calib,6694e90e9151af5f,noise002,1,78.29891204833984
1,sid_calib,full_synthetic,unknown,calib,6694e90e9151af5f,jitter02,1,78.28723907470703
0,sid_calib,real,unknown,calib,3f1e9a6c8cfbc407,clean,1,95.7822494506836
0,sid_calib,real,unknown,calib,3f1e9a6c8cfbc407,jpeg90,1,95.69347381591797
0,sid_calib,real,unknown,calib,3f1e9a6c8cfbc407,jpeg70,1,95.59912109375
0,sid_calib,real,unknown,calib,3f1e9a6c8cfbc407,jpeg50,1,95.27342987060547
0,sid_calib,real,unknown,calib,3f1e9a6c8cfbc407,jpeg30,1,96.21842193603516
0,sid_calib,real,unknown,calib,3f1e9a6c8cfbc407,blur05,1,95.90805053710938
0,sid_calib,real,unknown,calib,3f1e9a6c8cfbc407,blur10,1,95.67013549804688
0,sid_calib,real,unknown,calib,3f1e9a6c8cfbc407,blur20,1,94.45956420898438
0,sid_calib,real,unknown,calib,3f1e9a6c8cfbc407,resize05,1,95.91944885253906
0,sid_calib,real,unknown,calib,3f1e9a6c8cfbc407,resize025,1,95.02352142333984
0,sid_calib,real,unknown,calib,3f1e9a6c8cfbc407,noise002,1,96.03829956054688
0,sid_calib,real,unknown,calib,3f1e9a6c8cfbc407,noise005,1,95.79466247558594
0,sid_calib,real,unknown,calib,3f1e9a6c8cfbc407,noise01,1,90.59837341308594
0,sid_calib,real,unknown,calib,3f1e9a6c8cfbc407,jitter02,1,95.51821899414062
0,sid_calib,real,unknown,calib,3f1e9a6c8cfbc407,crop08,1,117.6967544555664
0,sid_calib,real,unknown,calib,d1026b9b2c05f898,jpeg90,1,64.13420104980469
0,sid_calib,real,unknown,calib,d1026b9b2c05f898,jpeg70,1,64.53260040283203
0,sid_calib,real,unknown,calib,d1026b9b2c05f898,jpeg50,1,64.2678451538086
0,sid_calib,real,unknown,calib,d1026b9b2c05f898,jpeg30,1,65.30550384521484
0,sid_calib,real,unknown,calib,d1026b9b2c05f898,blur05,1,64.38285064697266
0,sid_calib,real,unknown,calib,d1026b9b2c05f898,blur10,1,64.98664855957031
0,sid_calib,real,unknown,calib,d1026b9b2c05f898,blur20,1,65.42597961425781
0,sid_calib,real,unknown,calib,d1026b9b2c05f898,resize05,1,64.15470886230469
0,sid_calib,real,unknown,calib,d1026b9b2c05f898,resize025,1,65.3500747680664
0,sid_calib,real,unknown,calib,d1026b9b2c05f898,crop08,1,80.4244384765625
0,sid_calib,real,unknown,calib,a1e95402c1445f60,crop08,1,201.189453125
0,sid_calib,real,unknown,calib,ec244f3742fa0847,crop08,1,76.21405792236328
0,sid_calib,real,unknown,calib,8c723852f4c931d8,clean,1,161.18594360351562
0,sid_calib,real,unknown,calib,8c723852f4c931d8,jpeg90,1,161.02822875976562
0,sid_calib,real,unknown,calib,8c723852f4c931d8,jpeg70,1,161.1189422607422
0,sid_calib,real,unknown,calib,8c723852f4c931d8,jpeg50,1,162.9457244873047
0,sid_calib,real,unknown,calib,8c723852f4c931d8,jpeg30,1,163.94244384765625
0,sid_calib,real,unknown,calib,8c723852f4c931d8,blur05,1,161.3048858642578
0,sid_calib,real,unknown,calib,8c723852f4c931d8,blur10,1,161.57797241210938
0,sid_calib,real,unknown,calib,8c723852f4c931d8,blur20,1,160.8096160888672
0,sid_calib,real,unknown,calib,8c723852f4c931d8,resize05,1,161.7206573486328
0,sid_calib,real,unknown,calib,8c723852f4c931d8,resize025,1,160.14227294921875
0,sid_calib,real,unknown,calib,8c723852f4c931d8,noise002,1,161.83517456054688
0,sid_calib,real,unknown,calib,8c723852f4c931d8,noise005,1,158.21453857421875
0,sid_calib,real,unknown,calib,8c723852f4c931d8,noise01,1,153.0050048828125
0,sid_calib,real,unknown,calib,8c723852f4c931d8,jitter02,1,160.75088500976562
0,sid_calib,real,unknown,calib,8c723852f4c931d8,crop08,1,196.49411010742188
1,sid_calib,full_synthetic,unknown,calib,1ff415e1d806aea1,blur20,1,159.94134521484375
1,sid_calib,full_synthetic,unknown,calib,1ff415e1d806aea1,crop08,1,193.52066040039062
1,sid_calib,full_synthetic,unknown,calib,ae1796b7b016e6b6,clean,1,271.5477600097656
1,sid_calib,full_synthetic,unknown,calib,ae1796b7b016e6b6,jpeg90,1,271.34527587890625
1,sid_calib,full_synthetic,unknown,calib,ae1796b7b016e6b6,jpeg70,1,272.4070129394531
1,sid_calib,full_synthetic,unknown,calib,ae1796b7b016e6b6,jpeg50,1,272.0377502441406
1,sid_calib,full_synthetic,unknown,calib,ae1796b7b016e6b6,jpeg30,1,274.020263671875
1,sid_calib,full_synthetic,unknown,calib,ae1796b7b016e6b6,blur05,1,271.48895263671875
1,sid_calib,full_synthetic,unknown,calib,ae1796b7b016e6b6,blur10,1,271.2298278808594
1,sid_calib,full_synthetic,unknown,calib,ae1796b7b016e6b6,blur20,1,271.73876953125
1,sid_calib,full_synthetic,unknown,calib,ae1796b7b016e6b6,resize05,1,271.372802734375
1,sid_calib,full_synthetic,unknown,calib,ae1796b7b016e6b6,resize025,1,271.2936706542969
1,sid_calib,full_synthetic,unknown,calib,ae1796b7b016e6b6,noise002,1,272.7780456542969
1,sid_calib,full_synthetic,unknown,calib,ae1796b7b016e6b6,noise005,1,274.7150573730469
1,sid_calib,full_synthetic,unknown,calib,ae1796b7b016e6b6,noise01,1,278.1696472167969
1,sid_calib,full_synthetic,unknown,calib,ae1796b7b016e6b6,jitter02,1,269.4791259765625
1,sid_calib,full_synthetic,unknown,calib,ae1796b7b016e6b6,crop08,1,343.3579406738281
1,sid_calib,full_synthetic,unknown,calib,3063d6453ec62ecb,clean,1,247.77537536621094
1,sid_calib,full_synthetic,unknown,calib,3063d6453ec62ecb,jpeg90,1,248.1738739013672
1,sid_calib,full_synthetic,unknown,calib,3063d6453ec62ecb,jpeg70,1,249.5002899169922
1,sid_calib,full_synthetic,unknown,calib,3063d6453ec62ecb,jpeg50,1,246.224609375
1,sid_calib,full_synthetic,unknown,calib,3063d6453ec62ecb,jpeg30,1,247.0712890625
1,sid_calib,full_synthetic,unknown,calib,3063d6453ec62ecb,blur05,1,247.9161834716797
1,sid_calib,full_synthetic,unknown,calib,3063d6453ec62ecb,blur10,1,247.6567840576172
1,sid_calib,full_synthetic,unknown,calib,3063d6453ec62ecb,blur20,1,244.98324584960938
1,sid_calib,full_synthetic,unknown,calib,3063d6453ec62ecb,resize05,1,247.51478576660156
1,sid_calib,full_synthetic,unknown,calib,3063d6453ec62ecb,resize025,1,246.7932586669922
1,sid_calib,full_synthetic,unknown,calib,3063d6453ec62ecb,noise002,1,250.5078582763672
1,sid_calib,full_synthetic,unknown,calib,3063d6453ec62ecb,noise005,1,250.43551635742188
1,sid_calib,full_synthetic,unknown,calib,3063d6453ec62ecb,noise01,1,247.57318115234375
1,sid_calib,full_synthetic,unknown,calib,3063d6453ec62ecb,jitter02,1,248.42843627929688
1,sid_calib,full_synthetic,unknown,calib,3063d6453ec62ecb,crop08,1,298.4623107910156
0,sid_calib,real,unknown,calib,ae8b3903d724424b,clean,1,86.07057189941406
0,sid_calib,real,unknown,calib,ae8b3903d724424b,jpeg90,1,86.2960205078125
0,sid_calib,real,unknown,calib,ae8b3903d724424b,jpeg70,1,86.22196960449219
0,sid_calib,real,unknown,calib,ae8b3903d724424b,jpeg50,1,86.30675506591797
0,sid_calib,real,unknown,calib,ae8b3903d724424b,jpeg30,1,86.98307037353516
0,sid_calib,real,unknown,calib,ae8b3903d724424b,blur05,1,86.00364685058594
0,sid_calib,real,unknown,calib,ae8b3903d724424b,blur10,1,85.92657470703125
0,sid_calib,real,unknown,calib,ae8b3903d724424b,blur20,1,86.1134033203125
0,sid_calib,real,unknown,calib,ae8b3903d724424b,resize05,1,86.12467956542969
0,sid_calib,real,unknown,calib,ae8b3903d724424b,resize025,1,86.18367004394531
0,sid_calib,real,unknown,calib,ae8b3903d724424b,noise002,1,85.87822723388672
0,sid_calib,real,unknown,calib,ae8b3903d724424b,noise005,1,86.7215576171875
0,sid_calib,real,unknown,calib,ae8b3903d724424b,noise01,1,87.9770736694336
0,sid_calib,real,unknown,calib,ae8b3903d724424b,jitter02,1,85.8936538696289
0,sid_calib,real,unknown,calib,ae8b3903d724424b,crop08,1,108.86338806152344
1,sid_calib,full_synthetic,unknown,calib,0f519fe6248cac8c,clean,1,139.48216247558594
1,sid_calib,full_synthetic,unknown,calib,0f519fe6248cac8c,jpeg90,1,139.5256805419922
1,sid_calib,full_synthetic,unknown,calib,0f519fe6248cac8c,jpeg70,1,140.0216827392578
1,sid_calib,full_synthetic,unknown,calib,0f519fe6248cac8c,jpeg50,1,139.59228515625
1,sid_calib,full_synthetic,unknown,calib,0f519fe6248cac8c,jpeg30,1,138.04002380371094
1,sid_calib,full_synthetic,unknown,calib,0f519fe6248cac8c,blur05,1,139.3219757080078
1,sid_calib,full_synthetic,unknown,calib,0f519fe6248cac8c,blur10,1,139.39816284179688
1,sid_calib,full_synthetic,unknown,calib,0f519fe6248cac8c,blur20,1,138.63148498535156
1,sid_calib,full_synthetic,unknown,calib,0f519fe6248cac8c,resize05,1,139.5245819091797
1,sid_calib,full_synthetic,unknown,calib,0f519fe6248cac8c,resize025,1,139.78038024902344
1,sid_calib,full_synthetic,unknown,calib,0f519fe6248cac8c,noise002,1,138.26231384277344
1,sid_calib,full_synthetic,unknown,calib,0f519fe6248cac8c,noise005,1,137.2101287841797
1,sid_calib,full_synthetic,unknown,calib,0f519fe6248cac8c,jitter02,1,139.2594451904297
1,sid_calib,full_synthetic,unknown,calib,0f519fe6248cac8c,crop08,1,165.5826873779297
1,sid_calib,full_synthetic,unknown,calib,34685f243140b70e,clean,1,159.11941528320312
1,sid_calib,full_synthetic,unknown,calib,34685f243140b70e,jpeg90,1,159.93692016601562
1,sid_calib,full_synthetic,unknown,calib,34685f243140b70e,jpeg70,1,159.6267852783203
1,sid_calib,full_synthetic,unknown,calib,34685f243140b70e,jpeg50,1,159.58154296875
1,sid_calib,full_synthetic,unknown,calib,34685f243140b70e,jpeg30,1,158.91065979003906
1,sid_calib,full_synthetic,unknown,calib,34685f243140b70e,blur05,1,158.9495086669922
1,sid_calib,full_synthetic,unknown,calib,34685f243140b70e,blur10,1,158.92987060546875
1,sid_calib,full_synthetic,unknown,calib,34685f243140b70e,blur20,1,159.981689453125
1,sid_calib,full_synthetic,unknown,calib,34685f243140b70e,resize05,1,158.61912536621094
1,sid_calib,full_synthetic,unknown,calib,34685f243140b70e,resize025,1,159.31011962890625
1,sid_calib,full_synthetic,unknown,calib,34685f243140b70e,noise002,1,159.13162231445312
1,sid_calib,full_synthetic,unknown,calib,34685f243140b70e,noise005,1,158.8043975830078
1,sid_calib,full_synthetic,unknown,calib,34685f243140b70e,noise01,1,156.22946166992188
1,sid_calib,full_synthetic,unknown,calib,34685f243140b70e,jitter02,1,159.30027770996094
1,sid_calib,full_synthetic,unknown,calib,34685f243140b70e,crop08,1,203.8512420654297
0,sid_calib,real,unknown,calib,162e37bd7e55b7aa,clean,1,84.85223388671875
0,sid_calib,real,unknown,calib,162e37bd7e55b7aa,jpeg90,1,84.82318878173828
0,sid_calib,real,unknown,calib,162e37bd7e55b7aa,jpeg70,1,84.3712387084961
0,sid_calib,real,unknown,calib,162e37bd7e55b7aa,jpeg50,1,84.92701721191406
0,sid_calib,real,unknown,calib,162e37bd7e55b7aa,jpeg30,1,83.61433410644531
0,sid_calib,real,unknown,calib,162e37bd7e55b7aa,blur05,1,84.94095611572266
0,sid_calib,real,unknown,calib,162e37bd7e55b7aa,blur10,1,84.96138000488281
0,sid_calib,real,unknown,calib,162e37bd7e55b7aa,blur20,1,86.0986328125
0,sid_calib,real,unknown,calib,162e37bd7e55b7aa,resize05,1,84.75605010986328
0,sid_calib,real,unknown,calib,162e37bd7e55b7aa,resize025,1,86.79566192626953
0,sid_calib,real,unknown,calib,162e37bd7e55b7aa,noise002,1,84.90533447265625
0,sid_calib,real,unknown,calib,162e37bd7e55b7aa,noise005,1,84.95299530029297
0,sid_calib,real,unknown,calib,162e37bd7e55b7aa,noise01,1,83.94551086425781
0,sid_calib,real,unknown,calib,162e37bd7e55b7aa,jitter02,1,87.33426666259766
0,sid_calib,real,unknown,calib,162e37bd7e55b7aa,crop08,1,114.08839416503906
0,sid_calib,real,unknown,calib,3cdbdc56a139d477,clean,1,203.4459686279297
0,sid_calib,real,unknown,calib,3cdbdc56a139d477,jpeg90,1,202.92532348632812
0,sid_calib,real,unknown,calib,3cdbdc56a139d477,jpeg70,1,202.57542419433594
0,sid_calib,real,unknown,calib,3cdbdc56a139d477,jpeg50,1,202.76437377929688
0,sid_calib,real,unknown,calib,3cdbdc56a139d477,jpeg30,1,200.86114501953125
0,sid_calib,real,unknown,calib,3cdbdc56a139d477,blur05,1,203.9701690673828
0,sid_calib,real,unknown,calib,3cdbdc56a139d477,blur10,1,203.08306884765625
0,sid_calib,real,unknown,calib,3cdbdc56a139d477,blur20,1,202.15574645996094
0,sid_calib,real,unknown,calib,3cdbdc56a139d477,resize05,1,203.03396606445312
0,sid_calib,real,unknown,calib,3cdbdc56a139d477,resize025,1,200.989501953125
0,sid_calib,real,unknown,calib,3cdbdc56a139d477,noise002,1,205.1809844970703
0,sid_calib,real,unknown,calib,3cdbdc56a139d477,noise005,1,204.63787841796875
0,sid_calib,real,unknown,calib,3cdbdc56a139d477,noise01,1,209.363525390625
0,sid_calib,real,unknown,calib,3cdbdc56a139d477,jitter02,1,213.43182373046875
0,sid_calib,real,unknown,calib,3cdbdc56a139d477,crop08,1,271.9210510253906
0,sid_calib,real,unknown,calib,b0891c407b9579da,clean,1,452.79949951171875
0,sid_calib,real,unknown,calib,b0891c407b9579da,jpeg90,1,451.7510681152344
0,sid_calib,real,unknown,calib,b0891c407b9579da,jpeg70,1,452.6169128417969
0,sid_calib,real,unknown,calib,b0891c407b9579da,jpeg50,1,448.798095703125
0,sid_calib,real,unknown,calib,b0891c407b9579da,jpeg30,1,451.8367919921875
0,sid_calib,real,unknown,calib,b0891c407b9579da,blur05,1,452.7977600097656
0,sid_calib,real,unknown,calib,b0891c407b9579da,blur10,1,452.041748046875
0,sid_calib,real,unknown,calib,b0891c407b9579da,blur20,1,450.8323059082031
0,sid_calib,real,unknown,calib,b0891c407b9579da,resize05,1,453.06243896484375
0,sid_calib,real,unknown,calib,b0891c407b9579da,resize025,1,450.6476745605469
0,sid_calib,real,unknown,calib,b0891c407b9579da,noise002,1,455.2964782714844
0,sid_calib,real,unknown,calib,b0891c407b9579da,noise005,1,444.5874328613281
0,sid_calib,real,unknown,calib,b0891c407b9579da,noise01,1,440.86309814453125
0,sid_calib,real,unknown,calib,b0891c407b9579da,jitter02,1,446.87969970703125
0,sid_calib,real,unknown,calib,b0891c407b9579da,crop08,1,570.289794921875
1,sid_calib,full_synthetic,unknown,calib,b34ad82df83f4675,clean,1,73.91358947753906
1,sid_calib,full_synthetic,unknown,calib,b34ad82df83f4675,jpeg90,1,73.91341400146484
1,sid_calib,full_synthetic,unknown,calib,b34ad82df83f4675,jpeg70,1,74.24320983886719
1,sid_calib,full_synthetic,unknown,calib,b34ad82df83f4675,jpeg50,1,74.64486694335938
1,sid_calib,full_synthetic,unknown,calib,b34ad82df83f4675,jpeg30,1,73.95614624023438
1,sid_calib,full_synthetic,unknown,calib,b34ad82df83f4675,blur05,1,73.62400817871094
1,sid_calib,full_synthetic,unknown,calib,b34ad82df83f4675,blur10,1,73.27252960205078
1,sid_calib,full_synthetic,unknown,calib,b34ad82df83f4675,blur20,1,72.68428039550781
1,sid_calib,full_synthetic,unknown,calib,b34ad82df83f4675,resize05,1,73.45664978027344
1,sid_calib,full_synthetic,unknown,calib,b34ad82df83f4675,resize025,1,71.72050476074219
1,sid_calib,full_synthetic,unknown,calib,b34ad82df83f4675,noise002,1,74.08659362792969
1,sid_calib,full_synthetic,unknown,calib,b34ad82df83f4675,noise005,1,73.93499755859375
1,sid_calib,full_synthetic,unknown,calib,b34ad82df83f4675,noise01,1,74.42932891845703
1,sid_calib,full_synthetic,unknown,calib,b34ad82df83f4675,jitter02,1,75.82052612304688
1,sid_calib,full_synthetic,unknown,calib,b34ad82df83f4675,crop08,1,89.43732452392578
1,sid_calib,full_synthetic,unknown,calib,a9c62f1561b1859c,clean,1,142.9298858642578
1,sid_calib,full_synthetic,unknown,calib,a9c62f1561b1859c,jpeg90,1,143.171142578125
1,sid_calib,full_synthetic,unknown,calib,a9c62f1561b1859c,jpeg70,1,140.5093994140625
1,sid_calib,full_synthetic,unknown,calib,a9c62f1561b1859c,jpeg50,1,142.9248046875
1,sid_calib,full_synthetic,unknown,calib,a9c62f1561b1859c,jpeg30,1,142.66896057128906
1,sid_calib,full_synthetic,unknown,calib,a9c62f1561b1859c,blur05,1,142.8869171142578
1,sid_calib,full_synthetic,unknown,calib,a9c62f1561b1859c,blur10,1,142.8273162841797
1,sid_calib,full_synthetic,unknown,calib,a9c62f1561b1859c,blur20,1,145.46792602539062
1,sid_calib,full_synthetic,unknown,calib,a9c62f1561b1859c,resize05,1,142.68276977539062
1,sid_calib,full_synthetic,unknown,calib,a9c62f1561b1859c,resize025,1,144.96694946289062
1,sid_calib,full_synthetic,unknown,calib,a9c62f1561b1859c,noise002,1,140.51898193359375
1,sid_calib,full_synthetic,unknown,calib,a9c62f1561b1859c,noise005,1,144.82302856445312
1,sid_calib,full_synthetic,unknown,calib,a9c62f1561b1859c,noise01,1,143.64646911621094
1,sid_calib,full_synthetic,unknown,calib,a9c62f1561b1859c,jitter02,1,141.8378448486328
1,sid_calib,full_synthetic,unknown,calib,a9c62f1561b1859c,crop08,1,170.8044891357422
0,sid_calib,real,unknown,calib,a1f66b941a95d2cf,clean,1,84.19602966308594
0,sid_calib,real,unknown,calib,a1f66b941a95d2cf,jpeg90,1,84.07133483886719
0,sid_calib,real,unknown,calib,a1f66b941a95d2cf,jpeg70,1,84.64093780517578
0,sid_calib,real,unknown,calib,a1f66b941a95d2cf,jpeg50,1,83.12551879882812
0,sid_calib,real,unknown,calib,a1f66b941a95d2cf,jpeg30,1,83.35694885253906
0,sid_calib,real,unknown,calib,a1f66b941a95d2cf,blur05,1,84.06214141845703
0,sid_calib,real,unknown,calib,a1f66b941a95d2cf,blur10,1,84.25057983398438
0,sid_calib,real,unknown,calib,a1f66b941a95d2cf,blur20,1,86.02178192138672
0,sid_calib,real,unknown,calib,a1f66b941a95d2cf,resize05,1,84.26502227783203
0,sid_calib,real,unknown,calib,a1f66b941a95d2cf,resize025,1,85.53887939453125
0,sid_calib,real,unknown,calib,a1f66b941a95d2cf,noise002,1,83.6019058227539
0,sid_calib,real,unknown,calib,a1f66b941a95d2cf,noise005,1,84.1424789428711
0,sid_calib,real,unknown,calib,a1f66b941a95d2cf,jitter02,1,84.00820922851562
0,sid_calib,real,unknown,calib,a1f66b941a95d2cf,crop08,1,111.65215301513672
0,sid_calib,real,unknown,calib,3cf830f99f8cd242,clean,1,76.44905853271484
0,sid_calib,real,unknown,calib,3cf830f99f8cd242,jpeg90,1,76.17529296875
0,sid_calib,real,unknown,calib,3cf830f99f8cd242,jpeg70,1,76.14950561523438
0,sid_calib,real,unknown,calib,3cf830f99f8cd242,jpeg50,1,75.93294525146484
0,sid_calib,real,unknown,calib,3cf830f99f8cd242,jpeg30,1,78.76811218261719
0,sid_calib,real,unknown,calib,3cf830f99f8cd242,blur05,1,76.44866943359375
0,sid_calib,real,unknown,calib,3cf830f99f8cd242,blur10,1,76.56945037841797
0,sid_calib,real,unknown,calib,3cf830f99f8cd242,blur20,1,82.5023193359375
0,sid_calib,real,unknown,calib,3cf830f99f8cd242,resize05,1,76.6793212890625
0,sid_calib,real,unknown,calib,3cf830f99f8cd242,resize025,1,81.96487426757812
0,sid_calib,real,unknown,calib,3cf830f99f8cd242,noise002,1,76.3241958618164
0,sid_calib,real,unknown,calib,3cf830f99f8cd242,noise005,1,80.73328399658203
0,sid_calib,real,unknown,calib,3cf830f99f8cd242,jitter02,1,76.0778579711914
0,sid_calib,real,unknown,calib,3cf830f99f8cd242,crop08,1,98.89256286621094
0,sid_calib,real,unknown,calib,6d2ae58387f8909d,crop08,1,144.9324493408203
0,sid_calib,real,unknown,calib,ce5a3d731dbee73d,clean,1,292.44818115234375
0,sid_calib,real,unknown,calib,ce5a3d731dbee73d,jpeg90,1,292.5730285644531
0,sid_calib,real,unknown,calib,ce5a3d731dbee73d,jpeg70,1,292.269287109375
0,sid_calib,real,unknown,calib,ce5a3d731dbee73d,jpeg50,1,291.21527099609375
0,sid_calib,real,unknown,calib,ce5a3d731dbee73d,jpeg30,1,297.086181640625
0,sid_calib,real,unknown,calib,ce5a3d731dbee73d,blur05,1,292.4342346191406
0,sid_calib,real,unknown,calib,ce5a3d731dbee73d,blur10,1,291.775634765625
0,sid_calib,real,unknown,calib,ce5a3d731dbee73d,blur20,1,293.94036865234375
0,sid_calib,real,unknown,calib,ce5a3d731dbee73d,resize05,1,291.7010498046875
0,sid_calib,real,unknown,calib,ce5a3d731dbee73d,resize025,1,293.50299072265625
0,sid_calib,real,unknown,calib,ce5a3d731dbee73d,noise002,1,292.3778076171875
0,sid_calib,real,unknown,calib,ce5a3d731dbee73d,noise005,1,293.9411926269531
0,sid_calib,real,unknown,calib,ce5a3d731dbee73d,noise01,1,308.4424133300781
0,sid_calib,real,unknown,calib,ce5a3d731dbee73d,jitter02,1,291.9331359863281
0,sid_calib,real,unknown,calib,ce5a3d731dbee73d,crop08,1,376.3271179199219
0,sid_calib,real,unknown,calib,f77bd69ee9e0c31d,clean,1,134.59671020507812
0,sid_calib,real,unknown,calib,f77bd69ee9e0c31d,jpeg90,1,134.7467803955078
0,sid_calib,real,unknown,calib,f77bd69ee9e0c31d,jpeg70,1,135.78518676757812
0,sid_calib,real,unknown,calib,f77bd69ee9e0c31d,jpeg50,1,134.44113159179688
0,sid_calib,real,unknown,calib,f77bd69ee9e0c31d,jpeg30,1,134.6437530517578
0,sid_calib,real,unknown,calib,f77bd69ee9e0c31d,blur05,1,134.8352813720703
0,sid_calib,real,unknown,calib,f77bd69ee9e0c31d,blur10,1,135.77072143554688
0,sid_calib,real,unknown,calib,f77bd69ee9e0c31d,blur20,1,136.81167602539062
0,sid_calib,real,unknown,calib,f77bd69ee9e0c31d,resize05,1,135.1204376220703
0,sid_calib,real,unknown,calib,f77bd69ee9e0c31d,resize025,1,137.62750244140625
0,sid_calib,real,unknown,calib,f77bd69ee9e0c31d,noise002,1,135.77113342285156
0,sid_calib,real,unknown,calib,f77bd69ee9e0c31d,noise005,1,138.3601837158203
0,sid_calib,real,unknown,calib,f77bd69ee9e0c31d,jitter02,1,133.93783569335938
0,sid_calib,real,unknown,calib,325725c52f2ba2a6,clean,1,131.0181884765625
0,sid_calib,real,unknown,calib,325725c52f2ba2a6,jpeg90,1,130.99676513671875
0,sid_calib,real,unknown,calib,325725c52f2ba2a6,jpeg70,1,131.26963806152344
0,sid_calib,real,unknown,calib,325725c52f2ba2a6,jpeg50,1,132.09603881835938
0,sid_calib,real,unknown,calib,325725c52f2ba2a6,jpeg30,1,131.64614868164062
0,sid_calib,real,unknown,calib,325725c52f2ba2a6,blur05,1,130.9988250732422
0,sid_calib,real,unknown,calib,325725c52f2ba2a6,blur10,1,130.8876190185547
0,sid_calib,real,unknown,calib,325725c52f2ba2a6,blur20,1,129.3880615234375
0,sid_calib,real,unknown,calib,325725c52f2ba2a6,resize05,1,131.08761596679688
0,sid_calib,real,unknown,calib,325725c52f2ba2a6,resize025,1,131.5989227294922
0,sid_calib,real,unknown,calib,325725c52f2ba2a6,noise002,1,131.6680908203125
0,sid_calib,real,unknown,calib,325725c52f2ba2a6,noise005,1,130.51910400390625
0,sid_calib,real,unknown,calib,325725c52f2ba2a6,noise01,1,127.85567474365234
0,sid_calib,real,unknown,calib,325725c52f2ba2a6,jitter02,1,130.9774627685547
0,sid_calib,real,unknown,calib,325725c52f2ba2a6,crop08,1,170.12844848632812
1,sid_calib,full_synthetic,unknown,calib,0b78fc9dd862879c,clean,1,250.0719451904297
1,sid_calib,full_synthetic,unknown,calib,0b78fc9dd862879c,jpeg90,1,251.65835571289062
1,sid_calib,full_synthetic,unknown,calib,0b78fc9dd862879c,jpeg70,1,253.33302307128906
1,sid_calib,full_synthetic,unknown,calib,0b78fc9dd862879c,jpeg50,1,254.32177734375
1,sid_calib,full_synthetic,unknown,calib,0b78fc9dd862879c,jpeg30,1,249.74325561523438
1,sid_calib,full_synthetic,unknown,calib,0b78fc9dd862879c,blur05,1,251.006591796875
1,sid_calib,full_synthetic,unknown,calib,0b78fc9dd862879c,blur10,1,251.86778259277344
1,sid_calib,full_synthetic,unknown,calib,0b78fc9dd862879c,blur20,1,252.35511779785156
1,sid_calib,full_synthetic,unknown,calib,0b78fc9dd862879c,resize05,1,250.85113525390625
1,sid_calib,full_synthetic,unknown,calib,0b78fc9dd862879c,resize025,1,252.60862731933594
1,sid_calib,full_synthetic,unknown,calib,0b78fc9dd862879c,noise002,1,250.55615234375
1,sid_calib,full_synthetic,unknown,calib,0b78fc9dd862879c,noise005,1,254.9148406982422
1,sid_calib,full_synthetic,unknown,calib,0b78fc9dd862879c,noise01,1,240.881103515625
1,sid_calib,full_synthetic,unknown,calib,0b78fc9dd862879c,jitter02,1,253.26438903808594
1,sid_calib,full_synthetic,unknown,calib,0b78fc9dd862879c,crop08,1,329.9642639160156
1,sid_calib,full_synthetic,unknown,calib,924c4514ccda2078,clean,1,228.63116455078125
1,sid_calib,full_synthetic,unknown,calib,924c4514ccda2078,jpeg90,1,229.22267150878906
1,sid_calib,full_synthetic,unknown,calib,924c4514ccda2078,jpeg70,1,228.18093872070312
1,sid_calib,full_synthetic,unknown,calib,924c4514ccda2078,jpeg50,1,228.83572387695312
1,sid_calib,full_synthetic,unknown,calib,924c4514ccda2078,jpeg30,1,232.5951385498047
1,sid_calib,full_synthetic,unknown,calib,924c4514ccda2078,blur05,1,229.1373291015625
1,sid_calib,full_synthetic,unknown,calib,924c4514ccda2078,blur10,1,229.64105224609375
1,sid_calib,full_synthetic,unknown,calib,924c4514ccda2078,blur20,1,228.9228973388672
1,sid_calib,full_synthetic,unknown,calib,924c4514ccda2078,resize05,1,228.40548706054688
1,sid_calib,full_synthetic,unknown,calib,924c4514ccda2078,resize025,1,228.91937255859375
1,sid_calib,full_synthetic,unknown,calib,924c4514ccda2078,noise002,1,228.33860778808594
1,sid_calib,full_synthetic,unknown,calib,924c4514ccda2078,noise005,1,235.10031127929688
1,sid_calib,full_synthetic,unknown,calib,924c4514ccda2078,noise01,1,242.62596130371094
1,sid_calib,full_synthetic,unknown,calib,924c4514ccda2078,jitter02,1,228.4418182373047
1,sid_calib,full_synthetic,unknown,calib,924c4514ccda2078,crop08,1,282.3963317871094
0,sid_calib,real,unknown,calib,bd62fd72b22012cc,clean,1,66.80440521240234
0,sid_calib,real,unknown,calib,bd62fd72b22012cc,jpeg90,1,66.93238067626953
0,sid_calib,real,unknown,calib,bd62fd72b22012cc,jpeg70,1,66.86876678466797
0,sid_calib,real,unknown,calib,bd62fd72b22012cc,jpeg50,1,66.32907104492188
0,sid_calib,real,unknown,calib,bd62fd72b22012cc,blur05,1,66.92870330810547
0,sid_calib,real,unknown,calib,bd62fd72b22012cc,noise002,1,66.16667938232422
0,sid_calib,real,unknown,calib,bd62fd72b22012cc,jitter02,1,67.11133575439453
0,sid_calib,real,unknown,calib,bd62fd72b22012cc,crop08,1,74.84772491455078
0,sid_calib,real,unknown,calib,8ee6dcac24a4b907,clean,1,74.64391326904297
0,sid_calib,real,unknown,calib,8ee6dcac24a4b907,jpeg90,1,74.88328552246094
0,sid_calib,real,unknown,calib,8ee6dcac24a4b907,jpeg70,1,74.3719711303711
0,sid_calib,real,unknown,calib,8ee6dcac24a4b907,jpeg50,1,76.20130157470703
0,sid_calib,real,unknown,calib,8ee6dcac24a4b907,jpeg30,1,76.40129852294922
0,sid_calib,real,unknown,calib,8ee6dcac24a4b907,blur05,1,75.52767944335938
0,sid_calib,real,unknown,calib,8ee6dcac24a4b907,blur10,1,75.04550170898438
0,sid_calib,real,unknown,calib,8ee6dcac24a4b907,blur20,1,72.80695343017578
0,sid_calib,real,unknown,calib,8ee6dcac24a4b907,resize05,1,75.5577163696289
0,sid_calib,real,unknown,calib,8ee6dcac24a4b907,noise002,1,73.34142303466797
0,sid_calib,real,unknown,calib,8ee6dcac24a4b907,noise005,1,73.41704559326172
0,sid_calib,real,unknown,calib,8ee6dcac24a4b907,jitter02,1,75.61878967285156
0,sid_calib,real,unknown,calib,8ee6dcac24a4b907,crop08,1,92.67208099365234
0,sid_calib,real,unknown,calib,f3b4b290e422563a,clean,1,100.15567016601562
0,sid_calib,real,unknown,calib,f3b4b290e422563a,jpeg90,1,99.90724182128906
0,sid_calib,real,unknown,calib,f3b4b290e422563a,jpeg70,1,99.29073333740234
0,sid_calib,real,unknown,calib,f3b4b290e422563a,jpeg50,1,100.70464324951172
0,sid_calib,real,unknown,calib,f3b4b290e422563a,jpeg30,1,100.18087768554688
0,sid_calib,real,unknown,calib,f3b4b290e422563a,blur05,1,100.0921401977539
0,sid_calib,real,unknown,calib,f3b4b290e422563a,blur10,1,99.10013580322266
0,sid_calib,real,unknown,calib,f3b4b290e422563a,blur20,1,96.9780502319336
0,sid_calib,real,unknown,calib,f3b4b290e422563a,resize05,1,100.29639434814453
0,sid_calib,real,unknown,calib,f3b4b290e422563a,resize025,1,97.53738403320312
0,sid_calib,real,unknown,calib,f3b4b290e422563a,noise002,1,100.67694091796875
0,sid_calib,real,unknown,calib,f3b4b290e422563a,noise005,1,100.8128662109375
0,sid_calib,real,unknown,calib,f3b4b290e422563a,noise01,1,100.79646301269531
0,sid_calib,real,unknown,calib,f3b4b290e422563a,jitter02,1,100.4188003540039
0,sid_calib,real,unknown,calib,f3b4b290e422563a,crop08,1,123.02539825439453
0,sid_calib,real,unknown,calib,eda70640c1cb662c,clean,1,124.88225555419922
0,sid_calib,real,unknown,calib,eda70640c1cb662c,jpeg90,1,124.51719665527344
0,sid_calib,real,unknown,calib,eda70640c1cb662c,jpeg70,1,124.38557434082031
0,sid_calib,real,unknown,calib,eda70640c1cb662c,jpeg50,1,124.80609130859375
0,sid_calib,real,unknown,calib,eda70640c1cb662c,jpeg30,1,124.94965362548828
0,sid_calib,real,unknown,calib,eda70640c1cb662c,blur05,1,124.8075180053711
0,sid_calib,real,unknown,calib,eda70640c1cb662c,blur10,1,124.2883071899414
0,sid_calib,real,unknown,calib,eda70640c1cb662c,blur20,1,118.56260681152344
0,sid_calib,real,unknown,calib,eda70640c1cb662c,resize05,1,125.47521209716797
0,sid_calib,real,unknown,calib,eda70640c1cb662c,resize025,1,122.55718994140625
0,sid_calib,real,unknown,calib,eda70640c1cb662c,noise002,1,127.08307647705078
0,sid_calib,real,unknown,calib,eda70640c1cb662c,noise005,1,122.88386535644531
0,sid_calib,real,unknown,calib,eda70640c1cb662c,jitter02,1,124.47551727294922
0,sid_calib,real,unknown,calib,eda70640c1cb662c,crop08,1,155.5730438232422
1,sid_calib,full_synthetic,unknown,calib,07439b0f77726b45,clean,1,261.5732727050781
1,sid_calib,full_synthetic,unknown,calib,07439b0f77726b45,jpeg90,1,261.3128967285156
1,sid_calib,full_synthetic,unknown,calib,07439b0f77726b45,jpeg70,1,260.5687561035156
1,sid_calib,full_synthetic,unknown,calib,07439b0f77726b45,jpeg50,1,261.81085205078125
1,sid_calib,full_synthetic,unknown,calib,07439b0f77726b45,jpeg30,1,264.6492919921875
1,sid_calib,full_synthetic,unknown,calib,07439b0f77726b45,blur05,1,261.0375061035156
1,sid_calib,full_synthetic,unknown,calib,07439b0f77726b45,blur10,1,265.60858154296875
1,sid_calib,full_synthetic,unknown,calib,07439b0f77726b45,blur20,1,268.41497802734375
1,sid_calib,full_synthetic,unknown,calib,07439b0f77726b45,resize05,1,260.8874816894531
1,sid_calib,full_synthetic,unknown,calib,07439b0f77726b45,resize025,1,268.9641418457031
1,sid_calib,full_synthetic,unknown,calib,07439b0f77726b45,noise002,1,260.6651611328125
1,sid_calib,full_synthetic,unknown,calib,07439b0f77726b45,noise005,1,270.6914367675781
1,sid_calib,full_synthetic,unknown,calib,07439b0f77726b45,jitter02,1,262.84564208984375
0,sid_calib,real,unknown,calib,943ca4f94f60e72d,clean,1,209.9531707763672
0,sid_calib,real,unknown,calib,943ca4f94f60e72d,jpeg90,1,210.4355926513672
0,sid_calib,real,unknown,calib,943ca4f94f60e72d,jpeg70,1,211.5395965576172
0,sid_calib,real,unknown,calib,943ca4f94f60e72d,jpeg50,1,209.930908203125
0,sid_calib,real,unknown,calib,943ca4f94f60e72d,jpeg30,1,211.44207763671875
0,sid_calib,real,unknown,calib,943ca4f94f60e72d,blur05,1,210.01947021484375
0,sid_calib,real,unknown,calib,943ca4f94f60e72d,blur10,1,210.6229705810547
0,sid_calib,real,unknown,calib,943ca4f94f60e72d,blur20,1,212.95623779296875
0,sid_calib,real,unknown,calib,943ca4f94f60e72d,resize05,1,209.77120971679688
0,sid_calib,real,unknown,calib,943ca4f94f60e72d,resize025,1,211.86227416992188
0,sid_calib,real,unknown,calib,943ca4f94f60e72d,noise002,1,212.26695251464844
0,sid_calib,real,unknown,calib,943ca4f94f60e72d,noise005,1,215.99517822265625
0,sid_calib,real,unknown,calib,943ca4f94f60e72d,noise01,1,217.658447265625
0,sid_calib,real,unknown,calib,943ca4f94f60e72d,jitter02,1,209.9962615966797
0,sid_calib,real,unknown,calib,943ca4f94f60e72d,crop08,1,271.322021484375
0,sid_calib,real,unknown,calib,4bd40e8ed2d1a4e4,clean,1,118.56854248046875
0,sid_calib,real,unknown,calib,4bd40e8ed2d1a4e4,jpeg90,1,118.51114654541016
0,sid_calib,real,unknown,calib,4bd40e8ed2d1a4e4,jpeg70,1,118.30655670166016
0,sid_calib,real,unknown,calib,4bd40e8ed2d1a4e4,jpeg50,1,118.7418441772461
0,sid_calib,real,unknown,calib,4bd40e8ed2d1a4e4,jpeg30,1,117.81232452392578
0,sid_calib,real,unknown,calib,4bd40e8ed2d1a4e4,blur05,1,118.59859466552734
0,sid_calib,real,unknown,calib,4bd40e8ed2d1a4e4,blur10,1,118.43962097167969
0,sid_calib,real,unknown,calib,4bd40e8ed2d1a4e4,blur20,1,117.0592041015625
0,sid_calib,real,unknown,calib,4bd40e8ed2d1a4e4,resize05,1,118.74810028076172
0,sid_calib,real,unknown,calib,4bd40e8ed2d1a4e4,resize025,1,118.48190307617188
0,sid_calib,real,unknown,calib,4bd40e8ed2d1a4e4,noise002,1,118.76573944091797
0,sid_calib,real,unknown,calib,4bd40e8ed2d1a4e4,noise005,1,118.75322723388672
0,sid_calib,real,unknown,calib,4bd40e8ed2d1a4e4,noise01,1,115.68242645263672
0,sid_calib,real,unknown,calib,4bd40e8ed2d1a4e4,jitter02,1,117.85796356201172
0,sid_calib,real,unknown,calib,4bd40e8ed2d1a4e4,crop08,1,152.3217010498047
1,sid_calib,full_synthetic,unknown,calib,4e96658d55388e0a,clean,1,165.4215850830078
1,sid_calib,full_synthetic,unknown,calib,4e96658d55388e0a,jpeg90,1,165.64682006835938
1,sid_calib,full_synthetic,unknown,calib,4e96658d55388e0a,jpeg70,1,165.76341247558594
1,sid_calib,full_synthetic,unknown,calib,4e96658d55388e0a,jpeg50,1,164.8346405029297
1,sid_calib,full_synthetic,unknown,calib,4e96658d55388e0a,jpeg30,1,164.6147003173828
1,sid_calib,full_synthetic,unknown,calib,4e96658d55388e0a,blur05,1,165.44168090820312
1,sid_calib,full_synthetic,unknown,calib,4e96658d55388e0a,blur10,1,165.21310424804688
1,sid_calib,full_synthetic,unknown,calib,4e96658d55388e0a,blur20,1,163.8878173828125
1,sid_calib,full_synthetic,unknown,calib,4e96658d55388e0a,resize05,1,165.16709899902344
1,sid_calib,full_synthetic,unknown,calib,4e96658d55388e0a,resize025,1,164.4759521484375
1,sid_calib,full_synthetic,unknown,calib,4e96658d55388e0a,noise002,1,164.7168426513672
1,sid_calib,full_synthetic,unknown,calib,4e96658d55388e0a,noise005,1,165.95364379882812
1,sid_calib,full_synthetic,unknown,calib,4e96658d55388e0a,noise01,1,170.3898162841797
1,sid_calib,full_synthetic,unknown,calib,4e96658d55388e0a,jitter02,1,166.19976806640625
1,sid_calib,full_synthetic,unknown,calib,4e96658d55388e0a,crop08,1,200.75357055664062
0,sid_calib,real,unknown,calib,cf83658098d26a5c,clean,1,163.2860107421875
0,sid_calib,real,unknown,calib,cf83658098d26a5c,jpeg90,1,162.4860076904297
0,sid_calib,real,unknown,calib,cf83658098d26a5c,jpeg70,1,164.60321044921875
0,sid_calib,real,unknown,calib,cf83658098d26a5c,jpeg50,1,164.0622100830078
0,sid_calib,real,unknown,calib,cf83658098d26a5c,jpeg30,1,164.80677795410156
0,sid_calib,real,unknown,calib,cf83658098d26a5c,blur05,1,163.95526123046875
0,sid_calib,real,unknown,calib,cf83658098d26a5c,blur10,1,163.54783630371094
0,sid_calib,real,unknown,calib,cf83658098d26a5c,blur20,1,164.61416625976562
0,sid_calib,real,unknown,calib,cf83658098d26a5c,resize05,1,163.82252502441406
0,sid_calib,real,unknown,calib,cf83658098d26a5c,resize025,1,164.89060974121094
0,sid_calib,real,unknown,calib,cf83658098d26a5c,noise002,1,163.90383911132812
0,sid_calib,real,unknown,calib,cf83658098d26a5c,noise005,1,164.52618408203125
0,sid_calib,real,unknown,calib,cf83658098d26a5c,noise01,1,167.07351684570312
0,sid_calib,real,unknown,calib,cf83658098d26a5c,jitter02,1,163.2723846435547
0,sid_calib,real,unknown,calib,cf83658098d26a5c,crop08,1,211.6173095703125
0,sid_calib,real,unknown,calib,60bcef5effa48781,clean,1,72.81426239013672
0,sid_calib,real,unknown,calib,60bcef5effa48781,jpeg90,1,72.78531646728516
0,sid_calib,real,unknown,calib,60bcef5effa48781,jpeg70,1,72.69275665283203
0,sid_calib,real,unknown,calib,60bcef5effa48781,jpeg50,1,72.59900665283203
0,sid_calib,real,unknown,calib,60bcef5effa48781,jpeg30,1,73.55442810058594
0,sid_calib,real,unknown,calib,60bcef5effa48781,blur05,1,72.78750610351562
0,sid_calib,real,unknown,calib,60bcef5effa48781,blur10,1,72.67060852050781
0,sid_calib,real,unknown,calib,60bcef5effa48781,blur20,1,72.22892761230469
0,sid_calib,real,unknown,calib,60bcef5effa48781,resize05,1,74.3765640258789
0,sid_calib,real,unknown,calib,60bcef5effa48781,resize025,1,71.93775939941406
0,sid_calib,real,unknown,calib,60bcef5effa48781,noise002,1,72.81653594970703
0,sid_calib,real,unknown,calib,60bcef5effa48781,noise005,1,73.26998901367188
0,sid_calib,real,unknown,calib,60bcef5effa48781,noise01,1,72.58556365966797
0,sid_calib,real,unknown,calib,60bcef5effa48781,jitter02,1,72.39470672607422
0,sid_calib,real,unknown,calib,60bcef5effa48781,crop08,1,88.5640640258789
0,sid_calib,real,unknown,calib,e6d685abe96f7c83,clean,1,102.14342498779297
0,sid_calib,real,unknown,calib,e6d685abe96f7c83,jpeg90,1,101.91632843017578
0,sid_calib,real,unknown,calib,e6d685abe96f7c83,jpeg70,1,101.62657928466797
0,sid_calib,real,unknown,calib,e6d685abe96f7c83,jpeg50,1,102.22305297851562
0,sid_calib,real,unknown,calib,e6d685abe96f7c83,jpeg30,1,78.21833801269531
0,sid_calib,real,unknown,calib,e6d685abe96f7c83,blur05,1,102.16967010498047
0,sid_calib,real,unknown,calib,e6d685abe96f7c83,blur10,1,80.38123321533203
0,sid_calib,real,unknown,calib,e6d685abe96f7c83,blur20,1,78.95468139648438
0,sid_calib,real,unknown,calib,e6d685abe96f7c83,resize05,1,101.8666000366211
0,sid_calib,real,unknown,calib,e6d685abe96f7c83,resize025,1,79.113525390625
0,sid_calib,real,unknown,calib,e6d685abe96f7c83,noise002,1,102.16556549072266
0,sid_calib,real,unknown,calib,e6d685abe96f7c83,noise005,1,81.15445709228516
0,sid_calib,real,unknown,calib,e6d685abe96f7c83,noise01,1,81.40673828125
0,sid_calib,real,unknown,calib,e6d685abe96f7c83,jitter02,1,103.11576843261719
0,sid_calib,real,unknown,calib,e6d685abe96f7c83,crop08,1,124.21182250976562
0,sid_calib,real,unknown,calib,9ff3ade3a5faf528,clean,1,109.51377868652344
0,sid_calib,real,unknown,calib,9ff3ade3a5faf528,jpeg90,1,109.5379867553711
0,sid_calib,real,unknown,calib,9ff3ade3a5faf528,jpeg70,1,109.8201904296875
0,sid_calib,real,unknown,calib,9ff3ade3a5faf528,jpeg50,1,109.62857055664062
0,sid_calib,real,unknown,calib,9ff3ade3a5faf528,jpeg30,1,110.03166961669922
0,sid_calib,real,unknown,calib,9ff3ade3a5faf528,blur05,1,109.58124542236328
0,sid_calib,real,unknown,calib,9ff3ade3a5faf528,blur10,1,109.73139190673828
0,sid_calib,real,unknown,calib,9ff3ade3a5faf528,blur20,1,107.56425476074219
0,sid_calib,real,unknown,calib,9ff3ade3a5faf528,resize05,1,109.64966583251953
0,sid_calib,real,unknown,calib,9ff3ade3a5faf528,resize025,1,108.72863006591797
0,sid_calib,real,unknown,calib,9ff3ade3a5faf528,noise002,1,109.54962158203125
0,sid_calib,real,unknown,calib,9ff3ade3a5faf528,noise005,1,108.67755126953125
0,sid_calib,real,unknown,calib,9ff3ade3a5faf528,noise01,1,109.85287475585938
0,sid_calib,real,unknown,calib,9ff3ade3a5faf528,jitter02,1,109.40101623535156
0,sid_calib,real,unknown,calib,9ff3ade3a5faf528,crop08,1,137.05633544921875
1,sid_calib,full_synthetic,unknown,calib,46b20932bbd0c85a,clean,1,100.29641723632812
1,sid_calib,full_synthetic,unknown,calib,46b20932bbd0c85a,jpeg90,1,100.14640808105469
1,sid_calib,full_synthetic,unknown,calib,46b20932bbd0c85a,jpeg70,1,100.7219467163086
1,sid_calib,full_synthetic,unknown,calib,46b20932bbd0c85a,jpeg50,1,106.71001434326172
1,sid_calib,full_synthetic,unknown,calib,46b20932bbd0c85a,jpeg30,1,106.99998474121094
1,sid_calib,full_synthetic,unknown,calib,46b20932bbd0c85a,blur05,1,100.3763656616211
1,sid_calib,full_synthetic,unknown,calib,46b20932bbd0c85a,blur10,1,100.95958709716797
1,sid_calib,full_synthetic,unknown,calib,46b20932bbd0c85a,blur20,1,109.8988265991211
1,sid_calib,full_synthetic,unknown,calib,46b20932bbd0c85a,resize05,1,100.46123504638672
1,sid_calib,full_synthetic,unknown,calib,46b20932bbd0c85a,resize025,1,101.85530853271484
1,sid_calib,full_synthetic,unknown,calib,46b20932bbd0c85a,noise002,1,100.1067886352539
1,sid_calib,full_synthetic,unknown,calib,46b20932bbd0c85a,noise005,1,100.91930389404297
1,sid_calib,full_synthetic,unknown,calib,46b20932bbd0c85a,noise01,1,105.76365661621094
1,sid_calib,full_synthetic,unknown,calib,46b20932bbd0c85a,jitter02,1,106.71495819091797
1,sid_calib,full_synthetic,unknown,calib,46b20932bbd0c85a,crop08,1,127.5615463256836
0,sid_calib,real,unknown,calib,6b89b44adde6e0c0,clean,1,202.72360229492188
0,sid_calib,real,unknown,calib,6b89b44adde6e0c0,jpeg90,1,203.29371643066406
0,sid_calib,real,unknown,calib,6b89b44adde6e0c0,jpeg70,1,201.41493225097656
0,sid_calib,real,unknown,calib,6b89b44adde6e0c0,jpeg50,1,200.7016143798828
0,sid_calib,real,unknown,calib,6b89b44adde6e0c0,jpeg30,1,200.80435180664062
0,sid_calib,real,unknown,calib,6b89b44adde6e0c0,blur05,1,202.62379455566406
0,sid_calib,real,unknown,calib,6b89b44adde6e0c0,blur10,1,202.57882690429688
0,sid_calib,real,unknown,calib,6b89b44adde6e0c0,blur20,1,191.18472290039062
0,sid_calib,real,unknown,calib,6b89b44adde6e0c0,resize05,1,202.61785888671875
0,sid_calib,real,unknown,calib,6b89b44adde6e0c0,resize025,1,190.7947540283203
0,sid_calib,real,unknown,calib,6b89b44adde6e0c0,noise002,1,195.59019470214844
0,sid_calib,real,unknown,calib,6b89b44adde6e0c0,noise005,1,197.67543029785156
0,sid_calib,real,unknown,calib,6b89b44adde6e0c0,jitter02,1,193.63014221191406
0,sid_calib,real,unknown,calib,6b89b44adde6e0c0,crop08,1,253.14630126953125
0,sid_calib,real,unknown,calib,fbbae97e6b05b35c,noise005,1,72.9221420288086
0,sid_calib,real,unknown,calib,fbbae97e6b05b35c,noise01,1,74.26652526855469
1,sid_calib,full_synthetic,unknown,calib,22e7f1a224af7f75,clean,1,191.21499633789062
1,sid_calib,full_synthetic,unknown,calib,22e7f1a224af7f75,jpeg90,1,191.0265350341797
1,sid_calib,full_synthetic,unknown,calib,22e7f1a224af7f75,jpeg70,1,190.94793701171875
1,sid_calib,full_synthetic,unknown,calib,22e7f1a224af7f75,jpeg50,1,190.9220733642578
1,sid_calib,full_synthetic,unknown,calib,22e7f1a224af7f75,jpeg30,1,189.9149932861328
1,sid_calib,full_synthetic,unknown,calib,22e7f1a224af7f75,blur05,1,191.27845764160156
1,sid_calib,full_synthetic,unknown,calib,22e7f1a224af7f75,blur10,1,191.50953674316406
1,sid_calib,full_synthetic,unknown,calib,22e7f1a224af7f75,blur20,1,186.79498291015625
1,sid_calib,full_synthetic,unknown,calib,22e7f1a224af7f75,resize05,1,191.47402954101562
1,sid_calib,full_synthetic,unknown,calib,22e7f1a224af7f75,resize025,1,189.29075622558594
1,sid_calib,full_synthetic,unknown,calib,22e7f1a224af7f75,noise002,1,190.62889099121094
1,sid_calib,full_synthetic,unknown,calib,22e7f1a224af7f75,noise005,1,173.26165771484375
1,sid_calib,full_synthetic,unknown,calib,22e7f1a224af7f75,noise01,1,173.81614685058594
1,sid_calib,full_synthetic,unknown,calib,22e7f1a224af7f75,jitter02,1,189.3652801513672
1,sid_calib,full_synthetic,unknown,calib,22e7f1a224af7f75,crop08,1,228.29812622070312
0,sid_calib,real,unknown,calib,227d5e5c09999238,clean,1,138.0601348876953
0,sid_calib,real,unknown,calib,227d5e5c09999238,jpeg90,1,137.80079650878906
0,sid_calib,real,unknown,calib,227d5e5c09999238,jpeg70,1,137.64617919921875
0,sid_calib,real,unknown,calib,227d5e5c09999238,jpeg50,1,138.53546142578125
0,sid_calib,real,unknown,calib,227d5e5c09999238,jpeg30,1,137.8989715576172
0,sid_calib,real,unknown,calib,227d5e5c09999238,blur05,1,137.97486877441406
0,sid_calib,real,unknown,calib,227d5e5c09999238,blur10,1,138.70669555664062
0,sid_calib,real,unknown,calib,227d5e5c09999238,blur20,1,143.899169921875
0,sid_calib,real,unknown,calib,227d5e5c09999238,resize05,1,138.25509643554688
0,sid_calib,real,unknown,calib,227d5e5c09999238,resize025,1,139.53512573242188
0,sid_calib,real,unknown,calib,227d5e5c09999238,noise002,1,138.04776000976562
0,sid_calib,real,unknown,calib,227d5e5c09999238,noise005,1,144.0028839111328
0,sid_calib,real,unknown,calib,227d5e5c09999238,noise01,1,138.11053466796875
0,sid_calib,real,unknown,calib,227d5e5c09999238,jitter02,1,140.19190979003906
0,sid_calib,real,unknown,calib,227d5e5c09999238,crop08,1,182.95071411132812
0,sid_calib,real,unknown,calib,1f8d4c17fbc15ab4,clean,1,68.33759307861328
0,sid_calib,real,unknown,calib,1f8d4c17fbc15ab4,jpeg90,1,68.29817962646484
0,sid_calib,real,unknown,calib,1f8d4c17fbc15ab4,jpeg70,1,67.9896240234375
0,sid_calib,real,unknown,calib,1f8d4c17fbc15ab4,jpeg50,1,67.9884033203125
0,sid_calib,real,unknown,calib,1f8d4c17fbc15ab4,jpeg30,1,68.07735443115234
0,sid_calib,real,unknown,calib,1f8d4c17fbc15ab4,blur05,1,68.02264404296875
0,sid_calib,real,unknown,calib,1f8d4c17fbc15ab4,blur10,1,67.56609344482422
0,sid_calib,real,unknown,calib,1f8d4c17fbc15ab4,blur20,1,66.862548828125
0,sid_calib,real,unknown,calib,1f8d4c17fbc15ab4,resize05,1,67.81578826904297
0,sid_calib,real,unknown,calib,1f8d4c17fbc15ab4,resize025,1,66.85487365722656
0,sid_calib,real,unknown,calib,1f8d4c17fbc15ab4,noise002,1,67.88553619384766
0,sid_calib,real,unknown,calib,1f8d4c17fbc15ab4,noise005,1,68.05741882324219
0,sid_calib,real,unknown,calib,1f8d4c17fbc15ab4,noise01,1,69.17266845703125
0,sid_calib,real,unknown,calib,1f8d4c17fbc15ab4,jitter02,1,68.83695220947266
0,sid_calib,real,unknown,calib,1f8d4c17fbc15ab4,crop08,1,82.22472381591797
0,sid_calib,real,unknown,calib,84b76a027b9e587b,clean,1,111.44524383544922
0,sid_calib,real,unknown,calib,84b76a027b9e587b,jpeg90,1,111.82097625732422
0,sid_calib,real,unknown,calib,84b76a027b9e587b,jpeg70,1,111.49698638916016
0,sid_calib,real,unknown,calib,84b76a027b9e587b,jpeg50,1,107.94185638427734
0,sid_calib,real,unknown,calib,84b76a027b9e587b,blur05,1,111.44703674316406
0,sid_calib,real,unknown,calib,84b76a027b9e587b,blur10,1,111.08265686035156
0,sid_calib,real,unknown,calib,84b76a027b9e587b,resize05,1,111.24652862548828
0,sid_calib,real,unknown,calib,84b76a027b9e587b,resize025,1,109.97879791259766
0,sid_calib,real,unknown,calib,84b76a027b9e587b,noise002,1,111.5308609008789
0,sid_calib,real,unknown,calib,84b76a027b9e587b,jitter02,1,112.35681915283203
0,sid_calib,real,unknown,calib,40c8eaf94be57d82,clean,1,89.14712524414062
0,sid_calib,real,unknown,calib,40c8eaf94be57d82,jpeg90,1,89.18903350830078
0,sid_calib,real,unknown,calib,40c8eaf94be57d82,jpeg70,1,86.92538452148438
0,sid_calib,real,unknown,calib,40c8eaf94be57d82,jpeg50,1,89.51002502441406
0,sid_calib,real,unknown,calib,40c8eaf94be57d82,jpeg30,1,87.1398696899414
0,sid_calib,real,unknown,calib,40c8eaf94be57d82,blur05,1,87.83910369873047
0,sid_calib,real,unknown,calib,40c8eaf94be57d82,blur10,1,87.9105224609375
0,sid_calib,real,unknown,calib,40c8eaf94be57d82,blur20,1,86.09405517578125
0,sid_calib,real,unknown,calib,40c8eaf94be57d82,resize05,1,89.55280303955078
0,sid_calib,real,unknown,calib,40c8eaf94be57d82,resize025,1,85.8859634399414
0,sid_calib,real,unknown,calib,40c8eaf94be57d82,noise002,1,87.20903778076172
0,sid_calib,real,unknown,calib,40c8eaf94be57d82,jitter02,1,87.47291564941406
0,sid_calib,real,unknown,calib,40c8eaf94be57d82,crop08,1,116.64905548095703
1,sid_calib,full_synthetic,unknown,calib,7d140c9bdf9ca699,clean,1,71.92469024658203
1,sid_calib,full_synthetic,unknown,calib,7d140c9bdf9ca699,jpeg90,1,72.26133728027344
1,sid_calib,full_synthetic,unknown,calib,7d140c9bdf9ca699,jpeg70,1,71.85074615478516
1,sid_calib,full_synthetic,unknown,calib,7d140c9bdf9ca699,jpeg50,1,71.83929443359375
1,sid_calib,full_synthetic,unknown,calib,7d140c9bdf9ca699,jpeg30,1,74.44593048095703
1,sid_calib,full_synthetic,unknown,calib,7d140c9bdf9ca699,blur05,1,71.85336303710938
1,sid_calib,full_synthetic,unknown,calib,7d140c9bdf9ca699,blur10,1,70.90147399902344
1,sid_calib,full_synthetic,unknown,calib,7d140c9bdf9ca699,blur20,1,69.86627960205078
1,sid_calib,full_synthetic,unknown,calib,7d140c9bdf9ca699,resize05,1,71.80615997314453
1,sid_calib,full_synthetic,unknown,calib,7d140c9bdf9ca699,resize025,1,69.68421936035156
1,sid_calib,full_synthetic,unknown,calib,7d140c9bdf9ca699,noise002,1,72.46112823486328
1,sid_calib,full_synthetic,unknown,calib,7d140c9bdf9ca699,noise005,1,74.8493881225586
1,sid_calib,full_synthetic,unknown,calib,7d140c9bdf9ca699,noise01,1,72.11114501953125
1,sid_calib,full_synthetic,unknown,calib,7d140c9bdf9ca699,jitter02,1,71.80500793457031
1,sid_calib,full_synthetic,unknown,calib,7d140c9bdf9ca699,crop08,1,94.46713256835938
0,sid_calib,real,unknown,calib,b0d2147f7e419d83,clean,1,84.23314666748047
0,sid_calib,real,unknown,calib,b0d2147f7e419d83,jpeg90,1,84.13555908203125
0,sid_calib,real,unknown,calib,b0d2147f7e419d83,jpeg70,1,84.22300720214844
0,sid_calib,real,unknown,calib,b0d2147f7e419d83,jpeg50,1,84.1811294555664
0,sid_calib,real,unknown,calib,b0d2147f7e419d83,jpeg30,1,82.66921997070312
0,sid_calib,real,unknown,calib,b0d2147f7e419d83,blur05,1,84.16256713867188
0,sid_calib,real,unknown,calib,b0d2147f7e419d83,blur10,1,83.56378936767578
0,sid_calib,real,unknown,calib,b0d2147f7e419d83,blur20,1,81.03560638427734
0,sid_calib,real,unknown,calib,b0d2147f7e419d83,resize05,1,84.3862533569336
0,sid_calib,real,unknown,calib,b0d2147f7e419d83,resize025,1,79.47151947021484
0,sid_calib,real,unknown,calib,b0d2147f7e419d83,noise002,1,84.94169616699219
0,sid_calib,real,unknown,calib,b0d2147f7e419d83,noise005,1,84.03074645996094
0,sid_calib,real,unknown,calib,b0d2147f7e419d83,noise01,1,82.18299865722656
0,sid_calib,real,unknown,calib,b0d2147f7e419d83,jitter02,1,83.97692108154297
0,sid_calib,real,unknown,calib,b0d2147f7e419d83,crop08,1,101.950439453125
1,sid_calib,full_synthetic,unknown,calib,9ba74e25208d7295,clean,1,87.81919860839844
1,sid_calib,full_synthetic,unknown,calib,9ba74e25208d7295,jpeg90,1,87.60652160644531
1,sid_calib,full_synthetic,unknown,calib,9ba74e25208d7295,jpeg70,1,87.5723876953125
1,sid_calib,full_synthetic,unknown,calib,9ba74e25208d7295,jpeg50,1,87.5470962524414
1,sid_calib,full_synthetic,unknown,calib,9ba74e25208d7295,jpeg30,1,90.40704345703125
1,sid_calib,full_synthetic,unknown,calib,9ba74e25208d7295,blur05,1,87.39970397949219
1,sid_calib,full_synthetic,unknown,calib,9ba74e25208d7295,blur10,1,86.76383209228516
1,sid_calib,full_synthetic,unknown,calib,9ba74e25208d7295,blur20,1,86.41908264160156
1,sid_calib,full_synthetic,unknown,calib,9ba74e25208d7295,resize05,1,87.08158111572266
1,sid_calib,full_synthetic,unknown,calib,9ba74e25208d7295,resize025,1,86.70305633544922
1,sid_calib,full_synthetic,unknown,calib,9ba74e25208d7295,noise002,1,87.30242156982422
1,sid_calib,full_synthetic,unknown,calib,9ba74e25208d7295,noise005,1,87.58917999267578
1,sid_calib,full_synthetic,unknown,calib,9ba74e25208d7295,noise01,1,84.35330963134766
1,sid_calib,full_synthetic,unknown,calib,9ba74e25208d7295,jitter02,1,87.26217651367188
1,sid_calib,full_synthetic,unknown,calib,9ba74e25208d7295,crop08,1,106.8544921875
1,sid_calib,full_synthetic,unknown,calib,244b985d2b8d146d,clean,1,243.47915649414062
1,sid_calib,full_synthetic,unknown,calib,244b985d2b8d146d,jpeg90,1,246.07786560058594
1,sid_calib,full_synthetic,unknown,calib,244b985d2b8d146d,jpeg70,1,244.04905700683594
1,sid_calib,full_synthetic,unknown,calib,244b985d2b8d146d,jpeg50,1,242.22283935546875
1,sid_calib,full_synthetic,unknown,calib,244b985d2b8d146d,jpeg30,1,243.45303344726562
1,sid_calib,full_synthetic,unknown,calib,244b985d2b8d146d,blur05,1,244.1390380859375
1,sid_calib,full_synthetic,unknown,calib,244b985d2b8d146d,blur10,1,244.40806579589844
1,sid_calib,full_synthetic,unknown,calib,244b985d2b8d146d,blur20,1,244.5927734375
1,sid_calib,full_synthetic,unknown,calib,244b985d2b8d146d,resize05,1,243.9938201904297
1,sid_calib,full_synthetic,unknown,calib,244b985d2b8d146d,resize025,1,241.01150512695312
1,sid_calib,full_synthetic,unknown,calib,244b985d2b8d146d,noise002,1,245.79779052734375
1,sid_calib,full_synthetic,unknown,calib,244b985d2b8d146d,noise005,1,240.83460998535156
1,sid_calib,full_synthetic,unknown,calib,244b985d2b8d146d,noise01,1,251.2918243408203
1,sid_calib,full_synthetic,unknown,calib,244b985d2b8d146d,jitter02,1,132.403076171875
1,sid_calib,full_synthetic,unknown,calib,244b985d2b8d146d,crop08,1,278.78314208984375
1,sid_calib,full_synthetic,unknown,calib,ac66039091d11ae7,clean,1,136.87216186523438
1,sid_calib,full_synthetic,unknown,calib,ac66039091d11ae7,jpeg90,1,136.84439086914062
1,sid_calib,full_synthetic,unknown,calib,ac66039091d11ae7,jpeg70,1,137.31887817382812
1,sid_calib,full_synthetic,unknown,calib,ac66039091d11ae7,jpeg50,1,137.65576171875
1,sid_calib,full_synthetic,unknown,calib,ac66039091d11ae7,jpeg30,1,137.45281982421875
1,sid_calib,full_synthetic,unknown,calib,ac66039091d11ae7,blur05,1,136.73953247070312
1,sid_calib,full_synthetic,unknown,calib,ac66039091d11ae7,blur10,1,136.88113403320312
1,sid_calib,full_synthetic,unknown,calib,ac66039091d11ae7,blur20,1,136.70533752441406
1,sid_calib,full_synthetic,unknown,calib,ac66039091d11ae7,resize05,1,136.7897491455078
1,sid_calib,full_synthetic,unknown,calib,ac66039091d11ae7,resize025,1,137.58462524414062
1,sid_calib,full_synthetic,unknown,calib,ac66039091d11ae7,noise002,1,137.16146850585938
1,sid_calib,full_synthetic,unknown,calib,ac66039091d11ae7,noise005,1,137.694580078125
1,sid_calib,full_synthetic,unknown,calib,ac66039091d11ae7,noise01,1,135.6641082763672
1,sid_calib,full_synthetic,unknown,calib,ac66039091d11ae7,jitter02,1,138.2173309326172
1,sid_calib,full_synthetic,unknown,calib,ac66039091d11ae7,crop08,1,171.82037353515625
0,sid_calib,real,unknown,calib,35152ae522c8b481,crop08,1,74.78204345703125
0,sid_calib,real,unknown,calib,9f5450909a2f4ca6,clean,1,155.8095703125
0,sid_calib,real,unknown,calib,9f5450909a2f4ca6,jpeg90,1,155.61729431152344
0,sid_calib,real,unknown,calib,9f5450909a2f4ca6,jpeg70,1,154.8649139404297
0,sid_calib,real,unknown,calib,9f5450909a2f4ca6,jpeg50,1,155.4407501220703
0,sid_calib,real,unknown,calib,9f5450909a2f4ca6,jpeg30,1,146.8018341064453
0,sid_calib,real,unknown,calib,9f5450909a2f4ca6,blur05,1,156.1019287109375
0,sid_calib,real,unknown,calib,9f5450909a2f4ca6,blur10,1,156.473388671875
0,sid_calib,real,unknown,calib,9f5450909a2f4ca6,resize05,1,156.45623779296875
0,sid_calib,real,unknown,calib,9f5450909a2f4ca6,resize025,1,147.18238830566406
0,sid_calib,real,unknown,calib,9f5450909a2f4ca6,noise002,1,155.47462463378906
0,sid_calib,real,unknown,calib,9f5450909a2f4ca6,noise005,1,146.5968780517578
0,sid_calib,real,unknown,calib,9f5450909a2f4ca6,jitter02,1,155.63473510742188
0,sid_calib,real,unknown,calib,9f5450909a2f4ca6,crop08,1,191.91514587402344
0,sid_calib,real,unknown,calib,9164138ffd4d8a95,clean,1,150.04969787597656
0,sid_calib,real,unknown,calib,9164138ffd4d8a95,jpeg90,1,150.2373809814453
0,sid_calib,real,unknown,calib,9164138ffd4d8a95,jpeg70,1,150.78041076660156
0,sid_calib,real,unknown,calib,9164138ffd4d8a95,jpeg50,1,150.66143798828125
0,sid_calib,real,unknown,calib,9164138ffd4d8a95,jpeg30,1,152.9965057373047
0,sid_calib,real,unknown,calib,9164138ffd4d8a95,blur05,1,150.04986572265625
0,sid_calib,real,unknown,calib,9164138ffd4d8a95,blur10,1,150.8111114501953
0,sid_calib,real,unknown,calib,9164138ffd4d8a95,blur20,1,153.04173278808594
0,sid_calib,real,unknown,calib,9164138ffd4d8a95,resize05,1,150.66995239257812
0,sid_calib,real,unknown,calib,9164138ffd4d8a95,resize025,1,153.53350830078125
0,sid_calib,real,unknown,calib,9164138ffd4d8a95,noise002,1,150.95684814453125
0,sid_calib,real,unknown,calib,9164138ffd4d8a95,noise005,1,155.800048828125
0,sid_calib,real,unknown,calib,9164138ffd4d8a95,jitter02,1,150.1420135498047
0,sid_calib,real,unknown,calib,9164138ffd4d8a95,crop08,1,187.89883422851562
0,sid_calib,real,unknown,calib,869371bb90a60e5d,clean,1,295.9184265136719
0,sid_calib,real,unknown,calib,869371bb90a60e5d,jpeg90,1,296.0301818847656
0,sid_calib,real,unknown,calib,869371bb90a60e5d,jpeg70,1,296.19940185546875
0,sid_calib,real,unknown,calib,869371bb90a60e5d,jpeg50,1,295.82574462890625
0,sid_calib,real,unknown,calib,869371bb90a60e5d,jpeg30,1,294.7221374511719
0,sid_calib,real,unknown,calib,869371bb90a60e5d,blur05,1,295.5058898925781
0,sid_calib,real,unknown,calib,869371bb90a60e5d,blur10,1,294.54840087890625
0,sid_calib,real,unknown,calib,869371bb90a60e5d,blur20,1,291.6600341796875
0,sid_calib,real,unknown,calib,869371bb90a60e5d,resize05,1,294.84918212890625
0,sid_calib,real,unknown,calib,869371bb90a60e5d,resize025,1,293.2184753417969
0,sid_calib,real,unknown,calib,869371bb90a60e5d,noise002,1,298.19061279296875
0,sid_calib,real,unknown,calib,869371bb90a60e5d,noise005,1,295.6732177734375
0,sid_calib,real,unknown,calib,869371bb90a60e5d,noise01,1,296.9956359863281
0,sid_calib,real,unknown,calib,869371bb90a60e5d,jitter02,1,297.37921142578125
0,sid_calib,real,unknown,calib,869371bb90a60e5d,crop08,1,373.6672668457031
0,sid_calib,real,unknown,calib,f5b63b28e002b5ca,crop08,1,79.72742462158203
0,sid_calib,real,unknown,calib,d6d44467bdd9d159,clean,1,81.7345199584961
0,sid_calib,real,unknown,calib,d6d44467bdd9d159,jpeg90,1,81.74430847167969
0,sid_calib,real,unknown,calib,d6d44467bdd9d159,jpeg70,1,81.4093017578125
0,sid_calib,real,unknown,calib,d6d44467bdd9d159,jpeg50,1,81.46308898925781
0,sid_calib,real,unknown,calib,d6d44467bdd9d159,jpeg30,1,80.01954650878906
0,sid_calib,real,unknown,calib,d6d44467bdd9d159,blur05,1,81.72820281982422
0,sid_calib,real,unknown,calib,d6d44467bdd9d159,blur10,1,81.71627807617188
0,sid_calib,real,unknown,calib,d6d44467bdd9d159,blur20,1,80.5486068725586
0,sid_calib,real,unknown,calib,d6d44467bdd9d159,resize05,1,81.59996032714844
0,sid_calib,real,unknown,calib,d6d44467bdd9d159,resize025,1,80.9541244506836
0,sid_calib,real,unknown,calib,d6d44467bdd9d159,noise002,1,81.99842071533203
0,sid_calib,real,unknown,calib,d6d44467bdd9d159,noise005,1,79.79911804199219
0,sid_calib,real,unknown,calib,d6d44467bdd9d159,noise01,1,78.99610137939453
0,sid_calib,real,unknown,calib,d6d44467bdd9d159,jitter02,1,81.9008560180664
0,sid_calib,real,unknown,calib,d6d44467bdd9d159,crop08,1,97.27497863769531
0,sid_calib,real,unknown,calib,c87d5624c952ae40,clean,1,134.4269256591797
0,sid_calib,real,unknown,calib,c87d5624c952ae40,jpeg90,1,134.08206176757812
0,sid_calib,real,unknown,calib,c87d5624c952ae40,jpeg70,1,133.57862854003906
0,sid_calib,real,unknown,calib,c87d5624c952ae40,jpeg50,1,134.6710205078125
0,sid_calib,real,unknown,calib,c87d5624c952ae40,jpeg30,1,135.8097686767578
0,sid_calib,real,unknown,calib,c87d5624c952ae40,blur05,1,134.92567443847656
0,sid_calib,real,unknown,calib,c87d5624c952ae40,blur10,1,135.5340118408203
0,sid_calib,real,unknown,calib,c87d5624c952ae40,blur20,1,134.2755126953125
0,sid_calib,real,unknown,calib,c87d5624c952ae40,resize05,1,134.97561645507812
0,sid_calib,real,unknown,calib,c87d5624c952ae40,resize025,1,135.1591339111328
0,sid_calib,real,unknown,calib,c87d5624c952ae40,noise002,1,131.24951171875
0,sid_calib,real,unknown,calib,c87d5624c952ae40,noise005,1,129.17605590820312
0,sid_calib,real,unknown,calib,c87d5624c952ae40,noise01,1,135.42567443847656
0,sid_calib,real,unknown,calib,c87d5624c952ae40,jitter02,1,134.35147094726562
0,sid_calib,real,unknown,calib,c87d5624c952ae40,crop08,1,167.41954040527344
0,sid_calib,real,unknown,calib,810048948e6ff4e7,clean,1,85.228515625
0,sid_calib,real,unknown,calib,810048948e6ff4e7,jpeg90,1,85.42414093017578
0,sid_calib,real,unknown,calib,810048948e6ff4e7,jpeg70,1,85.26445007324219
0,sid_calib,real,unknown,calib,810048948e6ff4e7,jpeg50,1,85.23320007324219
0,sid_calib,real,unknown,calib,810048948e6ff4e7,jpeg30,1,85.50337982177734
0,sid_calib,real,unknown,calib,810048948e6ff4e7,blur05,1,85.4954605102539
0,sid_calib,real,unknown,calib,810048948e6ff4e7,blur10,1,85.77095031738281
0,sid_calib,real,unknown,calib,810048948e6ff4e7,blur20,1,85.64494323730469
0,sid_calib,real,unknown,calib,810048948e6ff4e7,resize05,1,85.73664855957031
0,sid_calib,real,unknown,calib,810048948e6ff4e7,resize025,1,85.61090087890625
0,sid_calib,real,unknown,calib,810048948e6ff4e7,noise002,1,85.00839233398438
0,sid_calib,real,unknown,calib,810048948e6ff4e7,noise005,1,85.56085205078125
0,sid_calib,real,unknown,calib,810048948e6ff4e7,noise01,1,87.56446838378906
0,sid_calib,real,unknown,calib,810048948e6ff4e7,jitter02,1,85.57965850830078
0,sid_calib,real,unknown,calib,810048948e6ff4e7,crop08,1,114.96659851074219
0,sid_calib,real,unknown,calib,bc59606597a4b318,crop08,1,68.63492584228516
0,sid_calib,real,unknown,calib,74e4181cd84b26f4,clean,1,247.79400634765625
0,sid_calib,real,unknown,calib,74e4181cd84b26f4,jpeg90,1,248.2360076904297
0,sid_calib,real,unknown,calib,74e4181cd84b26f4,jpeg70,1,246.0815887451172
0,sid_calib,real,unknown,calib,74e4181cd84b26f4,jpeg50,1,246.10206604003906
0,sid_calib,real,unknown,calib,74e4181cd84b26f4,jpeg30,1,249.53651428222656
0,sid_calib,real,unknown,calib,74e4181cd84b26f4,blur05,1,247.45852661132812
0,sid_calib,real,unknown,calib,74e4181cd84b26f4,blur10,1,246.51402282714844
0,sid_calib,real,unknown,calib,74e4181cd84b26f4,blur20,1,246.27545166015625
0,sid_calib,real,unknown,calib,74e4181cd84b26f4,resize05,1,247.32301330566406
0,sid_calib,real,unknown,calib,74e4181cd84b26f4,resize025,1,245.19334411621094
0,sid_calib,real,unknown,calib,74e4181cd84b26f4,noise002,1,249.2452850341797
0,sid_calib,real,unknown,calib,74e4181cd84b26f4,noise005,1,255.59605407714844
0,sid_calib,real,unknown,calib,74e4181cd84b26f4,noise01,1,254.31529235839844
0,sid_calib,real,unknown,calib,74e4181cd84b26f4,jitter02,1,244.8097686767578
0,sid_calib,real,unknown,calib,74e4181cd84b26f4,crop08,1,300.9145202636719
0,sid_calib,real,unknown,calib,57826144f695feec,clean,1,64.16500854492188
0,sid_calib,real,unknown,calib,57826144f695feec,jpeg90,1,64.28861236572266
0,sid_calib,real,unknown,calib,57826144f695feec,noise002,1,64.40409088134766
0,sid_calib,real,unknown,calib,57826144f695feec,jitter02,1,64.0802993774414
0,sid_calib,real,unknown,calib,57826144f695feec,crop08,1,75.05057525634766
0,sid_calib,real,unknown,calib,e30abe1383aef7ed,clean,1,71.01176452636719
0,sid_calib,real,unknown,calib,e30abe1383aef7ed,jpeg90,1,70.83949279785156
0,sid_calib,real,unknown,calib,e30abe1383aef7ed,jpeg70,1,70.22928619384766
0,sid_calib,real,unknown,calib,e30abe1383aef7ed,jpeg50,1,70.50102996826172
0,sid_calib,real,unknown,calib,e30abe1383aef7ed,jpeg30,1,69.44371032714844
0,sid_calib,real,unknown,calib,e30abe1383aef7ed,blur05,1,71.09307098388672
0,sid_calib,real,unknown,calib,e30abe1383aef7ed,blur10,1,71.00050354003906
0,sid_calib,real,unknown,calib,e30abe1383aef7ed,blur20,1,69.77557373046875
0,sid_calib,real,unknown,calib,e30abe1383aef7ed,resize05,1,71.09883880615234
0,sid_calib,real,unknown,calib,e30abe1383aef7ed,resize025,1,70.0157470703125
0,sid_calib,real,unknown,calib,e30abe1383aef7ed,noise002,1,70.50385284423828
0,sid_calib,real,unknown,calib,e30abe1383aef7ed,noise005,1,71.67711639404297
0,sid_calib,real,unknown,calib,e30abe1383aef7ed,noise01,1,71.17573547363281
0,sid_calib,real,unknown,calib,e30abe1383aef7ed,jitter02,1,71.01428985595703
0,sid_calib,real,unknown,calib,e30abe1383aef7ed,crop08,1,86.92125701904297
0,sid_calib,real,unknown,calib,68ca69f83a1e1d3b,crop08,1,70.97509765625
1,sid_calib,full_synthetic,unknown,calib,7ac1edcced4c0f3f,clean,1,64.26535034179688
1,sid_calib,full_synthetic,unknown,calib,7ac1edcced4c0f3f,jpeg90,1,64.28082275390625
1,sid_calib,full_synthetic,unknown,calib,7ac1edcced4c0f3f,jpeg70,1,64.11663055419922
1,sid_calib,full_synthetic,unknown,calib,7ac1edcced4c0f3f,jpeg30,1,64.64005279541016
1,sid_calib,full_synthetic,unknown,calib,7ac1edcced4c0f3f,noise002,1,65.27314758300781
1,sid_calib,full_synthetic,unknown,calib,7ac1edcced4c0f3f,noise005,1,64.24266815185547
1,sid_calib,full_synthetic,unknown,calib,7ac1edcced4c0f3f,jitter02,1,64.0391845703125
1,sid_calib,full_synthetic,unknown,calib,7ac1edcced4c0f3f,crop08,1,83.21723175048828
0,sid_calib,real,unknown,calib,25e6fde5216a70ff,clean,1,67.07560729980469
0,sid_calib,real,unknown,calib,25e6fde5216a70ff,jpeg90,1,67.06124114990234
0,sid_calib,real,unknown,calib,25e6fde5216a70ff,jpeg70,1,67.23941802978516
0,sid_calib,real,unknown,calib,25e6fde5216a70ff,jpeg50,1,67.02190399169922
0,sid_calib,real,unknown,calib,25e6fde5216a70ff,jpeg30,1,68.13304901123047
0,sid_calib,real,unknown,calib,25e6fde5216a70ff,blur05,1,67.20772552490234
0,sid_calib,real,unknown,calib,25e6fde5216a70ff,blur10,1,67.40404510498047
0,sid_calib,real,unknown,calib,25e6fde5216a70ff,blur20,1,67.26361846923828
0,sid_calib,real,unknown,calib,25e6fde5216a70ff,resize05,1,67.22944641113281
0,sid_calib,real,unknown,calib,25e6fde5216a70ff,resize025,1,66.30376434326172
0,sid_calib,real,unknown,calib,25e6fde5216a70ff,noise002,1,68.52300262451172
0,sid_calib,real,unknown,calib,25e6fde5216a70ff,noise005,1,66.6794204711914
0,sid_calib,real,unknown,calib,25e6fde5216a70ff,noise01,1,66.49597930908203
0,sid_calib,real,unknown,calib,25e6fde5216a70ff,jitter02,1,66.1590576171875
0,sid_calib,real,unknown,calib,25e6fde5216a70ff,crop08,1,87.38261413574219
0,sid_calib,real,unknown,calib,e8a70b3ad5b21e60,clean,1,131.3828887939453
0,sid_calib,real,unknown,calib,e8a70b3ad5b21e60,jpeg90,1,131.0355224609375
0,sid_calib,real,unknown,calib,e8a70b3ad5b21e60,jpeg70,1,131.09893798828125
0,sid_calib,real,unknown,calib,e8a70b3ad5b21e60,jpeg50,1,130.7987060546875
0,sid_calib,real,unknown,calib,e8a70b3ad5b21e60,jpeg30,1,131.37940979003906
0,sid_calib,real,unknown,calib,e8a70b3ad5b21e60,blur05,1,131.310546875
0,sid_calib,real,unknown,calib,e8a70b3ad5b21e60,blur10,1,130.74929809570312
0,sid_calib,real,unknown,calib,e8a70b3ad5b21e60,blur20,1,130.67626953125
0,sid_calib,real,unknown,calib,e8a70b3ad5b21e60,resize05,1,130.91326904296875
0,sid_calib,real,unknown,calib,e8a70b3ad5b21e60,resize025,1,129.99624633789062
0,sid_calib,real,unknown,calib,e8a70b3ad5b21e60,noise002,1,132.8250732421875
0,sid_calib,real,unknown,calib,e8a70b3ad5b21e60,noise005,1,131.61398315429688
0,sid_calib,real,unknown,calib,e8a70b3ad5b21e60,jitter02,1,131.59437561035156
0,sid_calib,real,unknown,calib,aca95c45b875e62e,clean,1,83.07785034179688
0,sid_calib,real,unknown,calib,aca95c45b875e62e,jpeg90,1,83.0633544921875
0,sid_calib,real,unknown,calib,aca95c45b875e62e,jpeg70,1,79.79914093017578
0,sid_calib,real,unknown,calib,aca95c45b875e62e,jpeg50,1,83.47846221923828
0,sid_calib,real,unknown,calib,aca95c45b875e62e,jpeg30,1,82.1622085571289
0,sid_calib,real,unknown,calib,aca95c45b875e62e,blur05,1,83.4783706665039
0,sid_calib,real,unknown,calib,aca95c45b875e62e,blur10,1,84.10795593261719
0,sid_calib,real,unknown,calib,aca95c45b875e62e,blur20,1,84.5130386352539
0,sid_calib,real,unknown,calib,aca95c45b875e62e,resize05,1,83.92740631103516
0,sid_calib,real,unknown,calib,aca95c45b875e62e,resize025,1,84.16190338134766
0,sid_calib,real,unknown,calib,aca95c45b875e62e,noise002,1,82.91959381103516
0,sid_calib,real,unknown,calib,aca95c45b875e62e,noise005,1,82.42666625976562
0,sid_calib,real,unknown,calib,aca95c45b875e62e,noise01,1,84.20673370361328
0,sid_calib,real,unknown,calib,aca95c45b875e62e,jitter02,1,83.034423828125
0,sid_calib,real,unknown,calib,aca95c45b875e62e,crop08,1,108.72148132324219
0,sid_calib,real,unknown,calib,b55977adebdb9ee5,crop08,1,123.22547912597656
0,sid_calib,real,unknown,calib,99e18e1d81fa6ea1,jpeg30,1,75.04432678222656
0,sid_calib,real,unknown,calib,99e18e1d81fa6ea1,resize05,1,75.6768569946289
1,sid_calib,full_synthetic,unknown,calib,28addc6369c2018f,clean,1,142.49673461914062
1,sid_calib,full_synthetic,unknown,calib,28addc6369c2018f,jpeg90,1,142.72291564941406
1,sid_calib,full_synthetic,unknown,calib,28addc6369c2018f,jpeg70,1,142.65858459472656
1,sid_calib,full_synthetic,unknown,calib,28addc6369c2018f,jpeg50,1,137.6472930908203
1,sid_calib,full_synthetic,unknown,calib,28addc6369c2018f,jpeg30,1,138.29881286621094
1,sid_calib,full_synthetic,unknown,calib,28addc6369c2018f,blur05,1,142.5135955810547
1,sid_calib,full_synthetic,unknown,calib,28addc6369c2018f,blur10,1,143.09498596191406
1,sid_calib,full_synthetic,unknown,calib,28addc6369c2018f,blur20,1,137.2232208251953
1,sid_calib,full_synthetic,unknown,calib,28addc6369c2018f,resize05,1,142.49514770507812
1,sid_calib,full_synthetic,unknown,calib,28addc6369c2018f,resize025,1,137.72804260253906
1,sid_calib,full_synthetic,unknown,calib,28addc6369c2018f,noise002,1,138.17237854003906
1,sid_calib,full_synthetic,unknown,calib,28addc6369c2018f,noise005,1,136.91455078125
1,sid_calib,full_synthetic,unknown,calib,28addc6369c2018f,noise01,1,135.4019775390625
1,sid_calib,full_synthetic,unknown,calib,28addc6369c2018f,jitter02,1,138.09449768066406
1,sid_calib,full_synthetic,unknown,calib,28addc6369c2018f,crop08,1,170.24497985839844
1,sid_calib,full_synthetic,unknown,calib,c514f824f0677461,crop08,1,180.39410400390625
1,sid_calib,full_synthetic,unknown,calib,a12a27ae608213b9,clean,1,207.95986938476562
1,sid_calib,full_synthetic,unknown,calib,a12a27ae608213b9,jpeg90,1,208.35711669921875
1,sid_calib,full_synthetic,unknown,calib,a12a27ae608213b9,jpeg70,1,206.80752563476562
1,sid_calib,full_synthetic,unknown,calib,a12a27ae608213b9,jpeg50,1,206.8486328125
1,sid_calib,full_synthetic,unknown,calib,a12a27ae608213b9,jpeg30,1,206.4823760986328
1,sid_calib,full_synthetic,unknown,calib,a12a27ae608213b9,blur05,1,208.13124084472656
1,sid_calib,full_synthetic,unknown,calib,a12a27ae608213b9,blur10,1,207.42105102539062
1,sid_calib,full_synthetic,unknown,calib,a12a27ae608213b9,blur20,1,206.07582092285156
1,sid_calib,full_synthetic,unknown,calib,a12a27ae608213b9,resize05,1,207.46041870117188
1,sid_calib,full_synthetic,unknown,calib,a12a27ae608213b9,resize025,1,205.63925170898438
1,sid_calib,full_synthetic,unknown,calib,a12a27ae608213b9,noise002,1,208.717041015625
1,sid_calib,full_synthetic,unknown,calib,a12a27ae608213b9,noise005,1,220.45335388183594
1,sid_calib,full_synthetic,unknown,calib,a12a27ae608213b9,jitter02,1,207.2246856689453
1,sid_calib,full_synthetic,unknown,calib,a12a27ae608213b9,crop08,1,280.9428405761719
0,sid_calib,real,unknown,calib,731909ca31a53757,clean,1,75.35167694091797
0,sid_calib,real,unknown,calib,731909ca31a53757,jpeg90,1,75.50838470458984
0,sid_calib,real,unknown,calib,731909ca31a53757,jpeg70,1,75.24644470214844
0,sid_calib,real,unknown,calib,731909ca31a53757,jpeg50,1,75.79995727539062
0,sid_calib,real,unknown,calib,731909ca31a53757,jpeg30,1,75.7503433227539
0,sid_calib,real,unknown,calib,731909ca31a53757,blur05,1,75.5608139038086
0,sid_calib,real,unknown,calib,731909ca31a53757,blur10,1,78.16838836669922
0,sid_calib,real,unknown,calib,731909ca31a53757,blur20,1,78.37716674804688
0,sid_calib,real,unknown,calib,731909ca31a53757,resize05,1,75.78475189208984
0,sid_calib,real,unknown,calib,731909ca31a53757,resize025,1,78.78561401367188
0,sid_calib,real,unknown,calib,731909ca31a53757,noise002,1,75.30301666259766
0,sid_calib,real,unknown,calib,731909ca31a53757,noise005,1,76.85693359375
0,sid_calib,real,unknown,calib,731909ca31a53757,noise01,1,75.43194580078125
0,sid_calib,real,unknown,calib,731909ca31a53757,jitter02,1,75.80207061767578
0,sid_calib,real,unknown,calib,731909ca31a53757,crop08,1,104.09110260009766
1,sid_calib,full_synthetic,unknown,calib,f61d09a544da4d28,clean,1,105.90127563476562
1,sid_calib,full_synthetic,unknown,calib,f61d09a544da4d28,jpeg90,1,106.08238983154297
1,sid_calib,full_synthetic,unknown,calib,f61d09a544da4d28,jpeg70,1,105.9365005493164
1,sid_calib,full_synthetic,unknown,calib,f61d09a544da4d28,jpeg50,1,105.99415588378906
1,sid_calib,full_synthetic,unknown,calib,f61d09a544da4d28,jpeg30,1,105.99415588378906
1,sid_calib,full_synthetic,unknown,calib,f61d09a544da4d28,blur05,1,106.01464080810547
1,sid_calib,full_synthetic,unknown,calib,f61d09a544da4d28,blur10,1,105.89688110351562
1,sid_calib,full_synthetic,unknown,calib,f61d09a544da4d28,blur20,1,106.74617004394531
1,sid_calib,full_synthetic,unknown,calib,f61d09a544da4d28,resize05,1,106.08169555664062
1,sid_calib,full_synthetic,unknown,calib,f61d09a544da4d28,resize025,1,107.1168441772461
1,sid_calib,full_synthetic,unknown,calib,f61d09a544da4d28,noise002,1,106.10143280029297
1,sid_calib,full_synthetic,unknown,calib,f61d09a544da4d28,noise005,1,106.26677703857422
1,sid_calib,full_synthetic,unknown,calib,f61d09a544da4d28,noise01,1,106.3509521484375
1,sid_calib,full_synthetic,unknown,calib,f61d09a544da4d28,jitter02,1,106.09210968017578
1,sid_calib,full_synthetic,unknown,calib,f61d09a544da4d28,crop08,1,135.57847595214844
0,sid_calib,real,unknown,calib,487b17afdbba69b7,clean,1,78.80535125732422
0,sid_calib,real,unknown,calib,487b17afdbba69b7,jpeg90,1,78.60144805908203
0,sid_calib,real,unknown,calib,487b17afdbba69b7,jpeg70,1,78.03849792480469
0,sid_calib,real,unknown,calib,487b17afdbba69b7,jpeg50,1,78.96054077148438
0,sid_calib,real,unknown,calib,487b17afdbba69b7,jpeg30,1,78.47193145751953
0,sid_calib,real,unknown,calib,487b17afdbba69b7,blur05,1,78.95064544677734
0,sid_calib,real,unknown,calib,487b17afdbba69b7,blur10,1,80.31208801269531
0,sid_calib,real,unknown,calib,487b17afdbba69b7,blur20,1,85.564697265625
0,sid_calib,real,unknown,calib,487b17afdbba69b7,resize05,1,78.71743774414062
0,sid_calib,real,unknown,calib,487b17afdbba69b7,resize025,1,84.06680297851562
0,sid_calib,real,unknown,calib,487b17afdbba69b7,noise002,1,84.3979263305664
0,sid_calib,real,unknown,calib,487b17afdbba69b7,noise005,1,84.44713592529297
0,sid_calib,real,unknown,calib,487b17afdbba69b7,noise01,1,82.32870483398438
0,sid_calib,real,unknown,calib,487b17afdbba69b7,jitter02,1,79.22978973388672
0,sid_calib,real,unknown,calib,487b17afdbba69b7,crop08,1,102.92799377441406
1,sid_calib,full_synthetic,unknown,calib,2e94f773132c85b7,clean,1,199.8668212890625
1,sid_calib,full_synthetic,unknown,calib,2e94f773132c85b7,jpeg90,1,200.07662963867188
1,sid_calib,full_synthetic,unknown,calib,2e94f773132c85b7,jpeg70,1,200.36192321777344
1,sid_calib,full_synthetic,unknown,calib,2e94f773132c85b7,jpeg50,1,199.5407257080078
1,sid_calib,full_synthetic,unknown,calib,2e94f773132c85b7,jpeg30,1,200.15708923339844
1,sid_calib,full_synthetic,unknown,calib,2e94f773132c85b7,blur05,1,199.5753173828125
1,sid_calib,full_synthetic,unknown,calib,2e94f773132c85b7,blur10,1,199.2600860595703
1,sid_calib,full_synthetic,unknown,calib,2e94f773132c85b7,resize05,1,199.5959014892578
1,sid_calib,full_synthetic,unknown,calib,2e94f773132c85b7,resize025,1,200.03799438476562
1,sid_calib,full_synthetic,unknown,calib,2e94f773132c85b7,noise002,1,201.9748077392578
1,sid_calib,full_synthetic,unknown,calib,2e94f773132c85b7,noise005,1,203.32666015625
1,sid_calib,full_synthetic,unknown,calib,2e94f773132c85b7,noise01,1,211.26181030273438
1,sid_calib,full_synthetic,unknown,calib,2e94f773132c85b7,jitter02,1,201.20941162109375
1,sid_calib,full_synthetic,unknown,calib,2e94f773132c85b7,crop08,1,268.73675537109375
1,sid_calib,full_synthetic,unknown,calib,eca6babd7e612f03,crop08,1,68.62667083740234
1,sid_calib,full_synthetic,unknown,calib,fd3b8de4cfc440a1,clean,1,232.12344360351562
1,sid_calib,full_synthetic,unknown,calib,fd3b8de4cfc440a1,jpeg90,1,232.01385498046875
1,sid_calib,full_synthetic,unknown,calib,fd3b8de4cfc440a1,jpeg70,1,232.533447265625
1,sid_calib,full_synthetic,unknown,calib,fd3b8de4cfc440a1,jpeg50,1,231.3959197998047
1,sid_calib,full_synthetic,unknown,calib,fd3b8de4cfc440a1,jpeg30,1,231.41575622558594
1,sid_calib,full_synthetic,unknown,calib,fd3b8de4cfc440a1,blur05,1,232.15794372558594
1,sid_calib,full_synthetic,unknown,calib,fd3b8de4cfc440a1,blur10,1,232.0411376953125
1,sid_calib,full_synthetic,unknown,calib,fd3b8de4cfc440a1,blur20,1,233.09051513671875
1,sid_calib,full_synthetic,unknown,calib,fd3b8de4cfc440a1,resize05,1,231.9242706298828
1,sid_calib,full_synthetic,unknown,calib,fd3b8de4cfc440a1,resize025,1,233.03794860839844
1,sid_calib,full_synthetic,unknown,calib,fd3b8de4cfc440a1,noise002,1,231.15850830078125
1,sid_calib,full_synthetic,unknown,calib,fd3b8de4cfc440a1,noise005,1,237.8493194580078
1,sid_calib,full_synthetic,unknown,calib,fd3b8de4cfc440a1,noise01,1,244.30282592773438
1,sid_calib,full_synthetic,unknown,calib,fd3b8de4cfc440a1,jitter02,1,231.4649658203125
1,sid_calib,full_synthetic,unknown,calib,fd3b8de4cfc440a1,crop08,1,287.3352355957031
1,sid_calib,full_synthetic,unknown,calib,adcb61e953e01162,jpeg50,1,64.43311309814453
1,sid_calib,full_synthetic,unknown,calib,adcb61e953e01162,jpeg30,1,64.0093002319336
1,sid_calib,full_synthetic,unknown,calib,adcb61e953e01162,resize05,1,64.2253646850586
1,sid_calib,full_synthetic,unknown,calib,adcb61e953e01162,noise005,1,64.08679962158203
1,sid_calib,full_synthetic,unknown,calib,adcb61e953e01162,noise01,1,65.43367767333984
1,sid_calib,full_synthetic,unknown,calib,adcb61e953e01162,crop08,1,81.04768371582031
0,sid_calib,real,unknown,calib,a17a22dc377c356f,clean,1,111.71281433105469
0,sid_calib,real,unknown,calib,a17a22dc377c356f,jpeg90,1,112.46536254882812
0,sid_calib,real,unknown,calib,a17a22dc377c356f,jpeg70,1,112.5946273803711
0,sid_calib,real,unknown,calib,a17a22dc377c356f,jpeg50,1,111.03778839111328
0,sid_calib,real,unknown,calib,a17a22dc377c356f,jpeg30,1,111.06929779052734
0,sid_calib,real,unknown,calib,a17a22dc377c356f,blur05,1,111.28780364990234
0,sid_calib,real,unknown,calib,a17a22dc377c356f,blur10,1,110.42134857177734
0,sid_calib,real,unknown,calib,a17a22dc377c356f,blur20,1,109.72972869873047
0,sid_calib,real,unknown,calib,a17a22dc377c356f,resize05,1,110.9674301147461
0,sid_calib,real,unknown,calib,a17a22dc377c356f,resize025,1,109.576904296875
0,sid_calib,real,unknown,calib,a17a22dc377c356f,noise002,1,111.07594299316406
0,sid_calib,real,unknown,calib,a17a22dc377c356f,noise005,1,110.53246307373047
0,sid_calib,real,unknown,calib,a17a22dc377c356f,noise01,1,112.46189880371094
0,sid_calib,real,unknown,calib,a17a22dc377c356f,jitter02,1,111.72533416748047
0,sid_calib,real,unknown,calib,a17a22dc377c356f,crop08,1,134.5822296142578
0,sid_calib,real,unknown,calib,318f084d3ac4f543,clean,1,84.56369018554688
0,sid_calib,real,unknown,calib,318f084d3ac4f543,jpeg90,1,84.84329223632812
0,sid_calib,real,unknown,calib,318f084d3ac4f543,jpeg70,1,84.5250473022461
0,sid_calib,real,unknown,calib,318f084d3ac4f543,jpeg50,1,84.12220001220703
0,sid_calib,real,unknown,calib,318f084d3ac4f543,jpeg30,1,85.29590606689453
0,sid_calib,real,unknown,calib,318f084d3ac4f543,blur05,1,84.57798767089844
0,sid_calib,real,unknown,calib,318f084d3ac4f543,blur10,1,84.75487518310547
0,sid_calib,real,unknown,calib,318f084d3ac4f543,blur20,1,86.47906494140625
0,sid_calib,real,unknown,calib,318f084d3ac4f543,resize05,1,84.731201171875
0,sid_calib,real,unknown,calib,318f084d3ac4f543,resize025,1,86.89920043945312
0,sid_calib,real,unknown,calib,318f084d3ac4f543,noise002,1,84.03031158447266
0,sid_calib,real,unknown,calib,318f084d3ac4f543,noise005,1,83.4480972290039
0,sid_calib,real,unknown,calib,318f084d3ac4f543,noise01,1,88.40914916992188
0,sid_calib,real,unknown,calib,318f084d3ac4f543,jitter02,1,85.07551574707031
0,sid_calib,real,unknown,calib,318f084d3ac4f543,crop08,1,109.81393432617188
0,sid_calib,real,unknown,calib,4661adaab999057f,crop08,1,65.5760726928711
0,sid_calib,real,unknown,calib,9109df6cc6a0a6f5,clean,1,170.6259002685547
0,sid_calib,real,unknown,calib,9109df6cc6a0a6f5,jpeg90,1,170.55992126464844
0,sid_calib,real,unknown,calib,9109df6cc6a0a6f5,jpeg70,1,171.0037841796875
0,sid_calib,real,unknown,calib,9109df6cc6a0a6f5,jpeg50,1,172.21490478515625
0,sid_calib,real,unknown,calib,9109df6cc6a0a6f5,jpeg30,1,168.37554931640625
0,sid_calib,real,unknown,calib,9109df6cc6a0a6f5,blur05,1,170.57684326171875
0,sid_calib,real,unknown,calib,9109df6cc6a0a6f5,blur10,1,171.7931671142578
0,sid_calib,real,unknown,calib,9109df6cc6a0a6f5,blur20,1,167.91915893554688
0,sid_calib,real,unknown,calib,9109df6cc6a0a6f5,resize05,1,171.6427459716797
0,sid_calib,real,unknown,calib,9109df6cc6a0a6f5,resize025,1,167.666259765625
0,sid_calib,real,unknown,calib,9109df6cc6a0a6f5,noise002,1,170.21316528320312
0,sid_calib,real,unknown,calib,9109df6cc6a0a6f5,noise005,1,172.0961151123047
0,sid_calib,real,unknown,calib,9109df6cc6a0a6f5,noise01,1,168.89620971679688
0,sid_calib,real,unknown,calib,9109df6cc6a0a6f5,jitter02,1,169.82423400878906
0,sid_calib,real,unknown,calib,9109df6cc6a0a6f5,crop08,1,250.2124786376953
1,sid_calib,full_synthetic,unknown,calib,ed5043957205d969,clean,1,122.56046295166016
1,sid_calib,full_synthetic,unknown,calib,ed5043957205d969,jpeg90,1,122.79146575927734
1,sid_calib,full_synthetic,unknown,calib,ed5043957205d969,jpeg70,1,122.64689636230469
1,sid_calib,full_synthetic,unknown,calib,ed5043957205d969,jpeg50,1,122.40624237060547
1,sid_calib,full_synthetic,unknown,calib,ed5043957205d969,jpeg30,1,122.6229248046875
1,sid_calib,full_synthetic,unknown,calib,ed5043957205d969,blur05,1,122.6115493774414
1,sid_calib,full_synthetic,unknown,calib,ed5043957205d969,blur10,1,123.29924774169922
1,sid_calib,full_synthetic,unknown,calib,ed5043957205d969,blur20,1,123.87340545654297
1,sid_calib,full_synthetic,unknown,calib,ed5043957205d969,resize05,1,122.71320343017578
1,sid_calib,full_synthetic,unknown,calib,ed5043957205d969,resize025,1,125.67236328125
1,sid_calib,full_synthetic,unknown,calib,ed5043957205d969,noise002,1,122.12535095214844
1,sid_calib,full_synthetic,unknown,calib,ed5043957205d969,noise005,1,121.698486328125
1,sid_calib,full_synthetic,unknown,calib,ed5043957205d969,noise01,1,123.7944564819336
1,sid_calib,full_synthetic,unknown,calib,ed5043957205d969,jitter02,1,122.81192779541016
1,sid_calib,full_synthetic,unknown,calib,ed5043957205d969,crop08,1,151.1097412109375
1,sid_calib,full_synthetic,unknown,calib,3b51ea78f4a66895,clean,1,199.7825469970703
1,sid_calib,full_synthetic,unknown,calib,3b51ea78f4a66895,jpeg90,1,199.4354248046875
1,sid_calib,full_synthetic,unknown,calib,3b51ea78f4a66895,jpeg70,1,199.71908569335938
1,sid_calib,full_synthetic,unknown,calib,3b51ea78f4a66895,jpeg50,1,199.6934051513672
1,sid_calib,full_synthetic,unknown,calib,3b51ea78f4a66895,jpeg30,1,198.3129425048828
1,sid_calib,full_synthetic,unknown,calib,3b51ea78f4a66895,blur05,1,199.6940155029297
1,sid_calib,full_synthetic,unknown,calib,3b51ea78f4a66895,blur10,1,199.28298950195312
1,sid_calib,full_synthetic,unknown,calib,3b51ea78f4a66895,blur20,1,197.88128662109375
1,sid_calib,full_synthetic,unknown,calib,3b51ea78f4a66895,resize05,1,199.71517944335938
1,sid_calib,full_synthetic,unknown,calib,3b51ea78f4a66895,resize025,1,198.13616943359375
1,sid_calib,full_synthetic,unknown,calib,3b51ea78f4a66895,noise002,1,200.8310546875
1,sid_calib,full_synthetic,unknown,calib,3b51ea78f4a66895,noise005,1,201.08349609375
1,sid_calib,full_synthetic,unknown,calib,3b51ea78f4a66895,noise01,1,202.30294799804688
1,sid_calib,full_synthetic,unknown,calib,3b51ea78f4a66895,jitter02,1,197.72714233398438
1,sid_calib,full_synthetic,unknown,calib,3b51ea78f4a66895,crop08,1,253.7610626220703
0,sid_calib,real,unknown,calib,fdecdca1e93b4f54,crop08,1,75.3141860961914
0,sid_calib,real,unknown,calib,338820293e6f033a,clean,1,131.69549560546875
0,sid_calib,real,unknown,calib,338820293e6f033a,jpeg90,1,131.92002868652344
0,sid_calib,real,unknown,calib,338820293e6f033a,jpeg70,1,132.11122131347656
0,sid_calib,real,unknown,calib,338820293e6f033a,jpeg50,1,132.2046661376953
0,sid_calib,real,unknown,calib,338820293e6f033a,jpeg30,1,130.1781463623047
0,sid_calib,real,unknown,calib,338820293e6f033a,blur05,1,131.8663330078125
0,sid_calib,real,unknown,calib,338820293e6f033a,resize05,1,132.238525390625
0,sid_calib,real,unknown,calib,338820293e6f033a,resize025,1,135.1980743408203
0,sid_calib,real,unknown,calib,338820293e6f033a,noise002,1,132.1285400390625
0,sid_calib,real,unknown,calib,338820293e6f033a,jitter02,1,134.6466827392578
0,sid_calib,real,unknown,calib,f23e6ded27c70c02,clean,1,117.38339233398438
0,sid_calib,real,unknown,calib,f23e6ded27c70c02,jpeg90,1,117.42608642578125
0,sid_calib,real,unknown,calib,f23e6ded27c70c02,jpeg70,1,117.08785247802734
0,sid_calib,real,unknown,calib,f23e6ded27c70c02,jpeg50,1,117.84191131591797
0,sid_calib,real,unknown,calib,f23e6ded27c70c02,jpeg30,1,120.8713607788086
0,sid_calib,real,unknown,calib,f23e6ded27c70c02,blur05,1,117.24396514892578
0,sid_calib,real,unknown,calib,f23e6ded27c70c02,blur10,1,117.3656234741211
0,sid_calib,real,unknown,calib,f23e6ded27c70c02,blur20,1,118.2349853515625
0,sid_calib,real,unknown,calib,f23e6ded27c70c02,resize05,1,117.6156005859375
0,sid_calib,real,unknown,calib,f23e6ded27c70c02,resize025,1,117.6391372680664
0,sid_calib,real,unknown,calib,f23e6ded27c70c02,noise002,1,117.29952239990234
0,sid_calib,real,unknown,calib,f23e6ded27c70c02,noise005,1,117.3399429321289
0,sid_calib,real,unknown,calib,f23e6ded27c70c02,noise01,1,118.79485321044922
0,sid_calib,real,unknown,calib,f23e6ded27c70c02,jitter02,1,117.41561126708984
0,sid_calib,real,unknown,calib,f23e6ded27c70c02,crop08,1,154.7322235107422
1,sid_calib,full_synthetic,unknown,calib,e698400b9e308dfb,clean,1,201.1195526123047
1,sid_calib,full_synthetic,unknown,calib,e698400b9e308dfb,jpeg90,1,201.42774963378906
1,sid_calib,full_synthetic,unknown,calib,e698400b9e308dfb,jpeg70,1,200.1520538330078
1,sid_calib,full_synthetic,unknown,calib,e698400b9e308dfb,jpeg50,1,200.48683166503906
1,sid_calib,full_synthetic,unknown,calib,e698400b9e308dfb,jpeg30,1,201.07223510742188
1,sid_calib,full_synthetic,unknown,calib,e698400b9e308dfb,blur05,1,201.18450927734375
1,sid_calib,full_synthetic,unknown,calib,e698400b9e308dfb,blur10,1,200.69070434570312
1,sid_calib,full_synthetic,unknown,calib,e698400b9e308dfb,blur20,1,200.62115478515625
1,sid_calib,full_synthetic,unknown,calib,e698400b9e308dfb,resize05,1,201.24310302734375
1,sid_calib,full_synthetic,unknown,calib,e698400b9e308dfb,resize025,1,201.49566650390625
1,sid_calib,full_synthetic,unknown,calib,e698400b9e308dfb,noise002,1,201.3153839111328
1,sid_calib,full_synthetic,unknown,calib,e698400b9e308dfb,noise005,1,205.4415740966797
1,sid_calib,full_synthetic,unknown,calib,e698400b9e308dfb,noise01,1,196.9803009033203
1,sid_calib,full_synthetic,unknown,calib,e698400b9e308dfb,jitter02,1,202.24427795410156
1,sid_calib,full_synthetic,unknown,calib,e698400b9e308dfb,crop08,1,255.50341796875
0,sid_calib,real,unknown,calib,deafeba691dfccbf,jpeg90,1,161.33108520507812
0,sid_calib,real,unknown,calib,deafeba691dfccbf,jpeg70,1,160.63082885742188
0,sid_calib,real,unknown,calib,deafeba691dfccbf,jpeg50,1,171.92483520507812
0,sid_calib,real,unknown,calib,deafeba691dfccbf,blur05,1,161.6560821533203
0,sid_calib,real,unknown,calib,deafeba691dfccbf,blur10,1,161.0354461669922
0,sid_calib,real,unknown,calib,deafeba691dfccbf,blur20,1,173.04318237304688
0,sid_calib,real,unknown,calib,deafeba691dfccbf,resize05,1,162.52203369140625
0,sid_calib,real,unknown,calib,deafeba691dfccbf,resize025,1,173.2877655029297
0,sid_calib,real,unknown,calib,deafeba691dfccbf,noise002,1,159.6157989501953
0,sid_calib,real,unknown,calib,deafeba691dfccbf,jitter02,1,160.73065185546875
0,sid_calib,real,unknown,calib,deafeba691dfccbf,crop08,1,218.63763427734375
0,sid_calib,real,unknown,calib,1f031f67e89d940c,clean,1,171.04476928710938
0,sid_calib,real,unknown,calib,1f031f67e89d940c,jpeg90,1,171.4562530517578
0,sid_calib,real,unknown,calib,1f031f67e89d940c,jpeg70,1,170.47288513183594
0,sid_calib,real,unknown,calib,1f031f67e89d940c,jpeg50,1,169.85330200195312
0,sid_calib,real,unknown,calib,1f031f67e89d940c,jpeg30,1,169.38548278808594
0,sid_calib,real,unknown,calib,1f031f67e89d940c,blur05,1,171.3249969482422
0,sid_calib,real,unknown,calib,1f031f67e89d940c,blur10,1,172.00694274902344
0,sid_calib,real,unknown,calib,1f031f67e89d940c,blur20,1,171.8724822998047
0,sid_calib,real,unknown,calib,1f031f67e89d940c,resize05,1,171.57058715820312
0,sid_calib,real,unknown,calib,1f031f67e89d940c,resize025,1,171.775390625
0,sid_calib,real,unknown,calib,1f031f67e89d940c,noise002,1,170.09596252441406
0,sid_calib,real,unknown,calib,1f031f67e89d940c,noise005,1,170.35153198242188
0,sid_calib,real,unknown,calib,1f031f67e89d940c,noise01,1,172.96273803710938
0,sid_calib,real,unknown,calib,1f031f67e89d940c,jitter02,1,170.74630737304688
0,sid_calib,real,unknown,calib,1f031f67e89d940c,crop08,1,217.46441650390625
0,sid_calib,real,unknown,calib,63fb560f7f528928,blur20,1,116.87457275390625
0,sid_calib,real,unknown,calib,63fb560f7f528928,resize025,1,111.66371154785156
1,sid_calib,full_synthetic,unknown,calib,60d29ce3d0dcac34,clean,1,81.70770263671875
1,sid_calib,full_synthetic,unknown,calib,60d29ce3d0dcac34,jpeg90,1,81.58358764648438
1,sid_calib,full_synthetic,unknown,calib,60d29ce3d0dcac34,jpeg70,1,81.96249389648438
1,sid_calib,full_synthetic,unknown,calib,60d29ce3d0dcac34,jpeg50,1,77.5612564086914
1,sid_calib,full_synthetic,unknown,calib,60d29ce3d0dcac34,jpeg30,1,77.73207092285156
1,sid_calib,full_synthetic,unknown,calib,60d29ce3d0dcac34,blur05,1,81.72943878173828
1,sid_calib,full_synthetic,unknown,calib,60d29ce3d0dcac34,blur10,1,81.5487289428711
1,sid_calib,full_synthetic,unknown,calib,60d29ce3d0dcac34,blur20,1,78.3348617553711
1,sid_calib,full_synthetic,unknown,calib,60d29ce3d0dcac34,resize05,1,81.48136901855469
1,sid_calib,full_synthetic,unknown,calib,60d29ce3d0dcac34,resize025,1,77.33087921142578
1,sid_calib,full_synthetic,unknown,calib,60d29ce3d0dcac34,noise002,1,82.01211547851562
1,sid_calib,full_synthetic,unknown,calib,60d29ce3d0dcac34,noise005,1,77.78540802001953
1,sid_calib,full_synthetic,unknown,calib,60d29ce3d0dcac34,jitter02,1,76.68778228759766
1,sid_calib,full_synthetic,unknown,calib,60d29ce3d0dcac34,crop08,1,106.39102172851562
0,sid_calib,real,unknown,calib,46ea7ded4b3837ab,clean,1,99.15515899658203
0,sid_calib,real,unknown,calib,46ea7ded4b3837ab,jpeg90,1,98.58397674560547
0,sid_calib,real,unknown,calib,46ea7ded4b3837ab,jpeg70,1,98.83821868896484
0,sid_calib,real,unknown,calib,46ea7ded4b3837ab,jpeg50,1,97.98609161376953
0,sid_calib,real,unknown,calib,46ea7ded4b3837ab,jpeg30,1,99.14173126220703
0,sid_calib,real,unknown,calib,46ea7ded4b3837ab,blur05,1,99.1249771118164
0,sid_calib,real,unknown,calib,46ea7ded4b3837ab,blur10,1,98.80318450927734
0,sid_calib,real,unknown,calib,46ea7ded4b3837ab,blur20,1,96.81500244140625
0,sid_calib,real,unknown,calib,46ea7ded4b3837ab,resize05,1,99.1869125366211
0,sid_calib,real,unknown,calib,46ea7ded4b3837ab,resize025,1,97.99302673339844
0,sid_calib,real,unknown,calib,46ea7ded4b3837ab,noise002,1,99.19233703613281
0,sid_calib,real,unknown,calib,46ea7ded4b3837ab,noise005,1,99.14321899414062
0,sid_calib,real,unknown,calib,46ea7ded4b3837ab,noise01,1,100.16803741455078
0,sid_calib,real,unknown,calib,46ea7ded4b3837ab,jitter02,1,100.52146911621094
0,sid_calib,real,unknown,calib,46ea7ded4b3837ab,crop08,1,117.86380767822266
1,sid_calib,full_synthetic,unknown,calib,a2bf8addf0feeea4,clean,1,202.77102661132812
1,sid_calib,full_synthetic,unknown,calib,a2bf8addf0feeea4,jpeg90,1,202.7863006591797
1,sid_calib,full_synthetic,unknown,calib,a2bf8addf0feeea4,jpeg70,1,202.64450073242188
1,sid_calib,full_synthetic,unknown,calib,a2bf8addf0feeea4,jpeg50,1,204.17942810058594
1,sid_calib,full_synthetic,unknown,calib,a2bf8addf0feeea4,jpeg30,1,204.4481964111328
1,sid_calib,full_synthetic,unknown,calib,a2bf8addf0feeea4,blur05,1,203.10289001464844
1,sid_calib,full_synthetic,unknown,calib,a2bf8addf0feeea4,blur10,1,204.95852661132812
1,sid_calib,full_synthetic,unknown,calib,a2bf8addf0feeea4,blur20,1,207.9256591796875
1,sid_calib,full_synthetic,unknown,calib,a2bf8addf0feeea4,resize05,1,202.94766235351562
1,sid_calib,full_synthetic,unknown,calib,a2bf8addf0feeea4,resize025,1,204.3629608154297
1,sid_calib,full_synthetic,unknown,calib,a2bf8addf0feeea4,noise002,1,201.07052612304688
1,sid_calib,full_synthetic,unknown,calib,a2bf8addf0feeea4,noise005,1,205.5316925048828
1,sid_calib,full_synthetic,unknown,calib,a2bf8addf0feeea4,noise01,1,198.02793884277344
1,sid_calib,full_synthetic,unknown,calib,a2bf8addf0feeea4,jitter02,1,200.5084686279297
1,sid_calib,full_synthetic,unknown,calib,a2bf8addf0feeea4,crop08,1,237.4781494140625
1,sid_calib,full_synthetic,unknown,calib,09f3a539af9eb2ea,crop08,1,432.1957092285156
0,sid_calib,real,unknown,calib,75f5f649ebae41ae,clean,1,95.6037826538086
0,sid_calib,real,unknown,calib,75f5f649ebae41ae,jpeg90,1,96.08662414550781
0,sid_calib,real,unknown,calib,75f5f649ebae41ae,jpeg70,1,94.812255859375
0,sid_calib,real,unknown,calib,75f5f649ebae41ae,jpeg50,1,91.97015380859375
0,sid_calib,real,unknown,calib,75f5f649ebae41ae,jpeg30,1,93.9946517944336
0,sid_calib,real,unknown,calib,75f5f649ebae41ae,blur05,1,96.08582305908203
0,sid_calib,real,unknown,calib,75f5f649ebae41ae,blur10,1,96.78904724121094
0,sid_calib,real,unknown,calib,75f5f649ebae41ae,blur20,1,97.65104675292969
0,sid_calib,real,unknown,calib,75f5f649ebae41ae,resize05,1,95.97018432617188
0,sid_calib,real,unknown,calib,75f5f649ebae41ae,resize025,1,96.05192565917969
0,sid_calib,real,unknown,calib,75f5f649ebae41ae,noise002,1,95.58877563476562
0,sid_calib,real,unknown,calib,75f5f649ebae41ae,jitter02,1,95.37151336669922
0,sid_calib,real,unknown,calib,75f5f649ebae41ae,crop08,1,117.46696472167969
0,sid_calib,real,unknown,calib,59b94a8aeff096b2,clean,1,88.22347259521484
0,sid_calib,real,unknown,calib,59b94a8aeff096b2,jpeg90,1,88.15129852294922
0,sid_calib,real,unknown,calib,59b94a8aeff096b2,jpeg70,1,88.38410186767578
0,sid_calib,real,unknown,calib,59b94a8aeff096b2,jpeg50,1,90.16553497314453
0,sid_calib,real,unknown,calib,59b94a8aeff096b2,jpeg30,1,88.701171875
0,sid_calib,real,unknown,calib,59b94a8aeff096b2,blur05,1,88.16116333007812
0,sid_calib,real,unknown,calib,59b94a8aeff096b2,blur10,1,87.3718490600586
0,sid_calib,real,unknown,calib,59b94a8aeff096b2,blur20,1,85.98358154296875
0,sid_calib,real,unknown,calib,59b94a8aeff096b2,resize05,1,87.62554168701172
0,sid_calib,real,unknown,calib,59b94a8aeff096b2,resize025,1,86.97926330566406
0,sid_calib,real,unknown,calib,59b94a8aeff096b2,noise002,1,88.6164321899414
0,sid_calib,real,unknown,calib,59b94a8aeff096b2,noise005,1,90.44676208496094
0,sid_calib,real,unknown,calib,59b94a8aeff096b2,noise01,1,89.72960662841797
0,sid_calib,real,unknown,calib,59b94a8aeff096b2,jitter02,1,87.99071502685547
0,sid_calib,real,unknown,calib,59b94a8aeff096b2,crop08,1,106.46927642822266
0,sid_calib,real,unknown,calib,3bdc492e6bbfcb27,clean,1,74.94104766845703
0,sid_calib,real,unknown,calib,3bdc492e6bbfcb27,jpeg90,1,74.70378875732422
0,sid_calib,real,unknown,calib,3bdc492e6bbfcb27,jpeg70,1,74.21403503417969
0,sid_calib,real,unknown,calib,3bdc492e6bbfcb27,jpeg50,1,74.29747009277344
0,sid_calib,real,unknown,calib,3bdc492e6bbfcb27,jpeg30,1,74.17565155029297
0,sid_calib,real,unknown,calib,3bdc492e6bbfcb27,blur05,1,74.858154296875
0,sid_calib,real,unknown,calib,3bdc492e6bbfcb27,blur10,1,75.31611633300781
0,sid_calib,real,unknown,calib,3bdc492e6bbfcb27,blur20,1,76.03779602050781
0,sid_calib,real,unknown,calib,3bdc492e6bbfcb27,resize05,1,74.99742889404297
0,sid_calib,real,unknown,calib,3bdc492e6bbfcb27,resize025,1,75.77960205078125
0,sid_calib,real,unknown,calib,3bdc492e6bbfcb27,noise002,1,74.9476318359375
0,sid_calib,real,unknown,calib,3bdc492e6bbfcb27,noise005,1,74.7220687866211
0,sid_calib,real,unknown,calib,3bdc492e6bbfcb27,noise01,1,75.80115509033203
0,sid_calib,real,unknown,calib,3bdc492e6bbfcb27,jitter02,1,74.34335327148438
0,sid_calib,real,unknown,calib,3bdc492e6bbfcb27,crop08,1,93.52042388916016
0,sid_calib,real,unknown,calib,99b84d9f457145bc,clean,1,181.59646606445312
0,sid_calib,real,unknown,calib,99b84d9f457145bc,jpeg90,1,180.66690063476562
0,sid_calib,real,unknown,calib,99b84d9f457145bc,jpeg70,1,180.9699249267578
0,sid_calib,real,unknown,calib,99b84d9f457145bc,jpeg50,1,180.118408203125
0,sid_calib,real,unknown,calib,99b84d9f457145bc,jpeg30,1,185.32260131835938
0,sid_calib,real,unknown,calib,99b84d9f457145bc,blur05,1,181.90785217285156
0,sid_calib,real,unknown,calib,99b84d9f457145bc,blur10,1,183.0997314453125
0,sid_calib,real,unknown,calib,99b84d9f457145bc,blur20,1,186.59776306152344
0,sid_calib,real,unknown,calib,99b84d9f457145bc,resize05,1,182.0840606689453
0,sid_calib,real,unknown,calib,99b84d9f457145bc,resize025,1,185.59121704101562
0,sid_calib,real,unknown,calib,99b84d9f457145bc,noise002,1,182.82266235351562
0,sid_calib,real,unknown,calib,99b84d9f457145bc,noise005,1,182.15097045898438
0,sid_calib,real,unknown,calib,99b84d9f457145bc,noise01,1,192.06263732910156
0,sid_calib,real,unknown,calib,99b84d9f457145bc,jitter02,1,182.84034729003906
0,sid_calib,real,unknown,calib,99b84d9f457145bc,crop08,1,251.71327209472656
1,sid_calib,full_synthetic,unknown,calib,7024e8164709014a,clean,1,148.85328674316406
1,sid_calib,full_synthetic,unknown,calib,7024e8164709014a,jpeg90,1,149.2781219482422
1,sid_calib,full_synthetic,unknown,calib,7024e8164709014a,jpeg70,1,149.6358184814453
1,sid_calib,full_synthetic,unknown,calib,7024e8164709014a,jpeg50,1,148.3521728515625
1,sid_calib,full_synthetic,unknown,calib,7024e8164709014a,jpeg30,1,147.1289520263672
1,sid_calib,full_synthetic,unknown,calib,7024e8164709014a,blur05,1,149.36167907714844
1,sid_calib,full_synthetic,unknown,calib,7024e8164709014a,blur10,1,150.21231079101562
1,sid_calib,full_synthetic,unknown,calib,7024e8164709014a,blur20,1,150.7666473388672
1,sid_calib,full_synthetic,unknown,calib,7024e8164709014a,resize05,1,149.76344299316406
1,sid_calib,full_synthetic,unknown,calib,7024e8164709014a,resize025,1,150.01702880859375
1,sid_calib,full_synthetic,unknown,calib,7024e8164709014a,noise002,1,149.233642578125
1,sid_calib,full_synthetic,unknown,calib,7024e8164709014a,noise005,1,151.24014282226562
1,sid_calib,full_synthetic,unknown,calib,7024e8164709014a,noise01,1,150.67401123046875
1,sid_calib,full_synthetic,unknown,calib,7024e8164709014a,jitter02,1,147.31326293945312
1,sid_calib,full_synthetic,unknown,calib,7024e8164709014a,crop08,1,182.6249542236328
1,sid_calib,full_synthetic,unknown,calib,0b150e5c89cb92c9,crop08,1,224.96780395507812
0,sid_calib,real,unknown,calib,fb347ef57db07c6b,clean,1,86.0541763305664
0,sid_calib,real,unknown,calib,fb347ef57db07c6b,jpeg90,1,82.53902435302734
0,sid_calib,real,unknown,calib,fb347ef57db07c6b,jpeg70,1,82.77201080322266
0,sid_calib,real,unknown,calib,fb347ef57db07c6b,jpeg50,1,86.46011352539062
0,sid_calib,real,unknown,calib,fb347ef57db07c6b,jpeg30,1,82.99870300292969
0,sid_calib,real,unknown,calib,fb347ef57db07c6b,blur05,1,83.61632537841797
0,sid_calib,real,unknown,calib,fb347ef57db07c6b,blur10,1,83.83244323730469
0,sid_calib,real,unknown,calib,fb347ef57db07c6b,blur20,1,75.90547180175781
0,sid_calib,real,unknown,calib,fb347ef57db07c6b,resize05,1,83.66332244873047
0,sid_calib,real,unknown,calib,fb347ef57db07c6b,resize025,1,77.2675552368164
0,sid_calib,real,unknown,calib,fb347ef57db07c6b,noise002,1,84.01124572753906
0,sid_calib,real,unknown,calib,fb347ef57db07c6b,noise005,1,85.64521789550781
0,sid_calib,real,unknown,calib,fb347ef57db07c6b,noise01,1,77.41941833496094
0,sid_calib,real,unknown,calib,fb347ef57db07c6b,jitter02,1,85.8707504272461
0,sid_calib,real,unknown,calib,fb347ef57db07c6b,crop08,1,105.96813201904297
1,sid_calib,full_synthetic,unknown,calib,3f9011597396ebfd,clean,1,150.4746856689453
1,sid_calib,full_synthetic,unknown,calib,3f9011597396ebfd,jpeg90,1,150.6094970703125
1,sid_calib,full_synthetic,unknown,calib,3f9011597396ebfd,jpeg70,1,150.42098999023438
1,sid_calib,full_synthetic,unknown,calib,3f9011597396ebfd,jpeg50,1,151.79754638671875
1,sid_calib,full_synthetic,unknown,calib,3f9011597396ebfd,jpeg30,1,149.8223114013672
1,sid_calib,full_synthetic,unknown,calib,3f9011597396ebfd,blur05,1,150.4051055908203
1,sid_calib,full_synthetic,unknown,calib,3f9011597396ebfd,blur10,1,151.0159454345703
1,sid_calib,full_synthetic,unknown,calib,3f9011597396ebfd,blur20,1,152.22433471679688
1,sid_calib,full_synthetic,unknown,calib,3f9011597396ebfd,resize05,1,150.530517578125
1,sid_calib,full_synthetic,unknown,calib,3f9011597396ebfd,resize025,1,151.95223999023438
1,sid_calib,full_synthetic,unknown,calib,3f9011597396ebfd,noise002,1,151.4584197998047
1,sid_calib,full_synthetic,unknown,calib,3f9011597396ebfd,noise005,1,152.44573974609375
1,sid_calib,full_synthetic,unknown,calib,3f9011597396ebfd,noise01,1,152.2742156982422
1,sid_calib,full_synthetic,unknown,calib,3f9011597396ebfd,jitter02,1,151.53662109375
1,sid_calib,full_synthetic,unknown,calib,3f9011597396ebfd,crop08,1,171.62564086914062
0,sid_calib,real,unknown,calib,1785bc142f1003a1,clean,1,206.37168884277344
0,sid_calib,real,unknown,calib,1785bc142f1003a1,jpeg90,1,205.98109436035156
0,sid_calib,real,unknown,calib,1785bc142f1003a1,jpeg70,1,206.6285400390625
0,sid_calib,real,unknown,calib,1785bc142f1003a1,jpeg50,1,207.1224365234375
0,sid_calib,real,unknown,calib,1785bc142f1003a1,jpeg30,1,205.6433563232422
0,sid_calib,real,unknown,calib,1785bc142f1003a1,blur05,1,206.20245361328125
0,sid_calib,real,unknown,calib,1785bc142f1003a1,blur10,1,204.5292510986328
0,sid_calib,real,unknown,calib,1785bc142f1003a1,blur20,1,193.6071319580078
0,sid_calib,real,unknown,calib,1785bc142f1003a1,resize05,1,205.1500244140625
0,sid_calib,real,unknown,calib,1785bc142f1003a1,resize025,1,203.38406372070312
0,sid_calib,real,unknown,calib,1785bc142f1003a1,noise002,1,205.7971954345703
0,sid_calib,real,unknown,calib,1785bc142f1003a1,noise005,1,201.95924377441406
0,sid_calib,real,unknown,calib,1785bc142f1003a1,noise01,1,208.25662231445312
0,sid_calib,real,unknown,calib,1785bc142f1003a1,jitter02,1,203.5025634765625
0,sid_calib,real,unknown,calib,1785bc142f1003a1,crop08,1,249.03500366210938
0,sid_calib,real,unknown,calib,d8ee537e0cda7b1b,clean,1,164.24314880371094
0,sid_calib,real,unknown,calib,d8ee537e0cda7b1b,jpeg90,1,163.88531494140625
0,sid_calib,real,unknown,calib,d8ee537e0cda7b1b,jpeg70,1,163.5567169189453
0,sid_calib,real,unknown,calib,d8ee537e0cda7b1b,jpeg50,1,166.63377380371094
0,sid_calib,real,unknown,calib,d8ee537e0cda7b1b,jpeg30,1,161.24859619140625
0,sid_calib,real,unknown,calib,d8ee537e0cda7b1b,blur05,1,163.91165161132812
0,sid_calib,real,unknown,calib,d8ee537e0cda7b1b,blur10,1,162.8873748779297
0,sid_calib,real,unknown,calib,d8ee537e0cda7b1b,blur20,1,156.9734649658203
0,sid_calib,real,unknown,calib,d8ee537e0cda7b1b,resize05,1,163.51016235351562
0,sid_calib,real,unknown,calib,d8ee537e0cda7b1b,resize025,1,158.8906707763672
0,sid_calib,real,unknown,calib,d8ee537e0cda7b1b,noise002,1,165.07974243164062
0,sid_calib,real,unknown,calib,d8ee537e0cda7b1b,jitter02,1,164.85464477539062
0,sid_calib,real,unknown,calib,d8ee537e0cda7b1b,crop08,1,204.4673614501953
0,sid_calib,real,unknown,calib,a44d69312aaaa4f3,crop08,1,67.2530746459961
1,sid_calib,full_synthetic,unknown,calib,303c22caa365f01c,clean,1,252.7335968017578
1,sid_calib,full_synthetic,unknown,calib,303c22caa365f01c,jpeg90,1,251.289306640625
1,sid_calib,full_synthetic,unknown,calib,303c22caa365f01c,jpeg70,1,251.289306640625
1,sid_calib,full_synthetic,unknown,calib,303c22caa365f01c,jpeg50,1,251.71969604492188
1,sid_calib,full_synthetic,unknown,calib,303c22caa365f01c,jpeg30,1,249.1444854736328
1,sid_calib,full_synthetic,unknown,calib,303c22caa365f01c,blur05,1,251.37245178222656
1,sid_calib,full_synthetic,unknown,calib,303c22caa365f01c,blur10,1,248.18382263183594
1,sid_calib,full_synthetic,unknown,calib,303c22caa365f01c,blur20,1,247.25596618652344
1,sid_calib,full_synthetic,unknown,calib,303c22caa365f01c,resize05,1,250.5186767578125
1,sid_calib,full_synthetic,unknown,calib,303c22caa365f01c,resize025,1,247.1073455810547
1,sid_calib,full_synthetic,unknown,calib,303c22caa365f01c,noise002,1,251.27484130859375
1,sid_calib,full_synthetic,unknown,calib,303c22caa365f01c,noise005,1,250.98451232910156
1,sid_calib,full_synthetic,unknown,calib,303c22caa365f01c,noise01,1,250.70628356933594
1,sid_calib,full_synthetic,unknown,calib,303c22caa365f01c,jitter02,1,253.5856170654297
1,sid_calib,full_synthetic,unknown,calib,303c22caa365f01c,crop08,1,288.7694396972656
0,sid_calib,real,unknown,calib,48f542be7fea5d96,clean,1,96.26485443115234
0,sid_calib,real,unknown,calib,48f542be7fea5d96,jpeg90,1,96.15978240966797
0,sid_calib,real,unknown,calib,48f542be7fea5d96,jpeg70,1,95.97183227539062
0,sid_calib,real,unknown,calib,48f542be7fea5d96,jpeg50,1,92.82718658447266
0,sid_calib,real,unknown,calib,48f542be7fea5d96,jpeg30,1,92.1294174194336
0,sid_calib,real,unknown,calib,48f542be7fea5d96,blur05,1,93.63240051269531
0,sid_calib,real,unknown,calib,48f542be7fea5d96,blur10,1,93.47817993164062
0,sid_calib,real,unknown,calib,48f542be7fea5d96,blur20,1,94.5286865234375
0,sid_calib,real,unknown,calib,48f542be7fea5d96,resize05,1,93.38568115234375
0,sid_calib,real,unknown,calib,48f542be7fea5d96,noise002,1,96.01419067382812
0,sid_calib,real,unknown,calib,48f542be7fea5d96,noise005,1,95.94737243652344
0,sid_calib,real,unknown,calib,48f542be7fea5d96,noise01,1,95.82012939453125
0,sid_calib,real,unknown,calib,48f542be7fea5d96,jitter02,1,96.32742309570312
0,sid_calib,real,unknown,calib,48f542be7fea5d96,crop08,1,119.59761810302734
0,sid_calib,real,unknown,calib,c322340b9aafef33,crop08,1,68.98697662353516
0,sid_calib,real,unknown,calib,bbcb963f5d1a33b9,clean,1,67.59465026855469
0,sid_calib,real,unknown,calib,bbcb963f5d1a33b9,jpeg90,1,67.49109649658203
0,sid_calib,real,unknown,calib,bbcb963f5d1a33b9,jpeg70,1,67.44913482666016
0,sid_calib,real,unknown,calib,bbcb963f5d1a33b9,jpeg50,1,66.4696273803711
0,sid_calib,real,unknown,calib,bbcb963f5d1a33b9,jpeg30,1,67.78135681152344
0,sid_calib,real,unknown,calib,bbcb963f5d1a33b9,blur05,1,67.5393295288086
0,sid_calib,real,unknown,calib,bbcb963f5d1a33b9,blur10,1,67.18681335449219
0,sid_calib,real,unknown,calib,bbcb963f5d1a33b9,resize05,1,68.22480010986328
0,sid_calib,real,unknown,calib,bbcb963f5d1a33b9,noise002,1,67.62509155273438
0,sid_calib,real,unknown,calib,bbcb963f5d1a33b9,noise005,1,67.74256896972656
0,sid_calib,real,unknown,calib,bbcb963f5d1a33b9,jitter02,1,67.1739501953125
0,sid_calib,real,unknown,calib,bbcb963f5d1a33b9,crop08,1,83.20484924316406
1,sid_calib,full_synthetic,unknown,calib,a379004e0f71a219,clean,1,291.4872741699219
1,sid_calib,full_synthetic,unknown,calib,a379004e0f71a219,jpeg90,1,291.654052734375
1,sid_calib,full_synthetic,unknown,calib,a379004e0f71a219,jpeg70,1,291.58404541015625
1,sid_calib,full_synthetic,unknown,calib,a379004e0f71a219,jpeg50,1,290.056640625
1,sid_calib,full_synthetic,unknown,calib,a379004e0f71a219,jpeg30,1,290.44036865234375
1,sid_calib,full_synthetic,unknown,calib,a379004e0f71a219,blur05,1,291.6400146484375
1,sid_calib,full_synthetic,unknown,calib,a379004e0f71a219,blur10,1,289.9377746582031
1,sid_calib,full_synthetic,unknown,calib,a379004e0f71a219,blur20,1,288.2657470703125
1,sid_calib,full_synthetic,unknown,calib,a379004e0f71a219,resize05,1,291.1091613769531
1,sid_calib,full_synthetic,unknown,calib,a379004e0f71a219,resize025,1,289.15264892578125
1,sid_calib,full_synthetic,unknown,calib,a379004e0f71a219,noise002,1,291.25933837890625
1,sid_calib,full_synthetic,unknown,calib,a379004e0f71a219,noise005,1,293.1594543457031
1,sid_calib,full_synthetic,unknown,calib,a379004e0f71a219,noise01,1,301.3557434082031
1,sid_calib,full_synthetic,unknown,calib,a379004e0f71a219,jitter02,1,290.15234375
1,sid_calib,full_synthetic,unknown,calib,a379004e0f71a219,crop08,1,367.6539001464844
0,sid_calib,real,unknown,calib,f38849019538e7b5,clean,1,134.25038146972656
0,sid_calib,real,unknown,calib,f38849019538e7b5,jpeg90,1,134.1284637451172
0,sid_calib,real,unknown,calib,f38849019538e7b5,jpeg70,1,134.38046264648438
0,sid_calib,real,unknown,calib,f38849019538e7b5,jpeg50,1,133.8994903564453
0,sid_calib,real,unknown,calib,f38849019538e7b5,jpeg30,1,135.32171630859375
0,sid_calib,real,unknown,calib,f38849019538e7b5,blur05,1,134.29075622558594
0,sid_calib,real,unknown,calib,f38849019538e7b5,blur10,1,141.24884033203125
0,sid_calib,real,unknown,calib,f38849019538e7b5,blur20,1,132.30368041992188
0,sid_calib,real,unknown,calib,f38849019538e7b5,resize05,1,140.43336486816406
0,sid_calib,real,unknown,calib,f38849019538e7b5,resize025,1,132.48081970214844
0,sid_calib,real,unknown,calib,f38849019538e7b5,noise002,1,134.248046875
0,sid_calib,real,unknown,calib,f38849019538e7b5,noise005,1,134.24490356445312
0,sid_calib,real,unknown,calib,f38849019538e7b5,noise01,1,132.50965881347656
0,sid_calib,real,unknown,calib,f38849019538e7b5,jitter02,1,134.48793029785156
0,sid_calib,real,unknown,calib,f38849019538e7b5,crop08,1,174.42942810058594
0,sid_calib,real,unknown,calib,ddd450ecc88da98f,clean,1,79.6182861328125
0,sid_calib,real,unknown,calib,ddd450ecc88da98f,jpeg90,1,79.75498962402344
0,sid_calib,real,unknown,calib,ddd450ecc88da98f,jpeg70,1,80.02896881103516
0,sid_calib,real,unknown,calib,ddd450ecc88da98f,jpeg50,1,79.61117553710938
0,sid_calib,real,unknown,calib,ddd450ecc88da98f,jpeg30,1,79.11701202392578
0,sid_calib,real,unknown,calib,ddd450ecc88da98f,blur05,1,79.41354370117188
0,sid_calib,real,unknown,calib,ddd450ecc88da98f,blur10,1,82.80787658691406
0,sid_calib,real,unknown,calib,ddd450ecc88da98f,blur20,1,83.50293731689453
0,sid_calib,real,unknown,calib,ddd450ecc88da98f,resize05,1,79.36933898925781
0,sid_calib,real,unknown,calib,ddd450ecc88da98f,resize025,1,83.44646453857422
0,sid_calib,real,unknown,calib,ddd450ecc88da98f,noise002,1,79.70174407958984
0,sid_calib,real,unknown,calib,ddd450ecc88da98f,noise005,1,82.20027923583984
0,sid_calib,real,unknown,calib,ddd450ecc88da98f,noise01,1,81.00433349609375
0,sid_calib,real,unknown,calib,ddd450ecc88da98f,jitter02,1,79.71212768554688
0,sid_calib,real,unknown,calib,ddd450ecc88da98f,crop08,1,101.09871673583984
0,sid_calib,real,unknown,calib,243759555ae94f98,clean,1,135.81753540039062
0,sid_calib,real,unknown,calib,243759555ae94f98,jpeg90,1,135.8204803466797
0,sid_calib,real,unknown,calib,243759555ae94f98,jpeg70,1,136.226318359375
0,sid_calib,real,unknown,calib,243759555ae94f98,jpeg50,1,135.41465759277344
0,sid_calib,real,unknown,calib,243759555ae94f98,jpeg30,1,135.40829467773438
0,sid_calib,real,unknown,calib,243759555ae94f98,blur05,1,135.52806091308594
0,sid_calib,real,unknown,calib,243759555ae94f98,blur10,1,135.33738708496094
0,sid_calib,real,unknown,calib,243759555ae94f98,blur20,1,135.1812744140625
0,sid_calib,real,unknown,calib,243759555ae94f98,resize05,1,135.41824340820312
0,sid_calib,real,unknown,calib,243759555ae94f98,resize025,1,134.6633758544922
0,sid_calib,real,unknown,calib,243759555ae94f98,noise002,1,135.8896942138672
0,sid_calib,real,unknown,calib,243759555ae94f98,noise005,1,132.79364013671875
0,sid_calib,real,unknown,calib,243759555ae94f98,noise01,1,134.60142517089844
0,sid_calib,real,unknown,calib,243759555ae94f98,jitter02,1,134.87164306640625
0,sid_calib,real,unknown,calib,243759555ae94f98,crop08,1,175.02101135253906
0,sid_calib,real,unknown,calib,b28823bb47812556,clean,1,190.80740356445312
0,sid_calib,real,unknown,calib,b28823bb47812556,jpeg90,1,190.8378448486328
0,sid_calib,real,unknown,calib,b28823bb47812556,jpeg70,1,191.25247192382812
0,sid_calib,real,unknown,calib,b28823bb47812556,jpeg50,1,191.80624389648438
0,sid_calib,real,unknown,calib,b28823bb47812556,jpeg30,1,189.63966369628906
0,sid_calib,real,unknown,calib,b28823bb47812556,blur05,1,190.79757690429688
0,sid_calib,real,unknown,calib,b28823bb47812556,blur10,1,190.74754333496094
0,sid_calib,real,unknown,calib,b28823bb47812556,blur20,1,192.19520568847656
0,sid_calib,real,unknown,calib,b28823bb47812556,resize05,1,190.5995330810547
0,sid_calib,real,unknown,calib,b28823bb47812556,resize025,1,190.30406188964844
0,sid_calib,real,unknown,calib,b28823bb47812556,noise002,1,191.4879913330078
0,sid_calib,real,unknown,calib,b28823bb47812556,noise005,1,191.17323303222656
0,sid_calib,real,unknown,calib,b28823bb47812556,noise01,1,192.78273010253906
0,sid_calib,real,unknown,calib,b28823bb47812556,jitter02,1,191.25930786132812
0,sid_calib,real,unknown,calib,b28823bb47812556,crop08,1,226.12435913085938
0,sid_calib,real,unknown,calib,2765565688cfbbce,clean,1,105.76470184326172
0,sid_calib,real,unknown,calib,2765565688cfbbce,jpeg90,1,105.66814422607422
0,sid_calib,real,unknown,calib,2765565688cfbbce,jpeg70,1,105.6578369140625
0,sid_calib,real,unknown,calib,2765565688cfbbce,jpeg50,1,105.48392486572266
0,sid_calib,real,unknown,calib,2765565688cfbbce,jpeg30,1,104.73863220214844
0,sid_calib,real,unknown,calib,2765565688cfbbce,blur05,1,105.80998992919922
0,sid_calib,real,unknown,calib,2765565688cfbbce,blur10,1,104.96784973144531
0,sid_calib,real,unknown,calib,2765565688cfbbce,blur20,1,105.32728576660156
0,sid_calib,real,unknown,calib,2765565688cfbbce,resize05,1,105.68238830566406
0,sid_calib,real,unknown,calib,2765565688cfbbce,resize025,1,106.42179107666016
0,sid_calib,real,unknown,calib,2765565688cfbbce,noise002,1,105.96570587158203
0,sid_calib,real,unknown,calib,2765565688cfbbce,noise005,1,103.98738098144531
0,sid_calib,real,unknown,calib,2765565688cfbbce,noise01,1,103.72586822509766
0,sid_calib,real,unknown,calib,2765565688cfbbce,jitter02,1,105.77424621582031
0,sid_calib,real,unknown,calib,2765565688cfbbce,crop08,1,131.2311248779297
0,sid_calib,real,unknown,calib,133bab55c663515b,clean,1,392.0792236328125
0,sid_calib,real,unknown,calib,133bab55c663515b,jpeg90,1,392.67962646484375
0,sid_calib,real,unknown,calib,133bab55c663515b,jpeg70,1,393.3718566894531
0,sid_calib,real,unknown,calib,133bab55c663515b,jpeg50,1,391.3983154296875
0,sid_calib,real,unknown,calib,133bab55c663515b,jpeg30,1,394.06005859375
0,sid_calib,real,unknown,calib,133bab55c663515b,blur05,1,391.97265625
0,sid_calib,real,unknown,calib,133bab55c663515b,blur10,1,392.20562744140625
0,sid_calib,real,unknown,calib,133bab55c663515b,blur20,1,394.171142578125
0,sid_calib,real,unknown,calib,133bab55c663515b,resize05,1,393.14215087890625
0,sid_calib,real,unknown,calib,133bab55c663515b,resize025,1,394.421630859375
0,sid_calib,real,unknown,calib,133bab55c663515b,noise002,1,390.48089599609375
0,sid_calib,real,unknown,calib,133bab55c663515b,noise005,1,396.1770935058594
0,sid_calib,real,unknown,calib,133bab55c663515b,noise01,1,403.13427734375
0,sid_calib,real,unknown,calib,133bab55c663515b,jitter02,1,390.8458251953125
0,sid_calib,real,unknown,calib,133bab55c663515b,crop08,1,473.2550964355469
0,sid_calib,real,unknown,calib,9cdbe6bd89bad466,clean,1,142.8779296875
0,sid_calib,real,unknown,calib,9cdbe6bd89bad466,jpeg90,1,143.24435424804688
0,sid_calib,real,unknown,calib,9cdbe6bd89bad466,jpeg70,1,144.2336883544922
0,sid_calib,real,unknown,calib,9cdbe6bd89bad466,jpeg50,1,143.27877807617188
0,sid_calib,real,unknown,calib,9cdbe6bd89bad466,jpeg30,1,143.70285034179688
0,sid_calib,real,unknown,calib,9cdbe6bd89bad466,blur05,1,142.90084838867188
0,sid_calib,real,unknown,calib,9cdbe6bd89bad466,blur10,1,162.04002380371094
0,sid_calib,real,unknown,calib,9cdbe6bd89bad466,blur20,1,163.0834197998047
0,sid_calib,real,unknown,calib,9cdbe6bd89bad466,resize05,1,142.84124755859375
0,sid_calib,real,unknown,calib,9cdbe6bd89bad466,resize025,1,160.10841369628906
0,sid_calib,real,unknown,calib,9cdbe6bd89bad466,noise002,1,143.24363708496094
0,sid_calib,real,unknown,calib,9cdbe6bd89bad466,noise005,1,144.843017578125
0,sid_calib,real,unknown,calib,9cdbe6bd89bad466,jitter02,1,140.38763427734375
0,sid_calib,real,unknown,calib,9cdbe6bd89bad466,crop08,1,178.4998016357422
0,sid_calib,real,unknown,calib,6919f6e8e1794af1,clean,1,195.00245666503906
0,sid_calib,real,unknown,calib,6919f6e8e1794af1,jpeg90,1,195.09027099609375
0,sid_calib,real,unknown,calib,6919f6e8e1794af1,jpeg70,1,195.95262145996094
0,sid_calib,real,unknown,calib,6919f6e8e1794af1,jpeg50,1,197.7941436767578
0,sid_calib,real,unknown,calib,6919f6e8e1794af1,jpeg30,1,194.8594970703125
0,sid_calib,real,unknown,calib,6919f6e8e1794af1,blur05,1,194.9577178955078
0,sid_calib,real,unknown,calib,6919f6e8e1794af1,blur10,1,196.11534118652344
0,sid_calib,real,unknown,calib,6919f6e8e1794af1,blur20,1,199.38284301757812
0,sid_calib,real,unknown,calib,6919f6e8e1794af1,resize05,1,195.30577087402344
0,sid_calib,real,unknown,calib,6919f6e8e1794af1,resize025,1,198.30252075195312
0,sid_calib,real,unknown,calib,6919f6e8e1794af1,noise002,1,194.838623046875
0,sid_calib,real,unknown,calib,6919f6e8e1794af1,noise005,1,198.34254455566406
0,sid_calib,real,unknown,calib,6919f6e8e1794af1,noise01,1,208.48388671875
0,sid_calib,real,unknown,calib,6919f6e8e1794af1,jitter02,1,194.29244995117188
0,sid_calib,real,unknown,calib,6919f6e8e1794af1,crop08,1,259.3585510253906
0,sid_calib,real,unknown,calib,cd239674e360cbf0,clean,1,180.1300506591797
0,sid_calib,real,unknown,calib,cd239674e360cbf0,jpeg90,1,180.0452117919922
0,sid_calib,real,unknown,calib,cd239674e360cbf0,jpeg70,1,180.30543518066406
0,sid_calib,real,unknown,calib,cd239674e360cbf0,jpeg50,1,180.24281311035156
0,sid_calib,real,unknown,calib,cd239674e360cbf0,jpeg30,1,181.26968383789062
0,sid_calib,real,unknown,calib,cd239674e360cbf0,blur05,1,180.1223602294922
0,sid_calib,real,unknown,calib,cd239674e360cbf0,blur10,1,180.0723114013672
0,sid_calib,real,unknown,calib,cd239674e360cbf0,blur20,1,179.76014709472656
0,sid_calib,real,unknown,calib,cd239674e360cbf0,resize05,1,180.1824951171875
0,sid_calib,real,unknown,calib,cd239674e360cbf0,resize025,1,180.6214599609375
0,sid_calib,real,unknown,calib,cd239674e360cbf0,noise002,1,180.91094970703125
0,sid_calib,real,unknown,calib,cd239674e360cbf0,noise005,1,179.70413208007812
0,sid_calib,real,unknown,calib,cd239674e360cbf0,noise01,1,183.59886169433594
0,sid_calib,real,unknown,calib,cd239674e360cbf0,jitter02,1,177.6285400390625
0,sid_calib,real,unknown,calib,cd239674e360cbf0,crop08,1,230.0161590576172
1,sid_calib,full_synthetic,unknown,calib,755af5f9a9c71501,clean,1,95.16375732421875
1,sid_calib,full_synthetic,unknown,calib,755af5f9a9c71501,jpeg90,1,94.6611328125
1,sid_calib,full_synthetic,unknown,calib,755af5f9a9c71501,jpeg70,1,95.32991790771484
1,sid_calib,full_synthetic,unknown,calib,755af5f9a9c71501,jpeg50,1,94.95140075683594
1,sid_calib,full_synthetic,unknown,calib,755af5f9a9c71501,jpeg30,1,95.20841217041016
1,sid_calib,full_synthetic,unknown,calib,755af5f9a9c71501,blur05,1,95.0812759399414
1,sid_calib,full_synthetic,unknown,calib,755af5f9a9c71501,blur10,1,94.25254821777344
1,sid_calib,full_synthetic,unknown,calib,755af5f9a9c71501,blur20,1,91.554931640625
1,sid_calib,full_synthetic,unknown,calib,755af5f9a9c71501,resize05,1,95.15536499023438
1,sid_calib,full_synthetic,unknown,calib,755af5f9a9c71501,resize025,1,93.02915954589844
1,sid_calib,full_synthetic,unknown,calib,755af5f9a9c71501,noise002,1,94.35127258300781
1,sid_calib,full_synthetic,unknown,calib,755af5f9a9c71501,noise005,1,95.14301300048828
1,sid_calib,full_synthetic,unknown,calib,755af5f9a9c71501,noise01,1,94.980224609375
1,sid_calib,full_synthetic,unknown,calib,755af5f9a9c71501,jitter02,1,97.96249389648438
1,sid_calib,full_synthetic,unknown,calib,755af5f9a9c71501,crop08,1,119.31278991699219
0,sid_calib,real,unknown,calib,784e26ca625022fb,clean,1,192.9486541748047
0,sid_calib,real,unknown,calib,784e26ca625022fb,jpeg90,1,193.11700439453125
0,sid_calib,real,unknown,calib,784e26ca625022fb,jpeg70,1,192.47763061523438
0,sid_calib,real,unknown,calib,784e26ca625022fb,jpeg50,1,193.3517608642578
0,sid_calib,real,unknown,calib,784e26ca625022fb,jpeg30,1,194.82830810546875
0,sid_calib,real,unknown,calib,784e26ca625022fb,blur05,1,193.08384704589844
0,sid_calib,real,unknown,calib,784e26ca625022fb,blur10,1,194.13720703125
0,sid_calib,real,unknown,calib,784e26ca625022fb,blur20,1,194.49551391601562
0,sid_calib,real,unknown,calib,784e26ca625022fb,resize05,1,193.5838165283203
0,sid_calib,real,unknown,calib,784e26ca625022fb,resize025,1,194.48619079589844
0,sid_calib,real,unknown,calib,784e26ca625022fb,noise002,1,192.0717315673828
0,sid_calib,real,unknown,calib,784e26ca625022fb,noise005,1,195.27804565429688
0,sid_calib,real,unknown,calib,784e26ca625022fb,noise01,1,200.18344116210938
0,sid_calib,real,unknown,calib,784e26ca625022fb,jitter02,1,194.19961547851562
0,sid_calib,real,unknown,calib,784e26ca625022fb,crop08,1,239.02703857421875
0,sid_calib,real,unknown,calib,01788ef2cabafa1e,clean,1,88.54316711425781
0,sid_calib,real,unknown,calib,01788ef2cabafa1e,jpeg90,1,88.62942504882812
0,sid_calib,real,unknown,calib,01788ef2cabafa1e,jpeg70,1,87.69367218017578
0,sid_calib,real,unknown,calib,01788ef2cabafa1e,jpeg50,1,88.3833999633789
0,sid_calib,real,unknown,calib,01788ef2cabafa1e,jpeg30,1,87.3954849243164
0,sid_calib,real,unknown,calib,01788ef2cabafa1e,blur05,1,88.56495666503906
0,sid_calib,real,unknown,calib,01788ef2cabafa1e,blur10,1,88.83193969726562
0,sid_calib,real,unknown,calib,01788ef2cabafa1e,blur20,1,89.77336883544922
0,sid_calib,real,unknown,calib,01788ef2cabafa1e,resize05,1,88.4111099243164
0,sid_calib,real,unknown,calib,01788ef2cabafa1e,resize025,1,89.64678955078125
0,sid_calib,real,unknown,calib,01788ef2cabafa1e,noise002,1,88.48992156982422
0,sid_calib,real,unknown,calib,01788ef2cabafa1e,noise005,1,87.72945404052734
0,sid_calib,real,unknown,calib,01788ef2cabafa1e,noise01,1,89.27681732177734
0,sid_calib,real,unknown,calib,01788ef2cabafa1e,jitter02,1,88.2184066772461
0,sid_calib,real,unknown,calib,01788ef2cabafa1e,crop08,1,107.3753662109375
0,sid_calib,real,unknown,calib,cb79bda9ffd068b8,clean,1,127.52159118652344
0,sid_calib,real,unknown,calib,cb79bda9ffd068b8,jpeg90,1,127.65682983398438
0,sid_calib,real,unknown,calib,cb79bda9ffd068b8,jpeg70,1,127.8827133178711
0,sid_calib,real,unknown,calib,cb79bda9ffd068b8,jpeg50,1,127.89637756347656
0,sid_calib,real,unknown,calib,cb79bda9ffd068b8,jpeg30,1,128.4488525390625
0,sid_calib,real,unknown,calib,cb79bda9ffd068b8,blur05,1,127.45037078857422
0,sid_calib,real,unknown,calib,cb79bda9ffd068b8,blur10,1,126.96920013427734
0,sid_calib,real,unknown,calib,cb79bda9ffd068b8,blur20,1,123.21390533447266
0,sid_calib,real,unknown,calib,cb79bda9ffd068b8,resize05,1,127.4128189086914
0,sid_calib,real,unknown,calib,cb79bda9ffd068b8,resize025,1,126.63568115234375
0,sid_calib,real,unknown,calib,cb79bda9ffd068b8,noise002,1,127.47064208984375
0,sid_calib,real,unknown,calib,cb79bda9ffd068b8,noise005,1,128.44046020507812
0,sid_calib,real,unknown,calib,cb79bda9ffd068b8,noise01,1,127.53839874267578
0,sid_calib,real,unknown,calib,cb79bda9ffd068b8,jitter02,1,127.5946044921875
0,sid_calib,real,unknown,calib,cb79bda9ffd068b8,crop08,1,152.5455780029297
1,sid_calib,full_synthetic,unknown,calib,ed62b196e984302f,clean,1,71.78350067138672
1,sid_calib,full_synthetic,unknown,calib,ed62b196e984302f,jpeg90,1,72.1103515625
1,sid_calib,full_synthetic,unknown,calib,ed62b196e984302f,jpeg70,1,71.6990737915039
1,sid_calib,full_synthetic,unknown,calib,ed62b196e984302f,jpeg50,1,72.38349914550781
1,sid_calib,full_synthetic,unknown,calib,ed62b196e984302f,jpeg30,1,72.75223541259766
1,sid_calib,full_synthetic,unknown,calib,ed62b196e984302f,blur05,1,71.85560607910156
1,sid_calib,full_synthetic,unknown,calib,ed62b196e984302f,blur10,1,72.24915313720703
1,sid_calib,full_synthetic,unknown,calib,ed62b196e984302f,blur20,1,72.79385375976562
1,sid_calib,full_synthetic,unknown,calib,ed62b196e984302f,resize05,1,72.24713134765625
1,sid_calib,full_synthetic,unknown,calib,ed62b196e984302f,resize025,1,73.69776916503906
1,sid_calib,full_synthetic,unknown,calib,ed62b196e984302f,noise002,1,71.96770477294922
1,sid_calib,full_synthetic,unknown,calib,ed62b196e984302f,noise005,1,71.04019165039062
1,sid_calib,full_synthetic,unknown,calib,ed62b196e984302f,noise01,1,74.20948791503906
1,sid_calib,full_synthetic,unknown,calib,ed62b196e984302f,jitter02,1,71.9202651977539
1,sid_calib,full_synthetic,unknown,calib,ed62b196e984302f,crop08,1,90.82856750488281
0,sid_calib,real,unknown,calib,5441842c76f2f3b7,clean,1,104.89989471435547
0,sid_calib,real,unknown,calib,5441842c76f2f3b7,jpeg90,1,104.9061279296875
0,sid_calib,real,unknown,calib,5441842c76f2f3b7,jpeg70,1,104.93611907958984
0,sid_calib,real,unknown,calib,5441842c76f2f3b7,jpeg50,1,104.96829986572266
0,sid_calib,real,unknown,calib,5441842c76f2f3b7,jpeg30,1,105.07872009277344
0,sid_calib,real,unknown,calib,5441842c76f2f3b7,blur05,1,104.8576431274414
0,sid_calib,real,unknown,calib,5441842c76f2f3b7,blur10,1,105.29520416259766
0,sid_calib,real,unknown,calib,5441842c76f2f3b7,blur20,1,104.59307098388672
0,sid_calib,real,unknown,calib,5441842c76f2f3b7,resize05,1,105.14612579345703
0,sid_calib,real,unknown,calib,5441842c76f2f3b7,resize025,1,104.6089096069336
0,sid_calib,real,unknown,calib,5441842c76f2f3b7,noise002,1,104.56063842773438
0,sid_calib,real,unknown,calib,5441842c76f2f3b7,noise005,1,106.21289825439453
0,sid_calib,real,unknown,calib,5441842c76f2f3b7,noise01,1,111.6263656616211
0,sid_calib,real,unknown,calib,5441842c76f2f3b7,jitter02,1,104.79151153564453
0,sid_calib,real,unknown,calib,5441842c76f2f3b7,crop08,1,129.2049102783203
1,sid_calib,full_synthetic,unknown,calib,d70ad2841ef94960,clean,1,74.3743896484375
1,sid_calib,full_synthetic,unknown,calib,d70ad2841ef94960,jpeg90,1,74.57097625732422
1,sid_calib,full_synthetic,unknown,calib,d70ad2841ef94960,jpeg70,1,74.44593048095703
1,sid_calib,full_synthetic,unknown,calib,d70ad2841ef94960,jpeg50,1,74.10812377929688
1,sid_calib,full_synthetic,unknown,calib,d70ad2841ef94960,jpeg30,1,74.16527557373047
1,sid_calib,full_synthetic,unknown,calib,d70ad2841ef94960,blur05,1,74.45606231689453
1,sid_calib,full_synthetic,unknown,calib,d70ad2841ef94960,blur10,1,74.14920043945312
1,sid_calib,full_synthetic,unknown,calib,d70ad2841ef94960,blur20,1,73.24078369140625
1,sid_calib,full_synthetic,unknown,calib,d70ad2841ef94960,resize05,1,74.54832458496094
1,sid_calib,full_synthetic,unknown,calib,d70ad2841ef94960,resize025,1,73.16360473632812
1,sid_calib,full_synthetic,unknown,calib,d70ad2841ef94960,noise002,1,74.53533935546875
1,sid_calib,full_synthetic,unknown,calib,d70ad2841ef94960,noise005,1,74.39610290527344
1,sid_calib,full_synthetic,unknown,calib,d70ad2841ef94960,noise01,1,73.37109375
1,sid_calib,full_synthetic,unknown,calib,d70ad2841ef94960,jitter02,1,74.86783599853516
1,sid_calib,full_synthetic,unknown,calib,d70ad2841ef94960,crop08,1,94.87097930908203
1,sid_calib,full_synthetic,unknown,calib,c70b2f45398fc923,crop08,1,75.72605895996094
0,sid_calib,real,unknown,calib,80cb8cf751725739,clean,1,109.47819519042969
0,sid_calib,real,unknown,calib,80cb8cf751725739,jpeg90,1,109.63676452636719
0,sid_calib,real,unknown,calib,80cb8cf751725739,jpeg70,1,108.50879669189453
0,sid_calib,real,unknown,calib,80cb8cf751725739,jpeg50,1,108.79776763916016
0,sid_calib,real,unknown,calib,80cb8cf751725739,jpeg30,1,109.59971618652344
0,sid_calib,real,unknown,calib,80cb8cf751725739,blur05,1,109.24755859375
0,sid_calib,real,unknown,calib,80cb8cf751725739,blur10,1,109.24710083007812
0,sid_calib,real,unknown,calib,80cb8cf751725739,blur20,1,107.51077270507812
0,sid_calib,real,unknown,calib,80cb8cf751725739,resize05,1,110.29862976074219
0,sid_calib,real,unknown,calib,80cb8cf751725739,resize025,1,107.87150573730469
0,sid_calib,real,unknown,calib,80cb8cf751725739,noise002,1,109.76265716552734
0,sid_calib,real,unknown,calib,80cb8cf751725739,noise005,1,111.06159210205078
0,sid_calib,real,unknown,calib,80cb8cf751725739,noise01,1,109.13182830810547
0,sid_calib,real,unknown,calib,80cb8cf751725739,jitter02,1,110.1253662109375
0,sid_calib,real,unknown,calib,80cb8cf751725739,crop08,1,139.21070861816406
1,sid_calib,full_synthetic,unknown,calib,f6f0a963c8ab98d2,crop08,1,67.107421875
1,sid_calib,full_synthetic,unknown,calib,9747af5277337eb0,clean,1,261.54058837890625
1,sid_calib,full_synthetic,unknown,calib,9747af5277337eb0,jpeg90,1,260.98101806640625
1,sid_calib,full_synthetic,unknown,calib,9747af5277337eb0,jpeg70,1,262.3388671875
1,sid_calib,full_synthetic,unknown,calib,9747af5277337eb0,jpeg50,1,262.46112060546875
1,sid_calib,full_synthetic,unknown,calib,9747af5277337eb0,jpeg30,1,258.4271240234375
1,sid_calib,full_synthetic,unknown,calib,9747af5277337eb0,blur05,1,261.4232177734375
1,sid_calib,full_synthetic,unknown,calib,9747af5277337eb0,blur10,1,259.95635986328125
1,sid_calib,full_synthetic,unknown,calib,9747af5277337eb0,blur20,1,262.6558837890625
1,sid_calib,full_synthetic,unknown,calib,9747af5277337eb0,resize05,1,260.83953857421875
1,sid_calib,full_synthetic,unknown,calib,9747af5277337eb0,resize025,1,261.1075439453125
1,sid_calib,full_synthetic,unknown,calib,9747af5277337eb0,noise002,1,260.626708984375
1,sid_calib,full_synthetic,unknown,calib,9747af5277337eb0,noise005,1,261.1167907714844
1,sid_calib,full_synthetic,unknown,calib,9747af5277337eb0,noise01,1,267.7017517089844
1,sid_calib,full_synthetic,unknown,calib,9747af5277337eb0,jitter02,1,261.5641784667969
1,sid_calib,full_synthetic,unknown,calib,9747af5277337eb0,crop08,1,327.7710266113281
1,sid_calib,full_synthetic,unknown,calib,0c2783b8ef4ba1d8,clean,1,182.82089233398438
1,sid_calib,full_synthetic,unknown,calib,0c2783b8ef4ba1d8,jpeg90,1,182.53160095214844
1,sid_calib,full_synthetic,unknown,calib,0c2783b8ef4ba1d8,jpeg70,1,182.45790100097656
1,sid_calib,full_synthetic,unknown,calib,0c2783b8ef4ba1d8,jpeg50,1,182.78309631347656
1,sid_calib,full_synthetic,unknown,calib,0c2783b8ef4ba1d8,jpeg30,1,181.55364990234375
1,sid_calib,full_synthetic,unknown,calib,0c2783b8ef4ba1d8,blur05,1,182.88421630859375
1,sid_calib,full_synthetic,unknown,calib,0c2783b8ef4ba1d8,blur10,1,182.92266845703125
1,sid_calib,full_synthetic,unknown,calib,0c2783b8ef4ba1d8,blur20,1,182.672119140625
1,sid_calib,full_synthetic,unknown,calib,0c2783b8ef4ba1d8,resize05,1,182.88235473632812
1,sid_calib,full_synthetic,unknown,calib,0c2783b8ef4ba1d8,resize025,1,182.8802032470703
1,sid_calib,full_synthetic,unknown,calib,0c2783b8ef4ba1d8,noise002,1,182.3563690185547
1,sid_calib,full_synthetic,unknown,calib,0c2783b8ef4ba1d8,noise005,1,181.1435089111328
1,sid_calib,full_synthetic,unknown,calib,0c2783b8ef4ba1d8,noise01,1,185.7600555419922
1,sid_calib,full_synthetic,unknown,calib,0c2783b8ef4ba1d8,jitter02,1,182.4801483154297
1,sid_calib,full_synthetic,unknown,calib,0c2783b8ef4ba1d8,crop08,1,232.45074462890625
0,sid_calib,real,unknown,calib,d17a644b4d6af80d,crop08,1,184.31752014160156
0,sid_calib,real,unknown,calib,65410b66be7fb43e,crop08,1,76.52134704589844
0,sid_calib,real,unknown,calib,2bb1d4bbf74c2b77,crop08,1,69.61563110351562
1,sid_calib,full_synthetic,unknown,calib,1337ca7d518c4c4d,crop08,1,76.90959167480469
0,sid_calib,real,unknown,calib,019307dce5eb10df,clean,1,167.58895874023438
0,sid_calib,real,unknown,calib,019307dce5eb10df,jpeg90,1,168.1540069580078
0,sid_calib,real,unknown,calib,019307dce5eb10df,jpeg70,1,168.19580078125
0,sid_calib,real,unknown,calib,019307dce5eb10df,jpeg50,1,169.36941528320312
0,sid_calib,real,unknown,calib,019307dce5eb10df,jpeg30,1,170.45529174804688
0,sid_calib,real,unknown,calib,019307dce5eb10df,blur05,1,167.79254150390625
0,sid_calib,real,unknown,calib,019307dce5eb10df,blur10,1,170.17465209960938
0,sid_calib,real,unknown,calib,019307dce5eb10df,blur20,1,170.27835083007812
0,sid_calib,real,unknown,calib,019307dce5eb10df,resize05,1,169.22665405273438
0,sid_calib,real,unknown,calib,019307dce5eb10df,resize025,1,171.62680053710938
0,sid_calib,real,unknown,calib,019307dce5eb10df,noise002,1,168.86697387695312
0,sid_calib,real,unknown,calib,019307dce5eb10df,noise005,1,169.6829833984375
0,sid_calib,real,unknown,calib,019307dce5eb10df,jitter02,1,171.1976776123047
0,sid_calib,real,unknown,calib,019307dce5eb10df,crop08,1,225.77163696289062
0,sid_calib,real,unknown,calib,a4a05c6bd4fd2365,clean,1,112.56805419921875
0,sid_calib,real,unknown,calib,a4a05c6bd4fd2365,jpeg90,1,112.5311279296875
0,sid_calib,real,unknown,calib,a4a05c6bd4fd2365,jpeg70,1,112.08985900878906
0,sid_calib,real,unknown,calib,a4a05c6bd4fd2365,jpeg50,1,112.14754486083984
0,sid_calib,real,unknown,calib,a4a05c6bd4fd2365,jpeg30,1,112.05951690673828
0,sid_calib,real,unknown,calib,a4a05c6bd4fd2365,blur05,1,112.10095977783203
0,sid_calib,real,unknown,calib,a4a05c6bd4fd2365,blur10,1,111.70931243896484
0,sid_calib,real,unknown,calib,a4a05c6bd4fd2365,blur20,1,110.89767456054688
0,sid_calib,real,unknown,calib,a4a05c6bd4fd2365,resize05,1,112.04254150390625
0,sid_calib,real,unknown,calib,a4a05c6bd4fd2365,resize025,1,113.44825744628906
0,sid_calib,real,unknown,calib,a4a05c6bd4fd2365,noise002,1,112.7712631225586
0,sid_calib,real,unknown,calib,a4a05c6bd4fd2365,noise005,1,112.86893463134766
0,sid_calib,real,unknown,calib,a4a05c6bd4fd2365,noise01,1,112.74156188964844
0,sid_calib,real,unknown,calib,a4a05c6bd4fd2365,jitter02,1,113.36439514160156
0,sid_calib,real,unknown,calib,a4a05c6bd4fd2365,crop08,1,138.0970916748047
0,sid_calib,real,unknown,calib,895ac6a1ef8a5f4f,crop08,1,67.13587188720703
1,sid_calib,full_synthetic,unknown,calib,0b57ee9f076927ae,clean,1,145.3678741455078
1,sid_calib,full_synthetic,unknown,calib,0b57ee9f076927ae,jpeg90,1,144.78736877441406
1,sid_calib,full_synthetic,unknown,calib,0b57ee9f076927ae,jpeg70,1,145.7816925048828
1,sid_calib,full_synthetic,unknown,calib,0b57ee9f076927ae,jpeg50,1,144.03355407714844
1,sid_calib,full_synthetic,unknown,calib,0b57ee9f076927ae,jpeg30,1,144.0658416748047
1,sid_calib,full_synthetic,unknown,calib,0b57ee9f076927ae,blur05,1,145.44094848632812
1,sid_calib,full_synthetic,unknown,calib,0b57ee9f076927ae,blur10,1,145.6272735595703
1,sid_calib,full_synthetic,unknown,calib,0b57ee9f076927ae,blur20,1,145.68995666503906
1,sid_calib,full_synthetic,unknown,calib,0b57ee9f076927ae,resize05,1,145.5403594970703
1,sid_calib,full_synthetic,unknown,calib,0b57ee9f076927ae,resize025,1,144.99951171875
1,sid_calib,full_synthetic,unknown,calib,0b57ee9f076927ae,noise002,1,144.69740295410156
1,sid_calib,full_synthetic,unknown,calib,0b57ee9f076927ae,noise005,1,143.2812042236328
1,sid_calib,full_synthetic,unknown,calib,0b57ee9f076927ae,noise01,1,137.06260681152344
1,sid_calib,full_synthetic,unknown,calib,0b57ee9f076927ae,jitter02,1,144.56597900390625
1,sid_calib,full_synthetic,unknown,calib,0b57ee9f076927ae,crop08,1,186.283447265625
0,sid_calib,real,unknown,calib,5e43ea419aae635b,crop08,1,134.81695556640625
1,sid_calib,full_synthetic,unknown,calib,73f177b63b83ada8,clean,1,144.9248809814453
1,sid_calib,full_synthetic,unknown,calib,73f177b63b83ada8,jpeg90,1,144.87879943847656
1,sid_calib,full_synthetic,unknown,calib,73f177b63b83ada8,jpeg70,1,145.89007568359375
1,sid_calib,full_synthetic,unknown,calib,73f177b63b83ada8,jpeg50,1,145.6289825439453
1,sid_calib,full_synthetic,unknown,calib,73f177b63b83ada8,blur05,1,144.06710815429688
1,sid_calib,full_synthetic,unknown,calib,73f177b63b83ada8,blur10,1,144.5681610107422
1,sid_calib,full_synthetic,unknown,calib,73f177b63b83ada8,blur20,1,149.48776245117188
1,sid_calib,full_synthetic,unknown,calib,73f177b63b83ada8,resize05,1,143.67483520507812
1,sid_calib,full_synthetic,unknown,calib,73f177b63b83ada8,resize025,1,148.49880981445312
1,sid_calib,full_synthetic,unknown,calib,73f177b63b83ada8,noise002,1,143.43319702148438
1,sid_calib,full_synthetic,unknown,calib,73f177b63b83ada8,jitter02,1,145.19839477539062
1,sid_calib,full_synthetic,unknown,calib,73f177b63b83ada8,crop08,1,179.04403686523438
0,sid_calib,real,unknown,calib,1b0e985cf4f37aad,clean,1,169.92990112304688
0,sid_calib,real,unknown,calib,1b0e985cf4f37aad,jpeg90,1,169.6457977294922
0,sid_calib,real,unknown,calib,1b0e985cf4f37aad,jpeg70,1,169.99598693847656
0,sid_calib,real,unknown,calib,1b0e985cf4f37aad,jpeg50,1,170.57945251464844
0,sid_calib,real,unknown,calib,1b0e985cf4f37aad,jpeg30,1,169.64871215820312
0,sid_calib,real,unknown,calib,1b0e985cf4f37aad,blur05,1,170.33824157714844
0,sid_calib,real,unknown,calib,1b0e985cf4f37aad,blur10,1,159.5975341796875
0,sid_calib,real,unknown,calib,1b0e985cf4f37aad,blur20,1,158.5371551513672
0,sid_calib,real,unknown,calib,1b0e985cf4f37aad,resize05,1,170.51690673828125
0,sid_calib,real,unknown,calib,1b0e985cf4f37aad,resize025,1,159.38572692871094
0,sid_calib,real,unknown,calib,1b0e985cf4f37aad,noise002,1,169.93264770507812
0,sid_calib,real,unknown,calib,1b0e985cf4f37aad,noise005,1,160.4165802001953
0,sid_calib,real,unknown,calib,1b0e985cf4f37aad,noise01,1,164.96209716796875
0,sid_calib,real,unknown,calib,1b0e985cf4f37aad,jitter02,1,166.13185119628906
0,sid_calib,real,unknown,calib,1b0e985cf4f37aad,crop08,1,191.15530395507812
0,sid_calib,real,unknown,calib,b610ce81a68c2602,clean,1,90.2822494506836
0,sid_calib,real,unknown,calib,b610ce81a68c2602,jpeg90,1,90.57478332519531
0,sid_calib,real,unknown,calib,b610ce81a68c2602,jpeg70,1,90.92552185058594
0,sid_calib,real,unknown,calib,b610ce81a68c2602,jpeg50,1,91.73788452148438
0,sid_calib,real,unknown,calib,b610ce81a68c2602,jpeg30,1,91.02381134033203
0,sid_calib,real,unknown,calib,b610ce81a68c2602,blur05,1,90.53437805175781
0,sid_calib,real,unknown,calib,b610ce81a68c2602,blur10,1,92.51514434814453
0,sid_calib,real,unknown,calib,b610ce81a68c2602,blur20,1,93.1747055053711
0,sid_calib,real,unknown,calib,b610ce81a68c2602,resize05,1,90.16602325439453
0,sid_calib,real,unknown,calib,b610ce81a68c2602,resize025,1,94.18225860595703
0,sid_calib,real,unknown,calib,b610ce81a68c2602,noise002,1,92.81348419189453
0,sid_calib,real,unknown,calib,b610ce81a68c2602,noise005,1,92.8140869140625
0,sid_calib,real,unknown,calib,b610ce81a68c2602,noise01,1,91.02738952636719
0,sid_calib,real,unknown,calib,b610ce81a68c2602,jitter02,1,91.69503784179688
0,sid_calib,real,unknown,calib,b610ce81a68c2602,crop08,1,118.58415222167969
0,sid_calib,real,unknown,calib,7d5d05b410c011ec,clean,1,80.41262817382812
0,sid_calib,real,unknown,calib,7d5d05b410c011ec,jpeg90,1,80.17481231689453
0,sid_calib,real,unknown,calib,7d5d05b410c011ec,jpeg70,1,80.36307525634766
0,sid_calib,real,unknown,calib,7d5d05b410c011ec,jpeg50,1,79.65888977050781
0,sid_calib,real,unknown,calib,7d5d05b410c011ec,jpeg30,1,81.13788604736328
0,sid_calib,real,unknown,calib,7d5d05b410c011ec,blur05,1,80.14530181884766
0,sid_calib,real,unknown,calib,7d5d05b410c011ec,blur10,1,79.36190795898438
0,sid_calib,real,unknown,calib,7d5d05b410c011ec,blur20,1,75.494140625
0,sid_calib,real,unknown,calib,7d5d05b410c011ec,resize05,1,79.9814682006836
0,sid_calib,real,unknown,calib,7d5d05b410c011ec,resize025,1,75.59101104736328
0,sid_calib,real,unknown,calib,7d5d05b410c011ec,noise002,1,80.06179809570312
0,sid_calib,real,unknown,calib,7d5d05b410c011ec,noise005,1,79.99449157714844
0,sid_calib,real,unknown,calib,7d5d05b410c011ec,noise01,1,80.65740203857422
0,sid_calib,real,unknown,calib,7d5d05b410c011ec,jitter02,1,80.38238525390625
0,sid_calib,real,unknown,calib,7d5d05b410c011ec,crop08,1,92.57447814941406
0,sid_calib,real,unknown,calib,c9e2e7c9470d83f7,noise005,1,72.57108306884766
0,sid_calib,real,unknown,calib,c9e2e7c9470d83f7,noise01,1,71.09500885009766
0,sid_calib,real,unknown,calib,c9e2e7c9470d83f7,crop08,1,85.99076843261719
0,sid_calib,real,unknown,calib,d2600b25093ce994,clean,1,164.15036010742188
0,sid_calib,real,unknown,calib,d2600b25093ce994,jpeg90,1,167.26339721679688
0,sid_calib,real,unknown,calib,d2600b25093ce994,jpeg70,1,167.4281768798828
0,sid_calib,real,unknown,calib,d2600b25093ce994,jpeg50,1,170.56968688964844
0,sid_calib,real,unknown,calib,d2600b25093ce994,jpeg30,1,168.63885498046875
0,sid_calib,real,unknown,calib,d2600b25093ce994,blur05,1,164.02645874023438
0,sid_calib,real,unknown,calib,d2600b25093ce994,blur10,1,166.07249450683594
0,sid_calib,real,unknown,calib,d2600b25093ce994,blur20,1,167.48849487304688
0,sid_calib,real,unknown,calib,d2600b25093ce994,resize05,1,166.83731079101562
0,sid_calib,real,unknown,calib,d2600b25093ce994,resize025,1,171.30580139160156
0,sid_calib,real,unknown,calib,d2600b25093ce994,noise002,1,163.2722625732422
0,sid_calib,real,unknown,calib,d2600b25093ce994,jitter02,1,166.27098083496094
0,sid_calib,real,unknown,calib,d2600b25093ce994,crop08,1,161.16912841796875
0,sid_calib,real,unknown,calib,18f8fd6b49061a15,clean,1,97.04528045654297
0,sid_calib,real,unknown,calib,18f8fd6b49061a15,jpeg90,1,97.29353332519531
0,sid_calib,real,unknown,calib,18f8fd6b49061a15,jpeg70,1,97.1451416015625
0,sid_calib,real,unknown,calib,18f8fd6b49061a15,jpeg50,1,97.41030883789062
0,sid_calib,real,unknown,calib,18f8fd6b49061a15,jpeg30,1,97.0400390625
0,sid_calib,real,unknown,calib,18f8fd6b49061a15,blur05,1,97.03192901611328
0,sid_calib,real,unknown,calib,18f8fd6b49061a15,blur10,1,97.2277603149414
0,sid_calib,real,unknown,calib,18f8fd6b49061a15,blur20,1,98.23890686035156
0,sid_calib,real,unknown,calib,18f8fd6b49061a15,resize05,1,96.79544067382812
0,sid_calib,real,unknown,calib,18f8fd6b49061a15,resize025,1,97.8396987915039
0,sid_calib,real,unknown,calib,18f8fd6b49061a15,noise002,1,97.39226531982422
0,sid_calib,real,unknown,calib,18f8fd6b49061a15,noise005,1,99.19007873535156
0,sid_calib,real,unknown,calib,18f8fd6b49061a15,noise01,1,97.23831176757812
0,sid_calib,real,unknown,calib,18f8fd6b49061a15,jitter02,1,96.42770385742188
0,sid_calib,real,unknown,calib,18f8fd6b49061a15,crop08,1,122.60424041748047
1,sid_calib,full_synthetic,unknown,calib,42b6774081b51c45,clean,1,122.1707534790039
1,sid_calib,full_synthetic,unknown,calib,42b6774081b51c45,jpeg90,1,122.11361694335938
1,sid_calib,full_synthetic,unknown,calib,42b6774081b51c45,jpeg70,1,122.36632537841797
1,sid_calib,full_synthetic,unknown,calib,42b6774081b51c45,jpeg50,1,121.5511474609375
1,sid_calib,full_synthetic,unknown,calib,42b6774081b51c45,jpeg30,1,123.26103210449219
1,sid_calib,full_synthetic,unknown,calib,42b6774081b51c45,blur05,1,122.13475799560547
1,sid_calib,full_synthetic,unknown,calib,42b6774081b51c45,blur10,1,121.65451049804688
1,sid_calib,full_synthetic,unknown,calib,42b6774081b51c45,blur20,1,120.99568939208984
1,sid_calib,full_synthetic,unknown,calib,42b6774081b51c45,resize05,1,121.64018249511719
1,sid_calib,full_synthetic,unknown,calib,42b6774081b51c45,resize025,1,122.8495864868164
1,sid_calib,full_synthetic,unknown,calib,42b6774081b51c45,noise002,1,122.13227844238281
1,sid_calib,full_synthetic,unknown,calib,42b6774081b51c45,noise005,1,124.02417755126953
1,sid_calib,full_synthetic,unknown,calib,42b6774081b51c45,noise01,1,123.33682250976562
1,sid_calib,full_synthetic,unknown,calib,42b6774081b51c45,jitter02,1,124.17999267578125
1,sid_calib,full_synthetic,unknown,calib,42b6774081b51c45,crop08,1,154.67462158203125
0,sid_calib,real,unknown,calib,3f11ef74209a67ae,clean,1,78.15528869628906
0,sid_calib,real,unknown,calib,3f11ef74209a67ae,jpeg90,1,78.35462188720703
0,sid_calib,real,unknown,calib,3f11ef74209a67ae,jpeg70,1,78.00726318359375
0,sid_calib,real,unknown,calib,3f11ef74209a67ae,jpeg50,1,78.13994598388672
0,sid_calib,real,unknown,calib,3f11ef74209a67ae,jpeg30,1,77.85845184326172
0,sid_calib,real,unknown,calib,3f11ef74209a67ae,blur05,1,77.92268371582031
0,sid_calib,real,unknown,calib,3f11ef74209a67ae,blur10,1,78.53044891357422
0,sid_calib,real,unknown,calib,3f11ef74209a67ae,blur20,1,78.77340698242188
0,sid_calib,real,unknown,calib,3f11ef74209a67ae,resize05,1,78.04766082763672
0,sid_calib,real,unknown,calib,3f11ef74209a67ae,resize025,1,78.08931732177734
0,sid_calib,real,unknown,calib,3f11ef74209a67ae,noise002,1,78.10369110107422
0,sid_calib,real,unknown,calib,3f11ef74209a67ae,noise005,1,78.5029296875
0,sid_calib,real,unknown,calib,3f11ef74209a67ae,noise01,1,81.7218246459961
0,sid_calib,real,unknown,calib,3f11ef74209a67ae,jitter02,1,78.63848876953125
0,sid_calib,real,unknown,calib,3f11ef74209a67ae,crop08,1,94.38937377929688
1,sid_calib,full_synthetic,unknown,calib,8417525cb4bf6977,clean,1,77.79460144042969
1,sid_calib,full_synthetic,unknown,calib,8417525cb4bf6977,jpeg90,1,77.47949981689453
1,sid_calib,full_synthetic,unknown,calib,8417525cb4bf6977,jpeg70,1,78.0329360961914
1,sid_calib,full_synthetic,unknown,calib,8417525cb4bf6977,jpeg50,1,77.582763671875
1,sid_calib,full_synthetic,unknown,calib,8417525cb4bf6977,jpeg30,1,72.24359130859375
1,sid_calib,full_synthetic,unknown,calib,8417525cb4bf6977,blur05,1,77.89218139648438
1,sid_calib,full_synthetic,unknown,calib,8417525cb4bf6977,blur10,1,78.26885223388672
1,sid_calib,full_synthetic,unknown,calib,8417525cb4bf6977,blur20,1,75.3869857788086
1,sid_calib,full_synthetic,unknown,calib,8417525cb4bf6977,resize05,1,77.90936279296875
1,sid_calib,full_synthetic,unknown,calib,8417525cb4bf6977,resize025,1,79.15477752685547
1,sid_calib,full_synthetic,unknown,calib,8417525cb4bf6977,noise002,1,77.74981689453125
1,sid_calib,full_synthetic,unknown,calib,8417525cb4bf6977,noise005,1,78.7857666015625
1,sid_calib,full_synthetic,unknown,calib,8417525cb4bf6977,noise01,1,79.04320526123047
1,sid_calib,full_synthetic,unknown,calib,8417525cb4bf6977,jitter02,1,77.92444610595703
1,sid_calib,full_synthetic,unknown,calib,8417525cb4bf6977,crop08,1,97.09950256347656
1,sid_calib,full_synthetic,unknown,calib,f7a54f4335c2fcf3,clean,1,69.15369415283203
1,sid_calib,full_synthetic,unknown,calib,f7a54f4335c2fcf3,jpeg90,1,69.0073471069336
1,sid_calib,full_synthetic,unknown,calib,f7a54f4335c2fcf3,jpeg70,1,69.32825469970703
1,sid_calib,full_synthetic,unknown,calib,f7a54f4335c2fcf3,jpeg50,1,69.18800354003906
1,sid_calib,full_synthetic,unknown,calib,f7a54f4335c2fcf3,jpeg30,1,69.4926986694336
1,sid_calib,full_synthetic,unknown,calib,f7a54f4335c2fcf3,blur05,1,69.2096176147461
1,sid_calib,full_synthetic,unknown,calib,f7a54f4335c2fcf3,blur10,1,68.76347351074219
1,sid_calib,full_synthetic,unknown,calib,f7a54f4335c2fcf3,blur20,1,67.05564880371094
1,sid_calib,full_synthetic,unknown,calib,f7a54f4335c2fcf3,resize05,1,68.9911880493164
1,sid_calib,full_synthetic,unknown,calib,f7a54f4335c2fcf3,resize025,1,67.49604034423828
1,sid_calib,full_synthetic,unknown,calib,f7a54f4335c2fcf3,noise002,1,68.895751953125
1,sid_calib,full_synthetic,unknown,calib,f7a54f4335c2fcf3,noise005,1,68.93702697753906
1,sid_calib,full_synthetic,unknown,calib,f7a54f4335c2fcf3,noise01,1,68.13186645507812
1,sid_calib,full_synthetic,unknown,calib,f7a54f4335c2fcf3,jitter02,1,69.13932800292969
1,sid_calib,full_synthetic,unknown,calib,f7a54f4335c2fcf3,crop08,1,81.39838409423828
0,sid_calib,real,unknown,calib,69f2e535b4047948,clean,1,232.6710968017578
0,sid_calib,real,unknown,calib,69f2e535b4047948,jpeg90,1,232.87066650390625
0,sid_calib,real,unknown,calib,69f2e535b4047948,jpeg70,1,232.8926239013672
0,sid_calib,real,unknown,calib,69f2e535b4047948,jpeg50,1,232.04539489746094
0,sid_calib,real,unknown,calib,69f2e535b4047948,jpeg30,1,234.71815490722656
0,sid_calib,real,unknown,calib,69f2e535b4047948,blur05,1,232.64390563964844
0,sid_calib,real,unknown,calib,69f2e535b4047948,blur10,1,232.66041564941406
0,sid_calib,real,unknown,calib,69f2e535b4047948,blur20,1,231.40025329589844
0,sid_calib,real,unknown,calib,69f2e535b4047948,resize05,1,232.86497497558594
0,sid_calib,real,unknown,calib,69f2e535b4047948,resize025,1,232.2802276611328
0,sid_calib,real,unknown,calib,69f2e535b4047948,noise002,1,234.19296264648438
0,sid_calib,real,unknown,calib,69f2e535b4047948,noise005,1,233.90692138671875
0,sid_calib,real,unknown,calib,69f2e535b4047948,jitter02,1,232.53697204589844
0,sid_calib,real,unknown,calib,69f2e535b4047948,crop08,1,287.71307373046875
1,sid_calib,full_synthetic,unknown,calib,367e558a7c252c81,crop08,1,74.42622375488281
0,sid_calib,real,unknown,calib,7c95764b0675a6fa,clean,1,74.78749084472656
0,sid_calib,real,unknown,calib,7c95764b0675a6fa,jpeg90,1,74.69342803955078
0,sid_calib,real,unknown,calib,7c95764b0675a6fa,jpeg70,1,75.25352478027344
0,sid_calib,real,unknown,calib,7c95764b0675a6fa,jpeg50,1,74.74861907958984
0,sid_calib,real,unknown,calib,7c95764b0675a6fa,jpeg30,1,74.58804321289062
0,sid_calib,real,unknown,calib,7c95764b0675a6fa,blur05,1,75.0907974243164
0,sid_calib,real,unknown,calib,7c95764b0675a6fa,blur10,1,75.81827545166016
0,sid_calib,real,unknown,calib,7c95764b0675a6fa,blur20,1,76.78700256347656
0,sid_calib,real,unknown,calib,7c95764b0675a6fa,resize05,1,75.37318420410156
0,sid_calib,real,unknown,calib,7c95764b0675a6fa,resize025,1,76.23717498779297
0,sid_calib,real,unknown,calib,7c95764b0675a6fa,noise002,1,75.20274353027344
0,sid_calib,real,unknown,calib,7c95764b0675a6fa,noise005,1,74.20369720458984
0,sid_calib,real,unknown,calib,7c95764b0675a6fa,noise01,1,75.80859375
0,sid_calib,real,unknown,calib,7c95764b0675a6fa,jitter02,1,74.98648834228516
0,sid_calib,real,unknown,calib,7c95764b0675a6fa,crop08,1,94.63770294189453
0,sid_calib,real,unknown,calib,27990d7f392046a9,clean,1,279.8368225097656
0,sid_calib,real,unknown,calib,27990d7f392046a9,jpeg90,1,280.40985107421875
0,sid_calib,real,unknown,calib,27990d7f392046a9,jpeg70,1,280.436279296875
0,sid_calib,real,unknown,calib,27990d7f392046a9,jpeg50,1,276.5750427246094
0,sid_calib,real,unknown,calib,27990d7f392046a9,jpeg30,1,278.16845703125
0,sid_calib,real,unknown,calib,27990d7f392046a9,blur05,1,279.91888427734375
0,sid_calib,real,unknown,calib,27990d7f392046a9,blur10,1,278.7254333496094
0,sid_calib,real,unknown,calib,27990d7f392046a9,blur20,1,276.01287841796875
0,sid_calib,real,unknown,calib,27990d7f392046a9,resize05,1,280.2776184082031
0,sid_calib,real,unknown,calib,27990d7f392046a9,resize025,1,277.2535400390625
0,sid_calib,real,unknown,calib,27990d7f392046a9,noise002,1,278.1550598144531
0,sid_calib,real,unknown,calib,27990d7f392046a9,noise005,1,278.3687744140625
0,sid_calib,real,unknown,calib,27990d7f392046a9,jitter02,1,279.3179016113281
0,sid_calib,real,unknown,calib,27990d7f392046a9,crop08,1,340.9206237792969
0,sid_calib,real,unknown,calib,d1c9e7a6c95b6e3d,clean,1,116.1521987915039
0,sid_calib,real,unknown,calib,d1c9e7a6c95b6e3d,jpeg90,1,116.21652221679688
0,sid_calib,real,unknown,calib,d1c9e7a6c95b6e3d,jpeg70,1,116.01258850097656
0,sid_calib,real,unknown,calib,d1c9e7a6c95b6e3d,jpeg50,1,117.6129379272461
0,sid_calib,real,unknown,calib,d1c9e7a6c95b6e3d,jpeg30,1,115.52738952636719
0,sid_calib,real,unknown,calib,d1c9e7a6c95b6e3d,blur05,1,116.22258758544922
0,sid_calib,real,unknown,calib,d1c9e7a6c95b6e3d,blur10,1,115.48400115966797
0,sid_calib,real,unknown,calib,d1c9e7a6c95b6e3d,blur20,1,114.7787857055664
0,sid_calib,real,unknown,calib,d1c9e7a6c95b6e3d,resize05,1,116.40414428710938
0,sid_calib,real,unknown,calib,d1c9e7a6c95b6e3d,resize025,1,115.87970733642578
0,sid_calib,real,unknown,calib,d1c9e7a6c95b6e3d,noise002,1,116.0146484375
0,sid_calib,real,unknown,calib,d1c9e7a6c95b6e3d,noise005,1,115.83370971679688
0,sid_calib,real,unknown,calib,d1c9e7a6c95b6e3d,jitter02,1,112.41767120361328
0,sid_calib,real,unknown,calib,d1c9e7a6c95b6e3d,crop08,1,150.2375946044922
1,sid_calib,full_synthetic,unknown,calib,6fa4a8a296a5c397,clean,1,68.11457061767578
1,sid_calib,full_synthetic,unknown,calib,6fa4a8a296a5c397,jpeg90,1,68.14869689941406
1,sid_calib,full_synthetic,unknown,calib,6fa4a8a296a5c397,jpeg70,1,67.9554672241211
1,sid_calib,full_synthetic,unknown,calib,6fa4a8a296a5c397,jpeg50,1,68.30117797851562
1,sid_calib,full_synthetic,unknown,calib,6fa4a8a296a5c397,jpeg30,1,68.11897277832031
1,sid_calib,full_synthetic,unknown,calib,6fa4a8a296a5c397,blur05,1,68.15045928955078
1,sid_calib,full_synthetic,unknown,calib,6fa4a8a296a5c397,blur10,1,68.1806411743164
1,sid_calib,full_synthetic,unknown,calib,6fa4a8a296a5c397,blur20,1,68.14244079589844
1,sid_calib,full_synthetic,unknown,calib,6fa4a8a296a5c397,resize05,1,68.1363296508789
1,sid_calib,full_synthetic,unknown,calib,6fa4a8a296a5c397,resize025,1,68.52043151855469
1,sid_calib,full_synthetic,unknown,calib,6fa4a8a296a5c397,noise002,1,67.77415466308594
1,sid_calib,full_synthetic,unknown,calib,6fa4a8a296a5c397,noise005,1,68.72820281982422
1,sid_calib,full_synthetic,unknown,calib,6fa4a8a296a5c397,noise01,1,70.2721939086914
1,sid_calib,full_synthetic,unknown,calib,6fa4a8a296a5c397,jitter02,1,68.04378509521484
1,sid_calib,full_synthetic,unknown,calib,6fa4a8a296a5c397,crop08,1,89.55816650390625
1,sid_calib,full_synthetic,unknown,calib,800e1ff6130cf072,clean,1,91.83055877685547
1,sid_calib,full_synthetic,unknown,calib,800e1ff6130cf072,jpeg90,1,91.5815658569336
1,sid_calib,full_synthetic,unknown,calib,800e1ff6130cf072,jpeg70,1,92.15192413330078
1,sid_calib,full_synthetic,unknown,calib,800e1ff6130cf072,jpeg50,1,92.89054870605469
1,sid_calib,full_synthetic,unknown,calib,800e1ff6130cf072,jpeg30,1,92.99313354492188
1,sid_calib,full_synthetic,unknown,calib,800e1ff6130cf072,blur05,1,91.84794616699219
1,sid_calib,full_synthetic,unknown,calib,800e1ff6130cf072,blur10,1,91.8437271118164
1,sid_calib,full_synthetic,unknown,calib,800e1ff6130cf072,blur20,1,93.29995727539062
1,sid_calib,full_synthetic,unknown,calib,800e1ff6130cf072,resize05,1,92.0625228881836
1,sid_calib,full_synthetic,unknown,calib,800e1ff6130cf072,resize025,1,94.2066879272461
1,sid_calib,full_synthetic,unknown,calib,800e1ff6130cf072,noise002,1,92.76275634765625
1,sid_calib,full_synthetic,unknown,calib,800e1ff6130cf072,noise005,1,92.83650207519531
1,sid_calib,full_synthetic,unknown,calib,800e1ff6130cf072,jitter02,1,92.39315032958984
1,sid_calib,full_synthetic,unknown,calib,800e1ff6130cf072,crop08,1,123.15645599365234
1,sid_calib,full_synthetic,unknown,calib,f794026c63ae6625,clean,1,201.01341247558594
1,sid_calib,full_synthetic,unknown,calib,f794026c63ae6625,jpeg90,1,201.25051879882812
1,sid_calib,full_synthetic,unknown,calib,f794026c63ae6625,jpeg70,1,201.89707946777344
1,sid_calib,full_synthetic,unknown,calib,f794026c63ae6625,jpeg50,1,203.00521850585938
1,sid_calib,full_synthetic,unknown,calib,f794026c63ae6625,jpeg30,1,204.85997009277344
1,sid_calib,full_synthetic,unknown,calib,f794026c63ae6625,blur05,1,201.02139282226562
1,sid_calib,full_synthetic,unknown,calib,f794026c63ae6625,blur10,1,201.19638061523438
1,sid_calib,full_synthetic,unknown,calib,f794026c63ae6625,blur20,1,201.44784545898438
1,sid_calib,full_synthetic,unknown,calib,f794026c63ae6625,resize05,1,201.2083740234375
1,sid_calib,full_synthetic,unknown,calib,f794026c63ae6625,resize025,1,201.64772033691406
1,sid_calib,full_synthetic,unknown,calib,f794026c63ae6625,noise002,1,201.08920288085938
1,sid_calib,full_synthetic,unknown,calib,f794026c63ae6625,noise005,1,204.5137939453125
1,sid_calib,full_synthetic,unknown,calib,f794026c63ae6625,noise01,1,208.3103790283203
1,sid_calib,full_synthetic,unknown,calib,f794026c63ae6625,jitter02,1,200.90081787109375
1,sid_calib,full_synthetic,unknown,calib,f794026c63ae6625,crop08,1,264.7201843261719
0,sid_calib,real,unknown,calib,fde8a3f2b90fa25f,clean,1,147.43289184570312
0,sid_calib,real,unknown,calib,fde8a3f2b90fa25f,jpeg90,1,147.45480346679688
0,sid_calib,real,unknown,calib,fde8a3f2b90fa25f,jpeg70,1,147.2133026123047
0,sid_calib,real,unknown,calib,fde8a3f2b90fa25f,jpeg50,1,146.89834594726562
0,sid_calib,real,unknown,calib,fde8a3f2b90fa25f,jpeg30,1,149.58502197265625
0,sid_calib,real,unknown,calib,fde8a3f2b90fa25f,blur05,1,147.63265991210938
0,sid_calib,real,unknown,calib,fde8a3f2b90fa25f,blur10,1,145.6523895263672
0,sid_calib,real,unknown,calib,fde8a3f2b90fa25f,blur20,1,144.72462463378906
0,sid_calib,real,unknown,calib,fde8a3f2b90fa25f,resize05,1,147.46400451660156
0,sid_calib,real,unknown,calib,fde8a3f2b90fa25f,resize025,1,148.13497924804688
0,sid_calib,real,unknown,calib,fde8a3f2b90fa25f,noise002,1,144.82330322265625
0,sid_calib,real,unknown,calib,fde8a3f2b90fa25f,noise005,1,145.1531219482422
0,sid_calib,real,unknown,calib,fde8a3f2b90fa25f,noise01,1,140.7938690185547
0,sid_calib,real,unknown,calib,fde8a3f2b90fa25f,jitter02,1,147.23031616210938
0,sid_calib,real,unknown,calib,fde8a3f2b90fa25f,crop08,1,187.93441772460938
0,sid_calib,real,unknown,calib,350fcf714ab7a614,clean,1,120.6584701538086
0,sid_calib,real,unknown,calib,350fcf714ab7a614,jpeg90,1,120.64209747314453
0,sid_calib,real,unknown,calib,350fcf714ab7a614,jpeg70,1,120.3616714477539
0,sid_calib,real,unknown,calib,350fcf714ab7a614,jpeg50,1,120.93180847167969
0,sid_calib,real,unknown,calib,350fcf714ab7a614,jpeg30,1,117.26905822753906
0,sid_calib,real,unknown,calib,350fcf714ab7a614,blur05,1,120.84231567382812
0,sid_calib,real,unknown,calib,350fcf714ab7a614,blur10,1,121.50936889648438
0,sid_calib,real,unknown,calib,350fcf714ab7a614,blur20,1,119.29060363769531
0,sid_calib,real,unknown,calib,350fcf714ab7a614,resize05,1,121.05377197265625
0,sid_calib,real,unknown,calib,350fcf714ab7a614,resize025,1,118.74761962890625
0,sid_calib,real,unknown,calib,350fcf714ab7a614,noise002,1,120.96739196777344
0,sid_calib,real,unknown,calib,350fcf714ab7a614,noise005,1,120.81488800048828
0,sid_calib,real,unknown,calib,350fcf714ab7a614,noise01,1,116.92204284667969
0,sid_calib,real,unknown,calib,350fcf714ab7a614,jitter02,1,120.57449340820312
0,sid_calib,real,unknown,calib,350fcf714ab7a614,crop08,1,149.32205200195312
1,sid_calib,full_synthetic,unknown,calib,3274d454ba8e7d77,noise01,1,152.9563446044922
1,sid_calib,full_synthetic,unknown,calib,3274d454ba8e7d77,crop08,1,198.6637420654297
0,sid_calib,real,unknown,calib,bee555100fc4f258,clean,1,120.20858001708984
0,sid_calib,real,unknown,calib,bee555100fc4f258,jpeg90,1,119.76403045654297
0,sid_calib,real,unknown,calib,bee555100fc4f258,jpeg70,1,120.70381164550781
0,sid_calib,real,unknown,calib,bee555100fc4f258,jpeg50,1,120.03992462158203
0,sid_calib,real,unknown,calib,bee555100fc4f258,jpeg30,1,120.10086822509766
0,sid_calib,real,unknown,calib,bee555100fc4f258,blur05,1,120.5300064086914
0,sid_calib,real,unknown,calib,bee555100fc4f258,blur10,1,121.72648620605469
0,sid_calib,real,unknown,calib,bee555100fc4f258,blur20,1,121.20787048339844
0,sid_calib,real,unknown,calib,bee555100fc4f258,resize05,1,120.92033386230469
0,sid_calib,real,unknown,calib,bee555100fc4f258,resize025,1,121.35543060302734
0,sid_calib,real,unknown,calib,bee555100fc4f258,noise002,1,120.33982849121094
0,sid_calib,real,unknown,calib,bee555100fc4f258,noise005,1,118.8262710571289
0,sid_calib,real,unknown,calib,bee555100fc4f258,jitter02,1,120.57515716552734
0,sid_calib,real,unknown,calib,bee555100fc4f258,crop08,1,166.11720275878906
0,sid_calib,real,unknown,calib,e5f9eb6186be9a0b,crop08,1,65.54891204833984
1,sid_calib,full_synthetic,unknown,calib,fc11c74e5b4f3361,crop08,1,68.73719787597656
1,sid_calib,full_synthetic,unknown,calib,12320c75c9229135,clean,1,514.8019409179688
1,sid_calib,full_synthetic,unknown,calib,12320c75c9229135,jpeg90,1,514.8074951171875
1,sid_calib,full_synthetic,unknown,calib,12320c75c9229135,jpeg70,1,515.8429565429688
1,sid_calib,full_synthetic,unknown,calib,12320c75c9229135,jpeg50,1,516.4969482421875
1,sid_calib,full_synthetic,unknown,calib,12320c75c9229135,jpeg30,1,514.0137329101562
1,sid_calib,full_synthetic,unknown,calib,12320c75c9229135,blur05,1,514.74755859375
1,sid_calib,full_synthetic,unknown,calib,12320c75c9229135,blur10,1,513.5282592773438
1,sid_calib,full_synthetic,unknown,calib,12320c75c9229135,blur20,1,509.5120544433594
1,sid_calib,full_synthetic,unknown,calib,12320c75c9229135,resize05,1,514.3873901367188
1,sid_calib,full_synthetic,unknown,calib,12320c75c9229135,resize025,1,510.1414489746094
1,sid_calib,full_synthetic,unknown,calib,12320c75c9229135,noise002,1,514.918701171875
1,sid_calib,full_synthetic,unknown,calib,12320c75c9229135,noise005,1,516.5281982421875
1,sid_calib,full_synthetic,unknown,calib,12320c75c9229135,noise01,1,516.4324340820312
1,sid_calib,full_synthetic,unknown,calib,12320c75c9229135,jitter02,1,514.0790405273438
1,sid_calib,full_synthetic,unknown,calib,12320c75c9229135,crop08,1,575.569091796875
0,sid_calib,real,unknown,calib,87a4d2c69c7d7037,clean,1,72.45396423339844
0,sid_calib,real,unknown,calib,87a4d2c69c7d7037,jpeg90,1,72.47032165527344
0,sid_calib,real,unknown,calib,87a4d2c69c7d7037,jpeg70,1,72.2343521118164
0,sid_calib,real,unknown,calib,87a4d2c69c7d7037,jpeg50,1,72.09588623046875
0,sid_calib,real,unknown,calib,87a4d2c69c7d7037,jpeg30,1,71.8573226928711
0,sid_calib,real,unknown,calib,87a4d2c69c7d7037,blur05,1,72.36131286621094
0,sid_calib,real,unknown,calib,87a4d2c69c7d7037,blur10,1,72.07698059082031
0,sid_calib,real,unknown,calib,87a4d2c69c7d7037,blur20,1,71.6452865600586
0,sid_calib,real,unknown,calib,87a4d2c69c7d7037,resize05,1,72.30731964111328
0,sid_calib,real,unknown,calib,87a4d2c69c7d7037,resize025,1,71.50833129882812
0,sid_calib,real,unknown,calib,87a4d2c69c7d7037,noise002,1,72.42109680175781
0,sid_calib,real,unknown,calib,87a4d2c69c7d7037,noise005,1,68.11844635009766
0,sid_calib,real,unknown,calib,87a4d2c69c7d7037,noise01,1,68.60678100585938
0,sid_calib,real,unknown,calib,87a4d2c69c7d7037,jitter02,1,72.73176574707031
0,sid_calib,real,unknown,calib,87a4d2c69c7d7037,crop08,1,86.27064514160156
1,sid_calib,full_synthetic,unknown,calib,ac9aaeaabb9d839f,clean,1,289.0967712402344
1,sid_calib,full_synthetic,unknown,calib,ac9aaeaabb9d839f,jpeg90,1,289.16644287109375
1,sid_calib,full_synthetic,unknown,calib,ac9aaeaabb9d839f,jpeg70,1,289.0249938964844
1,sid_calib,full_synthetic,unknown,calib,ac9aaeaabb9d839f,jpeg50,1,288.8050842285156
1,sid_calib,full_synthetic,unknown,calib,ac9aaeaabb9d839f,jpeg30,1,286.57159423828125
1,sid_calib,full_synthetic,unknown,calib,ac9aaeaabb9d839f,blur05,1,288.93304443359375
1,sid_calib,full_synthetic,unknown,calib,ac9aaeaabb9d839f,blur10,1,289.58673095703125
1,sid_calib,full_synthetic,unknown,calib,ac9aaeaabb9d839f,blur20,1,289.8869323730469
1,sid_calib,full_synthetic,unknown,calib,ac9aaeaabb9d839f,resize05,1,289.4265441894531
1,sid_calib,full_synthetic,unknown,calib,ac9aaeaabb9d839f,resize025,1,290.0502624511719
1,sid_calib,full_synthetic,unknown,calib,ac9aaeaabb9d839f,noise002,1,288.1744384765625
1,sid_calib,full_synthetic,unknown,calib,ac9aaeaabb9d839f,noise005,1,289.66339111328125
1,sid_calib,full_synthetic,unknown,calib,ac9aaeaabb9d839f,noise01,1,288.6075744628906
1,sid_calib,full_synthetic,unknown,calib,ac9aaeaabb9d839f,jitter02,1,287.8455810546875
1,sid_calib,full_synthetic,unknown,calib,ac9aaeaabb9d839f,crop08,1,356.0191345214844
1,sid_calib,full_synthetic,unknown,calib,007fd2595fb5fb9e,clean,1,122.634033203125
1,sid_calib,full_synthetic,unknown,calib,007fd2595fb5fb9e,jpeg90,1,122.11137390136719
1,sid_calib,full_synthetic,unknown,calib,007fd2595fb5fb9e,jpeg70,1,123.0995101928711
1,sid_calib,full_synthetic,unknown,calib,007fd2595fb5fb9e,jpeg50,1,124.0102767944336
1,sid_calib,full_synthetic,unknown,calib,007fd2595fb5fb9e,jpeg30,1,125.50223541259766
1,sid_calib,full_synthetic,unknown,calib,007fd2595fb5fb9e,blur05,1,122.69956970214844
1,sid_calib,full_synthetic,unknown,calib,007fd2595fb5fb9e,blur10,1,123.22930145263672
1,sid_calib,full_synthetic,unknown,calib,007fd2595fb5fb9e,blur20,1,110.0906982421875
1,sid_calib,full_synthetic,unknown,calib,007fd2595fb5fb9e,resize05,1,123.48956298828125
1,sid_calib,full_synthetic,unknown,calib,007fd2595fb5fb9e,resize025,1,123.21337890625
1,sid_calib,full_synthetic,unknown,calib,007fd2595fb5fb9e,noise002,1,123.13050842285156
1,sid_calib,full_synthetic,unknown,calib,007fd2595fb5fb9e,jitter02,1,123.0518569946289
1,sid_calib,full_synthetic,unknown,calib,007fd2595fb5fb9e,crop08,1,149.7726287841797
0,sid_calib,real,unknown,calib,15ecd2489b98287d,clean,1,71.1588363647461
0,sid_calib,real,unknown,calib,15ecd2489b98287d,jpeg90,1,70.64422607421875
0,sid_calib,real,unknown,calib,15ecd2489b98287d,jpeg70,1,71.23771667480469
0,sid_calib,real,unknown,calib,15ecd2489b98287d,jpeg50,1,71.2858657836914
0,sid_calib,real,unknown,calib,15ecd2489b98287d,jpeg30,1,70.97430419921875
0,sid_calib,real,unknown,calib,15ecd2489b98287d,blur05,1,71.02835845947266
0,sid_calib,real,unknown,calib,15ecd2489b98287d,blur10,1,70.94378662109375
0,sid_calib,real,unknown,calib,15ecd2489b98287d,blur20,1,71.00630950927734
0,sid_calib,real,unknown,calib,15ecd2489b98287d,resize05,1,70.90121459960938
0,sid_calib,real,unknown,calib,15ecd2489b98287d,resize025,1,71.62748718261719
0,sid_calib,real,unknown,calib,15ecd2489b98287d,noise002,1,71.3607406616211
0,sid_calib,real,unknown,calib,15ecd2489b98287d,noise005,1,72.03779602050781
0,sid_calib,real,unknown,calib,15ecd2489b98287d,noise01,1,71.7416763305664
0,sid_calib,real,unknown,calib,15ecd2489b98287d,jitter02,1,71.51278686523438
0,sid_calib,real,unknown,calib,15ecd2489b98287d,crop08,1,92.07638549804688
0,sid_calib,real,unknown,calib,1e92e14a0a18213b,clean,1,118.58881378173828
0,sid_calib,real,unknown,calib,1e92e14a0a18213b,jpeg90,1,118.40300750732422
0,sid_calib,real,unknown,calib,1e92e14a0a18213b,jpeg70,1,118.34610748291016
0,sid_calib,real,unknown,calib,1e92e14a0a18213b,jpeg50,1,118.59554290771484
0,sid_calib,real,unknown,calib,1e92e14a0a18213b,jpeg30,1,118.22904205322266
0,sid_calib,real,unknown,calib,1e92e14a0a18213b,blur05,1,118.63375091552734
0,sid_calib,real,unknown,calib,1e92e14a0a18213b,blur10,1,119.24234771728516
0,sid_calib,real,unknown,calib,1e92e14a0a18213b,blur20,1,118.7824478149414
0,sid_calib,real,unknown,calib,1e92e14a0a18213b,resize05,1,119.2126693725586
0,sid_calib,real,unknown,calib,1e92e14a0a18213b,resize025,1,119.21940612792969
0,sid_calib,real,unknown,calib,1e92e14a0a18213b,noise002,1,118.64839935302734
0,sid_calib,real,unknown,calib,1e92e14a0a18213b,noise005,1,118.79882049560547
0,sid_calib,real,unknown,calib,1e92e14a0a18213b,noise01,1,121.0771484375
0,sid_calib,real,unknown,calib,1e92e14a0a18213b,jitter02,1,118.96273040771484
0,sid_calib,real,unknown,calib,1e92e14a0a18213b,crop08,1,151.83078002929688
0,sid_calib,real,unknown,calib,5dd56093bed8bb6b,clean,1,169.5309295654297
0,sid_calib,real,unknown,calib,5dd56093bed8bb6b,jpeg90,1,169.4722900390625
0,sid_calib,real,unknown,calib,5dd56093bed8bb6b,jpeg70,1,170.1781005859375
0,sid_calib,real,unknown,calib,5dd56093bed8bb6b,jpeg50,1,169.5457763671875
0,sid_calib,real,unknown,calib,5dd56093bed8bb6b,jpeg30,1,169.95606994628906
0,sid_calib,real,unknown,calib,5dd56093bed8bb6b,blur05,1,169.84957885742188
0,sid_calib,real,unknown,calib,5dd56093bed8bb6b,blur10,1,171.03041076660156
0,sid_calib,real,unknown,calib,5dd56093bed8bb6b,blur20,1,171.6966094970703
0,sid_calib,real,unknown,calib,5dd56093bed8bb6b,resize05,1,170.02691650390625
0,sid_calib,real,unknown,calib,5dd56093bed8bb6b,resize025,1,171.74722290039062
0,sid_calib,real,unknown,calib,5dd56093bed8bb6b,noise002,1,170.2138214111328
0,sid_calib,real,unknown,calib,5dd56093bed8bb6b,noise005,1,172.56517028808594
0,sid_calib,real,unknown,calib,5dd56093bed8bb6b,noise01,1,170.77880859375
0,sid_calib,real,unknown,calib,5dd56093bed8bb6b,jitter02,1,169.23838806152344
0,sid_calib,real,unknown,calib,5dd56093bed8bb6b,crop08,1,218.66685485839844
0,sid_calib,real,unknown,calib,fa357920aed15f31,clean,1,103.59507751464844
0,sid_calib,real,unknown,calib,fa357920aed15f31,jpeg90,1,103.82300567626953
0,sid_calib,real,unknown,calib,fa357920aed15f31,jpeg70,1,103.15095520019531
0,sid_calib,real,unknown,calib,fa357920aed15f31,jpeg50,1,104.53752899169922
0,sid_calib,real,unknown,calib,fa357920aed15f31,jpeg30,1,103.8957290649414
0,sid_calib,real,unknown,calib,fa357920aed15f31,blur05,1,103.32940673828125
0,sid_calib,real,unknown,calib,fa357920aed15f31,blur10,1,103.32803344726562
0,sid_calib,real,unknown,calib,fa357920aed15f31,blur20,1,103.84587860107422
0,sid_calib,real,unknown,calib,fa357920aed15f31,resize05,1,103.65499114990234
0,sid_calib,real,unknown,calib,fa357920aed15f31,resize025,1,104.94795227050781
0,sid_calib,real,unknown,calib,fa357920aed15f31,noise002,1,103.4208755493164
0,sid_calib,real,unknown,calib,fa357920aed15f31,noise005,1,106.33872985839844
0,sid_calib,real,unknown,calib,fa357920aed15f31,noise01,1,105.43324279785156
0,sid_calib,real,unknown,calib,fa357920aed15f31,jitter02,1,102.96944427490234
0,sid_calib,real,unknown,calib,fa357920aed15f31,crop08,1,136.41094970703125
1,sid_calib,full_synthetic,unknown,calib,883fdb3026306880,clean,1,121.18634796142578
1,sid_calib,full_synthetic,unknown,calib,883fdb3026306880,jpeg90,1,121.2381362915039
1,sid_calib,full_synthetic,unknown,calib,883fdb3026306880,jpeg70,1,121.01285552978516
1,sid_calib,full_synthetic,unknown,calib,883fdb3026306880,jpeg50,1,120.7007064819336
1,sid_calib,full_synthetic,unknown,calib,883fdb3026306880,jpeg30,1,121.19097137451172
1,sid_calib,full_synthetic,unknown,calib,883fdb3026306880,blur05,1,121.1141357421875
1,sid_calib,full_synthetic,unknown,calib,883fdb3026306880,blur10,1,121.1690673828125
1,sid_calib,full_synthetic,unknown,calib,883fdb3026306880,blur20,1,122.13644409179688
1,sid_calib,full_synthetic,unknown,calib,883fdb3026306880,resize05,1,121.06751251220703
1,sid_calib,full_synthetic,unknown,calib,883fdb3026306880,resize025,1,122.72087097167969
1,sid_calib,full_synthetic,unknown,calib,883fdb3026306880,noise002,1,120.79945373535156
1,sid_calib,full_synthetic,unknown,calib,883fdb3026306880,noise005,1,121.1493148803711
1,sid_calib,full_synthetic,unknown,calib,883fdb3026306880,noise01,1,123.93999481201172
1,sid_calib,full_synthetic,unknown,calib,883fdb3026306880,jitter02,1,120.8156967163086
1,sid_calib,full_synthetic,unknown,calib,883fdb3026306880,crop08,1,147.91941833496094
1,sid_calib,full_synthetic,unknown,calib,705cef0f26dc81e0,crop08,1,92.20745086669922
0,sid_calib,real,unknown,calib,5b1ae2caa6f8da88,clean,1,84.63137817382812
0,sid_calib,real,unknown,calib,5b1ae2caa6f8da88,jpeg90,1,84.64720153808594
0,sid_calib,real,unknown,calib,5b1ae2caa6f8da88,jpeg70,1,84.54395294189453
0,sid_calib,real,unknown,calib,5b1ae2caa6f8da88,jpeg50,1,83.9864730834961
0,sid_calib,real,unknown,calib,5b1ae2caa6f8da88,jpeg30,1,84.18251037597656
0,sid_calib,real,unknown,calib,5b1ae2caa6f8da88,blur05,1,84.7620620727539
0,sid_calib,real,unknown,calib,5b1ae2caa6f8da88,blur10,1,85.05583190917969
0,sid_calib,real,unknown,calib,5b1ae2caa6f8da88,blur20,1,86.15021514892578
0,sid_calib,real,unknown,calib,5b1ae2caa6f8da88,resize05,1,84.79842376708984
0,sid_calib,real,unknown,calib,5b1ae2caa6f8da88,resize025,1,85.48772430419922
0,sid_calib,real,unknown,calib,5b1ae2caa6f8da88,noise002,1,83.28184509277344
0,sid_calib,real,unknown,calib,5b1ae2caa6f8da88,noise005,1,84.33316802978516
0,sid_calib,real,unknown,calib,5b1ae2caa6f8da88,noise01,1,82.85614776611328
0,sid_calib,real,unknown,calib,5b1ae2caa6f8da88,jitter02,1,83.27084350585938
0,sid_calib,real,unknown,calib,5b1ae2caa6f8da88,crop08,1,105.8407974243164
0,sid_calib,real,unknown,calib,74058c578bbe67ea,crop08,1,74.96208953857422
1,sid_calib,full_synthetic,unknown,calib,5a1dbba606fabe8f,clean,1,201.7237548828125
1,sid_calib,full_synthetic,unknown,calib,5a1dbba606fabe8f,jpeg90,1,201.194580078125
1,sid_calib,full_synthetic,unknown,calib,5a1dbba606fabe8f,jpeg70,1,201.5071563720703
1,sid_calib,full_synthetic,unknown,calib,5a1dbba606fabe8f,jpeg50,1,199.59552001953125
1,sid_calib,full_synthetic,unknown,calib,5a1dbba606fabe8f,jpeg30,1,200.8770751953125
1,sid_calib,full_synthetic,unknown,calib,5a1dbba606fabe8f,blur05,1,201.05709838867188
1,sid_calib,full_synthetic,unknown,calib,5a1dbba606fabe8f,blur10,1,199.6116180419922
1,sid_calib,full_synthetic,unknown,calib,5a1dbba606fabe8f,blur20,1,196.81922912597656
1,sid_calib,full_synthetic,unknown,calib,5a1dbba606fabe8f,resize05,1,200.7254180908203
1,sid_calib,full_synthetic,unknown,calib,5a1dbba606fabe8f,resize025,1,198.07418823242188
1,sid_calib,full_synthetic,unknown,calib,5a1dbba606fabe8f,noise002,1,201.0067596435547
1,sid_calib,full_synthetic,unknown,calib,5a1dbba606fabe8f,noise005,1,199.34954833984375
1,sid_calib,full_synthetic,unknown,calib,5a1dbba606fabe8f,noise01,1,206.22096252441406
1,sid_calib,full_synthetic,unknown,calib,5a1dbba606fabe8f,jitter02,1,200.82386779785156
1,sid_calib,full_synthetic,unknown,calib,5a1dbba606fabe8f,crop08,1,262.96282958984375
1,sid_calib,full_synthetic,unknown,calib,9f42c372ba6f60cb,clean,1,122.96656799316406
1,sid_calib,full_synthetic,unknown,calib,9f42c372ba6f60cb,jpeg90,1,122.94335174560547
1,sid_calib,full_synthetic,unknown,calib,9f42c372ba6f60cb,jpeg70,1,122.89555358886719
1,sid_calib,full_synthetic,unknown,calib,9f42c372ba6f60cb,jpeg50,1,116.71553039550781
1,sid_calib,full_synthetic,unknown,calib,9f42c372ba6f60cb,jpeg30,1,114.9062728881836
1,sid_calib,full_synthetic,unknown,calib,9f42c372ba6f60cb,blur05,1,122.93994903564453
1,sid_calib,full_synthetic,unknown,calib,9f42c372ba6f60cb,blur10,1,122.799072265625
1,sid_calib,full_synthetic,unknown,calib,9f42c372ba6f60cb,blur20,1,120.49024200439453
1,sid_calib,full_synthetic,unknown,calib,9f42c372ba6f60cb,resize05,1,122.8445816040039
1,sid_calib,full_synthetic,unknown,calib,9f42c372ba6f60cb,resize025,1,115.33353424072266
1,sid_calib,full_synthetic,unknown,calib,9f42c372ba6f60cb,noise002,1,122.83084869384766
1,sid_calib,full_synthetic,unknown,calib,9f42c372ba6f60cb,noise005,1,117.25244903564453
1,sid_calib,full_synthetic,unknown,calib,9f42c372ba6f60cb,noise01,1,121.62834930419922
1,sid_calib,full_synthetic,unknown,calib,9f42c372ba6f60cb,jitter02,1,122.10491180419922
1,sid_calib,full_synthetic,unknown,calib,9f42c372ba6f60cb,crop08,1,141.8859100341797
0,sid_calib,real,unknown,calib,df88ef3963182721,clean,1,84.22872924804688
0,sid_calib,real,unknown,calib,df88ef3963182721,jpeg90,1,83.68171691894531
0,sid_calib,real,unknown,calib,df88ef3963182721,jpeg70,1,83.9830551147461
0,sid_calib,real,unknown,calib,df88ef3963182721,jpeg50,1,84.90701293945312
0,sid_calib,real,unknown,calib,df88ef3963182721,jpeg30,1,84.94468688964844
0,sid_calib,real,unknown,calib,df88ef3963182721,blur05,1,84.2333984375
0,sid_calib,real,unknown,calib,df88ef3963182721,blur10,1,83.22364044189453
0,sid_calib,real,unknown,calib,df88ef3963182721,blur20,1,82.36246490478516
0,sid_calib,real,unknown,calib,df88ef3963182721,resize05,1,84.54927825927734
0,sid_calib,real,unknown,calib,df88ef3963182721,resize025,1,82.67765808105469
0,sid_calib,real,unknown,calib,df88ef3963182721,noise002,1,83.91825866699219
0,sid_calib,real,unknown,calib,df88ef3963182721,noise01,1,83.41080474853516
0,sid_calib,real,unknown,calib,df88ef3963182721,jitter02,1,84.38400268554688
0,sid_calib,real,unknown,calib,df88ef3963182721,crop08,1,101.53336334228516
0,sid_calib,real,unknown,calib,775da780ec7a8c00,clean,1,80.77934265136719
0,sid_calib,real,unknown,calib,775da780ec7a8c00,jpeg90,1,80.76934814453125
0,sid_calib,real,unknown,calib,775da780ec7a8c00,jpeg70,1,81.03350830078125
0,sid_calib,real,unknown,calib,775da780ec7a8c00,jpeg50,1,81.13789367675781
0,sid_calib,real,unknown,calib,775da780ec7a8c00,jpeg30,1,80.42620849609375
0,sid_calib,real,unknown,calib,775da780ec7a8c00,blur05,1,80.64525604248047
0,sid_calib,real,unknown,calib,775da780ec7a8c00,blur10,1,79.81473541259766
0,sid_calib,real,unknown,calib,775da780ec7a8c00,blur20,1,79.8613510131836
0,sid_calib,real,unknown,calib,775da780ec7a8c00,resize05,1,80.39662170410156
0,sid_calib,real,unknown,calib,775da780ec7a8c00,resize025,1,79.01115417480469
0,sid_calib,real,unknown,calib,775da780ec7a8c00,noise002,1,80.04136657714844
0,sid_calib,real,unknown,calib,775da780ec7a8c00,noise005,1,79.65621185302734
0,sid_calib,real,unknown,calib,775da780ec7a8c00,noise01,1,74.7359619140625
0,sid_calib,real,unknown,calib,775da780ec7a8c00,jitter02,1,80.85477447509766
0,sid_calib,real,unknown,calib,775da780ec7a8c00,crop08,1,94.33293914794922
1,sid_calib,full_synthetic,unknown,calib,8b00f3626ed981ea,clean,1,165.2356719970703
1,sid_calib,full_synthetic,unknown,calib,8b00f3626ed981ea,jpeg90,1,164.82882690429688
1,sid_calib,full_synthetic,unknown,calib,8b00f3626ed981ea,jpeg70,1,165.40573120117188
1,sid_calib,full_synthetic,unknown,calib,8b00f3626ed981ea,jpeg50,1,161.01902770996094
1,sid_calib,full_synthetic,unknown,calib,8b00f3626ed981ea,jpeg30,1,167.14944458007812
1,sid_calib,full_synthetic,unknown,calib,8b00f3626ed981ea,blur05,1,165.7296600341797
1,sid_calib,full_synthetic,unknown,calib,8b00f3626ed981ea,blur10,1,167.40628051757812
1,sid_calib,full_synthetic,unknown,calib,8b00f3626ed981ea,blur20,1,166.81211853027344
1,sid_calib,full_synthetic,unknown,calib,8b00f3626ed981ea,resize05,1,166.30577087402344
1,sid_calib,full_synthetic,unknown,calib,8b00f3626ed981ea,resize025,1,166.99652099609375
1,sid_calib,full_synthetic,unknown,calib,8b00f3626ed981ea,noise002,1,165.61207580566406
1,sid_calib,full_synthetic,unknown,calib,8b00f3626ed981ea,noise005,1,168.24005126953125
1,sid_calib,full_synthetic,unknown,calib,8b00f3626ed981ea,noise01,1,164.8092803955078
1,sid_calib,full_synthetic,unknown,calib,8b00f3626ed981ea,jitter02,1,168.8225555419922
1,sid_calib,full_synthetic,unknown,calib,8b00f3626ed981ea,crop08,1,193.60267639160156
0,sid_calib,real,unknown,calib,81a1fecb9413ff84,clean,1,70.75593566894531
0,sid_calib,real,unknown,calib,81a1fecb9413ff84,jpeg90,1,70.6991195678711
0,sid_calib,real,unknown,calib,81a1fecb9413ff84,jpeg70,1,70.91960144042969
0,sid_calib,real,unknown,calib,81a1fecb9413ff84,jpeg50,1,64.78337860107422
0,sid_calib,real,unknown,calib,81a1fecb9413ff84,jpeg30,1,70.78645324707031
0,sid_calib,real,unknown,calib,81a1fecb9413ff84,blur05,1,70.53795623779297
0,sid_calib,real,unknown,calib,81a1fecb9413ff84,blur10,1,69.91668701171875
0,sid_calib,real,unknown,calib,81a1fecb9413ff84,blur20,1,67.5141372680664
0,sid_calib,real,unknown,calib,81a1fecb9413ff84,resize05,1,70.31631469726562
0,sid_calib,real,unknown,calib,81a1fecb9413ff84,resize025,1,69.89004516601562
0,sid_calib,real,unknown,calib,81a1fecb9413ff84,noise002,1,70.77177429199219
0,sid_calib,real,unknown,calib,81a1fecb9413ff84,noise005,1,71.59248352050781
0,sid_calib,real,unknown,calib,81a1fecb9413ff84,jitter02,1,71.31257629394531
0,sid_calib,real,unknown,calib,81a1fecb9413ff84,crop08,1,85.15167999267578
0,sid_calib,real,unknown,calib,82c8bf6684376909,clean,1,74.38119506835938
0,sid_calib,real,unknown,calib,82c8bf6684376909,jpeg90,1,74.60144805908203
0,sid_calib,real,unknown,calib,82c8bf6684376909,jpeg70,1,74.8268814086914
0,sid_calib,real,unknown,calib,82c8bf6684376909,jpeg50,1,74.38678741455078
0,sid_calib,real,unknown,calib,82c8bf6684376909,jpeg30,1,74.88602447509766
0,sid_calib,real,unknown,calib,82c8bf6684376909,blur05,1,74.2973403930664
0,sid_calib,real,unknown,calib,82c8bf6684376909,blur10,1,74.39637756347656
0,sid_calib,real,unknown,calib,82c8bf6684376909,blur20,1,75.25146484375
0,sid_calib,real,unknown,calib,82c8bf6684376909,resize05,1,74.36347198486328
0,sid_calib,real,unknown,calib,82c8bf6684376909,resize025,1,75.249755859375
0,sid_calib,real,unknown,calib,82c8bf6684376909,noise002,1,74.27898406982422
0,sid_calib,real,unknown,calib,82c8bf6684376909,noise005,1,75.10173034667969
0,sid_calib,real,unknown,calib,82c8bf6684376909,noise01,1,76.76827239990234
0,sid_calib,real,unknown,calib,82c8bf6684376909,jitter02,1,73.37203979492188
0,sid_calib,real,unknown,calib,82c8bf6684376909,crop08,1,94.866943359375
1,sid_calib,full_synthetic,unknown,calib,d205fd5376a21e28,clean,1,186.16696166992188
1,sid_calib,full_synthetic,unknown,calib,d205fd5376a21e28,jpeg90,1,186.69166564941406
1,sid_calib,full_synthetic,unknown,calib,d205fd5376a21e28,jpeg70,1,186.67552185058594
1,sid_calib,full_synthetic,unknown,calib,d205fd5376a21e28,jpeg50,1,185.97071838378906
1,sid_calib,full_synthetic,unknown,calib,d205fd5376a21e28,jpeg30,1,185.9739227294922
1,sid_calib,full_synthetic,unknown,calib,d205fd5376a21e28,blur05,1,186.50244140625
1,sid_calib,full_synthetic,unknown,calib,d205fd5376a21e28,blur10,1,187.42813110351562
1,sid_calib,full_synthetic,unknown,calib,d205fd5376a21e28,blur20,1,190.05572509765625
1,sid_calib,full_synthetic,unknown,calib,d205fd5376a21e28,resize05,1,186.94642639160156
1,sid_calib,full_synthetic,unknown,calib,d205fd5376a21e28,resize025,1,189.12803649902344
1,sid_calib,full_synthetic,unknown,calib,d205fd5376a21e28,noise002,1,186.4508514404297
1,sid_calib,full_synthetic,unknown,calib,d205fd5376a21e28,noise005,1,186.1436767578125
1,sid_calib,full_synthetic,unknown,calib,d205fd5376a21e28,noise01,1,193.04434204101562
1,sid_calib,full_synthetic,unknown,calib,d205fd5376a21e28,jitter02,1,185.98362731933594
1,sid_calib,full_synthetic,unknown,calib,d205fd5376a21e28,crop08,1,214.063720703125
1,sid_calib,full_synthetic,unknown,calib,7fdbb8b8fdb5421d,clean,1,69.671630859375
1,sid_calib,full_synthetic,unknown,calib,7fdbb8b8fdb5421d,jpeg90,1,69.44552612304688
1,sid_calib,full_synthetic,unknown,calib,7fdbb8b8fdb5421d,jpeg70,1,69.99473571777344
1,sid_calib,full_synthetic,unknown,calib,7fdbb8b8fdb5421d,jpeg50,1,69.58857727050781
1,sid_calib,full_synthetic,unknown,calib,7fdbb8b8fdb5421d,jpeg30,1,70.25992584228516
1,sid_calib,full_synthetic,unknown,calib,7fdbb8b8fdb5421d,blur05,1,69.76839447021484
1,sid_calib,full_synthetic,unknown,calib,7fdbb8b8fdb5421d,blur10,1,70.26960754394531
1,sid_calib,full_synthetic,unknown,calib,7fdbb8b8fdb5421d,blur20,1,70.90815734863281
1,sid_calib,full_synthetic,unknown,calib,7fdbb8b8fdb5421d,resize05,1,69.83763885498047
1,sid_calib,full_synthetic,unknown,calib,7fdbb8b8fdb5421d,resize025,1,70.68861389160156
1,sid_calib,full_synthetic,unknown,calib,7fdbb8b8fdb5421d,noise002,1,70.54395294189453
1,sid_calib,full_synthetic,unknown,calib,7fdbb8b8fdb5421d,noise005,1,69.2168197631836
1,sid_calib,full_synthetic,unknown,calib,7fdbb8b8fdb5421d,noise01,1,71.99298095703125
1,sid_calib,full_synthetic,unknown,calib,7fdbb8b8fdb5421d,jitter02,1,69.57044219970703
1,sid_calib,full_synthetic,unknown,calib,7fdbb8b8fdb5421d,crop08,1,91.27804565429688
0,sid_calib,real,unknown,calib,8e868ea31f88dc1a,clean,1,80.1261978149414
0,sid_calib,real,unknown,calib,8e868ea31f88dc1a,jpeg90,1,80.27242279052734
0,sid_calib,real,unknown,calib,8e868ea31f88dc1a,jpeg70,1,81.14695739746094
0,sid_calib,real,unknown,calib,8e868ea31f88dc1a,jpeg50,1,78.52740478515625
0,sid_calib,real,unknown,calib,8e868ea31f88dc1a,jpeg30,1,79.98472595214844
0,sid_calib,real,unknown,calib,8e868ea31f88dc1a,blur05,1,80.04629516601562
0,sid_calib,real,unknown,calib,8e868ea31f88dc1a,blur10,1,78.1716079711914
0,sid_calib,real,unknown,calib,8e868ea31f88dc1a,blur20,1,80.07714080810547
0,sid_calib,real,unknown,calib,8e868ea31f88dc1a,resize05,1,80.19220733642578
0,sid_calib,real,unknown,calib,8e868ea31f88dc1a,resize025,1,81.13743591308594
0,sid_calib,real,unknown,calib,8e868ea31f88dc1a,noise002,1,80.24197387695312
0,sid_calib,real,unknown,calib,8e868ea31f88dc1a,noise005,1,81.4649429321289
0,sid_calib,real,unknown,calib,8e868ea31f88dc1a,noise01,1,79.5122299194336
0,sid_calib,real,unknown,calib,8e868ea31f88dc1a,jitter02,1,81.91000366210938
0,sid_calib,real,unknown,calib,8e868ea31f88dc1a,crop08,1,95.17434692382812
0,sid_calib,real,unknown,calib,869213c5f2bdc6fd,clean,1,70.07245635986328
0,sid_calib,real,unknown,calib,869213c5f2bdc6fd,jpeg90,1,70.09561920166016
0,sid_calib,real,unknown,calib,869213c5f2bdc6fd,jpeg70,1,69.78370666503906
0,sid_calib,real,unknown,calib,869213c5f2bdc6fd,jpeg50,1,69.7894058227539
0,sid_calib,real,unknown,calib,869213c5f2bdc6fd,jpeg30,1,70.05782318115234
0,sid_calib,real,unknown,calib,869213c5f2bdc6fd,blur05,1,70.06138610839844
0,sid_calib,real,unknown,calib,869213c5f2bdc6fd,blur10,1,69.84336853027344
0,sid_calib,real,unknown,calib,869213c5f2bdc6fd,blur20,1,71.03639221191406
0,sid_calib,real,unknown,calib,869213c5f2bdc6fd,resize05,1,69.9334716796875
0,sid_calib,real,unknown,calib,869213c5f2bdc6fd,resize025,1,70.31069946289062
0,sid_calib,real,unknown,calib,869213c5f2bdc6fd,noise002,1,70.0595703125
0,sid_calib,real,unknown,calib,869213c5f2bdc6fd,noise005,1,69.67088317871094
0,sid_calib,real,unknown,calib,869213c5f2bdc6fd,noise01,1,69.40171813964844
0,sid_calib,real,unknown,calib,869213c5f2bdc6fd,jitter02,1,69.87409973144531
0,sid_calib,real,unknown,calib,869213c5f2bdc6fd,crop08,1,87.20732116699219
0,sid_calib,real,unknown,calib,c020f30e02065e20,crop08,1,86.82069396972656
1,sid_calib,full_synthetic,unknown,calib,221d4a027471eab5,crop08,1,76.49783325195312
1,sid_calib,full_synthetic,unknown,calib,c13bd8fe458884ca,clean,1,191.81097412109375
1,sid_calib,full_synthetic,unknown,calib,c13bd8fe458884ca,jpeg90,1,191.74095153808594
1,sid_calib,full_synthetic,unknown,calib,c13bd8fe458884ca,jpeg70,1,192.5943603515625
1,sid_calib,full_synthetic,unknown,calib,c13bd8fe458884ca,jpeg50,1,224.83396911621094
1,sid_calib,full_synthetic,unknown,calib,c13bd8fe458884ca,jpeg30,1,191.86199951171875
1,sid_calib,full_synthetic,unknown,calib,c13bd8fe458884ca,blur05,1,191.8671112060547
1,sid_calib,full_synthetic,unknown,calib,c13bd8fe458884ca,blur10,1,193.1738739013672
1,sid_calib,full_synthetic,unknown,calib,c13bd8fe458884ca,blur20,1,195.217041015625
1,sid_calib,full_synthetic,unknown,calib,c13bd8fe458884ca,resize05,1,192.6013641357422
1,sid_calib,full_synthetic,unknown,calib,c13bd8fe458884ca,resize025,1,195.71575927734375
1,sid_calib,full_synthetic,unknown,calib,c13bd8fe458884ca,noise002,1,192.4462432861328
1,sid_calib,full_synthetic,unknown,calib,c13bd8fe458884ca,noise005,1,195.4761505126953
1,sid_calib,full_synthetic,unknown,calib,c13bd8fe458884ca,noise01,1,205.85926818847656
1,sid_calib,full_synthetic,unknown,calib,c13bd8fe458884ca,jitter02,1,190.92535400390625
1,sid_calib,full_synthetic,unknown,calib,c13bd8fe458884ca,crop08,1,237.07420349121094
1,sid_calib,full_synthetic,unknown,calib,4ec0e13974322508,clean,1,86.91167449951172
1,sid_calib,full_synthetic,unknown,calib,4ec0e13974322508,jpeg90,1,86.86529541015625
1,sid_calib,full_synthetic,unknown,calib,4ec0e13974322508,jpeg70,1,86.3144760131836
1,sid_calib,full_synthetic,unknown,calib,4ec0e13974322508,jpeg50,1,85.92264556884766
1,sid_calib,full_synthetic,unknown,calib,4ec0e13974322508,jpeg30,1,86.48224639892578
1,sid_calib,full_synthetic,unknown,calib,4ec0e13974322508,blur05,1,86.57762908935547
1,sid_calib,full_synthetic,unknown,calib,4ec0e13974322508,blur10,1,86.28023529052734
1,sid_calib,full_synthetic,unknown,calib,4ec0e13974322508,blur20,1,86.32075500488281
1,sid_calib,full_synthetic,unknown,calib,4ec0e13974322508,resize05,1,86.59585571289062
1,sid_calib,full_synthetic,unknown,calib,4ec0e13974322508,resize025,1,85.3392562866211
1,sid_calib,full_synthetic,unknown,calib,4ec0e13974322508,noise002,1,86.88045501708984
1,sid_calib,full_synthetic,unknown,calib,4ec0e13974322508,noise005,1,87.05946350097656
1,sid_calib,full_synthetic,unknown,calib,4ec0e13974322508,noise01,1,87.3743896484375
1,sid_calib,full_synthetic,unknown,calib,4ec0e13974322508,jitter02,1,85.09136962890625
1,sid_calib,full_synthetic,unknown,calib,4ec0e13974322508,crop08,1,106.62308502197266
1,sid_calib,full_synthetic,unknown,calib,bde6779b71e69dc0,clean,1,269.3222961425781
1,sid_calib,full_synthetic,unknown,calib,bde6779b71e69dc0,jpeg90,1,268.94696044921875
1,sid_calib,full_synthetic,unknown,calib,bde6779b71e69dc0,jpeg70,1,269.41058349609375
1,sid_calib,full_synthetic,unknown,calib,bde6779b71e69dc0,jpeg50,1,267.1972351074219
1,sid_calib,full_synthetic,unknown,calib,bde6779b71e69dc0,jpeg30,1,269.249755859375
1,sid_calib,full_synthetic,unknown,calib,bde6779b71e69dc0,blur05,1,269.60406494140625
1,sid_calib,full_synthetic,unknown,calib,bde6779b71e69dc0,blur10,1,270.416259765625
1,sid_calib,full_synthetic,unknown,calib,bde6779b71e69dc0,blur20,1,274.1864318847656
1,sid_calib,full_synthetic,unknown,calib,bde6779b71e69dc0,resize05,1,269.5459289550781
1,sid_calib,full_synthetic,unknown,calib,bde6779b71e69dc0,resize025,1,274.33538818359375
1,sid_calib,full_synthetic,unknown,calib,bde6779b71e69dc0,noise002,1,268.78167724609375
1,sid_calib,full_synthetic,unknown,calib,bde6779b71e69dc0,noise005,1,265.6448974609375
1,sid_calib,full_synthetic,unknown,calib,bde6779b71e69dc0,noise01,1,272.9482421875
1,sid_calib,full_synthetic,unknown,calib,bde6779b71e69dc0,jitter02,1,268.2687683105469
1,sid_calib,full_synthetic,unknown,calib,bde6779b71e69dc0,crop08,1,316.84942626953125
0,sid_calib,real,unknown,calib,241a30149158ccb0,clean,1,65.56119537353516
0,sid_calib,real,unknown,calib,241a30149158ccb0,jpeg90,1,65.49088287353516
0,sid_calib,real,unknown,calib,241a30149158ccb0,jpeg70,1,65.41548919677734
0,sid_calib,real,unknown,calib,241a30149158ccb0,jpeg50,1,65.56903839111328
0,sid_calib,real,unknown,calib,241a30149158ccb0,jpeg30,1,65.97944641113281
0,sid_calib,real,unknown,calib,241a30149158ccb0,blur05,1,65.57217407226562
0,sid_calib,real,unknown,calib,241a30149158ccb0,blur10,1,65.39358520507812
0,sid_calib,real,unknown,calib,241a30149158ccb0,blur20,1,65.09760284423828
0,sid_calib,real,unknown,calib,241a30149158ccb0,resize05,1,65.62982940673828
0,sid_calib,real,unknown,calib,241a30149158ccb0,resize025,1,65.35492706298828
0,sid_calib,real,unknown,calib,241a30149158ccb0,noise002,1,65.54898834228516
0,sid_calib,real,unknown,calib,241a30149158ccb0,noise005,1,65.72098541259766
0,sid_calib,real,unknown,calib,241a30149158ccb0,noise01,1,65.77125549316406
0,sid_calib,real,unknown,calib,241a30149158ccb0,jitter02,1,65.64677429199219
0,sid_calib,real,unknown,calib,241a30149158ccb0,crop08,1,89.47702026367188
0,sid_calib,real,unknown,calib,bbfcc2968f87723f,clean,1,104.64405822753906
0,sid_calib,real,unknown,calib,bbfcc2968f87723f,jpeg90,1,104.97393035888672
0,sid_calib,real,unknown,calib,bbfcc2968f87723f,jpeg70,1,105.3034439086914
0,sid_calib,real,unknown,calib,bbfcc2968f87723f,jpeg50,1,98.3252182006836
0,sid_calib,real,unknown,calib,bbfcc2968f87723f,jpeg30,1,110.16388702392578
0,sid_calib,real,unknown,calib,bbfcc2968f87723f,blur05,1,98.77826690673828
0,sid_calib,real,unknown,calib,bbfcc2968f87723f,blur10,1,98.5944595336914
0,sid_calib,real,unknown,calib,bbfcc2968f87723f,blur20,1,96.62159729003906
0,sid_calib,real,unknown,calib,bbfcc2968f87723f,resize05,1,98.9747085571289
0,sid_calib,real,unknown,calib,bbfcc2968f87723f,resize025,1,98.35511016845703
0,sid_calib,real,unknown,calib,bbfcc2968f87723f,noise002,1,99.34112548828125
0,sid_calib,real,unknown,calib,bbfcc2968f87723f,noise005,1,98.77030944824219
0,sid_calib,real,unknown,calib,bbfcc2968f87723f,noise01,1,96.06802368164062
0,sid_calib,real,unknown,calib,bbfcc2968f87723f,jitter02,1,110.18672943115234
0,sid_calib,real,unknown,calib,bbfcc2968f87723f,crop08,1,121.3889389038086
1,sid_calib,full_synthetic,unknown,calib,ec966471c4b07a30,clean,1,278.28314208984375
1,sid_calib,full_synthetic,unknown,calib,ec966471c4b07a30,jpeg90,1,278.2965087890625
1,sid_calib,full_synthetic,unknown,calib,ec966471c4b07a30,jpeg70,1,286.4999084472656
1,sid_calib,full_synthetic,unknown,calib,ec966471c4b07a30,jpeg50,1,285.6841125488281
1,sid_calib,full_synthetic,unknown,calib,ec966471c4b07a30,jpeg30,1,289.1378173828125
1,sid_calib,full_synthetic,unknown,calib,ec966471c4b07a30,blur05,1,278.34490966796875
1,sid_calib,full_synthetic,unknown,calib,ec966471c4b07a30,blur10,1,277.7829895019531
1,sid_calib,full_synthetic,unknown,calib,ec966471c4b07a30,blur20,1,281.48284912109375
1,sid_calib,full_synthetic,unknown,calib,ec966471c4b07a30,resize05,1,278.31011962890625
1,sid_calib,full_synthetic,unknown,calib,ec966471c4b07a30,resize025,1,283.66632080078125
1,sid_calib,full_synthetic,unknown,calib,ec966471c4b07a30,noise002,1,285.353271484375
1,sid_calib,full_synthetic,unknown,calib,ec966471c4b07a30,noise005,1,288.2587585449219
1,sid_calib,full_synthetic,unknown,calib,ec966471c4b07a30,noise01,1,297.7308349609375
1,sid_calib,full_synthetic,unknown,calib,ec966471c4b07a30,jitter02,1,276.23492431640625
1,sid_calib,full_synthetic,unknown,calib,ec966471c4b07a30,crop08,1,344.78704833984375
1,sid_calib,full_synthetic,unknown,calib,5a16f128d5d8c38c,clean,1,111.02159881591797
1,sid_calib,full_synthetic,unknown,calib,5a16f128d5d8c38c,jpeg90,1,111.51033782958984
1,sid_calib,full_synthetic,unknown,calib,5a16f128d5d8c38c,jpeg70,1,110.61370086669922
1,sid_calib,full_synthetic,unknown,calib,5a16f128d5d8c38c,jpeg50,1,110.44127655029297
1,sid_calib,full_synthetic,unknown,calib,5a16f128d5d8c38c,jpeg30,1,108.77955627441406
1,sid_calib,full_synthetic,unknown,calib,5a16f128d5d8c38c,blur05,1,111.12115478515625
1,sid_calib,full_synthetic,unknown,calib,5a16f128d5d8c38c,blur10,1,111.47550201416016
1,sid_calib,full_synthetic,unknown,calib,5a16f128d5d8c38c,blur20,1,108.03816986083984
1,sid_calib,full_synthetic,unknown,calib,5a16f128d5d8c38c,resize05,1,111.70841979980469
1,sid_calib,full_synthetic,unknown,calib,5a16f128d5d8c38c,resize025,1,107.92224884033203
1,sid_calib,full_synthetic,unknown,calib,5a16f128d5d8c38c,noise002,1,110.81905364990234
1,sid_calib,full_synthetic,unknown,calib,5a16f128d5d8c38c,noise005,1,109.75405883789062
1,sid_calib,full_synthetic,unknown,calib,5a16f128d5d8c38c,noise01,1,107.6276626586914
1,sid_calib,full_synthetic,unknown,calib,5a16f128d5d8c38c,jitter02,1,111.03929901123047
1,sid_calib,full_synthetic,unknown,calib,5a16f128d5d8c38c,crop08,1,134.97303771972656
0,sid_calib,real,unknown,calib,bb2e4d8b02f00727,crop08,1,112.13353729248047
1,sid_calib,full_synthetic,unknown,calib,9a33d594490da97a,clean,1,135.16123962402344
1,sid_calib,full_synthetic,unknown,calib,9a33d594490da97a,jpeg90,1,135.35874938964844
1,sid_calib,full_synthetic,unknown,calib,9a33d594490da97a,jpeg70,1,135.25717163085938
1,sid_calib,full_synthetic,unknown,calib,9a33d594490da97a,jpeg50,1,134.585693359375
1,sid_calib,full_synthetic,unknown,calib,9a33d594490da97a,jpeg30,1,135.90171813964844
1,sid_calib,full_synthetic,unknown,calib,9a33d594490da97a,blur05,1,135.2421417236328
1,sid_calib,full_synthetic,unknown,calib,9a33d594490da97a,blur10,1,134.90792846679688
1,sid_calib,full_synthetic,unknown,calib,9a33d594490da97a,blur20,1,133.99185180664062
1,sid_calib,full_synthetic,unknown,calib,9a33d594490da97a,resize05,1,134.9203338623047
1,sid_calib,full_synthetic,unknown,calib,9a33d594490da97a,resize025,1,134.18411254882812
1,sid_calib,full_synthetic,unknown,calib,9a33d594490da97a,noise002,1,134.7205047607422
1,sid_calib,full_synthetic,unknown,calib,9a33d594490da97a,noise005,1,136.4692840576172
1,sid_calib,full_synthetic,unknown,calib,9a33d594490da97a,noise01,1,137.50643920898438
1,sid_calib,full_synthetic,unknown,calib,9a33d594490da97a,jitter02,1,135.656982421875
1,sid_calib,full_synthetic,unknown,calib,9a33d594490da97a,crop08,1,172.91671752929688
0,sid_calib,real,unknown,calib,f0340b96cb01f7a5,clean,1,75.8749008178711
0,sid_calib,real,unknown,calib,f0340b96cb01f7a5,jpeg90,1,75.41567993164062
0,sid_calib,real,unknown,calib,f0340b96cb01f7a5,jpeg70,1,76.1568374633789
0,sid_calib,real,unknown,calib,f0340b96cb01f7a5,jpeg50,1,76.32007598876953
0,sid_calib,real,unknown,calib,f0340b96cb01f7a5,jpeg30,1,76.79608154296875
0,sid_calib,real,unknown,calib,f0340b96cb01f7a5,blur05,1,75.86050415039062
0,sid_calib,real,unknown,calib,f0340b96cb01f7a5,blur10,1,76.30645751953125
0,sid_calib,real,unknown,calib,f0340b96cb01f7a5,blur20,1,75.61249542236328
0,sid_calib,real,unknown,calib,f0340b96cb01f7a5,resize05,1,76.42361450195312
0,sid_calib,real,unknown,calib,f0340b96cb01f7a5,resize025,1,75.54899597167969
0,sid_calib,real,unknown,calib,f0340b96cb01f7a5,noise002,1,75.46776580810547
0,sid_calib,real,unknown,calib,f0340b96cb01f7a5,noise005,1,74.86860656738281
0,sid_calib,real,unknown,calib,f0340b96cb01f7a5,noise01,1,77.38565063476562
0,sid_calib,real,unknown,calib,f0340b96cb01f7a5,jitter02,1,75.75574493408203
0,sid_calib,real,unknown,calib,f0340b96cb01f7a5,crop08,1,99.23368835449219
0,sid_calib,real,unknown,calib,b538732f87ab568a,clean,1,68.66783142089844
0,sid_calib,real,unknown,calib,b538732f87ab568a,jpeg90,1,68.6029281616211
0,sid_calib,real,unknown,calib,b538732f87ab568a,jpeg70,1,68.12034606933594
0,sid_calib,real,unknown,calib,b538732f87ab568a,jpeg50,1,67.94194793701172
0,sid_calib,real,unknown,calib,b538732f87ab568a,jpeg30,1,67.3031234741211
0,sid_calib,real,unknown,calib,b538732f87ab568a,blur05,1,68.47030639648438
0,sid_calib,real,unknown,calib,b538732f87ab568a,blur10,1,68.24738311767578
0,sid_calib,real,unknown,calib,b538732f87ab568a,blur20,1,67.85018157958984
0,sid_calib,real,unknown,calib,b538732f87ab568a,resize05,1,68.47700500488281
0,sid_calib,real,unknown,calib,b538732f87ab568a,resize025,1,67.56118774414062
0,sid_calib,real,unknown,calib,b538732f87ab568a,noise002,1,68.53253936767578
0,sid_calib,real,unknown,calib,b538732f87ab568a,noise005,1,69.41139221191406
0,sid_calib,real,unknown,calib,b538732f87ab568a,noise01,1,66.08204650878906
0,sid_calib,real,unknown,calib,b538732f87ab568a,jitter02,1,69.04068756103516
0,sid_calib,real,unknown,calib,b538732f87ab568a,crop08,1,87.2982177734375
0,sid_calib,real,unknown,calib,7cc498beef23d25e,jpeg90,1,147.98880004882812
1,sid_calib,full_synthetic,unknown,calib,6393aa1e49456b8e,clean,1,177.4925079345703
1,sid_calib,full_synthetic,unknown,calib,6393aa1e49456b8e,jpeg90,1,177.45907592773438
1,sid_calib,full_synthetic,unknown,calib,6393aa1e49456b8e,jpeg70,1,178.04637145996094
1,sid_calib,full_synthetic,unknown,calib,6393aa1e49456b8e,jpeg50,1,173.67282104492188
1,sid_calib,full_synthetic,unknown,calib,6393aa1e49456b8e,jpeg30,1,177.81373596191406
1,sid_calib,full_synthetic,unknown,calib,6393aa1e49456b8e,blur05,1,177.53871154785156
1,sid_calib,full_synthetic,unknown,calib,6393aa1e49456b8e,blur10,1,177.21316528320312
1,sid_calib,full_synthetic,unknown,calib,6393aa1e49456b8e,blur20,1,178.4413299560547
1,sid_calib,full_synthetic,unknown,calib,6393aa1e49456b8e,resize05,1,177.25314331054688
1,sid_calib,full_synthetic,unknown,calib,6393aa1e49456b8e,resize025,1,175.74591064453125
1,sid_calib,full_synthetic,unknown,calib,6393aa1e49456b8e,noise002,1,177.5582733154297
1,sid_calib,full_synthetic,unknown,calib,6393aa1e49456b8e,noise005,1,175.3271484375
1,sid_calib,full_synthetic,unknown,calib,6393aa1e49456b8e,noise01,1,176.24960327148438
1,sid_calib,full_synthetic,unknown,calib,6393aa1e49456b8e,jitter02,1,177.72311401367188
1,sid_calib,full_synthetic,unknown,calib,6393aa1e49456b8e,crop08,1,223.15560913085938
0,sid_calib,real,unknown,calib,a1429c9411210552,crop08,1,93.69390106201172
0,sid_calib,real,unknown,calib,857ba9e5ef6ace6a,clean,1,250.66893005371094
0,sid_calib,real,unknown,calib,857ba9e5ef6ace6a,jpeg90,1,251.16546630859375
0,sid_calib,real,unknown,calib,857ba9e5ef6ace6a,jpeg70,1,252.30807495117188
0,sid_calib,real,unknown,calib,857ba9e5ef6ace6a,jpeg50,1,250.882568359375
0,sid_calib,real,unknown,calib,857ba9e5ef6ace6a,jpeg30,1,251.90841674804688
0,sid_calib,real,unknown,calib,857ba9e5ef6ace6a,blur05,1,250.79429626464844
0,sid_calib,real,unknown,calib,857ba9e5ef6ace6a,blur10,1,252.29931640625
0,sid_calib,real,unknown,calib,857ba9e5ef6ace6a,blur20,1,249.4419403076172
0,sid_calib,real,unknown,calib,857ba9e5ef6ace6a,resize05,1,252.3441925048828
0,sid_calib,real,unknown,calib,857ba9e5ef6ace6a,resize025,1,250.39572143554688
0,sid_calib,real,unknown,calib,857ba9e5ef6ace6a,noise002,1,250.87738037109375
0,sid_calib,real,unknown,calib,857ba9e5ef6ace6a,noise005,1,253.70626831054688
0,sid_calib,real,unknown,calib,857ba9e5ef6ace6a,noise01,1,259.383056640625
0,sid_calib,real,unknown,calib,857ba9e5ef6ace6a,jitter02,1,251.16265869140625
0,sid_calib,real,unknown,calib,857ba9e5ef6ace6a,crop08,1,316.3948974609375
0,sid_calib,real,unknown,calib,fa0d8dcc54eebad4,clean,1,65.16220092773438
0,sid_calib,real,unknown,calib,fa0d8dcc54eebad4,jpeg90,1,64.75538635253906
0,sid_calib,real,unknown,calib,fa0d8dcc54eebad4,jpeg70,1,65.07662200927734
0,sid_calib,real,unknown,calib,fa0d8dcc54eebad4,jpeg50,1,64.62401580810547
0,sid_calib,real,unknown,calib,fa0d8dcc54eebad4,blur05,1,65.10620880126953
0,sid_calib,real,unknown,calib,fa0d8dcc54eebad4,resize05,1,65.15003967285156
0,sid_calib,real,unknown,calib,fa0d8dcc54eebad4,noise002,1,65.08531188964844
0,sid_calib,real,unknown,calib,fa0d8dcc54eebad4,noise005,1,65.17947387695312
0,sid_calib,real,unknown,calib,fa0d8dcc54eebad4,jitter02,1,64.38894653320312
0,sid_calib,real,unknown,calib,fa0d8dcc54eebad4,crop08,1,86.97112274169922
0,sid_calib,real,unknown,calib,bedea68acece3363,clean,1,386.7709045410156
0,sid_calib,real,unknown,calib,bedea68acece3363,jpeg90,1,386.50537109375
0,sid_calib,real,unknown,calib,bedea68acece3363,jpeg70,1,387.1474304199219
0,sid_calib,real,unknown,calib,bedea68acece3363,jpeg50,1,387.2475891113281
0,sid_calib,real,unknown,calib,bedea68acece3363,jpeg30,1,390.4355163574219
0,sid_calib,real,unknown,calib,bedea68acece3363,blur05,1,386.8404541015625
0,sid_calib,real,unknown,calib,bedea68acece3363,blur10,1,385.9724426269531
0,sid_calib,real,unknown,calib,bedea68acece3363,blur20,1,384.50531005859375
0,sid_calib,real,unknown,calib,bedea68acece3363,resize05,1,386.41021728515625
0,sid_calib,real,unknown,calib,bedea68acece3363,resize025,1,384.495361328125
0,sid_calib,real,unknown,calib,bedea68acece3363,noise002,1,388.0568542480469
0,sid_calib,real,unknown,calib,bedea68acece3363,noise005,1,402.3988952636719
0,sid_calib,real,unknown,calib,bedea68acece3363,noise01,1,410.61334228515625
0,sid_calib,real,unknown,calib,bedea68acece3363,jitter02,1,389.60723876953125
0,sid_calib,real,unknown,calib,bedea68acece3363,crop08,1,513.3103637695312
0,sid_calib,real,unknown,calib,3580aa2023958636,clean,1,106.49519348144531
0,sid_calib,real,unknown,calib,3580aa2023958636,jpeg90,1,106.49331665039062
0,sid_calib,real,unknown,calib,3580aa2023958636,jpeg70,1,106.57853698730469
0,sid_calib,real,unknown,calib,3580aa2023958636,jpeg50,1,105.94971466064453
0,sid_calib,real,unknown,calib,3580aa2023958636,jpeg30,1,105.73399353027344
0,sid_calib,real,unknown,calib,3580aa2023958636,blur05,1,106.58104705810547
0,sid_calib,real,unknown,calib,3580aa2023958636,blur10,1,106.83384704589844
0,sid_calib,real,unknown,calib,3580aa2023958636,blur20,1,107.95237731933594
0,sid_calib,real,unknown,calib,3580aa2023958636,resize05,1,106.73416137695312
0,sid_calib,real,unknown,calib,3580aa2023958636,resize025,1,107.8624496459961
0,sid_calib,real,unknown,calib,3580aa2023958636,noise002,1,105.98346710205078
0,sid_calib,real,unknown,calib,3580aa2023958636,noise005,1,105.11713409423828
0,sid_calib,real,unknown,calib,3580aa2023958636,noise01,1,109.32583618164062
0,sid_calib,real,unknown,calib,3580aa2023958636,jitter02,1,105.82010650634766
0,sid_calib,real,unknown,calib,3580aa2023958636,crop08,1,129.91883850097656
1,sid_calib,full_synthetic,unknown,calib,04ef4e349430db99,clean,1,100.89132690429688
1,sid_calib,full_synthetic,unknown,calib,04ef4e349430db99,jpeg90,1,100.9889144897461
1,sid_calib,full_synthetic,unknown,calib,04ef4e349430db99,jpeg70,1,100.54548645019531
1,sid_calib,full_synthetic,unknown,calib,04ef4e349430db99,jpeg50,1,100.96214294433594
1,sid_calib,full_synthetic,unknown,calib,04ef4e349430db99,jpeg30,1,101.26275634765625
1,sid_calib,full_synthetic,unknown,calib,04ef4e349430db99,blur05,1,100.52024841308594
1,sid_calib,full_synthetic,unknown,calib,04ef4e349430db99,blur10,1,101.18917083740234
1,sid_calib,full_synthetic,unknown,calib,04ef4e349430db99,resize05,1,100.36162567138672
1,sid_calib,full_synthetic,unknown,calib,04ef4e349430db99,resize025,1,100.85912322998047
1,sid_calib,full_synthetic,unknown,calib,04ef4e349430db99,noise002,1,100.67945098876953
1,sid_calib,full_synthetic,unknown,calib,04ef4e349430db99,jitter02,1,100.8309326171875
1,sid_calib,full_synthetic,unknown,calib,04ef4e349430db99,crop08,1,125.63300323486328
0,sid_calib,real,unknown,calib,094c1591605c91c9,clean,1,91.79446411132812
0,sid_calib,real,unknown,calib,094c1591605c91c9,jpeg90,1,91.68470764160156
0,sid_calib,real,unknown,calib,094c1591605c91c9,jpeg70,1,91.96418762207031
0,sid_calib,real,unknown,calib,094c1591605c91c9,jpeg50,1,91.76310729980469
0,sid_calib,real,unknown,calib,094c1591605c91c9,jpeg30,1,91.31874084472656
0,sid_calib,real,unknown,calib,094c1591605c91c9,blur05,1,91.9483413696289
0,sid_calib,real,unknown,calib,094c1591605c91c9,blur10,1,92.05552673339844
0,sid_calib,real,unknown,calib,094c1591605c91c9,blur20,1,90.53668975830078
0,sid_calib,real,unknown,calib,094c1591605c91c9,resize05,1,92.11360168457031
0,sid_calib,real,unknown,calib,094c1591605c91c9,resize025,1,91.07307434082031
0,sid_calib,real,unknown,calib,094c1591605c91c9,noise002,1,91.77276611328125
0,sid_calib,real,unknown,calib,094c1591605c91c9,noise005,1,91.76517486572266
0,sid_calib,real,unknown,calib,094c1591605c91c9,noise01,1,90.86205291748047
0,sid_calib,real,unknown,calib,094c1591605c91c9,jitter02,1,91.38469696044922
0,sid_calib,real,unknown,calib,094c1591605c91c9,crop08,1,106.50956726074219
1,sid_calib,full_synthetic,unknown,calib,8904ea77d7f95a2f,jpeg30,1,74.63977813720703
1,sid_calib,full_synthetic,unknown,calib,8904ea77d7f95a2f,crop08,1,78.67344665527344
1,sid_calib,full_synthetic,unknown,calib,309ed521d29f0a66,clean,1,125.68899536132812
1,sid_calib,full_synthetic,unknown,calib,309ed521d29f0a66,jpeg90,1,125.12226104736328
1,sid_calib,full_synthetic,unknown,calib,309ed521d29f0a66,jpeg70,1,125.21402740478516
1,sid_calib,full_synthetic,unknown,calib,309ed521d29f0a66,jpeg50,1,124.85063934326172
1,sid_calib,full_synthetic,unknown,calib,309ed521d29f0a66,jpeg30,1,124.67971801757812
1,sid_calib,full_synthetic,unknown,calib,309ed521d29f0a66,blur05,1,125.78165435791016
1,sid_calib,full_synthetic,unknown,calib,309ed521d29f0a66,blur10,1,119.80561065673828
1,sid_calib,full_synthetic,unknown,calib,309ed521d29f0a66,blur20,1,125.5633773803711
1,sid_calib,full_synthetic,unknown,calib,309ed521d29f0a66,resize05,1,125.77655792236328
1,sid_calib,full_synthetic,unknown,calib,309ed521d29f0a66,resize025,1,121.56433868408203
1,sid_calib,full_synthetic,unknown,calib,309ed521d29f0a66,noise002,1,126.24818420410156
1,sid_calib,full_synthetic,unknown,calib,309ed521d29f0a66,noise005,1,127.99020385742188
1,sid_calib,full_synthetic,unknown,calib,309ed521d29f0a66,noise01,1,125.78951263427734
1,sid_calib,full_synthetic,unknown,calib,309ed521d29f0a66,jitter02,1,126.71631622314453
1,sid_calib,full_synthetic,unknown,calib,309ed521d29f0a66,crop08,1,154.82772827148438
0,sid_calib,real,unknown,calib,79896601ab77d79e,jpeg30,1,74.14022064208984
0,sid_calib,real,unknown,calib,79896601ab77d79e,blur10,1,74.52001190185547
0,sid_calib,real,unknown,calib,79896601ab77d79e,blur20,1,72.4810562133789
0,sid_calib,real,unknown,calib,79896601ab77d79e,resize025,1,73.17630004882812
0,sid_calib,real,unknown,calib,79896601ab77d79e,jitter02,1,73.37429809570312
0,sid_calib,real,unknown,calib,79896601ab77d79e,crop08,1,89.23534393310547
0,sid_calib,real,unknown,calib,2cd0363e2b48a3fc,clean,1,82.14058685302734
0,sid_calib,real,unknown,calib,2cd0363e2b48a3fc,jpeg90,1,82.04751586914062
0,sid_calib,real,unknown,calib,2cd0363e2b48a3fc,jpeg70,1,82.78031921386719
0,sid_calib,real,unknown,calib,2cd0363e2b48a3fc,jpeg50,1,82.01649475097656
0,sid_calib,real,unknown,calib,2cd0363e2b48a3fc,jpeg30,1,81.62089538574219
0,sid_calib,real,unknown,calib,2cd0363e2b48a3fc,blur05,1,82.15229034423828
0,sid_calib,real,unknown,calib,2cd0363e2b48a3fc,blur10,1,82.3117904663086
0,sid_calib,real,unknown,calib,2cd0363e2b48a3fc,blur20,1,81.0495376586914
0,sid_calib,real,unknown,calib,2cd0363e2b48a3fc,resize05,1,82.39337158203125
0,sid_calib,real,unknown,calib,2cd0363e2b48a3fc,resize025,1,82.74022674560547
0,sid_calib,real,unknown,calib,2cd0363e2b48a3fc,noise002,1,81.90569305419922
0,sid_calib,real,unknown,calib,2cd0363e2b48a3fc,noise005,1,82.5755844116211
0,sid_calib,real,unknown,calib,2cd0363e2b48a3fc,noise01,1,81.12516784667969
0,sid_calib,real,unknown,calib,2cd0363e2b48a3fc,jitter02,1,81.95610809326172
0,sid_calib,real,unknown,calib,2cd0363e2b48a3fc,crop08,1,103.7811050415039
0,sid_calib,real,unknown,calib,a8e54cbf06223920,clean,1,74.96731567382812
0,sid_calib,real,unknown,calib,a8e54cbf06223920,jpeg90,1,74.93834686279297
0,sid_calib,real,unknown,calib,a8e54cbf06223920,jpeg70,1,74.90998077392578
0,sid_calib,real,unknown,calib,a8e54cbf06223920,jpeg50,1,74.61991882324219
0,sid_calib,real,unknown,calib,a8e54cbf06223920,jpeg30,1,74.42311096191406
0,sid_calib,real,unknown,calib,a8e54cbf06223920,blur05,1,74.71163177490234
0,sid_calib,real,unknown,calib,a8e54cbf06223920,blur10,1,74.10826110839844
0,sid_calib,real,unknown,calib,a8e54cbf06223920,blur20,1,72.87506103515625
0,sid_calib,real,unknown,calib,a8e54cbf06223920,resize05,1,74.41707611083984
0,sid_calib,real,unknown,calib,a8e54cbf06223920,resize025,1,73.35456848144531
0,sid_calib,real,unknown,calib,a8e54cbf06223920,noise002,1,75.58822631835938
0,sid_calib,real,unknown,calib,a8e54cbf06223920,noise005,1,75.23014831542969
0,sid_calib,real,unknown,calib,a8e54cbf06223920,noise01,1,76.82880401611328
0,sid_calib,real,unknown,calib,a8e54cbf06223920,jitter02,1,75.92411041259766
0,sid_calib,real,unknown,calib,a8e54cbf06223920,crop08,1,91.5121841430664
1,sid_calib,full_synthetic,unknown,calib,7b67b4ad1f383e4a,crop08,1,68.7550048828125
1,sid_calib,full_synthetic,unknown,calib,a43c3261e4fa8ed4,clean,1,171.1522979736328
1,sid_calib,full_synthetic,unknown,calib,a43c3261e4fa8ed4,jpeg90,1,171.56988525390625
1,sid_calib,full_synthetic,unknown,calib,a43c3261e4fa8ed4,jpeg70,1,171.7175750732422
1,sid_calib,full_synthetic,unknown,calib,a43c3261e4fa8ed4,jpeg50,1,171.29774475097656
1,sid_calib,full_synthetic,unknown,calib,a43c3261e4fa8ed4,jpeg30,1,173.1267852783203
1,sid_calib,full_synthetic,unknown,calib,a43c3261e4fa8ed4,blur05,1,171.01907348632812
1,sid_calib,full_synthetic,unknown,calib,a43c3261e4fa8ed4,blur10,1,173.76756286621094
1,sid_calib,full_synthetic,unknown,calib,a43c3261e4fa8ed4,blur20,1,172.29592895507812
1,sid_calib,full_synthetic,unknown,calib,a43c3261e4fa8ed4,resize05,1,171.38421630859375
1,sid_calib,full_synthetic,unknown,calib,a43c3261e4fa8ed4,resize025,1,172.7152099609375
1,sid_calib,full_synthetic,unknown,calib,a43c3261e4fa8ed4,noise002,1,172.6343231201172
1,sid_calib,full_synthetic,unknown,calib,a43c3261e4fa8ed4,noise005,1,175.5291748046875
1,sid_calib,full_synthetic,unknown,calib,a43c3261e4fa8ed4,noise01,1,181.30307006835938
1,sid_calib,full_synthetic,unknown,calib,a43c3261e4fa8ed4,jitter02,1,171.16749572753906
1,sid_calib,full_synthetic,unknown,calib,a43c3261e4fa8ed4,crop08,1,220.7248992919922
0,sid_calib,real,unknown,calib,53292ad7ee6a1964,crop08,1,71.42478942871094
0,sid_calib,real,unknown,calib,f200538e12502977,clean,1,71.72388458251953
0,sid_calib,real,unknown,calib,f200538e12502977,jpeg90,1,71.31336975097656
0,sid_calib,real,unknown,calib,f200538e12502977,jpeg70,1,71.98989868164062
0,sid_calib,real,unknown,calib,f200538e12502977,jpeg50,1,72.61170959472656
0,sid_calib,real,unknown,calib,f200538e12502977,jpeg30,1,72.41151428222656
0,sid_calib,real,unknown,calib,f200538e12502977,blur05,1,71.4718017578125
0,sid_calib,real,unknown,calib,f200538e12502977,blur10,1,72.04613494873047
0,sid_calib,real,unknown,calib,f200538e12502977,blur20,1,71.00041961669922
0,sid_calib,real,unknown,calib,f200538e12502977,resize05,1,71.50202941894531
0,sid_calib,real,unknown,calib,f200538e12502977,resize025,1,69.96537017822266
0,sid_calib,real,unknown,calib,f200538e12502977,noise002,1,71.35053253173828
0,sid_calib,real,unknown,calib,f200538e12502977,noise005,1,72.71437072753906
0,sid_calib,real,unknown,calib,f200538e12502977,noise01,1,73.6569595336914
0,sid_calib,real,unknown,calib,f200538e12502977,jitter02,1,71.98026275634766
0,sid_calib,real,unknown,calib,f200538e12502977,crop08,1,84.69944763183594
0,sid_calib,real,unknown,calib,b9d17ec5206de59b,clean,1,177.43060302734375
0,sid_calib,real,unknown,calib,b9d17ec5206de59b,jpeg90,1,177.64431762695312
0,sid_calib,real,unknown,calib,b9d17ec5206de59b,jpeg70,1,180.24205017089844
0,sid_calib,real,unknown,calib,b9d17ec5206de59b,jpeg50,1,176.36688232421875
0,sid_calib,real,unknown,calib,b9d17ec5206de59b,jpeg30,1,179.38497924804688
0,sid_calib,real,unknown,calib,b9d17ec5206de59b,blur05,1,177.53643798828125
0,sid_calib,real,unknown,calib,b9d17ec5206de59b,blur10,1,177.33404541015625
0,sid_calib,real,unknown,calib,b9d17ec5206de59b,blur20,1,179.735595703125
0,sid_calib,real,unknown,calib,b9d17ec5206de59b,resize05,1,177.31004333496094
0,sid_calib,real,unknown,calib,b9d17ec5206de59b,resize025,1,180.10496520996094
0,sid_calib,real,unknown,calib,b9d17ec5206de59b,noise002,1,180.00103759765625
0,sid_calib,real,unknown,calib,b9d17ec5206de59b,noise005,1,178.68714904785156
0,sid_calib,real,unknown,calib,b9d17ec5206de59b,noise01,1,179.43955993652344
0,sid_calib,real,unknown,calib,b9d17ec5206de59b,jitter02,1,178.80587768554688
0,sid_calib,real,unknown,calib,b9d17ec5206de59b,crop08,1,220.25027465820312
0,sid_calib,real,unknown,calib,d4a71ea418235b6e,clean,1,183.44766235351562
0,sid_calib,real,unknown,calib,d4a71ea418235b6e,jpeg90,1,183.60035705566406
0,sid_calib,real,unknown,calib,d4a71ea418235b6e,jpeg70,1,184.31956481933594
0,sid_calib,real,unknown,calib,d4a71ea418235b6e,jpeg50,1,183.856689453125
0,sid_calib,real,unknown,calib,d4a71ea418235b6e,jpeg30,1,185.0004425048828
0,sid_calib,real,unknown,calib,d4a71ea418235b6e,blur05,1,183.60128784179688
0,sid_calib,real,unknown,calib,d4a71ea418235b6e,blur10,1,183.38241577148438
0,sid_calib,real,unknown,calib,d4a71ea418235b6e,blur20,1,180.18392944335938
0,sid_calib,real,unknown,calib,d4a71ea418235b6e,resize05,1,183.3441925048828
0,sid_calib,real,unknown,calib,d4a71ea418235b6e,resize025,1,181.04058837890625
0,sid_calib,real,unknown,calib,d4a71ea418235b6e,noise002,1,182.8180389404297
0,sid_calib,real,unknown,calib,d4a71ea418235b6e,noise005,1,182.92076110839844
0,sid_calib,real,unknown,calib,d4a71ea418235b6e,noise01,1,180.2738494873047
0,sid_calib,real,unknown,calib,d4a71ea418235b6e,jitter02,1,182.67852783203125
0,sid_calib,real,unknown,calib,d4a71ea418235b6e,crop08,1,232.04876708984375
0,sid_calib,real,unknown,calib,31b46811d09805d9,clean,1,275.09228515625
0,sid_calib,real,unknown,calib,31b46811d09805d9,jpeg90,1,275.2372131347656
0,sid_calib,real,unknown,calib,31b46811d09805d9,jpeg70,1,275.837646484375
0,sid_calib,real,unknown,calib,31b46811d09805d9,jpeg50,1,277.0466003417969
0,sid_calib,real,unknown,calib,31b46811d09805d9,jpeg30,1,278.3033142089844
0,sid_calib,real,unknown,calib,31b46811d09805d9,blur05,1,275.4069519042969
0,sid_calib,real,unknown,calib,31b46811d09805d9,blur10,1,276.07891845703125
0,sid_calib,real,unknown,calib,31b46811d09805d9,blur20,1,275.03814697265625
0,sid_calib,real,unknown,calib,31b46811d09805d9,resize05,1,275.6873474121094
0,sid_calib,real,unknown,calib,31b46811d09805d9,resize025,1,275.1416931152344
0,sid_calib,real,unknown,calib,31b46811d09805d9,noise002,1,279.9317932128906
0,sid_calib,real,unknown,calib,31b46811d09805d9,noise005,1,284.4302062988281
0,sid_calib,real,unknown,calib,31b46811d09805d9,noise01,1,300.12506103515625
0,sid_calib,real,unknown,calib,31b46811d09805d9,jitter02,1,278.5635681152344
0,sid_calib,real,unknown,calib,31b46811d09805d9,crop08,1,350.0673828125
1,sid_calib,full_synthetic,unknown,calib,cba2d2272a1c44df,clean,1,136.62017822265625
1,sid_calib,full_synthetic,unknown,calib,cba2d2272a1c44df,jpeg90,1,136.7301788330078
1,sid_calib,full_synthetic,unknown,calib,cba2d2272a1c44df,jpeg70,1,137.91632080078125
1,sid_calib,full_synthetic,unknown,calib,cba2d2272a1c44df,jpeg50,1,136.4093017578125
1,sid_calib,full_synthetic,unknown,calib,cba2d2272a1c44df,jpeg30,1,137.37522888183594
1,sid_calib,full_synthetic,unknown,calib,cba2d2272a1c44df,blur05,1,136.7606658935547
1,sid_calib,full_synthetic,unknown,calib,cba2d2272a1c44df,blur10,1,136.86004638671875
1,sid_calib,full_synthetic,unknown,calib,cba2d2272a1c44df,blur20,1,141.11866760253906
1,sid_calib,full_synthetic,unknown,calib,cba2d2272a1c44df,resize05,1,136.90394592285156
1,sid_calib,full_synthetic,unknown,calib,cba2d2272a1c44df,resize025,1,142.1974639892578
1,sid_calib,full_synthetic,unknown,calib,cba2d2272a1c44df,noise002,1,136.146728515625
1,sid_calib,full_synthetic,unknown,calib,cba2d2272a1c44df,noise005,1,136.4258575439453
1,sid_calib,full_synthetic,unknown,calib,cba2d2272a1c44df,noise01,1,136.6893768310547
1,sid_calib,full_synthetic,unknown,calib,cba2d2272a1c44df,jitter02,1,136.45606994628906
1,sid_calib,full_synthetic,unknown,calib,cba2d2272a1c44df,crop08,1,167.0033416748047
0,sid_calib,real,unknown,calib,97263ef7773679ad,clean,1,279.5129699707031
0,sid_calib,real,unknown,calib,97263ef7773679ad,jpeg90,1,278.9894104003906
0,sid_calib,real,unknown,calib,97263ef7773679ad,jpeg70,1,279.06591796875
0,sid_calib,real,unknown,calib,97263ef7773679ad,jpeg50,1,277.9276428222656
0,sid_calib,real,unknown,calib,97263ef7773679ad,jpeg30,1,280.9997863769531
0,sid_calib,real,unknown,calib,97263ef7773679ad,blur05,1,279.4521484375
0,sid_calib,real,unknown,calib,97263ef7773679ad,blur10,1,279.4789733886719
0,sid_calib,real,unknown,calib,97263ef7773679ad,blur20,1,281.6336669921875
0,sid_calib,real,unknown,calib,97263ef7773679ad,resize05,1,279.011962890625
0,sid_calib,real,unknown,calib,97263ef7773679ad,resize025,1,280.89361572265625
0,sid_calib,real,unknown,calib,97263ef7773679ad,noise002,1,279.3379211425781
0,sid_calib,real,unknown,calib,97263ef7773679ad,noise005,1,279.7309875488281
0,sid_calib,real,unknown,calib,97263ef7773679ad,noise01,1,264.5782165527344
0,sid_calib,real,unknown,calib,97263ef7773679ad,jitter02,1,280.0007019042969
0,sid_calib,real,unknown,calib,97263ef7773679ad,crop08,1,322.4165344238281
0,sid_calib,real,unknown,calib,a8b70c32f12f0f6b,clean,1,152.96444702148438
0,sid_calib,real,unknown,calib,a8b70c32f12f0f6b,jpeg90,1,152.78660583496094
0,sid_calib,real,unknown,calib,a8b70c32f12f0f6b,jpeg70,1,153.8352813720703
0,sid_calib,real,unknown,calib,a8b70c32f12f0f6b,jpeg50,1,154.03846740722656
0,sid_calib,real,unknown,calib,a8b70c32f12f0f6b,jpeg30,1,153.3502197265625
0,sid_calib,real,unknown,calib,a8b70c32f12f0f6b,blur05,1,152.98483276367188
0,sid_calib,real,unknown,calib,a8b70c32f12f0f6b,blur10,1,151.69834899902344
0,sid_calib,real,unknown,calib,a8b70c32f12f0f6b,blur20,1,150.84983825683594
0,sid_calib,real,unknown,calib,a8b70c32f12f0f6b,resize05,1,152.11106872558594
0,sid_calib,real,unknown,calib,a8b70c32f12f0f6b,resize025,1,151.85916137695312
0,sid_calib,real,unknown,calib,a8b70c32f12f0f6b,noise002,1,153.6197052001953
0,sid_calib,real,unknown,calib,a8b70c32f12f0f6b,noise005,1,155.77999877929688
0,sid_calib,real,unknown,calib,a8b70c32f12f0f6b,noise01,1,161.72068786621094
0,sid_calib,real,unknown,calib,a8b70c32f12f0f6b,jitter02,1,152.8257293701172
0,sid_calib,real,unknown,calib,a8b70c32f12f0f6b,crop08,1,194.62258911132812
0,sid_calib,real,unknown,calib,f8ecf0c7fb0a28d5,clean,1,173.2538299560547
0,sid_calib,real,unknown,calib,f8ecf0c7fb0a28d5,jpeg90,1,173.4231414794922
0,sid_calib,real,unknown,calib,f8ecf0c7fb0a28d5,jpeg70,1,172.8865509033203
0,sid_calib,real,unknown,calib,f8ecf0c7fb0a28d5,jpeg50,1,181.70423889160156
0,sid_calib,real,unknown,calib,f8ecf0c7fb0a28d5,jpeg30,1,172.0953826904297
0,sid_calib,real,unknown,calib,f8ecf0c7fb0a28d5,blur05,1,173.00718688964844
0,sid_calib,real,unknown,calib,f8ecf0c7fb0a28d5,blur10,1,172.38522338867188
0,sid_calib,real,unknown,calib,f8ecf0c7fb0a28d5,blur20,1,169.61102294921875
0,sid_calib,real,unknown,calib,f8ecf0c7fb0a28d5,resize05,1,173.9165802001953
0,sid_calib,real,unknown,calib,f8ecf0c7fb0a28d5,resize025,1,182.47817993164062
0,sid_calib,real,unknown,calib,f8ecf0c7fb0a28d5,noise002,1,173.03529357910156
0,sid_calib,real,unknown,calib,f8ecf0c7fb0a28d5,noise005,1,171.2201690673828
0,sid_calib,real,unknown,calib,f8ecf0c7fb0a28d5,noise01,1,158.93081665039062
0,sid_calib,real,unknown,calib,f8ecf0c7fb0a28d5,jitter02,1,175.40098571777344
0,sid_calib,real,unknown,calib,f8ecf0c7fb0a28d5,crop08,1,223.76914978027344
0,sid_calib,real,unknown,calib,0d961f2381bebae6,clean,1,106.90099334716797
0,sid_calib,real,unknown,calib,0d961f2381bebae6,jpeg90,1,107.01460266113281
0,sid_calib,real,unknown,calib,0d961f2381bebae6,jpeg70,1,106.45341491699219
0,sid_calib,real,unknown,calib,0d961f2381bebae6,jpeg50,1,105.64921569824219
0,sid_calib,real,unknown,calib,0d961f2381bebae6,jpeg30,1,107.16439819335938
0,sid_calib,real,unknown,calib,0d961f2381bebae6,blur05,1,106.9645767211914
0,sid_calib,real,unknown,calib,0d961f2381bebae6,blur10,1,107.0253677368164
0,sid_calib,real,unknown,calib,0d961f2381bebae6,blur20,1,108.55217742919922
0,sid_calib,real,unknown,calib,0d961f2381bebae6,resize05,1,106.74136352539062
0,sid_calib,real,unknown,calib,0d961f2381bebae6,resize025,1,107.79126739501953
0,sid_calib,real,unknown,calib,0d961f2381bebae6,noise002,1,107.54618072509766
0,sid_calib,real,unknown,calib,0d961f2381bebae6,noise005,1,109.67447662353516
0,sid_calib,real,unknown,calib,0d961f2381bebae6,noise01,1,106.13331604003906
0,sid_calib,real,unknown,calib,0d961f2381bebae6,jitter02,1,106.83953857421875
0,sid_calib,real,unknown,calib,0d961f2381bebae6,crop08,1,137.3540802001953
0,sid_calib,real,unknown,calib,8abdbbd41645b607,jpeg90,1,72.57415008544922
0,sid_calib,real,unknown,calib,8abdbbd41645b607,jpeg70,1,72.91848754882812
0,sid_calib,real,unknown,calib,8abdbbd41645b607,jpeg50,1,72.2797622680664
0,sid_calib,real,unknown,calib,8abdbbd41645b607,jpeg30,1,72.31078338623047
0,sid_calib,real,unknown,calib,8abdbbd41645b607,jitter02,1,72.75642395019531
0,sid_calib,real,unknown,calib,8abdbbd41645b607,crop08,1,91.81700897216797
0,sid_calib,real,unknown,calib,8b197ecb9006ee9a,clean,1,178.17300415039062
0,sid_calib,real,unknown,calib,8b197ecb9006ee9a,jpeg90,1,178.2612762451172
0,sid_calib,real,unknown,calib,8b197ecb9006ee9a,jpeg70,1,177.1060791015625
0,sid_calib,real,unknown,calib,8b197ecb9006ee9a,jpeg50,1,178.69375610351562
0,sid_calib,real,unknown,calib,8b197ecb9006ee9a,jpeg30,1,179.0013427734375
0,sid_calib,real,unknown,calib,8b197ecb9006ee9a,blur05,1,178.1449432373047
0,sid_calib,real,unknown,calib,8b197ecb9006ee9a,blur10,1,178.60914611816406
0,sid_calib,real,unknown,calib,8b197ecb9006ee9a,blur20,1,180.68655395507812
0,sid_calib,real,unknown,calib,8b197ecb9006ee9a,resize05,1,178.44268798828125
0,sid_calib,real,unknown,calib,8b197ecb9006ee9a,resize025,1,179.59814453125
0,sid_calib,real,unknown,calib,8b197ecb9006ee9a,noise002,1,176.6187286376953
0,sid_calib,real,unknown,calib,8b197ecb9006ee9a,noise005,1,176.11964416503906
0,sid_calib,real,unknown,calib,8b197ecb9006ee9a,crop08,1,216.2889862060547
0,sid_calib,real,unknown,calib,bc00772278848680,clean,1,113.1489028930664
0,sid_calib,real,unknown,calib,bc00772278848680,jpeg90,1,113.0233154296875
0,sid_calib,real,unknown,calib,bc00772278848680,jpeg70,1,110.79230499267578
0,sid_calib,real,unknown,calib,bc00772278848680,jpeg50,1,111.9992446899414
0,sid_calib,real,unknown,calib,bc00772278848680,jpeg30,1,112.76718139648438
0,sid_calib,real,unknown,calib,bc00772278848680,blur05,1,113.15011596679688
0,sid_calib,real,unknown,calib,bc00772278848680,blur10,1,113.14338684082031
0,sid_calib,real,unknown,calib,bc00772278848680,blur20,1,112.30181121826172
0,sid_calib,real,unknown,calib,bc00772278848680,resize05,1,113.1485824584961
0,sid_calib,real,unknown,calib,bc00772278848680,resize025,1,112.86710357666016
0,sid_calib,real,unknown,calib,bc00772278848680,noise002,1,114.37836456298828
0,sid_calib,real,unknown,calib,bc00772278848680,noise005,1,114.05029296875
0,sid_calib,real,unknown,calib,bc00772278848680,noise01,1,113.3436279296875
0,sid_calib,real,unknown,calib,bc00772278848680,jitter02,1,111.17219543457031
0,sid_calib,real,unknown,calib,bc00772278848680,crop08,1,144.22491455078125
1,sid_calib,full_synthetic,unknown,calib,66b4d6ce70523194,clean,1,130.735107421875
1,sid_calib,full_synthetic,unknown,calib,66b4d6ce70523194,jpeg90,1,130.58091735839844
1,sid_calib,full_synthetic,unknown,calib,66b4d6ce70523194,jpeg70,1,130.54425048828125
1,sid_calib,full_synthetic,unknown,calib,66b4d6ce70523194,jpeg50,1,129.74383544921875
1,sid_calib,full_synthetic,unknown,calib,66b4d6ce70523194,jpeg30,1,130.8988800048828
1,sid_calib,full_synthetic,unknown,calib,66b4d6ce70523194,blur05,1,130.79833984375
1,sid_calib,full_synthetic,unknown,calib,66b4d6ce70523194,blur10,1,130.1832733154297
1,sid_calib,full_synthetic,unknown,calib,66b4d6ce70523194,blur20,1,128.83253479003906
1,sid_calib,full_synthetic,unknown,calib,66b4d6ce70523194,resize05,1,130.72152709960938
1,sid_calib,full_synthetic,unknown,calib,66b4d6ce70523194,resize025,1,128.79908752441406
1,sid_calib,full_synthetic,unknown,calib,66b4d6ce70523194,noise002,1,131.37571716308594
1,sid_calib,full_synthetic,unknown,calib,66b4d6ce70523194,noise005,1,128.55699157714844
1,sid_calib,full_synthetic,unknown,calib,66b4d6ce70523194,noise01,1,133.68319702148438
1,sid_calib,full_synthetic,unknown,calib,66b4d6ce70523194,jitter02,1,130.8753204345703
1,sid_calib,full_synthetic,unknown,calib,66b4d6ce70523194,crop08,1,183.99684143066406
0,sid_calib,real,unknown,calib,3243860271d582f4,clean,1,69.54680633544922
0,sid_calib,real,unknown,calib,3243860271d582f4,jpeg90,1,69.25574493408203
0,sid_calib,real,unknown,calib,3243860271d582f4,jpeg70,1,69.21640014648438
0,sid_calib,real,unknown,calib,3243860271d582f4,jpeg50,1,70.76094818115234
0,sid_calib,real,unknown,calib,3243860271d582f4,jpeg30,1,68.89922332763672
0,sid_calib,real,unknown,calib,3243860271d582f4,blur05,1,69.73651885986328
0,sid_calib,real,unknown,calib,3243860271d582f4,blur10,1,70.1584701538086
0,sid_calib,real,unknown,calib,3243860271d582f4,blur20,1,69.52803039550781
0,sid_calib,real,unknown,calib,3243860271d582f4,resize05,1,69.99592590332031
0,sid_calib,real,unknown,calib,3243860271d582f4,resize025,1,70.5653076171875
0,sid_calib,real,unknown,calib,3243860271d582f4,noise002,1,69.48409271240234
0,sid_calib,real,unknown,calib,3243860271d582f4,noise005,1,70.09504699707031
0,sid_calib,real,unknown,calib,3243860271d582f4,noise01,1,70.93080139160156
0,sid_calib,real,unknown,calib,3243860271d582f4,jitter02,1,69.5386734008789
0,sid_calib,real,unknown,calib,3243860271d582f4,crop08,1,87.69987487792969
0,sid_calib,real,unknown,calib,0e5053d8ee2a3a2d,clean,1,68.27159881591797
0,sid_calib,real,unknown,calib,0e5053d8ee2a3a2d,jpeg90,1,68.2058334350586
0,sid_calib,real,unknown,calib,0e5053d8ee2a3a2d,jpeg70,1,68.22410583496094
0,sid_calib,real,unknown,calib,0e5053d8ee2a3a2d,jpeg50,1,68.15121459960938
0,sid_calib,real,unknown,calib,0e5053d8ee2a3a2d,jpeg30,1,69.32334899902344
0,sid_calib,real,unknown,calib,0e5053d8ee2a3a2d,blur05,1,67.99798583984375
0,sid_calib,real,unknown,calib,0e5053d8ee2a3a2d,blur10,1,67.43672180175781
0,sid_calib,real,unknown,calib,0e5053d8ee2a3a2d,blur20,1,66.49718475341797
0,sid_calib,real,unknown,calib,0e5053d8ee2a3a2d,resize05,1,67.90889739990234
0,sid_calib,real,unknown,calib,0e5053d8ee2a3a2d,resize025,1,65.30615234375
0,sid_calib,real,unknown,calib,0e5053d8ee2a3a2d,noise002,1,68.0711441040039
0,sid_calib,real,unknown,calib,0e5053d8ee2a3a2d,noise005,1,67.76232147216797
0,sid_calib,real,unknown,calib,0e5053d8ee2a3a2d,jitter02,1,68.18224334716797
0,sid_calib,real,unknown,calib,0e5053d8ee2a3a2d,crop08,1,90.38209533691406
0,sid_calib,real,unknown,calib,c698356dc311800d,clean,1,188.5713653564453
0,sid_calib,real,unknown,calib,c698356dc311800d,jpeg90,1,188.18386840820312
0,sid_calib,real,unknown,calib,c698356dc311800d,jpeg70,1,188.458984375
0,sid_calib,real,unknown,calib,c698356dc311800d,jpeg50,1,186.71795654296875
0,sid_calib,real,unknown,calib,c698356dc311800d,jpeg30,1,186.88465881347656
0,sid_calib,real,unknown,calib,c698356dc311800d,blur05,1,188.0860595703125
0,sid_calib,real,unknown,calib,c698356dc311800d,blur10,1,186.09921264648438
0,sid_calib,real,unknown,calib,c698356dc311800d,blur20,1,183.2200927734375
0,sid_calib,real,unknown,calib,c698356dc311800d,resize05,1,185.42274475097656
0,sid_calib,real,unknown,calib,c698356dc311800d,resize025,1,182.63418579101562
0,sid_calib,real,unknown,calib,c698356dc311800d,noise002,1,188.64903259277344
0,sid_calib,real,unknown,calib,c698356dc311800d,noise005,1,187.69488525390625
0,sid_calib,real,unknown,calib,c698356dc311800d,noise01,1,188.4493408203125
0,sid_calib,real,unknown,calib,c698356dc311800d,jitter02,1,187.41954040527344
0,sid_calib,real,unknown,calib,c698356dc311800d,crop08,1,219.97720336914062
1,sid_calib,full_synthetic,unknown,calib,a3b3b9a49933e715,noise002,1,109.00017547607422
1,sid_calib,full_synthetic,unknown,calib,a3b3b9a49933e715,crop08,1,126.92385864257812
1,sid_calib,full_synthetic,unknown,calib,735231ce4706ceaf,clean,1,81.47474670410156
1,sid_calib,full_synthetic,unknown,calib,735231ce4706ceaf,jpeg90,1,81.1937026977539
1,sid_calib,full_synthetic,unknown,calib,735231ce4706ceaf,jpeg70,1,81.50200653076172
1,sid_calib,full_synthetic,unknown,calib,735231ce4706ceaf,jpeg50,1,81.3050537109375
1,sid_calib,full_synthetic,unknown,calib,735231ce4706ceaf,jpeg30,1,81.10159301757812
1,sid_calib,full_synthetic,unknown,calib,735231ce4706ceaf,blur05,1,81.16883087158203
1,sid_calib,full_synthetic,unknown,calib,735231ce4706ceaf,blur10,1,80.59722137451172
1,sid_calib,full_synthetic,unknown,calib,735231ce4706ceaf,blur20,1,78.53634643554688
1,sid_calib,full_synthetic,unknown,calib,735231ce4706ceaf,resize05,1,80.93338012695312
1,sid_calib,full_synthetic,unknown,calib,735231ce4706ceaf,resize025,1,78.72076416015625
1,sid_calib,full_synthetic,unknown,calib,735231ce4706ceaf,noise002,1,81.14749908447266
1,sid_calib,full_synthetic,unknown,calib,735231ce4706ceaf,noise005,1,81.63062286376953
1,sid_calib,full_synthetic,unknown,calib,735231ce4706ceaf,noise01,1,81.81293487548828
1,sid_calib,full_synthetic,unknown,calib,735231ce4706ceaf,jitter02,1,81.51181030273438
1,sid_calib,full_synthetic,unknown,calib,735231ce4706ceaf,crop08,1,98.57514190673828
0,sid_calib,real,unknown,calib,b088cb156c02a914,crop08,1,97.06051635742188
1,sid_calib,full_synthetic,unknown,calib,c29d1d158837abf1,clean,1,220.20176696777344
1,sid_calib,full_synthetic,unknown,calib,c29d1d158837abf1,jpeg90,1,219.884521484375
1,sid_calib,full_synthetic,unknown,calib,c29d1d158837abf1,jpeg70,1,219.00735473632812
1,sid_calib,full_synthetic,unknown,calib,c29d1d158837abf1,jpeg50,1,219.22183227539062
1,sid_calib,full_synthetic,unknown,calib,c29d1d158837abf1,jpeg30,1,220.30844116210938
1,sid_calib,full_synthetic,unknown,calib,c29d1d158837abf1,blur05,1,220.3607940673828
1,sid_calib,full_synthetic,unknown,calib,c29d1d158837abf1,blur10,1,220.5645294189453
1,sid_calib,full_synthetic,unknown,calib,c29d1d158837abf1,blur20,1,220.76736450195312
1,sid_calib,full_synthetic,unknown,calib,c29d1d158837abf1,resize05,1,219.9541015625
1,sid_calib,full_synthetic,unknown,calib,c29d1d158837abf1,resize025,1,221.1504364013672
1,sid_calib,full_synthetic,unknown,calib,c29d1d158837abf1,noise002,1,220.5181427001953
1,sid_calib,full_synthetic,unknown,calib,c29d1d158837abf1,noise005,1,216.34231567382812
1,sid_calib,full_synthetic,unknown,calib,c29d1d158837abf1,noise01,1,218.74533081054688
1,sid_calib,full_synthetic,unknown,calib,c29d1d158837abf1,jitter02,1,219.79002380371094
1,sid_calib,full_synthetic,unknown,calib,c29d1d158837abf1,crop08,1,273.5069274902344
0,sid_calib,real,unknown,calib,9cec1ac67aaf3235,clean,1,134.66131591796875
0,sid_calib,real,unknown,calib,9cec1ac67aaf3235,jpeg90,1,134.50816345214844
0,sid_calib,real,unknown,calib,9cec1ac67aaf3235,jpeg70,1,134.33689880371094
0,sid_calib,real,unknown,calib,9cec1ac67aaf3235,jpeg50,1,134.16207885742188
0,sid_calib,real,unknown,calib,9cec1ac67aaf3235,jpeg30,1,128.97482299804688
0,sid_calib,real,unknown,calib,9cec1ac67aaf3235,blur05,1,134.64662170410156
0,sid_calib,real,unknown,calib,9cec1ac67aaf3235,blur10,1,134.41558837890625
0,sid_calib,real,unknown,calib,9cec1ac67aaf3235,blur20,1,133.71847534179688
0,sid_calib,real,unknown,calib,9cec1ac67aaf3235,resize05,1,134.92555236816406
0,sid_calib,real,unknown,calib,9cec1ac67aaf3235,resize025,1,134.1148681640625
0,sid_calib,real,unknown,calib,9cec1ac67aaf3235,noise002,1,134.03504943847656
0,sid_calib,real,unknown,calib,9cec1ac67aaf3235,noise005,1,132.49327087402344
0,sid_calib,real,unknown,calib,9cec1ac67aaf3235,noise01,1,130.1300811767578
0,sid_calib,real,unknown,calib,9cec1ac67aaf3235,jitter02,1,134.13107299804688
0,sid_calib,real,unknown,calib,9cec1ac67aaf3235,crop08,1,157.43116760253906
1,sid_calib,full_synthetic,unknown,calib,d0a5781527adaa39,clean,1,164.5578155517578
1,sid_calib,full_synthetic,unknown,calib,d0a5781527adaa39,jpeg90,1,164.92442321777344
1,sid_calib,full_synthetic,unknown,calib,d0a5781527adaa39,jpeg70,1,165.6126708984375
1,sid_calib,full_synthetic,unknown,calib,d0a5781527adaa39,jpeg50,1,163.98939514160156
1,sid_calib,full_synthetic,unknown,calib,d0a5781527adaa39,jpeg30,1,164.96713256835938
1,sid_calib,full_synthetic,unknown,calib,d0a5781527adaa39,blur05,1,164.7693328857422
1,sid_calib,full_synthetic,unknown,calib,d0a5781527adaa39,blur10,1,165.31964111328125
1,sid_calib,full_synthetic,unknown,calib,d0a5781527adaa39,blur20,1,156.51876831054688
1,sid_calib,full_synthetic,unknown,calib,d0a5781527adaa39,resize05,1,165.52120971679688
1,sid_calib,full_synthetic,unknown,calib,d0a5781527adaa39,resize025,1,154.98472595214844
1,sid_calib,full_synthetic,unknown,calib,d0a5781527adaa39,noise002,1,164.4512939453125
1,sid_calib,full_synthetic,unknown,calib,d0a5781527adaa39,noise005,1,164.7367401123047
1,sid_calib,full_synthetic,unknown,calib,d0a5781527adaa39,noise01,1,158.64964294433594
1,sid_calib,full_synthetic,unknown,calib,d0a5781527adaa39,jitter02,1,163.52603149414062
1,sid_calib,full_synthetic,unknown,calib,d0a5781527adaa39,crop08,1,193.17550659179688
1,sid_calib,full_synthetic,unknown,calib,975850ccdabcd615,clean,1,170.89981079101562
1,sid_calib,full_synthetic,unknown,calib,975850ccdabcd615,jpeg90,1,170.76736450195312
1,sid_calib,full_synthetic,unknown,calib,975850ccdabcd615,jpeg70,1,170.6296844482422
1,sid_calib,full_synthetic,unknown,calib,975850ccdabcd615,jpeg50,1,170.77249145507812
1,sid_calib,full_synthetic,unknown,calib,975850ccdabcd615,jpeg30,1,170.2091064453125
1,sid_calib,full_synthetic,unknown,calib,975850ccdabcd615,blur05,1,171.16552734375
1,sid_calib,full_synthetic,unknown,calib,975850ccdabcd615,blur10,1,171.60543823242188
1,sid_calib,full_synthetic,unknown,calib,975850ccdabcd615,blur20,1,173.8683624267578
1,sid_calib,full_synthetic,unknown,calib,975850ccdabcd615,resize05,1,171.58596801757812
1,sid_calib,full_synthetic,unknown,calib,975850ccdabcd615,resize025,1,175.8928680419922
1,sid_calib,full_synthetic,unknown,calib,975850ccdabcd615,noise002,1,171.22564697265625
1,sid_calib,full_synthetic,unknown,calib,975850ccdabcd615,noise005,1,167.16021728515625
1,sid_calib,full_synthetic,unknown,calib,975850ccdabcd615,noise01,1,174.34686279296875
1,sid_calib,full_synthetic,unknown,calib,975850ccdabcd615,jitter02,1,168.2623748779297
1,sid_calib,full_synthetic,unknown,calib,975850ccdabcd615,crop08,1,210.72447204589844
1,sid_calib,full_synthetic,unknown,calib,1be655a8b62b8cc0,clean,1,200.81692504882812
1,sid_calib,full_synthetic,unknown,calib,1be655a8b62b8cc0,jpeg90,1,201.3652801513672
1,sid_calib,full_synthetic,unknown,calib,1be655a8b62b8cc0,jpeg70,1,202.19293212890625
1,sid_calib,full_synthetic,unknown,calib,1be655a8b62b8cc0,jpeg50,1,201.57302856445312
1,sid_calib,full_synthetic,unknown,calib,1be655a8b62b8cc0,jpeg30,1,201.93612670898438
1,sid_calib,full_synthetic,unknown,calib,1be655a8b62b8cc0,blur05,1,200.75323486328125
1,sid_calib,full_synthetic,unknown,calib,1be655a8b62b8cc0,blur10,1,200.10302734375
1,sid_calib,full_synthetic,unknown,calib,1be655a8b62b8cc0,blur20,1,197.26211547851562
1,sid_calib,full_synthetic,unknown,calib,1be655a8b62b8cc0,resize05,1,200.4833984375
1,sid_calib,full_synthetic,unknown,calib,1be655a8b62b8cc0,resize025,1,199.5543975830078
1,sid_calib,full_synthetic,unknown,calib,1be655a8b62b8cc0,noise002,1,204.01641845703125
1,sid_calib,full_synthetic,unknown,calib,1be655a8b62b8cc0,noise005,1,199.122802734375
1,sid_calib,full_synthetic,unknown,calib,1be655a8b62b8cc0,noise01,1,202.7281494140625
1,sid_calib,full_synthetic,unknown,calib,1be655a8b62b8cc0,jitter02,1,212.52987670898438
1,sid_calib,full_synthetic,unknown,calib,1be655a8b62b8cc0,crop08,1,258.60113525390625
0,sid_calib,real,unknown,calib,b84be9813c0f8da5,clean,1,337.0193176269531
0,sid_calib,real,unknown,calib,b84be9813c0f8da5,jpeg90,1,336.8252868652344
0,sid_calib,real,unknown,calib,b84be9813c0f8da5,jpeg70,1,335.04681396484375
0,sid_calib,real,unknown,calib,b84be9813c0f8da5,jpeg50,1,334.6064453125
0,sid_calib,real,unknown,calib,b84be9813c0f8da5,jpeg30,1,336.0142822265625
0,sid_calib,real,unknown,calib,b84be9813c0f8da5,blur05,1,337.0201416015625
0,sid_calib,real,unknown,calib,b84be9813c0f8da5,blur10,1,337.0290832519531
0,sid_calib,real,unknown,calib,b84be9813c0f8da5,blur20,1,336.5594177246094
0,sid_calib,real,unknown,calib,b84be9813c0f8da5,resize05,1,337.0305480957031
0,sid_calib,real,unknown,calib,b84be9813c0f8da5,resize025,1,336.40533447265625
0,sid_calib,real,unknown,calib,b84be9813c0f8da5,noise002,1,336.6893615722656
0,sid_calib,real,unknown,calib,b84be9813c0f8da5,noise005,1,337.6698303222656
0,sid_calib,real,unknown,calib,b84be9813c0f8da5,noise01,1,348.2328796386719
0,sid_calib,real,unknown,calib,b84be9813c0f8da5,jitter02,1,340.2265625
0,sid_calib,real,unknown,calib,b84be9813c0f8da5,crop08,1,432.8534851074219
1,sid_calib,full_synthetic,unknown,calib,9fd1c44dd859933d,clean,1,288.1602478027344
1,sid_calib,full_synthetic,unknown,calib,9fd1c44dd859933d,jpeg90,1,288.48968505859375
1,sid_calib,full_synthetic,unknown,calib,9fd1c44dd859933d,jpeg70,1,289.4903869628906
1,sid_calib,full_synthetic,unknown,calib,9fd1c44dd859933d,jpeg50,1,287.05621337890625
1,sid_calib,full_synthetic,unknown,calib,9fd1c44dd859933d,jpeg30,1,287.97216796875
1,sid_calib,full_synthetic,unknown,calib,9fd1c44dd859933d,blur05,1,287.6747741699219
1,sid_calib,full_synthetic,unknown,calib,9fd1c44dd859933d,blur10,1,286.371337890625
1,sid_calib,full_synthetic,unknown,calib,9fd1c44dd859933d,blur20,1,286.14288330078125
1,sid_calib,full_synthetic,unknown,calib,9fd1c44dd859933d,resize05,1,286.89068603515625
1,sid_calib,full_synthetic,unknown,calib,9fd1c44dd859933d,resize025,1,286.3639221191406
1,sid_calib,full_synthetic,unknown,calib,9fd1c44dd859933d,noise002,1,288.75506591796875
1,sid_calib,full_synthetic,unknown,calib,9fd1c44dd859933d,noise005,1,291.82867431640625
1,sid_calib,full_synthetic,unknown,calib,9fd1c44dd859933d,noise01,1,298.16107177734375
1,sid_calib,full_synthetic,unknown,calib,9fd1c44dd859933d,jitter02,1,288.00311279296875
1,sid_calib,full_synthetic,unknown,calib,9fd1c44dd859933d,crop08,1,349.5804443359375
1,sid_calib,full_synthetic,unknown,calib,5a374be7a99748b4,clean,1,178.29554748535156
1,sid_calib,full_synthetic,unknown,calib,5a374be7a99748b4,jpeg90,1,177.66783142089844
1,sid_calib,full_synthetic,unknown,calib,5a374be7a99748b4,jpeg70,1,178.30813598632812
1,sid_calib,full_synthetic,unknown,calib,5a374be7a99748b4,jpeg50,1,178.5211181640625
1,sid_calib,full_synthetic,unknown,calib,5a374be7a99748b4,jpeg30,1,176.57608032226562
1,sid_calib,full_synthetic,unknown,calib,5a374be7a99748b4,blur05,1,178.30592346191406
1,sid_calib,full_synthetic,unknown,calib,5a374be7a99748b4,blur10,1,179.25244140625
1,sid_calib,full_synthetic,unknown,calib,5a374be7a99748b4,blur20,1,177.3215789794922
1,sid_calib,full_synthetic,unknown,calib,5a374be7a99748b4,resize05,1,178.25143432617188
1,sid_calib,full_synthetic,unknown,calib,5a374be7a99748b4,resize025,1,180.99192810058594
1,sid_calib,full_synthetic,unknown,calib,5a374be7a99748b4,noise002,1,179.72059631347656
1,sid_calib,full_synthetic,unknown,calib,5a374be7a99748b4,noise005,1,173.5506591796875
1,sid_calib,full_synthetic,unknown,calib,5a374be7a99748b4,noise01,1,177.42955017089844
1,sid_calib,full_synthetic,unknown,calib,5a374be7a99748b4,jitter02,1,179.0323944091797
1,sid_calib,full_synthetic,unknown,calib,5a374be7a99748b4,crop08,1,209.30517578125
0,sid_calib,real,unknown,calib,226fc15c9670d060,clean,1,124.00513458251953
0,sid_calib,real,unknown,calib,226fc15c9670d060,jpeg90,1,123.86985778808594
0,sid_calib,real,unknown,calib,226fc15c9670d060,jpeg70,1,124.44276428222656
0,sid_calib,real,unknown,calib,226fc15c9670d060,jpeg50,1,124.60807037353516
0,sid_calib,real,unknown,calib,226fc15c9670d060,jpeg30,1,124.26483917236328
0,sid_calib,real,unknown,calib,226fc15c9670d060,blur05,1,124.386962890625
0,sid_calib,real,unknown,calib,226fc15c9670d060,blur10,1,125.3929443359375
0,sid_calib,real,unknown,calib,226fc15c9670d060,blur20,1,125.74858093261719
0,sid_calib,real,unknown,calib,226fc15c9670d060,resize05,1,124.83638000488281
0,sid_calib,real,unknown,calib,226fc15c9670d060,resize025,1,126.24451446533203
0,sid_calib,real,unknown,calib,226fc15c9670d060,noise002,1,123.74871826171875
0,sid_calib,real,unknown,calib,226fc15c9670d060,noise005,1,123.65546417236328
0,sid_calib,real,unknown,calib,226fc15c9670d060,noise01,1,121.62751007080078
0,sid_calib,real,unknown,calib,226fc15c9670d060,jitter02,1,124.38106536865234
0,sid_calib,real,unknown,calib,226fc15c9670d060,crop08,1,154.82322692871094
1,sid_calib,full_synthetic,unknown,calib,082db641b4ca94e5,clean,1,125.646240234375
1,sid_calib,full_synthetic,unknown,calib,082db641b4ca94e5,jpeg90,1,125.78408813476562
1,sid_calib,full_synthetic,unknown,calib,082db641b4ca94e5,jpeg70,1,125.55206298828125
1,sid_calib,full_synthetic,unknown,calib,082db641b4ca94e5,jpeg50,1,124.6219482421875
1,sid_calib,full_synthetic,unknown,calib,082db641b4ca94e5,jpeg30,1,125.05256652832031
1,sid_calib,full_synthetic,unknown,calib,082db641b4ca94e5,blur05,1,126.0080337524414
1,sid_calib,full_synthetic,unknown,calib,082db641b4ca94e5,blur10,1,126.33523559570312
1,sid_calib,full_synthetic,unknown,calib,082db641b4ca94e5,blur20,1,128.03204345703125
1,sid_calib,full_synthetic,unknown,calib,082db641b4ca94e5,resize05,1,125.96610260009766
1,sid_calib,full_synthetic,unknown,calib,082db641b4ca94e5,resize025,1,127.23927307128906
1,sid_calib,full_synthetic,unknown,calib,082db641b4ca94e5,noise002,1,125.84398651123047
1,sid_calib,full_synthetic,unknown,calib,082db641b4ca94e5,noise005,1,126.90576934814453
1,sid_calib,full_synthetic,unknown,calib,082db641b4ca94e5,noise01,1,127.66614532470703
1,sid_calib,full_synthetic,unknown,calib,082db641b4ca94e5,jitter02,1,126.04222869873047
1,sid_calib,full_synthetic,unknown,calib,082db641b4ca94e5,crop08,1,152.74253845214844
0,sid_calib,real,unknown,calib,61be906367bfb5f8,crop08,1,64.81727600097656
0,sid_calib,real,unknown,calib,064a65e386dd9135,clean,1,217.35577392578125
0,sid_calib,real,unknown,calib,064a65e386dd9135,jpeg90,1,215.18270874023438
0,sid_calib,real,unknown,calib,064a65e386dd9135,jpeg70,1,217.6396026611328
0,sid_calib,real,unknown,calib,064a65e386dd9135,jpeg50,1,218.81736755371094
0,sid_calib,real,unknown,calib,064a65e386dd9135,jpeg30,1,214.736083984375
0,sid_calib,real,unknown,calib,064a65e386dd9135,blur05,1,217.84432983398438
0,sid_calib,real,unknown,calib,064a65e386dd9135,blur10,1,220.24951171875
0,sid_calib,real,unknown,calib,064a65e386dd9135,blur20,1,221.32058715820312
0,sid_calib,real,unknown,calib,064a65e386dd9135,resize05,1,219.68008422851562
0,sid_calib,real,unknown,calib,064a65e386dd9135,resize025,1,223.2425079345703
0,sid_calib,real,unknown,calib,064a65e386dd9135,noise002,1,218.26815795898438
0,sid_calib,real,unknown,calib,064a65e386dd9135,noise005,1,220.08204650878906
0,sid_calib,real,unknown,calib,064a65e386dd9135,noise01,1,224.92091369628906
0,sid_calib,real,unknown,calib,064a65e386dd9135,jitter02,1,215.74732971191406
0,sid_calib,real,unknown,calib,064a65e386dd9135,crop08,1,257.37420654296875
0,sid_calib,real,unknown,calib,a7afa43e431b0517,crop08,1,65.31970977783203
1,sid_calib,full_synthetic,unknown,calib,6bd8a58b4a4b0fcb,crop08,1,76.11062622070312
1,sid_calib,full_synthetic,unknown,calib,207f46144f6a589a,clean,1,65.91692352294922
1,sid_calib,full_synthetic,unknown,calib,207f46144f6a589a,jpeg90,1,66.14551544189453
1,sid_calib,full_synthetic,unknown,calib,207f46144f6a589a,jpeg70,1,65.69550323486328
1,sid_calib,full_synthetic,unknown,calib,207f46144f6a589a,jpeg50,1,65.95143127441406
1,sid_calib,full_synthetic,unknown,calib,207f46144f6a589a,jpeg30,1,66.18103790283203
1,sid_calib,full_synthetic,unknown,calib,207f46144f6a589a,blur05,1,65.70350646972656
1,sid_calib,full_synthetic,unknown,calib,207f46144f6a589a,blur10,1,64.92292785644531
1,sid_calib,full_synthetic,unknown,calib,207f46144f6a589a,resize05,1,66.08296966552734
1,sid_calib,full_synthetic,unknown,calib,207f46144f6a589a,resize025,1,64.8722915649414
1,sid_calib,full_synthetic,unknown,calib,207f46144f6a589a,noise002,1,65.71755981445312
1,sid_calib,full_synthetic,unknown,calib,207f46144f6a589a,noise005,1,64.8076400756836
1,sid_calib,full_synthetic,unknown,calib,207f46144f6a589a,jitter02,1,65.90544891357422
1,sid_calib,full_synthetic,unknown,calib,207f46144f6a589a,crop08,1,88.82763671875
1,sid_calib,full_synthetic,unknown,calib,d67d0d16c735f799,noise005,1,64.08338165283203
1,sid_calib,full_synthetic,unknown,calib,d67d0d16c735f799,crop08,1,78.59696960449219
1,sid_calib,full_synthetic,unknown,calib,2a3f3eb2be7e8f4e,clean,1,120.43903350830078
1,sid_calib,full_synthetic,unknown,calib,2a3f3eb2be7e8f4e,jpeg90,1,119.98936462402344
1,sid_calib,full_synthetic,unknown,calib,2a3f3eb2be7e8f4e,jpeg70,1,120.36993408203125
1,sid_calib,full_synthetic,unknown,calib,2a3f3eb2be7e8f4e,blur05,1,120.785400390625
1,sid_calib,full_synthetic,unknown,calib,2a3f3eb2be7e8f4e,blur10,1,121.91204833984375
1,sid_calib,full_synthetic,unknown,calib,2a3f3eb2be7e8f4e,blur20,1,124.91287231445312
1,sid_calib,full_synthetic,unknown,calib,2a3f3eb2be7e8f4e,resize05,1,120.65996551513672
1,sid_calib,full_synthetic,unknown,calib,2a3f3eb2be7e8f4e,resize025,1,123.4196548461914
1,sid_calib,full_synthetic,unknown,calib,2a3f3eb2be7e8f4e,jitter02,1,120.94642639160156
0,sid_calib,real,unknown,calib,89bd00646a3f6ea3,crop08,1,65.4531478881836
0,sid_calib,real,unknown,calib,61c00f4aea5e63d5,crop08,1,89.89845275878906
0,sid_calib,real,unknown,calib,0d712f55e6c89d65,clean,1,86.60504150390625
0,sid_calib,real,unknown,calib,0d712f55e6c89d65,jpeg90,1,86.8617935180664
0,sid_calib,real,unknown,calib,0d712f55e6c89d65,jpeg70,1,86.60563659667969
0,sid_calib,real,unknown,calib,0d712f55e6c89d65,jpeg50,1,87.9326400756836
0,sid_calib,real,unknown,calib,0d712f55e6c89d65,jpeg30,1,87.30253601074219
0,sid_calib,real,unknown,calib,0d712f55e6c89d65,blur05,1,86.52701568603516
0,sid_calib,real,unknown,calib,0d712f55e6c89d65,blur10,1,86.26284790039062
0,sid_calib,real,unknown,calib,0d712f55e6c89d65,blur20,1,85.12792205810547
0,sid_calib,real,unknown,calib,0d712f55e6c89d65,resize05,1,86.53914642333984
0,sid_calib,real,unknown,calib,0d712f55e6c89d65,resize025,1,86.3590316772461
0,sid_calib,real,unknown,calib,0d712f55e6c89d65,noise002,1,86.61331176757812
0,sid_calib,real,unknown,calib,0d712f55e6c89d65,noise005,1,84.45087432861328
0,sid_calib,real,unknown,calib,e64b922b1dddfae9,crop08,1,82.8837890625
0,sid_calib,real,unknown,calib,1f56aa683a8bbb7a,clean,1,271.2021179199219
0,sid_calib,real,unknown,calib,1f56aa683a8bbb7a,jpeg90,1,271.23028564453125
0,sid_calib,real,unknown,calib,1f56aa683a8bbb7a,jpeg70,1,272.1670227050781
0,sid_calib,real,unknown,calib,1f56aa683a8bbb7a,jpeg50,1,270.7860412597656
0,sid_calib,real,unknown,calib,1f56aa683a8bbb7a,jpeg30,1,270.2958984375
0,sid_calib,real,unknown,calib,1f56aa683a8bbb7a,blur05,1,271.2396240234375
0,sid_calib,real,unknown,calib,1f56aa683a8bbb7a,blur10,1,271.7013244628906
0,sid_calib,real,unknown,calib,1f56aa683a8bbb7a,blur20,1,272.30767822265625
0,sid_calib,real,unknown,calib,1f56aa683a8bbb7a,resize05,1,271.26934814453125
0,sid_calib,real,unknown,calib,1f56aa683a8bbb7a,resize025,1,272.24676513671875
0,sid_calib,real,unknown,calib,1f56aa683a8bbb7a,noise002,1,271.5281982421875
0,sid_calib,real,unknown,calib,1f56aa683a8bbb7a,noise005,1,272.3569641113281
0,sid_calib,real,unknown,calib,1f56aa683a8bbb7a,noise01,1,279.8575744628906
0,sid_calib,real,unknown,calib,1f56aa683a8bbb7a,jitter02,1,270.6960754394531
0,sid_calib,real,unknown,calib,1f56aa683a8bbb7a,crop08,1,324.9141845703125
1,sid_calib,full_synthetic,unknown,calib,b69d3fd080122f6c,clean,1,95.94108581542969
1,sid_calib,full_synthetic,unknown,calib,b69d3fd080122f6c,jpeg90,1,96.21521759033203
1,sid_calib,full_synthetic,unknown,calib,b69d3fd080122f6c,jpeg70,1,95.38744354248047
1,sid_calib,full_synthetic,unknown,calib,b69d3fd080122f6c,jpeg50,1,96.3616943359375
1,sid_calib,full_synthetic,unknown,calib,b69d3fd080122f6c,jpeg30,1,95.56531524658203
1,sid_calib,full_synthetic,unknown,calib,b69d3fd080122f6c,blur05,1,96.00962829589844
1,sid_calib,full_synthetic,unknown,calib,b69d3fd080122f6c,blur10,1,96.118408203125
1,sid_calib,full_synthetic,unknown,calib,b69d3fd080122f6c,blur20,1,98.7549057006836
1,sid_calib,full_synthetic,unknown,calib,b69d3fd080122f6c,resize05,1,96.21353149414062
1,sid_calib,full_synthetic,unknown,calib,b69d3fd080122f6c,resize025,1,98.27651977539062
1,sid_calib,full_synthetic,unknown,calib,b69d3fd080122f6c,noise002,1,95.57146453857422
1,sid_calib,full_synthetic,unknown,calib,b69d3fd080122f6c,noise005,1,94.7943115234375
1,sid_calib,full_synthetic,unknown,calib,b69d3fd080122f6c,noise01,1,94.93186950683594
1,sid_calib,full_synthetic,unknown,calib,b69d3fd080122f6c,jitter02,1,95.66123962402344
1,sid_calib,full_synthetic,unknown,calib,b69d3fd080122f6c,crop08,1,124.32054901123047
0,sid_calib,real,unknown,calib,1b5a47a17624f4fb,crop08,1,70.9990234375
1,sid_calib,full_synthetic,unknown,calib,87928464c37f7483,blur10,1,293.2960510253906
1,sid_calib,full_synthetic,unknown,calib,87928464c37f7483,blur20,1,297.6903991699219
1,sid_calib,full_synthetic,unknown,calib,87928464c37f7483,resize025,1,299.4754943847656
0,sid_calib,real,unknown,calib,099d5503ab3c5ebe,crop08,1,87.39952850341797
1,sid_calib,full_synthetic,unknown,calib,e94fb0dff296f394,clean,1,249.8957977294922
1,sid_calib,full_synthetic,unknown,calib,e94fb0dff296f394,jpeg90,1,249.69808959960938
1,sid_calib,full_synthetic,unknown,calib,e94fb0dff296f394,jpeg70,1,256.8177185058594
1,sid_calib,full_synthetic,unknown,calib,e94fb0dff296f394,jpeg50,1,255.304931640625
1,sid_calib,full_synthetic,unknown,calib,e94fb0dff296f394,jpeg30,1,252.4187774658203
1,sid_calib,full_synthetic,unknown,calib,e94fb0dff296f394,blur05,1,256.3894958496094
1,sid_calib,full_synthetic,unknown,calib,e94fb0dff296f394,blur10,1,256.097900390625
1,sid_calib,full_synthetic,unknown,calib,e94fb0dff296f394,blur20,1,253.8764190673828
1,sid_calib,full_synthetic,unknown,calib,e94fb0dff296f394,resize05,1,256.3787841796875
1,sid_calib,full_synthetic,unknown,calib,e94fb0dff296f394,resize025,1,255.5106658935547
1,sid_calib,full_synthetic,unknown,calib,e94fb0dff296f394,noise002,1,250.82839965820312
1,sid_calib,full_synthetic,unknown,calib,e94fb0dff296f394,noise005,1,258.3544616699219
1,sid_calib,full_synthetic,unknown,calib,e94fb0dff296f394,noise01,1,258.0048522949219
1,sid_calib,full_synthetic,unknown,calib,e94fb0dff296f394,jitter02,1,257.8536376953125
1,sid_calib,full_synthetic,unknown,calib,e94fb0dff296f394,crop08,1,318.0255432128906
0,sid_calib,real,unknown,calib,4622d503d5f1b4d4,clean,1,94.88835144042969
0,sid_calib,real,unknown,calib,4622d503d5f1b4d4,jpeg90,1,94.58650207519531
0,sid_calib,real,unknown,calib,4622d503d5f1b4d4,jpeg70,1,95.34703826904297
0,sid_calib,real,unknown,calib,4622d503d5f1b4d4,jpeg50,1,98.22872161865234
0,sid_calib,real,unknown,calib,4622d503d5f1b4d4,jpeg30,1,94.3358154296875
0,sid_calib,real,unknown,calib,4622d503d5f1b4d4,blur05,1,94.72026824951172
0,sid_calib,real,unknown,calib,4622d503d5f1b4d4,blur10,1,95.10955047607422
0,sid_calib,real,unknown,calib,4622d503d5f1b4d4,blur20,1,98.12519073486328
0,sid_calib,real,unknown,calib,4622d503d5f1b4d4,resize05,1,94.67595672607422
0,sid_calib,real,unknown,calib,4622d503d5f1b4d4,resize025,1,95.77217102050781
0,sid_calib,real,unknown,calib,4622d503d5f1b4d4,noise002,1,95.12366485595703
0,sid_calib,real,unknown,calib,4622d503d5f1b4d4,noise005,1,95.97224426269531
0,sid_calib,real,unknown,calib,4622d503d5f1b4d4,jitter02,1,95.9689712524414
0,sid_calib,real,unknown,calib,4622d503d5f1b4d4,crop08,1,159.19984436035156
0,sid_calib,real,unknown,calib,0f4c48a1d30a09e6,jpeg30,1,187.05355834960938
0,sid_calib,real,unknown,calib,0f4c48a1d30a09e6,crop08,1,247.01280212402344
1,sid_calib,full_synthetic,unknown,calib,4f0241d87df4c5ec,clean,1,132.68515014648438
1,sid_calib,full_synthetic,unknown,calib,4f0241d87df4c5ec,jpeg90,1,132.6304931640625
1,sid_calib,full_synthetic,unknown,calib,4f0241d87df4c5ec,jpeg70,1,133.44369506835938
1,sid_calib,full_synthetic,unknown,calib,4f0241d87df4c5ec,jpeg50,1,133.2221221923828
1,sid_calib,full_synthetic,unknown,calib,4f0241d87df4c5ec,jpeg30,1,134.257080078125
1,sid_calib,full_synthetic,unknown,calib,4f0241d87df4c5ec,blur05,1,132.65162658691406
1,sid_calib,full_synthetic,unknown,calib,4f0241d87df4c5ec,blur10,1,133.45654296875
1,sid_calib,full_synthetic,unknown,calib,4f0241d87df4c5ec,blur20,1,133.58062744140625
1,sid_calib,full_synthetic,unknown,calib,4f0241d87df4c5ec,resize05,1,132.74618530273438
1,sid_calib,full_synthetic,unknown,calib,4f0241d87df4c5ec,resize025,1,133.82264709472656
1,sid_calib,full_synthetic,unknown,calib,4f0241d87df4c5ec,noise002,1,133.0561065673828
1,sid_calib,full_synthetic,unknown,calib,4f0241d87df4c5ec,noise005,1,133.3997344970703
1,sid_calib,full_synthetic,unknown,calib,4f0241d87df4c5ec,noise01,1,136.32632446289062
1,sid_calib,full_synthetic,unknown,calib,4f0241d87df4c5ec,jitter02,1,133.92739868164062
1,sid_calib,full_synthetic,unknown,calib,4f0241d87df4c5ec,crop08,1,170.29710388183594
1,sid_calib,full_synthetic,unknown,calib,06bf9cd8a9cc967f,clean,1,68.13353729248047
1,sid_calib,full_synthetic,unknown,calib,06bf9cd8a9cc967f,jpeg90,1,68.1233139038086
1,sid_calib,full_synthetic,unknown,calib,06bf9cd8a9cc967f,jpeg70,1,68.37435913085938
1,sid_calib,full_synthetic,unknown,calib,06bf9cd8a9cc967f,jpeg50,1,68.86347198486328
1,sid_calib,full_synthetic,unknown,calib,06bf9cd8a9cc967f,jpeg30,1,67.55998229980469
1,sid_calib,full_synthetic,unknown,calib,06bf9cd8a9cc967f,blur05,1,68.12657165527344
1,sid_calib,full_synthetic,unknown,calib,06bf9cd8a9cc967f,blur10,1,68.1558609008789
1,sid_calib,full_synthetic,unknown,calib,06bf9cd8a9cc967f,blur20,1,68.0087890625
1,sid_calib,full_synthetic,unknown,calib,06bf9cd8a9cc967f,resize05,1,68.24588775634766
1,sid_calib,full_synthetic,unknown,calib,06bf9cd8a9cc967f,resize025,1,68.40577697753906
1,sid_calib,full_synthetic,unknown,calib,06bf9cd8a9cc967f,noise002,1,68.0503921508789
1,sid_calib,full_synthetic,unknown,calib,06bf9cd8a9cc967f,noise005,1,68.62512969970703
1,sid_calib,full_synthetic,unknown,calib,06bf9cd8a9cc967f,noise01,1,67.64058685302734
1,sid_calib,full_synthetic,unknown,calib,06bf9cd8a9cc967f,jitter02,1,68.05192565917969
1,sid_calib,full_synthetic,unknown,calib,06bf9cd8a9cc967f,crop08,1,83.82095336914062
1,sid_calib,full_synthetic,unknown,calib,578c0c66f521b28a,clean,1,136.4483642578125
1,sid_calib,full_synthetic,unknown,calib,578c0c66f521b28a,jpeg90,1,136.70590209960938
1,sid_calib,full_synthetic,unknown,calib,578c0c66f521b28a,jpeg70,1,136.35948181152344
1,sid_calib,full_synthetic,unknown,calib,578c0c66f521b28a,jpeg50,1,136.81689453125
1,sid_calib,full_synthetic,unknown,calib,578c0c66f521b28a,jpeg30,1,137.3357391357422
1,sid_calib,full_synthetic,unknown,calib,578c0c66f521b28a,blur05,1,136.56500244140625
1,sid_calib,full_synthetic,unknown,calib,578c0c66f521b28a,blur10,1,137.3232421875
1,sid_calib,full_synthetic,unknown,calib,578c0c66f521b28a,blur20,1,138.7936248779297
1,sid_calib,full_synthetic,unknown,calib,578c0c66f521b28a,resize05,1,136.70169067382812
1,sid_calib,full_synthetic,unknown,calib,578c0c66f521b28a,resize025,1,136.76597595214844
1,sid_calib,full_synthetic,unknown,calib,578c0c66f521b28a,noise002,1,137.11016845703125
1,sid_calib,full_synthetic,unknown,calib,578c0c66f521b28a,noise005,1,138.23989868164062
1,sid_calib,full_synthetic,unknown,calib,578c0c66f521b28a,noise01,1,137.9214630126953
1,sid_calib,full_synthetic,unknown,calib,578c0c66f521b28a,jitter02,1,134.9346923828125
1,sid_calib,full_synthetic,unknown,calib,578c0c66f521b28a,crop08,1,168.23178100585938
0,sid_calib,real,unknown,calib,48498791f4987dbf,clean,1,115.98573303222656
0,sid_calib,real,unknown,calib,48498791f4987dbf,jpeg90,1,120.60508728027344
0,sid_calib,real,unknown,calib,48498791f4987dbf,jpeg70,1,116.59795379638672
0,sid_calib,real,unknown,calib,48498791f4987dbf,jpeg50,1,115.59381866455078
0,sid_calib,real,unknown,calib,48498791f4987dbf,jpeg30,1,116.63890838623047
0,sid_calib,real,unknown,calib,48498791f4987dbf,blur05,1,116.03279113769531
0,sid_calib,real,unknown,calib,48498791f4987dbf,blur10,1,123.03680419921875
0,sid_calib,real,unknown,calib,48498791f4987dbf,blur20,1,113.23741912841797
0,sid_calib,real,unknown,calib,48498791f4987dbf,resize05,1,123.55220031738281
0,sid_calib,real,unknown,calib,48498791f4987dbf,resize025,1,114.32485961914062
0,sid_calib,real,unknown,calib,48498791f4987dbf,noise002,1,121.712646484375
0,sid_calib,real,unknown,calib,48498791f4987dbf,noise005,1,120.88006591796875
0,sid_calib,real,unknown,calib,48498791f4987dbf,noise01,1,113.72613525390625
0,sid_calib,real,unknown,calib,48498791f4987dbf,jitter02,1,123.81745147705078
0,sid_calib,real,unknown,calib,48498791f4987dbf,crop08,1,151.4459228515625
1,sid_calib,full_synthetic,unknown,calib,daaa356c2f73b99a,clean,1,75.5490493774414
1,sid_calib,full_synthetic,unknown,calib,daaa356c2f73b99a,jpeg90,1,74.92640686035156
1,sid_calib,full_synthetic,unknown,calib,daaa356c2f73b99a,jpeg70,1,74.93189239501953
1,sid_calib,full_synthetic,unknown,calib,daaa356c2f73b99a,jpeg50,1,74.96456146240234
1,sid_calib,full_synthetic,unknown,calib,daaa356c2f73b99a,jpeg30,1,75.68890380859375
1,sid_calib,full_synthetic,unknown,calib,daaa356c2f73b99a,blur05,1,75.27969360351562
1,sid_calib,full_synthetic,unknown,calib,daaa356c2f73b99a,blur10,1,76.1758804321289
1,sid_calib,full_synthetic,unknown,calib,daaa356c2f73b99a,blur20,1,76.98118591308594
1,sid_calib,full_synthetic,unknown,calib,daaa356c2f73b99a,resize05,1,75.66914367675781
1,sid_calib,full_synthetic,unknown,calib,daaa356c2f73b99a,resize025,1,79.38629150390625
1,sid_calib,full_synthetic,unknown,calib,daaa356c2f73b99a,noise002,1,76.03219604492188
1,sid_calib,full_synthetic,unknown,calib,daaa356c2f73b99a,noise005,1,75.827392578125
1,sid_calib,full_synthetic,unknown,calib,daaa356c2f73b99a,noise01,1,75.17105102539062
1,sid_calib,full_synthetic,unknown,calib,daaa356c2f73b99a,jitter02,1,75.6557388305664
0,sid_calib,real,unknown,calib,09efb7784aa2e093,blur10,1,82.69720458984375
0,sid_calib,real,unknown,calib,09efb7784aa2e093,resize05,1,81.81068420410156
0,sid_calib,real,unknown,calib,09efb7784aa2e093,crop08,1,69.2795639038086
1,sid_calib,full_synthetic,unknown,calib,3ab387ad1cabca78,clean,1,107.31290435791016
1,sid_calib,full_synthetic,unknown,calib,3ab387ad1cabca78,jpeg90,1,107.28764343261719
1,sid_calib,full_synthetic,unknown,calib,3ab387ad1cabca78,jpeg70,1,107.14104461669922
1,sid_calib,full_synthetic,unknown,calib,3ab387ad1cabca78,jpeg50,1,107.12033081054688
1,sid_calib,full_synthetic,unknown,calib,3ab387ad1cabca78,jpeg30,1,107.35084533691406
1,sid_calib,full_synthetic,unknown,calib,3ab387ad1cabca78,blur05,1,107.30768585205078
1,sid_calib,full_synthetic,unknown,calib,3ab387ad1cabca78,blur10,1,107.35859680175781
1,sid_calib,full_synthetic,unknown,calib,3ab387ad1cabca78,blur20,1,106.80814361572266
1,sid_calib,full_synthetic,unknown,calib,3ab387ad1cabca78,resize05,1,107.40706634521484
1,sid_calib,full_synthetic,unknown,calib,3ab387ad1cabca78,resize025,1,107.06135559082031
1,sid_calib,full_synthetic,unknown,calib,3ab387ad1cabca78,noise002,1,107.27135467529297
1,sid_calib,full_synthetic,unknown,calib,3ab387ad1cabca78,noise005,1,107.1557388305664
1,sid_calib,full_synthetic,unknown,calib,3ab387ad1cabca78,noise01,1,106.91524505615234
1,sid_calib,full_synthetic,unknown,calib,3ab387ad1cabca78,jitter02,1,106.79595947265625
1,sid_calib,full_synthetic,unknown,calib,3ab387ad1cabca78,crop08,1,125.63533782958984
1,sid_calib,full_synthetic,unknown,calib,1d906fd59da14db8,crop08,1,82.28255462646484
0,sid_calib,real,unknown,calib,764b07609f9fc072,clean,1,95.35247802734375
0,sid_calib,real,unknown,calib,764b07609f9fc072,jpeg90,1,95.18597412109375
0,sid_calib,real,unknown,calib,764b07609f9fc072,jpeg70,1,96.47661590576172
0,sid_calib,real,unknown,calib,764b07609f9fc072,jpeg50,1,95.46443176269531
0,sid_calib,real,unknown,calib,764b07609f9fc072,jpeg30,1,94.95771789550781
0,sid_calib,real,unknown,calib,764b07609f9fc072,blur05,1,95.33480834960938
0,sid_calib,real,unknown,calib,764b07609f9fc072,blur10,1,94.2823715209961
0,sid_calib,real,unknown,calib,764b07609f9fc072,blur20,1,91.50035858154297
0,sid_calib,real,unknown,calib,764b07609f9fc072,resize05,1,94.73600006103516
0,sid_calib,real,unknown,calib,764b07609f9fc072,resize025,1,92.9931411743164
0,sid_calib,real,unknown,calib,764b07609f9fc072,noise002,1,95.79031372070312
0,sid_calib,real,unknown,calib,764b07609f9fc072,noise005,1,95.83788299560547
0,sid_calib,real,unknown,calib,764b07609f9fc072,jitter02,1,95.11027526855469
0,sid_calib,real,unknown,calib,764b07609f9fc072,crop08,1,119.91860961914062
1,sid_calib,full_synthetic,unknown,calib,478b6f2d3c9491b0,crop08,1,76.29561614990234
1,sid_calib,full_synthetic,unknown,calib,20ec52df8ab7028d,crop08,1,242.61053466796875
1,sid_calib,full_synthetic,unknown,calib,352de1e550ad6719,clean,1,89.39324951171875
1,sid_calib,full_synthetic,unknown,calib,352de1e550ad6719,jpeg90,1,89.30773162841797
1,sid_calib,full_synthetic,unknown,calib,352de1e550ad6719,jpeg70,1,88.98481750488281
1,sid_calib,full_synthetic,unknown,calib,352de1e550ad6719,jpeg50,1,89.30925750732422
1,sid_calib,full_synthetic,unknown,calib,352de1e550ad6719,jpeg30,1,90.21239471435547
1,sid_calib,full_synthetic,unknown,calib,352de1e550ad6719,blur05,1,89.11534881591797
1,sid_calib,full_synthetic,unknown,calib,352de1e550ad6719,blur10,1,90.25159454345703
1,sid_calib,full_synthetic,unknown,calib,352de1e550ad6719,blur20,1,87.26329040527344
1,sid_calib,full_synthetic,unknown,calib,352de1e550ad6719,resize05,1,89.24076843261719
1,sid_calib,full_synthetic,unknown,calib,352de1e550ad6719,resize025,1,88.93899536132812
1,sid_calib,full_synthetic,unknown,calib,352de1e550ad6719,noise002,1,89.29735565185547
1,sid_calib,full_synthetic,unknown,calib,352de1e550ad6719,noise005,1,91.48048400878906
1,sid_calib,full_synthetic,unknown,calib,352de1e550ad6719,noise01,1,89.72832489013672
1,sid_calib,full_synthetic,unknown,calib,352de1e550ad6719,jitter02,1,88.40618133544922
1,sid_calib,full_synthetic,unknown,calib,352de1e550ad6719,crop08,1,108.0594253540039
0,sid_calib,real,unknown,calib,b0be123dd635194a,clean,1,141.93785095214844
0,sid_calib,real,unknown,calib,b0be123dd635194a,jpeg90,1,146.74166870117188
0,sid_calib,real,unknown,calib,b0be123dd635194a,jpeg70,1,146.74166870117188
0,sid_calib,real,unknown,calib,b0be123dd635194a,jpeg50,1,146.74166870117188
0,sid_calib,real,unknown,calib,b0be123dd635194a,jpeg30,1,146.74166870117188
0,sid_calib,real,unknown,calib,b0be123dd635194a,blur05,1,142.00389099121094
0,sid_calib,real,unknown,calib,b0be123dd635194a,blur10,1,141.9674530029297
0,sid_calib,real,unknown,calib,b0be123dd635194a,blur20,1,140.24853515625
0,sid_calib,real,unknown,calib,b0be123dd635194a,resize05,1,142.05897521972656
0,sid_calib,real,unknown,calib,b0be123dd635194a,resize025,1,140.8285369873047
0,sid_calib,real,unknown,calib,b0be123dd635194a,noise002,1,142.10630798339844
0,sid_calib,real,unknown,calib,b0be123dd635194a,noise005,1,139.8424835205078
0,sid_calib,real,unknown,calib,b0be123dd635194a,jitter02,1,143.04388427734375
0,sid_calib,real,unknown,calib,b0be123dd635194a,crop08,1,172.1103973388672
1,sid_calib,full_synthetic,unknown,calib,39e2cb50464d6640,clean,1,179.24264526367188
1,sid_calib,full_synthetic,unknown,calib,39e2cb50464d6640,jpeg90,1,179.1147918701172
1,sid_calib,full_synthetic,unknown,calib,39e2cb50464d6640,jpeg70,1,178.86114501953125
1,sid_calib,full_synthetic,unknown,calib,39e2cb50464d6640,jpeg50,1,176.10183715820312
1,sid_calib,full_synthetic,unknown,calib,39e2cb50464d6640,jpeg30,1,179.83811950683594
1,sid_calib,full_synthetic,unknown,calib,39e2cb50464d6640,blur05,1,179.3000946044922
1,sid_calib,full_synthetic,unknown,calib,39e2cb50464d6640,blur10,1,175.2209014892578
1,sid_calib,full_synthetic,unknown,calib,39e2cb50464d6640,blur20,1,174.70994567871094
1,sid_calib,full_synthetic,unknown,calib,39e2cb50464d6640,resize05,1,179.33480834960938
1,sid_calib,full_synthetic,unknown,calib,39e2cb50464d6640,resize025,1,174.16787719726562
1,sid_calib,full_synthetic,unknown,calib,39e2cb50464d6640,noise002,1,174.99928283691406
1,sid_calib,full_synthetic,unknown,calib,39e2cb50464d6640,noise005,1,177.11505126953125
1,sid_calib,full_synthetic,unknown,calib,39e2cb50464d6640,noise01,1,182.33889770507812
1,sid_calib,full_synthetic,unknown,calib,39e2cb50464d6640,jitter02,1,179.08644104003906
1,sid_calib,full_synthetic,unknown,calib,39e2cb50464d6640,crop08,1,213.41908264160156
0,sid_calib,real,unknown,calib,87391aeeeda25a14,clean,1,118.6422348022461
0,sid_calib,real,unknown,calib,87391aeeeda25a14,jpeg90,1,118.40633392333984
0,sid_calib,real,unknown,calib,87391aeeeda25a14,jpeg70,1,117.75959014892578
0,sid_calib,real,unknown,calib,87391aeeeda25a14,jpeg50,1,118.48998260498047
0,sid_calib,real,unknown,calib,87391aeeeda25a14,jpeg30,1,116.9314193725586
0,sid_calib,real,unknown,calib,87391aeeeda25a14,blur05,1,118.66322326660156
0,sid_calib,real,unknown,calib,87391aeeeda25a14,blur10,1,118.15013885498047
0,sid_calib,real,unknown,calib,87391aeeeda25a14,blur20,1,118.4378433227539
0,sid_calib,real,unknown,calib,87391aeeeda25a14,resize05,1,119.1958999633789
0,sid_calib,real,unknown,calib,87391aeeeda25a14,resize025,1,119.83109283447266
0,sid_calib,real,unknown,calib,87391aeeeda25a14,noise002,1,118.15621185302734
0,sid_calib,real,unknown,calib,87391aeeeda25a14,noise005,1,120.7206802368164
0,sid_calib,real,unknown,calib,87391aeeeda25a14,noise01,1,118.26408386230469
0,sid_calib,real,unknown,calib,87391aeeeda25a14,jitter02,1,117.55504608154297
0,sid_calib,real,unknown,calib,87391aeeeda25a14,crop08,1,161.9305877685547
0,sid_calib,real,unknown,calib,20b0a064b9f9f840,clean,1,106.75226593017578
0,sid_calib,real,unknown,calib,20b0a064b9f9f840,jpeg90,1,106.40763092041016
0,sid_calib,real,unknown,calib,20b0a064b9f9f840,jpeg70,1,105.37779998779297
0,sid_calib,real,unknown,calib,20b0a064b9f9f840,jpeg50,1,106.09910583496094
0,sid_calib,real,unknown,calib,20b0a064b9f9f840,jpeg30,1,105.49104309082031
0,sid_calib,real,unknown,calib,20b0a064b9f9f840,blur05,1,107.02159118652344
0,sid_calib,real,unknown,calib,20b0a064b9f9f840,blur10,1,108.14726257324219
0,sid_calib,real,unknown,calib,20b0a064b9f9f840,blur20,1,109.69483184814453
0,sid_calib,real,unknown,calib,20b0a064b9f9f840,resize05,1,107.57792663574219
0,sid_calib,real,unknown,calib,20b0a064b9f9f840,resize025,1,108.90733337402344
0,sid_calib,real,unknown,calib,20b0a064b9f9f840,noise002,1,107.02944946289062
0,sid_calib,real,unknown,calib,20b0a064b9f9f840,noise005,1,109.08123779296875
0,sid_calib,real,unknown,calib,20b0a064b9f9f840,jitter02,1,105.05412292480469
0,sid_calib,real,unknown,calib,20b0a064b9f9f840,crop08,1,133.64707946777344
1,sid_calib,full_synthetic,unknown,calib,6ae31673b6fe2664,clean,1,135.95260620117188
1,sid_calib,full_synthetic,unknown,calib,6ae31673b6fe2664,jpeg90,1,135.96157836914062
1,sid_calib,full_synthetic,unknown,calib,6ae31673b6fe2664,jpeg70,1,135.76609802246094
1,sid_calib,full_synthetic,unknown,calib,6ae31673b6fe2664,jpeg50,1,136.12222290039062
1,sid_calib,full_synthetic,unknown,calib,6ae31673b6fe2664,jpeg30,1,133.58299255371094
1,sid_calib,full_synthetic,unknown,calib,6ae31673b6fe2664,blur05,1,135.97108459472656
1,sid_calib,full_synthetic,unknown,calib,6ae31673b6fe2664,blur10,1,136.11398315429688
1,sid_calib,full_synthetic,unknown,calib,6ae31673b6fe2664,blur20,1,135.38259887695312
1,sid_calib,full_synthetic,unknown,calib,6ae31673b6fe2664,resize05,1,136.04481506347656
1,sid_calib,full_synthetic,unknown,calib,6ae31673b6fe2664,resize025,1,136.27049255371094
1,sid_calib,full_synthetic,unknown,calib,6ae31673b6fe2664,noise002,1,135.1080780029297
1,sid_calib,full_synthetic,unknown,calib,6ae31673b6fe2664,noise005,1,134.40248107910156
1,sid_calib,full_synthetic,unknown,calib,6ae31673b6fe2664,noise01,1,133.38351440429688
1,sid_calib,full_synthetic,unknown,calib,6ae31673b6fe2664,jitter02,1,135.44956970214844
1,sid_calib,full_synthetic,unknown,calib,6ae31673b6fe2664,crop08,1,209.61669921875
0,sid_calib,real,unknown,calib,d6356c582af07ba7,clean,1,134.55935668945312
0,sid_calib,real,unknown,calib,d6356c582af07ba7,jpeg90,1,134.2048797607422
0,sid_calib,real,unknown,calib,d6356c582af07ba7,jpeg70,1,134.25860595703125
0,sid_calib,real,unknown,calib,d6356c582af07ba7,jpeg50,1,135.43141174316406
0,sid_calib,real,unknown,calib,d6356c582af07ba7,jpeg30,1,136.43310546875
0,sid_calib,real,unknown,calib,d6356c582af07ba7,blur05,1,134.68081665039062
0,sid_calib,real,unknown,calib,d6356c582af07ba7,blur10,1,135.41921997070312
0,sid_calib,real,unknown,calib,d6356c582af07ba7,blur20,1,136.4866943359375
0,sid_calib,real,unknown,calib,d6356c582af07ba7,resize05,1,134.89913940429688
0,sid_calib,real,unknown,calib,d6356c582af07ba7,resize025,1,136.96636962890625
0,sid_calib,real,unknown,calib,d6356c582af07ba7,noise002,1,134.91159057617188
0,sid_calib,real,unknown,calib,d6356c582af07ba7,noise005,1,136.1124267578125
0,sid_calib,real,unknown,calib,d6356c582af07ba7,noise01,1,134.72027587890625
0,sid_calib,real,unknown,calib,d6356c582af07ba7,jitter02,1,134.99691772460938
0,sid_calib,real,unknown,calib,d6356c582af07ba7,crop08,1,165.0074920654297
0,sid_calib,real,unknown,calib,130b1793d34c66c7,clean,1,66.5014877319336
0,sid_calib,real,unknown,calib,130b1793d34c66c7,jpeg90,1,66.58477783203125
0,sid_calib,real,unknown,calib,130b1793d34c66c7,jpeg70,1,65.86915588378906
0,sid_calib,real,unknown,calib,130b1793d34c66c7,jpeg50,1,65.9457778930664
0,sid_calib,real,unknown,calib,130b1793d34c66c7,jpeg30,1,65.00740051269531
0,sid_calib,real,unknown,calib,130b1793d34c66c7,blur05,1,66.39900970458984
0,sid_calib,real,unknown,calib,130b1793d34c66c7,blur10,1,65.73519897460938
0,sid_calib,real,unknown,calib,130b1793d34c66c7,blur20,1,64.83688354492188
0,sid_calib,real,unknown,calib,130b1793d34c66c7,resize05,1,66.14546203613281
0,sid_calib,real,unknown,calib,130b1793d34c66c7,noise002,1,65.2801513671875
0,sid_calib,real,unknown,calib,130b1793d34c66c7,noise005,1,65.55757904052734
0,sid_calib,real,unknown,calib,130b1793d34c66c7,noise01,1,65.28980255126953
0,sid_calib,real,unknown,calib,130b1793d34c66c7,jitter02,1,66.37879943847656
0,sid_calib,real,unknown,calib,130b1793d34c66c7,crop08,1,87.90809631347656
0,sid_calib,real,unknown,calib,ed27777c8e568e56,clean,1,124.15094757080078
0,sid_calib,real,unknown,calib,ed27777c8e568e56,jpeg90,1,124.24114227294922
0,sid_calib,real,unknown,calib,ed27777c8e568e56,jpeg70,1,124.34661102294922
0,sid_calib,real,unknown,calib,ed27777c8e568e56,jpeg50,1,124.20977783203125
0,sid_calib,real,unknown,calib,ed27777c8e568e56,jpeg30,1,122.4968032836914
0,sid_calib,real,unknown,calib,ed27777c8e568e56,blur05,1,124.44436645507812
0,sid_calib,real,unknown,calib,ed27777c8e568e56,blur10,1,124.24140930175781
0,sid_calib,real,unknown,calib,ed27777c8e568e56,blur20,1,125.91490936279297
0,sid_calib,real,unknown,calib,ed27777c8e568e56,resize05,1,123.98633575439453
0,sid_calib,real,unknown,calib,ed27777c8e568e56,resize025,1,126.58143615722656
0,sid_calib,real,unknown,calib,ed27777c8e568e56,noise002,1,125.42828369140625
0,sid_calib,real,unknown,calib,ed27777c8e568e56,noise005,1,126.0616683959961
0,sid_calib,real,unknown,calib,ed27777c8e568e56,noise01,1,105.28585052490234
0,sid_calib,real,unknown,calib,ed27777c8e568e56,jitter02,1,124.53518676757812
0,sid_calib,real,unknown,calib,ed27777c8e568e56,crop08,1,158.71627807617188
0,sid_calib,real,unknown,calib,a1fe76fc749c8413,clean,1,82.16324615478516
0,sid_calib,real,unknown,calib,a1fe76fc749c8413,jpeg90,1,82.47537994384766
0,sid_calib,real,unknown,calib,a1fe76fc749c8413,jpeg70,1,82.47537994384766
0,sid_calib,real,unknown,calib,a1fe76fc749c8413,jpeg50,1,82.47537994384766
0,sid_calib,real,unknown,calib,a1fe76fc749c8413,jpeg30,1,82.47537994384766
0,sid_calib,real,unknown,calib,a1fe76fc749c8413,blur05,1,82.32411193847656
0,sid_calib,real,unknown,calib,a1fe76fc749c8413,blur10,1,82.84217071533203
0,sid_calib,real,unknown,calib,a1fe76fc749c8413,blur20,1,81.92571258544922
0,sid_calib,real,unknown,calib,a1fe76fc749c8413,resize05,1,83.13570404052734
0,sid_calib,real,unknown,calib,a1fe76fc749c8413,resize025,1,82.6878662109375
0,sid_calib,real,unknown,calib,a1fe76fc749c8413,noise002,1,82.11187744140625
0,sid_calib,real,unknown,calib,a1fe76fc749c8413,jitter02,1,81.64852142333984
0,sid_calib,real,unknown,calib,a1fe76fc749c8413,crop08,1,103.48602294921875
1,sid_calib,full_synthetic,unknown,calib,855494ca8f8ff706,clean,1,70.05248260498047
1,sid_calib,full_synthetic,unknown,calib,855494ca8f8ff706,jpeg90,1,69.9960708618164
1,sid_calib,full_synthetic,unknown,calib,855494ca8f8ff706,jpeg70,1,70.72643280029297
1,sid_calib,full_synthetic,unknown,calib,855494ca8f8ff706,jpeg50,1,71.19914245605469
1,sid_calib,full_synthetic,unknown,calib,855494ca8f8ff706,jpeg30,1,71.08444213867188
1,sid_calib,full_synthetic,unknown,calib,855494ca8f8ff706,blur05,1,70.33984375
1,sid_calib,full_synthetic,unknown,calib,855494ca8f8ff706,blur10,1,71.35655212402344
1,sid_calib,full_synthetic,unknown,calib,855494ca8f8ff706,blur20,1,71.01435089111328
1,sid_calib,full_synthetic,unknown,calib,855494ca8f8ff706,resize05,1,70.81842041015625
1,sid_calib,full_synthetic,unknown,calib,855494ca8f8ff706,resize025,1,70.6321792602539
1,sid_calib,full_synthetic,unknown,calib,855494ca8f8ff706,noise002,1,69.57539367675781
1,sid_calib,full_synthetic,unknown,calib,855494ca8f8ff706,noise005,1,70.50407409667969
1,sid_calib,full_synthetic,unknown,calib,855494ca8f8ff706,noise01,1,68.20387268066406
1,sid_calib,full_synthetic,unknown,calib,855494ca8f8ff706,jitter02,1,69.96635437011719
1,sid_calib,full_synthetic,unknown,calib,855494ca8f8ff706,crop08,1,82.89868927001953
0,sid_calib,real,unknown,calib,61fd1ec307b9f245,clean,1,88.25192260742188
0,sid_calib,real,unknown,calib,61fd1ec307b9f245,jpeg90,1,86.94005584716797
0,sid_calib,real,unknown,calib,61fd1ec307b9f245,jpeg70,1,87.05390930175781
0,sid_calib,real,unknown,calib,61fd1ec307b9f245,jpeg50,1,87.14439392089844
0,sid_calib,real,unknown,calib,61fd1ec307b9f245,jpeg30,1,88.28021240234375
0,sid_calib,real,unknown,calib,61fd1ec307b9f245,blur05,1,88.43421936035156
0,sid_calib,real,unknown,calib,61fd1ec307b9f245,blur10,1,88.84535217285156
0,sid_calib,real,unknown,calib,61fd1ec307b9f245,blur20,1,89.34505462646484
0,sid_calib,real,unknown,calib,61fd1ec307b9f245,resize025,1,89.06511688232422
0,sid_calib,real,unknown,calib,61fd1ec307b9f245,noise01,1,90.24638366699219
0,sid_calib,real,unknown,calib,61fd1ec307b9f245,crop08,1,111.27647399902344
1,sid_calib,full_synthetic,unknown,calib,bc755ff981044805,clean,1,98.58816528320312
1,sid_calib,full_synthetic,unknown,calib,bc755ff981044805,jpeg90,1,98.2607421875
1,sid_calib,full_synthetic,unknown,calib,bc755ff981044805,jpeg70,1,98.40601348876953
1,sid_calib,full_synthetic,unknown,calib,bc755ff981044805,jpeg50,1,99.20987701416016
1,sid_calib,full_synthetic,unknown,calib,bc755ff981044805,jpeg30,1,98.76929473876953
1,sid_calib,full_synthetic,unknown,calib,bc755ff981044805,blur05,1,98.65123748779297
1,sid_calib,full_synthetic,unknown,calib,bc755ff981044805,blur10,1,98.45629119873047
1,sid_calib,full_synthetic,unknown,calib,bc755ff981044805,blur20,1,99.18592071533203
1,sid_calib,full_synthetic,unknown,calib,bc755ff981044805,resize05,1,98.41780090332031
1,sid_calib,full_synthetic,unknown,calib,bc755ff981044805,resize025,1,99.20674133300781
1,sid_calib,full_synthetic,unknown,calib,bc755ff981044805,noise002,1,98.07048034667969
1,sid_calib,full_synthetic,unknown,calib,bc755ff981044805,noise005,1,98.05316162109375
1,sid_calib,full_synthetic,unknown,calib,bc755ff981044805,noise01,1,97.88674926757812
1,sid_calib,full_synthetic,unknown,calib,bc755ff981044805,jitter02,1,96.34651184082031
1,sid_calib,full_synthetic,unknown,calib,bc755ff981044805,crop08,1,121.14948272705078
0,sid_calib,real,unknown,calib,6725e00e5f5e4ebd,clean,1,123.68143463134766
0,sid_calib,real,unknown,calib,6725e00e5f5e4ebd,jpeg90,1,123.927490234375
0,sid_calib,real,unknown,calib,6725e00e5f5e4ebd,jpeg70,1,123.22454071044922
0,sid_calib,real,unknown,calib,6725e00e5f5e4ebd,jpeg50,1,124.7157211303711
0,sid_calib,real,unknown,calib,6725e00e5f5e4ebd,jpeg30,1,125.46148681640625
0,sid_calib,real,unknown,calib,6725e00e5f5e4ebd,blur05,1,123.7081527709961
0,sid_calib,real,unknown,calib,6725e00e5f5e4ebd,blur10,1,124.21007537841797
0,sid_calib,real,unknown,calib,6725e00e5f5e4ebd,blur20,1,123.25292205810547
0,sid_calib,real,unknown,calib,6725e00e5f5e4ebd,resize05,1,124.06507873535156
0,sid_calib,real,unknown,calib,6725e00e5f5e4ebd,resize025,1,125.19850158691406
0,sid_calib,real,unknown,calib,6725e00e5f5e4ebd,noise002,1,123.69317626953125
0,sid_calib,real,unknown,calib,6725e00e5f5e4ebd,noise005,1,123.0479507446289
0,sid_calib,real,unknown,calib,6725e00e5f5e4ebd,jitter02,1,123.26033020019531
1,sid_calib,full_synthetic,unknown,calib,ea2aadd4395fb421,crop08,1,145.26744079589844
0,sid_calib,real,unknown,calib,42b2738e0fcad3c5,clean,1,68.8615493774414
0,sid_calib,real,unknown,calib,42b2738e0fcad3c5,jpeg90,1,68.57312774658203
0,sid_calib,real,unknown,calib,42b2738e0fcad3c5,jpeg70,1,69.10791015625
0,sid_calib,real,unknown,calib,42b2738e0fcad3c5,jpeg50,1,67.55854797363281
0,sid_calib,real,unknown,calib,42b2738e0fcad3c5,jpeg30,1,68.19816589355469
0,sid_calib,real,unknown,calib,42b2738e0fcad3c5,blur05,1,68.80634307861328
0,sid_calib,real,unknown,calib,42b2738e0fcad3c5,blur10,1,70.12873840332031
0,sid_calib,real,unknown,calib,42b2738e0fcad3c5,blur20,1,69.60501861572266
0,sid_calib,real,unknown,calib,42b2738e0fcad3c5,resize05,1,68.79078674316406
0,sid_calib,real,unknown,calib,42b2738e0fcad3c5,resize025,1,68.87467956542969
0,sid_calib,real,unknown,calib,42b2738e0fcad3c5,noise002,1,69.17518615722656
0,sid_calib,real,unknown,calib,42b2738e0fcad3c5,noise005,1,68.42562866210938
0,sid_calib,real,unknown,calib,42b2738e0fcad3c5,jitter02,1,69.43222045898438
0,sid_calib,real,unknown,calib,42b2738e0fcad3c5,crop08,1,82.10872650146484
1,sid_calib,full_synthetic,unknown,calib,d18cf6e1b851156b,jpeg30,1,106.52043914794922
1,sid_calib,full_synthetic,unknown,calib,d18cf6e1b851156b,blur20,1,106.37059783935547
1,sid_calib,full_synthetic,unknown,calib,d18cf6e1b851156b,crop08,1,141.41458129882812
1,sid_calib,full_synthetic,unknown,calib,acf076823cd85491,clean,1,183.16427612304688
1,sid_calib,full_synthetic,unknown,calib,acf076823cd85491,jpeg90,1,183.35287475585938
1,sid_calib,full_synthetic,unknown,calib,acf076823cd85491,jpeg70,1,183.0810546875
1,sid_calib,full_synthetic,unknown,calib,acf076823cd85491,jpeg50,1,183.59356689453125
1,sid_calib,full_synthetic,unknown,calib,acf076823cd85491,jpeg30,1,182.97865295410156
1,sid_calib,full_synthetic,unknown,calib,acf076823cd85491,blur05,1,183.22201538085938
1,sid_calib,full_synthetic,unknown,calib,acf076823cd85491,blur10,1,183.73947143554688
1,sid_calib,full_synthetic,unknown,calib,acf076823cd85491,blur20,1,184.83546447753906
1,sid_calib,full_synthetic,unknown,calib,acf076823cd85491,resize05,1,183.4341278076172
1,sid_calib,full_synthetic,unknown,calib,acf076823cd85491,resize025,1,185.24853515625
1,sid_calib,full_synthetic,unknown,calib,acf076823cd85491,noise002,1,183.9069366455078
1,sid_calib,full_synthetic,unknown,calib,acf076823cd85491,noise005,1,185.75201416015625
1,sid_calib,full_synthetic,unknown,calib,acf076823cd85491,noise01,1,185.98770141601562
1,sid_calib,full_synthetic,unknown,calib,acf076823cd85491,jitter02,1,183.2505645751953
1,sid_calib,full_synthetic,unknown,calib,acf076823cd85491,crop08,1,216.36911010742188
0,sid_calib,real,unknown,calib,26889f439850717b,clean,1,149.20394897460938
0,sid_calib,real,unknown,calib,26889f439850717b,jpeg90,1,148.7439422607422
0,sid_calib,real,unknown,calib,26889f439850717b,jpeg70,1,147.44154357910156
0,sid_calib,real,unknown,calib,26889f439850717b,jpeg50,1,148.52020263671875
0,sid_calib,real,unknown,calib,26889f439850717b,jpeg30,1,147.0997314453125
0,sid_calib,real,unknown,calib,26889f439850717b,blur05,1,149.043701171875
0,sid_calib,real,unknown,calib,26889f439850717b,blur10,1,147.92237854003906
0,sid_calib,real,unknown,calib,26889f439850717b,blur20,1,126.64382934570312
0,sid_calib,real,unknown,calib,26889f439850717b,resize05,1,148.77345275878906
0,sid_calib,real,unknown,calib,26889f439850717b,resize025,1,127.91305541992188
0,sid_calib,real,unknown,calib,26889f439850717b,noise002,1,148.1417999267578
0,sid_calib,real,unknown,calib,26889f439850717b,noise005,1,126.52386474609375
0,sid_calib,real,unknown,calib,26889f439850717b,noise01,1,126.70979309082031
0,sid_calib,real,unknown,calib,26889f439850717b,jitter02,1,149.30960083007812
0,sid_calib,real,unknown,calib,26889f439850717b,crop08,1,159.24366760253906
0,sid_calib,real,unknown,calib,5bc30573d8e401e8,clean,1,137.08848571777344
0,sid_calib,real,unknown,calib,5bc30573d8e401e8,jpeg90,1,137.47666931152344
0,sid_calib,real,unknown,calib,5bc30573d8e401e8,jpeg70,1,135.7538604736328
0,sid_calib,real,unknown,calib,5bc30573d8e401e8,jpeg50,1,136.26068115234375
0,sid_calib,real,unknown,calib,5bc30573d8e401e8,jpeg30,1,136.90847778320312
0,sid_calib,real,unknown,calib,5bc30573d8e401e8,blur05,1,137.34071350097656
0,sid_calib,real,unknown,calib,5bc30573d8e401e8,blur10,1,137.25973510742188
0,sid_calib,real,unknown,calib,5bc30573d8e401e8,blur20,1,138.087158203125
0,sid_calib,real,unknown,calib,5bc30573d8e401e8,resize05,1,136.8697509765625
0,sid_calib,real,unknown,calib,5bc30573d8e401e8,resize025,1,138.78753662109375
0,sid_calib,real,unknown,calib,5bc30573d8e401e8,noise002,1,137.29544067382812
0,sid_calib,real,unknown,calib,5bc30573d8e401e8,noise005,1,137.33642578125
0,sid_calib,real,unknown,calib,5bc30573d8e401e8,noise01,1,137.09515380859375
0,sid_calib,real,unknown,calib,5bc30573d8e401e8,jitter02,1,137.3827667236328
0,sid_calib,real,unknown,calib,5bc30573d8e401e8,crop08,1,167.52723693847656
0,sid_calib,real,unknown,calib,23af7fcd49861fc8,clean,1,93.37125396728516
0,sid_calib,real,unknown,calib,23af7fcd49861fc8,jpeg90,1,93.52522277832031
0,sid_calib,real,unknown,calib,23af7fcd49861fc8,jpeg70,1,93.16388702392578
0,sid_calib,real,unknown,calib,23af7fcd49861fc8,jpeg50,1,92.94667053222656
0,sid_calib,real,unknown,calib,23af7fcd49861fc8,jpeg30,1,93.30607604980469
0,sid_calib,real,unknown,calib,23af7fcd49861fc8,blur05,1,93.32426452636719
0,sid_calib,real,unknown,calib,23af7fcd49861fc8,blur10,1,93.18159484863281
0,sid_calib,real,unknown,calib,23af7fcd49861fc8,blur20,1,94.30393981933594
0,sid_calib,real,unknown,calib,23af7fcd49861fc8,resize05,1,93.1124267578125
0,sid_calib,real,unknown,calib,23af7fcd49861fc8,resize025,1,93.99510192871094
0,sid_calib,real,unknown,calib,23af7fcd49861fc8,noise002,1,93.62704467773438
0,sid_calib,real,unknown,calib,23af7fcd49861fc8,noise005,1,93.51536560058594
0,sid_calib,real,unknown,calib,23af7fcd49861fc8,noise01,1,92.31351470947266
0,sid_calib,real,unknown,calib,23af7fcd49861fc8,jitter02,1,93.43802642822266
0,sid_calib,real,unknown,calib,23af7fcd49861fc8,crop08,1,115.91807556152344
1,sid_calib,full_synthetic,unknown,calib,6661195e09a96024,crop08,1,76.17391204833984
1,sid_calib,full_synthetic,unknown,calib,ac5c3b9419103748,clean,1,100.41969299316406
1,sid_calib,full_synthetic,unknown,calib,ac5c3b9419103748,jpeg90,1,100.94664001464844
1,sid_calib,full_synthetic,unknown,calib,ac5c3b9419103748,jpeg70,1,100.70382690429688
1,sid_calib,full_synthetic,unknown,calib,ac5c3b9419103748,jpeg50,1,100.32904052734375
1,sid_calib,full_synthetic,unknown,calib,ac5c3b9419103748,jpeg30,1,101.1600570678711
1,sid_calib,full_synthetic,unknown,calib,ac5c3b9419103748,blur05,1,100.34659576416016
1,sid_calib,full_synthetic,unknown,calib,ac5c3b9419103748,blur10,1,99.98087310791016
1,sid_calib,full_synthetic,unknown,calib,ac5c3b9419103748,blur20,1,99.5938720703125
1,sid_calib,full_synthetic,unknown,calib,ac5c3b9419103748,resize05,1,100.1301498413086
1,sid_calib,full_synthetic,unknown,calib,ac5c3b9419103748,resize025,1,99.9806137084961
1,sid_calib,full_synthetic,unknown,calib,ac5c3b9419103748,noise002,1,100.14459228515625
1,sid_calib,full_synthetic,unknown,calib,ac5c3b9419103748,noise005,1,102.39215087890625
1,sid_calib,full_synthetic,unknown,calib,ac5c3b9419103748,noise01,1,97.8333740234375
1,sid_calib,full_synthetic,unknown,calib,ac5c3b9419103748,jitter02,1,99.96184539794922
1,sid_calib,full_synthetic,unknown,calib,ac5c3b9419103748,crop08,1,121.4432144165039
0,sid_calib,real,unknown,calib,167fd729e5ea0b27,clean,1,143.02932739257812
0,sid_calib,real,unknown,calib,167fd729e5ea0b27,jpeg90,1,141.85952758789062
0,sid_calib,real,unknown,calib,167fd729e5ea0b27,jpeg70,1,143.15957641601562
0,sid_calib,real,unknown,calib,167fd729e5ea0b27,jpeg50,1,143.45193481445312
0,sid_calib,real,unknown,calib,167fd729e5ea0b27,jpeg30,1,142.3174285888672
0,sid_calib,real,unknown,calib,167fd729e5ea0b27,blur05,1,143.03675842285156
0,sid_calib,real,unknown,calib,167fd729e5ea0b27,blur10,1,142.63711547851562
0,sid_calib,real,unknown,calib,167fd729e5ea0b27,blur20,1,137.67698669433594
0,sid_calib,real,unknown,calib,167fd729e5ea0b27,resize05,1,142.94351196289062
0,sid_calib,real,unknown,calib,167fd729e5ea0b27,resize025,1,143.744873046875
0,sid_calib,real,unknown,calib,167fd729e5ea0b27,noise002,1,144.42491149902344
0,sid_calib,real,unknown,calib,167fd729e5ea0b27,noise005,1,143.95297241210938
0,sid_calib,real,unknown,calib,167fd729e5ea0b27,noise01,1,138.6014404296875
0,sid_calib,real,unknown,calib,167fd729e5ea0b27,jitter02,1,142.58941650390625
0,sid_calib,real,unknown,calib,167fd729e5ea0b27,crop08,1,149.97547912597656
1,sid_calib,full_synthetic,unknown,calib,58c44544083d9f7e,clean,1,67.61007690429688
1,sid_calib,full_synthetic,unknown,calib,58c44544083d9f7e,jpeg90,1,67.49482727050781
1,sid_calib,full_synthetic,unknown,calib,58c44544083d9f7e,jpeg70,1,67.696533203125
1,sid_calib,full_synthetic,unknown,calib,58c44544083d9f7e,jpeg50,1,67.3436508178711
1,sid_calib,full_synthetic,unknown,calib,58c44544083d9f7e,jpeg30,1,67.3501205444336
1,sid_calib,full_synthetic,unknown,calib,58c44544083d9f7e,blur05,1,67.69841003417969
1,sid_calib,full_synthetic,unknown,calib,58c44544083d9f7e,blur10,1,70.3498306274414
1,sid_calib,full_synthetic,unknown,calib,58c44544083d9f7e,resize05,1,69.92647552490234
1,sid_calib,full_synthetic,unknown,calib,58c44544083d9f7e,resize025,1,71.17207336425781
1,sid_calib,full_synthetic,unknown,calib,58c44544083d9f7e,noise002,1,67.85558319091797
1,sid_calib,full_synthetic,unknown,calib,58c44544083d9f7e,noise005,1,70.83975219726562
1,sid_calib,full_synthetic,unknown,calib,58c44544083d9f7e,noise01,1,72.21195220947266
1,sid_calib,full_synthetic,unknown,calib,58c44544083d9f7e,jitter02,1,69.33412170410156
1,sid_calib,full_synthetic,unknown,calib,58c44544083d9f7e,crop08,1,87.61209106445312
1,sid_calib,full_synthetic,unknown,calib,71334d811c08a43b,clean,1,202.31396484375
1,sid_calib,full_synthetic,unknown,calib,71334d811c08a43b,jpeg90,1,202.35671997070312
1,sid_calib,full_synthetic,unknown,calib,71334d811c08a43b,jpeg70,1,202.56675720214844
1,sid_calib,full_synthetic,unknown,calib,71334d811c08a43b,jpeg50,1,204.02621459960938
1,sid_calib,full_synthetic,unknown,calib,71334d811c08a43b,jpeg30,1,205.19915771484375
1,sid_calib,full_synthetic,unknown,calib,71334d811c08a43b,blur05,1,202.13330078125
1,sid_calib,full_synthetic,unknown,calib,71334d811c08a43b,blur10,1,202.3172149658203
1,sid_calib,full_synthetic,unknown,calib,71334d811c08a43b,blur20,1,200.59120178222656
1,sid_calib,full_synthetic,unknown,calib,71334d811c08a43b,resize05,1,202.5609588623047
1,sid_calib,full_synthetic,unknown,calib,71334d811c08a43b,resize025,1,202.96751403808594
1,sid_calib,full_synthetic,unknown,calib,71334d811c08a43b,noise002,1,202.59556579589844
1,sid_calib,full_synthetic,unknown,calib,71334d811c08a43b,noise005,1,207.32945251464844
1,sid_calib,full_synthetic,unknown,calib,71334d811c08a43b,noise01,1,220.46694946289062
1,sid_calib,full_synthetic,unknown,calib,71334d811c08a43b,jitter02,1,203.78909301757812
1,sid_calib,full_synthetic,unknown,calib,71334d811c08a43b,crop08,1,278.2330017089844
0,sid_calib,real,unknown,calib,9da82e5ca88e877a,clean,1,214.4466094970703
0,sid_calib,real,unknown,calib,9da82e5ca88e877a,jpeg90,1,214.5545654296875
0,sid_calib,real,unknown,calib,9da82e5ca88e877a,jpeg70,1,213.67935180664062
0,sid_calib,real,unknown,calib,9da82e5ca88e877a,jpeg50,1,214.704833984375
0,sid_calib,real,unknown,calib,9da82e5ca88e877a,jpeg30,1,212.40660095214844
0,sid_calib,real,unknown,calib,9da82e5ca88e877a,blur05,1,214.58050537109375
0,sid_calib,real,unknown,calib,9da82e5ca88e877a,blur10,1,215.35389709472656
0,sid_calib,real,unknown,calib,9da82e5ca88e877a,blur20,1,216.1853790283203
0,sid_calib,real,unknown,calib,9da82e5ca88e877a,resize05,1,214.84954833984375
0,sid_calib,real,unknown,calib,9da82e5ca88e877a,resize025,1,215.85614013671875
0,sid_calib,real,unknown,calib,9da82e5ca88e877a,noise002,1,213.48052978515625
0,sid_calib,real,unknown,calib,9da82e5ca88e877a,noise005,1,214.33901977539062
0,sid_calib,real,unknown,calib,9da82e5ca88e877a,noise01,1,222.0613555908203
0,sid_calib,real,unknown,calib,9da82e5ca88e877a,jitter02,1,214.19830322265625
0,sid_calib,real,unknown,calib,9da82e5ca88e877a,crop08,1,259.30303955078125
0,sid_calib,real,unknown,calib,20113081e8cb90db,clean,1,83.58036041259766
0,sid_calib,real,unknown,calib,20113081e8cb90db,jpeg90,1,83.80062103271484
0,sid_calib,real,unknown,calib,20113081e8cb90db,jpeg70,1,83.88426208496094
0,sid_calib,real,unknown,calib,20113081e8cb90db,jpeg50,1,83.87870025634766
0,sid_calib,real,unknown,calib,20113081e8cb90db,jpeg30,1,84.67281341552734
0,sid_calib,real,unknown,calib,20113081e8cb90db,blur05,1,83.57862091064453
0,sid_calib,real,unknown,calib,20113081e8cb90db,blur10,1,84.25027465820312
0,sid_calib,real,unknown,calib,20113081e8cb90db,blur20,1,84.2758560180664
0,sid_calib,real,unknown,calib,20113081e8cb90db,resize05,1,83.91478729248047
0,sid_calib,real,unknown,calib,20113081e8cb90db,resize025,1,85.05633544921875
0,sid_calib,real,unknown,calib,20113081e8cb90db,noise002,1,85.3445816040039
0,sid_calib,real,unknown,calib,20113081e8cb90db,jitter02,1,82.79930877685547
0,sid_calib,real,unknown,calib,20113081e8cb90db,crop08,1,103.2287826538086
0,sid_calib,real,unknown,calib,46b07215fed6f90a,clean,1,159.09744262695312
0,sid_calib,real,unknown,calib,46b07215fed6f90a,jpeg90,1,158.9039306640625
0,sid_calib,real,unknown,calib,46b07215fed6f90a,jpeg70,1,158.2843475341797
0,sid_calib,real,unknown,calib,46b07215fed6f90a,jpeg50,1,156.5865936279297
0,sid_calib,real,unknown,calib,46b07215fed6f90a,jpeg30,1,158.19801330566406
0,sid_calib,real,unknown,calib,46b07215fed6f90a,blur05,1,159.20669555664062
0,sid_calib,real,unknown,calib,46b07215fed6f90a,blur10,1,158.9344940185547
0,sid_calib,real,unknown,calib,46b07215fed6f90a,blur20,1,158.94204711914062
0,sid_calib,real,unknown,calib,46b07215fed6f90a,resize05,1,159.11546325683594
0,sid_calib,real,unknown,calib,46b07215fed6f90a,resize025,1,158.70692443847656
0,sid_calib,real,unknown,calib,46b07215fed6f90a,noise002,1,159.69580078125
0,sid_calib,real,unknown,calib,46b07215fed6f90a,noise005,1,159.91290283203125
0,sid_calib,real,unknown,calib,46b07215fed6f90a,noise01,1,161.1257781982422
0,sid_calib,real,unknown,calib,46b07215fed6f90a,jitter02,1,159.31491088867188
0,sid_calib,real,unknown,calib,46b07215fed6f90a,crop08,1,198.57147216796875
1,sid_calib,full_synthetic,unknown,calib,6f7a3ef6496fca88,crop08,1,78.36292266845703
0,sid_calib,real,unknown,calib,28bfe0f4a3c0fdcb,crop08,1,72.13947296142578
1,sid_calib,full_synthetic,unknown,calib,6eadfc6fde332f35,clean,1,85.44978332519531
1,sid_calib,full_synthetic,unknown,calib,6eadfc6fde332f35,jpeg90,1,85.52620697021484
1,sid_calib,full_synthetic,unknown,calib,6eadfc6fde332f35,jpeg70,1,87.41423797607422
1,sid_calib,full_synthetic,unknown,calib,6eadfc6fde332f35,jpeg50,1,88.06442260742188
1,sid_calib,full_synthetic,unknown,calib,6eadfc6fde332f35,jpeg30,1,85.13704681396484
1,sid_calib,full_synthetic,unknown,calib,6eadfc6fde332f35,blur05,1,85.3548812866211
1,sid_calib,full_synthetic,unknown,calib,6eadfc6fde332f35,blur10,1,85.17261505126953
1,sid_calib,full_synthetic,unknown,calib,6eadfc6fde332f35,blur20,1,83.97462463378906
1,sid_calib,full_synthetic,unknown,calib,6eadfc6fde332f35,resize05,1,85.45445251464844
1,sid_calib,full_synthetic,unknown,calib,6eadfc6fde332f35,resize025,1,88.44187927246094
1,sid_calib,full_synthetic,unknown,calib,6eadfc6fde332f35,noise002,1,85.6854248046875
1,sid_calib,full_synthetic,unknown,calib,6eadfc6fde332f35,noise005,1,88.15879821777344
1,sid_calib,full_synthetic,unknown,calib,6eadfc6fde332f35,noise01,1,88.57254028320312
1,sid_calib,full_synthetic,unknown,calib,6eadfc6fde332f35,jitter02,1,89.69873046875
1,sid_calib,full_synthetic,unknown,calib,6eadfc6fde332f35,crop08,1,107.13516998291016
0,sid_calib,real,unknown,calib,dffc6038b84bdd13,crop08,1,74.90100860595703
1,sid_calib,full_synthetic,unknown,calib,4a7e926bc2593504,clean,1,86.349365234375
1,sid_calib,full_synthetic,unknown,calib,4a7e926bc2593504,jpeg90,1,86.0684585571289
1,sid_calib,full_synthetic,unknown,calib,4a7e926bc2593504,jpeg70,1,85.3420639038086
1,sid_calib,full_synthetic,unknown,calib,4a7e926bc2593504,jpeg50,1,85.5511474609375
1,sid_calib,full_synthetic,unknown,calib,4a7e926bc2593504,jpeg30,1,86.25238800048828
1,sid_calib,full_synthetic,unknown,calib,4a7e926bc2593504,blur05,1,85.99580383300781
1,sid_calib,full_synthetic,unknown,calib,4a7e926bc2593504,blur10,1,85.09996795654297
1,sid_calib,full_synthetic,unknown,calib,4a7e926bc2593504,resize05,1,85.48303985595703
1,sid_calib,full_synthetic,unknown,calib,4a7e926bc2593504,noise002,1,86.9227523803711
1,sid_calib,full_synthetic,unknown,calib,4a7e926bc2593504,noise005,1,87.27310180664062
1,sid_calib,full_synthetic,unknown,calib,4a7e926bc2593504,noise01,1,88.37963104248047
1,sid_calib,full_synthetic,unknown,calib,4a7e926bc2593504,jitter02,1,85.33538818359375
1,sid_calib,full_synthetic,unknown,calib,4a7e926bc2593504,crop08,1,102.30243682861328
0,sid_calib,real,unknown,calib,4d5e821963689607,clean,1,126.5763931274414
0,sid_calib,real,unknown,calib,4d5e821963689607,jpeg90,1,117.3547134399414
0,sid_calib,real,unknown,calib,4d5e821963689607,jpeg70,1,115.09032440185547
0,sid_calib,real,unknown,calib,4d5e821963689607,jpeg50,1,115.91564178466797
0,sid_calib,real,unknown,calib,4d5e821963689607,jpeg30,1,116.89220428466797
0,sid_calib,real,unknown,calib,4d5e821963689607,blur05,1,126.45592498779297
0,sid_calib,real,unknown,calib,4d5e821963689607,blur10,1,126.86238861083984
0,sid_calib,real,unknown,calib,4d5e821963689607,blur20,1,119.12467956542969
0,sid_calib,real,unknown,calib,4d5e821963689607,resize05,1,126.62227630615234
0,sid_calib,real,unknown,calib,4d5e821963689607,resize025,1,117.36990356445312
0,sid_calib,real,unknown,calib,4d5e821963689607,noise002,1,126.35960388183594
0,sid_calib,real,unknown,calib,4d5e821963689607,noise005,1,123.8804931640625
0,sid_calib,real,unknown,calib,4d5e821963689607,noise01,1,120.05254364013672
0,sid_calib,real,unknown,calib,4d5e821963689607,jitter02,1,119.86578369140625
0,sid_calib,real,unknown,calib,4d5e821963689607,crop08,1,147.46731567382812
0,sid_calib,real,unknown,calib,e499493909986da7,clean,1,84.44154357910156
0,sid_calib,real,unknown,calib,e499493909986da7,jpeg90,1,83.7012939453125
0,sid_calib,real,unknown,calib,e499493909986da7,jpeg70,1,83.1724853515625
0,sid_calib,real,unknown,calib,e499493909986da7,jpeg50,1,84.0423812866211
0,sid_calib,real,unknown,calib,e499493909986da7,jpeg30,1,85.09197235107422
0,sid_calib,real,unknown,calib,e499493909986da7,blur05,1,84.47532653808594
0,sid_calib,real,unknown,calib,e499493909986da7,blur10,1,83.58733367919922
0,sid_calib,real,unknown,calib,e499493909986da7,blur20,1,84.87060546875
0,sid_calib,real,unknown,calib,e499493909986da7,resize05,1,84.248779296875
0,sid_calib,real,unknown,calib,e499493909986da7,resize025,1,83.84197998046875
0,sid_calib,real,unknown,calib,e499493909986da7,noise002,1,83.78352355957031
0,sid_calib,real,unknown,calib,e499493909986da7,noise005,1,84.01532745361328
0,sid_calib,real,unknown,calib,e499493909986da7,noise01,1,84.90059661865234
0,sid_calib,real,unknown,calib,e499493909986da7,jitter02,1,82.92877197265625
0,sid_calib,real,unknown,calib,e499493909986da7,crop08,1,104.73371124267578
0,sid_calib,real,unknown,calib,58541bff19ad835c,clean,1,352.4007263183594
0,sid_calib,real,unknown,calib,58541bff19ad835c,jpeg90,1,352.9471435546875
0,sid_calib,real,unknown,calib,58541bff19ad835c,jpeg70,1,352.1742858886719
0,sid_calib,real,unknown,calib,58541bff19ad835c,jpeg50,1,351.2673034667969
0,sid_calib,real,unknown,calib,58541bff19ad835c,jpeg30,1,362.7720642089844
0,sid_calib,real,unknown,calib,58541bff19ad835c,blur05,1,351.3309020996094
0,sid_calib,real,unknown,calib,58541bff19ad835c,blur10,1,350.4496765136719
0,sid_calib,real,unknown,calib,58541bff19ad835c,blur20,1,347.10595703125
0,sid_calib,real,unknown,calib,58541bff19ad835c,resize05,1,350.846923828125
0,sid_calib,real,unknown,calib,58541bff19ad835c,resize025,1,348.74127197265625
0,sid_calib,real,unknown,calib,58541bff19ad835c,noise002,1,354.091796875
0,sid_calib,real,unknown,calib,58541bff19ad835c,noise005,1,350.0865173339844
0,sid_calib,real,unknown,calib,58541bff19ad835c,noise01,1,354.8360900878906
0,sid_calib,real,unknown,calib,58541bff19ad835c,jitter02,1,352.8120422363281
0,sid_calib,real,unknown,calib,58541bff19ad835c,crop08,1,442.88201904296875
1,sid_calib,full_synthetic,unknown,calib,3ca6a8b47b464c75,clean,1,294.15625
1,sid_calib,full_synthetic,unknown,calib,3ca6a8b47b464c75,jpeg90,1,294.6664123535156
1,sid_calib,full_synthetic,unknown,calib,3ca6a8b47b464c75,jpeg70,1,294.0398254394531
1,sid_calib,full_synthetic,unknown,calib,3ca6a8b47b464c75,jpeg50,1,295.5538635253906
1,sid_calib,full_synthetic,unknown,calib,3ca6a8b47b464c75,jpeg30,1,294.6312255859375
1,sid_calib,full_synthetic,unknown,calib,3ca6a8b47b464c75,blur05,1,294.1990966796875
1,sid_calib,full_synthetic,unknown,calib,3ca6a8b47b464c75,blur10,1,294.285400390625
1,sid_calib,full_synthetic,unknown,calib,3ca6a8b47b464c75,blur20,1,295.8818054199219
1,sid_calib,full_synthetic,unknown,calib,3ca6a8b47b464c75,resize05,1,293.98541259765625
1,sid_calib,full_synthetic,unknown,calib,3ca6a8b47b464c75,resize025,1,293.6290588378906
1,sid_calib,full_synthetic,unknown,calib,3ca6a8b47b464c75,noise002,1,295.1328430175781
1,sid_calib,full_synthetic,unknown,calib,3ca6a8b47b464c75,noise005,1,298.5305480957031
1,sid_calib,full_synthetic,unknown,calib,3ca6a8b47b464c75,noise01,1,296.4631652832031
1,sid_calib,full_synthetic,unknown,calib,3ca6a8b47b464c75,jitter02,1,295.12933349609375
1,sid_calib,full_synthetic,unknown,calib,3ca6a8b47b464c75,crop08,1,351.2334899902344
0,sid_calib,real,unknown,calib,baedddd49efacc0c,clean,1,264.9072265625
0,sid_calib,real,unknown,calib,baedddd49efacc0c,jpeg90,1,265.252685546875
0,sid_calib,real,unknown,calib,baedddd49efacc0c,jpeg70,1,265.3141784667969
0,sid_calib,real,unknown,calib,baedddd49efacc0c,jpeg50,1,264.9690246582031
0,sid_calib,real,unknown,calib,baedddd49efacc0c,jpeg30,1,265.10504150390625
0,sid_calib,real,unknown,calib,baedddd49efacc0c,blur05,1,265.07244873046875
0,sid_calib,real,unknown,calib,baedddd49efacc0c,blur10,1,266.5492858886719
0,sid_calib,real,unknown,calib,baedddd49efacc0c,blur20,1,266.892333984375
0,sid_calib,real,unknown,calib,baedddd49efacc0c,resize05,1,265.6722412109375
0,sid_calib,real,unknown,calib,baedddd49efacc0c,resize025,1,267.06292724609375
0,sid_calib,real,unknown,calib,baedddd49efacc0c,noise002,1,266.1713562011719
0,sid_calib,real,unknown,calib,baedddd49efacc0c,noise005,1,269.0018310546875
0,sid_calib,real,unknown,calib,baedddd49efacc0c,noise01,1,273.8728332519531
0,sid_calib,real,unknown,calib,baedddd49efacc0c,jitter02,1,265.2760314941406
0,sid_calib,real,unknown,calib,baedddd49efacc0c,crop08,1,340.69793701171875
0,sid_calib,real,unknown,calib,eae226579b117fd1,clean,1,92.42340850830078
0,sid_calib,real,unknown,calib,eae226579b117fd1,jpeg90,1,92.34513092041016
0,sid_calib,real,unknown,calib,eae226579b117fd1,jpeg70,1,92.84033203125
0,sid_calib,real,unknown,calib,eae226579b117fd1,jpeg50,1,92.85093688964844
0,sid_calib,real,unknown,calib,eae226579b117fd1,jpeg30,1,93.24829864501953
0,sid_calib,real,unknown,calib,eae226579b117fd1,blur05,1,92.48674011230469
0,sid_calib,real,unknown,calib,eae226579b117fd1,blur10,1,92.54070281982422
0,sid_calib,real,unknown,calib,eae226579b117fd1,blur20,1,95.10514831542969
0,sid_calib,real,unknown,calib,eae226579b117fd1,resize05,1,92.36811828613281
0,sid_calib,real,unknown,calib,eae226579b117fd1,resize025,1,91.974365234375
0,sid_calib,real,unknown,calib,eae226579b117fd1,noise002,1,92.93113708496094
0,sid_calib,real,unknown,calib,eae226579b117fd1,noise005,1,94.70756530761719
0,sid_calib,real,unknown,calib,eae226579b117fd1,jitter02,1,92.45767974853516
0,sid_calib,real,unknown,calib,eae226579b117fd1,crop08,1,115.356689453125
0,sid_calib,real,unknown,calib,0fc1e45a1af8cd62,clean,1,135.80348205566406
0,sid_calib,real,unknown,calib,0fc1e45a1af8cd62,jpeg90,1,134.7945556640625
0,sid_calib,real,unknown,calib,0fc1e45a1af8cd62,jpeg70,1,135.081787109375
0,sid_calib,real,unknown,calib,0fc1e45a1af8cd62,jpeg50,1,133.5904998779297
0,sid_calib,real,unknown,calib,0fc1e45a1af8cd62,jpeg30,1,135.71337890625
0,sid_calib,real,unknown,calib,0fc1e45a1af8cd62,blur05,1,136.0826416015625
0,sid_calib,real,unknown,calib,0fc1e45a1af8cd62,blur10,1,135.78382873535156
0,sid_calib,real,unknown,calib,0fc1e45a1af8cd62,blur20,1,133.4760284423828
0,sid_calib,real,unknown,calib,0fc1e45a1af8cd62,resize05,1,136.14498901367188
0,sid_calib,real,unknown,calib,0fc1e45a1af8cd62,resize025,1,133.91412353515625
0,sid_calib,real,unknown,calib,0fc1e45a1af8cd62,noise002,1,136.06463623046875
0,sid_calib,real,unknown,calib,0fc1e45a1af8cd62,noise005,1,134.00399780273438
0,sid_calib,real,unknown,calib,0fc1e45a1af8cd62,noise01,1,133.76707458496094
0,sid_calib,real,unknown,calib,0fc1e45a1af8cd62,jitter02,1,133.7841033935547
0,sid_calib,real,unknown,calib,0fc1e45a1af8cd62,crop08,1,158.219970703125
1,sid_calib,full_synthetic,unknown,calib,05fa0b5e093cbab2,clean,1,205.81912231445312
1,sid_calib,full_synthetic,unknown,calib,05fa0b5e093cbab2,jpeg90,1,205.5505828857422
1,sid_calib,full_synthetic,unknown,calib,05fa0b5e093cbab2,jpeg70,1,205.84127807617188
1,sid_calib,full_synthetic,unknown,calib,05fa0b5e093cbab2,jpeg50,1,205.20384216308594
1,sid_calib,full_synthetic,unknown,calib,05fa0b5e093cbab2,jpeg30,1,206.13412475585938
1,sid_calib,full_synthetic,unknown,calib,05fa0b5e093cbab2,blur05,1,205.61923217773438
1,sid_calib,full_synthetic,unknown,calib,05fa0b5e093cbab2,blur10,1,204.99310302734375
1,sid_calib,full_synthetic,unknown,calib,05fa0b5e093cbab2,blur20,1,195.05128479003906
1,sid_calib,full_synthetic,unknown,calib,05fa0b5e093cbab2,resize05,1,205.90850830078125
1,sid_calib,full_synthetic,unknown,calib,05fa0b5e093cbab2,resize025,1,203.24169921875
1,sid_calib,full_synthetic,unknown,calib,05fa0b5e093cbab2,noise002,1,205.3919677734375
1,sid_calib,full_synthetic,unknown,calib,05fa0b5e093cbab2,noise005,1,211.47796630859375
1,sid_calib,full_synthetic,unknown,calib,05fa0b5e093cbab2,noise01,1,205.0450439453125
1,sid_calib,full_synthetic,unknown,calib,05fa0b5e093cbab2,jitter02,1,206.07290649414062
1,sid_calib,full_synthetic,unknown,calib,05fa0b5e093cbab2,crop08,1,264.65435791015625
0,sid_calib,real,unknown,calib,3f7eb8f9b929668c,clean,1,362.10784912109375
0,sid_calib,real,unknown,calib,3f7eb8f9b929668c,jpeg90,1,361.482177734375
0,sid_calib,real,unknown,calib,3f7eb8f9b929668c,jpeg70,1,361.650634765625
0,sid_calib,real,unknown,calib,3f7eb8f9b929668c,jpeg50,1,363.1943054199219
0,sid_calib,real,unknown,calib,3f7eb8f9b929668c,jpeg30,1,366.1031494140625
0,sid_calib,real,unknown,calib,3f7eb8f9b929668c,blur05,1,362.0838623046875
0,sid_calib,real,unknown,calib,3f7eb8f9b929668c,blur10,1,362.1257019042969
0,sid_calib,real,unknown,calib,3f7eb8f9b929668c,blur20,1,376.84442138671875
0,sid_calib,real,unknown,calib,3f7eb8f9b929668c,resize05,1,363.06427001953125
0,sid_calib,real,unknown,calib,3f7eb8f9b929668c,resize025,1,377.3338623046875
0,sid_calib,real,unknown,calib,3f7eb8f9b929668c,noise002,1,361.1356201171875
0,sid_calib,real,unknown,calib,3f7eb8f9b929668c,noise005,1,371.916748046875
0,sid_calib,real,unknown,calib,3f7eb8f9b929668c,noise01,1,379.2442321777344
0,sid_calib,real,unknown,calib,3f7eb8f9b929668c,jitter02,1,360.0190734863281
0,sid_calib,real,unknown,calib,3f7eb8f9b929668c,crop08,1,459.2395324707031
1,sid_calib,full_synthetic,unknown,calib,73fda21a5da01bbf,clean,1,79.38080596923828
1,sid_calib,full_synthetic,unknown,calib,73fda21a5da01bbf,jpeg90,1,79.81421661376953
1,sid_calib,full_synthetic,unknown,calib,73fda21a5da01bbf,jpeg70,1,79.53086853027344
1,sid_calib,full_synthetic,unknown,calib,73fda21a5da01bbf,jpeg50,1,78.99369812011719
1,sid_calib,full_synthetic,unknown,calib,73fda21a5da01bbf,jpeg30,1,79.3419418334961
1,sid_calib,full_synthetic,unknown,calib,73fda21a5da01bbf,blur05,1,78.69599151611328
1,sid_calib,full_synthetic,unknown,calib,73fda21a5da01bbf,blur10,1,78.40391540527344
1,sid_calib,full_synthetic,unknown,calib,73fda21a5da01bbf,blur20,1,76.59579467773438
1,sid_calib,full_synthetic,unknown,calib,73fda21a5da01bbf,resize05,1,78.68424224853516
1,sid_calib,full_synthetic,unknown,calib,73fda21a5da01bbf,resize025,1,77.70730590820312
1,sid_calib,full_synthetic,unknown,calib,73fda21a5da01bbf,noise002,1,80.266845703125
1,sid_calib,full_synthetic,unknown,calib,73fda21a5da01bbf,noise005,1,80.73334503173828
1,sid_calib,full_synthetic,unknown,calib,73fda21a5da01bbf,noise01,1,81.1823959350586
1,sid_calib,full_synthetic,unknown,calib,73fda21a5da01bbf,jitter02,1,80.07142639160156
1,sid_calib,full_synthetic,unknown,calib,73fda21a5da01bbf,crop08,1,91.69970703125
1,sid_calib,full_synthetic,unknown,calib,99d9db5b7e1f9833,clean,1,108.79171752929688
1,sid_calib,full_synthetic,unknown,calib,99d9db5b7e1f9833,jpeg90,1,108.77801513671875
1,sid_calib,full_synthetic,unknown,calib,99d9db5b7e1f9833,jpeg70,1,108.5169677734375
1,sid_calib,full_synthetic,unknown,calib,99d9db5b7e1f9833,jpeg50,1,108.5001449584961
1,sid_calib,full_synthetic,unknown,calib,99d9db5b7e1f9833,jpeg30,1,109.06796264648438
1,sid_calib,full_synthetic,unknown,calib,99d9db5b7e1f9833,blur05,1,108.71700286865234
1,sid_calib,full_synthetic,unknown,calib,99d9db5b7e1f9833,blur10,1,108.24317169189453
1,sid_calib,full_synthetic,unknown,calib,99d9db5b7e1f9833,blur20,1,107.81147766113281
1,sid_calib,full_synthetic,unknown,calib,99d9db5b7e1f9833,resize05,1,108.6963119506836
1,sid_calib,full_synthetic,unknown,calib,99d9db5b7e1f9833,resize025,1,108.8977279663086
1,sid_calib,full_synthetic,unknown,calib,99d9db5b7e1f9833,noise002,1,109.21522521972656
1,sid_calib,full_synthetic,unknown,calib,99d9db5b7e1f9833,noise005,1,109.42081451416016
1,sid_calib,full_synthetic,unknown,calib,99d9db5b7e1f9833,noise01,1,106.51908874511719
1,sid_calib,full_synthetic,unknown,calib,99d9db5b7e1f9833,jitter02,1,108.74248504638672
1,sid_calib,full_synthetic,unknown,calib,99d9db5b7e1f9833,crop08,1,130.67701721191406
1,sid_calib,full_synthetic,unknown,calib,d18547c2780e43b2,clean,1,151.43418884277344
1,sid_calib,full_synthetic,unknown,calib,d18547c2780e43b2,jpeg90,1,151.0641632080078
1,sid_calib,full_synthetic,unknown,calib,d18547c2780e43b2,jpeg70,1,150.4625701904297
1,sid_calib,full_synthetic,unknown,calib,d18547c2780e43b2,jpeg50,1,151.83258056640625
1,sid_calib,full_synthetic,unknown,calib,d18547c2780e43b2,jpeg30,1,151.45094299316406
1,sid_calib,full_synthetic,unknown,calib,d18547c2780e43b2,blur05,1,151.6322479248047
1,sid_calib,full_synthetic,unknown,calib,d18547c2780e43b2,blur10,1,152.153076171875
1,sid_calib,full_synthetic,unknown,calib,d18547c2780e43b2,resize05,1,151.90457153320312
1,sid_calib,full_synthetic,unknown,calib,d18547c2780e43b2,noise002,1,152.3248291015625
1,sid_calib,full_synthetic,unknown,calib,d18547c2780e43b2,noise005,1,140.9183807373047
1,sid_calib,full_synthetic,unknown,calib,d18547c2780e43b2,jitter02,1,151.0216064453125
1,sid_calib,full_synthetic,unknown,calib,d18547c2780e43b2,crop08,1,179.36085510253906
1,sid_calib,full_synthetic,unknown,calib,4951c78aceef5b77,clean,1,265.1056213378906
1,sid_calib,full_synthetic,unknown,calib,4951c78aceef5b77,jpeg90,1,264.48199462890625
1,sid_calib,full_synthetic,unknown,calib,4951c78aceef5b77,jpeg70,1,262.7974548339844
1,sid_calib,full_synthetic,unknown,calib,4951c78aceef5b77,jpeg50,1,266.80633544921875
1,sid_calib,full_synthetic,unknown,calib,4951c78aceef5b77,jpeg30,1,265.5553894042969
1,sid_calib,full_synthetic,unknown,calib,4951c78aceef5b77,blur05,1,265.02294921875
1,sid_calib,full_synthetic,unknown,calib,4951c78aceef5b77,blur10,1,264.28515625
1,sid_calib,full_synthetic,unknown,calib,4951c78aceef5b77,blur20,1,263.5115051269531
1,sid_calib,full_synthetic,unknown,calib,4951c78aceef5b77,resize05,1,264.5051574707031
1,sid_calib,full_synthetic,unknown,calib,4951c78aceef5b77,resize025,1,263.91070556640625
1,sid_calib,full_synthetic,unknown,calib,4951c78aceef5b77,noise002,1,264.4727783203125
1,sid_calib,full_synthetic,unknown,calib,4951c78aceef5b77,noise005,1,264.45635986328125
1,sid_calib,full_synthetic,unknown,calib,4951c78aceef5b77,noise01,1,272.31866455078125
1,sid_calib,full_synthetic,unknown,calib,4951c78aceef5b77,jitter02,1,263.8147888183594
1,sid_calib,full_synthetic,unknown,calib,4951c78aceef5b77,crop08,1,322.5059509277344
0,sid_calib,real,unknown,calib,915aebc41e1b5a35,clean,1,66.25279235839844
0,sid_calib,real,unknown,calib,915aebc41e1b5a35,jpeg90,1,66.09952545166016
0,sid_calib,real,unknown,calib,915aebc41e1b5a35,jpeg70,1,66.300537109375
0,sid_calib,real,unknown,calib,915aebc41e1b5a35,jpeg50,1,66.83855438232422
0,sid_calib,real,unknown,calib,915aebc41e1b5a35,jpeg30,1,66.94293975830078
0,sid_calib,real,unknown,calib,915aebc41e1b5a35,blur05,1,66.4383316040039
0,sid_calib,real,unknown,calib,915aebc41e1b5a35,blur10,1,66.27045440673828
0,sid_calib,real,unknown,calib,915aebc41e1b5a35,blur20,1,66.0792236328125
0,sid_calib,real,unknown,calib,915aebc41e1b5a35,resize05,1,66.6465835571289
0,sid_calib,real,unknown,calib,915aebc41e1b5a35,resize025,1,66.078125
0,sid_calib,real,unknown,calib,915aebc41e1b5a35,noise002,1,66.47171020507812
0,sid_calib,real,unknown,calib,915aebc41e1b5a35,noise005,1,67.43965148925781
0,sid_calib,real,unknown,calib,915aebc41e1b5a35,noise01,1,67.32113647460938
0,sid_calib,real,unknown,calib,915aebc41e1b5a35,jitter02,1,66.16175079345703
0,sid_calib,real,unknown,calib,915aebc41e1b5a35,crop08,1,84.45939636230469
1,sid_calib,full_synthetic,unknown,calib,7ee6bf303cc5e730,clean,1,112.60969543457031
1,sid_calib,full_synthetic,unknown,calib,7ee6bf303cc5e730,jpeg90,1,112.83445739746094
1,sid_calib,full_synthetic,unknown,calib,7ee6bf303cc5e730,jpeg70,1,111.86433410644531
1,sid_calib,full_synthetic,unknown,calib,7ee6bf303cc5e730,jpeg50,1,112.25798797607422
1,sid_calib,full_synthetic,unknown,calib,7ee6bf303cc5e730,jpeg30,1,110.90089416503906
1,sid_calib,full_synthetic,unknown,calib,7ee6bf303cc5e730,blur05,1,112.08173370361328
1,sid_calib,full_synthetic,unknown,calib,7ee6bf303cc5e730,blur10,1,111.07865905761719
1,sid_calib,full_synthetic,unknown,calib,7ee6bf303cc5e730,blur20,1,111.30543518066406
1,sid_calib,full_synthetic,unknown,calib,7ee6bf303cc5e730,resize05,1,111.88291931152344
1,sid_calib,full_synthetic,unknown,calib,7ee6bf303cc5e730,resize025,1,110.48231506347656
1,sid_calib,full_synthetic,unknown,calib,7ee6bf303cc5e730,noise002,1,113.12773895263672
1,sid_calib,full_synthetic,unknown,calib,7ee6bf303cc5e730,noise005,1,112.12785339355469
1,sid_calib,full_synthetic,unknown,calib,7ee6bf303cc5e730,noise01,1,111.65782928466797
1,sid_calib,full_synthetic,unknown,calib,7ee6bf303cc5e730,jitter02,1,112.72484588623047
1,sid_calib,full_synthetic,unknown,calib,7ee6bf303cc5e730,crop08,1,137.56668090820312
1,sid_calib,full_synthetic,unknown,calib,a934ae587d01d468,crop08,1,70.93631744384766
0,sid_calib,real,unknown,calib,e85bb397fc705f76,clean,1,136.9810028076172
0,sid_calib,real,unknown,calib,e85bb397fc705f76,jpeg90,1,137.13494873046875
0,sid_calib,real,unknown,calib,e85bb397fc705f76,jpeg70,1,137.08201599121094
0,sid_calib,real,unknown,calib,e85bb397fc705f76,jpeg50,1,137.6973114013672
0,sid_calib,real,unknown,calib,e85bb397fc705f76,jpeg30,1,135.68597412109375
0,sid_calib,real,unknown,calib,e85bb397fc705f76,blur05,1,137.0084991455078
0,sid_calib,real,unknown,calib,e85bb397fc705f76,blur10,1,137.03643798828125
0,sid_calib,real,unknown,calib,e85bb397fc705f76,blur20,1,136.3195343017578
0,sid_calib,real,unknown,calib,e85bb397fc705f76,resize05,1,136.9586639404297
0,sid_calib,real,unknown,calib,e85bb397fc705f76,resize025,1,136.89385986328125
0,sid_calib,real,unknown,calib,e85bb397fc705f76,noise002,1,138.35629272460938
0,sid_calib,real,unknown,calib,e85bb397fc705f76,noise005,1,136.39671325683594
0,sid_calib,real,unknown,calib,e85bb397fc705f76,noise01,1,135.7930908203125
0,sid_calib,real,unknown,calib,e85bb397fc705f76,jitter02,1,136.74188232421875
0,sid_calib,real,unknown,calib,e85bb397fc705f76,crop08,1,173.8775634765625
1,sid_calib,full_synthetic,unknown,calib,bf52b20679585c20,crop08,1,65.79371643066406
0,sid_calib,real,unknown,calib,efaa830aa14bd78e,clean,1,73.00922393798828
0,sid_calib,real,unknown,calib,efaa830aa14bd78e,jpeg90,1,73.05814361572266
0,sid_calib,real,unknown,calib,efaa830aa14bd78e,jpeg70,1,72.6778335571289
0,sid_calib,real,unknown,calib,efaa830aa14bd78e,jpeg50,1,72.93303680419922
0,sid_calib,real,unknown,calib,efaa830aa14bd78e,jpeg30,1,72.93303680419922
0,sid_calib,real,unknown,calib,efaa830aa14bd78e,blur05,1,72.81415557861328
0,sid_calib,real,unknown,calib,efaa830aa14bd78e,blur10,1,72.54031372070312
0,sid_calib,real,unknown,calib,efaa830aa14bd78e,blur20,1,72.15470123291016
0,sid_calib,real,unknown,calib,efaa830aa14bd78e,resize05,1,72.83470153808594
0,sid_calib,real,unknown,calib,efaa830aa14bd78e,resize025,1,72.61333465576172
0,sid_calib,real,unknown,calib,efaa830aa14bd78e,noise002,1,73.06604766845703
0,sid_calib,real,unknown,calib,efaa830aa14bd78e,noise005,1,72.99402618408203
0,sid_calib,real,unknown,calib,efaa830aa14bd78e,noise01,1,72.30736541748047
0,sid_calib,real,unknown,calib,efaa830aa14bd78e,jitter02,1,72.43373107910156
0,sid_calib,real,unknown,calib,efaa830aa14bd78e,crop08,1,90.39605712890625
0,sid_calib,real,unknown,calib,7ad80f248308d4e2,clean,1,93.8079833984375
0,sid_calib,real,unknown,calib,7ad80f248308d4e2,jpeg90,1,94.2266616821289
0,sid_calib,real,unknown,calib,7ad80f248308d4e2,jpeg70,1,93.94596862792969
0,sid_calib,real,unknown,calib,7ad80f248308d4e2,blur05,1,93.82799530029297
0,sid_calib,real,unknown,calib,7ad80f248308d4e2,noise002,1,93.732666015625
0,sid_calib,real,unknown,calib,7ad80f248308d4e2,jitter02,1,93.14674377441406
0,sid_calib,real,unknown,calib,7ad80f248308d4e2,crop08,1,130.42491149902344
0,sid_calib,real,unknown,calib,d965e233e72515e5,jpeg30,1,99.68274688720703
0,sid_calib,real,unknown,calib,d965e233e72515e5,noise005,1,100.45294952392578
1,sid_calib,full_synthetic,unknown,calib,3214ee2d048bfb62,clean,1,294.1607360839844
1,sid_calib,full_synthetic,unknown,calib,3214ee2d048bfb62,jpeg90,1,293.6523742675781
1,sid_calib,full_synthetic,unknown,calib,3214ee2d048bfb62,jpeg70,1,297.4896545410156
1,sid_calib,full_synthetic,unknown,calib,3214ee2d048bfb62,jpeg50,1,297.9965515136719
1,sid_calib,full_synthetic,unknown,calib,3214ee2d048bfb62,jpeg30,1,295.93402099609375
1,sid_calib,full_synthetic,unknown,calib,3214ee2d048bfb62,blur05,1,294.1324157714844
1,sid_calib,full_synthetic,unknown,calib,3214ee2d048bfb62,blur10,1,295.9482421875
1,sid_calib,full_synthetic,unknown,calib,3214ee2d048bfb62,blur20,1,296.3302917480469
1,sid_calib,full_synthetic,unknown,calib,3214ee2d048bfb62,resize05,1,294.5130310058594
1,sid_calib,full_synthetic,unknown,calib,3214ee2d048bfb62,resize025,1,299.61370849609375
1,sid_calib,full_synthetic,unknown,calib,3214ee2d048bfb62,noise002,1,296.8463134765625
1,sid_calib,full_synthetic,unknown,calib,3214ee2d048bfb62,noise005,1,295.4442443847656
1,sid_calib,full_synthetic,unknown,calib,3214ee2d048bfb62,noise01,1,304.913818359375
1,sid_calib,full_synthetic,unknown,calib,3214ee2d048bfb62,jitter02,1,296.1339416503906
1,sid_calib,full_synthetic,unknown,calib,3214ee2d048bfb62,crop08,1,358.52386474609375
1,sid_calib,full_synthetic,unknown,calib,26581dc086a28427,clean,1,71.19869995117188
1,sid_calib,full_synthetic,unknown,calib,26581dc086a28427,jpeg90,1,71.39720916748047
1,sid_calib,full_synthetic,unknown,calib,26581dc086a28427,jpeg70,1,71.12272644042969
1,sid_calib,full_synthetic,unknown,calib,26581dc086a28427,jpeg50,1,71.205810546875
1,sid_calib,full_synthetic,unknown,calib,26581dc086a28427,jpeg30,1,71.69463348388672
1,sid_calib,full_synthetic,unknown,calib,26581dc086a28427,blur05,1,71.75362396240234
1,sid_calib,full_synthetic,unknown,calib,26581dc086a28427,blur10,1,71.74447631835938
1,sid_calib,full_synthetic,unknown,calib,26581dc086a28427,blur20,1,67.25434112548828
1,sid_calib,full_synthetic,unknown,calib,26581dc086a28427,resize05,1,71.74271392822266
1,sid_calib,full_synthetic,unknown,calib,26581dc086a28427,resize025,1,68.2520751953125
1,sid_calib,full_synthetic,unknown,calib,26581dc086a28427,noise002,1,68.5058364868164
1,sid_calib,full_synthetic,unknown,calib,26581dc086a28427,noise005,1,69.5589828491211
1,sid_calib,full_synthetic,unknown,calib,26581dc086a28427,noise01,1,70.5243148803711
1,sid_calib,full_synthetic,unknown,calib,26581dc086a28427,jitter02,1,71.35487365722656
1,sid_calib,full_synthetic,unknown,calib,26581dc086a28427,crop08,1,86.52628326416016
1,sid_calib,full_synthetic,unknown,calib,65420ee1822e14eb,crop08,1,65.44678497314453
0,sid_calib,real,unknown,calib,2bf4f84c14789ea2,noise005,1,64.4039077758789
0,sid_calib,real,unknown,calib,2bf4f84c14789ea2,crop08,1,77.16368103027344
1,sid_calib,full_synthetic,unknown,calib,cc1c36731a0d7ca5,clean,1,91.5009765625
1,sid_calib,full_synthetic,unknown,calib,cc1c36731a0d7ca5,jpeg90,1,91.43006134033203
1,sid_calib,full_synthetic,unknown,calib,cc1c36731a0d7ca5,jpeg70,1,91.15434265136719
1,sid_calib,full_synthetic,unknown,calib,cc1c36731a0d7ca5,jpeg50,1,90.81306457519531
1,sid_calib,full_synthetic,unknown,calib,cc1c36731a0d7ca5,jpeg30,1,91.9302749633789
1,sid_calib,full_synthetic,unknown,calib,cc1c36731a0d7ca5,blur05,1,91.54991149902344
1,sid_calib,full_synthetic,unknown,calib,cc1c36731a0d7ca5,blur10,1,91.0182876586914
1,sid_calib,full_synthetic,unknown,calib,cc1c36731a0d7ca5,blur20,1,93.07707977294922
1,sid_calib,full_synthetic,unknown,calib,cc1c36731a0d7ca5,resize05,1,91.62177276611328
1,sid_calib,full_synthetic,unknown,calib,cc1c36731a0d7ca5,resize025,1,93.46699523925781
1,sid_calib,full_synthetic,unknown,calib,cc1c36731a0d7ca5,noise002,1,91.42868041992188
1,sid_calib,full_synthetic,unknown,calib,cc1c36731a0d7ca5,noise005,1,90.40931701660156
1,sid_calib,full_synthetic,unknown,calib,cc1c36731a0d7ca5,noise01,1,88.3716049194336
1,sid_calib,full_synthetic,unknown,calib,cc1c36731a0d7ca5,jitter02,1,90.84980010986328
1,sid_calib,full_synthetic,unknown,calib,cc1c36731a0d7ca5,crop08,1,116.74635314941406
0,sid_calib,real,unknown,calib,bc1144016329c142,clean,1,198.16122436523438
0,sid_calib,real,unknown,calib,bc1144016329c142,jpeg90,1,198.23292541503906
0,sid_calib,real,unknown,calib,bc1144016329c142,jpeg70,1,198.4421844482422
0,sid_calib,real,unknown,calib,bc1144016329c142,jpeg50,1,198.3699493408203
0,sid_calib,real,unknown,calib,bc1144016329c142,jpeg30,1,198.32586669921875
0,sid_calib,real,unknown,calib,bc1144016329c142,blur05,1,198.16259765625
0,sid_calib,real,unknown,calib,bc1144016329c142,blur10,1,198.28041076660156
0,sid_calib,real,unknown,calib,bc1144016329c142,blur20,1,200.68702697753906
0,sid_calib,real,unknown,calib,bc1144016329c142,resize05,1,198.576904296875
0,sid_calib,real,unknown,calib,bc1144016329c142,resize025,1,199.93637084960938
0,sid_calib,real,unknown,calib,bc1144016329c142,noise002,1,197.9652099609375
0,sid_calib,real,unknown,calib,bc1144016329c142,noise005,1,199.6486053466797
0,sid_calib,real,unknown,calib,bc1144016329c142,noise01,1,193.96092224121094
0,sid_calib,real,unknown,calib,bc1144016329c142,jitter02,1,196.64122009277344
0,sid_calib,real,unknown,calib,bc1144016329c142,crop08,1,161.12266540527344
1,sid_calib,full_synthetic,unknown,calib,48dbcb0d0c1f5609,clean,1,73.18321990966797
1,sid_calib,full_synthetic,unknown,calib,48dbcb0d0c1f5609,jpeg90,1,73.26993560791016
1,sid_calib,full_synthetic,unknown,calib,48dbcb0d0c1f5609,jpeg70,1,73.07322692871094
1,sid_calib,full_synthetic,unknown,calib,48dbcb0d0c1f5609,jpeg50,1,73.0981216430664
1,sid_calib,full_synthetic,unknown,calib,48dbcb0d0c1f5609,jpeg30,1,72.32196807861328
1,sid_calib,full_synthetic,unknown,calib,48dbcb0d0c1f5609,blur05,1,73.29106903076172
1,sid_calib,full_synthetic,unknown,calib,48dbcb0d0c1f5609,blur10,1,73.48052978515625
1,sid_calib,full_synthetic,unknown,calib,48dbcb0d0c1f5609,blur20,1,74.46363067626953
1,sid_calib,full_synthetic,unknown,calib,48dbcb0d0c1f5609,resize05,1,73.56632995605469
1,sid_calib,full_synthetic,unknown,calib,48dbcb0d0c1f5609,resize025,1,74.81180572509766
1,sid_calib,full_synthetic,unknown,calib,48dbcb0d0c1f5609,noise002,1,72.90242767333984
1,sid_calib,full_synthetic,unknown,calib,48dbcb0d0c1f5609,noise005,1,74.46397399902344
1,sid_calib,full_synthetic,unknown,calib,48dbcb0d0c1f5609,noise01,1,74.06731414794922
1,sid_calib,full_synthetic,unknown,calib,48dbcb0d0c1f5609,jitter02,1,73.80970764160156
1,sid_calib,full_synthetic,unknown,calib,48dbcb0d0c1f5609,crop08,1,91.9495620727539
0,sid_calib,real,unknown,calib,c072cb300e1a4f86,clean,1,137.65171813964844
0,sid_calib,real,unknown,calib,c072cb300e1a4f86,jpeg90,1,136.0736846923828
0,sid_calib,real,unknown,calib,c072cb300e1a4f86,jpeg70,1,141.06976318359375
0,sid_calib,real,unknown,calib,c072cb300e1a4f86,jpeg50,1,138.05963134765625
0,sid_calib,real,unknown,calib,c072cb300e1a4f86,jpeg30,1,140.7646942138672
0,sid_calib,real,unknown,calib,c072cb300e1a4f86,blur05,1,141.03904724121094
0,sid_calib,real,unknown,calib,c072cb300e1a4f86,blur10,1,140.19764709472656
0,sid_calib,real,unknown,calib,c072cb300e1a4f86,blur20,1,140.38650512695312
0,sid_calib,real,unknown,calib,c072cb300e1a4f86,resize05,1,140.0483856201172
0,sid_calib,real,unknown,calib,c072cb300e1a4f86,resize025,1,140.19256591796875
0,sid_calib,real,unknown,calib,c072cb300e1a4f86,noise002,1,142.18661499023438
0,sid_calib,real,unknown,calib,c072cb300e1a4f86,noise005,1,139.27484130859375
0,sid_calib,real,unknown,calib,c072cb300e1a4f86,jitter02,1,140.75013732910156
0,sid_calib,real,unknown,calib,c072cb300e1a4f86,crop08,1,158.91073608398438
1,sid_calib,full_synthetic,unknown,calib,2b43fd3cc602d16e,clean,1,135.4213409423828
1,sid_calib,full_synthetic,unknown,calib,2b43fd3cc602d16e,jpeg90,1,135.28199768066406
1,sid_calib,full_synthetic,unknown,calib,2b43fd3cc602d16e,jpeg70,1,135.00909423828125
1,sid_calib,full_synthetic,unknown,calib,2b43fd3cc602d16e,jpeg50,1,135.28199768066406
1,sid_calib,full_synthetic,unknown,calib,2b43fd3cc602d16e,jpeg30,1,135.28199768066406
1,sid_calib,full_synthetic,unknown,calib,2b43fd3cc602d16e,blur05,1,135.29039001464844
1,sid_calib,full_synthetic,unknown,calib,2b43fd3cc602d16e,blur10,1,134.60110473632812
1,sid_calib,full_synthetic,unknown,calib,2b43fd3cc602d16e,blur20,1,133.927978515625
1,sid_calib,full_synthetic,unknown,calib,2b43fd3cc602d16e,resize05,1,135.4627685546875
1,sid_calib,full_synthetic,unknown,calib,2b43fd3cc602d16e,resize025,1,132.9176788330078
1,sid_calib,full_synthetic,unknown,calib,2b43fd3cc602d16e,noise002,1,134.3111114501953
1,sid_calib,full_synthetic,unknown,calib,2b43fd3cc602d16e,noise005,1,135.37466430664062
1,sid_calib,full_synthetic,unknown,calib,2b43fd3cc602d16e,jitter02,1,132.2098388671875
0,sid_calib,real,unknown,calib,67d571d3e932b9c6,clean,1,64.73564910888672
0,sid_calib,real,unknown,calib,67d571d3e932b9c6,jpeg90,1,64.7719497680664
0,sid_calib,real,unknown,calib,67d571d3e932b9c6,jpeg70,1,64.72709655761719
0,sid_calib,real,unknown,calib,67d571d3e932b9c6,jpeg30,1,64.66167449951172
0,sid_calib,real,unknown,calib,67d571d3e932b9c6,blur05,1,64.72222900390625
0,sid_calib,real,unknown,calib,67d571d3e932b9c6,blur10,1,64.73914337158203
0,sid_calib,real,unknown,calib,67d571d3e932b9c6,blur20,1,65.64850616455078
0,sid_calib,real,unknown,calib,67d571d3e932b9c6,resize05,1,64.8239974975586
0,sid_calib,real,unknown,calib,67d571d3e932b9c6,resize025,1,64.44132232666016
0,sid_calib,real,unknown,calib,67d571d3e932b9c6,noise002,1,64.92700958251953
0,sid_calib,real,unknown,calib,67d571d3e932b9c6,noise005,1,64.69354248046875
0,sid_calib,real,unknown,calib,67d571d3e932b9c6,noise01,1,65.0127944946289
0,sid_calib,real,unknown,calib,67d571d3e932b9c6,jitter02,1,64.88408660888672
0,sid_calib,real,unknown,calib,67d571d3e932b9c6,crop08,1,79.5097427368164
1,sid_calib,full_synthetic,unknown,calib,7abc3b25069203d8,clean,1,236.0211181640625
1,sid_calib,full_synthetic,unknown,calib,7abc3b25069203d8,jpeg90,1,235.75704956054688
1,sid_calib,full_synthetic,unknown,calib,7abc3b25069203d8,jpeg70,1,235.75704956054688
1,sid_calib,full_synthetic,unknown,calib,7abc3b25069203d8,jpeg50,1,235.75704956054688
1,sid_calib,full_synthetic,unknown,calib,7abc3b25069203d8,jpeg30,1,235.75704956054688
1,sid_calib,full_synthetic,unknown,calib,7abc3b25069203d8,blur05,1,235.73809814453125
1,sid_calib,full_synthetic,unknown,calib,7abc3b25069203d8,blur10,1,235.53469848632812
1,sid_calib,full_synthetic,unknown,calib,7abc3b25069203d8,blur20,1,235.1238250732422
1,sid_calib,full_synthetic,unknown,calib,7abc3b25069203d8,resize05,1,235.86758422851562
1,sid_calib,full_synthetic,unknown,calib,7abc3b25069203d8,resize025,1,235.8898468017578
1,sid_calib,full_synthetic,unknown,calib,7abc3b25069203d8,noise002,1,237.16323852539062
1,sid_calib,full_synthetic,unknown,calib,7abc3b25069203d8,noise005,1,241.16012573242188
1,sid_calib,full_synthetic,unknown,calib,7abc3b25069203d8,noise01,1,247.00343322753906
1,sid_calib,full_synthetic,unknown,calib,7abc3b25069203d8,jitter02,1,237.6405487060547
1,sid_calib,full_synthetic,unknown,calib,7abc3b25069203d8,crop08,1,294.3976745605469
1,sid_calib,full_synthetic,unknown,calib,062d6b2fe45e76e0,clean,1,83.5091781616211
1,sid_calib,full_synthetic,unknown,calib,062d6b2fe45e76e0,jpeg90,1,83.6642837524414
1,sid_calib,full_synthetic,unknown,calib,062d6b2fe45e76e0,jpeg70,1,83.71993255615234
1,sid_calib,full_synthetic,unknown,calib,062d6b2fe45e76e0,jpeg50,1,83.5804672241211
1,sid_calib,full_synthetic,unknown,calib,062d6b2fe45e76e0,jpeg30,1,85.02592468261719
1,sid_calib,full_synthetic,unknown,calib,062d6b2fe45e76e0,blur05,1,83.57130432128906
1,sid_calib,full_synthetic,unknown,calib,062d6b2fe45e76e0,blur10,1,83.73334503173828
1,sid_calib,full_synthetic,unknown,calib,062d6b2fe45e76e0,blur20,1,84.33342742919922
1,sid_calib,full_synthetic,unknown,calib,062d6b2fe45e76e0,resize05,1,83.6001968383789
1,sid_calib,full_synthetic,unknown,calib,062d6b2fe45e76e0,noise002,1,84.51229858398438
1,sid_calib,full_synthetic,unknown,calib,062d6b2fe45e76e0,noise005,1,86.74517059326172
1,sid_calib,full_synthetic,unknown,calib,062d6b2fe45e76e0,noise01,1,86.96060180664062
1,sid_calib,full_synthetic,unknown,calib,062d6b2fe45e76e0,jitter02,1,84.77288055419922
1,sid_calib,full_synthetic,unknown,calib,062d6b2fe45e76e0,crop08,1,94.6970443725586
1,sid_calib,full_synthetic,unknown,calib,160a74d450e430e0,clean,1,66.62084197998047
1,sid_calib,full_synthetic,unknown,calib,160a74d450e430e0,jpeg90,1,66.47347259521484
1,sid_calib,full_synthetic,unknown,calib,160a74d450e430e0,jpeg70,1,65.82334899902344
1,sid_calib,full_synthetic,unknown,calib,160a74d450e430e0,jpeg50,1,66.52486419677734
1,sid_calib,full_synthetic,unknown,calib,160a74d450e430e0,jpeg30,1,66.71971130371094
1,sid_calib,full_synthetic,unknown,calib,160a74d450e430e0,blur05,1,66.8432388305664
1,sid_calib,full_synthetic,unknown,calib,160a74d450e430e0,blur10,1,67.60562896728516
1,sid_calib,full_synthetic,unknown,calib,160a74d450e430e0,blur20,1,70.45039367675781
1,sid_calib,full_synthetic,unknown,calib,160a74d450e430e0,resize05,1,67.09325408935547
1,sid_calib,full_synthetic,unknown,calib,160a74d450e430e0,resize025,1,74.32587432861328
1,sid_calib,full_synthetic,unknown,calib,160a74d450e430e0,noise002,1,66.72100067138672
1,sid_calib,full_synthetic,unknown,calib,160a74d450e430e0,noise005,1,66.4626235961914
1,sid_calib,full_synthetic,unknown,calib,160a74d450e430e0,noise01,1,68.4776382446289
1,sid_calib,full_synthetic,unknown,calib,160a74d450e430e0,jitter02,1,66.93611907958984
1,sid_calib,full_synthetic,unknown,calib,160a74d450e430e0,crop08,1,86.60025787353516
1,sid_calib,full_synthetic,unknown,calib,999e3498863b9ed6,clean,1,158.7753143310547
1,sid_calib,full_synthetic,unknown,calib,999e3498863b9ed6,jpeg90,1,158.84580993652344
1,sid_calib,full_synthetic,unknown,calib,999e3498863b9ed6,jpeg70,1,160.0521240234375
1,sid_calib,full_synthetic,unknown,calib,999e3498863b9ed6,jpeg50,1,159.55563354492188
1,sid_calib,full_synthetic,unknown,calib,999e3498863b9ed6,jpeg30,1,158.2398223876953
1,sid_calib,full_synthetic,unknown,calib,999e3498863b9ed6,blur05,1,158.7564697265625
1,sid_calib,full_synthetic,unknown,calib,999e3498863b9ed6,blur10,1,158.88449096679688
1,sid_calib,full_synthetic,unknown,calib,999e3498863b9ed6,blur20,1,161.15489196777344
1,sid_calib,full_synthetic,unknown,calib,999e3498863b9ed6,resize05,1,158.7346649169922
1,sid_calib,full_synthetic,unknown,calib,999e3498863b9ed6,resize025,1,159.86761474609375
1,sid_calib,full_synthetic,unknown,calib,999e3498863b9ed6,noise002,1,160.12147521972656
1,sid_calib,full_synthetic,unknown,calib,999e3498863b9ed6,noise005,1,159.98062133789062
1,sid_calib,full_synthetic,unknown,calib,999e3498863b9ed6,noise01,1,152.74440002441406
1,sid_calib,full_synthetic,unknown,calib,999e3498863b9ed6,jitter02,1,158.57192993164062
1,sid_calib,full_synthetic,unknown,calib,999e3498863b9ed6,crop08,1,193.67465209960938
0,sid_calib,real,unknown,calib,e015120b02363bc8,clean,1,184.71571350097656
0,sid_calib,real,unknown,calib,e015120b02363bc8,jpeg90,1,184.78993225097656
0,sid_calib,real,unknown,calib,e015120b02363bc8,jpeg70,1,184.70826721191406
0,sid_calib,real,unknown,calib,e015120b02363bc8,jpeg50,1,183.63795471191406
0,sid_calib,real,unknown,calib,e015120b02363bc8,jpeg30,1,185.02874755859375
0,sid_calib,real,unknown,calib,e015120b02363bc8,blur05,1,184.7180938720703
0,sid_calib,real,unknown,calib,e015120b02363bc8,blur10,1,184.9144287109375
0,sid_calib,real,unknown,calib,e015120b02363bc8,blur20,1,184.9047393798828
0,sid_calib,real,unknown,calib,e015120b02363bc8,resize05,1,184.86740112304688
0,sid_calib,real,unknown,calib,e015120b02363bc8,resize025,1,184.1549835205078
0,sid_calib,real,unknown,calib,e015120b02363bc8,noise002,1,185.33395385742188
0,sid_calib,real,unknown,calib,e015120b02363bc8,noise005,1,186.9281463623047
0,sid_calib,real,unknown,calib,e015120b02363bc8,noise01,1,190.0184326171875
0,sid_calib,real,unknown,calib,e015120b02363bc8,jitter02,1,186.22808837890625
0,sid_calib,real,unknown,calib,e015120b02363bc8,crop08,1,231.5618133544922
1,sid_calib,full_synthetic,unknown,calib,605fea4e2a669fe3,clean,1,109.54651641845703
1,sid_calib,full_synthetic,unknown,calib,605fea4e2a669fe3,jpeg90,1,108.85772705078125
1,sid_calib,full_synthetic,unknown,calib,605fea4e2a669fe3,jpeg70,1,109.30430603027344
1,sid_calib,full_synthetic,unknown,calib,605fea4e2a669fe3,jpeg50,1,109.4831314086914
1,sid_calib,full_synthetic,unknown,calib,605fea4e2a669fe3,jpeg30,1,110.02471923828125
1,sid_calib,full_synthetic,unknown,calib,605fea4e2a669fe3,blur05,1,109.50798797607422
1,sid_calib,full_synthetic,unknown,calib,605fea4e2a669fe3,blur10,1,109.6047592163086
1,sid_calib,full_synthetic,unknown,calib,605fea4e2a669fe3,blur20,1,71.96427154541016
1,sid_calib,full_synthetic,unknown,calib,605fea4e2a669fe3,resize05,1,109.77568817138672
1,sid_calib,full_synthetic,unknown,calib,605fea4e2a669fe3,resize025,1,72.37046813964844
1,sid_calib,full_synthetic,unknown,calib,605fea4e2a669fe3,noise002,1,109.58258819580078
1,sid_calib,full_synthetic,unknown,calib,605fea4e2a669fe3,noise005,1,106.9184799194336
1,sid_calib,full_synthetic,unknown,calib,605fea4e2a669fe3,noise01,1,65.95701599121094
1,sid_calib,full_synthetic,unknown,calib,605fea4e2a669fe3,jitter02,1,109.8941879272461
1,sid_calib,full_synthetic,unknown,calib,605fea4e2a669fe3,crop08,1,88.74697875976562
1,sid_calib,full_synthetic,unknown,calib,3e091a94953c8724,clean,1,117.63835144042969
1,sid_calib,full_synthetic,unknown,calib,3e091a94953c8724,jpeg90,1,117.80278015136719
1,sid_calib,full_synthetic,unknown,calib,3e091a94953c8724,jpeg70,1,117.63766479492188
1,sid_calib,full_synthetic,unknown,calib,3e091a94953c8724,jpeg50,1,117.2730941772461
1,sid_calib,full_synthetic,unknown,calib,3e091a94953c8724,jpeg30,1,115.94943237304688
1,sid_calib,full_synthetic,unknown,calib,3e091a94953c8724,blur05,1,117.78614044189453
1,sid_calib,full_synthetic,unknown,calib,3e091a94953c8724,blur10,1,117.73297882080078
1,sid_calib,full_synthetic,unknown,calib,3e091a94953c8724,blur20,1,116.52144622802734
1,sid_calib,full_synthetic,unknown,calib,3e091a94953c8724,resize05,1,117.6507568359375
1,sid_calib,full_synthetic,unknown,calib,3e091a94953c8724,resize025,1,117.19911193847656
1,sid_calib,full_synthetic,unknown,calib,3e091a94953c8724,noise002,1,117.37504577636719
1,sid_calib,full_synthetic,unknown,calib,3e091a94953c8724,noise005,1,116.1516342163086
1,sid_calib,full_synthetic,unknown,calib,3e091a94953c8724,noise01,1,117.86968231201172
1,sid_calib,full_synthetic,unknown,calib,3e091a94953c8724,jitter02,1,117.3708267211914
1,sid_calib,full_synthetic,unknown,calib,3e091a94953c8724,crop08,1,157.84722900390625
1,sid_calib,full_synthetic,unknown,calib,30a8b10c73ad537f,clean,1,69.95201110839844
1,sid_calib,full_synthetic,unknown,calib,30a8b10c73ad537f,jpeg90,1,69.75543212890625
1,sid_calib,full_synthetic,unknown,calib,30a8b10c73ad537f,jpeg70,1,70.31851196289062
1,sid_calib,full_synthetic,unknown,calib,30a8b10c73ad537f,jpeg50,1,69.84646606445312
1,sid_calib,full_synthetic,unknown,calib,30a8b10c73ad537f,jpeg30,1,69.9601058959961
1,sid_calib,full_synthetic,unknown,calib,30a8b10c73ad537f,blur05,1,70.16997528076172
1,sid_calib,full_synthetic,unknown,calib,30a8b10c73ad537f,blur10,1,70.85875701904297
1,sid_calib,full_synthetic,unknown,calib,30a8b10c73ad537f,blur20,1,70.5584945678711
1,sid_calib,full_synthetic,unknown,calib,30a8b10c73ad537f,resize05,1,70.27325439453125
1,sid_calib,full_synthetic,unknown,calib,30a8b10c73ad537f,resize025,1,70.4616928100586
1,sid_calib,full_synthetic,unknown,calib,30a8b10c73ad537f,noise002,1,69.48225402832031
1,sid_calib,full_synthetic,unknown,calib,30a8b10c73ad537f,noise005,1,69.65223693847656
1,sid_calib,full_synthetic,unknown,calib,30a8b10c73ad537f,noise01,1,67.17293548583984
1,sid_calib,full_synthetic,unknown,calib,30a8b10c73ad537f,jitter02,1,69.75244140625
1,sid_calib,full_synthetic,unknown,calib,30a8b10c73ad537f,crop08,1,93.38054656982422
1,sid_calib,full_synthetic,unknown,calib,40661f5a2055266f,clean,1,144.1776885986328
1,sid_calib,full_synthetic,unknown,calib,40661f5a2055266f,jpeg90,1,145.13404846191406
1,sid_calib,full_synthetic,unknown,calib,40661f5a2055266f,jpeg70,1,145.1464385986328
1,sid_calib,full_synthetic,unknown,calib,40661f5a2055266f,jpeg50,1,144.8759002685547
1,sid_calib,full_synthetic,unknown,calib,40661f5a2055266f,jpeg30,1,144.14805603027344
1,sid_calib,full_synthetic,unknown,calib,40661f5a2055266f,blur05,1,145.89649963378906
1,sid_calib,full_synthetic,unknown,calib,40661f5a2055266f,blur10,1,148.5615692138672
1,sid_calib,full_synthetic,unknown,calib,40661f5a2055266f,blur20,1,149.45333862304688
1,sid_calib,full_synthetic,unknown,calib,40661f5a2055266f,resize05,1,146.80844116210938
1,sid_calib,full_synthetic,unknown,calib,40661f5a2055266f,resize025,1,150.75204467773438
1,sid_calib,full_synthetic,unknown,calib,40661f5a2055266f,noise002,1,144.98858642578125
1,sid_calib,full_synthetic,unknown,calib,40661f5a2055266f,noise005,1,138.83602905273438
1,sid_calib,full_synthetic,unknown,calib,40661f5a2055266f,jitter02,1,143.90768432617188
1,sid_calib,full_synthetic,unknown,calib,40661f5a2055266f,crop08,1,183.78775024414062
0,sid_calib,real,unknown,calib,5e6e5518130d95e1,clean,1,100.0821762084961
0,sid_calib,real,unknown,calib,5e6e5518130d95e1,jpeg90,1,99.79225158691406
0,sid_calib,real,unknown,calib,5e6e5518130d95e1,jpeg70,1,99.89995574951172
0,sid_calib,real,unknown,calib,5e6e5518130d95e1,jpeg50,1,99.42639923095703
0,sid_calib,real,unknown,calib,5e6e5518130d95e1,jpeg30,1,96.67200469970703
0,sid_calib,real,unknown,calib,5e6e5518130d95e1,blur05,1,99.88597869873047
0,sid_calib,real,unknown,calib,5e6e5518130d95e1,blur10,1,96.17463684082031
0,sid_calib,real,unknown,calib,5e6e5518130d95e1,blur20,1,99.2370376586914
0,sid_calib,real,unknown,calib,5e6e5518130d95e1,resize05,1,99.7342758178711
0,sid_calib,real,unknown,calib,5e6e5518130d95e1,resize025,1,96.03754425048828
0,sid_calib,real,unknown,calib,5e6e5518130d95e1,noise002,1,100.11002349853516
0,sid_calib,real,unknown,calib,5e6e5518130d95e1,noise005,1,97.76866912841797
0,sid_calib,real,unknown,calib,5e6e5518130d95e1,noise01,1,97.23994445800781
0,sid_calib,real,unknown,calib,5e6e5518130d95e1,jitter02,1,99.68508911132812
0,sid_calib,real,unknown,calib,5e6e5518130d95e1,crop08,1,134.17950439453125
0,sid_calib,real,unknown,calib,cf165d48de68720d,clean,1,171.95263671875
0,sid_calib,real,unknown,calib,cf165d48de68720d,jpeg90,1,171.7037353515625
0,sid_calib,real,unknown,calib,cf165d48de68720d,jpeg70,1,172.49359130859375
0,sid_calib,real,unknown,calib,cf165d48de68720d,jpeg50,1,171.82339477539062
0,sid_calib,real,unknown,calib,cf165d48de68720d,jpeg30,1,170.29837036132812
0,sid_calib,real,unknown,calib,cf165d48de68720d,blur05,1,172.01283264160156
0,sid_calib,real,unknown,calib,cf165d48de68720d,blur10,1,172.2214813232422
0,sid_calib,real,unknown,calib,cf165d48de68720d,blur20,1,173.6214141845703
0,sid_calib,real,unknown,calib,cf165d48de68720d,resize05,1,172.16334533691406
0,sid_calib,real,unknown,calib,cf165d48de68720d,resize025,1,173.37306213378906
0,sid_calib,real,unknown,calib,cf165d48de68720d,noise002,1,173.20947265625
0,sid_calib,real,unknown,calib,cf165d48de68720d,noise005,1,175.61920166015625
0,sid_calib,real,unknown,calib,cf165d48de68720d,noise01,1,179.5413818359375
0,sid_calib,real,unknown,calib,cf165d48de68720d,jitter02,1,171.28048706054688
0,sid_calib,real,unknown,calib,cf165d48de68720d,crop08,1,226.34596252441406
1,sid_calib,full_synthetic,unknown,calib,0145d64f90c484e6,crop08,1,67.33386993408203
0,sid_calib,real,unknown,calib,462ea7ac8e1b20ca,clean,1,73.23259735107422
0,sid_calib,real,unknown,calib,462ea7ac8e1b20ca,jpeg90,1,73.37398529052734
0,sid_calib,real,unknown,calib,462ea7ac8e1b20ca,jpeg70,1,72.96686553955078
0,sid_calib,real,unknown,calib,462ea7ac8e1b20ca,jpeg50,1,72.72515869140625
0,sid_calib,real,unknown,calib,462ea7ac8e1b20ca,jpeg30,1,71.51194763183594
0,sid_calib,real,unknown,calib,462ea7ac8e1b20ca,blur05,1,72.91410064697266
0,sid_calib,real,unknown,calib,462ea7ac8e1b20ca,blur10,1,72.28118896484375
0,sid_calib,real,unknown,calib,462ea7ac8e1b20ca,blur20,1,70.42829895019531
0,sid_calib,real,unknown,calib,462ea7ac8e1b20ca,resize05,1,73.04806518554688
0,sid_calib,real,unknown,calib,462ea7ac8e1b20ca,resize025,1,71.28333282470703
0,sid_calib,real,unknown,calib,462ea7ac8e1b20ca,noise002,1,73.37300872802734
0,sid_calib,real,unknown,calib,462ea7ac8e1b20ca,noise005,1,72.4937744140625
0,sid_calib,real,unknown,calib,462ea7ac8e1b20ca,noise01,1,73.9564437866211
0,sid_calib,real,unknown,calib,462ea7ac8e1b20ca,jitter02,1,73.28712463378906
0,sid_calib,real,unknown,calib,462ea7ac8e1b20ca,crop08,1,89.68771362304688
1,sid_calib,full_synthetic,unknown,calib,6852c0642c5d9046,clean,1,194.5142059326172
1,sid_calib,full_synthetic,unknown,calib,6852c0642c5d9046,jpeg90,1,192.65606689453125
1,sid_calib,full_synthetic,unknown,calib,6852c0642c5d9046,jpeg70,1,194.1839599609375
1,sid_calib,full_synthetic,unknown,calib,6852c0642c5d9046,jpeg50,1,196.30233764648438
1,sid_calib,full_synthetic,unknown,calib,6852c0642c5d9046,jpeg30,1,199.67555236816406
1,sid_calib,full_synthetic,unknown,calib,6852c0642c5d9046,blur05,1,194.2836151123047
1,sid_calib,full_synthetic,unknown,calib,6852c0642c5d9046,blur10,1,195.01759338378906
1,sid_calib,full_synthetic,unknown,calib,6852c0642c5d9046,blur20,1,197.49203491210938
1,sid_calib,full_synthetic,unknown,calib,6852c0642c5d9046,resize05,1,194.4248046875
1,sid_calib,full_synthetic,unknown,calib,6852c0642c5d9046,resize025,1,199.90199279785156
1,sid_calib,full_synthetic,unknown,calib,6852c0642c5d9046,noise002,1,196.82159423828125
1,sid_calib,full_synthetic,unknown,calib,6852c0642c5d9046,noise005,1,195.5572509765625
1,sid_calib,full_synthetic,unknown,calib,6852c0642c5d9046,noise01,1,196.05908203125
1,sid_calib,full_synthetic,unknown,calib,6852c0642c5d9046,jitter02,1,191.8143310546875
1,sid_calib,full_synthetic,unknown,calib,6852c0642c5d9046,crop08,1,263.75640869140625
1,sid_calib,full_synthetic,unknown,calib,5009ece504e283cf,clean,1,84.02936553955078
1,sid_calib,full_synthetic,unknown,calib,5009ece504e283cf,jpeg90,1,83.98783874511719
1,sid_calib,full_synthetic,unknown,calib,5009ece504e283cf,jpeg70,1,85.19780731201172
1,sid_calib,full_synthetic,unknown,calib,5009ece504e283cf,jpeg50,1,83.99996948242188
1,sid_calib,full_synthetic,unknown,calib,5009ece504e283cf,jpeg30,1,85.3623275756836
1,sid_calib,full_synthetic,unknown,calib,5009ece504e283cf,blur05,1,84.02478790283203
1,sid_calib,full_synthetic,unknown,calib,5009ece504e283cf,blur10,1,84.03599548339844
1,sid_calib,full_synthetic,unknown,calib,5009ece504e283cf,blur20,1,83.50367736816406
1,sid_calib,full_synthetic,unknown,calib,5009ece504e283cf,resize05,1,84.32737731933594
1,sid_calib,full_synthetic,unknown,calib,5009ece504e283cf,resize025,1,83.83245849609375
1,sid_calib,full_synthetic,unknown,calib,5009ece504e283cf,noise002,1,84.4862060546875
1,sid_calib,full_synthetic,unknown,calib,5009ece504e283cf,noise005,1,85.1975326538086
1,sid_calib,full_synthetic,unknown,calib,5009ece504e283cf,noise01,1,83.12602996826172
1,sid_calib,full_synthetic,unknown,calib,5009ece504e283cf,jitter02,1,83.16944885253906
1,sid_calib,full_synthetic,unknown,calib,5009ece504e283cf,crop08,1,100.12557983398438
0,sid_calib,real,unknown,calib,af23274956b784b8,clean,1,186.066650390625
0,sid_calib,real,unknown,calib,af23274956b784b8,jpeg90,1,186.7916259765625
0,sid_calib,real,unknown,calib,af23274956b784b8,jpeg70,1,186.15650939941406
0,sid_calib,real,unknown,calib,af23274956b784b8,jpeg50,1,186.9556884765625
0,sid_calib,real,unknown,calib,af23274956b784b8,jpeg30,1,186.80258178710938
0,sid_calib,real,unknown,calib,af23274956b784b8,blur05,1,186.64990234375
0,sid_calib,real,unknown,calib,af23274956b784b8,blur10,1,188.81149291992188
0,sid_calib,real,unknown,calib,af23274956b784b8,blur20,1,187.1839141845703
0,sid_calib,real,unknown,calib,af23274956b784b8,resize05,1,187.40206909179688
0,sid_calib,real,unknown,calib,af23274956b784b8,resize025,1,187.20899963378906
0,sid_calib,real,unknown,calib,af23274956b784b8,noise002,1,186.96810913085938
0,sid_calib,real,unknown,calib,af23274956b784b8,noise005,1,188.10903930664062
0,sid_calib,real,unknown,calib,af23274956b784b8,noise01,1,188.48472595214844
0,sid_calib,real,unknown,calib,af23274956b784b8,jitter02,1,187.09413146972656
0,sid_calib,real,unknown,calib,af23274956b784b8,crop08,1,230.55496215820312
1,sid_calib,full_synthetic,unknown,calib,a8a3f79935ee3bb8,jpeg70,1,128.01715087890625
1,sid_calib,full_synthetic,unknown,calib,a8a3f79935ee3bb8,jpeg30,1,129.76467895507812
1,sid_calib,full_synthetic,unknown,calib,a8a3f79935ee3bb8,blur20,1,129.9755401611328
1,sid_calib,full_synthetic,unknown,calib,a8a3f79935ee3bb8,noise002,1,128.21966552734375
1,sid_calib,full_synthetic,unknown,calib,a8a3f79935ee3bb8,crop08,1,68.27880096435547
1,sid_calib,full_synthetic,unknown,calib,85afcc918314c2dc,clean,1,76.82202911376953
1,sid_calib,full_synthetic,unknown,calib,85afcc918314c2dc,jpeg90,1,76.69087219238281
1,sid_calib,full_synthetic,unknown,calib,85afcc918314c2dc,jpeg70,1,76.91109466552734
1,sid_calib,full_synthetic,unknown,calib,85afcc918314c2dc,jpeg50,1,76.77662658691406
1,sid_calib,full_synthetic,unknown,calib,85afcc918314c2dc,jpeg30,1,76.5201644897461
1,sid_calib,full_synthetic,unknown,calib,85afcc918314c2dc,blur05,1,76.83695983886719
1,sid_calib,full_synthetic,unknown,calib,85afcc918314c2dc,blur10,1,76.84375762939453
1,sid_calib,full_synthetic,unknown,calib,85afcc918314c2dc,blur20,1,75.97459411621094
1,sid_calib,full_synthetic,unknown,calib,85afcc918314c2dc,resize05,1,76.8248519897461
1,sid_calib,full_synthetic,unknown,calib,85afcc918314c2dc,resize025,1,76.5487060546875
1,sid_calib,full_synthetic,unknown,calib,85afcc918314c2dc,noise002,1,76.78630828857422
1,sid_calib,full_synthetic,unknown,calib,85afcc918314c2dc,noise005,1,76.87759399414062
1,sid_calib,full_synthetic,unknown,calib,85afcc918314c2dc,noise01,1,77.69482421875
1,sid_calib,full_synthetic,unknown,calib,85afcc918314c2dc,jitter02,1,76.5810775756836
1,sid_calib,full_synthetic,unknown,calib,85afcc918314c2dc,crop08,1,90.27825927734375
0,sid_calib,real,unknown,calib,a7d41bcb596509d6,clean,1,75.33769226074219
0,sid_calib,real,unknown,calib,a7d41bcb596509d6,jpeg90,1,75.53330993652344
0,sid_calib,real,unknown,calib,a7d41bcb596509d6,jpeg70,1,74.97480010986328
0,sid_calib,real,unknown,calib,a7d41bcb596509d6,jpeg50,1,76.05836486816406
0,sid_calib,real,unknown,calib,a7d41bcb596509d6,jpeg30,1,75.4382553100586
0,sid_calib,real,unknown,calib,a7d41bcb596509d6,blur05,1,75.57295989990234
0,sid_calib,real,unknown,calib,a7d41bcb596509d6,blur10,1,75.91658020019531
0,sid_calib,real,unknown,calib,a7d41bcb596509d6,blur20,1,74.9725112915039
0,sid_calib,real,unknown,calib,a7d41bcb596509d6,resize05,1,75.58163452148438
0,sid_calib,real,unknown,calib,a7d41bcb596509d6,resize025,1,76.2350082397461
0,sid_calib,real,unknown,calib,a7d41bcb596509d6,noise002,1,74.93184661865234
0,sid_calib,real,unknown,calib,a7d41bcb596509d6,noise005,1,76.14749908447266
0,sid_calib,real,unknown,calib,a7d41bcb596509d6,noise01,1,72.84195709228516
0,sid_calib,real,unknown,calib,a7d41bcb596509d6,jitter02,1,75.33460998535156
0,sid_calib,real,unknown,calib,a7d41bcb596509d6,crop08,1,102.87593078613281
0,sid_calib,real,unknown,calib,9461c92c77b5f680,clean,1,247.3875274658203
0,sid_calib,real,unknown,calib,9461c92c77b5f680,jpeg90,1,246.79885864257812
0,sid_calib,real,unknown,calib,9461c92c77b5f680,jpeg70,1,247.01136779785156
0,sid_calib,real,unknown,calib,9461c92c77b5f680,jpeg50,1,244.26612854003906
0,sid_calib,real,unknown,calib,9461c92c77b5f680,jpeg30,1,241.20968627929688
0,sid_calib,real,unknown,calib,9461c92c77b5f680,blur05,1,246.26846313476562
0,sid_calib,real,unknown,calib,9461c92c77b5f680,blur10,1,246.4085693359375
0,sid_calib,real,unknown,calib,9461c92c77b5f680,blur20,1,241.0732879638672
0,sid_calib,real,unknown,calib,9461c92c77b5f680,resize05,1,244.61691284179688
0,sid_calib,real,unknown,calib,9461c92c77b5f680,resize025,1,238.93687438964844
0,sid_calib,real,unknown,calib,9461c92c77b5f680,noise002,1,250.38784790039062
0,sid_calib,real,unknown,calib,9461c92c77b5f680,noise005,1,243.23367309570312
0,sid_calib,real,unknown,calib,9461c92c77b5f680,noise01,1,254.9001007080078
0,sid_calib,real,unknown,calib,9461c92c77b5f680,jitter02,1,246.26226806640625
0,sid_calib,real,unknown,calib,9461c92c77b5f680,crop08,1,315.1553955078125
1,sid_calib,full_synthetic,unknown,calib,26f14258e5559b77,clean,1,132.0914306640625
1,sid_calib,full_synthetic,unknown,calib,26f14258e5559b77,jpeg90,1,132.3904571533203
1,sid_calib,full_synthetic,unknown,calib,26f14258e5559b77,jpeg70,1,132.1804656982422
1,sid_calib,full_synthetic,unknown,calib,26f14258e5559b77,jpeg50,1,132.3236846923828
1,sid_calib,full_synthetic,unknown,calib,26f14258e5559b77,jpeg30,1,132.03639221191406
1,sid_calib,full_synthetic,unknown,calib,26f14258e5559b77,blur05,1,132.0728302001953
1,sid_calib,full_synthetic,unknown,calib,26f14258e5559b77,blur10,1,132.27462768554688
1,sid_calib,full_synthetic,unknown,calib,26f14258e5559b77,blur20,1,131.24038696289062
1,sid_calib,full_synthetic,unknown,calib,26f14258e5559b77,resize05,1,132.27711486816406
1,sid_calib,full_synthetic,unknown,calib,26f14258e5559b77,resize025,1,132.08023071289062
1,sid_calib,full_synthetic,unknown,calib,26f14258e5559b77,noise002,1,132.32437133789062
1,sid_calib,full_synthetic,unknown,calib,26f14258e5559b77,noise005,1,132.45498657226562
1,sid_calib,full_synthetic,unknown,calib,26f14258e5559b77,noise01,1,132.6542510986328
1,sid_calib,full_synthetic,unknown,calib,26f14258e5559b77,jitter02,1,132.05471801757812
1,sid_calib,full_synthetic,unknown,calib,26f14258e5559b77,crop08,1,169.226318359375
0,sid_calib,real,unknown,calib,17f5820e8ec3974b,clean,1,98.64685821533203
0,sid_calib,real,unknown,calib,17f5820e8ec3974b,jpeg90,1,98.51729583740234
0,sid_calib,real,unknown,calib,17f5820e8ec3974b,jpeg70,1,101.01651763916016
0,sid_calib,real,unknown,calib,17f5820e8ec3974b,jpeg50,1,101.1539306640625
0,sid_calib,real,unknown,calib,17f5820e8ec3974b,jpeg30,1,101.36751556396484
0,sid_calib,real,unknown,calib,17f5820e8ec3974b,blur05,1,98.93975830078125
0,sid_calib,real,unknown,calib,17f5820e8ec3974b,blur10,1,99.13045501708984
0,sid_calib,real,unknown,calib,17f5820e8ec3974b,blur20,1,106.03607177734375
0,sid_calib,real,unknown,calib,17f5820e8ec3974b,resize05,1,101.04947662353516
0,sid_calib,real,unknown,calib,17f5820e8ec3974b,resize025,1,105.0916976928711
0,sid_calib,real,unknown,calib,17f5820e8ec3974b,noise002,1,100.90462493896484
0,sid_calib,real,unknown,calib,17f5820e8ec3974b,noise005,1,102.7509536743164
0,sid_calib,real,unknown,calib,17f5820e8ec3974b,noise01,1,102.36946105957031
0,sid_calib,real,unknown,calib,17f5820e8ec3974b,jitter02,1,98.5902099609375
0,sid_calib,real,unknown,calib,17f5820e8ec3974b,crop08,1,126.82600402832031
0,sid_calib,real,unknown,calib,19f85826304c6460,crop08,1,75.42292785644531
1,sid_calib,full_synthetic,unknown,calib,6c4f43b72f142df4,clean,1,172.56747436523438
1,sid_calib,full_synthetic,unknown,calib,6c4f43b72f142df4,jpeg90,1,172.46719360351562
1,sid_calib,full_synthetic,unknown,calib,6c4f43b72f142df4,jpeg70,1,171.94346618652344
1,sid_calib,full_synthetic,unknown,calib,6c4f43b72f142df4,jpeg50,1,170.6664276123047
1,sid_calib,full_synthetic,unknown,calib,6c4f43b72f142df4,jpeg30,1,174.3421630859375
1,sid_calib,full_synthetic,unknown,calib,6c4f43b72f142df4,blur05,1,172.37840270996094
1,sid_calib,full_synthetic,unknown,calib,6c4f43b72f142df4,blur10,1,171.395751953125
1,sid_calib,full_synthetic,unknown,calib,6c4f43b72f142df4,blur20,1,169.38900756835938
1,sid_calib,full_synthetic,unknown,calib,6c4f43b72f142df4,resize05,1,172.3545684814453
1,sid_calib,full_synthetic,unknown,calib,6c4f43b72f142df4,resize025,1,169.62509155273438
1,sid_calib,full_synthetic,unknown,calib,6c4f43b72f142df4,noise002,1,168.99368286132812
1,sid_calib,full_synthetic,unknown,calib,6c4f43b72f142df4,noise005,1,171.6410369873047
1,sid_calib,full_synthetic,unknown,calib,6c4f43b72f142df4,noise01,1,166.60800170898438
1,sid_calib,full_synthetic,unknown,calib,6c4f43b72f142df4,jitter02,1,171.442626953125
1,sid_calib,full_synthetic,unknown,calib,6c4f43b72f142df4,crop08,1,197.289794921875
0,sid_calib,real,unknown,calib,5396bbe377cc22db,clean,1,90.08687591552734
0,sid_calib,real,unknown,calib,5396bbe377cc22db,jpeg90,1,90.13421630859375
0,sid_calib,real,unknown,calib,5396bbe377cc22db,jpeg70,1,90.1236343383789
0,sid_calib,real,unknown,calib,5396bbe377cc22db,jpeg50,1,90.89279174804688
0,sid_calib,real,unknown,calib,5396bbe377cc22db,jpeg30,1,91.49891662597656
0,sid_calib,real,unknown,calib,5396bbe377cc22db,blur05,1,89.87776184082031
0,sid_calib,real,unknown,calib,5396bbe377cc22db,blur10,1,89.2591781616211
0,sid_calib,real,unknown,calib,5396bbe377cc22db,blur20,1,88.23473358154297
0,sid_calib,real,unknown,calib,5396bbe377cc22db,resize05,1,89.94279479980469
0,sid_calib,real,unknown,calib,5396bbe377cc22db,resize025,1,87.94584655761719
0,sid_calib,real,unknown,calib,5396bbe377cc22db,noise002,1,90.46410369873047
0,sid_calib,real,unknown,calib,5396bbe377cc22db,noise005,1,91.41273498535156
0,sid_calib,real,unknown,calib,5396bbe377cc22db,noise01,1,92.52987670898438
0,sid_calib,real,unknown,calib,5396bbe377cc22db,jitter02,1,84.02711486816406
0,sid_calib,real,unknown,calib,5396bbe377cc22db,crop08,1,115.01212310791016
0,sid_calib,real,unknown,calib,05adffdbb64f696a,clean,1,183.86843872070312
0,sid_calib,real,unknown,calib,05adffdbb64f696a,jpeg90,1,183.64413452148438
0,sid_calib,real,unknown,calib,05adffdbb64f696a,jpeg70,1,183.69195556640625
0,sid_calib,real,unknown,calib,05adffdbb64f696a,jpeg50,1,183.00686645507812
0,sid_calib,real,unknown,calib,05adffdbb64f696a,jpeg30,1,181.48989868164062
0,sid_calib,real,unknown,calib,05adffdbb64f696a,blur05,1,184.0011444091797
0,sid_calib,real,unknown,calib,05adffdbb64f696a,blur10,1,183.8929443359375
0,sid_calib,real,unknown,calib,05adffdbb64f696a,blur20,1,169.7764892578125
0,sid_calib,real,unknown,calib,05adffdbb64f696a,resize05,1,183.94290161132812
0,sid_calib,real,unknown,calib,05adffdbb64f696a,resize025,1,170.10984802246094
0,sid_calib,real,unknown,calib,05adffdbb64f696a,noise002,1,183.72808837890625
0,sid_calib,real,unknown,calib,05adffdbb64f696a,noise005,1,182.54364013671875
0,sid_calib,real,unknown,calib,05adffdbb64f696a,noise01,1,176.11831665039062
0,sid_calib,real,unknown,calib,05adffdbb64f696a,jitter02,1,184.0856475830078
0,sid_calib,real,unknown,calib,05adffdbb64f696a,crop08,1,219.9278106689453
1,sid_calib,full_synthetic,unknown,calib,37e6eb1f1c2c939f,clean,1,203.1602783203125
1,sid_calib,full_synthetic,unknown,calib,37e6eb1f1c2c939f,jpeg90,1,203.12496948242188
1,sid_calib,full_synthetic,unknown,calib,37e6eb1f1c2c939f,jpeg70,1,203.46575927734375
1,sid_calib,full_synthetic,unknown,calib,37e6eb1f1c2c939f,jpeg50,1,203.55589294433594
1,sid_calib,full_synthetic,unknown,calib,37e6eb1f1c2c939f,jpeg30,1,204.3155059814453
1,sid_calib,full_synthetic,unknown,calib,37e6eb1f1c2c939f,blur05,1,203.09976196289062
1,sid_calib,full_synthetic,unknown,calib,37e6eb1f1c2c939f,blur10,1,202.18421936035156
1,sid_calib,full_synthetic,unknown,calib,37e6eb1f1c2c939f,blur20,1,199.98985290527344
1,sid_calib,full_synthetic,unknown,calib,37e6eb1f1c2c939f,resize05,1,202.91177368164062
1,sid_calib,full_synthetic,unknown,calib,37e6eb1f1c2c939f,resize025,1,201.59927368164062
1,sid_calib,full_synthetic,unknown,calib,37e6eb1f1c2c939f,noise002,1,203.64700317382812
1,sid_calib,full_synthetic,unknown,calib,37e6eb1f1c2c939f,noise005,1,202.6858673095703
1,sid_calib,full_synthetic,unknown,calib,37e6eb1f1c2c939f,noise01,1,199.15087890625
1,sid_calib,full_synthetic,unknown,calib,37e6eb1f1c2c939f,jitter02,1,201.315185546875
1,sid_calib,full_synthetic,unknown,calib,37e6eb1f1c2c939f,crop08,1,253.00442504882812
0,sid_calib,real,unknown,calib,298d64c3e9e41dee,clean,1,126.35430145263672
0,sid_calib,real,unknown,calib,298d64c3e9e41dee,jpeg90,1,126.50968933105469
0,sid_calib,real,unknown,calib,298d64c3e9e41dee,jpeg70,1,126.85037994384766
0,sid_calib,real,unknown,calib,298d64c3e9e41dee,jpeg50,1,126.27178192138672
0,sid_calib,real,unknown,calib,298d64c3e9e41dee,jpeg30,1,129.9661865234375
0,sid_calib,real,unknown,calib,298d64c3e9e41dee,blur05,1,125.93466186523438
0,sid_calib,real,unknown,calib,298d64c3e9e41dee,blur10,1,125.11038970947266
0,sid_calib,real,unknown,calib,298d64c3e9e41dee,blur20,1,126.5442886352539
0,sid_calib,real,unknown,calib,298d64c3e9e41dee,resize05,1,125.98541259765625
0,sid_calib,real,unknown,calib,298d64c3e9e41dee,resize025,1,127.0110092163086
0,sid_calib,real,unknown,calib,298d64c3e9e41dee,noise002,1,126.40660858154297
0,sid_calib,real,unknown,calib,298d64c3e9e41dee,noise005,1,127.89515686035156
0,sid_calib,real,unknown,calib,298d64c3e9e41dee,noise01,1,131.73019409179688
0,sid_calib,real,unknown,calib,298d64c3e9e41dee,jitter02,1,126.11917877197266
0,sid_calib,real,unknown,calib,298d64c3e9e41dee,crop08,1,162.23524475097656
0,sid_calib,real,unknown,calib,b94c9b2142c989fa,clean,1,74.45109558105469
0,sid_calib,real,unknown,calib,b94c9b2142c989fa,jpeg90,1,74.66598510742188
0,sid_calib,real,unknown,calib,b94c9b2142c989fa,jpeg70,1,75.29251861572266
0,sid_calib,real,unknown,calib,b94c9b2142c989fa,jpeg50,1,74.59850311279297
0,sid_calib,real,unknown,calib,b94c9b2142c989fa,jpeg30,1,74.2037124633789
0,sid_calib,real,unknown,calib,b94c9b2142c989fa,blur05,1,74.3792953491211
0,sid_calib,real,unknown,calib,b94c9b2142c989fa,blur10,1,74.61209106445312
0,sid_calib,real,unknown,calib,b94c9b2142c989fa,blur20,1,75.20793914794922
0,sid_calib,real,unknown,calib,b94c9b2142c989fa,resize05,1,74.56356048583984
0,sid_calib,real,unknown,calib,b94c9b2142c989fa,resize025,1,75.63047790527344
0,sid_calib,real,unknown,calib,b94c9b2142c989fa,noise002,1,75.35305786132812
0,sid_calib,real,unknown,calib,b94c9b2142c989fa,noise005,1,75.63898468017578
0,sid_calib,real,unknown,calib,b94c9b2142c989fa,crop08,1,94.17323303222656
0,sid_calib,real,unknown,calib,8438988ee9136647,clean,1,117.01787567138672
0,sid_calib,real,unknown,calib,8438988ee9136647,jpeg90,1,116.7371826171875
0,sid_calib,real,unknown,calib,8438988ee9136647,jpeg70,1,115.96004486083984
0,sid_calib,real,unknown,calib,8438988ee9136647,jpeg50,1,115.71903228759766
0,sid_calib,real,unknown,calib,8438988ee9136647,jpeg30,1,114.92890167236328
0,sid_calib,real,unknown,calib,8438988ee9136647,blur05,1,116.5127944946289
0,sid_calib,real,unknown,calib,8438988ee9136647,blur10,1,116.03524017333984
0,sid_calib,real,unknown,calib,8438988ee9136647,blur20,1,116.92916107177734
0,sid_calib,real,unknown,calib,8438988ee9136647,resize05,1,116.38410949707031
0,sid_calib,real,unknown,calib,8438988ee9136647,resize025,1,117.06060028076172
0,sid_calib,real,unknown,calib,8438988ee9136647,noise002,1,117.09032440185547
0,sid_calib,real,unknown,calib,8438988ee9136647,noise005,1,119.94548797607422
0,sid_calib,real,unknown,calib,8438988ee9136647,noise01,1,120.67681884765625
0,sid_calib,real,unknown,calib,8438988ee9136647,jitter02,1,116.46376037597656
0,sid_calib,real,unknown,calib,8438988ee9136647,crop08,1,149.9099578857422
1,sid_calib,full_synthetic,unknown,calib,96d8097f8585659c,clean,1,178.64447021484375
1,sid_calib,full_synthetic,unknown,calib,96d8097f8585659c,jpeg90,1,178.66294860839844
1,sid_calib,full_synthetic,unknown,calib,96d8097f8585659c,jpeg70,1,178.72000122070312
1,sid_calib,full_synthetic,unknown,calib,96d8097f8585659c,jpeg50,1,178.8109893798828
1,sid_calib,full_synthetic,unknown,calib,96d8097f8585659c,jpeg30,1,177.3388671875
1,sid_calib,full_synthetic,unknown,calib,96d8097f8585659c,blur05,1,178.8208465576172
1,sid_calib,full_synthetic,unknown,calib,96d8097f8585659c,blur10,1,182.66876220703125
1,sid_calib,full_synthetic,unknown,calib,96d8097f8585659c,blur20,1,174.50775146484375
1,sid_calib,full_synthetic,unknown,calib,96d8097f8585659c,resize05,1,179.49830627441406
1,sid_calib,full_synthetic,unknown,calib,96d8097f8585659c,resize025,1,174.3545379638672
1,sid_calib,full_synthetic,unknown,calib,96d8097f8585659c,noise002,1,179.14382934570312
1,sid_calib,full_synthetic,unknown,calib,96d8097f8585659c,noise005,1,180.7095947265625
1,sid_calib,full_synthetic,unknown,calib,96d8097f8585659c,noise01,1,183.24546813964844
1,sid_calib,full_synthetic,unknown,calib,96d8097f8585659c,jitter02,1,177.9747314453125
1,sid_calib,full_synthetic,unknown,calib,96d8097f8585659c,crop08,1,217.76055908203125
1,sid_calib,full_synthetic,unknown,calib,e8ed6d5fbda2378f,clean,1,70.14999389648438
1,sid_calib,full_synthetic,unknown,calib,e8ed6d5fbda2378f,jpeg90,1,70.27486419677734
1,sid_calib,full_synthetic,unknown,calib,e8ed6d5fbda2378f,jpeg70,1,70.15576171875
1,sid_calib,full_synthetic,unknown,calib,e8ed6d5fbda2378f,jpeg50,1,70.49323272705078
1,sid_calib,full_synthetic,unknown,calib,e8ed6d5fbda2378f,jpeg30,1,71.12684631347656
1,sid_calib,full_synthetic,unknown,calib,e8ed6d5fbda2378f,blur05,1,70.1285629272461
1,sid_calib,full_synthetic,unknown,calib,e8ed6d5fbda2378f,blur10,1,70.13190460205078
1,sid_calib,full_synthetic,unknown,calib,e8ed6d5fbda2378f,blur20,1,70.55401611328125
1,sid_calib,full_synthetic,unknown,calib,e8ed6d5fbda2378f,resize05,1,70.19427490234375
1,sid_calib,full_synthetic,unknown,calib,e8ed6d5fbda2378f,resize025,1,70.5459213256836
1,sid_calib,full_synthetic,unknown,calib,e8ed6d5fbda2378f,noise002,1,69.97078704833984
1,sid_calib,full_synthetic,unknown,calib,e8ed6d5fbda2378f,noise005,1,70.84503173828125
1,sid_calib,full_synthetic,unknown,calib,e8ed6d5fbda2378f,noise01,1,72.69733428955078
1,sid_calib,full_synthetic,unknown,calib,e8ed6d5fbda2378f,jitter02,1,70.1713638305664
0,sid_calib,real,unknown,calib,d4ef865b163d5393,clean,1,73.94804382324219
0,sid_calib,real,unknown,calib,d4ef865b163d5393,jpeg90,1,74.0135269165039
0,sid_calib,real,unknown,calib,d4ef865b163d5393,jpeg70,1,74.77091979980469
0,sid_calib,real,unknown,calib,d4ef865b163d5393,blur05,1,73.95983123779297
0,sid_calib,real,unknown,calib,d4ef865b163d5393,blur10,1,73.69880676269531
0,sid_calib,real,unknown,calib,d4ef865b163d5393,blur20,1,72.17798614501953
0,sid_calib,real,unknown,calib,d4ef865b163d5393,resize05,1,74.10479736328125
0,sid_calib,real,unknown,calib,d4ef865b163d5393,resize025,1,72.1519775390625
0,sid_calib,real,unknown,calib,d4ef865b163d5393,jitter02,1,73.94618225097656
0,sid_calib,real,unknown,calib,d4ef865b163d5393,crop08,1,95.70967102050781
1,sid_calib,full_synthetic,unknown,calib,90b8db3e208f08dc,clean,1,233.1441192626953
1,sid_calib,full_synthetic,unknown,calib,90b8db3e208f08dc,jpeg90,1,233.10702514648438
1,sid_calib,full_synthetic,unknown,calib,90b8db3e208f08dc,jpeg70,1,232.62249755859375
1,sid_calib,full_synthetic,unknown,calib,90b8db3e208f08dc,jpeg50,1,231.857177734375
1,sid_calib,full_synthetic,unknown,calib,90b8db3e208f08dc,jpeg30,1,231.66610717773438
1,sid_calib,full_synthetic,unknown,calib,90b8db3e208f08dc,blur05,1,232.9080810546875
1,sid_calib,full_synthetic,unknown,calib,90b8db3e208f08dc,blur10,1,232.65505981445312
1,sid_calib,full_synthetic,unknown,calib,90b8db3e208f08dc,blur20,1,231.52145385742188
1,sid_calib,full_synthetic,unknown,calib,90b8db3e208f08dc,resize05,1,232.95326232910156
1,sid_calib,full_synthetic,unknown,calib,90b8db3e208f08dc,resize025,1,231.6219482421875
1,sid_calib,full_synthetic,unknown,calib,90b8db3e208f08dc,noise002,1,233.8596954345703
1,sid_calib,full_synthetic,unknown,calib,90b8db3e208f08dc,noise005,1,239.97055053710938
1,sid_calib,full_synthetic,unknown,calib,90b8db3e208f08dc,noise01,1,235.97030639648438
1,sid_calib,full_synthetic,unknown,calib,90b8db3e208f08dc,jitter02,1,232.2771453857422
1,sid_calib,full_synthetic,unknown,calib,90b8db3e208f08dc,crop08,1,291.0667724609375
1,sid_calib,full_synthetic,unknown,calib,a84c8ab918460985,clean,1,138.50201416015625
1,sid_calib,full_synthetic,unknown,calib,a84c8ab918460985,jpeg90,1,138.61737060546875
1,sid_calib,full_synthetic,unknown,calib,a84c8ab918460985,jpeg70,1,138.59495544433594
1,sid_calib,full_synthetic,unknown,calib,a84c8ab918460985,jpeg50,1,138.26512145996094
1,sid_calib,full_synthetic,unknown,calib,a84c8ab918460985,jpeg30,1,138.0866241455078
1,sid_calib,full_synthetic,unknown,calib,a84c8ab918460985,blur05,1,138.50454711914062
1,sid_calib,full_synthetic,unknown,calib,a84c8ab918460985,blur10,1,138.17527770996094
1,sid_calib,full_synthetic,unknown,calib,a84c8ab918460985,blur20,1,137.63668823242188
1,sid_calib,full_synthetic,unknown,calib,a84c8ab918460985,resize05,1,138.34365844726562
1,sid_calib,full_synthetic,unknown,calib,a84c8ab918460985,resize025,1,138.13507080078125
1,sid_calib,full_synthetic,unknown,calib,a84c8ab918460985,noise002,1,138.2777099609375
1,sid_calib,full_synthetic,unknown,calib,a84c8ab918460985,noise005,1,138.78750610351562
1,sid_calib,full_synthetic,unknown,calib,a84c8ab918460985,noise01,1,142.37026977539062
1,sid_calib,full_synthetic,unknown,calib,a84c8ab918460985,jitter02,1,138.3748321533203
1,sid_calib,full_synthetic,unknown,calib,a84c8ab918460985,crop08,1,176.71749877929688
0,sid_calib,real,unknown,calib,2e64dcf9182f16e0,crop08,1,74.36685943603516
1,sid_calib,full_synthetic,unknown,calib,58af65ca4831e27b,clean,1,106.45414733886719
1,sid_calib,full_synthetic,unknown,calib,58af65ca4831e27b,jpeg90,1,106.11590576171875
1,sid_calib,full_synthetic,unknown,calib,58af65ca4831e27b,jpeg70,1,106.83747100830078
1,sid_calib,full_synthetic,unknown,calib,58af65ca4831e27b,jpeg50,1,106.66790008544922
1,sid_calib,full_synthetic,unknown,calib,58af65ca4831e27b,jpeg30,1,106.26622009277344
1,sid_calib,full_synthetic,unknown,calib,58af65ca4831e27b,blur05,1,106.4301528930664
1,sid_calib,full_synthetic,unknown,calib,58af65ca4831e27b,blur10,1,106.73741912841797
1,sid_calib,full_synthetic,unknown,calib,58af65ca4831e27b,blur20,1,106.53857421875
1,sid_calib,full_synthetic,unknown,calib,58af65ca4831e27b,resize05,1,106.39278411865234
1,sid_calib,full_synthetic,unknown,calib,58af65ca4831e27b,resize025,1,106.4072036743164
1,sid_calib,full_synthetic,unknown,calib,58af65ca4831e27b,noise002,1,106.64218139648438
1,sid_calib,full_synthetic,unknown,calib,58af65ca4831e27b,noise005,1,106.07396697998047
1,sid_calib,full_synthetic,unknown,calib,58af65ca4831e27b,noise01,1,104.07136535644531
1,sid_calib,full_synthetic,unknown,calib,58af65ca4831e27b,jitter02,1,106.45816040039062
1,sid_calib,full_synthetic,unknown,calib,58af65ca4831e27b,crop08,1,135.18373107910156
0,sid_calib,real,unknown,calib,14dcefa0bac9b3e7,crop08,1,79.62796783447266
0,sid_calib,real,unknown,calib,9f437472a9cda5f4,crop08,1,84.91889953613281
0,sid_calib,real,unknown,calib,f991fe8439f9e830,clean,1,80.56656646728516
0,sid_calib,real,unknown,calib,f991fe8439f9e830,jpeg90,1,80.38850402832031
0,sid_calib,real,unknown,calib,f991fe8439f9e830,jpeg70,1,80.93009185791016
0,sid_calib,real,unknown,calib,f991fe8439f9e830,jpeg50,1,79.65555572509766
0,sid_calib,real,unknown,calib,f991fe8439f9e830,jpeg30,1,80.55897521972656
0,sid_calib,real,unknown,calib,f991fe8439f9e830,blur05,1,80.3910140991211
0,sid_calib,real,unknown,calib,f991fe8439f9e830,blur10,1,79.8416748046875
0,sid_calib,real,unknown,calib,f991fe8439f9e830,blur20,1,78.32740783691406
0,sid_calib,real,unknown,calib,f991fe8439f9e830,resize05,1,80.20064544677734
0,sid_calib,real,unknown,calib,f991fe8439f9e830,resize025,1,78.5866928100586
0,sid_calib,real,unknown,calib,f991fe8439f9e830,noise002,1,80.46426391601562
0,sid_calib,real,unknown,calib,f991fe8439f9e830,noise005,1,82.1704330444336
0,sid_calib,real,unknown,calib,f991fe8439f9e830,noise01,1,80.3646469116211
0,sid_calib,real,unknown,calib,f991fe8439f9e830,jitter02,1,79.68547058105469
0,sid_calib,real,unknown,calib,eebe467e748e9ebd,clean,1,126.49044799804688
0,sid_calib,real,unknown,calib,eebe467e748e9ebd,jpeg90,1,126.27587890625
0,sid_calib,real,unknown,calib,eebe467e748e9ebd,jpeg70,1,126.69994354248047
0,sid_calib,real,unknown,calib,eebe467e748e9ebd,jpeg50,1,125.27275848388672
0,sid_calib,real,unknown,calib,eebe467e748e9ebd,jpeg30,1,124.70840454101562
0,sid_calib,real,unknown,calib,eebe467e748e9ebd,blur05,1,126.64102172851562
0,sid_calib,real,unknown,calib,eebe467e748e9ebd,blur10,1,122.3099136352539
0,sid_calib,real,unknown,calib,eebe467e748e9ebd,blur20,1,121.73838806152344
0,sid_calib,real,unknown,calib,eebe467e748e9ebd,resize05,1,122.20609283447266
0,sid_calib,real,unknown,calib,eebe467e748e9ebd,resize025,1,124.81787109375
0,sid_calib,real,unknown,calib,eebe467e748e9ebd,noise002,1,127.20660400390625
0,sid_calib,real,unknown,calib,eebe467e748e9ebd,noise005,1,121.94644165039062
0,sid_calib,real,unknown,calib,eebe467e748e9ebd,noise01,1,122.65473175048828
0,sid_calib,real,unknown,calib,eebe467e748e9ebd,jitter02,1,125.27523803710938
0,sid_calib,real,unknown,calib,eebe467e748e9ebd,crop08,1,149.2495574951172
0,sid_calib,real,unknown,calib,75669b7810321100,clean,1,143.39056396484375
0,sid_calib,real,unknown,calib,75669b7810321100,jpeg90,1,143.43702697753906
0,sid_calib,real,unknown,calib,75669b7810321100,jpeg70,1,142.52357482910156
0,sid_calib,real,unknown,calib,75669b7810321100,jpeg50,1,143.30406188964844
0,sid_calib,real,unknown,calib,75669b7810321100,jpeg30,1,144.87078857421875
0,sid_calib,real,unknown,calib,75669b7810321100,blur05,1,143.14476013183594
0,sid_calib,real,unknown,calib,75669b7810321100,blur10,1,143.8162384033203
0,sid_calib,real,unknown,calib,75669b7810321100,blur20,1,152.3403778076172
0,sid_calib,real,unknown,calib,75669b7810321100,resize05,1,143.37527465820312
0,sid_calib,real,unknown,calib,75669b7810321100,resize025,1,142.4208984375
0,sid_calib,real,unknown,calib,75669b7810321100,noise002,1,144.411865234375
0,sid_calib,real,unknown,calib,75669b7810321100,noise005,1,156.27989196777344
0,sid_calib,real,unknown,calib,75669b7810321100,jitter02,1,155.14300537109375
0,sid_calib,real,unknown,calib,75669b7810321100,crop08,1,170.020751953125
0,sid_calib,real,unknown,calib,5ca7f288916b18cc,clean,1,92.54519653320312
0,sid_calib,real,unknown,calib,5ca7f288916b18cc,jpeg90,1,92.95964050292969
0,sid_calib,real,unknown,calib,5ca7f288916b18cc,jpeg70,1,92.49520874023438
0,sid_calib,real,unknown,calib,5ca7f288916b18cc,jpeg50,1,92.9103012084961
0,sid_calib,real,unknown,calib,5ca7f288916b18cc,jpeg30,1,92.354736328125
0,sid_calib,real,unknown,calib,5ca7f288916b18cc,blur05,1,92.27178955078125
0,sid_calib,real,unknown,calib,5ca7f288916b18cc,blur10,1,92.35462188720703
0,sid_calib,real,unknown,calib,5ca7f288916b18cc,blur20,1,93.62833404541016
0,sid_calib,real,unknown,calib,5ca7f288916b18cc,resize05,1,91.60517883300781
0,sid_calib,real,unknown,calib,5ca7f288916b18cc,resize025,1,94.44307708740234
0,sid_calib,real,unknown,calib,5ca7f288916b18cc,noise002,1,93.12296295166016
0,sid_calib,real,unknown,calib,5ca7f288916b18cc,noise005,1,92.47252655029297
0,sid_calib,real,unknown,calib,5ca7f288916b18cc,noise01,1,93.27670288085938
0,sid_calib,real,unknown,calib,5ca7f288916b18cc,jitter02,1,92.37506866455078
0,sid_calib,real,unknown,calib,5ca7f288916b18cc,crop08,1,117.09362030029297
0,sid_calib,real,unknown,calib,bd85968e2f60547c,clean,1,130.028076171875
0,sid_calib,real,unknown,calib,bd85968e2f60547c,jpeg90,1,132.12928771972656
0,sid_calib,real,unknown,calib,bd85968e2f60547c,jpeg70,1,129.72421264648438
0,sid_calib,real,unknown,calib,bd85968e2f60547c,jpeg50,1,130.11203002929688
0,sid_calib,real,unknown,calib,bd85968e2f60547c,jpeg30,1,130.9745330810547
0,sid_calib,real,unknown,calib,bd85968e2f60547c,blur05,1,132.1993408203125
0,sid_calib,real,unknown,calib,bd85968e2f60547c,blur10,1,131.91122436523438
0,sid_calib,real,unknown,calib,bd85968e2f60547c,blur20,1,131.91673278808594
0,sid_calib,real,unknown,calib,bd85968e2f60547c,resize05,1,131.63284301757812
0,sid_calib,real,unknown,calib,bd85968e2f60547c,resize025,1,132.52792358398438
0,sid_calib,real,unknown,calib,bd85968e2f60547c,noise002,1,129.96104431152344
0,sid_calib,real,unknown,calib,bd85968e2f60547c,noise005,1,123.02339935302734
0,sid_calib,real,unknown,calib,bd85968e2f60547c,jitter02,1,130.7736053466797
0,sid_calib,real,unknown,calib,bd85968e2f60547c,crop08,1,157.73883056640625
0,sid_calib,real,unknown,calib,f3344b22fe5724e7,clean,1,154.3597869873047
0,sid_calib,real,unknown,calib,f3344b22fe5724e7,jpeg90,1,154.53501892089844
0,sid_calib,real,unknown,calib,f3344b22fe5724e7,jpeg70,1,154.5703582763672
0,sid_calib,real,unknown,calib,f3344b22fe5724e7,jpeg50,1,153.8916015625
0,sid_calib,real,unknown,calib,f3344b22fe5724e7,jpeg30,1,154.32814025878906
0,sid_calib,real,unknown,calib,f3344b22fe5724e7,blur05,1,154.41006469726562
0,sid_calib,real,unknown,calib,f3344b22fe5724e7,blur10,1,153.9020538330078
0,sid_calib,real,unknown,calib,f3344b22fe5724e7,blur20,1,152.21896362304688
0,sid_calib,real,unknown,calib,f3344b22fe5724e7,resize05,1,154.155517578125
0,sid_calib,real,unknown,calib,f3344b22fe5724e7,resize025,1,152.86436462402344
0,sid_calib,real,unknown,calib,f3344b22fe5724e7,noise002,1,155.12709045410156
0,sid_calib,real,unknown,calib,f3344b22fe5724e7,noise005,1,154.63003540039062
0,sid_calib,real,unknown,calib,f3344b22fe5724e7,noise01,1,152.8809051513672
0,sid_calib,real,unknown,calib,f3344b22fe5724e7,jitter02,1,154.31768798828125
0,sid_calib,real,unknown,calib,f3344b22fe5724e7,crop08,1,194.9424591064453
0,sid_calib,real,unknown,calib,92d117ddb8a71e1f,clean,1,210.34823608398438
0,sid_calib,real,unknown,calib,92d117ddb8a71e1f,jpeg90,1,210.6806182861328
0,sid_calib,real,unknown,calib,92d117ddb8a71e1f,jpeg70,1,208.42123413085938
0,sid_calib,real,unknown,calib,92d117ddb8a71e1f,jpeg50,1,212.0921173095703
0,sid_calib,real,unknown,calib,92d117ddb8a71e1f,jpeg30,1,208.18580627441406
0,sid_calib,real,unknown,calib,92d117ddb8a71e1f,blur05,1,209.1151580810547
0,sid_calib,real,unknown,calib,92d117ddb8a71e1f,blur10,1,207.02626037597656
0,sid_calib,real,unknown,calib,92d117ddb8a71e1f,blur20,1,204.9039306640625
0,sid_calib,real,unknown,calib,92d117ddb8a71e1f,resize05,1,208.5242462158203
0,sid_calib,real,unknown,calib,92d117ddb8a71e1f,resize025,1,205.84213256835938
0,sid_calib,real,unknown,calib,92d117ddb8a71e1f,noise002,1,212.7068634033203
0,sid_calib,real,unknown,calib,92d117ddb8a71e1f,noise005,1,210.92776489257812
0,sid_calib,real,unknown,calib,92d117ddb8a71e1f,noise01,1,223.92050170898438
0,sid_calib,real,unknown,calib,92d117ddb8a71e1f,jitter02,1,206.44009399414062
0,sid_calib,real,unknown,calib,92d117ddb8a71e1f,crop08,1,261.73388671875
0,sid_calib,real,unknown,calib,095f785541b82e90,crop08,1,76.88516998291016
0,sid_calib,real,unknown,calib,f7641d164144f123,clean,1,70.25265502929688
0,sid_calib,real,unknown,calib,f7641d164144f123,jpeg90,1,70.19705200195312
0,sid_calib,real,unknown,calib,f7641d164144f123,jpeg70,1,70.2508773803711
0,sid_calib,real,unknown,calib,f7641d164144f123,jpeg50,1,70.77828216552734
0,sid_calib,real,unknown,calib,f7641d164144f123,jpeg30,1,69.05953216552734
0,sid_calib,real,unknown,calib,f7641d164144f123,blur05,1,70.26748657226562
0,sid_calib,real,unknown,calib,f7641d164144f123,blur10,1,70.08622741699219
0,sid_calib,real,unknown,calib,f7641d164144f123,blur20,1,69.92523956298828
0,sid_calib,real,unknown,calib,f7641d164144f123,resize05,1,70.48299407958984
0,sid_calib,real,unknown,calib,f7641d164144f123,resize025,1,69.96925354003906
0,sid_calib,real,unknown,calib,f7641d164144f123,noise002,1,70.83287811279297
0,sid_calib,real,unknown,calib,f7641d164144f123,crop08,1,92.90827941894531
0,sid_calib,real,unknown,calib,ad95c95abab49ac1,clean,1,93.3493881225586
0,sid_calib,real,unknown,calib,ad95c95abab49ac1,jpeg90,1,93.42242431640625
0,sid_calib,real,unknown,calib,ad95c95abab49ac1,jpeg70,1,93.26964569091797
0,sid_calib,real,unknown,calib,ad95c95abab49ac1,jpeg50,1,93.63732147216797
0,sid_calib,real,unknown,calib,ad95c95abab49ac1,jpeg30,1,88.93883514404297
0,sid_calib,real,unknown,calib,ad95c95abab49ac1,blur05,1,93.10205841064453
0,sid_calib,real,unknown,calib,ad95c95abab49ac1,blur10,1,92.63810729980469
0,sid_calib,real,unknown,calib,ad95c95abab49ac1,blur20,1,91.97723388671875
0,sid_calib,real,unknown,calib,ad95c95abab49ac1,resize05,1,93.41808319091797
0,sid_calib,real,unknown,calib,ad95c95abab49ac1,resize025,1,92.10504150390625
0,sid_calib,real,unknown,calib,ad95c95abab49ac1,noise002,1,93.4384765625
0,sid_calib,real,unknown,calib,ad95c95abab49ac1,noise005,1,92.76896667480469
0,sid_calib,real,unknown,calib,ad95c95abab49ac1,noise01,1,91.25923156738281
0,sid_calib,real,unknown,calib,ad95c95abab49ac1,jitter02,1,93.3251953125
0,sid_calib,real,unknown,calib,ad95c95abab49ac1,crop08,1,116.53382110595703
0,sid_calib,real,unknown,calib,3297da86a699a6b5,crop08,1,65.20091247558594
1,sid_calib,full_synthetic,unknown,calib,4dc5b3d4783a5a6e,clean,1,107.36686706542969
1,sid_calib,full_synthetic,unknown,calib,4dc5b3d4783a5a6e,jpeg90,1,107.36187744140625
1,sid_calib,full_synthetic,unknown,calib,4dc5b3d4783a5a6e,jpeg70,1,106.8407974243164
1,sid_calib,full_synthetic,unknown,calib,4dc5b3d4783a5a6e,jpeg50,1,106.14513397216797
1,sid_calib,full_synthetic,unknown,calib,4dc5b3d4783a5a6e,jpeg30,1,106.1966323852539
1,sid_calib,full_synthetic,unknown,calib,4dc5b3d4783a5a6e,blur05,1,107.3101806640625
1,sid_calib,full_synthetic,unknown,calib,4dc5b3d4783a5a6e,blur10,1,107.18498992919922
1,sid_calib,full_synthetic,unknown,calib,4dc5b3d4783a5a6e,blur20,1,103.9316177368164
1,sid_calib,full_synthetic,unknown,calib,4dc5b3d4783a5a6e,resize05,1,108.05789184570312
1,sid_calib,full_synthetic,unknown,calib,4dc5b3d4783a5a6e,resize025,1,105.85162353515625
1,sid_calib,full_synthetic,unknown,calib,4dc5b3d4783a5a6e,noise002,1,107.82682800292969
1,sid_calib,full_synthetic,unknown,calib,4dc5b3d4783a5a6e,noise005,1,107.90312957763672
1,sid_calib,full_synthetic,unknown,calib,4dc5b3d4783a5a6e,noise01,1,106.84786987304688
1,sid_calib,full_synthetic,unknown,calib,4dc5b3d4783a5a6e,jitter02,1,107.47054290771484
1,sid_calib,full_synthetic,unknown,calib,4dc5b3d4783a5a6e,crop08,1,144.5993194580078
0,sid_calib,real,unknown,calib,0f037f9da61056a7,crop08,1,123.32691192626953
0,sid_calib,real,unknown,calib,1f14980caa9bbc05,clean,1,190.43128967285156
0,sid_calib,real,unknown,calib,1f14980caa9bbc05,jpeg90,1,190.71307373046875
0,sid_calib,real,unknown,calib,1f14980caa9bbc05,jpeg70,1,191.9110107421875
0,sid_calib,real,unknown,calib,1f14980caa9bbc05,jpeg50,1,190.2030487060547
0,sid_calib,real,unknown,calib,1f14980caa9bbc05,jpeg30,1,190.1505889892578
0,sid_calib,real,unknown,calib,1f14980caa9bbc05,blur05,1,190.64938354492188
0,sid_calib,real,unknown,calib,1f14980caa9bbc05,blur10,1,191.9314727783203
0,sid_calib,real,unknown,calib,1f14980caa9bbc05,blur20,1,189.87615966796875
0,sid_calib,real,unknown,calib,1f14980caa9bbc05,resize05,1,190.9633026123047
0,sid_calib,real,unknown,calib,1f14980caa9bbc05,resize025,1,190.8672332763672
0,sid_calib,real,unknown,calib,1f14980caa9bbc05,noise002,1,190.5784912109375
0,sid_calib,real,unknown,calib,1f14980caa9bbc05,noise005,1,190.97007751464844
0,sid_calib,real,unknown,calib,1f14980caa9bbc05,noise01,1,190.13954162597656
0,sid_calib,real,unknown,calib,1f14980caa9bbc05,jitter02,1,189.96417236328125
0,sid_calib,real,unknown,calib,1f14980caa9bbc05,crop08,1,230.99954223632812
0,sid_calib,real,unknown,calib,b15b0111c9a83dfc,clean,1,218.0074462890625
0,sid_calib,real,unknown,calib,b15b0111c9a83dfc,jpeg90,1,215.93386840820312
0,sid_calib,real,unknown,calib,b15b0111c9a83dfc,jpeg70,1,217.12550354003906
0,sid_calib,real,unknown,calib,b15b0111c9a83dfc,jpeg50,1,217.03285217285156
0,sid_calib,real,unknown,calib,b15b0111c9a83dfc,jpeg30,1,210.98704528808594
0,sid_calib,real,unknown,calib,b15b0111c9a83dfc,blur05,1,217.7340087890625
0,sid_calib,real,unknown,calib,b15b0111c9a83dfc,blur10,1,216.03060913085938
0,sid_calib,real,unknown,calib,b15b0111c9a83dfc,blur20,1,215.9776153564453
0,sid_calib,real,unknown,calib,b15b0111c9a83dfc,resize05,1,217.12844848632812
0,sid_calib,real,unknown,calib,b15b0111c9a83dfc,resize025,1,216.74208068847656
0,sid_calib,real,unknown,calib,b15b0111c9a83dfc,noise002,1,217.7459716796875
0,sid_calib,real,unknown,calib,b15b0111c9a83dfc,noise005,1,212.84556579589844
0,sid_calib,real,unknown,calib,b15b0111c9a83dfc,noise01,1,238.56336975097656
0,sid_calib,real,unknown,calib,b15b0111c9a83dfc,jitter02,1,211.00958251953125
0,sid_calib,real,unknown,calib,b15b0111c9a83dfc,crop08,1,288.84454345703125
0,sid_calib,real,unknown,calib,ef651cbd6fae0e46,clean,1,67.69447326660156
0,sid_calib,real,unknown,calib,ef651cbd6fae0e46,jpeg90,1,67.58666229248047
0,sid_calib,real,unknown,calib,ef651cbd6fae0e46,jpeg70,1,67.56802368164062
0,sid_calib,real,unknown,calib,ef651cbd6fae0e46,jpeg50,1,68.86717224121094
0,sid_calib,real,unknown,calib,ef651cbd6fae0e46,jpeg30,1,67.22097778320312
0,sid_calib,real,unknown,calib,ef651cbd6fae0e46,blur05,1,67.73346710205078
0,sid_calib,real,unknown,calib,ef651cbd6fae0e46,blur10,1,68.00914001464844
0,sid_calib,real,unknown,calib,ef651cbd6fae0e46,blur20,1,68.23894500732422
0,sid_calib,real,unknown,calib,ef651cbd6fae0e46,resize05,1,68.62177276611328
0,sid_calib,real,unknown,calib,ef651cbd6fae0e46,resize025,1,68.40526580810547
0,sid_calib,real,unknown,calib,ef651cbd6fae0e46,noise002,1,67.29615020751953
0,sid_calib,real,unknown,calib,ef651cbd6fae0e46,noise005,1,68.15222930908203
0,sid_calib,real,unknown,calib,ef651cbd6fae0e46,noise01,1,67.38910675048828
0,sid_calib,real,unknown,calib,ef651cbd6fae0e46,jitter02,1,68.88398742675781
0,sid_calib,real,unknown,calib,2a1a184e59834d4c,clean,1,97.61022186279297
0,sid_calib,real,unknown,calib,2a1a184e59834d4c,jpeg90,1,97.54650115966797
0,sid_calib,real,unknown,calib,2a1a184e59834d4c,jpeg70,1,96.99345397949219
0,sid_calib,real,unknown,calib,2a1a184e59834d4c,jpeg50,1,97.74723815917969
0,sid_calib,real,unknown,calib,2a1a184e59834d4c,jpeg30,1,97.66622924804688
0,sid_calib,real,unknown,calib,2a1a184e59834d4c,blur05,1,97.58888244628906
0,sid_calib,real,unknown,calib,2a1a184e59834d4c,blur10,1,97.27188110351562
0,sid_calib,real,unknown,calib,2a1a184e59834d4c,blur20,1,96.67689514160156
0,sid_calib,real,unknown,calib,2a1a184e59834d4c,resize05,1,97.38162994384766
0,sid_calib,real,unknown,calib,2a1a184e59834d4c,resize025,1,97.28567504882812
0,sid_calib,real,unknown,calib,2a1a184e59834d4c,noise002,1,97.26516723632812
0,sid_calib,real,unknown,calib,2a1a184e59834d4c,noise005,1,95.7850112915039
0,sid_calib,real,unknown,calib,2a1a184e59834d4c,noise01,1,98.13232421875
0,sid_calib,real,unknown,calib,2a1a184e59834d4c,jitter02,1,98.36567687988281
0,sid_calib,real,unknown,calib,2a1a184e59834d4c,crop08,1,115.67048645019531
1,sid_calib,full_synthetic,unknown,calib,eefbc8efe5dcdc6e,crop08,1,64.9976806640625
1,sid_calib,full_synthetic,unknown,calib,791ded3363544f3a,clean,1,213.388916015625
1,sid_calib,full_synthetic,unknown,calib,791ded3363544f3a,jpeg90,1,213.87109375
1,sid_calib,full_synthetic,unknown,calib,791ded3363544f3a,jpeg70,1,212.90296936035156
1,sid_calib,full_synthetic,unknown,calib,791ded3363544f3a,jpeg50,1,215.27284240722656
1,sid_calib,full_synthetic,unknown,calib,791ded3363544f3a,jpeg30,1,215.99073791503906
1,sid_calib,full_synthetic,unknown,calib,791ded3363544f3a,blur05,1,213.52688598632812
1,sid_calib,full_synthetic,unknown,calib,791ded3363544f3a,blur10,1,213.87173461914062
1,sid_calib,full_synthetic,unknown,calib,791ded3363544f3a,blur20,1,214.06936645507812
1,sid_calib,full_synthetic,unknown,calib,791ded3363544f3a,resize05,1,213.8433074951172
1,sid_calib,full_synthetic,unknown,calib,791ded3363544f3a,resize025,1,215.8054656982422
1,sid_calib,full_synthetic,unknown,calib,791ded3363544f3a,noise002,1,215.19163513183594
1,sid_calib,full_synthetic,unknown,calib,791ded3363544f3a,noise005,1,211.62315368652344
1,sid_calib,full_synthetic,unknown,calib,791ded3363544f3a,noise01,1,219.3517303466797
1,sid_calib,full_synthetic,unknown,calib,791ded3363544f3a,jitter02,1,213.72218322753906
1,sid_calib,full_synthetic,unknown,calib,791ded3363544f3a,crop08,1,260.5294189453125
0,sid_calib,real,unknown,calib,083ec860127175bd,crop08,1,105.6526107788086
0,sid_calib,real,unknown,calib,d12e80729c916d4e,clean,1,131.21929931640625
0,sid_calib,real,unknown,calib,d12e80729c916d4e,jpeg90,1,130.97015380859375
0,sid_calib,real,unknown,calib,d12e80729c916d4e,jpeg70,1,131.24948120117188
0,sid_calib,real,unknown,calib,d12e80729c916d4e,jpeg50,1,129.47650146484375
0,sid_calib,real,unknown,calib,d12e80729c916d4e,jpeg30,1,125.38831329345703
0,sid_calib,real,unknown,calib,d12e80729c916d4e,blur05,1,131.9319305419922
0,sid_calib,real,unknown,calib,d12e80729c916d4e,blur10,1,133.01046752929688
0,sid_calib,real,unknown,calib,d12e80729c916d4e,blur20,1,132.59268188476562
0,sid_calib,real,unknown,calib,d12e80729c916d4e,resize05,1,133.343505859375
0,sid_calib,real,unknown,calib,d12e80729c916d4e,resize025,1,132.29736328125
0,sid_calib,real,unknown,calib,d12e80729c916d4e,noise002,1,131.8350830078125
0,sid_calib,real,unknown,calib,d12e80729c916d4e,noise005,1,130.8613739013672
0,sid_calib,real,unknown,calib,d12e80729c916d4e,noise01,1,124.46469116210938
0,sid_calib,real,unknown,calib,d12e80729c916d4e,jitter02,1,133.0952606201172
0,sid_calib,real,unknown,calib,d12e80729c916d4e,crop08,1,151.72933959960938
0,sid_calib,real,unknown,calib,d03e4af722f34093,crop08,1,76.88465881347656
1,sid_calib,full_synthetic,unknown,calib,42ead3ae5a3690de,clean,1,237.69985961914062
1,sid_calib,full_synthetic,unknown,calib,42ead3ae5a3690de,jpeg90,1,237.901611328125
1,sid_calib,full_synthetic,unknown,calib,42ead3ae5a3690de,jpeg70,1,237.901611328125
1,sid_calib,full_synthetic,unknown,calib,42ead3ae5a3690de,jpeg50,1,237.901611328125
1,sid_calib,full_synthetic,unknown,calib,42ead3ae5a3690de,jpeg30,1,237.901611328125
1,sid_calib,full_synthetic,unknown,calib,42ead3ae5a3690de,blur05,1,237.85536193847656
1,sid_calib,full_synthetic,unknown,calib,42ead3ae5a3690de,blur10,1,237.48890686035156
1,sid_calib,full_synthetic,unknown,calib,42ead3ae5a3690de,blur20,1,236.01834106445312
1,sid_calib,full_synthetic,unknown,calib,42ead3ae5a3690de,resize05,1,238.05723571777344
1,sid_calib,full_synthetic,unknown,calib,42ead3ae5a3690de,resize025,1,236.69004821777344
1,sid_calib,full_synthetic,unknown,calib,42ead3ae5a3690de,noise002,1,238.04412841796875
1,sid_calib,full_synthetic,unknown,calib,42ead3ae5a3690de,noise005,1,241.76776123046875
1,sid_calib,full_synthetic,unknown,calib,42ead3ae5a3690de,noise01,1,252.7863311767578
1,sid_calib,full_synthetic,unknown,calib,42ead3ae5a3690de,jitter02,1,236.52484130859375
1,sid_calib,full_synthetic,unknown,calib,42ead3ae5a3690de,crop08,1,293.3027648925781
0,sid_calib,real,unknown,calib,ef0c811ae437c62b,clean,1,135.91368103027344
0,sid_calib,real,unknown,calib,ef0c811ae437c62b,jpeg90,1,136.0188446044922
0,sid_calib,real,unknown,calib,ef0c811ae437c62b,jpeg70,1,136.5126953125
0,sid_calib,real,unknown,calib,ef0c811ae437c62b,jpeg50,1,135.07058715820312
0,sid_calib,real,unknown,calib,ef0c811ae437c62b,jpeg30,1,136.6654815673828
0,sid_calib,real,unknown,calib,ef0c811ae437c62b,blur05,1,135.6648712158203
0,sid_calib,real,unknown,calib,ef0c811ae437c62b,blur10,1,134.8190155029297
0,sid_calib,real,unknown,calib,ef0c811ae437c62b,blur20,1,138.63015747070312
0,sid_calib,real,unknown,calib,ef0c811ae437c62b,resize05,1,135.45376586914062
0,sid_calib,real,unknown,calib,ef0c811ae437c62b,resize025,1,139.6778106689453
0,sid_calib,real,unknown,calib,ef0c811ae437c62b,noise002,1,135.65602111816406
0,sid_calib,real,unknown,calib,ef0c811ae437c62b,noise005,1,135.5724639892578
0,sid_calib,real,unknown,calib,ef0c811ae437c62b,noise01,1,141.675048828125
0,sid_calib,real,unknown,calib,ef0c811ae437c62b,jitter02,1,136.2965850830078
0,sid_calib,real,unknown,calib,ef0c811ae437c62b,crop08,1,165.75634765625
0,sid_calib,real,unknown,calib,b186ff4a71d77ded,crop08,1,64.44746398925781
1,sid_calib,full_synthetic,unknown,calib,3fe93a81b5e301ad,clean,1,194.88194274902344
1,sid_calib,full_synthetic,unknown,calib,3fe93a81b5e301ad,jpeg90,1,194.59127807617188
1,sid_calib,full_synthetic,unknown,calib,3fe93a81b5e301ad,jpeg70,1,194.06411743164062
1,sid_calib,full_synthetic,unknown,calib,3fe93a81b5e301ad,jpeg50,1,196.4444122314453
1,sid_calib,full_synthetic,unknown,calib,3fe93a81b5e301ad,jpeg30,1,195.94180297851562
1,sid_calib,full_synthetic,unknown,calib,3fe93a81b5e301ad,blur05,1,195.30252075195312
1,sid_calib,full_synthetic,unknown,calib,3fe93a81b5e301ad,blur10,1,196.24600219726562
1,sid_calib,full_synthetic,unknown,calib,3fe93a81b5e301ad,blur20,1,199.71151733398438
1,sid_calib,full_synthetic,unknown,calib,3fe93a81b5e301ad,resize05,1,195.68240356445312
1,sid_calib,full_synthetic,unknown,calib,3fe93a81b5e301ad,resize025,1,198.30833435058594
1,sid_calib,full_synthetic,unknown,calib,3fe93a81b5e301ad,noise002,1,196.94375610351562
1,sid_calib,full_synthetic,unknown,calib,3fe93a81b5e301ad,noise005,1,201.4494171142578
1,sid_calib,full_synthetic,unknown,calib,3fe93a81b5e301ad,noise01,1,214.35475158691406
1,sid_calib,full_synthetic,unknown,calib,3fe93a81b5e301ad,jitter02,1,193.5806121826172
1,sid_calib,full_synthetic,unknown,calib,3fe93a81b5e301ad,crop08,1,247.15350341796875
0,sid_calib,real,unknown,calib,f48211f5825ce9c1,clean,1,102.16788482666016
0,sid_calib,real,unknown,calib,f48211f5825ce9c1,jpeg90,1,102.4168472290039
0,sid_calib,real,unknown,calib,f48211f5825ce9c1,jpeg70,1,103.00146484375
0,sid_calib,real,unknown,calib,f48211f5825ce9c1,jpeg50,1,102.64107513427734
0,sid_calib,real,unknown,calib,f48211f5825ce9c1,jpeg30,1,103.28131103515625
0,sid_calib,real,unknown,calib,f48211f5825ce9c1,blur05,1,102.14283752441406
0,sid_calib,real,unknown,calib,f48211f5825ce9c1,blur10,1,101.7989730834961
0,sid_calib,real,unknown,calib,f48211f5825ce9c1,blur20,1,100.95577239990234
0,sid_calib,real,unknown,calib,f48211f5825ce9c1,resize05,1,102.1117172241211
0,sid_calib,real,unknown,calib,f48211f5825ce9c1,resize025,1,101.38517761230469
0,sid_calib,real,unknown,calib,f48211f5825ce9c1,noise002,1,102.26615142822266
0,sid_calib,real,unknown,calib,f48211f5825ce9c1,noise005,1,104.19764709472656
0,sid_calib,real,unknown,calib,f48211f5825ce9c1,noise01,1,105.87976837158203
0,sid_calib,real,unknown,calib,f48211f5825ce9c1,jitter02,1,102.63219451904297
0,sid_calib,real,unknown,calib,f48211f5825ce9c1,crop08,1,130.279052734375
1,sid_calib,full_synthetic,unknown,calib,7a458e7440998c91,clean,1,134.2861785888672
1,sid_calib,full_synthetic,unknown,calib,7a458e7440998c91,jpeg90,1,134.01060485839844
1,sid_calib,full_synthetic,unknown,calib,7a458e7440998c91,jpeg70,1,133.40870666503906
1,sid_calib,full_synthetic,unknown,calib,7a458e7440998c91,jpeg50,1,134.243408203125
1,sid_calib,full_synthetic,unknown,calib,7a458e7440998c91,jpeg30,1,136.83151245117188
1,sid_calib,full_synthetic,unknown,calib,7a458e7440998c91,blur05,1,134.56997680664062
1,sid_calib,full_synthetic,unknown,calib,7a458e7440998c91,blur10,1,135.67739868164062
1,sid_calib,full_synthetic,unknown,calib,7a458e7440998c91,blur20,1,136.0874481201172
1,sid_calib,full_synthetic,unknown,calib,7a458e7440998c91,resize05,1,135.0926055908203
1,sid_calib,full_synthetic,unknown,calib,7a458e7440998c91,resize025,1,135.17063903808594
1,sid_calib,full_synthetic,unknown,calib,7a458e7440998c91,noise002,1,134.2825927734375
1,sid_calib,full_synthetic,unknown,calib,7a458e7440998c91,noise005,1,134.05108642578125
1,sid_calib,full_synthetic,unknown,calib,7a458e7440998c91,noise01,1,138.21054077148438
1,sid_calib,full_synthetic,unknown,calib,7a458e7440998c91,jitter02,1,133.54930114746094
1,sid_calib,full_synthetic,unknown,calib,7a458e7440998c91,crop08,1,162.58645629882812
1,sid_calib,full_synthetic,unknown,calib,2c3891ba0e4967ca,jpeg70,1,100.96681213378906
1,sid_calib,full_synthetic,unknown,calib,2c3891ba0e4967ca,jpeg30,1,100.26225280761719
1,sid_calib,full_synthetic,unknown,calib,2c3891ba0e4967ca,blur05,1,101.94597625732422
1,sid_calib,full_synthetic,unknown,calib,2c3891ba0e4967ca,blur10,1,103.15320587158203
1,sid_calib,full_synthetic,unknown,calib,2c3891ba0e4967ca,blur20,1,105.38772583007812
1,sid_calib,full_synthetic,unknown,calib,2c3891ba0e4967ca,resize05,1,102.1247329711914
1,sid_calib,full_synthetic,unknown,calib,2c3891ba0e4967ca,resize025,1,103.28777313232422
1,sid_calib,full_synthetic,unknown,calib,2c3891ba0e4967ca,noise005,1,105.14282989501953
1,sid_calib,full_synthetic,unknown,calib,2c3891ba0e4967ca,jitter02,1,104.41552734375
1,sid_calib,full_synthetic,unknown,calib,2c3891ba0e4967ca,crop08,1,124.59048461914062
1,sid_calib,full_synthetic,unknown,calib,3e5abda9e9b6f53d,clean,1,217.8391876220703
1,sid_calib,full_synthetic,unknown,calib,3e5abda9e9b6f53d,jpeg90,1,217.35092163085938
1,sid_calib,full_synthetic,unknown,calib,3e5abda9e9b6f53d,jpeg70,1,213.6099853515625
1,sid_calib,full_synthetic,unknown,calib,3e5abda9e9b6f53d,jpeg50,1,213.51809692382812
1,sid_calib,full_synthetic,unknown,calib,3e5abda9e9b6f53d,jpeg30,1,214.64613342285156
1,sid_calib,full_synthetic,unknown,calib,3e5abda9e9b6f53d,blur05,1,216.3326873779297
1,sid_calib,full_synthetic,unknown,calib,3e5abda9e9b6f53d,blur10,1,214.54710388183594
1,sid_calib,full_synthetic,unknown,calib,3e5abda9e9b6f53d,blur20,1,215.735107421875
1,sid_calib,full_synthetic,unknown,calib,3e5abda9e9b6f53d,resize05,1,214.50746154785156
1,sid_calib,full_synthetic,unknown,calib,3e5abda9e9b6f53d,resize025,1,217.23361206054688
1,sid_calib,full_synthetic,unknown,calib,3e5abda9e9b6f53d,noise002,1,219.39321899414062
1,sid_calib,full_synthetic,unknown,calib,3e5abda9e9b6f53d,noise005,1,208.9645233154297
1,sid_calib,full_synthetic,unknown,calib,3e5abda9e9b6f53d,noise01,1,218.47769165039062
1,sid_calib,full_synthetic,unknown,calib,3e5abda9e9b6f53d,jitter02,1,216.9757843017578
1,sid_calib,full_synthetic,unknown,calib,3e5abda9e9b6f53d,crop08,1,274.32513427734375
1,sid_calib,full_synthetic,unknown,calib,99c75e1fbc4e87e0,clean,1,79.47561645507812
1,sid_calib,full_synthetic,unknown,calib,99c75e1fbc4e87e0,jpeg90,1,79.29596710205078
1,sid_calib,full_synthetic,unknown,calib,99c75e1fbc4e87e0,jpeg70,1,79.5064468383789
1,sid_calib,full_synthetic,unknown,calib,99c75e1fbc4e87e0,jpeg50,1,80.28726196289062
1,sid_calib,full_synthetic,unknown,calib,99c75e1fbc4e87e0,jpeg30,1,79.06099700927734
1,sid_calib,full_synthetic,unknown,calib,99c75e1fbc4e87e0,blur05,1,79.62512969970703
1,sid_calib,full_synthetic,unknown,calib,99c75e1fbc4e87e0,blur10,1,79.73947143554688
1,sid_calib,full_synthetic,unknown,calib,99c75e1fbc4e87e0,blur20,1,79.47557067871094
1,sid_calib,full_synthetic,unknown,calib,99c75e1fbc4e87e0,resize05,1,79.56903839111328
1,sid_calib,full_synthetic,unknown,calib,99c75e1fbc4e87e0,resize025,1,79.99374389648438
1,sid_calib,full_synthetic,unknown,calib,99c75e1fbc4e87e0,noise002,1,78.8453369140625
1,sid_calib,full_synthetic,unknown,calib,99c75e1fbc4e87e0,noise005,1,79.96649932861328
1,sid_calib,full_synthetic,unknown,calib,99c75e1fbc4e87e0,noise01,1,73.0307388305664
1,sid_calib,full_synthetic,unknown,calib,99c75e1fbc4e87e0,jitter02,1,79.30529022216797
1,sid_calib,full_synthetic,unknown,calib,99c75e1fbc4e87e0,crop08,1,105.76020050048828
0,sid_calib,real,unknown,calib,8a449d4077bd12c9,crop08,1,87.99691009521484
0,sid_calib,real,unknown,calib,5c1417d00fa7b32d,clean,1,112.8903579711914
0,sid_calib,real,unknown,calib,5c1417d00fa7b32d,jpeg90,1,112.9991226196289
0,sid_calib,real,unknown,calib,5c1417d00fa7b32d,jpeg70,1,112.54545593261719
0,sid_calib,real,unknown,calib,5c1417d00fa7b32d,jpeg50,1,112.32925415039062
0,sid_calib,real,unknown,calib,5c1417d00fa7b32d,jpeg30,1,112.28938293457031
0,sid_calib,real,unknown,calib,5c1417d00fa7b32d,blur05,1,112.84681701660156
0,sid_calib,real,unknown,calib,5c1417d00fa7b32d,blur10,1,112.59159088134766
0,sid_calib,real,unknown,calib,5c1417d00fa7b32d,blur20,1,111.1800308227539
0,sid_calib,real,unknown,calib,5c1417d00fa7b32d,resize05,1,112.85332489013672
0,sid_calib,real,unknown,calib,5c1417d00fa7b32d,resize025,1,111.66700744628906
0,sid_calib,real,unknown,calib,5c1417d00fa7b32d,noise002,1,113.20392608642578
0,sid_calib,real,unknown,calib,5c1417d00fa7b32d,noise005,1,112.01162719726562
0,sid_calib,real,unknown,calib,5c1417d00fa7b32d,noise01,1,110.79795837402344
0,sid_calib,real,unknown,calib,5c1417d00fa7b32d,jitter02,1,112.587890625
0,sid_calib,real,unknown,calib,5c1417d00fa7b32d,crop08,1,142.18333435058594
1,sid_calib,full_synthetic,unknown,calib,087d19c0bdb289bf,clean,1,126.22639465332031
1,sid_calib,full_synthetic,unknown,calib,087d19c0bdb289bf,jpeg90,1,126.27518463134766
1,sid_calib,full_synthetic,unknown,calib,087d19c0bdb289bf,jpeg70,1,126.34032440185547
1,sid_calib,full_synthetic,unknown,calib,087d19c0bdb289bf,jpeg50,1,126.65708923339844
1,sid_calib,full_synthetic,unknown,calib,087d19c0bdb289bf,jpeg30,1,126.93524169921875
1,sid_calib,full_synthetic,unknown,calib,087d19c0bdb289bf,blur05,1,126.539794921875
1,sid_calib,full_synthetic,unknown,calib,087d19c0bdb289bf,blur10,1,126.95161437988281
1,sid_calib,full_synthetic,unknown,calib,087d19c0bdb289bf,blur20,1,126.3095703125
1,sid_calib,full_synthetic,unknown,calib,087d19c0bdb289bf,resize05,1,126.64238739013672
1,sid_calib,full_synthetic,unknown,calib,087d19c0bdb289bf,resize025,1,126.6956558227539
1,sid_calib,full_synthetic,unknown,calib,087d19c0bdb289bf,noise002,1,125.89530181884766
1,sid_calib,full_synthetic,unknown,calib,087d19c0bdb289bf,noise005,1,125.45667266845703
1,sid_calib,full_synthetic,unknown,calib,087d19c0bdb289bf,noise01,1,127.00540924072266
1,sid_calib,full_synthetic,unknown,calib,087d19c0bdb289bf,jitter02,1,126.46207427978516
1,sid_calib,full_synthetic,unknown,calib,087d19c0bdb289bf,crop08,1,154.74562072753906
1,sid_calib,full_synthetic,unknown,calib,d962d60e020198e7,clean,1,98.8372573852539
1,sid_calib,full_synthetic,unknown,calib,d962d60e020198e7,jpeg90,1,98.41727447509766
1,sid_calib,full_synthetic,unknown,calib,d962d60e020198e7,jpeg70,1,98.51187133789062
1,sid_calib,full_synthetic,unknown,calib,d962d60e020198e7,jpeg50,1,99.08179473876953
1,sid_calib,full_synthetic,unknown,calib,d962d60e020198e7,jpeg30,1,98.41278076171875
1,sid_calib,full_synthetic,unknown,calib,d962d60e020198e7,blur05,1,98.53301239013672
1,sid_calib,full_synthetic,unknown,calib,d962d60e020198e7,blur10,1,98.18413543701172
1,sid_calib,full_synthetic,unknown,calib,d962d60e020198e7,noise002,1,99.48231506347656
1,sid_calib,full_synthetic,unknown,calib,d962d60e020198e7,noise005,1,100.62452697753906
1,sid_calib,full_synthetic,unknown,calib,d962d60e020198e7,noise01,1,99.63368225097656
1,sid_calib,full_synthetic,unknown,calib,d962d60e020198e7,jitter02,1,99.67013549804688
1,sid_calib,full_synthetic,unknown,calib,d962d60e020198e7,crop08,1,119.69837951660156
1,sid_calib,full_synthetic,unknown,calib,95d0a0f5c384f62e,clean,1,67.72843933105469
1,sid_calib,full_synthetic,unknown,calib,95d0a0f5c384f62e,jpeg90,1,67.67379760742188
1,sid_calib,full_synthetic,unknown,calib,95d0a0f5c384f62e,jpeg70,1,67.50096893310547
1,sid_calib,full_synthetic,unknown,calib,95d0a0f5c384f62e,jpeg50,1,68.27454376220703
1,sid_calib,full_synthetic,unknown,calib,95d0a0f5c384f62e,jpeg30,1,67.49373626708984
1,sid_calib,full_synthetic,unknown,calib,95d0a0f5c384f62e,blur05,1,67.63750457763672
1,sid_calib,full_synthetic,unknown,calib,95d0a0f5c384f62e,blur10,1,67.3275146484375
1,sid_calib,full_synthetic,unknown,calib,95d0a0f5c384f62e,blur20,1,64.86031341552734
1,sid_calib,full_synthetic,unknown,calib,95d0a0f5c384f62e,resize05,1,67.7870101928711
1,sid_calib,full_synthetic,unknown,calib,95d0a0f5c384f62e,resize025,1,65.4090805053711
1,sid_calib,full_synthetic,unknown,calib,95d0a0f5c384f62e,noise002,1,67.97834014892578
1,sid_calib,full_synthetic,unknown,calib,95d0a0f5c384f62e,noise005,1,68.0405502319336
1,sid_calib,full_synthetic,unknown,calib,95d0a0f5c384f62e,noise01,1,66.15070343017578
1,sid_calib,full_synthetic,unknown,calib,95d0a0f5c384f62e,jitter02,1,68.23163604736328
1,sid_calib,full_synthetic,unknown,calib,95d0a0f5c384f62e,crop08,1,85.69161987304688
0,sid_calib,real,unknown,calib,7c18067fbb2eee48,clean,1,539.3150634765625
0,sid_calib,real,unknown,calib,7c18067fbb2eee48,jpeg90,1,538.6107177734375
0,sid_calib,real,unknown,calib,7c18067fbb2eee48,jpeg70,1,540.3096313476562
0,sid_calib,real,unknown,calib,7c18067fbb2eee48,jpeg50,1,541.1366577148438
0,sid_calib,real,unknown,calib,7c18067fbb2eee48,jpeg30,1,548.859619140625
0,sid_calib,real,unknown,calib,7c18067fbb2eee48,blur05,1,540.0197143554688
0,sid_calib,real,unknown,calib,7c18067fbb2eee48,blur10,1,543.455810546875
0,sid_calib,real,unknown,calib,7c18067fbb2eee48,blur20,1,548.5922241210938
0,sid_calib,real,unknown,calib,7c18067fbb2eee48,resize05,1,541.8073120117188
0,sid_calib,real,unknown,calib,7c18067fbb2eee48,resize025,1,549.4627075195312
0,sid_calib,real,unknown,calib,7c18067fbb2eee48,noise002,1,541.7319946289062
0,sid_calib,real,unknown,calib,7c18067fbb2eee48,noise005,1,563.6435546875
0,sid_calib,real,unknown,calib,7c18067fbb2eee48,noise01,1,567.0018310546875
0,sid_calib,real,unknown,calib,7c18067fbb2eee48,jitter02,1,536.6820678710938
0,sid_calib,real,unknown,calib,7c18067fbb2eee48,crop08,1,593.9299926757812
0,sid_calib,real,unknown,calib,0572ebbab26f2421,clean,1,96.82514190673828
0,sid_calib,real,unknown,calib,0572ebbab26f2421,jpeg90,1,96.9796142578125
0,sid_calib,real,unknown,calib,0572ebbab26f2421,jpeg70,1,96.48448181152344
0,sid_calib,real,unknown,calib,0572ebbab26f2421,jpeg50,1,95.95037078857422
0,sid_calib,real,unknown,calib,0572ebbab26f2421,jpeg30,1,96.6778335571289
0,sid_calib,real,unknown,calib,0572ebbab26f2421,blur05,1,96.56171417236328
0,sid_calib,real,unknown,calib,0572ebbab26f2421,blur10,1,95.30244445800781
0,sid_calib,real,unknown,calib,0572ebbab26f2421,resize05,1,96.15953826904297
0,sid_calib,real,unknown,calib,0572ebbab26f2421,noise002,1,96.31102752685547
0,sid_calib,real,unknown,calib,0572ebbab26f2421,noise005,1,98.00452423095703
0,sid_calib,real,unknown,calib,0572ebbab26f2421,jitter02,1,97.42937469482422
0,sid_calib,real,unknown,calib,0572ebbab26f2421,crop08,1,120.8568344116211
1,sid_calib,full_synthetic,unknown,calib,f44a105e74a75536,clean,1,86.44898223876953
1,sid_calib,full_synthetic,unknown,calib,f44a105e74a75536,jpeg90,1,86.22551727294922
1,sid_calib,full_synthetic,unknown,calib,f44a105e74a75536,jpeg70,1,86.27337646484375
1,sid_calib,full_synthetic,unknown,calib,f44a105e74a75536,jpeg50,1,87.16063690185547
1,sid_calib,full_synthetic,unknown,calib,f44a105e74a75536,jpeg30,1,87.50503540039062
1,sid_calib,full_synthetic,unknown,calib,f44a105e74a75536,blur05,1,86.43575286865234
1,sid_calib,full_synthetic,unknown,calib,f44a105e74a75536,blur10,1,86.71421813964844
1,sid_calib,full_synthetic,unknown,calib,f44a105e74a75536,resize05,1,86.7037353515625
1,sid_calib,full_synthetic,unknown,calib,f44a105e74a75536,resize025,1,87.25518035888672
1,sid_calib,full_synthetic,unknown,calib,f44a105e74a75536,noise002,1,86.03897094726562
1,sid_calib,full_synthetic,unknown,calib,f44a105e74a75536,noise005,1,88.1224365234375
1,sid_calib,full_synthetic,unknown,calib,f44a105e74a75536,noise01,1,85.62056732177734
1,sid_calib,full_synthetic,unknown,calib,f44a105e74a75536,jitter02,1,86.12487030029297
1,sid_calib,full_synthetic,unknown,calib,f44a105e74a75536,crop08,1,109.81440734863281
1,sid_calib,full_synthetic,unknown,calib,b8650e8323130649,clean,1,72.71776580810547
1,sid_calib,full_synthetic,unknown,calib,b8650e8323130649,jpeg90,1,72.89164733886719
1,sid_calib,full_synthetic,unknown,calib,b8650e8323130649,jpeg70,1,72.64393615722656
1,sid_calib,full_synthetic,unknown,calib,b8650e8323130649,jpeg50,1,72.71505737304688
1,sid_calib,full_synthetic,unknown,calib,b8650e8323130649,jpeg30,1,72.08662414550781
1,sid_calib,full_synthetic,unknown,calib,b8650e8323130649,blur05,1,72.73112487792969
1,sid_calib,full_synthetic,unknown,calib,b8650e8323130649,blur10,1,72.01854705810547
1,sid_calib,full_synthetic,unknown,calib,b8650e8323130649,blur20,1,71.48921966552734
1,sid_calib,full_synthetic,unknown,calib,b8650e8323130649,resize05,1,72.62000274658203
1,sid_calib,full_synthetic,unknown,calib,b8650e8323130649,resize025,1,71.41273498535156
1,sid_calib,full_synthetic,unknown,calib,b8650e8323130649,noise002,1,72.41637420654297
1,sid_calib,full_synthetic,unknown,calib,b8650e8323130649,noise005,1,72.39553833007812
1,sid_calib,full_synthetic,unknown,calib,b8650e8323130649,jitter02,1,73.20340728759766
1,sid_calib,full_synthetic,unknown,calib,b8650e8323130649,crop08,1,85.90044403076172
1,sid_calib,full_synthetic,unknown,calib,6b692504878d649b,clean,1,165.75160217285156
1,sid_calib,full_synthetic,unknown,calib,6b692504878d649b,jpeg90,1,166.3524932861328
1,sid_calib,full_synthetic,unknown,calib,6b692504878d649b,jpeg70,1,166.81198120117188
1,sid_calib,full_synthetic,unknown,calib,6b692504878d649b,jpeg50,1,166.59930419921875
1,sid_calib,full_synthetic,unknown,calib,6b692504878d649b,jpeg30,1,163.74891662597656
1,sid_calib,full_synthetic,unknown,calib,6b692504878d649b,blur05,1,166.2750244140625
1,sid_calib,full_synthetic,unknown,calib,6b692504878d649b,blur10,1,165.32882690429688
1,sid_calib,full_synthetic,unknown,calib,6b692504878d649b,blur20,1,162.24530029296875
1,sid_calib,full_synthetic,unknown,calib,6b692504878d649b,resize05,1,164.9228515625
1,sid_calib,full_synthetic,unknown,calib,6b692504878d649b,resize025,1,165.61390686035156
1,sid_calib,full_synthetic,unknown,calib,6b692504878d649b,noise002,1,161.0935516357422
1,sid_calib,full_synthetic,unknown,calib,6b692504878d649b,noise005,1,165.023193359375
1,sid_calib,full_synthetic,unknown,calib,6b692504878d649b,noise01,1,167.66226196289062
1,sid_calib,full_synthetic,unknown,calib,6b692504878d649b,jitter02,1,162.60281372070312
1,sid_calib,full_synthetic,unknown,calib,6b692504878d649b,crop08,1,195.26702880859375
1,sid_calib,full_synthetic,unknown,calib,9c4a4904dfdd0ec0,clean,1,82.3882064819336
1,sid_calib,full_synthetic,unknown,calib,9c4a4904dfdd0ec0,jpeg90,1,81.24909973144531
1,sid_calib,full_synthetic,unknown,calib,9c4a4904dfdd0ec0,jpeg70,1,81.24909973144531
1,sid_calib,full_synthetic,unknown,calib,9c4a4904dfdd0ec0,jpeg50,1,81.24909973144531
1,sid_calib,full_synthetic,unknown,calib,9c4a4904dfdd0ec0,jpeg30,1,81.24909973144531
1,sid_calib,full_synthetic,unknown,calib,9c4a4904dfdd0ec0,blur05,1,82.31025695800781
1,sid_calib,full_synthetic,unknown,calib,9c4a4904dfdd0ec0,blur10,1,82.27864074707031
1,sid_calib,full_synthetic,unknown,calib,9c4a4904dfdd0ec0,blur20,1,83.9039306640625
1,sid_calib,full_synthetic,unknown,calib,9c4a4904dfdd0ec0,resize05,1,82.47737121582031
1,sid_calib,full_synthetic,unknown,calib,9c4a4904dfdd0ec0,resize025,1,83.54901123046875
1,sid_calib,full_synthetic,unknown,calib,9c4a4904dfdd0ec0,noise002,1,82.680908203125
1,sid_calib,full_synthetic,unknown,calib,9c4a4904dfdd0ec0,noise005,1,83.11495208740234
1,sid_calib,full_synthetic,unknown,calib,9c4a4904dfdd0ec0,noise01,1,87.10224914550781
1,sid_calib,full_synthetic,unknown,calib,9c4a4904dfdd0ec0,jitter02,1,82.25774383544922
1,sid_calib,full_synthetic,unknown,calib,9c4a4904dfdd0ec0,crop08,1,108.5674819946289
1,sid_calib,full_synthetic,unknown,calib,4151987e18995f1e,clean,1,77.22539520263672
1,sid_calib,full_synthetic,unknown,calib,4151987e18995f1e,jpeg90,1,77.63960266113281
1,sid_calib,full_synthetic,unknown,calib,4151987e18995f1e,jpeg70,1,76.9570541381836
1,sid_calib,full_synthetic,unknown,calib,4151987e18995f1e,jpeg50,1,78.28924560546875
1,sid_calib,full_synthetic,unknown,calib,4151987e18995f1e,jpeg30,1,76.24169921875
1,sid_calib,full_synthetic,unknown,calib,4151987e18995f1e,blur05,1,76.82907104492188
1,sid_calib,full_synthetic,unknown,calib,4151987e18995f1e,blur10,1,75.87982177734375
1,sid_calib,full_synthetic,unknown,calib,4151987e18995f1e,blur20,1,74.08345794677734
1,sid_calib,full_synthetic,unknown,calib,4151987e18995f1e,resize05,1,76.39241027832031
1,sid_calib,full_synthetic,unknown,calib,4151987e18995f1e,resize025,1,74.15388488769531
1,sid_calib,full_synthetic,unknown,calib,4151987e18995f1e,noise002,1,78.2453384399414
1,sid_calib,full_synthetic,unknown,calib,4151987e18995f1e,noise005,1,75.19786071777344
1,sid_calib,full_synthetic,unknown,calib,4151987e18995f1e,noise01,1,77.71672821044922
1,sid_calib,full_synthetic,unknown,calib,4151987e18995f1e,jitter02,1,78.03303527832031
1,sid_calib,full_synthetic,unknown,calib,4151987e18995f1e,crop08,1,95.0695571899414
0,sid_calib,real,unknown,calib,90469afa152ec4fa,clean,1,147.7076416015625
0,sid_calib,real,unknown,calib,90469afa152ec4fa,jpeg90,1,147.73138427734375
0,sid_calib,real,unknown,calib,90469afa152ec4fa,jpeg70,1,147.3666534423828
0,sid_calib,real,unknown,calib,90469afa152ec4fa,jpeg50,1,149.0238037109375
0,sid_calib,real,unknown,calib,90469afa152ec4fa,jpeg30,1,146.18826293945312
0,sid_calib,real,unknown,calib,90469afa152ec4fa,blur05,1,147.84202575683594
0,sid_calib,real,unknown,calib,90469afa152ec4fa,blur10,1,148.51283264160156
0,sid_calib,real,unknown,calib,90469afa152ec4fa,blur20,1,157.14698791503906
0,sid_calib,real,unknown,calib,90469afa152ec4fa,resize05,1,148.04222106933594
0,sid_calib,real,unknown,calib,90469afa152ec4fa,resize025,1,155.77487182617188
0,sid_calib,real,unknown,calib,90469afa152ec4fa,noise002,1,147.65342712402344
0,sid_calib,real,unknown,calib,90469afa152ec4fa,noise005,1,148.70465087890625
0,sid_calib,real,unknown,calib,90469afa152ec4fa,noise01,1,157.35374450683594
0,sid_calib,real,unknown,calib,90469afa152ec4fa,jitter02,1,156.25613403320312
0,sid_calib,real,unknown,calib,90469afa152ec4fa,crop08,1,189.40614318847656
1,sid_calib,full_synthetic,unknown,calib,9876fc3611a3a658,crop08,1,161.7989044189453
0,sid_calib,real,unknown,calib,a18905777b26d0ec,clean,1,81.99583435058594
0,sid_calib,real,unknown,calib,a18905777b26d0ec,jpeg90,1,81.78652954101562
0,sid_calib,real,unknown,calib,a18905777b26d0ec,jpeg70,1,81.98566436767578
0,sid_calib,real,unknown,calib,a18905777b26d0ec,jpeg50,1,82.14830017089844
0,sid_calib,real,unknown,calib,a18905777b26d0ec,jpeg30,1,82.23162078857422
0,sid_calib,real,unknown,calib,a18905777b26d0ec,blur05,1,81.93042755126953
0,sid_calib,real,unknown,calib,a18905777b26d0ec,blur10,1,81.91117095947266
0,sid_calib,real,unknown,calib,a18905777b26d0ec,blur20,1,81.07318878173828
0,sid_calib,real,unknown,calib,a18905777b26d0ec,resize05,1,81.8988037109375
0,sid_calib,real,unknown,calib,a18905777b26d0ec,resize025,1,81.74878692626953
0,sid_calib,real,unknown,calib,a18905777b26d0ec,noise002,1,82.17134094238281
0,sid_calib,real,unknown,calib,a18905777b26d0ec,noise005,1,82.48966217041016
0,sid_calib,real,unknown,calib,a18905777b26d0ec,noise01,1,82.92448425292969
0,sid_calib,real,unknown,calib,a18905777b26d0ec,jitter02,1,83.6163330078125
0,sid_calib,real,unknown,calib,a18905777b26d0ec,crop08,1,101.30083465576172
0,sid_calib,real,unknown,calib,ef6715684df8d8a2,clean,1,290.7218017578125
0,sid_calib,real,unknown,calib,ef6715684df8d8a2,jpeg90,1,289.06695556640625
0,sid_calib,real,unknown,calib,ef6715684df8d8a2,jpeg70,1,288.9824523925781
0,sid_calib,real,unknown,calib,ef6715684df8d8a2,jpeg50,1,292.7786560058594
0,sid_calib,real,unknown,calib,ef6715684df8d8a2,jpeg30,1,290.2531433105469
0,sid_calib,real,unknown,calib,ef6715684df8d8a2,blur05,1,291.2820129394531
0,sid_calib,real,unknown,calib,ef6715684df8d8a2,blur10,1,290.356201171875
0,sid_calib,real,unknown,calib,ef6715684df8d8a2,blur20,1,285.0683898925781
0,sid_calib,real,unknown,calib,ef6715684df8d8a2,resize05,1,291.4124755859375
0,sid_calib,real,unknown,calib,ef6715684df8d8a2,resize025,1,287.3240966796875
0,sid_calib,real,unknown,calib,ef6715684df8d8a2,noise002,1,290.5
0,sid_calib,real,unknown,calib,ef6715684df8d8a2,noise005,1,294.0556640625
0,sid_calib,real,unknown,calib,ef6715684df8d8a2,noise01,1,306.714599609375
0,sid_calib,real,unknown,calib,ef6715684df8d8a2,jitter02,1,294.1152648925781
0,sid_calib,real,unknown,calib,ef6715684df8d8a2,crop08,1,374.5348815917969
0,sid_calib,real,unknown,calib,46d15e3ebae6b19c,clean,1,121.74205017089844
0,sid_calib,real,unknown,calib,46d15e3ebae6b19c,jpeg90,1,121.4224624633789
0,sid_calib,real,unknown,calib,46d15e3ebae6b19c,jpeg70,1,122.07041931152344
0,sid_calib,real,unknown,calib,46d15e3ebae6b19c,jpeg50,1,121.98377990722656
0,sid_calib,real,unknown,calib,46d15e3ebae6b19c,jpeg30,1,121.75818634033203
0,sid_calib,real,unknown,calib,46d15e3ebae6b19c,blur05,1,121.97624969482422
0,sid_calib,real,unknown,calib,46d15e3ebae6b19c,blur10,1,121.92408752441406
0,sid_calib,real,unknown,calib,46d15e3ebae6b19c,blur20,1,122.3233871459961
0,sid_calib,real,unknown,calib,46d15e3ebae6b19c,resize05,1,122.06925201416016
0,sid_calib,real,unknown,calib,46d15e3ebae6b19c,resize025,1,121.93065643310547
0,sid_calib,real,unknown,calib,46d15e3ebae6b19c,noise002,1,121.9235610961914
0,sid_calib,real,unknown,calib,46d15e3ebae6b19c,noise005,1,122.17488861083984
0,sid_calib,real,unknown,calib,46d15e3ebae6b19c,noise01,1,116.51776885986328
0,sid_calib,real,unknown,calib,46d15e3ebae6b19c,jitter02,1,121.34354400634766
0,sid_calib,real,unknown,calib,46d15e3ebae6b19c,crop08,1,151.05484008789062
0,sid_calib,real,unknown,calib,9284c616af0bf3a6,noise01,1,174.10752868652344
0,sid_calib,real,unknown,calib,9284c616af0bf3a6,crop08,1,169.30812072753906
1,sid_calib,full_synthetic,unknown,calib,68076c20980ebc74,clean,1,170.4976348876953
1,sid_calib,full_synthetic,unknown,calib,68076c20980ebc74,jpeg90,1,170.90841674804688
1,sid_calib,full_synthetic,unknown,calib,68076c20980ebc74,jpeg70,1,170.36622619628906
1,sid_calib,full_synthetic,unknown,calib,68076c20980ebc74,jpeg50,1,170.60169982910156
1,sid_calib,full_synthetic,unknown,calib,68076c20980ebc74,jpeg30,1,173.05438232421875
1,sid_calib,full_synthetic,unknown,calib,68076c20980ebc74,blur05,1,170.7301483154297
1,sid_calib,full_synthetic,unknown,calib,68076c20980ebc74,blur10,1,170.6854705810547
1,sid_calib,full_synthetic,unknown,calib,68076c20980ebc74,blur20,1,169.8275909423828
1,sid_calib,full_synthetic,unknown,calib,68076c20980ebc74,resize05,1,171.13406372070312
1,sid_calib,full_synthetic,unknown,calib,68076c20980ebc74,resize025,1,172.97109985351562
1,sid_calib,full_synthetic,unknown,calib,68076c20980ebc74,noise002,1,171.533447265625
1,sid_calib,full_synthetic,unknown,calib,68076c20980ebc74,noise005,1,170.20870971679688
1,sid_calib,full_synthetic,unknown,calib,68076c20980ebc74,noise01,1,172.47406005859375
1,sid_calib,full_synthetic,unknown,calib,68076c20980ebc74,jitter02,1,171.0019989013672
1,sid_calib,full_synthetic,unknown,calib,68076c20980ebc74,crop08,1,217.479736328125
1,sid_calib,full_synthetic,unknown,calib,d116ffb978bccbdc,clean,1,109.13436889648438
1,sid_calib,full_synthetic,unknown,calib,d116ffb978bccbdc,jpeg90,1,109.10224914550781
1,sid_calib,full_synthetic,unknown,calib,d116ffb978bccbdc,jpeg70,1,108.55372619628906
1,sid_calib,full_synthetic,unknown,calib,d116ffb978bccbdc,jpeg50,1,109.95719146728516
1,sid_calib,full_synthetic,unknown,calib,d116ffb978bccbdc,jpeg30,1,109.26553344726562
1,sid_calib,full_synthetic,unknown,calib,d116ffb978bccbdc,blur05,1,109.238037109375
1,sid_calib,full_synthetic,unknown,calib,d116ffb978bccbdc,blur10,1,109.01167297363281
1,sid_calib,full_synthetic,unknown,calib,d116ffb978bccbdc,blur20,1,109.10932922363281
1,sid_calib,full_synthetic,unknown,calib,d116ffb978bccbdc,resize05,1,109.09320068359375
1,sid_calib,full_synthetic,unknown,calib,d116ffb978bccbdc,resize025,1,107.85297393798828
1,sid_calib,full_synthetic,unknown,calib,d116ffb978bccbdc,noise002,1,108.74268341064453
1,sid_calib,full_synthetic,unknown,calib,d116ffb978bccbdc,noise005,1,92.05904388427734
1,sid_calib,full_synthetic,unknown,calib,d116ffb978bccbdc,noise01,1,89.66497039794922
1,sid_calib,full_synthetic,unknown,calib,d116ffb978bccbdc,jitter02,1,111.35626983642578
1,sid_calib,full_synthetic,unknown,calib,d116ffb978bccbdc,crop08,1,114.00334167480469
0,sid_calib,real,unknown,calib,84484096b272f504,clean,1,122.58328247070312
0,sid_calib,real,unknown,calib,84484096b272f504,jpeg90,1,122.6199951171875
0,sid_calib,real,unknown,calib,84484096b272f504,jpeg70,1,122.6695327758789
0,sid_calib,real,unknown,calib,84484096b272f504,jpeg50,1,122.1880874633789
0,sid_calib,real,unknown,calib,84484096b272f504,jpeg30,1,121.09022521972656
0,sid_calib,real,unknown,calib,84484096b272f504,blur05,1,122.74290466308594
0,sid_calib,real,unknown,calib,84484096b272f504,blur10,1,122.6334457397461
0,sid_calib,real,unknown,calib,84484096b272f504,blur20,1,120.76881408691406
0,sid_calib,real,unknown,calib,84484096b272f504,resize05,1,123.04845428466797
0,sid_calib,real,unknown,calib,84484096b272f504,resize025,1,122.78101348876953
0,sid_calib,real,unknown,calib,84484096b272f504,noise002,1,122.39112854003906
0,sid_calib,real,unknown,calib,84484096b272f504,noise005,1,119.6080551147461
0,sid_calib,real,unknown,calib,84484096b272f504,noise01,1,118.40774536132812
0,sid_calib,real,unknown,calib,84484096b272f504,jitter02,1,122.49654388427734
0,sid_calib,real,unknown,calib,84484096b272f504,crop08,1,129.45326232910156
1,sid_calib,full_synthetic,unknown,calib,10afb0338470cb18,clean,1,125.70301818847656
1,sid_calib,full_synthetic,unknown,calib,10afb0338470cb18,jpeg90,1,125.73760986328125
1,sid_calib,full_synthetic,unknown,calib,10afb0338470cb18,jpeg70,1,125.66217803955078
1,sid_calib,full_synthetic,unknown,calib,10afb0338470cb18,jpeg50,1,130.79591369628906
1,sid_calib,full_synthetic,unknown,calib,10afb0338470cb18,jpeg30,1,128.0076904296875
1,sid_calib,full_synthetic,unknown,calib,10afb0338470cb18,blur05,1,131.71775817871094
1,sid_calib,full_synthetic,unknown,calib,10afb0338470cb18,blur10,1,131.363037109375
1,sid_calib,full_synthetic,unknown,calib,10afb0338470cb18,blur20,1,129.69561767578125
1,sid_calib,full_synthetic,unknown,calib,10afb0338470cb18,resize05,1,131.25799560546875
1,sid_calib,full_synthetic,unknown,calib,10afb0338470cb18,resize025,1,130.17724609375
1,sid_calib,full_synthetic,unknown,calib,10afb0338470cb18,noise002,1,132.0553436279297
1,sid_calib,full_synthetic,unknown,calib,10afb0338470cb18,noise005,1,131.73016357421875
1,sid_calib,full_synthetic,unknown,calib,10afb0338470cb18,noise01,1,129.06114196777344
1,sid_calib,full_synthetic,unknown,calib,10afb0338470cb18,jitter02,1,131.87908935546875
1,sid_calib,full_synthetic,unknown,calib,10afb0338470cb18,crop08,1,155.037841796875
0,sid_calib,real,unknown,calib,e70cdab08bfbe10d,clean,1,124.71929168701172
0,sid_calib,real,unknown,calib,e70cdab08bfbe10d,jpeg90,1,125.12261962890625
0,sid_calib,real,unknown,calib,e70cdab08bfbe10d,jpeg70,1,125.77001953125
0,sid_calib,real,unknown,calib,e70cdab08bfbe10d,jpeg50,1,123.92105102539062
0,sid_calib,real,unknown,calib,e70cdab08bfbe10d,jpeg30,1,125.61398315429688
0,sid_calib,real,unknown,calib,e70cdab08bfbe10d,blur05,1,124.58917999267578
0,sid_calib,real,unknown,calib,e70cdab08bfbe10d,blur10,1,124.08767700195312
0,sid_calib,real,unknown,calib,e70cdab08bfbe10d,resize05,1,123.99674224853516
0,sid_calib,real,unknown,calib,e70cdab08bfbe10d,resize025,1,123.00800323486328
0,sid_calib,real,unknown,calib,e70cdab08bfbe10d,noise002,1,125.77643585205078
0,sid_calib,real,unknown,calib,e70cdab08bfbe10d,jitter02,1,124.02857971191406
1,sid_calib,full_synthetic,unknown,calib,e3e7cc335bdb1395,noise005,1,177.79212951660156
1,sid_calib,full_synthetic,unknown,calib,e3e7cc335bdb1395,crop08,1,204.43431091308594
0,sid_calib,real,unknown,calib,a7a60d9fc6297579,clean,1,78.14068603515625
0,sid_calib,real,unknown,calib,a7a60d9fc6297579,jpeg90,1,77.95084381103516
0,sid_calib,real,unknown,calib,a7a60d9fc6297579,jpeg70,1,78.07743835449219
0,sid_calib,real,unknown,calib,a7a60d9fc6297579,jpeg30,1,77.90868377685547
0,sid_calib,real,unknown,calib,a7a60d9fc6297579,blur05,1,77.8296127319336
0,sid_calib,real,unknown,calib,a7a60d9fc6297579,resize025,1,78.45197296142578
0,sid_calib,real,unknown,calib,a7a60d9fc6297579,noise002,1,77.90744018554688
0,sid_calib,real,unknown,calib,a7a60d9fc6297579,noise005,1,79.87689971923828
0,sid_calib,real,unknown,calib,a7a60d9fc6297579,jitter02,1,77.82084655761719
0,sid_calib,real,unknown,calib,a7a60d9fc6297579,crop08,1,95.3340072631836
1,sid_calib,full_synthetic,unknown,calib,15d93f3b247572ff,clean,1,82.97054290771484
1,sid_calib,full_synthetic,unknown,calib,15d93f3b247572ff,jpeg90,1,82.79198455810547
1,sid_calib,full_synthetic,unknown,calib,15d93f3b247572ff,jpeg70,1,82.51630401611328
1,sid_calib,full_synthetic,unknown,calib,15d93f3b247572ff,jpeg50,1,82.80000305175781
1,sid_calib,full_synthetic,unknown,calib,15d93f3b247572ff,jpeg30,1,83.38420867919922
1,sid_calib,full_synthetic,unknown,calib,15d93f3b247572ff,blur05,1,83.1760482788086
1,sid_calib,full_synthetic,unknown,calib,15d93f3b247572ff,blur10,1,83.74712371826172
1,sid_calib,full_synthetic,unknown,calib,15d93f3b247572ff,blur20,1,82.04251098632812
1,sid_calib,full_synthetic,unknown,calib,15d93f3b247572ff,resize05,1,83.34201049804688
1,sid_calib,full_synthetic,unknown,calib,15d93f3b247572ff,resize025,1,81.70198822021484
1,sid_calib,full_synthetic,unknown,calib,15d93f3b247572ff,noise002,1,82.72691345214844
1,sid_calib,full_synthetic,unknown,calib,15d93f3b247572ff,noise005,1,82.87576293945312
1,sid_calib,full_synthetic,unknown,calib,15d93f3b247572ff,noise01,1,80.91291046142578
1,sid_calib,full_synthetic,unknown,calib,15d93f3b247572ff,jitter02,1,82.92632293701172
1,sid_calib,full_synthetic,unknown,calib,15d93f3b247572ff,crop08,1,98.41642761230469
0,sid_calib,real,unknown,calib,11c566e08b9600a4,jpeg70,1,64.16012573242188
0,sid_calib,real,unknown,calib,11c566e08b9600a4,jitter02,1,64.03356170654297
0,sid_calib,real,unknown,calib,11c566e08b9600a4,crop08,1,72.9314193725586
0,sid_calib,real,unknown,calib,d8871088d2f367b1,clean,1,152.46543884277344
0,sid_calib,real,unknown,calib,d8871088d2f367b1,jpeg90,1,153.4858856201172
0,sid_calib,real,unknown,calib,d8871088d2f367b1,jpeg70,1,152.8229522705078
0,sid_calib,real,unknown,calib,d8871088d2f367b1,jpeg50,1,151.93551635742188
0,sid_calib,real,unknown,calib,d8871088d2f367b1,jpeg30,1,152.8229522705078
0,sid_calib,real,unknown,calib,d8871088d2f367b1,blur05,1,152.7974395751953
0,sid_calib,real,unknown,calib,d8871088d2f367b1,blur10,1,153.77650451660156
0,sid_calib,real,unknown,calib,d8871088d2f367b1,blur20,1,154.35885620117188
0,sid_calib,real,unknown,calib,d8871088d2f367b1,resize05,1,153.23709106445312
0,sid_calib,real,unknown,calib,d8871088d2f367b1,resize025,1,155.10992431640625
0,sid_calib,real,unknown,calib,d8871088d2f367b1,noise002,1,153.80099487304688
0,sid_calib,real,unknown,calib,d8871088d2f367b1,noise005,1,150.1461181640625
0,sid_calib,real,unknown,calib,d8871088d2f367b1,noise01,1,158.66717529296875
0,sid_calib,real,unknown,calib,d8871088d2f367b1,jitter02,1,153.66749572753906
0,sid_calib,real,unknown,calib,d8871088d2f367b1,crop08,1,199.38931274414062
1,sid_calib,full_synthetic,unknown,calib,292dc94182bfc01a,clean,1,191.6582489013672
1,sid_calib,full_synthetic,unknown,calib,292dc94182bfc01a,jpeg90,1,191.6835174560547
1,sid_calib,full_synthetic,unknown,calib,292dc94182bfc01a,jpeg70,1,191.4551544189453
1,sid_calib,full_synthetic,unknown,calib,292dc94182bfc01a,jpeg50,1,192.11695861816406
1,sid_calib,full_synthetic,unknown,calib,292dc94182bfc01a,jpeg30,1,192.42868041992188
1,sid_calib,full_synthetic,unknown,calib,292dc94182bfc01a,blur05,1,191.8078155517578
1,sid_calib,full_synthetic,unknown,calib,292dc94182bfc01a,blur10,1,192.05764770507812
1,sid_calib,full_synthetic,unknown,calib,292dc94182bfc01a,blur20,1,192.2643585205078
1,sid_calib,full_synthetic,unknown,calib,292dc94182bfc01a,resize05,1,192.1963653564453
1,sid_calib,full_synthetic,unknown,calib,292dc94182bfc01a,resize025,1,192.2573699951172
1,sid_calib,full_synthetic,unknown,calib,292dc94182bfc01a,noise002,1,191.76026916503906
1,sid_calib,full_synthetic,unknown,calib,292dc94182bfc01a,noise005,1,194.89866638183594
1,sid_calib,full_synthetic,unknown,calib,292dc94182bfc01a,noise01,1,195.3297576904297
1,sid_calib,full_synthetic,unknown,calib,292dc94182bfc01a,jitter02,1,190.9315948486328
1,sid_calib,full_synthetic,unknown,calib,292dc94182bfc01a,crop08,1,239.7191619873047
1,sid_calib,full_synthetic,unknown,calib,7b4f3c229efac9a7,clean,1,108.99856567382812
1,sid_calib,full_synthetic,unknown,calib,7b4f3c229efac9a7,jpeg90,1,108.8645248413086
1,sid_calib,full_synthetic,unknown,calib,7b4f3c229efac9a7,jpeg70,1,108.05030822753906
1,sid_calib,full_synthetic,unknown,calib,7b4f3c229efac9a7,jpeg50,1,108.05030822753906
1,sid_calib,full_synthetic,unknown,calib,7b4f3c229efac9a7,jpeg30,1,108.05030822753906
1,sid_calib,full_synthetic,unknown,calib,7b4f3c229efac9a7,blur05,1,109.06857299804688
1,sid_calib,full_synthetic,unknown,calib,7b4f3c229efac9a7,blur10,1,108.67994689941406
1,sid_calib,full_synthetic,unknown,calib,7b4f3c229efac9a7,blur20,1,104.97013854980469
1,sid_calib,full_synthetic,unknown,calib,7b4f3c229efac9a7,resize05,1,109.05976867675781
1,sid_calib,full_synthetic,unknown,calib,7b4f3c229efac9a7,resize025,1,107.66260528564453
1,sid_calib,full_synthetic,unknown,calib,7b4f3c229efac9a7,noise002,1,108.81143188476562
1,sid_calib,full_synthetic,unknown,calib,7b4f3c229efac9a7,noise005,1,108.44255828857422
1,sid_calib,full_synthetic,unknown,calib,7b4f3c229efac9a7,noise01,1,99.02363586425781
1,sid_calib,full_synthetic,unknown,calib,7b4f3c229efac9a7,jitter02,1,109.08946990966797
1,sid_calib,full_synthetic,unknown,calib,7b4f3c229efac9a7,crop08,1,136.42510986328125
0,sid_calib,real,unknown,calib,002a7bf05e05ec68,clean,1,115.77555084228516
0,sid_calib,real,unknown,calib,002a7bf05e05ec68,jpeg90,1,115.64672088623047
0,sid_calib,real,unknown,calib,002a7bf05e05ec68,jpeg70,1,115.99429321289062
0,sid_calib,real,unknown,calib,002a7bf05e05ec68,jpeg50,1,115.26168060302734
0,sid_calib,real,unknown,calib,002a7bf05e05ec68,jpeg30,1,115.4659194946289
0,sid_calib,real,unknown,calib,002a7bf05e05ec68,blur05,1,116.10853576660156
0,sid_calib,real,unknown,calib,002a7bf05e05ec68,blur10,1,116.75173950195312
0,sid_calib,real,unknown,calib,002a7bf05e05ec68,resize05,1,115.74077606201172
0,sid_calib,real,unknown,calib,002a7bf05e05ec68,noise002,1,116.84823608398438
0,sid_calib,real,unknown,calib,002a7bf05e05ec68,jitter02,1,115.98197174072266
0,sid_calib,real,unknown,calib,002a7bf05e05ec68,crop08,1,129.16180419921875
0,sid_calib,real,unknown,calib,5be46b02676c816d,clean,1,103.21142578125
0,sid_calib,real,unknown,calib,5be46b02676c816d,jpeg70,1,102.72725677490234
0,sid_calib,real,unknown,calib,5be46b02676c816d,jpeg50,1,105.24394989013672
0,sid_calib,real,unknown,calib,5be46b02676c816d,noise002,1,103.50190734863281
1,sid_calib,full_synthetic,unknown,calib,2daa2ebbb8b9a651,clean,1,68.21300506591797
1,sid_calib,full_synthetic,unknown,calib,2daa2ebbb8b9a651,jpeg90,1,68.03986358642578
1,sid_calib,full_synthetic,unknown,calib,2daa2ebbb8b9a651,jpeg70,1,67.91305541992188
1,sid_calib,full_synthetic,unknown,calib,2daa2ebbb8b9a651,jpeg50,1,67.95940399169922
1,sid_calib,full_synthetic,unknown,calib,2daa2ebbb8b9a651,jpeg30,1,67.9474105834961
1,sid_calib,full_synthetic,unknown,calib,2daa2ebbb8b9a651,blur05,1,68.08722686767578
1,sid_calib,full_synthetic,unknown,calib,2daa2ebbb8b9a651,blur10,1,67.69230651855469
1,sid_calib,full_synthetic,unknown,calib,2daa2ebbb8b9a651,blur20,1,66.84651184082031
1,sid_calib,full_synthetic,unknown,calib,2daa2ebbb8b9a651,resize05,1,68.04271697998047
1,sid_calib,full_synthetic,unknown,calib,2daa2ebbb8b9a651,resize025,1,64.95001220703125
1,sid_calib,full_synthetic,unknown,calib,2daa2ebbb8b9a651,noise002,1,68.05166625976562
1,sid_calib,full_synthetic,unknown,calib,2daa2ebbb8b9a651,noise005,1,68.5243148803711
1,sid_calib,full_synthetic,unknown,calib,2daa2ebbb8b9a651,noise01,1,68.37326049804688
1,sid_calib,full_synthetic,unknown,calib,2daa2ebbb8b9a651,jitter02,1,68.28257751464844
1,sid_calib,full_synthetic,unknown,calib,2daa2ebbb8b9a651,crop08,1,85.7904052734375
1,sid_calib,full_synthetic,unknown,calib,cd45da55b210f7ee,clean,1,89.76498413085938
1,sid_calib,full_synthetic,unknown,calib,cd45da55b210f7ee,jpeg90,1,89.69725799560547
1,sid_calib,full_synthetic,unknown,calib,cd45da55b210f7ee,jpeg70,1,89.97891235351562
1,sid_calib,full_synthetic,unknown,calib,cd45da55b210f7ee,jpeg50,1,89.64556121826172
1,sid_calib,full_synthetic,unknown,calib,cd45da55b210f7ee,jpeg30,1,89.18574523925781
1,sid_calib,full_synthetic,unknown,calib,cd45da55b210f7ee,blur05,1,89.50422668457031
1,sid_calib,full_synthetic,unknown,calib,cd45da55b210f7ee,blur10,1,88.83393096923828
1,sid_calib,full_synthetic,unknown,calib,cd45da55b210f7ee,blur20,1,91.65248107910156
1,sid_calib,full_synthetic,unknown,calib,cd45da55b210f7ee,resize05,1,89.21690368652344
1,sid_calib,full_synthetic,unknown,calib,cd45da55b210f7ee,resize025,1,92.53120422363281
1,sid_calib,full_synthetic,unknown,calib,cd45da55b210f7ee,noise002,1,89.77215576171875
1,sid_calib,full_synthetic,unknown,calib,cd45da55b210f7ee,noise005,1,92.80397033691406
1,sid_calib,full_synthetic,unknown,calib,cd45da55b210f7ee,noise01,1,93.33711242675781
1,sid_calib,full_synthetic,unknown,calib,cd45da55b210f7ee,jitter02,1,92.84272003173828
1,sid_calib,full_synthetic,unknown,calib,cd45da55b210f7ee,crop08,1,113.4814453125
0,sid_calib,real,unknown,calib,62b5c528f3e9e149,clean,1,116.89427947998047
0,sid_calib,real,unknown,calib,62b5c528f3e9e149,jpeg90,1,116.82971954345703
0,sid_calib,real,unknown,calib,62b5c528f3e9e149,jpeg70,1,117.18146514892578
0,sid_calib,real,unknown,calib,62b5c528f3e9e149,jpeg50,1,115.96314239501953
0,sid_calib,real,unknown,calib,62b5c528f3e9e149,jpeg30,1,117.3682861328125
0,sid_calib,real,unknown,calib,62b5c528f3e9e149,blur05,1,116.8692398071289
0,sid_calib,real,unknown,calib,62b5c528f3e9e149,blur10,1,116.04286193847656
0,sid_calib,real,unknown,calib,62b5c528f3e9e149,blur20,1,113.8840560913086
0,sid_calib,real,unknown,calib,62b5c528f3e9e149,resize05,1,116.42546081542969
0,sid_calib,real,unknown,calib,62b5c528f3e9e149,resize025,1,114.58121490478516
0,sid_calib,real,unknown,calib,62b5c528f3e9e149,noise002,1,117.7314453125
0,sid_calib,real,unknown,calib,62b5c528f3e9e149,noise005,1,116.3317642211914
0,sid_calib,real,unknown,calib,62b5c528f3e9e149,noise01,1,120.42694091796875
0,sid_calib,real,unknown,calib,62b5c528f3e9e149,jitter02,1,116.82858276367188
0,sid_calib,real,unknown,calib,62b5c528f3e9e149,crop08,1,139.31858825683594
1,sid_calib,full_synthetic,unknown,calib,f05736b99d553aa0,clean,1,67.07910919189453
1,sid_calib,full_synthetic,unknown,calib,f05736b99d553aa0,jpeg90,1,67.0486831665039
1,sid_calib,full_synthetic,unknown,calib,f05736b99d553aa0,jpeg70,1,66.29753112792969
1,sid_calib,full_synthetic,unknown,calib,f05736b99d553aa0,jpeg50,1,67.24665069580078
1,sid_calib,full_synthetic,unknown,calib,f05736b99d553aa0,jpeg30,1,67.86450958251953
1,sid_calib,full_synthetic,unknown,calib,f05736b99d553aa0,blur05,1,67.2413330078125
1,sid_calib,full_synthetic,unknown,calib,f05736b99d553aa0,blur10,1,67.21356201171875
1,sid_calib,full_synthetic,unknown,calib,f05736b99d553aa0,blur20,1,64.93006134033203
1,sid_calib,full_synthetic,unknown,calib,f05736b99d553aa0,resize05,1,67.40978240966797
1,sid_calib,full_synthetic,unknown,calib,f05736b99d553aa0,resize025,1,65.03288269042969
1,sid_calib,full_synthetic,unknown,calib,f05736b99d553aa0,noise002,1,67.40564727783203
1,sid_calib,full_synthetic,unknown,calib,f05736b99d553aa0,noise005,1,67.32109832763672
1,sid_calib,full_synthetic,unknown,calib,f05736b99d553aa0,noise01,1,66.727783203125
1,sid_calib,full_synthetic,unknown,calib,f05736b99d553aa0,jitter02,1,66.83699798583984
1,sid_calib,full_synthetic,unknown,calib,f05736b99d553aa0,crop08,1,84.43681335449219
1,sid_calib,full_synthetic,unknown,calib,41b419b0af2b807e,crop08,1,65.77485656738281
0,sid_calib,real,unknown,calib,6bfe4989d80e3c6e,clean,1,91.01757049560547
0,sid_calib,real,unknown,calib,6bfe4989d80e3c6e,jpeg90,1,90.93309020996094
0,sid_calib,real,unknown,calib,6bfe4989d80e3c6e,jpeg70,1,90.30524444580078
0,sid_calib,real,unknown,calib,6bfe4989d80e3c6e,jpeg50,1,90.57283020019531
0,sid_calib,real,unknown,calib,6bfe4989d80e3c6e,jpeg30,1,91.4562759399414
0,sid_calib,real,unknown,calib,6bfe4989d80e3c6e,blur05,1,90.98434448242188
0,sid_calib,real,unknown,calib,6bfe4989d80e3c6e,blur10,1,89.93741607666016
0,sid_calib,real,unknown,calib,6bfe4989d80e3c6e,blur20,1,88.08361053466797
0,sid_calib,real,unknown,calib,6bfe4989d80e3c6e,resize05,1,91.05750274658203
0,sid_calib,real,unknown,calib,6bfe4989d80e3c6e,resize025,1,88.50700378417969
0,sid_calib,real,unknown,calib,6bfe4989d80e3c6e,noise002,1,90.92500305175781
0,sid_calib,real,unknown,calib,6bfe4989d80e3c6e,noise005,1,90.81053161621094
0,sid_calib,real,unknown,calib,6bfe4989d80e3c6e,noise01,1,90.97842407226562
0,sid_calib,real,unknown,calib,6bfe4989d80e3c6e,jitter02,1,90.81234741210938
0,sid_calib,real,unknown,calib,6bfe4989d80e3c6e,crop08,1,121.19039154052734
1,sid_calib,full_synthetic,unknown,calib,86f0e4657f032aab,clean,1,84.29412841796875
1,sid_calib,full_synthetic,unknown,calib,86f0e4657f032aab,jpeg90,1,84.31458282470703
1,sid_calib,full_synthetic,unknown,calib,86f0e4657f032aab,jpeg70,1,84.39183044433594
1,sid_calib,full_synthetic,unknown,calib,86f0e4657f032aab,jpeg50,1,83.92671203613281
1,sid_calib,full_synthetic,unknown,calib,86f0e4657f032aab,jpeg30,1,84.33766174316406
1,sid_calib,full_synthetic,unknown,calib,86f0e4657f032aab,blur05,1,84.2815170288086
1,sid_calib,full_synthetic,unknown,calib,86f0e4657f032aab,blur10,1,84.15923309326172
1,sid_calib,full_synthetic,unknown,calib,86f0e4657f032aab,blur20,1,83.43362426757812
1,sid_calib,full_synthetic,unknown,calib,86f0e4657f032aab,resize05,1,84.34393310546875
1,sid_calib,full_synthetic,unknown,calib,86f0e4657f032aab,resize025,1,83.66130828857422
1,sid_calib,full_synthetic,unknown,calib,86f0e4657f032aab,noise002,1,84.64508056640625
1,sid_calib,full_synthetic,unknown,calib,86f0e4657f032aab,noise005,1,84.67852783203125
1,sid_calib,full_synthetic,unknown,calib,86f0e4657f032aab,noise01,1,87.73648071289062
1,sid_calib,full_synthetic,unknown,calib,86f0e4657f032aab,jitter02,1,84.84840393066406
1,sid_calib,full_synthetic,unknown,calib,86f0e4657f032aab,crop08,1,103.42354583740234
0,sid_calib,real,unknown,calib,8d15c162cd70ea32,clean,1,128.03411865234375
0,sid_calib,real,unknown,calib,8d15c162cd70ea32,jpeg90,1,128.4175567626953
0,sid_calib,real,unknown,calib,8d15c162cd70ea32,jpeg70,1,117.48863220214844
0,sid_calib,real,unknown,calib,8d15c162cd70ea32,jpeg50,1,125.10319519042969
0,sid_calib,real,unknown,calib,8d15c162cd70ea32,jpeg30,1,117.90231323242188
0,sid_calib,real,unknown,calib,8d15c162cd70ea32,blur05,1,128.3603973388672
0,sid_calib,real,unknown,calib,8d15c162cd70ea32,blur10,1,128.79469299316406
0,sid_calib,real,unknown,calib,8d15c162cd70ea32,blur20,1,118.8075180053711
0,sid_calib,real,unknown,calib,8d15c162cd70ea32,resize05,1,127.61849212646484
0,sid_calib,real,unknown,calib,8d15c162cd70ea32,resize025,1,118.77293395996094
0,sid_calib,real,unknown,calib,8d15c162cd70ea32,noise002,1,119.56289672851562
0,sid_calib,real,unknown,calib,8d15c162cd70ea32,noise005,1,121.22509765625
0,sid_calib,real,unknown,calib,8d15c162cd70ea32,noise01,1,69.30986785888672
0,sid_calib,real,unknown,calib,8d15c162cd70ea32,jitter02,1,118.68623352050781
0,sid_calib,real,unknown,calib,8d15c162cd70ea32,crop08,1,164.7144012451172
0,sid_calib,real,unknown,calib,3eabb6b4b9ea89dc,clean,1,69.8033676147461
0,sid_calib,real,unknown,calib,3eabb6b4b9ea89dc,jpeg90,1,69.62299346923828
0,sid_calib,real,unknown,calib,3eabb6b4b9ea89dc,jpeg70,1,69.25505065917969
0,sid_calib,real,unknown,calib,3eabb6b4b9ea89dc,blur05,1,69.4834213256836
0,sid_calib,real,unknown,calib,3eabb6b4b9ea89dc,resize05,1,69.39105224609375
0,sid_calib,real,unknown,calib,3eabb6b4b9ea89dc,noise002,1,70.0086669921875
0,sid_calib,real,unknown,calib,3eabb6b4b9ea89dc,jitter02,1,69.99087524414062
0,sid_calib,real,unknown,calib,3eabb6b4b9ea89dc,crop08,1,90.23197937011719
0,sid_calib,real,unknown,calib,f3d628b166394227,clean,1,180.8542022705078
0,sid_calib,real,unknown,calib,f3d628b166394227,jpeg90,1,180.49038696289062
0,sid_calib,real,unknown,calib,f3d628b166394227,jpeg70,1,181.07838439941406
0,sid_calib,real,unknown,calib,f3d628b166394227,jpeg50,1,180.36241149902344
0,sid_calib,real,unknown,calib,f3d628b166394227,jpeg30,1,180.73678588867188
0,sid_calib,real,unknown,calib,f3d628b166394227,blur05,1,181.00901794433594
0,sid_calib,real,unknown,calib,f3d628b166394227,blur10,1,179.703125
0,sid_calib,real,unknown,calib,f3d628b166394227,blur20,1,179.4259033203125
0,sid_calib,real,unknown,calib,f3d628b166394227,resize05,1,180.52857971191406
0,sid_calib,real,unknown,calib,f3d628b166394227,resize025,1,178.985107421875
0,sid_calib,real,unknown,calib,f3d628b166394227,noise002,1,180.6673583984375
0,sid_calib,real,unknown,calib,f3d628b166394227,noise005,1,185.38900756835938
0,sid_calib,real,unknown,calib,f3d628b166394227,noise01,1,187.94883728027344
0,sid_calib,real,unknown,calib,f3d628b166394227,jitter02,1,182.01780700683594
0,sid_calib,real,unknown,calib,f3d628b166394227,crop08,1,219.26272583007812
0,sid_calib,real,unknown,calib,b6f214398ade5396,clean,1,232.7439422607422
0,sid_calib,real,unknown,calib,b6f214398ade5396,jpeg90,1,232.5951385498047
0,sid_calib,real,unknown,calib,b6f214398ade5396,jpeg70,1,232.33038330078125
0,sid_calib,real,unknown,calib,b6f214398ade5396,jpeg50,1,233.6425018310547
0,sid_calib,real,unknown,calib,b6f214398ade5396,jpeg30,1,233.05775451660156
0,sid_calib,real,unknown,calib,b6f214398ade5396,blur05,1,232.92494201660156
0,sid_calib,real,unknown,calib,b6f214398ade5396,blur10,1,232.30963134765625
0,sid_calib,real,unknown,calib,b6f214398ade5396,blur20,1,231.25750732421875
0,sid_calib,real,unknown,calib,b6f214398ade5396,resize05,1,232.68212890625
0,sid_calib,real,unknown,calib,b6f214398ade5396,resize025,1,230.5078582763672
0,sid_calib,real,unknown,calib,b6f214398ade5396,noise002,1,233.32460021972656
0,sid_calib,real,unknown,calib,b6f214398ade5396,noise005,1,235.69418334960938
0,sid_calib,real,unknown,calib,b6f214398ade5396,noise01,1,244.81056213378906
0,sid_calib,real,unknown,calib,b6f214398ade5396,jitter02,1,232.53993225097656
0,sid_calib,real,unknown,calib,b6f214398ade5396,crop08,1,290.7720947265625
0,sid_calib,real,unknown,calib,360036de15702c67,clean,1,165.6761016845703
0,sid_calib,real,unknown,calib,360036de15702c67,jpeg90,1,165.495849609375
0,sid_calib,real,unknown,calib,360036de15702c67,jpeg70,1,163.5096435546875
0,sid_calib,real,unknown,calib,360036de15702c67,jpeg50,1,164.40455627441406
0,sid_calib,real,unknown,calib,360036de15702c67,jpeg30,1,165.1096649169922
0,sid_calib,real,unknown,calib,360036de15702c67,blur05,1,165.99932861328125
0,sid_calib,real,unknown,calib,360036de15702c67,blur10,1,166.14419555664062
0,sid_calib,real,unknown,calib,360036de15702c67,blur20,1,163.97276306152344
0,sid_calib,real,unknown,calib,360036de15702c67,resize05,1,165.49440002441406
0,sid_calib,real,unknown,calib,360036de15702c67,resize025,1,165.1773681640625
0,sid_calib,real,unknown,calib,360036de15702c67,noise002,1,164.75279235839844
0,sid_calib,real,unknown,calib,360036de15702c67,noise005,1,165.6448516845703
0,sid_calib,real,unknown,calib,360036de15702c67,noise01,1,187.61619567871094
0,sid_calib,real,unknown,calib,360036de15702c67,jitter02,1,168.625
0,sid_calib,real,unknown,calib,360036de15702c67,crop08,1,213.24594116210938
1,sid_calib,full_synthetic,unknown,calib,b2f1873d9ae89c3a,clean,1,186.85211181640625
1,sid_calib,full_synthetic,unknown,calib,b2f1873d9ae89c3a,jpeg90,1,187.1593780517578
1,sid_calib,full_synthetic,unknown,calib,b2f1873d9ae89c3a,jpeg70,1,186.9807891845703
1,sid_calib,full_synthetic,unknown,calib,b2f1873d9ae89c3a,jpeg50,1,187.14295959472656
1,sid_calib,full_synthetic,unknown,calib,b2f1873d9ae89c3a,jpeg30,1,187.78810119628906
1,sid_calib,full_synthetic,unknown,calib,b2f1873d9ae89c3a,blur05,1,187.02859497070312
1,sid_calib,full_synthetic,unknown,calib,b2f1873d9ae89c3a,blur10,1,187.36251831054688
1,sid_calib,full_synthetic,unknown,calib,b2f1873d9ae89c3a,blur20,1,188.0120086669922
1,sid_calib,full_synthetic,unknown,calib,b2f1873d9ae89c3a,resize05,1,186.91162109375
1,sid_calib,full_synthetic,unknown,calib,b2f1873d9ae89c3a,resize025,1,187.33155822753906
1,sid_calib,full_synthetic,unknown,calib,b2f1873d9ae89c3a,noise002,1,187.62379455566406
1,sid_calib,full_synthetic,unknown,calib,b2f1873d9ae89c3a,noise005,1,188.02297973632812
1,sid_calib,full_synthetic,unknown,calib,b2f1873d9ae89c3a,noise01,1,191.0606231689453
1,sid_calib,full_synthetic,unknown,calib,b2f1873d9ae89c3a,jitter02,1,186.1343231201172
1,sid_calib,full_synthetic,unknown,calib,b2f1873d9ae89c3a,crop08,1,242.712158203125
0,sid_calib,real,unknown,calib,a3906d14707b2a60,clean,1,106.16773223876953
0,sid_calib,real,unknown,calib,a3906d14707b2a60,jpeg90,1,106.71218872070312
0,sid_calib,real,unknown,calib,a3906d14707b2a60,jpeg70,1,106.2879867553711
0,sid_calib,real,unknown,calib,a3906d14707b2a60,jpeg50,1,106.40999603271484
0,sid_calib,real,unknown,calib,a3906d14707b2a60,jpeg30,1,102.99488067626953
0,sid_calib,real,unknown,calib,a3906d14707b2a60,blur05,1,105.88565826416016
0,sid_calib,real,unknown,calib,a3906d14707b2a60,blur10,1,105.03897094726562
0,sid_calib,real,unknown,calib,a3906d14707b2a60,blur20,1,102.02327728271484
0,sid_calib,real,unknown,calib,a3906d14707b2a60,resize05,1,106.3470458984375
0,sid_calib,real,unknown,calib,a3906d14707b2a60,resize025,1,103.95143127441406
0,sid_calib,real,unknown,calib,a3906d14707b2a60,noise002,1,107.00059509277344
0,sid_calib,real,unknown,calib,a3906d14707b2a60,noise005,1,105.1705322265625
0,sid_calib,real,unknown,calib,a3906d14707b2a60,jitter02,1,106.33434295654297
1,sid_calib,full_synthetic,unknown,calib,e4d0ab8a63cde0e9,clean,1,484.9290771484375
1,sid_calib,full_synthetic,unknown,calib,e4d0ab8a63cde0e9,jpeg90,1,484.5078430175781
1,sid_calib,full_synthetic,unknown,calib,e4d0ab8a63cde0e9,jpeg70,1,484.8728942871094
1,sid_calib,full_synthetic,unknown,calib,e4d0ab8a63cde0e9,jpeg50,1,487.763671875
1,sid_calib,full_synthetic,unknown,calib,e4d0ab8a63cde0e9,jpeg30,1,490.6697082519531
1,sid_calib,full_synthetic,unknown,calib,e4d0ab8a63cde0e9,blur05,1,485.1014709472656
1,sid_calib,full_synthetic,unknown,calib,e4d0ab8a63cde0e9,blur10,1,487.86566162109375
1,sid_calib,full_synthetic,unknown,calib,e4d0ab8a63cde0e9,blur20,1,496.50469970703125
1,sid_calib,full_synthetic,unknown,calib,e4d0ab8a63cde0e9,resize05,1,485.2320861816406
1,sid_calib,full_synthetic,unknown,calib,e4d0ab8a63cde0e9,resize025,1,494.5554504394531
1,sid_calib,full_synthetic,unknown,calib,e4d0ab8a63cde0e9,noise002,1,486.0426940917969
1,sid_calib,full_synthetic,unknown,calib,e4d0ab8a63cde0e9,noise005,1,500.82958984375
1,sid_calib,full_synthetic,unknown,calib,e4d0ab8a63cde0e9,noise01,1,493.3822021484375
1,sid_calib,full_synthetic,unknown,calib,e4d0ab8a63cde0e9,jitter02,1,489.73004150390625
1,sid_calib,full_synthetic,unknown,calib,e4d0ab8a63cde0e9,crop08,1,579.8057250976562
1,sid_calib,full_synthetic,unknown,calib,33b2ddfb332feb5e,crop08,1,82.19890594482422
0,sid_calib,real,unknown,calib,a133eea0a426635c,clean,1,186.26199340820312
0,sid_calib,real,unknown,calib,a133eea0a426635c,jpeg90,1,186.2782745361328
0,sid_calib,real,unknown,calib,a133eea0a426635c,jpeg70,1,186.36769104003906
0,sid_calib,real,unknown,calib,a133eea0a426635c,jpeg50,1,186.7252960205078
0,sid_calib,real,unknown,calib,a133eea0a426635c,jpeg30,1,187.5644073486328
0,sid_calib,real,unknown,calib,a133eea0a426635c,blur05,1,186.10394287109375
0,sid_calib,real,unknown,calib,a133eea0a426635c,blur10,1,185.4114532470703
0,sid_calib,real,unknown,calib,a133eea0a426635c,blur20,1,184.5684356689453
0,sid_calib,real,unknown,calib,a133eea0a426635c,resize05,1,185.81655883789062
0,sid_calib,real,unknown,calib,a133eea0a426635c,resize025,1,184.79193115234375
0,sid_calib,real,unknown,calib,a133eea0a426635c,noise002,1,186.18130493164062
0,sid_calib,real,unknown,calib,a133eea0a426635c,noise005,1,186.0259552001953
0,sid_calib,real,unknown,calib,a133eea0a426635c,jitter02,1,187.23605346679688
0,sid_calib,real,unknown,calib,a133eea0a426635c,crop08,1,235.82684326171875
0,sid_calib,real,unknown,calib,b3d0a9a49b9270e7,clean,1,114.11578369140625
0,sid_calib,real,unknown,calib,b3d0a9a49b9270e7,jpeg90,1,114.54295349121094
0,sid_calib,real,unknown,calib,b3d0a9a49b9270e7,jpeg70,1,115.03196716308594
0,sid_calib,real,unknown,calib,b3d0a9a49b9270e7,jpeg50,1,116.03813171386719
0,sid_calib,real,unknown,calib,b3d0a9a49b9270e7,jpeg30,1,114.29037475585938
0,sid_calib,real,unknown,calib,b3d0a9a49b9270e7,blur05,1,113.98768615722656
0,sid_calib,real,unknown,calib,b3d0a9a49b9270e7,blur10,1,113.9954833984375
0,sid_calib,real,unknown,calib,b3d0a9a49b9270e7,blur20,1,114.05189514160156
0,sid_calib,real,unknown,calib,b3d0a9a49b9270e7,resize05,1,114.29647827148438
0,sid_calib,real,unknown,calib,b3d0a9a49b9270e7,resize025,1,114.04009246826172
0,sid_calib,real,unknown,calib,b3d0a9a49b9270e7,noise002,1,114.14918518066406
0,sid_calib,real,unknown,calib,b3d0a9a49b9270e7,noise005,1,120.62533569335938
0,sid_calib,real,unknown,calib,b3d0a9a49b9270e7,noise01,1,114.39036560058594
0,sid_calib,real,unknown,calib,b3d0a9a49b9270e7,jitter02,1,120.16459655761719
0,sid_calib,real,unknown,calib,b3d0a9a49b9270e7,crop08,1,141.2792510986328
0,sid_calib,real,unknown,calib,cc74e3266176895d,clean,1,197.6072998046875
0,sid_calib,real,unknown,calib,cc74e3266176895d,jpeg90,1,197.76309204101562
0,sid_calib,real,unknown,calib,cc74e3266176895d,jpeg70,1,199.25852966308594
0,sid_calib,real,unknown,calib,cc74e3266176895d,jpeg50,1,200.0398712158203
0,sid_calib,real,unknown,calib,cc74e3266176895d,jpeg30,1,196.17300415039062
0,sid_calib,real,unknown,calib,cc74e3266176895d,blur05,1,198.17306518554688
0,sid_calib,real,unknown,calib,cc74e3266176895d,blur10,1,200.3184051513672
0,sid_calib,real,unknown,calib,cc74e3266176895d,blur20,1,202.46212768554688
0,sid_calib,real,unknown,calib,cc74e3266176895d,resize05,1,199.14601135253906
0,sid_calib,real,unknown,calib,cc74e3266176895d,resize025,1,201.2989501953125
0,sid_calib,real,unknown,calib,cc74e3266176895d,noise002,1,199.92025756835938
0,sid_calib,real,unknown,calib,cc74e3266176895d,noise005,1,205.0988006591797
0,sid_calib,real,unknown,calib,cc74e3266176895d,noise01,1,207.5160369873047
0,sid_calib,real,unknown,calib,cc74e3266176895d,jitter02,1,197.41839599609375
0,sid_calib,real,unknown,calib,cc74e3266176895d,crop08,1,243.7746124267578
1,sid_calib,full_synthetic,unknown,calib,42d00dfd1680b5e7,crop08,1,72.7597427368164
1,sid_calib,full_synthetic,unknown,calib,045394839df4cb4c,clean,1,256.363037109375
1,sid_calib,full_synthetic,unknown,calib,045394839df4cb4c,jpeg90,1,257.506103515625
1,sid_calib,full_synthetic,unknown,calib,045394839df4cb4c,jpeg70,1,257.6062927246094
1,sid_calib,full_synthetic,unknown,calib,045394839df4cb4c,jpeg50,1,259.6862487792969
1,sid_calib,full_synthetic,unknown,calib,045394839df4cb4c,jpeg30,1,260.8796081542969
1,sid_calib,full_synthetic,unknown,calib,045394839df4cb4c,blur05,1,256.3420715332031
1,sid_calib,full_synthetic,unknown,calib,045394839df4cb4c,blur10,1,256.1414794921875
1,sid_calib,full_synthetic,unknown,calib,045394839df4cb4c,blur20,1,254.24656677246094
1,sid_calib,full_synthetic,unknown,calib,045394839df4cb4c,resize05,1,256.1003723144531
1,sid_calib,full_synthetic,unknown,calib,045394839df4cb4c,resize025,1,256.6036071777344
1,sid_calib,full_synthetic,unknown,calib,045394839df4cb4c,noise002,1,255.5976104736328
1,sid_calib,full_synthetic,unknown,calib,045394839df4cb4c,noise005,1,250.22560119628906
1,sid_calib,full_synthetic,unknown,calib,045394839df4cb4c,noise01,1,249.10684204101562
1,sid_calib,full_synthetic,unknown,calib,045394839df4cb4c,jitter02,1,260.6009216308594
1,sid_calib,full_synthetic,unknown,calib,045394839df4cb4c,crop08,1,325.4100036621094
0,sid_calib,real,unknown,calib,31bf8c45eaddb5f1,clean,1,241.99818420410156
0,sid_calib,real,unknown,calib,31bf8c45eaddb5f1,jpeg90,1,242.50523376464844
0,sid_calib,real,unknown,calib,31bf8c45eaddb5f1,jpeg70,1,243.21737670898438
0,sid_calib,real,unknown,calib,31bf8c45eaddb5f1,jpeg50,1,243.30030822753906
0,sid_calib,real,unknown,calib,31bf8c45eaddb5f1,jpeg30,1,242.10794067382812
0,sid_calib,real,unknown,calib,31bf8c45eaddb5f1,blur05,1,242.1040496826172
0,sid_calib,real,unknown,calib,31bf8c45eaddb5f1,blur10,1,242.43121337890625
0,sid_calib,real,unknown,calib,31bf8c45eaddb5f1,blur20,1,240.90867614746094
0,sid_calib,real,unknown,calib,31bf8c45eaddb5f1,resize05,1,242.1053466796875
0,sid_calib,real,unknown,calib,31bf8c45eaddb5f1,resize025,1,241.32801818847656
0,sid_calib,real,unknown,calib,31bf8c45eaddb5f1,noise002,1,243.74029541015625
0,sid_calib,real,unknown,calib,31bf8c45eaddb5f1,noise005,1,243.5174102783203
0,sid_calib,real,unknown,calib,31bf8c45eaddb5f1,noise01,1,250.56129455566406
0,sid_calib,real,unknown,calib,31bf8c45eaddb5f1,jitter02,1,242.51722717285156
0,sid_calib,real,unknown,calib,31bf8c45eaddb5f1,crop08,1,304.3580017089844
0,sid_calib,real,unknown,calib,4dc89600069d068e,clean,1,222.69793701171875
0,sid_calib,real,unknown,calib,4dc89600069d068e,jpeg90,1,222.82481384277344
0,sid_calib,real,unknown,calib,4dc89600069d068e,jpeg70,1,223.16537475585938
0,sid_calib,real,unknown,calib,4dc89600069d068e,jpeg50,1,224.1437530517578
0,sid_calib,real,unknown,calib,4dc89600069d068e,jpeg30,1,225.0766143798828
0,sid_calib,real,unknown,calib,4dc89600069d068e,blur05,1,222.57945251464844
0,sid_calib,real,unknown,calib,4dc89600069d068e,blur10,1,222.5470428466797
0,sid_calib,real,unknown,calib,4dc89600069d068e,blur20,1,225.41622924804688
0,sid_calib,real,unknown,calib,4dc89600069d068e,resize05,1,222.23931884765625
0,sid_calib,real,unknown,calib,4dc89600069d068e,resize025,1,224.47067260742188
0,sid_calib,real,unknown,calib,4dc89600069d068e,noise002,1,223.11566162109375
0,sid_calib,real,unknown,calib,4dc89600069d068e,noise005,1,233.260498046875
0,sid_calib,real,unknown,calib,4dc89600069d068e,noise01,1,229.96075439453125
0,sid_calib,real,unknown,calib,4dc89600069d068e,jitter02,1,222.47915649414062
0,sid_calib,real,unknown,calib,4dc89600069d068e,crop08,1,288.85894775390625
0,sid_calib,real,unknown,calib,fb87d926022bfb7d,clean,1,108.99193572998047
0,sid_calib,real,unknown,calib,fb87d926022bfb7d,jpeg90,1,109.27774047851562
0,sid_calib,real,unknown,calib,fb87d926022bfb7d,jpeg70,1,109.20572662353516
0,sid_calib,real,unknown,calib,fb87d926022bfb7d,jpeg50,1,109.4190673828125
0,sid_calib,real,unknown,calib,fb87d926022bfb7d,jpeg30,1,109.23408508300781
0,sid_calib,real,unknown,calib,fb87d926022bfb7d,blur05,1,109.27552795410156
0,sid_calib,real,unknown,calib,fb87d926022bfb7d,blur10,1,110.30586242675781
0,sid_calib,real,unknown,calib,fb87d926022bfb7d,blur20,1,113.75811004638672
0,sid_calib,real,unknown,calib,fb87d926022bfb7d,resize05,1,109.63557434082031
0,sid_calib,real,unknown,calib,fb87d926022bfb7d,resize025,1,112.7357177734375
0,sid_calib,real,unknown,calib,fb87d926022bfb7d,noise002,1,108.7558822631836
0,sid_calib,real,unknown,calib,fb87d926022bfb7d,noise005,1,110.17623138427734
0,sid_calib,real,unknown,calib,fb87d926022bfb7d,noise01,1,107.2485122680664
0,sid_calib,real,unknown,calib,fb87d926022bfb7d,jitter02,1,108.94782257080078
0,sid_calib,real,unknown,calib,fb87d926022bfb7d,crop08,1,132.1922149658203
0,sid_calib,real,unknown,calib,8fc47f103c2af71c,crop08,1,68.05012512207031
0,sid_calib,real,unknown,calib,aed5200d10b6ad3d,clean,1,83.35335540771484
0,sid_calib,real,unknown,calib,aed5200d10b6ad3d,jpeg90,1,83.36253356933594
0,sid_calib,real,unknown,calib,aed5200d10b6ad3d,jpeg70,1,83.2499771118164
0,sid_calib,real,unknown,calib,aed5200d10b6ad3d,jpeg50,1,82.97572326660156
0,sid_calib,real,unknown,calib,aed5200d10b6ad3d,jpeg30,1,83.21611785888672
0,sid_calib,real,unknown,calib,aed5200d10b6ad3d,blur05,1,83.43766021728516
0,sid_calib,real,unknown,calib,aed5200d10b6ad3d,blur10,1,83.09258270263672
0,sid_calib,real,unknown,calib,aed5200d10b6ad3d,blur20,1,84.42585754394531
0,sid_calib,real,unknown,calib,aed5200d10b6ad3d,resize05,1,83.0833969116211
0,sid_calib,real,unknown,calib,aed5200d10b6ad3d,resize025,1,85.0821533203125
0,sid_calib,real,unknown,calib,aed5200d10b6ad3d,noise002,1,83.8157958984375
0,sid_calib,real,unknown,calib,aed5200d10b6ad3d,noise005,1,82.4051513671875
0,sid_calib,real,unknown,calib,aed5200d10b6ad3d,noise01,1,84.25531005859375
0,sid_calib,real,unknown,calib,aed5200d10b6ad3d,jitter02,1,83.3044662475586
0,sid_calib,real,unknown,calib,aed5200d10b6ad3d,crop08,1,101.81908416748047
0,sid_calib,real,unknown,calib,9768530d9144b676,clean,1,130.57876586914062
0,sid_calib,real,unknown,calib,9768530d9144b676,jpeg90,1,130.38902282714844
0,sid_calib,real,unknown,calib,9768530d9144b676,jpeg70,1,130.48123168945312
0,sid_calib,real,unknown,calib,9768530d9144b676,jpeg50,1,130.15245056152344
0,sid_calib,real,unknown,calib,9768530d9144b676,jpeg30,1,130.8963623046875
0,sid_calib,real,unknown,calib,9768530d9144b676,blur05,1,130.55799865722656
0,sid_calib,real,unknown,calib,9768530d9144b676,blur10,1,130.34085083007812
0,sid_calib,real,unknown,calib,9768530d9144b676,blur20,1,129.9773406982422
0,sid_calib,real,unknown,calib,9768530d9144b676,resize05,1,130.6228485107422
0,sid_calib,real,unknown,calib,9768530d9144b676,resize025,1,130.4169464111328
0,sid_calib,real,unknown,calib,9768530d9144b676,noise002,1,130.62661743164062
0,sid_calib,real,unknown,calib,9768530d9144b676,noise005,1,130.099365234375
0,sid_calib,real,unknown,calib,9768530d9144b676,noise01,1,128.73007202148438
0,sid_calib,real,unknown,calib,9768530d9144b676,jitter02,1,131.1627655029297
0,sid_calib,real,unknown,calib,9768530d9144b676,crop08,1,165.7577667236328
0,sid_calib,real,unknown,calib,617c97666be2f677,clean,1,91.80023193359375
0,sid_calib,real,unknown,calib,617c97666be2f677,jpeg90,1,91.87029266357422
0,sid_calib,real,unknown,calib,617c97666be2f677,jpeg70,1,89.20960235595703
0,sid_calib,real,unknown,calib,617c97666be2f677,jpeg50,1,89.87651824951172
0,sid_calib,real,unknown,calib,617c97666be2f677,jpeg30,1,91.60639953613281
0,sid_calib,real,unknown,calib,617c97666be2f677,blur05,1,91.88839721679688
0,sid_calib,real,unknown,calib,617c97666be2f677,blur10,1,91.69718933105469
0,sid_calib,real,unknown,calib,617c97666be2f677,blur20,1,91.60223388671875
0,sid_calib,real,unknown,calib,617c97666be2f677,resize05,1,91.9594955444336
0,sid_calib,real,unknown,calib,617c97666be2f677,resize025,1,91.07324981689453
0,sid_calib,real,unknown,calib,617c97666be2f677,noise002,1,91.88677978515625
0,sid_calib,real,unknown,calib,617c97666be2f677,noise005,1,89.85465240478516
0,sid_calib,real,unknown,calib,617c97666be2f677,noise01,1,89.9276123046875
0,sid_calib,real,unknown,calib,617c97666be2f677,jitter02,1,88.67901611328125
0,sid_calib,real,unknown,calib,617c97666be2f677,crop08,1,108.91229248046875
1,sid_calib,full_synthetic,unknown,calib,bb5781c8ded3b7cb,crop08,1,78.19664764404297
0,sid_calib,real,unknown,calib,09477f2d40f067ad,clean,1,107.81977081298828
0,sid_calib,real,unknown,calib,09477f2d40f067ad,jpeg90,1,107.6609878540039
0,sid_calib,real,unknown,calib,09477f2d40f067ad,jpeg70,1,107.74030303955078
0,sid_calib,real,unknown,calib,09477f2d40f067ad,jpeg50,1,105.95807647705078
0,sid_calib,real,unknown,calib,09477f2d40f067ad,jpeg30,1,107.8766098022461
0,sid_calib,real,unknown,calib,09477f2d40f067ad,blur05,1,107.81558227539062
0,sid_calib,real,unknown,calib,09477f2d40f067ad,blur10,1,106.18132781982422
0,sid_calib,real,unknown,calib,09477f2d40f067ad,blur20,1,103.69932556152344
0,sid_calib,real,unknown,calib,09477f2d40f067ad,resize05,1,106.9325180053711
0,sid_calib,real,unknown,calib,09477f2d40f067ad,resize025,1,104.12960052490234
0,sid_calib,real,unknown,calib,09477f2d40f067ad,noise002,1,106.99870300292969
0,sid_calib,real,unknown,calib,09477f2d40f067ad,noise005,1,108.53719329833984
0,sid_calib,real,unknown,calib,09477f2d40f067ad,noise01,1,108.28034210205078
0,sid_calib,real,unknown,calib,09477f2d40f067ad,jitter02,1,108.7717514038086
0,sid_calib,real,unknown,calib,09477f2d40f067ad,crop08,1,121.03815460205078
1,sid_calib,full_synthetic,unknown,calib,a2a77428933c1723,clean,1,79.36347198486328
1,sid_calib,full_synthetic,unknown,calib,a2a77428933c1723,jpeg90,1,80.44467163085938
1,sid_calib,full_synthetic,unknown,calib,a2a77428933c1723,jpeg70,1,80.33993530273438
1,sid_calib,full_synthetic,unknown,calib,a2a77428933c1723,jpeg50,1,79.94990539550781
1,sid_calib,full_synthetic,unknown,calib,a2a77428933c1723,jpeg30,1,77.498291015625
1,sid_calib,full_synthetic,unknown,calib,a2a77428933c1723,blur05,1,79.36658477783203
1,sid_calib,full_synthetic,unknown,calib,a2a77428933c1723,blur10,1,80.51319122314453
1,sid_calib,full_synthetic,unknown,calib,a2a77428933c1723,resize05,1,79.41215515136719
1,sid_calib,full_synthetic,unknown,calib,a2a77428933c1723,resize025,1,77.81499481201172
1,sid_calib,full_synthetic,unknown,calib,a2a77428933c1723,noise002,1,79.2347640991211
1,sid_calib,full_synthetic,unknown,calib,a2a77428933c1723,noise005,1,80.54998016357422
1,sid_calib,full_synthetic,unknown,calib,a2a77428933c1723,noise01,1,77.52688598632812
1,sid_calib,full_synthetic,unknown,calib,a2a77428933c1723,jitter02,1,78.5161361694336
1,sid_calib,full_synthetic,unknown,calib,a2a77428933c1723,crop08,1,102.72145080566406
1,sid_calib,full_synthetic,unknown,calib,7eee064a22cd7288,clean,1,102.20158386230469
1,sid_calib,full_synthetic,unknown,calib,7eee064a22cd7288,jpeg90,1,102.25263977050781
1,sid_calib,full_synthetic,unknown,calib,7eee064a22cd7288,jpeg70,1,102.12205505371094
1,sid_calib,full_synthetic,unknown,calib,7eee064a22cd7288,jpeg50,1,105.15582275390625
1,sid_calib,full_synthetic,unknown,calib,7eee064a22cd7288,jpeg30,1,103.89813232421875
1,sid_calib,full_synthetic,unknown,calib,7eee064a22cd7288,blur05,1,102.2299575805664
1,sid_calib,full_synthetic,unknown,calib,7eee064a22cd7288,blur10,1,102.19627380371094
1,sid_calib,full_synthetic,unknown,calib,7eee064a22cd7288,blur20,1,104.10714721679688
1,sid_calib,full_synthetic,unknown,calib,7eee064a22cd7288,resize05,1,102.21371459960938
1,sid_calib,full_synthetic,unknown,calib,7eee064a22cd7288,resize025,1,102.58067321777344
1,sid_calib,full_synthetic,unknown,calib,7eee064a22cd7288,noise002,1,102.20250701904297
1,sid_calib,full_synthetic,unknown,calib,7eee064a22cd7288,noise005,1,105.59181213378906
1,sid_calib,full_synthetic,unknown,calib,7eee064a22cd7288,noise01,1,101.71485137939453
1,sid_calib,full_synthetic,unknown,calib,7eee064a22cd7288,jitter02,1,104.91295623779297
1,sid_calib,full_synthetic,unknown,calib,7eee064a22cd7288,crop08,1,124.6828384399414
1,sid_calib,full_synthetic,unknown,calib,ccf6111fc6213bc3,clean,1,93.44271850585938
1,sid_calib,full_synthetic,unknown,calib,ccf6111fc6213bc3,jpeg90,1,93.31293487548828
1,sid_calib,full_synthetic,unknown,calib,ccf6111fc6213bc3,jpeg70,1,93.67707824707031
1,sid_calib,full_synthetic,unknown,calib,ccf6111fc6213bc3,jpeg50,1,92.69510650634766
1,sid_calib,full_synthetic,unknown,calib,ccf6111fc6213bc3,jpeg30,1,92.76641082763672
1,sid_calib,full_synthetic,unknown,calib,ccf6111fc6213bc3,blur05,1,93.59414672851562
1,sid_calib,full_synthetic,unknown,calib,ccf6111fc6213bc3,blur10,1,93.90652465820312
1,sid_calib,full_synthetic,unknown,calib,ccf6111fc6213bc3,blur20,1,94.54830932617188
1,sid_calib,full_synthetic,unknown,calib,ccf6111fc6213bc3,resize05,1,93.75652313232422
1,sid_calib,full_synthetic,unknown,calib,ccf6111fc6213bc3,resize025,1,94.52761840820312
1,sid_calib,full_synthetic,unknown,calib,ccf6111fc6213bc3,noise002,1,93.04945373535156
1,sid_calib,full_synthetic,unknown,calib,ccf6111fc6213bc3,noise005,1,91.7683334350586
1,sid_calib,full_synthetic,unknown,calib,ccf6111fc6213bc3,noise01,1,91.77791595458984
1,sid_calib,full_synthetic,unknown,calib,ccf6111fc6213bc3,jitter02,1,93.57035064697266
1,sid_calib,full_synthetic,unknown,calib,ccf6111fc6213bc3,crop08,1,117.60486602783203
1,sid_calib,full_synthetic,unknown,calib,433bb643c1a2ed12,clean,1,69.67552185058594
1,sid_calib,full_synthetic,unknown,calib,433bb643c1a2ed12,jpeg90,1,69.82247924804688
1,sid_calib,full_synthetic,unknown,calib,433bb643c1a2ed12,jpeg70,1,69.77596282958984
1,sid_calib,full_synthetic,unknown,calib,433bb643c1a2ed12,jpeg50,1,67.37152099609375
1,sid_calib,full_synthetic,unknown,calib,433bb643c1a2ed12,jpeg30,1,67.24637603759766
1,sid_calib,full_synthetic,unknown,calib,433bb643c1a2ed12,blur05,1,69.93702697753906
1,sid_calib,full_synthetic,unknown,calib,433bb643c1a2ed12,blur10,1,70.60014343261719
1,sid_calib,full_synthetic,unknown,calib,433bb643c1a2ed12,resize05,1,70.13092041015625
1,sid_calib,full_synthetic,unknown,calib,433bb643c1a2ed12,noise002,1,67.41154479980469
1,sid_calib,full_synthetic,unknown,calib,433bb643c1a2ed12,noise005,1,66.00371551513672
1,sid_calib,full_synthetic,unknown,calib,433bb643c1a2ed12,noise01,1,66.31332397460938
1,sid_calib,full_synthetic,unknown,calib,433bb643c1a2ed12,jitter02,1,66.6443099975586
1,sid_calib,full_synthetic,unknown,calib,433bb643c1a2ed12,crop08,1,84.9367446899414
1,sid_calib,full_synthetic,unknown,calib,86f0a582c46b75e6,clean,1,131.48486328125
1,sid_calib,full_synthetic,unknown,calib,86f0a582c46b75e6,jpeg90,1,131.33607482910156
1,sid_calib,full_synthetic,unknown,calib,86f0a582c46b75e6,jpeg70,1,130.59548950195312
1,sid_calib,full_synthetic,unknown,calib,86f0a582c46b75e6,jpeg50,1,130.2124481201172
1,sid_calib,full_synthetic,unknown,calib,86f0a582c46b75e6,jpeg30,1,130.0430450439453
1,sid_calib,full_synthetic,unknown,calib,86f0a582c46b75e6,blur05,1,131.5367431640625
1,sid_calib,full_synthetic,unknown,calib,86f0a582c46b75e6,blur10,1,131.0583038330078
1,sid_calib,full_synthetic,unknown,calib,86f0a582c46b75e6,blur20,1,127.02870178222656
1,sid_calib,full_synthetic,unknown,calib,86f0a582c46b75e6,resize05,1,131.15533447265625
1,sid_calib,full_synthetic,unknown,calib,86f0a582c46b75e6,resize025,1,130.69650268554688
1,sid_calib,full_synthetic,unknown,calib,86f0a582c46b75e6,noise002,1,131.15882873535156
1,sid_calib,full_synthetic,unknown,calib,86f0a582c46b75e6,noise005,1,130.91477966308594
1,sid_calib,full_synthetic,unknown,calib,86f0a582c46b75e6,noise01,1,129.31573486328125
1,sid_calib,full_synthetic,unknown,calib,86f0a582c46b75e6,jitter02,1,130.80575561523438
1,sid_calib,full_synthetic,unknown,calib,86f0a582c46b75e6,crop08,1,158.95689392089844
0,sid_calib,real,unknown,calib,c8176c5e1c056999,crop08,1,69.76141357421875
0,sid_calib,real,unknown,calib,e21748fda8750faa,crop08,1,71.89498901367188
0,sid_calib,real,unknown,calib,6fc04fb564beaeef,crop08,1,76.6357650756836
1,sid_calib,full_synthetic,unknown,calib,c107a3db4f11157f,clean,1,328.1965637207031
1,sid_calib,full_synthetic,unknown,calib,c107a3db4f11157f,jpeg90,1,329.23480224609375
1,sid_calib,full_synthetic,unknown,calib,c107a3db4f11157f,jpeg70,1,328.1239318847656
1,sid_calib,full_synthetic,unknown,calib,c107a3db4f11157f,jpeg50,1,330.8516845703125
1,sid_calib,full_synthetic,unknown,calib,c107a3db4f11157f,jpeg30,1,327.1125793457031
1,sid_calib,full_synthetic,unknown,calib,c107a3db4f11157f,blur05,1,327.97247314453125
1,sid_calib,full_synthetic,unknown,calib,c107a3db4f11157f,blur10,1,326.38983154296875
1,sid_calib,full_synthetic,unknown,calib,c107a3db4f11157f,blur20,1,319.32537841796875
1,sid_calib,full_synthetic,unknown,calib,c107a3db4f11157f,resize05,1,327.6439208984375
1,sid_calib,full_synthetic,unknown,calib,c107a3db4f11157f,resize025,1,320.77337646484375
1,sid_calib,full_synthetic,unknown,calib,c107a3db4f11157f,noise002,1,327.40838623046875
1,sid_calib,full_synthetic,unknown,calib,c107a3db4f11157f,noise005,1,329.0052490234375
1,sid_calib,full_synthetic,unknown,calib,c107a3db4f11157f,noise01,1,335.4215393066406
1,sid_calib,full_synthetic,unknown,calib,c107a3db4f11157f,jitter02,1,326.1038513183594
1,sid_calib,full_synthetic,unknown,calib,c107a3db4f11157f,crop08,1,395.35321044921875
1,sid_calib,full_synthetic,unknown,calib,71ea99fd0b919fae,noise01,1,117.40467071533203
0,sid_calib,real,unknown,calib,0550eb1f462811e8,clean,1,81.92253875732422
0,sid_calib,real,unknown,calib,0550eb1f462811e8,jpeg90,1,81.8387451171875
0,sid_calib,real,unknown,calib,0550eb1f462811e8,jpeg70,1,81.9129867553711
0,sid_calib,real,unknown,calib,0550eb1f462811e8,jpeg50,1,83.9462890625
0,sid_calib,real,unknown,calib,0550eb1f462811e8,jpeg30,1,83.46636199951172
0,sid_calib,real,unknown,calib,0550eb1f462811e8,blur05,1,81.96495056152344
0,sid_calib,real,unknown,calib,0550eb1f462811e8,blur10,1,82.18738555908203
0,sid_calib,real,unknown,calib,0550eb1f462811e8,blur20,1,82.96633911132812
0,sid_calib,real,unknown,calib,0550eb1f462811e8,resize05,1,81.90894317626953
0,sid_calib,real,unknown,calib,0550eb1f462811e8,resize025,1,83.4085464477539
0,sid_calib,real,unknown,calib,0550eb1f462811e8,noise002,1,81.50042724609375
0,sid_calib,real,unknown,calib,0550eb1f462811e8,noise005,1,79.93743896484375
0,sid_calib,real,unknown,calib,0550eb1f462811e8,jitter02,1,81.5273208618164
0,sid_calib,real,unknown,calib,0550eb1f462811e8,crop08,1,107.05542755126953
1,sid_calib,full_synthetic,unknown,calib,275e1e7c32c22d04,clean,1,109.64822387695312
1,sid_calib,full_synthetic,unknown,calib,275e1e7c32c22d04,jpeg90,1,109.29329681396484
1,sid_calib,full_synthetic,unknown,calib,275e1e7c32c22d04,jpeg70,1,109.70836639404297
1,sid_calib,full_synthetic,unknown,calib,275e1e7c32c22d04,jpeg50,1,110.30947875976562
1,sid_calib,full_synthetic,unknown,calib,275e1e7c32c22d04,jpeg30,1,109.33293914794922
1,sid_calib,full_synthetic,unknown,calib,275e1e7c32c22d04,blur05,1,110.02566528320312
1,sid_calib,full_synthetic,unknown,calib,275e1e7c32c22d04,blur10,1,110.2116470336914
1,sid_calib,full_synthetic,unknown,calib,275e1e7c32c22d04,blur20,1,110.634033203125
1,sid_calib,full_synthetic,unknown,calib,275e1e7c32c22d04,resize05,1,110.30262756347656
1,sid_calib,full_synthetic,unknown,calib,275e1e7c32c22d04,resize025,1,111.29277801513672
1,sid_calib,full_synthetic,unknown,calib,275e1e7c32c22d04,noise002,1,109.06482696533203
1,sid_calib,full_synthetic,unknown,calib,275e1e7c32c22d04,noise005,1,110.55437469482422
1,sid_calib,full_synthetic,unknown,calib,275e1e7c32c22d04,noise01,1,110.2698745727539
1,sid_calib,full_synthetic,unknown,calib,275e1e7c32c22d04,jitter02,1,111.26580047607422
1,sid_calib,full_synthetic,unknown,calib,275e1e7c32c22d04,crop08,1,135.9201202392578
0,sid_calib,real,unknown,calib,e322be5fa047f9ad,blur20,1,79.73477172851562
0,sid_calib,real,unknown,calib,93952db7c783dffa,clean,1,266.9844970703125
0,sid_calib,real,unknown,calib,93952db7c783dffa,jpeg90,1,267.5196838378906
0,sid_calib,real,unknown,calib,93952db7c783dffa,jpeg70,1,269.18328857421875
0,sid_calib,real,unknown,calib,93952db7c783dffa,jpeg50,1,268.48870849609375
0,sid_calib,real,unknown,calib,93952db7c783dffa,jpeg30,1,267.7814636230469
0,sid_calib,real,unknown,calib,93952db7c783dffa,blur05,1,267.18402099609375
0,sid_calib,real,unknown,calib,93952db7c783dffa,blur10,1,268.7493591308594
0,sid_calib,real,unknown,calib,93952db7c783dffa,blur20,1,269.29119873046875
0,sid_calib,real,unknown,calib,93952db7c783dffa,resize05,1,267.52325439453125
0,sid_calib,real,unknown,calib,93952db7c783dffa,resize025,1,269.1600341796875
0,sid_calib,real,unknown,calib,93952db7c783dffa,noise002,1,269.262939453125
0,sid_calib,real,unknown,calib,93952db7c783dffa,noise005,1,271.2080078125
0,sid_calib,real,unknown,calib,93952db7c783dffa,noise01,1,271.6035461425781
0,sid_calib,real,unknown,calib,93952db7c783dffa,jitter02,1,264.58575439453125
0,sid_calib,real,unknown,calib,93952db7c783dffa,crop08,1,330.6696472167969
0,sid_calib,real,unknown,calib,1221df26fed2c76d,clean,1,185.42367553710938
0,sid_calib,real,unknown,calib,1221df26fed2c76d,jpeg90,1,185.42835998535156
0,sid_calib,real,unknown,calib,1221df26fed2c76d,jpeg70,1,185.36338806152344
0,sid_calib,real,unknown,calib,1221df26fed2c76d,jpeg50,1,185.8249969482422
0,sid_calib,real,unknown,calib,1221df26fed2c76d,jpeg30,1,185.030029296875
0,sid_calib,real,unknown,calib,1221df26fed2c76d,blur05,1,185.4530792236328
0,sid_calib,real,unknown,calib,1221df26fed2c76d,blur10,1,185.63613891601562
0,sid_calib,real,unknown,calib,1221df26fed2c76d,blur20,1,188.96865844726562
0,sid_calib,real,unknown,calib,1221df26fed2c76d,resize05,1,185.40679931640625
0,sid_calib,real,unknown,calib,1221df26fed2c76d,resize025,1,187.7864227294922
0,sid_calib,real,unknown,calib,1221df26fed2c76d,noise002,1,185.58572387695312
0,sid_calib,real,unknown,calib,1221df26fed2c76d,noise005,1,186.5004425048828
0,sid_calib,real,unknown,calib,1221df26fed2c76d,jitter02,1,185.35520935058594
0,sid_calib,real,unknown,calib,1221df26fed2c76d,crop08,1,227.94534301757812
1,sid_calib,full_synthetic,unknown,calib,49f866376f6786a9,crop08,1,106.69670867919922
0,sid_calib,real,unknown,calib,e5546bd3bdd7eb0c,clean,1,142.93356323242188
0,sid_calib,real,unknown,calib,e5546bd3bdd7eb0c,jpeg90,1,141.96522521972656
0,sid_calib,real,unknown,calib,e5546bd3bdd7eb0c,jpeg70,1,141.58847045898438
0,sid_calib,real,unknown,calib,e5546bd3bdd7eb0c,jpeg50,1,142.7672882080078
0,sid_calib,real,unknown,calib,e5546bd3bdd7eb0c,jpeg30,1,142.65725708007812
0,sid_calib,real,unknown,calib,e5546bd3bdd7eb0c,blur05,1,143.69607543945312
0,sid_calib,real,unknown,calib,e5546bd3bdd7eb0c,blur10,1,144.95249938964844
0,sid_calib,real,unknown,calib,e5546bd3bdd7eb0c,blur20,1,146.28128051757812
0,sid_calib,real,unknown,calib,e5546bd3bdd7eb0c,resize05,1,144.59283447265625
0,sid_calib,real,unknown,calib,e5546bd3bdd7eb0c,resize025,1,148.01109313964844
0,sid_calib,real,unknown,calib,e5546bd3bdd7eb0c,noise002,1,144.03273010253906
0,sid_calib,real,unknown,calib,e5546bd3bdd7eb0c,noise005,1,141.37538146972656
0,sid_calib,real,unknown,calib,e5546bd3bdd7eb0c,noise01,1,147.67166137695312
0,sid_calib,real,unknown,calib,e5546bd3bdd7eb0c,jitter02,1,141.2909393310547
0,sid_calib,real,unknown,calib,e5546bd3bdd7eb0c,crop08,1,198.15638732910156
0,sid_calib,real,unknown,calib,b9221379d66e342c,clean,1,150.7781524658203
0,sid_calib,real,unknown,calib,b9221379d66e342c,jpeg90,1,150.70899963378906
0,sid_calib,real,unknown,calib,b9221379d66e342c,jpeg70,1,150.39320373535156
0,sid_calib,real,unknown,calib,b9221379d66e342c,jpeg50,1,151.20755004882812
0,sid_calib,real,unknown,calib,b9221379d66e342c,jpeg30,1,151.35348510742188
0,sid_calib,real,unknown,calib,b9221379d66e342c,blur05,1,151.01083374023438
0,sid_calib,real,unknown,calib,b9221379d66e342c,blur10,1,151.6387481689453
0,sid_calib,real,unknown,calib,b9221379d66e342c,blur20,1,152.555908203125
0,sid_calib,real,unknown,calib,b9221379d66e342c,resize05,1,151.4725341796875
0,sid_calib,real,unknown,calib,b9221379d66e342c,resize025,1,152.10848999023438
0,sid_calib,real,unknown,calib,b9221379d66e342c,noise002,1,149.57296752929688
0,sid_calib,real,unknown,calib,b9221379d66e342c,noise005,1,152.23573303222656
0,sid_calib,real,unknown,calib,b9221379d66e342c,noise01,1,149.3103790283203
0,sid_calib,real,unknown,calib,b9221379d66e342c,jitter02,1,148.39508056640625
0,sid_calib,real,unknown,calib,b9221379d66e342c,crop08,1,192.26821899414062
1,sid_calib,full_synthetic,unknown,calib,53f52aa6df8ccf65,clean,1,298.9408264160156
1,sid_calib,full_synthetic,unknown,calib,53f52aa6df8ccf65,jpeg90,1,299.0796203613281
1,sid_calib,full_synthetic,unknown,calib,53f52aa6df8ccf65,jpeg70,1,298.7813415527344
1,sid_calib,full_synthetic,unknown,calib,53f52aa6df8ccf65,jpeg50,1,299.3847961425781
1,sid_calib,full_synthetic,unknown,calib,53f52aa6df8ccf65,jpeg30,1,305.3972473144531
1,sid_calib,full_synthetic,unknown,calib,53f52aa6df8ccf65,blur05,1,298.95123291015625
1,sid_calib,full_synthetic,unknown,calib,53f52aa6df8ccf65,blur10,1,298.7310485839844
1,sid_calib,full_synthetic,unknown,calib,53f52aa6df8ccf65,blur20,1,300.3802795410156
1,sid_calib,full_synthetic,unknown,calib,53f52aa6df8ccf65,resize05,1,298.5305480957031
1,sid_calib,full_synthetic,unknown,calib,53f52aa6df8ccf65,resize025,1,299.1996154785156
1,sid_calib,full_synthetic,unknown,calib,53f52aa6df8ccf65,noise002,1,304.36260986328125
1,sid_calib,full_synthetic,unknown,calib,53f52aa6df8ccf65,noise005,1,312.30657958984375
1,sid_calib,full_synthetic,unknown,calib,53f52aa6df8ccf65,noise01,1,326.77386474609375
1,sid_calib,full_synthetic,unknown,calib,53f52aa6df8ccf65,jitter02,1,301.0022888183594
1,sid_calib,full_synthetic,unknown,calib,53f52aa6df8ccf65,crop08,1,369.4412536621094
0,sid_calib,real,unknown,calib,aca8e13f41be775d,blur10,1,66.81517791748047
0,sid_calib,real,unknown,calib,aca8e13f41be775d,blur20,1,68.63729858398438
0,sid_calib,real,unknown,calib,aca8e13f41be775d,resize025,1,70.33259582519531
0,sid_calib,real,unknown,calib,aca8e13f41be775d,crop08,1,86.4406967163086
0,sid_calib,real,unknown,calib,d79f67eaff2b3e98,crop08,1,67.31217956542969
1,sid_calib,full_synthetic,unknown,calib,ef1370a1cc2685fc,clean,1,328.7942199707031
1,sid_calib,full_synthetic,unknown,calib,ef1370a1cc2685fc,jpeg90,1,329.4524230957031
1,sid_calib,full_synthetic,unknown,calib,ef1370a1cc2685fc,jpeg70,1,329.4524230957031
1,sid_calib,full_synthetic,unknown,calib,ef1370a1cc2685fc,jpeg50,1,329.4524230957031
1,sid_calib,full_synthetic,unknown,calib,ef1370a1cc2685fc,jpeg30,1,329.4524230957031
1,sid_calib,full_synthetic,unknown,calib,ef1370a1cc2685fc,blur05,1,329.4473571777344
1,sid_calib,full_synthetic,unknown,calib,ef1370a1cc2685fc,blur10,1,331.4961853027344
1,sid_calib,full_synthetic,unknown,calib,ef1370a1cc2685fc,blur20,1,335.4313659667969
1,sid_calib,full_synthetic,unknown,calib,ef1370a1cc2685fc,resize05,1,329.3661193847656
1,sid_calib,full_synthetic,unknown,calib,ef1370a1cc2685fc,resize025,1,332.885986328125
1,sid_calib,full_synthetic,unknown,calib,ef1370a1cc2685fc,noise002,1,327.8787841796875
1,sid_calib,full_synthetic,unknown,calib,ef1370a1cc2685fc,noise005,1,321.6919860839844
1,sid_calib,full_synthetic,unknown,calib,ef1370a1cc2685fc,noise01,1,309.7692565917969
1,sid_calib,full_synthetic,unknown,calib,ef1370a1cc2685fc,jitter02,1,332.4159851074219
1,sid_calib,full_synthetic,unknown,calib,ef1370a1cc2685fc,crop08,1,411.38787841796875
1,sid_calib,full_synthetic,unknown,calib,e719db001bbc7804,clean,1,191.28656005859375
1,sid_calib,full_synthetic,unknown,calib,e719db001bbc7804,jpeg90,1,191.20156860351562
1,sid_calib,full_synthetic,unknown,calib,e719db001bbc7804,jpeg70,1,192.0763702392578
1,sid_calib,full_synthetic,unknown,calib,e719db001bbc7804,jpeg50,1,192.01023864746094
1,sid_calib,full_synthetic,unknown,calib,e719db001bbc7804,jpeg30,1,191.70614624023438
1,sid_calib,full_synthetic,unknown,calib,e719db001bbc7804,blur05,1,191.6648712158203
1,sid_calib,full_synthetic,unknown,calib,e719db001bbc7804,blur10,1,192.3308563232422
1,sid_calib,full_synthetic,unknown,calib,e719db001bbc7804,blur20,1,193.28036499023438
1,sid_calib,full_synthetic,unknown,calib,e719db001bbc7804,resize05,1,191.7322998046875
1,sid_calib,full_synthetic,unknown,calib,e719db001bbc7804,resize025,1,191.9915313720703
1,sid_calib,full_synthetic,unknown,calib,e719db001bbc7804,noise002,1,191.9715576171875
1,sid_calib,full_synthetic,unknown,calib,e719db001bbc7804,noise005,1,195.41993713378906
1,sid_calib,full_synthetic,unknown,calib,e719db001bbc7804,noise01,1,204.19004821777344
1,sid_calib,full_synthetic,unknown,calib,e719db001bbc7804,jitter02,1,197.38555908203125
1,sid_calib,full_synthetic,unknown,calib,e719db001bbc7804,crop08,1,252.97067260742188
0,sid_calib,real,unknown,calib,faa04c481c6a255a,jpeg30,1,121.06785583496094
0,sid_calib,real,unknown,calib,faa04c481c6a255a,blur20,1,119.5538558959961
0,sid_calib,real,unknown,calib,faa04c481c6a255a,resize025,1,120.48992156982422
0,sid_calib,real,unknown,calib,faa04c481c6a255a,noise005,1,118.40091705322266
1,sid_calib,full_synthetic,unknown,calib,dcf3143901c3aa8d,clean,1,208.4196014404297
1,sid_calib,full_synthetic,unknown,calib,dcf3143901c3aa8d,jpeg90,1,207.85693359375
1,sid_calib,full_synthetic,unknown,calib,dcf3143901c3aa8d,jpeg70,1,207.77569580078125
1,sid_calib,full_synthetic,unknown,calib,dcf3143901c3aa8d,jpeg50,1,212.27590942382812
1,sid_calib,full_synthetic,unknown,calib,dcf3143901c3aa8d,jpeg30,1,211.49484252929688
1,sid_calib,full_synthetic,unknown,calib,dcf3143901c3aa8d,blur05,1,207.85243225097656
1,sid_calib,full_synthetic,unknown,calib,dcf3143901c3aa8d,blur10,1,203.66302490234375
1,sid_calib,full_synthetic,unknown,calib,dcf3143901c3aa8d,blur20,1,202.53414916992188
1,sid_calib,full_synthetic,unknown,calib,dcf3143901c3aa8d,resize05,1,207.20986938476562
1,sid_calib,full_synthetic,unknown,calib,dcf3143901c3aa8d,resize025,1,203.2255859375
1,sid_calib,full_synthetic,unknown,calib,dcf3143901c3aa8d,noise002,1,209.1724853515625
1,sid_calib,full_synthetic,unknown,calib,dcf3143901c3aa8d,noise005,1,212.4647216796875
1,sid_calib,full_synthetic,unknown,calib,dcf3143901c3aa8d,noise01,1,219.35101318359375
1,sid_calib,full_synthetic,unknown,calib,dcf3143901c3aa8d,jitter02,1,209.79879760742188
1,sid_calib,full_synthetic,unknown,calib,dcf3143901c3aa8d,crop08,1,259.9923400878906
1,sid_calib,full_synthetic,unknown,calib,9fb62d93ee3828f6,clean,1,197.48556518554688
1,sid_calib,full_synthetic,unknown,calib,9fb62d93ee3828f6,jpeg90,1,197.04043579101562
1,sid_calib,full_synthetic,unknown,calib,9fb62d93ee3828f6,jpeg70,1,200.1968994140625
1,sid_calib,full_synthetic,unknown,calib,9fb62d93ee3828f6,jpeg50,1,196.4896240234375
1,sid_calib,full_synthetic,unknown,calib,9fb62d93ee3828f6,jpeg30,1,196.2270965576172
1,sid_calib,full_synthetic,unknown,calib,9fb62d93ee3828f6,blur05,1,196.61611938476562
1,sid_calib,full_synthetic,unknown,calib,9fb62d93ee3828f6,blur10,1,196.64540100097656
1,sid_calib,full_synthetic,unknown,calib,9fb62d93ee3828f6,blur20,1,196.6121826171875
1,sid_calib,full_synthetic,unknown,calib,9fb62d93ee3828f6,resize05,1,196.7022247314453
1,sid_calib,full_synthetic,unknown,calib,9fb62d93ee3828f6,resize025,1,196.4610595703125
1,sid_calib,full_synthetic,unknown,calib,9fb62d93ee3828f6,noise002,1,197.87017822265625
1,sid_calib,full_synthetic,unknown,calib,9fb62d93ee3828f6,noise005,1,202.6898956298828
1,sid_calib,full_synthetic,unknown,calib,9fb62d93ee3828f6,noise01,1,201.6633758544922
1,sid_calib,full_synthetic,unknown,calib,9fb62d93ee3828f6,jitter02,1,198.02706909179688
1,sid_calib,full_synthetic,unknown,calib,9fb62d93ee3828f6,crop08,1,253.0703887939453
1,sid_calib,full_synthetic,unknown,calib,ddacb6bb8927b71c,clean,1,92.07921600341797
1,sid_calib,full_synthetic,unknown,calib,ddacb6bb8927b71c,jpeg90,1,92.11058807373047
1,sid_calib,full_synthetic,unknown,calib,ddacb6bb8927b71c,jpeg70,1,92.11058807373047
1,sid_calib,full_synthetic,unknown,calib,ddacb6bb8927b71c,jpeg50,1,92.11058807373047
1,sid_calib,full_synthetic,unknown,calib,ddacb6bb8927b71c,jpeg30,1,92.11058807373047
1,sid_calib,full_synthetic,unknown,calib,ddacb6bb8927b71c,blur05,1,92.2269515991211
1,sid_calib,full_synthetic,unknown,calib,ddacb6bb8927b71c,blur10,1,91.66529846191406
1,sid_calib,full_synthetic,unknown,calib,ddacb6bb8927b71c,resize05,1,92.19425964355469
1,sid_calib,full_synthetic,unknown,calib,ddacb6bb8927b71c,noise002,1,92.22572326660156
1,sid_calib,full_synthetic,unknown,calib,ddacb6bb8927b71c,noise005,1,93.56248474121094
1,sid_calib,full_synthetic,unknown,calib,ddacb6bb8927b71c,jitter02,1,91.45100402832031
1,sid_calib,full_synthetic,unknown,calib,ddacb6bb8927b71c,crop08,1,69.76990509033203
0,sid_calib,real,unknown,calib,9e196d5bf4eeb35f,clean,1,135.2859649658203
0,sid_calib,real,unknown,calib,9e196d5bf4eeb35f,jpeg90,1,136.08114624023438
0,sid_calib,real,unknown,calib,9e196d5bf4eeb35f,jpeg70,1,138.08096313476562
0,sid_calib,real,unknown,calib,9e196d5bf4eeb35f,jpeg50,1,134.70762634277344
0,sid_calib,real,unknown,calib,9e196d5bf4eeb35f,jpeg30,1,139.5092010498047
0,sid_calib,real,unknown,calib,9e196d5bf4eeb35f,blur05,1,136.3590850830078
0,sid_calib,real,unknown,calib,9e196d5bf4eeb35f,blur10,1,137.47317504882812
0,sid_calib,real,unknown,calib,9e196d5bf4eeb35f,blur20,1,138.34742736816406
0,sid_calib,real,unknown,calib,9e196d5bf4eeb35f,resize05,1,136.90597534179688
0,sid_calib,real,unknown,calib,9e196d5bf4eeb35f,resize025,1,137.42974853515625
0,sid_calib,real,unknown,calib,9e196d5bf4eeb35f,noise002,1,137.80628967285156
0,sid_calib,real,unknown,calib,9e196d5bf4eeb35f,noise005,1,139.72854614257812
0,sid_calib,real,unknown,calib,9e196d5bf4eeb35f,jitter02,1,136.06314086914062
0,sid_calib,real,unknown,calib,9e196d5bf4eeb35f,crop08,1,162.79872131347656
1,sid_calib,full_synthetic,unknown,calib,c815513ec83fcd57,clean,1,95.87006378173828
1,sid_calib,full_synthetic,unknown,calib,c815513ec83fcd57,jpeg90,1,96.75872802734375
1,sid_calib,full_synthetic,unknown,calib,c815513ec83fcd57,jpeg70,1,95.46820831298828
1,sid_calib,full_synthetic,unknown,calib,c815513ec83fcd57,jpeg50,1,97.24219512939453
1,sid_calib,full_synthetic,unknown,calib,c815513ec83fcd57,jpeg30,1,95.85202026367188
1,sid_calib,full_synthetic,unknown,calib,c815513ec83fcd57,blur05,1,96.81249237060547
1,sid_calib,full_synthetic,unknown,calib,c815513ec83fcd57,blur10,1,96.27133178710938
1,sid_calib,full_synthetic,unknown,calib,c815513ec83fcd57,blur20,1,94.85554504394531
1,sid_calib,full_synthetic,unknown,calib,c815513ec83fcd57,resize05,1,96.82747650146484
1,sid_calib,full_synthetic,unknown,calib,c815513ec83fcd57,resize025,1,93.3659896850586
1,sid_calib,full_synthetic,unknown,calib,c815513ec83fcd57,noise002,1,97.00633239746094
1,sid_calib,full_synthetic,unknown,calib,c815513ec83fcd57,noise005,1,97.93282318115234
1,sid_calib,full_synthetic,unknown,calib,c815513ec83fcd57,noise01,1,92.03733825683594
1,sid_calib,full_synthetic,unknown,calib,c815513ec83fcd57,jitter02,1,96.58599090576172
1,sid_calib,full_synthetic,unknown,calib,c815513ec83fcd57,crop08,1,111.7839126586914
0,sid_calib,real,unknown,calib,d4cfe9ea65a37cef,clean,1,130.7631378173828
0,sid_calib,real,unknown,calib,d4cfe9ea65a37cef,jpeg90,1,130.99647521972656
0,sid_calib,real,unknown,calib,d4cfe9ea65a37cef,jpeg70,1,130.4055633544922
0,sid_calib,real,unknown,calib,d4cfe9ea65a37cef,jpeg50,1,131.58297729492188
0,sid_calib,real,unknown,calib,d4cfe9ea65a37cef,jpeg30,1,129.38339233398438
0,sid_calib,real,unknown,calib,d4cfe9ea65a37cef,blur05,1,130.5609893798828
0,sid_calib,real,unknown,calib,d4cfe9ea65a37cef,blur10,1,130.5591278076172
0,sid_calib,real,unknown,calib,d4cfe9ea65a37cef,blur20,1,131.75677490234375
0,sid_calib,real,unknown,calib,d4cfe9ea65a37cef,resize05,1,130.721923828125
0,sid_calib,real,unknown,calib,d4cfe9ea65a37cef,resize025,1,131.89263916015625
0,sid_calib,real,unknown,calib,d4cfe9ea65a37cef,noise002,1,131.514892578125
0,sid_calib,real,unknown,calib,d4cfe9ea65a37cef,noise005,1,130.7666015625
0,sid_calib,real,unknown,calib,d4cfe9ea65a37cef,noise01,1,135.5170440673828
0,sid_calib,real,unknown,calib,d4cfe9ea65a37cef,jitter02,1,132.40049743652344
0,sid_calib,real,unknown,calib,d4cfe9ea65a37cef,crop08,1,151.63404846191406
1,sid_calib,full_synthetic,unknown,calib,2cb537ae1e053f37,clean,1,73.56360626220703
1,sid_calib,full_synthetic,unknown,calib,2cb537ae1e053f37,jpeg90,1,73.24889373779297
1,sid_calib,full_synthetic,unknown,calib,2cb537ae1e053f37,jpeg70,1,73.22570037841797
1,sid_calib,full_synthetic,unknown,calib,2cb537ae1e053f37,jpeg50,1,72.98887634277344
1,sid_calib,full_synthetic,unknown,calib,2cb537ae1e053f37,jpeg30,1,75.07283020019531
1,sid_calib,full_synthetic,unknown,calib,2cb537ae1e053f37,blur05,1,73.65355682373047
1,sid_calib,full_synthetic,unknown,calib,2cb537ae1e053f37,blur10,1,73.81169891357422
1,sid_calib,full_synthetic,unknown,calib,2cb537ae1e053f37,resize05,1,73.74887084960938
1,sid_calib,full_synthetic,unknown,calib,2cb537ae1e053f37,resize025,1,72.66989135742188
1,sid_calib,full_synthetic,unknown,calib,2cb537ae1e053f37,noise002,1,74.21747589111328
1,sid_calib,full_synthetic,unknown,calib,2cb537ae1e053f37,noise005,1,73.7450942993164
1,sid_calib,full_synthetic,unknown,calib,2cb537ae1e053f37,jitter02,1,73.64017486572266
1,sid_calib,full_synthetic,unknown,calib,2cb537ae1e053f37,crop08,1,92.7706527709961
0,sid_calib,real,unknown,calib,6238fce2ddccc496,clean,1,174.4466094970703
0,sid_calib,real,unknown,calib,6238fce2ddccc496,jpeg90,1,176.20364379882812
0,sid_calib,real,unknown,calib,6238fce2ddccc496,jpeg70,1,172.39328002929688
0,sid_calib,real,unknown,calib,6238fce2ddccc496,jpeg50,1,175.4976043701172
0,sid_calib,real,unknown,calib,6238fce2ddccc496,jpeg30,1,174.3537139892578
0,sid_calib,real,unknown,calib,6238fce2ddccc496,blur05,1,175.36557006835938
0,sid_calib,real,unknown,calib,6238fce2ddccc496,blur10,1,174.8023223876953
0,sid_calib,real,unknown,calib,6238fce2ddccc496,blur20,1,172.8261260986328
0,sid_calib,real,unknown,calib,6238fce2ddccc496,resize05,1,174.20346069335938
0,sid_calib,real,unknown,calib,6238fce2ddccc496,resize025,1,175.5384521484375
0,sid_calib,real,unknown,calib,6238fce2ddccc496,noise002,1,174.100830078125
0,sid_calib,real,unknown,calib,6238fce2ddccc496,jitter02,1,175.21043395996094
0,sid_calib,real,unknown,calib,6238fce2ddccc496,crop08,1,229.04722595214844
1,sid_calib,full_synthetic,unknown,calib,bcbc37a79152b6a3,crop08,1,156.42318725585938
0,sid_calib,real,unknown,calib,d6e5aaf1a8d4bcb1,clean,1,135.32090759277344
0,sid_calib,real,unknown,calib,d6e5aaf1a8d4bcb1,jpeg90,1,135.6488037109375
0,sid_calib,real,unknown,calib,d6e5aaf1a8d4bcb1,jpeg70,1,135.35877990722656
0,sid_calib,real,unknown,calib,d6e5aaf1a8d4bcb1,jpeg50,1,131.7374267578125
0,sid_calib,real,unknown,calib,d6e5aaf1a8d4bcb1,jpeg30,1,134.2241668701172
0,sid_calib,real,unknown,calib,d6e5aaf1a8d4bcb1,blur05,1,135.0726776123047
0,sid_calib,real,unknown,calib,d6e5aaf1a8d4bcb1,blur10,1,134.85845947265625
0,sid_calib,real,unknown,calib,d6e5aaf1a8d4bcb1,blur20,1,133.1183624267578
0,sid_calib,real,unknown,calib,d6e5aaf1a8d4bcb1,resize05,1,131.67958068847656
0,sid_calib,real,unknown,calib,d6e5aaf1a8d4bcb1,resize025,1,132.02003479003906
0,sid_calib,real,unknown,calib,d6e5aaf1a8d4bcb1,noise002,1,132.24038696289062
0,sid_calib,real,unknown,calib,d6e5aaf1a8d4bcb1,noise005,1,133.98878479003906
0,sid_calib,real,unknown,calib,d6e5aaf1a8d4bcb1,noise01,1,139.14198303222656
0,sid_calib,real,unknown,calib,d6e5aaf1a8d4bcb1,jitter02,1,131.8021697998047
0,sid_calib,real,unknown,calib,d6e5aaf1a8d4bcb1,crop08,1,161.35081481933594
1,sid_calib,full_synthetic,unknown,calib,54b96fe518106ae4,clean,1,69.91548156738281
1,sid_calib,full_synthetic,unknown,calib,54b96fe518106ae4,jpeg90,1,69.9259262084961
1,sid_calib,full_synthetic,unknown,calib,54b96fe518106ae4,jpeg70,1,70.90281677246094
1,sid_calib,full_synthetic,unknown,calib,54b96fe518106ae4,jpeg50,1,71.15312194824219
1,sid_calib,full_synthetic,unknown,calib,54b96fe518106ae4,jpeg30,1,70.52220153808594
1,sid_calib,full_synthetic,unknown,calib,54b96fe518106ae4,blur05,1,70.11042022705078
1,sid_calib,full_synthetic,unknown,calib,54b96fe518106ae4,blur10,1,71.50883483886719
1,sid_calib,full_synthetic,unknown,calib,54b96fe518106ae4,blur20,1,70.6200942993164
1,sid_calib,full_synthetic,unknown,calib,54b96fe518106ae4,resize05,1,70.9187240600586
1,sid_calib,full_synthetic,unknown,calib,54b96fe518106ae4,resize025,1,71.3095703125
1,sid_calib,full_synthetic,unknown,calib,54b96fe518106ae4,noise002,1,70.29840087890625
1,sid_calib,full_synthetic,unknown,calib,54b96fe518106ae4,noise005,1,70.0648193359375
1,sid_calib,full_synthetic,unknown,calib,54b96fe518106ae4,noise01,1,70.12178039550781
1,sid_calib,full_synthetic,unknown,calib,54b96fe518106ae4,jitter02,1,70.42234802246094
1,sid_calib,full_synthetic,unknown,calib,54b96fe518106ae4,crop08,1,88.68495178222656
0,sid_calib,real,unknown,calib,955665ff9f3f3f92,clean,1,132.44430541992188
0,sid_calib,real,unknown,calib,955665ff9f3f3f92,jpeg90,1,132.47804260253906
0,sid_calib,real,unknown,calib,955665ff9f3f3f92,jpeg70,1,133.6210174560547
0,sid_calib,real,unknown,calib,955665ff9f3f3f92,jpeg50,1,132.8861846923828
0,sid_calib,real,unknown,calib,955665ff9f3f3f92,jpeg30,1,130.0743408203125
0,sid_calib,real,unknown,calib,955665ff9f3f3f92,blur05,1,132.64801025390625
0,sid_calib,real,unknown,calib,955665ff9f3f3f92,blur10,1,132.2610321044922
0,sid_calib,real,unknown,calib,955665ff9f3f3f92,blur20,1,126.51464080810547
0,sid_calib,real,unknown,calib,955665ff9f3f3f92,resize05,1,133.058837890625
0,sid_calib,real,unknown,calib,955665ff9f3f3f92,resize025,1,124.66886901855469
0,sid_calib,real,unknown,calib,955665ff9f3f3f92,noise002,1,130.83433532714844
0,sid_calib,real,unknown,calib,955665ff9f3f3f92,noise005,1,130.07774353027344
0,sid_calib,real,unknown,calib,955665ff9f3f3f92,noise01,1,91.01602935791016
0,sid_calib,real,unknown,calib,955665ff9f3f3f92,jitter02,1,131.45799255371094
0,sid_calib,real,unknown,calib,955665ff9f3f3f92,crop08,1,155.87974548339844
0,sid_calib,real,unknown,calib,d6a8e563822a6fdc,clean,1,92.98627471923828
0,sid_calib,real,unknown,calib,d6a8e563822a6fdc,jpeg90,1,93.18438720703125
0,sid_calib,real,unknown,calib,d6a8e563822a6fdc,jpeg70,1,93.44373321533203
0,sid_calib,real,unknown,calib,d6a8e563822a6fdc,jpeg50,1,92.95751953125
0,sid_calib,real,unknown,calib,d6a8e563822a6fdc,jpeg30,1,93.36532592773438
0,sid_calib,real,unknown,calib,d6a8e563822a6fdc,blur05,1,92.87548828125
0,sid_calib,real,unknown,calib,d6a8e563822a6fdc,blur10,1,91.56884002685547
0,sid_calib,real,unknown,calib,d6a8e563822a6fdc,blur20,1,91.28666687011719
0,sid_calib,real,unknown,calib,d6a8e563822a6fdc,resize05,1,92.52742767333984
0,sid_calib,real,unknown,calib,d6a8e563822a6fdc,resize025,1,92.23357391357422
0,sid_calib,real,unknown,calib,d6a8e563822a6fdc,noise002,1,93.01400756835938
0,sid_calib,real,unknown,calib,d6a8e563822a6fdc,noise005,1,93.57823944091797
0,sid_calib,real,unknown,calib,d6a8e563822a6fdc,noise01,1,89.96665954589844
0,sid_calib,real,unknown,calib,d6a8e563822a6fdc,jitter02,1,92.62798309326172
0,sid_calib,real,unknown,calib,d6a8e563822a6fdc,crop08,1,117.47469329833984
1,sid_calib,full_synthetic,unknown,calib,4f5c10357c415c44,clean,1,74.21432495117188
1,sid_calib,full_synthetic,unknown,calib,4f5c10357c415c44,jpeg90,1,73.80445098876953
1,sid_calib,full_synthetic,unknown,calib,4f5c10357c415c44,jpeg70,1,73.92259979248047
1,sid_calib,full_synthetic,unknown,calib,4f5c10357c415c44,jpeg50,1,73.6106948852539
1,sid_calib,full_synthetic,unknown,calib,4f5c10357c415c44,jpeg30,1,73.38575744628906
1,sid_calib,full_synthetic,unknown,calib,4f5c10357c415c44,blur05,1,73.99235534667969
1,sid_calib,full_synthetic,unknown,calib,4f5c10357c415c44,blur10,1,74.01654052734375
1,sid_calib,full_synthetic,unknown,calib,4f5c10357c415c44,blur20,1,75.15668487548828
1,sid_calib,full_synthetic,unknown,calib,4f5c10357c415c44,resize05,1,73.91021728515625
1,sid_calib,full_synthetic,unknown,calib,4f5c10357c415c44,resize025,1,76.24971771240234
1,sid_calib,full_synthetic,unknown,calib,4f5c10357c415c44,noise002,1,73.89204406738281
1,sid_calib,full_synthetic,unknown,calib,4f5c10357c415c44,noise005,1,74.55904388427734
1,sid_calib,full_synthetic,unknown,calib,4f5c10357c415c44,noise01,1,72.55744934082031
1,sid_calib,full_synthetic,unknown,calib,4f5c10357c415c44,jitter02,1,72.89958190917969
1,sid_calib,full_synthetic,unknown,calib,4f5c10357c415c44,crop08,1,89.38328552246094
1,sid_calib,full_synthetic,unknown,calib,b76337fce5b37ee5,clean,1,98.53691101074219
1,sid_calib,full_synthetic,unknown,calib,b76337fce5b37ee5,jpeg90,1,98.70832061767578
1,sid_calib,full_synthetic,unknown,calib,b76337fce5b37ee5,jpeg70,1,99.6666488647461
1,sid_calib,full_synthetic,unknown,calib,b76337fce5b37ee5,jpeg50,1,99.32230377197266
1,sid_calib,full_synthetic,unknown,calib,b76337fce5b37ee5,jpeg30,1,99.14450073242188
1,sid_calib,full_synthetic,unknown,calib,b76337fce5b37ee5,blur05,1,98.80191802978516
1,sid_calib,full_synthetic,unknown,calib,b76337fce5b37ee5,blur10,1,99.8570556640625
1,sid_calib,full_synthetic,unknown,calib,b76337fce5b37ee5,blur20,1,99.98243713378906
1,sid_calib,full_synthetic,unknown,calib,b76337fce5b37ee5,resize05,1,99.1263656616211
1,sid_calib,full_synthetic,unknown,calib,b76337fce5b37ee5,resize025,1,101.00739288330078
1,sid_calib,full_synthetic,unknown,calib,b76337fce5b37ee5,noise002,1,98.54866790771484
1,sid_calib,full_synthetic,unknown,calib,b76337fce5b37ee5,noise005,1,98.68955993652344
1,sid_calib,full_synthetic,unknown,calib,b76337fce5b37ee5,noise01,1,100.98626708984375
1,sid_calib,full_synthetic,unknown,calib,b76337fce5b37ee5,jitter02,1,99.18277740478516
1,sid_calib,full_synthetic,unknown,calib,b76337fce5b37ee5,crop08,1,122.7033462524414
0,sid_calib,real,unknown,calib,0030de7b43420b9a,clean,1,214.17161560058594
0,sid_calib,real,unknown,calib,0030de7b43420b9a,jpeg90,1,213.4658203125
0,sid_calib,real,unknown,calib,0030de7b43420b9a,jpeg70,1,213.81741333007812
0,sid_calib,real,unknown,calib,0030de7b43420b9a,jpeg50,1,214.69137573242188
0,sid_calib,real,unknown,calib,0030de7b43420b9a,jpeg30,1,214.8285675048828
0,sid_calib,real,unknown,calib,0030de7b43420b9a,blur05,1,214.72096252441406
0,sid_calib,real,unknown,calib,0030de7b43420b9a,blur10,1,215.88450622558594
0,sid_calib,real,unknown,calib,0030de7b43420b9a,blur20,1,211.85195922851562
0,sid_calib,real,unknown,calib,0030de7b43420b9a,resize05,1,216.19143676757812
0,sid_calib,real,unknown,calib,0030de7b43420b9a,resize025,1,215.92550659179688
0,sid_calib,real,unknown,calib,0030de7b43420b9a,noise002,1,214.42823791503906
0,sid_calib,real,unknown,calib,0030de7b43420b9a,noise005,1,221.16720581054688
0,sid_calib,real,unknown,calib,0030de7b43420b9a,jitter02,1,212.01919555664062
0,sid_calib,real,unknown,calib,0030de7b43420b9a,crop08,1,254.55320739746094
0,sid_calib,real,unknown,calib,a4c1dcac70dc766f,clean,1,186.78884887695312
0,sid_calib,real,unknown,calib,a4c1dcac70dc766f,jpeg90,1,187.41326904296875
0,sid_calib,real,unknown,calib,a4c1dcac70dc766f,jpeg70,1,186.37095642089844
0,sid_calib,real,unknown,calib,a4c1dcac70dc766f,jpeg50,1,185.597900390625
0,sid_calib,real,unknown,calib,a4c1dcac70dc766f,jpeg30,1,185.6497039794922
0,sid_calib,real,unknown,calib,a4c1dcac70dc766f,blur05,1,186.5974884033203
0,sid_calib,real,unknown,calib,a4c1dcac70dc766f,blur10,1,186.3909912109375
0,sid_calib,real,unknown,calib,a4c1dcac70dc766f,blur20,1,186.38059997558594
0,sid_calib,real,unknown,calib,a4c1dcac70dc766f,resize05,1,186.01377868652344
0,sid_calib,real,unknown,calib,a4c1dcac70dc766f,resize025,1,186.89273071289062
0,sid_calib,real,unknown,calib,a4c1dcac70dc766f,noise002,1,188.29611206054688
0,sid_calib,real,unknown,calib,a4c1dcac70dc766f,noise005,1,190.03366088867188
0,sid_calib,real,unknown,calib,a4c1dcac70dc766f,noise01,1,193.2407989501953
0,sid_calib,real,unknown,calib,a4c1dcac70dc766f,jitter02,1,189.33074951171875
0,sid_calib,real,unknown,calib,a4c1dcac70dc766f,crop08,1,235.22787475585938
0,sid_calib,real,unknown,calib,9f8ac471395980f2,crop08,1,65.1275634765625
1,sid_calib,full_synthetic,unknown,calib,0d47fbaa7e447e6a,clean,1,155.65028381347656
1,sid_calib,full_synthetic,unknown,calib,0d47fbaa7e447e6a,jpeg90,1,155.60130310058594
1,sid_calib,full_synthetic,unknown,calib,0d47fbaa7e447e6a,jpeg70,1,155.74790954589844
1,sid_calib,full_synthetic,unknown,calib,0d47fbaa7e447e6a,jpeg50,1,156.41192626953125
1,sid_calib,full_synthetic,unknown,calib,0d47fbaa7e447e6a,jpeg30,1,151.52484130859375
1,sid_calib,full_synthetic,unknown,calib,0d47fbaa7e447e6a,blur05,1,155.5704345703125
1,sid_calib,full_synthetic,unknown,calib,0d47fbaa7e447e6a,blur10,1,155.34532165527344
1,sid_calib,full_synthetic,unknown,calib,0d47fbaa7e447e6a,blur20,1,154.0792694091797
1,sid_calib,full_synthetic,unknown,calib,0d47fbaa7e447e6a,resize05,1,151.24395751953125
1,sid_calib,full_synthetic,unknown,calib,0d47fbaa7e447e6a,resize025,1,151.0933074951172
1,sid_calib,full_synthetic,unknown,calib,0d47fbaa7e447e6a,noise002,1,155.8821258544922
1,sid_calib,full_synthetic,unknown,calib,0d47fbaa7e447e6a,noise005,1,157.322998046875
1,sid_calib,full_synthetic,unknown,calib,0d47fbaa7e447e6a,noise01,1,154.8409423828125
1,sid_calib,full_synthetic,unknown,calib,0d47fbaa7e447e6a,jitter02,1,150.08514404296875
1,sid_calib,full_synthetic,unknown,calib,0d47fbaa7e447e6a,crop08,1,190.595458984375
0,sid_calib,real,unknown,calib,bfa16a3424fdeb50,clean,1,120.65254211425781
0,sid_calib,real,unknown,calib,bfa16a3424fdeb50,jpeg90,1,120.52517700195312
0,sid_calib,real,unknown,calib,bfa16a3424fdeb50,jpeg70,1,120.54928588867188
0,sid_calib,real,unknown,calib,bfa16a3424fdeb50,jpeg50,1,120.86378479003906
0,sid_calib,real,unknown,calib,bfa16a3424fdeb50,jpeg30,1,120.29020690917969
0,sid_calib,real,unknown,calib,bfa16a3424fdeb50,blur05,1,120.530029296875
0,sid_calib,real,unknown,calib,bfa16a3424fdeb50,blur10,1,120.76325225830078
0,sid_calib,real,unknown,calib,bfa16a3424fdeb50,blur20,1,121.28242492675781
0,sid_calib,real,unknown,calib,bfa16a3424fdeb50,resize05,1,121.11714172363281
0,sid_calib,real,unknown,calib,bfa16a3424fdeb50,resize025,1,120.84496307373047
0,sid_calib,real,unknown,calib,bfa16a3424fdeb50,noise002,1,121.34680938720703
0,sid_calib,real,unknown,calib,bfa16a3424fdeb50,noise005,1,123.3462905883789
0,sid_calib,real,unknown,calib,bfa16a3424fdeb50,jitter02,1,120.70744323730469
0,sid_calib,real,unknown,calib,bfa16a3424fdeb50,crop08,1,147.91278076171875
1,sid_calib,full_synthetic,unknown,calib,eaf97a8c7a5f3c79,clean,1,65.04718780517578
1,sid_calib,full_synthetic,unknown,calib,eaf97a8c7a5f3c79,jpeg90,1,64.84479522705078
1,sid_calib,full_synthetic,unknown,calib,eaf97a8c7a5f3c79,jpeg70,1,65.37398529052734
1,sid_calib,full_synthetic,unknown,calib,eaf97a8c7a5f3c79,jpeg50,1,64.90684509277344
1,sid_calib,full_synthetic,unknown,calib,eaf97a8c7a5f3c79,jpeg30,1,64.42040252685547
1,sid_calib,full_synthetic,unknown,calib,eaf97a8c7a5f3c79,blur05,1,65.02865600585938
1,sid_calib,full_synthetic,unknown,calib,eaf97a8c7a5f3c79,blur10,1,64.81124877929688
1,sid_calib,full_synthetic,unknown,calib,eaf97a8c7a5f3c79,resize05,1,65.02925872802734
1,sid_calib,full_synthetic,unknown,calib,eaf97a8c7a5f3c79,noise002,1,64.668701171875
1,sid_calib,full_synthetic,unknown,calib,eaf97a8c7a5f3c79,noise005,1,65.0345687866211
1,sid_calib,full_synthetic,unknown,calib,eaf97a8c7a5f3c79,noise01,1,65.97319793701172
1,sid_calib,full_synthetic,unknown,calib,eaf97a8c7a5f3c79,jitter02,1,64.7551498413086
1,sid_calib,full_synthetic,unknown,calib,eaf97a8c7a5f3c79,crop08,1,78.85704040527344
1,sid_calib,full_synthetic,unknown,calib,f64bc45861cee357,crop08,1,173.71002197265625
1,sid_calib,full_synthetic,unknown,calib,2ccda70cb63e289d,clean,1,169.96343994140625
1,sid_calib,full_synthetic,unknown,calib,2ccda70cb63e289d,jpeg90,1,169.6162872314453
1,sid_calib,full_synthetic,unknown,calib,2ccda70cb63e289d,jpeg70,1,169.24472045898438
1,sid_calib,full_synthetic,unknown,calib,2ccda70cb63e289d,jpeg50,1,168.98812866210938
1,sid_calib,full_synthetic,unknown,calib,2ccda70cb63e289d,jpeg30,1,167.25796508789062
1,sid_calib,full_synthetic,unknown,calib,2ccda70cb63e289d,blur05,1,170.0755615234375
1,sid_calib,full_synthetic,unknown,calib,2ccda70cb63e289d,blur10,1,169.0124969482422
1,sid_calib,full_synthetic,unknown,calib,2ccda70cb63e289d,blur20,1,164.55499267578125
1,sid_calib,full_synthetic,unknown,calib,2ccda70cb63e289d,resize05,1,169.77694702148438
1,sid_calib,full_synthetic,unknown,calib,2ccda70cb63e289d,resize025,1,166.32644653320312
1,sid_calib,full_synthetic,unknown,calib,2ccda70cb63e289d,noise002,1,168.97830200195312
1,sid_calib,full_synthetic,unknown,calib,2ccda70cb63e289d,noise005,1,168.81307983398438
1,sid_calib,full_synthetic,unknown,calib,2ccda70cb63e289d,jitter02,1,168.55291748046875
1,sid_calib,full_synthetic,unknown,calib,06e219a0defadcdf,clean,1,119.92790222167969
1,sid_calib,full_synthetic,unknown,calib,06e219a0defadcdf,jpeg90,1,119.79487609863281
1,sid_calib,full_synthetic,unknown,calib,06e219a0defadcdf,jpeg70,1,119.45479583740234
1,sid_calib,full_synthetic,unknown,calib,06e219a0defadcdf,jpeg50,1,119.60563659667969
1,sid_calib,full_synthetic,unknown,calib,06e219a0defadcdf,jpeg30,1,120.73703002929688
1,sid_calib,full_synthetic,unknown,calib,06e219a0defadcdf,blur05,1,120.15672302246094
1,sid_calib,full_synthetic,unknown,calib,06e219a0defadcdf,blur10,1,120.84392547607422
1,sid_calib,full_synthetic,unknown,calib,06e219a0defadcdf,blur20,1,121.6668930053711
1,sid_calib,full_synthetic,unknown,calib,06e219a0defadcdf,resize05,1,120.26038360595703
1,sid_calib,full_synthetic,unknown,calib,06e219a0defadcdf,resize025,1,121.0101089477539
1,sid_calib,full_synthetic,unknown,calib,06e219a0defadcdf,noise002,1,120.09843444824219
1,sid_calib,full_synthetic,unknown,calib,06e219a0defadcdf,noise005,1,120.0327377319336
1,sid_calib,full_synthetic,unknown,calib,06e219a0defadcdf,noise01,1,119.20772552490234
1,sid_calib,full_synthetic,unknown,calib,06e219a0defadcdf,jitter02,1,120.35816955566406
1,sid_calib,full_synthetic,unknown,calib,06e219a0defadcdf,crop08,1,142.58053588867188
0,sid_calib,real,unknown,calib,80f8c032b57eed9a,noise005,1,74.45056915283203
0,sid_calib,real,unknown,calib,80f8c032b57eed9a,crop08,1,97.42979431152344
0,sid_calib,real,unknown,calib,543eb0526bac0c37,noise005,1,92.17622375488281
0,sid_calib,real,unknown,calib,543eb0526bac0c37,crop08,1,116.6387710571289
1,sid_calib,full_synthetic,unknown,calib,c1f5539c1bd905bd,clean,1,130.46559143066406
1,sid_calib,full_synthetic,unknown,calib,c1f5539c1bd905bd,jpeg90,1,130.4801483154297
1,sid_calib,full_synthetic,unknown,calib,c1f5539c1bd905bd,jpeg70,1,130.09043884277344
1,sid_calib,full_synthetic,unknown,calib,c1f5539c1bd905bd,jpeg50,1,130.41152954101562
1,sid_calib,full_synthetic,unknown,calib,c1f5539c1bd905bd,jpeg30,1,130.3007354736328
1,sid_calib,full_synthetic,unknown,calib,c1f5539c1bd905bd,blur05,1,130.474609375
1,sid_calib,full_synthetic,unknown,calib,c1f5539c1bd905bd,blur10,1,129.57594299316406
1,sid_calib,full_synthetic,unknown,calib,c1f5539c1bd905bd,blur20,1,127.62841033935547
1,sid_calib,full_synthetic,unknown,calib,c1f5539c1bd905bd,resize05,1,130.1250457763672
1,sid_calib,full_synthetic,unknown,calib,c1f5539c1bd905bd,resize025,1,128.85040283203125
1,sid_calib,full_synthetic,unknown,calib,c1f5539c1bd905bd,noise002,1,130.17507934570312
1,sid_calib,full_synthetic,unknown,calib,c1f5539c1bd905bd,noise005,1,128.27381896972656
1,sid_calib,full_synthetic,unknown,calib,c1f5539c1bd905bd,noise01,1,129.4788818359375
1,sid_calib,full_synthetic,unknown,calib,c1f5539c1bd905bd,jitter02,1,130.04791259765625
1,sid_calib,full_synthetic,unknown,calib,c1f5539c1bd905bd,crop08,1,151.6559600830078
0,sid_calib,real,unknown,calib,db438a95b2aefae9,crop08,1,65.0038833618164
1,sid_calib,full_synthetic,unknown,calib,c31f28b2d5bc5c10,crop08,1,81.4712905883789
1,sid_calib,full_synthetic,unknown,calib,b65df236f3086da5,clean,1,169.9991455078125
1,sid_calib,full_synthetic,unknown,calib,b65df236f3086da5,jpeg90,1,169.654296875
1,sid_calib,full_synthetic,unknown,calib,b65df236f3086da5,jpeg70,1,169.86192321777344
1,sid_calib,full_synthetic,unknown,calib,b65df236f3086da5,jpeg50,1,168.7593536376953
1,sid_calib,full_synthetic,unknown,calib,b65df236f3086da5,jpeg30,1,168.59402465820312
1,sid_calib,full_synthetic,unknown,calib,b65df236f3086da5,blur05,1,169.18812561035156
1,sid_calib,full_synthetic,unknown,calib,b65df236f3086da5,blur10,1,168.03538513183594
1,sid_calib,full_synthetic,unknown,calib,b65df236f3086da5,blur20,1,168.72386169433594
1,sid_calib,full_synthetic,unknown,calib,b65df236f3086da5,resize05,1,169.04876708984375
1,sid_calib,full_synthetic,unknown,calib,b65df236f3086da5,resize025,1,169.88999938964844
1,sid_calib,full_synthetic,unknown,calib,b65df236f3086da5,noise002,1,170.46755981445312
1,sid_calib,full_synthetic,unknown,calib,b65df236f3086da5,noise005,1,172.05792236328125
1,sid_calib,full_synthetic,unknown,calib,b65df236f3086da5,noise01,1,175.7622528076172
1,sid_calib,full_synthetic,unknown,calib,b65df236f3086da5,jitter02,1,170.79342651367188
1,sid_calib,full_synthetic,unknown,calib,b65df236f3086da5,crop08,1,204.4944610595703
1,sid_calib,full_synthetic,unknown,calib,9b90f6302d49ca6c,clean,1,70.05351257324219
1,sid_calib,full_synthetic,unknown,calib,9b90f6302d49ca6c,jpeg90,1,69.97274780273438
1,sid_calib,full_synthetic,unknown,calib,9b90f6302d49ca6c,jpeg70,1,70.24623107910156
1,sid_calib,full_synthetic,unknown,calib,9b90f6302d49ca6c,jpeg50,1,69.30242156982422
1,sid_calib,full_synthetic,unknown,calib,9b90f6302d49ca6c,jpeg30,1,70.51850128173828
1,sid_calib,full_synthetic,unknown,calib,9b90f6302d49ca6c,blur05,1,69.8578109741211
1,sid_calib,full_synthetic,unknown,calib,9b90f6302d49ca6c,blur10,1,69.29219055175781
1,sid_calib,full_synthetic,unknown,calib,9b90f6302d49ca6c,blur20,1,68.77661895751953
1,sid_calib,full_synthetic,unknown,calib,9b90f6302d49ca6c,resize05,1,69.66016387939453
1,sid_calib,full_synthetic,unknown,calib,9b90f6302d49ca6c,resize025,1,68.28665924072266
1,sid_calib,full_synthetic,unknown,calib,9b90f6302d49ca6c,noise002,1,69.53252410888672
1,sid_calib,full_synthetic,unknown,calib,9b90f6302d49ca6c,noise005,1,69.46995544433594
1,sid_calib,full_synthetic,unknown,calib,9b90f6302d49ca6c,noise01,1,69.6314697265625
1,sid_calib,full_synthetic,unknown,calib,9b90f6302d49ca6c,jitter02,1,70.43173217773438
1,sid_calib,full_synthetic,unknown,calib,9b90f6302d49ca6c,crop08,1,87.47754669189453
0,sid_calib,real,unknown,calib,77fe354db98ba8ec,crop08,1,77.8402099609375
1,sid_calib,full_synthetic,unknown,calib,bdf565e46a8a3846,clean,1,213.41221618652344
1,sid_calib,full_synthetic,unknown,calib,bdf565e46a8a3846,jpeg90,1,211.79537963867188
1,sid_calib,full_synthetic,unknown,calib,bdf565e46a8a3846,jpeg70,1,214.10943603515625
1,sid_calib,full_synthetic,unknown,calib,bdf565e46a8a3846,jpeg50,1,213.63790893554688
1,sid_calib,full_synthetic,unknown,calib,bdf565e46a8a3846,jpeg30,1,219.29197692871094
1,sid_calib,full_synthetic,unknown,calib,bdf565e46a8a3846,blur05,1,214.3822479248047
1,sid_calib,full_synthetic,unknown,calib,bdf565e46a8a3846,blur10,1,213.46852111816406
1,sid_calib,full_synthetic,unknown,calib,bdf565e46a8a3846,blur20,1,209.4701690673828
1,sid_calib,full_synthetic,unknown,calib,bdf565e46a8a3846,resize05,1,214.74105834960938
1,sid_calib,full_synthetic,unknown,calib,bdf565e46a8a3846,resize025,1,212.97152709960938
1,sid_calib,full_synthetic,unknown,calib,bdf565e46a8a3846,noise002,1,212.4955291748047
1,sid_calib,full_synthetic,unknown,calib,bdf565e46a8a3846,noise005,1,220.28848266601562
1,sid_calib,full_synthetic,unknown,calib,bdf565e46a8a3846,noise01,1,216.1359405517578
1,sid_calib,full_synthetic,unknown,calib,bdf565e46a8a3846,jitter02,1,208.32940673828125
1,sid_calib,full_synthetic,unknown,calib,bdf565e46a8a3846,crop08,1,267.25213623046875
1,sid_calib,full_synthetic,unknown,calib,939d16290a67188f,clean,1,134.248046875
1,sid_calib,full_synthetic,unknown,calib,939d16290a67188f,jpeg90,1,133.9331817626953
1,sid_calib,full_synthetic,unknown,calib,939d16290a67188f,jpeg70,1,133.0592498779297
1,sid_calib,full_synthetic,unknown,calib,939d16290a67188f,jpeg50,1,131.69126892089844
1,sid_calib,full_synthetic,unknown,calib,939d16290a67188f,jpeg30,1,131.9380645751953
1,sid_calib,full_synthetic,unknown,calib,939d16290a67188f,blur05,1,133.8350830078125
1,sid_calib,full_synthetic,unknown,calib,939d16290a67188f,blur10,1,132.93307495117188
1,sid_calib,full_synthetic,unknown,calib,939d16290a67188f,blur20,1,133.822509765625
1,sid_calib,full_synthetic,unknown,calib,939d16290a67188f,resize05,1,132.26492309570312
1,sid_calib,full_synthetic,unknown,calib,939d16290a67188f,resize025,1,133.2444610595703
1,sid_calib,full_synthetic,unknown,calib,939d16290a67188f,noise002,1,133.2523651123047
1,sid_calib,full_synthetic,unknown,calib,939d16290a67188f,noise005,1,133.20462036132812
1,sid_calib,full_synthetic,unknown,calib,939d16290a67188f,noise01,1,119.04424285888672
1,sid_calib,full_synthetic,unknown,calib,939d16290a67188f,jitter02,1,134.04360961914062
1,sid_calib,full_synthetic,unknown,calib,939d16290a67188f,crop08,1,161.94227600097656
0,sid_calib,real,unknown,calib,54f0bbdd5b75c3e3,clean,1,158.08253479003906
0,sid_calib,real,unknown,calib,54f0bbdd5b75c3e3,jpeg90,1,158.5224609375
0,sid_calib,real,unknown,calib,54f0bbdd5b75c3e3,jpeg70,1,159.59939575195312
0,sid_calib,real,unknown,calib,54f0bbdd5b75c3e3,jpeg50,1,157.72274780273438
0,sid_calib,real,unknown,calib,54f0bbdd5b75c3e3,jpeg30,1,151.07919311523438
0,sid_calib,real,unknown,calib,54f0bbdd5b75c3e3,blur05,1,158.2054901123047
0,sid_calib,real,unknown,calib,54f0bbdd5b75c3e3,blur10,1,157.86976623535156
0,sid_calib,real,unknown,calib,54f0bbdd5b75c3e3,blur20,1,154.26287841796875
0,sid_calib,real,unknown,calib,54f0bbdd5b75c3e3,resize05,1,158.261474609375
0,sid_calib,real,unknown,calib,54f0bbdd5b75c3e3,resize025,1,155.27984619140625
0,sid_calib,real,unknown,calib,54f0bbdd5b75c3e3,noise002,1,157.81350708007812
0,sid_calib,real,unknown,calib,54f0bbdd5b75c3e3,noise005,1,149.38906860351562
0,sid_calib,real,unknown,calib,54f0bbdd5b75c3e3,noise01,1,148.56546020507812
0,sid_calib,real,unknown,calib,54f0bbdd5b75c3e3,jitter02,1,148.3356475830078
0,sid_calib,real,unknown,calib,54f0bbdd5b75c3e3,crop08,1,202.6461639404297
1,sid_calib,full_synthetic,unknown,calib,ee90b0d5d47320c5,clean,1,64.92890167236328
1,sid_calib,full_synthetic,unknown,calib,ee90b0d5d47320c5,jpeg90,1,64.67501068115234
1,sid_calib,full_synthetic,unknown,calib,ee90b0d5d47320c5,jpeg70,1,64.50188446044922
1,sid_calib,full_synthetic,unknown,calib,ee90b0d5d47320c5,jpeg50,1,65.00460052490234
1,sid_calib,full_synthetic,unknown,calib,ee90b0d5d47320c5,jpeg30,1,64.79261016845703
1,sid_calib,full_synthetic,unknown,calib,ee90b0d5d47320c5,blur05,1,64.71944427490234
1,sid_calib,full_synthetic,unknown,calib,ee90b0d5d47320c5,blur10,1,64.02080535888672
1,sid_calib,full_synthetic,unknown,calib,ee90b0d5d47320c5,resize05,1,64.43798065185547
1,sid_calib,full_synthetic,unknown,calib,ee90b0d5d47320c5,resize025,1,64.2701416015625
1,sid_calib,full_synthetic,unknown,calib,ee90b0d5d47320c5,noise002,1,64.36213684082031
1,sid_calib,full_synthetic,unknown,calib,ee90b0d5d47320c5,jitter02,1,65.21815490722656
1,sid_calib,full_synthetic,unknown,calib,362c5aa6b6c9c4fa,crop08,1,208.005615234375
1,sid_calib,full_synthetic,unknown,calib,b853e34a13350519,clean,1,115.6173324584961
1,sid_calib,full_synthetic,unknown,calib,b853e34a13350519,jpeg90,1,115.54832458496094
1,sid_calib,full_synthetic,unknown,calib,b853e34a13350519,jpeg70,1,115.4796142578125
1,sid_calib,full_synthetic,unknown,calib,b853e34a13350519,jpeg50,1,115.38378143310547
1,sid_calib,full_synthetic,unknown,calib,b853e34a13350519,jpeg30,1,114.53180694580078
1,sid_calib,full_synthetic,unknown,calib,b853e34a13350519,blur05,1,115.48162078857422
1,sid_calib,full_synthetic,unknown,calib,b853e34a13350519,blur10,1,115.52342224121094
1,sid_calib,full_synthetic,unknown,calib,b853e34a13350519,blur20,1,112.12142181396484
1,sid_calib,full_synthetic,unknown,calib,b853e34a13350519,resize05,1,115.30172729492188
1,sid_calib,full_synthetic,unknown,calib,b853e34a13350519,resize025,1,114.26612091064453
1,sid_calib,full_synthetic,unknown,calib,b853e34a13350519,noise002,1,116.471435546875
1,sid_calib,full_synthetic,unknown,calib,b853e34a13350519,noise005,1,115.72039794921875
1,sid_calib,full_synthetic,unknown,calib,b853e34a13350519,noise01,1,116.02371978759766
1,sid_calib,full_synthetic,unknown,calib,b853e34a13350519,jitter02,1,115.71004486083984
1,sid_calib,full_synthetic,unknown,calib,b853e34a13350519,crop08,1,137.59695434570312
1,sid_calib,full_synthetic,unknown,calib,d5381902c20bef42,clean,1,195.57235717773438
1,sid_calib,full_synthetic,unknown,calib,d5381902c20bef42,jpeg90,1,195.67306518554688
1,sid_calib,full_synthetic,unknown,calib,d5381902c20bef42,jpeg70,1,195.93821716308594
1,sid_calib,full_synthetic,unknown,calib,d5381902c20bef42,jpeg50,1,195.60531616210938
1,sid_calib,full_synthetic,unknown,calib,d5381902c20bef42,jpeg30,1,194.68600463867188
1,sid_calib,full_synthetic,unknown,calib,d5381902c20bef42,blur05,1,195.48394775390625
1,sid_calib,full_synthetic,unknown,calib,d5381902c20bef42,blur10,1,195.1857147216797
1,sid_calib,full_synthetic,unknown,calib,d5381902c20bef42,blur20,1,194.47706604003906
1,sid_calib,full_synthetic,unknown,calib,d5381902c20bef42,resize05,1,195.37887573242188
1,sid_calib,full_synthetic,unknown,calib,d5381902c20bef42,resize025,1,194.32720947265625
1,sid_calib,full_synthetic,unknown,calib,d5381902c20bef42,noise002,1,194.96607971191406
1,sid_calib,full_synthetic,unknown,calib,d5381902c20bef42,noise005,1,196.89617919921875
1,sid_calib,full_synthetic,unknown,calib,d5381902c20bef42,noise01,1,202.10369873046875
1,sid_calib,full_synthetic,unknown,calib,d5381902c20bef42,jitter02,1,196.2236785888672
1,sid_calib,full_synthetic,unknown,calib,d5381902c20bef42,crop08,1,257.1202697753906
0,sid_calib,real,unknown,calib,c1aa9b5c1c1b247f,clean,1,87.44698333740234
0,sid_calib,real,unknown,calib,c1aa9b5c1c1b247f,jpeg90,1,87.49374389648438
0,sid_calib,real,unknown,calib,c1aa9b5c1c1b247f,jpeg70,1,87.13349914550781
0,sid_calib,real,unknown,calib,c1aa9b5c1c1b247f,jpeg50,1,87.68004608154297
0,sid_calib,real,unknown,calib,c1aa9b5c1c1b247f,jpeg30,1,87.99790954589844
0,sid_calib,real,unknown,calib,c1aa9b5c1c1b247f,blur05,1,87.0203628540039
0,sid_calib,real,unknown,calib,c1aa9b5c1c1b247f,blur10,1,86.20697784423828
0,sid_calib,real,unknown,calib,c1aa9b5c1c1b247f,blur20,1,84.5698013305664
0,sid_calib,real,unknown,calib,c1aa9b5c1c1b247f,resize05,1,86.70958709716797
0,sid_calib,real,unknown,calib,c1aa9b5c1c1b247f,resize025,1,85.81022644042969
0,sid_calib,real,unknown,calib,c1aa9b5c1c1b247f,noise002,1,87.09908294677734
0,sid_calib,real,unknown,calib,c1aa9b5c1c1b247f,noise005,1,87.20127868652344
0,sid_calib,real,unknown,calib,c1aa9b5c1c1b247f,noise01,1,89.63555908203125
0,sid_calib,real,unknown,calib,c1aa9b5c1c1b247f,jitter02,1,87.19111633300781
0,sid_calib,real,unknown,calib,c1aa9b5c1c1b247f,crop08,1,108.4290542602539
0,sid_calib,real,unknown,calib,36dd82fcb5b75f02,clean,1,77.39904022216797
0,sid_calib,real,unknown,calib,36dd82fcb5b75f02,jpeg90,1,77.51537322998047
0,sid_calib,real,unknown,calib,36dd82fcb5b75f02,jpeg70,1,75.32576751708984
0,sid_calib,real,unknown,calib,36dd82fcb5b75f02,jpeg50,1,75.346923828125
0,sid_calib,real,unknown,calib,36dd82fcb5b75f02,jpeg30,1,75.95059204101562
0,sid_calib,real,unknown,calib,36dd82fcb5b75f02,blur05,1,77.62115478515625
0,sid_calib,real,unknown,calib,36dd82fcb5b75f02,blur10,1,77.57782745361328
0,sid_calib,real,unknown,calib,36dd82fcb5b75f02,blur20,1,76.39142608642578
0,sid_calib,real,unknown,calib,36dd82fcb5b75f02,resize05,1,77.81063842773438
0,sid_calib,real,unknown,calib,36dd82fcb5b75f02,resize025,1,77.43775177001953
0,sid_calib,real,unknown,calib,36dd82fcb5b75f02,noise002,1,77.57770538330078
0,sid_calib,real,unknown,calib,36dd82fcb5b75f02,noise005,1,76.82445526123047
0,sid_calib,real,unknown,calib,36dd82fcb5b75f02,noise01,1,79.29515838623047
0,sid_calib,real,unknown,calib,36dd82fcb5b75f02,jitter02,1,76.78114318847656
0,sid_calib,real,unknown,calib,36dd82fcb5b75f02,crop08,1,77.5821533203125
0,sid_calib,real,unknown,calib,7c09d1eda33b00fb,clean,1,119.64881134033203
0,sid_calib,real,unknown,calib,7c09d1eda33b00fb,jpeg90,1,120.10868835449219
0,sid_calib,real,unknown,calib,7c09d1eda33b00fb,jpeg70,1,119.88401794433594
0,sid_calib,real,unknown,calib,7c09d1eda33b00fb,jpeg50,1,120.84087371826172
0,sid_calib,real,unknown,calib,7c09d1eda33b00fb,jpeg30,1,120.17536926269531
0,sid_calib,real,unknown,calib,7c09d1eda33b00fb,blur05,1,119.86781311035156
0,sid_calib,real,unknown,calib,7c09d1eda33b00fb,blur10,1,118.5655746459961
0,sid_calib,real,unknown,calib,7c09d1eda33b00fb,blur20,1,118.2686538696289
0,sid_calib,real,unknown,calib,7c09d1eda33b00fb,resize05,1,120.45025634765625
0,sid_calib,real,unknown,calib,7c09d1eda33b00fb,resize025,1,119.3145523071289
0,sid_calib,real,unknown,calib,7c09d1eda33b00fb,noise002,1,120.52991485595703
0,sid_calib,real,unknown,calib,7c09d1eda33b00fb,noise005,1,120.10911560058594
0,sid_calib,real,unknown,calib,7c09d1eda33b00fb,noise01,1,120.31197357177734
0,sid_calib,real,unknown,calib,7c09d1eda33b00fb,jitter02,1,121.28095245361328
0,sid_calib,real,unknown,calib,7c09d1eda33b00fb,crop08,1,149.29486083984375
0,sid_calib,real,unknown,calib,40813144fcaf5dc6,clean,1,143.9750518798828
0,sid_calib,real,unknown,calib,40813144fcaf5dc6,jpeg90,1,144.06491088867188
0,sid_calib,real,unknown,calib,40813144fcaf5dc6,jpeg70,1,143.66429138183594
0,sid_calib,real,unknown,calib,40813144fcaf5dc6,jpeg50,1,144.12918090820312
0,sid_calib,real,unknown,calib,40813144fcaf5dc6,jpeg30,1,144.29388427734375
0,sid_calib,real,unknown,calib,40813144fcaf5dc6,blur05,1,144.06790161132812
0,sid_calib,real,unknown,calib,40813144fcaf5dc6,blur10,1,143.9591522216797
0,sid_calib,real,unknown,calib,40813144fcaf5dc6,blur20,1,143.88905334472656
0,sid_calib,real,unknown,calib,40813144fcaf5dc6,resize05,1,144.2071075439453
0,sid_calib,real,unknown,calib,40813144fcaf5dc6,resize025,1,144.18809509277344
0,sid_calib,real,unknown,calib,40813144fcaf5dc6,noise002,1,144.6259307861328
0,sid_calib,real,unknown,calib,40813144fcaf5dc6,noise005,1,143.851318359375
0,sid_calib,real,unknown,calib,40813144fcaf5dc6,noise01,1,145.07029724121094
0,sid_calib,real,unknown,calib,40813144fcaf5dc6,jitter02,1,146.4021453857422
0,sid_calib,real,unknown,calib,40813144fcaf5dc6,crop08,1,193.8445587158203
0,sid_calib,real,unknown,calib,bfbbba4386462ca5,clean,1,74.73600006103516
0,sid_calib,real,unknown,calib,bfbbba4386462ca5,jpeg90,1,74.61707305908203
0,sid_calib,real,unknown,calib,bfbbba4386462ca5,jpeg70,1,75.26558685302734
0,sid_calib,real,unknown,calib,bfbbba4386462ca5,jpeg50,1,74.72623443603516
0,sid_calib,real,unknown,calib,bfbbba4386462ca5,jpeg30,1,74.8570556640625
0,sid_calib,real,unknown,calib,bfbbba4386462ca5,blur05,1,74.5672378540039
0,sid_calib,real,unknown,calib,bfbbba4386462ca5,blur10,1,74.7226791381836
0,sid_calib,real,unknown,calib,bfbbba4386462ca5,blur20,1,75.06959533691406
0,sid_calib,real,unknown,calib,bfbbba4386462ca5,resize05,1,74.66321563720703
0,sid_calib,real,unknown,calib,bfbbba4386462ca5,resize025,1,74.71678161621094
0,sid_calib,real,unknown,calib,bfbbba4386462ca5,noise002,1,74.70471954345703
0,sid_calib,real,unknown,calib,bfbbba4386462ca5,noise005,1,74.85083770751953
0,sid_calib,real,unknown,calib,bfbbba4386462ca5,noise01,1,74.5741958618164
0,sid_calib,real,unknown,calib,bfbbba4386462ca5,jitter02,1,74.54129791259766
0,sid_calib,real,unknown,calib,bfbbba4386462ca5,crop08,1,90.2739028930664
1,sid_calib,full_synthetic,unknown,calib,7f28036dd8023386,crop08,1,69.50241088867188
0,sid_calib,real,unknown,calib,0e29bffc2f8d8d59,crop08,1,88.11354064941406
0,sid_calib,real,unknown,calib,107a097b30c78cee,noise005,1,65.21621704101562
1,sid_calib,full_synthetic,unknown,calib,c1447a9e6e824928,clean,1,279.3880920410156
1,sid_calib,full_synthetic,unknown,calib,c1447a9e6e824928,jpeg90,1,279.7166748046875
1,sid_calib,full_synthetic,unknown,calib,c1447a9e6e824928,jpeg70,1,279.406494140625
1,sid_calib,full_synthetic,unknown,calib,c1447a9e6e824928,jpeg50,1,279.7823486328125
1,sid_calib,full_synthetic,unknown,calib,c1447a9e6e824928,jpeg30,1,274.21063232421875
1,sid_calib,full_synthetic,unknown,calib,c1447a9e6e824928,blur05,1,279.52618408203125
1,sid_calib,full_synthetic,unknown,calib,c1447a9e6e824928,blur10,1,281.3337707519531
1,sid_calib,full_synthetic,unknown,calib,c1447a9e6e824928,blur20,1,282.7091369628906
1,sid_calib,full_synthetic,unknown,calib,c1447a9e6e824928,resize05,1,280.5669250488281
1,sid_calib,full_synthetic,unknown,calib,c1447a9e6e824928,resize025,1,282.4437255859375
1,sid_calib,full_synthetic,unknown,calib,c1447a9e6e824928,noise002,1,280.4812316894531
1,sid_calib,full_synthetic,unknown,calib,c1447a9e6e824928,noise005,1,283.17431640625
1,sid_calib,full_synthetic,unknown,calib,c1447a9e6e824928,noise01,1,280.6117248535156
1,sid_calib,full_synthetic,unknown,calib,c1447a9e6e824928,jitter02,1,277.45159912109375
1,sid_calib,full_synthetic,unknown,calib,c1447a9e6e824928,crop08,1,325.1139831542969
1,sid_calib,full_synthetic,unknown,calib,cadd0b6e9e0f1703,clean,1,133.32955932617188
1,sid_calib,full_synthetic,unknown,calib,cadd0b6e9e0f1703,jpeg90,1,132.84906005859375
1,sid_calib,full_synthetic,unknown,calib,cadd0b6e9e0f1703,jpeg70,1,133.09884643554688
1,sid_calib,full_synthetic,unknown,calib,cadd0b6e9e0f1703,jpeg50,1,132.5220184326172
1,sid_calib,full_synthetic,unknown,calib,cadd0b6e9e0f1703,jpeg30,1,134.3872528076172
1,sid_calib,full_synthetic,unknown,calib,cadd0b6e9e0f1703,blur05,1,133.85218811035156
1,sid_calib,full_synthetic,unknown,calib,cadd0b6e9e0f1703,blur10,1,134.31617736816406
1,sid_calib,full_synthetic,unknown,calib,cadd0b6e9e0f1703,blur20,1,136.0263671875
1,sid_calib,full_synthetic,unknown,calib,cadd0b6e9e0f1703,resize05,1,133.82858276367188
1,sid_calib,full_synthetic,unknown,calib,cadd0b6e9e0f1703,resize025,1,136.25405883789062
1,sid_calib,full_synthetic,unknown,calib,cadd0b6e9e0f1703,noise002,1,133.4553985595703
1,sid_calib,full_synthetic,unknown,calib,cadd0b6e9e0f1703,noise005,1,134.75433349609375
1,sid_calib,full_synthetic,unknown,calib,cadd0b6e9e0f1703,noise01,1,135.7677764892578
1,sid_calib,full_synthetic,unknown,calib,cadd0b6e9e0f1703,jitter02,1,132.84738159179688
1,sid_calib,full_synthetic,unknown,calib,cadd0b6e9e0f1703,crop08,1,167.06260681152344
0,sid_calib,real,unknown,calib,b31e65d89bdb5c8d,crop08,1,78.71460723876953
1,sid_calib,full_synthetic,unknown,calib,f35ecf1058d343ac,clean,1,80.36840057373047
1,sid_calib,full_synthetic,unknown,calib,f35ecf1058d343ac,jpeg90,1,79.79220581054688
1,sid_calib,full_synthetic,unknown,calib,f35ecf1058d343ac,jpeg70,1,79.72441864013672
1,sid_calib,full_synthetic,unknown,calib,f35ecf1058d343ac,jpeg50,1,80.37770080566406
1,sid_calib,full_synthetic,unknown,calib,f35ecf1058d343ac,jpeg30,1,79.28329467773438
1,sid_calib,full_synthetic,unknown,calib,f35ecf1058d343ac,blur05,1,80.16903686523438
1,sid_calib,full_synthetic,unknown,calib,f35ecf1058d343ac,blur10,1,80.40425109863281
1,sid_calib,full_synthetic,unknown,calib,f35ecf1058d343ac,blur20,1,81.26174926757812
1,sid_calib,full_synthetic,unknown,calib,f35ecf1058d343ac,resize05,1,80.38040161132812
1,sid_calib,full_synthetic,unknown,calib,f35ecf1058d343ac,resize025,1,80.0826416015625
1,sid_calib,full_synthetic,unknown,calib,f35ecf1058d343ac,noise002,1,81.20214080810547
1,sid_calib,full_synthetic,unknown,calib,f35ecf1058d343ac,noise005,1,80.03643798828125
1,sid_calib,full_synthetic,unknown,calib,f35ecf1058d343ac,noise01,1,77.47284698486328
1,sid_calib,full_synthetic,unknown,calib,f35ecf1058d343ac,jitter02,1,80.7280502319336
1,sid_calib,full_synthetic,unknown,calib,f35ecf1058d343ac,crop08,1,93.2360610961914
0,sid_calib,real,unknown,calib,5d02be19fcb4a826,clean,1,245.10108947753906
0,sid_calib,real,unknown,calib,5d02be19fcb4a826,jpeg90,1,245.3522186279297
0,sid_calib,real,unknown,calib,5d02be19fcb4a826,jpeg70,1,245.8784637451172
0,sid_calib,real,unknown,calib,5d02be19fcb4a826,jpeg50,1,247.33494567871094
0,sid_calib,real,unknown,calib,5d02be19fcb4a826,jpeg30,1,244.83811950683594
0,sid_calib,real,unknown,calib,5d02be19fcb4a826,blur05,1,245.74232482910156
0,sid_calib,real,unknown,calib,5d02be19fcb4a826,blur10,1,246.29248046875
0,sid_calib,real,unknown,calib,5d02be19fcb4a826,blur20,1,248.57786560058594
0,sid_calib,real,unknown,calib,5d02be19fcb4a826,resize05,1,245.8214874267578
0,sid_calib,real,unknown,calib,5d02be19fcb4a826,resize025,1,247.0021514892578
0,sid_calib,real,unknown,calib,5d02be19fcb4a826,noise002,1,245.5128173828125
0,sid_calib,real,unknown,calib,5d02be19fcb4a826,noise005,1,253.5041046142578
0,sid_calib,real,unknown,calib,5d02be19fcb4a826,noise01,1,251.26853942871094
0,sid_calib,real,unknown,calib,5d02be19fcb4a826,jitter02,1,244.539794921875
0,sid_calib,real,unknown,calib,5d02be19fcb4a826,crop08,1,281.0631408691406
0,sid_calib,real,unknown,calib,bec5f10845837c75,clean,1,124.61186981201172
0,sid_calib,real,unknown,calib,bec5f10845837c75,jpeg90,1,124.19799041748047
0,sid_calib,real,unknown,calib,bec5f10845837c75,jpeg70,1,124.46231079101562
0,sid_calib,real,unknown,calib,bec5f10845837c75,jpeg50,1,124.65118408203125
0,sid_calib,real,unknown,calib,bec5f10845837c75,jpeg30,1,124.6593246459961
0,sid_calib,real,unknown,calib,bec5f10845837c75,blur05,1,124.5678482055664
0,sid_calib,real,unknown,calib,bec5f10845837c75,blur10,1,124.39879608154297
0,sid_calib,real,unknown,calib,bec5f10845837c75,blur20,1,123.47563171386719
0,sid_calib,real,unknown,calib,bec5f10845837c75,resize05,1,124.67198944091797
0,sid_calib,real,unknown,calib,bec5f10845837c75,resize025,1,123.49433135986328
0,sid_calib,real,unknown,calib,bec5f10845837c75,noise002,1,124.13644409179688
0,sid_calib,real,unknown,calib,bec5f10845837c75,noise005,1,126.41178894042969
0,sid_calib,real,unknown,calib,bec5f10845837c75,noise01,1,122.17381286621094
0,sid_calib,real,unknown,calib,bec5f10845837c75,jitter02,1,124.22150421142578
0,sid_calib,real,unknown,calib,bec5f10845837c75,crop08,1,153.215087890625
0,sid_calib,real,unknown,calib,61b70f4ebcd7fd01,clean,1,86.4951171875
0,sid_calib,real,unknown,calib,61b70f4ebcd7fd01,jpeg90,1,87.05135345458984
0,sid_calib,real,unknown,calib,61b70f4ebcd7fd01,jpeg70,1,86.17662048339844
0,sid_calib,real,unknown,calib,61b70f4ebcd7fd01,jpeg50,1,87.41817474365234
0,sid_calib,real,unknown,calib,61b70f4ebcd7fd01,jpeg30,1,86.2808837890625
0,sid_calib,real,unknown,calib,61b70f4ebcd7fd01,blur05,1,86.41685485839844
0,sid_calib,real,unknown,calib,61b70f4ebcd7fd01,blur10,1,86.4568862915039
0,sid_calib,real,unknown,calib,61b70f4ebcd7fd01,blur20,1,86.69026184082031
0,sid_calib,real,unknown,calib,61b70f4ebcd7fd01,resize05,1,86.38268280029297
0,sid_calib,real,unknown,calib,61b70f4ebcd7fd01,resize025,1,87.64570617675781
0,sid_calib,real,unknown,calib,61b70f4ebcd7fd01,noise002,1,86.44125366210938
0,sid_calib,real,unknown,calib,61b70f4ebcd7fd01,noise005,1,85.45954132080078
0,sid_calib,real,unknown,calib,61b70f4ebcd7fd01,jitter02,1,86.02130889892578
0,sid_calib,real,unknown,calib,61b70f4ebcd7fd01,crop08,1,95.45262145996094
0,sid_calib,real,unknown,calib,3e973cb1185a3241,clean,1,131.66998291015625
0,sid_calib,real,unknown,calib,3e973cb1185a3241,jpeg90,1,131.71612548828125
0,sid_calib,real,unknown,calib,3e973cb1185a3241,jpeg70,1,134.627197265625
0,sid_calib,real,unknown,calib,3e973cb1185a3241,jpeg50,1,131.92930603027344
0,sid_calib,real,unknown,calib,3e973cb1185a3241,jpeg30,1,135.9199981689453
0,sid_calib,real,unknown,calib,3e973cb1185a3241,blur05,1,131.66297912597656
0,sid_calib,real,unknown,calib,3e973cb1185a3241,blur10,1,131.87713623046875
0,sid_calib,real,unknown,calib,3e973cb1185a3241,blur20,1,130.8582305908203
0,sid_calib,real,unknown,calib,3e973cb1185a3241,resize05,1,131.88201904296875
0,sid_calib,real,unknown,calib,3e973cb1185a3241,resize025,1,131.86431884765625
0,sid_calib,real,unknown,calib,3e973cb1185a3241,noise002,1,131.48802185058594
0,sid_calib,real,unknown,calib,3e973cb1185a3241,noise005,1,132.02255249023438
0,sid_calib,real,unknown,calib,3e973cb1185a3241,noise01,1,133.2850341796875
0,sid_calib,real,unknown,calib,3e973cb1185a3241,jitter02,1,134.785888671875
0,sid_calib,real,unknown,calib,3e973cb1185a3241,crop08,1,159.85484313964844
0,sid_calib,real,unknown,calib,9384fccad51d78d3,clean,1,79.89056396484375
0,sid_calib,real,unknown,calib,9384fccad51d78d3,jpeg90,1,79.84740447998047
0,sid_calib,real,unknown,calib,9384fccad51d78d3,jpeg70,1,80.18358612060547
0,sid_calib,real,unknown,calib,9384fccad51d78d3,jpeg50,1,81.3077621459961
0,sid_calib,real,unknown,calib,9384fccad51d78d3,jpeg30,1,79.40083312988281
0,sid_calib,real,unknown,calib,9384fccad51d78d3,blur05,1,79.91078186035156
0,sid_calib,real,unknown,calib,9384fccad51d78d3,blur10,1,80.71327209472656
0,sid_calib,real,unknown,calib,9384fccad51d78d3,blur20,1,82.49311065673828
0,sid_calib,real,unknown,calib,9384fccad51d78d3,resize05,1,80.47257995605469
0,sid_calib,real,unknown,calib,9384fccad51d78d3,resize025,1,83.16307067871094
0,sid_calib,real,unknown,calib,9384fccad51d78d3,noise002,1,80.3741455078125
0,sid_calib,real,unknown,calib,9384fccad51d78d3,noise005,1,80.7761001586914
0,sid_calib,real,unknown,calib,9384fccad51d78d3,noise01,1,77.58396911621094
0,sid_calib,real,unknown,calib,9384fccad51d78d3,jitter02,1,78.94886779785156
0,sid_calib,real,unknown,calib,9384fccad51d78d3,crop08,1,98.84762573242188
0,sid_calib,real,unknown,calib,a2e86c97706f4cee,clean,1,81.3483657836914
0,sid_calib,real,unknown,calib,a2e86c97706f4cee,jpeg90,1,80.91021728515625
0,sid_calib,real,unknown,calib,a2e86c97706f4cee,jpeg70,1,83.66902923583984
0,sid_calib,real,unknown,calib,a2e86c97706f4cee,jpeg50,1,81.02355194091797
0,sid_calib,real,unknown,calib,a2e86c97706f4cee,jpeg30,1,84.20549774169922
0,sid_calib,real,unknown,calib,a2e86c97706f4cee,blur05,1,83.45648956298828
0,sid_calib,real,unknown,calib,a2e86c97706f4cee,blur10,1,82.41451263427734
0,sid_calib,real,unknown,calib,a2e86c97706f4cee,blur20,1,83.75617980957031
0,sid_calib,real,unknown,calib,a2e86c97706f4cee,resize05,1,82.53964233398438
0,sid_calib,real,unknown,calib,a2e86c97706f4cee,resize025,1,85.4659652709961
0,sid_calib,real,unknown,calib,a2e86c97706f4cee,noise002,1,80.24508666992188
0,sid_calib,real,unknown,calib,a2e86c97706f4cee,noise005,1,83.4085922241211
0,sid_calib,real,unknown,calib,a2e86c97706f4cee,jitter02,1,81.81307983398438
0,sid_calib,real,unknown,calib,a2e86c97706f4cee,crop08,1,106.57926940917969
0,sid_calib,real,unknown,calib,7087729c8bde6791,clean,1,100.07714080810547
0,sid_calib,real,unknown,calib,7087729c8bde6791,jpeg90,1,100.2421875
0,sid_calib,real,unknown,calib,7087729c8bde6791,jpeg70,1,99.98347473144531
0,sid_calib,real,unknown,calib,7087729c8bde6791,jpeg50,1,99.95323944091797
0,sid_calib,real,unknown,calib,7087729c8bde6791,jpeg30,1,100.60179138183594
0,sid_calib,real,unknown,calib,7087729c8bde6791,blur05,1,100.14266967773438
0,sid_calib,real,unknown,calib,7087729c8bde6791,blur10,1,99.78675079345703
0,sid_calib,real,unknown,calib,7087729c8bde6791,blur20,1,99.11798095703125
0,sid_calib,real,unknown,calib,7087729c8bde6791,resize05,1,100.11414337158203
0,sid_calib,real,unknown,calib,7087729c8bde6791,resize025,1,99.48931121826172
0,sid_calib,real,unknown,calib,7087729c8bde6791,noise002,1,99.90227508544922
0,sid_calib,real,unknown,calib,7087729c8bde6791,noise005,1,100.18588256835938
0,sid_calib,real,unknown,calib,7087729c8bde6791,noise01,1,97.42182922363281
0,sid_calib,real,unknown,calib,7087729c8bde6791,jitter02,1,100.00531005859375
0,sid_calib,real,unknown,calib,7087729c8bde6791,crop08,1,126.64069366455078
1,sid_calib,full_synthetic,unknown,calib,46588080f21cb8c5,clean,1,88.39799499511719
1,sid_calib,full_synthetic,unknown,calib,46588080f21cb8c5,jpeg90,1,88.0175552368164
1,sid_calib,full_synthetic,unknown,calib,46588080f21cb8c5,jpeg70,1,88.1525650024414
1,sid_calib,full_synthetic,unknown,calib,46588080f21cb8c5,jpeg50,1,88.20073699951172
1,sid_calib,full_synthetic,unknown,calib,46588080f21cb8c5,jpeg30,1,87.244140625
1,sid_calib,full_synthetic,unknown,calib,46588080f21cb8c5,blur05,1,88.10517120361328
1,sid_calib,full_synthetic,unknown,calib,46588080f21cb8c5,blur10,1,87.66041564941406
1,sid_calib,full_synthetic,unknown,calib,46588080f21cb8c5,blur20,1,86.71002197265625
1,sid_calib,full_synthetic,unknown,calib,46588080f21cb8c5,resize05,1,87.89601135253906
1,sid_calib,full_synthetic,unknown,calib,46588080f21cb8c5,resize025,1,87.55024719238281
1,sid_calib,full_synthetic,unknown,calib,46588080f21cb8c5,noise002,1,88.06649780273438
1,sid_calib,full_synthetic,unknown,calib,46588080f21cb8c5,noise005,1,86.94403839111328
1,sid_calib,full_synthetic,unknown,calib,46588080f21cb8c5,noise01,1,86.66039276123047
1,sid_calib,full_synthetic,unknown,calib,46588080f21cb8c5,jitter02,1,88.546630859375
1,sid_calib,full_synthetic,unknown,calib,46588080f21cb8c5,crop08,1,110.90314483642578
1,sid_calib,full_synthetic,unknown,calib,5a06351b5a0f9166,clean,1,149.57278442382812
1,sid_calib,full_synthetic,unknown,calib,5a06351b5a0f9166,jpeg90,1,149.4670867919922
1,sid_calib,full_synthetic,unknown,calib,5a06351b5a0f9166,jpeg70,1,150.11953735351562
1,sid_calib,full_synthetic,unknown,calib,5a06351b5a0f9166,jpeg50,1,149.39491271972656
1,sid_calib,full_synthetic,unknown,calib,5a06351b5a0f9166,jpeg30,1,148.12576293945312
1,sid_calib,full_synthetic,unknown,calib,5a06351b5a0f9166,blur05,1,149.43865966796875
1,sid_calib,full_synthetic,unknown,calib,5a06351b5a0f9166,blur10,1,148.4584503173828
1,sid_calib,full_synthetic,unknown,calib,5a06351b5a0f9166,blur20,1,144.80044555664062
1,sid_calib,full_synthetic,unknown,calib,5a06351b5a0f9166,resize05,1,149.16229248046875
1,sid_calib,full_synthetic,unknown,calib,5a06351b5a0f9166,resize025,1,146.20582580566406
1,sid_calib,full_synthetic,unknown,calib,5a06351b5a0f9166,noise002,1,148.727783203125
1,sid_calib,full_synthetic,unknown,calib,5a06351b5a0f9166,noise005,1,150.39990234375
1,sid_calib,full_synthetic,unknown,calib,5a06351b5a0f9166,noise01,1,145.58958435058594
1,sid_calib,full_synthetic,unknown,calib,5a06351b5a0f9166,jitter02,1,149.61073303222656
1,sid_calib,full_synthetic,unknown,calib,5a06351b5a0f9166,crop08,1,175.17576599121094
1,sid_calib,full_synthetic,unknown,calib,68c374419f824ab7,clean,1,168.45079040527344
1,sid_calib,full_synthetic,unknown,calib,68c374419f824ab7,jpeg90,1,168.57333374023438
1,sid_calib,full_synthetic,unknown,calib,68c374419f824ab7,jpeg70,1,168.6305694580078
1,sid_calib,full_synthetic,unknown,calib,68c374419f824ab7,jpeg50,1,168.96762084960938
1,sid_calib,full_synthetic,unknown,calib,68c374419f824ab7,jpeg30,1,167.9900360107422
1,sid_calib,full_synthetic,unknown,calib,68c374419f824ab7,blur05,1,168.6546173095703
1,sid_calib,full_synthetic,unknown,calib,68c374419f824ab7,blur10,1,169.21510314941406
1,sid_calib,full_synthetic,unknown,calib,68c374419f824ab7,blur20,1,169.20538330078125
1,sid_calib,full_synthetic,unknown,calib,68c374419f824ab7,resize05,1,168.68597412109375
1,sid_calib,full_synthetic,unknown,calib,68c374419f824ab7,resize025,1,167.52049255371094
1,sid_calib,full_synthetic,unknown,calib,68c374419f824ab7,noise002,1,168.6852569580078
1,sid_calib,full_synthetic,unknown,calib,68c374419f824ab7,noise005,1,164.17979431152344
1,sid_calib,full_synthetic,unknown,calib,68c374419f824ab7,noise01,1,164.15908813476562
1,sid_calib,full_synthetic,unknown,calib,68c374419f824ab7,jitter02,1,167.65809631347656
1,sid_calib,full_synthetic,unknown,calib,68c374419f824ab7,crop08,1,205.44371032714844
0,sid_calib,real,unknown,calib,ae83489f4110df0a,clean,1,88.52408599853516
0,sid_calib,real,unknown,calib,ae83489f4110df0a,jpeg90,1,88.42627716064453
0,sid_calib,real,unknown,calib,ae83489f4110df0a,jpeg70,1,88.22675323486328
0,sid_calib,real,unknown,calib,ae83489f4110df0a,jpeg50,1,89.50289916992188
0,sid_calib,real,unknown,calib,ae83489f4110df0a,jpeg30,1,88.29469299316406
0,sid_calib,real,unknown,calib,ae83489f4110df0a,blur05,1,88.27428436279297
0,sid_calib,real,unknown,calib,ae83489f4110df0a,blur10,1,88.04586791992188
0,sid_calib,real,unknown,calib,ae83489f4110df0a,blur20,1,86.50089263916016
0,sid_calib,real,unknown,calib,ae83489f4110df0a,resize05,1,88.07522583007812
0,sid_calib,real,unknown,calib,ae83489f4110df0a,resize025,1,86.8265609741211
0,sid_calib,real,unknown,calib,ae83489f4110df0a,noise002,1,87.96427917480469
0,sid_calib,real,unknown,calib,ae83489f4110df0a,noise005,1,91.34569549560547
0,sid_calib,real,unknown,calib,ae83489f4110df0a,noise01,1,89.95259857177734
0,sid_calib,real,unknown,calib,ae83489f4110df0a,jitter02,1,89.64459991455078
0,sid_calib,real,unknown,calib,ae83489f4110df0a,crop08,1,117.81310272216797
1,sid_calib,full_synthetic,unknown,calib,dcb92e48f838e04e,clean,1,194.88131713867188
1,sid_calib,full_synthetic,unknown,calib,dcb92e48f838e04e,jpeg90,1,194.60409545898438
1,sid_calib,full_synthetic,unknown,calib,dcb92e48f838e04e,jpeg70,1,194.59031677246094
1,sid_calib,full_synthetic,unknown,calib,dcb92e48f838e04e,jpeg50,1,197.69357299804688
1,sid_calib,full_synthetic,unknown,calib,dcb92e48f838e04e,jpeg30,1,194.7411346435547
1,sid_calib,full_synthetic,unknown,calib,dcb92e48f838e04e,blur05,1,194.6807861328125
1,sid_calib,full_synthetic,unknown,calib,dcb92e48f838e04e,blur10,1,193.48045349121094
1,sid_calib,full_synthetic,unknown,calib,dcb92e48f838e04e,resize05,1,194.10231018066406
1,sid_calib,full_synthetic,unknown,calib,dcb92e48f838e04e,resize025,1,192.23207092285156
1,sid_calib,full_synthetic,unknown,calib,dcb92e48f838e04e,noise002,1,194.62469482421875
1,sid_calib,full_synthetic,unknown,calib,dcb92e48f838e04e,noise005,1,189.64332580566406
1,sid_calib,full_synthetic,unknown,calib,dcb92e48f838e04e,jitter02,1,197.9658203125
0,sid_calib,real,unknown,calib,5d0def8c7e85f18a,clean,1,122.31551361083984
0,sid_calib,real,unknown,calib,5d0def8c7e85f18a,jpeg90,1,122.20413970947266
0,sid_calib,real,unknown,calib,5d0def8c7e85f18a,jpeg70,1,123.214111328125
0,sid_calib,real,unknown,calib,5d0def8c7e85f18a,jpeg50,1,123.7149429321289
0,sid_calib,real,unknown,calib,5d0def8c7e85f18a,jpeg30,1,123.63352966308594
0,sid_calib,real,unknown,calib,5d0def8c7e85f18a,blur05,1,122.33219909667969
0,sid_calib,real,unknown,calib,5d0def8c7e85f18a,blur10,1,122.08985900878906
0,sid_calib,real,unknown,calib,5d0def8c7e85f18a,blur20,1,121.76407623291016
0,sid_calib,real,unknown,calib,5d0def8c7e85f18a,resize05,1,122.63706970214844
0,sid_calib,real,unknown,calib,5d0def8c7e85f18a,resize025,1,121.8979263305664
0,sid_calib,real,unknown,calib,5d0def8c7e85f18a,noise002,1,122.01236724853516
0,sid_calib,real,unknown,calib,5d0def8c7e85f18a,noise005,1,123.43583679199219
0,sid_calib,real,unknown,calib,5d0def8c7e85f18a,noise01,1,124.57878112792969
0,sid_calib,real,unknown,calib,5d0def8c7e85f18a,jitter02,1,122.95027160644531
0,sid_calib,real,unknown,calib,5d0def8c7e85f18a,crop08,1,152.52407836914062
0,sid_calib,real,unknown,calib,1551545da6eb3ff5,clean,1,75.7252426147461
0,sid_calib,real,unknown,calib,1551545da6eb3ff5,jpeg90,1,75.7987060546875
0,sid_calib,real,unknown,calib,1551545da6eb3ff5,jpeg70,1,75.4457015991211
0,sid_calib,real,unknown,calib,1551545da6eb3ff5,jpeg50,1,74.26119995117188
0,sid_calib,real,unknown,calib,1551545da6eb3ff5,jpeg30,1,74.02007293701172
0,sid_calib,real,unknown,calib,1551545da6eb3ff5,blur05,1,75.6883544921875
0,sid_calib,real,unknown,calib,1551545da6eb3ff5,blur10,1,73.81549072265625
0,sid_calib,real,unknown,calib,1551545da6eb3ff5,blur20,1,74.6749496459961
0,sid_calib,real,unknown,calib,1551545da6eb3ff5,resize05,1,74.11846923828125
0,sid_calib,real,unknown,calib,1551545da6eb3ff5,resize025,1,74.12393951416016
0,sid_calib,real,unknown,calib,1551545da6eb3ff5,noise002,1,73.87178039550781
0,sid_calib,real,unknown,calib,1551545da6eb3ff5,noise005,1,74.40492248535156
0,sid_calib,real,unknown,calib,1551545da6eb3ff5,noise01,1,78.18895721435547
0,sid_calib,real,unknown,calib,1551545da6eb3ff5,jitter02,1,75.9894790649414
0,sid_calib,real,unknown,calib,1551545da6eb3ff5,crop08,1,101.19244384765625
0,sid_calib,real,unknown,calib,26a9fabe4b347678,clean,1,157.83213806152344
0,sid_calib,real,unknown,calib,26a9fabe4b347678,jpeg90,1,157.82960510253906
0,sid_calib,real,unknown,calib,26a9fabe4b347678,jpeg70,1,157.7108612060547
0,sid_calib,real,unknown,calib,26a9fabe4b347678,jpeg50,1,157.19468688964844
0,sid_calib,real,unknown,calib,26a9fabe4b347678,jpeg30,1,157.52191162109375
0,sid_calib,real,unknown,calib,26a9fabe4b347678,blur05,1,157.78517150878906
0,sid_calib,real,unknown,calib,26a9fabe4b347678,blur10,1,157.0838623046875
0,sid_calib,real,unknown,calib,26a9fabe4b347678,blur20,1,155.3415069580078
0,sid_calib,real,unknown,calib,26a9fabe4b347678,resize05,1,157.46070861816406
0,sid_calib,real,unknown,calib,26a9fabe4b347678,resize025,1,156.3885040283203
0,sid_calib,real,unknown,calib,26a9fabe4b347678,noise002,1,157.143798828125
0,sid_calib,real,unknown,calib,26a9fabe4b347678,noise005,1,157.22152709960938
0,sid_calib,real,unknown,calib,26a9fabe4b347678,noise01,1,158.87332153320312
0,sid_calib,real,unknown,calib,26a9fabe4b347678,jitter02,1,157.50039672851562
0,sid_calib,real,unknown,calib,26a9fabe4b347678,crop08,1,189.20748901367188
0,sid_calib,real,unknown,calib,2acf659c26d4a1ed,clean,1,138.30392456054688
0,sid_calib,real,unknown,calib,2acf659c26d4a1ed,jpeg90,1,137.96875
0,sid_calib,real,unknown,calib,2acf659c26d4a1ed,jpeg70,1,138.33238220214844
0,sid_calib,real,unknown,calib,2acf659c26d4a1ed,jpeg50,1,137.3777313232422
0,sid_calib,real,unknown,calib,2acf659c26d4a1ed,jpeg30,1,137.91290283203125
0,sid_calib,real,unknown,calib,2acf659c26d4a1ed,blur05,1,137.86083984375
0,sid_calib,real,unknown,calib,2acf659c26d4a1ed,blur10,1,137.05479431152344
0,sid_calib,real,unknown,calib,2acf659c26d4a1ed,blur20,1,137.3361358642578
0,sid_calib,real,unknown,calib,2acf659c26d4a1ed,resize05,1,137.1819305419922
0,sid_calib,real,unknown,calib,2acf659c26d4a1ed,resize025,1,137.251220703125
0,sid_calib,real,unknown,calib,2acf659c26d4a1ed,noise002,1,138.6024627685547
0,sid_calib,real,unknown,calib,2acf659c26d4a1ed,noise005,1,136.8880157470703
0,sid_calib,real,unknown,calib,2acf659c26d4a1ed,noise01,1,138.2128448486328
0,sid_calib,real,unknown,calib,2acf659c26d4a1ed,jitter02,1,138.01211547851562
0,sid_calib,real,unknown,calib,2acf659c26d4a1ed,crop08,1,160.19837951660156
0,sid_calib,real,unknown,calib,18dba4b465f89c82,clean,1,128.1625213623047
0,sid_calib,real,unknown,calib,18dba4b465f89c82,jpeg90,1,128.10325622558594
0,sid_calib,real,unknown,calib,18dba4b465f89c82,jpeg70,1,127.9171142578125
0,sid_calib,real,unknown,calib,18dba4b465f89c82,jpeg50,1,129.43862915039062
0,sid_calib,real,unknown,calib,18dba4b465f89c82,jpeg30,1,128.6483612060547
0,sid_calib,real,unknown,calib,18dba4b465f89c82,blur05,1,128.46792602539062
0,sid_calib,real,unknown,calib,18dba4b465f89c82,blur10,1,127.9692153930664
0,sid_calib,real,unknown,calib,18dba4b465f89c82,blur20,1,126.39883422851562
0,sid_calib,real,unknown,calib,18dba4b465f89c82,resize05,1,128.40676879882812
0,sid_calib,real,unknown,calib,18dba4b465f89c82,resize025,1,126.0275650024414
0,sid_calib,real,unknown,calib,18dba4b465f89c82,noise002,1,127.48303985595703
0,sid_calib,real,unknown,calib,18dba4b465f89c82,noise005,1,131.96414184570312
0,sid_calib,real,unknown,calib,18dba4b465f89c82,noise01,1,85.77439880371094
0,sid_calib,real,unknown,calib,18dba4b465f89c82,jitter02,1,130.20626831054688
0,sid_calib,real,unknown,calib,18dba4b465f89c82,crop08,1,156.37646484375
0,sid_calib,real,unknown,calib,8f434e8154ac61b4,clean,1,82.13802337646484
0,sid_calib,real,unknown,calib,8f434e8154ac61b4,jpeg90,1,81.90745544433594
0,sid_calib,real,unknown,calib,8f434e8154ac61b4,jpeg70,1,81.64079284667969
0,sid_calib,real,unknown,calib,8f434e8154ac61b4,jpeg50,1,81.73754119873047
0,sid_calib,real,unknown,calib,8f434e8154ac61b4,jpeg30,1,83.00271606445312
0,sid_calib,real,unknown,calib,8f434e8154ac61b4,blur05,1,82.26851654052734
0,sid_calib,real,unknown,calib,8f434e8154ac61b4,blur10,1,82.46333312988281
0,sid_calib,real,unknown,calib,8f434e8154ac61b4,blur20,1,82.56727600097656
0,sid_calib,real,unknown,calib,8f434e8154ac61b4,resize05,1,82.1251449584961
0,sid_calib,real,unknown,calib,8f434e8154ac61b4,resize025,1,81.85382843017578
0,sid_calib,real,unknown,calib,8f434e8154ac61b4,noise002,1,81.93244171142578
0,sid_calib,real,unknown,calib,8f434e8154ac61b4,noise005,1,80.3955307006836
0,sid_calib,real,unknown,calib,8f434e8154ac61b4,jitter02,1,81.24329376220703
0,sid_calib,real,unknown,calib,8f434e8154ac61b4,crop08,1,106.09000396728516
1,sid_calib,full_synthetic,unknown,calib,9537f6546d74ae45,clean,1,133.34716796875
1,sid_calib,full_synthetic,unknown,calib,9537f6546d74ae45,jpeg90,1,133.32192993164062
1,sid_calib,full_synthetic,unknown,calib,9537f6546d74ae45,jpeg70,1,127.99542236328125
1,sid_calib,full_synthetic,unknown,calib,9537f6546d74ae45,jpeg50,1,127.61447143554688
1,sid_calib,full_synthetic,unknown,calib,9537f6546d74ae45,jpeg30,1,127.96161651611328
1,sid_calib,full_synthetic,unknown,calib,9537f6546d74ae45,blur05,1,127.90637969970703
1,sid_calib,full_synthetic,unknown,calib,9537f6546d74ae45,blur10,1,132.58670043945312
1,sid_calib,full_synthetic,unknown,calib,9537f6546d74ae45,blur20,1,127.37355041503906
1,sid_calib,full_synthetic,unknown,calib,9537f6546d74ae45,resize05,1,133.6923065185547
1,sid_calib,full_synthetic,unknown,calib,9537f6546d74ae45,resize025,1,127.52030944824219
1,sid_calib,full_synthetic,unknown,calib,9537f6546d74ae45,noise002,1,127.59049987792969
1,sid_calib,full_synthetic,unknown,calib,9537f6546d74ae45,noise005,1,127.96817779541016
1,sid_calib,full_synthetic,unknown,calib,9537f6546d74ae45,noise01,1,128.6935272216797
1,sid_calib,full_synthetic,unknown,calib,9537f6546d74ae45,jitter02,1,127.8753662109375
1,sid_calib,full_synthetic,unknown,calib,9537f6546d74ae45,crop08,1,167.97679138183594
1,sid_calib,full_synthetic,unknown,calib,0a1bfee0f6675067,clean,1,94.11099243164062
1,sid_calib,full_synthetic,unknown,calib,0a1bfee0f6675067,jpeg90,1,94.29064178466797
1,sid_calib,full_synthetic,unknown,calib,0a1bfee0f6675067,jpeg70,1,93.43773651123047
1,sid_calib,full_synthetic,unknown,calib,0a1bfee0f6675067,jpeg50,1,95.4349594116211
1,sid_calib,full_synthetic,unknown,calib,0a1bfee0f6675067,jpeg30,1,95.93157958984375
1,sid_calib,full_synthetic,unknown,calib,0a1bfee0f6675067,blur05,1,94.15733337402344
1,sid_calib,full_synthetic,unknown,calib,0a1bfee0f6675067,blur10,1,94.41974639892578
1,sid_calib,full_synthetic,unknown,calib,0a1bfee0f6675067,blur20,1,96.58917999267578
1,sid_calib,full_synthetic,unknown,calib,0a1bfee0f6675067,resize05,1,94.34029388427734
1,sid_calib,full_synthetic,unknown,calib,0a1bfee0f6675067,resize025,1,96.31475067138672
1,sid_calib,full_synthetic,unknown,calib,0a1bfee0f6675067,noise002,1,94.0579605102539
1,sid_calib,full_synthetic,unknown,calib,0a1bfee0f6675067,noise005,1,93.77680969238281
1,sid_calib,full_synthetic,unknown,calib,0a1bfee0f6675067,noise01,1,93.62415313720703
1,sid_calib,full_synthetic,unknown,calib,0a1bfee0f6675067,jitter02,1,93.76449584960938
1,sid_calib,full_synthetic,unknown,calib,0a1bfee0f6675067,crop08,1,131.4139404296875
1,sid_calib,full_synthetic,unknown,calib,29efbc615ddf794c,clean,1,66.56488037109375
1,sid_calib,full_synthetic,unknown,calib,29efbc615ddf794c,jpeg90,1,66.76986694335938
1,sid_calib,full_synthetic,unknown,calib,29efbc615ddf794c,jpeg70,1,67.30119323730469
1,sid_calib,full_synthetic,unknown,calib,29efbc615ddf794c,jpeg50,1,68.19731903076172
1,sid_calib,full_synthetic,unknown,calib,29efbc615ddf794c,jpeg30,1,66.85672760009766
1,sid_calib,full_synthetic,unknown,calib,29efbc615ddf794c,blur05,1,66.82881927490234
1,sid_calib,full_synthetic,unknown,calib,29efbc615ddf794c,blur10,1,67.3135757446289
1,sid_calib,full_synthetic,unknown,calib,29efbc615ddf794c,blur20,1,68.29057312011719
1,sid_calib,full_synthetic,unknown,calib,29efbc615ddf794c,resize05,1,67.24547576904297
1,sid_calib,full_synthetic,unknown,calib,29efbc615ddf794c,resize025,1,68.06501770019531
1,sid_calib,full_synthetic,unknown,calib,29efbc615ddf794c,noise002,1,66.4209976196289
1,sid_calib,full_synthetic,unknown,calib,29efbc615ddf794c,noise005,1,66.63050079345703
1,sid_calib,full_synthetic,unknown,calib,29efbc615ddf794c,noise01,1,67.0382308959961
1,sid_calib,full_synthetic,unknown,calib,29efbc615ddf794c,jitter02,1,66.76055145263672
1,sid_calib,full_synthetic,unknown,calib,29efbc615ddf794c,crop08,1,87.36558532714844
0,sid_calib,real,unknown,calib,7244b4fce2a5bc39,clean,1,117.29314422607422
0,sid_calib,real,unknown,calib,7244b4fce2a5bc39,jpeg90,1,117.51438903808594
0,sid_calib,real,unknown,calib,7244b4fce2a5bc39,jpeg70,1,116.69613647460938
0,sid_calib,real,unknown,calib,7244b4fce2a5bc39,jpeg50,1,116.98429107666016
0,sid_calib,real,unknown,calib,7244b4fce2a5bc39,jpeg30,1,117.80908203125
0,sid_calib,real,unknown,calib,7244b4fce2a5bc39,blur05,1,117.43943786621094
0,sid_calib,real,unknown,calib,7244b4fce2a5bc39,blur10,1,117.39759826660156
0,sid_calib,real,unknown,calib,7244b4fce2a5bc39,blur20,1,117.39053344726562
0,sid_calib,real,unknown,calib,7244b4fce2a5bc39,resize05,1,117.51475524902344
0,sid_calib,real,unknown,calib,7244b4fce2a5bc39,resize025,1,117.11890411376953
0,sid_calib,real,unknown,calib,7244b4fce2a5bc39,noise002,1,116.46023559570312
0,sid_calib,real,unknown,calib,7244b4fce2a5bc39,noise005,1,115.99057006835938
0,sid_calib,real,unknown,calib,7244b4fce2a5bc39,noise01,1,116.225830078125
0,sid_calib,real,unknown,calib,7244b4fce2a5bc39,jitter02,1,116.8156967163086
0,sid_calib,real,unknown,calib,7244b4fce2a5bc39,crop08,1,145.98805236816406
0,sid_calib,real,unknown,calib,a1b8c26fd8e584ca,clean,1,88.72769927978516
0,sid_calib,real,unknown,calib,a1b8c26fd8e584ca,jpeg90,1,88.76472473144531
0,sid_calib,real,unknown,calib,a1b8c26fd8e584ca,jpeg70,1,88.83988189697266
0,sid_calib,real,unknown,calib,a1b8c26fd8e584ca,jpeg50,1,89.54589080810547
0,sid_calib,real,unknown,calib,a1b8c26fd8e584ca,jpeg30,1,88.39950561523438
0,sid_calib,real,unknown,calib,a1b8c26fd8e584ca,blur05,1,88.8959732055664
0,sid_calib,real,unknown,calib,a1b8c26fd8e584ca,blur10,1,89.2734603881836
0,sid_calib,real,unknown,calib,a1b8c26fd8e584ca,blur20,1,89.89997100830078
0,sid_calib,real,unknown,calib,a1b8c26fd8e584ca,resize05,1,89.2928695678711
0,sid_calib,real,unknown,calib,a1b8c26fd8e584ca,resize025,1,88.98893737792969
0,sid_calib,real,unknown,calib,a1b8c26fd8e584ca,noise002,1,88.61012268066406
0,sid_calib,real,unknown,calib,a1b8c26fd8e584ca,noise005,1,89.0848617553711
0,sid_calib,real,unknown,calib,a1b8c26fd8e584ca,noise01,1,87.7513656616211
0,sid_calib,real,unknown,calib,a1b8c26fd8e584ca,jitter02,1,88.46898651123047
0,sid_calib,real,unknown,calib,a1b8c26fd8e584ca,crop08,1,109.25273132324219
0,sid_calib,real,unknown,calib,de93a39fa030b240,clean,1,78.76273345947266
0,sid_calib,real,unknown,calib,de93a39fa030b240,jpeg90,1,78.43477630615234
0,sid_calib,real,unknown,calib,de93a39fa030b240,jpeg70,1,78.66152954101562
0,sid_calib,real,unknown,calib,de93a39fa030b240,jpeg50,1,78.84591674804688
0,sid_calib,real,unknown,calib,de93a39fa030b240,jpeg30,1,77.98748779296875
0,sid_calib,real,unknown,calib,de93a39fa030b240,blur05,1,78.7490463256836
0,sid_calib,real,unknown,calib,de93a39fa030b240,blur10,1,78.39997863769531
0,sid_calib,real,unknown,calib,de93a39fa030b240,blur20,1,76.42890930175781
0,sid_calib,real,unknown,calib,de93a39fa030b240,resize05,1,78.43408203125
0,sid_calib,real,unknown,calib,de93a39fa030b240,resize025,1,76.27555084228516
0,sid_calib,real,unknown,calib,de93a39fa030b240,noise002,1,79.01140594482422
0,sid_calib,real,unknown,calib,de93a39fa030b240,noise005,1,79.19277954101562
0,sid_calib,real,unknown,calib,de93a39fa030b240,noise01,1,78.74842071533203
0,sid_calib,real,unknown,calib,de93a39fa030b240,jitter02,1,78.7691650390625
0,sid_calib,real,unknown,calib,de93a39fa030b240,crop08,1,99.66676330566406
1,sid_calib,full_synthetic,unknown,calib,de780f04cf5d7ade,clean,1,114.0565414428711
1,sid_calib,full_synthetic,unknown,calib,de780f04cf5d7ade,jpeg90,1,114.14572143554688
1,sid_calib,full_synthetic,unknown,calib,de780f04cf5d7ade,jpeg70,1,114.48271942138672
1,sid_calib,full_synthetic,unknown,calib,de780f04cf5d7ade,jpeg50,1,114.1990966796875
1,sid_calib,full_synthetic,unknown,calib,de780f04cf5d7ade,jpeg30,1,115.1785659790039
1,sid_calib,full_synthetic,unknown,calib,de780f04cf5d7ade,blur05,1,114.06736755371094
1,sid_calib,full_synthetic,unknown,calib,de780f04cf5d7ade,blur10,1,114.03650665283203
1,sid_calib,full_synthetic,unknown,calib,de780f04cf5d7ade,blur20,1,113.90657806396484
1,sid_calib,full_synthetic,unknown,calib,de780f04cf5d7ade,resize05,1,114.08203887939453
1,sid_calib,full_synthetic,unknown,calib,de780f04cf5d7ade,resize025,1,113.61209869384766
1,sid_calib,full_synthetic,unknown,calib,de780f04cf5d7ade,noise002,1,114.18142700195312
1,sid_calib,full_synthetic,unknown,calib,de780f04cf5d7ade,noise005,1,115.15979766845703
1,sid_calib,full_synthetic,unknown,calib,de780f04cf5d7ade,noise01,1,112.30839538574219
1,sid_calib,full_synthetic,unknown,calib,de780f04cf5d7ade,jitter02,1,115.2017593383789
1,sid_calib,full_synthetic,unknown,calib,de780f04cf5d7ade,crop08,1,143.30386352539062
0,sid_calib,real,unknown,calib,abdbe55e50ac5258,clean,1,86.32955169677734
0,sid_calib,real,unknown,calib,abdbe55e50ac5258,jpeg90,1,86.39002990722656
0,sid_calib,real,unknown,calib,abdbe55e50ac5258,jpeg70,1,86.25569152832031
0,sid_calib,real,unknown,calib,abdbe55e50ac5258,jpeg50,1,86.79165649414062
0,sid_calib,real,unknown,calib,abdbe55e50ac5258,jpeg30,1,85.7282943725586
0,sid_calib,real,unknown,calib,abdbe55e50ac5258,blur05,1,87.98613739013672
0,sid_calib,real,unknown,calib,abdbe55e50ac5258,blur10,1,86.24842071533203
0,sid_calib,real,unknown,calib,abdbe55e50ac5258,blur20,1,85.53166198730469
0,sid_calib,real,unknown,calib,abdbe55e50ac5258,resize05,1,88.12875366210938
0,sid_calib,real,unknown,calib,abdbe55e50ac5258,resize025,1,85.96537780761719
0,sid_calib,real,unknown,calib,abdbe55e50ac5258,noise002,1,88.15676879882812
0,sid_calib,real,unknown,calib,abdbe55e50ac5258,noise005,1,88.47577667236328
0,sid_calib,real,unknown,calib,abdbe55e50ac5258,noise01,1,84.80480194091797
0,sid_calib,real,unknown,calib,abdbe55e50ac5258,jitter02,1,86.52425384521484
0,sid_calib,real,unknown,calib,abdbe55e50ac5258,crop08,1,103.90157318115234
0,sid_calib,real,unknown,calib,8fff89f1cde4e845,clean,1,175.74557495117188
0,sid_calib,real,unknown,calib,8fff89f1cde4e845,jpeg90,1,175.54505920410156
0,sid_calib,real,unknown,calib,8fff89f1cde4e845,jpeg70,1,174.64157104492188
0,sid_calib,real,unknown,calib,8fff89f1cde4e845,jpeg50,1,174.77528381347656
0,sid_calib,real,unknown,calib,8fff89f1cde4e845,jpeg30,1,175.43716430664062
0,sid_calib,real,unknown,calib,8fff89f1cde4e845,blur05,1,175.66627502441406
0,sid_calib,real,unknown,calib,8fff89f1cde4e845,blur10,1,175.00047302246094
0,sid_calib,real,unknown,calib,8fff89f1cde4e845,blur20,1,173.18125915527344
0,sid_calib,real,unknown,calib,8fff89f1cde4e845,resize05,1,175.5210418701172
0,sid_calib,real,unknown,calib,8fff89f1cde4e845,resize025,1,174.04769897460938
0,sid_calib,real,unknown,calib,8fff89f1cde4e845,noise002,1,177.56674194335938
0,sid_calib,real,unknown,calib,8fff89f1cde4e845,noise005,1,180.6876678466797
0,sid_calib,real,unknown,calib,8fff89f1cde4e845,noise01,1,116.53243255615234
0,sid_calib,real,unknown,calib,8fff89f1cde4e845,jitter02,1,174.79519653320312
0,sid_calib,real,unknown,calib,8fff89f1cde4e845,crop08,1,219.4241485595703
0,sid_calib,real,unknown,calib,4a5ce0d38f08f707,clean,1,145.32115173339844
0,sid_calib,real,unknown,calib,4a5ce0d38f08f707,jpeg90,1,145.34059143066406
0,sid_calib,real,unknown,calib,4a5ce0d38f08f707,jpeg70,1,144.53988647460938
0,sid_calib,real,unknown,calib,4a5ce0d38f08f707,jpeg50,1,144.56222534179688
0,sid_calib,real,unknown,calib,4a5ce0d38f08f707,jpeg30,1,144.4219207763672
0,sid_calib,real,unknown,calib,4a5ce0d38f08f707,blur05,1,145.54737854003906
0,sid_calib,real,unknown,calib,4a5ce0d38f08f707,blur10,1,146.59483337402344
0,sid_calib,real,unknown,calib,4a5ce0d38f08f707,blur20,1,146.1349639892578
0,sid_calib,real,unknown,calib,4a5ce0d38f08f707,resize05,1,145.79354858398438
0,sid_calib,real,unknown,calib,4a5ce0d38f08f707,resize025,1,145.93389892578125
0,sid_calib,real,unknown,calib,4a5ce0d38f08f707,noise002,1,143.8443603515625
0,sid_calib,real,unknown,calib,4a5ce0d38f08f707,noise005,1,145.11846923828125
0,sid_calib,real,unknown,calib,4a5ce0d38f08f707,jitter02,1,146.49563598632812
0,sid_calib,real,unknown,calib,4a5ce0d38f08f707,crop08,1,188.3874969482422
0,sid_calib,real,unknown,calib,67abe81d550ea21d,clean,1,136.38613891601562
0,sid_calib,real,unknown,calib,67abe81d550ea21d,jpeg90,1,136.48707580566406
0,sid_calib,real,unknown,calib,67abe81d550ea21d,jpeg70,1,135.54835510253906
0,sid_calib,real,unknown,calib,67abe81d550ea21d,jpeg50,1,136.10865783691406
0,sid_calib,real,unknown,calib,67abe81d550ea21d,jpeg30,1,135.9937744140625
0,sid_calib,real,unknown,calib,67abe81d550ea21d,blur05,1,136.3764190673828
0,sid_calib,real,unknown,calib,67abe81d550ea21d,blur10,1,136.57510375976562
0,sid_calib,real,unknown,calib,67abe81d550ea21d,blur20,1,135.0844268798828
0,sid_calib,real,unknown,calib,67abe81d550ea21d,resize05,1,136.71929931640625
0,sid_calib,real,unknown,calib,67abe81d550ea21d,resize025,1,134.87042236328125
0,sid_calib,real,unknown,calib,67abe81d550ea21d,noise002,1,137.4206085205078
0,sid_calib,real,unknown,calib,67abe81d550ea21d,noise005,1,133.62733459472656
0,sid_calib,real,unknown,calib,67abe81d550ea21d,noise01,1,129.2873077392578
0,sid_calib,real,unknown,calib,67abe81d550ea21d,jitter02,1,136.95628356933594
0,sid_calib,real,unknown,calib,67abe81d550ea21d,crop08,1,172.96096801757812
0,sid_calib,real,unknown,calib,5592c66261aef39b,crop08,1,70.34477233886719
0,sid_calib,real,unknown,calib,0b4ddf825ed23e0e,clean,1,131.5478515625
0,sid_calib,real,unknown,calib,0b4ddf825ed23e0e,jpeg90,1,131.54351806640625
0,sid_calib,real,unknown,calib,0b4ddf825ed23e0e,jpeg70,1,131.69985961914062
0,sid_calib,real,unknown,calib,0b4ddf825ed23e0e,jpeg50,1,132.4844512939453
0,sid_calib,real,unknown,calib,0b4ddf825ed23e0e,jpeg30,1,131.91744995117188
0,sid_calib,real,unknown,calib,0b4ddf825ed23e0e,blur05,1,131.73226928710938
0,sid_calib,real,unknown,calib,0b4ddf825ed23e0e,blur10,1,131.9219207763672
0,sid_calib,real,unknown,calib,0b4ddf825ed23e0e,blur20,1,131.44508361816406
0,sid_calib,real,unknown,calib,0b4ddf825ed23e0e,resize05,1,131.97427368164062
0,sid_calib,real,unknown,calib,0b4ddf825ed23e0e,resize025,1,131.1826629638672
0,sid_calib,real,unknown,calib,0b4ddf825ed23e0e,noise002,1,131.25552368164062
0,sid_calib,real,unknown,calib,0b4ddf825ed23e0e,noise005,1,132.36502075195312
0,sid_calib,real,unknown,calib,0b4ddf825ed23e0e,noise01,1,131.574951171875
0,sid_calib,real,unknown,calib,0b4ddf825ed23e0e,jitter02,1,131.784423828125
0,sid_calib,real,unknown,calib,0b4ddf825ed23e0e,crop08,1,162.62530517578125
1,sid_calib,full_synthetic,unknown,calib,32c9fc44cc4da7de,noise01,1,174.69204711914062
1,sid_calib,full_synthetic,unknown,calib,32c9fc44cc4da7de,crop08,1,229.4650115966797
1,sid_calib,full_synthetic,unknown,calib,f387080b7edd5c43,clean,1,73.12539672851562
1,sid_calib,full_synthetic,unknown,calib,f387080b7edd5c43,jpeg90,1,73.20362854003906
1,sid_calib,full_synthetic,unknown,calib,f387080b7edd5c43,jpeg70,1,73.70079803466797
1,sid_calib,full_synthetic,unknown,calib,f387080b7edd5c43,jpeg50,1,72.79388427734375
1,sid_calib,full_synthetic,unknown,calib,f387080b7edd5c43,jpeg30,1,73.3506088256836
1,sid_calib,full_synthetic,unknown,calib,f387080b7edd5c43,blur05,1,73.18578338623047
1,sid_calib,full_synthetic,unknown,calib,f387080b7edd5c43,blur10,1,72.66277313232422
1,sid_calib,full_synthetic,unknown,calib,f387080b7edd5c43,blur20,1,71.27932739257812
1,sid_calib,full_synthetic,unknown,calib,f387080b7edd5c43,resize05,1,73.06975555419922
1,sid_calib,full_synthetic,unknown,calib,f387080b7edd5c43,resize025,1,71.1217269897461
1,sid_calib,full_synthetic,unknown,calib,f387080b7edd5c43,noise002,1,73.04817962646484
1,sid_calib,full_synthetic,unknown,calib,f387080b7edd5c43,noise005,1,73.22567749023438
1,sid_calib,full_synthetic,unknown,calib,f387080b7edd5c43,noise01,1,72.82193756103516
1,sid_calib,full_synthetic,unknown,calib,f387080b7edd5c43,jitter02,1,73.57844543457031
1,sid_calib,full_synthetic,unknown,calib,f387080b7edd5c43,crop08,1,90.15020751953125
0,sid_calib,real,unknown,calib,917cf0f774cd5ad7,clean,1,114.50617218017578
0,sid_calib,real,unknown,calib,917cf0f774cd5ad7,jpeg90,1,114.6988296508789
0,sid_calib,real,unknown,calib,917cf0f774cd5ad7,jpeg70,1,114.47772979736328
0,sid_calib,real,unknown,calib,917cf0f774cd5ad7,jpeg50,1,113.96395874023438
0,sid_calib,real,unknown,calib,917cf0f774cd5ad7,jpeg30,1,113.1727294921875
0,sid_calib,real,unknown,calib,917cf0f774cd5ad7,blur05,1,114.33816528320312
0,sid_calib,real,unknown,calib,917cf0f774cd5ad7,blur10,1,113.78873443603516
0,sid_calib,real,unknown,calib,917cf0f774cd5ad7,blur20,1,113.60843658447266
0,sid_calib,real,unknown,calib,917cf0f774cd5ad7,resize05,1,114.26457214355469
0,sid_calib,real,unknown,calib,917cf0f774cd5ad7,resize025,1,115.3085708618164
0,sid_calib,real,unknown,calib,917cf0f774cd5ad7,noise002,1,115.15040588378906
0,sid_calib,real,unknown,calib,917cf0f774cd5ad7,noise005,1,115.22736358642578
0,sid_calib,real,unknown,calib,917cf0f774cd5ad7,noise01,1,115.77367401123047
0,sid_calib,real,unknown,calib,917cf0f774cd5ad7,jitter02,1,113.66561889648438
0,sid_calib,real,unknown,calib,917cf0f774cd5ad7,crop08,1,146.9808807373047
0,sid_calib,real,unknown,calib,98f436f914891bd7,clean,1,93.96061706542969
0,sid_calib,real,unknown,calib,98f436f914891bd7,jpeg90,1,94.51551055908203
0,sid_calib,real,unknown,calib,98f436f914891bd7,jpeg70,1,93.22541046142578
0,sid_calib,real,unknown,calib,98f436f914891bd7,jpeg50,1,94.41278076171875
0,sid_calib,real,unknown,calib,98f436f914891bd7,jpeg30,1,93.07460021972656
0,sid_calib,real,unknown,calib,98f436f914891bd7,blur05,1,94.11812591552734
0,sid_calib,real,unknown,calib,98f436f914891bd7,blur10,1,93.53917694091797
0,sid_calib,real,unknown,calib,98f436f914891bd7,blur20,1,76.79026794433594
0,sid_calib,real,unknown,calib,98f436f914891bd7,resize05,1,94.08206176757812
0,sid_calib,real,unknown,calib,98f436f914891bd7,resize025,1,76.5292739868164
0,sid_calib,real,unknown,calib,98f436f914891bd7,noise002,1,92.21360778808594
0,sid_calib,real,unknown,calib,98f436f914891bd7,noise005,1,79.15250396728516
0,sid_calib,real,unknown,calib,98f436f914891bd7,jitter02,1,93.81422424316406
0,sid_calib,real,unknown,calib,98f436f914891bd7,crop08,1,121.12591552734375
0,sid_calib,real,unknown,calib,e7bf3551ae36b992,clean,1,79.71054077148438
0,sid_calib,real,unknown,calib,e7bf3551ae36b992,jpeg90,1,79.8663101196289
0,sid_calib,real,unknown,calib,e7bf3551ae36b992,jpeg70,1,80.38804626464844
0,sid_calib,real,unknown,calib,e7bf3551ae36b992,jpeg50,1,83.70953369140625
0,sid_calib,real,unknown,calib,e7bf3551ae36b992,jpeg30,1,79.82707214355469
0,sid_calib,real,unknown,calib,e7bf3551ae36b992,blur05,1,79.77327728271484
0,sid_calib,real,unknown,calib,e7bf3551ae36b992,blur10,1,79.75022888183594
0,sid_calib,real,unknown,calib,e7bf3551ae36b992,blur20,1,83.93356323242188
0,sid_calib,real,unknown,calib,e7bf3551ae36b992,resize05,1,80.09143829345703
0,sid_calib,real,unknown,calib,e7bf3551ae36b992,resize025,1,83.5099868774414
0,sid_calib,real,unknown,calib,e7bf3551ae36b992,noise002,1,79.32074737548828
0,sid_calib,real,unknown,calib,e7bf3551ae36b992,noise005,1,79.85853576660156
0,sid_calib,real,unknown,calib,e7bf3551ae36b992,noise01,1,78.2745361328125
0,sid_calib,real,unknown,calib,e7bf3551ae36b992,jitter02,1,79.77874755859375
0,sid_calib,real,unknown,calib,e7bf3551ae36b992,crop08,1,99.21673583984375
0,sid_calib,real,unknown,calib,c18cacc3706c6126,crop08,1,67.57059478759766
0,sid_calib,real,unknown,calib,13e0ad8f494acf1f,clean,1,142.30226135253906
0,sid_calib,real,unknown,calib,13e0ad8f494acf1f,jpeg90,1,142.4184112548828
0,sid_calib,real,unknown,calib,13e0ad8f494acf1f,jpeg70,1,142.39492797851562
0,sid_calib,real,unknown,calib,13e0ad8f494acf1f,jpeg50,1,143.5238494873047
0,sid_calib,real,unknown,calib,13e0ad8f494acf1f,jpeg30,1,141.5703125
0,sid_calib,real,unknown,calib,13e0ad8f494acf1f,blur05,1,142.96240234375
0,sid_calib,real,unknown,calib,13e0ad8f494acf1f,blur10,1,142.52554321289062
0,sid_calib,real,unknown,calib,13e0ad8f494acf1f,blur20,1,141.06114196777344
0,sid_calib,real,unknown,calib,13e0ad8f494acf1f,resize05,1,143.2923126220703
0,sid_calib,real,unknown,calib,13e0ad8f494acf1f,resize025,1,142.69041442871094
0,sid_calib,real,unknown,calib,13e0ad8f494acf1f,noise002,1,141.68846130371094
0,sid_calib,real,unknown,calib,13e0ad8f494acf1f,noise005,1,142.83831787109375
0,sid_calib,real,unknown,calib,13e0ad8f494acf1f,jitter02,1,141.97145080566406
0,sid_calib,real,unknown,calib,13e0ad8f494acf1f,crop08,1,182.39324951171875
1,sid_calib,full_synthetic,unknown,calib,cde6850a5171a9d8,clean,1,157.86898803710938
1,sid_calib,full_synthetic,unknown,calib,cde6850a5171a9d8,jpeg90,1,156.90518188476562
1,sid_calib,full_synthetic,unknown,calib,cde6850a5171a9d8,jpeg70,1,157.20904541015625
1,sid_calib,full_synthetic,unknown,calib,cde6850a5171a9d8,jpeg50,1,156.19085693359375
1,sid_calib,full_synthetic,unknown,calib,cde6850a5171a9d8,jpeg30,1,155.89300537109375
1,sid_calib,full_synthetic,unknown,calib,cde6850a5171a9d8,blur05,1,157.83087158203125
1,sid_calib,full_synthetic,unknown,calib,cde6850a5171a9d8,blur10,1,157.47589111328125
1,sid_calib,full_synthetic,unknown,calib,cde6850a5171a9d8,blur20,1,157.9665069580078
1,sid_calib,full_synthetic,unknown,calib,cde6850a5171a9d8,resize05,1,157.1548614501953
1,sid_calib,full_synthetic,unknown,calib,cde6850a5171a9d8,resize025,1,158.47283935546875
1,sid_calib,full_synthetic,unknown,calib,cde6850a5171a9d8,noise002,1,155.67774963378906
1,sid_calib,full_synthetic,unknown,calib,cde6850a5171a9d8,noise005,1,157.1305694580078
1,sid_calib,full_synthetic,unknown,calib,cde6850a5171a9d8,noise01,1,162.4456024169922
1,sid_calib,full_synthetic,unknown,calib,cde6850a5171a9d8,jitter02,1,156.44483947753906
1,sid_calib,full_synthetic,unknown,calib,cde6850a5171a9d8,crop08,1,205.0144805908203
1,sid_calib,full_synthetic,unknown,calib,a6c89e1c95c3f287,clean,1,192.2340850830078
1,sid_calib,full_synthetic,unknown,calib,a6c89e1c95c3f287,jpeg90,1,192.87388610839844
1,sid_calib,full_synthetic,unknown,calib,a6c89e1c95c3f287,jpeg70,1,193.2633056640625
1,sid_calib,full_synthetic,unknown,calib,a6c89e1c95c3f287,jpeg50,1,194.56431579589844
1,sid_calib,full_synthetic,unknown,calib,a6c89e1c95c3f287,jpeg30,1,194.56431579589844
1,sid_calib,full_synthetic,unknown,calib,a6c89e1c95c3f287,blur05,1,192.16049194335938
1,sid_calib,full_synthetic,unknown,calib,a6c89e1c95c3f287,blur10,1,191.83326721191406
1,sid_calib,full_synthetic,unknown,calib,a6c89e1c95c3f287,blur20,1,193.2827606201172
1,sid_calib,full_synthetic,unknown,calib,a6c89e1c95c3f287,resize05,1,191.69757080078125
1,sid_calib,full_synthetic,unknown,calib,a6c89e1c95c3f287,resize025,1,192.2826690673828
1,sid_calib,full_synthetic,unknown,calib,a6c89e1c95c3f287,noise002,1,193.3963165283203
1,sid_calib,full_synthetic,unknown,calib,a6c89e1c95c3f287,noise005,1,196.82843017578125
1,sid_calib,full_synthetic,unknown,calib,a6c89e1c95c3f287,noise01,1,199.19102478027344
1,sid_calib,full_synthetic,unknown,calib,a6c89e1c95c3f287,jitter02,1,191.43734741210938
1,sid_calib,full_synthetic,unknown,calib,a6c89e1c95c3f287,crop08,1,247.80584716796875
0,sid_calib,real,unknown,calib,d0c0eb590a91fa4e,crop08,1,78.8699951171875
1,sid_calib,full_synthetic,unknown,calib,437ca93bcb5d4127,crop08,1,69.99983978271484
0,sid_calib,real,unknown,calib,71a12e7382a25437,crop08,1,70.25506591796875
1,sid_calib,full_synthetic,unknown,calib,78c4fc457bf18158,clean,1,179.70285034179688
1,sid_calib,full_synthetic,unknown,calib,78c4fc457bf18158,jpeg90,1,180.08871459960938
1,sid_calib,full_synthetic,unknown,calib,78c4fc457bf18158,jpeg70,1,180.90174865722656
1,sid_calib,full_synthetic,unknown,calib,78c4fc457bf18158,jpeg50,1,179.62965393066406
1,sid_calib,full_synthetic,unknown,calib,78c4fc457bf18158,jpeg30,1,180.49620056152344
1,sid_calib,full_synthetic,unknown,calib,78c4fc457bf18158,blur05,1,179.75830078125
1,sid_calib,full_synthetic,unknown,calib,78c4fc457bf18158,blur10,1,180.57493591308594
1,sid_calib,full_synthetic,unknown,calib,78c4fc457bf18158,blur20,1,179.56790161132812
1,sid_calib,full_synthetic,unknown,calib,78c4fc457bf18158,resize05,1,179.93565368652344
1,sid_calib,full_synthetic,unknown,calib,78c4fc457bf18158,resize025,1,179.70465087890625
1,sid_calib,full_synthetic,unknown,calib,78c4fc457bf18158,noise002,1,179.28759765625
1,sid_calib,full_synthetic,unknown,calib,78c4fc457bf18158,noise005,1,180.22496032714844
1,sid_calib,full_synthetic,unknown,calib,78c4fc457bf18158,noise01,1,189.72079467773438
1,sid_calib,full_synthetic,unknown,calib,78c4fc457bf18158,jitter02,1,179.04054260253906
1,sid_calib,full_synthetic,unknown,calib,78c4fc457bf18158,crop08,1,226.02125549316406
1,sid_calib,full_synthetic,unknown,calib,a8854e11fc78885d,clean,1,172.74546813964844
1,sid_calib,full_synthetic,unknown,calib,a8854e11fc78885d,jpeg90,1,173.60665893554688
1,sid_calib,full_synthetic,unknown,calib,a8854e11fc78885d,jpeg70,1,174.4114227294922
1,sid_calib,full_synthetic,unknown,calib,a8854e11fc78885d,jpeg50,1,173.95103454589844
1,sid_calib,full_synthetic,unknown,calib,a8854e11fc78885d,jpeg30,1,174.61830139160156
1,sid_calib,full_synthetic,unknown,calib,a8854e11fc78885d,blur05,1,172.6820526123047
1,sid_calib,full_synthetic,unknown,calib,a8854e11fc78885d,blur10,1,170.77883911132812
1,sid_calib,full_synthetic,unknown,calib,a8854e11fc78885d,blur20,1,173.6081085205078
1,sid_calib,full_synthetic,unknown,calib,a8854e11fc78885d,resize05,1,169.74517822265625
1,sid_calib,full_synthetic,unknown,calib,a8854e11fc78885d,resize025,1,173.28121948242188
1,sid_calib,full_synthetic,unknown,calib,a8854e11fc78885d,noise002,1,174.1523895263672
1,sid_calib,full_synthetic,unknown,calib,a8854e11fc78885d,noise005,1,175.4717559814453
1,sid_calib,full_synthetic,unknown,calib,a8854e11fc78885d,jitter02,1,171.44602966308594
1,sid_calib,full_synthetic,unknown,calib,a8854e11fc78885d,crop08,1,213.09017944335938
0,sid_calib,real,unknown,calib,dbacfacabcaa7a69,clean,1,68.78640747070312
0,sid_calib,real,unknown,calib,dbacfacabcaa7a69,jpeg90,1,68.7836685180664
0,sid_calib,real,unknown,calib,dbacfacabcaa7a69,jpeg70,1,68.87665557861328
0,sid_calib,real,unknown,calib,dbacfacabcaa7a69,jpeg50,1,68.76627349853516
0,sid_calib,real,unknown,calib,dbacfacabcaa7a69,blur05,1,68.83033752441406
0,sid_calib,real,unknown,calib,dbacfacabcaa7a69,blur10,1,68.91915893554688
0,sid_calib,real,unknown,calib,dbacfacabcaa7a69,resize05,1,69.04570770263672
0,sid_calib,real,unknown,calib,dbacfacabcaa7a69,resize025,1,69.90434265136719
0,sid_calib,real,unknown,calib,dbacfacabcaa7a69,noise002,1,68.7449951171875
0,sid_calib,real,unknown,calib,dbacfacabcaa7a69,jitter02,1,68.94219207763672
0,sid_calib,real,unknown,calib,dbacfacabcaa7a69,crop08,1,90.56593322753906
0,sid_calib,real,unknown,calib,365ecf1e55c91f79,blur20,1,88.04359436035156
0,sid_calib,real,unknown,calib,365ecf1e55c91f79,resize025,1,87.51819610595703
0,sid_calib,real,unknown,calib,365ecf1e55c91f79,crop08,1,110.94915008544922
0,sid_calib,real,unknown,calib,930455535b01208c,crop08,1,76.08077239990234
0,sid_calib,real,unknown,calib,949cf84712eb4918,crop08,1,71.03372955322266
0,sid_calib,real,unknown,calib,e7fcdb4bd8a97e92,clean,1,87.60858154296875
0,sid_calib,real,unknown,calib,e7fcdb4bd8a97e92,jpeg90,1,87.09087371826172
0,sid_calib,real,unknown,calib,e7fcdb4bd8a97e92,jpeg70,1,87.12692260742188
0,sid_calib,real,unknown,calib,e7fcdb4bd8a97e92,jpeg50,1,86.77989196777344
0,sid_calib,real,unknown,calib,e7fcdb4bd8a97e92,jpeg30,1,86.43938446044922
0,sid_calib,real,unknown,calib,e7fcdb4bd8a97e92,blur05,1,87.6209487915039
0,sid_calib,real,unknown,calib,e7fcdb4bd8a97e92,blur10,1,86.59515380859375
0,sid_calib,real,unknown,calib,e7fcdb4bd8a97e92,blur20,1,84.8341293334961
0,sid_calib,real,unknown,calib,e7fcdb4bd8a97e92,resize05,1,87.47137451171875
0,sid_calib,real,unknown,calib,e7fcdb4bd8a97e92,resize025,1,86.16210174560547
0,sid_calib,real,unknown,calib,e7fcdb4bd8a97e92,noise002,1,86.92234802246094
0,sid_calib,real,unknown,calib,e7fcdb4bd8a97e92,noise005,1,87.06906127929688
0,sid_calib,real,unknown,calib,e7fcdb4bd8a97e92,noise01,1,80.82744598388672
0,sid_calib,real,unknown,calib,e7fcdb4bd8a97e92,jitter02,1,87.22136688232422
0,sid_calib,real,unknown,calib,e7fcdb4bd8a97e92,crop08,1,135.06175231933594
0,sid_calib,real,unknown,calib,ac323dccd80af7cf,clean,1,77.00804138183594
0,sid_calib,real,unknown,calib,ac323dccd80af7cf,jpeg90,1,77.07868957519531
0,sid_calib,real,unknown,calib,ac323dccd80af7cf,jpeg70,1,76.80042266845703
0,sid_calib,real,unknown,calib,ac323dccd80af7cf,jpeg50,1,77.53767395019531
0,sid_calib,real,unknown,calib,ac323dccd80af7cf,jpeg30,1,74.68701171875
0,sid_calib,real,unknown,calib,ac323dccd80af7cf,blur05,1,77.2102279663086
0,sid_calib,real,unknown,calib,ac323dccd80af7cf,blur10,1,77.38343811035156
0,sid_calib,real,unknown,calib,ac323dccd80af7cf,blur20,1,77.11626434326172
0,sid_calib,real,unknown,calib,ac323dccd80af7cf,resize05,1,77.33268737792969
0,sid_calib,real,unknown,calib,ac323dccd80af7cf,resize025,1,77.33846282958984
0,sid_calib,real,unknown,calib,ac323dccd80af7cf,noise002,1,76.9029541015625
0,sid_calib,real,unknown,calib,ac323dccd80af7cf,noise005,1,76.77458953857422
0,sid_calib,real,unknown,calib,ac323dccd80af7cf,noise01,1,75.05381774902344
0,sid_calib,real,unknown,calib,ac323dccd80af7cf,jitter02,1,76.96514892578125
1,sid_calib,full_synthetic,unknown,calib,50b7d36c9188aeb0,clean,1,100.2563247680664
1,sid_calib,full_synthetic,unknown,calib,50b7d36c9188aeb0,jpeg90,1,100.48928833007812
1,sid_calib,full_synthetic,unknown,calib,50b7d36c9188aeb0,jpeg70,1,99.85943603515625
1,sid_calib,full_synthetic,unknown,calib,50b7d36c9188aeb0,jpeg50,1,99.9970703125
1,sid_calib,full_synthetic,unknown,calib,50b7d36c9188aeb0,jpeg30,1,103.155029296875
1,sid_calib,full_synthetic,unknown,calib,50b7d36c9188aeb0,blur05,1,100.14397430419922
1,sid_calib,full_synthetic,unknown,calib,50b7d36c9188aeb0,blur10,1,99.79206085205078
1,sid_calib,full_synthetic,unknown,calib,50b7d36c9188aeb0,blur20,1,98.83087158203125
1,sid_calib,full_synthetic,unknown,calib,50b7d36c9188aeb0,resize05,1,99.94165802001953
1,sid_calib,full_synthetic,unknown,calib,50b7d36c9188aeb0,resize025,1,99.82929992675781
1,sid_calib,full_synthetic,unknown,calib,50b7d36c9188aeb0,noise002,1,99.7732162475586
1,sid_calib,full_synthetic,unknown,calib,50b7d36c9188aeb0,noise005,1,101.46861267089844
1,sid_calib,full_synthetic,unknown,calib,50b7d36c9188aeb0,noise01,1,100.71859741210938
1,sid_calib,full_synthetic,unknown,calib,50b7d36c9188aeb0,jitter02,1,100.17231750488281
1,sid_calib,full_synthetic,unknown,calib,50b7d36c9188aeb0,crop08,1,134.07151794433594
0,sid_calib,real,unknown,calib,a28e26dff565e25f,clean,1,98.83100128173828
0,sid_calib,real,unknown,calib,a28e26dff565e25f,jpeg90,1,98.92062377929688
0,sid_calib,real,unknown,calib,a28e26dff565e25f,jpeg70,1,99.21267700195312
0,sid_calib,real,unknown,calib,a28e26dff565e25f,jpeg50,1,98.357421875
0,sid_calib,real,unknown,calib,a28e26dff565e25f,jpeg30,1,97.6065902709961
0,sid_calib,real,unknown,calib,a28e26dff565e25f,blur05,1,98.51168060302734
0,sid_calib,real,unknown,calib,a28e26dff565e25f,blur10,1,98.08458709716797
0,sid_calib,real,unknown,calib,a28e26dff565e25f,blur20,1,93.85484313964844
0,sid_calib,real,unknown,calib,a28e26dff565e25f,resize05,1,98.62786102294922
0,sid_calib,real,unknown,calib,a28e26dff565e25f,resize025,1,94.05237579345703
0,sid_calib,real,unknown,calib,a28e26dff565e25f,noise002,1,98.82974243164062
0,sid_calib,real,unknown,calib,a28e26dff565e25f,noise005,1,99.6665267944336
0,sid_calib,real,unknown,calib,a28e26dff565e25f,noise01,1,98.7018051147461
0,sid_calib,real,unknown,calib,a28e26dff565e25f,jitter02,1,99.5314712524414
0,sid_calib,real,unknown,calib,a28e26dff565e25f,crop08,1,121.60274505615234
0,sid_calib,real,unknown,calib,d538dffd5fcdfd2a,clean,1,117.70284271240234
0,sid_calib,real,unknown,calib,d538dffd5fcdfd2a,jpeg90,1,117.0826187133789
0,sid_calib,real,unknown,calib,d538dffd5fcdfd2a,jpeg70,1,117.47718811035156
0,sid_calib,real,unknown,calib,d538dffd5fcdfd2a,jpeg50,1,116.72159576416016
0,sid_calib,real,unknown,calib,d538dffd5fcdfd2a,jpeg30,1,118.14464569091797
0,sid_calib,real,unknown,calib,d538dffd5fcdfd2a,blur05,1,116.9432144165039
0,sid_calib,real,unknown,calib,d538dffd5fcdfd2a,blur10,1,113.0136947631836
0,sid_calib,real,unknown,calib,d538dffd5fcdfd2a,blur20,1,108.99778747558594
0,sid_calib,real,unknown,calib,d538dffd5fcdfd2a,resize05,1,117.00342559814453
0,sid_calib,real,unknown,calib,d538dffd5fcdfd2a,resize025,1,109.18095397949219
0,sid_calib,real,unknown,calib,d538dffd5fcdfd2a,noise002,1,117.53678894042969
0,sid_calib,real,unknown,calib,d538dffd5fcdfd2a,noise005,1,121.24712371826172
0,sid_calib,real,unknown,calib,d538dffd5fcdfd2a,noise01,1,119.36198425292969
0,sid_calib,real,unknown,calib,d538dffd5fcdfd2a,jitter02,1,116.93836212158203
0,sid_calib,real,unknown,calib,d538dffd5fcdfd2a,crop08,1,144.06529235839844
1,sid_calib,full_synthetic,unknown,calib,e042e5803acb5b2e,clean,1,65.01668548583984
1,sid_calib,full_synthetic,unknown,calib,e042e5803acb5b2e,jpeg90,1,66.72875213623047
1,sid_calib,full_synthetic,unknown,calib,e042e5803acb5b2e,jpeg70,1,67.04721069335938
1,sid_calib,full_synthetic,unknown,calib,e042e5803acb5b2e,jpeg50,1,65.07756042480469
1,sid_calib,full_synthetic,unknown,calib,e042e5803acb5b2e,jpeg30,1,66.44718933105469
1,sid_calib,full_synthetic,unknown,calib,e042e5803acb5b2e,blur05,1,65.0609359741211
1,sid_calib,full_synthetic,unknown,calib,e042e5803acb5b2e,blur10,1,65.34978485107422
1,sid_calib,full_synthetic,unknown,calib,e042e5803acb5b2e,blur20,1,68.41018676757812
1,sid_calib,full_synthetic,unknown,calib,e042e5803acb5b2e,resize05,1,67.12163543701172
1,sid_calib,full_synthetic,unknown,calib,e042e5803acb5b2e,resize025,1,67.06962585449219
1,sid_calib,full_synthetic,unknown,calib,e042e5803acb5b2e,noise002,1,66.83565521240234
1,sid_calib,full_synthetic,unknown,calib,e042e5803acb5b2e,noise005,1,66.25119018554688
1,sid_calib,full_synthetic,unknown,calib,e042e5803acb5b2e,noise01,1,64.56653594970703
1,sid_calib,full_synthetic,unknown,calib,e042e5803acb5b2e,jitter02,1,66.87724304199219
1,sid_calib,full_synthetic,unknown,calib,e042e5803acb5b2e,crop08,1,79.34190368652344
0,sid_calib,real,unknown,calib,522e07912d75d5c3,crop08,1,69.9088363647461
0,sid_calib,real,unknown,calib,1f211a2ee2453da9,crop08,1,81.30010986328125
1,sid_calib,full_synthetic,unknown,calib,b9fcc2a87234ada8,clean,1,96.53820037841797
1,sid_calib,full_synthetic,unknown,calib,b9fcc2a87234ada8,jpeg90,1,96.20423126220703
1,sid_calib,full_synthetic,unknown,calib,b9fcc2a87234ada8,jpeg70,1,95.70895385742188
1,sid_calib,full_synthetic,unknown,calib,b9fcc2a87234ada8,jpeg50,1,95.97313690185547
1,sid_calib,full_synthetic,unknown,calib,b9fcc2a87234ada8,jpeg30,1,96.41368865966797
1,sid_calib,full_synthetic,unknown,calib,b9fcc2a87234ada8,blur05,1,96.01737213134766
1,sid_calib,full_synthetic,unknown,calib,b9fcc2a87234ada8,blur10,1,94.9587631225586
1,sid_calib,full_synthetic,unknown,calib,b9fcc2a87234ada8,blur20,1,93.5388412475586
1,sid_calib,full_synthetic,unknown,calib,b9fcc2a87234ada8,resize05,1,95.60519409179688
1,sid_calib,full_synthetic,unknown,calib,b9fcc2a87234ada8,resize025,1,93.87242126464844
1,sid_calib,full_synthetic,unknown,calib,b9fcc2a87234ada8,noise002,1,95.81499481201172
1,sid_calib,full_synthetic,unknown,calib,b9fcc2a87234ada8,noise005,1,94.63262939453125
1,sid_calib,full_synthetic,unknown,calib,b9fcc2a87234ada8,noise01,1,89.68144989013672
1,sid_calib,full_synthetic,unknown,calib,b9fcc2a87234ada8,jitter02,1,96.30540466308594
1,sid_calib,full_synthetic,unknown,calib,b9fcc2a87234ada8,crop08,1,112.39092254638672
0,sid_calib,real,unknown,calib,e1c0bf35c53fffc5,clean,1,132.35244750976562
0,sid_calib,real,unknown,calib,e1c0bf35c53fffc5,jpeg90,1,132.71957397460938
0,sid_calib,real,unknown,calib,e1c0bf35c53fffc5,jpeg70,1,132.14674377441406
0,sid_calib,real,unknown,calib,e1c0bf35c53fffc5,jpeg50,1,130.84906005859375
0,sid_calib,real,unknown,calib,e1c0bf35c53fffc5,jpeg30,1,131.41441345214844
0,sid_calib,real,unknown,calib,e1c0bf35c53fffc5,blur05,1,132.727294921875
0,sid_calib,real,unknown,calib,e1c0bf35c53fffc5,blur10,1,134.0733642578125
0,sid_calib,real,unknown,calib,e1c0bf35c53fffc5,blur20,1,133.3631591796875
0,sid_calib,real,unknown,calib,e1c0bf35c53fffc5,resize05,1,133.3050537109375
0,sid_calib,real,unknown,calib,e1c0bf35c53fffc5,resize025,1,134.26104736328125
0,sid_calib,real,unknown,calib,e1c0bf35c53fffc5,noise002,1,131.28091430664062
0,sid_calib,real,unknown,calib,e1c0bf35c53fffc5,noise005,1,132.08035278320312
0,sid_calib,real,unknown,calib,e1c0bf35c53fffc5,noise01,1,131.8041229248047
0,sid_calib,real,unknown,calib,e1c0bf35c53fffc5,jitter02,1,132.39007568359375
0,sid_calib,real,unknown,calib,e1c0bf35c53fffc5,crop08,1,159.4449462890625
0,sid_calib,real,unknown,calib,864fe39e5349ea15,clean,1,120.07670593261719
0,sid_calib,real,unknown,calib,864fe39e5349ea15,jpeg90,1,120.1745376586914
0,sid_calib,real,unknown,calib,864fe39e5349ea15,jpeg70,1,120.14334106445312
0,sid_calib,real,unknown,calib,864fe39e5349ea15,jpeg50,1,119.4859848022461
0,sid_calib,real,unknown,calib,864fe39e5349ea15,jpeg30,1,119.55821990966797
0,sid_calib,real,unknown,calib,864fe39e5349ea15,blur05,1,120.11687469482422
0,sid_calib,real,unknown,calib,864fe39e5349ea15,blur10,1,119.6161880493164
0,sid_calib,real,unknown,calib,864fe39e5349ea15,blur20,1,118.30677795410156
0,sid_calib,real,unknown,calib,864fe39e5349ea15,resize05,1,119.99443054199219
0,sid_calib,real,unknown,calib,864fe39e5349ea15,resize025,1,118.78616333007812
0,sid_calib,real,unknown,calib,864fe39e5349ea15,noise002,1,119.71589660644531
0,sid_calib,real,unknown,calib,864fe39e5349ea15,noise005,1,118.71070861816406
0,sid_calib,real,unknown,calib,864fe39e5349ea15,noise01,1,119.10707092285156
0,sid_calib,real,unknown,calib,864fe39e5349ea15,jitter02,1,117.88471984863281
0,sid_calib,real,unknown,calib,864fe39e5349ea15,crop08,1,150.59571838378906
1,sid_calib,full_synthetic,unknown,calib,848309fa690c62dd,noise002,1,283.404296875
1,sid_calib,full_synthetic,unknown,calib,f6dbd5c44f7a8666,clean,1,86.89053344726562
1,sid_calib,full_synthetic,unknown,calib,f6dbd5c44f7a8666,jpeg90,1,86.67303466796875
1,sid_calib,full_synthetic,unknown,calib,f6dbd5c44f7a8666,jpeg70,1,88.11011505126953
1,sid_calib,full_synthetic,unknown,calib,f6dbd5c44f7a8666,jpeg50,1,87.44009399414062
1,sid_calib,full_synthetic,unknown,calib,f6dbd5c44f7a8666,jpeg30,1,88.56259155273438
1,sid_calib,full_synthetic,unknown,calib,f6dbd5c44f7a8666,blur05,1,86.90200805664062
1,sid_calib,full_synthetic,unknown,calib,f6dbd5c44f7a8666,blur10,1,87.25570678710938
1,sid_calib,full_synthetic,unknown,calib,f6dbd5c44f7a8666,blur20,1,87.42870330810547
1,sid_calib,full_synthetic,unknown,calib,f6dbd5c44f7a8666,resize05,1,87.35846710205078
1,sid_calib,full_synthetic,unknown,calib,f6dbd5c44f7a8666,resize025,1,87.98551177978516
1,sid_calib,full_synthetic,unknown,calib,f6dbd5c44f7a8666,noise002,1,87.69669342041016
1,sid_calib,full_synthetic,unknown,calib,f6dbd5c44f7a8666,noise005,1,88.19702911376953
1,sid_calib,full_synthetic,unknown,calib,f6dbd5c44f7a8666,noise01,1,85.10301208496094
1,sid_calib,full_synthetic,unknown,calib,f6dbd5c44f7a8666,jitter02,1,87.46261596679688
1,sid_calib,full_synthetic,unknown,calib,f6dbd5c44f7a8666,crop08,1,111.82481384277344
0,sid_calib,real,unknown,calib,0e68bd7154a42789,clean,1,77.1673583984375
0,sid_calib,real,unknown,calib,0e68bd7154a42789,jpeg90,1,77.14043426513672
0,sid_calib,real,unknown,calib,0e68bd7154a42789,jpeg70,1,76.90850067138672
0,sid_calib,real,unknown,calib,0e68bd7154a42789,jpeg50,1,76.96966552734375
0,sid_calib,real,unknown,calib,0e68bd7154a42789,jpeg30,1,77.16710662841797
0,sid_calib,real,unknown,calib,0e68bd7154a42789,blur05,1,77.00348663330078
0,sid_calib,real,unknown,calib,0e68bd7154a42789,blur10,1,77.06769561767578
0,sid_calib,real,unknown,calib,0e68bd7154a42789,blur20,1,81.36408996582031
0,sid_calib,real,unknown,calib,0e68bd7154a42789,resize05,1,76.88969421386719
0,sid_calib,real,unknown,calib,0e68bd7154a42789,resize025,1,79.87808990478516
0,sid_calib,real,unknown,calib,0e68bd7154a42789,noise002,1,77.47418975830078
0,sid_calib,real,unknown,calib,0e68bd7154a42789,noise005,1,77.81720733642578
0,sid_calib,real,unknown,calib,0e68bd7154a42789,noise01,1,76.83472442626953
0,sid_calib,real,unknown,calib,0e68bd7154a42789,jitter02,1,76.81611633300781
0,sid_calib,real,unknown,calib,0e68bd7154a42789,crop08,1,96.65394592285156
1,sid_calib,full_synthetic,unknown,calib,d1003e1d47df5de5,clean,1,66.45362091064453
1,sid_calib,full_synthetic,unknown,calib,d1003e1d47df5de5,jpeg90,1,66.69395446777344
1,sid_calib,full_synthetic,unknown,calib,d1003e1d47df5de5,jpeg70,1,67.02603912353516
1,sid_calib,full_synthetic,unknown,calib,d1003e1d47df5de5,jpeg50,1,67.08126831054688
1,sid_calib,full_synthetic,unknown,calib,d1003e1d47df5de5,jpeg30,1,67.56723022460938
1,sid_calib,full_synthetic,unknown,calib,d1003e1d47df5de5,blur05,1,66.61908721923828
1,sid_calib,full_synthetic,unknown,calib,d1003e1d47df5de5,blur10,1,66.93251037597656
1,sid_calib,full_synthetic,unknown,calib,d1003e1d47df5de5,blur20,1,69.20014190673828
1,sid_calib,full_synthetic,unknown,calib,d1003e1d47df5de5,resize05,1,66.58221435546875
1,sid_calib,full_synthetic,unknown,calib,d1003e1d47df5de5,resize025,1,68.77301025390625
1,sid_calib,full_synthetic,unknown,calib,d1003e1d47df5de5,noise002,1,66.55055236816406
1,sid_calib,full_synthetic,unknown,calib,d1003e1d47df5de5,noise005,1,68.36933898925781
1,sid_calib,full_synthetic,unknown,calib,d1003e1d47df5de5,noise01,1,69.43051147460938
1,sid_calib,full_synthetic,unknown,calib,d1003e1d47df5de5,jitter02,1,66.31871795654297
1,sid_calib,full_synthetic,unknown,calib,d1003e1d47df5de5,crop08,1,84.37129974365234
0,sid_calib,real,unknown,calib,ba8b1991e5908516,clean,1,142.88290405273438
0,sid_calib,real,unknown,calib,ba8b1991e5908516,jpeg90,1,142.70208740234375
0,sid_calib,real,unknown,calib,ba8b1991e5908516,jpeg70,1,141.38003540039062
0,sid_calib,real,unknown,calib,ba8b1991e5908516,jpeg50,1,137.39642333984375
0,sid_calib,real,unknown,calib,ba8b1991e5908516,jpeg30,1,141.0010223388672
0,sid_calib,real,unknown,calib,ba8b1991e5908516,blur05,1,143.52781677246094
0,sid_calib,real,unknown,calib,ba8b1991e5908516,blur10,1,144.28903198242188
0,sid_calib,real,unknown,calib,ba8b1991e5908516,blur20,1,141.93307495117188
0,sid_calib,real,unknown,calib,ba8b1991e5908516,resize05,1,143.83482360839844
0,sid_calib,real,unknown,calib,ba8b1991e5908516,resize025,1,143.16049194335938
0,sid_calib,real,unknown,calib,ba8b1991e5908516,noise002,1,142.22601318359375
0,sid_calib,real,unknown,calib,ba8b1991e5908516,noise005,1,142.13082885742188
0,sid_calib,real,unknown,calib,ba8b1991e5908516,noise01,1,143.25299072265625
0,sid_calib,real,unknown,calib,ba8b1991e5908516,jitter02,1,143.09405517578125
0,sid_calib,real,unknown,calib,ba8b1991e5908516,crop08,1,164.89926147460938
0,sid_calib,real,unknown,calib,19903a86b5a735c3,clean,1,219.29197692871094
0,sid_calib,real,unknown,calib,19903a86b5a735c3,jpeg90,1,219.2197723388672
0,sid_calib,real,unknown,calib,19903a86b5a735c3,jpeg70,1,216.34584045410156
0,sid_calib,real,unknown,calib,19903a86b5a735c3,jpeg50,1,217.76658630371094
0,sid_calib,real,unknown,calib,19903a86b5a735c3,jpeg30,1,220.26669311523438
0,sid_calib,real,unknown,calib,19903a86b5a735c3,blur05,1,219.3404541015625
0,sid_calib,real,unknown,calib,19903a86b5a735c3,blur10,1,215.22683715820312
0,sid_calib,real,unknown,calib,19903a86b5a735c3,blur20,1,217.89141845703125
0,sid_calib,real,unknown,calib,19903a86b5a735c3,resize05,1,219.02122497558594
0,sid_calib,real,unknown,calib,19903a86b5a735c3,resize025,1,217.7466583251953
0,sid_calib,real,unknown,calib,19903a86b5a735c3,noise002,1,218.0634002685547
0,sid_calib,real,unknown,calib,19903a86b5a735c3,noise005,1,217.98782348632812
0,sid_calib,real,unknown,calib,19903a86b5a735c3,noise01,1,229.8580322265625
0,sid_calib,real,unknown,calib,19903a86b5a735c3,jitter02,1,218.04931640625
0,sid_calib,real,unknown,calib,19903a86b5a735c3,crop08,1,269.5093688964844
0,sid_calib,real,unknown,calib,8525b1a949cf38be,clean,1,75.04756164550781
0,sid_calib,real,unknown,calib,8525b1a949cf38be,jpeg90,1,75.24571228027344
0,sid_calib,real,unknown,calib,8525b1a949cf38be,jpeg70,1,74.70655822753906
0,sid_calib,real,unknown,calib,8525b1a949cf38be,jpeg50,1,74.09142303466797
0,sid_calib,real,unknown,calib,8525b1a949cf38be,jpeg30,1,75.89307403564453
0,sid_calib,real,unknown,calib,8525b1a949cf38be,blur05,1,74.8939437866211
0,sid_calib,real,unknown,calib,8525b1a949cf38be,blur10,1,74.84609985351562
0,sid_calib,real,unknown,calib,8525b1a949cf38be,resize05,1,74.84622955322266
0,sid_calib,real,unknown,calib,8525b1a949cf38be,resize025,1,76.31864929199219
0,sid_calib,real,unknown,calib,8525b1a949cf38be,noise002,1,74.72496032714844
0,sid_calib,real,unknown,calib,8525b1a949cf38be,jitter02,1,74.06092071533203
0,sid_calib,real,unknown,calib,8525b1a949cf38be,crop08,1,89.00336456298828
0,sid_calib,real,unknown,calib,2b4fc99cd0bf531c,clean,1,123.96570587158203
0,sid_calib,real,unknown,calib,2b4fc99cd0bf531c,jpeg90,1,125.4602279663086
0,sid_calib,real,unknown,calib,2b4fc99cd0bf531c,jpeg70,1,125.40382385253906
0,sid_calib,real,unknown,calib,2b4fc99cd0bf531c,jpeg50,1,123.30204010009766
0,sid_calib,real,unknown,calib,2b4fc99cd0bf531c,jpeg30,1,125.13622283935547
0,sid_calib,real,unknown,calib,2b4fc99cd0bf531c,blur05,1,123.89859771728516
0,sid_calib,real,unknown,calib,2b4fc99cd0bf531c,blur10,1,125.485595703125
0,sid_calib,real,unknown,calib,2b4fc99cd0bf531c,blur20,1,125.84968566894531
0,sid_calib,real,unknown,calib,2b4fc99cd0bf531c,resize05,1,125.22796630859375
0,sid_calib,real,unknown,calib,2b4fc99cd0bf531c,resize025,1,126.18995666503906
0,sid_calib,real,unknown,calib,2b4fc99cd0bf531c,noise002,1,124.33285522460938
0,sid_calib,real,unknown,calib,2b4fc99cd0bf531c,noise005,1,125.44046020507812
0,sid_calib,real,unknown,calib,2b4fc99cd0bf531c,noise01,1,124.58499145507812
0,sid_calib,real,unknown,calib,2b4fc99cd0bf531c,jitter02,1,123.68939971923828
0,sid_calib,real,unknown,calib,2b4fc99cd0bf531c,crop08,1,154.3771514892578
0,sid_calib,real,unknown,calib,36cdeb226bd3bee8,clean,1,232.3064727783203
0,sid_calib,real,unknown,calib,36cdeb226bd3bee8,jpeg90,1,231.8728485107422
0,sid_calib,real,unknown,calib,36cdeb226bd3bee8,jpeg70,1,233.28907775878906
0,sid_calib,real,unknown,calib,36cdeb226bd3bee8,jpeg50,1,233.97471618652344
0,sid_calib,real,unknown,calib,36cdeb226bd3bee8,jpeg30,1,231.99530029296875
0,sid_calib,real,unknown,calib,36cdeb226bd3bee8,blur05,1,231.5577850341797
0,sid_calib,real,unknown,calib,36cdeb226bd3bee8,blur10,1,231.5491485595703
0,sid_calib,real,unknown,calib,36cdeb226bd3bee8,blur20,1,229.44650268554688
0,sid_calib,real,unknown,calib,36cdeb226bd3bee8,resize05,1,231.0936279296875
0,sid_calib,real,unknown,calib,36cdeb226bd3bee8,resize025,1,230.99476623535156
0,sid_calib,real,unknown,calib,36cdeb226bd3bee8,noise002,1,230.62989807128906
0,sid_calib,real,unknown,calib,36cdeb226bd3bee8,noise005,1,234.64114379882812
0,sid_calib,real,unknown,calib,36cdeb226bd3bee8,noise01,1,248.73463439941406
0,sid_calib,real,unknown,calib,36cdeb226bd3bee8,jitter02,1,231.43031311035156
0,sid_calib,real,unknown,calib,36cdeb226bd3bee8,crop08,1,288.3118591308594
1,sid_calib,full_synthetic,unknown,calib,e819a090dc291769,clean,1,217.08912658691406
1,sid_calib,full_synthetic,unknown,calib,e819a090dc291769,jpeg90,1,216.9124298095703
1,sid_calib,full_synthetic,unknown,calib,e819a090dc291769,jpeg70,1,217.04891967773438
1,sid_calib,full_synthetic,unknown,calib,e819a090dc291769,jpeg50,1,216.80601501464844
1,sid_calib,full_synthetic,unknown,calib,e819a090dc291769,jpeg30,1,217.1832733154297
1,sid_calib,full_synthetic,unknown,calib,e819a090dc291769,blur05,1,216.95684814453125
1,sid_calib,full_synthetic,unknown,calib,e819a090dc291769,blur10,1,216.34872436523438
1,sid_calib,full_synthetic,unknown,calib,e819a090dc291769,blur20,1,214.47227478027344
1,sid_calib,full_synthetic,unknown,calib,e819a090dc291769,resize05,1,216.55801391601562
1,sid_calib,full_synthetic,unknown,calib,e819a090dc291769,resize025,1,215.68728637695312
1,sid_calib,full_synthetic,unknown,calib,e819a090dc291769,noise002,1,216.21517944335938
1,sid_calib,full_synthetic,unknown,calib,e819a090dc291769,noise005,1,216.31436157226562
1,sid_calib,full_synthetic,unknown,calib,e819a090dc291769,noise01,1,213.14508056640625
1,sid_calib,full_synthetic,unknown,calib,e819a090dc291769,jitter02,1,215.03372192382812
1,sid_calib,full_synthetic,unknown,calib,e819a090dc291769,crop08,1,267.3401184082031
0,sid_calib,real,unknown,calib,ba918f5d7e330457,clean,1,182.022216796875
0,sid_calib,real,unknown,calib,ba918f5d7e330457,jpeg90,1,182.55929565429688
0,sid_calib,real,unknown,calib,ba918f5d7e330457,jpeg70,1,181.7135467529297
0,sid_calib,real,unknown,calib,ba918f5d7e330457,jpeg50,1,182.99533081054688
0,sid_calib,real,unknown,calib,ba918f5d7e330457,jpeg30,1,182.11367797851562
0,sid_calib,real,unknown,calib,ba918f5d7e330457,blur05,1,182.21282958984375
0,sid_calib,real,unknown,calib,ba918f5d7e330457,blur10,1,182.58877563476562
0,sid_calib,real,unknown,calib,ba918f5d7e330457,blur20,1,184.4469757080078
0,sid_calib,real,unknown,calib,ba918f5d7e330457,resize05,1,182.37486267089844
0,sid_calib,real,unknown,calib,ba918f5d7e330457,resize025,1,183.6695098876953
0,sid_calib,real,unknown,calib,ba918f5d7e330457,noise002,1,182.65701293945312
0,sid_calib,real,unknown,calib,ba918f5d7e330457,noise005,1,185.82716369628906
0,sid_calib,real,unknown,calib,ba918f5d7e330457,noise01,1,192.50372314453125
0,sid_calib,real,unknown,calib,ba918f5d7e330457,jitter02,1,181.94615173339844
0,sid_calib,real,unknown,calib,ba918f5d7e330457,crop08,1,232.31475830078125
1,sid_calib,full_synthetic,unknown,calib,8e9b84eb5f691c8f,clean,1,119.26449584960938
1,sid_calib,full_synthetic,unknown,calib,8e9b84eb5f691c8f,jpeg90,1,119.28895568847656
1,sid_calib,full_synthetic,unknown,calib,8e9b84eb5f691c8f,jpeg70,1,119.88893127441406
1,sid_calib,full_synthetic,unknown,calib,8e9b84eb5f691c8f,jpeg50,1,119.80475616455078
1,sid_calib,full_synthetic,unknown,calib,8e9b84eb5f691c8f,jpeg30,1,118.90077209472656
1,sid_calib,full_synthetic,unknown,calib,8e9b84eb5f691c8f,blur05,1,119.19175720214844
1,sid_calib,full_synthetic,unknown,calib,8e9b84eb5f691c8f,blur10,1,119.66832733154297
1,sid_calib,full_synthetic,unknown,calib,8e9b84eb5f691c8f,blur20,1,119.87998962402344
1,sid_calib,full_synthetic,unknown,calib,8e9b84eb5f691c8f,resize05,1,119.42631530761719
1,sid_calib,full_synthetic,unknown,calib,8e9b84eb5f691c8f,resize025,1,120.48713684082031
1,sid_calib,full_synthetic,unknown,calib,8e9b84eb5f691c8f,noise002,1,118.98831939697266
1,sid_calib,full_synthetic,unknown,calib,8e9b84eb5f691c8f,noise005,1,122.0918960571289
1,sid_calib,full_synthetic,unknown,calib,8e9b84eb5f691c8f,noise01,1,120.80440521240234
1,sid_calib,full_synthetic,unknown,calib,8e9b84eb5f691c8f,jitter02,1,118.76800537109375
1,sid_calib,full_synthetic,unknown,calib,8e9b84eb5f691c8f,crop08,1,151.73812866210938
1,sid_calib,full_synthetic,unknown,calib,ac4ca42f52c864e5,crop08,1,86.72117614746094
1,sid_calib,full_synthetic,unknown,calib,09d959260eabad27,clean,1,164.5914764404297
1,sid_calib,full_synthetic,unknown,calib,09d959260eabad27,jpeg90,1,165.0229949951172
1,sid_calib,full_synthetic,unknown,calib,09d959260eabad27,jpeg70,1,165.68460083007812
1,sid_calib,full_synthetic,unknown,calib,09d959260eabad27,jpeg50,1,165.71624755859375
1,sid_calib,full_synthetic,unknown,calib,09d959260eabad27,jpeg30,1,168.1321258544922
1,sid_calib,full_synthetic,unknown,calib,09d959260eabad27,blur05,1,165.0674591064453
1,sid_calib,full_synthetic,unknown,calib,09d959260eabad27,blur10,1,166.47415161132812
1,sid_calib,full_synthetic,unknown,calib,09d959260eabad27,blur20,1,174.02513122558594
1,sid_calib,full_synthetic,unknown,calib,09d959260eabad27,resize05,1,165.7532196044922
1,sid_calib,full_synthetic,unknown,calib,09d959260eabad27,resize025,1,175.43377685546875
1,sid_calib,full_synthetic,unknown,calib,09d959260eabad27,noise002,1,165.71580505371094
1,sid_calib,full_synthetic,unknown,calib,09d959260eabad27,noise005,1,171.32850646972656
1,sid_calib,full_synthetic,unknown,calib,09d959260eabad27,noise01,1,174.2629852294922
1,sid_calib,full_synthetic,unknown,calib,09d959260eabad27,jitter02,1,164.85015869140625
1,sid_calib,full_synthetic,unknown,calib,09d959260eabad27,crop08,1,214.62066650390625
1,sid_calib,full_synthetic,unknown,calib,5533e5ad2cd95368,clean,1,123.2236328125
1,sid_calib,full_synthetic,unknown,calib,5533e5ad2cd95368,jpeg90,1,123.03759765625
1,sid_calib,full_synthetic,unknown,calib,5533e5ad2cd95368,jpeg70,1,124.20486450195312
1,sid_calib,full_synthetic,unknown,calib,5533e5ad2cd95368,jpeg50,1,123.39908599853516
1,sid_calib,full_synthetic,unknown,calib,5533e5ad2cd95368,jpeg30,1,123.51040649414062
1,sid_calib,full_synthetic,unknown,calib,5533e5ad2cd95368,blur05,1,124.02337646484375
1,sid_calib,full_synthetic,unknown,calib,5533e5ad2cd95368,blur10,1,122.46754455566406
1,sid_calib,full_synthetic,unknown,calib,5533e5ad2cd95368,blur20,1,120.50313568115234
1,sid_calib,full_synthetic,unknown,calib,5533e5ad2cd95368,resize05,1,123.08706665039062
1,sid_calib,full_synthetic,unknown,calib,5533e5ad2cd95368,resize025,1,120.516845703125
1,sid_calib,full_synthetic,unknown,calib,5533e5ad2cd95368,noise002,1,123.07832336425781
1,sid_calib,full_synthetic,unknown,calib,5533e5ad2cd95368,noise005,1,122.84475708007812
1,sid_calib,full_synthetic,unknown,calib,5533e5ad2cd95368,noise01,1,122.05773162841797
1,sid_calib,full_synthetic,unknown,calib,5533e5ad2cd95368,jitter02,1,122.49213409423828
1,sid_calib,full_synthetic,unknown,calib,5533e5ad2cd95368,crop08,1,152.83218383789062
1,sid_calib,full_synthetic,unknown,calib,baec41d3f077ed08,clean,1,275.4770812988281
1,sid_calib,full_synthetic,unknown,calib,baec41d3f077ed08,jpeg90,1,275.6961364746094
1,sid_calib,full_synthetic,unknown,calib,baec41d3f077ed08,jpeg70,1,276.4523620605469
1,sid_calib,full_synthetic,unknown,calib,baec41d3f077ed08,jpeg50,1,274.9734191894531
1,sid_calib,full_synthetic,unknown,calib,baec41d3f077ed08,jpeg30,1,280.87261962890625
1,sid_calib,full_synthetic,unknown,calib,baec41d3f077ed08,blur05,1,275.21820068359375
1,sid_calib,full_synthetic,unknown,calib,baec41d3f077ed08,blur10,1,274.9443664550781
1,sid_calib,full_synthetic,unknown,calib,baec41d3f077ed08,blur20,1,271.67529296875
1,sid_calib,full_synthetic,unknown,calib,baec41d3f077ed08,resize05,1,274.8145751953125
1,sid_calib,full_synthetic,unknown,calib,baec41d3f077ed08,resize025,1,272.9427490234375
1,sid_calib,full_synthetic,unknown,calib,baec41d3f077ed08,noise002,1,280.0364685058594
1,sid_calib,full_synthetic,unknown,calib,baec41d3f077ed08,noise005,1,276.7691345214844
1,sid_calib,full_synthetic,unknown,calib,baec41d3f077ed08,noise01,1,283.6368408203125
1,sid_calib,full_synthetic,unknown,calib,baec41d3f077ed08,jitter02,1,274.0071716308594
1,sid_calib,full_synthetic,unknown,calib,baec41d3f077ed08,crop08,1,358.48822021484375
0,sid_calib,real,unknown,calib,15496d60af7add4b,clean,1,110.98973846435547
0,sid_calib,real,unknown,calib,15496d60af7add4b,jpeg90,1,111.08526611328125
0,sid_calib,real,unknown,calib,15496d60af7add4b,jpeg70,1,110.29438018798828
0,sid_calib,real,unknown,calib,15496d60af7add4b,jpeg50,1,110.76314544677734
0,sid_calib,real,unknown,calib,15496d60af7add4b,jpeg30,1,109.7398681640625
0,sid_calib,real,unknown,calib,15496d60af7add4b,blur05,1,110.92105102539062
0,sid_calib,real,unknown,calib,15496d60af7add4b,blur10,1,108.74830627441406
0,sid_calib,real,unknown,calib,15496d60af7add4b,blur20,1,108.10385131835938
0,sid_calib,real,unknown,calib,15496d60af7add4b,resize05,1,110.46985626220703
0,sid_calib,real,unknown,calib,15496d60af7add4b,resize025,1,107.96100616455078
0,sid_calib,real,unknown,calib,15496d60af7add4b,noise002,1,110.43437957763672
0,sid_calib,real,unknown,calib,15496d60af7add4b,noise005,1,110.06147766113281
0,sid_calib,real,unknown,calib,15496d60af7add4b,noise01,1,109.64891815185547
0,sid_calib,real,unknown,calib,15496d60af7add4b,jitter02,1,111.12510681152344
0,sid_calib,real,unknown,calib,15496d60af7add4b,crop08,1,140.9788360595703
0,sid_calib,real,unknown,calib,65c0cdae71242554,clean,1,208.10740661621094
0,sid_calib,real,unknown,calib,65c0cdae71242554,jpeg90,1,207.25863647460938
0,sid_calib,real,unknown,calib,65c0cdae71242554,jpeg70,1,207.49851989746094
0,sid_calib,real,unknown,calib,65c0cdae71242554,jpeg50,1,206.09107971191406
0,sid_calib,real,unknown,calib,65c0cdae71242554,jpeg30,1,207.000732421875
0,sid_calib,real,unknown,calib,65c0cdae71242554,blur05,1,207.89794921875
0,sid_calib,real,unknown,calib,65c0cdae71242554,blur10,1,206.1993408203125
0,sid_calib,real,unknown,calib,65c0cdae71242554,blur20,1,202.8646697998047
0,sid_calib,real,unknown,calib,65c0cdae71242554,resize05,1,206.86497497558594
0,sid_calib,real,unknown,calib,65c0cdae71242554,resize025,1,204.2397003173828
0,sid_calib,real,unknown,calib,65c0cdae71242554,noise002,1,207.89083862304688
0,sid_calib,real,unknown,calib,65c0cdae71242554,noise005,1,203.09326171875
0,sid_calib,real,unknown,calib,65c0cdae71242554,noise01,1,197.8537139892578
0,sid_calib,real,unknown,calib,65c0cdae71242554,jitter02,1,205.72348022460938
0,sid_calib,real,unknown,calib,65c0cdae71242554,crop08,1,248.61184692382812
0,sid_calib,real,unknown,calib,c9f157be2dd4dbe6,crop08,1,73.49302673339844
1,sid_calib,full_synthetic,unknown,calib,8ddc035832c5c7b7,clean,1,88.18627166748047
1,sid_calib,full_synthetic,unknown,calib,8ddc035832c5c7b7,jpeg90,1,88.48365783691406
1,sid_calib,full_synthetic,unknown,calib,8ddc035832c5c7b7,jpeg70,1,88.46959686279297
1,sid_calib,full_synthetic,unknown,calib,8ddc035832c5c7b7,jpeg50,1,87.49127197265625
1,sid_calib,full_synthetic,unknown,calib,8ddc035832c5c7b7,jpeg30,1,86.3056640625
1,sid_calib,full_synthetic,unknown,calib,8ddc035832c5c7b7,blur05,1,88.2485580444336
1,sid_calib,full_synthetic,unknown,calib,8ddc035832c5c7b7,blur10,1,88.28163146972656
1,sid_calib,full_synthetic,unknown,calib,8ddc035832c5c7b7,blur20,1,88.5379638671875
1,sid_calib,full_synthetic,unknown,calib,8ddc035832c5c7b7,resize05,1,88.20881652832031
1,sid_calib,full_synthetic,unknown,calib,8ddc035832c5c7b7,resize025,1,88.51487731933594
1,sid_calib,full_synthetic,unknown,calib,8ddc035832c5c7b7,noise002,1,88.08592987060547
1,sid_calib,full_synthetic,unknown,calib,8ddc035832c5c7b7,noise005,1,87.98454284667969
1,sid_calib,full_synthetic,unknown,calib,8ddc035832c5c7b7,jitter02,1,87.70339965820312
1,sid_calib,full_synthetic,unknown,calib,8ddc035832c5c7b7,crop08,1,110.29434204101562
0,sid_calib,real,unknown,calib,df084e29febc0fec,crop08,1,64.855712890625
0,sid_calib,real,unknown,calib,0f9e0a90fd45bead,clean,1,77.94845581054688
0,sid_calib,real,unknown,calib,0f9e0a90fd45bead,jpeg90,1,77.6333999633789
0,sid_calib,real,unknown,calib,0f9e0a90fd45bead,jpeg70,1,78.1927261352539
0,sid_calib,real,unknown,calib,0f9e0a90fd45bead,jpeg50,1,77.76469421386719
0,sid_calib,real,unknown,calib,0f9e0a90fd45bead,jpeg30,1,77.90119934082031
0,sid_calib,real,unknown,calib,0f9e0a90fd45bead,blur05,1,77.88322448730469
0,sid_calib,real,unknown,calib,0f9e0a90fd45bead,blur10,1,77.1520004272461
0,sid_calib,real,unknown,calib,0f9e0a90fd45bead,blur20,1,76.23410034179688
0,sid_calib,real,unknown,calib,0f9e0a90fd45bead,resize05,1,77.60244750976562
0,sid_calib,real,unknown,calib,0f9e0a90fd45bead,resize025,1,76.02025604248047
0,sid_calib,real,unknown,calib,0f9e0a90fd45bead,noise002,1,77.94770812988281
0,sid_calib,real,unknown,calib,0f9e0a90fd45bead,noise005,1,78.60271453857422
0,sid_calib,real,unknown,calib,0f9e0a90fd45bead,noise01,1,80.23772430419922
0,sid_calib,real,unknown,calib,0f9e0a90fd45bead,jitter02,1,77.89636993408203
0,sid_calib,real,unknown,calib,0f9e0a90fd45bead,crop08,1,94.34904479980469
1,sid_calib,full_synthetic,unknown,calib,296b21ede991ab76,clean,1,181.1593780517578
1,sid_calib,full_synthetic,unknown,calib,296b21ede991ab76,jpeg90,1,181.91046142578125
1,sid_calib,full_synthetic,unknown,calib,296b21ede991ab76,jpeg70,1,181.13619995117188
1,sid_calib,full_synthetic,unknown,calib,296b21ede991ab76,jpeg50,1,183.6306915283203
1,sid_calib,full_synthetic,unknown,calib,296b21ede991ab76,jpeg30,1,181.90750122070312
1,sid_calib,full_synthetic,unknown,calib,296b21ede991ab76,blur05,1,180.9149169921875
1,sid_calib,full_synthetic,unknown,calib,296b21ede991ab76,blur10,1,180.43899536132812
1,sid_calib,full_synthetic,unknown,calib,296b21ede991ab76,blur20,1,183.5260009765625
1,sid_calib,full_synthetic,unknown,calib,296b21ede991ab76,resize05,1,180.76132202148438
1,sid_calib,full_synthetic,unknown,calib,296b21ede991ab76,resize025,1,182.7032470703125
1,sid_calib,full_synthetic,unknown,calib,296b21ede991ab76,noise002,1,180.35769653320312
1,sid_calib,full_synthetic,unknown,calib,296b21ede991ab76,noise005,1,184.33265686035156
1,sid_calib,full_synthetic,unknown,calib,296b21ede991ab76,noise01,1,185.96214294433594
1,sid_calib,full_synthetic,unknown,calib,296b21ede991ab76,jitter02,1,180.71444702148438
1,sid_calib,full_synthetic,unknown,calib,296b21ede991ab76,crop08,1,242.0659637451172
0,sid_calib,real,unknown,calib,4a0397d6eb0f0b3c,crop08,1,74.59098052978516
0,sid_calib,real,unknown,calib,2e2a8fecce2ce487,clean,1,88.62294006347656
0,sid_calib,real,unknown,calib,2e2a8fecce2ce487,jpeg90,1,88.70716857910156
0,sid_calib,real,unknown,calib,2e2a8fecce2ce487,jpeg70,1,88.86138916015625
0,sid_calib,real,unknown,calib,2e2a8fecce2ce487,jpeg50,1,87.1502914428711
0,sid_calib,real,unknown,calib,2e2a8fecce2ce487,jpeg30,1,88.50714874267578
0,sid_calib,real,unknown,calib,2e2a8fecce2ce487,blur05,1,88.6600112915039
0,sid_calib,real,unknown,calib,2e2a8fecce2ce487,blur10,1,88.83220672607422
0,sid_calib,real,unknown,calib,2e2a8fecce2ce487,blur20,1,89.01914978027344
0,sid_calib,real,unknown,calib,2e2a8fecce2ce487,resize05,1,88.63627624511719
0,sid_calib,real,unknown,calib,2e2a8fecce2ce487,resize025,1,87.7486343383789
0,sid_calib,real,unknown,calib,2e2a8fecce2ce487,noise002,1,88.27872467041016
0,sid_calib,real,unknown,calib,2e2a8fecce2ce487,noise005,1,86.69435119628906
0,sid_calib,real,unknown,calib,2e2a8fecce2ce487,noise01,1,82.56478881835938
0,sid_calib,real,unknown,calib,2e2a8fecce2ce487,jitter02,1,88.1460189819336
0,sid_calib,real,unknown,calib,2e2a8fecce2ce487,crop08,1,115.68551635742188
1,sid_calib,full_synthetic,unknown,calib,e5ba0f82f34786fc,clean,1,83.47732543945312
1,sid_calib,full_synthetic,unknown,calib,e5ba0f82f34786fc,jpeg90,1,83.05086517333984
1,sid_calib,full_synthetic,unknown,calib,e5ba0f82f34786fc,jpeg70,1,83.162353515625
1,sid_calib,full_synthetic,unknown,calib,e5ba0f82f34786fc,jpeg50,1,83.07926177978516
1,sid_calib,full_synthetic,unknown,calib,e5ba0f82f34786fc,jpeg30,1,82.07787322998047
1,sid_calib,full_synthetic,unknown,calib,e5ba0f82f34786fc,blur05,1,83.80390930175781
1,sid_calib,full_synthetic,unknown,calib,e5ba0f82f34786fc,blur10,1,77.85965728759766
1,sid_calib,full_synthetic,unknown,calib,e5ba0f82f34786fc,blur20,1,80.29544067382812
1,sid_calib,full_synthetic,unknown,calib,e5ba0f82f34786fc,resize05,1,84.10919952392578
1,sid_calib,full_synthetic,unknown,calib,e5ba0f82f34786fc,resize025,1,83.44171142578125
1,sid_calib,full_synthetic,unknown,calib,e5ba0f82f34786fc,noise002,1,82.96173095703125
1,sid_calib,full_synthetic,unknown,calib,e5ba0f82f34786fc,noise005,1,77.18609619140625
1,sid_calib,full_synthetic,unknown,calib,e5ba0f82f34786fc,jitter02,1,84.01512908935547
1,sid_calib,full_synthetic,unknown,calib,e5ba0f82f34786fc,crop08,1,99.7806167602539
0,sid_calib,real,unknown,calib,d26aa8fe281b1cc9,clean,1,90.10269927978516
0,sid_calib,real,unknown,calib,d26aa8fe281b1cc9,jpeg90,1,90.20663452148438
0,sid_calib,real,unknown,calib,d26aa8fe281b1cc9,jpeg70,1,90.20663452148438
0,sid_calib,real,unknown,calib,d26aa8fe281b1cc9,jpeg50,1,90.20663452148438
0,sid_calib,real,unknown,calib,d26aa8fe281b1cc9,jpeg30,1,90.20663452148438
0,sid_calib,real,unknown,calib,d26aa8fe281b1cc9,blur05,1,93.59209442138672
0,sid_calib,real,unknown,calib,d26aa8fe281b1cc9,blur10,1,92.85449981689453
0,sid_calib,real,unknown,calib,d26aa8fe281b1cc9,blur20,1,87.4963607788086
0,sid_calib,real,unknown,calib,d26aa8fe281b1cc9,resize05,1,93.49573516845703
0,sid_calib,real,unknown,calib,d26aa8fe281b1cc9,resize025,1,89.18441772460938
0,sid_calib,real,unknown,calib,d26aa8fe281b1cc9,noise002,1,94.09968566894531
0,sid_calib,real,unknown,calib,d26aa8fe281b1cc9,noise005,1,93.13721466064453
0,sid_calib,real,unknown,calib,d26aa8fe281b1cc9,noise01,1,90.49769592285156
0,sid_calib,real,unknown,calib,d26aa8fe281b1cc9,jitter02,1,92.77072143554688
0,sid_calib,real,unknown,calib,d26aa8fe281b1cc9,crop08,1,114.54191589355469
0,sid_calib,real,unknown,calib,c89785d211289561,jpeg70,1,135.3949432373047
0,sid_calib,real,unknown,calib,c89785d211289561,jpeg30,1,133.40396118164062
0,sid_calib,real,unknown,calib,c89785d211289561,crop08,1,162.4265594482422
1,sid_calib,full_synthetic,unknown,calib,56d34bd5a687a92f,clean,1,70.80559539794922
1,sid_calib,full_synthetic,unknown,calib,56d34bd5a687a92f,jpeg90,1,70.803955078125
1,sid_calib,full_synthetic,unknown,calib,56d34bd5a687a92f,jpeg70,1,70.74124145507812
1,sid_calib,full_synthetic,unknown,calib,56d34bd5a687a92f,jpeg50,1,70.54615020751953
1,sid_calib,full_synthetic,unknown,calib,56d34bd5a687a92f,jpeg30,1,69.8429183959961
1,sid_calib,full_synthetic,unknown,calib,56d34bd5a687a92f,blur05,1,70.6982421875
1,sid_calib,full_synthetic,unknown,calib,56d34bd5a687a92f,blur10,1,70.1019515991211
1,sid_calib,full_synthetic,unknown,calib,56d34bd5a687a92f,blur20,1,70.41547393798828
1,sid_calib,full_synthetic,unknown,calib,56d34bd5a687a92f,resize05,1,70.41885375976562
1,sid_calib,full_synthetic,unknown,calib,56d34bd5a687a92f,resize025,1,69.87567138671875
1,sid_calib,full_synthetic,unknown,calib,56d34bd5a687a92f,noise002,1,71.16496276855469
1,sid_calib,full_synthetic,unknown,calib,56d34bd5a687a92f,noise005,1,70.13793182373047
1,sid_calib,full_synthetic,unknown,calib,56d34bd5a687a92f,noise01,1,67.52249908447266
1,sid_calib,full_synthetic,unknown,calib,56d34bd5a687a92f,jitter02,1,70.29631805419922
1,sid_calib,full_synthetic,unknown,calib,56d34bd5a687a92f,crop08,1,96.475830078125
0,sid_calib,real,unknown,calib,81a1c5e13e43ee32,clean,1,78.20568084716797
0,sid_calib,real,unknown,calib,81a1c5e13e43ee32,jpeg90,1,78.19659423828125
0,sid_calib,real,unknown,calib,81a1c5e13e43ee32,jpeg70,1,77.96146392822266
0,sid_calib,real,unknown,calib,81a1c5e13e43ee32,jpeg50,1,78.6079330444336
0,sid_calib,real,unknown,calib,81a1c5e13e43ee32,jpeg30,1,77.11378479003906
0,sid_calib,real,unknown,calib,81a1c5e13e43ee32,blur05,1,78.01278686523438
0,sid_calib,real,unknown,calib,81a1c5e13e43ee32,blur10,1,78.13146209716797
0,sid_calib,real,unknown,calib,81a1c5e13e43ee32,blur20,1,76.3712387084961
0,sid_calib,real,unknown,calib,81a1c5e13e43ee32,resize05,1,78.10293579101562
0,sid_calib,real,unknown,calib,81a1c5e13e43ee32,resize025,1,77.99142456054688
0,sid_calib,real,unknown,calib,81a1c5e13e43ee32,noise002,1,78.07300567626953
0,sid_calib,real,unknown,calib,81a1c5e13e43ee32,noise005,1,76.10281372070312
0,sid_calib,real,unknown,calib,81a1c5e13e43ee32,noise01,1,78.12263488769531
0,sid_calib,real,unknown,calib,81a1c5e13e43ee32,jitter02,1,79.5927734375
0,sid_calib,real,unknown,calib,81a1c5e13e43ee32,crop08,1,95.16827392578125
0,sid_calib,real,unknown,calib,43ce9ad0e9233d9d,clean,1,215.349609375
0,sid_calib,real,unknown,calib,43ce9ad0e9233d9d,jpeg90,1,216.33082580566406
0,sid_calib,real,unknown,calib,43ce9ad0e9233d9d,jpeg70,1,216.4548797607422
0,sid_calib,real,unknown,calib,43ce9ad0e9233d9d,jpeg50,1,217.13829040527344
0,sid_calib,real,unknown,calib,43ce9ad0e9233d9d,jpeg30,1,215.9795684814453
0,sid_calib,real,unknown,calib,43ce9ad0e9233d9d,blur05,1,215.89698791503906
0,sid_calib,real,unknown,calib,43ce9ad0e9233d9d,blur10,1,215.42124938964844
0,sid_calib,real,unknown,calib,43ce9ad0e9233d9d,blur20,1,212.18045043945312
0,sid_calib,real,unknown,calib,43ce9ad0e9233d9d,resize05,1,215.09771728515625
0,sid_calib,real,unknown,calib,43ce9ad0e9233d9d,resize025,1,213.88157653808594
0,sid_calib,real,unknown,calib,43ce9ad0e9233d9d,noise002,1,215.624267578125
0,sid_calib,real,unknown,calib,43ce9ad0e9233d9d,noise005,1,217.16647338867188
0,sid_calib,real,unknown,calib,43ce9ad0e9233d9d,noise01,1,212.0632781982422
0,sid_calib,real,unknown,calib,43ce9ad0e9233d9d,jitter02,1,214.06185913085938
0,sid_calib,real,unknown,calib,43ce9ad0e9233d9d,crop08,1,272.4947814941406
0,sid_calib,real,unknown,calib,c552e336783514ea,clean,1,73.26509857177734
0,sid_calib,real,unknown,calib,c552e336783514ea,jpeg90,1,73.46890258789062
0,sid_calib,real,unknown,calib,c552e336783514ea,jpeg70,1,73.18113708496094
0,sid_calib,real,unknown,calib,c552e336783514ea,jpeg50,1,72.0417251586914
0,sid_calib,real,unknown,calib,c552e336783514ea,jpeg30,1,72.52227020263672
0,sid_calib,real,unknown,calib,c552e336783514ea,blur05,1,73.27095031738281
0,sid_calib,real,unknown,calib,c552e336783514ea,blur10,1,72.89934539794922
0,sid_calib,real,unknown,calib,c552e336783514ea,blur20,1,70.67957305908203
0,sid_calib,real,unknown,calib,c552e336783514ea,resize05,1,73.26614379882812
0,sid_calib,real,unknown,calib,c552e336783514ea,resize025,1,71.27082824707031
0,sid_calib,real,unknown,calib,c552e336783514ea,noise002,1,72.97216033935547
0,sid_calib,real,unknown,calib,c552e336783514ea,noise005,1,73.73487091064453
0,sid_calib,real,unknown,calib,c552e336783514ea,noise01,1,72.33670806884766
0,sid_calib,real,unknown,calib,c552e336783514ea,jitter02,1,72.45108032226562
0,sid_calib,real,unknown,calib,c2ec715bcd0734c3,clean,1,75.61515808105469
0,sid_calib,real,unknown,calib,c2ec715bcd0734c3,jpeg90,1,75.69766235351562
0,sid_calib,real,unknown,calib,c2ec715bcd0734c3,jpeg70,1,75.19673156738281
0,sid_calib,real,unknown,calib,c2ec715bcd0734c3,jpeg50,1,76.64391326904297
0,sid_calib,real,unknown,calib,c2ec715bcd0734c3,jpeg30,1,74.91707611083984
0,sid_calib,real,unknown,calib,c2ec715bcd0734c3,blur05,1,75.76924133300781
0,sid_calib,real,unknown,calib,c2ec715bcd0734c3,blur10,1,75.70706939697266
0,sid_calib,real,unknown,calib,c2ec715bcd0734c3,resize05,1,75.83271789550781
0,sid_calib,real,unknown,calib,c2ec715bcd0734c3,noise002,1,75.86309814453125
0,sid_calib,real,unknown,calib,c2ec715bcd0734c3,noise005,1,74.96298217773438
0,sid_calib,real,unknown,calib,c2ec715bcd0734c3,jitter02,1,75.4005126953125
0,sid_calib,real,unknown,calib,c2ec715bcd0734c3,crop08,1,89.03980255126953
1,sid_calib,full_synthetic,unknown,calib,05fd7241a824f881,clean,1,185.43243408203125
1,sid_calib,full_synthetic,unknown,calib,05fd7241a824f881,jpeg90,1,185.22219848632812
1,sid_calib,full_synthetic,unknown,calib,05fd7241a824f881,jpeg70,1,185.04470825195312
1,sid_calib,full_synthetic,unknown,calib,05fd7241a824f881,jpeg50,1,185.5229034423828
1,sid_calib,full_synthetic,unknown,calib,05fd7241a824f881,jpeg30,1,184.66163635253906
1,sid_calib,full_synthetic,unknown,calib,05fd7241a824f881,blur05,1,185.662353515625
1,sid_calib,full_synthetic,unknown,calib,05fd7241a824f881,blur10,1,183.79095458984375
1,sid_calib,full_synthetic,unknown,calib,05fd7241a824f881,blur20,1,183.49737548828125
1,sid_calib,full_synthetic,unknown,calib,05fd7241a824f881,resize05,1,185.6023712158203
1,sid_calib,full_synthetic,unknown,calib,05fd7241a824f881,resize025,1,182.8999481201172
1,sid_calib,full_synthetic,unknown,calib,05fd7241a824f881,noise002,1,186.44439697265625
1,sid_calib,full_synthetic,unknown,calib,05fd7241a824f881,noise005,1,185.5762176513672
1,sid_calib,full_synthetic,unknown,calib,05fd7241a824f881,noise01,1,188.28427124023438
1,sid_calib,full_synthetic,unknown,calib,05fd7241a824f881,jitter02,1,180.8856201171875
1,sid_calib,full_synthetic,unknown,calib,05fd7241a824f881,crop08,1,230.98446655273438
1,sid_calib,full_synthetic,unknown,calib,e4a573e55f7b9d00,clean,1,140.17254638671875
1,sid_calib,full_synthetic,unknown,calib,e4a573e55f7b9d00,jpeg90,1,140.1919708251953
1,sid_calib,full_synthetic,unknown,calib,e4a573e55f7b9d00,jpeg70,1,140.3312225341797
1,sid_calib,full_synthetic,unknown,calib,e4a573e55f7b9d00,jpeg50,1,139.7637176513672
1,sid_calib,full_synthetic,unknown,calib,e4a573e55f7b9d00,jpeg30,1,138.84129333496094
1,sid_calib,full_synthetic,unknown,calib,e4a573e55f7b9d00,blur05,1,140.12530517578125
1,sid_calib,full_synthetic,unknown,calib,e4a573e55f7b9d00,blur10,1,139.73890686035156
1,sid_calib,full_synthetic,unknown,calib,e4a573e55f7b9d00,blur20,1,138.1813507080078
1,sid_calib,full_synthetic,unknown,calib,e4a573e55f7b9d00,resize05,1,140.0383758544922
1,sid_calib,full_synthetic,unknown,calib,e4a573e55f7b9d00,resize025,1,138.26242065429688
1,sid_calib,full_synthetic,unknown,calib,e4a573e55f7b9d00,noise002,1,139.41348266601562
1,sid_calib,full_synthetic,unknown,calib,e4a573e55f7b9d00,noise005,1,140.16748046875
1,sid_calib,full_synthetic,unknown,calib,e4a573e55f7b9d00,noise01,1,141.61973571777344
1,sid_calib,full_synthetic,unknown,calib,e4a573e55f7b9d00,jitter02,1,139.32801818847656
1,sid_calib,full_synthetic,unknown,calib,e4a573e55f7b9d00,crop08,1,184.98507690429688
0,sid_calib,real,unknown,calib,b5c8e667b6b16274,crop08,1,69.70719146728516
1,sid_calib,full_synthetic,unknown,calib,22d4805235baaf81,clean,1,232.58468627929688
1,sid_calib,full_synthetic,unknown,calib,22d4805235baaf81,jpeg90,1,232.84027099609375
1,sid_calib,full_synthetic,unknown,calib,22d4805235baaf81,jpeg70,1,233.33734130859375
1,sid_calib,full_synthetic,unknown,calib,22d4805235baaf81,jpeg50,1,234.5508575439453
1,sid_calib,full_synthetic,unknown,calib,22d4805235baaf81,jpeg30,1,234.17640686035156
1,sid_calib,full_synthetic,unknown,calib,22d4805235baaf81,blur05,1,232.57763671875
1,sid_calib,full_synthetic,unknown,calib,22d4805235baaf81,blur10,1,232.83871459960938
1,sid_calib,full_synthetic,unknown,calib,22d4805235baaf81,blur20,1,232.35508728027344
1,sid_calib,full_synthetic,unknown,calib,22d4805235baaf81,resize05,1,232.77279663085938
1,sid_calib,full_synthetic,unknown,calib,22d4805235baaf81,resize025,1,233.2897491455078
1,sid_calib,full_synthetic,unknown,calib,22d4805235baaf81,noise002,1,233.76930236816406
1,sid_calib,full_synthetic,unknown,calib,22d4805235baaf81,noise005,1,237.35556030273438
1,sid_calib,full_synthetic,unknown,calib,22d4805235baaf81,noise01,1,238.53475952148438
1,sid_calib,full_synthetic,unknown,calib,22d4805235baaf81,jitter02,1,235.88453674316406
1,sid_calib,full_synthetic,unknown,calib,22d4805235baaf81,crop08,1,298.8134460449219
0,sid_calib,real,unknown,calib,3a260dc9dd1fbed8,crop08,1,66.23492431640625
1,sid_calib,full_synthetic,unknown,calib,b1de05e77449e971,clean,1,155.13165283203125
1,sid_calib,full_synthetic,unknown,calib,b1de05e77449e971,jpeg90,1,155.12539672851562
1,sid_calib,full_synthetic,unknown,calib,b1de05e77449e971,jpeg70,1,155.5608367919922
1,sid_calib,full_synthetic,unknown,calib,b1de05e77449e971,jpeg50,1,156.1216278076172
1,sid_calib,full_synthetic,unknown,calib,b1de05e77449e971,jpeg30,1,151.2374725341797
1,sid_calib,full_synthetic,unknown,calib,b1de05e77449e971,blur05,1,155.22262573242188
1,sid_calib,full_synthetic,unknown,calib,b1de05e77449e971,blur10,1,154.77377319335938
1,sid_calib,full_synthetic,unknown,calib,b1de05e77449e971,blur20,1,152.28067016601562
1,sid_calib,full_synthetic,unknown,calib,b1de05e77449e971,resize05,1,154.97845458984375
1,sid_calib,full_synthetic,unknown,calib,b1de05e77449e971,resize025,1,153.39820861816406
1,sid_calib,full_synthetic,unknown,calib,b1de05e77449e971,noise002,1,151.31988525390625
1,sid_calib,full_synthetic,unknown,calib,b1de05e77449e971,noise005,1,155.8759307861328
1,sid_calib,full_synthetic,unknown,calib,b1de05e77449e971,noise01,1,152.31211853027344
1,sid_calib,full_synthetic,unknown,calib,b1de05e77449e971,jitter02,1,155.28736877441406
1,sid_calib,full_synthetic,unknown,calib,b1de05e77449e971,crop08,1,187.1904754638672
0,sid_calib,real,unknown,calib,f9a9d3269ae5eee8,clean,1,153.19857788085938
0,sid_calib,real,unknown,calib,f9a9d3269ae5eee8,jpeg90,1,150.46241760253906
0,sid_calib,real,unknown,calib,f9a9d3269ae5eee8,jpeg70,1,153.30044555664062
0,sid_calib,real,unknown,calib,f9a9d3269ae5eee8,jpeg50,1,149.20021057128906
0,sid_calib,real,unknown,calib,f9a9d3269ae5eee8,jpeg30,1,155.41696166992188
0,sid_calib,real,unknown,calib,f9a9d3269ae5eee8,blur05,1,153.34356689453125
0,sid_calib,real,unknown,calib,f9a9d3269ae5eee8,blur10,1,152.99073791503906
0,sid_calib,real,unknown,calib,f9a9d3269ae5eee8,blur20,1,138.90048217773438
0,sid_calib,real,unknown,calib,f9a9d3269ae5eee8,resize05,1,153.03021240234375
0,sid_calib,real,unknown,calib,f9a9d3269ae5eee8,resize025,1,154.3363800048828
0,sid_calib,real,unknown,calib,f9a9d3269ae5eee8,noise002,1,153.33523559570312
0,sid_calib,real,unknown,calib,f9a9d3269ae5eee8,noise005,1,151.91354370117188
0,sid_calib,real,unknown,calib,f9a9d3269ae5eee8,noise01,1,139.6334991455078
0,sid_calib,real,unknown,calib,f9a9d3269ae5eee8,jitter02,1,153.0709991455078
0,sid_calib,real,unknown,calib,f9a9d3269ae5eee8,crop08,1,188.2812042236328
1,sid_calib,full_synthetic,unknown,calib,0f489342f577cfb1,blur20,1,65.87541961669922
1,sid_calib,full_synthetic,unknown,calib,0f489342f577cfb1,resize025,1,65.32566833496094
1,sid_calib,full_synthetic,unknown,calib,0f489342f577cfb1,crop08,1,87.59193420410156
0,sid_calib,real,unknown,calib,bf4a98f6708ca141,clean,1,253.61233520507812
0,sid_calib,real,unknown,calib,bf4a98f6708ca141,jpeg90,1,253.60391235351562
0,sid_calib,real,unknown,calib,bf4a98f6708ca141,jpeg70,1,254.5103302001953
0,sid_calib,real,unknown,calib,bf4a98f6708ca141,jpeg50,1,253.80357360839844
0,sid_calib,real,unknown,calib,bf4a98f6708ca141,jpeg30,1,254.13055419921875
0,sid_calib,real,unknown,calib,bf4a98f6708ca141,blur05,1,253.31442260742188
0,sid_calib,real,unknown,calib,bf4a98f6708ca141,blur10,1,252.2078399658203
0,sid_calib,real,unknown,calib,bf4a98f6708ca141,blur20,1,248.0569305419922
0,sid_calib,real,unknown,calib,bf4a98f6708ca141,resize05,1,253.2168426513672
0,sid_calib,real,unknown,calib,bf4a98f6708ca141,resize025,1,250.37356567382812
0,sid_calib,real,unknown,calib,bf4a98f6708ca141,noise002,1,252.51893615722656
0,sid_calib,real,unknown,calib,bf4a98f6708ca141,noise005,1,252.8614044189453
0,sid_calib,real,unknown,calib,bf4a98f6708ca141,noise01,1,255.75149536132812
0,sid_calib,real,unknown,calib,bf4a98f6708ca141,jitter02,1,253.7003936767578
0,sid_calib,real,unknown,calib,bf4a98f6708ca141,crop08,1,319.8721618652344
0,sid_calib,real,unknown,calib,e6e8c3171bf9330a,clean,1,320.70849609375
0,sid_calib,real,unknown,calib,e6e8c3171bf9330a,jpeg90,1,321.8800964355469
0,sid_calib,real,unknown,calib,e6e8c3171bf9330a,jpeg70,1,318.86578369140625
0,sid_calib,real,unknown,calib,e6e8c3171bf9330a,jpeg50,1,316.5630798339844
0,sid_calib,real,unknown,calib,e6e8c3171bf9330a,jpeg30,1,316.4256896972656
0,sid_calib,real,unknown,calib,e6e8c3171bf9330a,blur05,1,320.67889404296875
0,sid_calib,real,unknown,calib,e6e8c3171bf9330a,blur10,1,319.4372253417969
0,sid_calib,real,unknown,calib,e6e8c3171bf9330a,blur20,1,319.8087463378906
0,sid_calib,real,unknown,calib,e6e8c3171bf9330a,resize05,1,321.0068359375
0,sid_calib,real,unknown,calib,e6e8c3171bf9330a,resize025,1,319.5509033203125
0,sid_calib,real,unknown,calib,e6e8c3171bf9330a,noise002,1,323.7026062011719
0,sid_calib,real,unknown,calib,e6e8c3171bf9330a,noise005,1,327.3915710449219
0,sid_calib,real,unknown,calib,e6e8c3171bf9330a,noise01,1,342.0428466796875
0,sid_calib,real,unknown,calib,e6e8c3171bf9330a,jitter02,1,318.75836181640625
0,sid_calib,real,unknown,calib,e6e8c3171bf9330a,crop08,1,379.85162353515625
1,sid_calib,full_synthetic,unknown,calib,a7db8e735b8a598e,clean,1,294.19451904296875
1,sid_calib,full_synthetic,unknown,calib,a7db8e735b8a598e,jpeg90,1,295.4949951171875
1,sid_calib,full_synthetic,unknown,calib,a7db8e735b8a598e,jpeg70,1,295.8023376464844
1,sid_calib,full_synthetic,unknown,calib,a7db8e735b8a598e,jpeg50,1,295.7238464355469
1,sid_calib,full_synthetic,unknown,calib,a7db8e735b8a598e,jpeg30,1,297.5241394042969
1,sid_calib,full_synthetic,unknown,calib,a7db8e735b8a598e,blur05,1,293.5726623535156
1,sid_calib,full_synthetic,unknown,calib,a7db8e735b8a598e,blur10,1,291.46502685546875
1,sid_calib,full_synthetic,unknown,calib,a7db8e735b8a598e,blur20,1,295.4687805175781
1,sid_calib,full_synthetic,unknown,calib,a7db8e735b8a598e,resize05,1,292.88726806640625
1,sid_calib,full_synthetic,unknown,calib,a7db8e735b8a598e,resize025,1,293.28167724609375
1,sid_calib,full_synthetic,unknown,calib,a7db8e735b8a598e,noise002,1,293.6307067871094
1,sid_calib,full_synthetic,unknown,calib,a7db8e735b8a598e,noise005,1,289.52496337890625
1,sid_calib,full_synthetic,unknown,calib,a7db8e735b8a598e,noise01,1,304.537353515625
1,sid_calib,full_synthetic,unknown,calib,a7db8e735b8a598e,jitter02,1,296.99029541015625
1,sid_calib,full_synthetic,unknown,calib,a7db8e735b8a598e,crop08,1,381.1213073730469
0,sid_calib,real,unknown,calib,69b66efcff2c29bd,clean,1,73.36248016357422
0,sid_calib,real,unknown,calib,69b66efcff2c29bd,jpeg30,1,73.88745880126953
0,sid_calib,real,unknown,calib,69b66efcff2c29bd,blur05,1,73.88333892822266
0,sid_calib,real,unknown,calib,69b66efcff2c29bd,blur10,1,77.2252426147461
0,sid_calib,real,unknown,calib,69b66efcff2c29bd,blur20,1,79.40284729003906
0,sid_calib,real,unknown,calib,69b66efcff2c29bd,resize025,1,79.99754333496094
0,sid_calib,real,unknown,calib,69b66efcff2c29bd,crop08,1,100.75009155273438
0,sid_calib,real,unknown,calib,706a4cca85cc93ae,clean,1,130.33311462402344
0,sid_calib,real,unknown,calib,706a4cca85cc93ae,jpeg90,1,130.37171936035156
0,sid_calib,real,unknown,calib,706a4cca85cc93ae,jpeg70,1,130.7327117919922
0,sid_calib,real,unknown,calib,706a4cca85cc93ae,jpeg50,1,128.85888671875
0,sid_calib,real,unknown,calib,706a4cca85cc93ae,jpeg30,1,130.3155517578125
0,sid_calib,real,unknown,calib,706a4cca85cc93ae,blur05,1,130.30331420898438
0,sid_calib,real,unknown,calib,706a4cca85cc93ae,blur10,1,130.85601806640625
0,sid_calib,real,unknown,calib,706a4cca85cc93ae,blur20,1,132.0067138671875
0,sid_calib,real,unknown,calib,706a4cca85cc93ae,resize05,1,130.6809539794922
0,sid_calib,real,unknown,calib,706a4cca85cc93ae,resize025,1,132.74688720703125
0,sid_calib,real,unknown,calib,706a4cca85cc93ae,noise002,1,130.3971405029297
0,sid_calib,real,unknown,calib,706a4cca85cc93ae,noise005,1,130.32064819335938
0,sid_calib,real,unknown,calib,706a4cca85cc93ae,jitter02,1,129.94297790527344
0,sid_calib,real,unknown,calib,706a4cca85cc93ae,crop08,1,160.76943969726562
1,sid_calib,full_synthetic,unknown,calib,eea39ec36c6b3cc8,clean,1,69.68246459960938
1,sid_calib,full_synthetic,unknown,calib,eea39ec36c6b3cc8,jpeg90,1,69.73719024658203
1,sid_calib,full_synthetic,unknown,calib,eea39ec36c6b3cc8,jpeg70,1,69.91474914550781
1,sid_calib,full_synthetic,unknown,calib,eea39ec36c6b3cc8,jpeg50,1,69.58560943603516
1,sid_calib,full_synthetic,unknown,calib,eea39ec36c6b3cc8,jpeg30,1,69.94200134277344
1,sid_calib,full_synthetic,unknown,calib,eea39ec36c6b3cc8,blur05,1,69.74502563476562
1,sid_calib,full_synthetic,unknown,calib,eea39ec36c6b3cc8,blur10,1,70.24983215332031
1,sid_calib,full_synthetic,unknown,calib,eea39ec36c6b3cc8,blur20,1,70.93396759033203
1,sid_calib,full_synthetic,unknown,calib,eea39ec36c6b3cc8,resize05,1,69.84561920166016
1,sid_calib,full_synthetic,unknown,calib,eea39ec36c6b3cc8,resize025,1,70.270751953125
1,sid_calib,full_synthetic,unknown,calib,eea39ec36c6b3cc8,noise002,1,69.36592102050781
1,sid_calib,full_synthetic,unknown,calib,eea39ec36c6b3cc8,noise005,1,68.01390838623047
1,sid_calib,full_synthetic,unknown,calib,eea39ec36c6b3cc8,noise01,1,68.27115631103516
1,sid_calib,full_synthetic,unknown,calib,eea39ec36c6b3cc8,jitter02,1,69.76839447021484
1,sid_calib,full_synthetic,unknown,calib,eea39ec36c6b3cc8,crop08,1,84.65677642822266
0,sid_calib,real,unknown,calib,3f126ca0e173fdad,clean,1,277.2049865722656
0,sid_calib,real,unknown,calib,3f126ca0e173fdad,jpeg90,1,277.4881896972656
0,sid_calib,real,unknown,calib,3f126ca0e173fdad,jpeg70,1,277.7080993652344
0,sid_calib,real,unknown,calib,3f126ca0e173fdad,jpeg50,1,277.83685302734375
0,sid_calib,real,unknown,calib,3f126ca0e173fdad,jpeg30,1,278.76873779296875
0,sid_calib,real,unknown,calib,3f126ca0e173fdad,blur05,1,277.4819641113281
0,sid_calib,real,unknown,calib,3f126ca0e173fdad,blur10,1,277.79718017578125
0,sid_calib,real,unknown,calib,3f126ca0e173fdad,blur20,1,277.5702209472656
0,sid_calib,real,unknown,calib,3f126ca0e173fdad,resize05,1,277.40948486328125
0,sid_calib,real,unknown,calib,3f126ca0e173fdad,resize025,1,279.1996765136719
0,sid_calib,real,unknown,calib,3f126ca0e173fdad,noise002,1,277.1607360839844
0,sid_calib,real,unknown,calib,3f126ca0e173fdad,noise005,1,275.99139404296875
0,sid_calib,real,unknown,calib,3f126ca0e173fdad,noise01,1,294.7300720214844
0,sid_calib,real,unknown,calib,3f126ca0e173fdad,jitter02,1,275.7646179199219
0,sid_calib,real,unknown,calib,3f126ca0e173fdad,crop08,1,332.53973388671875
0,sid_calib,real,unknown,calib,4f7fd8ae409decad,clean,1,124.46359252929688
0,sid_calib,real,unknown,calib,4f7fd8ae409decad,jpeg90,1,124.44638061523438
0,sid_calib,real,unknown,calib,4f7fd8ae409decad,jpeg70,1,124.3524169921875
0,sid_calib,real,unknown,calib,4f7fd8ae409decad,jpeg50,1,124.51677703857422
0,sid_calib,real,unknown,calib,4f7fd8ae409decad,jpeg30,1,124.1991195678711
0,sid_calib,real,unknown,calib,4f7fd8ae409decad,blur05,1,124.41742706298828
0,sid_calib,real,unknown,calib,4f7fd8ae409decad,blur10,1,124.26670837402344
0,sid_calib,real,unknown,calib,4f7fd8ae409decad,blur20,1,123.94143676757812
0,sid_calib,real,unknown,calib,4f7fd8ae409decad,resize05,1,124.31204986572266
0,sid_calib,real,unknown,calib,4f7fd8ae409decad,resize025,1,123.99674224853516
0,sid_calib,real,unknown,calib,4f7fd8ae409decad,noise002,1,124.07131958007812
0,sid_calib,real,unknown,calib,4f7fd8ae409decad,noise005,1,124.24798583984375
0,sid_calib,real,unknown,calib,4f7fd8ae409decad,noise01,1,124.34518432617188
0,sid_calib,real,unknown,calib,4f7fd8ae409decad,jitter02,1,122.3962631225586
0,sid_calib,real,unknown,calib,4f7fd8ae409decad,crop08,1,152.86749267578125
1,sid_calib,full_synthetic,unknown,calib,17888e1be0ec3cca,clean,1,83.77949523925781
1,sid_calib,full_synthetic,unknown,calib,17888e1be0ec3cca,jpeg90,1,83.7922592163086
1,sid_calib,full_synthetic,unknown,calib,17888e1be0ec3cca,jpeg70,1,84.25359344482422
1,sid_calib,full_synthetic,unknown,calib,17888e1be0ec3cca,jpeg50,1,83.08401489257812
1,sid_calib,full_synthetic,unknown,calib,17888e1be0ec3cca,jpeg30,1,81.90674591064453
1,sid_calib,full_synthetic,unknown,calib,17888e1be0ec3cca,blur05,1,83.2667236328125
1,sid_calib,full_synthetic,unknown,calib,17888e1be0ec3cca,blur10,1,82.86965942382812
1,sid_calib,full_synthetic,unknown,calib,17888e1be0ec3cca,blur20,1,79.3538818359375
1,sid_calib,full_synthetic,unknown,calib,17888e1be0ec3cca,resize05,1,83.83959197998047
1,sid_calib,full_synthetic,unknown,calib,17888e1be0ec3cca,resize025,1,80.64810943603516
1,sid_calib,full_synthetic,unknown,calib,17888e1be0ec3cca,noise002,1,83.47457885742188
1,sid_calib,full_synthetic,unknown,calib,17888e1be0ec3cca,noise005,1,81.93050384521484
1,sid_calib,full_synthetic,unknown,calib,17888e1be0ec3cca,noise01,1,64.5876693725586
1,sid_calib,full_synthetic,unknown,calib,17888e1be0ec3cca,jitter02,1,83.69063568115234
1,sid_calib,full_synthetic,unknown,calib,17888e1be0ec3cca,crop08,1,96.9599380493164
1,sid_calib,full_synthetic,unknown,calib,d51a6f1f7637d62a,clean,1,176.8442840576172
1,sid_calib,full_synthetic,unknown,calib,d51a6f1f7637d62a,jpeg90,1,176.05506896972656
1,sid_calib,full_synthetic,unknown,calib,d51a6f1f7637d62a,jpeg70,1,174.25384521484375
1,sid_calib,full_synthetic,unknown,calib,d51a6f1f7637d62a,jpeg50,1,171.354248046875
1,sid_calib,full_synthetic,unknown,calib,d51a6f1f7637d62a,jpeg30,1,174.3639373779297
1,sid_calib,full_synthetic,unknown,calib,d51a6f1f7637d62a,blur05,1,177.404541015625
1,sid_calib,full_synthetic,unknown,calib,d51a6f1f7637d62a,blur10,1,176.940185546875
1,sid_calib,full_synthetic,unknown,calib,d51a6f1f7637d62a,blur20,1,180.26438903808594
1,sid_calib,full_synthetic,unknown,calib,d51a6f1f7637d62a,resize05,1,179.2286834716797
1,sid_calib,full_synthetic,unknown,calib,d51a6f1f7637d62a,resize025,1,172.54673767089844
1,sid_calib,full_synthetic,unknown,calib,d51a6f1f7637d62a,crop08,1,199.6626434326172
1,sid_calib,full_synthetic,unknown,calib,3cf40e869b240557,crop08,1,70.56978607177734
1,sid_calib,full_synthetic,unknown,calib,2aa227b08ebca306,clean,1,120.52063751220703
1,sid_calib,full_synthetic,unknown,calib,2aa227b08ebca306,jpeg90,1,120.74186706542969
1,sid_calib,full_synthetic,unknown,calib,2aa227b08ebca306,jpeg70,1,120.73976135253906
1,sid_calib,full_synthetic,unknown,calib,2aa227b08ebca306,jpeg50,1,121.73725891113281
1,sid_calib,full_synthetic,unknown,calib,2aa227b08ebca306,jpeg30,1,120.95484924316406
1,sid_calib,full_synthetic,unknown,calib,2aa227b08ebca306,blur05,1,120.87355041503906
1,sid_calib,full_synthetic,unknown,calib,2aa227b08ebca306,blur10,1,121.13192749023438
1,sid_calib,full_synthetic,unknown,calib,2aa227b08ebca306,blur20,1,121.72193145751953
1,sid_calib,full_synthetic,unknown,calib,2aa227b08ebca306,resize05,1,120.87735748291016
1,sid_calib,full_synthetic,unknown,calib,2aa227b08ebca306,resize025,1,121.9244613647461
1,sid_calib,full_synthetic,unknown,calib,2aa227b08ebca306,noise002,1,120.2555923461914
1,sid_calib,full_synthetic,unknown,calib,2aa227b08ebca306,noise005,1,122.6962661743164
1,sid_calib,full_synthetic,unknown,calib,2aa227b08ebca306,jitter02,1,118.29485321044922
1,sid_calib,full_synthetic,unknown,calib,2aa227b08ebca306,crop08,1,106.611572265625
1,sid_calib,full_synthetic,unknown,calib,0a9891b5290d14ef,clean,1,162.14715576171875
1,sid_calib,full_synthetic,unknown,calib,0a9891b5290d14ef,jpeg90,1,161.9432373046875
1,sid_calib,full_synthetic,unknown,calib,0a9891b5290d14ef,jpeg70,1,161.48104858398438
1,sid_calib,full_synthetic,unknown,calib,0a9891b5290d14ef,jpeg50,1,162.8504180908203
1,sid_calib,full_synthetic,unknown,calib,0a9891b5290d14ef,jpeg30,1,160.92835998535156
1,sid_calib,full_synthetic,unknown,calib,0a9891b5290d14ef,blur05,1,162.1361083984375
1,sid_calib,full_synthetic,unknown,calib,0a9891b5290d14ef,blur10,1,161.63958740234375
1,sid_calib,full_synthetic,unknown,calib,0a9891b5290d14ef,blur20,1,160.3189239501953
1,sid_calib,full_synthetic,unknown,calib,0a9891b5290d14ef,resize05,1,161.88156127929688
1,sid_calib,full_synthetic,unknown,calib,0a9891b5290d14ef,resize025,1,161.04112243652344
1,sid_calib,full_synthetic,unknown,calib,0a9891b5290d14ef,noise002,1,162.25296020507812
1,sid_calib,full_synthetic,unknown,calib,0a9891b5290d14ef,noise005,1,165.1273651123047
1,sid_calib,full_synthetic,unknown,calib,0a9891b5290d14ef,noise01,1,164.05465698242188
1,sid_calib,full_synthetic,unknown,calib,0a9891b5290d14ef,jitter02,1,162.41737365722656
1,sid_calib,full_synthetic,unknown,calib,0a9891b5290d14ef,crop08,1,208.3831329345703
1,sid_calib,full_synthetic,unknown,calib,0ea2ba5dcd6d2927,crop08,1,88.53553009033203
0,sid_calib,real,unknown,calib,598588f1666b3eb8,clean,1,175.9306182861328
0,sid_calib,real,unknown,calib,598588f1666b3eb8,jpeg90,1,175.41787719726562
0,sid_calib,real,unknown,calib,598588f1666b3eb8,jpeg70,1,176.0438232421875
0,sid_calib,real,unknown,calib,598588f1666b3eb8,jpeg50,1,176.7963104248047
0,sid_calib,real,unknown,calib,598588f1666b3eb8,jpeg30,1,179.2703857421875
0,sid_calib,real,unknown,calib,598588f1666b3eb8,blur05,1,175.73458862304688
0,sid_calib,real,unknown,calib,598588f1666b3eb8,blur10,1,175.13491821289062
0,sid_calib,real,unknown,calib,598588f1666b3eb8,blur20,1,162.44076538085938
0,sid_calib,real,unknown,calib,598588f1666b3eb8,resize05,1,176.24205017089844
0,sid_calib,real,unknown,calib,598588f1666b3eb8,resize025,1,162.8662567138672
0,sid_calib,real,unknown,calib,598588f1666b3eb8,noise002,1,177.0901336669922
0,sid_calib,real,unknown,calib,598588f1666b3eb8,noise005,1,176.38807678222656
0,sid_calib,real,unknown,calib,598588f1666b3eb8,noise01,1,180.1616668701172
0,sid_calib,real,unknown,calib,598588f1666b3eb8,jitter02,1,174.78965759277344
0,sid_calib,real,unknown,calib,598588f1666b3eb8,crop08,1,192.49246215820312
0,sid_calib,real,unknown,calib,bd642b895449d058,clean,1,65.28837585449219
0,sid_calib,real,unknown,calib,bd642b895449d058,jpeg90,1,64.99211120605469
0,sid_calib,real,unknown,calib,bd642b895449d058,jpeg70,1,65.03203582763672
0,sid_calib,real,unknown,calib,bd642b895449d058,jpeg50,1,64.47663879394531
0,sid_calib,real,unknown,calib,bd642b895449d058,jpeg30,1,66.15888977050781
0,sid_calib,real,unknown,calib,bd642b895449d058,blur05,1,65.48853302001953
0,sid_calib,real,unknown,calib,bd642b895449d058,blur10,1,64.7211685180664
0,sid_calib,real,unknown,calib,bd642b895449d058,resize05,1,65.92877197265625
0,sid_calib,real,unknown,calib,bd642b895449d058,noise002,1,66.57817840576172
0,sid_calib,real,unknown,calib,bd642b895449d058,noise005,1,64.19996643066406
0,sid_calib,real,unknown,calib,bd642b895449d058,noise01,1,66.70184326171875
0,sid_calib,real,unknown,calib,bd642b895449d058,jitter02,1,65.93514251708984
0,sid_calib,real,unknown,calib,bd642b895449d058,crop08,1,77.94046783447266
0,sid_calib,real,unknown,calib,9f24d1157c1995c8,crop08,1,238.4044189453125
1,sid_calib,full_synthetic,unknown,calib,fe97a52f66ed48d9,clean,1,449.7337341308594
1,sid_calib,full_synthetic,unknown,calib,fe97a52f66ed48d9,jpeg90,1,449.51641845703125
1,sid_calib,full_synthetic,unknown,calib,fe97a52f66ed48d9,jpeg70,1,450.20172119140625
1,sid_calib,full_synthetic,unknown,calib,fe97a52f66ed48d9,jpeg50,1,448.6550598144531
1,sid_calib,full_synthetic,unknown,calib,fe97a52f66ed48d9,jpeg30,1,452.2687683105469
1,sid_calib,full_synthetic,unknown,calib,fe97a52f66ed48d9,blur05,1,449.7894287109375
1,sid_calib,full_synthetic,unknown,calib,fe97a52f66ed48d9,blur10,1,449.9801940917969
1,sid_calib,full_synthetic,unknown,calib,fe97a52f66ed48d9,blur20,1,438.2676086425781
1,sid_calib,full_synthetic,unknown,calib,fe97a52f66ed48d9,resize05,1,448.9481201171875
1,sid_calib,full_synthetic,unknown,calib,fe97a52f66ed48d9,resize025,1,446.65142822265625
1,sid_calib,full_synthetic,unknown,calib,fe97a52f66ed48d9,noise002,1,451.1473388671875
1,sid_calib,full_synthetic,unknown,calib,fe97a52f66ed48d9,noise005,1,469.4022216796875
1,sid_calib,full_synthetic,unknown,calib,fe97a52f66ed48d9,noise01,1,469.66339111328125
1,sid_calib,full_synthetic,unknown,calib,fe97a52f66ed48d9,jitter02,1,446.1837463378906
1,sid_calib,full_synthetic,unknown,calib,fe97a52f66ed48d9,crop08,1,537.0359497070312
1,sid_calib,full_synthetic,unknown,calib,8917e2c4e0a6455b,clean,1,75.25386810302734
1,sid_calib,full_synthetic,unknown,calib,8917e2c4e0a6455b,jpeg90,1,75.13720703125
1,sid_calib,full_synthetic,unknown,calib,8917e2c4e0a6455b,jpeg70,1,75.45553588867188
1,sid_calib,full_synthetic,unknown,calib,8917e2c4e0a6455b,jpeg50,1,75.09696197509766
1,sid_calib,full_synthetic,unknown,calib,8917e2c4e0a6455b,jpeg30,1,76.33061218261719
1,sid_calib,full_synthetic,unknown,calib,8917e2c4e0a6455b,blur05,1,75.12560272216797
1,sid_calib,full_synthetic,unknown,calib,8917e2c4e0a6455b,blur10,1,74.83972930908203
1,sid_calib,full_synthetic,unknown,calib,8917e2c4e0a6455b,blur20,1,75.89547729492188
1,sid_calib,full_synthetic,unknown,calib,8917e2c4e0a6455b,resize05,1,74.88687133789062
1,sid_calib,full_synthetic,unknown,calib,8917e2c4e0a6455b,resize025,1,76.25951385498047
1,sid_calib,full_synthetic,unknown,calib,8917e2c4e0a6455b,noise002,1,74.87641906738281
1,sid_calib,full_synthetic,unknown,calib,8917e2c4e0a6455b,noise005,1,74.9984130859375
1,sid_calib,full_synthetic,unknown,calib,8917e2c4e0a6455b,noise01,1,75.2908706665039
1,sid_calib,full_synthetic,unknown,calib,8917e2c4e0a6455b,jitter02,1,74.88870239257812
1,sid_calib,full_synthetic,unknown,calib,8917e2c4e0a6455b,crop08,1,93.11083984375
1,sid_calib,full_synthetic,unknown,calib,60090bde91e85c49,clean,1,197.71957397460938
1,sid_calib,full_synthetic,unknown,calib,60090bde91e85c49,jpeg90,1,197.40342712402344
1,sid_calib,full_synthetic,unknown,calib,60090bde91e85c49,jpeg70,1,198.15501403808594
1,sid_calib,full_synthetic,unknown,calib,60090bde91e85c49,jpeg50,1,197.18682861328125
1,sid_calib,full_synthetic,unknown,calib,60090bde91e85c49,jpeg30,1,201.03431701660156
1,sid_calib,full_synthetic,unknown,calib,60090bde91e85c49,blur05,1,197.6918487548828
1,sid_calib,full_synthetic,unknown,calib,60090bde91e85c49,blur10,1,196.7816925048828
1,sid_calib,full_synthetic,unknown,calib,60090bde91e85c49,blur20,1,194.46519470214844
1,sid_calib,full_synthetic,unknown,calib,60090bde91e85c49,resize05,1,197.1656494140625
1,sid_calib,full_synthetic,unknown,calib,60090bde91e85c49,resize025,1,195.5794219970703
1,sid_calib,full_synthetic,unknown,calib,60090bde91e85c49,noise002,1,199.58792114257812
1,sid_calib,full_synthetic,unknown,calib,60090bde91e85c49,noise005,1,200.44630432128906
1,sid_calib,full_synthetic,unknown,calib,60090bde91e85c49,noise01,1,207.13250732421875
1,sid_calib,full_synthetic,unknown,calib,60090bde91e85c49,jitter02,1,197.5126190185547
1,sid_calib,full_synthetic,unknown,calib,60090bde91e85c49,crop08,1,263.244384765625
0,sid_calib,real,unknown,calib,a55eb63ab4f0f00b,clean,1,101.93195343017578
0,sid_calib,real,unknown,calib,a55eb63ab4f0f00b,jpeg90,1,101.885498046875
0,sid_calib,real,unknown,calib,a55eb63ab4f0f00b,jpeg70,1,101.70074462890625
0,sid_calib,real,unknown,calib,a55eb63ab4f0f00b,jpeg50,1,101.5893325805664
0,sid_calib,real,unknown,calib,a55eb63ab4f0f00b,jpeg30,1,100.83446502685547
0,sid_calib,real,unknown,calib,a55eb63ab4f0f00b,blur05,1,101.66629791259766
0,sid_calib,real,unknown,calib,a55eb63ab4f0f00b,blur10,1,101.76898956298828
0,sid_calib,real,unknown,calib,a55eb63ab4f0f00b,blur20,1,100.67847442626953
0,sid_calib,real,unknown,calib,a55eb63ab4f0f00b,resize05,1,101.80458068847656
0,sid_calib,real,unknown,calib,a55eb63ab4f0f00b,resize025,1,100.99254608154297
0,sid_calib,real,unknown,calib,a55eb63ab4f0f00b,noise002,1,101.44560241699219
0,sid_calib,real,unknown,calib,a55eb63ab4f0f00b,noise005,1,102.50761413574219
0,sid_calib,real,unknown,calib,a55eb63ab4f0f00b,noise01,1,64.9325180053711
0,sid_calib,real,unknown,calib,a55eb63ab4f0f00b,jitter02,1,102.35706329345703
0,sid_calib,real,unknown,calib,a55eb63ab4f0f00b,crop08,1,122.91316223144531
0,sid_calib,real,unknown,calib,f3c9d2c6e2b6f734,clean,1,97.84881591796875
0,sid_calib,real,unknown,calib,f3c9d2c6e2b6f734,jpeg90,1,98.1357192993164
0,sid_calib,real,unknown,calib,f3c9d2c6e2b6f734,jpeg70,1,95.87063598632812
0,sid_calib,real,unknown,calib,f3c9d2c6e2b6f734,jpeg50,1,97.14681243896484
0,sid_calib,real,unknown,calib,f3c9d2c6e2b6f734,jpeg30,1,97.84202575683594
0,sid_calib,real,unknown,calib,f3c9d2c6e2b6f734,blur05,1,97.91970825195312
0,sid_calib,real,unknown,calib,f3c9d2c6e2b6f734,blur10,1,97.8243637084961
0,sid_calib,real,unknown,calib,f3c9d2c6e2b6f734,blur20,1,77.27835083007812
0,sid_calib,real,unknown,calib,f3c9d2c6e2b6f734,resize05,1,97.53031158447266
0,sid_calib,real,unknown,calib,f3c9d2c6e2b6f734,resize025,1,97.69035339355469
0,sid_calib,real,unknown,calib,f3c9d2c6e2b6f734,noise002,1,96.42526245117188
0,sid_calib,real,unknown,calib,f3c9d2c6e2b6f734,noise005,1,77.91873168945312
0,sid_calib,real,unknown,calib,f3c9d2c6e2b6f734,noise01,1,77.91368865966797
0,sid_calib,real,unknown,calib,f3c9d2c6e2b6f734,jitter02,1,97.43934631347656
0,sid_calib,real,unknown,calib,f3c9d2c6e2b6f734,crop08,1,98.91554260253906
0,sid_calib,real,unknown,calib,1eab1c5d78c494cb,clean,1,128.9847869873047
0,sid_calib,real,unknown,calib,1eab1c5d78c494cb,jpeg90,1,128.8140106201172
0,sid_calib,real,unknown,calib,1eab1c5d78c494cb,jpeg70,1,128.93328857421875
0,sid_calib,real,unknown,calib,1eab1c5d78c494cb,jpeg50,1,128.6840362548828
0,sid_calib,real,unknown,calib,1eab1c5d78c494cb,jpeg30,1,129.92298889160156
0,sid_calib,real,unknown,calib,1eab1c5d78c494cb,blur05,1,129.04119873046875
0,sid_calib,real,unknown,calib,1eab1c5d78c494cb,blur10,1,129.5534210205078
0,sid_calib,real,unknown,calib,1eab1c5d78c494cb,blur20,1,129.9059295654297
0,sid_calib,real,unknown,calib,1eab1c5d78c494cb,resize05,1,129.34364318847656
0,sid_calib,real,unknown,calib,1eab1c5d78c494cb,resize025,1,129.85494995117188
0,sid_calib,real,unknown,calib,1eab1c5d78c494cb,noise002,1,129.414306640625
0,sid_calib,real,unknown,calib,1eab1c5d78c494cb,noise005,1,130.40870666503906
0,sid_calib,real,unknown,calib,1eab1c5d78c494cb,noise01,1,129.24169921875
0,sid_calib,real,unknown,calib,1eab1c5d78c494cb,jitter02,1,128.83689880371094
0,sid_calib,real,unknown,calib,1eab1c5d78c494cb,crop08,1,160.1602325439453
1,sid_calib,full_synthetic,unknown,calib,3c45fb951bcd6f77,clean,1,112.47685241699219
1,sid_calib,full_synthetic,unknown,calib,3c45fb951bcd6f77,jpeg90,1,112.39673614501953
1,sid_calib,full_synthetic,unknown,calib,3c45fb951bcd6f77,jpeg70,1,112.6587905883789
1,sid_calib,full_synthetic,unknown,calib,3c45fb951bcd6f77,jpeg50,1,112.72758483886719
1,sid_calib,full_synthetic,unknown,calib,3c45fb951bcd6f77,jpeg30,1,113.01631164550781
1,sid_calib,full_synthetic,unknown,calib,3c45fb951bcd6f77,blur05,1,112.14665222167969
1,sid_calib,full_synthetic,unknown,calib,3c45fb951bcd6f77,blur10,1,112.6818618774414
1,sid_calib,full_synthetic,unknown,calib,3c45fb951bcd6f77,blur20,1,113.47309875488281
1,sid_calib,full_synthetic,unknown,calib,3c45fb951bcd6f77,resize05,1,112.3270034790039
1,sid_calib,full_synthetic,unknown,calib,3c45fb951bcd6f77,resize025,1,113.42418670654297
1,sid_calib,full_synthetic,unknown,calib,3c45fb951bcd6f77,noise002,1,112.9097900390625
1,sid_calib,full_synthetic,unknown,calib,3c45fb951bcd6f77,noise005,1,113.19239807128906
1,sid_calib,full_synthetic,unknown,calib,3c45fb951bcd6f77,noise01,1,111.63174438476562
1,sid_calib,full_synthetic,unknown,calib,3c45fb951bcd6f77,jitter02,1,113.11758422851562
1,sid_calib,full_synthetic,unknown,calib,3c45fb951bcd6f77,crop08,1,140.38796997070312
1,sid_calib,full_synthetic,unknown,calib,555fcac5e1eeae3e,clean,1,184.4529571533203
1,sid_calib,full_synthetic,unknown,calib,555fcac5e1eeae3e,jpeg90,1,183.6964874267578
1,sid_calib,full_synthetic,unknown,calib,555fcac5e1eeae3e,jpeg70,1,185.72769165039062
1,sid_calib,full_synthetic,unknown,calib,555fcac5e1eeae3e,jpeg50,1,185.9528045654297
1,sid_calib,full_synthetic,unknown,calib,555fcac5e1eeae3e,jpeg30,1,184.1292266845703
1,sid_calib,full_synthetic,unknown,calib,555fcac5e1eeae3e,blur05,1,184.8878936767578
1,sid_calib,full_synthetic,unknown,calib,555fcac5e1eeae3e,blur10,1,185.61520385742188
1,sid_calib,full_synthetic,unknown,calib,555fcac5e1eeae3e,blur20,1,185.6834716796875
1,sid_calib,full_synthetic,unknown,calib,555fcac5e1eeae3e,resize05,1,184.77224731445312
1,sid_calib,full_synthetic,unknown,calib,555fcac5e1eeae3e,resize025,1,185.63668823242188
1,sid_calib,full_synthetic,unknown,calib,555fcac5e1eeae3e,noise002,1,185.70895385742188
1,sid_calib,full_synthetic,unknown,calib,555fcac5e1eeae3e,noise005,1,188.46669006347656
1,sid_calib,full_synthetic,unknown,calib,555fcac5e1eeae3e,noise01,1,191.689453125
1,sid_calib,full_synthetic,unknown,calib,555fcac5e1eeae3e,jitter02,1,183.4754180908203
1,sid_calib,full_synthetic,unknown,calib,555fcac5e1eeae3e,crop08,1,222.5006103515625
0,sid_calib,real,unknown,calib,6254908aa51d32e2,clean,1,158.97122192382812
0,sid_calib,real,unknown,calib,6254908aa51d32e2,jpeg90,1,159.3997802734375
0,sid_calib,real,unknown,calib,6254908aa51d32e2,jpeg70,1,159.89112854003906
0,sid_calib,real,unknown,calib,6254908aa51d32e2,jpeg50,1,159.60928344726562
0,sid_calib,real,unknown,calib,6254908aa51d32e2,jpeg30,1,160.57908630371094
0,sid_calib,real,unknown,calib,6254908aa51d32e2,blur05,1,159.2183380126953
0,sid_calib,real,unknown,calib,6254908aa51d32e2,blur10,1,159.0503387451172
0,sid_calib,real,unknown,calib,6254908aa51d32e2,blur20,1,158.19915771484375
0,sid_calib,real,unknown,calib,6254908aa51d32e2,resize05,1,159.4326171875
0,sid_calib,real,unknown,calib,6254908aa51d32e2,resize025,1,157.8818817138672
0,sid_calib,real,unknown,calib,6254908aa51d32e2,noise002,1,158.14952087402344
0,sid_calib,real,unknown,calib,6254908aa51d32e2,noise005,1,160.12945556640625
0,sid_calib,real,unknown,calib,6254908aa51d32e2,noise01,1,161.6931610107422
0,sid_calib,real,unknown,calib,6254908aa51d32e2,jitter02,1,158.73814392089844
0,sid_calib,real,unknown,calib,6254908aa51d32e2,crop08,1,207.0262908935547
1,sid_calib,full_synthetic,unknown,calib,733ea3bdd34ace3c,clean,1,212.73045349121094
1,sid_calib,full_synthetic,unknown,calib,733ea3bdd34ace3c,jpeg90,1,213.08880615234375
1,sid_calib,full_synthetic,unknown,calib,733ea3bdd34ace3c,jpeg70,1,211.9660186767578
1,sid_calib,full_synthetic,unknown,calib,733ea3bdd34ace3c,jpeg50,1,213.54998779296875
1,sid_calib,full_synthetic,unknown,calib,733ea3bdd34ace3c,jpeg30,1,213.98178100585938
1,sid_calib,full_synthetic,unknown,calib,733ea3bdd34ace3c,blur05,1,212.5152130126953
1,sid_calib,full_synthetic,unknown,calib,733ea3bdd34ace3c,blur10,1,212.33676147460938
1,sid_calib,full_synthetic,unknown,calib,733ea3bdd34ace3c,blur20,1,209.0062255859375
1,sid_calib,full_synthetic,unknown,calib,733ea3bdd34ace3c,resize05,1,212.63465881347656
1,sid_calib,full_synthetic,unknown,calib,733ea3bdd34ace3c,resize025,1,211.76434326171875
1,sid_calib,full_synthetic,unknown,calib,733ea3bdd34ace3c,noise002,1,210.36119079589844
1,sid_calib,full_synthetic,unknown,calib,733ea3bdd34ace3c,noise005,1,215.4872589111328
1,sid_calib,full_synthetic,unknown,calib,733ea3bdd34ace3c,noise01,1,216.03994750976562
1,sid_calib,full_synthetic,unknown,calib,733ea3bdd34ace3c,jitter02,1,214.5086212158203
1,sid_calib,full_synthetic,unknown,calib,733ea3bdd34ace3c,crop08,1,272.70916748046875
0,sid_calib,real,unknown,calib,be5ae91e9fbd3754,clean,1,108.60023498535156
0,sid_calib,real,unknown,calib,be5ae91e9fbd3754,jpeg90,1,109.62349700927734
0,sid_calib,real,unknown,calib,be5ae91e9fbd3754,jpeg70,1,107.8541030883789
0,sid_calib,real,unknown,calib,be5ae91e9fbd3754,jpeg50,1,109.60018920898438
0,sid_calib,real,unknown,calib,be5ae91e9fbd3754,jpeg30,1,108.61135864257812
0,sid_calib,real,unknown,calib,be5ae91e9fbd3754,blur05,1,108.27809143066406
0,sid_calib,real,unknown,calib,be5ae91e9fbd3754,resize05,1,108.22836303710938
0,sid_calib,real,unknown,calib,be5ae91e9fbd3754,noise002,1,108.53267669677734
0,sid_calib,real,unknown,calib,be5ae91e9fbd3754,noise005,1,106.99462127685547
0,sid_calib,real,unknown,calib,be5ae91e9fbd3754,noise01,1,103.2828598022461
0,sid_calib,real,unknown,calib,be5ae91e9fbd3754,jitter02,1,106.81824493408203
0,sid_calib,real,unknown,calib,cb0fdf00f94bf51b,clean,1,1225.3648681640625
0,sid_calib,real,unknown,calib,cb0fdf00f94bf51b,jpeg90,1,1229.1812744140625
0,sid_calib,real,unknown,calib,cb0fdf00f94bf51b,jpeg70,1,1221.875
0,sid_calib,real,unknown,calib,cb0fdf00f94bf51b,jpeg50,1,1229.1812744140625
0,sid_calib,real,unknown,calib,cb0fdf00f94bf51b,jpeg30,1,1229.1812744140625
0,sid_calib,real,unknown,calib,cb0fdf00f94bf51b,blur05,1,1225.3477783203125
0,sid_calib,real,unknown,calib,cb0fdf00f94bf51b,blur10,1,1224.6107177734375
0,sid_calib,real,unknown,calib,cb0fdf00f94bf51b,blur20,1,1225.0692138671875
0,sid_calib,real,unknown,calib,cb0fdf00f94bf51b,resize05,1,1224.8267822265625
0,sid_calib,real,unknown,calib,cb0fdf00f94bf51b,resize025,1,1223.341796875
0,sid_calib,real,unknown,calib,cb0fdf00f94bf51b,noise002,1,1217.5189208984375
0,sid_calib,real,unknown,calib,cb0fdf00f94bf51b,noise005,1,1201.36865234375
0,sid_calib,real,unknown,calib,cb0fdf00f94bf51b,noise01,1,1023.67578125
0,sid_calib,real,unknown,calib,cb0fdf00f94bf51b,jitter02,1,1212.36865234375
0,sid_calib,real,unknown,calib,cb0fdf00f94bf51b,crop08,1,1473.6534423828125
0,sid_calib,real,unknown,calib,e21b9415cd333594,clean,1,192.28948974609375
0,sid_calib,real,unknown,calib,e21b9415cd333594,jpeg90,1,191.58468627929688
0,sid_calib,real,unknown,calib,e21b9415cd333594,jpeg70,1,191.24449157714844
0,sid_calib,real,unknown,calib,e21b9415cd333594,jpeg50,1,192.1631317138672
0,sid_calib,real,unknown,calib,e21b9415cd333594,jpeg30,1,190.12501525878906
0,sid_calib,real,unknown,calib,e21b9415cd333594,blur05,1,192.3105926513672
0,sid_calib,real,unknown,calib,e21b9415cd333594,blur10,1,190.80496215820312
0,sid_calib,real,unknown,calib,e21b9415cd333594,blur20,1,190.0596466064453
0,sid_calib,real,unknown,calib,e21b9415cd333594,resize05,1,191.61814880371094
0,sid_calib,real,unknown,calib,e21b9415cd333594,resize025,1,190.1927032470703
0,sid_calib,real,unknown,calib,e21b9415cd333594,noise002,1,189.38426208496094
0,sid_calib,real,unknown,calib,e21b9415cd333594,noise005,1,193.43321228027344
0,sid_calib,real,unknown,calib,e21b9415cd333594,noise01,1,193.11863708496094
0,sid_calib,real,unknown,calib,e21b9415cd333594,jitter02,1,193.79054260253906
0,sid_calib,real,unknown,calib,e21b9415cd333594,crop08,1,241.1875762939453
1,sid_calib,full_synthetic,unknown,calib,71db38d4d6c01415,clean,1,293.8503723144531
1,sid_calib,full_synthetic,unknown,calib,71db38d4d6c01415,jpeg90,1,293.1357727050781
1,sid_calib,full_synthetic,unknown,calib,71db38d4d6c01415,jpeg70,1,292.0678405761719
1,sid_calib,full_synthetic,unknown,calib,71db38d4d6c01415,jpeg50,1,292.8278503417969
1,sid_calib,full_synthetic,unknown,calib,71db38d4d6c01415,jpeg30,1,293.48724365234375
1,sid_calib,full_synthetic,unknown,calib,71db38d4d6c01415,blur05,1,293.9000549316406
1,sid_calib,full_synthetic,unknown,calib,71db38d4d6c01415,blur10,1,292.6484680175781
1,sid_calib,full_synthetic,unknown,calib,71db38d4d6c01415,blur20,1,292.80426025390625
1,sid_calib,full_synthetic,unknown,calib,71db38d4d6c01415,resize05,1,293.3893737792969
1,sid_calib,full_synthetic,unknown,calib,71db38d4d6c01415,resize025,1,292.4500732421875
1,sid_calib,full_synthetic,unknown,calib,71db38d4d6c01415,noise002,1,293.25213623046875
1,sid_calib,full_synthetic,unknown,calib,71db38d4d6c01415,noise005,1,296.60223388671875
1,sid_calib,full_synthetic,unknown,calib,71db38d4d6c01415,noise01,1,295.1858825683594
1,sid_calib,full_synthetic,unknown,calib,71db38d4d6c01415,jitter02,1,291.2885437011719
1,sid_calib,full_synthetic,unknown,calib,71db38d4d6c01415,crop08,1,364.07830810546875
0,sid_calib,real,unknown,calib,ab86eb7c52b7d5be,clean,1,264.35302734375
0,sid_calib,real,unknown,calib,ab86eb7c52b7d5be,jpeg90,1,265.134521484375
0,sid_calib,real,unknown,calib,ab86eb7c52b7d5be,jpeg70,1,264.0549011230469
0,sid_calib,real,unknown,calib,ab86eb7c52b7d5be,jpeg50,1,267.475341796875
0,sid_calib,real,unknown,calib,ab86eb7c52b7d5be,jpeg30,1,268.05169677734375
0,sid_calib,real,unknown,calib,ab86eb7c52b7d5be,blur05,1,264.6334228515625
0,sid_calib,real,unknown,calib,ab86eb7c52b7d5be,blur10,1,263.2468566894531
0,sid_calib,real,unknown,calib,ab86eb7c52b7d5be,blur20,1,264.5519714355469
0,sid_calib,real,unknown,calib,ab86eb7c52b7d5be,resize05,1,261.60595703125
0,sid_calib,real,unknown,calib,ab86eb7c52b7d5be,resize025,1,264.2459716796875
0,sid_calib,real,unknown,calib,ab86eb7c52b7d5be,noise002,1,266.9136047363281
0,sid_calib,real,unknown,calib,ab86eb7c52b7d5be,noise005,1,270.11822509765625
0,sid_calib,real,unknown,calib,ab86eb7c52b7d5be,noise01,1,283.1794738769531
0,sid_calib,real,unknown,calib,ab86eb7c52b7d5be,jitter02,1,268.5068664550781
0,sid_calib,real,unknown,calib,ab86eb7c52b7d5be,crop08,1,336.8279724121094
0,sid_calib,real,unknown,calib,6f519a2f46759ac1,clean,1,123.05191040039062
0,sid_calib,real,unknown,calib,6f519a2f46759ac1,jpeg90,1,122.63838958740234
0,sid_calib,real,unknown,calib,6f519a2f46759ac1,jpeg70,1,122.85506439208984
0,sid_calib,real,unknown,calib,6f519a2f46759ac1,jpeg50,1,122.88152313232422
0,sid_calib,real,unknown,calib,6f519a2f46759ac1,jpeg30,1,123.20850372314453
0,sid_calib,real,unknown,calib,6f519a2f46759ac1,blur05,1,123.21725463867188
0,sid_calib,real,unknown,calib,6f519a2f46759ac1,blur10,1,123.91519927978516
0,sid_calib,real,unknown,calib,6f519a2f46759ac1,blur20,1,127.15168762207031
0,sid_calib,real,unknown,calib,6f519a2f46759ac1,resize05,1,123.07183837890625
0,sid_calib,real,unknown,calib,6f519a2f46759ac1,resize025,1,126.20087432861328
0,sid_calib,real,unknown,calib,6f519a2f46759ac1,noise002,1,122.9887924194336
0,sid_calib,real,unknown,calib,6f519a2f46759ac1,noise005,1,123.01248931884766
0,sid_calib,real,unknown,calib,6f519a2f46759ac1,noise01,1,123.63517761230469
0,sid_calib,real,unknown,calib,6f519a2f46759ac1,jitter02,1,123.94049072265625
0,sid_calib,real,unknown,calib,6f519a2f46759ac1,crop08,1,146.18609619140625
0,sid_calib,real,unknown,calib,cee731541c92a80b,clean,1,128.3680877685547
0,sid_calib,real,unknown,calib,cee731541c92a80b,jpeg90,1,128.65792846679688
0,sid_calib,real,unknown,calib,cee731541c92a80b,jpeg70,1,128.6817169189453
0,sid_calib,real,unknown,calib,cee731541c92a80b,jpeg50,1,127.99411010742188
0,sid_calib,real,unknown,calib,cee731541c92a80b,jpeg30,1,128.0529327392578
0,sid_calib,real,unknown,calib,cee731541c92a80b,blur05,1,128.35935974121094
0,sid_calib,real,unknown,calib,cee731541c92a80b,blur10,1,128.0635528564453
0,sid_calib,real,unknown,calib,cee731541c92a80b,blur20,1,127.1398696899414
0,sid_calib,real,unknown,calib,cee731541c92a80b,resize05,1,128.22572326660156
0,sid_calib,real,unknown,calib,cee731541c92a80b,resize025,1,128.26039123535156
0,sid_calib,real,unknown,calib,cee731541c92a80b,noise002,1,128.3908233642578
0,sid_calib,real,unknown,calib,cee731541c92a80b,noise005,1,129.80880737304688
0,sid_calib,real,unknown,calib,cee731541c92a80b,noise01,1,135.48468017578125
0,sid_calib,real,unknown,calib,cee731541c92a80b,jitter02,1,128.66943359375
0,sid_calib,real,unknown,calib,cee731541c92a80b,crop08,1,158.8052215576172
1,sid_calib,full_synthetic,unknown,calib,fa1a2b3de8424329,clean,1,159.06494140625
1,sid_calib,full_synthetic,unknown,calib,fa1a2b3de8424329,jpeg90,1,159.60829162597656
1,sid_calib,full_synthetic,unknown,calib,fa1a2b3de8424329,jpeg70,1,159.79940795898438
1,sid_calib,full_synthetic,unknown,calib,fa1a2b3de8424329,jpeg50,1,159.24252319335938
1,sid_calib,full_synthetic,unknown,calib,fa1a2b3de8424329,jpeg30,1,158.10853576660156
1,sid_calib,full_synthetic,unknown,calib,fa1a2b3de8424329,blur05,1,159.1388397216797
1,sid_calib,full_synthetic,unknown,calib,fa1a2b3de8424329,blur10,1,159.73890686035156
1,sid_calib,full_synthetic,unknown,calib,fa1a2b3de8424329,blur20,1,154.88954162597656
1,sid_calib,full_synthetic,unknown,calib,fa1a2b3de8424329,resize05,1,159.2996826171875
1,sid_calib,full_synthetic,unknown,calib,fa1a2b3de8424329,resize025,1,159.52676391601562
1,sid_calib,full_synthetic,unknown,calib,fa1a2b3de8424329,noise002,1,159.17628479003906
1,sid_calib,full_synthetic,unknown,calib,fa1a2b3de8424329,noise005,1,153.76187133789062
1,sid_calib,full_synthetic,unknown,calib,fa1a2b3de8424329,noise01,1,151.78749084472656
1,sid_calib,full_synthetic,unknown,calib,fa1a2b3de8424329,jitter02,1,159.96029663085938
1,sid_calib,full_synthetic,unknown,calib,fa1a2b3de8424329,crop08,1,188.03875732421875
0,sid_calib,real,unknown,calib,dab38e412d3b6caa,clean,1,124.07161712646484
0,sid_calib,real,unknown,calib,dab38e412d3b6caa,jpeg90,1,123.98482513427734
0,sid_calib,real,unknown,calib,dab38e412d3b6caa,jpeg70,1,123.6077651977539
0,sid_calib,real,unknown,calib,dab38e412d3b6caa,jpeg50,1,123.95426177978516
0,sid_calib,real,unknown,calib,dab38e412d3b6caa,jpeg30,1,122.62318420410156
0,sid_calib,real,unknown,calib,dab38e412d3b6caa,blur05,1,124.03337097167969
0,sid_calib,real,unknown,calib,dab38e412d3b6caa,blur10,1,123.4123306274414
0,sid_calib,real,unknown,calib,dab38e412d3b6caa,blur20,1,121.43206787109375
0,sid_calib,real,unknown,calib,dab38e412d3b6caa,resize05,1,124.03213500976562
0,sid_calib,real,unknown,calib,dab38e412d3b6caa,resize025,1,122.90475463867188
0,sid_calib,real,unknown,calib,dab38e412d3b6caa,noise002,1,123.55950164794922
0,sid_calib,real,unknown,calib,dab38e412d3b6caa,noise005,1,121.43994903564453
0,sid_calib,real,unknown,calib,dab38e412d3b6caa,noise01,1,122.5992431640625
0,sid_calib,real,unknown,calib,dab38e412d3b6caa,jitter02,1,123.3169174194336
0,sid_calib,real,unknown,calib,dab38e412d3b6caa,crop08,1,155.77391052246094
1,sid_calib,full_synthetic,unknown,calib,daf9ee5993d6569f,clean,1,97.8016128540039
1,sid_calib,full_synthetic,unknown,calib,daf9ee5993d6569f,jpeg90,1,97.62816619873047
1,sid_calib,full_synthetic,unknown,calib,daf9ee5993d6569f,jpeg70,1,97.97650909423828
1,sid_calib,full_synthetic,unknown,calib,daf9ee5993d6569f,jpeg50,1,97.64617919921875
1,sid_calib,full_synthetic,unknown,calib,daf9ee5993d6569f,jpeg30,1,97.88697814941406
1,sid_calib,full_synthetic,unknown,calib,daf9ee5993d6569f,blur05,1,98.13245391845703
1,sid_calib,full_synthetic,unknown,calib,daf9ee5993d6569f,blur10,1,98.63042449951172
1,sid_calib,full_synthetic,unknown,calib,daf9ee5993d6569f,blur20,1,99.04812622070312
1,sid_calib,full_synthetic,unknown,calib,daf9ee5993d6569f,resize05,1,98.48836517333984
1,sid_calib,full_synthetic,unknown,calib,daf9ee5993d6569f,resize025,1,99.50691223144531
1,sid_calib,full_synthetic,unknown,calib,daf9ee5993d6569f,noise002,1,97.55158996582031
1,sid_calib,full_synthetic,unknown,calib,daf9ee5993d6569f,noise005,1,95.7694320678711
1,sid_calib,full_synthetic,unknown,calib,daf9ee5993d6569f,noise01,1,98.60069274902344
1,sid_calib,full_synthetic,unknown,calib,daf9ee5993d6569f,jitter02,1,97.29520416259766
1,sid_calib,full_synthetic,unknown,calib,daf9ee5993d6569f,crop08,1,119.88904571533203
0,sid_calib,real,unknown,calib,031ad6fa1f8f45f3,clean,1,95.64741516113281
0,sid_calib,real,unknown,calib,031ad6fa1f8f45f3,jpeg90,1,95.714599609375
0,sid_calib,real,unknown,calib,031ad6fa1f8f45f3,jpeg70,1,95.38023376464844
0,sid_calib,real,unknown,calib,031ad6fa1f8f45f3,jpeg50,1,94.79190826416016
0,sid_calib,real,unknown,calib,031ad6fa1f8f45f3,jpeg30,1,96.4754409790039
0,sid_calib,real,unknown,calib,031ad6fa1f8f45f3,blur05,1,95.67401123046875
0,sid_calib,real,unknown,calib,031ad6fa1f8f45f3,blur10,1,95.49076843261719
0,sid_calib,real,unknown,calib,031ad6fa1f8f45f3,blur20,1,96.30905151367188
0,sid_calib,real,unknown,calib,031ad6fa1f8f45f3,resize05,1,95.95014190673828
0,sid_calib,real,unknown,calib,031ad6fa1f8f45f3,resize025,1,95.86260986328125
0,sid_calib,real,unknown,calib,031ad6fa1f8f45f3,noise002,1,96.54771423339844
0,sid_calib,real,unknown,calib,031ad6fa1f8f45f3,noise005,1,95.3736572265625
0,sid_calib,real,unknown,calib,031ad6fa1f8f45f3,noise01,1,95.4195785522461
0,sid_calib,real,unknown,calib,031ad6fa1f8f45f3,jitter02,1,95.37609100341797
0,sid_calib,real,unknown,calib,031ad6fa1f8f45f3,crop08,1,116.74224853515625
0,sid_calib,real,unknown,calib,17ce70ecfcee1c1c,clean,1,135.92855834960938
0,sid_calib,real,unknown,calib,17ce70ecfcee1c1c,jpeg90,1,136.065185546875
0,sid_calib,real,unknown,calib,17ce70ecfcee1c1c,jpeg70,1,135.59783935546875
0,sid_calib,real,unknown,calib,17ce70ecfcee1c1c,jpeg50,1,136.53952026367188
0,sid_calib,real,unknown,calib,17ce70ecfcee1c1c,jpeg30,1,136.1342315673828
0,sid_calib,real,unknown,calib,17ce70ecfcee1c1c,blur05,1,135.5167236328125
0,sid_calib,real,unknown,calib,17ce70ecfcee1c1c,blur10,1,135.50978088378906
0,sid_calib,real,unknown,calib,17ce70ecfcee1c1c,blur20,1,136.25213623046875
0,sid_calib,real,unknown,calib,17ce70ecfcee1c1c,resize05,1,135.4440155029297
0,sid_calib,real,unknown,calib,17ce70ecfcee1c1c,resize025,1,135.4635772705078
0,sid_calib,real,unknown,calib,17ce70ecfcee1c1c,noise002,1,135.7324981689453
0,sid_calib,real,unknown,calib,17ce70ecfcee1c1c,noise005,1,136.3640899658203
0,sid_calib,real,unknown,calib,17ce70ecfcee1c1c,noise01,1,134.51913452148438
0,sid_calib,real,unknown,calib,17ce70ecfcee1c1c,jitter02,1,135.3378143310547
0,sid_calib,real,unknown,calib,17ce70ecfcee1c1c,crop08,1,170.91448974609375
0,sid_calib,real,unknown,calib,8dcad414ec881797,clean,1,75.06572723388672
0,sid_calib,real,unknown,calib,8dcad414ec881797,jpeg90,1,75.04769897460938
0,sid_calib,real,unknown,calib,8dcad414ec881797,jpeg70,1,75.45268249511719
0,sid_calib,real,unknown,calib,8dcad414ec881797,jpeg50,1,76.2315444946289
0,sid_calib,real,unknown,calib,8dcad414ec881797,jpeg30,1,75.7437973022461
0,sid_calib,real,unknown,calib,8dcad414ec881797,blur05,1,75.10862731933594
0,sid_calib,real,unknown,calib,8dcad414ec881797,blur10,1,74.92987823486328
0,sid_calib,real,unknown,calib,8dcad414ec881797,blur20,1,73.8161849975586
0,sid_calib,real,unknown,calib,8dcad414ec881797,resize05,1,75.14337158203125
0,sid_calib,real,unknown,calib,8dcad414ec881797,resize025,1,75.12761688232422
0,sid_calib,real,unknown,calib,8dcad414ec881797,noise002,1,75.32164001464844
0,sid_calib,real,unknown,calib,8dcad414ec881797,noise005,1,75.75445556640625
0,sid_calib,real,unknown,calib,8dcad414ec881797,noise01,1,73.70708465576172
0,sid_calib,real,unknown,calib,8dcad414ec881797,jitter02,1,75.12775421142578
0,sid_calib,real,unknown,calib,8dcad414ec881797,crop08,1,94.0778579711914
0,sid_calib,real,unknown,calib,d34cad718d0258ab,clean,1,105.69539642333984
0,sid_calib,real,unknown,calib,d34cad718d0258ab,jpeg90,1,105.31649017333984
0,sid_calib,real,unknown,calib,d34cad718d0258ab,jpeg70,1,83.40028381347656
0,sid_calib,real,unknown,calib,d34cad718d0258ab,jpeg50,1,104.67938995361328
0,sid_calib,real,unknown,calib,d34cad718d0258ab,jpeg30,1,82.6995620727539
0,sid_calib,real,unknown,calib,d34cad718d0258ab,blur05,1,82.89263153076172
0,sid_calib,real,unknown,calib,d34cad718d0258ab,blur10,1,82.79644012451172
0,sid_calib,real,unknown,calib,d34cad718d0258ab,blur20,1,109.6916732788086
0,sid_calib,real,unknown,calib,d34cad718d0258ab,resize05,1,83.05376434326172
0,sid_calib,real,unknown,calib,d34cad718d0258ab,resize025,1,109.62171936035156
0,sid_calib,real,unknown,calib,d34cad718d0258ab,noise002,1,105.54007720947266
0,sid_calib,real,unknown,calib,d34cad718d0258ab,noise005,1,84.15436553955078
0,sid_calib,real,unknown,calib,d34cad718d0258ab,noise01,1,82.48016357421875
0,sid_calib,real,unknown,calib,d34cad718d0258ab,jitter02,1,82.67041778564453
0,sid_calib,real,unknown,calib,d34cad718d0258ab,crop08,1,100.34197998046875
0,sid_calib,real,unknown,calib,7789a232ffec3913,clean,1,144.66104125976562
0,sid_calib,real,unknown,calib,7789a232ffec3913,jpeg90,1,144.54872131347656
0,sid_calib,real,unknown,calib,7789a232ffec3913,jpeg70,1,143.2671661376953
0,sid_calib,real,unknown,calib,7789a232ffec3913,jpeg50,1,143.2388916015625
0,sid_calib,real,unknown,calib,7789a232ffec3913,jpeg30,1,145.94419860839844
0,sid_calib,real,unknown,calib,7789a232ffec3913,blur05,1,144.78570556640625
0,sid_calib,real,unknown,calib,7789a232ffec3913,blur10,1,145.02810668945312
0,sid_calib,real,unknown,calib,7789a232ffec3913,blur20,1,145.8523712158203
0,sid_calib,real,unknown,calib,7789a232ffec3913,resize05,1,145.00912475585938
0,sid_calib,real,unknown,calib,7789a232ffec3913,resize025,1,146.81964111328125
0,sid_calib,real,unknown,calib,7789a232ffec3913,noise002,1,145.07496643066406
0,sid_calib,real,unknown,calib,7789a232ffec3913,jitter02,1,143.4899139404297
0,sid_calib,real,unknown,calib,7789a232ffec3913,crop08,1,178.3728790283203
0,sid_calib,real,unknown,calib,fc3ff9e11a919423,jpeg90,1,86.95781707763672
0,sid_calib,real,unknown,calib,fc3ff9e11a919423,jpeg50,1,86.85157012939453
0,sid_calib,real,unknown,calib,fc3ff9e11a919423,noise005,1,85.79423522949219
0,sid_calib,real,unknown,calib,fc3ff9e11a919423,crop08,1,103.38063049316406
0,sid_calib,real,unknown,calib,3b23dee641f3e6d3,clean,1,98.3272476196289
0,sid_calib,real,unknown,calib,3b23dee641f3e6d3,jpeg90,1,97.81322479248047
0,sid_calib,real,unknown,calib,3b23dee641f3e6d3,jpeg70,1,98.17720031738281
0,sid_calib,real,unknown,calib,3b23dee641f3e6d3,jpeg50,1,98.25856018066406
0,sid_calib,real,unknown,calib,3b23dee641f3e6d3,jpeg30,1,99.61161804199219
0,sid_calib,real,unknown,calib,3b23dee641f3e6d3,blur05,1,98.1525650024414
0,sid_calib,real,unknown,calib,3b23dee641f3e6d3,blur10,1,97.12761688232422
0,sid_calib,real,unknown,calib,3b23dee641f3e6d3,blur20,1,97.50887298583984
0,sid_calib,real,unknown,calib,3b23dee641f3e6d3,resize05,1,97.92153930664062
0,sid_calib,real,unknown,calib,3b23dee641f3e6d3,resize025,1,97.33939361572266
0,sid_calib,real,unknown,calib,3b23dee641f3e6d3,noise002,1,98.47645568847656
0,sid_calib,real,unknown,calib,3b23dee641f3e6d3,noise005,1,97.86106872558594
0,sid_calib,real,unknown,calib,3b23dee641f3e6d3,noise01,1,98.50301361083984
0,sid_calib,real,unknown,calib,3b23dee641f3e6d3,jitter02,1,98.04859924316406
0,sid_calib,real,unknown,calib,3b23dee641f3e6d3,crop08,1,119.39864349365234
0,sid_calib,real,unknown,calib,4b293da17ea3b6f8,clean,1,150.46156311035156
0,sid_calib,real,unknown,calib,4b293da17ea3b6f8,jpeg90,1,150.8554229736328
0,sid_calib,real,unknown,calib,4b293da17ea3b6f8,jpeg70,1,150.65316772460938
0,sid_calib,real,unknown,calib,4b293da17ea3b6f8,jpeg50,1,151.41156005859375
0,sid_calib,real,unknown,calib,4b293da17ea3b6f8,jpeg30,1,150.44058227539062
0,sid_calib,real,unknown,calib,4b293da17ea3b6f8,blur05,1,150.29827880859375
0,sid_calib,real,unknown,calib,4b293da17ea3b6f8,blur10,1,149.68594360351562
0,sid_calib,real,unknown,calib,4b293da17ea3b6f8,blur20,1,149.07717895507812
0,sid_calib,real,unknown,calib,4b293da17ea3b6f8,resize05,1,150.08343505859375
0,sid_calib,real,unknown,calib,4b293da17ea3b6f8,resize025,1,148.5291290283203
0,sid_calib,real,unknown,calib,4b293da17ea3b6f8,noise002,1,150.5904998779297
0,sid_calib,real,unknown,calib,4b293da17ea3b6f8,noise005,1,148.91455078125
0,sid_calib,real,unknown,calib,4b293da17ea3b6f8,noise01,1,147.06350708007812
0,sid_calib,real,unknown,calib,4b293da17ea3b6f8,jitter02,1,150.97462463378906
0,sid_calib,real,unknown,calib,4b293da17ea3b6f8,crop08,1,191.1790771484375
0,sid_calib,real,unknown,calib,de87894fc888d5bb,blur20,1,133.2624053955078
0,sid_calib,real,unknown,calib,de87894fc888d5bb,resize025,1,134.1459197998047
1,sid_calib,full_synthetic,unknown,calib,63e28ed85466b054,clean,1,80.00776672363281
1,sid_calib,full_synthetic,unknown,calib,63e28ed85466b054,jpeg90,1,79.93138885498047
1,sid_calib,full_synthetic,unknown,calib,63e28ed85466b054,jpeg70,1,80.16922760009766
1,sid_calib,full_synthetic,unknown,calib,63e28ed85466b054,jpeg50,1,80.36963653564453
1,sid_calib,full_synthetic,unknown,calib,63e28ed85466b054,jpeg30,1,80.21128845214844
1,sid_calib,full_synthetic,unknown,calib,63e28ed85466b054,blur05,1,80.07478332519531
1,sid_calib,full_synthetic,unknown,calib,63e28ed85466b054,blur10,1,80.01919555664062
1,sid_calib,full_synthetic,unknown,calib,63e28ed85466b054,blur20,1,79.53559875488281
1,sid_calib,full_synthetic,unknown,calib,63e28ed85466b054,resize05,1,80.1443099975586
1,sid_calib,full_synthetic,unknown,calib,63e28ed85466b054,resize025,1,80.1940689086914
1,sid_calib,full_synthetic,unknown,calib,63e28ed85466b054,noise002,1,80.25527954101562
1,sid_calib,full_synthetic,unknown,calib,63e28ed85466b054,noise005,1,80.07227325439453
1,sid_calib,full_synthetic,unknown,calib,63e28ed85466b054,noise01,1,80.23667907714844
1,sid_calib,full_synthetic,unknown,calib,63e28ed85466b054,jitter02,1,78.96337890625
1,sid_calib,full_synthetic,unknown,calib,63e28ed85466b054,crop08,1,101.32721710205078
1,sid_calib,full_synthetic,unknown,calib,9846163459325cb3,clean,1,65.73280334472656
1,sid_calib,full_synthetic,unknown,calib,9846163459325cb3,jpeg90,1,65.46311950683594
1,sid_calib,full_synthetic,unknown,calib,9846163459325cb3,jpeg70,1,65.6711196899414
1,sid_calib,full_synthetic,unknown,calib,9846163459325cb3,jpeg50,1,66.41521453857422
1,sid_calib,full_synthetic,unknown,calib,9846163459325cb3,jpeg30,1,66.14154815673828
1,sid_calib,full_synthetic,unknown,calib,9846163459325cb3,blur05,1,65.50269317626953
1,sid_calib,full_synthetic,unknown,calib,9846163459325cb3,blur10,1,64.75212860107422
1,sid_calib,full_synthetic,unknown,calib,9846163459325cb3,resize05,1,65.17906188964844
1,sid_calib,full_synthetic,unknown,calib,9846163459325cb3,resize025,1,64.78475952148438
1,sid_calib,full_synthetic,unknown,calib,9846163459325cb3,noise002,1,65.7235107421875
1,sid_calib,full_synthetic,unknown,calib,9846163459325cb3,noise005,1,65.8161849975586
1,sid_calib,full_synthetic,unknown,calib,9846163459325cb3,noise01,1,66.50345611572266
1,sid_calib,full_synthetic,unknown,calib,9846163459325cb3,jitter02,1,65.67446899414062
1,sid_calib,full_synthetic,unknown,calib,9846163459325cb3,crop08,1,77.06476593017578
1,sid_calib,full_synthetic,unknown,calib,bf4fbb8096cd07d6,clean,1,79.12236022949219
1,sid_calib,full_synthetic,unknown,calib,bf4fbb8096cd07d6,jpeg90,1,78.89212036132812
1,sid_calib,full_synthetic,unknown,calib,bf4fbb8096cd07d6,jpeg70,1,78.4028091430664
1,sid_calib,full_synthetic,unknown,calib,bf4fbb8096cd07d6,jpeg50,1,77.71395874023438
1,sid_calib,full_synthetic,unknown,calib,bf4fbb8096cd07d6,jpeg30,1,80.13088989257812
1,sid_calib,full_synthetic,unknown,calib,bf4fbb8096cd07d6,blur05,1,78.74320220947266
1,sid_calib,full_synthetic,unknown,calib,bf4fbb8096cd07d6,blur10,1,78.32415771484375
1,sid_calib,full_synthetic,unknown,calib,bf4fbb8096cd07d6,blur20,1,79.95940399169922
1,sid_calib,full_synthetic,unknown,calib,bf4fbb8096cd07d6,resize05,1,78.6997299194336
1,sid_calib,full_synthetic,unknown,calib,bf4fbb8096cd07d6,resize025,1,79.09075164794922
1,sid_calib,full_synthetic,unknown,calib,bf4fbb8096cd07d6,noise002,1,78.97281646728516
1,sid_calib,full_synthetic,unknown,calib,bf4fbb8096cd07d6,noise005,1,78.9684829711914
1,sid_calib,full_synthetic,unknown,calib,bf4fbb8096cd07d6,noise01,1,77.87965393066406
1,sid_calib,full_synthetic,unknown,calib,bf4fbb8096cd07d6,jitter02,1,79.71544647216797
1,sid_calib,full_synthetic,unknown,calib,bf4fbb8096cd07d6,crop08,1,107.37262725830078
0,sid_calib,real,unknown,calib,f2a1a78fb17d55f7,clean,1,133.25521850585938
0,sid_calib,real,unknown,calib,f2a1a78fb17d55f7,jpeg90,1,133.47738647460938
0,sid_calib,real,unknown,calib,f2a1a78fb17d55f7,jpeg70,1,133.14944458007812
0,sid_calib,real,unknown,calib,f2a1a78fb17d55f7,jpeg50,1,127.49702453613281
0,sid_calib,real,unknown,calib,f2a1a78fb17d55f7,jpeg30,1,134.42869567871094
0,sid_calib,real,unknown,calib,f2a1a78fb17d55f7,blur05,1,133.31060791015625
0,sid_calib,real,unknown,calib,f2a1a78fb17d55f7,blur10,1,132.39170837402344
0,sid_calib,real,unknown,calib,f2a1a78fb17d55f7,blur20,1,131.8074493408203
0,sid_calib,real,unknown,calib,f2a1a78fb17d55f7,resize05,1,132.92379760742188
0,sid_calib,real,unknown,calib,f2a1a78fb17d55f7,resize025,1,131.96690368652344
0,sid_calib,real,unknown,calib,f2a1a78fb17d55f7,noise002,1,132.692138671875
0,sid_calib,real,unknown,calib,f2a1a78fb17d55f7,noise005,1,126.77814483642578
0,sid_calib,real,unknown,calib,f2a1a78fb17d55f7,noise01,1,139.22763061523438
0,sid_calib,real,unknown,calib,f2a1a78fb17d55f7,jitter02,1,132.94224548339844
0,sid_calib,real,unknown,calib,f2a1a78fb17d55f7,crop08,1,165.45713806152344
0,sid_calib,real,unknown,calib,2292d65f0f10be89,crop08,1,68.4715576171875
1,sid_calib,full_synthetic,unknown,calib,77e5427a60080fdb,clean,1,102.82904052734375
1,sid_calib,full_synthetic,unknown,calib,77e5427a60080fdb,jpeg90,1,102.82428741455078
1,sid_calib,full_synthetic,unknown,calib,77e5427a60080fdb,jpeg70,1,102.61332702636719
1,sid_calib,full_synthetic,unknown,calib,77e5427a60080fdb,jpeg50,1,103.04248046875
1,sid_calib,full_synthetic,unknown,calib,77e5427a60080fdb,jpeg30,1,103.81092071533203
1,sid_calib,full_synthetic,unknown,calib,77e5427a60080fdb,blur05,1,102.61672973632812
1,sid_calib,full_synthetic,unknown,calib,77e5427a60080fdb,blur10,1,102.39350128173828
1,sid_calib,full_synthetic,unknown,calib,77e5427a60080fdb,blur20,1,102.7368392944336
1,sid_calib,full_synthetic,unknown,calib,77e5427a60080fdb,resize05,1,102.53450775146484
1,sid_calib,full_synthetic,unknown,calib,77e5427a60080fdb,resize025,1,103.90522003173828
1,sid_calib,full_synthetic,unknown,calib,77e5427a60080fdb,noise002,1,102.55039978027344
1,sid_calib,full_synthetic,unknown,calib,77e5427a60080fdb,noise005,1,101.47866821289062
1,sid_calib,full_synthetic,unknown,calib,77e5427a60080fdb,noise01,1,100.7120590209961
1,sid_calib,full_synthetic,unknown,calib,77e5427a60080fdb,jitter02,1,102.69108581542969
1,sid_calib,full_synthetic,unknown,calib,77e5427a60080fdb,crop08,1,134.02003479003906
0,sid_calib,real,unknown,calib,c5eccece72fe98be,clean,1,67.69993591308594
0,sid_calib,real,unknown,calib,c5eccece72fe98be,jpeg90,1,67.55726623535156
0,sid_calib,real,unknown,calib,c5eccece72fe98be,jpeg70,1,67.42485809326172
0,sid_calib,real,unknown,calib,c5eccece72fe98be,jpeg50,1,67.51947784423828
0,sid_calib,real,unknown,calib,c5eccece72fe98be,jpeg30,1,68.23898315429688
0,sid_calib,real,unknown,calib,c5eccece72fe98be,blur05,1,67.74169158935547
0,sid_calib,real,unknown,calib,c5eccece72fe98be,blur10,1,67.50045776367188
0,sid_calib,real,unknown,calib,c5eccece72fe98be,blur20,1,67.56328582763672
0,sid_calib,real,unknown,calib,c5eccece72fe98be,resize05,1,67.4712905883789
0,sid_calib,real,unknown,calib,c5eccece72fe98be,resize025,1,67.9061508178711
0,sid_calib,real,unknown,calib,c5eccece72fe98be,noise002,1,68.33887481689453
0,sid_calib,real,unknown,calib,c5eccece72fe98be,noise005,1,67.91734313964844
0,sid_calib,real,unknown,calib,c5eccece72fe98be,noise01,1,69.08210754394531
0,sid_calib,real,unknown,calib,c5eccece72fe98be,jitter02,1,67.33952331542969
0,sid_calib,real,unknown,calib,c5eccece72fe98be,crop08,1,85.10730743408203
1,sid_calib,full_synthetic,unknown,calib,47495e942923d622,clean,1,68.40607452392578
1,sid_calib,full_synthetic,unknown,calib,47495e942923d622,jpeg90,1,68.00191497802734
1,sid_calib,full_synthetic,unknown,calib,47495e942923d622,jpeg70,1,67.91368103027344
1,sid_calib,full_synthetic,unknown,calib,47495e942923d622,jpeg50,1,67.77277374267578
1,sid_calib,full_synthetic,unknown,calib,47495e942923d622,jpeg30,1,68.44725036621094
1,sid_calib,full_synthetic,unknown,calib,47495e942923d622,blur05,1,68.33392333984375
1,sid_calib,full_synthetic,unknown,calib,47495e942923d622,blur10,1,68.39013671875
1,sid_calib,full_synthetic,unknown,calib,47495e942923d622,blur20,1,68.59165954589844
1,sid_calib,full_synthetic,unknown,calib,47495e942923d622,resize05,1,68.38554382324219
1,sid_calib,full_synthetic,unknown,calib,47495e942923d622,resize025,1,68.55362701416016
1,sid_calib,full_synthetic,unknown,calib,47495e942923d622,noise002,1,68.65990447998047
1,sid_calib,full_synthetic,unknown,calib,47495e942923d622,noise005,1,68.89569854736328
1,sid_calib,full_synthetic,unknown,calib,47495e942923d622,noise01,1,68.30459594726562
1,sid_calib,full_synthetic,unknown,calib,47495e942923d622,jitter02,1,69.23648834228516
1,sid_calib,full_synthetic,unknown,calib,47495e942923d622,crop08,1,87.75608825683594
1,sid_calib,full_synthetic,unknown,calib,1671fc6399332fd3,clean,1,98.93960571289062
1,sid_calib,full_synthetic,unknown,calib,1671fc6399332fd3,jpeg90,1,98.96427917480469
1,sid_calib,full_synthetic,unknown,calib,1671fc6399332fd3,jpeg70,1,98.55288696289062
1,sid_calib,full_synthetic,unknown,calib,1671fc6399332fd3,jpeg50,1,98.19928741455078
1,sid_calib,full_synthetic,unknown,calib,1671fc6399332fd3,jpeg30,1,98.44136047363281
1,sid_calib,full_synthetic,unknown,calib,1671fc6399332fd3,blur05,1,98.95650482177734
1,sid_calib,full_synthetic,unknown,calib,1671fc6399332fd3,blur10,1,98.18331909179688
1,sid_calib,full_synthetic,unknown,calib,1671fc6399332fd3,blur20,1,97.18394470214844
1,sid_calib,full_synthetic,unknown,calib,1671fc6399332fd3,resize05,1,99.0223388671875
1,sid_calib,full_synthetic,unknown,calib,1671fc6399332fd3,resize025,1,97.30816650390625
1,sid_calib,full_synthetic,unknown,calib,1671fc6399332fd3,noise002,1,98.95468139648438
1,sid_calib,full_synthetic,unknown,calib,1671fc6399332fd3,noise005,1,98.1290054321289
1,sid_calib,full_synthetic,unknown,calib,1671fc6399332fd3,noise01,1,94.64413452148438
1,sid_calib,full_synthetic,unknown,calib,1671fc6399332fd3,jitter02,1,97.86890411376953
1,sid_calib,full_synthetic,unknown,calib,1671fc6399332fd3,crop08,1,118.69562530517578
1,sid_calib,full_synthetic,unknown,calib,972da16332a840a2,clean,1,153.2661590576172
1,sid_calib,full_synthetic,unknown,calib,972da16332a840a2,jpeg90,1,152.9989013671875
1,sid_calib,full_synthetic,unknown,calib,972da16332a840a2,jpeg70,1,152.04290771484375
1,sid_calib,full_synthetic,unknown,calib,972da16332a840a2,jpeg50,1,153.34814453125
1,sid_calib,full_synthetic,unknown,calib,972da16332a840a2,jpeg30,1,153.51199340820312
1,sid_calib,full_synthetic,unknown,calib,972da16332a840a2,blur05,1,153.35330200195312
1,sid_calib,full_synthetic,unknown,calib,972da16332a840a2,blur10,1,153.6416015625
1,sid_calib,full_synthetic,unknown,calib,972da16332a840a2,blur20,1,154.54124450683594
1,sid_calib,full_synthetic,unknown,calib,972da16332a840a2,resize05,1,153.5257568359375
1,sid_calib,full_synthetic,unknown,calib,972da16332a840a2,resize025,1,153.7546844482422
1,sid_calib,full_synthetic,unknown,calib,972da16332a840a2,noise002,1,153.27186584472656
1,sid_calib,full_synthetic,unknown,calib,972da16332a840a2,noise005,1,152.53382873535156
1,sid_calib,full_synthetic,unknown,calib,972da16332a840a2,noise01,1,145.33114624023438
1,sid_calib,full_synthetic,unknown,calib,972da16332a840a2,jitter02,1,149.86749267578125
1,sid_calib,full_synthetic,unknown,calib,972da16332a840a2,crop08,1,200.77630615234375
0,sid_calib,real,unknown,calib,c5b0f796e8a0f093,clean,1,315.1319580078125
0,sid_calib,real,unknown,calib,c5b0f796e8a0f093,jpeg90,1,314.98480224609375
0,sid_calib,real,unknown,calib,c5b0f796e8a0f093,jpeg70,1,315.8553771972656
0,sid_calib,real,unknown,calib,c5b0f796e8a0f093,jpeg50,1,318.51519775390625
0,sid_calib,real,unknown,calib,c5b0f796e8a0f093,jpeg30,1,316.93011474609375
0,sid_calib,real,unknown,calib,c5b0f796e8a0f093,blur05,1,317.1670837402344
0,sid_calib,real,unknown,calib,c5b0f796e8a0f093,blur10,1,319.14935302734375
0,sid_calib,real,unknown,calib,c5b0f796e8a0f093,blur20,1,315.5046081542969
0,sid_calib,real,unknown,calib,c5b0f796e8a0f093,resize05,1,318.4726257324219
0,sid_calib,real,unknown,calib,c5b0f796e8a0f093,resize025,1,315.5948486328125
0,sid_calib,real,unknown,calib,c5b0f796e8a0f093,noise002,1,314.2245788574219
0,sid_calib,real,unknown,calib,c5b0f796e8a0f093,noise005,1,316.93548583984375
0,sid_calib,real,unknown,calib,c5b0f796e8a0f093,noise01,1,327.65966796875
0,sid_calib,real,unknown,calib,c5b0f796e8a0f093,jitter02,1,316.2448425292969
0,sid_calib,real,unknown,calib,c5b0f796e8a0f093,crop08,1,388.31695556640625
0,sid_calib,real,unknown,calib,c87c181caa81c2d5,clean,1,83.72979736328125
0,sid_calib,real,unknown,calib,c87c181caa81c2d5,jpeg90,1,83.92174530029297
0,sid_calib,real,unknown,calib,c87c181caa81c2d5,jpeg70,1,84.12500762939453
0,sid_calib,real,unknown,calib,c87c181caa81c2d5,jpeg50,1,84.38202667236328
0,sid_calib,real,unknown,calib,c87c181caa81c2d5,jpeg30,1,84.21796417236328
0,sid_calib,real,unknown,calib,c87c181caa81c2d5,blur05,1,83.5820541381836
0,sid_calib,real,unknown,calib,c87c181caa81c2d5,blur10,1,83.20024871826172
0,sid_calib,real,unknown,calib,c87c181caa81c2d5,blur20,1,83.48263549804688
0,sid_calib,real,unknown,calib,c87c181caa81c2d5,resize05,1,83.46162414550781
0,sid_calib,real,unknown,calib,c87c181caa81c2d5,resize025,1,85.57327270507812
0,sid_calib,real,unknown,calib,c87c181caa81c2d5,noise002,1,83.90543365478516
0,sid_calib,real,unknown,calib,c87c181caa81c2d5,noise005,1,85.06100463867188
0,sid_calib,real,unknown,calib,c87c181caa81c2d5,noise01,1,87.23165893554688
0,sid_calib,real,unknown,calib,c87c181caa81c2d5,jitter02,1,84.87256622314453
0,sid_calib,real,unknown,calib,c87c181caa81c2d5,crop08,1,99.50079345703125
0,sid_calib,real,unknown,calib,b241e5bbb8dfe928,clean,1,205.81060791015625
0,sid_calib,real,unknown,calib,b241e5bbb8dfe928,jpeg90,1,206.06158447265625
0,sid_calib,real,unknown,calib,b241e5bbb8dfe928,jpeg70,1,206.4686279296875
0,sid_calib,real,unknown,calib,b241e5bbb8dfe928,jpeg50,1,205.09356689453125
0,sid_calib,real,unknown,calib,b241e5bbb8dfe928,jpeg30,1,205.01077270507812
0,sid_calib,real,unknown,calib,b241e5bbb8dfe928,blur05,1,205.80487060546875
0,sid_calib,real,unknown,calib,b241e5bbb8dfe928,blur10,1,206.3361053466797
0,sid_calib,real,unknown,calib,b241e5bbb8dfe928,blur20,1,206.39627075195312
0,sid_calib,real,unknown,calib,b241e5bbb8dfe928,resize05,1,205.99728393554688
0,sid_calib,real,unknown,calib,b241e5bbb8dfe928,resize025,1,204.7475128173828
0,sid_calib,real,unknown,calib,b241e5bbb8dfe928,noise002,1,206.1331787109375
0,sid_calib,real,unknown,calib,b241e5bbb8dfe928,noise005,1,206.0505828857422
0,sid_calib,real,unknown,calib,b241e5bbb8dfe928,noise01,1,203.02923583984375
0,sid_calib,real,unknown,calib,b241e5bbb8dfe928,jitter02,1,205.5710906982422
0,sid_calib,real,unknown,calib,b241e5bbb8dfe928,crop08,1,252.1752166748047
1,sid_calib,full_synthetic,unknown,calib,6993b2ccdd5bef1f,clean,1,212.86785888671875
1,sid_calib,full_synthetic,unknown,calib,6993b2ccdd5bef1f,jpeg90,1,212.783935546875
1,sid_calib,full_synthetic,unknown,calib,6993b2ccdd5bef1f,jpeg70,1,212.62582397460938
1,sid_calib,full_synthetic,unknown,calib,6993b2ccdd5bef1f,jpeg50,1,211.93226623535156
1,sid_calib,full_synthetic,unknown,calib,6993b2ccdd5bef1f,jpeg30,1,210.10606384277344
1,sid_calib,full_synthetic,unknown,calib,6993b2ccdd5bef1f,blur05,1,212.44183349609375
1,sid_calib,full_synthetic,unknown,calib,6993b2ccdd5bef1f,blur10,1,209.857421875
1,sid_calib,full_synthetic,unknown,calib,6993b2ccdd5bef1f,blur20,1,215.47903442382812
1,sid_calib,full_synthetic,unknown,calib,6993b2ccdd5bef1f,resize05,1,210.78628540039062
1,sid_calib,full_synthetic,unknown,calib,6993b2ccdd5bef1f,resize025,1,214.79983520507812
1,sid_calib,full_synthetic,unknown,calib,6993b2ccdd5bef1f,noise002,1,210.30934143066406
1,sid_calib,full_synthetic,unknown,calib,6993b2ccdd5bef1f,noise005,1,216.35824584960938
1,sid_calib,full_synthetic,unknown,calib,6993b2ccdd5bef1f,crop08,1,249.3107452392578
1,sid_calib,full_synthetic,unknown,calib,c4323a11862c49fb,clean,1,129.34201049804688
1,sid_calib,full_synthetic,unknown,calib,c4323a11862c49fb,jpeg90,1,129.17713928222656
1,sid_calib,full_synthetic,unknown,calib,c4323a11862c49fb,jpeg70,1,129.07554626464844
1,sid_calib,full_synthetic,unknown,calib,c4323a11862c49fb,jpeg50,1,129.1741180419922
1,sid_calib,full_synthetic,unknown,calib,c4323a11862c49fb,jpeg30,1,128.56539916992188
1,sid_calib,full_synthetic,unknown,calib,c4323a11862c49fb,blur05,1,129.4373321533203
1,sid_calib,full_synthetic,unknown,calib,c4323a11862c49fb,blur10,1,130.178955078125
1,sid_calib,full_synthetic,unknown,calib,c4323a11862c49fb,blur20,1,131.39419555664062
1,sid_calib,full_synthetic,unknown,calib,c4323a11862c49fb,resize05,1,129.15322875976562
1,sid_calib,full_synthetic,unknown,calib,c4323a11862c49fb,resize025,1,130.08726501464844
1,sid_calib,full_synthetic,unknown,calib,c4323a11862c49fb,noise002,1,129.85690307617188
1,sid_calib,full_synthetic,unknown,calib,c4323a11862c49fb,noise005,1,129.6790771484375
1,sid_calib,full_synthetic,unknown,calib,c4323a11862c49fb,noise01,1,131.08004760742188
1,sid_calib,full_synthetic,unknown,calib,c4323a11862c49fb,jitter02,1,128.7261199951172
1,sid_calib,full_synthetic,unknown,calib,c4323a11862c49fb,crop08,1,167.9330596923828
0,sid_calib,real,unknown,calib,d45279bdb1440e46,clean,1,170.10540771484375
0,sid_calib,real,unknown,calib,d45279bdb1440e46,jpeg90,1,170.662841796875
0,sid_calib,real,unknown,calib,d45279bdb1440e46,jpeg70,1,171.617919921875
0,sid_calib,real,unknown,calib,d45279bdb1440e46,jpeg50,1,172.63673400878906
0,sid_calib,real,unknown,calib,d45279bdb1440e46,jpeg30,1,171.28558349609375
0,sid_calib,real,unknown,calib,d45279bdb1440e46,blur05,1,170.6386260986328
0,sid_calib,real,unknown,calib,d45279bdb1440e46,blur10,1,166.63600158691406
0,sid_calib,real,unknown,calib,d45279bdb1440e46,blur20,1,166.90614318847656
0,sid_calib,real,unknown,calib,d45279bdb1440e46,resize05,1,171.55650329589844
0,sid_calib,real,unknown,calib,d45279bdb1440e46,resize025,1,167.64410400390625
0,sid_calib,real,unknown,calib,d45279bdb1440e46,noise002,1,170.53927612304688
0,sid_calib,real,unknown,calib,d45279bdb1440e46,noise005,1,174.31988525390625
0,sid_calib,real,unknown,calib,d45279bdb1440e46,noise01,1,174.21119689941406
0,sid_calib,real,unknown,calib,d45279bdb1440e46,jitter02,1,171.48997497558594
0,sid_calib,real,unknown,calib,d45279bdb1440e46,crop08,1,217.1687774658203
0,sid_calib,real,unknown,calib,3dd450b165632c0a,clean,1,67.01336669921875
0,sid_calib,real,unknown,calib,3dd450b165632c0a,jpeg90,1,66.60111999511719
0,sid_calib,real,unknown,calib,3dd450b165632c0a,jpeg70,1,67.05525207519531
0,sid_calib,real,unknown,calib,3dd450b165632c0a,jpeg50,1,66.58550262451172
0,sid_calib,real,unknown,calib,3dd450b165632c0a,jpeg30,1,67.23380279541016
0,sid_calib,real,unknown,calib,3dd450b165632c0a,blur05,1,66.8738021850586
0,sid_calib,real,unknown,calib,3dd450b165632c0a,blur10,1,67.05604553222656
0,sid_calib,real,unknown,calib,3dd450b165632c0a,blur20,1,66.97674560546875
0,sid_calib,real,unknown,calib,3dd450b165632c0a,resize05,1,66.93896484375
0,sid_calib,real,unknown,calib,3dd450b165632c0a,resize025,1,67.65795135498047
0,sid_calib,real,unknown,calib,3dd450b165632c0a,noise002,1,66.60624694824219
0,sid_calib,real,unknown,calib,3dd450b165632c0a,noise005,1,66.65463256835938
0,sid_calib,real,unknown,calib,3dd450b165632c0a,noise01,1,65.17578887939453
0,sid_calib,real,unknown,calib,3dd450b165632c0a,jitter02,1,66.44268035888672
0,sid_calib,real,unknown,calib,3dd450b165632c0a,crop08,1,86.71980285644531
1,sid_calib,full_synthetic,unknown,calib,b9d0d7f29abdc30a,clean,1,92.50960540771484
1,sid_calib,full_synthetic,unknown,calib,b9d0d7f29abdc30a,jpeg90,1,92.3633804321289
1,sid_calib,full_synthetic,unknown,calib,b9d0d7f29abdc30a,jpeg70,1,92.03365325927734
1,sid_calib,full_synthetic,unknown,calib,b9d0d7f29abdc30a,jpeg50,1,92.11711883544922
1,sid_calib,full_synthetic,unknown,calib,b9d0d7f29abdc30a,jpeg30,1,91.3255615234375
1,sid_calib,full_synthetic,unknown,calib,b9d0d7f29abdc30a,blur05,1,92.27155303955078
1,sid_calib,full_synthetic,unknown,calib,b9d0d7f29abdc30a,blur10,1,92.02882385253906
1,sid_calib,full_synthetic,unknown,calib,b9d0d7f29abdc30a,blur20,1,93.85686492919922
1,sid_calib,full_synthetic,unknown,calib,b9d0d7f29abdc30a,resize05,1,92.26968383789062
1,sid_calib,full_synthetic,unknown,calib,b9d0d7f29abdc30a,resize025,1,93.77114868164062
1,sid_calib,full_synthetic,unknown,calib,b9d0d7f29abdc30a,noise002,1,92.70592498779297
1,sid_calib,full_synthetic,unknown,calib,b9d0d7f29abdc30a,noise005,1,91.77538299560547
1,sid_calib,full_synthetic,unknown,calib,b9d0d7f29abdc30a,noise01,1,95.48091125488281
1,sid_calib,full_synthetic,unknown,calib,b9d0d7f29abdc30a,jitter02,1,92.88140106201172
1,sid_calib,full_synthetic,unknown,calib,b9d0d7f29abdc30a,crop08,1,123.76780700683594
1,sid_calib,full_synthetic,unknown,calib,7428e4047608238a,crop08,1,238.4850616455078
1,sid_calib,full_synthetic,unknown,calib,3b6c6f8f99396561,clean,1,139.53465270996094
1,sid_calib,full_synthetic,unknown,calib,3b6c6f8f99396561,jpeg90,1,139.69882202148438
1,sid_calib,full_synthetic,unknown,calib,3b6c6f8f99396561,jpeg70,1,140.12005615234375
1,sid_calib,full_synthetic,unknown,calib,3b6c6f8f99396561,jpeg50,1,139.18478393554688
1,sid_calib,full_synthetic,unknown,calib,3b6c6f8f99396561,jpeg30,1,142.00990295410156
1,sid_calib,full_synthetic,unknown,calib,3b6c6f8f99396561,blur05,1,139.1263885498047
1,sid_calib,full_synthetic,unknown,calib,3b6c6f8f99396561,blur10,1,138.27679443359375
1,sid_calib,full_synthetic,unknown,calib,3b6c6f8f99396561,blur20,1,138.12327575683594
1,sid_calib,full_synthetic,unknown,calib,3b6c6f8f99396561,resize05,1,139.1997528076172
1,sid_calib,full_synthetic,unknown,calib,3b6c6f8f99396561,resize025,1,138.0044403076172
1,sid_calib,full_synthetic,unknown,calib,3b6c6f8f99396561,noise002,1,139.4546356201172
1,sid_calib,full_synthetic,unknown,calib,3b6c6f8f99396561,noise005,1,143.62254333496094
1,sid_calib,full_synthetic,unknown,calib,3b6c6f8f99396561,noise01,1,145.7643585205078
1,sid_calib,full_synthetic,unknown,calib,3b6c6f8f99396561,jitter02,1,139.41354370117188
1,sid_calib,full_synthetic,unknown,calib,3b6c6f8f99396561,crop08,1,179.44252014160156
1,sid_calib,full_synthetic,unknown,calib,9a3f76ce90e41e3a,clean,1,116.76309967041016
1,sid_calib,full_synthetic,unknown,calib,9a3f76ce90e41e3a,jpeg90,1,116.95378112792969
1,sid_calib,full_synthetic,unknown,calib,9a3f76ce90e41e3a,jpeg70,1,117.58686828613281
1,sid_calib,full_synthetic,unknown,calib,9a3f76ce90e41e3a,jpeg50,1,117.11126708984375
1,sid_calib,full_synthetic,unknown,calib,9a3f76ce90e41e3a,jpeg30,1,116.26731872558594
1,sid_calib,full_synthetic,unknown,calib,9a3f76ce90e41e3a,blur05,1,115.09186553955078
1,sid_calib,full_synthetic,unknown,calib,9a3f76ce90e41e3a,blur10,1,114.517333984375
1,sid_calib,full_synthetic,unknown,calib,9a3f76ce90e41e3a,blur20,1,117.19788360595703
1,sid_calib,full_synthetic,unknown,calib,9a3f76ce90e41e3a,resize05,1,114.97752380371094
1,sid_calib,full_synthetic,unknown,calib,9a3f76ce90e41e3a,resize025,1,113.13460540771484
1,sid_calib,full_synthetic,unknown,calib,9a3f76ce90e41e3a,noise002,1,115.71269226074219
1,sid_calib,full_synthetic,unknown,calib,9a3f76ce90e41e3a,noise005,1,118.55081939697266
1,sid_calib,full_synthetic,unknown,calib,9a3f76ce90e41e3a,noise01,1,114.4354019165039
1,sid_calib,full_synthetic,unknown,calib,9a3f76ce90e41e3a,jitter02,1,116.56969451904297
1,sid_calib,full_synthetic,unknown,calib,9a3f76ce90e41e3a,crop08,1,148.31927490234375
0,sid_calib,real,unknown,calib,7e831ff5e2d4f9d3,clean,1,96.93672943115234
0,sid_calib,real,unknown,calib,7e831ff5e2d4f9d3,jpeg90,1,97.17506408691406
0,sid_calib,real,unknown,calib,7e831ff5e2d4f9d3,jpeg70,1,96.69902038574219
0,sid_calib,real,unknown,calib,7e831ff5e2d4f9d3,jpeg50,1,96.55158233642578
0,sid_calib,real,unknown,calib,7e831ff5e2d4f9d3,jpeg30,1,96.41233825683594
0,sid_calib,real,unknown,calib,7e831ff5e2d4f9d3,blur05,1,96.91416931152344
0,sid_calib,real,unknown,calib,7e831ff5e2d4f9d3,blur10,1,96.90170288085938
0,sid_calib,real,unknown,calib,7e831ff5e2d4f9d3,resize05,1,96.60652160644531
0,sid_calib,real,unknown,calib,7e831ff5e2d4f9d3,noise002,1,98.42831420898438
0,sid_calib,real,unknown,calib,7e831ff5e2d4f9d3,noise005,1,97.35302734375
0,sid_calib,real,unknown,calib,7e831ff5e2d4f9d3,jitter02,1,95.89173126220703
0,sid_calib,real,unknown,calib,7e831ff5e2d4f9d3,crop08,1,106.15059661865234
0,sid_calib,real,unknown,calib,c552ced6f2ec6920,clean,1,214.85531616210938
0,sid_calib,real,unknown,calib,c552ced6f2ec6920,jpeg90,1,214.67120361328125
0,sid_calib,real,unknown,calib,c552ced6f2ec6920,jpeg70,1,215.07748413085938
0,sid_calib,real,unknown,calib,c552ced6f2ec6920,jpeg50,1,216.03297424316406
0,sid_calib,real,unknown,calib,c552ced6f2ec6920,jpeg30,1,214.0107879638672
0,sid_calib,real,unknown,calib,c552ced6f2ec6920,blur05,1,215.1504669189453
0,sid_calib,real,unknown,calib,c552ced6f2ec6920,blur10,1,214.59603881835938
0,sid_calib,real,unknown,calib,c552ced6f2ec6920,blur20,1,212.99444580078125
0,sid_calib,real,unknown,calib,c552ced6f2ec6920,resize05,1,214.90428161621094
0,sid_calib,real,unknown,calib,c552ced6f2ec6920,resize025,1,212.76336669921875
0,sid_calib,real,unknown,calib,c552ced6f2ec6920,noise002,1,215.74501037597656
0,sid_calib,real,unknown,calib,c552ced6f2ec6920,noise005,1,215.15042114257812
0,sid_calib,real,unknown,calib,c552ced6f2ec6920,noise01,1,223.89195251464844
0,sid_calib,real,unknown,calib,c552ced6f2ec6920,jitter02,1,214.47885131835938
0,sid_calib,real,unknown,calib,c552ced6f2ec6920,crop08,1,253.01319885253906
0,sid_calib,real,unknown,calib,8946eaf899383fcb,crop08,1,75.15047454833984
0,sid_calib,real,unknown,calib,a81305b095314811,clean,1,449.5108642578125
0,sid_calib,real,unknown,calib,a81305b095314811,jpeg90,1,449.1985168457031
0,sid_calib,real,unknown,calib,a81305b095314811,jpeg70,1,448.34747314453125
0,sid_calib,real,unknown,calib,a81305b095314811,jpeg50,1,448.4353942871094
0,sid_calib,real,unknown,calib,a81305b095314811,jpeg30,1,448.3709716796875
0,sid_calib,real,unknown,calib,a81305b095314811,blur05,1,449.03131103515625
0,sid_calib,real,unknown,calib,a81305b095314811,blur10,1,447.7596740722656
0,sid_calib,real,unknown,calib,a81305b095314811,blur20,1,445.97955322265625
0,sid_calib,real,unknown,calib,a81305b095314811,resize05,1,447.8363037109375
0,sid_calib,real,unknown,calib,a81305b095314811,resize025,1,446.6096496582031
0,sid_calib,real,unknown,calib,a81305b095314811,noise002,1,446.490234375
0,sid_calib,real,unknown,calib,a81305b095314811,noise005,1,440.9523010253906
0,sid_calib,real,unknown,calib,a81305b095314811,noise01,1,446.8968505859375
0,sid_calib,real,unknown,calib,a81305b095314811,jitter02,1,447.3773193359375
0,sid_calib,real,unknown,calib,a81305b095314811,crop08,1,529.387451171875
1,sid_calib,full_synthetic,unknown,calib,682498efa65b05ad,clean,1,213.0118408203125
1,sid_calib,full_synthetic,unknown,calib,682498efa65b05ad,jpeg90,1,212.4437255859375
1,sid_calib,full_synthetic,unknown,calib,682498efa65b05ad,jpeg70,1,212.2318572998047
1,sid_calib,full_synthetic,unknown,calib,682498efa65b05ad,jpeg50,1,211.45433044433594
1,sid_calib,full_synthetic,unknown,calib,682498efa65b05ad,jpeg30,1,213.94491577148438
1,sid_calib,full_synthetic,unknown,calib,682498efa65b05ad,blur05,1,213.00759887695312
1,sid_calib,full_synthetic,unknown,calib,682498efa65b05ad,blur10,1,213.0943603515625
1,sid_calib,full_synthetic,unknown,calib,682498efa65b05ad,blur20,1,214.63479614257812
1,sid_calib,full_synthetic,unknown,calib,682498efa65b05ad,resize05,1,213.1940460205078
1,sid_calib,full_synthetic,unknown,calib,682498efa65b05ad,resize025,1,213.48204040527344
1,sid_calib,full_synthetic,unknown,calib,682498efa65b05ad,noise002,1,212.77198791503906
1,sid_calib,full_synthetic,unknown,calib,682498efa65b05ad,noise005,1,213.65545654296875
1,sid_calib,full_synthetic,unknown,calib,682498efa65b05ad,noise01,1,219.01158142089844
1,sid_calib,full_synthetic,unknown,calib,682498efa65b05ad,jitter02,1,214.54405212402344
1,sid_calib,full_synthetic,unknown,calib,682498efa65b05ad,crop08,1,265.664306640625
0,sid_calib,real,unknown,calib,bc2c2d43b5f12eea,clean,1,108.31595611572266
0,sid_calib,real,unknown,calib,bc2c2d43b5f12eea,jpeg90,1,107.89739227294922
0,sid_calib,real,unknown,calib,bc2c2d43b5f12eea,jpeg70,1,107.4233169555664
0,sid_calib,real,unknown,calib,bc2c2d43b5f12eea,jpeg50,1,107.78375244140625
0,sid_calib,real,unknown,calib,bc2c2d43b5f12eea,jpeg30,1,107.64200592041016
0,sid_calib,real,unknown,calib,bc2c2d43b5f12eea,blur05,1,108.57597351074219
0,sid_calib,real,unknown,calib,bc2c2d43b5f12eea,blur10,1,107.50103759765625
0,sid_calib,real,unknown,calib,bc2c2d43b5f12eea,blur20,1,105.88355255126953
0,sid_calib,real,unknown,calib,bc2c2d43b5f12eea,resize05,1,108.2943115234375
0,sid_calib,real,unknown,calib,bc2c2d43b5f12eea,resize025,1,105.93840026855469
0,sid_calib,real,unknown,calib,bc2c2d43b5f12eea,noise002,1,107.89547729492188
0,sid_calib,real,unknown,calib,bc2c2d43b5f12eea,noise005,1,107.94688415527344
0,sid_calib,real,unknown,calib,bc2c2d43b5f12eea,noise01,1,103.66949462890625
0,sid_calib,real,unknown,calib,bc2c2d43b5f12eea,jitter02,1,108.19456481933594
0,sid_calib,real,unknown,calib,2be37c2fcbf4fac0,clean,1,113.58118438720703
0,sid_calib,real,unknown,calib,2be37c2fcbf4fac0,jpeg90,1,114.01499938964844
0,sid_calib,real,unknown,calib,2be37c2fcbf4fac0,jpeg70,1,113.69062042236328
0,sid_calib,real,unknown,calib,2be37c2fcbf4fac0,jpeg50,1,112.76930236816406
0,sid_calib,real,unknown,calib,2be37c2fcbf4fac0,jpeg30,1,113.21900939941406
0,sid_calib,real,unknown,calib,2be37c2fcbf4fac0,blur05,1,113.51646423339844
0,sid_calib,real,unknown,calib,2be37c2fcbf4fac0,blur10,1,113.69812774658203
0,sid_calib,real,unknown,calib,2be37c2fcbf4fac0,blur20,1,112.12877655029297
0,sid_calib,real,unknown,calib,2be37c2fcbf4fac0,resize05,1,113.74971771240234
0,sid_calib,real,unknown,calib,2be37c2fcbf4fac0,resize025,1,113.74921417236328
0,sid_calib,real,unknown,calib,2be37c2fcbf4fac0,noise002,1,112.86091613769531
0,sid_calib,real,unknown,calib,2be37c2fcbf4fac0,noise005,1,111.26606750488281
0,sid_calib,real,unknown,calib,2be37c2fcbf4fac0,noise01,1,111.25436401367188
0,sid_calib,real,unknown,calib,2be37c2fcbf4fac0,jitter02,1,113.4255142211914
0,sid_calib,real,unknown,calib,2be37c2fcbf4fac0,crop08,1,141.8602294921875
0,sid_calib,real,unknown,calib,be8e6b2e06d6ba0a,clean,1,214.18231201171875
0,sid_calib,real,unknown,calib,be8e6b2e06d6ba0a,jpeg90,1,213.5975799560547
0,sid_calib,real,unknown,calib,be8e6b2e06d6ba0a,jpeg70,1,214.22265625
0,sid_calib,real,unknown,calib,be8e6b2e06d6ba0a,jpeg50,1,213.79454040527344
0,sid_calib,real,unknown,calib,be8e6b2e06d6ba0a,jpeg30,1,213.4567413330078
0,sid_calib,real,unknown,calib,be8e6b2e06d6ba0a,blur05,1,214.1158447265625
0,sid_calib,real,unknown,calib,be8e6b2e06d6ba0a,blur10,1,214.48031616210938
0,sid_calib,real,unknown,calib,be8e6b2e06d6ba0a,blur20,1,213.23947143554688
0,sid_calib,real,unknown,calib,be8e6b2e06d6ba0a,resize05,1,214.35028076171875
0,sid_calib,real,unknown,calib,be8e6b2e06d6ba0a,resize025,1,214.3350830078125
0,sid_calib,real,unknown,calib,be8e6b2e06d6ba0a,noise002,1,214.6804656982422
0,sid_calib,real,unknown,calib,be8e6b2e06d6ba0a,noise005,1,217.15785217285156
0,sid_calib,real,unknown,calib,be8e6b2e06d6ba0a,noise01,1,218.85614013671875
0,sid_calib,real,unknown,calib,be8e6b2e06d6ba0a,jitter02,1,213.59286499023438
0,sid_calib,real,unknown,calib,be8e6b2e06d6ba0a,crop08,1,263.968994140625
1,sid_calib,full_synthetic,unknown,calib,9c52182434577b2a,clean,1,203.98548889160156
1,sid_calib,full_synthetic,unknown,calib,9c52182434577b2a,jpeg90,1,203.5454864501953
1,sid_calib,full_synthetic,unknown,calib,9c52182434577b2a,jpeg70,1,204.200439453125
1,sid_calib,full_synthetic,unknown,calib,9c52182434577b2a,jpeg50,1,203.64161682128906
1,sid_calib,full_synthetic,unknown,calib,9c52182434577b2a,jpeg30,1,201.46730041503906
1,sid_calib,full_synthetic,unknown,calib,9c52182434577b2a,blur05,1,203.254150390625
1,sid_calib,full_synthetic,unknown,calib,9c52182434577b2a,blur10,1,200.66812133789062
1,sid_calib,full_synthetic,unknown,calib,9c52182434577b2a,blur20,1,197.3036651611328
1,sid_calib,full_synthetic,unknown,calib,9c52182434577b2a,resize05,1,202.42855834960938
1,sid_calib,full_synthetic,unknown,calib,9c52182434577b2a,resize025,1,198.5192413330078
1,sid_calib,full_synthetic,unknown,calib,9c52182434577b2a,noise002,1,205.2247772216797
1,sid_calib,full_synthetic,unknown,calib,9c52182434577b2a,noise005,1,203.63726806640625
1,sid_calib,full_synthetic,unknown,calib,9c52182434577b2a,jitter02,1,203.1002960205078
1,sid_calib,full_synthetic,unknown,calib,9c52182434577b2a,crop08,1,256.5765686035156
1,sid_calib,full_synthetic,unknown,calib,73449ea55b0cd86b,clean,1,97.10648345947266
1,sid_calib,full_synthetic,unknown,calib,73449ea55b0cd86b,jpeg90,1,97.21739196777344
1,sid_calib,full_synthetic,unknown,calib,73449ea55b0cd86b,jpeg70,1,96.7447280883789
1,sid_calib,full_synthetic,unknown,calib,73449ea55b0cd86b,jpeg50,1,97.44947052001953
1,sid_calib,full_synthetic,unknown,calib,73449ea55b0cd86b,jpeg30,1,97.110107421875
1,sid_calib,full_synthetic,unknown,calib,73449ea55b0cd86b,blur05,1,97.10292053222656
1,sid_calib,full_synthetic,unknown,calib,73449ea55b0cd86b,blur10,1,96.10131072998047
1,sid_calib,full_synthetic,unknown,calib,73449ea55b0cd86b,blur20,1,95.15473937988281
1,sid_calib,full_synthetic,unknown,calib,73449ea55b0cd86b,resize05,1,97.00845336914062
1,sid_calib,full_synthetic,unknown,calib,73449ea55b0cd86b,resize025,1,95.65303039550781
1,sid_calib,full_synthetic,unknown,calib,73449ea55b0cd86b,noise002,1,97.25529479980469
1,sid_calib,full_synthetic,unknown,calib,73449ea55b0cd86b,noise005,1,97.4238052368164
1,sid_calib,full_synthetic,unknown,calib,73449ea55b0cd86b,noise01,1,98.64735412597656
1,sid_calib,full_synthetic,unknown,calib,73449ea55b0cd86b,jitter02,1,96.26383209228516
1,sid_calib,full_synthetic,unknown,calib,73449ea55b0cd86b,crop08,1,128.23684692382812
1,sid_calib,full_synthetic,unknown,calib,c89b6dc491453342,clean,1,108.68458557128906
1,sid_calib,full_synthetic,unknown,calib,c89b6dc491453342,jpeg90,1,108.58645629882812
1,sid_calib,full_synthetic,unknown,calib,c89b6dc491453342,jpeg70,1,109.0998306274414
1,sid_calib,full_synthetic,unknown,calib,c89b6dc491453342,jpeg50,1,108.4284439086914
1,sid_calib,full_synthetic,unknown,calib,c89b6dc491453342,jpeg30,1,105.97615051269531
1,sid_calib,full_synthetic,unknown,calib,c89b6dc491453342,blur05,1,108.66988372802734
1,sid_calib,full_synthetic,unknown,calib,c89b6dc491453342,blur10,1,108.7278823852539
1,sid_calib,full_synthetic,unknown,calib,c89b6dc491453342,blur20,1,106.62296295166016
1,sid_calib,full_synthetic,unknown,calib,c89b6dc491453342,resize05,1,108.96686553955078
1,sid_calib,full_synthetic,unknown,calib,c89b6dc491453342,resize025,1,107.40965270996094
1,sid_calib,full_synthetic,unknown,calib,c89b6dc491453342,noise002,1,108.54548645019531
1,sid_calib,full_synthetic,unknown,calib,c89b6dc491453342,noise005,1,109.15840148925781
1,sid_calib,full_synthetic,unknown,calib,c89b6dc491453342,noise01,1,105.66974639892578
1,sid_calib,full_synthetic,unknown,calib,c89b6dc491453342,jitter02,1,107.3756332397461
1,sid_calib,full_synthetic,unknown,calib,c89b6dc491453342,crop08,1,132.66065979003906
1,sid_calib,full_synthetic,unknown,calib,25b449b77d27b04e,jpeg30,1,64.23426055908203
1,sid_calib,full_synthetic,unknown,calib,25b449b77d27b04e,blur10,1,64.34117889404297
1,sid_calib,full_synthetic,unknown,calib,25b449b77d27b04e,resize025,1,64.60147857666016
1,sid_calib,full_synthetic,unknown,calib,25b449b77d27b04e,noise005,1,64.6165542602539
1,sid_calib,full_synthetic,unknown,calib,25b449b77d27b04e,crop08,1,83.31237030029297
0,sid_calib,real,unknown,calib,4850d67575fac592,crop08,1,211.85560607910156
0,sid_calib,real,unknown,calib,ccaf4267c3768c2c,clean,1,68.08953094482422
0,sid_calib,real,unknown,calib,ccaf4267c3768c2c,jpeg90,1,67.96826171875
0,sid_calib,real,unknown,calib,ccaf4267c3768c2c,jpeg70,1,67.68695831298828
0,sid_calib,real,unknown,calib,ccaf4267c3768c2c,jpeg50,1,65.95903015136719
0,sid_calib,real,unknown,calib,ccaf4267c3768c2c,jpeg30,1,68.43668365478516
0,sid_calib,real,unknown,calib,ccaf4267c3768c2c,blur05,1,68.53047180175781
0,sid_calib,real,unknown,calib,ccaf4267c3768c2c,blur10,1,67.69668579101562
0,sid_calib,real,unknown,calib,ccaf4267c3768c2c,blur20,1,66.5636978149414
0,sid_calib,real,unknown,calib,ccaf4267c3768c2c,resize05,1,69.21479797363281
0,sid_calib,real,unknown,calib,ccaf4267c3768c2c,resize025,1,67.33746337890625
0,sid_calib,real,unknown,calib,ccaf4267c3768c2c,noise002,1,66.65660095214844
0,sid_calib,real,unknown,calib,ccaf4267c3768c2c,noise005,1,69.59874725341797
0,sid_calib,real,unknown,calib,ccaf4267c3768c2c,noise01,1,69.6330795288086
0,sid_calib,real,unknown,calib,ccaf4267c3768c2c,jitter02,1,68.53996276855469
0,sid_calib,real,unknown,calib,ccaf4267c3768c2c,crop08,1,82.03241729736328
0,sid_calib,real,unknown,calib,02965fb4d7610a05,clean,1,147.15487670898438
0,sid_calib,real,unknown,calib,02965fb4d7610a05,jpeg90,1,147.26185607910156
0,sid_calib,real,unknown,calib,02965fb4d7610a05,jpeg70,1,147.67518615722656
0,sid_calib,real,unknown,calib,02965fb4d7610a05,jpeg50,1,147.82496643066406
0,sid_calib,real,unknown,calib,02965fb4d7610a05,jpeg30,1,148.03219604492188
0,sid_calib,real,unknown,calib,02965fb4d7610a05,blur05,1,146.53001403808594
0,sid_calib,real,unknown,calib,02965fb4d7610a05,blur10,1,144.57180786132812
0,sid_calib,real,unknown,calib,02965fb4d7610a05,blur20,1,145.25860595703125
0,sid_calib,real,unknown,calib,02965fb4d7610a05,resize05,1,144.81280517578125
0,sid_calib,real,unknown,calib,02965fb4d7610a05,resize025,1,145.6244659423828
0,sid_calib,real,unknown,calib,02965fb4d7610a05,noise002,1,148.14588928222656
0,sid_calib,real,unknown,calib,02965fb4d7610a05,noise005,1,140.5095672607422
0,sid_calib,real,unknown,calib,02965fb4d7610a05,noise01,1,146.1903076171875
0,sid_calib,real,unknown,calib,02965fb4d7610a05,jitter02,1,146.9171905517578
0,sid_calib,real,unknown,calib,02965fb4d7610a05,crop08,1,165.3605499267578
0,sid_calib,real,unknown,calib,f44137a5fad15481,jpeg70,1,432.44622802734375
0,sid_calib,real,unknown,calib,f44137a5fad15481,blur05,1,432.877197265625
0,sid_calib,real,unknown,calib,f44137a5fad15481,blur10,1,431.8638916015625
0,sid_calib,real,unknown,calib,f44137a5fad15481,blur20,1,419.4596252441406
0,sid_calib,real,unknown,calib,f44137a5fad15481,resize05,1,432.62921142578125
0,sid_calib,real,unknown,calib,f44137a5fad15481,resize025,1,427.22198486328125
0,sid_calib,real,unknown,calib,f44137a5fad15481,noise002,1,434.844970703125
0,sid_calib,real,unknown,calib,f44137a5fad15481,jitter02,1,435.33697509765625
0,sid_calib,real,unknown,calib,f44137a5fad15481,crop08,1,575.7516479492188
0,sid_calib,real,unknown,calib,425fa859ab1ba4ac,clean,1,87.29310607910156
0,sid_calib,real,unknown,calib,425fa859ab1ba4ac,jpeg90,1,87.1837158203125
0,sid_calib,real,unknown,calib,425fa859ab1ba4ac,jpeg70,1,87.99380493164062
0,sid_calib,real,unknown,calib,425fa859ab1ba4ac,jpeg50,1,86.87268829345703
0,sid_calib,real,unknown,calib,425fa859ab1ba4ac,jpeg30,1,89.43108367919922
0,sid_calib,real,unknown,calib,425fa859ab1ba4ac,blur05,1,87.31056213378906
0,sid_calib,real,unknown,calib,425fa859ab1ba4ac,blur10,1,87.56163787841797
0,sid_calib,real,unknown,calib,425fa859ab1ba4ac,blur20,1,88.41764831542969
0,sid_calib,real,unknown,calib,425fa859ab1ba4ac,resize05,1,87.2815933227539
0,sid_calib,real,unknown,calib,425fa859ab1ba4ac,resize025,1,88.32612609863281
0,sid_calib,real,unknown,calib,425fa859ab1ba4ac,noise002,1,86.95211029052734
0,sid_calib,real,unknown,calib,425fa859ab1ba4ac,noise005,1,87.4810791015625
0,sid_calib,real,unknown,calib,425fa859ab1ba4ac,noise01,1,87.60308837890625
0,sid_calib,real,unknown,calib,425fa859ab1ba4ac,jitter02,1,87.64048767089844
0,sid_calib,real,unknown,calib,425fa859ab1ba4ac,crop08,1,113.53267669677734
0,sid_calib,real,unknown,calib,618fbaa4a57376d3,clean,1,163.1964111328125
0,sid_calib,real,unknown,calib,618fbaa4a57376d3,jpeg90,1,162.93173217773438
0,sid_calib,real,unknown,calib,618fbaa4a57376d3,jpeg70,1,163.44265747070312
0,sid_calib,real,unknown,calib,618fbaa4a57376d3,jpeg50,1,164.04734802246094
0,sid_calib,real,unknown,calib,618fbaa4a57376d3,jpeg30,1,161.2273712158203
0,sid_calib,real,unknown,calib,618fbaa4a57376d3,blur05,1,163.23641967773438
0,sid_calib,real,unknown,calib,618fbaa4a57376d3,blur10,1,163.10313415527344
0,sid_calib,real,unknown,calib,618fbaa4a57376d3,blur20,1,160.5004425048828
0,sid_calib,real,unknown,calib,618fbaa4a57376d3,resize05,1,163.42263793945312
0,sid_calib,real,unknown,calib,618fbaa4a57376d3,resize025,1,161.39259338378906
0,sid_calib,real,unknown,calib,618fbaa4a57376d3,noise002,1,165.27554321289062
0,sid_calib,real,unknown,calib,618fbaa4a57376d3,noise005,1,165.17831420898438
0,sid_calib,real,unknown,calib,618fbaa4a57376d3,jitter02,1,162.88473510742188
0,sid_calib,real,unknown,calib,618fbaa4a57376d3,crop08,1,222.69410705566406
0,sid_calib,real,unknown,calib,45c4463e6695b62b,crop08,1,75.03216552734375
1,sid_calib,full_synthetic,unknown,calib,ebc55e266b70e997,clean,1,366.87469482421875
1,sid_calib,full_synthetic,unknown,calib,ebc55e266b70e997,jpeg90,1,365.4096984863281
1,sid_calib,full_synthetic,unknown,calib,ebc55e266b70e997,jpeg70,1,367.75390625
1,sid_calib,full_synthetic,unknown,calib,ebc55e266b70e997,jpeg50,1,367.95556640625
1,sid_calib,full_synthetic,unknown,calib,ebc55e266b70e997,jpeg30,1,356.8218688964844
1,sid_calib,full_synthetic,unknown,calib,ebc55e266b70e997,blur05,1,366.9247131347656
1,sid_calib,full_synthetic,unknown,calib,ebc55e266b70e997,blur10,1,365.92926025390625
1,sid_calib,full_synthetic,unknown,calib,ebc55e266b70e997,blur20,1,362.44500732421875
1,sid_calib,full_synthetic,unknown,calib,ebc55e266b70e997,resize05,1,365.80120849609375
1,sid_calib,full_synthetic,unknown,calib,ebc55e266b70e997,resize025,1,362.1988830566406
1,sid_calib,full_synthetic,unknown,calib,ebc55e266b70e997,noise002,1,366.7681579589844
1,sid_calib,full_synthetic,unknown,calib,ebc55e266b70e997,noise005,1,370.7713317871094
1,sid_calib,full_synthetic,unknown,calib,ebc55e266b70e997,noise01,1,375.1690673828125
1,sid_calib,full_synthetic,unknown,calib,ebc55e266b70e997,jitter02,1,366.572998046875
1,sid_calib,full_synthetic,unknown,calib,ebc55e266b70e997,crop08,1,455.3203430175781
1,sid_calib,full_synthetic,unknown,calib,bf820829a3e0de23,clean,1,321.8609924316406
1,sid_calib,full_synthetic,unknown,calib,bf820829a3e0de23,jpeg90,1,321.19305419921875
1,sid_calib,full_synthetic,unknown,calib,bf820829a3e0de23,jpeg70,1,327.51287841796875
1,sid_calib,full_synthetic,unknown,calib,bf820829a3e0de23,jpeg50,1,328.7112121582031
1,sid_calib,full_synthetic,unknown,calib,bf820829a3e0de23,jpeg30,1,325.1000061035156
1,sid_calib,full_synthetic,unknown,calib,bf820829a3e0de23,blur05,1,321.1379699707031
1,sid_calib,full_synthetic,unknown,calib,bf820829a3e0de23,blur10,1,321.472412109375
1,sid_calib,full_synthetic,unknown,calib,bf820829a3e0de23,blur20,1,331.0931091308594
1,sid_calib,full_synthetic,unknown,calib,bf820829a3e0de23,resize05,1,321.7677917480469
1,sid_calib,full_synthetic,unknown,calib,bf820829a3e0de23,resize025,1,330.7442932128906
1,sid_calib,full_synthetic,unknown,calib,bf820829a3e0de23,noise002,1,319.49993896484375
1,sid_calib,full_synthetic,unknown,calib,bf820829a3e0de23,noise005,1,328.5806884765625
1,sid_calib,full_synthetic,unknown,calib,bf820829a3e0de23,noise01,1,333.4303283691406
1,sid_calib,full_synthetic,unknown,calib,bf820829a3e0de23,jitter02,1,335.9233703613281
1,sid_calib,full_synthetic,unknown,calib,bf820829a3e0de23,crop08,1,402.9660339355469
1,sid_calib,full_synthetic,unknown,calib,3bfa36eac2e5629e,clean,1,75.30037689208984
1,sid_calib,full_synthetic,unknown,calib,3bfa36eac2e5629e,jpeg90,1,75.60220336914062
1,sid_calib,full_synthetic,unknown,calib,3bfa36eac2e5629e,jpeg70,1,75.354248046875
1,sid_calib,full_synthetic,unknown,calib,3bfa36eac2e5629e,jpeg50,1,74.90203094482422
1,sid_calib,full_synthetic,unknown,calib,3bfa36eac2e5629e,jpeg30,1,74.67107391357422
1,sid_calib,full_synthetic,unknown,calib,3bfa36eac2e5629e,blur05,1,74.95038604736328
1,sid_calib,full_synthetic,unknown,calib,3bfa36eac2e5629e,blur10,1,74.06293487548828
1,sid_calib,full_synthetic,unknown,calib,3bfa36eac2e5629e,blur20,1,73.18447875976562
1,sid_calib,full_synthetic,unknown,calib,3bfa36eac2e5629e,resize05,1,74.5390853881836
1,sid_calib,full_synthetic,unknown,calib,3bfa36eac2e5629e,resize025,1,74.09843444824219
1,sid_calib,full_synthetic,unknown,calib,3bfa36eac2e5629e,noise002,1,75.34868621826172
1,sid_calib,full_synthetic,unknown,calib,3bfa36eac2e5629e,noise005,1,75.29663848876953
1,sid_calib,full_synthetic,unknown,calib,3bfa36eac2e5629e,noise01,1,75.42833709716797
1,sid_calib,full_synthetic,unknown,calib,3bfa36eac2e5629e,jitter02,1,75.57561492919922
1,sid_calib,full_synthetic,unknown,calib,3bfa36eac2e5629e,crop08,1,95.7880630493164
0,sid_calib,real,unknown,calib,1f14961380e2ad62,clean,1,219.11865234375
0,sid_calib,real,unknown,calib,1f14961380e2ad62,jpeg90,1,219.00949096679688
0,sid_calib,real,unknown,calib,1f14961380e2ad62,jpeg70,1,218.29747009277344
0,sid_calib,real,unknown,calib,1f14961380e2ad62,jpeg50,1,218.530029296875
0,sid_calib,real,unknown,calib,1f14961380e2ad62,jpeg30,1,220.83555603027344
0,sid_calib,real,unknown,calib,1f14961380e2ad62,blur05,1,219.12669372558594
0,sid_calib,real,unknown,calib,1f14961380e2ad62,blur10,1,219.90675354003906
0,sid_calib,real,unknown,calib,1f14961380e2ad62,blur20,1,223.10012817382812
0,sid_calib,real,unknown,calib,1f14961380e2ad62,resize05,1,219.19869995117188
0,sid_calib,real,unknown,calib,1f14961380e2ad62,resize025,1,222.51986694335938
0,sid_calib,real,unknown,calib,1f14961380e2ad62,noise002,1,219.29156494140625
0,sid_calib,real,unknown,calib,1f14961380e2ad62,noise005,1,221.7029266357422
0,sid_calib,real,unknown,calib,1f14961380e2ad62,noise01,1,216.04855346679688
0,sid_calib,real,unknown,calib,1f14961380e2ad62,jitter02,1,218.7859344482422
0,sid_calib,real,unknown,calib,1f14961380e2ad62,crop08,1,279.531982421875
0,sid_calib,real,unknown,calib,5fcebdca06a25aad,clean,1,159.5342254638672
0,sid_calib,real,unknown,calib,5fcebdca06a25aad,jpeg90,1,159.76634216308594
0,sid_calib,real,unknown,calib,5fcebdca06a25aad,jpeg70,1,159.26177978515625
0,sid_calib,real,unknown,calib,5fcebdca06a25aad,jpeg50,1,160.62106323242188
0,sid_calib,real,unknown,calib,5fcebdca06a25aad,jpeg30,1,160.1532745361328
0,sid_calib,real,unknown,calib,5fcebdca06a25aad,blur05,1,159.470947265625
0,sid_calib,real,unknown,calib,5fcebdca06a25aad,blur10,1,158.567626953125
0,sid_calib,real,unknown,calib,5fcebdca06a25aad,blur20,1,156.4109649658203
0,sid_calib,real,unknown,calib,5fcebdca06a25aad,resize05,1,159.2825469970703
0,sid_calib,real,unknown,calib,5fcebdca06a25aad,resize025,1,158.86044311523438
0,sid_calib,real,unknown,calib,5fcebdca06a25aad,noise002,1,159.8409423828125
0,sid_calib,real,unknown,calib,5fcebdca06a25aad,noise005,1,159.93704223632812
0,sid_calib,real,unknown,calib,5fcebdca06a25aad,noise01,1,163.71351623535156
0,sid_calib,real,unknown,calib,5fcebdca06a25aad,jitter02,1,159.85267639160156
0,sid_calib,real,unknown,calib,5fcebdca06a25aad,crop08,1,192.24600219726562
0,sid_calib,real,unknown,calib,b2bf936407ad109d,clean,1,101.36568450927734
0,sid_calib,real,unknown,calib,b2bf936407ad109d,jpeg90,1,101.63784790039062
0,sid_calib,real,unknown,calib,b2bf936407ad109d,jpeg70,1,101.00184631347656
0,sid_calib,real,unknown,calib,b2bf936407ad109d,jpeg50,1,101.25346374511719
0,sid_calib,real,unknown,calib,b2bf936407ad109d,jpeg30,1,101.25222778320312
0,sid_calib,real,unknown,calib,b2bf936407ad109d,blur05,1,101.23125457763672
0,sid_calib,real,unknown,calib,b2bf936407ad109d,blur10,1,101.2659912109375
0,sid_calib,real,unknown,calib,b2bf936407ad109d,blur20,1,100.55953979492188
0,sid_calib,real,unknown,calib,b2bf936407ad109d,resize05,1,101.28759002685547
0,sid_calib,real,unknown,calib,b2bf936407ad109d,resize025,1,101.34163665771484
0,sid_calib,real,unknown,calib,b2bf936407ad109d,noise002,1,101.01701354980469
0,sid_calib,real,unknown,calib,b2bf936407ad109d,noise005,1,99.77428436279297
0,sid_calib,real,unknown,calib,b2bf936407ad109d,noise01,1,104.29341125488281
0,sid_calib,real,unknown,calib,b2bf936407ad109d,jitter02,1,100.98408508300781
0,sid_calib,real,unknown,calib,b2bf936407ad109d,crop08,1,117.36225128173828
1,sid_calib,full_synthetic,unknown,calib,454547cd9ede2530,clean,1,147.13311767578125
1,sid_calib,full_synthetic,unknown,calib,454547cd9ede2530,jpeg90,1,146.90591430664062
1,sid_calib,full_synthetic,unknown,calib,454547cd9ede2530,jpeg70,1,146.83441162109375
1,sid_calib,full_synthetic,unknown,calib,454547cd9ede2530,jpeg50,1,146.8199462890625
1,sid_calib,full_synthetic,unknown,calib,454547cd9ede2530,jpeg30,1,149.59686279296875
1,sid_calib,full_synthetic,unknown,calib,454547cd9ede2530,blur05,1,147.42466735839844
1,sid_calib,full_synthetic,unknown,calib,454547cd9ede2530,blur10,1,148.4356689453125
1,sid_calib,full_synthetic,unknown,calib,454547cd9ede2530,blur20,1,147.15087890625
1,sid_calib,full_synthetic,unknown,calib,454547cd9ede2530,resize05,1,148.1157684326172
1,sid_calib,full_synthetic,unknown,calib,454547cd9ede2530,resize025,1,148.47926330566406
1,sid_calib,full_synthetic,unknown,calib,454547cd9ede2530,noise002,1,147.4008026123047
1,sid_calib,full_synthetic,unknown,calib,454547cd9ede2530,noise005,1,145.67356872558594
1,sid_calib,full_synthetic,unknown,calib,454547cd9ede2530,noise01,1,146.266357421875
1,sid_calib,full_synthetic,unknown,calib,454547cd9ede2530,jitter02,1,146.73243713378906
1,sid_calib,full_synthetic,unknown,calib,454547cd9ede2530,crop08,1,179.04652404785156
1,sid_calib,full_synthetic,unknown,calib,6dadaef4131630e2,clean,1,126.25955963134766
1,sid_calib,full_synthetic,unknown,calib,6dadaef4131630e2,jpeg90,1,126.14360046386719
1,sid_calib,full_synthetic,unknown,calib,6dadaef4131630e2,jpeg70,1,125.979736328125
1,sid_calib,full_synthetic,unknown,calib,6dadaef4131630e2,jpeg50,1,125.52629089355469
1,sid_calib,full_synthetic,unknown,calib,6dadaef4131630e2,jpeg30,1,125.48275756835938
1,sid_calib,full_synthetic,unknown,calib,6dadaef4131630e2,blur05,1,125.86811065673828
1,sid_calib,full_synthetic,unknown,calib,6dadaef4131630e2,blur10,1,125.01526641845703
1,sid_calib,full_synthetic,unknown,calib,6dadaef4131630e2,blur20,1,121.68708801269531
1,sid_calib,full_synthetic,unknown,calib,6dadaef4131630e2,resize05,1,125.70191192626953
1,sid_calib,full_synthetic,unknown,calib,6dadaef4131630e2,resize025,1,122.41940307617188
1,sid_calib,full_synthetic,unknown,calib,6dadaef4131630e2,noise002,1,126.37879180908203
1,sid_calib,full_synthetic,unknown,calib,6dadaef4131630e2,noise005,1,125.58999633789062
1,sid_calib,full_synthetic,unknown,calib,6dadaef4131630e2,noise01,1,126.81397247314453
1,sid_calib,full_synthetic,unknown,calib,6dadaef4131630e2,jitter02,1,123.78919982910156
1,sid_calib,full_synthetic,unknown,calib,6dadaef4131630e2,crop08,1,149.88453674316406
1,sid_calib,full_synthetic,unknown,calib,f39bdcec2a9e91d9,clean,1,103.36048889160156
1,sid_calib,full_synthetic,unknown,calib,f39bdcec2a9e91d9,jpeg90,1,103.40418243408203
1,sid_calib,full_synthetic,unknown,calib,f39bdcec2a9e91d9,jpeg70,1,109.16031646728516
1,sid_calib,full_synthetic,unknown,calib,f39bdcec2a9e91d9,jpeg50,1,103.79674530029297
1,sid_calib,full_synthetic,unknown,calib,f39bdcec2a9e91d9,jpeg30,1,109.45186614990234
1,sid_calib,full_synthetic,unknown,calib,f39bdcec2a9e91d9,blur05,1,103.5399398803711
1,sid_calib,full_synthetic,unknown,calib,f39bdcec2a9e91d9,blur10,1,103.9159164428711
1,sid_calib,full_synthetic,unknown,calib,f39bdcec2a9e91d9,blur20,1,105.7649154663086
1,sid_calib,full_synthetic,unknown,calib,f39bdcec2a9e91d9,resize05,1,103.74465942382812
1,sid_calib,full_synthetic,unknown,calib,f39bdcec2a9e91d9,resize025,1,105.42379760742188
1,sid_calib,full_synthetic,unknown,calib,f39bdcec2a9e91d9,noise002,1,103.72694396972656
1,sid_calib,full_synthetic,unknown,calib,f39bdcec2a9e91d9,noise005,1,104.90982818603516
1,sid_calib,full_synthetic,unknown,calib,f39bdcec2a9e91d9,noise01,1,109.62800598144531
1,sid_calib,full_synthetic,unknown,calib,f39bdcec2a9e91d9,jitter02,1,109.37457275390625
1,sid_calib,full_synthetic,unknown,calib,f39bdcec2a9e91d9,crop08,1,136.74853515625
1,sid_calib,full_synthetic,unknown,calib,e47719f024b0fe49,clean,1,87.64691925048828
1,sid_calib,full_synthetic,unknown,calib,e47719f024b0fe49,jpeg90,1,87.47464752197266
1,sid_calib,full_synthetic,unknown,calib,e47719f024b0fe49,jpeg70,1,87.56615447998047
1,sid_calib,full_synthetic,unknown,calib,e47719f024b0fe49,jpeg50,1,87.62332916259766
1,sid_calib,full_synthetic,unknown,calib,e47719f024b0fe49,jpeg30,1,87.90486907958984
1,sid_calib,full_synthetic,unknown,calib,e47719f024b0fe49,blur05,1,87.6583480834961
1,sid_calib,full_synthetic,unknown,calib,e47719f024b0fe49,blur10,1,86.62165069580078
1,sid_calib,full_synthetic,unknown,calib,e47719f024b0fe49,blur20,1,82.85128784179688
1,sid_calib,full_synthetic,unknown,calib,e47719f024b0fe49,resize05,1,87.34720611572266
1,sid_calib,full_synthetic,unknown,calib,e47719f024b0fe49,resize025,1,86.54537200927734
1,sid_calib,full_synthetic,unknown,calib,e47719f024b0fe49,noise002,1,86.55442810058594
1,sid_calib,full_synthetic,unknown,calib,e47719f024b0fe49,noise005,1,86.29379272460938
1,sid_calib,full_synthetic,unknown,calib,e47719f024b0fe49,noise01,1,85.23263549804688
1,sid_calib,full_synthetic,unknown,calib,e47719f024b0fe49,jitter02,1,87.19254302978516
1,sid_calib,full_synthetic,unknown,calib,e47719f024b0fe49,crop08,1,109.98619079589844
0,sid_calib,real,unknown,calib,4f3ffbd2346d0030,clean,1,123.2206039428711
0,sid_calib,real,unknown,calib,4f3ffbd2346d0030,jpeg90,1,123.5434799194336
0,sid_calib,real,unknown,calib,4f3ffbd2346d0030,jpeg70,1,121.91864776611328
0,sid_calib,real,unknown,calib,4f3ffbd2346d0030,jpeg50,1,122.84953308105469
0,sid_calib,real,unknown,calib,4f3ffbd2346d0030,jpeg30,1,122.98360443115234
0,sid_calib,real,unknown,calib,4f3ffbd2346d0030,blur05,1,123.38302612304688
0,sid_calib,real,unknown,calib,4f3ffbd2346d0030,blur10,1,122.47265625
0,sid_calib,real,unknown,calib,4f3ffbd2346d0030,blur20,1,119.23111724853516
0,sid_calib,real,unknown,calib,4f3ffbd2346d0030,resize05,1,123.59380340576172
0,sid_calib,real,unknown,calib,4f3ffbd2346d0030,resize025,1,121.05310821533203
0,sid_calib,real,unknown,calib,4f3ffbd2346d0030,noise002,1,122.93851470947266
0,sid_calib,real,unknown,calib,4f3ffbd2346d0030,noise005,1,119.59283447265625
0,sid_calib,real,unknown,calib,4f3ffbd2346d0030,noise01,1,121.03573608398438
0,sid_calib,real,unknown,calib,4f3ffbd2346d0030,jitter02,1,122.1349868774414
0,sid_calib,real,unknown,calib,4f3ffbd2346d0030,crop08,1,154.45277404785156
0,sid_calib,real,unknown,calib,23e96254debdde8a,clean,1,132.5973663330078
0,sid_calib,real,unknown,calib,23e96254debdde8a,jpeg50,1,132.72181701660156
0,sid_calib,real,unknown,calib,23e96254debdde8a,blur05,1,132.4395751953125
0,sid_calib,real,unknown,calib,23e96254debdde8a,blur10,1,130.0201416015625
0,sid_calib,real,unknown,calib,23e96254debdde8a,blur20,1,130.76675415039062
0,sid_calib,real,unknown,calib,23e96254debdde8a,resize05,1,130.16668701171875
0,sid_calib,real,unknown,calib,23e96254debdde8a,resize025,1,130.5076446533203
0,sid_calib,real,unknown,calib,23e96254debdde8a,noise005,1,132.9666748046875
0,sid_calib,real,unknown,calib,23e96254debdde8a,crop08,1,148.90965270996094
1,sid_calib,full_synthetic,unknown,calib,569209474016e635,clean,1,268.60296630859375
1,sid_calib,full_synthetic,unknown,calib,569209474016e635,jpeg90,1,268.968505859375
1,sid_calib,full_synthetic,unknown,calib,569209474016e635,jpeg70,1,268.8671875
1,sid_calib,full_synthetic,unknown,calib,569209474016e635,jpeg50,1,269.69525146484375
1,sid_calib,full_synthetic,unknown,calib,569209474016e635,jpeg30,1,268.7078857421875
1,sid_calib,full_synthetic,unknown,calib,569209474016e635,blur05,1,270.12432861328125
1,sid_calib,full_synthetic,unknown,calib,569209474016e635,blur10,1,274.0467224121094
1,sid_calib,full_synthetic,unknown,calib,569209474016e635,blur20,1,278.7180480957031
1,sid_calib,full_synthetic,unknown,calib,569209474016e635,resize05,1,272.2648010253906
1,sid_calib,full_synthetic,unknown,calib,569209474016e635,resize025,1,278.1328125
1,sid_calib,full_synthetic,unknown,calib,569209474016e635,noise002,1,270.0656433105469
1,sid_calib,full_synthetic,unknown,calib,569209474016e635,noise005,1,270.85333251953125
1,sid_calib,full_synthetic,unknown,calib,569209474016e635,noise01,1,288.0089111328125
1,sid_calib,full_synthetic,unknown,calib,569209474016e635,jitter02,1,268.73187255859375
1,sid_calib,full_synthetic,unknown,calib,569209474016e635,crop08,1,337.2120056152344
0,sid_calib,real,unknown,calib,454819c3b7ac12b3,clean,1,175.5363006591797
0,sid_calib,real,unknown,calib,454819c3b7ac12b3,jpeg90,1,175.92446899414062
0,sid_calib,real,unknown,calib,454819c3b7ac12b3,jpeg70,1,174.3895263671875
0,sid_calib,real,unknown,calib,454819c3b7ac12b3,jpeg50,1,176.07278442382812
0,sid_calib,real,unknown,calib,454819c3b7ac12b3,jpeg30,1,176.07278442382812
0,sid_calib,real,unknown,calib,454819c3b7ac12b3,blur05,1,175.43356323242188
0,sid_calib,real,unknown,calib,454819c3b7ac12b3,blur10,1,173.5331268310547
0,sid_calib,real,unknown,calib,454819c3b7ac12b3,blur20,1,172.7537841796875
0,sid_calib,real,unknown,calib,454819c3b7ac12b3,resize05,1,174.16114807128906
0,sid_calib,real,unknown,calib,454819c3b7ac12b3,resize025,1,171.8644561767578
0,sid_calib,real,unknown,calib,454819c3b7ac12b3,noise002,1,175.11630249023438
0,sid_calib,real,unknown,calib,454819c3b7ac12b3,noise005,1,178.09080505371094
0,sid_calib,real,unknown,calib,454819c3b7ac12b3,jitter02,1,175.7407684326172
0,sid_calib,real,unknown,calib,454819c3b7ac12b3,crop08,1,234.16749572753906
0,sid_calib,real,unknown,calib,3979023b22ba698e,clean,1,101.88333892822266
0,sid_calib,real,unknown,calib,3979023b22ba698e,jpeg90,1,104.53007507324219
0,sid_calib,real,unknown,calib,3979023b22ba698e,jpeg70,1,105.18685913085938
0,sid_calib,real,unknown,calib,3979023b22ba698e,jpeg50,1,101.69348907470703
0,sid_calib,real,unknown,calib,3979023b22ba698e,jpeg30,1,100.57099914550781
0,sid_calib,real,unknown,calib,3979023b22ba698e,blur05,1,101.77597045898438
0,sid_calib,real,unknown,calib,3979023b22ba698e,blur10,1,101.40029907226562
0,sid_calib,real,unknown,calib,3979023b22ba698e,blur20,1,101.40355682373047
0,sid_calib,real,unknown,calib,3979023b22ba698e,resize05,1,101.4648666381836
0,sid_calib,real,unknown,calib,3979023b22ba698e,resize025,1,101.8492660522461
0,sid_calib,real,unknown,calib,3979023b22ba698e,noise002,1,105.39949798583984
0,sid_calib,real,unknown,calib,3979023b22ba698e,noise005,1,102.47881317138672
0,sid_calib,real,unknown,calib,3979023b22ba698e,noise01,1,107.12599182128906
0,sid_calib,real,unknown,calib,3979023b22ba698e,jitter02,1,100.79014587402344
0,sid_calib,real,unknown,calib,3979023b22ba698e,crop08,1,127.17218017578125
0,sid_calib,real,unknown,calib,8034e82eb0b0a25a,clean,1,187.96810913085938
0,sid_calib,real,unknown,calib,8034e82eb0b0a25a,jpeg90,1,188.23545837402344
0,sid_calib,real,unknown,calib,8034e82eb0b0a25a,jpeg70,1,187.58148193359375
0,sid_calib,real,unknown,calib,8034e82eb0b0a25a,jpeg50,1,187.757568359375
0,sid_calib,real,unknown,calib,8034e82eb0b0a25a,jpeg30,1,186.62451171875
0,sid_calib,real,unknown,calib,8034e82eb0b0a25a,blur05,1,188.23809814453125
0,sid_calib,real,unknown,calib,8034e82eb0b0a25a,blur10,1,188.77268981933594
0,sid_calib,real,unknown,calib,8034e82eb0b0a25a,blur20,1,187.27288818359375
0,sid_calib,real,unknown,calib,8034e82eb0b0a25a,resize05,1,188.75514221191406
0,sid_calib,real,unknown,calib,8034e82eb0b0a25a,resize025,1,187.50201416015625
0,sid_calib,real,unknown,calib,8034e82eb0b0a25a,noise002,1,187.730712890625
0,sid_calib,real,unknown,calib,8034e82eb0b0a25a,noise005,1,189.59169006347656
0,sid_calib,real,unknown,calib,8034e82eb0b0a25a,noise01,1,191.42080688476562
0,sid_calib,real,unknown,calib,8034e82eb0b0a25a,jitter02,1,188.004150390625
0,sid_calib,real,unknown,calib,8034e82eb0b0a25a,crop08,1,242.15753173828125
0,sid_calib,real,unknown,calib,ddb05c505d39b3d6,clean,1,260.9872131347656
0,sid_calib,real,unknown,calib,ddb05c505d39b3d6,jpeg90,1,262.9913635253906
0,sid_calib,real,unknown,calib,ddb05c505d39b3d6,jpeg70,1,264.8011169433594
0,sid_calib,real,unknown,calib,ddb05c505d39b3d6,jpeg50,1,261.19390869140625
0,sid_calib,real,unknown,calib,ddb05c505d39b3d6,jpeg30,1,262.2392272949219
0,sid_calib,real,unknown,calib,ddb05c505d39b3d6,blur05,1,260.1483154296875
0,sid_calib,real,unknown,calib,ddb05c505d39b3d6,blur10,1,259.3704833984375
0,sid_calib,real,unknown,calib,ddb05c505d39b3d6,blur20,1,258.9969787597656
0,sid_calib,real,unknown,calib,ddb05c505d39b3d6,resize05,1,260.27667236328125
0,sid_calib,real,unknown,calib,ddb05c505d39b3d6,resize025,1,260.8952331542969
0,sid_calib,real,unknown,calib,ddb05c505d39b3d6,noise002,1,260.9295654296875
0,sid_calib,real,unknown,calib,ddb05c505d39b3d6,noise005,1,266.960693359375
0,sid_calib,real,unknown,calib,ddb05c505d39b3d6,noise01,1,275.4765625
0,sid_calib,real,unknown,calib,ddb05c505d39b3d6,jitter02,1,259.7412414550781
0,sid_calib,real,unknown,calib,ddb05c505d39b3d6,crop08,1,334.5817565917969
1,sid_calib,full_synthetic,unknown,calib,ca91727fe5794c1b,clean,1,72.86512756347656
1,sid_calib,full_synthetic,unknown,calib,ca91727fe5794c1b,jpeg90,1,72.78306579589844
1,sid_calib,full_synthetic,unknown,calib,ca91727fe5794c1b,jpeg70,1,72.48729705810547
1,sid_calib,full_synthetic,unknown,calib,ca91727fe5794c1b,jpeg50,1,72.98651885986328
1,sid_calib,full_synthetic,unknown,calib,ca91727fe5794c1b,jpeg30,1,72.63105773925781
1,sid_calib,full_synthetic,unknown,calib,ca91727fe5794c1b,blur05,1,71.35054016113281
1,sid_calib,full_synthetic,unknown,calib,ca91727fe5794c1b,blur10,1,70.80542755126953
1,sid_calib,full_synthetic,unknown,calib,ca91727fe5794c1b,blur20,1,70.88531494140625
1,sid_calib,full_synthetic,unknown,calib,ca91727fe5794c1b,resize05,1,71.28067016601562
1,sid_calib,full_synthetic,unknown,calib,ca91727fe5794c1b,resize025,1,69.08614349365234
1,sid_calib,full_synthetic,unknown,calib,ca91727fe5794c1b,noise002,1,72.83623504638672
1,sid_calib,full_synthetic,unknown,calib,ca91727fe5794c1b,noise005,1,72.1812973022461
1,sid_calib,full_synthetic,unknown,calib,ca91727fe5794c1b,noise01,1,72.53886413574219
1,sid_calib,full_synthetic,unknown,calib,ca91727fe5794c1b,jitter02,1,72.98916625976562
1,sid_calib,full_synthetic,unknown,calib,ca91727fe5794c1b,crop08,1,90.75524139404297
0,sid_calib,real,unknown,calib,5a5d64451a96b939,clean,1,161.14605712890625
0,sid_calib,real,unknown,calib,5a5d64451a96b939,jpeg90,1,160.2347869873047
0,sid_calib,real,unknown,calib,5a5d64451a96b939,jpeg70,1,161.29861450195312
0,sid_calib,real,unknown,calib,5a5d64451a96b939,jpeg50,1,160.8124237060547
0,sid_calib,real,unknown,calib,5a5d64451a96b939,jpeg30,1,161.18971252441406
0,sid_calib,real,unknown,calib,5a5d64451a96b939,blur05,1,161.14306640625
0,sid_calib,real,unknown,calib,5a5d64451a96b939,blur10,1,160.5797882080078
0,sid_calib,real,unknown,calib,5a5d64451a96b939,blur20,1,156.84417724609375
0,sid_calib,real,unknown,calib,5a5d64451a96b939,resize05,1,161.5767059326172
0,sid_calib,real,unknown,calib,5a5d64451a96b939,resize025,1,159.5075225830078
0,sid_calib,real,unknown,calib,5a5d64451a96b939,noise002,1,160.19314575195312
0,sid_calib,real,unknown,calib,5a5d64451a96b939,noise005,1,94.11277770996094
0,sid_calib,real,unknown,calib,5a5d64451a96b939,jitter02,1,163.02755737304688
0,sid_calib,real,unknown,calib,5a5d64451a96b939,crop08,1,119.18749237060547
0,sid_calib,real,unknown,calib,e0714a59dfaeff3b,crop08,1,70.5209732055664
1,sid_calib,full_synthetic,unknown,calib,fcfe5a0d04aa39cf,clean,1,150.78054809570312
1,sid_calib,full_synthetic,unknown,calib,fcfe5a0d04aa39cf,jpeg90,1,150.89254760742188
1,sid_calib,full_synthetic,unknown,calib,fcfe5a0d04aa39cf,jpeg70,1,151.21961975097656
1,sid_calib,full_synthetic,unknown,calib,fcfe5a0d04aa39cf,jpeg50,1,151.28846740722656
1,sid_calib,full_synthetic,unknown,calib,fcfe5a0d04aa39cf,jpeg30,1,151.36961364746094
1,sid_calib,full_synthetic,unknown,calib,fcfe5a0d04aa39cf,blur05,1,150.979736328125
1,sid_calib,full_synthetic,unknown,calib,fcfe5a0d04aa39cf,blur10,1,151.15428161621094
1,sid_calib,full_synthetic,unknown,calib,fcfe5a0d04aa39cf,blur20,1,149.62646484375
1,sid_calib,full_synthetic,unknown,calib,fcfe5a0d04aa39cf,resize05,1,151.1122589111328
1,sid_calib,full_synthetic,unknown,calib,fcfe5a0d04aa39cf,resize025,1,150.05023193359375
1,sid_calib,full_synthetic,unknown,calib,fcfe5a0d04aa39cf,noise002,1,150.15992736816406
1,sid_calib,full_synthetic,unknown,calib,fcfe5a0d04aa39cf,noise005,1,150.3791046142578
1,sid_calib,full_synthetic,unknown,calib,fcfe5a0d04aa39cf,noise01,1,147.95806884765625
1,sid_calib,full_synthetic,unknown,calib,fcfe5a0d04aa39cf,jitter02,1,150.44972229003906
1,sid_calib,full_synthetic,unknown,calib,fcfe5a0d04aa39cf,crop08,1,183.31503295898438
0,sid_calib,real,unknown,calib,5f9e3ce7f42e7db9,clean,1,157.515869140625
0,sid_calib,real,unknown,calib,5f9e3ce7f42e7db9,jpeg90,1,157.73883056640625
0,sid_calib,real,unknown,calib,5f9e3ce7f42e7db9,jpeg70,1,156.94654846191406
0,sid_calib,real,unknown,calib,5f9e3ce7f42e7db9,jpeg50,1,159.00962829589844
0,sid_calib,real,unknown,calib,5f9e3ce7f42e7db9,jpeg30,1,157.50625610351562
0,sid_calib,real,unknown,calib,5f9e3ce7f42e7db9,blur05,1,157.71217346191406
0,sid_calib,real,unknown,calib,5f9e3ce7f42e7db9,blur10,1,157.64450073242188
0,sid_calib,real,unknown,calib,5f9e3ce7f42e7db9,blur20,1,157.64303588867188
0,sid_calib,real,unknown,calib,5f9e3ce7f42e7db9,resize05,1,157.6128692626953
0,sid_calib,real,unknown,calib,5f9e3ce7f42e7db9,resize025,1,157.2459716796875
0,sid_calib,real,unknown,calib,5f9e3ce7f42e7db9,noise002,1,156.642822265625
0,sid_calib,real,unknown,calib,5f9e3ce7f42e7db9,noise005,1,157.09652709960938
0,sid_calib,real,unknown,calib,5f9e3ce7f42e7db9,noise01,1,157.68882751464844
0,sid_calib,real,unknown,calib,5f9e3ce7f42e7db9,jitter02,1,155.99928283691406
0,sid_calib,real,unknown,calib,5f9e3ce7f42e7db9,crop08,1,204.13131713867188
1,sid_calib,full_synthetic,unknown,calib,9daa634066f0baa6,clean,1,240.63356018066406
1,sid_calib,full_synthetic,unknown,calib,9daa634066f0baa6,jpeg90,1,240.9774932861328
1,sid_calib,full_synthetic,unknown,calib,9daa634066f0baa6,jpeg70,1,240.91610717773438
1,sid_calib,full_synthetic,unknown,calib,9daa634066f0baa6,jpeg50,1,241.70249938964844
1,sid_calib,full_synthetic,unknown,calib,9daa634066f0baa6,jpeg30,1,238.1929931640625
1,sid_calib,full_synthetic,unknown,calib,9daa634066f0baa6,blur05,1,240.64744567871094
1,sid_calib,full_synthetic,unknown,calib,9daa634066f0baa6,blur10,1,241.0619659423828
1,sid_calib,full_synthetic,unknown,calib,9daa634066f0baa6,blur20,1,243.1951141357422
1,sid_calib,full_synthetic,unknown,calib,9daa634066f0baa6,resize05,1,240.7772979736328
1,sid_calib,full_synthetic,unknown,calib,9daa634066f0baa6,resize025,1,242.62852478027344
1,sid_calib,full_synthetic,unknown,calib,9daa634066f0baa6,noise002,1,241.42823791503906
1,sid_calib,full_synthetic,unknown,calib,9daa634066f0baa6,noise005,1,239.03285217285156
1,sid_calib,full_synthetic,unknown,calib,9daa634066f0baa6,noise01,1,238.5254669189453
1,sid_calib,full_synthetic,unknown,calib,9daa634066f0baa6,jitter02,1,236.06222534179688
1,sid_calib,full_synthetic,unknown,calib,9daa634066f0baa6,crop08,1,289.5902404785156
0,sid_calib,real,unknown,calib,c4886e3b08cc49b2,clean,1,172.4209442138672
0,sid_calib,real,unknown,calib,c4886e3b08cc49b2,jpeg90,1,173.90269470214844
0,sid_calib,real,unknown,calib,c4886e3b08cc49b2,jpeg70,1,174.1925048828125
0,sid_calib,real,unknown,calib,c4886e3b08cc49b2,jpeg50,1,174.38925170898438
0,sid_calib,real,unknown,calib,c4886e3b08cc49b2,jpeg30,1,173.7194366455078
0,sid_calib,real,unknown,calib,c4886e3b08cc49b2,blur05,1,172.54640197753906
0,sid_calib,real,unknown,calib,c4886e3b08cc49b2,blur10,1,172.85047912597656
0,sid_calib,real,unknown,calib,c4886e3b08cc49b2,blur20,1,173.4886474609375
0,sid_calib,real,unknown,calib,c4886e3b08cc49b2,resize05,1,172.73397827148438
0,sid_calib,real,unknown,calib,c4886e3b08cc49b2,resize025,1,174.5122528076172
0,sid_calib,real,unknown,calib,c4886e3b08cc49b2,noise002,1,174.23092651367188
0,sid_calib,real,unknown,calib,c4886e3b08cc49b2,noise005,1,179.04605102539062
0,sid_calib,real,unknown,calib,c4886e3b08cc49b2,jitter02,1,174.81748962402344
0,sid_calib,real,unknown,calib,c4886e3b08cc49b2,crop08,1,213.99693298339844
0,sid_calib,real,unknown,calib,aac62e286649e660,clean,1,304.4659729003906
0,sid_calib,real,unknown,calib,aac62e286649e660,jpeg90,1,303.92156982421875
0,sid_calib,real,unknown,calib,aac62e286649e660,jpeg70,1,304.03570556640625
0,sid_calib,real,unknown,calib,aac62e286649e660,jpeg50,1,303.1984558105469
0,sid_calib,real,unknown,calib,aac62e286649e660,jpeg30,1,303.5482177734375
0,sid_calib,real,unknown,calib,aac62e286649e660,blur05,1,304.3294372558594
0,sid_calib,real,unknown,calib,aac62e286649e660,blur10,1,304.2563171386719
0,sid_calib,real,unknown,calib,aac62e286649e660,blur20,1,305.18231201171875
0,sid_calib,real,unknown,calib,aac62e286649e660,resize05,1,304.63677978515625
0,sid_calib,real,unknown,calib,aac62e286649e660,resize025,1,304.5664978027344
0,sid_calib,real,unknown,calib,aac62e286649e660,noise002,1,304.0372314453125
0,sid_calib,real,unknown,calib,aac62e286649e660,noise005,1,306.04248046875
0,sid_calib,real,unknown,calib,aac62e286649e660,noise01,1,311.4709777832031
0,sid_calib,real,unknown,calib,aac62e286649e660,jitter02,1,305.3208923339844
0,sid_calib,real,unknown,calib,aac62e286649e660,crop08,1,381.9933166503906
1,sid_calib,full_synthetic,unknown,calib,4c7be480053f344a,clean,1,102.27051544189453
1,sid_calib,full_synthetic,unknown,calib,4c7be480053f344a,jpeg90,1,102.21810150146484
1,sid_calib,full_synthetic,unknown,calib,4c7be480053f344a,jpeg70,1,102.565185546875
1,sid_calib,full_synthetic,unknown,calib,4c7be480053f344a,jpeg50,1,102.57595825195312
1,sid_calib,full_synthetic,unknown,calib,4c7be480053f344a,jpeg30,1,103.09745788574219
1,sid_calib,full_synthetic,unknown,calib,4c7be480053f344a,blur05,1,116.58924102783203
1,sid_calib,full_synthetic,unknown,calib,4c7be480053f344a,blur10,1,116.22462463378906
1,sid_calib,full_synthetic,unknown,calib,4c7be480053f344a,blur20,1,116.81352233886719
1,sid_calib,full_synthetic,unknown,calib,4c7be480053f344a,resize05,1,116.377197265625
1,sid_calib,full_synthetic,unknown,calib,4c7be480053f344a,resize025,1,101.30752563476562
1,sid_calib,full_synthetic,unknown,calib,4c7be480053f344a,noise002,1,102.57965087890625
1,sid_calib,full_synthetic,unknown,calib,4c7be480053f344a,noise005,1,102.52928924560547
1,sid_calib,full_synthetic,unknown,calib,4c7be480053f344a,noise01,1,114.83534240722656
1,sid_calib,full_synthetic,unknown,calib,4c7be480053f344a,jitter02,1,101.83192443847656
1,sid_calib,full_synthetic,unknown,calib,4c7be480053f344a,crop08,1,136.09217834472656
1,sid_calib,full_synthetic,unknown,calib,59dd33f063e7c13f,clean,1,179.8218231201172
1,sid_calib,full_synthetic,unknown,calib,59dd33f063e7c13f,jpeg90,1,179.9166717529297
1,sid_calib,full_synthetic,unknown,calib,59dd33f063e7c13f,jpeg70,1,179.87156677246094
1,sid_calib,full_synthetic,unknown,calib,59dd33f063e7c13f,jpeg50,1,179.5001678466797
1,sid_calib,full_synthetic,unknown,calib,59dd33f063e7c13f,jpeg30,1,177.1421661376953
1,sid_calib,full_synthetic,unknown,calib,59dd33f063e7c13f,blur05,1,180.30569458007812
1,sid_calib,full_synthetic,unknown,calib,59dd33f063e7c13f,blur10,1,180.4669189453125
1,sid_calib,full_synthetic,unknown,calib,59dd33f063e7c13f,blur20,1,180.28790283203125
1,sid_calib,full_synthetic,unknown,calib,59dd33f063e7c13f,resize05,1,180.99716186523438
1,sid_calib,full_synthetic,unknown,calib,59dd33f063e7c13f,resize025,1,180.06866455078125
1,sid_calib,full_synthetic,unknown,calib,59dd33f063e7c13f,noise002,1,179.73304748535156
1,sid_calib,full_synthetic,unknown,calib,59dd33f063e7c13f,noise005,1,181.91839599609375
1,sid_calib,full_synthetic,unknown,calib,59dd33f063e7c13f,noise01,1,182.3655242919922
1,sid_calib,full_synthetic,unknown,calib,59dd33f063e7c13f,jitter02,1,180.23594665527344
1,sid_calib,full_synthetic,unknown,calib,59dd33f063e7c13f,crop08,1,224.79066467285156
1,sid_calib,full_synthetic,unknown,calib,9b862ab1ecc0de51,clean,1,114.4166030883789
1,sid_calib,full_synthetic,unknown,calib,9b862ab1ecc0de51,jpeg90,1,114.7603988647461
1,sid_calib,full_synthetic,unknown,calib,9b862ab1ecc0de51,jpeg70,1,114.73577880859375
1,sid_calib,full_synthetic,unknown,calib,9b862ab1ecc0de51,jpeg50,1,114.3774642944336
1,sid_calib,full_synthetic,unknown,calib,9b862ab1ecc0de51,jpeg30,1,115.80103302001953
1,sid_calib,full_synthetic,unknown,calib,9b862ab1ecc0de51,blur05,1,114.4752197265625
1,sid_calib,full_synthetic,unknown,calib,9b862ab1ecc0de51,blur10,1,114.13948822021484
1,sid_calib,full_synthetic,unknown,calib,9b862ab1ecc0de51,blur20,1,113.953369140625
1,sid_calib,full_synthetic,unknown,calib,9b862ab1ecc0de51,resize05,1,114.45613861083984
1,sid_calib,full_synthetic,unknown,calib,9b862ab1ecc0de51,resize025,1,112.45452880859375
1,sid_calib,full_synthetic,unknown,calib,9b862ab1ecc0de51,noise002,1,113.93098449707031
1,sid_calib,full_synthetic,unknown,calib,9b862ab1ecc0de51,noise005,1,115.26343536376953
1,sid_calib,full_synthetic,unknown,calib,9b862ab1ecc0de51,jitter02,1,114.97237396240234
1,sid_calib,full_synthetic,unknown,calib,9b862ab1ecc0de51,crop08,1,128.33236694335938
0,sid_calib,real,unknown,calib,ffda369b84953466,clean,1,137.3028106689453
0,sid_calib,real,unknown,calib,ffda369b84953466,jpeg90,1,137.43748474121094
0,sid_calib,real,unknown,calib,ffda369b84953466,jpeg70,1,137.86740112304688
0,sid_calib,real,unknown,calib,ffda369b84953466,jpeg50,1,137.2816925048828
0,sid_calib,real,unknown,calib,ffda369b84953466,jpeg30,1,135.64999389648438
0,sid_calib,real,unknown,calib,ffda369b84953466,blur05,1,137.40341186523438
0,sid_calib,real,unknown,calib,ffda369b84953466,blur10,1,136.66323852539062
0,sid_calib,real,unknown,calib,ffda369b84953466,blur20,1,130.51219177246094
0,sid_calib,real,unknown,calib,ffda369b84953466,resize05,1,137.43145751953125
0,sid_calib,real,unknown,calib,ffda369b84953466,resize025,1,131.08705139160156
0,sid_calib,real,unknown,calib,ffda369b84953466,noise002,1,136.8081512451172
0,sid_calib,real,unknown,calib,ffda369b84953466,noise005,1,135.59864807128906
0,sid_calib,real,unknown,calib,ffda369b84953466,noise01,1,135.15008544921875
0,sid_calib,real,unknown,calib,ffda369b84953466,jitter02,1,138.2138671875
0,sid_calib,real,unknown,calib,ffda369b84953466,crop08,1,172.9910125732422
0,sid_calib,real,unknown,calib,f5b4f7b21db0f0f9,clean,1,94.74884796142578
0,sid_calib,real,unknown,calib,f5b4f7b21db0f0f9,jpeg90,1,94.84119415283203
0,sid_calib,real,unknown,calib,f5b4f7b21db0f0f9,jpeg70,1,94.7005844116211
0,sid_calib,real,unknown,calib,f5b4f7b21db0f0f9,jpeg50,1,94.81758117675781
0,sid_calib,real,unknown,calib,f5b4f7b21db0f0f9,jpeg30,1,94.2695541381836
0,sid_calib,real,unknown,calib,f5b4f7b21db0f0f9,blur05,1,94.52958679199219
0,sid_calib,real,unknown,calib,f5b4f7b21db0f0f9,blur10,1,93.94386291503906
0,sid_calib,real,unknown,calib,f5b4f7b21db0f0f9,blur20,1,92.97325897216797
0,sid_calib,real,unknown,calib,f5b4f7b21db0f0f9,resize05,1,94.73306274414062
0,sid_calib,real,unknown,calib,f5b4f7b21db0f0f9,resize025,1,93.76744842529297
0,sid_calib,real,unknown,calib,f5b4f7b21db0f0f9,noise002,1,94.83780670166016
0,sid_calib,real,unknown,calib,f5b4f7b21db0f0f9,noise005,1,95.04951477050781
0,sid_calib,real,unknown,calib,f5b4f7b21db0f0f9,noise01,1,89.96576690673828
0,sid_calib,real,unknown,calib,f5b4f7b21db0f0f9,jitter02,1,94.1360092163086
0,sid_calib,real,unknown,calib,f5b4f7b21db0f0f9,crop08,1,114.67652893066406
0,sid_calib,real,unknown,calib,51255362b866d2de,clean,1,142.80783081054688
0,sid_calib,real,unknown,calib,51255362b866d2de,jpeg90,1,142.12771606445312
0,sid_calib,real,unknown,calib,51255362b866d2de,jpeg70,1,141.87962341308594
0,sid_calib,real,unknown,calib,51255362b866d2de,jpeg50,1,143.3509063720703
0,sid_calib,real,unknown,calib,51255362b866d2de,jpeg30,1,142.86505126953125
0,sid_calib,real,unknown,calib,51255362b866d2de,blur05,1,143.45724487304688
0,sid_calib,real,unknown,calib,51255362b866d2de,blur10,1,143.44479370117188
0,sid_calib,real,unknown,calib,51255362b866d2de,blur20,1,142.96055603027344
0,sid_calib,real,unknown,calib,51255362b866d2de,resize05,1,143.52618408203125
0,sid_calib,real,unknown,calib,51255362b866d2de,resize025,1,143.10818481445312
0,sid_calib,real,unknown,calib,51255362b866d2de,noise002,1,142.82720947265625
0,sid_calib,real,unknown,calib,51255362b866d2de,noise005,1,140.91409301757812
0,sid_calib,real,unknown,calib,51255362b866d2de,noise01,1,145.45672607421875
0,sid_calib,real,unknown,calib,51255362b866d2de,jitter02,1,143.90158081054688
0,sid_calib,real,unknown,calib,ca8e26d65b815647,clean,1,125.2115478515625
0,sid_calib,real,unknown,calib,ca8e26d65b815647,jpeg90,1,125.14421844482422
0,sid_calib,real,unknown,calib,ca8e26d65b815647,jpeg70,1,124.76637268066406
0,sid_calib,real,unknown,calib,ca8e26d65b815647,jpeg50,1,125.45789337158203
0,sid_calib,real,unknown,calib,ca8e26d65b815647,jpeg30,1,126.766845703125
0,sid_calib,real,unknown,calib,ca8e26d65b815647,blur05,1,124.7952880859375
0,sid_calib,real,unknown,calib,ca8e26d65b815647,blur10,1,123.44237518310547
0,sid_calib,real,unknown,calib,ca8e26d65b815647,blur20,1,120.55851745605469
0,sid_calib,real,unknown,calib,ca8e26d65b815647,resize05,1,124.5840072631836
0,sid_calib,real,unknown,calib,ca8e26d65b815647,resize025,1,121.52521514892578
0,sid_calib,real,unknown,calib,ca8e26d65b815647,noise002,1,125.74129486083984
0,sid_calib,real,unknown,calib,ca8e26d65b815647,noise005,1,124.47139739990234
0,sid_calib,real,unknown,calib,ca8e26d65b815647,noise01,1,122.97342681884766
0,sid_calib,real,unknown,calib,ca8e26d65b815647,jitter02,1,124.02600860595703
0,sid_calib,real,unknown,calib,ca8e26d65b815647,crop08,1,156.4776153564453
1,sid_calib,full_synthetic,unknown,calib,92bf42f36111846f,clean,1,91.8619384765625
1,sid_calib,full_synthetic,unknown,calib,92bf42f36111846f,jpeg90,1,91.88087463378906
1,sid_calib,full_synthetic,unknown,calib,92bf42f36111846f,jpeg70,1,91.46373748779297
1,sid_calib,full_synthetic,unknown,calib,92bf42f36111846f,jpeg50,1,91.78160858154297
1,sid_calib,full_synthetic,unknown,calib,92bf42f36111846f,jpeg30,1,91.66284942626953
1,sid_calib,full_synthetic,unknown,calib,92bf42f36111846f,blur05,1,91.56033325195312
1,sid_calib,full_synthetic,unknown,calib,92bf42f36111846f,blur10,1,91.12005615234375
1,sid_calib,full_synthetic,unknown,calib,92bf42f36111846f,blur20,1,91.0482406616211
1,sid_calib,full_synthetic,unknown,calib,92bf42f36111846f,resize05,1,91.28853607177734
1,sid_calib,full_synthetic,unknown,calib,92bf42f36111846f,resize025,1,90.19536590576172
1,sid_calib,full_synthetic,unknown,calib,92bf42f36111846f,noise002,1,91.8294448852539
1,sid_calib,full_synthetic,unknown,calib,92bf42f36111846f,noise005,1,93.32817840576172
1,sid_calib,full_synthetic,unknown,calib,92bf42f36111846f,noise01,1,91.96819305419922
1,sid_calib,full_synthetic,unknown,calib,92bf42f36111846f,jitter02,1,91.61921691894531
1,sid_calib,full_synthetic,unknown,calib,92bf42f36111846f,crop08,1,114.28822326660156
1,sid_calib,full_synthetic,unknown,calib,f11f2f8fde7f6b25,clean,1,113.8501205444336
1,sid_calib,full_synthetic,unknown,calib,f11f2f8fde7f6b25,jpeg90,1,114.0910873413086
1,sid_calib,full_synthetic,unknown,calib,f11f2f8fde7f6b25,jpeg70,1,113.75421905517578
1,sid_calib,full_synthetic,unknown,calib,f11f2f8fde7f6b25,jpeg50,1,114.41519927978516
1,sid_calib,full_synthetic,unknown,calib,f11f2f8fde7f6b25,jpeg30,1,114.9271469116211
1,sid_calib,full_synthetic,unknown,calib,f11f2f8fde7f6b25,blur05,1,113.77100372314453
1,sid_calib,full_synthetic,unknown,calib,f11f2f8fde7f6b25,blur10,1,113.62836456298828
1,sid_calib,full_synthetic,unknown,calib,f11f2f8fde7f6b25,blur20,1,111.70478057861328
1,sid_calib,full_synthetic,unknown,calib,f11f2f8fde7f6b25,resize05,1,113.7800521850586
1,sid_calib,full_synthetic,unknown,calib,f11f2f8fde7f6b25,resize025,1,111.66796875
1,sid_calib,full_synthetic,unknown,calib,f11f2f8fde7f6b25,noise002,1,113.69499969482422
1,sid_calib,full_synthetic,unknown,calib,f11f2f8fde7f6b25,noise005,1,112.75
1,sid_calib,full_synthetic,unknown,calib,f11f2f8fde7f6b25,noise01,1,111.49478149414062
1,sid_calib,full_synthetic,unknown,calib,f11f2f8fde7f6b25,jitter02,1,114.07626342773438
1,sid_calib,full_synthetic,unknown,calib,f11f2f8fde7f6b25,crop08,1,139.97711181640625
0,sid_calib,real,unknown,calib,f28bb384b541b35d,clean,1,149.88259887695312
0,sid_calib,real,unknown,calib,f28bb384b541b35d,jpeg90,1,149.486572265625
0,sid_calib,real,unknown,calib,f28bb384b541b35d,jpeg70,1,150.65802001953125
0,sid_calib,real,unknown,calib,f28bb384b541b35d,jpeg50,1,150.05711364746094
0,sid_calib,real,unknown,calib,f28bb384b541b35d,jpeg30,1,152.001708984375
0,sid_calib,real,unknown,calib,f28bb384b541b35d,blur05,1,149.69598388671875
0,sid_calib,real,unknown,calib,f28bb384b541b35d,blur10,1,150.14669799804688
0,sid_calib,real,unknown,calib,f28bb384b541b35d,blur20,1,150.83087158203125
0,sid_calib,real,unknown,calib,f28bb384b541b35d,resize05,1,149.41415405273438
0,sid_calib,real,unknown,calib,f28bb384b541b35d,resize025,1,151.25880432128906
0,sid_calib,real,unknown,calib,f28bb384b541b35d,noise002,1,150.13888549804688
0,sid_calib,real,unknown,calib,f28bb384b541b35d,noise005,1,147.9302215576172
0,sid_calib,real,unknown,calib,f28bb384b541b35d,noise01,1,155.12245178222656
0,sid_calib,real,unknown,calib,f28bb384b541b35d,jitter02,1,148.28506469726562
0,sid_calib,real,unknown,calib,f28bb384b541b35d,crop08,1,187.1269989013672
0,sid_calib,real,unknown,calib,664ee92ddf975adc,clean,1,209.3173065185547
0,sid_calib,real,unknown,calib,664ee92ddf975adc,jpeg90,1,209.35536193847656
0,sid_calib,real,unknown,calib,664ee92ddf975adc,jpeg70,1,209.8203582763672
0,sid_calib,real,unknown,calib,664ee92ddf975adc,jpeg50,1,210.94517517089844
0,sid_calib,real,unknown,calib,664ee92ddf975adc,jpeg30,1,209.24969482421875
0,sid_calib,real,unknown,calib,664ee92ddf975adc,blur05,1,209.28424072265625
0,sid_calib,real,unknown,calib,664ee92ddf975adc,blur10,1,207.9482879638672
0,sid_calib,real,unknown,calib,664ee92ddf975adc,blur20,1,205.96324157714844
0,sid_calib,real,unknown,calib,664ee92ddf975adc,resize05,1,209.26898193359375
0,sid_calib,real,unknown,calib,664ee92ddf975adc,resize025,1,207.90345764160156
0,sid_calib,real,unknown,calib,664ee92ddf975adc,noise002,1,210.34165954589844
0,sid_calib,real,unknown,calib,664ee92ddf975adc,noise005,1,213.2247772216797
0,sid_calib,real,unknown,calib,664ee92ddf975adc,noise01,1,209.76876831054688
0,sid_calib,real,unknown,calib,664ee92ddf975adc,jitter02,1,208.2291259765625
0,sid_calib,real,unknown,calib,664ee92ddf975adc,crop08,1,275.365966796875
1,sid_calib,full_synthetic,unknown,calib,511b77b5bba88999,clean,1,89.49372863769531
1,sid_calib,full_synthetic,unknown,calib,511b77b5bba88999,jpeg90,1,89.67758178710938
1,sid_calib,full_synthetic,unknown,calib,511b77b5bba88999,jpeg70,1,89.29631042480469
1,sid_calib,full_synthetic,unknown,calib,511b77b5bba88999,jpeg50,1,90.22162628173828
1,sid_calib,full_synthetic,unknown,calib,511b77b5bba88999,jpeg30,1,88.38052368164062
1,sid_calib,full_synthetic,unknown,calib,511b77b5bba88999,blur05,1,89.24288940429688
1,sid_calib,full_synthetic,unknown,calib,511b77b5bba88999,blur10,1,88.51366424560547
1,sid_calib,full_synthetic,unknown,calib,511b77b5bba88999,blur20,1,86.70256042480469
1,sid_calib,full_synthetic,unknown,calib,511b77b5bba88999,resize05,1,88.91663360595703
1,sid_calib,full_synthetic,unknown,calib,511b77b5bba88999,resize025,1,86.1648178100586
1,sid_calib,full_synthetic,unknown,calib,511b77b5bba88999,noise002,1,88.2189712524414
1,sid_calib,full_synthetic,unknown,calib,511b77b5bba88999,noise005,1,89.70127868652344
1,sid_calib,full_synthetic,unknown,calib,511b77b5bba88999,noise01,1,92.13636779785156
1,sid_calib,full_synthetic,unknown,calib,511b77b5bba88999,jitter02,1,87.48310089111328
1,sid_calib,full_synthetic,unknown,calib,511b77b5bba88999,crop08,1,112.19283294677734
1,sid_calib,full_synthetic,unknown,calib,beada3bae383e7c7,clean,1,240.9516143798828
1,sid_calib,full_synthetic,unknown,calib,beada3bae383e7c7,jpeg90,1,243.51759338378906
1,sid_calib,full_synthetic,unknown,calib,beada3bae383e7c7,jpeg70,1,240.4893798828125
1,sid_calib,full_synthetic,unknown,calib,beada3bae383e7c7,jpeg50,1,239.4005126953125
1,sid_calib,full_synthetic,unknown,calib,beada3bae383e7c7,jpeg30,1,238.3695526123047
1,sid_calib,full_synthetic,unknown,calib,beada3bae383e7c7,blur05,1,241.1920928955078
1,sid_calib,full_synthetic,unknown,calib,beada3bae383e7c7,blur10,1,242.4943389892578
1,sid_calib,full_synthetic,unknown,calib,beada3bae383e7c7,blur20,1,242.67039489746094
1,sid_calib,full_synthetic,unknown,calib,beada3bae383e7c7,resize05,1,242.5585479736328
1,sid_calib,full_synthetic,unknown,calib,beada3bae383e7c7,resize025,1,241.28558349609375
1,sid_calib,full_synthetic,unknown,calib,beada3bae383e7c7,noise002,1,240.5448455810547
1,sid_calib,full_synthetic,unknown,calib,beada3bae383e7c7,noise005,1,238.9662322998047
1,sid_calib,full_synthetic,unknown,calib,beada3bae383e7c7,noise01,1,236.2679443359375
1,sid_calib,full_synthetic,unknown,calib,beada3bae383e7c7,jitter02,1,248.19699096679688
1,sid_calib,full_synthetic,unknown,calib,beada3bae383e7c7,crop08,1,287.1261291503906
0,sid_calib,real,unknown,calib,5ec3f603b8605603,clean,1,222.15988159179688
0,sid_calib,real,unknown,calib,5ec3f603b8605603,jpeg90,1,221.64059448242188
0,sid_calib,real,unknown,calib,5ec3f603b8605603,jpeg70,1,222.49703979492188
0,sid_calib,real,unknown,calib,5ec3f603b8605603,jpeg50,1,221.77914428710938
0,sid_calib,real,unknown,calib,5ec3f603b8605603,jpeg30,1,220.72146606445312
0,sid_calib,real,unknown,calib,5ec3f603b8605603,blur05,1,222.0769805908203
0,sid_calib,real,unknown,calib,5ec3f603b8605603,blur10,1,224.16136169433594
0,sid_calib,real,unknown,calib,5ec3f603b8605603,blur20,1,220.12060546875
0,sid_calib,real,unknown,calib,5ec3f603b8605603,resize05,1,223.61572265625
0,sid_calib,real,unknown,calib,5ec3f603b8605603,resize025,1,220.97926330566406
0,sid_calib,real,unknown,calib,5ec3f603b8605603,noise002,1,222.95668029785156
0,sid_calib,real,unknown,calib,5ec3f603b8605603,noise005,1,223.19815063476562
0,sid_calib,real,unknown,calib,5ec3f603b8605603,noise01,1,228.3004150390625
0,sid_calib,real,unknown,calib,5ec3f603b8605603,jitter02,1,224.27462768554688
0,sid_calib,real,unknown,calib,5ec3f603b8605603,crop08,1,275.744384765625
0,sid_calib,real,unknown,calib,1e49f0d2781c5bd2,clean,1,73.54474639892578
0,sid_calib,real,unknown,calib,1e49f0d2781c5bd2,jpeg90,1,73.8364028930664
0,sid_calib,real,unknown,calib,1e49f0d2781c5bd2,jpeg70,1,73.9444580078125
0,sid_calib,real,unknown,calib,1e49f0d2781c5bd2,jpeg50,1,72.95755004882812
0,sid_calib,real,unknown,calib,1e49f0d2781c5bd2,jpeg30,1,74.45211791992188
0,sid_calib,real,unknown,calib,1e49f0d2781c5bd2,blur05,1,73.4875259399414
0,sid_calib,real,unknown,calib,1e49f0d2781c5bd2,blur10,1,73.20767211914062
0,sid_calib,real,unknown,calib,1e49f0d2781c5bd2,blur20,1,74.3602294921875
0,sid_calib,real,unknown,calib,1e49f0d2781c5bd2,resize05,1,73.20114135742188
0,sid_calib,real,unknown,calib,1e49f0d2781c5bd2,resize025,1,73.49451446533203
0,sid_calib,real,unknown,calib,1e49f0d2781c5bd2,noise002,1,73.38880157470703
0,sid_calib,real,unknown,calib,1e49f0d2781c5bd2,noise005,1,73.62673950195312
0,sid_calib,real,unknown,calib,1e49f0d2781c5bd2,noise01,1,73.61514282226562
0,sid_calib,real,unknown,calib,1e49f0d2781c5bd2,jitter02,1,73.45108032226562
0,sid_calib,real,unknown,calib,1e49f0d2781c5bd2,crop08,1,94.70465087890625
0,sid_calib,real,unknown,calib,1b5cc216f13ed139,clean,1,114.6612319946289
0,sid_calib,real,unknown,calib,1b5cc216f13ed139,jpeg90,1,115.41265869140625
0,sid_calib,real,unknown,calib,1b5cc216f13ed139,jpeg70,1,115.38026428222656
0,sid_calib,real,unknown,calib,1b5cc216f13ed139,jpeg50,1,115.71092224121094
0,sid_calib,real,unknown,calib,1b5cc216f13ed139,jpeg30,1,114.2335205078125
0,sid_calib,real,unknown,calib,1b5cc216f13ed139,blur05,1,112.64398956298828
0,sid_calib,real,unknown,calib,1b5cc216f13ed139,blur10,1,114.65177154541016
0,sid_calib,real,unknown,calib,1b5cc216f13ed139,blur20,1,115.27434539794922
0,sid_calib,real,unknown,calib,1b5cc216f13ed139,resize05,1,114.59332275390625
0,sid_calib,real,unknown,calib,1b5cc216f13ed139,resize025,1,111.5929946899414
0,sid_calib,real,unknown,calib,1b5cc216f13ed139,noise002,1,114.74198913574219
0,sid_calib,real,unknown,calib,1b5cc216f13ed139,noise005,1,113.30525970458984
0,sid_calib,real,unknown,calib,1b5cc216f13ed139,noise01,1,116.36434173583984
0,sid_calib,real,unknown,calib,1b5cc216f13ed139,jitter02,1,112.25953674316406
0,sid_calib,real,unknown,calib,1b5cc216f13ed139,crop08,1,150.7208251953125
0,sid_calib,real,unknown,calib,69d1d760be824246,clean,1,77.64110565185547
0,sid_calib,real,unknown,calib,69d1d760be824246,jpeg90,1,77.35478210449219
0,sid_calib,real,unknown,calib,69d1d760be824246,jpeg70,1,77.81602478027344
0,sid_calib,real,unknown,calib,69d1d760be824246,jpeg50,1,77.36284637451172
0,sid_calib,real,unknown,calib,69d1d760be824246,jpeg30,1,77.72318267822266
0,sid_calib,real,unknown,calib,69d1d760be824246,blur05,1,77.794921875
0,sid_calib,real,unknown,calib,69d1d760be824246,blur10,1,78.77547454833984
0,sid_calib,real,unknown,calib,69d1d760be824246,blur20,1,78.13253021240234
0,sid_calib,real,unknown,calib,69d1d760be824246,resize05,1,78.48792266845703
0,sid_calib,real,unknown,calib,69d1d760be824246,noise002,1,77.62447357177734
0,sid_calib,real,unknown,calib,69d1d760be824246,noise005,1,78.971435546875
0,sid_calib,real,unknown,calib,69d1d760be824246,jitter02,1,77.75755310058594
0,sid_calib,real,unknown,calib,ea9a3a3820bc3c37,clean,1,166.17039489746094
0,sid_calib,real,unknown,calib,ea9a3a3820bc3c37,jpeg90,1,165.97622680664062
0,sid_calib,real,unknown,calib,ea9a3a3820bc3c37,jpeg70,1,166.68202209472656
0,sid_calib,real,unknown,calib,ea9a3a3820bc3c37,jpeg50,1,148.02281188964844
0,sid_calib,real,unknown,calib,ea9a3a3820bc3c37,jpeg30,1,143.14622497558594
0,sid_calib,real,unknown,calib,ea9a3a3820bc3c37,blur05,1,166.35662841796875
0,sid_calib,real,unknown,calib,ea9a3a3820bc3c37,blur10,1,166.3807830810547
0,sid_calib,real,unknown,calib,ea9a3a3820bc3c37,blur20,1,147.5113067626953
0,sid_calib,real,unknown,calib,ea9a3a3820bc3c37,resize05,1,166.33584594726562
0,sid_calib,real,unknown,calib,ea9a3a3820bc3c37,resize025,1,147.06845092773438
0,sid_calib,real,unknown,calib,ea9a3a3820bc3c37,noise002,1,144.36810302734375
0,sid_calib,real,unknown,calib,ea9a3a3820bc3c37,noise005,1,144.4200897216797
0,sid_calib,real,unknown,calib,ea9a3a3820bc3c37,jitter02,1,164.54153442382812
0,sid_calib,real,unknown,calib,ea9a3a3820bc3c37,crop08,1,214.31414794921875
0,sid_calib,real,unknown,calib,f02f4c1a21b3d577,clean,1,162.73196411132812
0,sid_calib,real,unknown,calib,f02f4c1a21b3d577,jpeg90,1,162.3905029296875
0,sid_calib,real,unknown,calib,f02f4c1a21b3d577,jpeg70,1,161.40206909179688
0,sid_calib,real,unknown,calib,f02f4c1a21b3d577,jpeg50,1,147.6901092529297
0,sid_calib,real,unknown,calib,f02f4c1a21b3d577,jpeg30,1,149.51596069335938
0,sid_calib,real,unknown,calib,f02f4c1a21b3d577,blur05,1,162.5456085205078
0,sid_calib,real,unknown,calib,f02f4c1a21b3d577,blur10,1,149.85745239257812
0,sid_calib,real,unknown,calib,f02f4c1a21b3d577,blur20,1,147.92868041992188
0,sid_calib,real,unknown,calib,f02f4c1a21b3d577,resize05,1,162.8011932373047
0,sid_calib,real,unknown,calib,f02f4c1a21b3d577,resize025,1,148.29544067382812
0,sid_calib,real,unknown,calib,f02f4c1a21b3d577,noise002,1,163.09158325195312
0,sid_calib,real,unknown,calib,f02f4c1a21b3d577,noise005,1,151.83602905273438
0,sid_calib,real,unknown,calib,f02f4c1a21b3d577,noise01,1,157.89129638671875
0,sid_calib,real,unknown,calib,f02f4c1a21b3d577,jitter02,1,159.7285919189453
0,sid_calib,real,unknown,calib,6ded902227c827cd,clean,1,119.72708892822266
0,sid_calib,real,unknown,calib,6ded902227c827cd,jpeg90,1,119.74844360351562
0,sid_calib,real,unknown,calib,6ded902227c827cd,jpeg70,1,121.5813217163086
0,sid_calib,real,unknown,calib,6ded902227c827cd,jpeg50,1,120.20950317382812
0,sid_calib,real,unknown,calib,6ded902227c827cd,jpeg30,1,119.17073059082031
0,sid_calib,real,unknown,calib,6ded902227c827cd,blur05,1,119.78688049316406
0,sid_calib,real,unknown,calib,6ded902227c827cd,blur10,1,120.05852508544922
0,sid_calib,real,unknown,calib,6ded902227c827cd,resize05,1,120.08171844482422
0,sid_calib,real,unknown,calib,6ded902227c827cd,resize025,1,120.32305145263672
0,sid_calib,real,unknown,calib,6ded902227c827cd,jitter02,1,120.49575805664062
0,sid_calib,real,unknown,calib,6ded902227c827cd,crop08,1,150.5059356689453
1,sid_calib,full_synthetic,unknown,calib,f8768471ea2ef17a,clean,1,92.8126449584961
1,sid_calib,full_synthetic,unknown,calib,f8768471ea2ef17a,jpeg90,1,92.90167999267578
1,sid_calib,full_synthetic,unknown,calib,f8768471ea2ef17a,jpeg70,1,92.69599151611328
1,sid_calib,full_synthetic,unknown,calib,f8768471ea2ef17a,jpeg50,1,92.94252014160156
1,sid_calib,full_synthetic,unknown,calib,f8768471ea2ef17a,jpeg30,1,92.70389556884766
1,sid_calib,full_synthetic,unknown,calib,f8768471ea2ef17a,blur05,1,92.67047119140625
1,sid_calib,full_synthetic,unknown,calib,f8768471ea2ef17a,blur10,1,91.93486785888672
1,sid_calib,full_synthetic,unknown,calib,f8768471ea2ef17a,blur20,1,90.37263488769531
1,sid_calib,full_synthetic,unknown,calib,f8768471ea2ef17a,resize05,1,92.51408386230469
1,sid_calib,full_synthetic,unknown,calib,f8768471ea2ef17a,resize025,1,91.55914306640625
1,sid_calib,full_synthetic,unknown,calib,f8768471ea2ef17a,noise002,1,93.16771697998047
1,sid_calib,full_synthetic,unknown,calib,f8768471ea2ef17a,noise005,1,92.56383514404297
1,sid_calib,full_synthetic,unknown,calib,f8768471ea2ef17a,noise01,1,91.13754272460938
1,sid_calib,full_synthetic,unknown,calib,f8768471ea2ef17a,jitter02,1,91.75334930419922
1,sid_calib,full_synthetic,unknown,calib,f8768471ea2ef17a,crop08,1,116.95327758789062
0,sid_calib,real,unknown,calib,7c3a97026625dff3,noise005,1,189.12330627441406
0,sid_calib,real,unknown,calib,7c3a97026625dff3,crop08,1,227.70558166503906
1,sid_calib,full_synthetic,unknown,calib,9d8fd2a8c36a666b,crop08,1,66.25902557373047
0,sid_calib,real,unknown,calib,cf3500d0392326a2,clean,1,87.4921875
0,sid_calib,real,unknown,calib,cf3500d0392326a2,jpeg90,1,87.07923126220703
0,sid_calib,real,unknown,calib,cf3500d0392326a2,jpeg70,1,87.67864227294922
0,sid_calib,real,unknown,calib,cf3500d0392326a2,jpeg50,1,86.94367218017578
0,sid_calib,real,unknown,calib,cf3500d0392326a2,jpeg30,1,86.50460815429688
0,sid_calib,real,unknown,calib,cf3500d0392326a2,blur05,1,87.57704162597656
0,sid_calib,real,unknown,calib,cf3500d0392326a2,blur10,1,88.62801361083984
0,sid_calib,real,unknown,calib,cf3500d0392326a2,blur20,1,90.9949722290039
0,sid_calib,real,unknown,calib,cf3500d0392326a2,resize05,1,88.10875701904297
0,sid_calib,real,unknown,calib,cf3500d0392326a2,resize025,1,90.63893127441406
0,sid_calib,real,unknown,calib,cf3500d0392326a2,noise002,1,87.74443054199219
0,sid_calib,real,unknown,calib,cf3500d0392326a2,noise005,1,87.97405242919922
0,sid_calib,real,unknown,calib,cf3500d0392326a2,noise01,1,88.75004577636719
0,sid_calib,real,unknown,calib,cf3500d0392326a2,jitter02,1,85.03438568115234
0,sid_calib,real,unknown,calib,6e2e5170f23653f5,clean,1,101.00957489013672
0,sid_calib,real,unknown,calib,6e2e5170f23653f5,jpeg90,1,100.83433532714844
0,sid_calib,real,unknown,calib,6e2e5170f23653f5,jpeg70,1,100.224609375
0,sid_calib,real,unknown,calib,6e2e5170f23653f5,jpeg50,1,100.02351379394531
0,sid_calib,real,unknown,calib,6e2e5170f23653f5,jpeg30,1,101.56359100341797
0,sid_calib,real,unknown,calib,6e2e5170f23653f5,blur05,1,100.95841217041016
0,sid_calib,real,unknown,calib,6e2e5170f23653f5,blur10,1,100.71249389648438
0,sid_calib,real,unknown,calib,6e2e5170f23653f5,blur20,1,101.6417007446289
0,sid_calib,real,unknown,calib,6e2e5170f23653f5,resize05,1,100.91048431396484
0,sid_calib,real,unknown,calib,6e2e5170f23653f5,resize025,1,102.22923278808594
0,sid_calib,real,unknown,calib,6e2e5170f23653f5,noise002,1,101.63841247558594
0,sid_calib,real,unknown,calib,6e2e5170f23653f5,noise005,1,102.30664825439453
0,sid_calib,real,unknown,calib,6e2e5170f23653f5,noise01,1,106.8662109375
0,sid_calib,real,unknown,calib,6e2e5170f23653f5,jitter02,1,100.4605941772461
0,sid_calib,real,unknown,calib,6e2e5170f23653f5,crop08,1,126.07423400878906
0,sid_calib,real,unknown,calib,ddb1c20cc9a76837,clean,1,117.7280502319336
0,sid_calib,real,unknown,calib,ddb1c20cc9a76837,jpeg90,1,117.78925323486328
0,sid_calib,real,unknown,calib,ddb1c20cc9a76837,jpeg70,1,119.21781921386719
0,sid_calib,real,unknown,calib,ddb1c20cc9a76837,jpeg50,1,118.21283721923828
0,sid_calib,real,unknown,calib,ddb1c20cc9a76837,jpeg30,1,118.96502685546875
0,sid_calib,real,unknown,calib,ddb1c20cc9a76837,blur05,1,117.39054870605469
0,sid_calib,real,unknown,calib,ddb1c20cc9a76837,blur10,1,116.97708129882812
0,sid_calib,real,unknown,calib,ddb1c20cc9a76837,blur20,1,118.29741668701172
0,sid_calib,real,unknown,calib,ddb1c20cc9a76837,resize05,1,117.18156433105469
0,sid_calib,real,unknown,calib,ddb1c20cc9a76837,resize025,1,117.58479309082031
0,sid_calib,real,unknown,calib,ddb1c20cc9a76837,noise002,1,119.05392456054688
0,sid_calib,real,unknown,calib,ddb1c20cc9a76837,noise005,1,119.2733383178711
0,sid_calib,real,unknown,calib,ddb1c20cc9a76837,noise01,1,119.19181060791016
0,sid_calib,real,unknown,calib,ddb1c20cc9a76837,jitter02,1,117.66624450683594
0,sid_calib,real,unknown,calib,ddb1c20cc9a76837,crop08,1,147.65771484375
0,sid_calib,real,unknown,calib,b9afaea03df74fea,clean,1,72.90473175048828
0,sid_calib,real,unknown,calib,b9afaea03df74fea,jpeg90,1,72.69979095458984
0,sid_calib,real,unknown,calib,b9afaea03df74fea,jpeg70,1,72.66697692871094
0,sid_calib,real,unknown,calib,b9afaea03df74fea,jpeg50,1,72.35462951660156
0,sid_calib,real,unknown,calib,b9afaea03df74fea,jpeg30,1,72.53545379638672
0,sid_calib,real,unknown,calib,b9afaea03df74fea,blur05,1,72.56971740722656
0,sid_calib,real,unknown,calib,b9afaea03df74fea,blur10,1,71.56763458251953
0,sid_calib,real,unknown,calib,b9afaea03df74fea,blur20,1,71.32218170166016
0,sid_calib,real,unknown,calib,b9afaea03df74fea,resize05,1,72.43323516845703
0,sid_calib,real,unknown,calib,b9afaea03df74fea,resize025,1,70.86750793457031
0,sid_calib,real,unknown,calib,b9afaea03df74fea,noise002,1,72.85331726074219
0,sid_calib,real,unknown,calib,b9afaea03df74fea,noise005,1,73.21943664550781
0,sid_calib,real,unknown,calib,b9afaea03df74fea,noise01,1,74.85313415527344
0,sid_calib,real,unknown,calib,b9afaea03df74fea,jitter02,1,73.40220642089844
0,sid_calib,real,unknown,calib,b9afaea03df74fea,crop08,1,91.6402359008789
0,sid_calib,real,unknown,calib,40c94978f6bd72a0,clean,1,109.0160140991211
0,sid_calib,real,unknown,calib,40c94978f6bd72a0,jpeg90,1,108.97840118408203
0,sid_calib,real,unknown,calib,40c94978f6bd72a0,jpeg70,1,109.1634521484375
0,sid_calib,real,unknown,calib,40c94978f6bd72a0,jpeg50,1,109.43582153320312
0,sid_calib,real,unknown,calib,40c94978f6bd72a0,jpeg30,1,109.80733489990234
0,sid_calib,real,unknown,calib,40c94978f6bd72a0,blur05,1,109.06181335449219
0,sid_calib,real,unknown,calib,40c94978f6bd72a0,blur10,1,109.18843841552734
0,sid_calib,real,unknown,calib,40c94978f6bd72a0,blur20,1,108.87654876708984
0,sid_calib,real,unknown,calib,40c94978f6bd72a0,resize05,1,109.20738983154297
0,sid_calib,real,unknown,calib,40c94978f6bd72a0,resize025,1,108.44281005859375
0,sid_calib,real,unknown,calib,40c94978f6bd72a0,noise002,1,109.11529541015625
0,sid_calib,real,unknown,calib,40c94978f6bd72a0,noise005,1,109.38866424560547
0,sid_calib,real,unknown,calib,40c94978f6bd72a0,noise01,1,109.42193603515625
0,sid_calib,real,unknown,calib,40c94978f6bd72a0,jitter02,1,109.49258422851562
0,sid_calib,real,unknown,calib,40c94978f6bd72a0,crop08,1,137.5353240966797
1,sid_calib,full_synthetic,unknown,calib,6fb7a57cf06172bb,clean,1,75.22490692138672
1,sid_calib,full_synthetic,unknown,calib,6fb7a57cf06172bb,jpeg90,1,75.37579345703125
1,sid_calib,full_synthetic,unknown,calib,6fb7a57cf06172bb,jpeg70,1,75.36457824707031
1,sid_calib,full_synthetic,unknown,calib,6fb7a57cf06172bb,jpeg50,1,75.49303436279297
1,sid_calib,full_synthetic,unknown,calib,6fb7a57cf06172bb,jpeg30,1,74.26583862304688
1,sid_calib,full_synthetic,unknown,calib,6fb7a57cf06172bb,blur05,1,75.22650909423828
1,sid_calib,full_synthetic,unknown,calib,6fb7a57cf06172bb,blur10,1,75.33302307128906
1,sid_calib,full_synthetic,unknown,calib,6fb7a57cf06172bb,blur20,1,75.30448150634766
1,sid_calib,full_synthetic,unknown,calib,6fb7a57cf06172bb,resize05,1,75.3396224975586
1,sid_calib,full_synthetic,unknown,calib,6fb7a57cf06172bb,resize025,1,75.4684829711914
1,sid_calib,full_synthetic,unknown,calib,6fb7a57cf06172bb,noise002,1,75.6939926147461
1,sid_calib,full_synthetic,unknown,calib,6fb7a57cf06172bb,noise005,1,75.14286804199219
1,sid_calib,full_synthetic,unknown,calib,6fb7a57cf06172bb,noise01,1,72.98541259765625
1,sid_calib,full_synthetic,unknown,calib,6fb7a57cf06172bb,jitter02,1,75.33769226074219
1,sid_calib,full_synthetic,unknown,calib,6fb7a57cf06172bb,crop08,1,88.54021453857422
0,sid_calib,real,unknown,calib,a15c8a25541ef56a,crop08,1,266.7271728515625
0,sid_calib,real,unknown,calib,1df5978e3140bf4c,jpeg70,1,66.5940170288086
0,sid_calib,real,unknown,calib,1df5978e3140bf4c,noise002,1,66.52580261230469
0,sid_calib,real,unknown,calib,1df5978e3140bf4c,crop08,1,78.23175811767578
0,sid_calib,real,unknown,calib,4f1023f6fb92f13c,clean,1,103.15531158447266
0,sid_calib,real,unknown,calib,4f1023f6fb92f13c,jpeg90,1,103.30201721191406
0,sid_calib,real,unknown,calib,4f1023f6fb92f13c,jpeg70,1,103.17829132080078
0,sid_calib,real,unknown,calib,4f1023f6fb92f13c,jpeg50,1,103.5234146118164
0,sid_calib,real,unknown,calib,4f1023f6fb92f13c,jpeg30,1,103.70979309082031
0,sid_calib,real,unknown,calib,4f1023f6fb92f13c,blur05,1,102.92475128173828
0,sid_calib,real,unknown,calib,4f1023f6fb92f13c,blur10,1,103.13268280029297
0,sid_calib,real,unknown,calib,4f1023f6fb92f13c,blur20,1,103.79149627685547
0,sid_calib,real,unknown,calib,4f1023f6fb92f13c,resize05,1,103.07369232177734
0,sid_calib,real,unknown,calib,4f1023f6fb92f13c,resize025,1,103.96208190917969
0,sid_calib,real,unknown,calib,4f1023f6fb92f13c,noise002,1,103.9601058959961
0,sid_calib,real,unknown,calib,4f1023f6fb92f13c,noise005,1,105.17509460449219
0,sid_calib,real,unknown,calib,4f1023f6fb92f13c,noise01,1,105.58480072021484
0,sid_calib,real,unknown,calib,4f1023f6fb92f13c,jitter02,1,102.98482513427734
0,sid_calib,real,unknown,calib,4f1023f6fb92f13c,crop08,1,130.39810180664062
0,sid_calib,real,unknown,calib,77f53dd03c124b9f,clean,1,96.37518310546875
0,sid_calib,real,unknown,calib,77f53dd03c124b9f,jpeg90,1,96.64405059814453
0,sid_calib,real,unknown,calib,77f53dd03c124b9f,jpeg70,1,96.38619232177734
0,sid_calib,real,unknown,calib,77f53dd03c124b9f,jpeg50,1,96.4854965209961
0,sid_calib,real,unknown,calib,77f53dd03c124b9f,jpeg30,1,97.68658447265625
0,sid_calib,real,unknown,calib,77f53dd03c124b9f,blur05,1,96.2098388671875
0,sid_calib,real,unknown,calib,77f53dd03c124b9f,blur10,1,95.55027770996094
0,sid_calib,real,unknown,calib,77f53dd03c124b9f,blur20,1,97.27798461914062
0,sid_calib,real,unknown,calib,77f53dd03c124b9f,resize05,1,96.24781036376953
0,sid_calib,real,unknown,calib,77f53dd03c124b9f,resize025,1,97.44853973388672
0,sid_calib,real,unknown,calib,77f53dd03c124b9f,noise002,1,97.0792236328125
0,sid_calib,real,unknown,calib,77f53dd03c124b9f,noise005,1,96.17206573486328
0,sid_calib,real,unknown,calib,77f53dd03c124b9f,noise01,1,100.59796142578125
0,sid_calib,real,unknown,calib,77f53dd03c124b9f,crop08,1,117.7679443359375
1,sid_calib,full_synthetic,unknown,calib,5fde5930d9cb5c4b,clean,1,172.9419403076172
1,sid_calib,full_synthetic,unknown,calib,5fde5930d9cb5c4b,jpeg90,1,173.0105743408203
1,sid_calib,full_synthetic,unknown,calib,5fde5930d9cb5c4b,jpeg70,1,172.4600830078125
1,sid_calib,full_synthetic,unknown,calib,5fde5930d9cb5c4b,jpeg50,1,174.2822265625
1,sid_calib,full_synthetic,unknown,calib,5fde5930d9cb5c4b,jpeg30,1,175.44752502441406
1,sid_calib,full_synthetic,unknown,calib,5fde5930d9cb5c4b,blur05,1,172.81802368164062
1,sid_calib,full_synthetic,unknown,calib,5fde5930d9cb5c4b,blur10,1,172.76527404785156
1,sid_calib,full_synthetic,unknown,calib,5fde5930d9cb5c4b,blur20,1,172.00868225097656
1,sid_calib,full_synthetic,unknown,calib,5fde5930d9cb5c4b,resize05,1,172.36146545410156
1,sid_calib,full_synthetic,unknown,calib,5fde5930d9cb5c4b,resize025,1,172.18849182128906
1,sid_calib,full_synthetic,unknown,calib,5fde5930d9cb5c4b,noise002,1,174.127197265625
1,sid_calib,full_synthetic,unknown,calib,5fde5930d9cb5c4b,noise005,1,174.5389404296875
1,sid_calib,full_synthetic,unknown,calib,5fde5930d9cb5c4b,noise01,1,174.87310791015625
1,sid_calib,full_synthetic,unknown,calib,5fde5930d9cb5c4b,jitter02,1,173.53057861328125
1,sid_calib,full_synthetic,unknown,calib,5fde5930d9cb5c4b,crop08,1,212.88230895996094
0,sid_calib,real,unknown,calib,af91ae63c4f38079,clean,1,77.92147827148438
0,sid_calib,real,unknown,calib,af91ae63c4f38079,jpeg90,1,78.09920501708984
0,sid_calib,real,unknown,calib,af91ae63c4f38079,jpeg70,1,77.77465057373047
0,sid_calib,real,unknown,calib,af91ae63c4f38079,jpeg50,1,77.78993225097656
0,sid_calib,real,unknown,calib,af91ae63c4f38079,jpeg30,1,77.4505844116211
0,sid_calib,real,unknown,calib,af91ae63c4f38079,blur05,1,77.74737548828125
0,sid_calib,real,unknown,calib,af91ae63c4f38079,blur10,1,77.70775604248047
0,sid_calib,real,unknown,calib,af91ae63c4f38079,blur20,1,76.6853256225586
0,sid_calib,real,unknown,calib,af91ae63c4f38079,resize05,1,77.66976165771484
0,sid_calib,real,unknown,calib,af91ae63c4f38079,resize025,1,77.07546997070312
0,sid_calib,real,unknown,calib,af91ae63c4f38079,noise002,1,77.51510620117188
0,sid_calib,real,unknown,calib,af91ae63c4f38079,noise005,1,77.86499786376953
0,sid_calib,real,unknown,calib,af91ae63c4f38079,noise01,1,75.54399871826172
0,sid_calib,real,unknown,calib,af91ae63c4f38079,jitter02,1,78.06214141845703
0,sid_calib,real,unknown,calib,af91ae63c4f38079,crop08,1,95.56059265136719
0,sid_calib,real,unknown,calib,1609f296fb696929,crop08,1,70.01439666748047
0,sid_calib,real,unknown,calib,7538fdabe5210013,clean,1,142.80453491210938
0,sid_calib,real,unknown,calib,7538fdabe5210013,jpeg90,1,142.67098999023438
0,sid_calib,real,unknown,calib,7538fdabe5210013,jpeg70,1,142.04183959960938
0,sid_calib,real,unknown,calib,7538fdabe5210013,jpeg50,1,143.03733825683594
0,sid_calib,real,unknown,calib,7538fdabe5210013,jpeg30,1,144.68394470214844
0,sid_calib,real,unknown,calib,7538fdabe5210013,blur05,1,142.69976806640625
0,sid_calib,real,unknown,calib,7538fdabe5210013,blur10,1,143.24827575683594
0,sid_calib,real,unknown,calib,7538fdabe5210013,blur20,1,138.44793701171875
0,sid_calib,real,unknown,calib,7538fdabe5210013,resize05,1,143.1599884033203
0,sid_calib,real,unknown,calib,7538fdabe5210013,resize025,1,138.34046936035156
0,sid_calib,real,unknown,calib,7538fdabe5210013,noise002,1,143.59326171875
0,sid_calib,real,unknown,calib,7538fdabe5210013,noise005,1,136.0096893310547
0,sid_calib,real,unknown,calib,7538fdabe5210013,noise01,1,137.94161987304688
0,sid_calib,real,unknown,calib,7538fdabe5210013,jitter02,1,142.7791748046875
0,sid_calib,real,unknown,calib,7538fdabe5210013,crop08,1,180.70274353027344
0,sid_calib,real,unknown,calib,225ba2e6dbe9fd92,clean,1,168.14964294433594
0,sid_calib,real,unknown,calib,225ba2e6dbe9fd92,jpeg90,1,168.0728302001953
0,sid_calib,real,unknown,calib,225ba2e6dbe9fd92,jpeg70,1,168.04664611816406
0,sid_calib,real,unknown,calib,225ba2e6dbe9fd92,jpeg50,1,167.5375518798828
0,sid_calib,real,unknown,calib,225ba2e6dbe9fd92,jpeg30,1,169.23117065429688
0,sid_calib,real,unknown,calib,225ba2e6dbe9fd92,blur05,1,167.6883087158203
0,sid_calib,real,unknown,calib,225ba2e6dbe9fd92,blur10,1,168.5456085205078
0,sid_calib,real,unknown,calib,225ba2e6dbe9fd92,blur20,1,172.5133514404297
0,sid_calib,real,unknown,calib,225ba2e6dbe9fd92,resize05,1,167.9578857421875
0,sid_calib,real,unknown,calib,225ba2e6dbe9fd92,resize025,1,169.80282592773438
0,sid_calib,real,unknown,calib,225ba2e6dbe9fd92,noise002,1,168.16763305664062
0,sid_calib,real,unknown,calib,225ba2e6dbe9fd92,noise005,1,168.76605224609375
0,sid_calib,real,unknown,calib,225ba2e6dbe9fd92,noise01,1,173.42726135253906
0,sid_calib,real,unknown,calib,225ba2e6dbe9fd92,jitter02,1,169.07546997070312
0,sid_calib,real,unknown,calib,225ba2e6dbe9fd92,crop08,1,211.07675170898438
1,sid_calib,full_synthetic,unknown,calib,d12797f687154155,jpeg50,1,64.31910705566406
1,sid_calib,full_synthetic,unknown,calib,d12797f687154155,crop08,1,78.80619049072266
1,sid_calib,full_synthetic,unknown,calib,3a213bcc53380997,clean,1,132.63046264648438
1,sid_calib,full_synthetic,unknown,calib,3a213bcc53380997,jpeg90,1,132.6134796142578
1,sid_calib,full_synthetic,unknown,calib,3a213bcc53380997,jpeg70,1,127.65245056152344
1,sid_calib,full_synthetic,unknown,calib,3a213bcc53380997,jpeg50,1,127.7333755493164
1,sid_calib,full_synthetic,unknown,calib,3a213bcc53380997,jpeg30,1,132.5394287109375
1,sid_calib,full_synthetic,unknown,calib,3a213bcc53380997,blur05,1,132.71951293945312
1,sid_calib,full_synthetic,unknown,calib,3a213bcc53380997,blur10,1,133.03408813476562
1,sid_calib,full_synthetic,unknown,calib,3a213bcc53380997,blur20,1,132.69378662109375
1,sid_calib,full_synthetic,unknown,calib,3a213bcc53380997,resize05,1,132.62022399902344
1,sid_calib,full_synthetic,unknown,calib,3a213bcc53380997,resize025,1,128.75643920898438
1,sid_calib,full_synthetic,unknown,calib,3a213bcc53380997,noise002,1,132.52151489257812
1,sid_calib,full_synthetic,unknown,calib,3a213bcc53380997,noise005,1,127.51006317138672
1,sid_calib,full_synthetic,unknown,calib,3a213bcc53380997,noise01,1,130.69297790527344
1,sid_calib,full_synthetic,unknown,calib,3a213bcc53380997,jitter02,1,132.19581604003906
1,sid_calib,full_synthetic,unknown,calib,3a213bcc53380997,crop08,1,162.66477966308594
0,sid_calib,real,unknown,calib,199ec93df97d40ac,clean,1,85.33295440673828
0,sid_calib,real,unknown,calib,199ec93df97d40ac,jpeg90,1,85.57750701904297
0,sid_calib,real,unknown,calib,199ec93df97d40ac,jpeg70,1,85.70111846923828
0,sid_calib,real,unknown,calib,199ec93df97d40ac,jpeg50,1,85.41153717041016
0,sid_calib,real,unknown,calib,199ec93df97d40ac,jpeg30,1,85.42200469970703
0,sid_calib,real,unknown,calib,199ec93df97d40ac,blur05,1,85.63499450683594
0,sid_calib,real,unknown,calib,199ec93df97d40ac,blur10,1,86.36746215820312
0,sid_calib,real,unknown,calib,199ec93df97d40ac,blur20,1,87.19956970214844
0,sid_calib,real,unknown,calib,199ec93df97d40ac,resize05,1,86.244140625
0,sid_calib,real,unknown,calib,199ec93df97d40ac,resize025,1,87.22309112548828
0,sid_calib,real,unknown,calib,199ec93df97d40ac,noise002,1,85.12834167480469
0,sid_calib,real,unknown,calib,199ec93df97d40ac,noise005,1,85.5744857788086
0,sid_calib,real,unknown,calib,199ec93df97d40ac,noise01,1,86.31409454345703
0,sid_calib,real,unknown,calib,199ec93df97d40ac,jitter02,1,85.47923278808594
0,sid_calib,real,unknown,calib,199ec93df97d40ac,crop08,1,108.3817138671875
1,sid_calib,full_synthetic,unknown,calib,b2ba1001814fbc79,clean,1,303.2712097167969
1,sid_calib,full_synthetic,unknown,calib,b2ba1001814fbc79,jpeg90,1,303.1779479980469
1,sid_calib,full_synthetic,unknown,calib,b2ba1001814fbc79,jpeg70,1,303.59295654296875
1,sid_calib,full_synthetic,unknown,calib,b2ba1001814fbc79,jpeg50,1,302.2620849609375
1,sid_calib,full_synthetic,unknown,calib,b2ba1001814fbc79,jpeg30,1,302.0497741699219
1,sid_calib,full_synthetic,unknown,calib,b2ba1001814fbc79,blur05,1,303.1198425292969
1,sid_calib,full_synthetic,unknown,calib,b2ba1001814fbc79,blur10,1,302.3119812011719
1,sid_calib,full_synthetic,unknown,calib,b2ba1001814fbc79,blur20,1,302.4691467285156
1,sid_calib,full_synthetic,unknown,calib,b2ba1001814fbc79,resize05,1,303.1280822753906
1,sid_calib,full_synthetic,unknown,calib,b2ba1001814fbc79,resize025,1,303.3094177246094
1,sid_calib,full_synthetic,unknown,calib,b2ba1001814fbc79,noise002,1,305.3169860839844
1,sid_calib,full_synthetic,unknown,calib,b2ba1001814fbc79,noise005,1,310.273193359375
1,sid_calib,full_synthetic,unknown,calib,b2ba1001814fbc79,noise01,1,308.4898986816406
1,sid_calib,full_synthetic,unknown,calib,b2ba1001814fbc79,jitter02,1,304.223388671875
1,sid_calib,full_synthetic,unknown,calib,b2ba1001814fbc79,crop08,1,363.1900634765625
1,sid_calib,full_synthetic,unknown,calib,eb1055961c9428dc,clean,1,65.73983001708984
1,sid_calib,full_synthetic,unknown,calib,eb1055961c9428dc,jpeg90,1,65.41816711425781
1,sid_calib,full_synthetic,unknown,calib,eb1055961c9428dc,jpeg70,1,65.34188842773438
1,sid_calib,full_synthetic,unknown,calib,eb1055961c9428dc,jpeg50,1,64.48907470703125
1,sid_calib,full_synthetic,unknown,calib,eb1055961c9428dc,jpeg30,1,65.36780548095703
1,sid_calib,full_synthetic,unknown,calib,eb1055961c9428dc,blur05,1,65.58976745605469
1,sid_calib,full_synthetic,unknown,calib,eb1055961c9428dc,blur10,1,64.9882583618164
1,sid_calib,full_synthetic,unknown,calib,eb1055961c9428dc,blur20,1,64.63072967529297
1,sid_calib,full_synthetic,unknown,calib,eb1055961c9428dc,resize05,1,65.13270568847656
1,sid_calib,full_synthetic,unknown,calib,eb1055961c9428dc,resize025,1,65.08995056152344
1,sid_calib,full_synthetic,unknown,calib,eb1055961c9428dc,noise002,1,65.27435302734375
1,sid_calib,full_synthetic,unknown,calib,eb1055961c9428dc,noise005,1,65.15428924560547
1,sid_calib,full_synthetic,unknown,calib,eb1055961c9428dc,jitter02,1,65.76290893554688
1,sid_calib,full_synthetic,unknown,calib,eb1055961c9428dc,crop08,1,80.11045837402344
0,sid_calib,real,unknown,calib,bf699d09b4094237,clean,1,149.84019470214844
0,sid_calib,real,unknown,calib,bf699d09b4094237,jpeg90,1,149.72695922851562
0,sid_calib,real,unknown,calib,bf699d09b4094237,jpeg70,1,150.4449920654297
0,sid_calib,real,unknown,calib,bf699d09b4094237,jpeg50,1,151.01321411132812
0,sid_calib,real,unknown,calib,bf699d09b4094237,jpeg30,1,150.06826782226562
0,sid_calib,real,unknown,calib,bf699d09b4094237,blur05,1,149.79376220703125
0,sid_calib,real,unknown,calib,bf699d09b4094237,blur10,1,149.14874267578125
0,sid_calib,real,unknown,calib,bf699d09b4094237,blur20,1,148.39157104492188
0,sid_calib,real,unknown,calib,bf699d09b4094237,resize05,1,150.16786193847656
0,sid_calib,real,unknown,calib,bf699d09b4094237,resize025,1,149.67642211914062
0,sid_calib,real,unknown,calib,bf699d09b4094237,noise002,1,150.21173095703125
0,sid_calib,real,unknown,calib,bf699d09b4094237,noise005,1,146.81631469726562
0,sid_calib,real,unknown,calib,bf699d09b4094237,noise01,1,150.89663696289062
0,sid_calib,real,unknown,calib,bf699d09b4094237,jitter02,1,149.5462188720703
0,sid_calib,real,unknown,calib,bf699d09b4094237,crop08,1,178.31434631347656
1,sid_calib,full_synthetic,unknown,calib,0d1af6dff6175266,clean,1,141.07052612304688
1,sid_calib,full_synthetic,unknown,calib,0d1af6dff6175266,jpeg90,1,140.9072723388672
1,sid_calib,full_synthetic,unknown,calib,0d1af6dff6175266,jpeg70,1,141.31991577148438
1,sid_calib,full_synthetic,unknown,calib,0d1af6dff6175266,jpeg50,1,141.0669403076172
1,sid_calib,full_synthetic,unknown,calib,0d1af6dff6175266,jpeg30,1,140.9877471923828
1,sid_calib,full_synthetic,unknown,calib,0d1af6dff6175266,blur05,1,141.26931762695312
1,sid_calib,full_synthetic,unknown,calib,0d1af6dff6175266,blur10,1,142.17225646972656
1,sid_calib,full_synthetic,unknown,calib,0d1af6dff6175266,blur20,1,142.74966430664062
1,sid_calib,full_synthetic,unknown,calib,0d1af6dff6175266,resize05,1,141.50538635253906
1,sid_calib,full_synthetic,unknown,calib,0d1af6dff6175266,resize025,1,141.68251037597656
1,sid_calib,full_synthetic,unknown,calib,0d1af6dff6175266,noise002,1,141.4395751953125
1,sid_calib,full_synthetic,unknown,calib,0d1af6dff6175266,noise005,1,141.9484405517578
1,sid_calib,full_synthetic,unknown,calib,0d1af6dff6175266,noise01,1,142.4952392578125
1,sid_calib,full_synthetic,unknown,calib,0d1af6dff6175266,jitter02,1,141.43467712402344
1,sid_calib,full_synthetic,unknown,calib,0d1af6dff6175266,crop08,1,170.81248474121094
1,sid_calib,full_synthetic,unknown,calib,d3d292f13ec84543,clean,1,110.38673400878906
1,sid_calib,full_synthetic,unknown,calib,d3d292f13ec84543,jpeg90,1,110.43817138671875
1,sid_calib,full_synthetic,unknown,calib,d3d292f13ec84543,jpeg70,1,110.12336730957031
1,sid_calib,full_synthetic,unknown,calib,d3d292f13ec84543,jpeg50,1,110.9402084350586
1,sid_calib,full_synthetic,unknown,calib,d3d292f13ec84543,jpeg30,1,110.46144104003906
1,sid_calib,full_synthetic,unknown,calib,d3d292f13ec84543,blur05,1,110.47825622558594
1,sid_calib,full_synthetic,unknown,calib,d3d292f13ec84543,blur10,1,110.3897476196289
1,sid_calib,full_synthetic,unknown,calib,d3d292f13ec84543,blur20,1,109.869140625
1,sid_calib,full_synthetic,unknown,calib,d3d292f13ec84543,resize05,1,110.32245635986328
1,sid_calib,full_synthetic,unknown,calib,d3d292f13ec84543,resize025,1,110.18511199951172
1,sid_calib,full_synthetic,unknown,calib,d3d292f13ec84543,noise002,1,110.589111328125
1,sid_calib,full_synthetic,unknown,calib,d3d292f13ec84543,noise005,1,109.89240264892578
1,sid_calib,full_synthetic,unknown,calib,d3d292f13ec84543,noise01,1,110.88519287109375
1,sid_calib,full_synthetic,unknown,calib,d3d292f13ec84543,jitter02,1,110.852783203125
1,sid_calib,full_synthetic,unknown,calib,d3d292f13ec84543,crop08,1,136.36952209472656
0,sid_calib,real,unknown,calib,99dee34ddb472944,clean,1,140.82232666015625
0,sid_calib,real,unknown,calib,99dee34ddb472944,jpeg90,1,140.95152282714844
0,sid_calib,real,unknown,calib,99dee34ddb472944,jpeg70,1,141.04635620117188
0,sid_calib,real,unknown,calib,99dee34ddb472944,jpeg50,1,141.307373046875
0,sid_calib,real,unknown,calib,99dee34ddb472944,jpeg30,1,140.77845764160156
0,sid_calib,real,unknown,calib,99dee34ddb472944,blur05,1,140.86181640625
0,sid_calib,real,unknown,calib,99dee34ddb472944,blur10,1,141.1651153564453
0,sid_calib,real,unknown,calib,99dee34ddb472944,blur20,1,142.2308349609375
0,sid_calib,real,unknown,calib,99dee34ddb472944,resize05,1,140.87515258789062
0,sid_calib,real,unknown,calib,99dee34ddb472944,resize025,1,142.39271545410156
0,sid_calib,real,unknown,calib,99dee34ddb472944,noise002,1,141.59400939941406
0,sid_calib,real,unknown,calib,99dee34ddb472944,noise005,1,140.2790985107422
0,sid_calib,real,unknown,calib,99dee34ddb472944,noise01,1,141.80609130859375
0,sid_calib,real,unknown,calib,99dee34ddb472944,jitter02,1,140.3372802734375
0,sid_calib,real,unknown,calib,99dee34ddb472944,crop08,1,170.59246826171875
0,sid_calib,real,unknown,calib,6a7f6b056389679b,clean,1,101.51950073242188
0,sid_calib,real,unknown,calib,6a7f6b056389679b,jpeg90,1,101.68818664550781
0,sid_calib,real,unknown,calib,6a7f6b056389679b,jpeg70,1,101.37960052490234
0,sid_calib,real,unknown,calib,6a7f6b056389679b,jpeg50,1,101.37117767333984
0,sid_calib,real,unknown,calib,6a7f6b056389679b,jpeg30,1,100.70956420898438
0,sid_calib,real,unknown,calib,6a7f6b056389679b,blur05,1,101.6630859375
0,sid_calib,real,unknown,calib,6a7f6b056389679b,blur10,1,101.4205093383789
0,sid_calib,real,unknown,calib,6a7f6b056389679b,blur20,1,101.44095611572266
0,sid_calib,real,unknown,calib,6a7f6b056389679b,resize05,1,101.8221206665039
0,sid_calib,real,unknown,calib,6a7f6b056389679b,resize025,1,101.31128692626953
0,sid_calib,real,unknown,calib,6a7f6b056389679b,noise002,1,102.03032684326172
0,sid_calib,real,unknown,calib,6a7f6b056389679b,noise005,1,100.6028823852539
0,sid_calib,real,unknown,calib,6a7f6b056389679b,noise01,1,101.41043853759766
0,sid_calib,real,unknown,calib,6a7f6b056389679b,jitter02,1,102.13875579833984
0,sid_calib,real,unknown,calib,6a7f6b056389679b,crop08,1,131.76327514648438
0,sid_calib,real,unknown,calib,7a265e1327268161,jpeg50,1,64.76548767089844
0,sid_calib,real,unknown,calib,7a265e1327268161,blur20,1,64.2307357788086
0,sid_calib,real,unknown,calib,7a265e1327268161,resize025,1,64.31764221191406
0,sid_calib,real,unknown,calib,7a265e1327268161,noise005,1,64.59566497802734
0,sid_calib,real,unknown,calib,7a265e1327268161,crop08,1,76.79036712646484
0,sid_calib,real,unknown,calib,e9f010a2b936dd67,crop08,1,66.63597869873047
0,sid_calib,real,unknown,calib,d25f076f9a2fcf93,clean,1,186.37342834472656
0,sid_calib,real,unknown,calib,d25f076f9a2fcf93,jpeg90,1,186.5884552001953
0,sid_calib,real,unknown,calib,d25f076f9a2fcf93,jpeg70,1,186.0039825439453
0,sid_calib,real,unknown,calib,d25f076f9a2fcf93,jpeg50,1,185.67404174804688
0,sid_calib,real,unknown,calib,d25f076f9a2fcf93,jpeg30,1,186.488037109375
0,sid_calib,real,unknown,calib,d25f076f9a2fcf93,blur05,1,186.3678741455078
0,sid_calib,real,unknown,calib,d25f076f9a2fcf93,blur10,1,186.3677978515625
0,sid_calib,real,unknown,calib,d25f076f9a2fcf93,blur20,1,187.993896484375
0,sid_calib,real,unknown,calib,d25f076f9a2fcf93,resize05,1,185.80514526367188
0,sid_calib,real,unknown,calib,d25f076f9a2fcf93,resize025,1,185.88209533691406
0,sid_calib,real,unknown,calib,d25f076f9a2fcf93,noise002,1,187.7172088623047
0,sid_calib,real,unknown,calib,d25f076f9a2fcf93,noise005,1,190.49168395996094
0,sid_calib,real,unknown,calib,d25f076f9a2fcf93,noise01,1,193.7816619873047
0,sid_calib,real,unknown,calib,d25f076f9a2fcf93,jitter02,1,188.37803649902344
0,sid_calib,real,unknown,calib,d25f076f9a2fcf93,crop08,1,241.0743408203125
1,sid_calib,full_synthetic,unknown,calib,8fd94c09a539fa32,crop08,1,80.16561126708984
1,sid_calib,full_synthetic,unknown,calib,e92a4e4303c4a829,clean,1,161.62657165527344
1,sid_calib,full_synthetic,unknown,calib,e92a4e4303c4a829,jpeg90,1,161.79647827148438
1,sid_calib,full_synthetic,unknown,calib,e92a4e4303c4a829,jpeg70,1,161.29689025878906
1,sid_calib,full_synthetic,unknown,calib,e92a4e4303c4a829,jpeg50,1,162.0192413330078
1,sid_calib,full_synthetic,unknown,calib,e92a4e4303c4a829,jpeg30,1,153.65480041503906
1,sid_calib,full_synthetic,unknown,calib,e92a4e4303c4a829,blur05,1,161.60968017578125
1,sid_calib,full_synthetic,unknown,calib,e92a4e4303c4a829,blur10,1,161.93405151367188
1,sid_calib,full_synthetic,unknown,calib,e92a4e4303c4a829,blur20,1,162.69821166992188
1,sid_calib,full_synthetic,unknown,calib,e92a4e4303c4a829,resize05,1,161.6079864501953
1,sid_calib,full_synthetic,unknown,calib,e92a4e4303c4a829,resize025,1,162.56033325195312
1,sid_calib,full_synthetic,unknown,calib,e92a4e4303c4a829,noise002,1,162.35194396972656
1,sid_calib,full_synthetic,unknown,calib,e92a4e4303c4a829,noise005,1,163.80296325683594
1,sid_calib,full_synthetic,unknown,calib,e92a4e4303c4a829,noise01,1,156.46189880371094
1,sid_calib,full_synthetic,unknown,calib,e92a4e4303c4a829,jitter02,1,161.02120971679688
1,sid_calib,full_synthetic,unknown,calib,e92a4e4303c4a829,crop08,1,193.14466857910156
1,sid_calib,full_synthetic,unknown,calib,8ab3768936e41f8e,crop08,1,201.20152282714844
0,sid_calib,real,unknown,calib,87511a8133ac9dde,clean,1,115.17682647705078
0,sid_calib,real,unknown,calib,87511a8133ac9dde,jpeg90,1,118.01213836669922
0,sid_calib,real,unknown,calib,87511a8133ac9dde,jpeg70,1,118.04821014404297
0,sid_calib,real,unknown,calib,87511a8133ac9dde,jpeg50,1,115.02454376220703
0,sid_calib,real,unknown,calib,87511a8133ac9dde,jpeg30,1,118.03487396240234
0,sid_calib,real,unknown,calib,87511a8133ac9dde,blur05,1,117.79304504394531
0,sid_calib,real,unknown,calib,87511a8133ac9dde,blur10,1,117.36154174804688
0,sid_calib,real,unknown,calib,87511a8133ac9dde,blur20,1,115.86734008789062
0,sid_calib,real,unknown,calib,87511a8133ac9dde,resize05,1,117.50626373291016
0,sid_calib,real,unknown,calib,87511a8133ac9dde,resize025,1,116.93975830078125
0,sid_calib,real,unknown,calib,87511a8133ac9dde,noise002,1,118.70170593261719
0,sid_calib,real,unknown,calib,87511a8133ac9dde,noise005,1,118.45111846923828
0,sid_calib,real,unknown,calib,87511a8133ac9dde,noise01,1,121.21669006347656
0,sid_calib,real,unknown,calib,87511a8133ac9dde,jitter02,1,117.25092315673828
0,sid_calib,real,unknown,calib,87511a8133ac9dde,crop08,1,153.0655975341797
1,sid_calib,full_synthetic,unknown,calib,6fc4a6bc95600578,crop08,1,79.15251159667969
1,sid_calib,full_synthetic,unknown,calib,c61cc40a4a6936a0,clean,1,148.53578186035156
1,sid_calib,full_synthetic,unknown,calib,c61cc40a4a6936a0,jpeg90,1,149.3431396484375
1,sid_calib,full_synthetic,unknown,calib,c61cc40a4a6936a0,jpeg70,1,148.7301483154297
1,sid_calib,full_synthetic,unknown,calib,c61cc40a4a6936a0,jpeg50,1,150.0225830078125
1,sid_calib,full_synthetic,unknown,calib,c61cc40a4a6936a0,jpeg30,1,149.4361572265625
1,sid_calib,full_synthetic,unknown,calib,c61cc40a4a6936a0,blur05,1,148.45335388183594
1,sid_calib,full_synthetic,unknown,calib,c61cc40a4a6936a0,blur10,1,148.06312561035156
1,sid_calib,full_synthetic,unknown,calib,c61cc40a4a6936a0,blur20,1,147.00843811035156
1,sid_calib,full_synthetic,unknown,calib,c61cc40a4a6936a0,resize05,1,148.5911102294922
1,sid_calib,full_synthetic,unknown,calib,c61cc40a4a6936a0,resize025,1,147.41134643554688
1,sid_calib,full_synthetic,unknown,calib,c61cc40a4a6936a0,noise002,1,148.0955352783203
1,sid_calib,full_synthetic,unknown,calib,c61cc40a4a6936a0,noise005,1,151.31089782714844
1,sid_calib,full_synthetic,unknown,calib,c61cc40a4a6936a0,noise01,1,149.12008666992188
1,sid_calib,full_synthetic,unknown,calib,c61cc40a4a6936a0,jitter02,1,149.2091064453125
1,sid_calib,full_synthetic,unknown,calib,c61cc40a4a6936a0,crop08,1,182.80528259277344
0,sid_calib,real,unknown,calib,1c044ab7e6624912,crop08,1,73.39994812011719
0,sid_calib,real,unknown,calib,242d8d2767a11acf,clean,1,119.79070281982422
0,sid_calib,real,unknown,calib,242d8d2767a11acf,jpeg90,1,119.99834442138672
0,sid_calib,real,unknown,calib,242d8d2767a11acf,jpeg70,1,119.16285705566406
0,sid_calib,real,unknown,calib,242d8d2767a11acf,jpeg50,1,119.60580444335938
0,sid_calib,real,unknown,calib,242d8d2767a11acf,jpeg30,1,118.2479019165039
0,sid_calib,real,unknown,calib,242d8d2767a11acf,blur05,1,119.61392974853516
0,sid_calib,real,unknown,calib,242d8d2767a11acf,blur10,1,118.52947998046875
0,sid_calib,real,unknown,calib,242d8d2767a11acf,blur20,1,117.61983489990234
0,sid_calib,real,unknown,calib,242d8d2767a11acf,resize05,1,119.44707489013672
0,sid_calib,real,unknown,calib,242d8d2767a11acf,resize025,1,117.17282104492188
0,sid_calib,real,unknown,calib,242d8d2767a11acf,noise002,1,120.74002075195312
0,sid_calib,real,unknown,calib,242d8d2767a11acf,noise005,1,119.46590423583984
0,sid_calib,real,unknown,calib,242d8d2767a11acf,noise01,1,121.49757385253906
0,sid_calib,real,unknown,calib,242d8d2767a11acf,jitter02,1,119.15092468261719
0,sid_calib,real,unknown,calib,242d8d2767a11acf,crop08,1,145.4378662109375
0,sid_calib,real,unknown,calib,94d4e29a3676c989,clean,1,130.89801025390625
0,sid_calib,real,unknown,calib,94d4e29a3676c989,jpeg90,1,130.6086883544922
0,sid_calib,real,unknown,calib,94d4e29a3676c989,jpeg70,1,130.9816436767578
0,sid_calib,real,unknown,calib,94d4e29a3676c989,jpeg50,1,130.2057342529297
0,sid_calib,real,unknown,calib,94d4e29a3676c989,jpeg30,1,130.0598907470703
0,sid_calib,real,unknown,calib,94d4e29a3676c989,blur05,1,130.67213439941406
0,sid_calib,real,unknown,calib,94d4e29a3676c989,blur10,1,130.24014282226562
0,sid_calib,real,unknown,calib,94d4e29a3676c989,blur20,1,128.31544494628906
0,sid_calib,real,unknown,calib,94d4e29a3676c989,resize05,1,130.61727905273438
0,sid_calib,real,unknown,calib,94d4e29a3676c989,resize025,1,129.594482421875
0,sid_calib,real,unknown,calib,94d4e29a3676c989,noise002,1,129.80137634277344
0,sid_calib,real,unknown,calib,94d4e29a3676c989,noise005,1,129.69879150390625
0,sid_calib,real,unknown,calib,94d4e29a3676c989,noise01,1,127.76927947998047
0,sid_calib,real,unknown,calib,94d4e29a3676c989,jitter02,1,130.4876708984375
0,sid_calib,real,unknown,calib,94d4e29a3676c989,crop08,1,158.147216796875
1,sid_calib,full_synthetic,unknown,calib,f996304d04b2e2bc,clean,1,120.09173583984375
1,sid_calib,full_synthetic,unknown,calib,f996304d04b2e2bc,jpeg90,1,120.30712890625
1,sid_calib,full_synthetic,unknown,calib,f996304d04b2e2bc,jpeg70,1,120.3997573852539
1,sid_calib,full_synthetic,unknown,calib,f996304d04b2e2bc,jpeg50,1,120.31231689453125
1,sid_calib,full_synthetic,unknown,calib,f996304d04b2e2bc,jpeg30,1,119.26890563964844
1,sid_calib,full_synthetic,unknown,calib,f996304d04b2e2bc,blur05,1,120.26884460449219
1,sid_calib,full_synthetic,unknown,calib,f996304d04b2e2bc,blur10,1,120.7024917602539
1,sid_calib,full_synthetic,unknown,calib,f996304d04b2e2bc,blur20,1,114.1806411743164
1,sid_calib,full_synthetic,unknown,calib,f996304d04b2e2bc,resize05,1,120.4994888305664
1,sid_calib,full_synthetic,unknown,calib,f996304d04b2e2bc,resize025,1,119.63241577148438
1,sid_calib,full_synthetic,unknown,calib,f996304d04b2e2bc,noise002,1,119.92646789550781
1,sid_calib,full_synthetic,unknown,calib,f996304d04b2e2bc,noise005,1,112.10591888427734
1,sid_calib,full_synthetic,unknown,calib,f996304d04b2e2bc,noise01,1,115.15129089355469
1,sid_calib,full_synthetic,unknown,calib,f996304d04b2e2bc,jitter02,1,121.18880462646484
1,sid_calib,full_synthetic,unknown,calib,f996304d04b2e2bc,crop08,1,145.98902893066406
0,sid_calib,real,unknown,calib,f92642b81c9d247b,clean,1,123.61068725585938
0,sid_calib,real,unknown,calib,f92642b81c9d247b,jpeg90,1,123.80260467529297
0,sid_calib,real,unknown,calib,f92642b81c9d247b,jpeg70,1,124.43682861328125
0,sid_calib,real,unknown,calib,f92642b81c9d247b,jpeg50,1,124.34992980957031
0,sid_calib,real,unknown,calib,f92642b81c9d247b,jpeg30,1,124.21294403076172
0,sid_calib,real,unknown,calib,f92642b81c9d247b,blur05,1,123.69270324707031
0,sid_calib,real,unknown,calib,f92642b81c9d247b,blur10,1,123.25662994384766
0,sid_calib,real,unknown,calib,f92642b81c9d247b,blur20,1,122.18634033203125
0,sid_calib,real,unknown,calib,f92642b81c9d247b,resize05,1,123.81851196289062
0,sid_calib,real,unknown,calib,f92642b81c9d247b,resize025,1,123.5959243774414
0,sid_calib,real,unknown,calib,f92642b81c9d247b,noise002,1,124.062744140625
0,sid_calib,real,unknown,calib,f92642b81c9d247b,noise005,1,124.69669342041016
0,sid_calib,real,unknown,calib,f92642b81c9d247b,noise01,1,126.79670715332031
0,sid_calib,real,unknown,calib,f92642b81c9d247b,jitter02,1,124.94554138183594
0,sid_calib,real,unknown,calib,f92642b81c9d247b,crop08,1,151.0713348388672
1,sid_calib,full_synthetic,unknown,calib,f646d6ffef101e37,jpeg30,1,93.33737182617188
1,sid_calib,full_synthetic,unknown,calib,5a849a90c7e3b9a3,clean,1,254.03720092773438
1,sid_calib,full_synthetic,unknown,calib,5a849a90c7e3b9a3,jpeg90,1,254.5001678466797
1,sid_calib,full_synthetic,unknown,calib,5a849a90c7e3b9a3,jpeg70,1,254.82057189941406
1,sid_calib,full_synthetic,unknown,calib,5a849a90c7e3b9a3,jpeg50,1,256.83343505859375
1,sid_calib,full_synthetic,unknown,calib,5a849a90c7e3b9a3,jpeg30,1,255.97222900390625
1,sid_calib,full_synthetic,unknown,calib,5a849a90c7e3b9a3,blur05,1,253.85552978515625
1,sid_calib,full_synthetic,unknown,calib,5a849a90c7e3b9a3,blur10,1,253.41314697265625
1,sid_calib,full_synthetic,unknown,calib,5a849a90c7e3b9a3,blur20,1,253.46324157714844
1,sid_calib,full_synthetic,unknown,calib,5a849a90c7e3b9a3,resize05,1,253.80630493164062
1,sid_calib,full_synthetic,unknown,calib,5a849a90c7e3b9a3,resize025,1,253.14178466796875
1,sid_calib,full_synthetic,unknown,calib,5a849a90c7e3b9a3,noise002,1,256.84674072265625
1,sid_calib,full_synthetic,unknown,calib,5a849a90c7e3b9a3,noise005,1,260.0372314453125
1,sid_calib,full_synthetic,unknown,calib,5a849a90c7e3b9a3,noise01,1,277.46087646484375
1,sid_calib,full_synthetic,unknown,calib,5a849a90c7e3b9a3,jitter02,1,253.85450744628906
1,sid_calib,full_synthetic,unknown,calib,5a849a90c7e3b9a3,crop08,1,320.19378662109375
0,sid_calib,real,unknown,calib,431d651621791fa0,clean,1,163.21774291992188
0,sid_calib,real,unknown,calib,431d651621791fa0,jpeg90,1,163.292236328125
0,sid_calib,real,unknown,calib,431d651621791fa0,jpeg70,1,163.47625732421875
0,sid_calib,real,unknown,calib,431d651621791fa0,jpeg50,1,164.62158203125
0,sid_calib,real,unknown,calib,431d651621791fa0,jpeg30,1,164.7042236328125
0,sid_calib,real,unknown,calib,431d651621791fa0,blur05,1,162.66671752929688
0,sid_calib,real,unknown,calib,431d651621791fa0,blur10,1,162.00152587890625
0,sid_calib,real,unknown,calib,431d651621791fa0,blur20,1,158.99563598632812
0,sid_calib,real,unknown,calib,431d651621791fa0,resize05,1,163.00213623046875
0,sid_calib,real,unknown,calib,431d651621791fa0,resize025,1,160.48240661621094
0,sid_calib,real,unknown,calib,431d651621791fa0,noise002,1,163.49090576171875
0,sid_calib,real,unknown,calib,431d651621791fa0,noise005,1,163.58551025390625
0,sid_calib,real,unknown,calib,431d651621791fa0,noise01,1,166.02870178222656
0,sid_calib,real,unknown,calib,431d651621791fa0,jitter02,1,163.19015502929688
0,sid_calib,real,unknown,calib,431d651621791fa0,crop08,1,195.810302734375
0,sid_calib,real,unknown,calib,f75d5d7248480d56,clean,1,85.68867492675781
0,sid_calib,real,unknown,calib,f75d5d7248480d56,jpeg90,1,85.5592269897461
0,sid_calib,real,unknown,calib,f75d5d7248480d56,jpeg70,1,85.59873962402344
0,sid_calib,real,unknown,calib,f75d5d7248480d56,jpeg50,1,85.9100112915039
0,sid_calib,real,unknown,calib,f75d5d7248480d56,jpeg30,1,85.98643493652344
0,sid_calib,real,unknown,calib,f75d5d7248480d56,blur05,1,85.63493347167969
0,sid_calib,real,unknown,calib,f75d5d7248480d56,blur10,1,85.3172836303711
0,sid_calib,real,unknown,calib,f75d5d7248480d56,blur20,1,86.86457061767578
0,sid_calib,real,unknown,calib,f75d5d7248480d56,resize05,1,85.83468627929688
0,sid_calib,real,unknown,calib,f75d5d7248480d56,resize025,1,84.7256851196289
0,sid_calib,real,unknown,calib,f75d5d7248480d56,noise002,1,85.1303482055664
0,sid_calib,real,unknown,calib,f75d5d7248480d56,noise005,1,84.87887573242188
0,sid_calib,real,unknown,calib,f75d5d7248480d56,noise01,1,83.94435119628906
0,sid_calib,real,unknown,calib,f75d5d7248480d56,jitter02,1,85.62464141845703
0,sid_calib,real,unknown,calib,f75d5d7248480d56,crop08,1,109.71453094482422
1,sid_calib,full_synthetic,unknown,calib,5493a0a3cdd319cc,clean,1,69.08993530273438
1,sid_calib,full_synthetic,unknown,calib,5493a0a3cdd319cc,jpeg90,1,69.00437927246094
1,sid_calib,full_synthetic,unknown,calib,5493a0a3cdd319cc,jpeg70,1,69.09512329101562
1,sid_calib,full_synthetic,unknown,calib,5493a0a3cdd319cc,jpeg50,1,68.60184478759766
1,sid_calib,full_synthetic,unknown,calib,5493a0a3cdd319cc,jpeg30,1,69.0193099975586
1,sid_calib,full_synthetic,unknown,calib,5493a0a3cdd319cc,blur05,1,68.92484283447266
1,sid_calib,full_synthetic,unknown,calib,5493a0a3cdd319cc,blur10,1,68.5400619506836
1,sid_calib,full_synthetic,unknown,calib,5493a0a3cdd319cc,blur20,1,66.0719985961914
1,sid_calib,full_synthetic,unknown,calib,5493a0a3cdd319cc,resize05,1,69.0000991821289
1,sid_calib,full_synthetic,unknown,calib,5493a0a3cdd319cc,resize025,1,67.18628692626953
1,sid_calib,full_synthetic,unknown,calib,5493a0a3cdd319cc,noise002,1,68.6302719116211
1,sid_calib,full_synthetic,unknown,calib,5493a0a3cdd319cc,noise005,1,68.28450775146484
1,sid_calib,full_synthetic,unknown,calib,5493a0a3cdd319cc,noise01,1,66.84476470947266
1,sid_calib,full_synthetic,unknown,calib,5493a0a3cdd319cc,jitter02,1,69.14431762695312
1,sid_calib,full_synthetic,unknown,calib,5493a0a3cdd319cc,crop08,1,87.9849853515625
0,sid_calib,real,unknown,calib,45ec6d1ead92752e,clean,1,126.99111938476562
0,sid_calib,real,unknown,calib,45ec6d1ead92752e,jpeg90,1,126.76956176757812
0,sid_calib,real,unknown,calib,45ec6d1ead92752e,jpeg70,1,126.50857543945312
0,sid_calib,real,unknown,calib,45ec6d1ead92752e,jpeg50,1,125.04871368408203
0,sid_calib,real,unknown,calib,45ec6d1ead92752e,jpeg30,1,125.50492858886719
0,sid_calib,real,unknown,calib,45ec6d1ead92752e,blur05,1,126.93067169189453
0,sid_calib,real,unknown,calib,45ec6d1ead92752e,blur10,1,126.35098266601562
0,sid_calib,real,unknown,calib,45ec6d1ead92752e,blur20,1,125.82209014892578
0,sid_calib,real,unknown,calib,45ec6d1ead92752e,resize05,1,126.86154174804688
0,sid_calib,real,unknown,calib,45ec6d1ead92752e,resize025,1,125.34840393066406
0,sid_calib,real,unknown,calib,45ec6d1ead92752e,noise002,1,125.68537139892578
0,sid_calib,real,unknown,calib,45ec6d1ead92752e,noise005,1,127.9237289428711
0,sid_calib,real,unknown,calib,45ec6d1ead92752e,noise01,1,125.29602813720703
0,sid_calib,real,unknown,calib,45ec6d1ead92752e,jitter02,1,125.59400939941406
0,sid_calib,real,unknown,calib,45ec6d1ead92752e,crop08,1,157.68194580078125
1,sid_calib,full_synthetic,unknown,calib,e20d972e322700db,clean,1,108.22247314453125
1,sid_calib,full_synthetic,unknown,calib,e20d972e322700db,jpeg90,1,108.3849868774414
1,sid_calib,full_synthetic,unknown,calib,e20d972e322700db,jpeg70,1,108.75347137451172
1,sid_calib,full_synthetic,unknown,calib,e20d972e322700db,jpeg50,1,107.96388244628906
1,sid_calib,full_synthetic,unknown,calib,e20d972e322700db,jpeg30,1,107.82376861572266
1,sid_calib,full_synthetic,unknown,calib,e20d972e322700db,blur05,1,108.60125732421875
1,sid_calib,full_synthetic,unknown,calib,e20d972e322700db,blur10,1,109.83200073242188
1,sid_calib,full_synthetic,unknown,calib,e20d972e322700db,blur20,1,111.32605743408203
1,sid_calib,full_synthetic,unknown,calib,e20d972e322700db,resize05,1,108.9100341796875
1,sid_calib,full_synthetic,unknown,calib,e20d972e322700db,resize025,1,110.81090545654297
1,sid_calib,full_synthetic,unknown,calib,e20d972e322700db,noise002,1,108.39266967773438
1,sid_calib,full_synthetic,unknown,calib,e20d972e322700db,noise005,1,108.24251556396484
1,sid_calib,full_synthetic,unknown,calib,e20d972e322700db,noise01,1,105.52315521240234
1,sid_calib,full_synthetic,unknown,calib,e20d972e322700db,jitter02,1,107.96839141845703
1,sid_calib,full_synthetic,unknown,calib,e20d972e322700db,crop08,1,136.00732421875
1,sid_calib,full_synthetic,unknown,calib,5f72b8209a723fd8,crop08,1,90.03697204589844
1,sid_calib,full_synthetic,unknown,calib,ce12559e9fac9d1e,clean,1,112.22282409667969
1,sid_calib,full_synthetic,unknown,calib,ce12559e9fac9d1e,jpeg90,1,112.5088882446289
1,sid_calib,full_synthetic,unknown,calib,ce12559e9fac9d1e,jpeg70,1,113.14010620117188
1,sid_calib,full_synthetic,unknown,calib,ce12559e9fac9d1e,jpeg50,1,111.43939971923828
1,sid_calib,full_synthetic,unknown,calib,ce12559e9fac9d1e,jpeg30,1,112.18903350830078
1,sid_calib,full_synthetic,unknown,calib,ce12559e9fac9d1e,blur05,1,112.37669372558594
1,sid_calib,full_synthetic,unknown,calib,ce12559e9fac9d1e,blur10,1,122.09466552734375
1,sid_calib,full_synthetic,unknown,calib,ce12559e9fac9d1e,blur20,1,119.98243713378906
1,sid_calib,full_synthetic,unknown,calib,ce12559e9fac9d1e,resize05,1,112.11499786376953
1,sid_calib,full_synthetic,unknown,calib,ce12559e9fac9d1e,resize025,1,122.18036651611328
1,sid_calib,full_synthetic,unknown,calib,ce12559e9fac9d1e,noise002,1,112.23516082763672
1,sid_calib,full_synthetic,unknown,calib,ce12559e9fac9d1e,noise005,1,121.04664611816406
1,sid_calib,full_synthetic,unknown,calib,ce12559e9fac9d1e,noise01,1,111.25829315185547
1,sid_calib,full_synthetic,unknown,calib,ce12559e9fac9d1e,jitter02,1,112.2149429321289
1,sid_calib,full_synthetic,unknown,calib,ce12559e9fac9d1e,crop08,1,138.3805389404297
1,sid_calib,full_synthetic,unknown,calib,268f488db4b96854,clean,1,225.45938110351562
1,sid_calib,full_synthetic,unknown,calib,268f488db4b96854,jpeg90,1,225.54653930664062
1,sid_calib,full_synthetic,unknown,calib,268f488db4b96854,jpeg70,1,225.1344451904297
1,sid_calib,full_synthetic,unknown,calib,268f488db4b96854,jpeg50,1,225.33535766601562
1,sid_calib,full_synthetic,unknown,calib,268f488db4b96854,jpeg30,1,225.4337158203125
1,sid_calib,full_synthetic,unknown,calib,268f488db4b96854,blur05,1,225.43653869628906
1,sid_calib,full_synthetic,unknown,calib,268f488db4b96854,blur10,1,224.67120361328125
1,sid_calib,full_synthetic,unknown,calib,268f488db4b96854,blur20,1,224.5738525390625
1,sid_calib,full_synthetic,unknown,calib,268f488db4b96854,resize05,1,225.09930419921875
1,sid_calib,full_synthetic,unknown,calib,268f488db4b96854,resize025,1,223.9684600830078
1,sid_calib,full_synthetic,unknown,calib,268f488db4b96854,noise002,1,220.2369384765625
1,sid_calib,full_synthetic,unknown,calib,268f488db4b96854,noise005,1,223.33338928222656
1,sid_calib,full_synthetic,unknown,calib,268f488db4b96854,noise01,1,222.16883850097656
1,sid_calib,full_synthetic,unknown,calib,268f488db4b96854,jitter02,1,225.27975463867188
1,sid_calib,full_synthetic,unknown,calib,268f488db4b96854,crop08,1,275.8163146972656
0,sid_calib,real,unknown,calib,cdd5576dbe587d15,clean,1,460.6610412597656
0,sid_calib,real,unknown,calib,cdd5576dbe587d15,jpeg90,1,464.1044616699219
0,sid_calib,real,unknown,calib,cdd5576dbe587d15,jpeg70,1,464.1044616699219
0,sid_calib,real,unknown,calib,cdd5576dbe587d15,jpeg50,1,464.1044616699219
0,sid_calib,real,unknown,calib,cdd5576dbe587d15,jpeg30,1,464.1044616699219
0,sid_calib,real,unknown,calib,cdd5576dbe587d15,blur05,1,460.35076904296875
0,sid_calib,real,unknown,calib,cdd5576dbe587d15,blur10,1,460.51641845703125
0,sid_calib,real,unknown,calib,cdd5576dbe587d15,blur20,1,456.23150634765625
0,sid_calib,real,unknown,calib,cdd5576dbe587d15,resize05,1,461.05755615234375
0,sid_calib,real,unknown,calib,cdd5576dbe587d15,resize025,1,454.4022216796875
0,sid_calib,real,unknown,calib,cdd5576dbe587d15,noise002,1,463.5588684082031
0,sid_calib,real,unknown,calib,cdd5576dbe587d15,noise005,1,467.9736328125
0,sid_calib,real,unknown,calib,cdd5576dbe587d15,jitter02,1,457.89862060546875
0,sid_calib,real,unknown,calib,cdd5576dbe587d15,crop08,1,592.5764770507812
0,sid_calib,real,unknown,calib,b644231a315cea74,clean,1,93.9602279663086
0,sid_calib,real,unknown,calib,b644231a315cea74,jpeg90,1,94.04411315917969
0,sid_calib,real,unknown,calib,b644231a315cea74,jpeg70,1,94.27198791503906
0,sid_calib,real,unknown,calib,b644231a315cea74,jpeg50,1,94.14079284667969
0,sid_calib,real,unknown,calib,b644231a315cea74,jpeg30,1,93.43930053710938
0,sid_calib,real,unknown,calib,b644231a315cea74,blur05,1,94.01254272460938
0,sid_calib,real,unknown,calib,b644231a315cea74,blur10,1,94.59150695800781
0,sid_calib,real,unknown,calib,b644231a315cea74,blur20,1,78.47743225097656
0,sid_calib,real,unknown,calib,b644231a315cea74,resize05,1,93.99649047851562
0,sid_calib,real,unknown,calib,b644231a315cea74,resize025,1,94.6861801147461
0,sid_calib,real,unknown,calib,b644231a315cea74,noise002,1,93.95634460449219
0,sid_calib,real,unknown,calib,b644231a315cea74,noise005,1,94.20764923095703
0,sid_calib,real,unknown,calib,b644231a315cea74,noise01,1,95.87259674072266
0,sid_calib,real,unknown,calib,b644231a315cea74,jitter02,1,93.10340881347656
0,sid_calib,real,unknown,calib,b644231a315cea74,crop08,1,121.73519897460938
0,sid_calib,real,unknown,calib,70a6ea4e6c178452,clean,1,113.6857681274414
0,sid_calib,real,unknown,calib,70a6ea4e6c178452,jpeg90,1,114.444091796875
0,sid_calib,real,unknown,calib,70a6ea4e6c178452,jpeg70,1,106.9719467163086
0,sid_calib,real,unknown,calib,70a6ea4e6c178452,jpeg50,1,107.45217895507812
0,sid_calib,real,unknown,calib,70a6ea4e6c178452,jpeg30,1,108.26950073242188
0,sid_calib,real,unknown,calib,70a6ea4e6c178452,blur05,1,112.12162780761719
0,sid_calib,real,unknown,calib,70a6ea4e6c178452,blur10,1,113.00125885009766
0,sid_calib,real,unknown,calib,70a6ea4e6c178452,blur20,1,105.95499420166016
0,sid_calib,real,unknown,calib,70a6ea4e6c178452,resize05,1,112.71565246582031
0,sid_calib,real,unknown,calib,70a6ea4e6c178452,resize025,1,106.69451904296875
0,sid_calib,real,unknown,calib,70a6ea4e6c178452,noise002,1,111.74307250976562
0,sid_calib,real,unknown,calib,70a6ea4e6c178452,noise005,1,112.98209381103516
0,sid_calib,real,unknown,calib,70a6ea4e6c178452,noise01,1,109.50944519042969
0,sid_calib,real,unknown,calib,70a6ea4e6c178452,jitter02,1,112.28363037109375
0,sid_calib,real,unknown,calib,70a6ea4e6c178452,crop08,1,158.96023559570312
0,sid_calib,real,unknown,calib,0cca6ef14db51056,clean,1,133.3346710205078
0,sid_calib,real,unknown,calib,0cca6ef14db51056,jpeg90,1,133.7789764404297
0,sid_calib,real,unknown,calib,0cca6ef14db51056,jpeg70,1,132.68270874023438
0,sid_calib,real,unknown,calib,0cca6ef14db51056,jpeg50,1,133.65504455566406
0,sid_calib,real,unknown,calib,0cca6ef14db51056,jpeg30,1,134.6614532470703
0,sid_calib,real,unknown,calib,0cca6ef14db51056,blur05,1,133.2174835205078
0,sid_calib,real,unknown,calib,0cca6ef14db51056,blur10,1,132.75115966796875
0,sid_calib,real,unknown,calib,0cca6ef14db51056,blur20,1,131.72190856933594
0,sid_calib,real,unknown,calib,0cca6ef14db51056,resize05,1,132.65159606933594
0,sid_calib,real,unknown,calib,0cca6ef14db51056,resize025,1,132.51971435546875
0,sid_calib,real,unknown,calib,0cca6ef14db51056,noise002,1,133.20030212402344
0,sid_calib,real,unknown,calib,0cca6ef14db51056,noise005,1,133.3982696533203
0,sid_calib,real,unknown,calib,0cca6ef14db51056,noise01,1,129.84519958496094
0,sid_calib,real,unknown,calib,0cca6ef14db51056,jitter02,1,134.00669860839844
0,sid_calib,real,unknown,calib,0cca6ef14db51056,crop08,1,169.75901794433594
1,sid_calib,full_synthetic,unknown,calib,0ff01e6eefb2cb98,clean,1,117.05543518066406
1,sid_calib,full_synthetic,unknown,calib,0ff01e6eefb2cb98,jpeg90,1,116.81814575195312
1,sid_calib,full_synthetic,unknown,calib,0ff01e6eefb2cb98,jpeg70,1,117.14956665039062
1,sid_calib,full_synthetic,unknown,calib,0ff01e6eefb2cb98,jpeg50,1,116.78504943847656
1,sid_calib,full_synthetic,unknown,calib,0ff01e6eefb2cb98,jpeg30,1,119.49122619628906
1,sid_calib,full_synthetic,unknown,calib,0ff01e6eefb2cb98,blur05,1,116.9959945678711
1,sid_calib,full_synthetic,unknown,calib,0ff01e6eefb2cb98,blur10,1,117.05607604980469
1,sid_calib,full_synthetic,unknown,calib,0ff01e6eefb2cb98,blur20,1,117.19660949707031
1,sid_calib,full_synthetic,unknown,calib,0ff01e6eefb2cb98,resize05,1,116.73114776611328
1,sid_calib,full_synthetic,unknown,calib,0ff01e6eefb2cb98,resize025,1,116.64433288574219
1,sid_calib,full_synthetic,unknown,calib,0ff01e6eefb2cb98,noise002,1,119.16265869140625
1,sid_calib,full_synthetic,unknown,calib,0ff01e6eefb2cb98,noise005,1,118.20280456542969
1,sid_calib,full_synthetic,unknown,calib,0ff01e6eefb2cb98,noise01,1,114.82748413085938
1,sid_calib,full_synthetic,unknown,calib,0ff01e6eefb2cb98,jitter02,1,117.03743743896484
1,sid_calib,full_synthetic,unknown,calib,0ff01e6eefb2cb98,crop08,1,143.184326171875
1,sid_calib,full_synthetic,unknown,calib,bdb25103d12524d9,crop08,1,80.53034210205078
0,sid_calib,real,unknown,calib,d2599a752dcefb18,clean,1,335.729736328125
0,sid_calib,real,unknown,calib,d2599a752dcefb18,jpeg90,1,336.22412109375
0,sid_calib,real,unknown,calib,d2599a752dcefb18,jpeg70,1,336.22412109375
0,sid_calib,real,unknown,calib,d2599a752dcefb18,jpeg50,1,336.22412109375
0,sid_calib,real,unknown,calib,d2599a752dcefb18,jpeg30,1,336.22412109375
0,sid_calib,real,unknown,calib,d2599a752dcefb18,blur05,1,335.65228271484375
0,sid_calib,real,unknown,calib,d2599a752dcefb18,blur10,1,334.0539245605469
0,sid_calib,real,unknown,calib,d2599a752dcefb18,blur20,1,333.1681213378906
0,sid_calib,real,unknown,calib,d2599a752dcefb18,resize05,1,334.1492919921875
0,sid_calib,real,unknown,calib,d2599a752dcefb18,resize025,1,333.0732116699219
0,sid_calib,real,unknown,calib,d2599a752dcefb18,noise002,1,334.8760986328125
0,sid_calib,real,unknown,calib,d2599a752dcefb18,noise005,1,336.2113037109375
0,sid_calib,real,unknown,calib,d2599a752dcefb18,noise01,1,336.9783630371094
0,sid_calib,real,unknown,calib,d2599a752dcefb18,jitter02,1,336.861083984375
0,sid_calib,real,unknown,calib,d2599a752dcefb18,crop08,1,420.84002685546875
0,sid_calib,real,unknown,calib,29d655963175a573,clean,1,154.50079345703125
0,sid_calib,real,unknown,calib,29d655963175a573,jpeg90,1,154.14463806152344
0,sid_calib,real,unknown,calib,29d655963175a573,jpeg70,1,154.2144012451172
0,sid_calib,real,unknown,calib,29d655963175a573,jpeg50,1,153.99839782714844
0,sid_calib,real,unknown,calib,29d655963175a573,jpeg30,1,151.22056579589844
0,sid_calib,real,unknown,calib,29d655963175a573,blur05,1,154.12913513183594
0,sid_calib,real,unknown,calib,29d655963175a573,blur10,1,151.99462890625
0,sid_calib,real,unknown,calib,29d655963175a573,blur20,1,153.96348571777344
0,sid_calib,real,unknown,calib,29d655963175a573,resize05,1,151.8285369873047
0,sid_calib,real,unknown,calib,29d655963175a573,resize025,1,154.8057403564453
0,sid_calib,real,unknown,calib,29d655963175a573,noise002,1,155.09352111816406
0,sid_calib,real,unknown,calib,29d655963175a573,noise005,1,155.0568389892578
0,sid_calib,real,unknown,calib,29d655963175a573,jitter02,1,152.7965545654297
0,sid_calib,real,unknown,calib,29d655963175a573,crop08,1,190.49038696289062
0,sid_calib,real,unknown,calib,f192735cf2b0d19a,clean,1,240.05068969726562
0,sid_calib,real,unknown,calib,f192735cf2b0d19a,jpeg90,1,240.22488403320312
0,sid_calib,real,unknown,calib,f192735cf2b0d19a,jpeg70,1,238.1431884765625
0,sid_calib,real,unknown,calib,f192735cf2b0d19a,jpeg50,1,238.69261169433594
0,sid_calib,real,unknown,calib,f192735cf2b0d19a,jpeg30,1,239.4286651611328
0,sid_calib,real,unknown,calib,f192735cf2b0d19a,blur05,1,240.76864624023438
0,sid_calib,real,unknown,calib,f192735cf2b0d19a,blur10,1,239.4493865966797
0,sid_calib,real,unknown,calib,f192735cf2b0d19a,blur20,1,238.1125946044922
0,sid_calib,real,unknown,calib,f192735cf2b0d19a,resize05,1,239.9647674560547
0,sid_calib,real,unknown,calib,f192735cf2b0d19a,resize025,1,238.06088256835938
0,sid_calib,real,unknown,calib,f192735cf2b0d19a,noise002,1,243.1281280517578
0,sid_calib,real,unknown,calib,f192735cf2b0d19a,noise005,1,242.9349365234375
0,sid_calib,real,unknown,calib,f192735cf2b0d19a,noise01,1,247.01324462890625
0,sid_calib,real,unknown,calib,f192735cf2b0d19a,jitter02,1,239.89254760742188
0,sid_calib,real,unknown,calib,f192735cf2b0d19a,crop08,1,303.6290588378906
1,sid_calib,full_synthetic,unknown,calib,c9c04b248717fb49,clean,1,68.89672088623047
1,sid_calib,full_synthetic,unknown,calib,c9c04b248717fb49,jpeg90,1,68.73393249511719
1,sid_calib,full_synthetic,unknown,calib,c9c04b248717fb49,jpeg70,1,69.18461608886719
1,sid_calib,full_synthetic,unknown,calib,c9c04b248717fb49,jpeg50,1,68.92694854736328
1,sid_calib,full_synthetic,unknown,calib,c9c04b248717fb49,jpeg30,1,67.7061996459961
1,sid_calib,full_synthetic,unknown,calib,c9c04b248717fb49,blur05,1,68.66683959960938
1,sid_calib,full_synthetic,unknown,calib,c9c04b248717fb49,blur10,1,69.05052185058594
1,sid_calib,full_synthetic,unknown,calib,c9c04b248717fb49,blur20,1,68.30297088623047
1,sid_calib,full_synthetic,unknown,calib,c9c04b248717fb49,resize05,1,68.7392807006836
1,sid_calib,full_synthetic,unknown,calib,c9c04b248717fb49,resize025,1,68.06975555419922
1,sid_calib,full_synthetic,unknown,calib,c9c04b248717fb49,noise002,1,69.1154556274414
1,sid_calib,full_synthetic,unknown,calib,c9c04b248717fb49,noise005,1,68.83238983154297
1,sid_calib,full_synthetic,unknown,calib,c9c04b248717fb49,jitter02,1,69.17473602294922
1,sid_calib,full_synthetic,unknown,calib,c9c04b248717fb49,crop08,1,80.48865509033203
0,sid_calib,real,unknown,calib,f343ac647a641389,clean,1,262.8978576660156
0,sid_calib,real,unknown,calib,f343ac647a641389,jpeg90,1,263.1900329589844
0,sid_calib,real,unknown,calib,f343ac647a641389,jpeg70,1,263.0919189453125
0,sid_calib,real,unknown,calib,f343ac647a641389,jpeg50,1,263.98504638671875
0,sid_calib,real,unknown,calib,f343ac647a641389,jpeg30,1,263.6748046875
0,sid_calib,real,unknown,calib,f343ac647a641389,blur05,1,263.5103454589844
0,sid_calib,real,unknown,calib,f343ac647a641389,blur10,1,263.9069519042969
0,sid_calib,real,unknown,calib,f343ac647a641389,blur20,1,266.0301208496094
0,sid_calib,real,unknown,calib,f343ac647a641389,resize05,1,263.4475402832031
0,sid_calib,real,unknown,calib,f343ac647a641389,resize025,1,265.7918395996094
0,sid_calib,real,unknown,calib,f343ac647a641389,noise002,1,263.43377685546875
0,sid_calib,real,unknown,calib,f343ac647a641389,noise005,1,264.3770751953125
0,sid_calib,real,unknown,calib,f343ac647a641389,noise01,1,261.8076477050781
0,sid_calib,real,unknown,calib,f343ac647a641389,jitter02,1,259.36895751953125
0,sid_calib,real,unknown,calib,f343ac647a641389,crop08,1,338.70880126953125
0,sid_calib,real,unknown,calib,4048b0b405b880ca,clean,1,282.2767333984375
0,sid_calib,real,unknown,calib,4048b0b405b880ca,jpeg90,1,282.2623596191406
0,sid_calib,real,unknown,calib,4048b0b405b880ca,jpeg70,1,283.36669921875
0,sid_calib,real,unknown,calib,4048b0b405b880ca,jpeg50,1,292.3616027832031
0,sid_calib,real,unknown,calib,4048b0b405b880ca,jpeg30,1,287.01641845703125
0,sid_calib,real,unknown,calib,4048b0b405b880ca,blur05,1,282.2834777832031
0,sid_calib,real,unknown,calib,4048b0b405b880ca,blur10,1,290.45989990234375
0,sid_calib,real,unknown,calib,4048b0b405b880ca,blur20,1,290.7153015136719
0,sid_calib,real,unknown,calib,4048b0b405b880ca,resize05,1,289.8912048339844
0,sid_calib,real,unknown,calib,4048b0b405b880ca,resize025,1,289.3659973144531
0,sid_calib,real,unknown,calib,4048b0b405b880ca,noise002,1,282.5321350097656
0,sid_calib,real,unknown,calib,4048b0b405b880ca,noise005,1,290.91357421875
0,sid_calib,real,unknown,calib,4048b0b405b880ca,noise01,1,291.4041748046875
0,sid_calib,real,unknown,calib,4048b0b405b880ca,jitter02,1,283.095703125
0,sid_calib,real,unknown,calib,4048b0b405b880ca,crop08,1,341.4411315917969
1,sid_calib,full_synthetic,unknown,calib,5c40ccfe9db963cc,clean,1,95.24391174316406
1,sid_calib,full_synthetic,unknown,calib,5c40ccfe9db963cc,jpeg90,1,95.06001281738281
1,sid_calib,full_synthetic,unknown,calib,5c40ccfe9db963cc,jpeg70,1,94.66927337646484
1,sid_calib,full_synthetic,unknown,calib,5c40ccfe9db963cc,jpeg50,1,95.26812744140625
1,sid_calib,full_synthetic,unknown,calib,5c40ccfe9db963cc,jpeg30,1,95.04966735839844
1,sid_calib,full_synthetic,unknown,calib,5c40ccfe9db963cc,blur05,1,94.9805679321289
1,sid_calib,full_synthetic,unknown,calib,5c40ccfe9db963cc,blur10,1,94.7114486694336
1,sid_calib,full_synthetic,unknown,calib,5c40ccfe9db963cc,blur20,1,95.12230682373047
1,sid_calib,full_synthetic,unknown,calib,5c40ccfe9db963cc,resize05,1,94.8873291015625
1,sid_calib,full_synthetic,unknown,calib,5c40ccfe9db963cc,resize025,1,94.00126647949219
1,sid_calib,full_synthetic,unknown,calib,5c40ccfe9db963cc,noise002,1,95.45942687988281
1,sid_calib,full_synthetic,unknown,calib,5c40ccfe9db963cc,noise005,1,95.47815704345703
1,sid_calib,full_synthetic,unknown,calib,5c40ccfe9db963cc,noise01,1,95.87956237792969
1,sid_calib,full_synthetic,unknown,calib,5c40ccfe9db963cc,jitter02,1,95.14949035644531
1,sid_calib,full_synthetic,unknown,calib,5c40ccfe9db963cc,crop08,1,113.66893768310547
1,sid_calib,full_synthetic,unknown,calib,1eebab8b3814005c,clean,1,286.8207092285156
1,sid_calib,full_synthetic,unknown,calib,1eebab8b3814005c,jpeg90,1,286.1121520996094
1,sid_calib,full_synthetic,unknown,calib,1eebab8b3814005c,jpeg70,1,283.9913330078125
1,sid_calib,full_synthetic,unknown,calib,1eebab8b3814005c,jpeg50,1,285.8416748046875
1,sid_calib,full_synthetic,unknown,calib,1eebab8b3814005c,jpeg30,1,278.8687438964844
1,sid_calib,full_synthetic,unknown,calib,1eebab8b3814005c,blur05,1,286.90740966796875
1,sid_calib,full_synthetic,unknown,calib,1eebab8b3814005c,blur10,1,288.2066345214844
1,sid_calib,full_synthetic,unknown,calib,1eebab8b3814005c,blur20,1,293.19378662109375
1,sid_calib,full_synthetic,unknown,calib,1eebab8b3814005c,resize05,1,286.24334716796875
1,sid_calib,full_synthetic,unknown,calib,1eebab8b3814005c,resize025,1,289.34014892578125
1,sid_calib,full_synthetic,unknown,calib,1eebab8b3814005c,noise002,1,287.65875244140625
1,sid_calib,full_synthetic,unknown,calib,1eebab8b3814005c,noise005,1,291.9193420410156
1,sid_calib,full_synthetic,unknown,calib,1eebab8b3814005c,noise01,1,294.27679443359375
1,sid_calib,full_synthetic,unknown,calib,1eebab8b3814005c,jitter02,1,289.3348388671875
1,sid_calib,full_synthetic,unknown,calib,1eebab8b3814005c,crop08,1,347.714599609375
1,sid_calib,full_synthetic,unknown,calib,3cb4d1227aceb0a5,clean,1,95.19525909423828
1,sid_calib,full_synthetic,unknown,calib,3cb4d1227aceb0a5,jpeg90,1,92.79912567138672
1,sid_calib,full_synthetic,unknown,calib,3cb4d1227aceb0a5,jpeg70,1,95.43038940429688
1,sid_calib,full_synthetic,unknown,calib,3cb4d1227aceb0a5,jpeg50,1,94.75344848632812
1,sid_calib,full_synthetic,unknown,calib,3cb4d1227aceb0a5,jpeg30,1,94.71011352539062
1,sid_calib,full_synthetic,unknown,calib,3cb4d1227aceb0a5,blur05,1,95.34825134277344
1,sid_calib,full_synthetic,unknown,calib,3cb4d1227aceb0a5,blur10,1,94.87371826171875
1,sid_calib,full_synthetic,unknown,calib,3cb4d1227aceb0a5,blur20,1,93.40116882324219
1,sid_calib,full_synthetic,unknown,calib,3cb4d1227aceb0a5,resize05,1,95.29412841796875
1,sid_calib,full_synthetic,unknown,calib,3cb4d1227aceb0a5,resize025,1,94.24640655517578
1,sid_calib,full_synthetic,unknown,calib,3cb4d1227aceb0a5,noise002,1,95.24188995361328
1,sid_calib,full_synthetic,unknown,calib,3cb4d1227aceb0a5,noise005,1,92.41563415527344
1,sid_calib,full_synthetic,unknown,calib,3cb4d1227aceb0a5,noise01,1,95.05870056152344
1,sid_calib,full_synthetic,unknown,calib,3cb4d1227aceb0a5,jitter02,1,94.92123413085938
1,sid_calib,full_synthetic,unknown,calib,3cb4d1227aceb0a5,crop08,1,118.36145782470703
0,sid_calib,real,unknown,calib,4c5aea596e029218,clean,1,69.4262924194336
0,sid_calib,real,unknown,calib,4c5aea596e029218,jpeg90,1,69.42214965820312
0,sid_calib,real,unknown,calib,4c5aea596e029218,jpeg70,1,68.91700744628906
0,sid_calib,real,unknown,calib,4c5aea596e029218,jpeg50,1,69.13810729980469
0,sid_calib,real,unknown,calib,4c5aea596e029218,jpeg30,1,68.38371276855469
0,sid_calib,real,unknown,calib,4c5aea596e029218,blur05,1,69.22660064697266
0,sid_calib,real,unknown,calib,4c5aea596e029218,blur10,1,68.73584747314453
0,sid_calib,real,unknown,calib,4c5aea596e029218,blur20,1,67.65438842773438
0,sid_calib,real,unknown,calib,4c5aea596e029218,resize05,1,69.04443359375
0,sid_calib,real,unknown,calib,4c5aea596e029218,resize025,1,67.9794692993164
0,sid_calib,real,unknown,calib,4c5aea596e029218,noise002,1,69.61659240722656
0,sid_calib,real,unknown,calib,4c5aea596e029218,noise005,1,69.49805450439453
0,sid_calib,real,unknown,calib,4c5aea596e029218,jitter02,1,69.26746368408203
0,sid_calib,real,unknown,calib,4c5aea596e029218,crop08,1,87.29750061035156
1,sid_calib,full_synthetic,unknown,calib,150bf19d4a0653ff,jitter02,1,165.55429077148438
1,sid_calib,full_synthetic,unknown,calib,150bf19d4a0653ff,crop08,1,198.72369384765625
0,sid_calib,real,unknown,calib,3b9119b9972d58dc,clean,1,81.82027435302734
0,sid_calib,real,unknown,calib,3b9119b9972d58dc,jpeg90,1,81.95179748535156
0,sid_calib,real,unknown,calib,3b9119b9972d58dc,jpeg70,1,81.71404266357422
0,sid_calib,real,unknown,calib,3b9119b9972d58dc,jpeg50,1,81.359130859375
0,sid_calib,real,unknown,calib,3b9119b9972d58dc,jpeg30,1,81.29818725585938
0,sid_calib,real,unknown,calib,3b9119b9972d58dc,blur05,1,81.8089599609375
0,sid_calib,real,unknown,calib,3b9119b9972d58dc,blur10,1,81.46077728271484
0,sid_calib,real,unknown,calib,3b9119b9972d58dc,blur20,1,80.13858795166016
0,sid_calib,real,unknown,calib,3b9119b9972d58dc,resize05,1,81.7305679321289
0,sid_calib,real,unknown,calib,3b9119b9972d58dc,resize025,1,80.52876281738281
0,sid_calib,real,unknown,calib,3b9119b9972d58dc,noise002,1,81.77179718017578
0,sid_calib,real,unknown,calib,3b9119b9972d58dc,noise005,1,81.94513702392578
0,sid_calib,real,unknown,calib,3b9119b9972d58dc,noise01,1,81.17830657958984
0,sid_calib,real,unknown,calib,3b9119b9972d58dc,jitter02,1,81.29810333251953
0,sid_calib,real,unknown,calib,3b9119b9972d58dc,crop08,1,103.66354370117188
1,sid_calib,full_synthetic,unknown,calib,27328123e4e40141,crop08,1,69.87837982177734
1,sid_calib,full_synthetic,unknown,calib,fb5a3b54ce75a8ab,clean,1,260.4147644042969
1,sid_calib,full_synthetic,unknown,calib,fb5a3b54ce75a8ab,jpeg90,1,260.3424072265625
1,sid_calib,full_synthetic,unknown,calib,fb5a3b54ce75a8ab,jpeg70,1,260.6667175292969
1,sid_calib,full_synthetic,unknown,calib,fb5a3b54ce75a8ab,jpeg50,1,261.33648681640625
1,sid_calib,full_synthetic,unknown,calib,fb5a3b54ce75a8ab,jpeg30,1,262.777099609375
1,sid_calib,full_synthetic,unknown,calib,fb5a3b54ce75a8ab,blur05,1,260.7618713378906
1,sid_calib,full_synthetic,unknown,calib,fb5a3b54ce75a8ab,blur10,1,262.5613708496094
1,sid_calib,full_synthetic,unknown,calib,fb5a3b54ce75a8ab,blur20,1,262.89471435546875
1,sid_calib,full_synthetic,unknown,calib,fb5a3b54ce75a8ab,resize05,1,261.1027526855469
1,sid_calib,full_synthetic,unknown,calib,fb5a3b54ce75a8ab,resize025,1,266.2266845703125
1,sid_calib,full_synthetic,unknown,calib,fb5a3b54ce75a8ab,noise002,1,260.65325927734375
1,sid_calib,full_synthetic,unknown,calib,fb5a3b54ce75a8ab,noise005,1,263.7457580566406
1,sid_calib,full_synthetic,unknown,calib,fb5a3b54ce75a8ab,noise01,1,266.3812255859375
1,sid_calib,full_synthetic,unknown,calib,fb5a3b54ce75a8ab,jitter02,1,260.9516906738281
1,sid_calib,full_synthetic,unknown,calib,fb5a3b54ce75a8ab,crop08,1,339.1394958496094
0,sid_calib,real,unknown,calib,88578ba3ea012d11,clean,1,114.66693115234375
0,sid_calib,real,unknown,calib,88578ba3ea012d11,jpeg90,1,114.51266479492188
0,sid_calib,real,unknown,calib,88578ba3ea012d11,jpeg70,1,113.5174789428711
0,sid_calib,real,unknown,calib,88578ba3ea012d11,jpeg50,1,114.75651550292969
0,sid_calib,real,unknown,calib,88578ba3ea012d11,jpeg30,1,115.20934295654297
0,sid_calib,real,unknown,calib,88578ba3ea012d11,blur05,1,114.39033508300781
0,sid_calib,real,unknown,calib,88578ba3ea012d11,blur10,1,114.17298889160156
0,sid_calib,real,unknown,calib,88578ba3ea012d11,blur20,1,113.36577606201172
0,sid_calib,real,unknown,calib,88578ba3ea012d11,resize05,1,114.48184967041016
0,sid_calib,real,unknown,calib,88578ba3ea012d11,resize025,1,114.69805908203125
0,sid_calib,real,unknown,calib,88578ba3ea012d11,noise002,1,113.96994018554688
0,sid_calib,real,unknown,calib,88578ba3ea012d11,noise005,1,116.49787902832031
0,sid_calib,real,unknown,calib,88578ba3ea012d11,noise01,1,110.90306854248047
0,sid_calib,real,unknown,calib,88578ba3ea012d11,jitter02,1,110.07622528076172
1,sid_calib,full_synthetic,unknown,calib,56e7d5080ab4e86c,clean,1,298.220947265625
1,sid_calib,full_synthetic,unknown,calib,56e7d5080ab4e86c,jpeg90,1,297.85382080078125
1,sid_calib,full_synthetic,unknown,calib,56e7d5080ab4e86c,jpeg70,1,299.644775390625
1,sid_calib,full_synthetic,unknown,calib,56e7d5080ab4e86c,jpeg50,1,298.4150390625
1,sid_calib,full_synthetic,unknown,calib,56e7d5080ab4e86c,jpeg30,1,299.5051574707031
1,sid_calib,full_synthetic,unknown,calib,56e7d5080ab4e86c,blur05,1,298.23565673828125
1,sid_calib,full_synthetic,unknown,calib,56e7d5080ab4e86c,blur10,1,298.1361999511719
1,sid_calib,full_synthetic,unknown,calib,56e7d5080ab4e86c,blur20,1,298.4101867675781
1,sid_calib,full_synthetic,unknown,calib,56e7d5080ab4e86c,resize05,1,298.0416564941406
1,sid_calib,full_synthetic,unknown,calib,56e7d5080ab4e86c,resize025,1,297.8697204589844
1,sid_calib,full_synthetic,unknown,calib,56e7d5080ab4e86c,noise002,1,300.8139343261719
1,sid_calib,full_synthetic,unknown,calib,56e7d5080ab4e86c,noise005,1,307.11724853515625
1,sid_calib,full_synthetic,unknown,calib,56e7d5080ab4e86c,noise01,1,314.5308532714844
1,sid_calib,full_synthetic,unknown,calib,56e7d5080ab4e86c,jitter02,1,297.4563903808594
1,sid_calib,full_synthetic,unknown,calib,56e7d5080ab4e86c,crop08,1,377.142333984375
0,sid_calib,real,unknown,calib,aa0d7705e572abd1,clean,1,86.11425018310547
0,sid_calib,real,unknown,calib,aa0d7705e572abd1,jpeg90,1,86.51598358154297
0,sid_calib,real,unknown,calib,aa0d7705e572abd1,jpeg70,1,82.54437255859375
0,sid_calib,real,unknown,calib,aa0d7705e572abd1,jpeg50,1,86.2503433227539
0,sid_calib,real,unknown,calib,aa0d7705e572abd1,jpeg30,1,82.02079772949219
0,sid_calib,real,unknown,calib,aa0d7705e572abd1,blur05,1,82.80520629882812
0,sid_calib,real,unknown,calib,aa0d7705e572abd1,blur10,1,82.7406005859375
0,sid_calib,real,unknown,calib,aa0d7705e572abd1,blur20,1,83.34510803222656
0,sid_calib,real,unknown,calib,aa0d7705e572abd1,resize05,1,82.72660064697266
0,sid_calib,real,unknown,calib,aa0d7705e572abd1,resize025,1,83.2701187133789
0,sid_calib,real,unknown,calib,aa0d7705e572abd1,noise002,1,83.03560638427734
0,sid_calib,real,unknown,calib,aa0d7705e572abd1,noise005,1,84.81097412109375
0,sid_calib,real,unknown,calib,aa0d7705e572abd1,noise01,1,84.7137680053711
0,sid_calib,real,unknown,calib,aa0d7705e572abd1,jitter02,1,82.67286682128906
0,sid_calib,real,unknown,calib,aa0d7705e572abd1,crop08,1,108.87696075439453
0,sid_calib,real,unknown,calib,77f961697fdf6f91,clean,1,89.48080444335938
0,sid_calib,real,unknown,calib,77f961697fdf6f91,jpeg90,1,89.45095825195312
0,sid_calib,real,unknown,calib,77f961697fdf6f91,jpeg70,1,89.71968841552734
0,sid_calib,real,unknown,calib,77f961697fdf6f91,jpeg50,1,89.58271026611328
0,sid_calib,real,unknown,calib,77f961697fdf6f91,jpeg30,1,89.0431137084961
0,sid_calib,real,unknown,calib,77f961697fdf6f91,blur05,1,89.04035949707031
0,sid_calib,real,unknown,calib,77f961697fdf6f91,blur10,1,88.548828125
0,sid_calib,real,unknown,calib,77f961697fdf6f91,blur20,1,88.87830352783203
0,sid_calib,real,unknown,calib,77f961697fdf6f91,resize05,1,89.13984680175781
0,sid_calib,real,unknown,calib,77f961697fdf6f91,resize025,1,89.92495727539062
0,sid_calib,real,unknown,calib,77f961697fdf6f91,noise002,1,89.6718521118164
0,sid_calib,real,unknown,calib,77f961697fdf6f91,noise005,1,89.35330963134766
0,sid_calib,real,unknown,calib,77f961697fdf6f91,noise01,1,92.37080383300781
0,sid_calib,real,unknown,calib,77f961697fdf6f91,jitter02,1,90.14700317382812
0,sid_calib,real,unknown,calib,77f961697fdf6f91,crop08,1,110.89706420898438
0,sid_calib,real,unknown,calib,b4181acf038ed8e3,clean,1,146.07484436035156
0,sid_calib,real,unknown,calib,b4181acf038ed8e3,jpeg90,1,146.00782775878906
0,sid_calib,real,unknown,calib,b4181acf038ed8e3,jpeg70,1,146.6604461669922
0,sid_calib,real,unknown,calib,b4181acf038ed8e3,jpeg50,1,147.57199096679688
0,sid_calib,real,unknown,calib,b4181acf038ed8e3,jpeg30,1,146.42189025878906
0,sid_calib,real,unknown,calib,b4181acf038ed8e3,blur05,1,145.9215850830078
0,sid_calib,real,unknown,calib,b4181acf038ed8e3,blur10,1,145.54019165039062
0,sid_calib,real,unknown,calib,b4181acf038ed8e3,blur20,1,146.346923828125
0,sid_calib,real,unknown,calib,b4181acf038ed8e3,resize05,1,145.8377685546875
0,sid_calib,real,unknown,calib,b4181acf038ed8e3,resize025,1,144.24891662597656
0,sid_calib,real,unknown,calib,b4181acf038ed8e3,noise002,1,148.80389404296875
0,sid_calib,real,unknown,calib,b4181acf038ed8e3,noise005,1,145.3449249267578
0,sid_calib,real,unknown,calib,b4181acf038ed8e3,noise01,1,145.1237335205078
0,sid_calib,real,unknown,calib,b4181acf038ed8e3,jitter02,1,147.0617218017578
0,sid_calib,real,unknown,calib,b4181acf038ed8e3,crop08,1,179.7211456298828
0,sid_calib,real,unknown,calib,dc2bfbaa550b2b28,clean,1,267.72076416015625
0,sid_calib,real,unknown,calib,dc2bfbaa550b2b28,jpeg90,1,266.99285888671875
0,sid_calib,real,unknown,calib,dc2bfbaa550b2b28,jpeg70,1,268.2077941894531
0,sid_calib,real,unknown,calib,dc2bfbaa550b2b28,jpeg50,1,267.82421875
0,sid_calib,real,unknown,calib,dc2bfbaa550b2b28,jpeg30,1,267.29180908203125
0,sid_calib,real,unknown,calib,dc2bfbaa550b2b28,blur05,1,267.69384765625
0,sid_calib,real,unknown,calib,dc2bfbaa550b2b28,blur10,1,265.9173889160156
0,sid_calib,real,unknown,calib,dc2bfbaa550b2b28,blur20,1,265.4959716796875
0,sid_calib,real,unknown,calib,dc2bfbaa550b2b28,resize05,1,266.88421630859375
0,sid_calib,real,unknown,calib,dc2bfbaa550b2b28,resize025,1,267.3467712402344
0,sid_calib,real,unknown,calib,dc2bfbaa550b2b28,noise002,1,267.41693115234375
0,sid_calib,real,unknown,calib,dc2bfbaa550b2b28,noise005,1,268.5269470214844
0,sid_calib,real,unknown,calib,dc2bfbaa550b2b28,noise01,1,274.0845642089844
0,sid_calib,real,unknown,calib,dc2bfbaa550b2b28,jitter02,1,267.4224548339844
0,sid_calib,real,unknown,calib,dc2bfbaa550b2b28,crop08,1,342.4192810058594
0,sid_calib,real,unknown,calib,9e280ce62f43f925,clean,1,66.39884948730469
0,sid_calib,real,unknown,calib,9e280ce62f43f925,jpeg90,1,66.46326446533203
0,sid_calib,real,unknown,calib,9e280ce62f43f925,jpeg70,1,66.61137390136719
0,sid_calib,real,unknown,calib,9e280ce62f43f925,jpeg50,1,66.22958374023438
0,sid_calib,real,unknown,calib,9e280ce62f43f925,jpeg30,1,67.27180480957031
0,sid_calib,real,unknown,calib,9e280ce62f43f925,blur05,1,66.44581604003906
0,sid_calib,real,unknown,calib,9e280ce62f43f925,blur10,1,66.13551330566406
0,sid_calib,real,unknown,calib,9e280ce62f43f925,blur20,1,65.75750732421875
0,sid_calib,real,unknown,calib,9e280ce62f43f925,resize05,1,66.39080047607422
0,sid_calib,real,unknown,calib,9e280ce62f43f925,resize025,1,65.7407455444336
0,sid_calib,real,unknown,calib,9e280ce62f43f925,noise002,1,66.30355072021484
0,sid_calib,real,unknown,calib,9e280ce62f43f925,noise005,1,66.7417221069336
0,sid_calib,real,unknown,calib,9e280ce62f43f925,noise01,1,65.33444213867188
0,sid_calib,real,unknown,calib,9e280ce62f43f925,jitter02,1,67.15819549560547
0,sid_calib,real,unknown,calib,9e280ce62f43f925,crop08,1,79.09444427490234
0,sid_calib,real,unknown,calib,b39e157a7fa9b43c,clean,1,86.61947631835938
0,sid_calib,real,unknown,calib,b39e157a7fa9b43c,jpeg90,1,86.60696411132812
0,sid_calib,real,unknown,calib,b39e157a7fa9b43c,jpeg70,1,85.96450805664062
0,sid_calib,real,unknown,calib,b39e157a7fa9b43c,jpeg50,1,86.07903289794922
0,sid_calib,real,unknown,calib,b39e157a7fa9b43c,jpeg30,1,85.79070281982422
0,sid_calib,real,unknown,calib,b39e157a7fa9b43c,blur05,1,86.49461364746094
0,sid_calib,real,unknown,calib,b39e157a7fa9b43c,blur10,1,86.33186340332031
0,sid_calib,real,unknown,calib,b39e157a7fa9b43c,blur20,1,86.83235168457031
0,sid_calib,real,unknown,calib,b39e157a7fa9b43c,resize05,1,86.49728393554688
0,sid_calib,real,unknown,calib,b39e157a7fa9b43c,resize025,1,86.31001281738281
0,sid_calib,real,unknown,calib,b39e157a7fa9b43c,noise002,1,86.32655334472656
0,sid_calib,real,unknown,calib,b39e157a7fa9b43c,noise005,1,86.5557632446289
0,sid_calib,real,unknown,calib,b39e157a7fa9b43c,noise01,1,84.09194946289062
0,sid_calib,real,unknown,calib,b39e157a7fa9b43c,jitter02,1,86.70014953613281
0,sid_calib,real,unknown,calib,2fd58aa730d2ae04,jitter02,1,78.27596282958984
0,sid_calib,real,unknown,calib,b354a49ca29a5905,clean,1,118.96528625488281
0,sid_calib,real,unknown,calib,b354a49ca29a5905,jpeg90,1,118.70838928222656
0,sid_calib,real,unknown,calib,b354a49ca29a5905,jpeg70,1,120.0189208984375
0,sid_calib,real,unknown,calib,b354a49ca29a5905,jpeg50,1,118.73927307128906
0,sid_calib,real,unknown,calib,b354a49ca29a5905,jpeg30,1,119.55058288574219
0,sid_calib,real,unknown,calib,b354a49ca29a5905,blur05,1,119.39244079589844
0,sid_calib,real,unknown,calib,b354a49ca29a5905,blur10,1,119.42733764648438
0,sid_calib,real,unknown,calib,b354a49ca29a5905,blur20,1,121.76509857177734
0,sid_calib,real,unknown,calib,b354a49ca29a5905,resize05,1,119.43634033203125
0,sid_calib,real,unknown,calib,b354a49ca29a5905,resize025,1,122.0589828491211
0,sid_calib,real,unknown,calib,b354a49ca29a5905,noise002,1,118.9530029296875
0,sid_calib,real,unknown,calib,b354a49ca29a5905,noise005,1,118.33248138427734
0,sid_calib,real,unknown,calib,b354a49ca29a5905,noise01,1,118.7586669921875
0,sid_calib,real,unknown,calib,b354a49ca29a5905,jitter02,1,120.18695068359375
0,sid_calib,real,unknown,calib,b354a49ca29a5905,crop08,1,143.1381378173828
0,sid_calib,real,unknown,calib,2fb639990539812b,crop08,1,68.30110168457031
0,sid_calib,real,unknown,calib,40dd00c506de61b3,clean,1,230.7801055908203
0,sid_calib,real,unknown,calib,40dd00c506de61b3,jpeg90,1,230.9654541015625
0,sid_calib,real,unknown,calib,40dd00c506de61b3,jpeg70,1,229.53138732910156
0,sid_calib,real,unknown,calib,40dd00c506de61b3,jpeg50,1,231.51441955566406
0,sid_calib,real,unknown,calib,40dd00c506de61b3,jpeg30,1,233.4852294921875
0,sid_calib,real,unknown,calib,40dd00c506de61b3,blur05,1,230.69061279296875
0,sid_calib,real,unknown,calib,40dd00c506de61b3,blur10,1,231.3568115234375
0,sid_calib,real,unknown,calib,40dd00c506de61b3,blur20,1,230.6768035888672
0,sid_calib,real,unknown,calib,40dd00c506de61b3,resize05,1,231.04751586914062
0,sid_calib,real,unknown,calib,40dd00c506de61b3,resize025,1,229.96705627441406
0,sid_calib,real,unknown,calib,40dd00c506de61b3,noise002,1,227.97207641601562
0,sid_calib,real,unknown,calib,40dd00c506de61b3,noise005,1,232.40220642089844
0,sid_calib,real,unknown,calib,40dd00c506de61b3,noise01,1,238.06808471679688
0,sid_calib,real,unknown,calib,40dd00c506de61b3,jitter02,1,232.08407592773438
0,sid_calib,real,unknown,calib,40dd00c506de61b3,crop08,1,237.4019775390625
0,sid_calib,real,unknown,calib,73449b29a456e254,clean,1,76.75023651123047
0,sid_calib,real,unknown,calib,73449b29a456e254,jpeg90,1,76.47020721435547
0,sid_calib,real,unknown,calib,73449b29a456e254,jpeg70,1,75.99113464355469
0,sid_calib,real,unknown,calib,73449b29a456e254,jpeg50,1,76.45813751220703
0,sid_calib,real,unknown,calib,73449b29a456e254,jpeg30,1,75.57391357421875
0,sid_calib,real,unknown,calib,73449b29a456e254,blur05,1,76.62911224365234
0,sid_calib,real,unknown,calib,73449b29a456e254,blur10,1,76.36013793945312
0,sid_calib,real,unknown,calib,73449b29a456e254,blur20,1,75.88923645019531
0,sid_calib,real,unknown,calib,73449b29a456e254,resize05,1,76.38536071777344
0,sid_calib,real,unknown,calib,73449b29a456e254,resize025,1,76.08971405029297
0,sid_calib,real,unknown,calib,73449b29a456e254,noise002,1,76.41148376464844
0,sid_calib,real,unknown,calib,73449b29a456e254,noise005,1,76.51679229736328
0,sid_calib,real,unknown,calib,73449b29a456e254,noise01,1,76.7825698852539
0,sid_calib,real,unknown,calib,73449b29a456e254,jitter02,1,77.98878479003906
0,sid_calib,real,unknown,calib,73449b29a456e254,crop08,1,93.09066009521484
1,sid_calib,full_synthetic,unknown,calib,3e5871354ae4bfd7,clean,1,106.86337280273438
1,sid_calib,full_synthetic,unknown,calib,3e5871354ae4bfd7,jpeg90,1,106.95243835449219
1,sid_calib,full_synthetic,unknown,calib,3e5871354ae4bfd7,jpeg70,1,107.23468017578125
1,sid_calib,full_synthetic,unknown,calib,3e5871354ae4bfd7,jpeg50,1,106.45751953125
1,sid_calib,full_synthetic,unknown,calib,3e5871354ae4bfd7,jpeg30,1,105.72460174560547
1,sid_calib,full_synthetic,unknown,calib,3e5871354ae4bfd7,blur05,1,106.5810775756836
1,sid_calib,full_synthetic,unknown,calib,3e5871354ae4bfd7,blur10,1,106.25895690917969
1,sid_calib,full_synthetic,unknown,calib,3e5871354ae4bfd7,blur20,1,105.48561096191406
1,sid_calib,full_synthetic,unknown,calib,3e5871354ae4bfd7,resize05,1,106.58515167236328
1,sid_calib,full_synthetic,unknown,calib,3e5871354ae4bfd7,resize025,1,107.24275970458984
1,sid_calib,full_synthetic,unknown,calib,3e5871354ae4bfd7,noise002,1,106.80571746826172
1,sid_calib,full_synthetic,unknown,calib,3e5871354ae4bfd7,noise005,1,106.68900299072266
1,sid_calib,full_synthetic,unknown,calib,3e5871354ae4bfd7,noise01,1,105.0104751586914
1,sid_calib,full_synthetic,unknown,calib,3e5871354ae4bfd7,jitter02,1,106.57878875732422
1,sid_calib,full_synthetic,unknown,calib,3e5871354ae4bfd7,crop08,1,134.99200439453125
0,sid_calib,real,unknown,calib,f22ed5da804fc4c0,clean,1,135.4197998046875
0,sid_calib,real,unknown,calib,f22ed5da804fc4c0,jpeg90,1,134.99853515625
0,sid_calib,real,unknown,calib,f22ed5da804fc4c0,jpeg70,1,135.08375549316406
0,sid_calib,real,unknown,calib,f22ed5da804fc4c0,jpeg50,1,135.84898376464844
0,sid_calib,real,unknown,calib,f22ed5da804fc4c0,jpeg30,1,134.7138214111328
0,sid_calib,real,unknown,calib,f22ed5da804fc4c0,blur05,1,135.4406280517578
0,sid_calib,real,unknown,calib,f22ed5da804fc4c0,blur10,1,133.49107360839844
0,sid_calib,real,unknown,calib,f22ed5da804fc4c0,blur20,1,139.04803466796875
0,sid_calib,real,unknown,calib,f22ed5da804fc4c0,resize05,1,135.4068145751953
0,sid_calib,real,unknown,calib,f22ed5da804fc4c0,resize025,1,137.9912567138672
0,sid_calib,real,unknown,calib,f22ed5da804fc4c0,noise002,1,137.1613006591797
0,sid_calib,real,unknown,calib,f22ed5da804fc4c0,noise005,1,140.5448455810547
0,sid_calib,real,unknown,calib,f22ed5da804fc4c0,noise01,1,144.0916290283203
0,sid_calib,real,unknown,calib,f22ed5da804fc4c0,jitter02,1,138.42481994628906
0,sid_calib,real,unknown,calib,f22ed5da804fc4c0,crop08,1,176.91665649414062
0,sid_calib,real,unknown,calib,dfd125dd7ce98d2a,clean,1,431.0527648925781
0,sid_calib,real,unknown,calib,dfd125dd7ce98d2a,jpeg90,1,430.4000549316406
0,sid_calib,real,unknown,calib,dfd125dd7ce98d2a,jpeg70,1,431.3071594238281
0,sid_calib,real,unknown,calib,dfd125dd7ce98d2a,jpeg50,1,433.84771728515625
0,sid_calib,real,unknown,calib,dfd125dd7ce98d2a,jpeg30,1,438.5511779785156
0,sid_calib,real,unknown,calib,dfd125dd7ce98d2a,blur05,1,429.94110107421875
0,sid_calib,real,unknown,calib,dfd125dd7ce98d2a,blur10,1,428.5799255371094
0,sid_calib,real,unknown,calib,dfd125dd7ce98d2a,blur20,1,427.1624755859375
0,sid_calib,real,unknown,calib,dfd125dd7ce98d2a,resize05,1,430.17547607421875
0,sid_calib,real,unknown,calib,dfd125dd7ce98d2a,resize025,1,429.1535949707031
0,sid_calib,real,unknown,calib,dfd125dd7ce98d2a,noise002,1,433.2119445800781
0,sid_calib,real,unknown,calib,dfd125dd7ce98d2a,noise005,1,441.26995849609375
0,sid_calib,real,unknown,calib,dfd125dd7ce98d2a,noise01,1,439.8897399902344
0,sid_calib,real,unknown,calib,dfd125dd7ce98d2a,jitter02,1,436.5123291015625
0,sid_calib,real,unknown,calib,dfd125dd7ce98d2a,crop08,1,529.9326171875
0,sid_calib,real,unknown,calib,38c2992100608fef,clean,1,101.9103775024414
0,sid_calib,real,unknown,calib,38c2992100608fef,jpeg90,1,102.07814025878906
0,sid_calib,real,unknown,calib,38c2992100608fef,jpeg70,1,102.53966522216797
0,sid_calib,real,unknown,calib,38c2992100608fef,jpeg50,1,101.36840057373047
0,sid_calib,real,unknown,calib,38c2992100608fef,jpeg30,1,93.3729019165039
0,sid_calib,real,unknown,calib,38c2992100608fef,blur05,1,102.159423828125
0,sid_calib,real,unknown,calib,38c2992100608fef,blur10,1,102.25421905517578
0,sid_calib,real,unknown,calib,38c2992100608fef,blur20,1,101.99073791503906
0,sid_calib,real,unknown,calib,38c2992100608fef,resize05,1,102.25106811523438
0,sid_calib,real,unknown,calib,38c2992100608fef,resize025,1,101.90928649902344
0,sid_calib,real,unknown,calib,38c2992100608fef,noise002,1,102.15850830078125
0,sid_calib,real,unknown,calib,38c2992100608fef,noise005,1,94.90969848632812
0,sid_calib,real,unknown,calib,38c2992100608fef,noise01,1,94.97940063476562
0,sid_calib,real,unknown,calib,38c2992100608fef,jitter02,1,101.65925598144531
0,sid_calib,real,unknown,calib,38c2992100608fef,crop08,1,116.2596435546875
0,sid_calib,real,unknown,calib,e61fd3f1a63ff2e5,clean,1,88.25619506835938
0,sid_calib,real,unknown,calib,e61fd3f1a63ff2e5,jpeg90,1,88.37055206298828
0,sid_calib,real,unknown,calib,e61fd3f1a63ff2e5,jpeg70,1,87.90576934814453
0,sid_calib,real,unknown,calib,e61fd3f1a63ff2e5,jpeg50,1,87.976806640625
0,sid_calib,real,unknown,calib,e61fd3f1a63ff2e5,jpeg30,1,89.51254272460938
0,sid_calib,real,unknown,calib,e61fd3f1a63ff2e5,blur05,1,88.32506561279297
0,sid_calib,real,unknown,calib,e61fd3f1a63ff2e5,blur10,1,88.13143157958984
0,sid_calib,real,unknown,calib,e61fd3f1a63ff2e5,blur20,1,87.86344909667969
0,sid_calib,real,unknown,calib,e61fd3f1a63ff2e5,resize05,1,88.21563720703125
0,sid_calib,real,unknown,calib,e61fd3f1a63ff2e5,resize025,1,87.70469665527344
0,sid_calib,real,unknown,calib,e61fd3f1a63ff2e5,noise002,1,88.07300567626953
0,sid_calib,real,unknown,calib,e61fd3f1a63ff2e5,noise005,1,88.8860092163086
0,sid_calib,real,unknown,calib,e61fd3f1a63ff2e5,noise01,1,91.60655212402344
0,sid_calib,real,unknown,calib,e61fd3f1a63ff2e5,jitter02,1,88.44953918457031
0,sid_calib,real,unknown,calib,e61fd3f1a63ff2e5,crop08,1,111.55189514160156
0,sid_calib,real,unknown,calib,160a3e877a97fe47,clean,1,69.06985473632812
0,sid_calib,real,unknown,calib,160a3e877a97fe47,jpeg90,1,68.9940414428711
0,sid_calib,real,unknown,calib,160a3e877a97fe47,jpeg70,1,69.03241729736328
0,sid_calib,real,unknown,calib,160a3e877a97fe47,jpeg50,1,68.56686401367188
0,sid_calib,real,unknown,calib,160a3e877a97fe47,jpeg30,1,68.71269989013672
0,sid_calib,real,unknown,calib,160a3e877a97fe47,blur05,1,68.86986541748047
0,sid_calib,real,unknown,calib,160a3e877a97fe47,blur10,1,68.04300689697266
0,sid_calib,real,unknown,calib,160a3e877a97fe47,resize05,1,68.92469787597656
0,sid_calib,real,unknown,calib,160a3e877a97fe47,noise002,1,69.04335021972656
0,sid_calib,real,unknown,calib,160a3e877a97fe47,noise005,1,68.24061584472656
0,sid_calib,real,unknown,calib,160a3e877a97fe47,crop08,1,84.35540008544922
1,sid_calib,full_synthetic,unknown,calib,0c7efe1603e88f0d,clean,1,134.09043884277344
1,sid_calib,full_synthetic,unknown,calib,0c7efe1603e88f0d,jpeg90,1,134.48045349121094
1,sid_calib,full_synthetic,unknown,calib,0c7efe1603e88f0d,jpeg70,1,132.39569091796875
1,sid_calib,full_synthetic,unknown,calib,0c7efe1603e88f0d,jpeg50,1,134.5889434814453
1,sid_calib,full_synthetic,unknown,calib,0c7efe1603e88f0d,jpeg30,1,134.1772003173828
1,sid_calib,full_synthetic,unknown,calib,0c7efe1603e88f0d,blur05,1,134.41891479492188
1,sid_calib,full_synthetic,unknown,calib,0c7efe1603e88f0d,blur10,1,135.2824249267578
1,sid_calib,full_synthetic,unknown,calib,0c7efe1603e88f0d,blur20,1,139.3658905029297
1,sid_calib,full_synthetic,unknown,calib,0c7efe1603e88f0d,resize05,1,134.60162353515625
1,sid_calib,full_synthetic,unknown,calib,0c7efe1603e88f0d,resize025,1,137.31576538085938
1,sid_calib,full_synthetic,unknown,calib,0c7efe1603e88f0d,noise002,1,132.95887756347656
1,sid_calib,full_synthetic,unknown,calib,0c7efe1603e88f0d,noise005,1,132.28961181640625
1,sid_calib,full_synthetic,unknown,calib,0c7efe1603e88f0d,noise01,1,142.77467346191406
1,sid_calib,full_synthetic,unknown,calib,0c7efe1603e88f0d,jitter02,1,134.0602569580078
1,sid_calib,full_synthetic,unknown,calib,0c7efe1603e88f0d,crop08,1,178.7861785888672
1,sid_calib,full_synthetic,unknown,calib,8aac93ca27249ca8,crop08,1,75.1946792602539
1,sid_calib,full_synthetic,unknown,calib,3adbdb9cbcd7acd5,clean,1,91.49311065673828
1,sid_calib,full_synthetic,unknown,calib,3adbdb9cbcd7acd5,jpeg90,1,91.46273040771484
1,sid_calib,full_synthetic,unknown,calib,3adbdb9cbcd7acd5,jpeg70,1,91.03501892089844
1,sid_calib,full_synthetic,unknown,calib,3adbdb9cbcd7acd5,jpeg50,1,91.17198181152344
1,sid_calib,full_synthetic,unknown,calib,3adbdb9cbcd7acd5,jpeg30,1,91.29611206054688
1,sid_calib,full_synthetic,unknown,calib,3adbdb9cbcd7acd5,blur05,1,91.17607116699219
1,sid_calib,full_synthetic,unknown,calib,3adbdb9cbcd7acd5,blur10,1,90.9469985961914
1,sid_calib,full_synthetic,unknown,calib,3adbdb9cbcd7acd5,blur20,1,90.50684356689453
1,sid_calib,full_synthetic,unknown,calib,3adbdb9cbcd7acd5,resize05,1,91.23748779296875
1,sid_calib,full_synthetic,unknown,calib,3adbdb9cbcd7acd5,resize025,1,91.74903869628906
1,sid_calib,full_synthetic,unknown,calib,3adbdb9cbcd7acd5,noise002,1,92.48402404785156
1,sid_calib,full_synthetic,unknown,calib,3adbdb9cbcd7acd5,noise005,1,90.97570037841797
1,sid_calib,full_synthetic,unknown,calib,3adbdb9cbcd7acd5,noise01,1,93.81427001953125
1,sid_calib,full_synthetic,unknown,calib,3adbdb9cbcd7acd5,jitter02,1,91.34635925292969
1,sid_calib,full_synthetic,unknown,calib,3adbdb9cbcd7acd5,crop08,1,111.7474136352539
1,sid_calib,full_synthetic,unknown,calib,b5fd56a19aa425af,clean,1,120.23263549804688
1,sid_calib,full_synthetic,unknown,calib,b5fd56a19aa425af,jpeg90,1,120.25502014160156
1,sid_calib,full_synthetic,unknown,calib,b5fd56a19aa425af,jpeg70,1,119.4198226928711
1,sid_calib,full_synthetic,unknown,calib,b5fd56a19aa425af,jpeg50,1,118.81842041015625
1,sid_calib,full_synthetic,unknown,calib,b5fd56a19aa425af,jpeg30,1,117.46550750732422
1,sid_calib,full_synthetic,unknown,calib,b5fd56a19aa425af,blur05,1,119.99079132080078
1,sid_calib,full_synthetic,unknown,calib,b5fd56a19aa425af,blur10,1,117.88109588623047
1,sid_calib,full_synthetic,unknown,calib,b5fd56a19aa425af,blur20,1,117.67484283447266
1,sid_calib,full_synthetic,unknown,calib,b5fd56a19aa425af,resize05,1,119.61555480957031
1,sid_calib,full_synthetic,unknown,calib,b5fd56a19aa425af,resize025,1,117.92088317871094
1,sid_calib,full_synthetic,unknown,calib,b5fd56a19aa425af,noise002,1,121.02774047851562
1,sid_calib,full_synthetic,unknown,calib,b5fd56a19aa425af,noise005,1,118.86421203613281
1,sid_calib,full_synthetic,unknown,calib,b5fd56a19aa425af,noise01,1,119.28417205810547
1,sid_calib,full_synthetic,unknown,calib,b5fd56a19aa425af,jitter02,1,117.33219146728516
1,sid_calib,full_synthetic,unknown,calib,b5fd56a19aa425af,crop08,1,148.61917114257812
1,sid_calib,full_synthetic,unknown,calib,d50e2df90e8bafdd,crop08,1,66.36324310302734
1,sid_calib,full_synthetic,unknown,calib,456c649949922fb5,clean,1,117.85697937011719
1,sid_calib,full_synthetic,unknown,calib,456c649949922fb5,jpeg90,1,117.71651458740234
1,sid_calib,full_synthetic,unknown,calib,456c649949922fb5,jpeg70,1,117.03673553466797
1,sid_calib,full_synthetic,unknown,calib,456c649949922fb5,jpeg50,1,116.60612487792969
1,sid_calib,full_synthetic,unknown,calib,456c649949922fb5,jpeg30,1,115.45703887939453
1,sid_calib,full_synthetic,unknown,calib,456c649949922fb5,blur05,1,117.75762176513672
1,sid_calib,full_synthetic,unknown,calib,456c649949922fb5,blur10,1,117.28881072998047
1,sid_calib,full_synthetic,unknown,calib,456c649949922fb5,blur20,1,118.46436309814453
1,sid_calib,full_synthetic,unknown,calib,456c649949922fb5,resize05,1,117.92610931396484
1,sid_calib,full_synthetic,unknown,calib,456c649949922fb5,resize025,1,117.27095794677734
1,sid_calib,full_synthetic,unknown,calib,456c649949922fb5,noise002,1,117.77872467041016
1,sid_calib,full_synthetic,unknown,calib,456c649949922fb5,noise005,1,117.9613037109375
1,sid_calib,full_synthetic,unknown,calib,456c649949922fb5,noise01,1,115.93296813964844
1,sid_calib,full_synthetic,unknown,calib,456c649949922fb5,jitter02,1,118.09667205810547
1,sid_calib,full_synthetic,unknown,calib,456c649949922fb5,crop08,1,142.36868286132812
1,sid_calib,full_synthetic,unknown,calib,969728c198bf5313,clean,1,136.49179077148438
1,sid_calib,full_synthetic,unknown,calib,969728c198bf5313,jpeg90,1,135.9226531982422
1,sid_calib,full_synthetic,unknown,calib,969728c198bf5313,jpeg70,1,137.15953063964844
1,sid_calib,full_synthetic,unknown,calib,969728c198bf5313,jpeg50,1,136.84426879882812
1,sid_calib,full_synthetic,unknown,calib,969728c198bf5313,jpeg30,1,136.8758087158203
1,sid_calib,full_synthetic,unknown,calib,969728c198bf5313,blur05,1,136.58343505859375
1,sid_calib,full_synthetic,unknown,calib,969728c198bf5313,blur10,1,136.5613250732422
1,sid_calib,full_synthetic,unknown,calib,969728c198bf5313,blur20,1,134.3020477294922
1,sid_calib,full_synthetic,unknown,calib,969728c198bf5313,resize05,1,136.70166015625
1,sid_calib,full_synthetic,unknown,calib,969728c198bf5313,resize025,1,136.14381408691406
1,sid_calib,full_synthetic,unknown,calib,969728c198bf5313,noise002,1,135.5811004638672
1,sid_calib,full_synthetic,unknown,calib,969728c198bf5313,noise005,1,136.69839477539062
1,sid_calib,full_synthetic,unknown,calib,969728c198bf5313,noise01,1,134.4326629638672
1,sid_calib,full_synthetic,unknown,calib,969728c198bf5313,jitter02,1,134.39910888671875
1,sid_calib,full_synthetic,unknown,calib,969728c198bf5313,crop08,1,167.0446014404297
1,sid_calib,full_synthetic,unknown,calib,ddaea78301d32c6e,clean,1,214.2452850341797
1,sid_calib,full_synthetic,unknown,calib,ddaea78301d32c6e,jpeg90,1,214.31533813476562
1,sid_calib,full_synthetic,unknown,calib,ddaea78301d32c6e,jpeg70,1,219.2676239013672
1,sid_calib,full_synthetic,unknown,calib,ddaea78301d32c6e,jpeg50,1,221.75502014160156
1,sid_calib,full_synthetic,unknown,calib,ddaea78301d32c6e,jpeg30,1,214.1566619873047
1,sid_calib,full_synthetic,unknown,calib,ddaea78301d32c6e,blur05,1,213.01217651367188
1,sid_calib,full_synthetic,unknown,calib,ddaea78301d32c6e,blur10,1,210.33995056152344
1,sid_calib,full_synthetic,unknown,calib,ddaea78301d32c6e,blur20,1,204.28395080566406
1,sid_calib,full_synthetic,unknown,calib,ddaea78301d32c6e,resize05,1,213.1185760498047
1,sid_calib,full_synthetic,unknown,calib,ddaea78301d32c6e,resize025,1,204.7318878173828
1,sid_calib,full_synthetic,unknown,calib,ddaea78301d32c6e,noise002,1,215.812744140625
1,sid_calib,full_synthetic,unknown,calib,ddaea78301d32c6e,noise005,1,213.80445861816406
1,sid_calib,full_synthetic,unknown,calib,ddaea78301d32c6e,noise01,1,232.92227172851562
1,sid_calib,full_synthetic,unknown,calib,ddaea78301d32c6e,jitter02,1,216.4280548095703
1,sid_calib,full_synthetic,unknown,calib,ddaea78301d32c6e,crop08,1,303.9095458984375
1,sid_calib,full_synthetic,unknown,calib,5f03c446a977d7e3,clean,1,102.71635437011719
1,sid_calib,full_synthetic,unknown,calib,5f03c446a977d7e3,jpeg90,1,102.26695251464844
1,sid_calib,full_synthetic,unknown,calib,5f03c446a977d7e3,jpeg70,1,102.6081771850586
1,sid_calib,full_synthetic,unknown,calib,5f03c446a977d7e3,jpeg50,1,102.45477294921875
1,sid_calib,full_synthetic,unknown,calib,5f03c446a977d7e3,jpeg30,1,102.31741333007812
1,sid_calib,full_synthetic,unknown,calib,5f03c446a977d7e3,blur05,1,102.63750457763672
1,sid_calib,full_synthetic,unknown,calib,5f03c446a977d7e3,blur10,1,102.2749252319336
1,sid_calib,full_synthetic,unknown,calib,5f03c446a977d7e3,blur20,1,101.68063354492188
1,sid_calib,full_synthetic,unknown,calib,5f03c446a977d7e3,resize05,1,102.39898681640625
1,sid_calib,full_synthetic,unknown,calib,5f03c446a977d7e3,resize025,1,101.98030090332031
1,sid_calib,full_synthetic,unknown,calib,5f03c446a977d7e3,noise002,1,102.2502670288086
1,sid_calib,full_synthetic,unknown,calib,5f03c446a977d7e3,noise005,1,102.28095245361328
1,sid_calib,full_synthetic,unknown,calib,5f03c446a977d7e3,noise01,1,103.59900665283203
1,sid_calib,full_synthetic,unknown,calib,5f03c446a977d7e3,jitter02,1,102.77177429199219
1,sid_calib,full_synthetic,unknown,calib,5f03c446a977d7e3,crop08,1,127.32879638671875
1,sid_calib,full_synthetic,unknown,calib,35bd79250361ba10,clean,1,142.1944580078125
1,sid_calib,full_synthetic,unknown,calib,35bd79250361ba10,jpeg90,1,142.12863159179688
1,sid_calib,full_synthetic,unknown,calib,35bd79250361ba10,jpeg70,1,143.3568572998047
1,sid_calib,full_synthetic,unknown,calib,35bd79250361ba10,jpeg50,1,142.57565307617188
1,sid_calib,full_synthetic,unknown,calib,35bd79250361ba10,jpeg30,1,143.51950073242188
1,sid_calib,full_synthetic,unknown,calib,35bd79250361ba10,blur05,1,142.36117553710938
1,sid_calib,full_synthetic,unknown,calib,35bd79250361ba10,blur10,1,143.10255432128906
1,sid_calib,full_synthetic,unknown,calib,35bd79250361ba10,blur20,1,145.65505981445312
1,sid_calib,full_synthetic,unknown,calib,35bd79250361ba10,resize05,1,142.73379516601562
1,sid_calib,full_synthetic,unknown,calib,35bd79250361ba10,resize025,1,146.44424438476562
1,sid_calib,full_synthetic,unknown,calib,35bd79250361ba10,noise002,1,142.76626586914062
1,sid_calib,full_synthetic,unknown,calib,35bd79250361ba10,noise005,1,146.63461303710938
1,sid_calib,full_synthetic,unknown,calib,35bd79250361ba10,noise01,1,86.2145004272461
1,sid_calib,full_synthetic,unknown,calib,35bd79250361ba10,jitter02,1,142.5948486328125
1,sid_calib,full_synthetic,unknown,calib,35bd79250361ba10,crop08,1,186.12411499023438
1,sid_calib,full_synthetic,unknown,calib,54f1f514ca8b79c4,crop08,1,71.50605010986328
1,sid_calib,full_synthetic,unknown,calib,09484d7a31d0103c,clean,1,109.3935546875
1,sid_calib,full_synthetic,unknown,calib,09484d7a31d0103c,jpeg90,1,109.06181335449219
1,sid_calib,full_synthetic,unknown,calib,09484d7a31d0103c,jpeg70,1,109.47846221923828
1,sid_calib,full_synthetic,unknown,calib,09484d7a31d0103c,jpeg50,1,108.37068176269531
1,sid_calib,full_synthetic,unknown,calib,09484d7a31d0103c,jpeg30,1,108.72046661376953
1,sid_calib,full_synthetic,unknown,calib,09484d7a31d0103c,blur05,1,109.5090560913086
1,sid_calib,full_synthetic,unknown,calib,09484d7a31d0103c,blur10,1,108.96129608154297
1,sid_calib,full_synthetic,unknown,calib,09484d7a31d0103c,blur20,1,108.5401840209961
1,sid_calib,full_synthetic,unknown,calib,09484d7a31d0103c,resize05,1,109.05143737792969
1,sid_calib,full_synthetic,unknown,calib,09484d7a31d0103c,resize025,1,108.5489501953125
1,sid_calib,full_synthetic,unknown,calib,09484d7a31d0103c,noise002,1,107.54478454589844
1,sid_calib,full_synthetic,unknown,calib,09484d7a31d0103c,noise005,1,115.2695083618164
1,sid_calib,full_synthetic,unknown,calib,09484d7a31d0103c,noise01,1,104.80695343017578
1,sid_calib,full_synthetic,unknown,calib,09484d7a31d0103c,jitter02,1,109.48002624511719
1,sid_calib,full_synthetic,unknown,calib,09484d7a31d0103c,crop08,1,153.26922607421875
1,sid_calib,full_synthetic,unknown,calib,cca946b7eafdc5f4,clean,1,199.02215576171875
1,sid_calib,full_synthetic,unknown,calib,cca946b7eafdc5f4,jpeg90,1,198.82843017578125
1,sid_calib,full_synthetic,unknown,calib,cca946b7eafdc5f4,jpeg70,1,198.9971160888672
1,sid_calib,full_synthetic,unknown,calib,cca946b7eafdc5f4,jpeg50,1,199.00271606445312
1,sid_calib,full_synthetic,unknown,calib,cca946b7eafdc5f4,jpeg30,1,198.26748657226562
1,sid_calib,full_synthetic,unknown,calib,cca946b7eafdc5f4,blur05,1,198.8663330078125
1,sid_calib,full_synthetic,unknown,calib,cca946b7eafdc5f4,blur10,1,198.86920166015625
1,sid_calib,full_synthetic,unknown,calib,cca946b7eafdc5f4,blur20,1,198.5201416015625
1,sid_calib,full_synthetic,unknown,calib,cca946b7eafdc5f4,resize05,1,199.7119903564453
1,sid_calib,full_synthetic,unknown,calib,cca946b7eafdc5f4,resize025,1,197.9122314453125
1,sid_calib,full_synthetic,unknown,calib,cca946b7eafdc5f4,noise002,1,199.29403686523438
1,sid_calib,full_synthetic,unknown,calib,cca946b7eafdc5f4,noise005,1,198.04852294921875
1,sid_calib,full_synthetic,unknown,calib,cca946b7eafdc5f4,noise01,1,188.8268585205078
1,sid_calib,full_synthetic,unknown,calib,cca946b7eafdc5f4,jitter02,1,200.0391082763672
1,sid_calib,full_synthetic,unknown,calib,cca946b7eafdc5f4,crop08,1,225.0006561279297
1,sid_calib,full_synthetic,unknown,calib,7cec73b52d0d25df,clean,1,158.3793182373047
1,sid_calib,full_synthetic,unknown,calib,7cec73b52d0d25df,jpeg90,1,158.83522033691406
1,sid_calib,full_synthetic,unknown,calib,7cec73b52d0d25df,jpeg70,1,158.8550567626953
1,sid_calib,full_synthetic,unknown,calib,7cec73b52d0d25df,jpeg50,1,157.75094604492188
1,sid_calib,full_synthetic,unknown,calib,7cec73b52d0d25df,jpeg30,1,158.359375
1,sid_calib,full_synthetic,unknown,calib,7cec73b52d0d25df,blur05,1,158.3856658935547
1,sid_calib,full_synthetic,unknown,calib,7cec73b52d0d25df,blur10,1,158.37855529785156
1,sid_calib,full_synthetic,unknown,calib,7cec73b52d0d25df,blur20,1,159.01087951660156
1,sid_calib,full_synthetic,unknown,calib,7cec73b52d0d25df,resize05,1,158.4552001953125
1,sid_calib,full_synthetic,unknown,calib,7cec73b52d0d25df,resize025,1,158.7250518798828
1,sid_calib,full_synthetic,unknown,calib,7cec73b52d0d25df,noise002,1,158.1016845703125
1,sid_calib,full_synthetic,unknown,calib,7cec73b52d0d25df,noise005,1,158.00961303710938
1,sid_calib,full_synthetic,unknown,calib,7cec73b52d0d25df,noise01,1,156.78427124023438
1,sid_calib,full_synthetic,unknown,calib,7cec73b52d0d25df,jitter02,1,157.99855041503906
1,sid_calib,full_synthetic,unknown,calib,7cec73b52d0d25df,crop08,1,202.12814331054688
