label,source,subclass,generator,split,image_id,variant
0,so_fake_ood,real,,test_ood,93447208b3956685,blur05
0,so_fake_ood,real,,test_ood,93447208b3956685,blur10
0,so_fake_ood,real,,test_ood,93447208b3956685,blur20
0,so_fake_ood,real,,test_ood,93447208b3956685,resize05
0,so_fake_ood,real,,test_ood,93447208b3956685,resize025
0,so_fake_ood,real,,test_ood,93447208b3956685,noise002
0,so_fake_ood,real,,test_ood,93447208b3956685,noise005
0,so_fake_ood,real,,test_ood,93447208b3956685,noise01
0,so_fake_ood,real,,test_ood,93447208b3956685,jitter02
0,so_fake_ood,real,,test_ood,93447208b3956685,crop08
0,so_fake_ood,real,,test_ood,221eb9f862940bde,clean
0,so_fake_ood,real,,test_ood,221eb9f862940bde,jpeg90
0,so_fake_ood,real,,test_ood,221eb9f862940bde,jpeg70
0,so_fake_ood,real,,test_ood,221eb9f862940bde,jpeg50
0,so_fake_ood,real,,test_ood,221eb9f862940bde,jpeg30
0,so_fake_ood,real,,test_ood,221eb9f862940bde,blur05
0,so_fake_ood,real,,test_ood,221eb9f862940bde,blur10
0,so_fake_ood,real,,test_ood,221eb9f862940bde,blur20
0,so_fake_ood,real,,test_ood,221eb9f862940bde,resize05
0,so_fake_ood,real,,test_ood,221eb9f862940bde,resize025
0,so_fake_ood,real,,test_ood,221eb9f862940bde,noise002
0,so_fake_ood,real,,test_ood,221eb9f862940bde,noise005
0,so_fake_ood,real,,test_ood,221eb9f862940bde,noise01
0,so_fake_ood,real,,test_ood,221eb9f862940bde,jitter02
0,so_fake_ood,real,,test_ood,221eb9f862940bde,crop08
0,so_fake_ood,real,,test_ood,1585e3d1f3068c79,clean
0,so_fake_ood,real,,test_ood,1585e3d1f3068c79,jpeg90
0,so_fake_ood,real,,test_ood,1585e3d1f3068c79,jpeg70
0,so_fake_ood,real,,test_ood,1585e3d1f3068c79,jpeg50
0,so_fake_ood,real,,test_ood,1585e3d1f3068c79,jpeg30
0,so_fake_ood,real,,test_ood,1585e3d1f3068c79,blur05
0,so_fake_ood,real,,test_ood,1585e3d1f3068c79,blur10
0,so_fake_ood,real,,test_ood,1585e3d1f3068c79,blur20
0,so_fake_ood,real,,test_ood,1585e3d1f3068c79,resize05
0,so_fake_ood,real,,test_ood,1585e3d1f3068c79,resize025
0,so_fake_ood,real,,test_ood,1585e3d1f3068c79,noise002
0,so_fake_ood,real,,test_ood,1585e3d1f3068c79,noise005
0,so_fake_ood,real,,test_ood,1585e3d1f3068c79,noise01
0,so_fake_ood,real,,test_ood,1585e3d1f3068c79,jitter02
0,so_fake_ood,real,,test_ood,1585e3d1f3068c79,crop08
0,so_fake_ood,real,,test_ood,14420559c24ebbd5,clean
0,so_fake_ood,real,,test_ood,14420559c24ebbd5,jpeg90
0,so_fake_ood,real,,test_ood,14420559c24ebbd5,jpeg70
0,so_fake_ood,real,,test_ood,14420559c24ebbd5,jpeg50
0,so_fake_ood,real,,test_ood,14420559c24ebbd5,jpeg30
0,so_fake_ood,real,,test_ood,14420559c24ebbd5,blur05
0,so_fake_ood,real,,test_ood,14420559c24ebbd5,blur10
0,so_fake_ood,real,,test_ood,14420559c24ebbd5,blur20
0,so_fake_ood,real,,test_ood,14420559c24ebbd5,resize05
0,so_fake_ood,real,,test_ood,14420559c24ebbd5,resize025
0,so_fake_ood,real,,test_ood,14420559c24ebbd5,noise002
0,so_fake_ood,real,,test_ood,14420559c24ebbd5,noise005
0,so_fake_ood,real,,test_ood,14420559c24ebbd5,noise01
0,so_fake_ood,real,,test_ood,14420559c24ebbd5,jitter02
0,so_fake_ood,real,,test_ood,14420559c24ebbd5,crop08
0,so_fake_ood,real,,test_ood,28933e7c2028735b,clean
0,so_fake_ood,real,,test_ood,28933e7c2028735b,jpeg90
0,so_fake_ood,real,,test_ood,28933e7c2028735b,jpeg70
0,so_fake_ood,real,,test_ood,28933e7c2028735b,jpeg50
0,so_fake_ood,real,,test_ood,28933e7c2028735b,jpeg30
0,so_fake_ood,real,,test_ood,28933e7c2028735b,blur05
0,so_fake_ood,real,,test_ood,28933e7c2028735b,blur10
0,so_fake_ood,real,,test_ood,28933e7c2028735b,blur20
0,so_fake_ood,real,,test_ood,28933e7c2028735b,resize05
0,so_fake_ood,real,,test_ood,28933e7c2028735b,resize025
0,so_fake_ood,real,,test_ood,28933e7c2028735b,noise002
0,so_fake_ood,real,,test_ood,28933e7c2028735b,noise005
0,so_fake_ood,real,,test_ood,28933e7c2028735b,noise01
0,so_fake_ood,real,,test_ood,28933e7c2028735b,jitter02
0,so_fake_ood,real,,test_ood,28933e7c2028735b,crop08
0,so_fake_ood,real,,test_ood,24263a7a0c8d8d79,clean
0,so_fake_ood,real,,test_ood,24263a7a0c8d8d79,jpeg90
0,so_fake_ood,real,,test_ood,24263a7a0c8d8d79,jpeg70
0,so_fake_ood,real,,test_ood,24263a7a0c8d8d79,jpeg50
0,so_fake_ood,real,,test_ood,24263a7a0c8d8d79,jpeg30
0,so_fake_ood,real,,test_ood,24263a7a0c8d8d79,blur05
0,so_fake_ood,real,,test_ood,24263a7a0c8d8d79,blur10
0,so_fake_ood,real,,test_ood,24263a7a0c8d8d79,blur20
0,so_fake_ood,real,,test_ood,24263a7a0c8d8d79,resize05
0,so_fake_ood,real,,test_ood,24263a7a0c8d8d79,resize025
0,so_fake_ood,real,,test_ood,24263a7a0c8d8d79,noise002
0,so_fake_ood,real,,test_ood,24263a7a0c8d8d79,noise005
0,so_fake_ood,real,,test_ood,24263a7a0c8d8d79,noise01
0,so_fake_ood,real,,test_ood,24263a7a0c8d8d79,jitter02
0,so_fake_ood,real,,test_ood,24263a7a0c8d8d79,crop08
0,so_fake_ood,real,,test_ood,ac720b576c4b0d6d,clean
0,so_fake_ood,real,,test_ood,ac720b576c4b0d6d,jpeg90
0,so_fake_ood,real,,test_ood,ac720b576c4b0d6d,jpeg70
0,so_fake_ood,real,,test_ood,ac720b576c4b0d6d,jpeg50
0,so_fake_ood,real,,test_ood,ac720b576c4b0d6d,jpeg30
0,so_fake_ood,real,,test_ood,ac720b576c4b0d6d,blur05
0,so_fake_ood,real,,test_ood,ac720b576c4b0d6d,blur10
0,so_fake_ood,real,,test_ood,ac720b576c4b0d6d,blur20
0,so_fake_ood,real,,test_ood,ac720b576c4b0d6d,resize05
0,so_fake_ood,real,,test_ood,ac720b576c4b0d6d,resize025
0,so_fake_ood,real,,test_ood,ac720b576c4b0d6d,noise002
0,so_fake_ood,real,,test_ood,ac720b576c4b0d6d,noise005
0,so_fake_ood,real,,test_ood,ac720b576c4b0d6d,noise01
0,so_fake_ood,real,,test_ood,ac720b576c4b0d6d,jitter02
0,so_fake_ood,real,,test_ood,ac720b576c4b0d6d,crop08
0,so_fake_ood,real,,test_ood,b7d723898eca4046,clean
0,so_fake_ood,real,,test_ood,b7d723898eca4046,jpeg90
0,so_fake_ood,real,,test_ood,b7d723898eca4046,jpeg70
0,so_fake_ood,real,,test_ood,b7d723898eca4046,jpeg50
0,so_fake_ood,real,,test_ood,b7d723898eca4046,jpeg30
0,so_fake_ood,real,,test_ood,b7d723898eca4046,blur05
0,so_fake_ood,real,,test_ood,b7d723898eca4046,blur10
0,so_fake_ood,real,,test_ood,b7d723898eca4046,blur20
0,so_fake_ood,real,,test_ood,b7d723898eca4046,resize05
0,so_fake_ood,real,,test_ood,b7d723898eca4046,resize025
0,so_fake_ood,real,,test_ood,b7d723898eca4046,noise002
0,so_fake_ood,real,,test_ood,b7d723898eca4046,noise005
0,so_fake_ood,real,,test_ood,b7d723898eca4046,noise01
0,so_fake_ood,real,,test_ood,b7d723898eca4046,jitter02
0,so_fake_ood,real,,test_ood,b7d723898eca4046,crop08
0,so_fake_ood,real,,test_ood,aec60e6828e504f5,clean
0,so_fake_ood,real,,test_ood,aec60e6828e504f5,jpeg90
0,so_fake_ood,real,,test_ood,aec60e6828e504f5,jpeg70
0,so_fake_ood,real,,test_ood,aec60e6828e504f5,jpeg50
0,so_fake_ood,real,,test_ood,aec60e6828e504f5,jpeg30
0,so_fake_ood,real,,test_ood,aec60e6828e504f5,blur05
0,so_fake_ood,real,,test_ood,aec60e6828e504f5,blur10
0,so_fake_ood,real,,test_ood,aec60e6828e504f5,blur20
0,so_fake_ood,real,,test_ood,aec60e6828e504f5,resize05
0,so_fake_ood,real,,test_ood,aec60e6828e504f5,resize025
0,so_fake_ood,real,,test_ood,aec60e6828e504f5,noise002
0,so_fake_ood,real,,test_ood,aec60e6828e504f5,noise005
0,so_fake_ood,real,,test_ood,aec60e6828e504f5,noise01
0,so_fake_ood,real,,test_ood,aec60e6828e504f5,jitter02
0,so_fake_ood,real,,test_ood,aec60e6828e504f5,crop08
0,so_fake_ood,real,,test_ood,89ed775123f0c398,clean
0,so_fake_ood,real,,test_ood,89ed775123f0c398,jpeg90
0,so_fake_ood,real,,test_ood,89ed775123f0c398,jpeg70
0,so_fake_ood,real,,test_ood,89ed775123f0c398,jpeg50
0,so_fake_ood,real,,test_ood,89ed775123f0c398,jpeg30
0,so_fake_ood,real,,test_ood,89ed775123f0c398,blur05
0,so_fake_ood,real,,test_ood,89ed775123f0c398,blur10
0,so_fake_ood,real,,test_ood,89ed775123f0c398,blur20
0,so_fake_ood,real,,test_ood,89ed775123f0c398,resize05
0,so_fake_ood,real,,test_ood,89ed775123f0c398,resize025
0,so_fake_ood,real,,test_ood,89ed775123f0c398,noise002
0,so_fake_ood,real,,test_ood,89ed775123f0c398,noise005
0,so_fake_ood,real,,test_ood,89ed775123f0c398,noise01
0,so_fake_ood,real,,test_ood,89ed775123f0c398,jitter02
0,so_fake_ood,real,,test_ood,89ed775123f0c398,crop08
0,so_fake_ood,real,,test_ood,0d232d18ac7655ae,clean
0,so_fake_ood,real,,test_ood,0d232d18ac7655ae,jpeg90
0,so_fake_ood,real,,test_ood,0d232d18ac7655ae,jpeg70
0,so_fake_ood,real,,test_ood,0d232d18ac7655ae,jpeg50
0,so_fake_ood,real,,test_ood,0d232d18ac7655ae,jpeg30
0,so_fake_ood,real,,test_ood,0d232d18ac7655ae,blur05
0,so_fake_ood,real,,test_ood,0d232d18ac7655ae,blur10
0,so_fake_ood,real,,test_ood,0d232d18ac7655ae,blur20
0,so_fake_ood,real,,test_ood,0d232d18ac7655ae,resize05
0,so_fake_ood,real,,test_ood,0d232d18ac7655ae,resize025
0,so_fake_ood,real,,test_ood,0d232d18ac7655ae,noise002
0,so_fake_ood,real,,test_ood,0d232d18ac7655ae,noise005
0,so_fake_ood,real,,test_ood,0d232d18ac7655ae,noise01
0,so_fake_ood,real,,test_ood,0d232d18ac7655ae,jitter02
0,so_fake_ood,real,,test_ood,0d232d18ac7655ae,crop08
0,so_fake_ood,real,,test_ood,2254df83a5c28720,clean
0,so_fake_ood,real,,test_ood,2254df83a5c28720,jpeg90
0,so_fake_ood,real,,test_ood,2254df83a5c28720,jpeg70
0,so_fake_ood,real,,test_ood,2254df83a5c28720,jpeg50
0,so_fake_ood,real,,test_ood,2254df83a5c28720,jpeg30
0,so_fake_ood,real,,test_ood,2254df83a5c28720,blur05
0,so_fake_ood,real,,test_ood,2254df83a5c28720,blur10
0,so_fake_ood,real,,test_ood,2254df83a5c28720,blur20
0,so_fake_ood,real,,test_ood,2254df83a5c28720,resize05
0,so_fake_ood,real,,test_ood,2254df83a5c28720,resize025
0,so_fake_ood,real,,test_ood,2254df83a5c28720,noise002
0,so_fake_ood,real,,test_ood,2254df83a5c28720,noise005
0,so_fake_ood,real,,test_ood,2254df83a5c28720,noise01
0,so_fake_ood,real,,test_ood,2254df83a5c28720,jitter02
0,so_fake_ood,real,,test_ood,2254df83a5c28720,crop08
0,so_fake_ood,real,,test_ood,84486c74f5823b40,clean
0,so_fake_ood,real,,test_ood,84486c74f5823b40,jpeg90
0,so_fake_ood,real,,test_ood,84486c74f5823b40,jpeg70
0,so_fake_ood,real,,test_ood,84486c74f5823b40,jpeg50
0,so_fake_ood,real,,test_ood,84486c74f5823b40,jpeg30
0,so_fake_ood,real,,test_ood,84486c74f5823b40,blur05
0,so_fake_ood,real,,test_ood,84486c74f5823b40,blur10
0,so_fake_ood,real,,test_ood,84486c74f5823b40,blur20
0,so_fake_ood,real,,test_ood,84486c74f5823b40,resize05
0,so_fake_ood,real,,test_ood,84486c74f5823b40,resize025
0,so_fake_ood,real,,test_ood,84486c74f5823b40,noise002
0,so_fake_ood,real,,test_ood,84486c74f5823b40,noise005
0,so_fake_ood,real,,test_ood,84486c74f5823b40,noise01
0,so_fake_ood,real,,test_ood,84486c74f5823b40,jitter02
0,so_fake_ood,real,,test_ood,84486c74f5823b40,crop08
0,so_fake_ood,real,,test_ood,2e9229282349e78f,clean
0,so_fake_ood,real,,test_ood,2e9229282349e78f,jpeg90
0,so_fake_ood,real,,test_ood,2e9229282349e78f,jpeg70
0,so_fake_ood,real,,test_ood,2e9229282349e78f,jpeg50
0,so_fake_ood,real,,test_ood,2e9229282349e78f,jpeg30
0,so_fake_ood,real,,test_ood,2e9229282349e78f,blur05
0,so_fake_ood,real,,test_ood,2e9229282349e78f,blur10
0,so_fake_ood,real,,test_ood,2e9229282349e78f,blur20
0,so_fake_ood,real,,test_ood,2e9229282349e78f,resize05
0,so_fake_ood,real,,test_ood,2e9229282349e78f,resize025
0,so_fake_ood,real,,test_ood,2e9229282349e78f,noise002
0,so_fake_ood,real,,test_ood,2e9229282349e78f,noise005
0,so_fake_ood,real,,test_ood,2e9229282349e78f,noise01
0,so_fake_ood,real,,test_ood,2e9229282349e78f,jitter02
0,so_fake_ood,real,,test_ood,2e9229282349e78f,crop08
0,so_fake_ood,real,,test_ood,34aaa403a292e9c0,clean
0,so_fake_ood,real,,test_ood,34aaa403a292e9c0,jpeg90
0,so_fake_ood,real,,test_ood,34aaa403a292e9c0,jpeg70
0,so_fake_ood,real,,test_ood,34aaa403a292e9c0,jpeg50
0,so_fake_ood,real,,test_ood,34aaa403a292e9c0,jpeg30
0,so_fake_ood,real,,test_ood,34aaa403a292e9c0,blur05
0,so_fake_ood,real,,test_ood,34aaa403a292e9c0,blur10
0,so_fake_ood,real,,test_ood,34aaa403a292e9c0,blur20
0,so_fake_ood,real,,test_ood,34aaa403a292e9c0,resize05
0,so_fake_ood,real,,test_ood,34aaa403a292e9c0,resize025
0,so_fake_ood,real,,test_ood,34aaa403a292e9c0,noise002
0,so_fake_ood,real,,test_ood,34aaa403a292e9c0,noise005
0,so_fake_ood,real,,test_ood,34aaa403a292e9c0,noise01
0,so_fake_ood,real,,test_ood,34aaa403a292e9c0,jitter02
0,so_fake_ood,real,,test_ood,34aaa403a292e9c0,crop08
0,so_fake_ood,real,,test_ood,04d5b133dd71cdd9,clean
0,so_fake_ood,real,,test_ood,04d5b133dd71cdd9,jpeg90
0,so_fake_ood,real,,test_ood,04d5b133dd71cdd9,jpeg70
0,so_fake_ood,real,,test_ood,04d5b133dd71cdd9,jpeg50
0,so_fake_ood,real,,test_ood,04d5b133dd71cdd9,jpeg30
0,so_fake_ood,real,,test_ood,04d5b133dd71cdd9,blur05
0,so_fake_ood,real,,test_ood,04d5b133dd71cdd9,blur10
0,so_fake_ood,real,,test_ood,04d5b133dd71cdd9,blur20
0,so_fake_ood,real,,test_ood,04d5b133dd71cdd9,resize05
0,so_fake_ood,real,,test_ood,04d5b133dd71cdd9,resize025
0,so_fake_ood,real,,test_ood,04d5b133dd71cdd9,noise002
0,so_fake_ood,real,,test_ood,04d5b133dd71cdd9,noise005
0,so_fake_ood,real,,test_ood,04d5b133dd71cdd9,noise01
0,so_fake_ood,real,,test_ood,04d5b133dd71cdd9,jitter02
0,so_fake_ood,real,,test_ood,04d5b133dd71cdd9,crop08
0,so_fake_ood,real,,test_ood,6d0ecfd0d129c822,clean
0,so_fake_ood,real,,test_ood,6d0ecfd0d129c822,jpeg90
0,so_fake_ood,real,,test_ood,6d0ecfd0d129c822,jpeg70
0,so_fake_ood,real,,test_ood,6d0ecfd0d129c822,jpeg50
0,so_fake_ood,real,,test_ood,6d0ecfd0d129c822,jpeg30
0,so_fake_ood,real,,test_ood,6d0ecfd0d129c822,blur05
0,so_fake_ood,real,,test_ood,6d0ecfd0d129c822,blur10
0,so_fake_ood,real,,test_ood,6d0ecfd0d129c822,blur20
0,so_fake_ood,real,,test_ood,6d0ecfd0d129c822,resize05
0,so_fake_ood,real,,test_ood,6d0ecfd0d129c822,resize025
0,so_fake_ood,real,,test_ood,6d0ecfd0d129c822,noise002
0,so_fake_ood,real,,test_ood,6d0ecfd0d129c822,noise005
0,so_fake_ood,real,,test_ood,6d0ecfd0d129c822,noise01
0,so_fake_ood,real,,test_ood,6d0ecfd0d129c822,jitter02
0,so_fake_ood,real,,test_ood,6d0ecfd0d129c822,crop08
0,so_fake_ood,real,,test_ood,7104c5c9c185933b,clean
0,so_fake_ood,real,,test_ood,7104c5c9c185933b,jpeg90
0,so_fake_ood,real,,test_ood,7104c5c9c185933b,jpeg70
0,so_fake_ood,real,,test_ood,7104c5c9c185933b,jpeg50
0,so_fake_ood,real,,test_ood,7104c5c9c185933b,jpeg30
0,so_fake_ood,real,,test_ood,7104c5c9c185933b,blur05
0,so_fake_ood,real,,test_ood,7104c5c9c185933b,blur10
0,so_fake_ood,real,,test_ood,7104c5c9c185933b,blur20
0,so_fake_ood,real,,test_ood,7104c5c9c185933b,resize05
0,so_fake_ood,real,,test_ood,7104c5c9c185933b,resize025
0,so_fake_ood,real,,test_ood,7104c5c9c185933b,noise002
0,so_fake_ood,real,,test_ood,7104c5c9c185933b,noise005
0,so_fake_ood,real,,test_ood,7104c5c9c185933b,noise01
0,so_fake_ood,real,,test_ood,7104c5c9c185933b,jitter02
0,so_fake_ood,real,,test_ood,7104c5c9c185933b,crop08
0,so_fake_ood,real,,test_ood,a10f2ea43698916b,clean
0,so_fake_ood,real,,test_ood,a10f2ea43698916b,jpeg90
0,so_fake_ood,real,,test_ood,a10f2ea43698916b,jpeg70
0,so_fake_ood,real,,test_ood,a10f2ea43698916b,jpeg50
0,so_fake_ood,real,,test_ood,a10f2ea43698916b,jpeg30
0,so_fake_ood,real,,test_ood,a10f2ea43698916b,blur05
0,so_fake_ood,real,,test_ood,a10f2ea43698916b,blur10
0,so_fake_ood,real,,test_ood,a10f2ea43698916b,blur20
0,so_fake_ood,real,,test_ood,a10f2ea43698916b,resize05
0,so_fake_ood,real,,test_ood,a10f2ea43698916b,resize025
0,so_fake_ood,real,,test_ood,a10f2ea43698916b,noise002
0,so_fake_ood,real,,test_ood,a10f2ea43698916b,noise005
0,so_fake_ood,real,,test_ood,a10f2ea43698916b,noise01
0,so_fake_ood,real,,test_ood,a10f2ea43698916b,jitter02
0,so_fake_ood,real,,test_ood,a10f2ea43698916b,crop08
0,so_fake_ood,real,,test_ood,eed3c4ed9f896907,clean
0,so_fake_ood,real,,test_ood,eed3c4ed9f896907,jpeg90
0,so_fake_ood,real,,test_ood,eed3c4ed9f896907,jpeg70
0,so_fake_ood,real,,test_ood,eed3c4ed9f896907,jpeg50
0,so_fake_ood,real,,test_ood,eed3c4ed9f896907,jpeg30
0,so_fake_ood,real,,test_ood,eed3c4ed9f896907,blur05
0,so_fake_ood,real,,test_ood,eed3c4ed9f896907,blur10
0,so_fake_ood,real,,test_ood,eed3c4ed9f896907,blur20
0,so_fake_ood,real,,test_ood,eed3c4ed9f896907,resize05
0,so_fake_ood,real,,test_ood,eed3c4ed9f896907,resize025
0,so_fake_ood,real,,test_ood,eed3c4ed9f896907,noise002
0,so_fake_ood,real,,test_ood,eed3c4ed9f896907,noise005
0,so_fake_ood,real,,test_ood,eed3c4ed9f896907,noise01
0,so_fake_ood,real,,test_ood,eed3c4ed9f896907,jitter02
0,so_fake_ood,real,,test_ood,eed3c4ed9f896907,crop08
0,so_fake_ood,real,,test_ood,aa2196f7b019a7d3,clean
0,so_fake_ood,real,,test_ood,aa2196f7b019a7d3,jpeg90
0,so_fake_ood,real,,test_ood,aa2196f7b019a7d3,jpeg70
0,so_fake_ood,real,,test_ood,aa2196f7b019a7d3,jpeg50
0,so_fake_ood,real,,test_ood,aa2196f7b019a7d3,jpeg30
0,so_fake_ood,real,,test_ood,aa2196f7b019a7d3,blur05
0,so_fake_ood,real,,test_ood,aa2196f7b019a7d3,blur10
0,so_fake_ood,real,,test_ood,aa2196f7b019a7d3,blur20
0,so_fake_ood,real,,test_ood,aa2196f7b019a7d3,resize05
0,so_fake_ood,real,,test_ood,aa2196f7b019a7d3,resize025
0,so_fake_ood,real,,test_ood,aa2196f7b019a7d3,noise002
0,so_fake_ood,real,,test_ood,aa2196f7b019a7d3,noise005
0,so_fake_ood,real,,test_ood,aa2196f7b019a7d3,noise01
0,so_fake_ood,real,,test_ood,aa2196f7b019a7d3,jitter02
0,so_fake_ood,real,,test_ood,aa2196f7b019a7d3,crop08
0,so_fake_ood,real,,test_ood,af0b87fabe760043,clean
0,so_fake_ood,real,,test_ood,af0b87fabe760043,jpeg90
0,so_fake_ood,real,,test_ood,af0b87fabe760043,jpeg70
0,so_fake_ood,real,,test_ood,af0b87fabe760043,jpeg50
0,so_fake_ood,real,,test_ood,af0b87fabe760043,jpeg30
0,so_fake_ood,real,,test_ood,af0b87fabe760043,blur05
0,so_fake_ood,real,,test_ood,af0b87fabe760043,blur10
0,so_fake_ood,real,,test_ood,af0b87fabe760043,blur20
0,so_fake_ood,real,,test_ood,af0b87fabe760043,resize05
0,so_fake_ood,real,,test_ood,af0b87fabe760043,resize025
0,so_fake_ood,real,,test_ood,af0b87fabe760043,noise002
0,so_fake_ood,real,,test_ood,af0b87fabe760043,noise005
0,so_fake_ood,real,,test_ood,af0b87fabe760043,noise01
0,so_fake_ood,real,,test_ood,af0b87fabe760043,jitter02
0,so_fake_ood,real,,test_ood,af0b87fabe760043,crop08
0,so_fake_ood,real,,test_ood,5d3d0133e190ef57,clean
0,so_fake_ood,real,,test_ood,5d3d0133e190ef57,jpeg90
0,so_fake_ood,real,,test_ood,5d3d0133e190ef57,jpeg70
0,so_fake_ood,real,,test_ood,5d3d0133e190ef57,jpeg50
0,so_fake_ood,real,,test_ood,5d3d0133e190ef57,jpeg30
0,so_fake_ood,real,,test_ood,5d3d0133e190ef57,blur05
0,so_fake_ood,real,,test_ood,5d3d0133e190ef57,blur10
0,so_fake_ood,real,,test_ood,5d3d0133e190ef57,blur20
0,so_fake_ood,real,,test_ood,5d3d0133e190ef57,resize05
0,so_fake_ood,real,,test_ood,5d3d0133e190ef57,resize025
0,so_fake_ood,real,,test_ood,5d3d0133e190ef57,noise002
0,so_fake_ood,real,,test_ood,5d3d0133e190ef57,noise005
0,so_fake_ood,real,,test_ood,5d3d0133e190ef57,noise01
0,so_fake_ood,real,,test_ood,5d3d0133e190ef57,jitter02
0,so_fake_ood,real,,test_ood,5d3d0133e190ef57,crop08
0,so_fake_ood,real,,test_ood,f0af2f288b864c5b,clean
0,so_fake_ood,real,,test_ood,f0af2f288b864c5b,jpeg90
0,so_fake_ood,real,,test_ood,f0af2f288b864c5b,jpeg70
0,so_fake_ood,real,,test_ood,f0af2f288b864c5b,jpeg50
0,so_fake_ood,real,,test_ood,f0af2f288b864c5b,jpeg30
0,so_fake_ood,real,,test_ood,f0af2f288b864c5b,blur05
0,so_fake_ood,real,,test_ood,f0af2f288b864c5b,blur10
0,so_fake_ood,real,,test_ood,f0af2f288b864c5b,blur20
0,so_fake_ood,real,,test_ood,f0af2f288b864c5b,resize05
0,so_fake_ood,real,,test_ood,f0af2f288b864c5b,resize025
0,so_fake_ood,real,,test_ood,f0af2f288b864c5b,noise002
0,so_fake_ood,real,,test_ood,f0af2f288b864c5b,noise005
0,so_fake_ood,real,,test_ood,f0af2f288b864c5b,noise01
0,so_fake_ood,real,,test_ood,f0af2f288b864c5b,jitter02
0,so_fake_ood,real,,test_ood,f0af2f288b864c5b,crop08
0,so_fake_ood,real,,test_ood,9876af97ef30eac7,clean
0,so_fake_ood,real,,test_ood,9876af97ef30eac7,jpeg90
0,so_fake_ood,real,,test_ood,9876af97ef30eac7,jpeg70
0,so_fake_ood,real,,test_ood,9876af97ef30eac7,jpeg50
0,so_fake_ood,real,,test_ood,9876af97ef30eac7,jpeg30
0,so_fake_ood,real,,test_ood,9876af97ef30eac7,blur05
0,so_fake_ood,real,,test_ood,9876af97ef30eac7,blur10
0,so_fake_ood,real,,test_ood,9876af97ef30eac7,blur20
0,so_fake_ood,real,,test_ood,9876af97ef30eac7,resize05
0,so_fake_ood,real,,test_ood,9876af97ef30eac7,resize025
0,so_fake_ood,real,,test_ood,9876af97ef30eac7,noise002
0,so_fake_ood,real,,test_ood,9876af97ef30eac7,noise005
0,so_fake_ood,real,,test_ood,9876af97ef30eac7,noise01
0,so_fake_ood,real,,test_ood,9876af97ef30eac7,jitter02
0,so_fake_ood,real,,test_ood,9876af97ef30eac7,crop08
0,so_fake_ood,real,,test_ood,4e9d6d3f780ca9a6,clean
0,so_fake_ood,real,,test_ood,4e9d6d3f780ca9a6,jpeg90
0,so_fake_ood,real,,test_ood,4e9d6d3f780ca9a6,jpeg70
0,so_fake_ood,real,,test_ood,4e9d6d3f780ca9a6,jpeg50
0,so_fake_ood,real,,test_ood,4e9d6d3f780ca9a6,jpeg30
0,so_fake_ood,real,,test_ood,4e9d6d3f780ca9a6,blur05
0,so_fake_ood,real,,test_ood,4e9d6d3f780ca9a6,blur10
0,so_fake_ood,real,,test_ood,4e9d6d3f780ca9a6,blur20
0,so_fake_ood,real,,test_ood,4e9d6d3f780ca9a6,resize05
0,so_fake_ood,real,,test_ood,4e9d6d3f780ca9a6,resize025
0,so_fake_ood,real,,test_ood,4e9d6d3f780ca9a6,noise002
0,so_fake_ood,real,,test_ood,4e9d6d3f780ca9a6,noise005
0,so_fake_ood,real,,test_ood,4e9d6d3f780ca9a6,noise01
0,so_fake_ood,real,,test_ood,4e9d6d3f780ca9a6,jitter02
0,so_fake_ood,real,,test_ood,4e9d6d3f780ca9a6,crop08
0,so_fake_ood,real,,test_ood,e7d55ccc74746ac7,clean
0,so_fake_ood,real,,test_ood,e7d55ccc74746ac7,jpeg90
0,so_fake_ood,real,,test_ood,e7d55ccc74746ac7,jpeg70
0,so_fake_ood,real,,test_ood,e7d55ccc74746ac7,jpeg50
0,so_fake_ood,real,,test_ood,e7d55ccc74746ac7,jpeg30
0,so_fake_ood,real,,test_ood,e7d55ccc74746ac7,blur05
0,so_fake_ood,real,,test_ood,e7d55ccc74746ac7,blur10
0,so_fake_ood,real,,test_ood,e7d55ccc74746ac7,blur20
0,so_fake_ood,real,,test_ood,e7d55ccc74746ac7,resize05
0,so_fake_ood,real,,test_ood,e7d55ccc74746ac7,resize025
0,so_fake_ood,real,,test_ood,e7d55ccc74746ac7,noise002
0,so_fake_ood,real,,test_ood,e7d55ccc74746ac7,noise005
0,so_fake_ood,real,,test_ood,e7d55ccc74746ac7,noise01
0,so_fake_ood,real,,test_ood,e7d55ccc74746ac7,jitter02
0,so_fake_ood,real,,test_ood,e7d55ccc74746ac7,crop08
0,so_fake_ood,real,,test_ood,8fa81cd453adf358,clean
0,so_fake_ood,real,,test_ood,8fa81cd453adf358,jpeg90
0,so_fake_ood,real,,test_ood,8fa81cd453adf358,jpeg70
0,so_fake_ood,real,,test_ood,8fa81cd453adf358,jpeg50
0,so_fake_ood,real,,test_ood,8fa81cd453adf358,jpeg30
0,so_fake_ood,real,,test_ood,8fa81cd453adf358,blur05
0,so_fake_ood,real,,test_ood,8fa81cd453adf358,blur10
0,so_fake_ood,real,,test_ood,8fa81cd453adf358,blur20
0,so_fake_ood,real,,test_ood,8fa81cd453adf358,resize05
0,so_fake_ood,real,,test_ood,8fa81cd453adf358,resize025
0,so_fake_ood,real,,test_ood,8fa81cd453adf358,noise002
0,so_fake_ood,real,,test_ood,8fa81cd453adf358,noise005
0,so_fake_ood,real,,test_ood,8fa81cd453adf358,noise01
0,so_fake_ood,real,,test_ood,8fa81cd453adf358,jitter02
0,so_fake_ood,real,,test_ood,8fa81cd453adf358,crop08
0,so_fake_ood,real,,test_ood,f26a9f6ae6427a2c,clean
0,so_fake_ood,real,,test_ood,f26a9f6ae6427a2c,jpeg90
0,so_fake_ood,real,,test_ood,f26a9f6ae6427a2c,jpeg70
0,so_fake_ood,real,,test_ood,f26a9f6ae6427a2c,jpeg50
0,so_fake_ood,real,,test_ood,f26a9f6ae6427a2c,jpeg30
0,so_fake_ood,real,,test_ood,f26a9f6ae6427a2c,blur05
0,so_fake_ood,real,,test_ood,f26a9f6ae6427a2c,blur10
0,so_fake_ood,real,,test_ood,f26a9f6ae6427a2c,blur20
0,so_fake_ood,real,,test_ood,f26a9f6ae6427a2c,resize05
0,so_fake_ood,real,,test_ood,f26a9f6ae6427a2c,resize025
0,so_fake_ood,real,,test_ood,f26a9f6ae6427a2c,noise002
0,so_fake_ood,real,,test_ood,f26a9f6ae6427a2c,noise005
0,so_fake_ood,real,,test_ood,f26a9f6ae6427a2c,noise01
0,so_fake_ood,real,,test_ood,f26a9f6ae6427a2c,jitter02
0,so_fake_ood,real,,test_ood,f26a9f6ae6427a2c,crop08
0,so_fake_ood,real,,test_ood,a8165fde480be294,clean
0,so_fake_ood,real,,test_ood,a8165fde480be294,jpeg90
0,so_fake_ood,real,,test_ood,a8165fde480be294,jpeg70
0,so_fake_ood,real,,test_ood,a8165fde480be294,jpeg50
0,so_fake_ood,real,,test_ood,a8165fde480be294,jpeg30
0,so_fake_ood,real,,test_ood,a8165fde480be294,blur05
0,so_fake_ood,real,,test_ood,a8165fde480be294,blur10
0,so_fake_ood,real,,test_ood,a8165fde480be294,blur20
0,so_fake_ood,real,,test_ood,a8165fde480be294,resize05
0,so_fake_ood,real,,test_ood,a8165fde480be294,resize025
0,so_fake_ood,real,,test_ood,a8165fde480be294,noise002
0,so_fake_ood,real,,test_ood,a8165fde480be294,noise005
0,so_fake_ood,real,,test_ood,a8165fde480be294,noise01
0,so_fake_ood,real,,test_ood,a8165fde480be294,jitter02
0,so_fake_ood,real,,test_ood,a8165fde480be294,crop08
0,so_fake_ood,real,,test_ood,9b9257fddd790d0f,clean
0,so_fake_ood,real,,test_ood,9b9257fddd790d0f,jpeg90
0,so_fake_ood,real,,test_ood,9b9257fddd790d0f,jpeg70
0,so_fake_ood,real,,test_ood,9b9257fddd790d0f,jpeg50
0,so_fake_ood,real,,test_ood,9b9257fddd790d0f,jpeg30
0,so_fake_ood,real,,test_ood,9b9257fddd790d0f,blur05
0,so_fake_ood,real,,test_ood,9b9257fddd790d0f,blur10
0,so_fake_ood,real,,test_ood,9b9257fddd790d0f,blur20
0,so_fake_ood,real,,test_ood,9b9257fddd790d0f,resize05
0,so_fake_ood,real,,test_ood,9b9257fddd790d0f,resize025
0,so_fake_ood,real,,test_ood,9b9257fddd790d0f,noise002
0,so_fake_ood,real,,test_ood,9b9257fddd790d0f,noise005
0,so_fake_ood,real,,test_ood,9b9257fddd790d0f,noise01
0,so_fake_ood,real,,test_ood,9b9257fddd790d0f,jitter02
0,so_fake_ood,real,,test_ood,9b9257fddd790d0f,crop08
0,so_fake_ood,real,,test_ood,2ef24e397d4b1368,clean
0,so_fake_ood,real,,test_ood,2ef24e397d4b1368,jpeg90
0,so_fake_ood,real,,test_ood,2ef24e397d4b1368,jpeg70
0,so_fake_ood,real,,test_ood,2ef24e397d4b1368,jpeg50
0,so_fake_ood,real,,test_ood,2ef24e397d4b1368,jpeg30
0,so_fake_ood,real,,test_ood,2ef24e397d4b1368,blur05
0,so_fake_ood,real,,test_ood,2ef24e397d4b1368,blur10
0,so_fake_ood,real,,test_ood,2ef24e397d4b1368,blur20
0,so_fake_ood,real,,test_ood,2ef24e397d4b1368,resize05
0,so_fake_ood,real,,test_ood,2ef24e397d4b1368,resize025
0,so_fake_ood,real,,test_ood,2ef24e397d4b1368,noise002
0,so_fake_ood,real,,test_ood,2ef24e397d4b1368,noise005
0,so_fake_ood,real,,test_ood,2ef24e397d4b1368,noise01
0,so_fake_ood,real,,test_ood,2ef24e397d4b1368,jitter02
0,so_fake_ood,real,,test_ood,2ef24e397d4b1368,crop08
0,so_fake_ood,real,,test_ood,12117b6b8cfa7528,clean
0,so_fake_ood,real,,test_ood,12117b6b8cfa7528,jpeg90
0,so_fake_ood,real,,test_ood,12117b6b8cfa7528,jpeg70
0,so_fake_ood,real,,test_ood,12117b6b8cfa7528,jpeg50
0,so_fake_ood,real,,test_ood,12117b6b8cfa7528,jpeg30
0,so_fake_ood,real,,test_ood,12117b6b8cfa7528,blur05
0,so_fake_ood,real,,test_ood,12117b6b8cfa7528,blur10
0,so_fake_ood,real,,test_ood,12117b6b8cfa7528,blur20
0,so_fake_ood,real,,test_ood,12117b6b8cfa7528,resize05
0,so_fake_ood,real,,test_ood,12117b6b8cfa7528,resize025
0,so_fake_ood,real,,test_ood,12117b6b8cfa7528,noise002
0,so_fake_ood,real,,test_ood,12117b6b8cfa7528,noise005
0,so_fake_ood,real,,test_ood,12117b6b8cfa7528,noise01
0,so_fake_ood,real,,test_ood,12117b6b8cfa7528,jitter02
0,so_fake_ood,real,,test_ood,12117b6b8cfa7528,crop08
0,so_fake_ood,real,,test_ood,e22bbe7100937d94,clean
0,so_fake_ood,real,,test_ood,e22bbe7100937d94,jpeg90
0,so_fake_ood,real,,test_ood,e22bbe7100937d94,jpeg70
0,so_fake_ood,real,,test_ood,e22bbe7100937d94,jpeg50
0,so_fake_ood,real,,test_ood,e22bbe7100937d94,jpeg30
0,so_fake_ood,real,,test_ood,e22bbe7100937d94,blur05
0,so_fake_ood,real,,test_ood,e22bbe7100937d94,blur10
0,so_fake_ood,real,,test_ood,e22bbe7100937d94,blur20
0,so_fake_ood,real,,test_ood,e22bbe7100937d94,resize05
0,so_fake_ood,real,,test_ood,e22bbe7100937d94,resize025
0,so_fake_ood,real,,test_ood,e22bbe7100937d94,noise002
0,so_fake_ood,real,,test_ood,e22bbe7100937d94,noise005
0,so_fake_ood,real,,test_ood,e22bbe7100937d94,noise01
0,so_fake_ood,real,,test_ood,e22bbe7100937d94,jitter02
0,so_fake_ood,real,,test_ood,e22bbe7100937d94,crop08
0,so_fake_ood,real,,test_ood,ad608bc3878c799b,clean
0,so_fake_ood,real,,test_ood,ad608bc3878c799b,jpeg90
0,so_fake_ood,real,,test_ood,ad608bc3878c799b,jpeg70
0,so_fake_ood,real,,test_ood,ad608bc3878c799b,jpeg50
0,so_fake_ood,real,,test_ood,ad608bc3878c799b,jpeg30
0,so_fake_ood,real,,test_ood,ad608bc3878c799b,blur05
0,so_fake_ood,real,,test_ood,ad608bc3878c799b,blur10
0,so_fake_ood,real,,test_ood,ad608bc3878c799b,blur20
0,so_fake_ood,real,,test_ood,ad608bc3878c799b,resize05
0,so_fake_ood,real,,test_ood,ad608bc3878c799b,resize025
0,so_fake_ood,real,,test_ood,ad608bc3878c799b,noise002
0,so_fake_ood,real,,test_ood,ad608bc3878c799b,noise005
0,so_fake_ood,real,,test_ood,ad608bc3878c799b,noise01
0,so_fake_ood,real,,test_ood,ad608bc3878c799b,jitter02
0,so_fake_ood,real,,test_ood,ad608bc3878c799b,crop08
0,so_fake_ood,real,,test_ood,f45701440bb94d52,clean
0,so_fake_ood,real,,test_ood,f45701440bb94d52,jpeg90
0,so_fake_ood,real,,test_ood,f45701440bb94d52,jpeg70
0,so_fake_ood,real,,test_ood,f45701440bb94d52,jpeg50
0,so_fake_ood,real,,test_ood,f45701440bb94d52,jpeg30
0,so_fake_ood,real,,test_ood,f45701440bb94d52,blur05
0,so_fake_ood,real,,test_ood,f45701440bb94d52,blur10
0,so_fake_ood,real,,test_ood,f45701440bb94d52,blur20
0,so_fake_ood,real,,test_ood,f45701440bb94d52,resize05
0,so_fake_ood,real,,test_ood,f45701440bb94d52,resize025
0,so_fake_ood,real,,test_ood,f45701440bb94d52,noise002
0,so_fake_ood,real,,test_ood,f45701440bb94d52,noise005
0,so_fake_ood,real,,test_ood,f45701440bb94d52,noise01
0,so_fake_ood,real,,test_ood,f45701440bb94d52,jitter02
0,so_fake_ood,real,,test_ood,f45701440bb94d52,crop08
0,so_fake_ood,real,,test_ood,1bea3d5af5df8e8b,clean
0,so_fake_ood,real,,test_ood,1bea3d5af5df8e8b,jpeg90
0,so_fake_ood,real,,test_ood,1bea3d5af5df8e8b,jpeg70
0,so_fake_ood,real,,test_ood,1bea3d5af5df8e8b,jpeg50
0,so_fake_ood,real,,test_ood,1bea3d5af5df8e8b,jpeg30
0,so_fake_ood,real,,test_ood,1bea3d5af5df8e8b,blur05
0,so_fake_ood,real,,test_ood,1bea3d5af5df8e8b,blur10
0,so_fake_ood,real,,test_ood,1bea3d5af5df8e8b,blur20
0,so_fake_ood,real,,test_ood,1bea3d5af5df8e8b,resize05
0,so_fake_ood,real,,test_ood,1bea3d5af5df8e8b,resize025
0,so_fake_ood,real,,test_ood,1bea3d5af5df8e8b,noise002
0,so_fake_ood,real,,test_ood,1bea3d5af5df8e8b,noise005
0,so_fake_ood,real,,test_ood,1bea3d5af5df8e8b,noise01
0,so_fake_ood,real,,test_ood,1bea3d5af5df8e8b,jitter02
0,so_fake_ood,real,,test_ood,1bea3d5af5df8e8b,crop08
0,so_fake_ood,real,,test_ood,c016723d133e4051,clean
0,so_fake_ood,real,,test_ood,c016723d133e4051,jpeg90
0,so_fake_ood,real,,test_ood,c016723d133e4051,jpeg70
0,so_fake_ood,real,,test_ood,c016723d133e4051,jpeg50
0,so_fake_ood,real,,test_ood,c016723d133e4051,jpeg30
0,so_fake_ood,real,,test_ood,c016723d133e4051,blur05
0,so_fake_ood,real,,test_ood,c016723d133e4051,blur10
0,so_fake_ood,real,,test_ood,c016723d133e4051,blur20
0,so_fake_ood,real,,test_ood,c016723d133e4051,resize05
0,so_fake_ood,real,,test_ood,c016723d133e4051,resize025
0,so_fake_ood,real,,test_ood,c016723d133e4051,noise002
0,so_fake_ood,real,,test_ood,c016723d133e4051,noise005
0,so_fake_ood,real,,test_ood,c016723d133e4051,noise01
0,so_fake_ood,real,,test_ood,c016723d133e4051,jitter02
0,so_fake_ood,real,,test_ood,c016723d133e4051,crop08
0,so_fake_ood,real,,test_ood,8b02652c9328cc00,clean
0,so_fake_ood,real,,test_ood,8b02652c9328cc00,jpeg90
0,so_fake_ood,real,,test_ood,8b02652c9328cc00,jpeg70
0,so_fake_ood,real,,test_ood,8b02652c9328cc00,jpeg50
0,so_fake_ood,real,,test_ood,8b02652c9328cc00,jpeg30
0,so_fake_ood,real,,test_ood,8b02652c9328cc00,blur05
0,so_fake_ood,real,,test_ood,8b02652c9328cc00,blur10
0,so_fake_ood,real,,test_ood,8b02652c9328cc00,blur20
0,so_fake_ood,real,,test_ood,8b02652c9328cc00,resize05
0,so_fake_ood,real,,test_ood,8b02652c9328cc00,resize025
0,so_fake_ood,real,,test_ood,8b02652c9328cc00,noise002
0,so_fake_ood,real,,test_ood,8b02652c9328cc00,noise005
0,so_fake_ood,real,,test_ood,8b02652c9328cc00,noise01
0,so_fake_ood,real,,test_ood,8b02652c9328cc00,jitter02
0,so_fake_ood,real,,test_ood,8b02652c9328cc00,crop08
0,so_fake_ood,real,,test_ood,74d51fb67f4e4e1d,clean
0,so_fake_ood,real,,test_ood,74d51fb67f4e4e1d,jpeg90
0,so_fake_ood,real,,test_ood,74d51fb67f4e4e1d,jpeg70
0,so_fake_ood,real,,test_ood,74d51fb67f4e4e1d,jpeg50
0,so_fake_ood,real,,test_ood,74d51fb67f4e4e1d,jpeg30
0,so_fake_ood,real,,test_ood,74d51fb67f4e4e1d,blur05
0,so_fake_ood,real,,test_ood,74d51fb67f4e4e1d,blur10
0,so_fake_ood,real,,test_ood,74d51fb67f4e4e1d,blur20
0,so_fake_ood,real,,test_ood,74d51fb67f4e4e1d,resize05
0,so_fake_ood,real,,test_ood,74d51fb67f4e4e1d,resize025
0,so_fake_ood,real,,test_ood,74d51fb67f4e4e1d,noise002
0,so_fake_ood,real,,test_ood,74d51fb67f4e4e1d,noise005
0,so_fake_ood,real,,test_ood,74d51fb67f4e4e1d,noise01
0,so_fake_ood,real,,test_ood,74d51fb67f4e4e1d,jitter02
0,so_fake_ood,real,,test_ood,74d51fb67f4e4e1d,crop08
0,so_fake_ood,real,,test_ood,6d4be2854dde5e68,clean
0,so_fake_ood,real,,test_ood,6d4be2854dde5e68,jpeg90
0,so_fake_ood,real,,test_ood,6d4be2854dde5e68,jpeg70
0,so_fake_ood,real,,test_ood,6d4be2854dde5e68,jpeg50
0,so_fake_ood,real,,test_ood,6d4be2854dde5e68,jpeg30
0,so_fake_ood,real,,test_ood,6d4be2854dde5e68,blur05
0,so_fake_ood,real,,test_ood,6d4be2854dde5e68,blur10
0,so_fake_ood,real,,test_ood,6d4be2854dde5e68,blur20
0,so_fake_ood,real,,test_ood,6d4be2854dde5e68,resize05
0,so_fake_ood,real,,test_ood,6d4be2854dde5e68,resize025
0,so_fake_ood,real,,test_ood,6d4be2854dde5e68,noise002
0,so_fake_ood,real,,test_ood,6d4be2854dde5e68,noise005
0,so_fake_ood,real,,test_ood,6d4be2854dde5e68,noise01
0,so_fake_ood,real,,test_ood,6d4be2854dde5e68,jitter02
0,so_fake_ood,real,,test_ood,6d4be2854dde5e68,crop08
0,so_fake_ood,real,,test_ood,c4caff8ea9e6dacf,clean
0,so_fake_ood,real,,test_ood,c4caff8ea9e6dacf,jpeg90
0,so_fake_ood,real,,test_ood,c4caff8ea9e6dacf,jpeg70
0,so_fake_ood,real,,test_ood,c4caff8ea9e6dacf,jpeg50
0,so_fake_ood,real,,test_ood,c4caff8ea9e6dacf,jpeg30
0,so_fake_ood,real,,test_ood,c4caff8ea9e6dacf,blur05
0,so_fake_ood,real,,test_ood,c4caff8ea9e6dacf,blur10
0,so_fake_ood,real,,test_ood,c4caff8ea9e6dacf,blur20
0,so_fake_ood,real,,test_ood,c4caff8ea9e6dacf,resize05
0,so_fake_ood,real,,test_ood,c4caff8ea9e6dacf,resize025
0,so_fake_ood,real,,test_ood,c4caff8ea9e6dacf,noise002
0,so_fake_ood,real,,test_ood,c4caff8ea9e6dacf,noise005
0,so_fake_ood,real,,test_ood,c4caff8ea9e6dacf,noise01
0,so_fake_ood,real,,test_ood,c4caff8ea9e6dacf,jitter02
0,so_fake_ood,real,,test_ood,c4caff8ea9e6dacf,crop08
0,so_fake_ood,real,,test_ood,f9753083cfaf2161,clean
0,so_fake_ood,real,,test_ood,f9753083cfaf2161,jpeg90
0,so_fake_ood,real,,test_ood,f9753083cfaf2161,jpeg70
0,so_fake_ood,real,,test_ood,f9753083cfaf2161,jpeg50
0,so_fake_ood,real,,test_ood,f9753083cfaf2161,jpeg30
0,so_fake_ood,real,,test_ood,f9753083cfaf2161,blur05
0,so_fake_ood,real,,test_ood,f9753083cfaf2161,blur10
0,so_fake_ood,real,,test_ood,f9753083cfaf2161,blur20
0,so_fake_ood,real,,test_ood,f9753083cfaf2161,resize05
0,so_fake_ood,real,,test_ood,f9753083cfaf2161,resize025
0,so_fake_ood,real,,test_ood,f9753083cfaf2161,noise002
0,so_fake_ood,real,,test_ood,f9753083cfaf2161,noise005
0,so_fake_ood,real,,test_ood,f9753083cfaf2161,noise01
0,so_fake_ood,real,,test_ood,f9753083cfaf2161,jitter02
0,so_fake_ood,real,,test_ood,f9753083cfaf2161,crop08
0,so_fake_ood,real,,test_ood,7d7f4742bd325602,clean
0,so_fake_ood,real,,test_ood,7d7f4742bd325602,jpeg90
0,so_fake_ood,real,,test_ood,7d7f4742bd325602,jpeg70
0,so_fake_ood,real,,test_ood,7d7f4742bd325602,jpeg50
0,so_fake_ood,real,,test_ood,7d7f4742bd325602,jpeg30
0,so_fake_ood,real,,test_ood,7d7f4742bd325602,blur05
0,so_fake_ood,real,,test_ood,7d7f4742bd325602,blur10
0,so_fake_ood,real,,test_ood,7d7f4742bd325602,blur20
0,so_fake_ood,real,,test_ood,7d7f4742bd325602,resize05
0,so_fake_ood,real,,test_ood,7d7f4742bd325602,resize025
0,so_fake_ood,real,,test_ood,7d7f4742bd325602,noise002
0,so_fake_ood,real,,test_ood,7d7f4742bd325602,noise005
0,so_fake_ood,real,,test_ood,7d7f4742bd325602,noise01
0,so_fake_ood,real,,test_ood,7d7f4742bd325602,jitter02
0,so_fake_ood,real,,test_ood,7d7f4742bd325602,crop08
0,so_fake_ood,real,,test_ood,9c452e907e684733,clean
0,so_fake_ood,real,,test_ood,9c452e907e684733,jpeg90
0,so_fake_ood,real,,test_ood,9c452e907e684733,jpeg70
0,so_fake_ood,real,,test_ood,9c452e907e684733,jpeg50
0,so_fake_ood,real,,test_ood,9c452e907e684733,jpeg30
0,so_fake_ood,real,,test_ood,9c452e907e684733,blur05
0,so_fake_ood,real,,test_ood,9c452e907e684733,blur10
0,so_fake_ood,real,,test_ood,9c452e907e684733,blur20
0,so_fake_ood,real,,test_ood,9c452e907e684733,resize05
0,so_fake_ood,real,,test_ood,9c452e907e684733,resize025
0,so_fake_ood,real,,test_ood,9c452e907e684733,noise002
0,so_fake_ood,real,,test_ood,9c452e907e684733,noise005
0,so_fake_ood,real,,test_ood,9c452e907e684733,noise01
0,so_fake_ood,real,,test_ood,9c452e907e684733,jitter02
0,so_fake_ood,real,,test_ood,9c452e907e684733,crop08
0,so_fake_ood,real,,test_ood,1342bcfdbd690e1e,clean
0,so_fake_ood,real,,test_ood,1342bcfdbd690e1e,jpeg90
0,so_fake_ood,real,,test_ood,1342bcfdbd690e1e,jpeg70
0,so_fake_ood,real,,test_ood,1342bcfdbd690e1e,jpeg50
0,so_fake_ood,real,,test_ood,1342bcfdbd690e1e,jpeg30
0,so_fake_ood,real,,test_ood,1342bcfdbd690e1e,blur05
0,so_fake_ood,real,,test_ood,1342bcfdbd690e1e,blur10
0,so_fake_ood,real,,test_ood,1342bcfdbd690e1e,blur20
0,so_fake_ood,real,,test_ood,1342bcfdbd690e1e,resize05
0,so_fake_ood,real,,test_ood,1342bcfdbd690e1e,resize025
0,so_fake_ood,real,,test_ood,1342bcfdbd690e1e,noise002
0,so_fake_ood,real,,test_ood,1342bcfdbd690e1e,noise005
0,so_fake_ood,real,,test_ood,1342bcfdbd690e1e,noise01
0,so_fake_ood,real,,test_ood,1342bcfdbd690e1e,jitter02
0,so_fake_ood,real,,test_ood,1342bcfdbd690e1e,crop08
0,so_fake_ood,real,,test_ood,4366d00158e7941f,clean
0,so_fake_ood,real,,test_ood,4366d00158e7941f,jpeg90
0,so_fake_ood,real,,test_ood,4366d00158e7941f,jpeg70
0,so_fake_ood,real,,test_ood,4366d00158e7941f,jpeg50
0,so_fake_ood,real,,test_ood,4366d00158e7941f,jpeg30
0,so_fake_ood,real,,test_ood,4366d00158e7941f,blur05
0,so_fake_ood,real,,test_ood,4366d00158e7941f,blur10
0,so_fake_ood,real,,test_ood,4366d00158e7941f,blur20
0,so_fake_ood,real,,test_ood,4366d00158e7941f,resize05
0,so_fake_ood,real,,test_ood,4366d00158e7941f,resize025
0,so_fake_ood,real,,test_ood,4366d00158e7941f,noise002
0,so_fake_ood,real,,test_ood,4366d00158e7941f,noise005
0,so_fake_ood,real,,test_ood,4366d00158e7941f,noise01
0,so_fake_ood,real,,test_ood,4366d00158e7941f,jitter02
0,so_fake_ood,real,,test_ood,4366d00158e7941f,crop08
0,so_fake_ood,real,,test_ood,88cedd6ea6c8dc80,clean
0,so_fake_ood,real,,test_ood,88cedd6ea6c8dc80,jpeg90
0,so_fake_ood,real,,test_ood,88cedd6ea6c8dc80,jpeg70
0,so_fake_ood,real,,test_ood,88cedd6ea6c8dc80,jpeg50
0,so_fake_ood,real,,test_ood,88cedd6ea6c8dc80,jpeg30
0,so_fake_ood,real,,test_ood,88cedd6ea6c8dc80,blur05
0,so_fake_ood,real,,test_ood,88cedd6ea6c8dc80,blur10
0,so_fake_ood,real,,test_ood,88cedd6ea6c8dc80,blur20
0,so_fake_ood,real,,test_ood,88cedd6ea6c8dc80,resize05
0,so_fake_ood,real,,test_ood,88cedd6ea6c8dc80,resize025
0,so_fake_ood,real,,test_ood,88cedd6ea6c8dc80,noise002
0,so_fake_ood,real,,test_ood,88cedd6ea6c8dc80,noise005
0,so_fake_ood,real,,test_ood,88cedd6ea6c8dc80,noise01
0,so_fake_ood,real,,test_ood,88cedd6ea6c8dc80,jitter02
0,so_fake_ood,real,,test_ood,88cedd6ea6c8dc80,crop08
0,so_fake_ood,real,,test_ood,adca680257a18c3d,clean
0,so_fake_ood,real,,test_ood,adca680257a18c3d,jpeg90
0,so_fake_ood,real,,test_ood,adca680257a18c3d,jpeg70
0,so_fake_ood,real,,test_ood,adca680257a18c3d,jpeg50
0,so_fake_ood,real,,test_ood,adca680257a18c3d,jpeg30
0,so_fake_ood,real,,test_ood,adca680257a18c3d,blur05
0,so_fake_ood,real,,test_ood,adca680257a18c3d,blur10
0,so_fake_ood,real,,test_ood,adca680257a18c3d,blur20
0,so_fake_ood,real,,test_ood,adca680257a18c3d,resize05
0,so_fake_ood,real,,test_ood,adca680257a18c3d,resize025
0,so_fake_ood,real,,test_ood,adca680257a18c3d,noise002
0,so_fake_ood,real,,test_ood,adca680257a18c3d,noise005
0,so_fake_ood,real,,test_ood,adca680257a18c3d,noise01
0,so_fake_ood,real,,test_ood,adca680257a18c3d,jitter02
0,so_fake_ood,real,,test_ood,adca680257a18c3d,crop08
0,so_fake_ood,real,,test_ood,2e51f895bfd16cb5,clean
0,so_fake_ood,real,,test_ood,2e51f895bfd16cb5,jpeg90
0,so_fake_ood,real,,test_ood,2e51f895bfd16cb5,jpeg70
0,so_fake_ood,real,,test_ood,2e51f895bfd16cb5,jpeg50
0,so_fake_ood,real,,test_ood,2e51f895bfd16cb5,jpeg30
0,so_fake_ood,real,,test_ood,2e51f895bfd16cb5,blur05
0,so_fake_ood,real,,test_ood,2e51f895bfd16cb5,blur10
0,so_fake_ood,real,,test_ood,2e51f895bfd16cb5,blur20
0,so_fake_ood,real,,test_ood,2e51f895bfd16cb5,resize05
0,so_fake_ood,real,,test_ood,2e51f895bfd16cb5,resize025
0,so_fake_ood,real,,test_ood,2e51f895bfd16cb5,noise002
0,so_fake_ood,real,,test_ood,2e51f895bfd16cb5,noise005
0,so_fake_ood,real,,test_ood,2e51f895bfd16cb5,noise01
0,so_fake_ood,real,,test_ood,2e51f895bfd16cb5,jitter02
0,so_fake_ood,real,,test_ood,2e51f895bfd16cb5,crop08
0,so_fake_ood,real,,test_ood,db56e32a56c06315,clean
0,so_fake_ood,real,,test_ood,db56e32a56c06315,jpeg90
0,so_fake_ood,real,,test_ood,db56e32a56c06315,jpeg70
0,so_fake_ood,real,,test_ood,db56e32a56c06315,jpeg50
0,so_fake_ood,real,,test_ood,db56e32a56c06315,jpeg30
0,so_fake_ood,real,,test_ood,db56e32a56c06315,blur05
0,so_fake_ood,real,,test_ood,db56e32a56c06315,blur10
0,so_fake_ood,real,,test_ood,db56e32a56c06315,blur20
0,so_fake_ood,real,,test_ood,db56e32a56c06315,resize05
0,so_fake_ood,real,,test_ood,db56e32a56c06315,resize025
0,so_fake_ood,real,,test_ood,db56e32a56c06315,noise002
0,so_fake_ood,real,,test_ood,db56e32a56c06315,noise005
0,so_fake_ood,real,,test_ood,db56e32a56c06315,noise01
0,so_fake_ood,real,,test_ood,db56e32a56c06315,jitter02
0,so_fake_ood,real,,test_ood,db56e32a56c06315,crop08
0,so_fake_ood,real,,test_ood,30d40dab7a1e4a39,clean
0,so_fake_ood,real,,test_ood,30d40dab7a1e4a39,jpeg90
0,so_fake_ood,real,,test_ood,30d40dab7a1e4a39,jpeg70
0,so_fake_ood,real,,test_ood,30d40dab7a1e4a39,jpeg50
0,so_fake_ood,real,,test_ood,30d40dab7a1e4a39,jpeg30
0,so_fake_ood,real,,test_ood,30d40dab7a1e4a39,blur05
0,so_fake_ood,real,,test_ood,30d40dab7a1e4a39,blur10
0,so_fake_ood,real,,test_ood,30d40dab7a1e4a39,blur20
0,so_fake_ood,real,,test_ood,30d40dab7a1e4a39,resize05
0,so_fake_ood,real,,test_ood,30d40dab7a1e4a39,resize025
0,so_fake_ood,real,,test_ood,30d40dab7a1e4a39,noise002
0,so_fake_ood,real,,test_ood,30d40dab7a1e4a39,noise005
0,so_fake_ood,real,,test_ood,30d40dab7a1e4a39,noise01
0,so_fake_ood,real,,test_ood,30d40dab7a1e4a39,jitter02
0,so_fake_ood,real,,test_ood,30d40dab7a1e4a39,crop08
0,so_fake_ood,real,,test_ood,ee373eeb8f223543,clean
0,so_fake_ood,real,,test_ood,ee373eeb8f223543,jpeg90
0,so_fake_ood,real,,test_ood,ee373eeb8f223543,jpeg70
0,so_fake_ood,real,,test_ood,ee373eeb8f223543,jpeg50
0,so_fake_ood,real,,test_ood,ee373eeb8f223543,jpeg30
0,so_fake_ood,real,,test_ood,ee373eeb8f223543,blur05
0,so_fake_ood,real,,test_ood,ee373eeb8f223543,blur10
0,so_fake_ood,real,,test_ood,ee373eeb8f223543,blur20
0,so_fake_ood,real,,test_ood,ee373eeb8f223543,resize05
0,so_fake_ood,real,,test_ood,ee373eeb8f223543,resize025
0,so_fake_ood,real,,test_ood,ee373eeb8f223543,noise002
0,so_fake_ood,real,,test_ood,ee373eeb8f223543,noise005
0,so_fake_ood,real,,test_ood,ee373eeb8f223543,noise01
0,so_fake_ood,real,,test_ood,ee373eeb8f223543,jitter02
0,so_fake_ood,real,,test_ood,ee373eeb8f223543,crop08
0,so_fake_ood,real,,test_ood,ec92292c31c1bbbb,clean
0,so_fake_ood,real,,test_ood,ec92292c31c1bbbb,jpeg90
0,so_fake_ood,real,,test_ood,ec92292c31c1bbbb,jpeg70
0,so_fake_ood,real,,test_ood,ec92292c31c1bbbb,jpeg50
0,so_fake_ood,real,,test_ood,ec92292c31c1bbbb,jpeg30
0,so_fake_ood,real,,test_ood,ec92292c31c1bbbb,blur05
0,so_fake_ood,real,,test_ood,ec92292c31c1bbbb,blur10
0,so_fake_ood,real,,test_ood,ec92292c31c1bbbb,blur20
0,so_fake_ood,real,,test_ood,ec92292c31c1bbbb,resize05
0,so_fake_ood,real,,test_ood,ec92292c31c1bbbb,resize025
0,so_fake_ood,real,,test_ood,ec92292c31c1bbbb,noise002
0,so_fake_ood,real,,test_ood,ec92292c31c1bbbb,noise005
0,so_fake_ood,real,,test_ood,ec92292c31c1bbbb,noise01
0,so_fake_ood,real,,test_ood,ec92292c31c1bbbb,jitter02
0,so_fake_ood,real,,test_ood,ec92292c31c1bbbb,crop08
0,so_fake_ood,real,,test_ood,a310c28a9166293a,clean
0,so_fake_ood,real,,test_ood,a310c28a9166293a,jpeg90
0,so_fake_ood,real,,test_ood,a310c28a9166293a,jpeg70
0,so_fake_ood,real,,test_ood,a310c28a9166293a,jpeg50
0,so_fake_ood,real,,test_ood,a310c28a9166293a,jpeg30
0,so_fake_ood,real,,test_ood,a310c28a9166293a,blur05
0,so_fake_ood,real,,test_ood,a310c28a9166293a,blur10
0,so_fake_ood,real,,test_ood,a310c28a9166293a,blur20
0,so_fake_ood,real,,test_ood,a310c28a9166293a,resize05
0,so_fake_ood,real,,test_ood,a310c28a9166293a,resize025
0,so_fake_ood,real,,test_ood,a310c28a9166293a,noise002
0,so_fake_ood,real,,test_ood,a310c28a9166293a,noise005
0,so_fake_ood,real,,test_ood,a310c28a9166293a,noise01
0,so_fake_ood,real,,test_ood,a310c28a9166293a,jitter02
0,so_fake_ood,real,,test_ood,a310c28a9166293a,crop08
0,so_fake_ood,real,,test_ood,5f1f6061cef4f746,clean
0,so_fake_ood,real,,test_ood,5f1f6061cef4f746,jpeg90
0,so_fake_ood,real,,test_ood,5f1f6061cef4f746,jpeg70
0,so_fake_ood,real,,test_ood,5f1f6061cef4f746,jpeg50
0,so_fake_ood,real,,test_ood,5f1f6061cef4f746,jpeg30
0,so_fake_ood,real,,test_ood,5f1f6061cef4f746,blur05
0,so_fake_ood,real,,test_ood,5f1f6061cef4f746,blur10
0,so_fake_ood,real,,test_ood,5f1f6061cef4f746,blur20
0,so_fake_ood,real,,test_ood,5f1f6061cef4f746,resize05
0,so_fake_ood,real,,test_ood,5f1f6061cef4f746,resize025
0,so_fake_ood,real,,test_ood,5f1f6061cef4f746,noise002
0,so_fake_ood,real,,test_ood,5f1f6061cef4f746,noise005
0,so_fake_ood,real,,test_ood,5f1f6061cef4f746,noise01
0,so_fake_ood,real,,test_ood,5f1f6061cef4f746,jitter02
0,so_fake_ood,real,,test_ood,5f1f6061cef4f746,crop08
0,so_fake_ood,real,,test_ood,1b58c59ca728a09e,clean
0,so_fake_ood,real,,test_ood,1b58c59ca728a09e,jpeg90
0,so_fake_ood,real,,test_ood,1b58c59ca728a09e,jpeg70
0,so_fake_ood,real,,test_ood,1b58c59ca728a09e,jpeg50
0,so_fake_ood,real,,test_ood,1b58c59ca728a09e,jpeg30
0,so_fake_ood,real,,test_ood,1b58c59ca728a09e,blur05
0,so_fake_ood,real,,test_ood,1b58c59ca728a09e,blur10
0,so_fake_ood,real,,test_ood,1b58c59ca728a09e,blur20
0,so_fake_ood,real,,test_ood,1b58c59ca728a09e,resize05
0,so_fake_ood,real,,test_ood,1b58c59ca728a09e,resize025
0,so_fake_ood,real,,test_ood,1b58c59ca728a09e,noise002
0,so_fake_ood,real,,test_ood,1b58c59ca728a09e,noise005
0,so_fake_ood,real,,test_ood,1b58c59ca728a09e,noise01
0,so_fake_ood,real,,test_ood,1b58c59ca728a09e,jitter02
0,so_fake_ood,real,,test_ood,1b58c59ca728a09e,crop08
0,so_fake_ood,real,,test_ood,d617e6677b24df6a,clean
0,so_fake_ood,real,,test_ood,d617e6677b24df6a,jpeg90
0,so_fake_ood,real,,test_ood,d617e6677b24df6a,jpeg70
0,so_fake_ood,real,,test_ood,d617e6677b24df6a,jpeg50
0,so_fake_ood,real,,test_ood,d617e6677b24df6a,jpeg30
0,so_fake_ood,real,,test_ood,d617e6677b24df6a,blur05
0,so_fake_ood,real,,test_ood,d617e6677b24df6a,blur10
0,so_fake_ood,real,,test_ood,d617e6677b24df6a,blur20
0,so_fake_ood,real,,test_ood,d617e6677b24df6a,resize05
0,so_fake_ood,real,,test_ood,d617e6677b24df6a,resize025
0,so_fake_ood,real,,test_ood,d617e6677b24df6a,noise002
0,so_fake_ood,real,,test_ood,d617e6677b24df6a,noise005
0,so_fake_ood,real,,test_ood,d617e6677b24df6a,noise01
0,so_fake_ood,real,,test_ood,d617e6677b24df6a,jitter02
0,so_fake_ood,real,,test_ood,d617e6677b24df6a,crop08
0,so_fake_ood,real,,test_ood,671115bcd296d48e,clean
0,so_fake_ood,real,,test_ood,671115bcd296d48e,jpeg90
0,so_fake_ood,real,,test_ood,671115bcd296d48e,jpeg70
0,so_fake_ood,real,,test_ood,671115bcd296d48e,jpeg50
0,so_fake_ood,real,,test_ood,671115bcd296d48e,jpeg30
0,so_fake_ood,real,,test_ood,671115bcd296d48e,blur05
0,so_fake_ood,real,,test_ood,671115bcd296d48e,blur10
0,so_fake_ood,real,,test_ood,671115bcd296d48e,blur20
0,so_fake_ood,real,,test_ood,671115bcd296d48e,resize05
0,so_fake_ood,real,,test_ood,671115bcd296d48e,resize025
0,so_fake_ood,real,,test_ood,671115bcd296d48e,noise002
0,so_fake_ood,real,,test_ood,671115bcd296d48e,noise005
0,so_fake_ood,real,,test_ood,671115bcd296d48e,noise01
0,so_fake_ood,real,,test_ood,671115bcd296d48e,jitter02
0,so_fake_ood,real,,test_ood,671115bcd296d48e,crop08
0,so_fake_ood,real,,test_ood,ce13ad2c75b4a550,clean
0,so_fake_ood,real,,test_ood,ce13ad2c75b4a550,jpeg90
0,so_fake_ood,real,,test_ood,ce13ad2c75b4a550,jpeg70
0,so_fake_ood,real,,test_ood,ce13ad2c75b4a550,jpeg50
0,so_fake_ood,real,,test_ood,ce13ad2c75b4a550,jpeg30
0,so_fake_ood,real,,test_ood,ce13ad2c75b4a550,blur05
0,so_fake_ood,real,,test_ood,ce13ad2c75b4a550,blur10
0,so_fake_ood,real,,test_ood,ce13ad2c75b4a550,blur20
0,so_fake_ood,real,,test_ood,ce13ad2c75b4a550,resize05
0,so_fake_ood,real,,test_ood,ce13ad2c75b4a550,resize025
0,so_fake_ood,real,,test_ood,ce13ad2c75b4a550,noise002
0,so_fake_ood,real,,test_ood,ce13ad2c75b4a550,noise005
0,so_fake_ood,real,,test_ood,ce13ad2c75b4a550,noise01
0,so_fake_ood,real,,test_ood,ce13ad2c75b4a550,jitter02
0,so_fake_ood,real,,test_ood,ce13ad2c75b4a550,crop08
0,so_fake_ood,real,,test_ood,f4e745ba8ebf2ce8,clean
0,so_fake_ood,real,,test_ood,f4e745ba8ebf2ce8,jpeg90
0,so_fake_ood,real,,test_ood,f4e745ba8ebf2ce8,jpeg70
0,so_fake_ood,real,,test_ood,f4e745ba8ebf2ce8,jpeg50
0,so_fake_ood,real,,test_ood,f4e745ba8ebf2ce8,jpeg30
0,so_fake_ood,real,,test_ood,f4e745ba8ebf2ce8,blur05
0,so_fake_ood,real,,test_ood,f4e745ba8ebf2ce8,blur10
0,so_fake_ood,real,,test_ood,f4e745ba8ebf2ce8,blur20
0,so_fake_ood,real,,test_ood,f4e745ba8ebf2ce8,resize05
0,so_fake_ood,real,,test_ood,f4e745ba8ebf2ce8,resize025
0,so_fake_ood,real,,test_ood,f4e745ba8ebf2ce8,noise002
0,so_fake_ood,real,,test_ood,f4e745ba8ebf2ce8,noise005
0,so_fake_ood,real,,test_ood,f4e745ba8ebf2ce8,noise01
0,so_fake_ood,real,,test_ood,f4e745ba8ebf2ce8,jitter02
0,so_fake_ood,real,,test_ood,f4e745ba8ebf2ce8,crop08
0,so_fake_ood,real,,test_ood,c9020ca74dc35036,clean
0,so_fake_ood,real,,test_ood,c9020ca74dc35036,jpeg90
0,so_fake_ood,real,,test_ood,c9020ca74dc35036,jpeg70
0,so_fake_ood,real,,test_ood,c9020ca74dc35036,jpeg50
0,so_fake_ood,real,,test_ood,c9020ca74dc35036,jpeg30
0,so_fake_ood,real,,test_ood,c9020ca74dc35036,blur05
0,so_fake_ood,real,,test_ood,c9020ca74dc35036,blur10
0,so_fake_ood,real,,test_ood,c9020ca74dc35036,blur20
0,so_fake_ood,real,,test_ood,c9020ca74dc35036,resize05
0,so_fake_ood,real,,test_ood,c9020ca74dc35036,resize025
0,so_fake_ood,real,,test_ood,c9020ca74dc35036,noise002
0,so_fake_ood,real,,test_ood,c9020ca74dc35036,noise005
0,so_fake_ood,real,,test_ood,c9020ca74dc35036,noise01
0,so_fake_ood,real,,test_ood,c9020ca74dc35036,jitter02
0,so_fake_ood,real,,test_ood,c9020ca74dc35036,crop08
0,so_fake_ood,real,,test_ood,fb7bc95b3a5ece3f,clean
0,so_fake_ood,real,,test_ood,fb7bc95b3a5ece3f,jpeg90
0,so_fake_ood,real,,test_ood,fb7bc95b3a5ece3f,jpeg70
0,so_fake_ood,real,,test_ood,fb7bc95b3a5ece3f,jpeg50
0,so_fake_ood,real,,test_ood,fb7bc95b3a5ece3f,jpeg30
0,so_fake_ood,real,,test_ood,fb7bc95b3a5ece3f,blur05
0,so_fake_ood,real,,test_ood,fb7bc95b3a5ece3f,blur10
0,so_fake_ood,real,,test_ood,fb7bc95b3a5ece3f,blur20
0,so_fake_ood,real,,test_ood,fb7bc95b3a5ece3f,resize05
0,so_fake_ood,real,,test_ood,fb7bc95b3a5ece3f,resize025
0,so_fake_ood,real,,test_ood,fb7bc95b3a5ece3f,noise002
0,so_fake_ood,real,,test_ood,fb7bc95b3a5ece3f,noise005
0,so_fake_ood,real,,test_ood,fb7bc95b3a5ece3f,noise01
0,so_fake_ood,real,,test_ood,fb7bc95b3a5ece3f,jitter02
0,so_fake_ood,real,,test_ood,fb7bc95b3a5ece3f,crop08
0,so_fake_ood,real,,test_ood,91d38fa89ea4f790,clean
0,so_fake_ood,real,,test_ood,91d38fa89ea4f790,jpeg90
0,so_fake_ood,real,,test_ood,91d38fa89ea4f790,jpeg70
0,so_fake_ood,real,,test_ood,91d38fa89ea4f790,jpeg50
0,so_fake_ood,real,,test_ood,91d38fa89ea4f790,jpeg30
0,so_fake_ood,real,,test_ood,91d38fa89ea4f790,blur05
0,so_fake_ood,real,,test_ood,91d38fa89ea4f790,blur10
0,so_fake_ood,real,,test_ood,91d38fa89ea4f790,blur20
0,so_fake_ood,real,,test_ood,91d38fa89ea4f790,resize05
0,so_fake_ood,real,,test_ood,91d38fa89ea4f790,resize025
0,so_fake_ood,real,,test_ood,91d38fa89ea4f790,noise002
0,so_fake_ood,real,,test_ood,91d38fa89ea4f790,noise005
0,so_fake_ood,real,,test_ood,91d38fa89ea4f790,noise01
0,so_fake_ood,real,,test_ood,91d38fa89ea4f790,jitter02
0,so_fake_ood,real,,test_ood,91d38fa89ea4f790,crop08
0,so_fake_ood,real,,test_ood,e1a58a92b1f9ca2e,clean
0,so_fake_ood,real,,test_ood,e1a58a92b1f9ca2e,jpeg90
0,so_fake_ood,real,,test_ood,e1a58a92b1f9ca2e,jpeg70
0,so_fake_ood,real,,test_ood,e1a58a92b1f9ca2e,jpeg50
0,so_fake_ood,real,,test_ood,e1a58a92b1f9ca2e,jpeg30
0,so_fake_ood,real,,test_ood,e1a58a92b1f9ca2e,blur05
0,so_fake_ood,real,,test_ood,e1a58a92b1f9ca2e,blur10
0,so_fake_ood,real,,test_ood,e1a58a92b1f9ca2e,blur20
0,so_fake_ood,real,,test_ood,e1a58a92b1f9ca2e,resize05
0,so_fake_ood,real,,test_ood,e1a58a92b1f9ca2e,resize025
0,so_fake_ood,real,,test_ood,e1a58a92b1f9ca2e,noise002
0,so_fake_ood,real,,test_ood,e1a58a92b1f9ca2e,noise005
0,so_fake_ood,real,,test_ood,e1a58a92b1f9ca2e,noise01
0,so_fake_ood,real,,test_ood,e1a58a92b1f9ca2e,jitter02
0,so_fake_ood,real,,test_ood,e1a58a92b1f9ca2e,crop08
0,so_fake_ood,real,,test_ood,6a2d8d0099ff4c34,clean
0,so_fake_ood,real,,test_ood,6a2d8d0099ff4c34,jpeg90
0,so_fake_ood,real,,test_ood,6a2d8d0099ff4c34,jpeg70
0,so_fake_ood,real,,test_ood,6a2d8d0099ff4c34,jpeg50
0,so_fake_ood,real,,test_ood,6a2d8d0099ff4c34,jpeg30
0,so_fake_ood,real,,test_ood,6a2d8d0099ff4c34,blur05
0,so_fake_ood,real,,test_ood,6a2d8d0099ff4c34,blur10
0,so_fake_ood,real,,test_ood,6a2d8d0099ff4c34,blur20
0,so_fake_ood,real,,test_ood,6a2d8d0099ff4c34,resize05
0,so_fake_ood,real,,test_ood,6a2d8d0099ff4c34,resize025
0,so_fake_ood,real,,test_ood,6a2d8d0099ff4c34,noise002
0,so_fake_ood,real,,test_ood,6a2d8d0099ff4c34,noise005
0,so_fake_ood,real,,test_ood,6a2d8d0099ff4c34,noise01
0,so_fake_ood,real,,test_ood,6a2d8d0099ff4c34,jitter02
0,so_fake_ood,real,,test_ood,6a2d8d0099ff4c34,crop08
0,so_fake_ood,real,,test_ood,dc21856fcec1aad1,clean
0,so_fake_ood,real,,test_ood,dc21856fcec1aad1,jpeg90
0,so_fake_ood,real,,test_ood,dc21856fcec1aad1,jpeg70
0,so_fake_ood,real,,test_ood,dc21856fcec1aad1,jpeg50
0,so_fake_ood,real,,test_ood,dc21856fcec1aad1,jpeg30
0,so_fake_ood,real,,test_ood,dc21856fcec1aad1,blur05
0,so_fake_ood,real,,test_ood,dc21856fcec1aad1,blur10
0,so_fake_ood,real,,test_ood,dc21856fcec1aad1,blur20
0,so_fake_ood,real,,test_ood,dc21856fcec1aad1,resize05
0,so_fake_ood,real,,test_ood,dc21856fcec1aad1,resize025
0,so_fake_ood,real,,test_ood,dc21856fcec1aad1,noise002
0,so_fake_ood,real,,test_ood,dc21856fcec1aad1,noise005
0,so_fake_ood,real,,test_ood,dc21856fcec1aad1,noise01
0,so_fake_ood,real,,test_ood,dc21856fcec1aad1,jitter02
0,so_fake_ood,real,,test_ood,dc21856fcec1aad1,crop08
0,so_fake_ood,real,,test_ood,8a26436d2ce0991a,clean
0,so_fake_ood,real,,test_ood,8a26436d2ce0991a,jpeg90
0,so_fake_ood,real,,test_ood,8a26436d2ce0991a,jpeg70
0,so_fake_ood,real,,test_ood,8a26436d2ce0991a,jpeg50
0,so_fake_ood,real,,test_ood,8a26436d2ce0991a,jpeg30
0,so_fake_ood,real,,test_ood,8a26436d2ce0991a,blur05
0,so_fake_ood,real,,test_ood,8a26436d2ce0991a,blur10
0,so_fake_ood,real,,test_ood,8a26436d2ce0991a,blur20
0,so_fake_ood,real,,test_ood,8a26436d2ce0991a,resize05
0,so_fake_ood,real,,test_ood,8a26436d2ce0991a,resize025
0,so_fake_ood,real,,test_ood,8a26436d2ce0991a,noise002
0,so_fake_ood,real,,test_ood,8a26436d2ce0991a,noise005
0,so_fake_ood,real,,test_ood,8a26436d2ce0991a,noise01
0,so_fake_ood,real,,test_ood,8a26436d2ce0991a,jitter02
0,so_fake_ood,real,,test_ood,8a26436d2ce0991a,crop08
0,so_fake_ood,real,,test_ood,dc4e535057b44b7a,clean
0,so_fake_ood,real,,test_ood,dc4e535057b44b7a,jpeg90
0,so_fake_ood,real,,test_ood,dc4e535057b44b7a,jpeg70
0,so_fake_ood,real,,test_ood,dc4e535057b44b7a,jpeg50
0,so_fake_ood,real,,test_ood,dc4e535057b44b7a,jpeg30
0,so_fake_ood,real,,test_ood,dc4e535057b44b7a,blur05
0,so_fake_ood,real,,test_ood,dc4e535057b44b7a,blur10
0,so_fake_ood,real,,test_ood,dc4e535057b44b7a,blur20
0,so_fake_ood,real,,test_ood,dc4e535057b44b7a,resize05
0,so_fake_ood,real,,test_ood,dc4e535057b44b7a,resize025
0,so_fake_ood,real,,test_ood,dc4e535057b44b7a,noise002
0,so_fake_ood,real,,test_ood,dc4e535057b44b7a,noise005
0,so_fake_ood,real,,test_ood,dc4e535057b44b7a,noise01
0,so_fake_ood,real,,test_ood,dc4e535057b44b7a,jitter02
0,so_fake_ood,real,,test_ood,dc4e535057b44b7a,crop08
0,so_fake_ood,real,,test_ood,851de0429f2981c2,clean
0,so_fake_ood,real,,test_ood,851de0429f2981c2,jpeg90
0,so_fake_ood,real,,test_ood,851de0429f2981c2,jpeg70
0,so_fake_ood,real,,test_ood,851de0429f2981c2,jpeg50
0,so_fake_ood,real,,test_ood,851de0429f2981c2,jpeg30
0,so_fake_ood,real,,test_ood,851de0429f2981c2,blur05
0,so_fake_ood,real,,test_ood,851de0429f2981c2,blur10
0,so_fake_ood,real,,test_ood,851de0429f2981c2,blur20
0,so_fake_ood,real,,test_ood,851de0429f2981c2,resize05
0,so_fake_ood,real,,test_ood,851de0429f2981c2,resize025
0,so_fake_ood,real,,test_ood,851de0429f2981c2,noise002
0,so_fake_ood,real,,test_ood,851de0429f2981c2,noise005
0,so_fake_ood,real,,test_ood,851de0429f2981c2,noise01
0,so_fake_ood,real,,test_ood,851de0429f2981c2,jitter02
0,so_fake_ood,real,,test_ood,851de0429f2981c2,crop08
0,so_fake_ood,real,,test_ood,80d2ca6006206f82,clean
0,so_fake_ood,real,,test_ood,80d2ca6006206f82,jpeg90
0,so_fake_ood,real,,test_ood,80d2ca6006206f82,jpeg70
0,so_fake_ood,real,,test_ood,80d2ca6006206f82,jpeg50
0,so_fake_ood,real,,test_ood,80d2ca6006206f82,jpeg30
0,so_fake_ood,real,,test_ood,80d2ca6006206f82,blur05
0,so_fake_ood,real,,test_ood,80d2ca6006206f82,blur10
0,so_fake_ood,real,,test_ood,80d2ca6006206f82,blur20
0,so_fake_ood,real,,test_ood,80d2ca6006206f82,resize05
0,so_fake_ood,real,,test_ood,80d2ca6006206f82,resize025
0,so_fake_ood,real,,test_ood,80d2ca6006206f82,noise002
0,so_fake_ood,real,,test_ood,80d2ca6006206f82,noise005
0,so_fake_ood,real,,test_ood,80d2ca6006206f82,noise01
0,so_fake_ood,real,,test_ood,80d2ca6006206f82,jitter02
0,so_fake_ood,real,,test_ood,80d2ca6006206f82,crop08
0,so_fake_ood,real,,test_ood,801390ddfb8e3996,clean
0,so_fake_ood,real,,test_ood,801390ddfb8e3996,jpeg90
0,so_fake_ood,real,,test_ood,801390ddfb8e3996,jpeg70
0,so_fake_ood,real,,test_ood,801390ddfb8e3996,jpeg50
0,so_fake_ood,real,,test_ood,801390ddfb8e3996,jpeg30
0,so_fake_ood,real,,test_ood,801390ddfb8e3996,blur05
0,so_fake_ood,real,,test_ood,801390ddfb8e3996,blur10
0,so_fake_ood,real,,test_ood,801390ddfb8e3996,blur20
0,so_fake_ood,real,,test_ood,801390ddfb8e3996,resize05
0,so_fake_ood,real,,test_ood,801390ddfb8e3996,resize025
0,so_fake_ood,real,,test_ood,801390ddfb8e3996,noise002
0,so_fake_ood,real,,test_ood,801390ddfb8e3996,noise005
0,so_fake_ood,real,,test_ood,801390ddfb8e3996,noise01
0,so_fake_ood,real,,test_ood,801390ddfb8e3996,jitter02
0,so_fake_ood,real,,test_ood,801390ddfb8e3996,crop08
0,so_fake_ood,real,,test_ood,dce87b04d1d6747d,clean
0,so_fake_ood,real,,test_ood,dce87b04d1d6747d,jpeg90
0,so_fake_ood,real,,test_ood,dce87b04d1d6747d,jpeg70
0,so_fake_ood,real,,test_ood,dce87b04d1d6747d,jpeg50
0,so_fake_ood,real,,test_ood,dce87b04d1d6747d,jpeg30
0,so_fake_ood,real,,test_ood,dce87b04d1d6747d,blur05
0,so_fake_ood,real,,test_ood,dce87b04d1d6747d,blur10
0,so_fake_ood,real,,test_ood,dce87b04d1d6747d,blur20
0,so_fake_ood,real,,test_ood,dce87b04d1d6747d,resize05
0,so_fake_ood,real,,test_ood,dce87b04d1d6747d,resize025
0,so_fake_ood,real,,test_ood,dce87b04d1d6747d,noise002
0,so_fake_ood,real,,test_ood,dce87b04d1d6747d,noise005
0,so_fake_ood,real,,test_ood,dce87b04d1d6747d,noise01
0,so_fake_ood,real,,test_ood,dce87b04d1d6747d,jitter02
0,so_fake_ood,real,,test_ood,dce87b04d1d6747d,crop08
0,so_fake_ood,real,,test_ood,ec2ef88081a19b75,clean
0,so_fake_ood,real,,test_ood,ec2ef88081a19b75,jpeg90
0,so_fake_ood,real,,test_ood,ec2ef88081a19b75,jpeg70
0,so_fake_ood,real,,test_ood,ec2ef88081a19b75,jpeg50
0,so_fake_ood,real,,test_ood,ec2ef88081a19b75,jpeg30
0,so_fake_ood,real,,test_ood,ec2ef88081a19b75,blur05
0,so_fake_ood,real,,test_ood,ec2ef88081a19b75,blur10
0,so_fake_ood,real,,test_ood,ec2ef88081a19b75,blur20
0,so_fake_ood,real,,test_ood,ec2ef88081a19b75,resize05
0,so_fake_ood,real,,test_ood,ec2ef88081a19b75,resize025
0,so_fake_ood,real,,test_ood,ec2ef88081a19b75,noise002
0,so_fake_ood,real,,test_ood,ec2ef88081a19b75,noise005
0,so_fake_ood,real,,test_ood,ec2ef88081a19b75,noise01
0,so_fake_ood,real,,test_ood,ec2ef88081a19b75,jitter02
0,so_fake_ood,real,,test_ood,ec2ef88081a19b75,crop08
0,so_fake_ood,real,,test_ood,f2513875624581f2,clean
0,so_fake_ood,real,,test_ood,f2513875624581f2,jpeg90
0,so_fake_ood,real,,test_ood,f2513875624581f2,jpeg70
0,so_fake_ood,real,,test_ood,f2513875624581f2,jpeg50
0,so_fake_ood,real,,test_ood,f2513875624581f2,jpeg30
0,so_fake_ood,real,,test_ood,f2513875624581f2,blur05
0,so_fake_ood,real,,test_ood,f2513875624581f2,blur10
0,so_fake_ood,real,,test_ood,f2513875624581f2,blur20
0,so_fake_ood,real,,test_ood,f2513875624581f2,resize05
0,so_fake_ood,real,,test_ood,f2513875624581f2,resize025
0,so_fake_ood,real,,test_ood,f2513875624581f2,noise002
0,so_fake_ood,real,,test_ood,f2513875624581f2,noise005
0,so_fake_ood,real,,test_ood,f2513875624581f2,noise01
0,so_fake_ood,real,,test_ood,f2513875624581f2,jitter02
0,so_fake_ood,real,,test_ood,f2513875624581f2,crop08
0,so_fake_ood,real,,test_ood,6d45b1679b470f29,clean
0,so_fake_ood,real,,test_ood,6d45b1679b470f29,jpeg90
0,so_fake_ood,real,,test_ood,6d45b1679b470f29,jpeg70
0,so_fake_ood,real,,test_ood,6d45b1679b470f29,jpeg50
0,so_fake_ood,real,,test_ood,6d45b1679b470f29,jpeg30
0,so_fake_ood,real,,test_ood,6d45b1679b470f29,blur05
0,so_fake_ood,real,,test_ood,6d45b1679b470f29,blur10
0,so_fake_ood,real,,test_ood,6d45b1679b470f29,blur20
0,so_fake_ood,real,,test_ood,6d45b1679b470f29,resize05
0,so_fake_ood,real,,test_ood,6d45b1679b470f29,resize025
0,so_fake_ood,real,,test_ood,6d45b1679b470f29,noise002
0,so_fake_ood,real,,test_ood,6d45b1679b470f29,noise005
0,so_fake_ood,real,,test_ood,6d45b1679b470f29,noise01
0,so_fake_ood,real,,test_ood,6d45b1679b470f29,jitter02
0,so_fake_ood,real,,test_ood,6d45b1679b470f29,crop08
0,so_fake_ood,real,,test_ood,1098ee9af9051231,clean
0,so_fake_ood,real,,test_ood,1098ee9af9051231,jpeg90
0,so_fake_ood,real,,test_ood,1098ee9af9051231,jpeg70
0,so_fake_ood,real,,test_ood,1098ee9af9051231,jpeg50
0,so_fake_ood,real,,test_ood,1098ee9af9051231,jpeg30
0,so_fake_ood,real,,test_ood,1098ee9af9051231,blur05
0,so_fake_ood,real,,test_ood,1098ee9af9051231,blur10
0,so_fake_ood,real,,test_ood,1098ee9af9051231,blur20
0,so_fake_ood,real,,test_ood,1098ee9af9051231,resize05
0,so_fake_ood,real,,test_ood,1098ee9af9051231,resize025
0,so_fake_ood,real,,test_ood,1098ee9af9051231,noise002
0,so_fake_ood,real,,test_ood,1098ee9af9051231,noise005
0,so_fake_ood,real,,test_ood,1098ee9af9051231,noise01
0,so_fake_ood,real,,test_ood,1098ee9af9051231,jitter02
0,so_fake_ood,real,,test_ood,1098ee9af9051231,crop08
0,so_fake_ood,real,,test_ood,98e80312588ab2fd,clean
0,so_fake_ood,real,,test_ood,98e80312588ab2fd,jpeg90
0,so_fake_ood,real,,test_ood,98e80312588ab2fd,jpeg70
0,so_fake_ood,real,,test_ood,98e80312588ab2fd,jpeg50
0,so_fake_ood,real,,test_ood,98e80312588ab2fd,jpeg30
0,so_fake_ood,real,,test_ood,98e80312588ab2fd,blur05
0,so_fake_ood,real,,test_ood,98e80312588ab2fd,blur10
0,so_fake_ood,real,,test_ood,98e80312588ab2fd,blur20
0,so_fake_ood,real,,test_ood,98e80312588ab2fd,resize05
0,so_fake_ood,real,,test_ood,98e80312588ab2fd,resize025
0,so_fake_ood,real,,test_ood,98e80312588ab2fd,noise002
0,so_fake_ood,real,,test_ood,98e80312588ab2fd,noise005
0,so_fake_ood,real,,test_ood,98e80312588ab2fd,noise01
0,so_fake_ood,real,,test_ood,98e80312588ab2fd,jitter02
0,so_fake_ood,real,,test_ood,98e80312588ab2fd,crop08
0,so_fake_ood,real,,test_ood,422682bf9c6660e4,clean
0,so_fake_ood,real,,test_ood,422682bf9c6660e4,jpeg90
0,so_fake_ood,real,,test_ood,422682bf9c6660e4,jpeg70
0,so_fake_ood,real,,test_ood,422682bf9c6660e4,jpeg50
0,so_fake_ood,real,,test_ood,422682bf9c6660e4,jpeg30
0,so_fake_ood,real,,test_ood,422682bf9c6660e4,blur05
0,so_fake_ood,real,,test_ood,422682bf9c6660e4,blur10
0,so_fake_ood,real,,test_ood,422682bf9c6660e4,blur20
0,so_fake_ood,real,,test_ood,422682bf9c6660e4,resize05
0,so_fake_ood,real,,test_ood,422682bf9c6660e4,resize025
0,so_fake_ood,real,,test_ood,422682bf9c6660e4,noise002
0,so_fake_ood,real,,test_ood,422682bf9c6660e4,noise005
0,so_fake_ood,real,,test_ood,422682bf9c6660e4,noise01
0,so_fake_ood,real,,test_ood,422682bf9c6660e4,jitter02
0,so_fake_ood,real,,test_ood,422682bf9c6660e4,crop08
0,so_fake_ood,real,,test_ood,9f28812e6241cf8d,clean
0,so_fake_ood,real,,test_ood,9f28812e6241cf8d,jpeg90
0,so_fake_ood,real,,test_ood,9f28812e6241cf8d,jpeg70
0,so_fake_ood,real,,test_ood,9f28812e6241cf8d,jpeg50
0,so_fake_ood,real,,test_ood,9f28812e6241cf8d,jpeg30
0,so_fake_ood,real,,test_ood,9f28812e6241cf8d,blur05
0,so_fake_ood,real,,test_ood,9f28812e6241cf8d,blur10
0,so_fake_ood,real,,test_ood,9f28812e6241cf8d,blur20
0,so_fake_ood,real,,test_ood,9f28812e6241cf8d,resize05
0,so_fake_ood,real,,test_ood,9f28812e6241cf8d,resize025
0,so_fake_ood,real,,test_ood,9f28812e6241cf8d,noise002
0,so_fake_ood,real,,test_ood,9f28812e6241cf8d,noise005
0,so_fake_ood,real,,test_ood,9f28812e6241cf8d,noise01
0,so_fake_ood,real,,test_ood,9f28812e6241cf8d,jitter02
0,so_fake_ood,real,,test_ood,9f28812e6241cf8d,crop08
0,so_fake_ood,real,,test_ood,5900caf87e0aed29,clean
0,so_fake_ood,real,,test_ood,5900caf87e0aed29,jpeg90
0,so_fake_ood,real,,test_ood,5900caf87e0aed29,jpeg70
0,so_fake_ood,real,,test_ood,5900caf87e0aed29,jpeg50
0,so_fake_ood,real,,test_ood,5900caf87e0aed29,jpeg30
0,so_fake_ood,real,,test_ood,5900caf87e0aed29,blur05
0,so_fake_ood,real,,test_ood,5900caf87e0aed29,blur10
0,so_fake_ood,real,,test_ood,5900caf87e0aed29,blur20
0,so_fake_ood,real,,test_ood,5900caf87e0aed29,resize05
0,so_fake_ood,real,,test_ood,5900caf87e0aed29,resize025
0,so_fake_ood,real,,test_ood,5900caf87e0aed29,noise002
0,so_fake_ood,real,,test_ood,5900caf87e0aed29,noise005
0,so_fake_ood,real,,test_ood,5900caf87e0aed29,noise01
0,so_fake_ood,real,,test_ood,5900caf87e0aed29,jitter02
0,so_fake_ood,real,,test_ood,5900caf87e0aed29,crop08
0,so_fake_ood,real,,test_ood,40036825462a0cc3,clean
0,so_fake_ood,real,,test_ood,40036825462a0cc3,jpeg90
0,so_fake_ood,real,,test_ood,40036825462a0cc3,jpeg70
0,so_fake_ood,real,,test_ood,40036825462a0cc3,jpeg50
0,so_fake_ood,real,,test_ood,40036825462a0cc3,jpeg30
0,so_fake_ood,real,,test_ood,40036825462a0cc3,blur05
0,so_fake_ood,real,,test_ood,40036825462a0cc3,blur10
0,so_fake_ood,real,,test_ood,40036825462a0cc3,blur20
0,so_fake_ood,real,,test_ood,40036825462a0cc3,resize05
0,so_fake_ood,real,,test_ood,40036825462a0cc3,resize025
0,so_fake_ood,real,,test_ood,40036825462a0cc3,noise002
0,so_fake_ood,real,,test_ood,40036825462a0cc3,noise005
0,so_fake_ood,real,,test_ood,40036825462a0cc3,noise01
0,so_fake_ood,real,,test_ood,40036825462a0cc3,jitter02
0,so_fake_ood,real,,test_ood,40036825462a0cc3,crop08
0,so_fake_ood,real,,test_ood,ccaf9800c2ff5e65,clean
0,so_fake_ood,real,,test_ood,ccaf9800c2ff5e65,jpeg90
0,so_fake_ood,real,,test_ood,ccaf9800c2ff5e65,jpeg70
0,so_fake_ood,real,,test_ood,ccaf9800c2ff5e65,jpeg50
0,so_fake_ood,real,,test_ood,ccaf9800c2ff5e65,jpeg30
0,so_fake_ood,real,,test_ood,ccaf9800c2ff5e65,blur05
0,so_fake_ood,real,,test_ood,ccaf9800c2ff5e65,blur10
0,so_fake_ood,real,,test_ood,ccaf9800c2ff5e65,blur20
0,so_fake_ood,real,,test_ood,ccaf9800c2ff5e65,resize05
0,so_fake_ood,real,,test_ood,ccaf9800c2ff5e65,resize025
0,so_fake_ood,real,,test_ood,ccaf9800c2ff5e65,noise002
0,so_fake_ood,real,,test_ood,ccaf9800c2ff5e65,noise005
0,so_fake_ood,real,,test_ood,ccaf9800c2ff5e65,noise01
0,so_fake_ood,real,,test_ood,ccaf9800c2ff5e65,jitter02
0,so_fake_ood,real,,test_ood,ccaf9800c2ff5e65,crop08
0,so_fake_ood,real,,test_ood,d2934216f4e49bce,clean
0,so_fake_ood,real,,test_ood,d2934216f4e49bce,jpeg90
0,so_fake_ood,real,,test_ood,d2934216f4e49bce,jpeg70
0,so_fake_ood,real,,test_ood,d2934216f4e49bce,jpeg50
0,so_fake_ood,real,,test_ood,d2934216f4e49bce,jpeg30
0,so_fake_ood,real,,test_ood,d2934216f4e49bce,blur05
0,so_fake_ood,real,,test_ood,d2934216f4e49bce,blur10
0,so_fake_ood,real,,test_ood,d2934216f4e49bce,blur20
0,so_fake_ood,real,,test_ood,d2934216f4e49bce,resize05
0,so_fake_ood,real,,test_ood,d2934216f4e49bce,resize025
0,so_fake_ood,real,,test_ood,d2934216f4e49bce,noise002
0,so_fake_ood,real,,test_ood,d2934216f4e49bce,noise005
0,so_fake_ood,real,,test_ood,d2934216f4e49bce,noise01
0,so_fake_ood,real,,test_ood,d2934216f4e49bce,jitter02
0,so_fake_ood,real,,test_ood,d2934216f4e49bce,crop08
0,so_fake_ood,real,,test_ood,94c87b50d939da69,clean
0,so_fake_ood,real,,test_ood,94c87b50d939da69,jpeg90
0,so_fake_ood,real,,test_ood,94c87b50d939da69,jpeg70
0,so_fake_ood,real,,test_ood,94c87b50d939da69,jpeg50
0,so_fake_ood,real,,test_ood,94c87b50d939da69,jpeg30
0,so_fake_ood,real,,test_ood,94c87b50d939da69,blur05
0,so_fake_ood,real,,test_ood,94c87b50d939da69,blur10
0,so_fake_ood,real,,test_ood,94c87b50d939da69,blur20
0,so_fake_ood,real,,test_ood,94c87b50d939da69,resize05
0,so_fake_ood,real,,test_ood,94c87b50d939da69,resize025
0,so_fake_ood,real,,test_ood,94c87b50d939da69,noise002
0,so_fake_ood,real,,test_ood,94c87b50d939da69,noise005
0,so_fake_ood,real,,test_ood,94c87b50d939da69,noise01
0,so_fake_ood,real,,test_ood,94c87b50d939da69,jitter02
0,so_fake_ood,real,,test_ood,94c87b50d939da69,crop08
0,so_fake_ood,real,,test_ood,e6c24c106ddf7d44,clean
0,so_fake_ood,real,,test_ood,e6c24c106ddf7d44,jpeg90
0,so_fake_ood,real,,test_ood,e6c24c106ddf7d44,jpeg70
0,so_fake_ood,real,,test_ood,e6c24c106ddf7d44,jpeg50
0,so_fake_ood,real,,test_ood,e6c24c106ddf7d44,jpeg30
0,so_fake_ood,real,,test_ood,e6c24c106ddf7d44,blur05
0,so_fake_ood,real,,test_ood,e6c24c106ddf7d44,blur10
0,so_fake_ood,real,,test_ood,e6c24c106ddf7d44,blur20
0,so_fake_ood,real,,test_ood,e6c24c106ddf7d44,resize05
0,so_fake_ood,real,,test_ood,e6c24c106ddf7d44,resize025
0,so_fake_ood,real,,test_ood,e6c24c106ddf7d44,noise002
0,so_fake_ood,real,,test_ood,e6c24c106ddf7d44,noise005
0,so_fake_ood,real,,test_ood,e6c24c106ddf7d44,noise01
0,so_fake_ood,real,,test_ood,e6c24c106ddf7d44,jitter02
0,so_fake_ood,real,,test_ood,e6c24c106ddf7d44,crop08
0,so_fake_ood,real,,test_ood,3645c08421f0d4bf,clean
0,so_fake_ood,real,,test_ood,3645c08421f0d4bf,jpeg90
0,so_fake_ood,real,,test_ood,3645c08421f0d4bf,jpeg70
0,so_fake_ood,real,,test_ood,3645c08421f0d4bf,jpeg50
0,so_fake_ood,real,,test_ood,3645c08421f0d4bf,jpeg30
0,so_fake_ood,real,,test_ood,3645c08421f0d4bf,blur05
0,so_fake_ood,real,,test_ood,3645c08421f0d4bf,blur10
0,so_fake_ood,real,,test_ood,3645c08421f0d4bf,blur20
0,so_fake_ood,real,,test_ood,3645c08421f0d4bf,resize05
0,so_fake_ood,real,,test_ood,3645c08421f0d4bf,resize025
0,so_fake_ood,real,,test_ood,3645c08421f0d4bf,noise002
0,so_fake_ood,real,,test_ood,3645c08421f0d4bf,noise005
0,so_fake_ood,real,,test_ood,3645c08421f0d4bf,noise01
0,so_fake_ood,real,,test_ood,3645c08421f0d4bf,jitter02
0,so_fake_ood,real,,test_ood,3645c08421f0d4bf,crop08
0,so_fake_ood,real,,test_ood,806c84aff88b7475,clean
0,so_fake_ood,real,,test_ood,806c84aff88b7475,jpeg90
0,so_fake_ood,real,,test_ood,806c84aff88b7475,jpeg70
0,so_fake_ood,real,,test_ood,806c84aff88b7475,jpeg50
0,so_fake_ood,real,,test_ood,806c84aff88b7475,jpeg30
0,so_fake_ood,real,,test_ood,806c84aff88b7475,blur05
0,so_fake_ood,real,,test_ood,806c84aff88b7475,blur10
0,so_fake_ood,real,,test_ood,806c84aff88b7475,blur20
0,so_fake_ood,real,,test_ood,806c84aff88b7475,resize05
0,so_fake_ood,real,,test_ood,806c84aff88b7475,resize025
0,so_fake_ood,real,,test_ood,806c84aff88b7475,noise002
0,so_fake_ood,real,,test_ood,806c84aff88b7475,noise005
0,so_fake_ood,real,,test_ood,806c84aff88b7475,noise01
0,so_fake_ood,real,,test_ood,806c84aff88b7475,jitter02
0,so_fake_ood,real,,test_ood,806c84aff88b7475,crop08
0,so_fake_ood,real,,test_ood,e7a6176066f34e9e,clean
0,so_fake_ood,real,,test_ood,e7a6176066f34e9e,jpeg90
0,so_fake_ood,real,,test_ood,e7a6176066f34e9e,jpeg70
0,so_fake_ood,real,,test_ood,e7a6176066f34e9e,jpeg50
0,so_fake_ood,real,,test_ood,e7a6176066f34e9e,jpeg30
0,so_fake_ood,real,,test_ood,e7a6176066f34e9e,blur05
0,so_fake_ood,real,,test_ood,e7a6176066f34e9e,blur10
0,so_fake_ood,real,,test_ood,e7a6176066f34e9e,blur20
0,so_fake_ood,real,,test_ood,e7a6176066f34e9e,resize05
0,so_fake_ood,real,,test_ood,e7a6176066f34e9e,resize025
0,so_fake_ood,real,,test_ood,e7a6176066f34e9e,noise002
0,so_fake_ood,real,,test_ood,e7a6176066f34e9e,noise005
0,so_fake_ood,real,,test_ood,e7a6176066f34e9e,noise01
0,so_fake_ood,real,,test_ood,e7a6176066f34e9e,jitter02
0,so_fake_ood,real,,test_ood,e7a6176066f34e9e,crop08
0,so_fake_ood,real,,test_ood,b2f17a34e250d73b,clean
0,so_fake_ood,real,,test_ood,b2f17a34e250d73b,jpeg90
0,so_fake_ood,real,,test_ood,b2f17a34e250d73b,jpeg70
0,so_fake_ood,real,,test_ood,b2f17a34e250d73b,jpeg50
0,so_fake_ood,real,,test_ood,b2f17a34e250d73b,jpeg30
0,so_fake_ood,real,,test_ood,b2f17a34e250d73b,blur05
0,so_fake_ood,real,,test_ood,b2f17a34e250d73b,blur10
0,so_fake_ood,real,,test_ood,b2f17a34e250d73b,blur20
0,so_fake_ood,real,,test_ood,b2f17a34e250d73b,resize05
0,so_fake_ood,real,,test_ood,b2f17a34e250d73b,resize025
0,so_fake_ood,real,,test_ood,b2f17a34e250d73b,noise002
0,so_fake_ood,real,,test_ood,b2f17a34e250d73b,noise005
0,so_fake_ood,real,,test_ood,b2f17a34e250d73b,noise01
0,so_fake_ood,real,,test_ood,b2f17a34e250d73b,jitter02
0,so_fake_ood,real,,test_ood,b2f17a34e250d73b,crop08
0,so_fake_ood,real,,test_ood,30e1538e849b5439,clean
0,so_fake_ood,real,,test_ood,30e1538e849b5439,jpeg90
0,so_fake_ood,real,,test_ood,30e1538e849b5439,jpeg70
0,so_fake_ood,real,,test_ood,30e1538e849b5439,jpeg50
0,so_fake_ood,real,,test_ood,30e1538e849b5439,jpeg30
0,so_fake_ood,real,,test_ood,30e1538e849b5439,blur05
0,so_fake_ood,real,,test_ood,30e1538e849b5439,blur10
0,so_fake_ood,real,,test_ood,30e1538e849b5439,blur20
0,so_fake_ood,real,,test_ood,30e1538e849b5439,resize05
0,so_fake_ood,real,,test_ood,30e1538e849b5439,resize025
0,so_fake_ood,real,,test_ood,30e1538e849b5439,noise002
0,so_fake_ood,real,,test_ood,30e1538e849b5439,noise005
0,so_fake_ood,real,,test_ood,30e1538e849b5439,noise01
0,so_fake_ood,real,,test_ood,30e1538e849b5439,jitter02
0,so_fake_ood,real,,test_ood,30e1538e849b5439,crop08
0,so_fake_ood,real,,test_ood,2fe51b3770e64fda,clean
0,so_fake_ood,real,,test_ood,2fe51b3770e64fda,jpeg90
0,so_fake_ood,real,,test_ood,2fe51b3770e64fda,jpeg70
0,so_fake_ood,real,,test_ood,2fe51b3770e64fda,jpeg50
0,so_fake_ood,real,,test_ood,2fe51b3770e64fda,jpeg30
0,so_fake_ood,real,,test_ood,2fe51b3770e64fda,blur05
0,so_fake_ood,real,,test_ood,2fe51b3770e64fda,blur10
0,so_fake_ood,real,,test_ood,2fe51b3770e64fda,blur20
0,so_fake_ood,real,,test_ood,2fe51b3770e64fda,resize05
0,so_fake_ood,real,,test_ood,2fe51b3770e64fda,resize025
0,so_fake_ood,real,,test_ood,2fe51b3770e64fda,noise002
0,so_fake_ood,real,,test_ood,2fe51b3770e64fda,noise005
0,so_fake_ood,real,,test_ood,2fe51b3770e64fda,noise01
0,so_fake_ood,real,,test_ood,2fe51b3770e64fda,jitter02
0,so_fake_ood,real,,test_ood,2fe51b3770e64fda,crop08
0,so_fake_ood,real,,test_ood,818e6abe5f38a2a8,clean
0,so_fake_ood,real,,test_ood,818e6abe5f38a2a8,jpeg90
0,so_fake_ood,real,,test_ood,818e6abe5f38a2a8,jpeg70
0,so_fake_ood,real,,test_ood,818e6abe5f38a2a8,jpeg50
0,so_fake_ood,real,,test_ood,818e6abe5f38a2a8,jpeg30
0,so_fake_ood,real,,test_ood,818e6abe5f38a2a8,blur05
0,so_fake_ood,real,,test_ood,818e6abe5f38a2a8,blur10
0,so_fake_ood,real,,test_ood,818e6abe5f38a2a8,blur20
0,so_fake_ood,real,,test_ood,818e6abe5f38a2a8,resize05
0,so_fake_ood,real,,test_ood,818e6abe5f38a2a8,resize025
0,so_fake_ood,real,,test_ood,818e6abe5f38a2a8,noise002
0,so_fake_ood,real,,test_ood,818e6abe5f38a2a8,noise005
0,so_fake_ood,real,,test_ood,818e6abe5f38a2a8,noise01
0,so_fake_ood,real,,test_ood,818e6abe5f38a2a8,jitter02
0,so_fake_ood,real,,test_ood,818e6abe5f38a2a8,crop08
0,so_fake_ood,real,,test_ood,4accaaf76dd80528,clean
0,so_fake_ood,real,,test_ood,4accaaf76dd80528,jpeg90
0,so_fake_ood,real,,test_ood,4accaaf76dd80528,jpeg70
0,so_fake_ood,real,,test_ood,4accaaf76dd80528,jpeg50
0,so_fake_ood,real,,test_ood,4accaaf76dd80528,jpeg30
0,so_fake_ood,real,,test_ood,4accaaf76dd80528,blur05
0,so_fake_ood,real,,test_ood,4accaaf76dd80528,blur10
0,so_fake_ood,real,,test_ood,4accaaf76dd80528,blur20
0,so_fake_ood,real,,test_ood,4accaaf76dd80528,resize05
0,so_fake_ood,real,,test_ood,4accaaf76dd80528,resize025
0,so_fake_ood,real,,test_ood,4accaaf76dd80528,noise002
0,so_fake_ood,real,,test_ood,4accaaf76dd80528,noise005
0,so_fake_ood,real,,test_ood,4accaaf76dd80528,noise01
0,so_fake_ood,real,,test_ood,4accaaf76dd80528,jitter02
0,so_fake_ood,real,,test_ood,4accaaf76dd80528,crop08
0,so_fake_ood,real,,test_ood,001deb9f23430762,clean
0,so_fake_ood,real,,test_ood,001deb9f23430762,jpeg90
0,so_fake_ood,real,,test_ood,001deb9f23430762,jpeg70
0,so_fake_ood,real,,test_ood,001deb9f23430762,jpeg50
0,so_fake_ood,real,,test_ood,001deb9f23430762,jpeg30
0,so_fake_ood,real,,test_ood,001deb9f23430762,blur05
0,so_fake_ood,real,,test_ood,001deb9f23430762,blur10
0,so_fake_ood,real,,test_ood,001deb9f23430762,blur20
0,so_fake_ood,real,,test_ood,001deb9f23430762,resize05
0,so_fake_ood,real,,test_ood,001deb9f23430762,resize025
0,so_fake_ood,real,,test_ood,001deb9f23430762,noise002
0,so_fake_ood,real,,test_ood,001deb9f23430762,noise005
0,so_fake_ood,real,,test_ood,001deb9f23430762,noise01
0,so_fake_ood,real,,test_ood,001deb9f23430762,jitter02
0,so_fake_ood,real,,test_ood,001deb9f23430762,crop08
0,so_fake_ood,real,,test_ood,757bd780a73842d8,clean
0,so_fake_ood,real,,test_ood,757bd780a73842d8,jpeg90
0,so_fake_ood,real,,test_ood,757bd780a73842d8,jpeg70
0,so_fake_ood,real,,test_ood,757bd780a73842d8,jpeg50
0,so_fake_ood,real,,test_ood,757bd780a73842d8,jpeg30
0,so_fake_ood,real,,test_ood,757bd780a73842d8,blur05
0,so_fake_ood,real,,test_ood,757bd780a73842d8,blur10
0,so_fake_ood,real,,test_ood,757bd780a73842d8,blur20
0,so_fake_ood,real,,test_ood,757bd780a73842d8,resize05
0,so_fake_ood,real,,test_ood,757bd780a73842d8,resize025
0,so_fake_ood,real,,test_ood,757bd780a73842d8,noise002
0,so_fake_ood,real,,test_ood,757bd780a73842d8,noise005
0,so_fake_ood,real,,test_ood,757bd780a73842d8,noise01
0,so_fake_ood,real,,test_ood,757bd780a73842d8,jitter02
0,so_fake_ood,real,,test_ood,757bd780a73842d8,crop08
0,so_fake_ood,real,,test_ood,aef54a90ad6d9c0c,clean
0,so_fake_ood,real,,test_ood,aef54a90ad6d9c0c,jpeg90
0,so_fake_ood,real,,test_ood,aef54a90ad6d9c0c,jpeg70
0,so_fake_ood,real,,test_ood,aef54a90ad6d9c0c,jpeg50
0,so_fake_ood,real,,test_ood,aef54a90ad6d9c0c,jpeg30
0,so_fake_ood,real,,test_ood,aef54a90ad6d9c0c,blur05
0,so_fake_ood,real,,test_ood,aef54a90ad6d9c0c,blur10
0,so_fake_ood,real,,test_ood,aef54a90ad6d9c0c,blur20
0,so_fake_ood,real,,test_ood,aef54a90ad6d9c0c,resize05
0,so_fake_ood,real,,test_ood,aef54a90ad6d9c0c,resize025
0,so_fake_ood,real,,test_ood,aef54a90ad6d9c0c,noise002
0,so_fake_ood,real,,test_ood,aef54a90ad6d9c0c,noise005
0,so_fake_ood,real,,test_ood,aef54a90ad6d9c0c,noise01
0,so_fake_ood,real,,test_ood,aef54a90ad6d9c0c,jitter02
0,so_fake_ood,real,,test_ood,aef54a90ad6d9c0c,crop08
0,so_fake_ood,real,,test_ood,0112813f8ac63bcb,clean
0,so_fake_ood,real,,test_ood,0112813f8ac63bcb,jpeg90
0,so_fake_ood,real,,test_ood,0112813f8ac63bcb,jpeg70
0,so_fake_ood,real,,test_ood,0112813f8ac63bcb,jpeg50
0,so_fake_ood,real,,test_ood,0112813f8ac63bcb,jpeg30
0,so_fake_ood,real,,test_ood,0112813f8ac63bcb,blur05
0,so_fake_ood,real,,test_ood,0112813f8ac63bcb,blur10
0,so_fake_ood,real,,test_ood,0112813f8ac63bcb,blur20
0,so_fake_ood,real,,test_ood,0112813f8ac63bcb,resize05
0,so_fake_ood,real,,test_ood,0112813f8ac63bcb,resize025
0,so_fake_ood,real,,test_ood,0112813f8ac63bcb,noise002
0,so_fake_ood,real,,test_ood,0112813f8ac63bcb,noise005
0,so_fake_ood,real,,test_ood,0112813f8ac63bcb,noise01
0,so_fake_ood,real,,test_ood,0112813f8ac63bcb,jitter02
0,so_fake_ood,real,,test_ood,0112813f8ac63bcb,crop08
0,so_fake_ood,real,,test_ood,8bda0439ceb3ff89,clean
0,so_fake_ood,real,,test_ood,8bda0439ceb3ff89,jpeg90
0,so_fake_ood,real,,test_ood,8bda0439ceb3ff89,jpeg70
0,so_fake_ood,real,,test_ood,8bda0439ceb3ff89,jpeg50
0,so_fake_ood,real,,test_ood,8bda0439ceb3ff89,jpeg30
0,so_fake_ood,real,,test_ood,8bda0439ceb3ff89,blur05
0,so_fake_ood,real,,test_ood,8bda0439ceb3ff89,blur10
0,so_fake_ood,real,,test_ood,8bda0439ceb3ff89,blur20
0,so_fake_ood,real,,test_ood,8bda0439ceb3ff89,resize05
0,so_fake_ood,real,,test_ood,8bda0439ceb3ff89,resize025
0,so_fake_ood,real,,test_ood,8bda0439ceb3ff89,noise002
0,so_fake_ood,real,,test_ood,8bda0439ceb3ff89,noise005
0,so_fake_ood,real,,test_ood,8bda0439ceb3ff89,noise01
0,so_fake_ood,real,,test_ood,8bda0439ceb3ff89,jitter02
0,so_fake_ood,real,,test_ood,8bda0439ceb3ff89,crop08
0,so_fake_ood,real,,test_ood,12d2ab46ff90317f,clean
0,so_fake_ood,real,,test_ood,12d2ab46ff90317f,jpeg90
0,so_fake_ood,real,,test_ood,12d2ab46ff90317f,jpeg70
0,so_fake_ood,real,,test_ood,12d2ab46ff90317f,jpeg50
0,so_fake_ood,real,,test_ood,12d2ab46ff90317f,jpeg30
0,so_fake_ood,real,,test_ood,12d2ab46ff90317f,blur05
0,so_fake_ood,real,,test_ood,12d2ab46ff90317f,blur10
0,so_fake_ood,real,,test_ood,12d2ab46ff90317f,blur20
0,so_fake_ood,real,,test_ood,12d2ab46ff90317f,resize05
0,so_fake_ood,real,,test_ood,12d2ab46ff90317f,resize025
0,so_fake_ood,real,,test_ood,12d2ab46ff90317f,noise002
0,so_fake_ood,real,,test_ood,12d2ab46ff90317f,noise005
0,so_fake_ood,real,,test_ood,12d2ab46ff90317f,noise01
0,so_fake_ood,real,,test_ood,12d2ab46ff90317f,jitter02
0,so_fake_ood,real,,test_ood,12d2ab46ff90317f,crop08
0,so_fake_ood,real,,test_ood,5651fc540a339e18,clean
0,so_fake_ood,real,,test_ood,5651fc540a339e18,jpeg90
0,so_fake_ood,real,,test_ood,5651fc540a339e18,jpeg70
0,so_fake_ood,real,,test_ood,5651fc540a339e18,jpeg50
0,so_fake_ood,real,,test_ood,5651fc540a339e18,jpeg30
0,so_fake_ood,real,,test_ood,5651fc540a339e18,blur05
0,so_fake_ood,real,,test_ood,5651fc540a339e18,blur10
0,so_fake_ood,real,,test_ood,5651fc540a339e18,blur20
0,so_fake_ood,real,,test_ood,5651fc540a339e18,resize05
0,so_fake_ood,real,,test_ood,5651fc540a339e18,resize025
0,so_fake_ood,real,,test_ood,5651fc540a339e18,noise002
0,so_fake_ood,real,,test_ood,5651fc540a339e18,noise005
0,so_fake_ood,real,,test_ood,5651fc540a339e18,noise01
0,so_fake_ood,real,,test_ood,5651fc540a339e18,jitter02
0,so_fake_ood,real,,test_ood,5651fc540a339e18,crop08
0,so_fake_ood,real,,test_ood,4bbde5d50ddc2579,clean
0,so_fake_ood,real,,test_ood,4bbde5d50ddc2579,jpeg90
0,so_fake_ood,real,,test_ood,4bbde5d50ddc2579,jpeg70
0,so_fake_ood,real,,test_ood,4bbde5d50ddc2579,jpeg50
0,so_fake_ood,real,,test_ood,4bbde5d50ddc2579,jpeg30
0,so_fake_ood,real,,test_ood,4bbde5d50ddc2579,blur05
0,so_fake_ood,real,,test_ood,4bbde5d50ddc2579,blur10
0,so_fake_ood,real,,test_ood,4bbde5d50ddc2579,blur20
0,so_fake_ood,real,,test_ood,4bbde5d50ddc2579,resize05
0,so_fake_ood,real,,test_ood,4bbde5d50ddc2579,resize025
0,so_fake_ood,real,,test_ood,4bbde5d50ddc2579,noise002
0,so_fake_ood,real,,test_ood,4bbde5d50ddc2579,noise005
0,so_fake_ood,real,,test_ood,4bbde5d50ddc2579,noise01
0,so_fake_ood,real,,test_ood,4bbde5d50ddc2579,jitter02
0,so_fake_ood,real,,test_ood,4bbde5d50ddc2579,crop08
0,so_fake_ood,real,,test_ood,1f5164f10ef22dd5,clean
0,so_fake_ood,real,,test_ood,1f5164f10ef22dd5,jpeg90
0,so_fake_ood,real,,test_ood,1f5164f10ef22dd5,jpeg70
0,so_fake_ood,real,,test_ood,1f5164f10ef22dd5,jpeg50
0,so_fake_ood,real,,test_ood,1f5164f10ef22dd5,jpeg30
0,so_fake_ood,real,,test_ood,1f5164f10ef22dd5,blur05
0,so_fake_ood,real,,test_ood,1f5164f10ef22dd5,blur10
0,so_fake_ood,real,,test_ood,1f5164f10ef22dd5,blur20
0,so_fake_ood,real,,test_ood,1f5164f10ef22dd5,resize05
0,so_fake_ood,real,,test_ood,1f5164f10ef22dd5,resize025
0,so_fake_ood,real,,test_ood,1f5164f10ef22dd5,noise002
0,so_fake_ood,real,,test_ood,1f5164f10ef22dd5,noise005
0,so_fake_ood,real,,test_ood,1f5164f10ef22dd5,noise01
0,so_fake_ood,real,,test_ood,1f5164f10ef22dd5,jitter02
0,so_fake_ood,real,,test_ood,1f5164f10ef22dd5,crop08
0,so_fake_ood,real,,test_ood,021f51aac99cdb33,clean
0,so_fake_ood,real,,test_ood,021f51aac99cdb33,jpeg90
0,so_fake_ood,real,,test_ood,021f51aac99cdb33,jpeg70
0,so_fake_ood,real,,test_ood,021f51aac99cdb33,jpeg50
0,so_fake_ood,real,,test_ood,021f51aac99cdb33,jpeg30
0,so_fake_ood,real,,test_ood,021f51aac99cdb33,blur05
0,so_fake_ood,real,,test_ood,021f51aac99cdb33,blur10
0,so_fake_ood,real,,test_ood,021f51aac99cdb33,blur20
0,so_fake_ood,real,,test_ood,021f51aac99cdb33,resize05
0,so_fake_ood,real,,test_ood,021f51aac99cdb33,resize025
0,so_fake_ood,real,,test_ood,021f51aac99cdb33,noise002
0,so_fake_ood,real,,test_ood,021f51aac99cdb33,noise005
0,so_fake_ood,real,,test_ood,021f51aac99cdb33,noise01
0,so_fake_ood,real,,test_ood,021f51aac99cdb33,jitter02
0,so_fake_ood,real,,test_ood,021f51aac99cdb33,crop08
0,so_fake_ood,real,,test_ood,2c16ece520b155ac,clean
0,so_fake_ood,real,,test_ood,2c16ece520b155ac,jpeg90
0,so_fake_ood,real,,test_ood,2c16ece520b155ac,jpeg70
0,so_fake_ood,real,,test_ood,2c16ece520b155ac,jpeg50
0,so_fake_ood,real,,test_ood,2c16ece520b155ac,jpeg30
0,so_fake_ood,real,,test_ood,2c16ece520b155ac,blur05
0,so_fake_ood,real,,test_ood,2c16ece520b155ac,blur10
0,so_fake_ood,real,,test_ood,2c16ece520b155ac,blur20
0,so_fake_ood,real,,test_ood,2c16ece520b155ac,resize05
0,so_fake_ood,real,,test_ood,2c16ece520b155ac,resize025
0,so_fake_ood,real,,test_ood,2c16ece520b155ac,noise002
0,so_fake_ood,real,,test_ood,2c16ece520b155ac,noise005
0,so_fake_ood,real,,test_ood,2c16ece520b155ac,noise01
0,so_fake_ood,real,,test_ood,2c16ece520b155ac,jitter02
0,so_fake_ood,real,,test_ood,2c16ece520b155ac,crop08
0,so_fake_ood,real,,test_ood,4af08472f36473fd,clean
0,so_fake_ood,real,,test_ood,4af08472f36473fd,jpeg90
0,so_fake_ood,real,,test_ood,4af08472f36473fd,jpeg70
0,so_fake_ood,real,,test_ood,4af08472f36473fd,jpeg50
0,so_fake_ood,real,,test_ood,4af08472f36473fd,jpeg30
0,so_fake_ood,real,,test_ood,4af08472f36473fd,blur05
0,so_fake_ood,real,,test_ood,4af08472f36473fd,blur10
0,so_fake_ood,real,,test_ood,4af08472f36473fd,blur20
0,so_fake_ood,real,,test_ood,4af08472f36473fd,resize05
0,so_fake_ood,real,,test_ood,4af08472f36473fd,resize025
0,so_fake_ood,real,,test_ood,4af08472f36473fd,noise002
0,so_fake_ood,real,,test_ood,4af08472f36473fd,noise005
0,so_fake_ood,real,,test_ood,4af08472f36473fd,noise01
0,so_fake_ood,real,,test_ood,4af08472f36473fd,jitter02
0,so_fake_ood,real,,test_ood,4af08472f36473fd,crop08
0,so_fake_ood,real,,test_ood,1e29344c05b76a5c,clean
0,so_fake_ood,real,,test_ood,1e29344c05b76a5c,jpeg90
0,so_fake_ood,real,,test_ood,1e29344c05b76a5c,jpeg70
0,so_fake_ood,real,,test_ood,1e29344c05b76a5c,jpeg50
0,so_fake_ood,real,,test_ood,1e29344c05b76a5c,jpeg30
0,so_fake_ood,real,,test_ood,1e29344c05b76a5c,blur05
0,so_fake_ood,real,,test_ood,1e29344c05b76a5c,blur10
0,so_fake_ood,real,,test_ood,1e29344c05b76a5c,blur20
0,so_fake_ood,real,,test_ood,1e29344c05b76a5c,resize05
0,so_fake_ood,real,,test_ood,1e29344c05b76a5c,resize025
0,so_fake_ood,real,,test_ood,1e29344c05b76a5c,noise002
0,so_fake_ood,real,,test_ood,1e29344c05b76a5c,noise005
0,so_fake_ood,real,,test_ood,1e29344c05b76a5c,noise01
0,so_fake_ood,real,,test_ood,1e29344c05b76a5c,jitter02
0,so_fake_ood,real,,test_ood,1e29344c05b76a5c,crop08
0,so_fake_ood,real,,test_ood,ffc8738ed951f5c3,clean
0,so_fake_ood,real,,test_ood,ffc8738ed951f5c3,jpeg90
0,so_fake_ood,real,,test_ood,ffc8738ed951f5c3,jpeg70
0,so_fake_ood,real,,test_ood,ffc8738ed951f5c3,jpeg50
0,so_fake_ood,real,,test_ood,ffc8738ed951f5c3,jpeg30
0,so_fake_ood,real,,test_ood,ffc8738ed951f5c3,blur05
0,so_fake_ood,real,,test_ood,ffc8738ed951f5c3,blur10
0,so_fake_ood,real,,test_ood,ffc8738ed951f5c3,blur20
0,so_fake_ood,real,,test_ood,ffc8738ed951f5c3,resize05
0,so_fake_ood,real,,test_ood,ffc8738ed951f5c3,resize025
0,so_fake_ood,real,,test_ood,ffc8738ed951f5c3,noise002
0,so_fake_ood,real,,test_ood,ffc8738ed951f5c3,noise005
0,so_fake_ood,real,,test_ood,ffc8738ed951f5c3,noise01
0,so_fake_ood,real,,test_ood,ffc8738ed951f5c3,jitter02
0,so_fake_ood,real,,test_ood,ffc8738ed951f5c3,crop08
0,so_fake_ood,real,,test_ood,2be78869a383b0e6,clean
0,so_fake_ood,real,,test_ood,2be78869a383b0e6,jpeg90
0,so_fake_ood,real,,test_ood,2be78869a383b0e6,jpeg70
0,so_fake_ood,real,,test_ood,2be78869a383b0e6,jpeg50
0,so_fake_ood,real,,test_ood,2be78869a383b0e6,jpeg30
0,so_fake_ood,real,,test_ood,2be78869a383b0e6,blur05
0,so_fake_ood,real,,test_ood,2be78869a383b0e6,blur10
0,so_fake_ood,real,,test_ood,2be78869a383b0e6,blur20
0,so_fake_ood,real,,test_ood,2be78869a383b0e6,resize05
0,so_fake_ood,real,,test_ood,2be78869a383b0e6,resize025
0,so_fake_ood,real,,test_ood,2be78869a383b0e6,noise002
0,so_fake_ood,real,,test_ood,2be78869a383b0e6,noise005
0,so_fake_ood,real,,test_ood,2be78869a383b0e6,noise01
0,so_fake_ood,real,,test_ood,2be78869a383b0e6,jitter02
0,so_fake_ood,real,,test_ood,2be78869a383b0e6,crop08
0,so_fake_ood,real,,test_ood,60c1e2d16867c5c4,clean
0,so_fake_ood,real,,test_ood,60c1e2d16867c5c4,jpeg90
0,so_fake_ood,real,,test_ood,60c1e2d16867c5c4,jpeg70
0,so_fake_ood,real,,test_ood,60c1e2d16867c5c4,jpeg50
0,so_fake_ood,real,,test_ood,60c1e2d16867c5c4,jpeg30
0,so_fake_ood,real,,test_ood,60c1e2d16867c5c4,blur05
0,so_fake_ood,real,,test_ood,60c1e2d16867c5c4,blur10
0,so_fake_ood,real,,test_ood,60c1e2d16867c5c4,blur20
0,so_fake_ood,real,,test_ood,60c1e2d16867c5c4,resize05
0,so_fake_ood,real,,test_ood,60c1e2d16867c5c4,resize025
0,so_fake_ood,real,,test_ood,60c1e2d16867c5c4,noise002
0,so_fake_ood,real,,test_ood,60c1e2d16867c5c4,noise005
0,so_fake_ood,real,,test_ood,60c1e2d16867c5c4,noise01
0,so_fake_ood,real,,test_ood,60c1e2d16867c5c4,jitter02
0,so_fake_ood,real,,test_ood,60c1e2d16867c5c4,crop08
0,so_fake_ood,real,,test_ood,845e7ea22fcc3f58,clean
0,so_fake_ood,real,,test_ood,845e7ea22fcc3f58,jpeg90
0,so_fake_ood,real,,test_ood,845e7ea22fcc3f58,jpeg70
0,so_fake_ood,real,,test_ood,845e7ea22fcc3f58,jpeg50
0,so_fake_ood,real,,test_ood,845e7ea22fcc3f58,jpeg30
0,so_fake_ood,real,,test_ood,845e7ea22fcc3f58,blur05
0,so_fake_ood,real,,test_ood,845e7ea22fcc3f58,blur10
0,so_fake_ood,real,,test_ood,845e7ea22fcc3f58,blur20
0,so_fake_ood,real,,test_ood,845e7ea22fcc3f58,resize05
0,so_fake_ood,real,,test_ood,845e7ea22fcc3f58,resize025
0,so_fake_ood,real,,test_ood,845e7ea22fcc3f58,noise002
0,so_fake_ood,real,,test_ood,845e7ea22fcc3f58,noise005
0,so_fake_ood,real,,test_ood,845e7ea22fcc3f58,noise01
0,so_fake_ood,real,,test_ood,845e7ea22fcc3f58,jitter02
0,so_fake_ood,real,,test_ood,845e7ea22fcc3f58,crop08
0,so_fake_ood,real,,test_ood,6e66b1609a95b78a,clean
0,so_fake_ood,real,,test_ood,6e66b1609a95b78a,jpeg90
0,so_fake_ood,real,,test_ood,6e66b1609a95b78a,jpeg70
0,so_fake_ood,real,,test_ood,6e66b1609a95b78a,jpeg50
0,so_fake_ood,real,,test_ood,6e66b1609a95b78a,jpeg30
0,so_fake_ood,real,,test_ood,6e66b1609a95b78a,blur05
0,so_fake_ood,real,,test_ood,6e66b1609a95b78a,blur10
0,so_fake_ood,real,,test_ood,6e66b1609a95b78a,blur20
0,so_fake_ood,real,,test_ood,6e66b1609a95b78a,resize05
0,so_fake_ood,real,,test_ood,6e66b1609a95b78a,resize025
0,so_fake_ood,real,,test_ood,6e66b1609a95b78a,noise002
0,so_fake_ood,real,,test_ood,6e66b1609a95b78a,noise005
0,so_fake_ood,real,,test_ood,6e66b1609a95b78a,noise01
0,so_fake_ood,real,,test_ood,6e66b1609a95b78a,jitter02
0,so_fake_ood,real,,test_ood,6e66b1609a95b78a,crop08
0,so_fake_ood,real,,test_ood,1953867d5ab92379,clean
0,so_fake_ood,real,,test_ood,1953867d5ab92379,jpeg90
0,so_fake_ood,real,,test_ood,1953867d5ab92379,jpeg70
0,so_fake_ood,real,,test_ood,1953867d5ab92379,jpeg50
0,so_fake_ood,real,,test_ood,1953867d5ab92379,jpeg30
0,so_fake_ood,real,,test_ood,1953867d5ab92379,blur05
0,so_fake_ood,real,,test_ood,1953867d5ab92379,blur10
0,so_fake_ood,real,,test_ood,1953867d5ab92379,blur20
0,so_fake_ood,real,,test_ood,1953867d5ab92379,resize05
0,so_fake_ood,real,,test_ood,1953867d5ab92379,resize025
0,so_fake_ood,real,,test_ood,1953867d5ab92379,noise002
0,so_fake_ood,real,,test_ood,1953867d5ab92379,noise005
0,so_fake_ood,real,,test_ood,1953867d5ab92379,noise01
0,so_fake_ood,real,,test_ood,1953867d5ab92379,jitter02
0,so_fake_ood,real,,test_ood,1953867d5ab92379,crop08
0,so_fake_ood,real,,test_ood,98033d337f7dade4,clean
0,so_fake_ood,real,,test_ood,98033d337f7dade4,jpeg90
0,so_fake_ood,real,,test_ood,98033d337f7dade4,jpeg70
0,so_fake_ood,real,,test_ood,98033d337f7dade4,jpeg50
0,so_fake_ood,real,,test_ood,98033d337f7dade4,jpeg30
0,so_fake_ood,real,,test_ood,98033d337f7dade4,blur05
0,so_fake_ood,real,,test_ood,98033d337f7dade4,blur10
0,so_fake_ood,real,,test_ood,98033d337f7dade4,blur20
0,so_fake_ood,real,,test_ood,98033d337f7dade4,resize05
0,so_fake_ood,real,,test_ood,98033d337f7dade4,resize025
0,so_fake_ood,real,,test_ood,98033d337f7dade4,noise002
0,so_fake_ood,real,,test_ood,98033d337f7dade4,noise005
0,so_fake_ood,real,,test_ood,98033d337f7dade4,noise01
0,so_fake_ood,real,,test_ood,98033d337f7dade4,jitter02
0,so_fake_ood,real,,test_ood,98033d337f7dade4,crop08
0,so_fake_ood,real,,test_ood,ab8d8c08759d5dac,clean
0,so_fake_ood,real,,test_ood,ab8d8c08759d5dac,jpeg90
0,so_fake_ood,real,,test_ood,ab8d8c08759d5dac,jpeg70
0,so_fake_ood,real,,test_ood,ab8d8c08759d5dac,jpeg50
0,so_fake_ood,real,,test_ood,ab8d8c08759d5dac,jpeg30
0,so_fake_ood,real,,test_ood,ab8d8c08759d5dac,blur05
0,so_fake_ood,real,,test_ood,ab8d8c08759d5dac,blur10
0,so_fake_ood,real,,test_ood,ab8d8c08759d5dac,blur20
0,so_fake_ood,real,,test_ood,ab8d8c08759d5dac,resize05
0,so_fake_ood,real,,test_ood,ab8d8c08759d5dac,resize025
0,so_fake_ood,real,,test_ood,ab8d8c08759d5dac,noise002
0,so_fake_ood,real,,test_ood,ab8d8c08759d5dac,noise005
0,so_fake_ood,real,,test_ood,ab8d8c08759d5dac,noise01
0,so_fake_ood,real,,test_ood,ab8d8c08759d5dac,jitter02
0,so_fake_ood,real,,test_ood,ab8d8c08759d5dac,crop08
0,so_fake_ood,real,,test_ood,583eaf3524d99582,clean
0,so_fake_ood,real,,test_ood,583eaf3524d99582,jpeg90
0,so_fake_ood,real,,test_ood,583eaf3524d99582,jpeg70
0,so_fake_ood,real,,test_ood,583eaf3524d99582,jpeg50
0,so_fake_ood,real,,test_ood,583eaf3524d99582,jpeg30
0,so_fake_ood,real,,test_ood,583eaf3524d99582,blur05
0,so_fake_ood,real,,test_ood,583eaf3524d99582,blur10
0,so_fake_ood,real,,test_ood,583eaf3524d99582,blur20
0,so_fake_ood,real,,test_ood,583eaf3524d99582,resize05
0,so_fake_ood,real,,test_ood,583eaf3524d99582,resize025
0,so_fake_ood,real,,test_ood,583eaf3524d99582,noise002
0,so_fake_ood,real,,test_ood,583eaf3524d99582,noise005
0,so_fake_ood,real,,test_ood,583eaf3524d99582,noise01
0,so_fake_ood,real,,test_ood,583eaf3524d99582,jitter02
0,so_fake_ood,real,,test_ood,583eaf3524d99582,crop08
0,so_fake_ood,real,,test_ood,218907636bbce749,clean
0,so_fake_ood,real,,test_ood,218907636bbce749,jpeg90
0,so_fake_ood,real,,test_ood,218907636bbce749,jpeg70
0,so_fake_ood,real,,test_ood,218907636bbce749,jpeg50
0,so_fake_ood,real,,test_ood,218907636bbce749,jpeg30
0,so_fake_ood,real,,test_ood,218907636bbce749,blur05
0,so_fake_ood,real,,test_ood,218907636bbce749,blur10
0,so_fake_ood,real,,test_ood,218907636bbce749,blur20
0,so_fake_ood,real,,test_ood,218907636bbce749,resize05
0,so_fake_ood,real,,test_ood,218907636bbce749,resize025
0,so_fake_ood,real,,test_ood,218907636bbce749,noise002
0,so_fake_ood,real,,test_ood,218907636bbce749,noise005
0,so_fake_ood,real,,test_ood,218907636bbce749,noise01
0,so_fake_ood,real,,test_ood,218907636bbce749,jitter02
0,so_fake_ood,real,,test_ood,218907636bbce749,crop08
0,so_fake_ood,real,,test_ood,7e7b0086ff8559e7,clean
0,so_fake_ood,real,,test_ood,7e7b0086ff8559e7,jpeg90
0,so_fake_ood,real,,test_ood,7e7b0086ff8559e7,jpeg70
0,so_fake_ood,real,,test_ood,7e7b0086ff8559e7,jpeg50
0,so_fake_ood,real,,test_ood,7e7b0086ff8559e7,jpeg30
0,so_fake_ood,real,,test_ood,7e7b0086ff8559e7,blur05
0,so_fake_ood,real,,test_ood,7e7b0086ff8559e7,blur10
0,so_fake_ood,real,,test_ood,7e7b0086ff8559e7,blur20
0,so_fake_ood,real,,test_ood,7e7b0086ff8559e7,resize05
0,so_fake_ood,real,,test_ood,7e7b0086ff8559e7,resize025
0,so_fake_ood,real,,test_ood,7e7b0086ff8559e7,noise002
0,so_fake_ood,real,,test_ood,7e7b0086ff8559e7,noise005
0,so_fake_ood,real,,test_ood,7e7b0086ff8559e7,noise01
0,so_fake_ood,real,,test_ood,7e7b0086ff8559e7,jitter02
0,so_fake_ood,real,,test_ood,7e7b0086ff8559e7,crop08
0,so_fake_ood,real,,test_ood,11f1c84422b19fca,clean
0,so_fake_ood,real,,test_ood,11f1c84422b19fca,jpeg90
0,so_fake_ood,real,,test_ood,11f1c84422b19fca,jpeg70
0,so_fake_ood,real,,test_ood,11f1c84422b19fca,jpeg50
0,so_fake_ood,real,,test_ood,11f1c84422b19fca,jpeg30
0,so_fake_ood,real,,test_ood,11f1c84422b19fca,blur05
0,so_fake_ood,real,,test_ood,11f1c84422b19fca,blur10
0,so_fake_ood,real,,test_ood,11f1c84422b19fca,blur20
0,so_fake_ood,real,,test_ood,11f1c84422b19fca,resize05
0,so_fake_ood,real,,test_ood,11f1c84422b19fca,resize025
0,so_fake_ood,real,,test_ood,11f1c84422b19fca,noise002
0,so_fake_ood,real,,test_ood,11f1c84422b19fca,noise005
0,so_fake_ood,real,,test_ood,11f1c84422b19fca,noise01
0,so_fake_ood,real,,test_ood,11f1c84422b19fca,jitter02
0,so_fake_ood,real,,test_ood,11f1c84422b19fca,crop08
0,so_fake_ood,real,,test_ood,898ac55cb71c9a3b,clean
0,so_fake_ood,real,,test_ood,898ac55cb71c9a3b,jpeg90
0,so_fake_ood,real,,test_ood,898ac55cb71c9a3b,jpeg70
0,so_fake_ood,real,,test_ood,898ac55cb71c9a3b,jpeg50
0,so_fake_ood,real,,test_ood,898ac55cb71c9a3b,jpeg30
0,so_fake_ood,real,,test_ood,898ac55cb71c9a3b,blur05
0,so_fake_ood,real,,test_ood,898ac55cb71c9a3b,blur10
0,so_fake_ood,real,,test_ood,898ac55cb71c9a3b,blur20
0,so_fake_ood,real,,test_ood,898ac55cb71c9a3b,resize05
0,so_fake_ood,real,,test_ood,898ac55cb71c9a3b,resize025
0,so_fake_ood,real,,test_ood,898ac55cb71c9a3b,noise002
0,so_fake_ood,real,,test_ood,898ac55cb71c9a3b,noise005
0,so_fake_ood,real,,test_ood,898ac55cb71c9a3b,noise01
0,so_fake_ood,real,,test_ood,898ac55cb71c9a3b,jitter02
0,so_fake_ood,real,,test_ood,898ac55cb71c9a3b,crop08
0,so_fake_ood,real,,test_ood,7e258eabfb26480b,clean
0,so_fake_ood,real,,test_ood,7e258eabfb26480b,jpeg90
0,so_fake_ood,real,,test_ood,7e258eabfb26480b,jpeg70
0,so_fake_ood,real,,test_ood,7e258eabfb26480b,jpeg50
0,so_fake_ood,real,,test_ood,7e258eabfb26480b,jpeg30
0,so_fake_ood,real,,test_ood,7e258eabfb26480b,blur05
0,so_fake_ood,real,,test_ood,7e258eabfb26480b,blur10
0,so_fake_ood,real,,test_ood,7e258eabfb26480b,blur20
0,so_fake_ood,real,,test_ood,7e258eabfb26480b,resize05
0,so_fake_ood,real,,test_ood,7e258eabfb26480b,resize025
0,so_fake_ood,real,,test_ood,7e258eabfb26480b,noise002
0,so_fake_ood,real,,test_ood,7e258eabfb26480b,noise005
0,so_fake_ood,real,,test_ood,7e258eabfb26480b,noise01
0,so_fake_ood,real,,test_ood,7e258eabfb26480b,jitter02
0,so_fake_ood,real,,test_ood,7e258eabfb26480b,crop08
0,so_fake_ood,real,,test_ood,85a6404f5fa72eff,clean
0,so_fake_ood,real,,test_ood,85a6404f5fa72eff,jpeg90
0,so_fake_ood,real,,test_ood,85a6404f5fa72eff,jpeg70
0,so_fake_ood,real,,test_ood,85a6404f5fa72eff,jpeg50
0,so_fake_ood,real,,test_ood,85a6404f5fa72eff,jpeg30
0,so_fake_ood,real,,test_ood,85a6404f5fa72eff,blur05
0,so_fake_ood,real,,test_ood,85a6404f5fa72eff,blur10
0,so_fake_ood,real,,test_ood,85a6404f5fa72eff,blur20
0,so_fake_ood,real,,test_ood,85a6404f5fa72eff,resize05
0,so_fake_ood,real,,test_ood,85a6404f5fa72eff,resize025
0,so_fake_ood,real,,test_ood,85a6404f5fa72eff,noise002
0,so_fake_ood,real,,test_ood,85a6404f5fa72eff,noise005
0,so_fake_ood,real,,test_ood,85a6404f5fa72eff,noise01
0,so_fake_ood,real,,test_ood,85a6404f5fa72eff,jitter02
0,so_fake_ood,real,,test_ood,85a6404f5fa72eff,crop08
0,so_fake_ood,real,,test_ood,a63e2ea318ce4fa4,clean
0,so_fake_ood,real,,test_ood,a63e2ea318ce4fa4,jpeg90
0,so_fake_ood,real,,test_ood,a63e2ea318ce4fa4,jpeg70
0,so_fake_ood,real,,test_ood,a63e2ea318ce4fa4,jpeg50
0,so_fake_ood,real,,test_ood,a63e2ea318ce4fa4,jpeg30
0,so_fake_ood,real,,test_ood,a63e2ea318ce4fa4,blur05
0,so_fake_ood,real,,test_ood,a63e2ea318ce4fa4,blur10
0,so_fake_ood,real,,test_ood,a63e2ea318ce4fa4,blur20
0,so_fake_ood,real,,test_ood,a63e2ea318ce4fa4,resize05
0,so_fake_ood,real,,test_ood,a63e2ea318ce4fa4,resize025
0,so_fake_ood,real,,test_ood,a63e2ea318ce4fa4,noise002
0,so_fake_ood,real,,test_ood,a63e2ea318ce4fa4,noise005
0,so_fake_ood,real,,test_ood,a63e2ea318ce4fa4,noise01
0,so_fake_ood,real,,test_ood,a63e2ea318ce4fa4,jitter02
0,so_fake_ood,real,,test_ood,a63e2ea318ce4fa4,crop08
0,so_fake_ood,real,,test_ood,15e1a93771d0e469,clean
0,so_fake_ood,real,,test_ood,15e1a93771d0e469,jpeg90
0,so_fake_ood,real,,test_ood,15e1a93771d0e469,jpeg70
0,so_fake_ood,real,,test_ood,15e1a93771d0e469,jpeg50
0,so_fake_ood,real,,test_ood,15e1a93771d0e469,jpeg30
0,so_fake_ood,real,,test_ood,15e1a93771d0e469,blur05
0,so_fake_ood,real,,test_ood,15e1a93771d0e469,blur10
0,so_fake_ood,real,,test_ood,15e1a93771d0e469,blur20
0,so_fake_ood,real,,test_ood,15e1a93771d0e469,resize05
0,so_fake_ood,real,,test_ood,15e1a93771d0e469,resize025
0,so_fake_ood,real,,test_ood,15e1a93771d0e469,noise002
0,so_fake_ood,real,,test_ood,15e1a93771d0e469,noise005
0,so_fake_ood,real,,test_ood,15e1a93771d0e469,noise01
0,so_fake_ood,real,,test_ood,15e1a93771d0e469,jitter02
0,so_fake_ood,real,,test_ood,15e1a93771d0e469,crop08
0,so_fake_ood,real,,test_ood,7e9c8626ba27ab94,clean
0,so_fake_ood,real,,test_ood,7e9c8626ba27ab94,jpeg90
0,so_fake_ood,real,,test_ood,7e9c8626ba27ab94,jpeg70
0,so_fake_ood,real,,test_ood,7e9c8626ba27ab94,jpeg50
0,so_fake_ood,real,,test_ood,7e9c8626ba27ab94,jpeg30
0,so_fake_ood,real,,test_ood,7e9c8626ba27ab94,blur05
0,so_fake_ood,real,,test_ood,7e9c8626ba27ab94,blur10
0,so_fake_ood,real,,test_ood,7e9c8626ba27ab94,blur20
0,so_fake_ood,real,,test_ood,7e9c8626ba27ab94,resize05
0,so_fake_ood,real,,test_ood,7e9c8626ba27ab94,resize025
0,so_fake_ood,real,,test_ood,7e9c8626ba27ab94,noise002
0,so_fake_ood,real,,test_ood,7e9c8626ba27ab94,noise005
0,so_fake_ood,real,,test_ood,7e9c8626ba27ab94,noise01
0,so_fake_ood,real,,test_ood,7e9c8626ba27ab94,jitter02
0,so_fake_ood,real,,test_ood,7e9c8626ba27ab94,crop08
0,so_fake_ood,real,,test_ood,bd254b44b164fb29,clean
0,so_fake_ood,real,,test_ood,bd254b44b164fb29,jpeg90
0,so_fake_ood,real,,test_ood,bd254b44b164fb29,jpeg70
0,so_fake_ood,real,,test_ood,bd254b44b164fb29,jpeg50
0,so_fake_ood,real,,test_ood,bd254b44b164fb29,jpeg30
0,so_fake_ood,real,,test_ood,bd254b44b164fb29,blur05
0,so_fake_ood,real,,test_ood,bd254b44b164fb29,blur10
0,so_fake_ood,real,,test_ood,bd254b44b164fb29,blur20
0,so_fake_ood,real,,test_ood,bd254b44b164fb29,resize05
0,so_fake_ood,real,,test_ood,bd254b44b164fb29,resize025
0,so_fake_ood,real,,test_ood,bd254b44b164fb29,noise002
0,so_fake_ood,real,,test_ood,bd254b44b164fb29,noise005
0,so_fake_ood,real,,test_ood,bd254b44b164fb29,noise01
0,so_fake_ood,real,,test_ood,bd254b44b164fb29,jitter02
0,so_fake_ood,real,,test_ood,bd254b44b164fb29,crop08
0,so_fake_ood,real,,test_ood,ebae482425f00e0e,clean
0,so_fake_ood,real,,test_ood,ebae482425f00e0e,jpeg90
0,so_fake_ood,real,,test_ood,ebae482425f00e0e,jpeg70
0,so_fake_ood,real,,test_ood,ebae482425f00e0e,jpeg50
0,so_fake_ood,real,,test_ood,ebae482425f00e0e,jpeg30
0,so_fake_ood,real,,test_ood,ebae482425f00e0e,blur05
0,so_fake_ood,real,,test_ood,ebae482425f00e0e,blur10
0,so_fake_ood,real,,test_ood,ebae482425f00e0e,blur20
0,so_fake_ood,real,,test_ood,ebae482425f00e0e,resize05
0,so_fake_ood,real,,test_ood,ebae482425f00e0e,resize025
0,so_fake_ood,real,,test_ood,ebae482425f00e0e,noise002
0,so_fake_ood,real,,test_ood,ebae482425f00e0e,noise005
0,so_fake_ood,real,,test_ood,ebae482425f00e0e,noise01
0,so_fake_ood,real,,test_ood,ebae482425f00e0e,jitter02
0,so_fake_ood,real,,test_ood,ebae482425f00e0e,crop08
0,so_fake_ood,real,,test_ood,b46811615ba8c781,clean
0,so_fake_ood,real,,test_ood,b46811615ba8c781,jpeg90
0,so_fake_ood,real,,test_ood,b46811615ba8c781,jpeg70
0,so_fake_ood,real,,test_ood,b46811615ba8c781,jpeg50
0,so_fake_ood,real,,test_ood,b46811615ba8c781,jpeg30
0,so_fake_ood,real,,test_ood,b46811615ba8c781,blur05
0,so_fake_ood,real,,test_ood,b46811615ba8c781,blur10
0,so_fake_ood,real,,test_ood,b46811615ba8c781,blur20
0,so_fake_ood,real,,test_ood,b46811615ba8c781,resize05
0,so_fake_ood,real,,test_ood,b46811615ba8c781,resize025
0,so_fake_ood,real,,test_ood,b46811615ba8c781,noise002
0,so_fake_ood,real,,test_ood,b46811615ba8c781,noise005
0,so_fake_ood,real,,test_ood,b46811615ba8c781,noise01
0,so_fake_ood,real,,test_ood,b46811615ba8c781,jitter02
0,so_fake_ood,real,,test_ood,b46811615ba8c781,crop08
0,so_fake_ood,real,,test_ood,a76603adc4ed7300,clean
0,so_fake_ood,real,,test_ood,a76603adc4ed7300,jpeg90
0,so_fake_ood,real,,test_ood,a76603adc4ed7300,jpeg70
0,so_fake_ood,real,,test_ood,a76603adc4ed7300,jpeg50
0,so_fake_ood,real,,test_ood,a76603adc4ed7300,jpeg30
0,so_fake_ood,real,,test_ood,a76603adc4ed7300,blur05
0,so_fake_ood,real,,test_ood,a76603adc4ed7300,blur10
0,so_fake_ood,real,,test_ood,a76603adc4ed7300,blur20
0,so_fake_ood,real,,test_ood,a76603adc4ed7300,resize05
0,so_fake_ood,real,,test_ood,a76603adc4ed7300,resize025
0,so_fake_ood,real,,test_ood,a76603adc4ed7300,noise002
0,so_fake_ood,real,,test_ood,a76603adc4ed7300,noise005
0,so_fake_ood,real,,test_ood,a76603adc4ed7300,noise01
0,so_fake_ood,real,,test_ood,a76603adc4ed7300,jitter02
0,so_fake_ood,real,,test_ood,a76603adc4ed7300,crop08
0,so_fake_ood,real,,test_ood,450ac4ec7808f1ed,clean
0,so_fake_ood,real,,test_ood,450ac4ec7808f1ed,jpeg90
0,so_fake_ood,real,,test_ood,450ac4ec7808f1ed,jpeg70
0,so_fake_ood,real,,test_ood,450ac4ec7808f1ed,jpeg50
0,so_fake_ood,real,,test_ood,450ac4ec7808f1ed,jpeg30
0,so_fake_ood,real,,test_ood,450ac4ec7808f1ed,blur05
0,so_fake_ood,real,,test_ood,450ac4ec7808f1ed,blur10
0,so_fake_ood,real,,test_ood,450ac4ec7808f1ed,blur20
0,so_fake_ood,real,,test_ood,450ac4ec7808f1ed,resize05
0,so_fake_ood,real,,test_ood,450ac4ec7808f1ed,resize025
0,so_fake_ood,real,,test_ood,450ac4ec7808f1ed,noise002
0,so_fake_ood,real,,test_ood,450ac4ec7808f1ed,noise005
0,so_fake_ood,real,,test_ood,450ac4ec7808f1ed,noise01
0,so_fake_ood,real,,test_ood,450ac4ec7808f1ed,jitter02
0,so_fake_ood,real,,test_ood,450ac4ec7808f1ed,crop08
0,so_fake_ood,real,,test_ood,a8937a8f61e21925,clean
0,so_fake_ood,real,,test_ood,a8937a8f61e21925,jpeg90
0,so_fake_ood,real,,test_ood,a8937a8f61e21925,jpeg70
0,so_fake_ood,real,,test_ood,a8937a8f61e21925,jpeg50
0,so_fake_ood,real,,test_ood,a8937a8f61e21925,jpeg30
0,so_fake_ood,real,,test_ood,a8937a8f61e21925,blur05
0,so_fake_ood,real,,test_ood,a8937a8f61e21925,blur10
0,so_fake_ood,real,,test_ood,a8937a8f61e21925,blur20
0,so_fake_ood,real,,test_ood,a8937a8f61e21925,resize05
0,so_fake_ood,real,,test_ood,a8937a8f61e21925,resize025
0,so_fake_ood,real,,test_ood,a8937a8f61e21925,noise002
0,so_fake_ood,real,,test_ood,a8937a8f61e21925,noise005
0,so_fake_ood,real,,test_ood,a8937a8f61e21925,noise01
0,so_fake_ood,real,,test_ood,a8937a8f61e21925,jitter02
0,so_fake_ood,real,,test_ood,a8937a8f61e21925,crop08
0,so_fake_ood,real,,test_ood,ce709559b07aa8f1,clean
0,so_fake_ood,real,,test_ood,ce709559b07aa8f1,jpeg90
0,so_fake_ood,real,,test_ood,ce709559b07aa8f1,jpeg70
0,so_fake_ood,real,,test_ood,ce709559b07aa8f1,jpeg50
0,so_fake_ood,real,,test_ood,ce709559b07aa8f1,jpeg30
0,so_fake_ood,real,,test_ood,ce709559b07aa8f1,blur05
0,so_fake_ood,real,,test_ood,ce709559b07aa8f1,blur10
0,so_fake_ood,real,,test_ood,ce709559b07aa8f1,blur20
0,so_fake_ood,real,,test_ood,ce709559b07aa8f1,resize05
0,so_fake_ood,real,,test_ood,ce709559b07aa8f1,resize025
0,so_fake_ood,real,,test_ood,ce709559b07aa8f1,noise002
0,so_fake_ood,real,,test_ood,ce709559b07aa8f1,noise005
0,so_fake_ood,real,,test_ood,ce709559b07aa8f1,noise01
0,so_fake_ood,real,,test_ood,ce709559b07aa8f1,jitter02
0,so_fake_ood,real,,test_ood,ce709559b07aa8f1,crop08
0,so_fake_ood,real,,test_ood,29c74c6cc19d0067,clean
0,so_fake_ood,real,,test_ood,29c74c6cc19d0067,jpeg90
0,so_fake_ood,real,,test_ood,29c74c6cc19d0067,jpeg70
0,so_fake_ood,real,,test_ood,29c74c6cc19d0067,jpeg50
0,so_fake_ood,real,,test_ood,29c74c6cc19d0067,jpeg30
0,so_fake_ood,real,,test_ood,29c74c6cc19d0067,blur05
0,so_fake_ood,real,,test_ood,29c74c6cc19d0067,blur10
0,so_fake_ood,real,,test_ood,29c74c6cc19d0067,blur20
0,so_fake_ood,real,,test_ood,29c74c6cc19d0067,resize05
0,so_fake_ood,real,,test_ood,29c74c6cc19d0067,resize025
0,so_fake_ood,real,,test_ood,29c74c6cc19d0067,noise002
0,so_fake_ood,real,,test_ood,29c74c6cc19d0067,noise005
0,so_fake_ood,real,,test_ood,29c74c6cc19d0067,noise01
0,so_fake_ood,real,,test_ood,29c74c6cc19d0067,jitter02
0,so_fake_ood,real,,test_ood,29c74c6cc19d0067,crop08
0,so_fake_ood,real,,test_ood,731ff2745a2896f7,clean
0,so_fake_ood,real,,test_ood,731ff2745a2896f7,jpeg90
0,so_fake_ood,real,,test_ood,731ff2745a2896f7,jpeg70
0,so_fake_ood,real,,test_ood,731ff2745a2896f7,jpeg50
0,so_fake_ood,real,,test_ood,731ff2745a2896f7,jpeg30
0,so_fake_ood,real,,test_ood,731ff2745a2896f7,blur05
0,so_fake_ood,real,,test_ood,731ff2745a2896f7,blur10
0,so_fake_ood,real,,test_ood,731ff2745a2896f7,blur20
0,so_fake_ood,real,,test_ood,731ff2745a2896f7,resize05
0,so_fake_ood,real,,test_ood,731ff2745a2896f7,resize025
0,so_fake_ood,real,,test_ood,731ff2745a2896f7,noise002
0,so_fake_ood,real,,test_ood,731ff2745a2896f7,noise005
0,so_fake_ood,real,,test_ood,731ff2745a2896f7,noise01
0,so_fake_ood,real,,test_ood,731ff2745a2896f7,jitter02
0,so_fake_ood,real,,test_ood,731ff2745a2896f7,crop08
0,so_fake_ood,real,,test_ood,139981b08dc13b30,clean
0,so_fake_ood,real,,test_ood,139981b08dc13b30,jpeg90
0,so_fake_ood,real,,test_ood,139981b08dc13b30,jpeg70
0,so_fake_ood,real,,test_ood,139981b08dc13b30,jpeg50
0,so_fake_ood,real,,test_ood,139981b08dc13b30,jpeg30
0,so_fake_ood,real,,test_ood,139981b08dc13b30,blur05
0,so_fake_ood,real,,test_ood,139981b08dc13b30,blur10
0,so_fake_ood,real,,test_ood,139981b08dc13b30,blur20
0,so_fake_ood,real,,test_ood,139981b08dc13b30,resize05
0,so_fake_ood,real,,test_ood,139981b08dc13b30,resize025
0,so_fake_ood,real,,test_ood,139981b08dc13b30,noise002
0,so_fake_ood,real,,test_ood,139981b08dc13b30,noise005
0,so_fake_ood,real,,test_ood,139981b08dc13b30,noise01
0,so_fake_ood,real,,test_ood,139981b08dc13b30,jitter02
0,so_fake_ood,real,,test_ood,139981b08dc13b30,crop08
0,so_fake_ood,real,,test_ood,ca52b88e6538854f,clean
0,so_fake_ood,real,,test_ood,ca52b88e6538854f,jpeg90
0,so_fake_ood,real,,test_ood,ca52b88e6538854f,jpeg70
0,so_fake_ood,real,,test_ood,ca52b88e6538854f,jpeg50
0,so_fake_ood,real,,test_ood,ca52b88e6538854f,jpeg30
0,so_fake_ood,real,,test_ood,ca52b88e6538854f,blur05
0,so_fake_ood,real,,test_ood,ca52b88e6538854f,blur10
0,so_fake_ood,real,,test_ood,ca52b88e6538854f,blur20
0,so_fake_ood,real,,test_ood,ca52b88e6538854f,resize05
0,so_fake_ood,real,,test_ood,ca52b88e6538854f,resize025
0,so_fake_ood,real,,test_ood,ca52b88e6538854f,noise002
0,so_fake_ood,real,,test_ood,ca52b88e6538854f,noise005
0,so_fake_ood,real,,test_ood,ca52b88e6538854f,noise01
0,so_fake_ood,real,,test_ood,ca52b88e6538854f,jitter02
0,so_fake_ood,real,,test_ood,ca52b88e6538854f,crop08
0,so_fake_ood,real,,test_ood,c04d7c6c6a4075aa,clean
0,so_fake_ood,real,,test_ood,c04d7c6c6a4075aa,jpeg90
0,so_fake_ood,real,,test_ood,c04d7c6c6a4075aa,jpeg70
0,so_fake_ood,real,,test_ood,c04d7c6c6a4075aa,jpeg50
0,so_fake_ood,real,,test_ood,c04d7c6c6a4075aa,jpeg30
0,so_fake_ood,real,,test_ood,c04d7c6c6a4075aa,blur05
0,so_fake_ood,real,,test_ood,c04d7c6c6a4075aa,blur10
0,so_fake_ood,real,,test_ood,c04d7c6c6a4075aa,blur20
0,so_fake_ood,real,,test_ood,c04d7c6c6a4075aa,resize05
0,so_fake_ood,real,,test_ood,c04d7c6c6a4075aa,resize025
0,so_fake_ood,real,,test_ood,c04d7c6c6a4075aa,noise002
0,so_fake_ood,real,,test_ood,c04d7c6c6a4075aa,noise005
0,so_fake_ood,real,,test_ood,c04d7c6c6a4075aa,noise01
0,so_fake_ood,real,,test_ood,c04d7c6c6a4075aa,jitter02
0,so_fake_ood,real,,test_ood,c04d7c6c6a4075aa,crop08
0,so_fake_ood,real,,test_ood,14fd76556763ba97,clean
0,so_fake_ood,real,,test_ood,14fd76556763ba97,jpeg90
0,so_fake_ood,real,,test_ood,14fd76556763ba97,jpeg70
0,so_fake_ood,real,,test_ood,14fd76556763ba97,jpeg50
0,so_fake_ood,real,,test_ood,14fd76556763ba97,jpeg30
0,so_fake_ood,real,,test_ood,14fd76556763ba97,blur05
0,so_fake_ood,real,,test_ood,14fd76556763ba97,blur10
0,so_fake_ood,real,,test_ood,14fd76556763ba97,blur20
0,so_fake_ood,real,,test_ood,14fd76556763ba97,resize05
0,so_fake_ood,real,,test_ood,14fd76556763ba97,resize025
0,so_fake_ood,real,,test_ood,14fd76556763ba97,noise002
0,so_fake_ood,real,,test_ood,14fd76556763ba97,noise005
0,so_fake_ood,real,,test_ood,14fd76556763ba97,noise01
0,so_fake_ood,real,,test_ood,14fd76556763ba97,jitter02
0,so_fake_ood,real,,test_ood,14fd76556763ba97,crop08
0,so_fake_ood,real,,test_ood,d5c20caf21cb10be,clean
0,so_fake_ood,real,,test_ood,d5c20caf21cb10be,jpeg90
0,so_fake_ood,real,,test_ood,d5c20caf21cb10be,jpeg70
0,so_fake_ood,real,,test_ood,d5c20caf21cb10be,jpeg50
0,so_fake_ood,real,,test_ood,d5c20caf21cb10be,jpeg30
0,so_fake_ood,real,,test_ood,d5c20caf21cb10be,blur05
0,so_fake_ood,real,,test_ood,d5c20caf21cb10be,blur10
0,so_fake_ood,real,,test_ood,d5c20caf21cb10be,blur20
0,so_fake_ood,real,,test_ood,d5c20caf21cb10be,resize05
0,so_fake_ood,real,,test_ood,d5c20caf21cb10be,resize025
0,so_fake_ood,real,,test_ood,d5c20caf21cb10be,noise002
0,so_fake_ood,real,,test_ood,d5c20caf21cb10be,noise005
0,so_fake_ood,real,,test_ood,d5c20caf21cb10be,noise01
0,so_fake_ood,real,,test_ood,d5c20caf21cb10be,jitter02
0,so_fake_ood,real,,test_ood,d5c20caf21cb10be,crop08
0,so_fake_ood,real,,test_ood,afe96e1849d35598,clean
0,so_fake_ood,real,,test_ood,afe96e1849d35598,jpeg90
0,so_fake_ood,real,,test_ood,afe96e1849d35598,jpeg70
0,so_fake_ood,real,,test_ood,afe96e1849d35598,jpeg50
0,so_fake_ood,real,,test_ood,afe96e1849d35598,jpeg30
0,so_fake_ood,real,,test_ood,afe96e1849d35598,blur05
0,so_fake_ood,real,,test_ood,afe96e1849d35598,blur10
0,so_fake_ood,real,,test_ood,afe96e1849d35598,blur20
0,so_fake_ood,real,,test_ood,afe96e1849d35598,resize05
0,so_fake_ood,real,,test_ood,afe96e1849d35598,resize025
0,so_fake_ood,real,,test_ood,afe96e1849d35598,noise002
0,so_fake_ood,real,,test_ood,afe96e1849d35598,noise005
0,so_fake_ood,real,,test_ood,afe96e1849d35598,noise01
0,so_fake_ood,real,,test_ood,afe96e1849d35598,jitter02
0,so_fake_ood,real,,test_ood,afe96e1849d35598,crop08
0,so_fake_ood,real,,test_ood,e58310bd9dd2c0d3,clean
0,so_fake_ood,real,,test_ood,e58310bd9dd2c0d3,jpeg90
0,so_fake_ood,real,,test_ood,e58310bd9dd2c0d3,jpeg70
0,so_fake_ood,real,,test_ood,e58310bd9dd2c0d3,jpeg50
0,so_fake_ood,real,,test_ood,e58310bd9dd2c0d3,jpeg30
0,so_fake_ood,real,,test_ood,e58310bd9dd2c0d3,blur05
0,so_fake_ood,real,,test_ood,e58310bd9dd2c0d3,blur10
0,so_fake_ood,real,,test_ood,e58310bd9dd2c0d3,blur20
0,so_fake_ood,real,,test_ood,e58310bd9dd2c0d3,resize05
0,so_fake_ood,real,,test_ood,e58310bd9dd2c0d3,resize025
0,so_fake_ood,real,,test_ood,e58310bd9dd2c0d3,noise002
0,so_fake_ood,real,,test_ood,e58310bd9dd2c0d3,noise005
0,so_fake_ood,real,,test_ood,e58310bd9dd2c0d3,noise01
0,so_fake_ood,real,,test_ood,e58310bd9dd2c0d3,jitter02
0,so_fake_ood,real,,test_ood,e58310bd9dd2c0d3,crop08
0,so_fake_ood,real,,test_ood,7295bb0fae569320,clean
0,so_fake_ood,real,,test_ood,7295bb0fae569320,jpeg90
0,so_fake_ood,real,,test_ood,7295bb0fae569320,jpeg70
0,so_fake_ood,real,,test_ood,7295bb0fae569320,jpeg50
0,so_fake_ood,real,,test_ood,7295bb0fae569320,jpeg30
0,so_fake_ood,real,,test_ood,7295bb0fae569320,blur05
0,so_fake_ood,real,,test_ood,7295bb0fae569320,blur10
0,so_fake_ood,real,,test_ood,7295bb0fae569320,blur20
0,so_fake_ood,real,,test_ood,7295bb0fae569320,resize05
0,so_fake_ood,real,,test_ood,7295bb0fae569320,resize025
0,so_fake_ood,real,,test_ood,7295bb0fae569320,noise002
0,so_fake_ood,real,,test_ood,7295bb0fae569320,noise005
0,so_fake_ood,real,,test_ood,7295bb0fae569320,noise01
0,so_fake_ood,real,,test_ood,7295bb0fae569320,jitter02
0,so_fake_ood,real,,test_ood,7295bb0fae569320,crop08
0,so_fake_ood,real,,test_ood,67be1f0f166212c5,clean
0,so_fake_ood,real,,test_ood,67be1f0f166212c5,jpeg90
0,so_fake_ood,real,,test_ood,67be1f0f166212c5,jpeg70
0,so_fake_ood,real,,test_ood,67be1f0f166212c5,jpeg50
0,so_fake_ood,real,,test_ood,67be1f0f166212c5,jpeg30
0,so_fake_ood,real,,test_ood,67be1f0f166212c5,blur05
0,so_fake_ood,real,,test_ood,67be1f0f166212c5,blur10
0,so_fake_ood,real,,test_ood,67be1f0f166212c5,blur20
0,so_fake_ood,real,,test_ood,67be1f0f166212c5,resize05
0,so_fake_ood,real,,test_ood,67be1f0f166212c5,resize025
0,so_fake_ood,real,,test_ood,67be1f0f166212c5,noise002
0,so_fake_ood,real,,test_ood,67be1f0f166212c5,noise005
0,so_fake_ood,real,,test_ood,67be1f0f166212c5,noise01
0,so_fake_ood,real,,test_ood,67be1f0f166212c5,jitter02
0,so_fake_ood,real,,test_ood,67be1f0f166212c5,crop08
0,so_fake_ood,real,,test_ood,00d6ee33583035dc,clean
0,so_fake_ood,real,,test_ood,00d6ee33583035dc,jpeg90
0,so_fake_ood,real,,test_ood,00d6ee33583035dc,jpeg70
0,so_fake_ood,real,,test_ood,00d6ee33583035dc,jpeg50
0,so_fake_ood,real,,test_ood,00d6ee33583035dc,jpeg30
0,so_fake_ood,real,,test_ood,00d6ee33583035dc,blur05
0,so_fake_ood,real,,test_ood,00d6ee33583035dc,blur10
0,so_fake_ood,real,,test_ood,00d6ee33583035dc,blur20
0,so_fake_ood,real,,test_ood,00d6ee33583035dc,resize05
0,so_fake_ood,real,,test_ood,00d6ee33583035dc,resize025
0,so_fake_ood,real,,test_ood,00d6ee33583035dc,noise002
0,so_fake_ood,real,,test_ood,00d6ee33583035dc,noise005
0,so_fake_ood,real,,test_ood,00d6ee33583035dc,noise01
0,so_fake_ood,real,,test_ood,00d6ee33583035dc,jitter02
0,so_fake_ood,real,,test_ood,00d6ee33583035dc,crop08
0,so_fake_ood,real,,test_ood,d9a3b62db1d83c43,clean
0,so_fake_ood,real,,test_ood,d9a3b62db1d83c43,jpeg90
0,so_fake_ood,real,,test_ood,d9a3b62db1d83c43,jpeg70
0,so_fake_ood,real,,test_ood,d9a3b62db1d83c43,jpeg50
0,so_fake_ood,real,,test_ood,d9a3b62db1d83c43,jpeg30
0,so_fake_ood,real,,test_ood,d9a3b62db1d83c43,blur05
0,so_fake_ood,real,,test_ood,d9a3b62db1d83c43,blur10
0,so_fake_ood,real,,test_ood,d9a3b62db1d83c43,blur20
0,so_fake_ood,real,,test_ood,d9a3b62db1d83c43,resize05
0,so_fake_ood,real,,test_ood,d9a3b62db1d83c43,resize025
0,so_fake_ood,real,,test_ood,d9a3b62db1d83c43,noise002
0,so_fake_ood,real,,test_ood,d9a3b62db1d83c43,noise005
0,so_fake_ood,real,,test_ood,d9a3b62db1d83c43,noise01
0,so_fake_ood,real,,test_ood,d9a3b62db1d83c43,jitter02
0,so_fake_ood,real,,test_ood,d9a3b62db1d83c43,crop08
0,so_fake_ood,real,,test_ood,7e236060bdc1ed8f,clean
0,so_fake_ood,real,,test_ood,7e236060bdc1ed8f,jpeg90
0,so_fake_ood,real,,test_ood,7e236060bdc1ed8f,jpeg70
0,so_fake_ood,real,,test_ood,7e236060bdc1ed8f,jpeg50
0,so_fake_ood,real,,test_ood,7e236060bdc1ed8f,jpeg30
0,so_fake_ood,real,,test_ood,7e236060bdc1ed8f,blur05
0,so_fake_ood,real,,test_ood,7e236060bdc1ed8f,blur10
0,so_fake_ood,real,,test_ood,7e236060bdc1ed8f,blur20
0,so_fake_ood,real,,test_ood,7e236060bdc1ed8f,resize05
0,so_fake_ood,real,,test_ood,7e236060bdc1ed8f,resize025
0,so_fake_ood,real,,test_ood,7e236060bdc1ed8f,noise002
0,so_fake_ood,real,,test_ood,7e236060bdc1ed8f,noise005
0,so_fake_ood,real,,test_ood,7e236060bdc1ed8f,noise01
0,so_fake_ood,real,,test_ood,7e236060bdc1ed8f,jitter02
0,so_fake_ood,real,,test_ood,7e236060bdc1ed8f,crop08
0,so_fake_ood,real,,test_ood,02a1574a8bddc9ac,clean
0,so_fake_ood,real,,test_ood,02a1574a8bddc9ac,jpeg90
0,so_fake_ood,real,,test_ood,02a1574a8bddc9ac,jpeg70
0,so_fake_ood,real,,test_ood,02a1574a8bddc9ac,jpeg50
0,so_fake_ood,real,,test_ood,02a1574a8bddc9ac,jpeg30
0,so_fake_ood,real,,test_ood,02a1574a8bddc9ac,blur05
0,so_fake_ood,real,,test_ood,02a1574a8bddc9ac,blur10
0,so_fake_ood,real,,test_ood,02a1574a8bddc9ac,blur20
0,so_fake_ood,real,,test_ood,02a1574a8bddc9ac,resize05
0,so_fake_ood,real,,test_ood,02a1574a8bddc9ac,resize025
0,so_fake_ood,real,,test_ood,02a1574a8bddc9ac,noise002
0,so_fake_ood,real,,test_ood,02a1574a8bddc9ac,noise005
0,so_fake_ood,real,,test_ood,02a1574a8bddc9ac,noise01
0,so_fake_ood,real,,test_ood,02a1574a8bddc9ac,jitter02
0,so_fake_ood,real,,test_ood,02a1574a8bddc9ac,crop08
0,so_fake_ood,real,,test_ood,7aac75a86ae35063,clean
0,so_fake_ood,real,,test_ood,7aac75a86ae35063,jpeg90
0,so_fake_ood,real,,test_ood,7aac75a86ae35063,jpeg70
0,so_fake_ood,real,,test_ood,7aac75a86ae35063,jpeg50
0,so_fake_ood,real,,test_ood,7aac75a86ae35063,jpeg30
0,so_fake_ood,real,,test_ood,7aac75a86ae35063,blur05
0,so_fake_ood,real,,test_ood,7aac75a86ae35063,blur10
0,so_fake_ood,real,,test_ood,7aac75a86ae35063,blur20
0,so_fake_ood,real,,test_ood,7aac75a86ae35063,resize05
0,so_fake_ood,real,,test_ood,7aac75a86ae35063,resize025
0,so_fake_ood,real,,test_ood,7aac75a86ae35063,noise002
0,so_fake_ood,real,,test_ood,7aac75a86ae35063,noise005
0,so_fake_ood,real,,test_ood,7aac75a86ae35063,noise01
0,so_fake_ood,real,,test_ood,7aac75a86ae35063,jitter02
0,so_fake_ood,real,,test_ood,7aac75a86ae35063,crop08
0,so_fake_ood,real,,test_ood,3c95c6089c7cf8d9,clean
0,so_fake_ood,real,,test_ood,3c95c6089c7cf8d9,jpeg90
0,so_fake_ood,real,,test_ood,3c95c6089c7cf8d9,jpeg70
0,so_fake_ood,real,,test_ood,3c95c6089c7cf8d9,jpeg50
0,so_fake_ood,real,,test_ood,3c95c6089c7cf8d9,jpeg30
0,so_fake_ood,real,,test_ood,3c95c6089c7cf8d9,blur05
0,so_fake_ood,real,,test_ood,3c95c6089c7cf8d9,blur10
0,so_fake_ood,real,,test_ood,3c95c6089c7cf8d9,blur20
0,so_fake_ood,real,,test_ood,3c95c6089c7cf8d9,resize05
0,so_fake_ood,real,,test_ood,3c95c6089c7cf8d9,resize025
0,so_fake_ood,real,,test_ood,3c95c6089c7cf8d9,noise002
0,so_fake_ood,real,,test_ood,3c95c6089c7cf8d9,noise005
0,so_fake_ood,real,,test_ood,3c95c6089c7cf8d9,noise01
0,so_fake_ood,real,,test_ood,3c95c6089c7cf8d9,jitter02
0,so_fake_ood,real,,test_ood,3c95c6089c7cf8d9,crop08
0,so_fake_ood,real,,test_ood,9358fc3146918843,clean
0,so_fake_ood,real,,test_ood,9358fc3146918843,jpeg90
0,so_fake_ood,real,,test_ood,9358fc3146918843,jpeg70
0,so_fake_ood,real,,test_ood,9358fc3146918843,jpeg50
0,so_fake_ood,real,,test_ood,9358fc3146918843,jpeg30
0,so_fake_ood,real,,test_ood,9358fc3146918843,blur05
0,so_fake_ood,real,,test_ood,9358fc3146918843,blur10
0,so_fake_ood,real,,test_ood,9358fc3146918843,blur20
0,so_fake_ood,real,,test_ood,9358fc3146918843,resize05
0,so_fake_ood,real,,test_ood,9358fc3146918843,resize025
0,so_fake_ood,real,,test_ood,9358fc3146918843,noise002
0,so_fake_ood,real,,test_ood,9358fc3146918843,noise005
0,so_fake_ood,real,,test_ood,9358fc3146918843,noise01
0,so_fake_ood,real,,test_ood,9358fc3146918843,jitter02
0,so_fake_ood,real,,test_ood,9358fc3146918843,crop08
0,so_fake_ood,real,,test_ood,0d914459563d5b4e,clean
0,so_fake_ood,real,,test_ood,0d914459563d5b4e,jpeg90
0,so_fake_ood,real,,test_ood,0d914459563d5b4e,jpeg70
0,so_fake_ood,real,,test_ood,0d914459563d5b4e,jpeg50
0,so_fake_ood,real,,test_ood,0d914459563d5b4e,jpeg30
0,so_fake_ood,real,,test_ood,0d914459563d5b4e,blur05
0,so_fake_ood,real,,test_ood,0d914459563d5b4e,blur10
0,so_fake_ood,real,,test_ood,0d914459563d5b4e,blur20
0,so_fake_ood,real,,test_ood,0d914459563d5b4e,resize05
0,so_fake_ood,real,,test_ood,0d914459563d5b4e,resize025
0,so_fake_ood,real,,test_ood,0d914459563d5b4e,noise002
0,so_fake_ood,real,,test_ood,0d914459563d5b4e,noise005
0,so_fake_ood,real,,test_ood,0d914459563d5b4e,noise01
0,so_fake_ood,real,,test_ood,0d914459563d5b4e,jitter02
0,so_fake_ood,real,,test_ood,0d914459563d5b4e,crop08
0,so_fake_ood,real,,test_ood,67272cb71567e227,clean
0,so_fake_ood,real,,test_ood,67272cb71567e227,jpeg90
0,so_fake_ood,real,,test_ood,67272cb71567e227,jpeg70
0,so_fake_ood,real,,test_ood,67272cb71567e227,jpeg50
0,so_fake_ood,real,,test_ood,67272cb71567e227,jpeg30
0,so_fake_ood,real,,test_ood,67272cb71567e227,blur05
0,so_fake_ood,real,,test_ood,67272cb71567e227,blur10
0,so_fake_ood,real,,test_ood,67272cb71567e227,blur20
0,so_fake_ood,real,,test_ood,67272cb71567e227,resize05
0,so_fake_ood,real,,test_ood,67272cb71567e227,resize025
0,so_fake_ood,real,,test_ood,67272cb71567e227,noise002
0,so_fake_ood,real,,test_ood,67272cb71567e227,noise005
0,so_fake_ood,real,,test_ood,67272cb71567e227,noise01
0,so_fake_ood,real,,test_ood,67272cb71567e227,jitter02
0,so_fake_ood,real,,test_ood,67272cb71567e227,crop08
0,so_fake_ood,real,,test_ood,de5386acbf894e5a,clean
0,so_fake_ood,real,,test_ood,de5386acbf894e5a,jpeg90
0,so_fake_ood,real,,test_ood,de5386acbf894e5a,jpeg70
0,so_fake_ood,real,,test_ood,de5386acbf894e5a,jpeg50
0,so_fake_ood,real,,test_ood,de5386acbf894e5a,jpeg30
0,so_fake_ood,real,,test_ood,de5386acbf894e5a,blur05
0,so_fake_ood,real,,test_ood,de5386acbf894e5a,blur10
0,so_fake_ood,real,,test_ood,de5386acbf894e5a,blur20
0,so_fake_ood,real,,test_ood,de5386acbf894e5a,resize05
0,so_fake_ood,real,,test_ood,de5386acbf894e5a,resize025
0,so_fake_ood,real,,test_ood,de5386acbf894e5a,noise002
0,so_fake_ood,real,,test_ood,de5386acbf894e5a,noise005
0,so_fake_ood,real,,test_ood,de5386acbf894e5a,noise01
0,so_fake_ood,real,,test_ood,de5386acbf894e5a,jitter02
0,so_fake_ood,real,,test_ood,de5386acbf894e5a,crop08
0,so_fake_ood,real,,test_ood,034eb5bc82f8abc3,clean
0,so_fake_ood,real,,test_ood,034eb5bc82f8abc3,jpeg90
0,so_fake_ood,real,,test_ood,034eb5bc82f8abc3,jpeg70
0,so_fake_ood,real,,test_ood,034eb5bc82f8abc3,jpeg50
0,so_fake_ood,real,,test_ood,034eb5bc82f8abc3,jpeg30
0,so_fake_ood,real,,test_ood,034eb5bc82f8abc3,blur05
0,so_fake_ood,real,,test_ood,034eb5bc82f8abc3,blur10
0,so_fake_ood,real,,test_ood,034eb5bc82f8abc3,blur20
0,so_fake_ood,real,,test_ood,034eb5bc82f8abc3,resize05
0,so_fake_ood,real,,test_ood,034eb5bc82f8abc3,resize025
0,so_fake_ood,real,,test_ood,034eb5bc82f8abc3,noise002
0,so_fake_ood,real,,test_ood,034eb5bc82f8abc3,noise005
0,so_fake_ood,real,,test_ood,034eb5bc82f8abc3,noise01
0,so_fake_ood,real,,test_ood,034eb5bc82f8abc3,jitter02
0,so_fake_ood,real,,test_ood,034eb5bc82f8abc3,crop08
0,so_fake_ood,real,,test_ood,82c8065ad82468d6,clean
0,so_fake_ood,real,,test_ood,82c8065ad82468d6,jpeg90
0,so_fake_ood,real,,test_ood,82c8065ad82468d6,jpeg70
0,so_fake_ood,real,,test_ood,82c8065ad82468d6,jpeg50
0,so_fake_ood,real,,test_ood,82c8065ad82468d6,jpeg30
0,so_fake_ood,real,,test_ood,82c8065ad82468d6,blur05
0,so_fake_ood,real,,test_ood,82c8065ad82468d6,blur10
0,so_fake_ood,real,,test_ood,82c8065ad82468d6,blur20
0,so_fake_ood,real,,test_ood,82c8065ad82468d6,resize05
0,so_fake_ood,real,,test_ood,82c8065ad82468d6,resize025
0,so_fake_ood,real,,test_ood,82c8065ad82468d6,noise002
0,so_fake_ood,real,,test_ood,82c8065ad82468d6,noise005
0,so_fake_ood,real,,test_ood,82c8065ad82468d6,noise01
0,so_fake_ood,real,,test_ood,82c8065ad82468d6,jitter02
0,so_fake_ood,real,,test_ood,82c8065ad82468d6,crop08
0,so_fake_ood,real,,test_ood,85d30a5aecc7a1da,clean
0,so_fake_ood,real,,test_ood,85d30a5aecc7a1da,jpeg90
0,so_fake_ood,real,,test_ood,85d30a5aecc7a1da,jpeg70
0,so_fake_ood,real,,test_ood,85d30a5aecc7a1da,jpeg50
0,so_fake_ood,real,,test_ood,85d30a5aecc7a1da,jpeg30
0,so_fake_ood,real,,test_ood,85d30a5aecc7a1da,blur05
0,so_fake_ood,real,,test_ood,85d30a5aecc7a1da,blur10
0,so_fake_ood,real,,test_ood,85d30a5aecc7a1da,blur20
0,so_fake_ood,real,,test_ood,85d30a5aecc7a1da,resize05
0,so_fake_ood,real,,test_ood,85d30a5aecc7a1da,resize025
0,so_fake_ood,real,,test_ood,85d30a5aecc7a1da,noise002
0,so_fake_ood,real,,test_ood,85d30a5aecc7a1da,noise005
0,so_fake_ood,real,,test_ood,85d30a5aecc7a1da,noise01
0,so_fake_ood,real,,test_ood,85d30a5aecc7a1da,jitter02
0,so_fake_ood,real,,test_ood,85d30a5aecc7a1da,crop08
0,so_fake_ood,real,,test_ood,2700b907d6991047,clean
0,so_fake_ood,real,,test_ood,2700b907d6991047,jpeg90
0,so_fake_ood,real,,test_ood,2700b907d6991047,jpeg70
0,so_fake_ood,real,,test_ood,2700b907d6991047,jpeg50
0,so_fake_ood,real,,test_ood,2700b907d6991047,jpeg30
0,so_fake_ood,real,,test_ood,2700b907d6991047,blur05
0,so_fake_ood,real,,test_ood,2700b907d6991047,blur10
0,so_fake_ood,real,,test_ood,2700b907d6991047,blur20
0,so_fake_ood,real,,test_ood,2700b907d6991047,resize05
0,so_fake_ood,real,,test_ood,2700b907d6991047,resize025
0,so_fake_ood,real,,test_ood,2700b907d6991047,noise002
0,so_fake_ood,real,,test_ood,2700b907d6991047,noise005
0,so_fake_ood,real,,test_ood,2700b907d6991047,noise01
0,so_fake_ood,real,,test_ood,2700b907d6991047,jitter02
0,so_fake_ood,real,,test_ood,2700b907d6991047,crop08
0,so_fake_ood,real,,test_ood,e7928ce9b9b1638e,clean
0,so_fake_ood,real,,test_ood,e7928ce9b9b1638e,jpeg90
0,so_fake_ood,real,,test_ood,e7928ce9b9b1638e,jpeg70
0,so_fake_ood,real,,test_ood,e7928ce9b9b1638e,jpeg50
0,so_fake_ood,real,,test_ood,e7928ce9b9b1638e,jpeg30
0,so_fake_ood,real,,test_ood,e7928ce9b9b1638e,blur05
0,so_fake_ood,real,,test_ood,e7928ce9b9b1638e,blur10
0,so_fake_ood,real,,test_ood,e7928ce9b9b1638e,blur20
0,so_fake_ood,real,,test_ood,e7928ce9b9b1638e,resize05
0,so_fake_ood,real,,test_ood,e7928ce9b9b1638e,resize025
0,so_fake_ood,real,,test_ood,e7928ce9b9b1638e,noise002
0,so_fake_ood,real,,test_ood,e7928ce9b9b1638e,noise005
0,so_fake_ood,real,,test_ood,e7928ce9b9b1638e,noise01
0,so_fake_ood,real,,test_ood,e7928ce9b9b1638e,jitter02
0,so_fake_ood,real,,test_ood,e7928ce9b9b1638e,crop08
0,so_fake_ood,real,,test_ood,510c02f6f5109214,clean
0,so_fake_ood,real,,test_ood,510c02f6f5109214,jpeg90
0,so_fake_ood,real,,test_ood,510c02f6f5109214,jpeg70
0,so_fake_ood,real,,test_ood,510c02f6f5109214,jpeg50
0,so_fake_ood,real,,test_ood,510c02f6f5109214,jpeg30
0,so_fake_ood,real,,test_ood,510c02f6f5109214,blur05
0,so_fake_ood,real,,test_ood,510c02f6f5109214,blur10
0,so_fake_ood,real,,test_ood,510c02f6f5109214,blur20
0,so_fake_ood,real,,test_ood,510c02f6f5109214,resize05
0,so_fake_ood,real,,test_ood,510c02f6f5109214,resize025
0,so_fake_ood,real,,test_ood,510c02f6f5109214,noise002
0,so_fake_ood,real,,test_ood,510c02f6f5109214,noise005
0,so_fake_ood,real,,test_ood,510c02f6f5109214,noise01
0,so_fake_ood,real,,test_ood,510c02f6f5109214,jitter02
0,so_fake_ood,real,,test_ood,510c02f6f5109214,crop08
0,so_fake_ood,real,,test_ood,dd68b9a7d5facff8,clean
0,so_fake_ood,real,,test_ood,dd68b9a7d5facff8,jpeg90
0,so_fake_ood,real,,test_ood,dd68b9a7d5facff8,jpeg70
0,so_fake_ood,real,,test_ood,dd68b9a7d5facff8,jpeg50
0,so_fake_ood,real,,test_ood,dd68b9a7d5facff8,jpeg30
0,so_fake_ood,real,,test_ood,dd68b9a7d5facff8,blur05
0,so_fake_ood,real,,test_ood,dd68b9a7d5facff8,blur10
0,so_fake_ood,real,,test_ood,dd68b9a7d5facff8,blur20
0,so_fake_ood,real,,test_ood,dd68b9a7d5facff8,resize05
0,so_fake_ood,real,,test_ood,dd68b9a7d5facff8,resize025
0,so_fake_ood,real,,test_ood,dd68b9a7d5facff8,noise002
0,so_fake_ood,real,,test_ood,dd68b9a7d5facff8,noise005
0,so_fake_ood,real,,test_ood,dd68b9a7d5facff8,noise01
0,so_fake_ood,real,,test_ood,dd68b9a7d5facff8,jitter02
0,so_fake_ood,real,,test_ood,dd68b9a7d5facff8,crop08
0,so_fake_ood,real,,test_ood,966450a5a5ddb7bf,clean
0,so_fake_ood,real,,test_ood,966450a5a5ddb7bf,jpeg90
0,so_fake_ood,real,,test_ood,966450a5a5ddb7bf,jpeg70
0,so_fake_ood,real,,test_ood,966450a5a5ddb7bf,jpeg50
0,so_fake_ood,real,,test_ood,966450a5a5ddb7bf,jpeg30
0,so_fake_ood,real,,test_ood,966450a5a5ddb7bf,blur05
0,so_fake_ood,real,,test_ood,966450a5a5ddb7bf,blur10
0,so_fake_ood,real,,test_ood,966450a5a5ddb7bf,blur20
0,so_fake_ood,real,,test_ood,966450a5a5ddb7bf,resize05
0,so_fake_ood,real,,test_ood,966450a5a5ddb7bf,resize025
0,so_fake_ood,real,,test_ood,966450a5a5ddb7bf,noise002
0,so_fake_ood,real,,test_ood,966450a5a5ddb7bf,noise005
0,so_fake_ood,real,,test_ood,966450a5a5ddb7bf,noise01
0,so_fake_ood,real,,test_ood,966450a5a5ddb7bf,jitter02
0,so_fake_ood,real,,test_ood,966450a5a5ddb7bf,crop08
0,so_fake_ood,real,,test_ood,c63cc91b42b64379,clean
0,so_fake_ood,real,,test_ood,c63cc91b42b64379,jpeg90
0,so_fake_ood,real,,test_ood,c63cc91b42b64379,jpeg70
0,so_fake_ood,real,,test_ood,c63cc91b42b64379,jpeg50
0,so_fake_ood,real,,test_ood,c63cc91b42b64379,jpeg30
0,so_fake_ood,real,,test_ood,c63cc91b42b64379,blur05
0,so_fake_ood,real,,test_ood,c63cc91b42b64379,blur10
0,so_fake_ood,real,,test_ood,c63cc91b42b64379,blur20
0,so_fake_ood,real,,test_ood,c63cc91b42b64379,resize05
0,so_fake_ood,real,,test_ood,c63cc91b42b64379,resize025
0,so_fake_ood,real,,test_ood,c63cc91b42b64379,noise002
0,so_fake_ood,real,,test_ood,c63cc91b42b64379,noise005
0,so_fake_ood,real,,test_ood,c63cc91b42b64379,noise01
0,so_fake_ood,real,,test_ood,c63cc91b42b64379,jitter02
0,so_fake_ood,real,,test_ood,c63cc91b42b64379,crop08
0,so_fake_ood,real,,test_ood,fca5af4de8370ee7,clean
0,so_fake_ood,real,,test_ood,fca5af4de8370ee7,jpeg90
0,so_fake_ood,real,,test_ood,fca5af4de8370ee7,jpeg70
0,so_fake_ood,real,,test_ood,fca5af4de8370ee7,jpeg50
0,so_fake_ood,real,,test_ood,fca5af4de8370ee7,jpeg30
0,so_fake_ood,real,,test_ood,fca5af4de8370ee7,blur05
0,so_fake_ood,real,,test_ood,fca5af4de8370ee7,blur10
0,so_fake_ood,real,,test_ood,fca5af4de8370ee7,blur20
0,so_fake_ood,real,,test_ood,fca5af4de8370ee7,resize05
0,so_fake_ood,real,,test_ood,fca5af4de8370ee7,resize025
0,so_fake_ood,real,,test_ood,fca5af4de8370ee7,noise002
0,so_fake_ood,real,,test_ood,fca5af4de8370ee7,noise005
0,so_fake_ood,real,,test_ood,fca5af4de8370ee7,noise01
0,so_fake_ood,real,,test_ood,fca5af4de8370ee7,jitter02
0,so_fake_ood,real,,test_ood,fca5af4de8370ee7,crop08
0,so_fake_ood,real,,test_ood,cb9ac10ea867f4e5,clean
0,so_fake_ood,real,,test_ood,cb9ac10ea867f4e5,jpeg90
0,so_fake_ood,real,,test_ood,cb9ac10ea867f4e5,jpeg70
0,so_fake_ood,real,,test_ood,cb9ac10ea867f4e5,jpeg50
0,so_fake_ood,real,,test_ood,cb9ac10ea867f4e5,jpeg30
0,so_fake_ood,real,,test_ood,cb9ac10ea867f4e5,blur05
0,so_fake_ood,real,,test_ood,cb9ac10ea867f4e5,blur10
0,so_fake_ood,real,,test_ood,cb9ac10ea867f4e5,blur20
0,so_fake_ood,real,,test_ood,cb9ac10ea867f4e5,resize05
0,so_fake_ood,real,,test_ood,cb9ac10ea867f4e5,resize025
0,so_fake_ood,real,,test_ood,cb9ac10ea867f4e5,noise002
0,so_fake_ood,real,,test_ood,cb9ac10ea867f4e5,noise005
0,so_fake_ood,real,,test_ood,cb9ac10ea867f4e5,noise01
0,so_fake_ood,real,,test_ood,cb9ac10ea867f4e5,jitter02
0,so_fake_ood,real,,test_ood,cb9ac10ea867f4e5,crop08
0,so_fake_ood,real,,test_ood,4aae949776ff2d7b,clean
0,so_fake_ood,real,,test_ood,4aae949776ff2d7b,jpeg90
0,so_fake_ood,real,,test_ood,4aae949776ff2d7b,jpeg70
0,so_fake_ood,real,,test_ood,4aae949776ff2d7b,jpeg50
0,so_fake_ood,real,,test_ood,4aae949776ff2d7b,jpeg30
0,so_fake_ood,real,,test_ood,4aae949776ff2d7b,blur05
0,so_fake_ood,real,,test_ood,4aae949776ff2d7b,blur10
0,so_fake_ood,real,,test_ood,4aae949776ff2d7b,blur20
0,so_fake_ood,real,,test_ood,4aae949776ff2d7b,resize05
0,so_fake_ood,real,,test_ood,4aae949776ff2d7b,resize025
0,so_fake_ood,real,,test_ood,4aae949776ff2d7b,noise002
0,so_fake_ood,real,,test_ood,4aae949776ff2d7b,noise005
0,so_fake_ood,real,,test_ood,4aae949776ff2d7b,noise01
0,so_fake_ood,real,,test_ood,4aae949776ff2d7b,jitter02
0,so_fake_ood,real,,test_ood,4aae949776ff2d7b,crop08
0,so_fake_ood,real,,test_ood,902a0b392945f24f,clean
0,so_fake_ood,real,,test_ood,902a0b392945f24f,jpeg90
0,so_fake_ood,real,,test_ood,902a0b392945f24f,jpeg70
0,so_fake_ood,real,,test_ood,902a0b392945f24f,jpeg50
0,so_fake_ood,real,,test_ood,902a0b392945f24f,jpeg30
0,so_fake_ood,real,,test_ood,902a0b392945f24f,blur05
0,so_fake_ood,real,,test_ood,902a0b392945f24f,blur10
0,so_fake_ood,real,,test_ood,902a0b392945f24f,blur20
0,so_fake_ood,real,,test_ood,902a0b392945f24f,resize05
0,so_fake_ood,real,,test_ood,902a0b392945f24f,resize025
0,so_fake_ood,real,,test_ood,902a0b392945f24f,noise002
0,so_fake_ood,real,,test_ood,902a0b392945f24f,noise005
0,so_fake_ood,real,,test_ood,902a0b392945f24f,noise01
0,so_fake_ood,real,,test_ood,902a0b392945f24f,jitter02
0,so_fake_ood,real,,test_ood,902a0b392945f24f,crop08
0,so_fake_ood,real,,test_ood,f49d96c2163cfa94,clean
0,so_fake_ood,real,,test_ood,f49d96c2163cfa94,jpeg90
0,so_fake_ood,real,,test_ood,f49d96c2163cfa94,jpeg70
0,so_fake_ood,real,,test_ood,f49d96c2163cfa94,jpeg50
0,so_fake_ood,real,,test_ood,f49d96c2163cfa94,jpeg30
0,so_fake_ood,real,,test_ood,f49d96c2163cfa94,blur05
0,so_fake_ood,real,,test_ood,f49d96c2163cfa94,blur10
0,so_fake_ood,real,,test_ood,f49d96c2163cfa94,blur20
0,so_fake_ood,real,,test_ood,f49d96c2163cfa94,resize05
0,so_fake_ood,real,,test_ood,f49d96c2163cfa94,resize025
0,so_fake_ood,real,,test_ood,f49d96c2163cfa94,noise002
0,so_fake_ood,real,,test_ood,f49d96c2163cfa94,noise005
0,so_fake_ood,real,,test_ood,f49d96c2163cfa94,noise01
0,so_fake_ood,real,,test_ood,f49d96c2163cfa94,jitter02
0,so_fake_ood,real,,test_ood,f49d96c2163cfa94,crop08
0,so_fake_ood,real,,test_ood,4f69a588c27b504e,clean
0,so_fake_ood,real,,test_ood,4f69a588c27b504e,jpeg90
0,so_fake_ood,real,,test_ood,4f69a588c27b504e,jpeg70
0,so_fake_ood,real,,test_ood,4f69a588c27b504e,jpeg50
0,so_fake_ood,real,,test_ood,4f69a588c27b504e,jpeg30
0,so_fake_ood,real,,test_ood,4f69a588c27b504e,blur05
0,so_fake_ood,real,,test_ood,4f69a588c27b504e,blur10
0,so_fake_ood,real,,test_ood,4f69a588c27b504e,blur20
0,so_fake_ood,real,,test_ood,4f69a588c27b504e,resize05
0,so_fake_ood,real,,test_ood,4f69a588c27b504e,resize025
0,so_fake_ood,real,,test_ood,4f69a588c27b504e,noise002
0,so_fake_ood,real,,test_ood,4f69a588c27b504e,noise005
0,so_fake_ood,real,,test_ood,4f69a588c27b504e,noise01
0,so_fake_ood,real,,test_ood,4f69a588c27b504e,jitter02
0,so_fake_ood,real,,test_ood,4f69a588c27b504e,crop08
0,so_fake_ood,real,,test_ood,30deb552fb963d47,clean
0,so_fake_ood,real,,test_ood,30deb552fb963d47,jpeg90
0,so_fake_ood,real,,test_ood,30deb552fb963d47,jpeg70
0,so_fake_ood,real,,test_ood,30deb552fb963d47,jpeg50
0,so_fake_ood,real,,test_ood,30deb552fb963d47,jpeg30
0,so_fake_ood,real,,test_ood,30deb552fb963d47,blur05
0,so_fake_ood,real,,test_ood,30deb552fb963d47,blur10
0,so_fake_ood,real,,test_ood,30deb552fb963d47,blur20
0,so_fake_ood,real,,test_ood,30deb552fb963d47,resize05
0,so_fake_ood,real,,test_ood,30deb552fb963d47,resize025
0,so_fake_ood,real,,test_ood,30deb552fb963d47,noise002
0,so_fake_ood,real,,test_ood,30deb552fb963d47,noise005
0,so_fake_ood,real,,test_ood,30deb552fb963d47,noise01
0,so_fake_ood,real,,test_ood,30deb552fb963d47,jitter02
0,so_fake_ood,real,,test_ood,30deb552fb963d47,crop08
0,so_fake_ood,real,,test_ood,8d9bd2a2789c5677,clean
0,so_fake_ood,real,,test_ood,8d9bd2a2789c5677,jpeg90
0,so_fake_ood,real,,test_ood,8d9bd2a2789c5677,jpeg70
0,so_fake_ood,real,,test_ood,8d9bd2a2789c5677,jpeg50
0,so_fake_ood,real,,test_ood,8d9bd2a2789c5677,jpeg30
0,so_fake_ood,real,,test_ood,8d9bd2a2789c5677,blur05
0,so_fake_ood,real,,test_ood,8d9bd2a2789c5677,blur10
0,so_fake_ood,real,,test_ood,8d9bd2a2789c5677,blur20
0,so_fake_ood,real,,test_ood,8d9bd2a2789c5677,resize05
0,so_fake_ood,real,,test_ood,8d9bd2a2789c5677,resize025
0,so_fake_ood,real,,test_ood,8d9bd2a2789c5677,noise002
0,so_fake_ood,real,,test_ood,8d9bd2a2789c5677,noise005
0,so_fake_ood,real,,test_ood,8d9bd2a2789c5677,noise01
0,so_fake_ood,real,,test_ood,8d9bd2a2789c5677,jitter02
0,so_fake_ood,real,,test_ood,8d9bd2a2789c5677,crop08
0,so_fake_ood,real,,test_ood,dcaabcbca8581e00,clean
0,so_fake_ood,real,,test_ood,dcaabcbca8581e00,jpeg90
0,so_fake_ood,real,,test_ood,dcaabcbca8581e00,jpeg70
0,so_fake_ood,real,,test_ood,dcaabcbca8581e00,jpeg50
0,so_fake_ood,real,,test_ood,dcaabcbca8581e00,jpeg30
0,so_fake_ood,real,,test_ood,dcaabcbca8581e00,blur05
0,so_fake_ood,real,,test_ood,dcaabcbca8581e00,blur10
0,so_fake_ood,real,,test_ood,dcaabcbca8581e00,blur20
0,so_fake_ood,real,,test_ood,dcaabcbca8581e00,resize05
0,so_fake_ood,real,,test_ood,dcaabcbca8581e00,resize025
0,so_fake_ood,real,,test_ood,dcaabcbca8581e00,noise002
0,so_fake_ood,real,,test_ood,dcaabcbca8581e00,noise005
0,so_fake_ood,real,,test_ood,dcaabcbca8581e00,noise01
0,so_fake_ood,real,,test_ood,dcaabcbca8581e00,jitter02
0,so_fake_ood,real,,test_ood,dcaabcbca8581e00,crop08
0,so_fake_ood,real,,test_ood,be3d8797bec83e71,clean
0,so_fake_ood,real,,test_ood,be3d8797bec83e71,jpeg90
0,so_fake_ood,real,,test_ood,be3d8797bec83e71,jpeg70
0,so_fake_ood,real,,test_ood,be3d8797bec83e71,jpeg50
0,so_fake_ood,real,,test_ood,be3d8797bec83e71,jpeg30
0,so_fake_ood,real,,test_ood,be3d8797bec83e71,blur05
0,so_fake_ood,real,,test_ood,be3d8797bec83e71,blur10
0,so_fake_ood,real,,test_ood,be3d8797bec83e71,blur20
0,so_fake_ood,real,,test_ood,be3d8797bec83e71,resize05
0,so_fake_ood,real,,test_ood,be3d8797bec83e71,resize025
0,so_fake_ood,real,,test_ood,be3d8797bec83e71,noise002
0,so_fake_ood,real,,test_ood,be3d8797bec83e71,noise005
0,so_fake_ood,real,,test_ood,be3d8797bec83e71,noise01
0,so_fake_ood,real,,test_ood,be3d8797bec83e71,jitter02
0,so_fake_ood,real,,test_ood,be3d8797bec83e71,crop08
0,so_fake_ood,real,,test_ood,d0f98667634c34d8,clean
0,so_fake_ood,real,,test_ood,d0f98667634c34d8,jpeg90
0,so_fake_ood,real,,test_ood,d0f98667634c34d8,jpeg70
0,so_fake_ood,real,,test_ood,d0f98667634c34d8,jpeg50
0,so_fake_ood,real,,test_ood,d0f98667634c34d8,jpeg30
0,so_fake_ood,real,,test_ood,d0f98667634c34d8,blur05
0,so_fake_ood,real,,test_ood,d0f98667634c34d8,blur10
0,so_fake_ood,real,,test_ood,d0f98667634c34d8,blur20
0,so_fake_ood,real,,test_ood,d0f98667634c34d8,resize05
0,so_fake_ood,real,,test_ood,d0f98667634c34d8,resize025
0,so_fake_ood,real,,test_ood,d0f98667634c34d8,noise002
0,so_fake_ood,real,,test_ood,d0f98667634c34d8,noise005
0,so_fake_ood,real,,test_ood,d0f98667634c34d8,noise01
0,so_fake_ood,real,,test_ood,d0f98667634c34d8,jitter02
0,so_fake_ood,real,,test_ood,d0f98667634c34d8,crop08
0,so_fake_ood,real,,test_ood,20bc26da822691ae,clean
0,so_fake_ood,real,,test_ood,20bc26da822691ae,jpeg90
0,so_fake_ood,real,,test_ood,20bc26da822691ae,jpeg70
0,so_fake_ood,real,,test_ood,20bc26da822691ae,jpeg50
0,so_fake_ood,real,,test_ood,20bc26da822691ae,jpeg30
0,so_fake_ood,real,,test_ood,20bc26da822691ae,blur05
0,so_fake_ood,real,,test_ood,20bc26da822691ae,blur10
0,so_fake_ood,real,,test_ood,20bc26da822691ae,blur20
0,so_fake_ood,real,,test_ood,20bc26da822691ae,resize05
0,so_fake_ood,real,,test_ood,20bc26da822691ae,resize025
0,so_fake_ood,real,,test_ood,20bc26da822691ae,noise002
0,so_fake_ood,real,,test_ood,20bc26da822691ae,noise005
0,so_fake_ood,real,,test_ood,20bc26da822691ae,noise01
0,so_fake_ood,real,,test_ood,20bc26da822691ae,jitter02
0,so_fake_ood,real,,test_ood,20bc26da822691ae,crop08
0,so_fake_ood,real,,test_ood,243bb1a18b854a78,clean
0,so_fake_ood,real,,test_ood,243bb1a18b854a78,jpeg90
0,so_fake_ood,real,,test_ood,243bb1a18b854a78,jpeg70
0,so_fake_ood,real,,test_ood,243bb1a18b854a78,jpeg50
0,so_fake_ood,real,,test_ood,243bb1a18b854a78,jpeg30
0,so_fake_ood,real,,test_ood,243bb1a18b854a78,blur05
0,so_fake_ood,real,,test_ood,243bb1a18b854a78,blur10
0,so_fake_ood,real,,test_ood,243bb1a18b854a78,blur20
0,so_fake_ood,real,,test_ood,243bb1a18b854a78,resize05
0,so_fake_ood,real,,test_ood,243bb1a18b854a78,resize025
0,so_fake_ood,real,,test_ood,243bb1a18b854a78,noise002
0,so_fake_ood,real,,test_ood,243bb1a18b854a78,noise005
0,so_fake_ood,real,,test_ood,243bb1a18b854a78,noise01
0,so_fake_ood,real,,test_ood,243bb1a18b854a78,jitter02
0,so_fake_ood,real,,test_ood,243bb1a18b854a78,crop08
0,so_fake_ood,real,,test_ood,955cf998288cbdd0,clean
0,so_fake_ood,real,,test_ood,955cf998288cbdd0,jpeg90
0,so_fake_ood,real,,test_ood,955cf998288cbdd0,jpeg70
0,so_fake_ood,real,,test_ood,955cf998288cbdd0,jpeg50
0,so_fake_ood,real,,test_ood,955cf998288cbdd0,jpeg30
0,so_fake_ood,real,,test_ood,955cf998288cbdd0,blur05
0,so_fake_ood,real,,test_ood,955cf998288cbdd0,blur10
0,so_fake_ood,real,,test_ood,955cf998288cbdd0,blur20
0,so_fake_ood,real,,test_ood,955cf998288cbdd0,resize05
0,so_fake_ood,real,,test_ood,955cf998288cbdd0,resize025
0,so_fake_ood,real,,test_ood,955cf998288cbdd0,noise002
0,so_fake_ood,real,,test_ood,955cf998288cbdd0,noise005
0,so_fake_ood,real,,test_ood,955cf998288cbdd0,noise01
0,so_fake_ood,real,,test_ood,955cf998288cbdd0,jitter02
0,so_fake_ood,real,,test_ood,955cf998288cbdd0,crop08
0,so_fake_ood,real,,test_ood,ebfe00ca8e18770a,clean
0,so_fake_ood,real,,test_ood,ebfe00ca8e18770a,jpeg90
0,so_fake_ood,real,,test_ood,ebfe00ca8e18770a,jpeg70
0,so_fake_ood,real,,test_ood,ebfe00ca8e18770a,jpeg50
0,so_fake_ood,real,,test_ood,ebfe00ca8e18770a,jpeg30
0,so_fake_ood,real,,test_ood,ebfe00ca8e18770a,blur05
0,so_fake_ood,real,,test_ood,ebfe00ca8e18770a,blur10
0,so_fake_ood,real,,test_ood,ebfe00ca8e18770a,blur20
0,so_fake_ood,real,,test_ood,ebfe00ca8e18770a,resize05
0,so_fake_ood,real,,test_ood,ebfe00ca8e18770a,resize025
0,so_fake_ood,real,,test_ood,ebfe00ca8e18770a,noise002
0,so_fake_ood,real,,test_ood,ebfe00ca8e18770a,noise005
0,so_fake_ood,real,,test_ood,ebfe00ca8e18770a,noise01
0,so_fake_ood,real,,test_ood,ebfe00ca8e18770a,jitter02
0,so_fake_ood,real,,test_ood,ebfe00ca8e18770a,crop08
0,so_fake_ood,real,,test_ood,f77ca07a472ca21d,clean
0,so_fake_ood,real,,test_ood,f77ca07a472ca21d,jpeg90
0,so_fake_ood,real,,test_ood,f77ca07a472ca21d,jpeg70
0,so_fake_ood,real,,test_ood,f77ca07a472ca21d,jpeg50
0,so_fake_ood,real,,test_ood,f77ca07a472ca21d,jpeg30
0,so_fake_ood,real,,test_ood,f77ca07a472ca21d,blur05
0,so_fake_ood,real,,test_ood,f77ca07a472ca21d,blur10
0,so_fake_ood,real,,test_ood,f77ca07a472ca21d,blur20
0,so_fake_ood,real,,test_ood,f77ca07a472ca21d,resize05
0,so_fake_ood,real,,test_ood,f77ca07a472ca21d,resize025
0,so_fake_ood,real,,test_ood,f77ca07a472ca21d,noise002
0,so_fake_ood,real,,test_ood,f77ca07a472ca21d,noise005
0,so_fake_ood,real,,test_ood,f77ca07a472ca21d,noise01
0,so_fake_ood,real,,test_ood,f77ca07a472ca21d,jitter02
0,so_fake_ood,real,,test_ood,f77ca07a472ca21d,crop08
0,so_fake_ood,real,,test_ood,8f34a55356d3ba9b,clean
0,so_fake_ood,real,,test_ood,8f34a55356d3ba9b,jpeg90
0,so_fake_ood,real,,test_ood,8f34a55356d3ba9b,jpeg70
0,so_fake_ood,real,,test_ood,8f34a55356d3ba9b,jpeg50
0,so_fake_ood,real,,test_ood,8f34a55356d3ba9b,jpeg30
0,so_fake_ood,real,,test_ood,8f34a55356d3ba9b,blur05
0,so_fake_ood,real,,test_ood,8f34a55356d3ba9b,blur10
0,so_fake_ood,real,,test_ood,8f34a55356d3ba9b,blur20
0,so_fake_ood,real,,test_ood,8f34a55356d3ba9b,resize05
0,so_fake_ood,real,,test_ood,8f34a55356d3ba9b,resize025
0,so_fake_ood,real,,test_ood,8f34a55356d3ba9b,noise002
0,so_fake_ood,real,,test_ood,8f34a55356d3ba9b,noise005
0,so_fake_ood,real,,test_ood,8f34a55356d3ba9b,noise01
0,so_fake_ood,real,,test_ood,8f34a55356d3ba9b,jitter02
0,so_fake_ood,real,,test_ood,8f34a55356d3ba9b,crop08
0,so_fake_ood,real,,test_ood,54c82511afefbec9,clean
0,so_fake_ood,real,,test_ood,54c82511afefbec9,jpeg90
0,so_fake_ood,real,,test_ood,54c82511afefbec9,jpeg70
0,so_fake_ood,real,,test_ood,54c82511afefbec9,jpeg50
0,so_fake_ood,real,,test_ood,54c82511afefbec9,jpeg30
0,so_fake_ood,real,,test_ood,54c82511afefbec9,blur05
0,so_fake_ood,real,,test_ood,54c82511afefbec9,blur10
0,so_fake_ood,real,,test_ood,54c82511afefbec9,blur20
0,so_fake_ood,real,,test_ood,54c82511afefbec9,resize05
0,so_fake_ood,real,,test_ood,54c82511afefbec9,resize025
0,so_fake_ood,real,,test_ood,54c82511afefbec9,noise002
0,so_fake_ood,real,,test_ood,54c82511afefbec9,noise005
0,so_fake_ood,real,,test_ood,54c82511afefbec9,noise01
0,so_fake_ood,real,,test_ood,54c82511afefbec9,jitter02
0,so_fake_ood,real,,test_ood,54c82511afefbec9,crop08
0,so_fake_ood,real,,test_ood,373a85cdc9f1222a,clean
0,so_fake_ood,real,,test_ood,373a85cdc9f1222a,jpeg90
0,so_fake_ood,real,,test_ood,373a85cdc9f1222a,jpeg70
0,so_fake_ood,real,,test_ood,373a85cdc9f1222a,jpeg50
0,so_fake_ood,real,,test_ood,373a85cdc9f1222a,jpeg30
0,so_fake_ood,real,,test_ood,373a85cdc9f1222a,blur05
0,so_fake_ood,real,,test_ood,373a85cdc9f1222a,blur10
0,so_fake_ood,real,,test_ood,373a85cdc9f1222a,blur20
0,so_fake_ood,real,,test_ood,373a85cdc9f1222a,resize05
0,so_fake_ood,real,,test_ood,373a85cdc9f1222a,resize025
0,so_fake_ood,real,,test_ood,373a85cdc9f1222a,noise002
0,so_fake_ood,real,,test_ood,373a85cdc9f1222a,noise005
0,so_fake_ood,real,,test_ood,373a85cdc9f1222a,noise01
0,so_fake_ood,real,,test_ood,373a85cdc9f1222a,jitter02
0,so_fake_ood,real,,test_ood,373a85cdc9f1222a,crop08
0,so_fake_ood,real,,test_ood,2ecdf612afc12c41,clean
0,so_fake_ood,real,,test_ood,2ecdf612afc12c41,jpeg90
0,so_fake_ood,real,,test_ood,2ecdf612afc12c41,jpeg70
0,so_fake_ood,real,,test_ood,2ecdf612afc12c41,jpeg50
0,so_fake_ood,real,,test_ood,2ecdf612afc12c41,jpeg30
0,so_fake_ood,real,,test_ood,2ecdf612afc12c41,blur05
0,so_fake_ood,real,,test_ood,2ecdf612afc12c41,blur10
0,so_fake_ood,real,,test_ood,2ecdf612afc12c41,blur20
0,so_fake_ood,real,,test_ood,2ecdf612afc12c41,resize05
0,so_fake_ood,real,,test_ood,2ecdf612afc12c41,resize025
0,so_fake_ood,real,,test_ood,2ecdf612afc12c41,noise002
0,so_fake_ood,real,,test_ood,2ecdf612afc12c41,noise005
0,so_fake_ood,real,,test_ood,2ecdf612afc12c41,noise01
0,so_fake_ood,real,,test_ood,2ecdf612afc12c41,jitter02
0,so_fake_ood,real,,test_ood,2ecdf612afc12c41,crop08
0,so_fake_ood,real,,test_ood,838b8553000a3b1e,clean
0,so_fake_ood,real,,test_ood,838b8553000a3b1e,jpeg90
0,so_fake_ood,real,,test_ood,838b8553000a3b1e,jpeg70
0,so_fake_ood,real,,test_ood,838b8553000a3b1e,jpeg50
0,so_fake_ood,real,,test_ood,838b8553000a3b1e,jpeg30
0,so_fake_ood,real,,test_ood,838b8553000a3b1e,blur05
0,so_fake_ood,real,,test_ood,838b8553000a3b1e,blur10
0,so_fake_ood,real,,test_ood,838b8553000a3b1e,blur20
0,so_fake_ood,real,,test_ood,838b8553000a3b1e,resize05
0,so_fake_ood,real,,test_ood,838b8553000a3b1e,resize025
0,so_fake_ood,real,,test_ood,838b8553000a3b1e,noise002
0,so_fake_ood,real,,test_ood,838b8553000a3b1e,noise005
0,so_fake_ood,real,,test_ood,838b8553000a3b1e,noise01
0,so_fake_ood,real,,test_ood,838b8553000a3b1e,jitter02
0,so_fake_ood,real,,test_ood,838b8553000a3b1e,crop08
0,so_fake_ood,real,,test_ood,1e75dca54f7ac871,clean
0,so_fake_ood,real,,test_ood,1e75dca54f7ac871,jpeg90
0,so_fake_ood,real,,test_ood,1e75dca54f7ac871,jpeg70
0,so_fake_ood,real,,test_ood,1e75dca54f7ac871,jpeg50
0,so_fake_ood,real,,test_ood,1e75dca54f7ac871,jpeg30
0,so_fake_ood,real,,test_ood,1e75dca54f7ac871,blur05
0,so_fake_ood,real,,test_ood,1e75dca54f7ac871,blur10
0,so_fake_ood,real,,test_ood,1e75dca54f7ac871,blur20
0,so_fake_ood,real,,test_ood,1e75dca54f7ac871,resize05
0,so_fake_ood,real,,test_ood,1e75dca54f7ac871,resize025
0,so_fake_ood,real,,test_ood,1e75dca54f7ac871,noise002
0,so_fake_ood,real,,test_ood,1e75dca54f7ac871,noise005
0,so_fake_ood,real,,test_ood,1e75dca54f7ac871,noise01
0,so_fake_ood,real,,test_ood,1e75dca54f7ac871,jitter02
0,so_fake_ood,real,,test_ood,1e75dca54f7ac871,crop08
0,so_fake_ood,real,,test_ood,4cf1139350ac64aa,clean
0,so_fake_ood,real,,test_ood,4cf1139350ac64aa,jpeg90
0,so_fake_ood,real,,test_ood,4cf1139350ac64aa,jpeg70
0,so_fake_ood,real,,test_ood,4cf1139350ac64aa,jpeg50
0,so_fake_ood,real,,test_ood,4cf1139350ac64aa,jpeg30
0,so_fake_ood,real,,test_ood,4cf1139350ac64aa,blur05
0,so_fake_ood,real,,test_ood,4cf1139350ac64aa,blur10
0,so_fake_ood,real,,test_ood,4cf1139350ac64aa,blur20
0,so_fake_ood,real,,test_ood,4cf1139350ac64aa,resize05
0,so_fake_ood,real,,test_ood,4cf1139350ac64aa,resize025
0,so_fake_ood,real,,test_ood,4cf1139350ac64aa,noise002
0,so_fake_ood,real,,test_ood,4cf1139350ac64aa,noise005
0,so_fake_ood,real,,test_ood,4cf1139350ac64aa,noise01
0,so_fake_ood,real,,test_ood,4cf1139350ac64aa,jitter02
0,so_fake_ood,real,,test_ood,4cf1139350ac64aa,crop08
0,so_fake_ood,real,,test_ood,2fb7a09ae369df7a,clean
0,so_fake_ood,real,,test_ood,2fb7a09ae369df7a,jpeg90
0,so_fake_ood,real,,test_ood,2fb7a09ae369df7a,jpeg70
0,so_fake_ood,real,,test_ood,2fb7a09ae369df7a,jpeg50
0,so_fake_ood,real,,test_ood,2fb7a09ae369df7a,jpeg30
0,so_fake_ood,real,,test_ood,2fb7a09ae369df7a,blur05
0,so_fake_ood,real,,test_ood,2fb7a09ae369df7a,blur10
0,so_fake_ood,real,,test_ood,2fb7a09ae369df7a,blur20
0,so_fake_ood,real,,test_ood,2fb7a09ae369df7a,resize05
0,so_fake_ood,real,,test_ood,2fb7a09ae369df7a,resize025
0,so_fake_ood,real,,test_ood,2fb7a09ae369df7a,noise002
0,so_fake_ood,real,,test_ood,2fb7a09ae369df7a,noise005
0,so_fake_ood,real,,test_ood,2fb7a09ae369df7a,noise01
0,so_fake_ood,real,,test_ood,2fb7a09ae369df7a,jitter02
0,so_fake_ood,real,,test_ood,2fb7a09ae369df7a,crop08
0,so_fake_ood,real,,test_ood,560c8b55158a973c,clean
0,so_fake_ood,real,,test_ood,560c8b55158a973c,jpeg90
0,so_fake_ood,real,,test_ood,560c8b55158a973c,jpeg70
0,so_fake_ood,real,,test_ood,560c8b55158a973c,jpeg50
0,so_fake_ood,real,,test_ood,560c8b55158a973c,jpeg30
0,so_fake_ood,real,,test_ood,560c8b55158a973c,blur05
0,so_fake_ood,real,,test_ood,560c8b55158a973c,blur10
0,so_fake_ood,real,,test_ood,560c8b55158a973c,blur20
0,so_fake_ood,real,,test_ood,560c8b55158a973c,resize05
0,so_fake_ood,real,,test_ood,560c8b55158a973c,resize025
0,so_fake_ood,real,,test_ood,560c8b55158a973c,noise002
0,so_fake_ood,real,,test_ood,560c8b55158a973c,noise005
0,so_fake_ood,real,,test_ood,560c8b55158a973c,noise01
0,so_fake_ood,real,,test_ood,560c8b55158a973c,jitter02
0,so_fake_ood,real,,test_ood,560c8b55158a973c,crop08
0,so_fake_ood,real,,test_ood,d9b5368d4567222c,clean
0,so_fake_ood,real,,test_ood,d9b5368d4567222c,jpeg90
0,so_fake_ood,real,,test_ood,d9b5368d4567222c,jpeg70
0,so_fake_ood,real,,test_ood,d9b5368d4567222c,jpeg50
0,so_fake_ood,real,,test_ood,d9b5368d4567222c,jpeg30
0,so_fake_ood,real,,test_ood,d9b5368d4567222c,blur05
0,so_fake_ood,real,,test_ood,d9b5368d4567222c,blur10
0,so_fake_ood,real,,test_ood,d9b5368d4567222c,blur20
0,so_fake_ood,real,,test_ood,d9b5368d4567222c,resize05
0,so_fake_ood,real,,test_ood,d9b5368d4567222c,resize025
0,so_fake_ood,real,,test_ood,d9b5368d4567222c,noise002
0,so_fake_ood,real,,test_ood,d9b5368d4567222c,noise005
0,so_fake_ood,real,,test_ood,d9b5368d4567222c,noise01
0,so_fake_ood,real,,test_ood,d9b5368d4567222c,jitter02
0,so_fake_ood,real,,test_ood,d9b5368d4567222c,crop08
0,so_fake_ood,real,,test_ood,1362d8c649a6c931,clean
0,so_fake_ood,real,,test_ood,1362d8c649a6c931,jpeg90
0,so_fake_ood,real,,test_ood,1362d8c649a6c931,jpeg70
0,so_fake_ood,real,,test_ood,1362d8c649a6c931,jpeg50
0,so_fake_ood,real,,test_ood,1362d8c649a6c931,jpeg30
0,so_fake_ood,real,,test_ood,1362d8c649a6c931,blur05
0,so_fake_ood,real,,test_ood,1362d8c649a6c931,blur10
0,so_fake_ood,real,,test_ood,1362d8c649a6c931,blur20
0,so_fake_ood,real,,test_ood,1362d8c649a6c931,resize05
0,so_fake_ood,real,,test_ood,1362d8c649a6c931,resize025
0,so_fake_ood,real,,test_ood,1362d8c649a6c931,noise002
0,so_fake_ood,real,,test_ood,1362d8c649a6c931,noise005
0,so_fake_ood,real,,test_ood,1362d8c649a6c931,noise01
0,so_fake_ood,real,,test_ood,1362d8c649a6c931,jitter02
0,so_fake_ood,real,,test_ood,1362d8c649a6c931,crop08
0,so_fake_ood,real,,test_ood,f6ac4d172b01111b,clean
0,so_fake_ood,real,,test_ood,f6ac4d172b01111b,jpeg90
0,so_fake_ood,real,,test_ood,f6ac4d172b01111b,jpeg70
0,so_fake_ood,real,,test_ood,f6ac4d172b01111b,jpeg50
0,so_fake_ood,real,,test_ood,f6ac4d172b01111b,jpeg30
0,so_fake_ood,real,,test_ood,f6ac4d172b01111b,blur05
0,so_fake_ood,real,,test_ood,f6ac4d172b01111b,blur10
0,so_fake_ood,real,,test_ood,f6ac4d172b01111b,blur20
0,so_fake_ood,real,,test_ood,f6ac4d172b01111b,resize05
0,so_fake_ood,real,,test_ood,f6ac4d172b01111b,resize025
0,so_fake_ood,real,,test_ood,f6ac4d172b01111b,noise002
0,so_fake_ood,real,,test_ood,f6ac4d172b01111b,noise005
0,so_fake_ood,real,,test_ood,f6ac4d172b01111b,noise01
0,so_fake_ood,real,,test_ood,f6ac4d172b01111b,jitter02
0,so_fake_ood,real,,test_ood,f6ac4d172b01111b,crop08
0,so_fake_ood,real,,test_ood,92ba74cbfe5c2b6b,clean
0,so_fake_ood,real,,test_ood,92ba74cbfe5c2b6b,jpeg90
0,so_fake_ood,real,,test_ood,92ba74cbfe5c2b6b,jpeg70
0,so_fake_ood,real,,test_ood,92ba74cbfe5c2b6b,jpeg50
0,so_fake_ood,real,,test_ood,92ba74cbfe5c2b6b,jpeg30
0,so_fake_ood,real,,test_ood,92ba74cbfe5c2b6b,blur05
0,so_fake_ood,real,,test_ood,92ba74cbfe5c2b6b,blur10
0,so_fake_ood,real,,test_ood,92ba74cbfe5c2b6b,blur20
0,so_fake_ood,real,,test_ood,92ba74cbfe5c2b6b,resize05
0,so_fake_ood,real,,test_ood,92ba74cbfe5c2b6b,resize025
0,so_fake_ood,real,,test_ood,92ba74cbfe5c2b6b,noise002
0,so_fake_ood,real,,test_ood,92ba74cbfe5c2b6b,noise005
0,so_fake_ood,real,,test_ood,92ba74cbfe5c2b6b,noise01
0,so_fake_ood,real,,test_ood,92ba74cbfe5c2b6b,jitter02
0,so_fake_ood,real,,test_ood,92ba74cbfe5c2b6b,crop08
0,so_fake_ood,real,,test_ood,8ed454c549e13c47,clean
0,so_fake_ood,real,,test_ood,8ed454c549e13c47,jpeg90
0,so_fake_ood,real,,test_ood,8ed454c549e13c47,jpeg70
0,so_fake_ood,real,,test_ood,8ed454c549e13c47,jpeg50
0,so_fake_ood,real,,test_ood,8ed454c549e13c47,jpeg30
0,so_fake_ood,real,,test_ood,8ed454c549e13c47,blur05
0,so_fake_ood,real,,test_ood,8ed454c549e13c47,blur10
0,so_fake_ood,real,,test_ood,8ed454c549e13c47,blur20
0,so_fake_ood,real,,test_ood,8ed454c549e13c47,resize05
0,so_fake_ood,real,,test_ood,8ed454c549e13c47,resize025
0,so_fake_ood,real,,test_ood,8ed454c549e13c47,noise002
0,so_fake_ood,real,,test_ood,8ed454c549e13c47,noise005
0,so_fake_ood,real,,test_ood,8ed454c549e13c47,noise01
0,so_fake_ood,real,,test_ood,8ed454c549e13c47,jitter02
0,so_fake_ood,real,,test_ood,8ed454c549e13c47,crop08
0,so_fake_ood,real,,test_ood,bbde6a9b9a39ed59,clean
0,so_fake_ood,real,,test_ood,bbde6a9b9a39ed59,jpeg90
0,so_fake_ood,real,,test_ood,bbde6a9b9a39ed59,jpeg70
0,so_fake_ood,real,,test_ood,bbde6a9b9a39ed59,jpeg50
0,so_fake_ood,real,,test_ood,bbde6a9b9a39ed59,jpeg30
0,so_fake_ood,real,,test_ood,bbde6a9b9a39ed59,blur05
0,so_fake_ood,real,,test_ood,bbde6a9b9a39ed59,blur10
0,so_fake_ood,real,,test_ood,bbde6a9b9a39ed59,blur20
0,so_fake_ood,real,,test_ood,bbde6a9b9a39ed59,resize05
0,so_fake_ood,real,,test_ood,bbde6a9b9a39ed59,resize025
0,so_fake_ood,real,,test_ood,bbde6a9b9a39ed59,noise002
0,so_fake_ood,real,,test_ood,bbde6a9b9a39ed59,noise005
0,so_fake_ood,real,,test_ood,bbde6a9b9a39ed59,noise01
0,so_fake_ood,real,,test_ood,bbde6a9b9a39ed59,jitter02
0,so_fake_ood,real,,test_ood,bbde6a9b9a39ed59,crop08
0,so_fake_ood,real,,test_ood,d06c28c52022aed9,clean
0,so_fake_ood,real,,test_ood,d06c28c52022aed9,jpeg90
0,so_fake_ood,real,,test_ood,d06c28c52022aed9,jpeg70
0,so_fake_ood,real,,test_ood,d06c28c52022aed9,jpeg50
0,so_fake_ood,real,,test_ood,d06c28c52022aed9,jpeg30
0,so_fake_ood,real,,test_ood,d06c28c52022aed9,blur05
0,so_fake_ood,real,,test_ood,d06c28c52022aed9,blur10
0,so_fake_ood,real,,test_ood,d06c28c52022aed9,blur20
0,so_fake_ood,real,,test_ood,d06c28c52022aed9,resize05
0,so_fake_ood,real,,test_ood,d06c28c52022aed9,resize025
0,so_fake_ood,real,,test_ood,d06c28c52022aed9,noise002
0,so_fake_ood,real,,test_ood,d06c28c52022aed9,noise005
0,so_fake_ood,real,,test_ood,d06c28c52022aed9,noise01
0,so_fake_ood,real,,test_ood,d06c28c52022aed9,jitter02
0,so_fake_ood,real,,test_ood,d06c28c52022aed9,crop08
0,so_fake_ood,real,,test_ood,99510aeb51623319,clean
0,so_fake_ood,real,,test_ood,99510aeb51623319,jpeg90
0,so_fake_ood,real,,test_ood,99510aeb51623319,jpeg70
0,so_fake_ood,real,,test_ood,99510aeb51623319,jpeg50
0,so_fake_ood,real,,test_ood,99510aeb51623319,jpeg30
0,so_fake_ood,real,,test_ood,99510aeb51623319,blur05
0,so_fake_ood,real,,test_ood,99510aeb51623319,blur10
0,so_fake_ood,real,,test_ood,99510aeb51623319,blur20
0,so_fake_ood,real,,test_ood,99510aeb51623319,resize05
0,so_fake_ood,real,,test_ood,99510aeb51623319,resize025
0,so_fake_ood,real,,test_ood,99510aeb51623319,noise002
0,so_fake_ood,real,,test_ood,99510aeb51623319,noise005
0,so_fake_ood,real,,test_ood,99510aeb51623319,noise01
0,so_fake_ood,real,,test_ood,99510aeb51623319,jitter02
0,so_fake_ood,real,,test_ood,99510aeb51623319,crop08
0,so_fake_ood,real,,test_ood,48b6dd8d4a620db9,clean
0,so_fake_ood,real,,test_ood,48b6dd8d4a620db9,jpeg90
0,so_fake_ood,real,,test_ood,48b6dd8d4a620db9,jpeg70
0,so_fake_ood,real,,test_ood,48b6dd8d4a620db9,jpeg50
0,so_fake_ood,real,,test_ood,48b6dd8d4a620db9,jpeg30
0,so_fake_ood,real,,test_ood,48b6dd8d4a620db9,blur05
0,so_fake_ood,real,,test_ood,48b6dd8d4a620db9,blur10
0,so_fake_ood,real,,test_ood,48b6dd8d4a620db9,blur20
0,so_fake_ood,real,,test_ood,48b6dd8d4a620db9,resize05
0,so_fake_ood,real,,test_ood,48b6dd8d4a620db9,resize025
0,so_fake_ood,real,,test_ood,48b6dd8d4a620db9,noise002
0,so_fake_ood,real,,test_ood,48b6dd8d4a620db9,noise005
0,so_fake_ood,real,,test_ood,48b6dd8d4a620db9,noise01
0,so_fake_ood,real,,test_ood,48b6dd8d4a620db9,jitter02
0,so_fake_ood,real,,test_ood,48b6dd8d4a620db9,crop08
0,so_fake_ood,real,,test_ood,23bfdf52c5024093,clean
0,so_fake_ood,real,,test_ood,23bfdf52c5024093,jpeg90
0,so_fake_ood,real,,test_ood,23bfdf52c5024093,jpeg70
0,so_fake_ood,real,,test_ood,23bfdf52c5024093,jpeg50
0,so_fake_ood,real,,test_ood,23bfdf52c5024093,jpeg30
0,so_fake_ood,real,,test_ood,23bfdf52c5024093,blur05
0,so_fake_ood,real,,test_ood,23bfdf52c5024093,blur10
0,so_fake_ood,real,,test_ood,23bfdf52c5024093,blur20
0,so_fake_ood,real,,test_ood,23bfdf52c5024093,resize05
0,so_fake_ood,real,,test_ood,23bfdf52c5024093,resize025
0,so_fake_ood,real,,test_ood,23bfdf52c5024093,noise002
0,so_fake_ood,real,,test_ood,23bfdf52c5024093,noise005
0,so_fake_ood,real,,test_ood,23bfdf52c5024093,noise01
0,so_fake_ood,real,,test_ood,23bfdf52c5024093,jitter02
0,so_fake_ood,real,,test_ood,23bfdf52c5024093,crop08
0,so_fake_ood,real,,test_ood,777b9f1aac55f921,clean
0,so_fake_ood,real,,test_ood,777b9f1aac55f921,jpeg90
0,so_fake_ood,real,,test_ood,777b9f1aac55f921,jpeg70
0,so_fake_ood,real,,test_ood,777b9f1aac55f921,jpeg50
0,so_fake_ood,real,,test_ood,777b9f1aac55f921,jpeg30
0,so_fake_ood,real,,test_ood,777b9f1aac55f921,blur05
0,so_fake_ood,real,,test_ood,777b9f1aac55f921,blur10
0,so_fake_ood,real,,test_ood,777b9f1aac55f921,blur20
0,so_fake_ood,real,,test_ood,777b9f1aac55f921,resize05
0,so_fake_ood,real,,test_ood,777b9f1aac55f921,resize025
0,so_fake_ood,real,,test_ood,777b9f1aac55f921,noise002
0,so_fake_ood,real,,test_ood,777b9f1aac55f921,noise005
0,so_fake_ood,real,,test_ood,777b9f1aac55f921,noise01
0,so_fake_ood,real,,test_ood,777b9f1aac55f921,jitter02
0,so_fake_ood,real,,test_ood,777b9f1aac55f921,crop08
0,so_fake_ood,real,,test_ood,5ce4f4109451d691,clean
0,so_fake_ood,real,,test_ood,5ce4f4109451d691,jpeg90
0,so_fake_ood,real,,test_ood,5ce4f4109451d691,jpeg70
0,so_fake_ood,real,,test_ood,5ce4f4109451d691,jpeg50
0,so_fake_ood,real,,test_ood,5ce4f4109451d691,jpeg30
0,so_fake_ood,real,,test_ood,5ce4f4109451d691,blur05
0,so_fake_ood,real,,test_ood,5ce4f4109451d691,blur10
0,so_fake_ood,real,,test_ood,5ce4f4109451d691,blur20
0,so_fake_ood,real,,test_ood,5ce4f4109451d691,resize05
0,so_fake_ood,real,,test_ood,5ce4f4109451d691,resize025
0,so_fake_ood,real,,test_ood,5ce4f4109451d691,noise002
0,so_fake_ood,real,,test_ood,5ce4f4109451d691,noise005
0,so_fake_ood,real,,test_ood,5ce4f4109451d691,noise01
0,so_fake_ood,real,,test_ood,5ce4f4109451d691,jitter02
0,so_fake_ood,real,,test_ood,5ce4f4109451d691,crop08
0,so_fake_ood,real,,test_ood,6d35f4989342a36f,clean
0,so_fake_ood,real,,test_ood,6d35f4989342a36f,jpeg90
0,so_fake_ood,real,,test_ood,6d35f4989342a36f,jpeg70
0,so_fake_ood,real,,test_ood,6d35f4989342a36f,jpeg50
0,so_fake_ood,real,,test_ood,6d35f4989342a36f,jpeg30
0,so_fake_ood,real,,test_ood,6d35f4989342a36f,blur05
0,so_fake_ood,real,,test_ood,6d35f4989342a36f,blur10
0,so_fake_ood,real,,test_ood,6d35f4989342a36f,blur20
0,so_fake_ood,real,,test_ood,6d35f4989342a36f,resize05
0,so_fake_ood,real,,test_ood,6d35f4989342a36f,resize025
0,so_fake_ood,real,,test_ood,6d35f4989342a36f,noise002
0,so_fake_ood,real,,test_ood,6d35f4989342a36f,noise005
0,so_fake_ood,real,,test_ood,6d35f4989342a36f,noise01
0,so_fake_ood,real,,test_ood,6d35f4989342a36f,jitter02
0,so_fake_ood,real,,test_ood,6d35f4989342a36f,crop08
0,so_fake_ood,real,,test_ood,6cef8c7674be640b,clean
0,so_fake_ood,real,,test_ood,6cef8c7674be640b,jpeg90
0,so_fake_ood,real,,test_ood,6cef8c7674be640b,jpeg70
0,so_fake_ood,real,,test_ood,6cef8c7674be640b,jpeg50
0,so_fake_ood,real,,test_ood,6cef8c7674be640b,jpeg30
0,so_fake_ood,real,,test_ood,6cef8c7674be640b,blur05
0,so_fake_ood,real,,test_ood,6cef8c7674be640b,blur10
0,so_fake_ood,real,,test_ood,6cef8c7674be640b,blur20
0,so_fake_ood,real,,test_ood,6cef8c7674be640b,resize05
0,so_fake_ood,real,,test_ood,6cef8c7674be640b,resize025
0,so_fake_ood,real,,test_ood,6cef8c7674be640b,noise002
0,so_fake_ood,real,,test_ood,6cef8c7674be640b,noise005
0,so_fake_ood,real,,test_ood,6cef8c7674be640b,noise01
0,so_fake_ood,real,,test_ood,6cef8c7674be640b,jitter02
0,so_fake_ood,real,,test_ood,6cef8c7674be640b,crop08
0,so_fake_ood,real,,test_ood,e1acaa06bb94c6bc,clean
0,so_fake_ood,real,,test_ood,e1acaa06bb94c6bc,jpeg90
0,so_fake_ood,real,,test_ood,e1acaa06bb94c6bc,jpeg70
0,so_fake_ood,real,,test_ood,e1acaa06bb94c6bc,jpeg50
0,so_fake_ood,real,,test_ood,e1acaa06bb94c6bc,jpeg30
0,so_fake_ood,real,,test_ood,e1acaa06bb94c6bc,blur05
0,so_fake_ood,real,,test_ood,e1acaa06bb94c6bc,blur10
0,so_fake_ood,real,,test_ood,e1acaa06bb94c6bc,blur20
0,so_fake_ood,real,,test_ood,e1acaa06bb94c6bc,resize05
0,so_fake_ood,real,,test_ood,e1acaa06bb94c6bc,resize025
0,so_fake_ood,real,,test_ood,e1acaa06bb94c6bc,noise002
0,so_fake_ood,real,,test_ood,e1acaa06bb94c6bc,noise005
0,so_fake_ood,real,,test_ood,e1acaa06bb94c6bc,noise01
0,so_fake_ood,real,,test_ood,e1acaa06bb94c6bc,jitter02
0,so_fake_ood,real,,test_ood,e1acaa06bb94c6bc,crop08
0,so_fake_ood,real,,test_ood,2117c04e6af85830,clean
0,so_fake_ood,real,,test_ood,2117c04e6af85830,jpeg90
0,so_fake_ood,real,,test_ood,2117c04e6af85830,jpeg70
0,so_fake_ood,real,,test_ood,2117c04e6af85830,jpeg50
0,so_fake_ood,real,,test_ood,2117c04e6af85830,jpeg30
0,so_fake_ood,real,,test_ood,2117c04e6af85830,blur05
0,so_fake_ood,real,,test_ood,2117c04e6af85830,blur10
0,so_fake_ood,real,,test_ood,2117c04e6af85830,blur20
0,so_fake_ood,real,,test_ood,2117c04e6af85830,resize05
0,so_fake_ood,real,,test_ood,2117c04e6af85830,resize025
0,so_fake_ood,real,,test_ood,2117c04e6af85830,noise002
0,so_fake_ood,real,,test_ood,2117c04e6af85830,noise005
0,so_fake_ood,real,,test_ood,2117c04e6af85830,noise01
0,so_fake_ood,real,,test_ood,2117c04e6af85830,jitter02
0,so_fake_ood,real,,test_ood,2117c04e6af85830,crop08
0,so_fake_ood,real,,test_ood,90c44cdd84418f7d,clean
0,so_fake_ood,real,,test_ood,90c44cdd84418f7d,jpeg90
0,so_fake_ood,real,,test_ood,90c44cdd84418f7d,jpeg70
0,so_fake_ood,real,,test_ood,90c44cdd84418f7d,jpeg50
0,so_fake_ood,real,,test_ood,90c44cdd84418f7d,jpeg30
0,so_fake_ood,real,,test_ood,90c44cdd84418f7d,blur05
0,so_fake_ood,real,,test_ood,90c44cdd84418f7d,blur10
0,so_fake_ood,real,,test_ood,90c44cdd84418f7d,blur20
0,so_fake_ood,real,,test_ood,90c44cdd84418f7d,resize05
0,so_fake_ood,real,,test_ood,90c44cdd84418f7d,resize025
0,so_fake_ood,real,,test_ood,90c44cdd84418f7d,noise002
0,so_fake_ood,real,,test_ood,90c44cdd84418f7d,noise005
0,so_fake_ood,real,,test_ood,90c44cdd84418f7d,noise01
0,so_fake_ood,real,,test_ood,90c44cdd84418f7d,jitter02
0,so_fake_ood,real,,test_ood,90c44cdd84418f7d,crop08
0,so_fake_ood,real,,test_ood,b60e6fa3e52048c5,clean
0,so_fake_ood,real,,test_ood,b60e6fa3e52048c5,jpeg90
0,so_fake_ood,real,,test_ood,b60e6fa3e52048c5,jpeg70
0,so_fake_ood,real,,test_ood,b60e6fa3e52048c5,jpeg50
0,so_fake_ood,real,,test_ood,b60e6fa3e52048c5,jpeg30
0,so_fake_ood,real,,test_ood,b60e6fa3e52048c5,blur05
0,so_fake_ood,real,,test_ood,b60e6fa3e52048c5,blur10
0,so_fake_ood,real,,test_ood,b60e6fa3e52048c5,blur20
0,so_fake_ood,real,,test_ood,b60e6fa3e52048c5,resize05
0,so_fake_ood,real,,test_ood,b60e6fa3e52048c5,resize025
0,so_fake_ood,real,,test_ood,b60e6fa3e52048c5,noise002
0,so_fake_ood,real,,test_ood,b60e6fa3e52048c5,noise005
0,so_fake_ood,real,,test_ood,b60e6fa3e52048c5,noise01
0,so_fake_ood,real,,test_ood,b60e6fa3e52048c5,jitter02
0,so_fake_ood,real,,test_ood,b60e6fa3e52048c5,crop08
0,so_fake_ood,real,,test_ood,6ace2aef09cdbda0,clean
0,so_fake_ood,real,,test_ood,6ace2aef09cdbda0,jpeg90
0,so_fake_ood,real,,test_ood,6ace2aef09cdbda0,jpeg70
0,so_fake_ood,real,,test_ood,6ace2aef09cdbda0,jpeg50
0,so_fake_ood,real,,test_ood,6ace2aef09cdbda0,jpeg30
0,so_fake_ood,real,,test_ood,6ace2aef09cdbda0,blur05
0,so_fake_ood,real,,test_ood,6ace2aef09cdbda0,blur10
0,so_fake_ood,real,,test_ood,6ace2aef09cdbda0,blur20
0,so_fake_ood,real,,test_ood,6ace2aef09cdbda0,resize05
0,so_fake_ood,real,,test_ood,6ace2aef09cdbda0,resize025
0,so_fake_ood,real,,test_ood,6ace2aef09cdbda0,noise002
0,so_fake_ood,real,,test_ood,6ace2aef09cdbda0,noise005
0,so_fake_ood,real,,test_ood,6ace2aef09cdbda0,noise01
0,so_fake_ood,real,,test_ood,6ace2aef09cdbda0,jitter02
0,so_fake_ood,real,,test_ood,6ace2aef09cdbda0,crop08
0,so_fake_ood,real,,test_ood,63e75c5e8dfa8d55,clean
0,so_fake_ood,real,,test_ood,63e75c5e8dfa8d55,jpeg90
0,so_fake_ood,real,,test_ood,63e75c5e8dfa8d55,jpeg70
0,so_fake_ood,real,,test_ood,63e75c5e8dfa8d55,jpeg50
0,so_fake_ood,real,,test_ood,63e75c5e8dfa8d55,jpeg30
0,so_fake_ood,real,,test_ood,63e75c5e8dfa8d55,blur05
0,so_fake_ood,real,,test_ood,63e75c5e8dfa8d55,blur10
0,so_fake_ood,real,,test_ood,63e75c5e8dfa8d55,blur20
0,so_fake_ood,real,,test_ood,63e75c5e8dfa8d55,resize05
0,so_fake_ood,real,,test_ood,63e75c5e8dfa8d55,resize025
0,so_fake_ood,real,,test_ood,63e75c5e8dfa8d55,noise002
0,so_fake_ood,real,,test_ood,63e75c5e8dfa8d55,noise005
0,so_fake_ood,real,,test_ood,63e75c5e8dfa8d55,noise01
0,so_fake_ood,real,,test_ood,63e75c5e8dfa8d55,jitter02
0,so_fake_ood,real,,test_ood,63e75c5e8dfa8d55,crop08
0,so_fake_ood,real,,test_ood,a0f2d0cbcb7f922d,clean
0,so_fake_ood,real,,test_ood,a0f2d0cbcb7f922d,jpeg90
0,so_fake_ood,real,,test_ood,a0f2d0cbcb7f922d,jpeg70
0,so_fake_ood,real,,test_ood,a0f2d0cbcb7f922d,jpeg50
0,so_fake_ood,real,,test_ood,a0f2d0cbcb7f922d,jpeg30
0,so_fake_ood,real,,test_ood,a0f2d0cbcb7f922d,blur05
0,so_fake_ood,real,,test_ood,a0f2d0cbcb7f922d,blur10
0,so_fake_ood,real,,test_ood,a0f2d0cbcb7f922d,blur20
0,so_fake_ood,real,,test_ood,a0f2d0cbcb7f922d,resize05
0,so_fake_ood,real,,test_ood,a0f2d0cbcb7f922d,resize025
0,so_fake_ood,real,,test_ood,a0f2d0cbcb7f922d,noise002
0,so_fake_ood,real,,test_ood,a0f2d0cbcb7f922d,noise005
0,so_fake_ood,real,,test_ood,a0f2d0cbcb7f922d,noise01
0,so_fake_ood,real,,test_ood,a0f2d0cbcb7f922d,jitter02
0,so_fake_ood,real,,test_ood,a0f2d0cbcb7f922d,crop08
0,so_fake_ood,real,,test_ood,3f88401925cb39b6,clean
0,so_fake_ood,real,,test_ood,3f88401925cb39b6,jpeg90
0,so_fake_ood,real,,test_ood,3f88401925cb39b6,jpeg70
0,so_fake_ood,real,,test_ood,3f88401925cb39b6,jpeg50
0,so_fake_ood,real,,test_ood,3f88401925cb39b6,jpeg30
0,so_fake_ood,real,,test_ood,3f88401925cb39b6,blur05
0,so_fake_ood,real,,test_ood,3f88401925cb39b6,blur10
0,so_fake_ood,real,,test_ood,3f88401925cb39b6,blur20
0,so_fake_ood,real,,test_ood,3f88401925cb39b6,resize05
0,so_fake_ood,real,,test_ood,3f88401925cb39b6,resize025
0,so_fake_ood,real,,test_ood,3f88401925cb39b6,noise002
0,so_fake_ood,real,,test_ood,3f88401925cb39b6,noise005
0,so_fake_ood,real,,test_ood,3f88401925cb39b6,noise01
0,so_fake_ood,real,,test_ood,3f88401925cb39b6,jitter02
0,so_fake_ood,real,,test_ood,3f88401925cb39b6,crop08
0,so_fake_ood,real,,test_ood,be620eb0592a4398,clean
0,so_fake_ood,real,,test_ood,be620eb0592a4398,jpeg90
0,so_fake_ood,real,,test_ood,be620eb0592a4398,jpeg70
0,so_fake_ood,real,,test_ood,be620eb0592a4398,jpeg50
0,so_fake_ood,real,,test_ood,be620eb0592a4398,jpeg30
0,so_fake_ood,real,,test_ood,be620eb0592a4398,blur05
0,so_fake_ood,real,,test_ood,be620eb0592a4398,blur10
0,so_fake_ood,real,,test_ood,be620eb0592a4398,blur20
0,so_fake_ood,real,,test_ood,be620eb0592a4398,resize05
0,so_fake_ood,real,,test_ood,be620eb0592a4398,resize025
0,so_fake_ood,real,,test_ood,be620eb0592a4398,noise002
0,so_fake_ood,real,,test_ood,be620eb0592a4398,noise005
0,so_fake_ood,real,,test_ood,be620eb0592a4398,noise01
0,so_fake_ood,real,,test_ood,be620eb0592a4398,jitter02
0,so_fake_ood,real,,test_ood,be620eb0592a4398,crop08
0,so_fake_ood,real,,test_ood,f338ff30402e3840,clean
0,so_fake_ood,real,,test_ood,f338ff30402e3840,jpeg90
0,so_fake_ood,real,,test_ood,f338ff30402e3840,jpeg70
0,so_fake_ood,real,,test_ood,f338ff30402e3840,jpeg50
0,so_fake_ood,real,,test_ood,f338ff30402e3840,jpeg30
0,so_fake_ood,real,,test_ood,f338ff30402e3840,blur05
0,so_fake_ood,real,,test_ood,f338ff30402e3840,blur10
0,so_fake_ood,real,,test_ood,f338ff30402e3840,blur20
0,so_fake_ood,real,,test_ood,f338ff30402e3840,resize05
0,so_fake_ood,real,,test_ood,f338ff30402e3840,resize025
0,so_fake_ood,real,,test_ood,f338ff30402e3840,noise002
0,so_fake_ood,real,,test_ood,f338ff30402e3840,noise005
0,so_fake_ood,real,,test_ood,f338ff30402e3840,noise01
0,so_fake_ood,real,,test_ood,f338ff30402e3840,jitter02
0,so_fake_ood,real,,test_ood,f338ff30402e3840,crop08
0,so_fake_ood,real,,test_ood,5142ab77bb51e74e,clean
0,so_fake_ood,real,,test_ood,5142ab77bb51e74e,jpeg90
0,so_fake_ood,real,,test_ood,5142ab77bb51e74e,jpeg70
0,so_fake_ood,real,,test_ood,5142ab77bb51e74e,jpeg50
0,so_fake_ood,real,,test_ood,5142ab77bb51e74e,jpeg30
0,so_fake_ood,real,,test_ood,5142ab77bb51e74e,blur05
0,so_fake_ood,real,,test_ood,5142ab77bb51e74e,blur10
0,so_fake_ood,real,,test_ood,5142ab77bb51e74e,blur20
0,so_fake_ood,real,,test_ood,5142ab77bb51e74e,resize05
0,so_fake_ood,real,,test_ood,5142ab77bb51e74e,resize025
0,so_fake_ood,real,,test_ood,5142ab77bb51e74e,noise002
0,so_fake_ood,real,,test_ood,5142ab77bb51e74e,noise005
0,so_fake_ood,real,,test_ood,5142ab77bb51e74e,noise01
0,so_fake_ood,real,,test_ood,5142ab77bb51e74e,jitter02
0,so_fake_ood,real,,test_ood,5142ab77bb51e74e,crop08
0,so_fake_ood,real,,test_ood,cffec59a4f9074fa,clean
0,so_fake_ood,real,,test_ood,cffec59a4f9074fa,jpeg90
0,so_fake_ood,real,,test_ood,cffec59a4f9074fa,jpeg70
0,so_fake_ood,real,,test_ood,cffec59a4f9074fa,jpeg50
0,so_fake_ood,real,,test_ood,cffec59a4f9074fa,jpeg30
0,so_fake_ood,real,,test_ood,cffec59a4f9074fa,blur05
0,so_fake_ood,real,,test_ood,cffec59a4f9074fa,blur10
0,so_fake_ood,real,,test_ood,cffec59a4f9074fa,blur20
0,so_fake_ood,real,,test_ood,cffec59a4f9074fa,resize05
0,so_fake_ood,real,,test_ood,cffec59a4f9074fa,resize025
0,so_fake_ood,real,,test_ood,cffec59a4f9074fa,noise002
0,so_fake_ood,real,,test_ood,cffec59a4f9074fa,noise005
0,so_fake_ood,real,,test_ood,cffec59a4f9074fa,noise01
0,so_fake_ood,real,,test_ood,cffec59a4f9074fa,jitter02
0,so_fake_ood,real,,test_ood,cffec59a4f9074fa,crop08
0,so_fake_ood,real,,test_ood,6ee7a2c2c6ddbde9,clean
0,so_fake_ood,real,,test_ood,6ee7a2c2c6ddbde9,jpeg90
0,so_fake_ood,real,,test_ood,6ee7a2c2c6ddbde9,jpeg70
0,so_fake_ood,real,,test_ood,6ee7a2c2c6ddbde9,jpeg50
0,so_fake_ood,real,,test_ood,6ee7a2c2c6ddbde9,jpeg30
0,so_fake_ood,real,,test_ood,6ee7a2c2c6ddbde9,blur05
0,so_fake_ood,real,,test_ood,6ee7a2c2c6ddbde9,blur10
0,so_fake_ood,real,,test_ood,6ee7a2c2c6ddbde9,blur20
0,so_fake_ood,real,,test_ood,6ee7a2c2c6ddbde9,resize05
0,so_fake_ood,real,,test_ood,6ee7a2c2c6ddbde9,resize025
0,so_fake_ood,real,,test_ood,6ee7a2c2c6ddbde9,noise002
0,so_fake_ood,real,,test_ood,6ee7a2c2c6ddbde9,noise005
0,so_fake_ood,real,,test_ood,6ee7a2c2c6ddbde9,noise01
0,so_fake_ood,real,,test_ood,6ee7a2c2c6ddbde9,jitter02
0,so_fake_ood,real,,test_ood,6ee7a2c2c6ddbde9,crop08
0,so_fake_ood,real,,test_ood,f139599fb68cf960,clean
0,so_fake_ood,real,,test_ood,f139599fb68cf960,jpeg90
0,so_fake_ood,real,,test_ood,f139599fb68cf960,jpeg70
0,so_fake_ood,real,,test_ood,f139599fb68cf960,jpeg50
0,so_fake_ood,real,,test_ood,f139599fb68cf960,jpeg30
0,so_fake_ood,real,,test_ood,f139599fb68cf960,blur05
0,so_fake_ood,real,,test_ood,f139599fb68cf960,blur10
0,so_fake_ood,real,,test_ood,f139599fb68cf960,blur20
0,so_fake_ood,real,,test_ood,f139599fb68cf960,resize05
0,so_fake_ood,real,,test_ood,f139599fb68cf960,resize025
0,so_fake_ood,real,,test_ood,f139599fb68cf960,noise002
0,so_fake_ood,real,,test_ood,f139599fb68cf960,noise005
0,so_fake_ood,real,,test_ood,f139599fb68cf960,noise01
0,so_fake_ood,real,,test_ood,f139599fb68cf960,jitter02
0,so_fake_ood,real,,test_ood,f139599fb68cf960,crop08
0,so_fake_ood,real,,test_ood,9cb782593c444812,clean
0,so_fake_ood,real,,test_ood,9cb782593c444812,jpeg90
0,so_fake_ood,real,,test_ood,9cb782593c444812,jpeg70
0,so_fake_ood,real,,test_ood,9cb782593c444812,jpeg50
0,so_fake_ood,real,,test_ood,9cb782593c444812,jpeg30
0,so_fake_ood,real,,test_ood,9cb782593c444812,blur05
0,so_fake_ood,real,,test_ood,9cb782593c444812,blur10
0,so_fake_ood,real,,test_ood,9cb782593c444812,blur20
0,so_fake_ood,real,,test_ood,9cb782593c444812,resize05
0,so_fake_ood,real,,test_ood,9cb782593c444812,resize025
0,so_fake_ood,real,,test_ood,9cb782593c444812,noise002
0,so_fake_ood,real,,test_ood,9cb782593c444812,noise005
0,so_fake_ood,real,,test_ood,9cb782593c444812,noise01
0,so_fake_ood,real,,test_ood,9cb782593c444812,jitter02
0,so_fake_ood,real,,test_ood,9cb782593c444812,crop08
0,so_fake_ood,real,,test_ood,f59b86099a81ca0e,clean
0,so_fake_ood,real,,test_ood,f59b86099a81ca0e,jpeg90
0,so_fake_ood,real,,test_ood,f59b86099a81ca0e,jpeg70
0,so_fake_ood,real,,test_ood,f59b86099a81ca0e,jpeg50
0,so_fake_ood,real,,test_ood,f59b86099a81ca0e,jpeg30
0,so_fake_ood,real,,test_ood,f59b86099a81ca0e,blur05
0,so_fake_ood,real,,test_ood,f59b86099a81ca0e,blur10
0,so_fake_ood,real,,test_ood,f59b86099a81ca0e,blur20
0,so_fake_ood,real,,test_ood,f59b86099a81ca0e,resize05
0,so_fake_ood,real,,test_ood,f59b86099a81ca0e,resize025
0,so_fake_ood,real,,test_ood,f59b86099a81ca0e,noise002
0,so_fake_ood,real,,test_ood,f59b86099a81ca0e,noise005
0,so_fake_ood,real,,test_ood,f59b86099a81ca0e,noise01
0,so_fake_ood,real,,test_ood,f59b86099a81ca0e,jitter02
0,so_fake_ood,real,,test_ood,f59b86099a81ca0e,crop08
0,so_fake_ood,real,,test_ood,ff4ab0275a852023,clean
0,so_fake_ood,real,,test_ood,ff4ab0275a852023,jpeg90
0,so_fake_ood,real,,test_ood,ff4ab0275a852023,jpeg70
0,so_fake_ood,real,,test_ood,ff4ab0275a852023,jpeg50
0,so_fake_ood,real,,test_ood,ff4ab0275a852023,jpeg30
0,so_fake_ood,real,,test_ood,ff4ab0275a852023,blur05
0,so_fake_ood,real,,test_ood,ff4ab0275a852023,blur10
0,so_fake_ood,real,,test_ood,ff4ab0275a852023,blur20
0,so_fake_ood,real,,test_ood,ff4ab0275a852023,resize05
0,so_fake_ood,real,,test_ood,ff4ab0275a852023,resize025
0,so_fake_ood,real,,test_ood,ff4ab0275a852023,noise002
0,so_fake_ood,real,,test_ood,ff4ab0275a852023,noise005
0,so_fake_ood,real,,test_ood,ff4ab0275a852023,noise01
0,so_fake_ood,real,,test_ood,ff4ab0275a852023,jitter02
0,so_fake_ood,real,,test_ood,ff4ab0275a852023,crop08
0,so_fake_ood,real,,test_ood,b7f1ed5151724e19,clean
0,so_fake_ood,real,,test_ood,b7f1ed5151724e19,jpeg90
0,so_fake_ood,real,,test_ood,b7f1ed5151724e19,jpeg70
0,so_fake_ood,real,,test_ood,b7f1ed5151724e19,jpeg50
0,so_fake_ood,real,,test_ood,b7f1ed5151724e19,jpeg30
0,so_fake_ood,real,,test_ood,b7f1ed5151724e19,blur05
0,so_fake_ood,real,,test_ood,b7f1ed5151724e19,blur10
0,so_fake_ood,real,,test_ood,b7f1ed5151724e19,blur20
0,so_fake_ood,real,,test_ood,b7f1ed5151724e19,resize05
0,so_fake_ood,real,,test_ood,b7f1ed5151724e19,resize025
0,so_fake_ood,real,,test_ood,b7f1ed5151724e19,noise002
0,so_fake_ood,real,,test_ood,b7f1ed5151724e19,noise005
0,so_fake_ood,real,,test_ood,b7f1ed5151724e19,noise01
0,so_fake_ood,real,,test_ood,b7f1ed5151724e19,jitter02
0,so_fake_ood,real,,test_ood,b7f1ed5151724e19,crop08
0,so_fake_ood,real,,test_ood,196fb03228ca16da,clean
0,so_fake_ood,real,,test_ood,196fb03228ca16da,jpeg90
0,so_fake_ood,real,,test_ood,196fb03228ca16da,jpeg70
0,so_fake_ood,real,,test_ood,196fb03228ca16da,jpeg50
0,so_fake_ood,real,,test_ood,196fb03228ca16da,jpeg30
0,so_fake_ood,real,,test_ood,196fb03228ca16da,blur05
0,so_fake_ood,real,,test_ood,196fb03228ca16da,blur10
0,so_fake_ood,real,,test_ood,196fb03228ca16da,blur20
0,so_fake_ood,real,,test_ood,196fb03228ca16da,resize05
0,so_fake_ood,real,,test_ood,196fb03228ca16da,resize025
0,so_fake_ood,real,,test_ood,196fb03228ca16da,noise002
0,so_fake_ood,real,,test_ood,196fb03228ca16da,noise005
0,so_fake_ood,real,,test_ood,196fb03228ca16da,noise01
0,so_fake_ood,real,,test_ood,196fb03228ca16da,jitter02
0,so_fake_ood,real,,test_ood,196fb03228ca16da,crop08
0,so_fake_ood,real,,test_ood,a9c1bb165318a330,clean
0,so_fake_ood,real,,test_ood,a9c1bb165318a330,jpeg90
0,so_fake_ood,real,,test_ood,a9c1bb165318a330,jpeg70
0,so_fake_ood,real,,test_ood,a9c1bb165318a330,jpeg50
0,so_fake_ood,real,,test_ood,a9c1bb165318a330,jpeg30
0,so_fake_ood,real,,test_ood,a9c1bb165318a330,blur05
0,so_fake_ood,real,,test_ood,a9c1bb165318a330,blur10
0,so_fake_ood,real,,test_ood,a9c1bb165318a330,blur20
0,so_fake_ood,real,,test_ood,a9c1bb165318a330,resize05
0,so_fake_ood,real,,test_ood,a9c1bb165318a330,resize025
0,so_fake_ood,real,,test_ood,a9c1bb165318a330,noise002
0,so_fake_ood,real,,test_ood,a9c1bb165318a330,noise005
0,so_fake_ood,real,,test_ood,a9c1bb165318a330,noise01
0,so_fake_ood,real,,test_ood,a9c1bb165318a330,jitter02
0,so_fake_ood,real,,test_ood,a9c1bb165318a330,crop08
0,so_fake_ood,real,,test_ood,028a95e29163a062,clean
0,so_fake_ood,real,,test_ood,028a95e29163a062,jpeg90
0,so_fake_ood,real,,test_ood,028a95e29163a062,jpeg70
0,so_fake_ood,real,,test_ood,028a95e29163a062,jpeg50
0,so_fake_ood,real,,test_ood,028a95e29163a062,jpeg30
0,so_fake_ood,real,,test_ood,028a95e29163a062,blur05
0,so_fake_ood,real,,test_ood,028a95e29163a062,blur10
0,so_fake_ood,real,,test_ood,028a95e29163a062,blur20
0,so_fake_ood,real,,test_ood,028a95e29163a062,resize05
0,so_fake_ood,real,,test_ood,028a95e29163a062,resize025
0,so_fake_ood,real,,test_ood,028a95e29163a062,noise002
0,so_fake_ood,real,,test_ood,028a95e29163a062,noise005
0,so_fake_ood,real,,test_ood,028a95e29163a062,noise01
0,so_fake_ood,real,,test_ood,028a95e29163a062,jitter02
0,so_fake_ood,real,,test_ood,028a95e29163a062,crop08
0,so_fake_ood,real,,test_ood,397985b3d3b8c078,clean
0,so_fake_ood,real,,test_ood,397985b3d3b8c078,jpeg90
0,so_fake_ood,real,,test_ood,397985b3d3b8c078,jpeg70
0,so_fake_ood,real,,test_ood,397985b3d3b8c078,jpeg50
0,so_fake_ood,real,,test_ood,397985b3d3b8c078,jpeg30
0,so_fake_ood,real,,test_ood,397985b3d3b8c078,blur05
0,so_fake_ood,real,,test_ood,397985b3d3b8c078,blur10
0,so_fake_ood,real,,test_ood,397985b3d3b8c078,blur20
0,so_fake_ood,real,,test_ood,397985b3d3b8c078,resize05
0,so_fake_ood,real,,test_ood,397985b3d3b8c078,resize025
0,so_fake_ood,real,,test_ood,397985b3d3b8c078,noise002
0,so_fake_ood,real,,test_ood,397985b3d3b8c078,noise005
0,so_fake_ood,real,,test_ood,397985b3d3b8c078,noise01
0,so_fake_ood,real,,test_ood,397985b3d3b8c078,jitter02
0,so_fake_ood,real,,test_ood,397985b3d3b8c078,crop08
0,so_fake_ood,real,,test_ood,c9df38be34ef9337,clean
0,so_fake_ood,real,,test_ood,c9df38be34ef9337,jpeg90
0,so_fake_ood,real,,test_ood,c9df38be34ef9337,jpeg70
0,so_fake_ood,real,,test_ood,c9df38be34ef9337,jpeg50
0,so_fake_ood,real,,test_ood,c9df38be34ef9337,jpeg30
0,so_fake_ood,real,,test_ood,c9df38be34ef9337,blur05
0,so_fake_ood,real,,test_ood,c9df38be34ef9337,blur10
0,so_fake_ood,real,,test_ood,c9df38be34ef9337,blur20
0,so_fake_ood,real,,test_ood,c9df38be34ef9337,resize05
0,so_fake_ood,real,,test_ood,c9df38be34ef9337,resize025
0,so_fake_ood,real,,test_ood,c9df38be34ef9337,noise002
0,so_fake_ood,real,,test_ood,c9df38be34ef9337,noise005
0,so_fake_ood,real,,test_ood,c9df38be34ef9337,noise01
0,so_fake_ood,real,,test_ood,c9df38be34ef9337,jitter02
0,so_fake_ood,real,,test_ood,c9df38be34ef9337,crop08
0,so_fake_ood,real,,test_ood,1cd0481db6d1f0ca,clean
0,so_fake_ood,real,,test_ood,1cd0481db6d1f0ca,jpeg90
0,so_fake_ood,real,,test_ood,1cd0481db6d1f0ca,jpeg70
0,so_fake_ood,real,,test_ood,1cd0481db6d1f0ca,jpeg50
0,so_fake_ood,real,,test_ood,1cd0481db6d1f0ca,jpeg30
0,so_fake_ood,real,,test_ood,1cd0481db6d1f0ca,blur05
0,so_fake_ood,real,,test_ood,1cd0481db6d1f0ca,blur10
0,so_fake_ood,real,,test_ood,1cd0481db6d1f0ca,blur20
0,so_fake_ood,real,,test_ood,1cd0481db6d1f0ca,resize05
0,so_fake_ood,real,,test_ood,1cd0481db6d1f0ca,resize025
0,so_fake_ood,real,,test_ood,1cd0481db6d1f0ca,noise002
0,so_fake_ood,real,,test_ood,1cd0481db6d1f0ca,noise005
0,so_fake_ood,real,,test_ood,1cd0481db6d1f0ca,noise01
0,so_fake_ood,real,,test_ood,1cd0481db6d1f0ca,jitter02
0,so_fake_ood,real,,test_ood,1cd0481db6d1f0ca,crop08
0,so_fake_ood,real,,test_ood,7e79ea58c8f06e01,clean
0,so_fake_ood,real,,test_ood,7e79ea58c8f06e01,jpeg90
0,so_fake_ood,real,,test_ood,7e79ea58c8f06e01,jpeg70
0,so_fake_ood,real,,test_ood,7e79ea58c8f06e01,jpeg50
0,so_fake_ood,real,,test_ood,7e79ea58c8f06e01,jpeg30
0,so_fake_ood,real,,test_ood,7e79ea58c8f06e01,blur05
0,so_fake_ood,real,,test_ood,7e79ea58c8f06e01,blur10
0,so_fake_ood,real,,test_ood,7e79ea58c8f06e01,blur20
0,so_fake_ood,real,,test_ood,7e79ea58c8f06e01,resize05
0,so_fake_ood,real,,test_ood,7e79ea58c8f06e01,resize025
0,so_fake_ood,real,,test_ood,7e79ea58c8f06e01,noise002
0,so_fake_ood,real,,test_ood,7e79ea58c8f06e01,noise005
0,so_fake_ood,real,,test_ood,7e79ea58c8f06e01,noise01
0,so_fake_ood,real,,test_ood,7e79ea58c8f06e01,jitter02
0,so_fake_ood,real,,test_ood,7e79ea58c8f06e01,crop08
0,so_fake_ood,real,,test_ood,724cdf89da00f694,clean
0,so_fake_ood,real,,test_ood,724cdf89da00f694,jpeg90
0,so_fake_ood,real,,test_ood,724cdf89da00f694,jpeg70
0,so_fake_ood,real,,test_ood,724cdf89da00f694,jpeg50
0,so_fake_ood,real,,test_ood,724cdf89da00f694,jpeg30
0,so_fake_ood,real,,test_ood,724cdf89da00f694,blur05
0,so_fake_ood,real,,test_ood,724cdf89da00f694,blur10
0,so_fake_ood,real,,test_ood,724cdf89da00f694,blur20
0,so_fake_ood,real,,test_ood,724cdf89da00f694,resize05
0,so_fake_ood,real,,test_ood,724cdf89da00f694,resize025
0,so_fake_ood,real,,test_ood,724cdf89da00f694,noise002
0,so_fake_ood,real,,test_ood,724cdf89da00f694,noise005
0,so_fake_ood,real,,test_ood,724cdf89da00f694,noise01
0,so_fake_ood,real,,test_ood,724cdf89da00f694,jitter02
0,so_fake_ood,real,,test_ood,724cdf89da00f694,crop08
0,so_fake_ood,real,,test_ood,8353da1a580d17e9,clean
0,so_fake_ood,real,,test_ood,8353da1a580d17e9,jpeg90
0,so_fake_ood,real,,test_ood,8353da1a580d17e9,jpeg70
0,so_fake_ood,real,,test_ood,8353da1a580d17e9,jpeg50
0,so_fake_ood,real,,test_ood,8353da1a580d17e9,jpeg30
0,so_fake_ood,real,,test_ood,8353da1a580d17e9,blur05
0,so_fake_ood,real,,test_ood,8353da1a580d17e9,blur10
0,so_fake_ood,real,,test_ood,8353da1a580d17e9,blur20
0,so_fake_ood,real,,test_ood,8353da1a580d17e9,resize05
0,so_fake_ood,real,,test_ood,8353da1a580d17e9,resize025
0,so_fake_ood,real,,test_ood,8353da1a580d17e9,noise002
0,so_fake_ood,real,,test_ood,8353da1a580d17e9,noise005
0,so_fake_ood,real,,test_ood,8353da1a580d17e9,noise01
0,so_fake_ood,real,,test_ood,8353da1a580d17e9,jitter02
0,so_fake_ood,real,,test_ood,8353da1a580d17e9,crop08
0,so_fake_ood,real,,test_ood,15c75633b252cf1f,clean
0,so_fake_ood,real,,test_ood,15c75633b252cf1f,jpeg90
0,so_fake_ood,real,,test_ood,15c75633b252cf1f,jpeg70
0,so_fake_ood,real,,test_ood,15c75633b252cf1f,jpeg50
0,so_fake_ood,real,,test_ood,15c75633b252cf1f,jpeg30
0,so_fake_ood,real,,test_ood,15c75633b252cf1f,blur05
0,so_fake_ood,real,,test_ood,15c75633b252cf1f,blur10
0,so_fake_ood,real,,test_ood,15c75633b252cf1f,blur20
0,so_fake_ood,real,,test_ood,15c75633b252cf1f,resize05
0,so_fake_ood,real,,test_ood,15c75633b252cf1f,resize025
0,so_fake_ood,real,,test_ood,15c75633b252cf1f,noise002
0,so_fake_ood,real,,test_ood,15c75633b252cf1f,noise005
0,so_fake_ood,real,,test_ood,15c75633b252cf1f,noise01
0,so_fake_ood,real,,test_ood,15c75633b252cf1f,jitter02
0,so_fake_ood,real,,test_ood,15c75633b252cf1f,crop08
0,so_fake_ood,real,,test_ood,93bc053ca562b76b,clean
0,so_fake_ood,real,,test_ood,93bc053ca562b76b,jpeg90
0,so_fake_ood,real,,test_ood,93bc053ca562b76b,jpeg70
0,so_fake_ood,real,,test_ood,93bc053ca562b76b,jpeg50
0,so_fake_ood,real,,test_ood,93bc053ca562b76b,jpeg30
0,so_fake_ood,real,,test_ood,93bc053ca562b76b,blur05
0,so_fake_ood,real,,test_ood,93bc053ca562b76b,blur10
0,so_fake_ood,real,,test_ood,93bc053ca562b76b,blur20
0,so_fake_ood,real,,test_ood,93bc053ca562b76b,resize05
0,so_fake_ood,real,,test_ood,93bc053ca562b76b,resize025
0,so_fake_ood,real,,test_ood,93bc053ca562b76b,noise002
0,so_fake_ood,real,,test_ood,93bc053ca562b76b,noise005
0,so_fake_ood,real,,test_ood,93bc053ca562b76b,noise01
0,so_fake_ood,real,,test_ood,93bc053ca562b76b,jitter02
0,so_fake_ood,real,,test_ood,93bc053ca562b76b,crop08
0,so_fake_ood,real,,test_ood,d0feb15e181cd704,clean
0,so_fake_ood,real,,test_ood,d0feb15e181cd704,jpeg90
0,so_fake_ood,real,,test_ood,d0feb15e181cd704,jpeg70
0,so_fake_ood,real,,test_ood,d0feb15e181cd704,jpeg50
0,so_fake_ood,real,,test_ood,d0feb15e181cd704,jpeg30
0,so_fake_ood,real,,test_ood,d0feb15e181cd704,blur05
0,so_fake_ood,real,,test_ood,d0feb15e181cd704,blur10
0,so_fake_ood,real,,test_ood,d0feb15e181cd704,blur20
0,so_fake_ood,real,,test_ood,d0feb15e181cd704,resize05
0,so_fake_ood,real,,test_ood,d0feb15e181cd704,resize025
0,so_fake_ood,real,,test_ood,d0feb15e181cd704,noise002
0,so_fake_ood,real,,test_ood,d0feb15e181cd704,noise005
0,so_fake_ood,real,,test_ood,d0feb15e181cd704,noise01
0,so_fake_ood,real,,test_ood,d0feb15e181cd704,jitter02
0,so_fake_ood,real,,test_ood,d0feb15e181cd704,crop08
0,so_fake_ood,real,,test_ood,76877d6a3cd42124,clean
0,so_fake_ood,real,,test_ood,76877d6a3cd42124,jpeg90
0,so_fake_ood,real,,test_ood,76877d6a3cd42124,jpeg70
0,so_fake_ood,real,,test_ood,76877d6a3cd42124,jpeg50
0,so_fake_ood,real,,test_ood,76877d6a3cd42124,jpeg30
0,so_fake_ood,real,,test_ood,76877d6a3cd42124,blur05
0,so_fake_ood,real,,test_ood,76877d6a3cd42124,blur10
0,so_fake_ood,real,,test_ood,76877d6a3cd42124,blur20
0,so_fake_ood,real,,test_ood,76877d6a3cd42124,resize05
0,so_fake_ood,real,,test_ood,76877d6a3cd42124,resize025
0,so_fake_ood,real,,test_ood,76877d6a3cd42124,noise002
0,so_fake_ood,real,,test_ood,76877d6a3cd42124,noise005
0,so_fake_ood,real,,test_ood,76877d6a3cd42124,noise01
0,so_fake_ood,real,,test_ood,76877d6a3cd42124,jitter02
0,so_fake_ood,real,,test_ood,76877d6a3cd42124,crop08
0,so_fake_ood,real,,test_ood,8729e80dfe707055,clean
0,so_fake_ood,real,,test_ood,8729e80dfe707055,jpeg90
0,so_fake_ood,real,,test_ood,8729e80dfe707055,jpeg70
0,so_fake_ood,real,,test_ood,8729e80dfe707055,jpeg50
0,so_fake_ood,real,,test_ood,8729e80dfe707055,jpeg30
0,so_fake_ood,real,,test_ood,8729e80dfe707055,blur05
0,so_fake_ood,real,,test_ood,8729e80dfe707055,blur10
0,so_fake_ood,real,,test_ood,8729e80dfe707055,blur20
0,so_fake_ood,real,,test_ood,8729e80dfe707055,resize05
0,so_fake_ood,real,,test_ood,8729e80dfe707055,resize025
0,so_fake_ood,real,,test_ood,8729e80dfe707055,noise002
0,so_fake_ood,real,,test_ood,8729e80dfe707055,noise005
0,so_fake_ood,real,,test_ood,8729e80dfe707055,noise01
0,so_fake_ood,real,,test_ood,8729e80dfe707055,jitter02
0,so_fake_ood,real,,test_ood,8729e80dfe707055,crop08
0,so_fake_ood,real,,test_ood,bca1a26c71ce017a,clean
0,so_fake_ood,real,,test_ood,bca1a26c71ce017a,jpeg90
0,so_fake_ood,real,,test_ood,bca1a26c71ce017a,jpeg70
0,so_fake_ood,real,,test_ood,bca1a26c71ce017a,jpeg50
0,so_fake_ood,real,,test_ood,bca1a26c71ce017a,jpeg30
0,so_fake_ood,real,,test_ood,bca1a26c71ce017a,blur05
0,so_fake_ood,real,,test_ood,bca1a26c71ce017a,blur10
0,so_fake_ood,real,,test_ood,bca1a26c71ce017a,blur20
0,so_fake_ood,real,,test_ood,bca1a26c71ce017a,resize05
0,so_fake_ood,real,,test_ood,bca1a26c71ce017a,resize025
0,so_fake_ood,real,,test_ood,bca1a26c71ce017a,noise002
0,so_fake_ood,real,,test_ood,bca1a26c71ce017a,noise005
0,so_fake_ood,real,,test_ood,bca1a26c71ce017a,noise01
0,so_fake_ood,real,,test_ood,bca1a26c71ce017a,jitter02
0,so_fake_ood,real,,test_ood,bca1a26c71ce017a,crop08
0,so_fake_ood,real,,test_ood,77ab2ebc2fde1fbc,clean
0,so_fake_ood,real,,test_ood,77ab2ebc2fde1fbc,jpeg90
0,so_fake_ood,real,,test_ood,77ab2ebc2fde1fbc,jpeg70
0,so_fake_ood,real,,test_ood,77ab2ebc2fde1fbc,jpeg50
0,so_fake_ood,real,,test_ood,77ab2ebc2fde1fbc,jpeg30
0,so_fake_ood,real,,test_ood,77ab2ebc2fde1fbc,blur05
0,so_fake_ood,real,,test_ood,77ab2ebc2fde1fbc,blur10
0,so_fake_ood,real,,test_ood,77ab2ebc2fde1fbc,blur20
0,so_fake_ood,real,,test_ood,77ab2ebc2fde1fbc,resize05
0,so_fake_ood,real,,test_ood,77ab2ebc2fde1fbc,resize025
0,so_fake_ood,real,,test_ood,77ab2ebc2fde1fbc,noise002
0,so_fake_ood,real,,test_ood,77ab2ebc2fde1fbc,noise005
0,so_fake_ood,real,,test_ood,77ab2ebc2fde1fbc,noise01
0,so_fake_ood,real,,test_ood,77ab2ebc2fde1fbc,jitter02
0,so_fake_ood,real,,test_ood,77ab2ebc2fde1fbc,crop08
0,so_fake_ood,real,,test_ood,53dff6fc2a7ba2a0,clean
0,so_fake_ood,real,,test_ood,53dff6fc2a7ba2a0,jpeg90
0,so_fake_ood,real,,test_ood,53dff6fc2a7ba2a0,jpeg70
0,so_fake_ood,real,,test_ood,53dff6fc2a7ba2a0,jpeg50
0,so_fake_ood,real,,test_ood,53dff6fc2a7ba2a0,jpeg30
0,so_fake_ood,real,,test_ood,53dff6fc2a7ba2a0,blur05
0,so_fake_ood,real,,test_ood,53dff6fc2a7ba2a0,blur10
0,so_fake_ood,real,,test_ood,53dff6fc2a7ba2a0,blur20
0,so_fake_ood,real,,test_ood,53dff6fc2a7ba2a0,resize05
0,so_fake_ood,real,,test_ood,53dff6fc2a7ba2a0,resize025
0,so_fake_ood,real,,test_ood,53dff6fc2a7ba2a0,noise002
0,so_fake_ood,real,,test_ood,53dff6fc2a7ba2a0,noise005
0,so_fake_ood,real,,test_ood,53dff6fc2a7ba2a0,noise01
0,so_fake_ood,real,,test_ood,53dff6fc2a7ba2a0,jitter02
0,so_fake_ood,real,,test_ood,53dff6fc2a7ba2a0,crop08
0,so_fake_ood,real,,test_ood,8398c153d673236a,clean
0,so_fake_ood,real,,test_ood,8398c153d673236a,jpeg90
0,so_fake_ood,real,,test_ood,8398c153d673236a,jpeg70
0,so_fake_ood,real,,test_ood,8398c153d673236a,jpeg50
0,so_fake_ood,real,,test_ood,8398c153d673236a,jpeg30
0,so_fake_ood,real,,test_ood,8398c153d673236a,blur05
0,so_fake_ood,real,,test_ood,8398c153d673236a,blur10
0,so_fake_ood,real,,test_ood,8398c153d673236a,blur20
0,so_fake_ood,real,,test_ood,8398c153d673236a,resize05
0,so_fake_ood,real,,test_ood,8398c153d673236a,resize025
0,so_fake_ood,real,,test_ood,8398c153d673236a,noise002
0,so_fake_ood,real,,test_ood,8398c153d673236a,noise005
0,so_fake_ood,real,,test_ood,8398c153d673236a,noise01
0,so_fake_ood,real,,test_ood,8398c153d673236a,jitter02
0,so_fake_ood,real,,test_ood,8398c153d673236a,crop08
0,so_fake_ood,real,,test_ood,cffd422559c24c2c,clean
0,so_fake_ood,real,,test_ood,cffd422559c24c2c,jpeg90
0,so_fake_ood,real,,test_ood,cffd422559c24c2c,jpeg70
0,so_fake_ood,real,,test_ood,cffd422559c24c2c,jpeg50
0,so_fake_ood,real,,test_ood,cffd422559c24c2c,jpeg30
0,so_fake_ood,real,,test_ood,cffd422559c24c2c,blur05
0,so_fake_ood,real,,test_ood,cffd422559c24c2c,blur10
0,so_fake_ood,real,,test_ood,cffd422559c24c2c,blur20
0,so_fake_ood,real,,test_ood,cffd422559c24c2c,resize05
0,so_fake_ood,real,,test_ood,cffd422559c24c2c,resize025
0,so_fake_ood,real,,test_ood,cffd422559c24c2c,noise002
0,so_fake_ood,real,,test_ood,cffd422559c24c2c,noise005
0,so_fake_ood,real,,test_ood,cffd422559c24c2c,noise01
0,so_fake_ood,real,,test_ood,cffd422559c24c2c,jitter02
0,so_fake_ood,real,,test_ood,cffd422559c24c2c,crop08
0,so_fake_ood,real,,test_ood,9b7322199078f550,clean
0,so_fake_ood,real,,test_ood,9b7322199078f550,jpeg90
0,so_fake_ood,real,,test_ood,9b7322199078f550,jpeg70
0,so_fake_ood,real,,test_ood,9b7322199078f550,jpeg50
0,so_fake_ood,real,,test_ood,9b7322199078f550,jpeg30
0,so_fake_ood,real,,test_ood,9b7322199078f550,blur05
0,so_fake_ood,real,,test_ood,9b7322199078f550,blur10
0,so_fake_ood,real,,test_ood,9b7322199078f550,blur20
0,so_fake_ood,real,,test_ood,9b7322199078f550,resize05
0,so_fake_ood,real,,test_ood,9b7322199078f550,resize025
0,so_fake_ood,real,,test_ood,9b7322199078f550,noise002
0,so_fake_ood,real,,test_ood,9b7322199078f550,noise005
0,so_fake_ood,real,,test_ood,9b7322199078f550,noise01
0,so_fake_ood,real,,test_ood,9b7322199078f550,jitter02
0,so_fake_ood,real,,test_ood,9b7322199078f550,crop08
0,so_fake_ood,real,,test_ood,2d58c34e596b1a45,clean
0,so_fake_ood,real,,test_ood,2d58c34e596b1a45,jpeg90
0,so_fake_ood,real,,test_ood,2d58c34e596b1a45,jpeg70
0,so_fake_ood,real,,test_ood,2d58c34e596b1a45,jpeg50
0,so_fake_ood,real,,test_ood,2d58c34e596b1a45,jpeg30
0,so_fake_ood,real,,test_ood,2d58c34e596b1a45,blur05
0,so_fake_ood,real,,test_ood,2d58c34e596b1a45,blur10
0,so_fake_ood,real,,test_ood,2d58c34e596b1a45,blur20
0,so_fake_ood,real,,test_ood,2d58c34e596b1a45,resize05
0,so_fake_ood,real,,test_ood,2d58c34e596b1a45,resize025
0,so_fake_ood,real,,test_ood,2d58c34e596b1a45,noise002
0,so_fake_ood,real,,test_ood,2d58c34e596b1a45,noise005
0,so_fake_ood,real,,test_ood,2d58c34e596b1a45,noise01
0,so_fake_ood,real,,test_ood,2d58c34e596b1a45,jitter02
0,so_fake_ood,real,,test_ood,2d58c34e596b1a45,crop08
0,so_fake_ood,real,,test_ood,9ec33a63ac48023c,clean
0,so_fake_ood,real,,test_ood,9ec33a63ac48023c,jpeg90
0,so_fake_ood,real,,test_ood,9ec33a63ac48023c,jpeg70
0,so_fake_ood,real,,test_ood,9ec33a63ac48023c,jpeg50
0,so_fake_ood,real,,test_ood,9ec33a63ac48023c,jpeg30
0,so_fake_ood,real,,test_ood,9ec33a63ac48023c,blur05
0,so_fake_ood,real,,test_ood,9ec33a63ac48023c,blur10
0,so_fake_ood,real,,test_ood,9ec33a63ac48023c,blur20
0,so_fake_ood,real,,test_ood,9ec33a63ac48023c,resize05
0,so_fake_ood,real,,test_ood,9ec33a63ac48023c,resize025
0,so_fake_ood,real,,test_ood,9ec33a63ac48023c,noise002
0,so_fake_ood,real,,test_ood,9ec33a63ac48023c,noise005
0,so_fake_ood,real,,test_ood,9ec33a63ac48023c,noise01
0,so_fake_ood,real,,test_ood,9ec33a63ac48023c,jitter02
0,so_fake_ood,real,,test_ood,9ec33a63ac48023c,crop08
0,so_fake_ood,real,,test_ood,be831ad772a2962e,clean
0,so_fake_ood,real,,test_ood,be831ad772a2962e,jpeg90
0,so_fake_ood,real,,test_ood,be831ad772a2962e,jpeg70
0,so_fake_ood,real,,test_ood,be831ad772a2962e,jpeg50
0,so_fake_ood,real,,test_ood,be831ad772a2962e,jpeg30
0,so_fake_ood,real,,test_ood,be831ad772a2962e,blur05
0,so_fake_ood,real,,test_ood,be831ad772a2962e,blur10
0,so_fake_ood,real,,test_ood,be831ad772a2962e,blur20
0,so_fake_ood,real,,test_ood,be831ad772a2962e,resize05
0,so_fake_ood,real,,test_ood,be831ad772a2962e,resize025
0,so_fake_ood,real,,test_ood,be831ad772a2962e,noise002
0,so_fake_ood,real,,test_ood,be831ad772a2962e,noise005
0,so_fake_ood,real,,test_ood,be831ad772a2962e,noise01
0,so_fake_ood,real,,test_ood,be831ad772a2962e,jitter02
0,so_fake_ood,real,,test_ood,be831ad772a2962e,crop08
0,so_fake_ood,real,,test_ood,72c5d9a9a0b2aa7f,clean
0,so_fake_ood,real,,test_ood,72c5d9a9a0b2aa7f,jpeg90
0,so_fake_ood,real,,test_ood,72c5d9a9a0b2aa7f,jpeg70
0,so_fake_ood,real,,test_ood,72c5d9a9a0b2aa7f,jpeg50
0,so_fake_ood,real,,test_ood,72c5d9a9a0b2aa7f,jpeg30
0,so_fake_ood,real,,test_ood,72c5d9a9a0b2aa7f,blur05
0,so_fake_ood,real,,test_ood,72c5d9a9a0b2aa7f,blur10
0,so_fake_ood,real,,test_ood,72c5d9a9a0b2aa7f,blur20
0,so_fake_ood,real,,test_ood,72c5d9a9a0b2aa7f,resize05
0,so_fake_ood,real,,test_ood,72c5d9a9a0b2aa7f,resize025
0,so_fake_ood,real,,test_ood,72c5d9a9a0b2aa7f,noise002
0,so_fake_ood,real,,test_ood,72c5d9a9a0b2aa7f,noise005
0,so_fake_ood,real,,test_ood,72c5d9a9a0b2aa7f,noise01
0,so_fake_ood,real,,test_ood,72c5d9a9a0b2aa7f,jitter02
0,so_fake_ood,real,,test_ood,72c5d9a9a0b2aa7f,crop08
0,so_fake_ood,real,,test_ood,d6827736ad353e4b,clean
0,so_fake_ood,real,,test_ood,d6827736ad353e4b,jpeg90
0,so_fake_ood,real,,test_ood,d6827736ad353e4b,jpeg70
0,so_fake_ood,real,,test_ood,d6827736ad353e4b,jpeg50
0,so_fake_ood,real,,test_ood,d6827736ad353e4b,jpeg30
0,so_fake_ood,real,,test_ood,d6827736ad353e4b,blur05
0,so_fake_ood,real,,test_ood,d6827736ad353e4b,blur10
0,so_fake_ood,real,,test_ood,d6827736ad353e4b,blur20
0,so_fake_ood,real,,test_ood,d6827736ad353e4b,resize05
0,so_fake_ood,real,,test_ood,d6827736ad353e4b,resize025
0,so_fake_ood,real,,test_ood,d6827736ad353e4b,noise002
0,so_fake_ood,real,,test_ood,d6827736ad353e4b,noise005
0,so_fake_ood,real,,test_ood,d6827736ad353e4b,noise01
0,so_fake_ood,real,,test_ood,d6827736ad353e4b,jitter02
0,so_fake_ood,real,,test_ood,d6827736ad353e4b,crop08
0,so_fake_ood,real,,test_ood,cc4f27234fd0a71e,clean
0,so_fake_ood,real,,test_ood,cc4f27234fd0a71e,jpeg90
0,so_fake_ood,real,,test_ood,cc4f27234fd0a71e,jpeg70
0,so_fake_ood,real,,test_ood,cc4f27234fd0a71e,jpeg50
0,so_fake_ood,real,,test_ood,cc4f27234fd0a71e,jpeg30
0,so_fake_ood,real,,test_ood,cc4f27234fd0a71e,blur05
0,so_fake_ood,real,,test_ood,cc4f27234fd0a71e,blur10
0,so_fake_ood,real,,test_ood,cc4f27234fd0a71e,blur20
0,so_fake_ood,real,,test_ood,cc4f27234fd0a71e,resize05
0,so_fake_ood,real,,test_ood,cc4f27234fd0a71e,resize025
0,so_fake_ood,real,,test_ood,cc4f27234fd0a71e,noise002
0,so_fake_ood,real,,test_ood,cc4f27234fd0a71e,noise005
0,so_fake_ood,real,,test_ood,cc4f27234fd0a71e,noise01
0,so_fake_ood,real,,test_ood,cc4f27234fd0a71e,jitter02
0,so_fake_ood,real,,test_ood,cc4f27234fd0a71e,crop08
0,so_fake_ood,real,,test_ood,2b2ebc81fd89c890,clean
0,so_fake_ood,real,,test_ood,2b2ebc81fd89c890,jpeg90
0,so_fake_ood,real,,test_ood,2b2ebc81fd89c890,jpeg70
0,so_fake_ood,real,,test_ood,2b2ebc81fd89c890,jpeg50
0,so_fake_ood,real,,test_ood,2b2ebc81fd89c890,jpeg30
0,so_fake_ood,real,,test_ood,2b2ebc81fd89c890,blur05
0,so_fake_ood,real,,test_ood,2b2ebc81fd89c890,blur10
0,so_fake_ood,real,,test_ood,2b2ebc81fd89c890,blur20
0,so_fake_ood,real,,test_ood,2b2ebc81fd89c890,resize05
0,so_fake_ood,real,,test_ood,2b2ebc81fd89c890,resize025
0,so_fake_ood,real,,test_ood,2b2ebc81fd89c890,noise002
0,so_fake_ood,real,,test_ood,2b2ebc81fd89c890,noise005
0,so_fake_ood,real,,test_ood,2b2ebc81fd89c890,noise01
0,so_fake_ood,real,,test_ood,2b2ebc81fd89c890,jitter02
0,so_fake_ood,real,,test_ood,2b2ebc81fd89c890,crop08
0,so_fake_ood,real,,test_ood,044dea68b60f7134,clean
0,so_fake_ood,real,,test_ood,044dea68b60f7134,jpeg90
0,so_fake_ood,real,,test_ood,044dea68b60f7134,jpeg70
0,so_fake_ood,real,,test_ood,044dea68b60f7134,jpeg50
0,so_fake_ood,real,,test_ood,044dea68b60f7134,jpeg30
0,so_fake_ood,real,,test_ood,044dea68b60f7134,blur05
0,so_fake_ood,real,,test_ood,044dea68b60f7134,blur10
0,so_fake_ood,real,,test_ood,044dea68b60f7134,blur20
0,so_fake_ood,real,,test_ood,044dea68b60f7134,resize05
0,so_fake_ood,real,,test_ood,044dea68b60f7134,resize025
0,so_fake_ood,real,,test_ood,044dea68b60f7134,noise002
0,so_fake_ood,real,,test_ood,044dea68b60f7134,noise005
0,so_fake_ood,real,,test_ood,044dea68b60f7134,noise01
0,so_fake_ood,real,,test_ood,044dea68b60f7134,jitter02
0,so_fake_ood,real,,test_ood,044dea68b60f7134,crop08
0,so_fake_ood,real,,test_ood,e48c2e1b5173bf65,clean
0,so_fake_ood,real,,test_ood,e48c2e1b5173bf65,jpeg90
0,so_fake_ood,real,,test_ood,e48c2e1b5173bf65,jpeg70
0,so_fake_ood,real,,test_ood,e48c2e1b5173bf65,jpeg50
0,so_fake_ood,real,,test_ood,e48c2e1b5173bf65,jpeg30
0,so_fake_ood,real,,test_ood,e48c2e1b5173bf65,blur05
0,so_fake_ood,real,,test_ood,e48c2e1b5173bf65,blur10
0,so_fake_ood,real,,test_ood,e48c2e1b5173bf65,blur20
0,so_fake_ood,real,,test_ood,e48c2e1b5173bf65,resize05
0,so_fake_ood,real,,test_ood,e48c2e1b5173bf65,resize025
0,so_fake_ood,real,,test_ood,e48c2e1b5173bf65,noise002
0,so_fake_ood,real,,test_ood,e48c2e1b5173bf65,noise005
0,so_fake_ood,real,,test_ood,e48c2e1b5173bf65,noise01
0,so_fake_ood,real,,test_ood,e48c2e1b5173bf65,jitter02
0,so_fake_ood,real,,test_ood,e48c2e1b5173bf65,crop08
0,so_fake_ood,real,,test_ood,0adf5f16dff73aeb,clean
0,so_fake_ood,real,,test_ood,0adf5f16dff73aeb,jpeg90
0,so_fake_ood,real,,test_ood,0adf5f16dff73aeb,jpeg70
0,so_fake_ood,real,,test_ood,0adf5f16dff73aeb,jpeg50
0,so_fake_ood,real,,test_ood,0adf5f16dff73aeb,jpeg30
0,so_fake_ood,real,,test_ood,0adf5f16dff73aeb,blur05
0,so_fake_ood,real,,test_ood,0adf5f16dff73aeb,blur10
0,so_fake_ood,real,,test_ood,0adf5f16dff73aeb,blur20
0,so_fake_ood,real,,test_ood,0adf5f16dff73aeb,resize05
0,so_fake_ood,real,,test_ood,0adf5f16dff73aeb,resize025
0,so_fake_ood,real,,test_ood,0adf5f16dff73aeb,noise002
0,so_fake_ood,real,,test_ood,0adf5f16dff73aeb,noise005
0,so_fake_ood,real,,test_ood,0adf5f16dff73aeb,noise01
0,so_fake_ood,real,,test_ood,0adf5f16dff73aeb,jitter02
0,so_fake_ood,real,,test_ood,0adf5f16dff73aeb,crop08
0,so_fake_ood,real,,test_ood,79871337f436d661,clean
0,so_fake_ood,real,,test_ood,79871337f436d661,jpeg90
0,so_fake_ood,real,,test_ood,79871337f436d661,jpeg70
0,so_fake_ood,real,,test_ood,79871337f436d661,jpeg50
0,so_fake_ood,real,,test_ood,79871337f436d661,jpeg30
0,so_fake_ood,real,,test_ood,79871337f436d661,blur05
0,so_fake_ood,real,,test_ood,79871337f436d661,blur10
0,so_fake_ood,real,,test_ood,79871337f436d661,blur20
0,so_fake_ood,real,,test_ood,79871337f436d661,resize05
0,so_fake_ood,real,,test_ood,79871337f436d661,resize025
0,so_fake_ood,real,,test_ood,79871337f436d661,noise002
0,so_fake_ood,real,,test_ood,79871337f436d661,noise005
0,so_fake_ood,real,,test_ood,79871337f436d661,noise01
0,so_fake_ood,real,,test_ood,79871337f436d661,jitter02
0,so_fake_ood,real,,test_ood,79871337f436d661,crop08
0,so_fake_ood,real,,test_ood,bb7f890b90795f59,clean
0,so_fake_ood,real,,test_ood,bb7f890b90795f59,jpeg90
0,so_fake_ood,real,,test_ood,bb7f890b90795f59,jpeg70
0,so_fake_ood,real,,test_ood,bb7f890b90795f59,jpeg50
0,so_fake_ood,real,,test_ood,bb7f890b90795f59,jpeg30
0,so_fake_ood,real,,test_ood,bb7f890b90795f59,blur05
0,so_fake_ood,real,,test_ood,bb7f890b90795f59,blur10
0,so_fake_ood,real,,test_ood,bb7f890b90795f59,blur20
0,so_fake_ood,real,,test_ood,bb7f890b90795f59,resize05
0,so_fake_ood,real,,test_ood,bb7f890b90795f59,resize025
0,so_fake_ood,real,,test_ood,bb7f890b90795f59,noise002
0,so_fake_ood,real,,test_ood,bb7f890b90795f59,noise005
0,so_fake_ood,real,,test_ood,bb7f890b90795f59,noise01
0,so_fake_ood,real,,test_ood,bb7f890b90795f59,jitter02
0,so_fake_ood,real,,test_ood,bb7f890b90795f59,crop08
0,so_fake_ood,real,,test_ood,c16ac0bbe1336e10,clean
0,so_fake_ood,real,,test_ood,c16ac0bbe1336e10,jpeg90
0,so_fake_ood,real,,test_ood,c16ac0bbe1336e10,jpeg70
0,so_fake_ood,real,,test_ood,c16ac0bbe1336e10,jpeg50
0,so_fake_ood,real,,test_ood,c16ac0bbe1336e10,jpeg30
0,so_fake_ood,real,,test_ood,c16ac0bbe1336e10,blur05
0,so_fake_ood,real,,test_ood,c16ac0bbe1336e10,blur10
0,so_fake_ood,real,,test_ood,c16ac0bbe1336e10,blur20
0,so_fake_ood,real,,test_ood,c16ac0bbe1336e10,resize05
0,so_fake_ood,real,,test_ood,c16ac0bbe1336e10,resize025
0,so_fake_ood,real,,test_ood,c16ac0bbe1336e10,noise002
0,so_fake_ood,real,,test_ood,c16ac0bbe1336e10,noise005
0,so_fake_ood,real,,test_ood,c16ac0bbe1336e10,noise01
0,so_fake_ood,real,,test_ood,c16ac0bbe1336e10,jitter02
0,so_fake_ood,real,,test_ood,c16ac0bbe1336e10,crop08
0,so_fake_ood,real,,test_ood,868caab8e993f419,clean
0,so_fake_ood,real,,test_ood,868caab8e993f419,jpeg90
0,so_fake_ood,real,,test_ood,868caab8e993f419,jpeg70
0,so_fake_ood,real,,test_ood,868caab8e993f419,jpeg50
0,so_fake_ood,real,,test_ood,868caab8e993f419,jpeg30
0,so_fake_ood,real,,test_ood,868caab8e993f419,blur05
0,so_fake_ood,real,,test_ood,868caab8e993f419,blur10
0,so_fake_ood,real,,test_ood,868caab8e993f419,blur20
0,so_fake_ood,real,,test_ood,868caab8e993f419,resize05
0,so_fake_ood,real,,test_ood,868caab8e993f419,resize025
0,so_fake_ood,real,,test_ood,868caab8e993f419,noise002
0,so_fake_ood,real,,test_ood,868caab8e993f419,noise005
0,so_fake_ood,real,,test_ood,868caab8e993f419,noise01
0,so_fake_ood,real,,test_ood,868caab8e993f419,jitter02
0,so_fake_ood,real,,test_ood,868caab8e993f419,crop08
0,so_fake_ood,real,,test_ood,21b05a9d7eb4f764,clean
0,so_fake_ood,real,,test_ood,21b05a9d7eb4f764,jpeg90
0,so_fake_ood,real,,test_ood,21b05a9d7eb4f764,jpeg70
0,so_fake_ood,real,,test_ood,21b05a9d7eb4f764,jpeg50
0,so_fake_ood,real,,test_ood,21b05a9d7eb4f764,jpeg30
0,so_fake_ood,real,,test_ood,21b05a9d7eb4f764,blur05
0,so_fake_ood,real,,test_ood,21b05a9d7eb4f764,blur10
0,so_fake_ood,real,,test_ood,21b05a9d7eb4f764,blur20
0,so_fake_ood,real,,test_ood,21b05a9d7eb4f764,resize05
0,so_fake_ood,real,,test_ood,21b05a9d7eb4f764,resize025
0,so_fake_ood,real,,test_ood,21b05a9d7eb4f764,noise002
0,so_fake_ood,real,,test_ood,21b05a9d7eb4f764,noise005
0,so_fake_ood,real,,test_ood,21b05a9d7eb4f764,noise01
0,so_fake_ood,real,,test_ood,21b05a9d7eb4f764,jitter02
0,so_fake_ood,real,,test_ood,21b05a9d7eb4f764,crop08
0,so_fake_ood,real,,test_ood,8f2f123ad31bc536,clean
0,so_fake_ood,real,,test_ood,8f2f123ad31bc536,jpeg90
0,so_fake_ood,real,,test_ood,8f2f123ad31bc536,jpeg70
0,so_fake_ood,real,,test_ood,8f2f123ad31bc536,jpeg50
0,so_fake_ood,real,,test_ood,8f2f123ad31bc536,jpeg30
0,so_fake_ood,real,,test_ood,8f2f123ad31bc536,blur05
0,so_fake_ood,real,,test_ood,8f2f123ad31bc536,blur10
0,so_fake_ood,real,,test_ood,8f2f123ad31bc536,blur20
0,so_fake_ood,real,,test_ood,8f2f123ad31bc536,resize05
0,so_fake_ood,real,,test_ood,8f2f123ad31bc536,resize025
0,so_fake_ood,real,,test_ood,8f2f123ad31bc536,noise002
0,so_fake_ood,real,,test_ood,8f2f123ad31bc536,noise005
0,so_fake_ood,real,,test_ood,8f2f123ad31bc536,noise01
0,so_fake_ood,real,,test_ood,8f2f123ad31bc536,jitter02
0,so_fake_ood,real,,test_ood,8f2f123ad31bc536,crop08
0,so_fake_ood,real,,test_ood,3fbde040c83771cb,clean
0,so_fake_ood,real,,test_ood,3fbde040c83771cb,jpeg90
0,so_fake_ood,real,,test_ood,3fbde040c83771cb,jpeg70
0,so_fake_ood,real,,test_ood,3fbde040c83771cb,jpeg50
0,so_fake_ood,real,,test_ood,3fbde040c83771cb,jpeg30
0,so_fake_ood,real,,test_ood,3fbde040c83771cb,blur05
0,so_fake_ood,real,,test_ood,3fbde040c83771cb,blur10
0,so_fake_ood,real,,test_ood,3fbde040c83771cb,blur20
0,so_fake_ood,real,,test_ood,3fbde040c83771cb,resize05
0,so_fake_ood,real,,test_ood,3fbde040c83771cb,resize025
0,so_fake_ood,real,,test_ood,3fbde040c83771cb,noise002
0,so_fake_ood,real,,test_ood,3fbde040c83771cb,noise005
0,so_fake_ood,real,,test_ood,3fbde040c83771cb,noise01
0,so_fake_ood,real,,test_ood,3fbde040c83771cb,jitter02
0,so_fake_ood,real,,test_ood,3fbde040c83771cb,crop08
0,so_fake_ood,real,,test_ood,b4ee337195d51e3a,clean
0,so_fake_ood,real,,test_ood,b4ee337195d51e3a,jpeg90
0,so_fake_ood,real,,test_ood,b4ee337195d51e3a,jpeg70
0,so_fake_ood,real,,test_ood,b4ee337195d51e3a,jpeg50
0,so_fake_ood,real,,test_ood,b4ee337195d51e3a,jpeg30
0,so_fake_ood,real,,test_ood,b4ee337195d51e3a,blur05
0,so_fake_ood,real,,test_ood,b4ee337195d51e3a,blur10
0,so_fake_ood,real,,test_ood,b4ee337195d51e3a,blur20
0,so_fake_ood,real,,test_ood,b4ee337195d51e3a,resize05
0,so_fake_ood,real,,test_ood,b4ee337195d51e3a,resize025
0,so_fake_ood,real,,test_ood,b4ee337195d51e3a,noise002
0,so_fake_ood,real,,test_ood,b4ee337195d51e3a,noise005
0,so_fake_ood,real,,test_ood,b4ee337195d51e3a,noise01
0,so_fake_ood,real,,test_ood,b4ee337195d51e3a,jitter02
0,so_fake_ood,real,,test_ood,b4ee337195d51e3a,crop08
0,so_fake_ood,real,,test_ood,3412b0a75de7bcb5,clean
0,so_fake_ood,real,,test_ood,3412b0a75de7bcb5,jpeg90
0,so_fake_ood,real,,test_ood,3412b0a75de7bcb5,jpeg70
0,so_fake_ood,real,,test_ood,3412b0a75de7bcb5,jpeg50
0,so_fake_ood,real,,test_ood,3412b0a75de7bcb5,jpeg30
0,so_fake_ood,real,,test_ood,3412b0a75de7bcb5,blur05
0,so_fake_ood,real,,test_ood,3412b0a75de7bcb5,blur10
0,so_fake_ood,real,,test_ood,3412b0a75de7bcb5,blur20
0,so_fake_ood,real,,test_ood,3412b0a75de7bcb5,resize05
0,so_fake_ood,real,,test_ood,3412b0a75de7bcb5,resize025
0,so_fake_ood,real,,test_ood,3412b0a75de7bcb5,noise002
0,so_fake_ood,real,,test_ood,3412b0a75de7bcb5,noise005
0,so_fake_ood,real,,test_ood,3412b0a75de7bcb5,noise01
0,so_fake_ood,real,,test_ood,3412b0a75de7bcb5,jitter02
0,so_fake_ood,real,,test_ood,3412b0a75de7bcb5,crop08
0,so_fake_ood,real,,test_ood,06e322c28d7f94f8,clean
0,so_fake_ood,real,,test_ood,06e322c28d7f94f8,jpeg90
0,so_fake_ood,real,,test_ood,06e322c28d7f94f8,jpeg70
0,so_fake_ood,real,,test_ood,06e322c28d7f94f8,jpeg50
0,so_fake_ood,real,,test_ood,06e322c28d7f94f8,jpeg30
0,so_fake_ood,real,,test_ood,06e322c28d7f94f8,blur05
0,so_fake_ood,real,,test_ood,06e322c28d7f94f8,blur10
0,so_fake_ood,real,,test_ood,06e322c28d7f94f8,blur20
0,so_fake_ood,real,,test_ood,06e322c28d7f94f8,resize05
0,so_fake_ood,real,,test_ood,06e322c28d7f94f8,resize025
0,so_fake_ood,real,,test_ood,06e322c28d7f94f8,noise002
0,so_fake_ood,real,,test_ood,06e322c28d7f94f8,noise005
0,so_fake_ood,real,,test_ood,06e322c28d7f94f8,noise01
0,so_fake_ood,real,,test_ood,06e322c28d7f94f8,jitter02
0,so_fake_ood,real,,test_ood,06e322c28d7f94f8,crop08
0,so_fake_ood,real,,test_ood,fae4fe367d4d9da2,clean
0,so_fake_ood,real,,test_ood,fae4fe367d4d9da2,jpeg90
0,so_fake_ood,real,,test_ood,fae4fe367d4d9da2,jpeg70
0,so_fake_ood,real,,test_ood,fae4fe367d4d9da2,jpeg50
0,so_fake_ood,real,,test_ood,fae4fe367d4d9da2,jpeg30
0,so_fake_ood,real,,test_ood,fae4fe367d4d9da2,blur05
0,so_fake_ood,real,,test_ood,fae4fe367d4d9da2,blur10
0,so_fake_ood,real,,test_ood,fae4fe367d4d9da2,blur20
0,so_fake_ood,real,,test_ood,fae4fe367d4d9da2,resize05
0,so_fake_ood,real,,test_ood,fae4fe367d4d9da2,resize025
0,so_fake_ood,real,,test_ood,fae4fe367d4d9da2,noise002
0,so_fake_ood,real,,test_ood,fae4fe367d4d9da2,noise005
0,so_fake_ood,real,,test_ood,fae4fe367d4d9da2,noise01
0,so_fake_ood,real,,test_ood,fae4fe367d4d9da2,jitter02
0,so_fake_ood,real,,test_ood,fae4fe367d4d9da2,crop08
0,so_fake_ood,real,,test_ood,0f565eca14fe7c0d,clean
0,so_fake_ood,real,,test_ood,0f565eca14fe7c0d,jpeg90
0,so_fake_ood,real,,test_ood,0f565eca14fe7c0d,jpeg70
0,so_fake_ood,real,,test_ood,0f565eca14fe7c0d,jpeg50
0,so_fake_ood,real,,test_ood,0f565eca14fe7c0d,jpeg30
0,so_fake_ood,real,,test_ood,0f565eca14fe7c0d,blur05
0,so_fake_ood,real,,test_ood,0f565eca14fe7c0d,blur10
0,so_fake_ood,real,,test_ood,0f565eca14fe7c0d,blur20
0,so_fake_ood,real,,test_ood,0f565eca14fe7c0d,resize05
0,so_fake_ood,real,,test_ood,0f565eca14fe7c0d,resize025
0,so_fake_ood,real,,test_ood,0f565eca14fe7c0d,noise002
0,so_fake_ood,real,,test_ood,0f565eca14fe7c0d,noise005
0,so_fake_ood,real,,test_ood,0f565eca14fe7c0d,noise01
0,so_fake_ood,real,,test_ood,0f565eca14fe7c0d,jitter02
0,so_fake_ood,real,,test_ood,0f565eca14fe7c0d,crop08
0,so_fake_ood,real,,test_ood,8e6f3e6dbf054d4d,clean
0,so_fake_ood,real,,test_ood,8e6f3e6dbf054d4d,jpeg90
0,so_fake_ood,real,,test_ood,8e6f3e6dbf054d4d,jpeg70
0,so_fake_ood,real,,test_ood,8e6f3e6dbf054d4d,jpeg50
0,so_fake_ood,real,,test_ood,8e6f3e6dbf054d4d,jpeg30
0,so_fake_ood,real,,test_ood,8e6f3e6dbf054d4d,blur05
0,so_fake_ood,real,,test_ood,8e6f3e6dbf054d4d,blur10
0,so_fake_ood,real,,test_ood,8e6f3e6dbf054d4d,blur20
0,so_fake_ood,real,,test_ood,8e6f3e6dbf054d4d,resize05
0,so_fake_ood,real,,test_ood,8e6f3e6dbf054d4d,resize025
0,so_fake_ood,real,,test_ood,8e6f3e6dbf054d4d,noise002
0,so_fake_ood,real,,test_ood,8e6f3e6dbf054d4d,noise005
0,so_fake_ood,real,,test_ood,8e6f3e6dbf054d4d,noise01
0,so_fake_ood,real,,test_ood,8e6f3e6dbf054d4d,jitter02
0,so_fake_ood,real,,test_ood,8e6f3e6dbf054d4d,crop08
0,so_fake_ood,real,,test_ood,24736c45c2b4386d,clean
0,so_fake_ood,real,,test_ood,24736c45c2b4386d,jpeg90
0,so_fake_ood,real,,test_ood,24736c45c2b4386d,jpeg70
0,so_fake_ood,real,,test_ood,24736c45c2b4386d,jpeg50
0,so_fake_ood,real,,test_ood,24736c45c2b4386d,jpeg30
0,so_fake_ood,real,,test_ood,24736c45c2b4386d,blur05
0,so_fake_ood,real,,test_ood,24736c45c2b4386d,blur10
0,so_fake_ood,real,,test_ood,24736c45c2b4386d,blur20
0,so_fake_ood,real,,test_ood,24736c45c2b4386d,resize05
0,so_fake_ood,real,,test_ood,24736c45c2b4386d,resize025
0,so_fake_ood,real,,test_ood,24736c45c2b4386d,noise002
0,so_fake_ood,real,,test_ood,24736c45c2b4386d,noise005
0,so_fake_ood,real,,test_ood,24736c45c2b4386d,noise01
0,so_fake_ood,real,,test_ood,24736c45c2b4386d,jitter02
0,so_fake_ood,real,,test_ood,24736c45c2b4386d,crop08
0,so_fake_ood,real,,test_ood,3d2eb1c088e7a818,clean
0,so_fake_ood,real,,test_ood,3d2eb1c088e7a818,jpeg90
0,so_fake_ood,real,,test_ood,3d2eb1c088e7a818,jpeg70
0,so_fake_ood,real,,test_ood,3d2eb1c088e7a818,jpeg50
0,so_fake_ood,real,,test_ood,3d2eb1c088e7a818,jpeg30
0,so_fake_ood,real,,test_ood,3d2eb1c088e7a818,blur05
0,so_fake_ood,real,,test_ood,3d2eb1c088e7a818,blur10
0,so_fake_ood,real,,test_ood,3d2eb1c088e7a818,blur20
0,so_fake_ood,real,,test_ood,3d2eb1c088e7a818,resize05
0,so_fake_ood,real,,test_ood,3d2eb1c088e7a818,resize025
0,so_fake_ood,real,,test_ood,3d2eb1c088e7a818,noise002
0,so_fake_ood,real,,test_ood,3d2eb1c088e7a818,noise005
0,so_fake_ood,real,,test_ood,3d2eb1c088e7a818,noise01
0,so_fake_ood,real,,test_ood,3d2eb1c088e7a818,jitter02
0,so_fake_ood,real,,test_ood,3d2eb1c088e7a818,crop08
0,so_fake_ood,real,,test_ood,72af186f2747c069,clean
0,so_fake_ood,real,,test_ood,72af186f2747c069,jpeg90
0,so_fake_ood,real,,test_ood,72af186f2747c069,jpeg70
0,so_fake_ood,real,,test_ood,72af186f2747c069,jpeg50
0,so_fake_ood,real,,test_ood,72af186f2747c069,jpeg30
0,so_fake_ood,real,,test_ood,72af186f2747c069,blur05
0,so_fake_ood,real,,test_ood,72af186f2747c069,blur10
0,so_fake_ood,real,,test_ood,72af186f2747c069,blur20
0,so_fake_ood,real,,test_ood,72af186f2747c069,resize05
0,so_fake_ood,real,,test_ood,72af186f2747c069,resize025
0,so_fake_ood,real,,test_ood,72af186f2747c069,noise002
0,so_fake_ood,real,,test_ood,72af186f2747c069,noise005
0,so_fake_ood,real,,test_ood,72af186f2747c069,noise01
0,so_fake_ood,real,,test_ood,72af186f2747c069,jitter02
0,so_fake_ood,real,,test_ood,72af186f2747c069,crop08
0,so_fake_ood,real,,test_ood,628426d22c5772b1,clean
0,so_fake_ood,real,,test_ood,628426d22c5772b1,jpeg90
0,so_fake_ood,real,,test_ood,628426d22c5772b1,jpeg70
0,so_fake_ood,real,,test_ood,628426d22c5772b1,jpeg50
0,so_fake_ood,real,,test_ood,628426d22c5772b1,jpeg30
0,so_fake_ood,real,,test_ood,628426d22c5772b1,blur05
0,so_fake_ood,real,,test_ood,628426d22c5772b1,blur10
0,so_fake_ood,real,,test_ood,628426d22c5772b1,blur20
0,so_fake_ood,real,,test_ood,628426d22c5772b1,resize05
0,so_fake_ood,real,,test_ood,628426d22c5772b1,resize025
0,so_fake_ood,real,,test_ood,628426d22c5772b1,noise002
0,so_fake_ood,real,,test_ood,628426d22c5772b1,noise005
0,so_fake_ood,real,,test_ood,628426d22c5772b1,noise01
0,so_fake_ood,real,,test_ood,628426d22c5772b1,jitter02
0,so_fake_ood,real,,test_ood,628426d22c5772b1,crop08
0,so_fake_ood,real,,test_ood,ded14911cdc09043,clean
0,so_fake_ood,real,,test_ood,ded14911cdc09043,jpeg90
0,so_fake_ood,real,,test_ood,ded14911cdc09043,jpeg70
0,so_fake_ood,real,,test_ood,ded14911cdc09043,jpeg50
0,so_fake_ood,real,,test_ood,ded14911cdc09043,jpeg30
0,so_fake_ood,real,,test_ood,ded14911cdc09043,blur05
0,so_fake_ood,real,,test_ood,ded14911cdc09043,blur10
0,so_fake_ood,real,,test_ood,ded14911cdc09043,blur20
0,so_fake_ood,real,,test_ood,ded14911cdc09043,resize05
0,so_fake_ood,real,,test_ood,ded14911cdc09043,resize025
0,so_fake_ood,real,,test_ood,ded14911cdc09043,noise002
0,so_fake_ood,real,,test_ood,ded14911cdc09043,noise005
0,so_fake_ood,real,,test_ood,ded14911cdc09043,noise01
0,so_fake_ood,real,,test_ood,ded14911cdc09043,jitter02
0,so_fake_ood,real,,test_ood,ded14911cdc09043,crop08
0,so_fake_ood,real,,test_ood,c1304f3b8c6dabbf,clean
0,so_fake_ood,real,,test_ood,c1304f3b8c6dabbf,jpeg90
0,so_fake_ood,real,,test_ood,c1304f3b8c6dabbf,jpeg70
0,so_fake_ood,real,,test_ood,c1304f3b8c6dabbf,jpeg50
0,so_fake_ood,real,,test_ood,c1304f3b8c6dabbf,jpeg30
0,so_fake_ood,real,,test_ood,c1304f3b8c6dabbf,blur05
0,so_fake_ood,real,,test_ood,c1304f3b8c6dabbf,blur10
0,so_fake_ood,real,,test_ood,c1304f3b8c6dabbf,blur20
0,so_fake_ood,real,,test_ood,c1304f3b8c6dabbf,resize05
0,so_fake_ood,real,,test_ood,c1304f3b8c6dabbf,resize025
0,so_fake_ood,real,,test_ood,c1304f3b8c6dabbf,noise002
0,so_fake_ood,real,,test_ood,c1304f3b8c6dabbf,noise005
0,so_fake_ood,real,,test_ood,c1304f3b8c6dabbf,noise01
0,so_fake_ood,real,,test_ood,c1304f3b8c6dabbf,jitter02
0,so_fake_ood,real,,test_ood,c1304f3b8c6dabbf,crop08
0,so_fake_ood,real,,test_ood,d34296ead5241b04,clean
0,so_fake_ood,real,,test_ood,d34296ead5241b04,jpeg90
0,so_fake_ood,real,,test_ood,d34296ead5241b04,jpeg70
0,so_fake_ood,real,,test_ood,d34296ead5241b04,jpeg50
0,so_fake_ood,real,,test_ood,d34296ead5241b04,jpeg30
0,so_fake_ood,real,,test_ood,d34296ead5241b04,blur05
0,so_fake_ood,real,,test_ood,d34296ead5241b04,blur10
0,so_fake_ood,real,,test_ood,d34296ead5241b04,blur20
0,so_fake_ood,real,,test_ood,d34296ead5241b04,resize05
0,so_fake_ood,real,,test_ood,d34296ead5241b04,resize025
0,so_fake_ood,real,,test_ood,d34296ead5241b04,noise002
0,so_fake_ood,real,,test_ood,d34296ead5241b04,noise005
0,so_fake_ood,real,,test_ood,d34296ead5241b04,noise01
0,so_fake_ood,real,,test_ood,d34296ead5241b04,jitter02
0,so_fake_ood,real,,test_ood,d34296ead5241b04,crop08
0,so_fake_ood,real,,test_ood,d43006e23d1cb69c,clean
0,so_fake_ood,real,,test_ood,d43006e23d1cb69c,jpeg90
0,so_fake_ood,real,,test_ood,d43006e23d1cb69c,jpeg70
0,so_fake_ood,real,,test_ood,d43006e23d1cb69c,jpeg50
0,so_fake_ood,real,,test_ood,d43006e23d1cb69c,jpeg30
0,so_fake_ood,real,,test_ood,d43006e23d1cb69c,blur05
0,so_fake_ood,real,,test_ood,d43006e23d1cb69c,blur10
0,so_fake_ood,real,,test_ood,d43006e23d1cb69c,blur20
0,so_fake_ood,real,,test_ood,d43006e23d1cb69c,resize05
0,so_fake_ood,real,,test_ood,d43006e23d1cb69c,resize025
0,so_fake_ood,real,,test_ood,d43006e23d1cb69c,noise002
0,so_fake_ood,real,,test_ood,d43006e23d1cb69c,noise005
0,so_fake_ood,real,,test_ood,d43006e23d1cb69c,noise01
0,so_fake_ood,real,,test_ood,d43006e23d1cb69c,jitter02
0,so_fake_ood,real,,test_ood,d43006e23d1cb69c,crop08
0,so_fake_ood,real,,test_ood,ac92e525d7c534a3,clean
0,so_fake_ood,real,,test_ood,ac92e525d7c534a3,jpeg90
0,so_fake_ood,real,,test_ood,ac92e525d7c534a3,jpeg70
0,so_fake_ood,real,,test_ood,ac92e525d7c534a3,jpeg50
0,so_fake_ood,real,,test_ood,ac92e525d7c534a3,jpeg30
0,so_fake_ood,real,,test_ood,ac92e525d7c534a3,blur05
0,so_fake_ood,real,,test_ood,ac92e525d7c534a3,blur10
0,so_fake_ood,real,,test_ood,ac92e525d7c534a3,blur20
0,so_fake_ood,real,,test_ood,ac92e525d7c534a3,resize05
0,so_fake_ood,real,,test_ood,ac92e525d7c534a3,resize025
0,so_fake_ood,real,,test_ood,ac92e525d7c534a3,noise002
0,so_fake_ood,real,,test_ood,ac92e525d7c534a3,noise005
0,so_fake_ood,real,,test_ood,ac92e525d7c534a3,noise01
0,so_fake_ood,real,,test_ood,ac92e525d7c534a3,jitter02
0,so_fake_ood,real,,test_ood,ac92e525d7c534a3,crop08
0,so_fake_ood,real,,test_ood,f6fd623292ad975d,clean
0,so_fake_ood,real,,test_ood,f6fd623292ad975d,jpeg90
0,so_fake_ood,real,,test_ood,f6fd623292ad975d,jpeg70
0,so_fake_ood,real,,test_ood,f6fd623292ad975d,jpeg50
0,so_fake_ood,real,,test_ood,f6fd623292ad975d,jpeg30
0,so_fake_ood,real,,test_ood,f6fd623292ad975d,blur05
0,so_fake_ood,real,,test_ood,f6fd623292ad975d,blur10
0,so_fake_ood,real,,test_ood,f6fd623292ad975d,blur20
0,so_fake_ood,real,,test_ood,f6fd623292ad975d,resize05
0,so_fake_ood,real,,test_ood,f6fd623292ad975d,resize025
0,so_fake_ood,real,,test_ood,f6fd623292ad975d,noise002
0,so_fake_ood,real,,test_ood,f6fd623292ad975d,noise005
0,so_fake_ood,real,,test_ood,f6fd623292ad975d,noise01
0,so_fake_ood,real,,test_ood,f6fd623292ad975d,jitter02
0,so_fake_ood,real,,test_ood,f6fd623292ad975d,crop08
0,so_fake_ood,real,,test_ood,08be13ba41157c35,clean
0,so_fake_ood,real,,test_ood,08be13ba41157c35,jpeg90
0,so_fake_ood,real,,test_ood,08be13ba41157c35,jpeg70
0,so_fake_ood,real,,test_ood,08be13ba41157c35,jpeg50
0,so_fake_ood,real,,test_ood,08be13ba41157c35,jpeg30
0,so_fake_ood,real,,test_ood,08be13ba41157c35,blur05
0,so_fake_ood,real,,test_ood,08be13ba41157c35,blur10
0,so_fake_ood,real,,test_ood,08be13ba41157c35,blur20
0,so_fake_ood,real,,test_ood,08be13ba41157c35,resize05
0,so_fake_ood,real,,test_ood,08be13ba41157c35,resize025
0,so_fake_ood,real,,test_ood,08be13ba41157c35,noise002
0,so_fake_ood,real,,test_ood,08be13ba41157c35,noise005
0,so_fake_ood,real,,test_ood,08be13ba41157c35,noise01
0,so_fake_ood,real,,test_ood,08be13ba41157c35,jitter02
0,so_fake_ood,real,,test_ood,08be13ba41157c35,crop08
0,so_fake_ood,real,,test_ood,686037892db78657,clean
0,so_fake_ood,real,,test_ood,686037892db78657,jpeg90
0,so_fake_ood,real,,test_ood,686037892db78657,jpeg70
0,so_fake_ood,real,,test_ood,686037892db78657,jpeg50
0,so_fake_ood,real,,test_ood,686037892db78657,jpeg30
0,so_fake_ood,real,,test_ood,686037892db78657,blur05
0,so_fake_ood,real,,test_ood,686037892db78657,blur10
0,so_fake_ood,real,,test_ood,686037892db78657,blur20
0,so_fake_ood,real,,test_ood,686037892db78657,resize05
0,so_fake_ood,real,,test_ood,686037892db78657,resize025
0,so_fake_ood,real,,test_ood,686037892db78657,noise002
0,so_fake_ood,real,,test_ood,686037892db78657,noise005
0,so_fake_ood,real,,test_ood,686037892db78657,noise01
0,so_fake_ood,real,,test_ood,686037892db78657,jitter02
0,so_fake_ood,real,,test_ood,686037892db78657,crop08
0,so_fake_ood,real,,test_ood,198d43a7672b08bc,clean
0,so_fake_ood,real,,test_ood,198d43a7672b08bc,jpeg90
0,so_fake_ood,real,,test_ood,198d43a7672b08bc,jpeg70
0,so_fake_ood,real,,test_ood,198d43a7672b08bc,jpeg50
0,so_fake_ood,real,,test_ood,198d43a7672b08bc,jpeg30
0,so_fake_ood,real,,test_ood,198d43a7672b08bc,blur05
0,so_fake_ood,real,,test_ood,198d43a7672b08bc,blur10
0,so_fake_ood,real,,test_ood,198d43a7672b08bc,blur20
0,so_fake_ood,real,,test_ood,198d43a7672b08bc,resize05
0,so_fake_ood,real,,test_ood,198d43a7672b08bc,resize025
0,so_fake_ood,real,,test_ood,198d43a7672b08bc,noise002
0,so_fake_ood,real,,test_ood,198d43a7672b08bc,noise005
0,so_fake_ood,real,,test_ood,198d43a7672b08bc,noise01
0,so_fake_ood,real,,test_ood,198d43a7672b08bc,jitter02
0,so_fake_ood,real,,test_ood,198d43a7672b08bc,crop08
0,so_fake_ood,real,,test_ood,317c8f8327922dbf,clean
0,so_fake_ood,real,,test_ood,317c8f8327922dbf,jpeg90
0,so_fake_ood,real,,test_ood,317c8f8327922dbf,jpeg70
0,so_fake_ood,real,,test_ood,317c8f8327922dbf,jpeg50
0,so_fake_ood,real,,test_ood,317c8f8327922dbf,jpeg30
0,so_fake_ood,real,,test_ood,317c8f8327922dbf,blur05
0,so_fake_ood,real,,test_ood,317c8f8327922dbf,blur10
0,so_fake_ood,real,,test_ood,317c8f8327922dbf,blur20
0,so_fake_ood,real,,test_ood,317c8f8327922dbf,resize05
0,so_fake_ood,real,,test_ood,317c8f8327922dbf,resize025
0,so_fake_ood,real,,test_ood,317c8f8327922dbf,noise002
0,so_fake_ood,real,,test_ood,317c8f8327922dbf,noise005
0,so_fake_ood,real,,test_ood,317c8f8327922dbf,noise01
0,so_fake_ood,real,,test_ood,317c8f8327922dbf,jitter02
0,so_fake_ood,real,,test_ood,317c8f8327922dbf,crop08
0,so_fake_ood,real,,test_ood,03eaf99b88a4aeaf,clean
0,so_fake_ood,real,,test_ood,03eaf99b88a4aeaf,jpeg90
0,so_fake_ood,real,,test_ood,03eaf99b88a4aeaf,jpeg70
0,so_fake_ood,real,,test_ood,03eaf99b88a4aeaf,jpeg50
0,so_fake_ood,real,,test_ood,03eaf99b88a4aeaf,jpeg30
0,so_fake_ood,real,,test_ood,03eaf99b88a4aeaf,blur05
0,so_fake_ood,real,,test_ood,03eaf99b88a4aeaf,blur10
0,so_fake_ood,real,,test_ood,03eaf99b88a4aeaf,blur20
0,so_fake_ood,real,,test_ood,03eaf99b88a4aeaf,resize05
0,so_fake_ood,real,,test_ood,03eaf99b88a4aeaf,resize025
0,so_fake_ood,real,,test_ood,03eaf99b88a4aeaf,noise002
0,so_fake_ood,real,,test_ood,03eaf99b88a4aeaf,noise005
0,so_fake_ood,real,,test_ood,03eaf99b88a4aeaf,noise01
0,so_fake_ood,real,,test_ood,03eaf99b88a4aeaf,jitter02
0,so_fake_ood,real,,test_ood,03eaf99b88a4aeaf,crop08
0,so_fake_ood,real,,test_ood,cceefcb302adda63,clean
0,so_fake_ood,real,,test_ood,cceefcb302adda63,jpeg90
0,so_fake_ood,real,,test_ood,cceefcb302adda63,jpeg70
0,so_fake_ood,real,,test_ood,cceefcb302adda63,jpeg50
0,so_fake_ood,real,,test_ood,cceefcb302adda63,jpeg30
0,so_fake_ood,real,,test_ood,cceefcb302adda63,blur05
0,so_fake_ood,real,,test_ood,cceefcb302adda63,blur10
0,so_fake_ood,real,,test_ood,cceefcb302adda63,blur20
0,so_fake_ood,real,,test_ood,cceefcb302adda63,resize05
0,so_fake_ood,real,,test_ood,cceefcb302adda63,resize025
0,so_fake_ood,real,,test_ood,cceefcb302adda63,noise002
0,so_fake_ood,real,,test_ood,cceefcb302adda63,noise005
0,so_fake_ood,real,,test_ood,cceefcb302adda63,noise01
0,so_fake_ood,real,,test_ood,cceefcb302adda63,jitter02
0,so_fake_ood,real,,test_ood,cceefcb302adda63,crop08
0,so_fake_ood,real,,test_ood,046b5663660fc0c7,clean
0,so_fake_ood,real,,test_ood,046b5663660fc0c7,jpeg90
0,so_fake_ood,real,,test_ood,046b5663660fc0c7,jpeg70
0,so_fake_ood,real,,test_ood,046b5663660fc0c7,jpeg50
0,so_fake_ood,real,,test_ood,046b5663660fc0c7,jpeg30
0,so_fake_ood,real,,test_ood,046b5663660fc0c7,blur05
0,so_fake_ood,real,,test_ood,046b5663660fc0c7,blur10
0,so_fake_ood,real,,test_ood,046b5663660fc0c7,blur20
0,so_fake_ood,real,,test_ood,046b5663660fc0c7,resize05
0,so_fake_ood,real,,test_ood,046b5663660fc0c7,resize025
0,so_fake_ood,real,,test_ood,046b5663660fc0c7,noise002
0,so_fake_ood,real,,test_ood,046b5663660fc0c7,noise005
0,so_fake_ood,real,,test_ood,046b5663660fc0c7,noise01
0,so_fake_ood,real,,test_ood,046b5663660fc0c7,jitter02
0,so_fake_ood,real,,test_ood,046b5663660fc0c7,crop08
0,so_fake_ood,real,,test_ood,0b69ad8b8d57c289,clean
0,so_fake_ood,real,,test_ood,0b69ad8b8d57c289,jpeg90
0,so_fake_ood,real,,test_ood,0b69ad8b8d57c289,jpeg70
0,so_fake_ood,real,,test_ood,0b69ad8b8d57c289,jpeg50
0,so_fake_ood,real,,test_ood,0b69ad8b8d57c289,jpeg30
0,so_fake_ood,real,,test_ood,0b69ad8b8d57c289,blur05
0,so_fake_ood,real,,test_ood,0b69ad8b8d57c289,blur10
0,so_fake_ood,real,,test_ood,0b69ad8b8d57c289,blur20
0,so_fake_ood,real,,test_ood,0b69ad8b8d57c289,resize05
0,so_fake_ood,real,,test_ood,0b69ad8b8d57c289,resize025
0,so_fake_ood,real,,test_ood,0b69ad8b8d57c289,noise002
0,so_fake_ood,real,,test_ood,0b69ad8b8d57c289,noise005
0,so_fake_ood,real,,test_ood,0b69ad8b8d57c289,noise01
0,so_fake_ood,real,,test_ood,0b69ad8b8d57c289,jitter02
0,so_fake_ood,real,,test_ood,0b69ad8b8d57c289,crop08
0,so_fake_ood,real,,test_ood,378d52c3465e0abc,clean
0,so_fake_ood,real,,test_ood,378d52c3465e0abc,jpeg90
0,so_fake_ood,real,,test_ood,378d52c3465e0abc,jpeg70
0,so_fake_ood,real,,test_ood,378d52c3465e0abc,jpeg50
0,so_fake_ood,real,,test_ood,378d52c3465e0abc,jpeg30
0,so_fake_ood,real,,test_ood,378d52c3465e0abc,blur05
0,so_fake_ood,real,,test_ood,378d52c3465e0abc,blur10
0,so_fake_ood,real,,test_ood,378d52c3465e0abc,blur20
0,so_fake_ood,real,,test_ood,378d52c3465e0abc,resize05
0,so_fake_ood,real,,test_ood,378d52c3465e0abc,resize025
0,so_fake_ood,real,,test_ood,378d52c3465e0abc,noise002
0,so_fake_ood,real,,test_ood,378d52c3465e0abc,noise005
0,so_fake_ood,real,,test_ood,378d52c3465e0abc,noise01
0,so_fake_ood,real,,test_ood,378d52c3465e0abc,jitter02
0,so_fake_ood,real,,test_ood,378d52c3465e0abc,crop08
0,so_fake_ood,real,,test_ood,2f6e5471e65a74d9,clean
0,so_fake_ood,real,,test_ood,2f6e5471e65a74d9,jpeg90
0,so_fake_ood,real,,test_ood,2f6e5471e65a74d9,jpeg70
0,so_fake_ood,real,,test_ood,2f6e5471e65a74d9,jpeg50
0,so_fake_ood,real,,test_ood,2f6e5471e65a74d9,jpeg30
0,so_fake_ood,real,,test_ood,2f6e5471e65a74d9,blur05
0,so_fake_ood,real,,test_ood,2f6e5471e65a74d9,blur10
0,so_fake_ood,real,,test_ood,2f6e5471e65a74d9,blur20
0,so_fake_ood,real,,test_ood,2f6e5471e65a74d9,resize05
0,so_fake_ood,real,,test_ood,2f6e5471e65a74d9,resize025
0,so_fake_ood,real,,test_ood,2f6e5471e65a74d9,noise002
0,so_fake_ood,real,,test_ood,2f6e5471e65a74d9,noise005
0,so_fake_ood,real,,test_ood,2f6e5471e65a74d9,noise01
0,so_fake_ood,real,,test_ood,2f6e5471e65a74d9,jitter02
0,so_fake_ood,real,,test_ood,2f6e5471e65a74d9,crop08
0,so_fake_ood,real,,test_ood,98c83b00580ae66a,clean
0,so_fake_ood,real,,test_ood,98c83b00580ae66a,jpeg90
0,so_fake_ood,real,,test_ood,98c83b00580ae66a,jpeg70
0,so_fake_ood,real,,test_ood,98c83b00580ae66a,jpeg50
0,so_fake_ood,real,,test_ood,98c83b00580ae66a,jpeg30
0,so_fake_ood,real,,test_ood,98c83b00580ae66a,blur05
0,so_fake_ood,real,,test_ood,98c83b00580ae66a,blur10
0,so_fake_ood,real,,test_ood,98c83b00580ae66a,blur20
0,so_fake_ood,real,,test_ood,98c83b00580ae66a,resize05
0,so_fake_ood,real,,test_ood,98c83b00580ae66a,resize025
0,so_fake_ood,real,,test_ood,98c83b00580ae66a,noise002
0,so_fake_ood,real,,test_ood,98c83b00580ae66a,noise005
0,so_fake_ood,real,,test_ood,98c83b00580ae66a,noise01
0,so_fake_ood,real,,test_ood,98c83b00580ae66a,jitter02
0,so_fake_ood,real,,test_ood,98c83b00580ae66a,crop08
0,so_fake_ood,real,,test_ood,cb12d17c42d4cca9,clean
0,so_fake_ood,real,,test_ood,cb12d17c42d4cca9,jpeg90
0,so_fake_ood,real,,test_ood,cb12d17c42d4cca9,jpeg70
0,so_fake_ood,real,,test_ood,cb12d17c42d4cca9,jpeg50
0,so_fake_ood,real,,test_ood,cb12d17c42d4cca9,jpeg30
0,so_fake_ood,real,,test_ood,cb12d17c42d4cca9,blur05
0,so_fake_ood,real,,test_ood,cb12d17c42d4cca9,blur10
0,so_fake_ood,real,,test_ood,cb12d17c42d4cca9,blur20
0,so_fake_ood,real,,test_ood,cb12d17c42d4cca9,resize05
0,so_fake_ood,real,,test_ood,cb12d17c42d4cca9,resize025
0,so_fake_ood,real,,test_ood,cb12d17c42d4cca9,noise002
0,so_fake_ood,real,,test_ood,cb12d17c42d4cca9,noise005
0,so_fake_ood,real,,test_ood,cb12d17c42d4cca9,noise01
0,so_fake_ood,real,,test_ood,cb12d17c42d4cca9,jitter02
0,so_fake_ood,real,,test_ood,cb12d17c42d4cca9,crop08
0,so_fake_ood,real,,test_ood,6c8ed5b7f5a7f804,clean
0,so_fake_ood,real,,test_ood,6c8ed5b7f5a7f804,jpeg90
0,so_fake_ood,real,,test_ood,6c8ed5b7f5a7f804,jpeg70
0,so_fake_ood,real,,test_ood,6c8ed5b7f5a7f804,jpeg50
0,so_fake_ood,real,,test_ood,6c8ed5b7f5a7f804,jpeg30
0,so_fake_ood,real,,test_ood,6c8ed5b7f5a7f804,blur05
0,so_fake_ood,real,,test_ood,6c8ed5b7f5a7f804,blur10
0,so_fake_ood,real,,test_ood,6c8ed5b7f5a7f804,blur20
0,so_fake_ood,real,,test_ood,6c8ed5b7f5a7f804,resize05
0,so_fake_ood,real,,test_ood,6c8ed5b7f5a7f804,resize025
0,so_fake_ood,real,,test_ood,6c8ed5b7f5a7f804,noise002
0,so_fake_ood,real,,test_ood,6c8ed5b7f5a7f804,noise005
0,so_fake_ood,real,,test_ood,6c8ed5b7f5a7f804,noise01
0,so_fake_ood,real,,test_ood,6c8ed5b7f5a7f804,jitter02
0,so_fake_ood,real,,test_ood,6c8ed5b7f5a7f804,crop08
0,so_fake_ood,real,,test_ood,9c61550dd285a60f,clean
0,so_fake_ood,real,,test_ood,9c61550dd285a60f,jpeg90
0,so_fake_ood,real,,test_ood,9c61550dd285a60f,jpeg70
0,so_fake_ood,real,,test_ood,9c61550dd285a60f,jpeg50
0,so_fake_ood,real,,test_ood,9c61550dd285a60f,jpeg30
0,so_fake_ood,real,,test_ood,9c61550dd285a60f,blur05
0,so_fake_ood,real,,test_ood,9c61550dd285a60f,blur10
0,so_fake_ood,real,,test_ood,9c61550dd285a60f,blur20
0,so_fake_ood,real,,test_ood,9c61550dd285a60f,resize05
0,so_fake_ood,real,,test_ood,9c61550dd285a60f,resize025
0,so_fake_ood,real,,test_ood,9c61550dd285a60f,noise002
0,so_fake_ood,real,,test_ood,9c61550dd285a60f,noise005
0,so_fake_ood,real,,test_ood,9c61550dd285a60f,noise01
0,so_fake_ood,real,,test_ood,9c61550dd285a60f,jitter02
0,so_fake_ood,real,,test_ood,9c61550dd285a60f,crop08
0,so_fake_ood,real,,test_ood,b87c34938c68b341,clean
0,so_fake_ood,real,,test_ood,b87c34938c68b341,jpeg90
0,so_fake_ood,real,,test_ood,b87c34938c68b341,jpeg70
0,so_fake_ood,real,,test_ood,b87c34938c68b341,jpeg50
0,so_fake_ood,real,,test_ood,b87c34938c68b341,jpeg30
0,so_fake_ood,real,,test_ood,b87c34938c68b341,blur05
0,so_fake_ood,real,,test_ood,b87c34938c68b341,blur10
0,so_fake_ood,real,,test_ood,b87c34938c68b341,blur20
0,so_fake_ood,real,,test_ood,b87c34938c68b341,resize05
0,so_fake_ood,real,,test_ood,b87c34938c68b341,resize025
0,so_fake_ood,real,,test_ood,b87c34938c68b341,noise002
0,so_fake_ood,real,,test_ood,b87c34938c68b341,noise005
0,so_fake_ood,real,,test_ood,b87c34938c68b341,noise01
0,so_fake_ood,real,,test_ood,b87c34938c68b341,jitter02
0,so_fake_ood,real,,test_ood,b87c34938c68b341,crop08
0,so_fake_ood,real,,test_ood,de7c6f5bf1d29288,clean
0,so_fake_ood,real,,test_ood,de7c6f5bf1d29288,jpeg90
0,so_fake_ood,real,,test_ood,de7c6f5bf1d29288,jpeg70
0,so_fake_ood,real,,test_ood,de7c6f5bf1d29288,jpeg50
0,so_fake_ood,real,,test_ood,de7c6f5bf1d29288,jpeg30
0,so_fake_ood,real,,test_ood,de7c6f5bf1d29288,blur05
0,so_fake_ood,real,,test_ood,de7c6f5bf1d29288,blur10
0,so_fake_ood,real,,test_ood,de7c6f5bf1d29288,blur20
0,so_fake_ood,real,,test_ood,de7c6f5bf1d29288,resize05
0,so_fake_ood,real,,test_ood,de7c6f5bf1d29288,resize025
0,so_fake_ood,real,,test_ood,de7c6f5bf1d29288,noise002
0,so_fake_ood,real,,test_ood,de7c6f5bf1d29288,noise005
0,so_fake_ood,real,,test_ood,de7c6f5bf1d29288,noise01
0,so_fake_ood,real,,test_ood,de7c6f5bf1d29288,jitter02
0,so_fake_ood,real,,test_ood,de7c6f5bf1d29288,crop08
0,so_fake_ood,real,,test_ood,89238bbf5e05c6ff,clean
0,so_fake_ood,real,,test_ood,89238bbf5e05c6ff,jpeg90
0,so_fake_ood,real,,test_ood,89238bbf5e05c6ff,jpeg70
0,so_fake_ood,real,,test_ood,89238bbf5e05c6ff,jpeg50
0,so_fake_ood,real,,test_ood,89238bbf5e05c6ff,jpeg30
0,so_fake_ood,real,,test_ood,89238bbf5e05c6ff,blur05
0,so_fake_ood,real,,test_ood,89238bbf5e05c6ff,blur10
0,so_fake_ood,real,,test_ood,89238bbf5e05c6ff,blur20
0,so_fake_ood,real,,test_ood,89238bbf5e05c6ff,resize05
0,so_fake_ood,real,,test_ood,89238bbf5e05c6ff,resize025
0,so_fake_ood,real,,test_ood,89238bbf5e05c6ff,noise002
0,so_fake_ood,real,,test_ood,89238bbf5e05c6ff,noise005
0,so_fake_ood,real,,test_ood,89238bbf5e05c6ff,noise01
0,so_fake_ood,real,,test_ood,89238bbf5e05c6ff,jitter02
0,so_fake_ood,real,,test_ood,89238bbf5e05c6ff,crop08
0,so_fake_ood,real,,test_ood,0a8b73b5a9f6485c,clean
0,so_fake_ood,real,,test_ood,0a8b73b5a9f6485c,jpeg90
0,so_fake_ood,real,,test_ood,0a8b73b5a9f6485c,jpeg70
0,so_fake_ood,real,,test_ood,0a8b73b5a9f6485c,jpeg50
0,so_fake_ood,real,,test_ood,0a8b73b5a9f6485c,jpeg30
0,so_fake_ood,real,,test_ood,0a8b73b5a9f6485c,blur05
0,so_fake_ood,real,,test_ood,0a8b73b5a9f6485c,blur10
0,so_fake_ood,real,,test_ood,0a8b73b5a9f6485c,blur20
0,so_fake_ood,real,,test_ood,0a8b73b5a9f6485c,resize05
0,so_fake_ood,real,,test_ood,0a8b73b5a9f6485c,resize025
0,so_fake_ood,real,,test_ood,0a8b73b5a9f6485c,noise002
0,so_fake_ood,real,,test_ood,0a8b73b5a9f6485c,noise005
0,so_fake_ood,real,,test_ood,0a8b73b5a9f6485c,noise01
0,so_fake_ood,real,,test_ood,0a8b73b5a9f6485c,jitter02
0,so_fake_ood,real,,test_ood,0a8b73b5a9f6485c,crop08
0,so_fake_ood,real,,test_ood,ddbde35953cac4c7,clean
0,so_fake_ood,real,,test_ood,ddbde35953cac4c7,jpeg90
0,so_fake_ood,real,,test_ood,ddbde35953cac4c7,jpeg70
0,so_fake_ood,real,,test_ood,ddbde35953cac4c7,jpeg50
0,so_fake_ood,real,,test_ood,ddbde35953cac4c7,jpeg30
0,so_fake_ood,real,,test_ood,ddbde35953cac4c7,blur05
0,so_fake_ood,real,,test_ood,ddbde35953cac4c7,blur10
0,so_fake_ood,real,,test_ood,ddbde35953cac4c7,blur20
0,so_fake_ood,real,,test_ood,ddbde35953cac4c7,resize05
0,so_fake_ood,real,,test_ood,ddbde35953cac4c7,resize025
0,so_fake_ood,real,,test_ood,ddbde35953cac4c7,noise002
0,so_fake_ood,real,,test_ood,ddbde35953cac4c7,noise005
0,so_fake_ood,real,,test_ood,ddbde35953cac4c7,noise01
0,so_fake_ood,real,,test_ood,ddbde35953cac4c7,jitter02
0,so_fake_ood,real,,test_ood,ddbde35953cac4c7,crop08
0,so_fake_ood,real,,test_ood,b46c46ad85bc81b9,clean
0,so_fake_ood,real,,test_ood,b46c46ad85bc81b9,jpeg90
0,so_fake_ood,real,,test_ood,b46c46ad85bc81b9,jpeg70
0,so_fake_ood,real,,test_ood,b46c46ad85bc81b9,jpeg50
0,so_fake_ood,real,,test_ood,b46c46ad85bc81b9,jpeg30
0,so_fake_ood,real,,test_ood,b46c46ad85bc81b9,blur05
0,so_fake_ood,real,,test_ood,b46c46ad85bc81b9,blur10
0,so_fake_ood,real,,test_ood,b46c46ad85bc81b9,blur20
0,so_fake_ood,real,,test_ood,b46c46ad85bc81b9,resize05
0,so_fake_ood,real,,test_ood,b46c46ad85bc81b9,resize025
0,so_fake_ood,real,,test_ood,b46c46ad85bc81b9,noise002
0,so_fake_ood,real,,test_ood,b46c46ad85bc81b9,noise005
0,so_fake_ood,real,,test_ood,b46c46ad85bc81b9,noise01
0,so_fake_ood,real,,test_ood,b46c46ad85bc81b9,jitter02
0,so_fake_ood,real,,test_ood,b46c46ad85bc81b9,crop08
0,so_fake_ood,real,,test_ood,41581b82c98f0dd7,clean
0,so_fake_ood,real,,test_ood,41581b82c98f0dd7,jpeg90
0,so_fake_ood,real,,test_ood,41581b82c98f0dd7,jpeg70
0,so_fake_ood,real,,test_ood,41581b82c98f0dd7,jpeg50
0,so_fake_ood,real,,test_ood,41581b82c98f0dd7,jpeg30
0,so_fake_ood,real,,test_ood,41581b82c98f0dd7,blur05
0,so_fake_ood,real,,test_ood,41581b82c98f0dd7,blur10
0,so_fake_ood,real,,test_ood,41581b82c98f0dd7,blur20
0,so_fake_ood,real,,test_ood,41581b82c98f0dd7,resize05
0,so_fake_ood,real,,test_ood,41581b82c98f0dd7,resize025
0,so_fake_ood,real,,test_ood,41581b82c98f0dd7,noise002
0,so_fake_ood,real,,test_ood,41581b82c98f0dd7,noise005
0,so_fake_ood,real,,test_ood,41581b82c98f0dd7,noise01
0,so_fake_ood,real,,test_ood,41581b82c98f0dd7,jitter02
0,so_fake_ood,real,,test_ood,41581b82c98f0dd7,crop08
0,so_fake_ood,real,,test_ood,5e82a40ed512261d,clean
0,so_fake_ood,real,,test_ood,5e82a40ed512261d,jpeg90
0,so_fake_ood,real,,test_ood,5e82a40ed512261d,jpeg70
0,so_fake_ood,real,,test_ood,5e82a40ed512261d,jpeg50
0,so_fake_ood,real,,test_ood,5e82a40ed512261d,jpeg30
0,so_fake_ood,real,,test_ood,5e82a40ed512261d,blur05
0,so_fake_ood,real,,test_ood,5e82a40ed512261d,blur10
0,so_fake_ood,real,,test_ood,5e82a40ed512261d,blur20
0,so_fake_ood,real,,test_ood,5e82a40ed512261d,resize05
0,so_fake_ood,real,,test_ood,5e82a40ed512261d,resize025
0,so_fake_ood,real,,test_ood,5e82a40ed512261d,noise002
0,so_fake_ood,real,,test_ood,5e82a40ed512261d,noise005
0,so_fake_ood,real,,test_ood,5e82a40ed512261d,noise01
0,so_fake_ood,real,,test_ood,5e82a40ed512261d,jitter02
0,so_fake_ood,real,,test_ood,5e82a40ed512261d,crop08
0,so_fake_ood,real,,test_ood,b8776987d6d67297,clean
0,so_fake_ood,real,,test_ood,b8776987d6d67297,jpeg90
0,so_fake_ood,real,,test_ood,b8776987d6d67297,jpeg70
0,so_fake_ood,real,,test_ood,b8776987d6d67297,jpeg50
0,so_fake_ood,real,,test_ood,b8776987d6d67297,jpeg30
0,so_fake_ood,real,,test_ood,b8776987d6d67297,blur05
0,so_fake_ood,real,,test_ood,b8776987d6d67297,blur10
0,so_fake_ood,real,,test_ood,b8776987d6d67297,blur20
0,so_fake_ood,real,,test_ood,b8776987d6d67297,resize05
0,so_fake_ood,real,,test_ood,b8776987d6d67297,resize025
0,so_fake_ood,real,,test_ood,b8776987d6d67297,noise002
0,so_fake_ood,real,,test_ood,b8776987d6d67297,noise005
0,so_fake_ood,real,,test_ood,b8776987d6d67297,noise01
0,so_fake_ood,real,,test_ood,b8776987d6d67297,jitter02
0,so_fake_ood,real,,test_ood,b8776987d6d67297,crop08
0,so_fake_ood,real,,test_ood,0730e7d10814f22f,clean
0,so_fake_ood,real,,test_ood,0730e7d10814f22f,jpeg90
0,so_fake_ood,real,,test_ood,0730e7d10814f22f,jpeg70
0,so_fake_ood,real,,test_ood,0730e7d10814f22f,jpeg50
0,so_fake_ood,real,,test_ood,0730e7d10814f22f,jpeg30
0,so_fake_ood,real,,test_ood,0730e7d10814f22f,blur05
0,so_fake_ood,real,,test_ood,0730e7d10814f22f,blur10
0,so_fake_ood,real,,test_ood,0730e7d10814f22f,blur20
0,so_fake_ood,real,,test_ood,0730e7d10814f22f,resize05
0,so_fake_ood,real,,test_ood,0730e7d10814f22f,resize025
0,so_fake_ood,real,,test_ood,0730e7d10814f22f,noise002
0,so_fake_ood,real,,test_ood,0730e7d10814f22f,noise005
0,so_fake_ood,real,,test_ood,0730e7d10814f22f,noise01
0,so_fake_ood,real,,test_ood,0730e7d10814f22f,jitter02
0,so_fake_ood,real,,test_ood,0730e7d10814f22f,crop08
0,so_fake_ood,real,,test_ood,12a14f93ee201c3d,clean
0,so_fake_ood,real,,test_ood,12a14f93ee201c3d,jpeg90
0,so_fake_ood,real,,test_ood,12a14f93ee201c3d,jpeg70
0,so_fake_ood,real,,test_ood,12a14f93ee201c3d,jpeg50
0,so_fake_ood,real,,test_ood,12a14f93ee201c3d,jpeg30
0,so_fake_ood,real,,test_ood,12a14f93ee201c3d,blur05
0,so_fake_ood,real,,test_ood,12a14f93ee201c3d,blur10
0,so_fake_ood,real,,test_ood,12a14f93ee201c3d,blur20
0,so_fake_ood,real,,test_ood,12a14f93ee201c3d,resize05
0,so_fake_ood,real,,test_ood,12a14f93ee201c3d,resize025
0,so_fake_ood,real,,test_ood,12a14f93ee201c3d,noise002
0,so_fake_ood,real,,test_ood,12a14f93ee201c3d,noise005
0,so_fake_ood,real,,test_ood,12a14f93ee201c3d,noise01
0,so_fake_ood,real,,test_ood,12a14f93ee201c3d,jitter02
0,so_fake_ood,real,,test_ood,12a14f93ee201c3d,crop08
0,so_fake_ood,real,,test_ood,cdc90281d87d29b4,clean
0,so_fake_ood,real,,test_ood,cdc90281d87d29b4,jpeg90
0,so_fake_ood,real,,test_ood,cdc90281d87d29b4,jpeg70
0,so_fake_ood,real,,test_ood,cdc90281d87d29b4,jpeg50
0,so_fake_ood,real,,test_ood,cdc90281d87d29b4,jpeg30
0,so_fake_ood,real,,test_ood,cdc90281d87d29b4,blur05
0,so_fake_ood,real,,test_ood,cdc90281d87d29b4,blur10
0,so_fake_ood,real,,test_ood,cdc90281d87d29b4,blur20
0,so_fake_ood,real,,test_ood,cdc90281d87d29b4,resize05
0,so_fake_ood,real,,test_ood,cdc90281d87d29b4,resize025
0,so_fake_ood,real,,test_ood,cdc90281d87d29b4,noise002
0,so_fake_ood,real,,test_ood,cdc90281d87d29b4,noise005
0,so_fake_ood,real,,test_ood,cdc90281d87d29b4,noise01
0,so_fake_ood,real,,test_ood,cdc90281d87d29b4,jitter02
0,so_fake_ood,real,,test_ood,cdc90281d87d29b4,crop08
0,so_fake_ood,real,,test_ood,2967e94f23f0b688,clean
0,so_fake_ood,real,,test_ood,2967e94f23f0b688,jpeg90
0,so_fake_ood,real,,test_ood,2967e94f23f0b688,jpeg70
0,so_fake_ood,real,,test_ood,2967e94f23f0b688,jpeg50
0,so_fake_ood,real,,test_ood,2967e94f23f0b688,jpeg30
0,so_fake_ood,real,,test_ood,2967e94f23f0b688,blur05
0,so_fake_ood,real,,test_ood,2967e94f23f0b688,blur10
0,so_fake_ood,real,,test_ood,2967e94f23f0b688,blur20
0,so_fake_ood,real,,test_ood,2967e94f23f0b688,resize05
0,so_fake_ood,real,,test_ood,2967e94f23f0b688,resize025
0,so_fake_ood,real,,test_ood,2967e94f23f0b688,noise002
0,so_fake_ood,real,,test_ood,2967e94f23f0b688,noise005
0,so_fake_ood,real,,test_ood,2967e94f23f0b688,noise01
0,so_fake_ood,real,,test_ood,2967e94f23f0b688,jitter02
0,so_fake_ood,real,,test_ood,2967e94f23f0b688,crop08
0,so_fake_ood,real,,test_ood,1a0eaa92f7c9ecba,clean
0,so_fake_ood,real,,test_ood,1a0eaa92f7c9ecba,jpeg90
0,so_fake_ood,real,,test_ood,1a0eaa92f7c9ecba,jpeg70
0,so_fake_ood,real,,test_ood,1a0eaa92f7c9ecba,jpeg50
0,so_fake_ood,real,,test_ood,1a0eaa92f7c9ecba,jpeg30
0,so_fake_ood,real,,test_ood,1a0eaa92f7c9ecba,blur05
0,so_fake_ood,real,,test_ood,1a0eaa92f7c9ecba,blur10
0,so_fake_ood,real,,test_ood,1a0eaa92f7c9ecba,blur20
0,so_fake_ood,real,,test_ood,1a0eaa92f7c9ecba,resize05
0,so_fake_ood,real,,test_ood,1a0eaa92f7c9ecba,resize025
0,so_fake_ood,real,,test_ood,1a0eaa92f7c9ecba,noise002
0,so_fake_ood,real,,test_ood,1a0eaa92f7c9ecba,noise005
0,so_fake_ood,real,,test_ood,1a0eaa92f7c9ecba,noise01
0,so_fake_ood,real,,test_ood,1a0eaa92f7c9ecba,jitter02
0,so_fake_ood,real,,test_ood,1a0eaa92f7c9ecba,crop08
0,so_fake_ood,real,,test_ood,0f565eca14fe7c0d,clean
0,so_fake_ood,real,,test_ood,0f565eca14fe7c0d,jpeg90
0,so_fake_ood,real,,test_ood,0f565eca14fe7c0d,jpeg70
0,so_fake_ood,real,,test_ood,0f565eca14fe7c0d,jpeg50
0,so_fake_ood,real,,test_ood,0f565eca14fe7c0d,jpeg30
0,so_fake_ood,real,,test_ood,0f565eca14fe7c0d,blur05
0,so_fake_ood,real,,test_ood,0f565eca14fe7c0d,blur10
0,so_fake_ood,real,,test_ood,0f565eca14fe7c0d,blur20
0,so_fake_ood,real,,test_ood,0f565eca14fe7c0d,resize05
0,so_fake_ood,real,,test_ood,0f565eca14fe7c0d,resize025
0,so_fake_ood,real,,test_ood,0f565eca14fe7c0d,noise002
0,so_fake_ood,real,,test_ood,0f565eca14fe7c0d,noise005
0,so_fake_ood,real,,test_ood,0f565eca14fe7c0d,noise01
0,so_fake_ood,real,,test_ood,0f565eca14fe7c0d,jitter02
0,so_fake_ood,real,,test_ood,0f565eca14fe7c0d,crop08
0,so_fake_ood,real,,test_ood,5e294d0521264fd0,clean
0,so_fake_ood,real,,test_ood,5e294d0521264fd0,jpeg90
0,so_fake_ood,real,,test_ood,5e294d0521264fd0,jpeg70
0,so_fake_ood,real,,test_ood,5e294d0521264fd0,jpeg50
0,so_fake_ood,real,,test_ood,5e294d0521264fd0,jpeg30
0,so_fake_ood,real,,test_ood,5e294d0521264fd0,blur05
0,so_fake_ood,real,,test_ood,5e294d0521264fd0,blur10
0,so_fake_ood,real,,test_ood,5e294d0521264fd0,blur20
0,so_fake_ood,real,,test_ood,5e294d0521264fd0,resize05
0,so_fake_ood,real,,test_ood,5e294d0521264fd0,resize025
0,so_fake_ood,real,,test_ood,5e294d0521264fd0,noise002
0,so_fake_ood,real,,test_ood,5e294d0521264fd0,noise005
0,so_fake_ood,real,,test_ood,5e294d0521264fd0,noise01
0,so_fake_ood,real,,test_ood,5e294d0521264fd0,jitter02
0,so_fake_ood,real,,test_ood,5e294d0521264fd0,crop08
0,so_fake_ood,real,,test_ood,f541d355f626a0a0,clean
0,so_fake_ood,real,,test_ood,f541d355f626a0a0,jpeg90
0,so_fake_ood,real,,test_ood,f541d355f626a0a0,jpeg70
0,so_fake_ood,real,,test_ood,f541d355f626a0a0,jpeg50
0,so_fake_ood,real,,test_ood,f541d355f626a0a0,jpeg30
0,so_fake_ood,real,,test_ood,f541d355f626a0a0,blur05
0,so_fake_ood,real,,test_ood,f541d355f626a0a0,blur10
0,so_fake_ood,real,,test_ood,f541d355f626a0a0,blur20
0,so_fake_ood,real,,test_ood,f541d355f626a0a0,resize05
0,so_fake_ood,real,,test_ood,f541d355f626a0a0,resize025
0,so_fake_ood,real,,test_ood,f541d355f626a0a0,noise002
0,so_fake_ood,real,,test_ood,f541d355f626a0a0,noise005
0,so_fake_ood,real,,test_ood,f541d355f626a0a0,noise01
0,so_fake_ood,real,,test_ood,f541d355f626a0a0,jitter02
0,so_fake_ood,real,,test_ood,f541d355f626a0a0,crop08
0,so_fake_ood,real,,test_ood,5b312ce912779cff,clean
0,so_fake_ood,real,,test_ood,5b312ce912779cff,jpeg90
0,so_fake_ood,real,,test_ood,5b312ce912779cff,jpeg70
0,so_fake_ood,real,,test_ood,5b312ce912779cff,jpeg50
0,so_fake_ood,real,,test_ood,5b312ce912779cff,jpeg30
0,so_fake_ood,real,,test_ood,5b312ce912779cff,blur05
0,so_fake_ood,real,,test_ood,5b312ce912779cff,blur10
0,so_fake_ood,real,,test_ood,5b312ce912779cff,blur20
0,so_fake_ood,real,,test_ood,5b312ce912779cff,resize05
0,so_fake_ood,real,,test_ood,5b312ce912779cff,resize025
0,so_fake_ood,real,,test_ood,5b312ce912779cff,noise002
0,so_fake_ood,real,,test_ood,5b312ce912779cff,noise005
0,so_fake_ood,real,,test_ood,5b312ce912779cff,noise01
0,so_fake_ood,real,,test_ood,5b312ce912779cff,jitter02
0,so_fake_ood,real,,test_ood,5b312ce912779cff,crop08
0,so_fake_ood,real,,test_ood,d475041b394effae,clean
0,so_fake_ood,real,,test_ood,d475041b394effae,jpeg90
0,so_fake_ood,real,,test_ood,d475041b394effae,jpeg70
0,so_fake_ood,real,,test_ood,d475041b394effae,jpeg50
0,so_fake_ood,real,,test_ood,d475041b394effae,jpeg30
0,so_fake_ood,real,,test_ood,d475041b394effae,blur05
0,so_fake_ood,real,,test_ood,d475041b394effae,blur10
0,so_fake_ood,real,,test_ood,d475041b394effae,blur20
0,so_fake_ood,real,,test_ood,d475041b394effae,resize05
0,so_fake_ood,real,,test_ood,d475041b394effae,resize025
0,so_fake_ood,real,,test_ood,d475041b394effae,noise002
0,so_fake_ood,real,,test_ood,d475041b394effae,noise005
0,so_fake_ood,real,,test_ood,d475041b394effae,noise01
0,so_fake_ood,real,,test_ood,d475041b394effae,jitter02
0,so_fake_ood,real,,test_ood,d475041b394effae,crop08
0,so_fake_ood,real,,test_ood,58be8b1cfc28c0e5,clean
0,so_fake_ood,real,,test_ood,58be8b1cfc28c0e5,jpeg90
0,so_fake_ood,real,,test_ood,58be8b1cfc28c0e5,jpeg70
0,so_fake_ood,real,,test_ood,58be8b1cfc28c0e5,jpeg50
0,so_fake_ood,real,,test_ood,58be8b1cfc28c0e5,jpeg30
0,so_fake_ood,real,,test_ood,58be8b1cfc28c0e5,blur05
0,so_fake_ood,real,,test_ood,58be8b1cfc28c0e5,blur10
0,so_fake_ood,real,,test_ood,58be8b1cfc28c0e5,blur20
0,so_fake_ood,real,,test_ood,58be8b1cfc28c0e5,resize05
0,so_fake_ood,real,,test_ood,58be8b1cfc28c0e5,resize025
0,so_fake_ood,real,,test_ood,58be8b1cfc28c0e5,noise002
0,so_fake_ood,real,,test_ood,58be8b1cfc28c0e5,noise005
0,so_fake_ood,real,,test_ood,58be8b1cfc28c0e5,noise01
0,so_fake_ood,real,,test_ood,58be8b1cfc28c0e5,jitter02
0,so_fake_ood,real,,test_ood,58be8b1cfc28c0e5,crop08
0,so_fake_ood,real,,test_ood,9f957c36a1e385fd,clean
0,so_fake_ood,real,,test_ood,9f957c36a1e385fd,jpeg90
0,so_fake_ood,real,,test_ood,9f957c36a1e385fd,jpeg70
0,so_fake_ood,real,,test_ood,9f957c36a1e385fd,jpeg50
0,so_fake_ood,real,,test_ood,9f957c36a1e385fd,jpeg30
0,so_fake_ood,real,,test_ood,9f957c36a1e385fd,blur05
0,so_fake_ood,real,,test_ood,9f957c36a1e385fd,blur10
0,so_fake_ood,real,,test_ood,9f957c36a1e385fd,blur20
0,so_fake_ood,real,,test_ood,9f957c36a1e385fd,resize05
0,so_fake_ood,real,,test_ood,9f957c36a1e385fd,resize025
0,so_fake_ood,real,,test_ood,9f957c36a1e385fd,noise002
0,so_fake_ood,real,,test_ood,9f957c36a1e385fd,noise005
0,so_fake_ood,real,,test_ood,9f957c36a1e385fd,noise01
0,so_fake_ood,real,,test_ood,9f957c36a1e385fd,jitter02
0,so_fake_ood,real,,test_ood,9f957c36a1e385fd,crop08
0,so_fake_ood,real,,test_ood,a7ca8f0ef47c2c07,clean
0,so_fake_ood,real,,test_ood,a7ca8f0ef47c2c07,jpeg90
0,so_fake_ood,real,,test_ood,a7ca8f0ef47c2c07,jpeg70
0,so_fake_ood,real,,test_ood,a7ca8f0ef47c2c07,jpeg50
0,so_fake_ood,real,,test_ood,a7ca8f0ef47c2c07,jpeg30
0,so_fake_ood,real,,test_ood,a7ca8f0ef47c2c07,blur05
0,so_fake_ood,real,,test_ood,a7ca8f0ef47c2c07,blur10
0,so_fake_ood,real,,test_ood,a7ca8f0ef47c2c07,blur20
0,so_fake_ood,real,,test_ood,a7ca8f0ef47c2c07,resize05
0,so_fake_ood,real,,test_ood,a7ca8f0ef47c2c07,resize025
0,so_fake_ood,real,,test_ood,a7ca8f0ef47c2c07,noise002
0,so_fake_ood,real,,test_ood,a7ca8f0ef47c2c07,noise005
0,so_fake_ood,real,,test_ood,a7ca8f0ef47c2c07,noise01
0,so_fake_ood,real,,test_ood,a7ca8f0ef47c2c07,jitter02
0,so_fake_ood,real,,test_ood,a7ca8f0ef47c2c07,crop08
0,so_fake_ood,real,,test_ood,a640ba69802b3582,clean
0,so_fake_ood,real,,test_ood,a640ba69802b3582,jpeg90
0,so_fake_ood,real,,test_ood,a640ba69802b3582,jpeg70
0,so_fake_ood,real,,test_ood,a640ba69802b3582,jpeg50
0,so_fake_ood,real,,test_ood,a640ba69802b3582,jpeg30
0,so_fake_ood,real,,test_ood,a640ba69802b3582,blur05
0,so_fake_ood,real,,test_ood,a640ba69802b3582,blur10
0,so_fake_ood,real,,test_ood,a640ba69802b3582,blur20
0,so_fake_ood,real,,test_ood,a640ba69802b3582,resize05
0,so_fake_ood,real,,test_ood,a640ba69802b3582,resize025
0,so_fake_ood,real,,test_ood,a640ba69802b3582,noise002
0,so_fake_ood,real,,test_ood,a640ba69802b3582,noise005
0,so_fake_ood,real,,test_ood,a640ba69802b3582,noise01
0,so_fake_ood,real,,test_ood,a640ba69802b3582,jitter02
0,so_fake_ood,real,,test_ood,a640ba69802b3582,crop08
0,so_fake_ood,real,,test_ood,110a82daac49231c,clean
0,so_fake_ood,real,,test_ood,110a82daac49231c,jpeg90
0,so_fake_ood,real,,test_ood,110a82daac49231c,jpeg70
0,so_fake_ood,real,,test_ood,110a82daac49231c,jpeg50
0,so_fake_ood,real,,test_ood,110a82daac49231c,jpeg30
0,so_fake_ood,real,,test_ood,110a82daac49231c,blur05
0,so_fake_ood,real,,test_ood,110a82daac49231c,blur10
0,so_fake_ood,real,,test_ood,110a82daac49231c,blur20
0,so_fake_ood,real,,test_ood,110a82daac49231c,resize05
0,so_fake_ood,real,,test_ood,110a82daac49231c,resize025
0,so_fake_ood,real,,test_ood,110a82daac49231c,noise002
0,so_fake_ood,real,,test_ood,110a82daac49231c,noise005
0,so_fake_ood,real,,test_ood,110a82daac49231c,noise01
0,so_fake_ood,real,,test_ood,110a82daac49231c,jitter02
0,so_fake_ood,real,,test_ood,110a82daac49231c,crop08
0,so_fake_ood,real,,test_ood,f250b075f490119c,clean
0,so_fake_ood,real,,test_ood,f250b075f490119c,jpeg90
0,so_fake_ood,real,,test_ood,f250b075f490119c,jpeg70
0,so_fake_ood,real,,test_ood,f250b075f490119c,jpeg50
0,so_fake_ood,real,,test_ood,f250b075f490119c,jpeg30
0,so_fake_ood,real,,test_ood,f250b075f490119c,blur05
0,so_fake_ood,real,,test_ood,f250b075f490119c,blur10
0,so_fake_ood,real,,test_ood,f250b075f490119c,blur20
0,so_fake_ood,real,,test_ood,f250b075f490119c,resize05
0,so_fake_ood,real,,test_ood,f250b075f490119c,resize025
0,so_fake_ood,real,,test_ood,f250b075f490119c,noise002
0,so_fake_ood,real,,test_ood,f250b075f490119c,noise005
0,so_fake_ood,real,,test_ood,f250b075f490119c,noise01
0,so_fake_ood,real,,test_ood,f250b075f490119c,jitter02
0,so_fake_ood,real,,test_ood,f250b075f490119c,crop08
0,so_fake_ood,real,,test_ood,92d84b4756858091,clean
0,so_fake_ood,real,,test_ood,92d84b4756858091,jpeg90
0,so_fake_ood,real,,test_ood,92d84b4756858091,jpeg70
0,so_fake_ood,real,,test_ood,92d84b4756858091,jpeg50
0,so_fake_ood,real,,test_ood,92d84b4756858091,jpeg30
0,so_fake_ood,real,,test_ood,92d84b4756858091,blur05
0,so_fake_ood,real,,test_ood,92d84b4756858091,blur10
0,so_fake_ood,real,,test_ood,92d84b4756858091,blur20
0,so_fake_ood,real,,test_ood,92d84b4756858091,resize05
0,so_fake_ood,real,,test_ood,92d84b4756858091,resize025
0,so_fake_ood,real,,test_ood,92d84b4756858091,noise002
0,so_fake_ood,real,,test_ood,92d84b4756858091,noise005
0,so_fake_ood,real,,test_ood,92d84b4756858091,noise01
0,so_fake_ood,real,,test_ood,92d84b4756858091,jitter02
0,so_fake_ood,real,,test_ood,92d84b4756858091,crop08
0,so_fake_ood,real,,test_ood,0b158031464a37db,clean
0,so_fake_ood,real,,test_ood,0b158031464a37db,jpeg90
0,so_fake_ood,real,,test_ood,0b158031464a37db,jpeg70
0,so_fake_ood,real,,test_ood,0b158031464a37db,jpeg50
0,so_fake_ood,real,,test_ood,0b158031464a37db,jpeg30
0,so_fake_ood,real,,test_ood,0b158031464a37db,blur05
0,so_fake_ood,real,,test_ood,0b158031464a37db,blur10
0,so_fake_ood,real,,test_ood,0b158031464a37db,blur20
0,so_fake_ood,real,,test_ood,0b158031464a37db,resize05
0,so_fake_ood,real,,test_ood,0b158031464a37db,resize025
0,so_fake_ood,real,,test_ood,0b158031464a37db,noise002
0,so_fake_ood,real,,test_ood,0b158031464a37db,noise005
0,so_fake_ood,real,,test_ood,0b158031464a37db,noise01
0,so_fake_ood,real,,test_ood,0b158031464a37db,jitter02
0,so_fake_ood,real,,test_ood,0b158031464a37db,crop08
0,so_fake_ood,real,,test_ood,d0ed413f76526dbf,clean
0,so_fake_ood,real,,test_ood,d0ed413f76526dbf,jpeg90
0,so_fake_ood,real,,test_ood,d0ed413f76526dbf,jpeg70
0,so_fake_ood,real,,test_ood,d0ed413f76526dbf,jpeg50
0,so_fake_ood,real,,test_ood,d0ed413f76526dbf,jpeg30
0,so_fake_ood,real,,test_ood,d0ed413f76526dbf,blur05
0,so_fake_ood,real,,test_ood,d0ed413f76526dbf,blur10
0,so_fake_ood,real,,test_ood,d0ed413f76526dbf,blur20
0,so_fake_ood,real,,test_ood,d0ed413f76526dbf,resize05
0,so_fake_ood,real,,test_ood,d0ed413f76526dbf,resize025
0,so_fake_ood,real,,test_ood,d0ed413f76526dbf,noise002
0,so_fake_ood,real,,test_ood,d0ed413f76526dbf,noise005
0,so_fake_ood,real,,test_ood,d0ed413f76526dbf,noise01
0,so_fake_ood,real,,test_ood,d0ed413f76526dbf,jitter02
0,so_fake_ood,real,,test_ood,d0ed413f76526dbf,crop08
0,so_fake_ood,real,,test_ood,20127ad1ab6816f8,clean
0,so_fake_ood,real,,test_ood,20127ad1ab6816f8,jpeg90
0,so_fake_ood,real,,test_ood,20127ad1ab6816f8,jpeg70
0,so_fake_ood,real,,test_ood,20127ad1ab6816f8,jpeg50
0,so_fake_ood,real,,test_ood,20127ad1ab6816f8,jpeg30
0,so_fake_ood,real,,test_ood,20127ad1ab6816f8,blur05
0,so_fake_ood,real,,test_ood,20127ad1ab6816f8,blur10
0,so_fake_ood,real,,test_ood,20127ad1ab6816f8,blur20
0,so_fake_ood,real,,test_ood,20127ad1ab6816f8,resize05
0,so_fake_ood,real,,test_ood,20127ad1ab6816f8,resize025
0,so_fake_ood,real,,test_ood,20127ad1ab6816f8,noise002
0,so_fake_ood,real,,test_ood,20127ad1ab6816f8,noise005
0,so_fake_ood,real,,test_ood,20127ad1ab6816f8,noise01
0,so_fake_ood,real,,test_ood,20127ad1ab6816f8,jitter02
0,so_fake_ood,real,,test_ood,20127ad1ab6816f8,crop08
0,so_fake_ood,real,,test_ood,b2e9e57478ec8b35,clean
0,so_fake_ood,real,,test_ood,b2e9e57478ec8b35,jpeg90
0,so_fake_ood,real,,test_ood,b2e9e57478ec8b35,jpeg70
0,so_fake_ood,real,,test_ood,b2e9e57478ec8b35,jpeg50
0,so_fake_ood,real,,test_ood,b2e9e57478ec8b35,jpeg30
0,so_fake_ood,real,,test_ood,b2e9e57478ec8b35,blur05
0,so_fake_ood,real,,test_ood,b2e9e57478ec8b35,blur10
0,so_fake_ood,real,,test_ood,b2e9e57478ec8b35,blur20
0,so_fake_ood,real,,test_ood,b2e9e57478ec8b35,resize05
0,so_fake_ood,real,,test_ood,b2e9e57478ec8b35,resize025
0,so_fake_ood,real,,test_ood,b2e9e57478ec8b35,noise002
0,so_fake_ood,real,,test_ood,b2e9e57478ec8b35,noise005
0,so_fake_ood,real,,test_ood,b2e9e57478ec8b35,noise01
0,so_fake_ood,real,,test_ood,b2e9e57478ec8b35,jitter02
0,so_fake_ood,real,,test_ood,b2e9e57478ec8b35,crop08
0,so_fake_ood,real,,test_ood,7d01d8be2e1e8d85,clean
0,so_fake_ood,real,,test_ood,7d01d8be2e1e8d85,jpeg90
0,so_fake_ood,real,,test_ood,7d01d8be2e1e8d85,jpeg70
0,so_fake_ood,real,,test_ood,7d01d8be2e1e8d85,jpeg50
0,so_fake_ood,real,,test_ood,7d01d8be2e1e8d85,jpeg30
0,so_fake_ood,real,,test_ood,7d01d8be2e1e8d85,blur05
0,so_fake_ood,real,,test_ood,7d01d8be2e1e8d85,blur10
0,so_fake_ood,real,,test_ood,7d01d8be2e1e8d85,blur20
0,so_fake_ood,real,,test_ood,7d01d8be2e1e8d85,resize05
0,so_fake_ood,real,,test_ood,7d01d8be2e1e8d85,resize025
0,so_fake_ood,real,,test_ood,7d01d8be2e1e8d85,noise002
0,so_fake_ood,real,,test_ood,7d01d8be2e1e8d85,noise005
0,so_fake_ood,real,,test_ood,7d01d8be2e1e8d85,noise01
0,so_fake_ood,real,,test_ood,7d01d8be2e1e8d85,jitter02
0,so_fake_ood,real,,test_ood,7d01d8be2e1e8d85,crop08
0,so_fake_ood,real,,test_ood,c26af89beca04393,clean
0,so_fake_ood,real,,test_ood,c26af89beca04393,jpeg90
0,so_fake_ood,real,,test_ood,c26af89beca04393,jpeg70
0,so_fake_ood,real,,test_ood,c26af89beca04393,jpeg50
0,so_fake_ood,real,,test_ood,c26af89beca04393,jpeg30
0,so_fake_ood,real,,test_ood,c26af89beca04393,blur05
0,so_fake_ood,real,,test_ood,c26af89beca04393,blur10
0,so_fake_ood,real,,test_ood,c26af89beca04393,blur20
0,so_fake_ood,real,,test_ood,c26af89beca04393,resize05
0,so_fake_ood,real,,test_ood,c26af89beca04393,resize025
0,so_fake_ood,real,,test_ood,c26af89beca04393,noise002
0,so_fake_ood,real,,test_ood,c26af89beca04393,noise005
0,so_fake_ood,real,,test_ood,c26af89beca04393,noise01
0,so_fake_ood,real,,test_ood,c26af89beca04393,jitter02
0,so_fake_ood,real,,test_ood,c26af89beca04393,crop08
0,so_fake_ood,real,,test_ood,7e494bdcdff2ff26,clean
0,so_fake_ood,real,,test_ood,7e494bdcdff2ff26,jpeg90
0,so_fake_ood,real,,test_ood,7e494bdcdff2ff26,jpeg70
0,so_fake_ood,real,,test_ood,7e494bdcdff2ff26,jpeg50
0,so_fake_ood,real,,test_ood,7e494bdcdff2ff26,jpeg30
0,so_fake_ood,real,,test_ood,7e494bdcdff2ff26,blur05
0,so_fake_ood,real,,test_ood,7e494bdcdff2ff26,blur10
0,so_fake_ood,real,,test_ood,7e494bdcdff2ff26,blur20
0,so_fake_ood,real,,test_ood,7e494bdcdff2ff26,resize05
0,so_fake_ood,real,,test_ood,7e494bdcdff2ff26,resize025
0,so_fake_ood,real,,test_ood,7e494bdcdff2ff26,noise002
0,so_fake_ood,real,,test_ood,7e494bdcdff2ff26,noise005
0,so_fake_ood,real,,test_ood,7e494bdcdff2ff26,noise01
0,so_fake_ood,real,,test_ood,7e494bdcdff2ff26,jitter02
0,so_fake_ood,real,,test_ood,7e494bdcdff2ff26,crop08
0,so_fake_ood,real,,test_ood,7a3fdc26d13ea5fe,clean
0,so_fake_ood,real,,test_ood,7a3fdc26d13ea5fe,jpeg90
0,so_fake_ood,real,,test_ood,7a3fdc26d13ea5fe,jpeg70
0,so_fake_ood,real,,test_ood,7a3fdc26d13ea5fe,jpeg50
0,so_fake_ood,real,,test_ood,7a3fdc26d13ea5fe,jpeg30
0,so_fake_ood,real,,test_ood,7a3fdc26d13ea5fe,blur05
0,so_fake_ood,real,,test_ood,7a3fdc26d13ea5fe,blur10
0,so_fake_ood,real,,test_ood,7a3fdc26d13ea5fe,blur20
0,so_fake_ood,real,,test_ood,7a3fdc26d13ea5fe,resize05
0,so_fake_ood,real,,test_ood,7a3fdc26d13ea5fe,resize025
0,so_fake_ood,real,,test_ood,7a3fdc26d13ea5fe,noise002
0,so_fake_ood,real,,test_ood,7a3fdc26d13ea5fe,noise005
0,so_fake_ood,real,,test_ood,7a3fdc26d13ea5fe,noise01
0,so_fake_ood,real,,test_ood,7a3fdc26d13ea5fe,jitter02
0,so_fake_ood,real,,test_ood,7a3fdc26d13ea5fe,crop08
0,so_fake_ood,real,,test_ood,ff14ea0f9d826f0f,clean
0,so_fake_ood,real,,test_ood,ff14ea0f9d826f0f,jpeg90
0,so_fake_ood,real,,test_ood,ff14ea0f9d826f0f,jpeg70
0,so_fake_ood,real,,test_ood,ff14ea0f9d826f0f,jpeg50
0,so_fake_ood,real,,test_ood,ff14ea0f9d826f0f,jpeg30
0,so_fake_ood,real,,test_ood,ff14ea0f9d826f0f,blur05
0,so_fake_ood,real,,test_ood,ff14ea0f9d826f0f,blur10
0,so_fake_ood,real,,test_ood,ff14ea0f9d826f0f,blur20
0,so_fake_ood,real,,test_ood,ff14ea0f9d826f0f,resize05
0,so_fake_ood,real,,test_ood,ff14ea0f9d826f0f,resize025
0,so_fake_ood,real,,test_ood,ff14ea0f9d826f0f,noise002
0,so_fake_ood,real,,test_ood,ff14ea0f9d826f0f,noise005
0,so_fake_ood,real,,test_ood,ff14ea0f9d826f0f,noise01
0,so_fake_ood,real,,test_ood,ff14ea0f9d826f0f,jitter02
0,so_fake_ood,real,,test_ood,ff14ea0f9d826f0f,crop08
0,so_fake_ood,real,,test_ood,9b02fa143148c097,clean
0,so_fake_ood,real,,test_ood,9b02fa143148c097,jpeg90
0,so_fake_ood,real,,test_ood,9b02fa143148c097,jpeg70
0,so_fake_ood,real,,test_ood,9b02fa143148c097,jpeg50
0,so_fake_ood,real,,test_ood,9b02fa143148c097,jpeg30
0,so_fake_ood,real,,test_ood,9b02fa143148c097,blur05
0,so_fake_ood,real,,test_ood,9b02fa143148c097,blur10
0,so_fake_ood,real,,test_ood,9b02fa143148c097,blur20
0,so_fake_ood,real,,test_ood,9b02fa143148c097,resize05
0,so_fake_ood,real,,test_ood,9b02fa143148c097,resize025
0,so_fake_ood,real,,test_ood,9b02fa143148c097,noise002
0,so_fake_ood,real,,test_ood,9b02fa143148c097,noise005
0,so_fake_ood,real,,test_ood,9b02fa143148c097,noise01
0,so_fake_ood,real,,test_ood,9b02fa143148c097,jitter02
0,so_fake_ood,real,,test_ood,9b02fa143148c097,crop08
0,so_fake_ood,real,,test_ood,f8b75aa349e7dbbd,clean
0,so_fake_ood,real,,test_ood,f8b75aa349e7dbbd,jpeg90
0,so_fake_ood,real,,test_ood,f8b75aa349e7dbbd,jpeg70
0,so_fake_ood,real,,test_ood,f8b75aa349e7dbbd,jpeg50
0,so_fake_ood,real,,test_ood,f8b75aa349e7dbbd,jpeg30
0,so_fake_ood,real,,test_ood,f8b75aa349e7dbbd,blur05
0,so_fake_ood,real,,test_ood,f8b75aa349e7dbbd,blur10
0,so_fake_ood,real,,test_ood,f8b75aa349e7dbbd,blur20
0,so_fake_ood,real,,test_ood,f8b75aa349e7dbbd,resize05
0,so_fake_ood,real,,test_ood,f8b75aa349e7dbbd,resize025
0,so_fake_ood,real,,test_ood,f8b75aa349e7dbbd,noise002
0,so_fake_ood,real,,test_ood,f8b75aa349e7dbbd,noise005
0,so_fake_ood,real,,test_ood,f8b75aa349e7dbbd,noise01
0,so_fake_ood,real,,test_ood,f8b75aa349e7dbbd,jitter02
0,so_fake_ood,real,,test_ood,f8b75aa349e7dbbd,crop08
0,so_fake_ood,real,,test_ood,ee760bf5eacff8fa,clean
0,so_fake_ood,real,,test_ood,ee760bf5eacff8fa,jpeg90
0,so_fake_ood,real,,test_ood,ee760bf5eacff8fa,jpeg70
0,so_fake_ood,real,,test_ood,ee760bf5eacff8fa,jpeg50
0,so_fake_ood,real,,test_ood,ee760bf5eacff8fa,jpeg30
0,so_fake_ood,real,,test_ood,ee760bf5eacff8fa,blur05
0,so_fake_ood,real,,test_ood,ee760bf5eacff8fa,blur10
0,so_fake_ood,real,,test_ood,ee760bf5eacff8fa,blur20
0,so_fake_ood,real,,test_ood,ee760bf5eacff8fa,resize05
0,so_fake_ood,real,,test_ood,ee760bf5eacff8fa,resize025
0,so_fake_ood,real,,test_ood,ee760bf5eacff8fa,noise002
0,so_fake_ood,real,,test_ood,ee760bf5eacff8fa,noise005
0,so_fake_ood,real,,test_ood,ee760bf5eacff8fa,noise01
0,so_fake_ood,real,,test_ood,ee760bf5eacff8fa,jitter02
0,so_fake_ood,real,,test_ood,ee760bf5eacff8fa,crop08
0,so_fake_ood,real,,test_ood,f13cae5801c861f9,clean
0,so_fake_ood,real,,test_ood,f13cae5801c861f9,jpeg90
0,so_fake_ood,real,,test_ood,f13cae5801c861f9,jpeg70
0,so_fake_ood,real,,test_ood,f13cae5801c861f9,jpeg50
0,so_fake_ood,real,,test_ood,f13cae5801c861f9,jpeg30
0,so_fake_ood,real,,test_ood,f13cae5801c861f9,blur05
0,so_fake_ood,real,,test_ood,f13cae5801c861f9,blur10
0,so_fake_ood,real,,test_ood,f13cae5801c861f9,blur20
0,so_fake_ood,real,,test_ood,f13cae5801c861f9,resize05
0,so_fake_ood,real,,test_ood,f13cae5801c861f9,resize025
0,so_fake_ood,real,,test_ood,f13cae5801c861f9,noise002
0,so_fake_ood,real,,test_ood,f13cae5801c861f9,noise005
0,so_fake_ood,real,,test_ood,f13cae5801c861f9,noise01
0,so_fake_ood,real,,test_ood,f13cae5801c861f9,jitter02
0,so_fake_ood,real,,test_ood,f13cae5801c861f9,crop08
0,so_fake_ood,real,,test_ood,97932d78b797934c,clean
0,so_fake_ood,real,,test_ood,97932d78b797934c,jpeg90
0,so_fake_ood,real,,test_ood,97932d78b797934c,jpeg70
0,so_fake_ood,real,,test_ood,97932d78b797934c,jpeg50
0,so_fake_ood,real,,test_ood,97932d78b797934c,jpeg30
0,so_fake_ood,real,,test_ood,97932d78b797934c,blur05
0,so_fake_ood,real,,test_ood,97932d78b797934c,blur10
0,so_fake_ood,real,,test_ood,97932d78b797934c,blur20
0,so_fake_ood,real,,test_ood,97932d78b797934c,resize05
0,so_fake_ood,real,,test_ood,97932d78b797934c,resize025
0,so_fake_ood,real,,test_ood,97932d78b797934c,noise002
0,so_fake_ood,real,,test_ood,97932d78b797934c,noise005
0,so_fake_ood,real,,test_ood,97932d78b797934c,noise01
0,so_fake_ood,real,,test_ood,97932d78b797934c,jitter02
0,so_fake_ood,real,,test_ood,97932d78b797934c,crop08
0,so_fake_ood,real,,test_ood,16b59ef0130a6b3b,clean
0,so_fake_ood,real,,test_ood,16b59ef0130a6b3b,jpeg90
0,so_fake_ood,real,,test_ood,16b59ef0130a6b3b,jpeg70
0,so_fake_ood,real,,test_ood,16b59ef0130a6b3b,jpeg50
0,so_fake_ood,real,,test_ood,16b59ef0130a6b3b,jpeg30
0,so_fake_ood,real,,test_ood,16b59ef0130a6b3b,blur05
0,so_fake_ood,real,,test_ood,16b59ef0130a6b3b,blur10
0,so_fake_ood,real,,test_ood,16b59ef0130a6b3b,blur20
0,so_fake_ood,real,,test_ood,16b59ef0130a6b3b,resize05
0,so_fake_ood,real,,test_ood,16b59ef0130a6b3b,resize025
0,so_fake_ood,real,,test_ood,16b59ef0130a6b3b,noise002
0,so_fake_ood,real,,test_ood,16b59ef0130a6b3b,noise005
0,so_fake_ood,real,,test_ood,16b59ef0130a6b3b,noise01
0,so_fake_ood,real,,test_ood,16b59ef0130a6b3b,jitter02
0,so_fake_ood,real,,test_ood,16b59ef0130a6b3b,crop08
0,so_fake_ood,real,,test_ood,8d4a1efe2c2c995f,clean
0,so_fake_ood,real,,test_ood,8d4a1efe2c2c995f,jpeg90
0,so_fake_ood,real,,test_ood,8d4a1efe2c2c995f,jpeg70
0,so_fake_ood,real,,test_ood,8d4a1efe2c2c995f,jpeg50
0,so_fake_ood,real,,test_ood,8d4a1efe2c2c995f,jpeg30
0,so_fake_ood,real,,test_ood,8d4a1efe2c2c995f,blur05
0,so_fake_ood,real,,test_ood,8d4a1efe2c2c995f,blur10
0,so_fake_ood,real,,test_ood,8d4a1efe2c2c995f,blur20
0,so_fake_ood,real,,test_ood,8d4a1efe2c2c995f,resize05
0,so_fake_ood,real,,test_ood,8d4a1efe2c2c995f,resize025
0,so_fake_ood,real,,test_ood,8d4a1efe2c2c995f,noise002
0,so_fake_ood,real,,test_ood,8d4a1efe2c2c995f,noise005
0,so_fake_ood,real,,test_ood,8d4a1efe2c2c995f,noise01
0,so_fake_ood,real,,test_ood,8d4a1efe2c2c995f,jitter02
0,so_fake_ood,real,,test_ood,8d4a1efe2c2c995f,crop08
0,so_fake_ood,real,,test_ood,2fbaccc2e62a7952,clean
0,so_fake_ood,real,,test_ood,2fbaccc2e62a7952,jpeg90
0,so_fake_ood,real,,test_ood,2fbaccc2e62a7952,jpeg70
0,so_fake_ood,real,,test_ood,2fbaccc2e62a7952,jpeg50
0,so_fake_ood,real,,test_ood,2fbaccc2e62a7952,jpeg30
0,so_fake_ood,real,,test_ood,2fbaccc2e62a7952,blur05
0,so_fake_ood,real,,test_ood,2fbaccc2e62a7952,blur10
0,so_fake_ood,real,,test_ood,2fbaccc2e62a7952,blur20
0,so_fake_ood,real,,test_ood,2fbaccc2e62a7952,resize05
0,so_fake_ood,real,,test_ood,2fbaccc2e62a7952,resize025
0,so_fake_ood,real,,test_ood,2fbaccc2e62a7952,noise002
0,so_fake_ood,real,,test_ood,2fbaccc2e62a7952,noise005
0,so_fake_ood,real,,test_ood,2fbaccc2e62a7952,noise01
0,so_fake_ood,real,,test_ood,2fbaccc2e62a7952,jitter02
0,so_fake_ood,real,,test_ood,2fbaccc2e62a7952,crop08
0,so_fake_ood,real,,test_ood,aafb3fd9faf9dabc,clean
0,so_fake_ood,real,,test_ood,aafb3fd9faf9dabc,jpeg90
0,so_fake_ood,real,,test_ood,aafb3fd9faf9dabc,jpeg70
0,so_fake_ood,real,,test_ood,aafb3fd9faf9dabc,jpeg50
0,so_fake_ood,real,,test_ood,aafb3fd9faf9dabc,jpeg30
0,so_fake_ood,real,,test_ood,aafb3fd9faf9dabc,blur05
0,so_fake_ood,real,,test_ood,aafb3fd9faf9dabc,blur10
0,so_fake_ood,real,,test_ood,aafb3fd9faf9dabc,blur20
0,so_fake_ood,real,,test_ood,aafb3fd9faf9dabc,resize05
0,so_fake_ood,real,,test_ood,aafb3fd9faf9dabc,resize025
0,so_fake_ood,real,,test_ood,aafb3fd9faf9dabc,noise002
0,so_fake_ood,real,,test_ood,aafb3fd9faf9dabc,noise005
0,so_fake_ood,real,,test_ood,aafb3fd9faf9dabc,noise01
0,so_fake_ood,real,,test_ood,aafb3fd9faf9dabc,jitter02
0,so_fake_ood,real,,test_ood,aafb3fd9faf9dabc,crop08
0,so_fake_ood,real,,test_ood,490656feb466d116,clean
0,so_fake_ood,real,,test_ood,490656feb466d116,jpeg90
0,so_fake_ood,real,,test_ood,490656feb466d116,jpeg70
0,so_fake_ood,real,,test_ood,490656feb466d116,jpeg50
0,so_fake_ood,real,,test_ood,490656feb466d116,jpeg30
0,so_fake_ood,real,,test_ood,490656feb466d116,blur05
0,so_fake_ood,real,,test_ood,490656feb466d116,blur10
0,so_fake_ood,real,,test_ood,490656feb466d116,blur20
0,so_fake_ood,real,,test_ood,490656feb466d116,resize05
0,so_fake_ood,real,,test_ood,490656feb466d116,resize025
0,so_fake_ood,real,,test_ood,490656feb466d116,noise002
0,so_fake_ood,real,,test_ood,490656feb466d116,noise005
0,so_fake_ood,real,,test_ood,490656feb466d116,noise01
0,so_fake_ood,real,,test_ood,490656feb466d116,jitter02
0,so_fake_ood,real,,test_ood,490656feb466d116,crop08
0,so_fake_ood,real,,test_ood,1738b7da9cd35a03,clean
0,so_fake_ood,real,,test_ood,1738b7da9cd35a03,jpeg90
0,so_fake_ood,real,,test_ood,1738b7da9cd35a03,jpeg70
0,so_fake_ood,real,,test_ood,1738b7da9cd35a03,jpeg50
0,so_fake_ood,real,,test_ood,1738b7da9cd35a03,jpeg30
0,so_fake_ood,real,,test_ood,1738b7da9cd35a03,blur05
0,so_fake_ood,real,,test_ood,1738b7da9cd35a03,blur10
0,so_fake_ood,real,,test_ood,1738b7da9cd35a03,blur20
0,so_fake_ood,real,,test_ood,1738b7da9cd35a03,resize05
0,so_fake_ood,real,,test_ood,1738b7da9cd35a03,resize025
0,so_fake_ood,real,,test_ood,1738b7da9cd35a03,noise002
0,so_fake_ood,real,,test_ood,1738b7da9cd35a03,noise005
0,so_fake_ood,real,,test_ood,1738b7da9cd35a03,noise01
0,so_fake_ood,real,,test_ood,1738b7da9cd35a03,jitter02
0,so_fake_ood,real,,test_ood,1738b7da9cd35a03,crop08
0,so_fake_ood,real,,test_ood,937cd056b60c1751,clean
0,so_fake_ood,real,,test_ood,937cd056b60c1751,jpeg90
0,so_fake_ood,real,,test_ood,937cd056b60c1751,jpeg70
0,so_fake_ood,real,,test_ood,937cd056b60c1751,jpeg50
0,so_fake_ood,real,,test_ood,937cd056b60c1751,jpeg30
0,so_fake_ood,real,,test_ood,937cd056b60c1751,blur05
0,so_fake_ood,real,,test_ood,937cd056b60c1751,blur10
0,so_fake_ood,real,,test_ood,937cd056b60c1751,blur20
0,so_fake_ood,real,,test_ood,937cd056b60c1751,resize05
0,so_fake_ood,real,,test_ood,937cd056b60c1751,resize025
0,so_fake_ood,real,,test_ood,937cd056b60c1751,noise002
0,so_fake_ood,real,,test_ood,937cd056b60c1751,noise005
0,so_fake_ood,real,,test_ood,937cd056b60c1751,noise01
0,so_fake_ood,real,,test_ood,937cd056b60c1751,jitter02
0,so_fake_ood,real,,test_ood,937cd056b60c1751,crop08
0,so_fake_ood,real,,test_ood,82199a91c71fe95a,clean
0,so_fake_ood,real,,test_ood,82199a91c71fe95a,jpeg90
0,so_fake_ood,real,,test_ood,82199a91c71fe95a,jpeg70
0,so_fake_ood,real,,test_ood,82199a91c71fe95a,jpeg50
0,so_fake_ood,real,,test_ood,82199a91c71fe95a,jpeg30
0,so_fake_ood,real,,test_ood,82199a91c71fe95a,blur05
0,so_fake_ood,real,,test_ood,82199a91c71fe95a,blur10
0,so_fake_ood,real,,test_ood,82199a91c71fe95a,blur20
0,so_fake_ood,real,,test_ood,82199a91c71fe95a,resize05
0,so_fake_ood,real,,test_ood,82199a91c71fe95a,resize025
0,so_fake_ood,real,,test_ood,82199a91c71fe95a,noise002
0,so_fake_ood,real,,test_ood,82199a91c71fe95a,noise005
0,so_fake_ood,real,,test_ood,82199a91c71fe95a,noise01
0,so_fake_ood,real,,test_ood,82199a91c71fe95a,jitter02
0,so_fake_ood,real,,test_ood,82199a91c71fe95a,crop08
0,so_fake_ood,real,,test_ood,13e628d5da7bb760,clean
0,so_fake_ood,real,,test_ood,13e628d5da7bb760,jpeg90
0,so_fake_ood,real,,test_ood,13e628d5da7bb760,jpeg70
0,so_fake_ood,real,,test_ood,13e628d5da7bb760,jpeg50
0,so_fake_ood,real,,test_ood,13e628d5da7bb760,jpeg30
0,so_fake_ood,real,,test_ood,13e628d5da7bb760,blur05
0,so_fake_ood,real,,test_ood,13e628d5da7bb760,blur10
0,so_fake_ood,real,,test_ood,13e628d5da7bb760,blur20
0,so_fake_ood,real,,test_ood,13e628d5da7bb760,resize05
0,so_fake_ood,real,,test_ood,13e628d5da7bb760,resize025
0,so_fake_ood,real,,test_ood,13e628d5da7bb760,noise002
0,so_fake_ood,real,,test_ood,13e628d5da7bb760,noise005
0,so_fake_ood,real,,test_ood,13e628d5da7bb760,noise01
0,so_fake_ood,real,,test_ood,13e628d5da7bb760,jitter02
0,so_fake_ood,real,,test_ood,13e628d5da7bb760,crop08
0,so_fake_ood,real,,test_ood,d3a1ebf68277c3a9,clean
0,so_fake_ood,real,,test_ood,d3a1ebf68277c3a9,jpeg90
0,so_fake_ood,real,,test_ood,d3a1ebf68277c3a9,jpeg70
0,so_fake_ood,real,,test_ood,d3a1ebf68277c3a9,jpeg50
0,so_fake_ood,real,,test_ood,d3a1ebf68277c3a9,jpeg30
0,so_fake_ood,real,,test_ood,d3a1ebf68277c3a9,blur05
0,so_fake_ood,real,,test_ood,d3a1ebf68277c3a9,blur10
0,so_fake_ood,real,,test_ood,d3a1ebf68277c3a9,blur20
0,so_fake_ood,real,,test_ood,d3a1ebf68277c3a9,resize05
0,so_fake_ood,real,,test_ood,d3a1ebf68277c3a9,resize025
0,so_fake_ood,real,,test_ood,d3a1ebf68277c3a9,noise002
0,so_fake_ood,real,,test_ood,d3a1ebf68277c3a9,noise005
0,so_fake_ood,real,,test_ood,d3a1ebf68277c3a9,noise01
0,so_fake_ood,real,,test_ood,d3a1ebf68277c3a9,jitter02
0,so_fake_ood,real,,test_ood,d3a1ebf68277c3a9,crop08
0,so_fake_ood,real,,test_ood,d50bf9baf10447dd,clean
0,so_fake_ood,real,,test_ood,d50bf9baf10447dd,jpeg90
0,so_fake_ood,real,,test_ood,d50bf9baf10447dd,jpeg70
0,so_fake_ood,real,,test_ood,d50bf9baf10447dd,jpeg50
0,so_fake_ood,real,,test_ood,d50bf9baf10447dd,jpeg30
0,so_fake_ood,real,,test_ood,d50bf9baf10447dd,blur05
0,so_fake_ood,real,,test_ood,d50bf9baf10447dd,blur10
0,so_fake_ood,real,,test_ood,d50bf9baf10447dd,blur20
0,so_fake_ood,real,,test_ood,d50bf9baf10447dd,resize05
0,so_fake_ood,real,,test_ood,d50bf9baf10447dd,resize025
0,so_fake_ood,real,,test_ood,d50bf9baf10447dd,noise002
0,so_fake_ood,real,,test_ood,d50bf9baf10447dd,noise005
0,so_fake_ood,real,,test_ood,d50bf9baf10447dd,noise01
0,so_fake_ood,real,,test_ood,d50bf9baf10447dd,jitter02
0,so_fake_ood,real,,test_ood,d50bf9baf10447dd,crop08
0,so_fake_ood,real,,test_ood,c1b4328f974e7418,clean
0,so_fake_ood,real,,test_ood,c1b4328f974e7418,jpeg90
0,so_fake_ood,real,,test_ood,c1b4328f974e7418,jpeg70
0,so_fake_ood,real,,test_ood,c1b4328f974e7418,jpeg50
0,so_fake_ood,real,,test_ood,c1b4328f974e7418,jpeg30
0,so_fake_ood,real,,test_ood,c1b4328f974e7418,blur05
0,so_fake_ood,real,,test_ood,c1b4328f974e7418,blur10
0,so_fake_ood,real,,test_ood,c1b4328f974e7418,blur20
0,so_fake_ood,real,,test_ood,c1b4328f974e7418,resize05
0,so_fake_ood,real,,test_ood,c1b4328f974e7418,resize025
0,so_fake_ood,real,,test_ood,c1b4328f974e7418,noise002
0,so_fake_ood,real,,test_ood,c1b4328f974e7418,noise005
0,so_fake_ood,real,,test_ood,c1b4328f974e7418,noise01
0,so_fake_ood,real,,test_ood,c1b4328f974e7418,jitter02
0,so_fake_ood,real,,test_ood,c1b4328f974e7418,crop08
0,so_fake_ood,real,,test_ood,fc5499ce23fb119c,clean
0,so_fake_ood,real,,test_ood,fc5499ce23fb119c,jpeg90
0,so_fake_ood,real,,test_ood,fc5499ce23fb119c,jpeg70
0,so_fake_ood,real,,test_ood,fc5499ce23fb119c,jpeg50
0,so_fake_ood,real,,test_ood,fc5499ce23fb119c,jpeg30
0,so_fake_ood,real,,test_ood,fc5499ce23fb119c,blur05
0,so_fake_ood,real,,test_ood,fc5499ce23fb119c,blur10
0,so_fake_ood,real,,test_ood,fc5499ce23fb119c,blur20
0,so_fake_ood,real,,test_ood,fc5499ce23fb119c,resize05
0,so_fake_ood,real,,test_ood,fc5499ce23fb119c,resize025
0,so_fake_ood,real,,test_ood,fc5499ce23fb119c,noise002
0,so_fake_ood,real,,test_ood,fc5499ce23fb119c,noise005
0,so_fake_ood,real,,test_ood,fc5499ce23fb119c,noise01
0,so_fake_ood,real,,test_ood,fc5499ce23fb119c,jitter02
0,so_fake_ood,real,,test_ood,fc5499ce23fb119c,crop08
0,so_fake_ood,real,,test_ood,c5adcf7bef24f709,clean
0,so_fake_ood,real,,test_ood,c5adcf7bef24f709,jpeg90
0,so_fake_ood,real,,test_ood,c5adcf7bef24f709,jpeg70
0,so_fake_ood,real,,test_ood,c5adcf7bef24f709,jpeg50
0,so_fake_ood,real,,test_ood,c5adcf7bef24f709,jpeg30
0,so_fake_ood,real,,test_ood,c5adcf7bef24f709,blur05
0,so_fake_ood,real,,test_ood,c5adcf7bef24f709,blur10
0,so_fake_ood,real,,test_ood,c5adcf7bef24f709,blur20
0,so_fake_ood,real,,test_ood,c5adcf7bef24f709,resize05
0,so_fake_ood,real,,test_ood,c5adcf7bef24f709,resize025
0,so_fake_ood,real,,test_ood,c5adcf7bef24f709,noise002
0,so_fake_ood,real,,test_ood,c5adcf7bef24f709,noise005
0,so_fake_ood,real,,test_ood,c5adcf7bef24f709,noise01
0,so_fake_ood,real,,test_ood,c5adcf7bef24f709,jitter02
0,so_fake_ood,real,,test_ood,c5adcf7bef24f709,crop08
0,so_fake_ood,real,,test_ood,bff7db1abac4b13d,clean
0,so_fake_ood,real,,test_ood,bff7db1abac4b13d,jpeg90
0,so_fake_ood,real,,test_ood,bff7db1abac4b13d,jpeg70
0,so_fake_ood,real,,test_ood,bff7db1abac4b13d,jpeg50
0,so_fake_ood,real,,test_ood,bff7db1abac4b13d,jpeg30
0,so_fake_ood,real,,test_ood,bff7db1abac4b13d,blur05
0,so_fake_ood,real,,test_ood,bff7db1abac4b13d,blur10
0,so_fake_ood,real,,test_ood,bff7db1abac4b13d,blur20
0,so_fake_ood,real,,test_ood,bff7db1abac4b13d,resize05
0,so_fake_ood,real,,test_ood,bff7db1abac4b13d,resize025
0,so_fake_ood,real,,test_ood,bff7db1abac4b13d,noise002
0,so_fake_ood,real,,test_ood,bff7db1abac4b13d,noise005
0,so_fake_ood,real,,test_ood,bff7db1abac4b13d,noise01
0,so_fake_ood,real,,test_ood,bff7db1abac4b13d,jitter02
0,so_fake_ood,real,,test_ood,bff7db1abac4b13d,crop08
0,so_fake_ood,real,,test_ood,c26befd9eb550018,clean
0,so_fake_ood,real,,test_ood,c26befd9eb550018,jpeg90
0,so_fake_ood,real,,test_ood,c26befd9eb550018,jpeg70
0,so_fake_ood,real,,test_ood,c26befd9eb550018,jpeg50
0,so_fake_ood,real,,test_ood,c26befd9eb550018,jpeg30
0,so_fake_ood,real,,test_ood,c26befd9eb550018,blur05
0,so_fake_ood,real,,test_ood,c26befd9eb550018,blur10
0,so_fake_ood,real,,test_ood,c26befd9eb550018,blur20
0,so_fake_ood,real,,test_ood,c26befd9eb550018,resize05
0,so_fake_ood,real,,test_ood,c26befd9eb550018,resize025
0,so_fake_ood,real,,test_ood,c26befd9eb550018,noise002
0,so_fake_ood,real,,test_ood,c26befd9eb550018,noise005
0,so_fake_ood,real,,test_ood,c26befd9eb550018,noise01
0,so_fake_ood,real,,test_ood,c26befd9eb550018,jitter02
0,so_fake_ood,real,,test_ood,c26befd9eb550018,crop08
0,so_fake_ood,real,,test_ood,6e6198beeabf0a23,clean
0,so_fake_ood,real,,test_ood,6e6198beeabf0a23,jpeg90
0,so_fake_ood,real,,test_ood,6e6198beeabf0a23,jpeg70
0,so_fake_ood,real,,test_ood,6e6198beeabf0a23,jpeg50
0,so_fake_ood,real,,test_ood,6e6198beeabf0a23,jpeg30
0,so_fake_ood,real,,test_ood,6e6198beeabf0a23,blur05
0,so_fake_ood,real,,test_ood,6e6198beeabf0a23,blur10
0,so_fake_ood,real,,test_ood,6e6198beeabf0a23,blur20
0,so_fake_ood,real,,test_ood,6e6198beeabf0a23,resize05
0,so_fake_ood,real,,test_ood,6e6198beeabf0a23,resize025
0,so_fake_ood,real,,test_ood,6e6198beeabf0a23,noise002
0,so_fake_ood,real,,test_ood,6e6198beeabf0a23,noise005
0,so_fake_ood,real,,test_ood,6e6198beeabf0a23,noise01
0,so_fake_ood,real,,test_ood,6e6198beeabf0a23,jitter02
0,so_fake_ood,real,,test_ood,6e6198beeabf0a23,crop08
0,so_fake_ood,real,,test_ood,28a946934f41ccbe,clean
0,so_fake_ood,real,,test_ood,28a946934f41ccbe,jpeg90
0,so_fake_ood,real,,test_ood,28a946934f41ccbe,jpeg70
0,so_fake_ood,real,,test_ood,28a946934f41ccbe,jpeg50
0,so_fake_ood,real,,test_ood,28a946934f41ccbe,jpeg30
0,so_fake_ood,real,,test_ood,28a946934f41ccbe,blur05
0,so_fake_ood,real,,test_ood,28a946934f41ccbe,blur10
0,so_fake_ood,real,,test_ood,28a946934f41ccbe,blur20
0,so_fake_ood,real,,test_ood,28a946934f41ccbe,resize05
0,so_fake_ood,real,,test_ood,28a946934f41ccbe,resize025
0,so_fake_ood,real,,test_ood,28a946934f41ccbe,noise002
0,so_fake_ood,real,,test_ood,28a946934f41ccbe,noise005
0,so_fake_ood,real,,test_ood,28a946934f41ccbe,noise01
0,so_fake_ood,real,,test_ood,28a946934f41ccbe,jitter02
0,so_fake_ood,real,,test_ood,28a946934f41ccbe,crop08
0,so_fake_ood,real,,test_ood,8c3a7abb19c2cf9e,clean
0,so_fake_ood,real,,test_ood,8c3a7abb19c2cf9e,jpeg90
0,so_fake_ood,real,,test_ood,8c3a7abb19c2cf9e,jpeg70
0,so_fake_ood,real,,test_ood,8c3a7abb19c2cf9e,jpeg50
0,so_fake_ood,real,,test_ood,8c3a7abb19c2cf9e,jpeg30
0,so_fake_ood,real,,test_ood,8c3a7abb19c2cf9e,blur05
0,so_fake_ood,real,,test_ood,8c3a7abb19c2cf9e,blur10
0,so_fake_ood,real,,test_ood,8c3a7abb19c2cf9e,blur20
0,so_fake_ood,real,,test_ood,8c3a7abb19c2cf9e,resize05
0,so_fake_ood,real,,test_ood,8c3a7abb19c2cf9e,resize025
0,so_fake_ood,real,,test_ood,8c3a7abb19c2cf9e,noise002
0,so_fake_ood,real,,test_ood,8c3a7abb19c2cf9e,noise005
0,so_fake_ood,real,,test_ood,8c3a7abb19c2cf9e,noise01
0,so_fake_ood,real,,test_ood,8c3a7abb19c2cf9e,jitter02
0,so_fake_ood,real,,test_ood,8c3a7abb19c2cf9e,crop08
0,so_fake_ood,real,,test_ood,c1dd9f373a05dc8a,clean
0,so_fake_ood,real,,test_ood,c1dd9f373a05dc8a,jpeg90
0,so_fake_ood,real,,test_ood,c1dd9f373a05dc8a,jpeg70
0,so_fake_ood,real,,test_ood,c1dd9f373a05dc8a,jpeg50
0,so_fake_ood,real,,test_ood,c1dd9f373a05dc8a,jpeg30
0,so_fake_ood,real,,test_ood,c1dd9f373a05dc8a,blur05
0,so_fake_ood,real,,test_ood,c1dd9f373a05dc8a,blur10
0,so_fake_ood,real,,test_ood,c1dd9f373a05dc8a,blur20
0,so_fake_ood,real,,test_ood,c1dd9f373a05dc8a,resize05
0,so_fake_ood,real,,test_ood,c1dd9f373a05dc8a,resize025
0,so_fake_ood,real,,test_ood,c1dd9f373a05dc8a,noise002
0,so_fake_ood,real,,test_ood,c1dd9f373a05dc8a,noise005
0,so_fake_ood,real,,test_ood,c1dd9f373a05dc8a,noise01
0,so_fake_ood,real,,test_ood,c1dd9f373a05dc8a,jitter02
0,so_fake_ood,real,,test_ood,c1dd9f373a05dc8a,crop08
0,so_fake_ood,real,,test_ood,696ef2ee19a811e2,clean
0,so_fake_ood,real,,test_ood,696ef2ee19a811e2,jpeg90
0,so_fake_ood,real,,test_ood,696ef2ee19a811e2,jpeg70
0,so_fake_ood,real,,test_ood,696ef2ee19a811e2,jpeg50
0,so_fake_ood,real,,test_ood,696ef2ee19a811e2,jpeg30
0,so_fake_ood,real,,test_ood,696ef2ee19a811e2,blur05
0,so_fake_ood,real,,test_ood,696ef2ee19a811e2,blur10
0,so_fake_ood,real,,test_ood,696ef2ee19a811e2,blur20
0,so_fake_ood,real,,test_ood,696ef2ee19a811e2,resize05
0,so_fake_ood,real,,test_ood,696ef2ee19a811e2,resize025
0,so_fake_ood,real,,test_ood,696ef2ee19a811e2,noise002
0,so_fake_ood,real,,test_ood,696ef2ee19a811e2,noise005
0,so_fake_ood,real,,test_ood,696ef2ee19a811e2,noise01
0,so_fake_ood,real,,test_ood,696ef2ee19a811e2,jitter02
0,so_fake_ood,real,,test_ood,696ef2ee19a811e2,crop08
0,so_fake_ood,real,,test_ood,6c2f94fca46ced8d,clean
0,so_fake_ood,real,,test_ood,6c2f94fca46ced8d,jpeg90
0,so_fake_ood,real,,test_ood,6c2f94fca46ced8d,jpeg70
0,so_fake_ood,real,,test_ood,6c2f94fca46ced8d,jpeg50
0,so_fake_ood,real,,test_ood,6c2f94fca46ced8d,jpeg30
0,so_fake_ood,real,,test_ood,6c2f94fca46ced8d,blur05
0,so_fake_ood,real,,test_ood,6c2f94fca46ced8d,blur10
0,so_fake_ood,real,,test_ood,6c2f94fca46ced8d,blur20
0,so_fake_ood,real,,test_ood,6c2f94fca46ced8d,resize05
0,so_fake_ood,real,,test_ood,6c2f94fca46ced8d,resize025
0,so_fake_ood,real,,test_ood,6c2f94fca46ced8d,noise002
0,so_fake_ood,real,,test_ood,6c2f94fca46ced8d,noise005
0,so_fake_ood,real,,test_ood,6c2f94fca46ced8d,noise01
0,so_fake_ood,real,,test_ood,6c2f94fca46ced8d,jitter02
0,so_fake_ood,real,,test_ood,6c2f94fca46ced8d,crop08
0,so_fake_ood,real,,test_ood,f3939db8e87e4f53,clean
0,so_fake_ood,real,,test_ood,f3939db8e87e4f53,jpeg90
0,so_fake_ood,real,,test_ood,f3939db8e87e4f53,jpeg70
0,so_fake_ood,real,,test_ood,f3939db8e87e4f53,jpeg50
0,so_fake_ood,real,,test_ood,f3939db8e87e4f53,jpeg30
0,so_fake_ood,real,,test_ood,f3939db8e87e4f53,blur05
0,so_fake_ood,real,,test_ood,f3939db8e87e4f53,blur10
0,so_fake_ood,real,,test_ood,f3939db8e87e4f53,blur20
0,so_fake_ood,real,,test_ood,f3939db8e87e4f53,resize05
0,so_fake_ood,real,,test_ood,f3939db8e87e4f53,resize025
0,so_fake_ood,real,,test_ood,f3939db8e87e4f53,noise002
0,so_fake_ood,real,,test_ood,f3939db8e87e4f53,noise005
0,so_fake_ood,real,,test_ood,f3939db8e87e4f53,noise01
0,so_fake_ood,real,,test_ood,f3939db8e87e4f53,jitter02
0,so_fake_ood,real,,test_ood,f3939db8e87e4f53,crop08
0,so_fake_ood,real,,test_ood,8597d8e55302112b,clean
0,so_fake_ood,real,,test_ood,8597d8e55302112b,jpeg90
0,so_fake_ood,real,,test_ood,8597d8e55302112b,jpeg70
0,so_fake_ood,real,,test_ood,8597d8e55302112b,jpeg50
0,so_fake_ood,real,,test_ood,8597d8e55302112b,jpeg30
0,so_fake_ood,real,,test_ood,8597d8e55302112b,blur05
0,so_fake_ood,real,,test_ood,8597d8e55302112b,blur10
0,so_fake_ood,real,,test_ood,8597d8e55302112b,blur20
0,so_fake_ood,real,,test_ood,8597d8e55302112b,resize05
0,so_fake_ood,real,,test_ood,8597d8e55302112b,resize025
0,so_fake_ood,real,,test_ood,8597d8e55302112b,noise002
0,so_fake_ood,real,,test_ood,8597d8e55302112b,noise005
0,so_fake_ood,real,,test_ood,8597d8e55302112b,noise01
0,so_fake_ood,real,,test_ood,8597d8e55302112b,jitter02
0,so_fake_ood,real,,test_ood,8597d8e55302112b,crop08
0,so_fake_ood,real,,test_ood,3425903cd750dbfb,clean
0,so_fake_ood,real,,test_ood,3425903cd750dbfb,jpeg90
0,so_fake_ood,real,,test_ood,3425903cd750dbfb,jpeg70
0,so_fake_ood,real,,test_ood,3425903cd750dbfb,jpeg50
0,so_fake_ood,real,,test_ood,3425903cd750dbfb,jpeg30
0,so_fake_ood,real,,test_ood,3425903cd750dbfb,blur05
0,so_fake_ood,real,,test_ood,3425903cd750dbfb,blur10
0,so_fake_ood,real,,test_ood,3425903cd750dbfb,blur20
0,so_fake_ood,real,,test_ood,3425903cd750dbfb,resize05
0,so_fake_ood,real,,test_ood,3425903cd750dbfb,resize025
0,so_fake_ood,real,,test_ood,3425903cd750dbfb,noise002
0,so_fake_ood,real,,test_ood,3425903cd750dbfb,noise005
0,so_fake_ood,real,,test_ood,3425903cd750dbfb,noise01
0,so_fake_ood,real,,test_ood,3425903cd750dbfb,jitter02
0,so_fake_ood,real,,test_ood,3425903cd750dbfb,crop08
0,so_fake_ood,real,,test_ood,097f5d5acbd664c5,clean
0,so_fake_ood,real,,test_ood,097f5d5acbd664c5,jpeg90
0,so_fake_ood,real,,test_ood,097f5d5acbd664c5,jpeg70
0,so_fake_ood,real,,test_ood,097f5d5acbd664c5,jpeg50
0,so_fake_ood,real,,test_ood,097f5d5acbd664c5,jpeg30
0,so_fake_ood,real,,test_ood,097f5d5acbd664c5,blur05
0,so_fake_ood,real,,test_ood,097f5d5acbd664c5,blur10
0,so_fake_ood,real,,test_ood,097f5d5acbd664c5,blur20
0,so_fake_ood,real,,test_ood,097f5d5acbd664c5,resize05
0,so_fake_ood,real,,test_ood,097f5d5acbd664c5,resize025
0,so_fake_ood,real,,test_ood,097f5d5acbd664c5,noise002
0,so_fake_ood,real,,test_ood,097f5d5acbd664c5,noise005
0,so_fake_ood,real,,test_ood,097f5d5acbd664c5,noise01
0,so_fake_ood,real,,test_ood,097f5d5acbd664c5,jitter02
0,so_fake_ood,real,,test_ood,097f5d5acbd664c5,crop08
0,so_fake_ood,real,,test_ood,7d9e8a16ab640a89,clean
0,so_fake_ood,real,,test_ood,7d9e8a16ab640a89,jpeg90
0,so_fake_ood,real,,test_ood,7d9e8a16ab640a89,jpeg70
0,so_fake_ood,real,,test_ood,7d9e8a16ab640a89,jpeg50
0,so_fake_ood,real,,test_ood,7d9e8a16ab640a89,jpeg30
0,so_fake_ood,real,,test_ood,7d9e8a16ab640a89,blur05
0,so_fake_ood,real,,test_ood,7d9e8a16ab640a89,blur10
0,so_fake_ood,real,,test_ood,7d9e8a16ab640a89,blur20
0,so_fake_ood,real,,test_ood,7d9e8a16ab640a89,resize05
0,so_fake_ood,real,,test_ood,7d9e8a16ab640a89,resize025
0,so_fake_ood,real,,test_ood,7d9e8a16ab640a89,noise002
0,so_fake_ood,real,,test_ood,7d9e8a16ab640a89,noise005
0,so_fake_ood,real,,test_ood,7d9e8a16ab640a89,noise01
0,so_fake_ood,real,,test_ood,7d9e8a16ab640a89,jitter02
0,so_fake_ood,real,,test_ood,7d9e8a16ab640a89,crop08
0,so_fake_ood,real,,test_ood,01ef3b3da197537d,clean
0,so_fake_ood,real,,test_ood,01ef3b3da197537d,jpeg90
0,so_fake_ood,real,,test_ood,01ef3b3da197537d,jpeg70
0,so_fake_ood,real,,test_ood,01ef3b3da197537d,jpeg50
0,so_fake_ood,real,,test_ood,01ef3b3da197537d,jpeg30
0,so_fake_ood,real,,test_ood,01ef3b3da197537d,blur05
0,so_fake_ood,real,,test_ood,01ef3b3da197537d,blur10
0,so_fake_ood,real,,test_ood,01ef3b3da197537d,blur20
0,so_fake_ood,real,,test_ood,01ef3b3da197537d,resize05
0,so_fake_ood,real,,test_ood,01ef3b3da197537d,resize025
0,so_fake_ood,real,,test_ood,01ef3b3da197537d,noise002
0,so_fake_ood,real,,test_ood,01ef3b3da197537d,noise005
0,so_fake_ood,real,,test_ood,01ef3b3da197537d,noise01
0,so_fake_ood,real,,test_ood,01ef3b3da197537d,jitter02
0,so_fake_ood,real,,test_ood,01ef3b3da197537d,crop08
0,so_fake_ood,real,,test_ood,dcb3950db8d8c5db,clean
0,so_fake_ood,real,,test_ood,dcb3950db8d8c5db,jpeg90
0,so_fake_ood,real,,test_ood,dcb3950db8d8c5db,jpeg70
0,so_fake_ood,real,,test_ood,dcb3950db8d8c5db,jpeg50
0,so_fake_ood,real,,test_ood,dcb3950db8d8c5db,jpeg30
0,so_fake_ood,real,,test_ood,dcb3950db8d8c5db,blur05
0,so_fake_ood,real,,test_ood,dcb3950db8d8c5db,blur10
0,so_fake_ood,real,,test_ood,dcb3950db8d8c5db,blur20
0,so_fake_ood,real,,test_ood,dcb3950db8d8c5db,resize05
0,so_fake_ood,real,,test_ood,dcb3950db8d8c5db,resize025
0,so_fake_ood,real,,test_ood,dcb3950db8d8c5db,noise002
0,so_fake_ood,real,,test_ood,dcb3950db8d8c5db,noise005
0,so_fake_ood,real,,test_ood,dcb3950db8d8c5db,noise01
0,so_fake_ood,real,,test_ood,dcb3950db8d8c5db,jitter02
0,so_fake_ood,real,,test_ood,dcb3950db8d8c5db,crop08
0,so_fake_ood,real,,test_ood,01375adf2af87480,clean
0,so_fake_ood,real,,test_ood,01375adf2af87480,jpeg90
0,so_fake_ood,real,,test_ood,01375adf2af87480,jpeg70
0,so_fake_ood,real,,test_ood,01375adf2af87480,jpeg50
0,so_fake_ood,real,,test_ood,01375adf2af87480,jpeg30
0,so_fake_ood,real,,test_ood,01375adf2af87480,blur05
0,so_fake_ood,real,,test_ood,01375adf2af87480,blur10
0,so_fake_ood,real,,test_ood,01375adf2af87480,blur20
0,so_fake_ood,real,,test_ood,01375adf2af87480,resize05
0,so_fake_ood,real,,test_ood,01375adf2af87480,resize025
0,so_fake_ood,real,,test_ood,01375adf2af87480,noise002
0,so_fake_ood,real,,test_ood,01375adf2af87480,noise005
0,so_fake_ood,real,,test_ood,01375adf2af87480,noise01
0,so_fake_ood,real,,test_ood,01375adf2af87480,jitter02
0,so_fake_ood,real,,test_ood,01375adf2af87480,crop08
0,so_fake_ood,real,,test_ood,f5ca5f4fcb31a34d,clean
0,so_fake_ood,real,,test_ood,f5ca5f4fcb31a34d,jpeg90
0,so_fake_ood,real,,test_ood,f5ca5f4fcb31a34d,jpeg70
0,so_fake_ood,real,,test_ood,f5ca5f4fcb31a34d,jpeg50
0,so_fake_ood,real,,test_ood,f5ca5f4fcb31a34d,jpeg30
0,so_fake_ood,real,,test_ood,f5ca5f4fcb31a34d,blur05
0,so_fake_ood,real,,test_ood,f5ca5f4fcb31a34d,blur10
0,so_fake_ood,real,,test_ood,f5ca5f4fcb31a34d,blur20
0,so_fake_ood,real,,test_ood,f5ca5f4fcb31a34d,resize05
0,so_fake_ood,real,,test_ood,f5ca5f4fcb31a34d,resize025
0,so_fake_ood,real,,test_ood,f5ca5f4fcb31a34d,noise002
0,so_fake_ood,real,,test_ood,f5ca5f4fcb31a34d,noise005
0,so_fake_ood,real,,test_ood,f5ca5f4fcb31a34d,noise01
0,so_fake_ood,real,,test_ood,f5ca5f4fcb31a34d,jitter02
0,so_fake_ood,real,,test_ood,f5ca5f4fcb31a34d,crop08
0,so_fake_ood,real,,test_ood,46582f67850adf9a,clean
0,so_fake_ood,real,,test_ood,46582f67850adf9a,jpeg90
0,so_fake_ood,real,,test_ood,46582f67850adf9a,jpeg70
0,so_fake_ood,real,,test_ood,46582f67850adf9a,jpeg50
0,so_fake_ood,real,,test_ood,46582f67850adf9a,jpeg30
0,so_fake_ood,real,,test_ood,46582f67850adf9a,blur05
0,so_fake_ood,real,,test_ood,46582f67850adf9a,blur10
0,so_fake_ood,real,,test_ood,46582f67850adf9a,blur20
0,so_fake_ood,real,,test_ood,46582f67850adf9a,resize05
0,so_fake_ood,real,,test_ood,46582f67850adf9a,resize025
0,so_fake_ood,real,,test_ood,46582f67850adf9a,noise002
0,so_fake_ood,real,,test_ood,46582f67850adf9a,noise005
0,so_fake_ood,real,,test_ood,46582f67850adf9a,noise01
0,so_fake_ood,real,,test_ood,46582f67850adf9a,jitter02
0,so_fake_ood,real,,test_ood,46582f67850adf9a,crop08
0,so_fake_ood,real,,test_ood,6c2b6485df2f1d14,clean
0,so_fake_ood,real,,test_ood,6c2b6485df2f1d14,jpeg90
0,so_fake_ood,real,,test_ood,6c2b6485df2f1d14,jpeg70
0,so_fake_ood,real,,test_ood,6c2b6485df2f1d14,jpeg50
0,so_fake_ood,real,,test_ood,6c2b6485df2f1d14,jpeg30
0,so_fake_ood,real,,test_ood,6c2b6485df2f1d14,blur05
0,so_fake_ood,real,,test_ood,6c2b6485df2f1d14,blur10
0,so_fake_ood,real,,test_ood,6c2b6485df2f1d14,blur20
0,so_fake_ood,real,,test_ood,6c2b6485df2f1d14,resize05
0,so_fake_ood,real,,test_ood,6c2b6485df2f1d14,resize025
0,so_fake_ood,real,,test_ood,6c2b6485df2f1d14,noise002
0,so_fake_ood,real,,test_ood,6c2b6485df2f1d14,noise005
0,so_fake_ood,real,,test_ood,6c2b6485df2f1d14,noise01
0,so_fake_ood,real,,test_ood,6c2b6485df2f1d14,jitter02
0,so_fake_ood,real,,test_ood,6c2b6485df2f1d14,crop08
0,so_fake_ood,real,,test_ood,fd02eb010570c167,clean
0,so_fake_ood,real,,test_ood,fd02eb010570c167,jpeg90
0,so_fake_ood,real,,test_ood,fd02eb010570c167,jpeg70
0,so_fake_ood,real,,test_ood,fd02eb010570c167,jpeg50
0,so_fake_ood,real,,test_ood,fd02eb010570c167,jpeg30
0,so_fake_ood,real,,test_ood,fd02eb010570c167,blur05
0,so_fake_ood,real,,test_ood,fd02eb010570c167,blur10
0,so_fake_ood,real,,test_ood,fd02eb010570c167,blur20
0,so_fake_ood,real,,test_ood,fd02eb010570c167,resize05
0,so_fake_ood,real,,test_ood,fd02eb010570c167,resize025
0,so_fake_ood,real,,test_ood,fd02eb010570c167,noise002
0,so_fake_ood,real,,test_ood,fd02eb010570c167,noise005
0,so_fake_ood,real,,test_ood,fd02eb010570c167,noise01
0,so_fake_ood,real,,test_ood,fd02eb010570c167,jitter02
0,so_fake_ood,real,,test_ood,fd02eb010570c167,crop08
0,so_fake_ood,real,,test_ood,764d2ecc2469da4b,clean
0,so_fake_ood,real,,test_ood,764d2ecc2469da4b,jpeg90
0,so_fake_ood,real,,test_ood,764d2ecc2469da4b,jpeg70
0,so_fake_ood,real,,test_ood,764d2ecc2469da4b,jpeg50
0,so_fake_ood,real,,test_ood,764d2ecc2469da4b,jpeg30
0,so_fake_ood,real,,test_ood,764d2ecc2469da4b,blur05
0,so_fake_ood,real,,test_ood,764d2ecc2469da4b,blur10
0,so_fake_ood,real,,test_ood,764d2ecc2469da4b,blur20
0,so_fake_ood,real,,test_ood,764d2ecc2469da4b,resize05
0,so_fake_ood,real,,test_ood,764d2ecc2469da4b,resize025
0,so_fake_ood,real,,test_ood,764d2ecc2469da4b,noise002
0,so_fake_ood,real,,test_ood,764d2ecc2469da4b,noise005
0,so_fake_ood,real,,test_ood,764d2ecc2469da4b,noise01
0,so_fake_ood,real,,test_ood,764d2ecc2469da4b,jitter02
0,so_fake_ood,real,,test_ood,764d2ecc2469da4b,crop08
0,so_fake_ood,real,,test_ood,9d702be956f6d6b7,clean
0,so_fake_ood,real,,test_ood,9d702be956f6d6b7,jpeg90
0,so_fake_ood,real,,test_ood,9d702be956f6d6b7,jpeg70
0,so_fake_ood,real,,test_ood,9d702be956f6d6b7,jpeg50
0,so_fake_ood,real,,test_ood,9d702be956f6d6b7,jpeg30
0,so_fake_ood,real,,test_ood,9d702be956f6d6b7,blur05
0,so_fake_ood,real,,test_ood,9d702be956f6d6b7,blur10
0,so_fake_ood,real,,test_ood,9d702be956f6d6b7,blur20
0,so_fake_ood,real,,test_ood,9d702be956f6d6b7,resize05
0,so_fake_ood,real,,test_ood,9d702be956f6d6b7,resize025
0,so_fake_ood,real,,test_ood,9d702be956f6d6b7,noise002
0,so_fake_ood,real,,test_ood,9d702be956f6d6b7,noise005
0,so_fake_ood,real,,test_ood,9d702be956f6d6b7,noise01
0,so_fake_ood,real,,test_ood,9d702be956f6d6b7,jitter02
0,so_fake_ood,real,,test_ood,9d702be956f6d6b7,crop08
0,so_fake_ood,real,,test_ood,5cbfb4ce29b27e4e,clean
0,so_fake_ood,real,,test_ood,5cbfb4ce29b27e4e,jpeg90
0,so_fake_ood,real,,test_ood,5cbfb4ce29b27e4e,jpeg70
0,so_fake_ood,real,,test_ood,5cbfb4ce29b27e4e,jpeg50
0,so_fake_ood,real,,test_ood,5cbfb4ce29b27e4e,jpeg30
0,so_fake_ood,real,,test_ood,5cbfb4ce29b27e4e,blur05
0,so_fake_ood,real,,test_ood,5cbfb4ce29b27e4e,blur10
0,so_fake_ood,real,,test_ood,5cbfb4ce29b27e4e,blur20
0,so_fake_ood,real,,test_ood,5cbfb4ce29b27e4e,resize05
0,so_fake_ood,real,,test_ood,5cbfb4ce29b27e4e,resize025
0,so_fake_ood,real,,test_ood,5cbfb4ce29b27e4e,noise002
0,so_fake_ood,real,,test_ood,5cbfb4ce29b27e4e,noise005
0,so_fake_ood,real,,test_ood,5cbfb4ce29b27e4e,noise01
0,so_fake_ood,real,,test_ood,5cbfb4ce29b27e4e,jitter02
0,so_fake_ood,real,,test_ood,5cbfb4ce29b27e4e,crop08
0,so_fake_ood,real,,test_ood,1d66fe88560d399f,clean
0,so_fake_ood,real,,test_ood,1d66fe88560d399f,jpeg90
0,so_fake_ood,real,,test_ood,1d66fe88560d399f,jpeg70
0,so_fake_ood,real,,test_ood,1d66fe88560d399f,jpeg50
0,so_fake_ood,real,,test_ood,1d66fe88560d399f,jpeg30
0,so_fake_ood,real,,test_ood,1d66fe88560d399f,blur05
0,so_fake_ood,real,,test_ood,1d66fe88560d399f,blur10
0,so_fake_ood,real,,test_ood,1d66fe88560d399f,blur20
0,so_fake_ood,real,,test_ood,1d66fe88560d399f,resize05
0,so_fake_ood,real,,test_ood,1d66fe88560d399f,resize025
0,so_fake_ood,real,,test_ood,1d66fe88560d399f,noise002
0,so_fake_ood,real,,test_ood,1d66fe88560d399f,noise005
0,so_fake_ood,real,,test_ood,1d66fe88560d399f,noise01
0,so_fake_ood,real,,test_ood,1d66fe88560d399f,jitter02
0,so_fake_ood,real,,test_ood,1d66fe88560d399f,crop08
0,so_fake_ood,real,,test_ood,4b68cbf9b12a211a,clean
0,so_fake_ood,real,,test_ood,4b68cbf9b12a211a,jpeg90
0,so_fake_ood,real,,test_ood,4b68cbf9b12a211a,jpeg70
0,so_fake_ood,real,,test_ood,4b68cbf9b12a211a,jpeg50
0,so_fake_ood,real,,test_ood,4b68cbf9b12a211a,jpeg30
0,so_fake_ood,real,,test_ood,4b68cbf9b12a211a,blur05
0,so_fake_ood,real,,test_ood,4b68cbf9b12a211a,blur10
0,so_fake_ood,real,,test_ood,4b68cbf9b12a211a,blur20
0,so_fake_ood,real,,test_ood,4b68cbf9b12a211a,resize05
0,so_fake_ood,real,,test_ood,4b68cbf9b12a211a,resize025
0,so_fake_ood,real,,test_ood,4b68cbf9b12a211a,noise002
0,so_fake_ood,real,,test_ood,4b68cbf9b12a211a,noise005
0,so_fake_ood,real,,test_ood,4b68cbf9b12a211a,noise01
0,so_fake_ood,real,,test_ood,4b68cbf9b12a211a,jitter02
0,so_fake_ood,real,,test_ood,4b68cbf9b12a211a,crop08
0,so_fake_ood,real,,test_ood,6c8ba3e08298ef03,clean
0,so_fake_ood,real,,test_ood,6c8ba3e08298ef03,jpeg90
0,so_fake_ood,real,,test_ood,6c8ba3e08298ef03,jpeg70
0,so_fake_ood,real,,test_ood,6c8ba3e08298ef03,jpeg50
0,so_fake_ood,real,,test_ood,6c8ba3e08298ef03,jpeg30
0,so_fake_ood,real,,test_ood,6c8ba3e08298ef03,blur05
0,so_fake_ood,real,,test_ood,6c8ba3e08298ef03,blur10
0,so_fake_ood,real,,test_ood,6c8ba3e08298ef03,blur20
0,so_fake_ood,real,,test_ood,6c8ba3e08298ef03,resize05
0,so_fake_ood,real,,test_ood,6c8ba3e08298ef03,resize025
0,so_fake_ood,real,,test_ood,6c8ba3e08298ef03,noise002
0,so_fake_ood,real,,test_ood,6c8ba3e08298ef03,noise005
0,so_fake_ood,real,,test_ood,6c8ba3e08298ef03,noise01
0,so_fake_ood,real,,test_ood,6c8ba3e08298ef03,jitter02
0,so_fake_ood,real,,test_ood,6c8ba3e08298ef03,crop08
0,so_fake_ood,real,,test_ood,76c51e44c86b8f8b,clean
0,so_fake_ood,real,,test_ood,76c51e44c86b8f8b,jpeg90
0,so_fake_ood,real,,test_ood,76c51e44c86b8f8b,jpeg70
0,so_fake_ood,real,,test_ood,76c51e44c86b8f8b,jpeg50
0,so_fake_ood,real,,test_ood,76c51e44c86b8f8b,jpeg30
0,so_fake_ood,real,,test_ood,76c51e44c86b8f8b,blur05
0,so_fake_ood,real,,test_ood,76c51e44c86b8f8b,blur10
0,so_fake_ood,real,,test_ood,76c51e44c86b8f8b,blur20
0,so_fake_ood,real,,test_ood,76c51e44c86b8f8b,resize05
0,so_fake_ood,real,,test_ood,76c51e44c86b8f8b,resize025
0,so_fake_ood,real,,test_ood,76c51e44c86b8f8b,noise002
0,so_fake_ood,real,,test_ood,76c51e44c86b8f8b,noise005
0,so_fake_ood,real,,test_ood,76c51e44c86b8f8b,noise01
0,so_fake_ood,real,,test_ood,76c51e44c86b8f8b,jitter02
0,so_fake_ood,real,,test_ood,76c51e44c86b8f8b,crop08
0,so_fake_ood,real,,test_ood,b2d2b5f6ab93da80,clean
0,so_fake_ood,real,,test_ood,b2d2b5f6ab93da80,jpeg90
0,so_fake_ood,real,,test_ood,b2d2b5f6ab93da80,jpeg70
0,so_fake_ood,real,,test_ood,b2d2b5f6ab93da80,jpeg50
0,so_fake_ood,real,,test_ood,b2d2b5f6ab93da80,jpeg30
0,so_fake_ood,real,,test_ood,b2d2b5f6ab93da80,blur05
0,so_fake_ood,real,,test_ood,b2d2b5f6ab93da80,blur10
0,so_fake_ood,real,,test_ood,b2d2b5f6ab93da80,blur20
0,so_fake_ood,real,,test_ood,b2d2b5f6ab93da80,resize05
0,so_fake_ood,real,,test_ood,b2d2b5f6ab93da80,resize025
0,so_fake_ood,real,,test_ood,b2d2b5f6ab93da80,noise002
0,so_fake_ood,real,,test_ood,b2d2b5f6ab93da80,noise005
0,so_fake_ood,real,,test_ood,b2d2b5f6ab93da80,noise01
0,so_fake_ood,real,,test_ood,b2d2b5f6ab93da80,jitter02
0,so_fake_ood,real,,test_ood,b2d2b5f6ab93da80,crop08
0,so_fake_ood,real,,test_ood,593a15bd2ed2f235,clean
0,so_fake_ood,real,,test_ood,593a15bd2ed2f235,jpeg90
0,so_fake_ood,real,,test_ood,593a15bd2ed2f235,jpeg70
0,so_fake_ood,real,,test_ood,593a15bd2ed2f235,jpeg50
0,so_fake_ood,real,,test_ood,593a15bd2ed2f235,jpeg30
0,so_fake_ood,real,,test_ood,593a15bd2ed2f235,blur05
0,so_fake_ood,real,,test_ood,593a15bd2ed2f235,blur10
0,so_fake_ood,real,,test_ood,593a15bd2ed2f235,blur20
0,so_fake_ood,real,,test_ood,593a15bd2ed2f235,resize05
0,so_fake_ood,real,,test_ood,593a15bd2ed2f235,resize025
0,so_fake_ood,real,,test_ood,593a15bd2ed2f235,noise002
0,so_fake_ood,real,,test_ood,593a15bd2ed2f235,noise005
0,so_fake_ood,real,,test_ood,593a15bd2ed2f235,noise01
0,so_fake_ood,real,,test_ood,593a15bd2ed2f235,jitter02
0,so_fake_ood,real,,test_ood,593a15bd2ed2f235,crop08
0,so_fake_ood,real,,test_ood,fae5701d6df8359a,clean
0,so_fake_ood,real,,test_ood,fae5701d6df8359a,jpeg90
0,so_fake_ood,real,,test_ood,fae5701d6df8359a,jpeg70
0,so_fake_ood,real,,test_ood,fae5701d6df8359a,jpeg50
0,so_fake_ood,real,,test_ood,fae5701d6df8359a,jpeg30
0,so_fake_ood,real,,test_ood,fae5701d6df8359a,blur05
0,so_fake_ood,real,,test_ood,fae5701d6df8359a,blur10
0,so_fake_ood,real,,test_ood,fae5701d6df8359a,blur20
0,so_fake_ood,real,,test_ood,fae5701d6df8359a,resize05
0,so_fake_ood,real,,test_ood,fae5701d6df8359a,resize025
0,so_fake_ood,real,,test_ood,fae5701d6df8359a,noise002
0,so_fake_ood,real,,test_ood,fae5701d6df8359a,noise005
0,so_fake_ood,real,,test_ood,fae5701d6df8359a,noise01
0,so_fake_ood,real,,test_ood,fae5701d6df8359a,jitter02
0,so_fake_ood,real,,test_ood,fae5701d6df8359a,crop08
0,so_fake_ood,real,,test_ood,5d4b0d79548014bf,clean
0,so_fake_ood,real,,test_ood,5d4b0d79548014bf,jpeg90
0,so_fake_ood,real,,test_ood,5d4b0d79548014bf,jpeg70
0,so_fake_ood,real,,test_ood,5d4b0d79548014bf,jpeg50
0,so_fake_ood,real,,test_ood,5d4b0d79548014bf,jpeg30
0,so_fake_ood,real,,test_ood,5d4b0d79548014bf,blur05
0,so_fake_ood,real,,test_ood,5d4b0d79548014bf,blur10
0,so_fake_ood,real,,test_ood,5d4b0d79548014bf,blur20
0,so_fake_ood,real,,test_ood,5d4b0d79548014bf,resize05
0,so_fake_ood,real,,test_ood,5d4b0d79548014bf,resize025
0,so_fake_ood,real,,test_ood,5d4b0d79548014bf,noise002
0,so_fake_ood,real,,test_ood,5d4b0d79548014bf,noise005
0,so_fake_ood,real,,test_ood,5d4b0d79548014bf,noise01
0,so_fake_ood,real,,test_ood,5d4b0d79548014bf,jitter02
0,so_fake_ood,real,,test_ood,5d4b0d79548014bf,crop08
0,so_fake_ood,real,,test_ood,f6e895dd8fb8ef17,clean
0,so_fake_ood,real,,test_ood,f6e895dd8fb8ef17,jpeg90
0,so_fake_ood,real,,test_ood,f6e895dd8fb8ef17,jpeg70
0,so_fake_ood,real,,test_ood,f6e895dd8fb8ef17,jpeg50
0,so_fake_ood,real,,test_ood,f6e895dd8fb8ef17,jpeg30
0,so_fake_ood,real,,test_ood,f6e895dd8fb8ef17,blur05
0,so_fake_ood,real,,test_ood,f6e895dd8fb8ef17,blur10
0,so_fake_ood,real,,test_ood,f6e895dd8fb8ef17,blur20
0,so_fake_ood,real,,test_ood,f6e895dd8fb8ef17,resize05
0,so_fake_ood,real,,test_ood,f6e895dd8fb8ef17,resize025
0,so_fake_ood,real,,test_ood,f6e895dd8fb8ef17,noise002
0,so_fake_ood,real,,test_ood,f6e895dd8fb8ef17,noise005
0,so_fake_ood,real,,test_ood,f6e895dd8fb8ef17,noise01
0,so_fake_ood,real,,test_ood,f6e895dd8fb8ef17,jitter02
0,so_fake_ood,real,,test_ood,f6e895dd8fb8ef17,crop08
0,so_fake_ood,real,,test_ood,e3dd8f31a9f58d49,clean
0,so_fake_ood,real,,test_ood,e3dd8f31a9f58d49,jpeg90
0,so_fake_ood,real,,test_ood,e3dd8f31a9f58d49,jpeg70
0,so_fake_ood,real,,test_ood,e3dd8f31a9f58d49,jpeg50
0,so_fake_ood,real,,test_ood,e3dd8f31a9f58d49,jpeg30
0,so_fake_ood,real,,test_ood,e3dd8f31a9f58d49,blur05
0,so_fake_ood,real,,test_ood,e3dd8f31a9f58d49,blur10
0,so_fake_ood,real,,test_ood,e3dd8f31a9f58d49,blur20
0,so_fake_ood,real,,test_ood,e3dd8f31a9f58d49,resize05
0,so_fake_ood,real,,test_ood,e3dd8f31a9f58d49,resize025
0,so_fake_ood,real,,test_ood,e3dd8f31a9f58d49,noise002
0,so_fake_ood,real,,test_ood,e3dd8f31a9f58d49,noise005
0,so_fake_ood,real,,test_ood,e3dd8f31a9f58d49,noise01
0,so_fake_ood,real,,test_ood,e3dd8f31a9f58d49,jitter02
0,so_fake_ood,real,,test_ood,e3dd8f31a9f58d49,crop08
0,so_fake_ood,real,,test_ood,e3f0238ca431cbde,clean
0,so_fake_ood,real,,test_ood,e3f0238ca431cbde,jpeg90
0,so_fake_ood,real,,test_ood,e3f0238ca431cbde,jpeg70
0,so_fake_ood,real,,test_ood,e3f0238ca431cbde,jpeg50
0,so_fake_ood,real,,test_ood,e3f0238ca431cbde,jpeg30
0,so_fake_ood,real,,test_ood,e3f0238ca431cbde,blur05
0,so_fake_ood,real,,test_ood,e3f0238ca431cbde,blur10
0,so_fake_ood,real,,test_ood,e3f0238ca431cbde,blur20
0,so_fake_ood,real,,test_ood,e3f0238ca431cbde,resize05
0,so_fake_ood,real,,test_ood,e3f0238ca431cbde,resize025
0,so_fake_ood,real,,test_ood,e3f0238ca431cbde,noise002
0,so_fake_ood,real,,test_ood,e3f0238ca431cbde,noise005
0,so_fake_ood,real,,test_ood,e3f0238ca431cbde,noise01
0,so_fake_ood,real,,test_ood,e3f0238ca431cbde,jitter02
0,so_fake_ood,real,,test_ood,e3f0238ca431cbde,crop08
0,so_fake_ood,real,,test_ood,449bcb910e77451d,clean
0,so_fake_ood,real,,test_ood,449bcb910e77451d,jpeg90
0,so_fake_ood,real,,test_ood,449bcb910e77451d,jpeg70
0,so_fake_ood,real,,test_ood,449bcb910e77451d,jpeg50
0,so_fake_ood,real,,test_ood,449bcb910e77451d,jpeg30
0,so_fake_ood,real,,test_ood,449bcb910e77451d,blur05
0,so_fake_ood,real,,test_ood,449bcb910e77451d,blur10
0,so_fake_ood,real,,test_ood,449bcb910e77451d,blur20
0,so_fake_ood,real,,test_ood,449bcb910e77451d,resize05
0,so_fake_ood,real,,test_ood,449bcb910e77451d,resize025
0,so_fake_ood,real,,test_ood,449bcb910e77451d,noise002
0,so_fake_ood,real,,test_ood,449bcb910e77451d,noise005
0,so_fake_ood,real,,test_ood,449bcb910e77451d,noise01
0,so_fake_ood,real,,test_ood,449bcb910e77451d,jitter02
0,so_fake_ood,real,,test_ood,449bcb910e77451d,crop08
0,so_fake_ood,real,,test_ood,555a8cd3b5f95c26,clean
0,so_fake_ood,real,,test_ood,555a8cd3b5f95c26,jpeg90
0,so_fake_ood,real,,test_ood,555a8cd3b5f95c26,jpeg70
0,so_fake_ood,real,,test_ood,555a8cd3b5f95c26,jpeg50
0,so_fake_ood,real,,test_ood,555a8cd3b5f95c26,jpeg30
0,so_fake_ood,real,,test_ood,555a8cd3b5f95c26,blur05
0,so_fake_ood,real,,test_ood,555a8cd3b5f95c26,blur10
0,so_fake_ood,real,,test_ood,555a8cd3b5f95c26,blur20
0,so_fake_ood,real,,test_ood,555a8cd3b5f95c26,resize05
0,so_fake_ood,real,,test_ood,555a8cd3b5f95c26,resize025
0,so_fake_ood,real,,test_ood,555a8cd3b5f95c26,noise002
0,so_fake_ood,real,,test_ood,555a8cd3b5f95c26,noise005
0,so_fake_ood,real,,test_ood,555a8cd3b5f95c26,noise01
0,so_fake_ood,real,,test_ood,555a8cd3b5f95c26,jitter02
0,so_fake_ood,real,,test_ood,555a8cd3b5f95c26,crop08
0,so_fake_ood,real,,test_ood,b43e704a9d8cfee1,clean
0,so_fake_ood,real,,test_ood,b43e704a9d8cfee1,jpeg90
0,so_fake_ood,real,,test_ood,b43e704a9d8cfee1,jpeg70
0,so_fake_ood,real,,test_ood,b43e704a9d8cfee1,jpeg50
0,so_fake_ood,real,,test_ood,b43e704a9d8cfee1,jpeg30
0,so_fake_ood,real,,test_ood,b43e704a9d8cfee1,blur05
0,so_fake_ood,real,,test_ood,b43e704a9d8cfee1,blur10
0,so_fake_ood,real,,test_ood,b43e704a9d8cfee1,blur20
0,so_fake_ood,real,,test_ood,b43e704a9d8cfee1,resize05
0,so_fake_ood,real,,test_ood,b43e704a9d8cfee1,resize025
0,so_fake_ood,real,,test_ood,b43e704a9d8cfee1,noise002
0,so_fake_ood,real,,test_ood,b43e704a9d8cfee1,noise005
0,so_fake_ood,real,,test_ood,b43e704a9d8cfee1,noise01
0,so_fake_ood,real,,test_ood,b43e704a9d8cfee1,jitter02
0,so_fake_ood,real,,test_ood,b43e704a9d8cfee1,crop08
0,so_fake_ood,real,,test_ood,28f51a4a151f8e48,clean
0,so_fake_ood,real,,test_ood,28f51a4a151f8e48,jpeg90
0,so_fake_ood,real,,test_ood,28f51a4a151f8e48,jpeg70
0,so_fake_ood,real,,test_ood,28f51a4a151f8e48,jpeg50
0,so_fake_ood,real,,test_ood,28f51a4a151f8e48,jpeg30
0,so_fake_ood,real,,test_ood,28f51a4a151f8e48,blur05
0,so_fake_ood,real,,test_ood,28f51a4a151f8e48,blur10
0,so_fake_ood,real,,test_ood,28f51a4a151f8e48,blur20
0,so_fake_ood,real,,test_ood,28f51a4a151f8e48,resize05
0,so_fake_ood,real,,test_ood,28f51a4a151f8e48,resize025
0,so_fake_ood,real,,test_ood,28f51a4a151f8e48,noise002
0,so_fake_ood,real,,test_ood,28f51a4a151f8e48,noise005
0,so_fake_ood,real,,test_ood,28f51a4a151f8e48,noise01
0,so_fake_ood,real,,test_ood,28f51a4a151f8e48,jitter02
0,so_fake_ood,real,,test_ood,28f51a4a151f8e48,crop08
0,so_fake_ood,real,,test_ood,f2fce92462de68de,clean
0,so_fake_ood,real,,test_ood,f2fce92462de68de,jpeg90
0,so_fake_ood,real,,test_ood,f2fce92462de68de,jpeg70
0,so_fake_ood,real,,test_ood,f2fce92462de68de,jpeg50
0,so_fake_ood,real,,test_ood,f2fce92462de68de,jpeg30
0,so_fake_ood,real,,test_ood,f2fce92462de68de,blur05
0,so_fake_ood,real,,test_ood,f2fce92462de68de,blur10
0,so_fake_ood,real,,test_ood,f2fce92462de68de,blur20
0,so_fake_ood,real,,test_ood,f2fce92462de68de,resize05
0,so_fake_ood,real,,test_ood,f2fce92462de68de,resize025
0,so_fake_ood,real,,test_ood,f2fce92462de68de,noise002
0,so_fake_ood,real,,test_ood,f2fce92462de68de,noise005
0,so_fake_ood,real,,test_ood,f2fce92462de68de,noise01
0,so_fake_ood,real,,test_ood,f2fce92462de68de,jitter02
0,so_fake_ood,real,,test_ood,f2fce92462de68de,crop08
0,so_fake_ood,real,,test_ood,2636176a72097662,clean
0,so_fake_ood,real,,test_ood,2636176a72097662,jpeg90
0,so_fake_ood,real,,test_ood,2636176a72097662,jpeg70
0,so_fake_ood,real,,test_ood,2636176a72097662,jpeg50
0,so_fake_ood,real,,test_ood,2636176a72097662,jpeg30
0,so_fake_ood,real,,test_ood,2636176a72097662,blur05
0,so_fake_ood,real,,test_ood,2636176a72097662,blur10
0,so_fake_ood,real,,test_ood,2636176a72097662,blur20
0,so_fake_ood,real,,test_ood,2636176a72097662,resize05
0,so_fake_ood,real,,test_ood,2636176a72097662,resize025
0,so_fake_ood,real,,test_ood,2636176a72097662,noise002
0,so_fake_ood,real,,test_ood,2636176a72097662,noise005
0,so_fake_ood,real,,test_ood,2636176a72097662,noise01
0,so_fake_ood,real,,test_ood,2636176a72097662,jitter02
0,so_fake_ood,real,,test_ood,2636176a72097662,crop08
0,so_fake_ood,real,,test_ood,d6573bca8a1bb8f6,clean
0,so_fake_ood,real,,test_ood,d6573bca8a1bb8f6,jpeg90
0,so_fake_ood,real,,test_ood,d6573bca8a1bb8f6,jpeg70
0,so_fake_ood,real,,test_ood,d6573bca8a1bb8f6,jpeg50
0,so_fake_ood,real,,test_ood,d6573bca8a1bb8f6,jpeg30
0,so_fake_ood,real,,test_ood,d6573bca8a1bb8f6,blur05
0,so_fake_ood,real,,test_ood,d6573bca8a1bb8f6,blur10
0,so_fake_ood,real,,test_ood,d6573bca8a1bb8f6,blur20
0,so_fake_ood,real,,test_ood,d6573bca8a1bb8f6,resize05
0,so_fake_ood,real,,test_ood,d6573bca8a1bb8f6,resize025
0,so_fake_ood,real,,test_ood,d6573bca8a1bb8f6,noise002
0,so_fake_ood,real,,test_ood,d6573bca8a1bb8f6,noise005
0,so_fake_ood,real,,test_ood,d6573bca8a1bb8f6,noise01
0,so_fake_ood,real,,test_ood,d6573bca8a1bb8f6,jitter02
0,so_fake_ood,real,,test_ood,d6573bca8a1bb8f6,crop08
0,so_fake_ood,real,,test_ood,a2e364765ffe0e7b,clean
0,so_fake_ood,real,,test_ood,a2e364765ffe0e7b,jpeg90
0,so_fake_ood,real,,test_ood,a2e364765ffe0e7b,jpeg70
0,so_fake_ood,real,,test_ood,a2e364765ffe0e7b,jpeg50
0,so_fake_ood,real,,test_ood,a2e364765ffe0e7b,jpeg30
0,so_fake_ood,real,,test_ood,a2e364765ffe0e7b,blur05
0,so_fake_ood,real,,test_ood,a2e364765ffe0e7b,blur10
0,so_fake_ood,real,,test_ood,a2e364765ffe0e7b,blur20
0,so_fake_ood,real,,test_ood,a2e364765ffe0e7b,resize05
0,so_fake_ood,real,,test_ood,a2e364765ffe0e7b,resize025
0,so_fake_ood,real,,test_ood,a2e364765ffe0e7b,noise002
0,so_fake_ood,real,,test_ood,a2e364765ffe0e7b,noise005
0,so_fake_ood,real,,test_ood,a2e364765ffe0e7b,noise01
0,so_fake_ood,real,,test_ood,a2e364765ffe0e7b,jitter02
0,so_fake_ood,real,,test_ood,a2e364765ffe0e7b,crop08
0,so_fake_ood,real,,test_ood,cd6d7209766563d6,clean
0,so_fake_ood,real,,test_ood,cd6d7209766563d6,jpeg90
0,so_fake_ood,real,,test_ood,cd6d7209766563d6,jpeg70
0,so_fake_ood,real,,test_ood,cd6d7209766563d6,jpeg50
0,so_fake_ood,real,,test_ood,cd6d7209766563d6,jpeg30
0,so_fake_ood,real,,test_ood,cd6d7209766563d6,blur05
0,so_fake_ood,real,,test_ood,cd6d7209766563d6,blur10
0,so_fake_ood,real,,test_ood,cd6d7209766563d6,blur20
0,so_fake_ood,real,,test_ood,cd6d7209766563d6,resize05
0,so_fake_ood,real,,test_ood,cd6d7209766563d6,resize025
0,so_fake_ood,real,,test_ood,cd6d7209766563d6,noise002
0,so_fake_ood,real,,test_ood,cd6d7209766563d6,noise005
0,so_fake_ood,real,,test_ood,cd6d7209766563d6,noise01
0,so_fake_ood,real,,test_ood,cd6d7209766563d6,jitter02
0,so_fake_ood,real,,test_ood,cd6d7209766563d6,crop08
0,so_fake_ood,real,,test_ood,5cbeabf96f349031,clean
0,so_fake_ood,real,,test_ood,5cbeabf96f349031,jpeg90
0,so_fake_ood,real,,test_ood,5cbeabf96f349031,jpeg70
0,so_fake_ood,real,,test_ood,5cbeabf96f349031,jpeg50
0,so_fake_ood,real,,test_ood,5cbeabf96f349031,jpeg30
0,so_fake_ood,real,,test_ood,5cbeabf96f349031,blur05
0,so_fake_ood,real,,test_ood,5cbeabf96f349031,blur10
0,so_fake_ood,real,,test_ood,5cbeabf96f349031,blur20
0,so_fake_ood,real,,test_ood,5cbeabf96f349031,resize05
0,so_fake_ood,real,,test_ood,5cbeabf96f349031,resize025
0,so_fake_ood,real,,test_ood,5cbeabf96f349031,noise002
0,so_fake_ood,real,,test_ood,5cbeabf96f349031,noise005
0,so_fake_ood,real,,test_ood,5cbeabf96f349031,noise01
0,so_fake_ood,real,,test_ood,5cbeabf96f349031,jitter02
0,so_fake_ood,real,,test_ood,5cbeabf96f349031,crop08
0,so_fake_ood,real,,test_ood,95f2edf0a635be2c,clean
0,so_fake_ood,real,,test_ood,95f2edf0a635be2c,jpeg90
0,so_fake_ood,real,,test_ood,95f2edf0a635be2c,jpeg70
0,so_fake_ood,real,,test_ood,95f2edf0a635be2c,jpeg50
0,so_fake_ood,real,,test_ood,95f2edf0a635be2c,jpeg30
0,so_fake_ood,real,,test_ood,95f2edf0a635be2c,blur05
0,so_fake_ood,real,,test_ood,95f2edf0a635be2c,blur10
0,so_fake_ood,real,,test_ood,95f2edf0a635be2c,blur20
0,so_fake_ood,real,,test_ood,95f2edf0a635be2c,resize05
0,so_fake_ood,real,,test_ood,95f2edf0a635be2c,resize025
0,so_fake_ood,real,,test_ood,95f2edf0a635be2c,noise002
0,so_fake_ood,real,,test_ood,95f2edf0a635be2c,noise005
0,so_fake_ood,real,,test_ood,95f2edf0a635be2c,noise01
0,so_fake_ood,real,,test_ood,95f2edf0a635be2c,jitter02
0,so_fake_ood,real,,test_ood,95f2edf0a635be2c,crop08
0,so_fake_ood,real,,test_ood,431c1dad29d95ce1,clean
0,so_fake_ood,real,,test_ood,431c1dad29d95ce1,jpeg90
0,so_fake_ood,real,,test_ood,431c1dad29d95ce1,jpeg70
0,so_fake_ood,real,,test_ood,431c1dad29d95ce1,jpeg50
0,so_fake_ood,real,,test_ood,431c1dad29d95ce1,jpeg30
0,so_fake_ood,real,,test_ood,431c1dad29d95ce1,blur05
0,so_fake_ood,real,,test_ood,431c1dad29d95ce1,blur10
0,so_fake_ood,real,,test_ood,431c1dad29d95ce1,blur20
0,so_fake_ood,real,,test_ood,431c1dad29d95ce1,resize05
0,so_fake_ood,real,,test_ood,431c1dad29d95ce1,resize025
0,so_fake_ood,real,,test_ood,431c1dad29d95ce1,noise002
0,so_fake_ood,real,,test_ood,431c1dad29d95ce1,noise005
0,so_fake_ood,real,,test_ood,431c1dad29d95ce1,noise01
0,so_fake_ood,real,,test_ood,431c1dad29d95ce1,jitter02
0,so_fake_ood,real,,test_ood,431c1dad29d95ce1,crop08
0,so_fake_ood,real,,test_ood,5d819ba5f1d8ba0a,clean
0,so_fake_ood,real,,test_ood,5d819ba5f1d8ba0a,jpeg90
0,so_fake_ood,real,,test_ood,5d819ba5f1d8ba0a,jpeg70
0,so_fake_ood,real,,test_ood,5d819ba5f1d8ba0a,jpeg50
0,so_fake_ood,real,,test_ood,5d819ba5f1d8ba0a,jpeg30
0,so_fake_ood,real,,test_ood,5d819ba5f1d8ba0a,blur05
0,so_fake_ood,real,,test_ood,5d819ba5f1d8ba0a,blur10
0,so_fake_ood,real,,test_ood,5d819ba5f1d8ba0a,blur20
0,so_fake_ood,real,,test_ood,5d819ba5f1d8ba0a,resize05
0,so_fake_ood,real,,test_ood,5d819ba5f1d8ba0a,resize025
0,so_fake_ood,real,,test_ood,5d819ba5f1d8ba0a,noise002
0,so_fake_ood,real,,test_ood,5d819ba5f1d8ba0a,noise005
0,so_fake_ood,real,,test_ood,5d819ba5f1d8ba0a,noise01
0,so_fake_ood,real,,test_ood,5d819ba5f1d8ba0a,jitter02
0,so_fake_ood,real,,test_ood,5d819ba5f1d8ba0a,crop08
0,so_fake_ood,real,,test_ood,afb09c2646645948,clean
0,so_fake_ood,real,,test_ood,afb09c2646645948,jpeg90
0,so_fake_ood,real,,test_ood,afb09c2646645948,jpeg70
0,so_fake_ood,real,,test_ood,afb09c2646645948,jpeg50
0,so_fake_ood,real,,test_ood,afb09c2646645948,jpeg30
0,so_fake_ood,real,,test_ood,afb09c2646645948,blur05
0,so_fake_ood,real,,test_ood,afb09c2646645948,blur10
0,so_fake_ood,real,,test_ood,afb09c2646645948,blur20
0,so_fake_ood,real,,test_ood,afb09c2646645948,resize05
0,so_fake_ood,real,,test_ood,afb09c2646645948,resize025
0,so_fake_ood,real,,test_ood,afb09c2646645948,noise002
0,so_fake_ood,real,,test_ood,afb09c2646645948,noise005
0,so_fake_ood,real,,test_ood,afb09c2646645948,noise01
0,so_fake_ood,real,,test_ood,afb09c2646645948,jitter02
0,so_fake_ood,real,,test_ood,afb09c2646645948,crop08
0,so_fake_ood,real,,test_ood,5a2b047fe4d783bb,clean
0,so_fake_ood,real,,test_ood,5a2b047fe4d783bb,jpeg90
0,so_fake_ood,real,,test_ood,5a2b047fe4d783bb,jpeg70
0,so_fake_ood,real,,test_ood,5a2b047fe4d783bb,jpeg50
0,so_fake_ood,real,,test_ood,5a2b047fe4d783bb,jpeg30
0,so_fake_ood,real,,test_ood,5a2b047fe4d783bb,blur05
0,so_fake_ood,real,,test_ood,5a2b047fe4d783bb,blur10
0,so_fake_ood,real,,test_ood,5a2b047fe4d783bb,blur20
0,so_fake_ood,real,,test_ood,5a2b047fe4d783bb,resize05
0,so_fake_ood,real,,test_ood,5a2b047fe4d783bb,resize025
0,so_fake_ood,real,,test_ood,5a2b047fe4d783bb,noise002
0,so_fake_ood,real,,test_ood,5a2b047fe4d783bb,noise005
0,so_fake_ood,real,,test_ood,5a2b047fe4d783bb,noise01
0,so_fake_ood,real,,test_ood,5a2b047fe4d783bb,jitter02
0,so_fake_ood,real,,test_ood,5a2b047fe4d783bb,crop08
0,so_fake_ood,real,,test_ood,4a32c85996ab0f5d,clean
0,so_fake_ood,real,,test_ood,4a32c85996ab0f5d,jpeg90
0,so_fake_ood,real,,test_ood,4a32c85996ab0f5d,jpeg70
0,so_fake_ood,real,,test_ood,4a32c85996ab0f5d,jpeg50
0,so_fake_ood,real,,test_ood,4a32c85996ab0f5d,jpeg30
0,so_fake_ood,real,,test_ood,4a32c85996ab0f5d,blur05
0,so_fake_ood,real,,test_ood,4a32c85996ab0f5d,blur10
0,so_fake_ood,real,,test_ood,4a32c85996ab0f5d,blur20
0,so_fake_ood,real,,test_ood,4a32c85996ab0f5d,resize05
0,so_fake_ood,real,,test_ood,4a32c85996ab0f5d,resize025
0,so_fake_ood,real,,test_ood,4a32c85996ab0f5d,noise002
0,so_fake_ood,real,,test_ood,4a32c85996ab0f5d,noise005
0,so_fake_ood,real,,test_ood,4a32c85996ab0f5d,noise01
0,so_fake_ood,real,,test_ood,4a32c85996ab0f5d,jitter02
0,so_fake_ood,real,,test_ood,4a32c85996ab0f5d,crop08
0,so_fake_ood,real,,test_ood,50a9713e65a08512,clean
0,so_fake_ood,real,,test_ood,50a9713e65a08512,jpeg90
0,so_fake_ood,real,,test_ood,50a9713e65a08512,jpeg70
0,so_fake_ood,real,,test_ood,50a9713e65a08512,jpeg50
0,so_fake_ood,real,,test_ood,50a9713e65a08512,jpeg30
0,so_fake_ood,real,,test_ood,50a9713e65a08512,blur05
0,so_fake_ood,real,,test_ood,50a9713e65a08512,blur10
0,so_fake_ood,real,,test_ood,50a9713e65a08512,blur20
0,so_fake_ood,real,,test_ood,50a9713e65a08512,resize05
0,so_fake_ood,real,,test_ood,50a9713e65a08512,resize025
0,so_fake_ood,real,,test_ood,50a9713e65a08512,noise002
0,so_fake_ood,real,,test_ood,50a9713e65a08512,noise005
0,so_fake_ood,real,,test_ood,50a9713e65a08512,noise01
0,so_fake_ood,real,,test_ood,50a9713e65a08512,jitter02
0,so_fake_ood,real,,test_ood,50a9713e65a08512,crop08
0,so_fake_ood,real,,test_ood,2e0ea0e8b211751f,clean
0,so_fake_ood,real,,test_ood,2e0ea0e8b211751f,jpeg90
0,so_fake_ood,real,,test_ood,2e0ea0e8b211751f,jpeg70
0,so_fake_ood,real,,test_ood,2e0ea0e8b211751f,jpeg50
0,so_fake_ood,real,,test_ood,2e0ea0e8b211751f,jpeg30
0,so_fake_ood,real,,test_ood,2e0ea0e8b211751f,blur05
0,so_fake_ood,real,,test_ood,2e0ea0e8b211751f,blur10
0,so_fake_ood,real,,test_ood,2e0ea0e8b211751f,blur20
0,so_fake_ood,real,,test_ood,2e0ea0e8b211751f,resize05
0,so_fake_ood,real,,test_ood,2e0ea0e8b211751f,resize025
0,so_fake_ood,real,,test_ood,2e0ea0e8b211751f,noise002
0,so_fake_ood,real,,test_ood,2e0ea0e8b211751f,noise005
0,so_fake_ood,real,,test_ood,2e0ea0e8b211751f,noise01
0,so_fake_ood,real,,test_ood,2e0ea0e8b211751f,jitter02
0,so_fake_ood,real,,test_ood,2e0ea0e8b211751f,crop08
0,so_fake_ood,real,,test_ood,1c61c5e14fab8831,clean
0,so_fake_ood,real,,test_ood,1c61c5e14fab8831,jpeg90
0,so_fake_ood,real,,test_ood,1c61c5e14fab8831,jpeg70
0,so_fake_ood,real,,test_ood,1c61c5e14fab8831,jpeg50
0,so_fake_ood,real,,test_ood,1c61c5e14fab8831,jpeg30
0,so_fake_ood,real,,test_ood,1c61c5e14fab8831,blur05
0,so_fake_ood,real,,test_ood,1c61c5e14fab8831,blur10
0,so_fake_ood,real,,test_ood,1c61c5e14fab8831,blur20
0,so_fake_ood,real,,test_ood,1c61c5e14fab8831,resize05
0,so_fake_ood,real,,test_ood,1c61c5e14fab8831,resize025
0,so_fake_ood,real,,test_ood,1c61c5e14fab8831,noise002
0,so_fake_ood,real,,test_ood,1c61c5e14fab8831,noise005
0,so_fake_ood,real,,test_ood,1c61c5e14fab8831,noise01
0,so_fake_ood,real,,test_ood,1c61c5e14fab8831,jitter02
0,so_fake_ood,real,,test_ood,1c61c5e14fab8831,crop08
0,so_fake_ood,real,,test_ood,56179ccb628ad00c,clean
0,so_fake_ood,real,,test_ood,56179ccb628ad00c,jpeg90
0,so_fake_ood,real,,test_ood,56179ccb628ad00c,jpeg70
0,so_fake_ood,real,,test_ood,56179ccb628ad00c,jpeg50
0,so_fake_ood,real,,test_ood,56179ccb628ad00c,jpeg30
0,so_fake_ood,real,,test_ood,56179ccb628ad00c,blur05
0,so_fake_ood,real,,test_ood,56179ccb628ad00c,blur10
0,so_fake_ood,real,,test_ood,56179ccb628ad00c,blur20
0,so_fake_ood,real,,test_ood,56179ccb628ad00c,resize05
0,so_fake_ood,real,,test_ood,56179ccb628ad00c,resize025
0,so_fake_ood,real,,test_ood,56179ccb628ad00c,noise002
0,so_fake_ood,real,,test_ood,56179ccb628ad00c,noise005
0,so_fake_ood,real,,test_ood,56179ccb628ad00c,noise01
0,so_fake_ood,real,,test_ood,56179ccb628ad00c,jitter02
0,so_fake_ood,real,,test_ood,56179ccb628ad00c,crop08
0,so_fake_ood,real,,test_ood,0e70cdee509caa8f,clean
0,so_fake_ood,real,,test_ood,0e70cdee509caa8f,jpeg90
0,so_fake_ood,real,,test_ood,0e70cdee509caa8f,jpeg70
0,so_fake_ood,real,,test_ood,0e70cdee509caa8f,jpeg50
0,so_fake_ood,real,,test_ood,0e70cdee509caa8f,jpeg30
0,so_fake_ood,real,,test_ood,0e70cdee509caa8f,blur05
0,so_fake_ood,real,,test_ood,0e70cdee509caa8f,blur10
0,so_fake_ood,real,,test_ood,0e70cdee509caa8f,blur20
0,so_fake_ood,real,,test_ood,0e70cdee509caa8f,resize05
0,so_fake_ood,real,,test_ood,0e70cdee509caa8f,resize025
0,so_fake_ood,real,,test_ood,0e70cdee509caa8f,noise002
0,so_fake_ood,real,,test_ood,0e70cdee509caa8f,noise005
0,so_fake_ood,real,,test_ood,0e70cdee509caa8f,noise01
0,so_fake_ood,real,,test_ood,0e70cdee509caa8f,jitter02
0,so_fake_ood,real,,test_ood,0e70cdee509caa8f,crop08
0,so_fake_ood,real,,test_ood,4cd18bd8eae2ee33,clean
0,so_fake_ood,real,,test_ood,4cd18bd8eae2ee33,jpeg90
0,so_fake_ood,real,,test_ood,4cd18bd8eae2ee33,jpeg70
0,so_fake_ood,real,,test_ood,4cd18bd8eae2ee33,jpeg50
0,so_fake_ood,real,,test_ood,4cd18bd8eae2ee33,jpeg30
0,so_fake_ood,real,,test_ood,4cd18bd8eae2ee33,blur05
0,so_fake_ood,real,,test_ood,4cd18bd8eae2ee33,blur10
0,so_fake_ood,real,,test_ood,4cd18bd8eae2ee33,blur20
0,so_fake_ood,real,,test_ood,4cd18bd8eae2ee33,resize05
0,so_fake_ood,real,,test_ood,4cd18bd8eae2ee33,resize025
0,so_fake_ood,real,,test_ood,4cd18bd8eae2ee33,noise002
0,so_fake_ood,real,,test_ood,4cd18bd8eae2ee33,noise005
0,so_fake_ood,real,,test_ood,4cd18bd8eae2ee33,noise01
0,so_fake_ood,real,,test_ood,4cd18bd8eae2ee33,jitter02
0,so_fake_ood,real,,test_ood,4cd18bd8eae2ee33,crop08
0,so_fake_ood,real,,test_ood,b613639f357f2c20,clean
0,so_fake_ood,real,,test_ood,b613639f357f2c20,jpeg90
0,so_fake_ood,real,,test_ood,b613639f357f2c20,jpeg70
0,so_fake_ood,real,,test_ood,b613639f357f2c20,jpeg50
0,so_fake_ood,real,,test_ood,b613639f357f2c20,jpeg30
0,so_fake_ood,real,,test_ood,b613639f357f2c20,blur05
0,so_fake_ood,real,,test_ood,b613639f357f2c20,blur10
0,so_fake_ood,real,,test_ood,b613639f357f2c20,blur20
0,so_fake_ood,real,,test_ood,b613639f357f2c20,resize05
0,so_fake_ood,real,,test_ood,b613639f357f2c20,resize025
0,so_fake_ood,real,,test_ood,b613639f357f2c20,noise002
0,so_fake_ood,real,,test_ood,b613639f357f2c20,noise005
0,so_fake_ood,real,,test_ood,b613639f357f2c20,noise01
0,so_fake_ood,real,,test_ood,b613639f357f2c20,jitter02
0,so_fake_ood,real,,test_ood,b613639f357f2c20,crop08
0,so_fake_ood,real,,test_ood,69d7982c261e5256,clean
0,so_fake_ood,real,,test_ood,69d7982c261e5256,jpeg90
0,so_fake_ood,real,,test_ood,69d7982c261e5256,jpeg70
0,so_fake_ood,real,,test_ood,69d7982c261e5256,jpeg50
0,so_fake_ood,real,,test_ood,69d7982c261e5256,jpeg30
0,so_fake_ood,real,,test_ood,69d7982c261e5256,blur05
0,so_fake_ood,real,,test_ood,69d7982c261e5256,blur10
0,so_fake_ood,real,,test_ood,69d7982c261e5256,blur20
0,so_fake_ood,real,,test_ood,69d7982c261e5256,resize05
0,so_fake_ood,real,,test_ood,69d7982c261e5256,resize025
0,so_fake_ood,real,,test_ood,69d7982c261e5256,noise002
0,so_fake_ood,real,,test_ood,69d7982c261e5256,noise005
0,so_fake_ood,real,,test_ood,69d7982c261e5256,noise01
0,so_fake_ood,real,,test_ood,69d7982c261e5256,jitter02
0,so_fake_ood,real,,test_ood,69d7982c261e5256,crop08
0,so_fake_ood,real,,test_ood,e9c206de0ce81296,clean
0,so_fake_ood,real,,test_ood,e9c206de0ce81296,jpeg90
0,so_fake_ood,real,,test_ood,e9c206de0ce81296,jpeg70
0,so_fake_ood,real,,test_ood,e9c206de0ce81296,jpeg50
0,so_fake_ood,real,,test_ood,e9c206de0ce81296,jpeg30
0,so_fake_ood,real,,test_ood,e9c206de0ce81296,blur05
0,so_fake_ood,real,,test_ood,e9c206de0ce81296,blur10
0,so_fake_ood,real,,test_ood,e9c206de0ce81296,blur20
0,so_fake_ood,real,,test_ood,e9c206de0ce81296,resize05
0,so_fake_ood,real,,test_ood,e9c206de0ce81296,resize025
0,so_fake_ood,real,,test_ood,e9c206de0ce81296,noise002
0,so_fake_ood,real,,test_ood,e9c206de0ce81296,noise005
0,so_fake_ood,real,,test_ood,e9c206de0ce81296,noise01
0,so_fake_ood,real,,test_ood,e9c206de0ce81296,jitter02
0,so_fake_ood,real,,test_ood,e9c206de0ce81296,crop08
0,so_fake_ood,real,,test_ood,c535a002b2911254,clean
0,so_fake_ood,real,,test_ood,c535a002b2911254,jpeg90
0,so_fake_ood,real,,test_ood,c535a002b2911254,jpeg70
0,so_fake_ood,real,,test_ood,c535a002b2911254,jpeg50
0,so_fake_ood,real,,test_ood,c535a002b2911254,jpeg30
0,so_fake_ood,real,,test_ood,c535a002b2911254,blur05
0,so_fake_ood,real,,test_ood,c535a002b2911254,blur10
0,so_fake_ood,real,,test_ood,c535a002b2911254,blur20
0,so_fake_ood,real,,test_ood,c535a002b2911254,resize05
0,so_fake_ood,real,,test_ood,c535a002b2911254,resize025
0,so_fake_ood,real,,test_ood,c535a002b2911254,noise002
0,so_fake_ood,real,,test_ood,c535a002b2911254,noise005
0,so_fake_ood,real,,test_ood,c535a002b2911254,noise01
0,so_fake_ood,real,,test_ood,c535a002b2911254,jitter02
0,so_fake_ood,real,,test_ood,c535a002b2911254,crop08
0,so_fake_ood,real,,test_ood,693d2039697b563f,clean
0,so_fake_ood,real,,test_ood,693d2039697b563f,jpeg90
0,so_fake_ood,real,,test_ood,693d2039697b563f,jpeg70
0,so_fake_ood,real,,test_ood,693d2039697b563f,jpeg50
0,so_fake_ood,real,,test_ood,693d2039697b563f,jpeg30
0,so_fake_ood,real,,test_ood,693d2039697b563f,blur05
0,so_fake_ood,real,,test_ood,693d2039697b563f,blur10
0,so_fake_ood,real,,test_ood,693d2039697b563f,blur20
0,so_fake_ood,real,,test_ood,693d2039697b563f,resize05
0,so_fake_ood,real,,test_ood,693d2039697b563f,resize025
0,so_fake_ood,real,,test_ood,693d2039697b563f,noise002
0,so_fake_ood,real,,test_ood,693d2039697b563f,noise005
0,so_fake_ood,real,,test_ood,693d2039697b563f,noise01
0,so_fake_ood,real,,test_ood,693d2039697b563f,jitter02
0,so_fake_ood,real,,test_ood,693d2039697b563f,crop08
0,so_fake_ood,real,,test_ood,462192c94e47ebd6,clean
0,so_fake_ood,real,,test_ood,462192c94e47ebd6,jpeg90
0,so_fake_ood,real,,test_ood,462192c94e47ebd6,jpeg70
0,so_fake_ood,real,,test_ood,462192c94e47ebd6,jpeg50
0,so_fake_ood,real,,test_ood,462192c94e47ebd6,jpeg30
0,so_fake_ood,real,,test_ood,462192c94e47ebd6,blur05
0,so_fake_ood,real,,test_ood,462192c94e47ebd6,blur10
0,so_fake_ood,real,,test_ood,462192c94e47ebd6,blur20
0,so_fake_ood,real,,test_ood,462192c94e47ebd6,resize05
0,so_fake_ood,real,,test_ood,462192c94e47ebd6,resize025
0,so_fake_ood,real,,test_ood,462192c94e47ebd6,noise002
0,so_fake_ood,real,,test_ood,462192c94e47ebd6,noise005
0,so_fake_ood,real,,test_ood,462192c94e47ebd6,noise01
0,so_fake_ood,real,,test_ood,462192c94e47ebd6,jitter02
0,so_fake_ood,real,,test_ood,462192c94e47ebd6,crop08
0,so_fake_ood,real,,test_ood,db84fea1e68f4854,clean
0,so_fake_ood,real,,test_ood,db84fea1e68f4854,jpeg90
0,so_fake_ood,real,,test_ood,db84fea1e68f4854,jpeg70
0,so_fake_ood,real,,test_ood,db84fea1e68f4854,jpeg50
0,so_fake_ood,real,,test_ood,db84fea1e68f4854,jpeg30
0,so_fake_ood,real,,test_ood,db84fea1e68f4854,blur05
0,so_fake_ood,real,,test_ood,db84fea1e68f4854,blur10
0,so_fake_ood,real,,test_ood,db84fea1e68f4854,blur20
0,so_fake_ood,real,,test_ood,db84fea1e68f4854,resize05
0,so_fake_ood,real,,test_ood,db84fea1e68f4854,resize025
0,so_fake_ood,real,,test_ood,db84fea1e68f4854,noise002
0,so_fake_ood,real,,test_ood,db84fea1e68f4854,noise005
0,so_fake_ood,real,,test_ood,db84fea1e68f4854,noise01
0,so_fake_ood,real,,test_ood,db84fea1e68f4854,jitter02
0,so_fake_ood,real,,test_ood,db84fea1e68f4854,crop08
0,so_fake_ood,real,,test_ood,afb72b852bff96a1,clean
0,so_fake_ood,real,,test_ood,afb72b852bff96a1,jpeg90
0,so_fake_ood,real,,test_ood,afb72b852bff96a1,jpeg70
0,so_fake_ood,real,,test_ood,afb72b852bff96a1,jpeg50
0,so_fake_ood,real,,test_ood,afb72b852bff96a1,jpeg30
0,so_fake_ood,real,,test_ood,afb72b852bff96a1,blur05
0,so_fake_ood,real,,test_ood,afb72b852bff96a1,blur10
0,so_fake_ood,real,,test_ood,afb72b852bff96a1,blur20
0,so_fake_ood,real,,test_ood,afb72b852bff96a1,resize05
0,so_fake_ood,real,,test_ood,afb72b852bff96a1,resize025
0,so_fake_ood,real,,test_ood,afb72b852bff96a1,noise002
0,so_fake_ood,real,,test_ood,afb72b852bff96a1,noise005
0,so_fake_ood,real,,test_ood,afb72b852bff96a1,noise01
0,so_fake_ood,real,,test_ood,afb72b852bff96a1,jitter02
0,so_fake_ood,real,,test_ood,afb72b852bff96a1,crop08
0,so_fake_ood,real,,test_ood,318522d7eb804bdb,clean
0,so_fake_ood,real,,test_ood,318522d7eb804bdb,jpeg90
0,so_fake_ood,real,,test_ood,318522d7eb804bdb,jpeg70
0,so_fake_ood,real,,test_ood,318522d7eb804bdb,jpeg50
0,so_fake_ood,real,,test_ood,318522d7eb804bdb,jpeg30
0,so_fake_ood,real,,test_ood,318522d7eb804bdb,blur05
0,so_fake_ood,real,,test_ood,318522d7eb804bdb,blur10
0,so_fake_ood,real,,test_ood,318522d7eb804bdb,blur20
0,so_fake_ood,real,,test_ood,318522d7eb804bdb,resize05
0,so_fake_ood,real,,test_ood,318522d7eb804bdb,resize025
0,so_fake_ood,real,,test_ood,318522d7eb804bdb,noise002
0,so_fake_ood,real,,test_ood,318522d7eb804bdb,noise005
0,so_fake_ood,real,,test_ood,318522d7eb804bdb,noise01
0,so_fake_ood,real,,test_ood,318522d7eb804bdb,jitter02
0,so_fake_ood,real,,test_ood,318522d7eb804bdb,crop08
0,so_fake_ood,real,,test_ood,0ad9640a6cd4fd2e,clean
0,so_fake_ood,real,,test_ood,0ad9640a6cd4fd2e,jpeg90
0,so_fake_ood,real,,test_ood,0ad9640a6cd4fd2e,jpeg70
0,so_fake_ood,real,,test_ood,0ad9640a6cd4fd2e,jpeg50
0,so_fake_ood,real,,test_ood,0ad9640a6cd4fd2e,jpeg30
0,so_fake_ood,real,,test_ood,0ad9640a6cd4fd2e,blur05
0,so_fake_ood,real,,test_ood,0ad9640a6cd4fd2e,blur10
0,so_fake_ood,real,,test_ood,0ad9640a6cd4fd2e,blur20
0,so_fake_ood,real,,test_ood,0ad9640a6cd4fd2e,resize05
0,so_fake_ood,real,,test_ood,0ad9640a6cd4fd2e,resize025
0,so_fake_ood,real,,test_ood,0ad9640a6cd4fd2e,noise002
0,so_fake_ood,real,,test_ood,0ad9640a6cd4fd2e,noise005
0,so_fake_ood,real,,test_ood,0ad9640a6cd4fd2e,noise01
0,so_fake_ood,real,,test_ood,0ad9640a6cd4fd2e,jitter02
0,so_fake_ood,real,,test_ood,0ad9640a6cd4fd2e,crop08
0,so_fake_ood,real,,test_ood,cf55b541303122b9,clean
0,so_fake_ood,real,,test_ood,cf55b541303122b9,jpeg90
0,so_fake_ood,real,,test_ood,cf55b541303122b9,jpeg70
0,so_fake_ood,real,,test_ood,cf55b541303122b9,jpeg50
0,so_fake_ood,real,,test_ood,cf55b541303122b9,jpeg30
0,so_fake_ood,real,,test_ood,cf55b541303122b9,blur05
0,so_fake_ood,real,,test_ood,cf55b541303122b9,blur10
0,so_fake_ood,real,,test_ood,cf55b541303122b9,blur20
0,so_fake_ood,real,,test_ood,cf55b541303122b9,resize05
0,so_fake_ood,real,,test_ood,cf55b541303122b9,resize025
0,so_fake_ood,real,,test_ood,cf55b541303122b9,noise002
0,so_fake_ood,real,,test_ood,cf55b541303122b9,noise005
0,so_fake_ood,real,,test_ood,cf55b541303122b9,noise01
0,so_fake_ood,real,,test_ood,cf55b541303122b9,jitter02
0,so_fake_ood,real,,test_ood,cf55b541303122b9,crop08
0,so_fake_ood,real,,test_ood,bf46df512fe49ddd,clean
0,so_fake_ood,real,,test_ood,bf46df512fe49ddd,jpeg90
0,so_fake_ood,real,,test_ood,bf46df512fe49ddd,jpeg70
0,so_fake_ood,real,,test_ood,bf46df512fe49ddd,jpeg50
0,so_fake_ood,real,,test_ood,bf46df512fe49ddd,jpeg30
0,so_fake_ood,real,,test_ood,bf46df512fe49ddd,blur05
0,so_fake_ood,real,,test_ood,bf46df512fe49ddd,blur10
0,so_fake_ood,real,,test_ood,bf46df512fe49ddd,blur20
0,so_fake_ood,real,,test_ood,bf46df512fe49ddd,resize05
0,so_fake_ood,real,,test_ood,bf46df512fe49ddd,resize025
0,so_fake_ood,real,,test_ood,bf46df512fe49ddd,noise002
0,so_fake_ood,real,,test_ood,bf46df512fe49ddd,noise005
0,so_fake_ood,real,,test_ood,bf46df512fe49ddd,noise01
0,so_fake_ood,real,,test_ood,bf46df512fe49ddd,jitter02
0,so_fake_ood,real,,test_ood,bf46df512fe49ddd,crop08
0,so_fake_ood,real,,test_ood,9135617d687adfad,clean
0,so_fake_ood,real,,test_ood,9135617d687adfad,jpeg90
0,so_fake_ood,real,,test_ood,9135617d687adfad,jpeg70
0,so_fake_ood,real,,test_ood,9135617d687adfad,jpeg50
0,so_fake_ood,real,,test_ood,9135617d687adfad,jpeg30
0,so_fake_ood,real,,test_ood,9135617d687adfad,blur05
0,so_fake_ood,real,,test_ood,9135617d687adfad,blur10
0,so_fake_ood,real,,test_ood,9135617d687adfad,blur20
0,so_fake_ood,real,,test_ood,9135617d687adfad,resize05
0,so_fake_ood,real,,test_ood,9135617d687adfad,resize025
0,so_fake_ood,real,,test_ood,9135617d687adfad,noise002
0,so_fake_ood,real,,test_ood,9135617d687adfad,noise005
0,so_fake_ood,real,,test_ood,9135617d687adfad,noise01
0,so_fake_ood,real,,test_ood,9135617d687adfad,jitter02
0,so_fake_ood,real,,test_ood,9135617d687adfad,crop08
0,so_fake_ood,real,,test_ood,15323038d884804c,clean
0,so_fake_ood,real,,test_ood,15323038d884804c,jpeg90
0,so_fake_ood,real,,test_ood,15323038d884804c,jpeg70
0,so_fake_ood,real,,test_ood,15323038d884804c,jpeg50
0,so_fake_ood,real,,test_ood,15323038d884804c,jpeg30
0,so_fake_ood,real,,test_ood,15323038d884804c,blur05
0,so_fake_ood,real,,test_ood,15323038d884804c,blur10
0,so_fake_ood,real,,test_ood,15323038d884804c,blur20
0,so_fake_ood,real,,test_ood,15323038d884804c,resize05
0,so_fake_ood,real,,test_ood,15323038d884804c,resize025
0,so_fake_ood,real,,test_ood,15323038d884804c,noise002
0,so_fake_ood,real,,test_ood,15323038d884804c,noise005
0,so_fake_ood,real,,test_ood,15323038d884804c,noise01
0,so_fake_ood,real,,test_ood,15323038d884804c,jitter02
0,so_fake_ood,real,,test_ood,15323038d884804c,crop08
0,so_fake_ood,real,,test_ood,cc1fc306a7e79d38,clean
0,so_fake_ood,real,,test_ood,cc1fc306a7e79d38,jpeg90
0,so_fake_ood,real,,test_ood,cc1fc306a7e79d38,jpeg70
0,so_fake_ood,real,,test_ood,cc1fc306a7e79d38,jpeg50
0,so_fake_ood,real,,test_ood,cc1fc306a7e79d38,jpeg30
0,so_fake_ood,real,,test_ood,cc1fc306a7e79d38,blur05
0,so_fake_ood,real,,test_ood,cc1fc306a7e79d38,blur10
0,so_fake_ood,real,,test_ood,cc1fc306a7e79d38,blur20
0,so_fake_ood,real,,test_ood,cc1fc306a7e79d38,resize05
0,so_fake_ood,real,,test_ood,cc1fc306a7e79d38,resize025
0,so_fake_ood,real,,test_ood,cc1fc306a7e79d38,noise002
0,so_fake_ood,real,,test_ood,cc1fc306a7e79d38,noise005
0,so_fake_ood,real,,test_ood,cc1fc306a7e79d38,noise01
0,so_fake_ood,real,,test_ood,cc1fc306a7e79d38,jitter02
0,so_fake_ood,real,,test_ood,cc1fc306a7e79d38,crop08
0,so_fake_ood,real,,test_ood,7abd93dc197ec3c5,clean
0,so_fake_ood,real,,test_ood,7abd93dc197ec3c5,jpeg90
0,so_fake_ood,real,,test_ood,7abd93dc197ec3c5,jpeg70
0,so_fake_ood,real,,test_ood,7abd93dc197ec3c5,jpeg50
0,so_fake_ood,real,,test_ood,7abd93dc197ec3c5,jpeg30
0,so_fake_ood,real,,test_ood,7abd93dc197ec3c5,blur05
0,so_fake_ood,real,,test_ood,7abd93dc197ec3c5,blur10
0,so_fake_ood,real,,test_ood,7abd93dc197ec3c5,blur20
0,so_fake_ood,real,,test_ood,7abd93dc197ec3c5,resize05
0,so_fake_ood,real,,test_ood,7abd93dc197ec3c5,resize025
0,so_fake_ood,real,,test_ood,7abd93dc197ec3c5,noise002
0,so_fake_ood,real,,test_ood,7abd93dc197ec3c5,noise005
0,so_fake_ood,real,,test_ood,7abd93dc197ec3c5,noise01
0,so_fake_ood,real,,test_ood,7abd93dc197ec3c5,jitter02
0,so_fake_ood,real,,test_ood,7abd93dc197ec3c5,crop08
0,so_fake_ood,real,,test_ood,14c79c37058a6a76,clean
0,so_fake_ood,real,,test_ood,14c79c37058a6a76,jpeg90
0,so_fake_ood,real,,test_ood,14c79c37058a6a76,jpeg70
0,so_fake_ood,real,,test_ood,14c79c37058a6a76,jpeg50
0,so_fake_ood,real,,test_ood,14c79c37058a6a76,jpeg30
0,so_fake_ood,real,,test_ood,14c79c37058a6a76,blur05
0,so_fake_ood,real,,test_ood,14c79c37058a6a76,blur10
0,so_fake_ood,real,,test_ood,14c79c37058a6a76,blur20
0,so_fake_ood,real,,test_ood,14c79c37058a6a76,resize05
0,so_fake_ood,real,,test_ood,14c79c37058a6a76,resize025
0,so_fake_ood,real,,test_ood,14c79c37058a6a76,noise002
0,so_fake_ood,real,,test_ood,14c79c37058a6a76,noise005
0,so_fake_ood,real,,test_ood,14c79c37058a6a76,noise01
0,so_fake_ood,real,,test_ood,14c79c37058a6a76,jitter02
0,so_fake_ood,real,,test_ood,14c79c37058a6a76,crop08
0,so_fake_ood,real,,test_ood,7bb61d123c1d148d,clean
0,so_fake_ood,real,,test_ood,7bb61d123c1d148d,jpeg90
0,so_fake_ood,real,,test_ood,7bb61d123c1d148d,jpeg70
0,so_fake_ood,real,,test_ood,7bb61d123c1d148d,jpeg50
0,so_fake_ood,real,,test_ood,7bb61d123c1d148d,jpeg30
0,so_fake_ood,real,,test_ood,7bb61d123c1d148d,blur05
0,so_fake_ood,real,,test_ood,7bb61d123c1d148d,blur10
0,so_fake_ood,real,,test_ood,7bb61d123c1d148d,blur20
0,so_fake_ood,real,,test_ood,7bb61d123c1d148d,resize05
0,so_fake_ood,real,,test_ood,7bb61d123c1d148d,resize025
0,so_fake_ood,real,,test_ood,7bb61d123c1d148d,noise002
0,so_fake_ood,real,,test_ood,7bb61d123c1d148d,noise005
0,so_fake_ood,real,,test_ood,7bb61d123c1d148d,noise01
0,so_fake_ood,real,,test_ood,7bb61d123c1d148d,jitter02
0,so_fake_ood,real,,test_ood,7bb61d123c1d148d,crop08
0,so_fake_ood,real,,test_ood,6bedc841e432a798,clean
0,so_fake_ood,real,,test_ood,6bedc841e432a798,jpeg90
0,so_fake_ood,real,,test_ood,6bedc841e432a798,jpeg70
0,so_fake_ood,real,,test_ood,6bedc841e432a798,jpeg50
0,so_fake_ood,real,,test_ood,6bedc841e432a798,jpeg30
0,so_fake_ood,real,,test_ood,6bedc841e432a798,blur05
0,so_fake_ood,real,,test_ood,6bedc841e432a798,blur10
0,so_fake_ood,real,,test_ood,6bedc841e432a798,blur20
0,so_fake_ood,real,,test_ood,6bedc841e432a798,resize05
0,so_fake_ood,real,,test_ood,6bedc841e432a798,resize025
0,so_fake_ood,real,,test_ood,6bedc841e432a798,noise002
0,so_fake_ood,real,,test_ood,6bedc841e432a798,noise005
0,so_fake_ood,real,,test_ood,6bedc841e432a798,noise01
0,so_fake_ood,real,,test_ood,6bedc841e432a798,jitter02
0,so_fake_ood,real,,test_ood,6bedc841e432a798,crop08
0,so_fake_ood,real,,test_ood,ac852be4bfdd170c,clean
0,so_fake_ood,real,,test_ood,ac852be4bfdd170c,jpeg90
0,so_fake_ood,real,,test_ood,ac852be4bfdd170c,jpeg70
0,so_fake_ood,real,,test_ood,ac852be4bfdd170c,jpeg50
0,so_fake_ood,real,,test_ood,ac852be4bfdd170c,jpeg30
0,so_fake_ood,real,,test_ood,ac852be4bfdd170c,blur05
0,so_fake_ood,real,,test_ood,ac852be4bfdd170c,blur10
0,so_fake_ood,real,,test_ood,ac852be4bfdd170c,blur20
0,so_fake_ood,real,,test_ood,ac852be4bfdd170c,resize05
0,so_fake_ood,real,,test_ood,ac852be4bfdd170c,resize025
0,so_fake_ood,real,,test_ood,ac852be4bfdd170c,noise002
0,so_fake_ood,real,,test_ood,ac852be4bfdd170c,noise005
0,so_fake_ood,real,,test_ood,ac852be4bfdd170c,noise01
0,so_fake_ood,real,,test_ood,ac852be4bfdd170c,jitter02
0,so_fake_ood,real,,test_ood,ac852be4bfdd170c,crop08
0,so_fake_ood,real,,test_ood,3cf5d13b4e70cbb6,clean
0,so_fake_ood,real,,test_ood,3cf5d13b4e70cbb6,jpeg90
0,so_fake_ood,real,,test_ood,3cf5d13b4e70cbb6,jpeg70
0,so_fake_ood,real,,test_ood,3cf5d13b4e70cbb6,jpeg50
0,so_fake_ood,real,,test_ood,3cf5d13b4e70cbb6,jpeg30
0,so_fake_ood,real,,test_ood,3cf5d13b4e70cbb6,blur05
0,so_fake_ood,real,,test_ood,3cf5d13b4e70cbb6,blur10
0,so_fake_ood,real,,test_ood,3cf5d13b4e70cbb6,blur20
0,so_fake_ood,real,,test_ood,3cf5d13b4e70cbb6,resize05
0,so_fake_ood,real,,test_ood,3cf5d13b4e70cbb6,resize025
0,so_fake_ood,real,,test_ood,3cf5d13b4e70cbb6,noise002
0,so_fake_ood,real,,test_ood,3cf5d13b4e70cbb6,noise005
0,so_fake_ood,real,,test_ood,3cf5d13b4e70cbb6,noise01
0,so_fake_ood,real,,test_ood,3cf5d13b4e70cbb6,jitter02
0,so_fake_ood,real,,test_ood,3cf5d13b4e70cbb6,crop08
0,so_fake_ood,real,,test_ood,64b83dd42aac2f7d,clean
0,so_fake_ood,real,,test_ood,64b83dd42aac2f7d,jpeg90
0,so_fake_ood,real,,test_ood,64b83dd42aac2f7d,jpeg70
0,so_fake_ood,real,,test_ood,64b83dd42aac2f7d,jpeg50
0,so_fake_ood,real,,test_ood,64b83dd42aac2f7d,jpeg30
0,so_fake_ood,real,,test_ood,64b83dd42aac2f7d,blur05
0,so_fake_ood,real,,test_ood,64b83dd42aac2f7d,blur10
0,so_fake_ood,real,,test_ood,64b83dd42aac2f7d,blur20
0,so_fake_ood,real,,test_ood,64b83dd42aac2f7d,resize05
0,so_fake_ood,real,,test_ood,64b83dd42aac2f7d,resize025
0,so_fake_ood,real,,test_ood,64b83dd42aac2f7d,noise002
0,so_fake_ood,real,,test_ood,64b83dd42aac2f7d,noise005
0,so_fake_ood,real,,test_ood,64b83dd42aac2f7d,noise01
0,so_fake_ood,real,,test_ood,64b83dd42aac2f7d,jitter02
0,so_fake_ood,real,,test_ood,64b83dd42aac2f7d,crop08
0,so_fake_ood,real,,test_ood,c3f1dc34dfbcfbed,clean
0,so_fake_ood,real,,test_ood,c3f1dc34dfbcfbed,jpeg90
0,so_fake_ood,real,,test_ood,c3f1dc34dfbcfbed,jpeg70
0,so_fake_ood,real,,test_ood,c3f1dc34dfbcfbed,jpeg50
0,so_fake_ood,real,,test_ood,c3f1dc34dfbcfbed,jpeg30
0,so_fake_ood,real,,test_ood,c3f1dc34dfbcfbed,blur05
0,so_fake_ood,real,,test_ood,c3f1dc34dfbcfbed,blur10
0,so_fake_ood,real,,test_ood,c3f1dc34dfbcfbed,blur20
0,so_fake_ood,real,,test_ood,c3f1dc34dfbcfbed,resize05
0,so_fake_ood,real,,test_ood,c3f1dc34dfbcfbed,resize025
0,so_fake_ood,real,,test_ood,c3f1dc34dfbcfbed,noise002
0,so_fake_ood,real,,test_ood,c3f1dc34dfbcfbed,noise005
0,so_fake_ood,real,,test_ood,c3f1dc34dfbcfbed,noise01
0,so_fake_ood,real,,test_ood,c3f1dc34dfbcfbed,jitter02
0,so_fake_ood,real,,test_ood,c3f1dc34dfbcfbed,crop08
0,so_fake_ood,real,,test_ood,d931f59b6d514fe7,clean
0,so_fake_ood,real,,test_ood,d931f59b6d514fe7,jpeg90
0,so_fake_ood,real,,test_ood,d931f59b6d514fe7,jpeg70
0,so_fake_ood,real,,test_ood,d931f59b6d514fe7,jpeg50
0,so_fake_ood,real,,test_ood,d931f59b6d514fe7,jpeg30
0,so_fake_ood,real,,test_ood,d931f59b6d514fe7,blur05
0,so_fake_ood,real,,test_ood,d931f59b6d514fe7,blur10
0,so_fake_ood,real,,test_ood,d931f59b6d514fe7,blur20
0,so_fake_ood,real,,test_ood,d931f59b6d514fe7,resize05
0,so_fake_ood,real,,test_ood,d931f59b6d514fe7,resize025
0,so_fake_ood,real,,test_ood,d931f59b6d514fe7,noise002
0,so_fake_ood,real,,test_ood,d931f59b6d514fe7,noise005
0,so_fake_ood,real,,test_ood,d931f59b6d514fe7,noise01
0,so_fake_ood,real,,test_ood,d931f59b6d514fe7,jitter02
0,so_fake_ood,real,,test_ood,d931f59b6d514fe7,crop08
0,so_fake_ood,real,,test_ood,706dc12eedbb996f,clean
0,so_fake_ood,real,,test_ood,706dc12eedbb996f,jpeg90
0,so_fake_ood,real,,test_ood,706dc12eedbb996f,jpeg70
0,so_fake_ood,real,,test_ood,706dc12eedbb996f,jpeg50
0,so_fake_ood,real,,test_ood,706dc12eedbb996f,jpeg30
0,so_fake_ood,real,,test_ood,706dc12eedbb996f,blur05
0,so_fake_ood,real,,test_ood,706dc12eedbb996f,blur10
0,so_fake_ood,real,,test_ood,706dc12eedbb996f,blur20
0,so_fake_ood,real,,test_ood,706dc12eedbb996f,resize05
0,so_fake_ood,real,,test_ood,706dc12eedbb996f,resize025
0,so_fake_ood,real,,test_ood,706dc12eedbb996f,noise002
0,so_fake_ood,real,,test_ood,706dc12eedbb996f,noise005
0,so_fake_ood,real,,test_ood,706dc12eedbb996f,noise01
0,so_fake_ood,real,,test_ood,706dc12eedbb996f,jitter02
0,so_fake_ood,real,,test_ood,706dc12eedbb996f,crop08
0,so_fake_ood,real,,test_ood,3a045b4afc67e30c,clean
0,so_fake_ood,real,,test_ood,3a045b4afc67e30c,jpeg90
0,so_fake_ood,real,,test_ood,3a045b4afc67e30c,jpeg70
0,so_fake_ood,real,,test_ood,3a045b4afc67e30c,jpeg50
0,so_fake_ood,real,,test_ood,3a045b4afc67e30c,jpeg30
0,so_fake_ood,real,,test_ood,3a045b4afc67e30c,blur05
0,so_fake_ood,real,,test_ood,3a045b4afc67e30c,blur10
0,so_fake_ood,real,,test_ood,3a045b4afc67e30c,blur20
0,so_fake_ood,real,,test_ood,3a045b4afc67e30c,resize05
0,so_fake_ood,real,,test_ood,3a045b4afc67e30c,resize025
0,so_fake_ood,real,,test_ood,3a045b4afc67e30c,noise002
0,so_fake_ood,real,,test_ood,3a045b4afc67e30c,noise005
0,so_fake_ood,real,,test_ood,3a045b4afc67e30c,noise01
0,so_fake_ood,real,,test_ood,3a045b4afc67e30c,jitter02
0,so_fake_ood,real,,test_ood,3a045b4afc67e30c,crop08
0,so_fake_ood,real,,test_ood,ab2a2f20a83aed1e,clean
0,so_fake_ood,real,,test_ood,ab2a2f20a83aed1e,jpeg90
0,so_fake_ood,real,,test_ood,ab2a2f20a83aed1e,jpeg70
0,so_fake_ood,real,,test_ood,ab2a2f20a83aed1e,jpeg50
0,so_fake_ood,real,,test_ood,ab2a2f20a83aed1e,jpeg30
0,so_fake_ood,real,,test_ood,ab2a2f20a83aed1e,blur05
0,so_fake_ood,real,,test_ood,ab2a2f20a83aed1e,blur10
0,so_fake_ood,real,,test_ood,ab2a2f20a83aed1e,blur20
0,so_fake_ood,real,,test_ood,ab2a2f20a83aed1e,resize05
0,so_fake_ood,real,,test_ood,ab2a2f20a83aed1e,resize025
0,so_fake_ood,real,,test_ood,ab2a2f20a83aed1e,noise002
0,so_fake_ood,real,,test_ood,ab2a2f20a83aed1e,noise005
0,so_fake_ood,real,,test_ood,ab2a2f20a83aed1e,noise01
0,so_fake_ood,real,,test_ood,ab2a2f20a83aed1e,jitter02
0,so_fake_ood,real,,test_ood,ab2a2f20a83aed1e,crop08
0,so_fake_ood,real,,test_ood,e45384d00b92ebcb,clean
0,so_fake_ood,real,,test_ood,e45384d00b92ebcb,jpeg90
0,so_fake_ood,real,,test_ood,e45384d00b92ebcb,jpeg70
0,so_fake_ood,real,,test_ood,e45384d00b92ebcb,jpeg50
0,so_fake_ood,real,,test_ood,e45384d00b92ebcb,jpeg30
0,so_fake_ood,real,,test_ood,e45384d00b92ebcb,blur05
0,so_fake_ood,real,,test_ood,e45384d00b92ebcb,blur10
0,so_fake_ood,real,,test_ood,e45384d00b92ebcb,blur20
0,so_fake_ood,real,,test_ood,e45384d00b92ebcb,resize05
0,so_fake_ood,real,,test_ood,e45384d00b92ebcb,resize025
0,so_fake_ood,real,,test_ood,e45384d00b92ebcb,noise002
0,so_fake_ood,real,,test_ood,e45384d00b92ebcb,noise005
0,so_fake_ood,real,,test_ood,e45384d00b92ebcb,noise01
0,so_fake_ood,real,,test_ood,e45384d00b92ebcb,jitter02
0,so_fake_ood,real,,test_ood,e45384d00b92ebcb,crop08
0,so_fake_ood,real,,test_ood,3eca5f811d716a85,clean
0,so_fake_ood,real,,test_ood,3eca5f811d716a85,jpeg90
0,so_fake_ood,real,,test_ood,3eca5f811d716a85,jpeg70
0,so_fake_ood,real,,test_ood,3eca5f811d716a85,jpeg50
0,so_fake_ood,real,,test_ood,3eca5f811d716a85,jpeg30
0,so_fake_ood,real,,test_ood,3eca5f811d716a85,blur05
0,so_fake_ood,real,,test_ood,3eca5f811d716a85,blur10
0,so_fake_ood,real,,test_ood,3eca5f811d716a85,blur20
0,so_fake_ood,real,,test_ood,3eca5f811d716a85,resize05
0,so_fake_ood,real,,test_ood,3eca5f811d716a85,resize025
0,so_fake_ood,real,,test_ood,3eca5f811d716a85,noise002
0,so_fake_ood,real,,test_ood,3eca5f811d716a85,noise005
0,so_fake_ood,real,,test_ood,3eca5f811d716a85,noise01
0,so_fake_ood,real,,test_ood,3eca5f811d716a85,jitter02
0,so_fake_ood,real,,test_ood,3eca5f811d716a85,crop08
0,so_fake_ood,real,,test_ood,26f2b241daa55e2b,clean
0,so_fake_ood,real,,test_ood,26f2b241daa55e2b,jpeg90
0,so_fake_ood,real,,test_ood,26f2b241daa55e2b,jpeg70
0,so_fake_ood,real,,test_ood,26f2b241daa55e2b,jpeg50
0,so_fake_ood,real,,test_ood,26f2b241daa55e2b,jpeg30
0,so_fake_ood,real,,test_ood,26f2b241daa55e2b,blur05
0,so_fake_ood,real,,test_ood,26f2b241daa55e2b,blur10
0,so_fake_ood,real,,test_ood,26f2b241daa55e2b,blur20
0,so_fake_ood,real,,test_ood,26f2b241daa55e2b,resize05
0,so_fake_ood,real,,test_ood,26f2b241daa55e2b,resize025
0,so_fake_ood,real,,test_ood,26f2b241daa55e2b,noise002
0,so_fake_ood,real,,test_ood,26f2b241daa55e2b,noise005
0,so_fake_ood,real,,test_ood,26f2b241daa55e2b,noise01
0,so_fake_ood,real,,test_ood,26f2b241daa55e2b,jitter02
0,so_fake_ood,real,,test_ood,26f2b241daa55e2b,crop08
0,so_fake_ood,real,,test_ood,4647e32455751da3,clean
0,so_fake_ood,real,,test_ood,4647e32455751da3,jpeg90
0,so_fake_ood,real,,test_ood,4647e32455751da3,jpeg70
0,so_fake_ood,real,,test_ood,4647e32455751da3,jpeg50
0,so_fake_ood,real,,test_ood,4647e32455751da3,jpeg30
0,so_fake_ood,real,,test_ood,4647e32455751da3,blur05
0,so_fake_ood,real,,test_ood,4647e32455751da3,blur10
0,so_fake_ood,real,,test_ood,4647e32455751da3,blur20
0,so_fake_ood,real,,test_ood,4647e32455751da3,resize05
0,so_fake_ood,real,,test_ood,4647e32455751da3,resize025
0,so_fake_ood,real,,test_ood,4647e32455751da3,noise002
0,so_fake_ood,real,,test_ood,4647e32455751da3,noise005
0,so_fake_ood,real,,test_ood,4647e32455751da3,noise01
0,so_fake_ood,real,,test_ood,4647e32455751da3,jitter02
0,so_fake_ood,real,,test_ood,4647e32455751da3,crop08
0,so_fake_ood,real,,test_ood,b87336c1da9096f8,clean
0,so_fake_ood,real,,test_ood,b87336c1da9096f8,jpeg90
0,so_fake_ood,real,,test_ood,b87336c1da9096f8,jpeg70
0,so_fake_ood,real,,test_ood,b87336c1da9096f8,jpeg50
0,so_fake_ood,real,,test_ood,b87336c1da9096f8,jpeg30
0,so_fake_ood,real,,test_ood,b87336c1da9096f8,blur05
0,so_fake_ood,real,,test_ood,b87336c1da9096f8,blur10
0,so_fake_ood,real,,test_ood,b87336c1da9096f8,blur20
0,so_fake_ood,real,,test_ood,b87336c1da9096f8,resize05
0,so_fake_ood,real,,test_ood,b87336c1da9096f8,resize025
0,so_fake_ood,real,,test_ood,b87336c1da9096f8,noise002
0,so_fake_ood,real,,test_ood,b87336c1da9096f8,noise005
0,so_fake_ood,real,,test_ood,b87336c1da9096f8,noise01
0,so_fake_ood,real,,test_ood,b87336c1da9096f8,jitter02
0,so_fake_ood,real,,test_ood,b87336c1da9096f8,crop08
0,so_fake_ood,real,,test_ood,bb5b96e51909a1e1,clean
0,so_fake_ood,real,,test_ood,bb5b96e51909a1e1,jpeg90
0,so_fake_ood,real,,test_ood,bb5b96e51909a1e1,jpeg70
0,so_fake_ood,real,,test_ood,bb5b96e51909a1e1,jpeg50
0,so_fake_ood,real,,test_ood,bb5b96e51909a1e1,jpeg30
0,so_fake_ood,real,,test_ood,bb5b96e51909a1e1,blur05
0,so_fake_ood,real,,test_ood,bb5b96e51909a1e1,blur10
0,so_fake_ood,real,,test_ood,bb5b96e51909a1e1,blur20
0,so_fake_ood,real,,test_ood,bb5b96e51909a1e1,resize05
0,so_fake_ood,real,,test_ood,bb5b96e51909a1e1,resize025
0,so_fake_ood,real,,test_ood,bb5b96e51909a1e1,noise002
0,so_fake_ood,real,,test_ood,bb5b96e51909a1e1,noise005
0,so_fake_ood,real,,test_ood,bb5b96e51909a1e1,noise01
0,so_fake_ood,real,,test_ood,bb5b96e51909a1e1,jitter02
0,so_fake_ood,real,,test_ood,bb5b96e51909a1e1,crop08
0,so_fake_ood,real,,test_ood,ded45964bca6632b,clean
0,so_fake_ood,real,,test_ood,ded45964bca6632b,jpeg90
0,so_fake_ood,real,,test_ood,ded45964bca6632b,jpeg70
0,so_fake_ood,real,,test_ood,ded45964bca6632b,jpeg50
0,so_fake_ood,real,,test_ood,ded45964bca6632b,jpeg30
0,so_fake_ood,real,,test_ood,ded45964bca6632b,blur05
0,so_fake_ood,real,,test_ood,ded45964bca6632b,blur10
0,so_fake_ood,real,,test_ood,ded45964bca6632b,blur20
0,so_fake_ood,real,,test_ood,ded45964bca6632b,resize05
0,so_fake_ood,real,,test_ood,ded45964bca6632b,resize025
0,so_fake_ood,real,,test_ood,ded45964bca6632b,noise002
0,so_fake_ood,real,,test_ood,ded45964bca6632b,noise005
0,so_fake_ood,real,,test_ood,ded45964bca6632b,noise01
0,so_fake_ood,real,,test_ood,ded45964bca6632b,jitter02
0,so_fake_ood,real,,test_ood,ded45964bca6632b,crop08
0,so_fake_ood,real,,test_ood,66fcb174a92db75b,clean
0,so_fake_ood,real,,test_ood,66fcb174a92db75b,jpeg90
0,so_fake_ood,real,,test_ood,66fcb174a92db75b,jpeg70
0,so_fake_ood,real,,test_ood,66fcb174a92db75b,jpeg50
0,so_fake_ood,real,,test_ood,66fcb174a92db75b,jpeg30
0,so_fake_ood,real,,test_ood,66fcb174a92db75b,blur05
0,so_fake_ood,real,,test_ood,66fcb174a92db75b,blur10
0,so_fake_ood,real,,test_ood,66fcb174a92db75b,blur20
0,so_fake_ood,real,,test_ood,66fcb174a92db75b,resize05
0,so_fake_ood,real,,test_ood,66fcb174a92db75b,resize025
0,so_fake_ood,real,,test_ood,66fcb174a92db75b,noise002
0,so_fake_ood,real,,test_ood,66fcb174a92db75b,noise005
0,so_fake_ood,real,,test_ood,66fcb174a92db75b,noise01
0,so_fake_ood,real,,test_ood,66fcb174a92db75b,jitter02
0,so_fake_ood,real,,test_ood,66fcb174a92db75b,crop08
0,so_fake_ood,real,,test_ood,ffafb5f9961b7380,clean
0,so_fake_ood,real,,test_ood,ffafb5f9961b7380,jpeg90
0,so_fake_ood,real,,test_ood,ffafb5f9961b7380,jpeg70
0,so_fake_ood,real,,test_ood,ffafb5f9961b7380,jpeg50
0,so_fake_ood,real,,test_ood,ffafb5f9961b7380,jpeg30
0,so_fake_ood,real,,test_ood,ffafb5f9961b7380,blur05
0,so_fake_ood,real,,test_ood,ffafb5f9961b7380,blur10
0,so_fake_ood,real,,test_ood,ffafb5f9961b7380,blur20
0,so_fake_ood,real,,test_ood,ffafb5f9961b7380,resize05
0,so_fake_ood,real,,test_ood,ffafb5f9961b7380,resize025
0,so_fake_ood,real,,test_ood,ffafb5f9961b7380,noise002
0,so_fake_ood,real,,test_ood,ffafb5f9961b7380,noise005
0,so_fake_ood,real,,test_ood,ffafb5f9961b7380,noise01
0,so_fake_ood,real,,test_ood,ffafb5f9961b7380,jitter02
0,so_fake_ood,real,,test_ood,ffafb5f9961b7380,crop08
0,so_fake_ood,real,,test_ood,f017ba5d47d22413,clean
0,so_fake_ood,real,,test_ood,f017ba5d47d22413,jpeg90
0,so_fake_ood,real,,test_ood,f017ba5d47d22413,jpeg70
0,so_fake_ood,real,,test_ood,f017ba5d47d22413,jpeg50
0,so_fake_ood,real,,test_ood,f017ba5d47d22413,jpeg30
0,so_fake_ood,real,,test_ood,f017ba5d47d22413,blur05
0,so_fake_ood,real,,test_ood,f017ba5d47d22413,blur10
0,so_fake_ood,real,,test_ood,f017ba5d47d22413,blur20
0,so_fake_ood,real,,test_ood,f017ba5d47d22413,resize05
0,so_fake_ood,real,,test_ood,f017ba5d47d22413,resize025
0,so_fake_ood,real,,test_ood,f017ba5d47d22413,noise002
0,so_fake_ood,real,,test_ood,f017ba5d47d22413,noise005
0,so_fake_ood,real,,test_ood,f017ba5d47d22413,noise01
0,so_fake_ood,real,,test_ood,f017ba5d47d22413,jitter02
0,so_fake_ood,real,,test_ood,f017ba5d47d22413,crop08
0,so_fake_ood,real,,test_ood,9b4d0cb391ec8e75,clean
0,so_fake_ood,real,,test_ood,9b4d0cb391ec8e75,jpeg90
0,so_fake_ood,real,,test_ood,9b4d0cb391ec8e75,jpeg70
0,so_fake_ood,real,,test_ood,9b4d0cb391ec8e75,jpeg50
0,so_fake_ood,real,,test_ood,9b4d0cb391ec8e75,jpeg30
0,so_fake_ood,real,,test_ood,9b4d0cb391ec8e75,blur05
0,so_fake_ood,real,,test_ood,9b4d0cb391ec8e75,blur10
0,so_fake_ood,real,,test_ood,9b4d0cb391ec8e75,blur20
0,so_fake_ood,real,,test_ood,9b4d0cb391ec8e75,resize05
0,so_fake_ood,real,,test_ood,9b4d0cb391ec8e75,resize025
0,so_fake_ood,real,,test_ood,9b4d0cb391ec8e75,noise002
0,so_fake_ood,real,,test_ood,9b4d0cb391ec8e75,noise005
0,so_fake_ood,real,,test_ood,9b4d0cb391ec8e75,noise01
0,so_fake_ood,real,,test_ood,9b4d0cb391ec8e75,jitter02
0,so_fake_ood,real,,test_ood,9b4d0cb391ec8e75,crop08
0,so_fake_ood,real,,test_ood,31bf39c2e1154855,clean
0,so_fake_ood,real,,test_ood,31bf39c2e1154855,jpeg90
0,so_fake_ood,real,,test_ood,31bf39c2e1154855,jpeg70
0,so_fake_ood,real,,test_ood,31bf39c2e1154855,jpeg50
0,so_fake_ood,real,,test_ood,31bf39c2e1154855,jpeg30
0,so_fake_ood,real,,test_ood,31bf39c2e1154855,blur05
0,so_fake_ood,real,,test_ood,31bf39c2e1154855,blur10
0,so_fake_ood,real,,test_ood,31bf39c2e1154855,blur20
0,so_fake_ood,real,,test_ood,31bf39c2e1154855,resize05
0,so_fake_ood,real,,test_ood,31bf39c2e1154855,resize025
0,so_fake_ood,real,,test_ood,31bf39c2e1154855,noise002
0,so_fake_ood,real,,test_ood,31bf39c2e1154855,noise005
0,so_fake_ood,real,,test_ood,31bf39c2e1154855,noise01
0,so_fake_ood,real,,test_ood,31bf39c2e1154855,jitter02
0,so_fake_ood,real,,test_ood,31bf39c2e1154855,crop08
0,so_fake_ood,real,,test_ood,521c35cdd759f9fa,clean
0,so_fake_ood,real,,test_ood,521c35cdd759f9fa,jpeg90
0,so_fake_ood,real,,test_ood,521c35cdd759f9fa,jpeg70
0,so_fake_ood,real,,test_ood,521c35cdd759f9fa,jpeg50
0,so_fake_ood,real,,test_ood,521c35cdd759f9fa,jpeg30
0,so_fake_ood,real,,test_ood,521c35cdd759f9fa,blur05
0,so_fake_ood,real,,test_ood,521c35cdd759f9fa,blur10
0,so_fake_ood,real,,test_ood,521c35cdd759f9fa,blur20
0,so_fake_ood,real,,test_ood,521c35cdd759f9fa,resize05
0,so_fake_ood,real,,test_ood,521c35cdd759f9fa,resize025
0,so_fake_ood,real,,test_ood,521c35cdd759f9fa,noise002
0,so_fake_ood,real,,test_ood,521c35cdd759f9fa,noise005
0,so_fake_ood,real,,test_ood,521c35cdd759f9fa,noise01
0,so_fake_ood,real,,test_ood,521c35cdd759f9fa,jitter02
0,so_fake_ood,real,,test_ood,521c35cdd759f9fa,crop08
0,so_fake_ood,real,,test_ood,8e0db9f1f5a58563,clean
0,so_fake_ood,real,,test_ood,8e0db9f1f5a58563,jpeg90
0,so_fake_ood,real,,test_ood,8e0db9f1f5a58563,jpeg70
0,so_fake_ood,real,,test_ood,8e0db9f1f5a58563,jpeg50
0,so_fake_ood,real,,test_ood,8e0db9f1f5a58563,jpeg30
0,so_fake_ood,real,,test_ood,8e0db9f1f5a58563,blur05
0,so_fake_ood,real,,test_ood,8e0db9f1f5a58563,blur10
0,so_fake_ood,real,,test_ood,8e0db9f1f5a58563,blur20
0,so_fake_ood,real,,test_ood,8e0db9f1f5a58563,resize05
0,so_fake_ood,real,,test_ood,8e0db9f1f5a58563,resize025
0,so_fake_ood,real,,test_ood,8e0db9f1f5a58563,noise002
0,so_fake_ood,real,,test_ood,8e0db9f1f5a58563,noise005
0,so_fake_ood,real,,test_ood,8e0db9f1f5a58563,noise01
0,so_fake_ood,real,,test_ood,8e0db9f1f5a58563,jitter02
0,so_fake_ood,real,,test_ood,8e0db9f1f5a58563,crop08
0,so_fake_ood,real,,test_ood,35473e4777bc5fd6,clean
0,so_fake_ood,real,,test_ood,35473e4777bc5fd6,jpeg90
0,so_fake_ood,real,,test_ood,35473e4777bc5fd6,jpeg70
0,so_fake_ood,real,,test_ood,35473e4777bc5fd6,jpeg50
0,so_fake_ood,real,,test_ood,35473e4777bc5fd6,jpeg30
0,so_fake_ood,real,,test_ood,35473e4777bc5fd6,blur05
0,so_fake_ood,real,,test_ood,35473e4777bc5fd6,blur10
0,so_fake_ood,real,,test_ood,35473e4777bc5fd6,blur20
0,so_fake_ood,real,,test_ood,35473e4777bc5fd6,resize05
0,so_fake_ood,real,,test_ood,35473e4777bc5fd6,resize025
0,so_fake_ood,real,,test_ood,35473e4777bc5fd6,noise002
0,so_fake_ood,real,,test_ood,35473e4777bc5fd6,noise005
0,so_fake_ood,real,,test_ood,35473e4777bc5fd6,noise01
0,so_fake_ood,real,,test_ood,35473e4777bc5fd6,jitter02
0,so_fake_ood,real,,test_ood,35473e4777bc5fd6,crop08
0,so_fake_ood,real,,test_ood,b640f94ec5b97822,clean
0,so_fake_ood,real,,test_ood,b640f94ec5b97822,jpeg90
0,so_fake_ood,real,,test_ood,b640f94ec5b97822,jpeg70
0,so_fake_ood,real,,test_ood,b640f94ec5b97822,jpeg50
0,so_fake_ood,real,,test_ood,b640f94ec5b97822,jpeg30
0,so_fake_ood,real,,test_ood,b640f94ec5b97822,blur05
0,so_fake_ood,real,,test_ood,b640f94ec5b97822,blur10
0,so_fake_ood,real,,test_ood,b640f94ec5b97822,blur20
0,so_fake_ood,real,,test_ood,b640f94ec5b97822,resize05
0,so_fake_ood,real,,test_ood,b640f94ec5b97822,resize025
0,so_fake_ood,real,,test_ood,b640f94ec5b97822,noise002
0,so_fake_ood,real,,test_ood,b640f94ec5b97822,noise005
0,so_fake_ood,real,,test_ood,b640f94ec5b97822,noise01
0,so_fake_ood,real,,test_ood,b640f94ec5b97822,jitter02
0,so_fake_ood,real,,test_ood,b640f94ec5b97822,crop08
0,so_fake_ood,real,,test_ood,b99fe23c54ce3f30,clean
0,so_fake_ood,real,,test_ood,b99fe23c54ce3f30,jpeg90
0,so_fake_ood,real,,test_ood,b99fe23c54ce3f30,jpeg70
0,so_fake_ood,real,,test_ood,b99fe23c54ce3f30,jpeg50
0,so_fake_ood,real,,test_ood,b99fe23c54ce3f30,jpeg30
0,so_fake_ood,real,,test_ood,b99fe23c54ce3f30,blur05
0,so_fake_ood,real,,test_ood,b99fe23c54ce3f30,blur10
0,so_fake_ood,real,,test_ood,b99fe23c54ce3f30,blur20
0,so_fake_ood,real,,test_ood,b99fe23c54ce3f30,resize05
0,so_fake_ood,real,,test_ood,b99fe23c54ce3f30,resize025
0,so_fake_ood,real,,test_ood,b99fe23c54ce3f30,noise002
0,so_fake_ood,real,,test_ood,b99fe23c54ce3f30,noise005
0,so_fake_ood,real,,test_ood,b99fe23c54ce3f30,noise01
0,so_fake_ood,real,,test_ood,b99fe23c54ce3f30,jitter02
0,so_fake_ood,real,,test_ood,b99fe23c54ce3f30,crop08
0,so_fake_ood,real,,test_ood,e794468f73b971d9,clean
0,so_fake_ood,real,,test_ood,e794468f73b971d9,jpeg90
0,so_fake_ood,real,,test_ood,e794468f73b971d9,jpeg70
0,so_fake_ood,real,,test_ood,e794468f73b971d9,jpeg50
0,so_fake_ood,real,,test_ood,e794468f73b971d9,jpeg30
0,so_fake_ood,real,,test_ood,e794468f73b971d9,blur05
0,so_fake_ood,real,,test_ood,e794468f73b971d9,blur10
0,so_fake_ood,real,,test_ood,e794468f73b971d9,blur20
0,so_fake_ood,real,,test_ood,e794468f73b971d9,resize05
0,so_fake_ood,real,,test_ood,e794468f73b971d9,resize025
0,so_fake_ood,real,,test_ood,e794468f73b971d9,noise002
0,so_fake_ood,real,,test_ood,e794468f73b971d9,noise005
0,so_fake_ood,real,,test_ood,e794468f73b971d9,noise01
0,so_fake_ood,real,,test_ood,e794468f73b971d9,jitter02
0,so_fake_ood,real,,test_ood,e794468f73b971d9,crop08
0,so_fake_ood,real,,test_ood,a193b6e0af97ca88,clean
0,so_fake_ood,real,,test_ood,a193b6e0af97ca88,jpeg90
0,so_fake_ood,real,,test_ood,a193b6e0af97ca88,jpeg70
0,so_fake_ood,real,,test_ood,a193b6e0af97ca88,jpeg50
0,so_fake_ood,real,,test_ood,a193b6e0af97ca88,jpeg30
0,so_fake_ood,real,,test_ood,a193b6e0af97ca88,blur05
0,so_fake_ood,real,,test_ood,a193b6e0af97ca88,blur10
0,so_fake_ood,real,,test_ood,a193b6e0af97ca88,blur20
0,so_fake_ood,real,,test_ood,a193b6e0af97ca88,resize05
0,so_fake_ood,real,,test_ood,a193b6e0af97ca88,resize025
0,so_fake_ood,real,,test_ood,a193b6e0af97ca88,noise002
0,so_fake_ood,real,,test_ood,a193b6e0af97ca88,noise005
0,so_fake_ood,real,,test_ood,a193b6e0af97ca88,noise01
0,so_fake_ood,real,,test_ood,a193b6e0af97ca88,jitter02
0,so_fake_ood,real,,test_ood,a193b6e0af97ca88,crop08
0,so_fake_ood,real,,test_ood,18257508c64961c1,clean
0,so_fake_ood,real,,test_ood,18257508c64961c1,jpeg90
0,so_fake_ood,real,,test_ood,18257508c64961c1,jpeg70
0,so_fake_ood,real,,test_ood,18257508c64961c1,jpeg50
0,so_fake_ood,real,,test_ood,18257508c64961c1,jpeg30
0,so_fake_ood,real,,test_ood,18257508c64961c1,blur05
0,so_fake_ood,real,,test_ood,18257508c64961c1,blur10
0,so_fake_ood,real,,test_ood,18257508c64961c1,blur20
0,so_fake_ood,real,,test_ood,18257508c64961c1,resize05
0,so_fake_ood,real,,test_ood,18257508c64961c1,resize025
0,so_fake_ood,real,,test_ood,18257508c64961c1,noise002
0,so_fake_ood,real,,test_ood,18257508c64961c1,noise005
0,so_fake_ood,real,,test_ood,18257508c64961c1,noise01
0,so_fake_ood,real,,test_ood,18257508c64961c1,jitter02
0,so_fake_ood,real,,test_ood,18257508c64961c1,crop08
0,so_fake_ood,real,,test_ood,76526a2adbc76f80,clean
0,so_fake_ood,real,,test_ood,76526a2adbc76f80,jpeg90
0,so_fake_ood,real,,test_ood,76526a2adbc76f80,jpeg70
0,so_fake_ood,real,,test_ood,76526a2adbc76f80,jpeg50
0,so_fake_ood,real,,test_ood,76526a2adbc76f80,jpeg30
0,so_fake_ood,real,,test_ood,76526a2adbc76f80,blur05
0,so_fake_ood,real,,test_ood,76526a2adbc76f80,blur10
0,so_fake_ood,real,,test_ood,76526a2adbc76f80,blur20
0,so_fake_ood,real,,test_ood,76526a2adbc76f80,resize05
0,so_fake_ood,real,,test_ood,76526a2adbc76f80,resize025
0,so_fake_ood,real,,test_ood,76526a2adbc76f80,noise002
0,so_fake_ood,real,,test_ood,76526a2adbc76f80,noise005
0,so_fake_ood,real,,test_ood,76526a2adbc76f80,noise01
0,so_fake_ood,real,,test_ood,76526a2adbc76f80,jitter02
0,so_fake_ood,real,,test_ood,76526a2adbc76f80,crop08
0,so_fake_ood,real,,test_ood,5b414a8fb8d6a055,clean
0,so_fake_ood,real,,test_ood,5b414a8fb8d6a055,jpeg90
0,so_fake_ood,real,,test_ood,5b414a8fb8d6a055,jpeg70
0,so_fake_ood,real,,test_ood,5b414a8fb8d6a055,jpeg50
0,so_fake_ood,real,,test_ood,5b414a8fb8d6a055,jpeg30
0,so_fake_ood,real,,test_ood,5b414a8fb8d6a055,blur05
0,so_fake_ood,real,,test_ood,5b414a8fb8d6a055,blur10
0,so_fake_ood,real,,test_ood,5b414a8fb8d6a055,blur20
0,so_fake_ood,real,,test_ood,5b414a8fb8d6a055,resize05
0,so_fake_ood,real,,test_ood,5b414a8fb8d6a055,resize025
0,so_fake_ood,real,,test_ood,5b414a8fb8d6a055,noise002
0,so_fake_ood,real,,test_ood,5b414a8fb8d6a055,noise005
0,so_fake_ood,real,,test_ood,5b414a8fb8d6a055,noise01
0,so_fake_ood,real,,test_ood,5b414a8fb8d6a055,jitter02
0,so_fake_ood,real,,test_ood,5b414a8fb8d6a055,crop08
0,so_fake_ood,real,,test_ood,60bc7d23f471dced,clean
0,so_fake_ood,real,,test_ood,60bc7d23f471dced,jpeg90
0,so_fake_ood,real,,test_ood,60bc7d23f471dced,jpeg70
0,so_fake_ood,real,,test_ood,60bc7d23f471dced,jpeg50
0,so_fake_ood,real,,test_ood,60bc7d23f471dced,jpeg30
0,so_fake_ood,real,,test_ood,60bc7d23f471dced,blur05
0,so_fake_ood,real,,test_ood,60bc7d23f471dced,blur10
0,so_fake_ood,real,,test_ood,60bc7d23f471dced,blur20
0,so_fake_ood,real,,test_ood,60bc7d23f471dced,resize05
0,so_fake_ood,real,,test_ood,60bc7d23f471dced,resize025
0,so_fake_ood,real,,test_ood,60bc7d23f471dced,noise002
0,so_fake_ood,real,,test_ood,60bc7d23f471dced,noise005
0,so_fake_ood,real,,test_ood,60bc7d23f471dced,noise01
0,so_fake_ood,real,,test_ood,60bc7d23f471dced,jitter02
0,so_fake_ood,real,,test_ood,60bc7d23f471dced,crop08
0,so_fake_ood,real,,test_ood,a3c0e6f3885a06e4,clean
0,so_fake_ood,real,,test_ood,a3c0e6f3885a06e4,jpeg90
0,so_fake_ood,real,,test_ood,a3c0e6f3885a06e4,jpeg70
0,so_fake_ood,real,,test_ood,a3c0e6f3885a06e4,jpeg50
0,so_fake_ood,real,,test_ood,a3c0e6f3885a06e4,jpeg30
0,so_fake_ood,real,,test_ood,a3c0e6f3885a06e4,blur05
0,so_fake_ood,real,,test_ood,a3c0e6f3885a06e4,blur10
0,so_fake_ood,real,,test_ood,a3c0e6f3885a06e4,blur20
0,so_fake_ood,real,,test_ood,a3c0e6f3885a06e4,resize05
0,so_fake_ood,real,,test_ood,a3c0e6f3885a06e4,resize025
0,so_fake_ood,real,,test_ood,a3c0e6f3885a06e4,noise002
0,so_fake_ood,real,,test_ood,a3c0e6f3885a06e4,noise005
0,so_fake_ood,real,,test_ood,a3c0e6f3885a06e4,noise01
0,so_fake_ood,real,,test_ood,a3c0e6f3885a06e4,jitter02
0,so_fake_ood,real,,test_ood,a3c0e6f3885a06e4,crop08
0,so_fake_ood,real,,test_ood,7a832b543764cf6e,clean
0,so_fake_ood,real,,test_ood,7a832b543764cf6e,jpeg90
0,so_fake_ood,real,,test_ood,7a832b543764cf6e,jpeg70
0,so_fake_ood,real,,test_ood,7a832b543764cf6e,jpeg50
0,so_fake_ood,real,,test_ood,7a832b543764cf6e,jpeg30
0,so_fake_ood,real,,test_ood,7a832b543764cf6e,blur05
0,so_fake_ood,real,,test_ood,7a832b543764cf6e,blur10
0,so_fake_ood,real,,test_ood,7a832b543764cf6e,blur20
0,so_fake_ood,real,,test_ood,7a832b543764cf6e,resize05
0,so_fake_ood,real,,test_ood,7a832b543764cf6e,resize025
0,so_fake_ood,real,,test_ood,7a832b543764cf6e,noise002
0,so_fake_ood,real,,test_ood,7a832b543764cf6e,noise005
0,so_fake_ood,real,,test_ood,7a832b543764cf6e,noise01
0,so_fake_ood,real,,test_ood,7a832b543764cf6e,jitter02
0,so_fake_ood,real,,test_ood,7a832b543764cf6e,crop08
0,so_fake_ood,real,,test_ood,4299771f4fabcb58,clean
0,so_fake_ood,real,,test_ood,4299771f4fabcb58,jpeg90
0,so_fake_ood,real,,test_ood,4299771f4fabcb58,jpeg70
0,so_fake_ood,real,,test_ood,4299771f4fabcb58,jpeg50
0,so_fake_ood,real,,test_ood,4299771f4fabcb58,jpeg30
0,so_fake_ood,real,,test_ood,4299771f4fabcb58,blur05
0,so_fake_ood,real,,test_ood,4299771f4fabcb58,blur10
0,so_fake_ood,real,,test_ood,4299771f4fabcb58,blur20
0,so_fake_ood,real,,test_ood,4299771f4fabcb58,resize05
0,so_fake_ood,real,,test_ood,4299771f4fabcb58,resize025
0,so_fake_ood,real,,test_ood,4299771f4fabcb58,noise002
0,so_fake_ood,real,,test_ood,4299771f4fabcb58,noise005
0,so_fake_ood,real,,test_ood,4299771f4fabcb58,noise01
0,so_fake_ood,real,,test_ood,4299771f4fabcb58,jitter02
0,so_fake_ood,real,,test_ood,4299771f4fabcb58,crop08
0,so_fake_ood,real,,test_ood,f49a7405a0995aa4,clean
0,so_fake_ood,real,,test_ood,f49a7405a0995aa4,jpeg90
0,so_fake_ood,real,,test_ood,f49a7405a0995aa4,jpeg70
0,so_fake_ood,real,,test_ood,f49a7405a0995aa4,jpeg50
0,so_fake_ood,real,,test_ood,f49a7405a0995aa4,jpeg30
0,so_fake_ood,real,,test_ood,f49a7405a0995aa4,blur05
0,so_fake_ood,real,,test_ood,f49a7405a0995aa4,blur10
0,so_fake_ood,real,,test_ood,f49a7405a0995aa4,blur20
0,so_fake_ood,real,,test_ood,f49a7405a0995aa4,resize05
0,so_fake_ood,real,,test_ood,f49a7405a0995aa4,resize025
0,so_fake_ood,real,,test_ood,f49a7405a0995aa4,noise002
0,so_fake_ood,real,,test_ood,f49a7405a0995aa4,noise005
0,so_fake_ood,real,,test_ood,f49a7405a0995aa4,noise01
0,so_fake_ood,real,,test_ood,f49a7405a0995aa4,jitter02
0,so_fake_ood,real,,test_ood,f49a7405a0995aa4,crop08
0,so_fake_ood,real,,test_ood,ed19b24b048eda29,clean
0,so_fake_ood,real,,test_ood,ed19b24b048eda29,jpeg90
0,so_fake_ood,real,,test_ood,ed19b24b048eda29,jpeg70
0,so_fake_ood,real,,test_ood,ed19b24b048eda29,jpeg50
0,so_fake_ood,real,,test_ood,ed19b24b048eda29,jpeg30
0,so_fake_ood,real,,test_ood,ed19b24b048eda29,blur05
0,so_fake_ood,real,,test_ood,ed19b24b048eda29,blur10
0,so_fake_ood,real,,test_ood,ed19b24b048eda29,blur20
0,so_fake_ood,real,,test_ood,ed19b24b048eda29,resize05
0,so_fake_ood,real,,test_ood,ed19b24b048eda29,resize025
0,so_fake_ood,real,,test_ood,ed19b24b048eda29,noise002
0,so_fake_ood,real,,test_ood,ed19b24b048eda29,noise005
0,so_fake_ood,real,,test_ood,ed19b24b048eda29,noise01
0,so_fake_ood,real,,test_ood,ed19b24b048eda29,jitter02
0,so_fake_ood,real,,test_ood,ed19b24b048eda29,crop08
0,so_fake_ood,real,,test_ood,825ea2932c34379a,clean
0,so_fake_ood,real,,test_ood,825ea2932c34379a,jpeg90
0,so_fake_ood,real,,test_ood,825ea2932c34379a,jpeg70
0,so_fake_ood,real,,test_ood,825ea2932c34379a,jpeg50
0,so_fake_ood,real,,test_ood,825ea2932c34379a,jpeg30
0,so_fake_ood,real,,test_ood,825ea2932c34379a,blur05
0,so_fake_ood,real,,test_ood,825ea2932c34379a,blur10
0,so_fake_ood,real,,test_ood,825ea2932c34379a,blur20
0,so_fake_ood,real,,test_ood,825ea2932c34379a,resize05
0,so_fake_ood,real,,test_ood,825ea2932c34379a,resize025
0,so_fake_ood,real,,test_ood,825ea2932c34379a,noise002
0,so_fake_ood,real,,test_ood,825ea2932c34379a,noise005
0,so_fake_ood,real,,test_ood,825ea2932c34379a,noise01
0,so_fake_ood,real,,test_ood,825ea2932c34379a,jitter02
0,so_fake_ood,real,,test_ood,825ea2932c34379a,crop08
0,so_fake_ood,real,,test_ood,2fb281c2bb6807d2,clean
0,so_fake_ood,real,,test_ood,2fb281c2bb6807d2,jpeg90
0,so_fake_ood,real,,test_ood,2fb281c2bb6807d2,jpeg70
0,so_fake_ood,real,,test_ood,2fb281c2bb6807d2,jpeg50
0,so_fake_ood,real,,test_ood,2fb281c2bb6807d2,jpeg30
0,so_fake_ood,real,,test_ood,2fb281c2bb6807d2,blur05
0,so_fake_ood,real,,test_ood,2fb281c2bb6807d2,blur10
0,so_fake_ood,real,,test_ood,2fb281c2bb6807d2,blur20
0,so_fake_ood,real,,test_ood,2fb281c2bb6807d2,resize05
0,so_fake_ood,real,,test_ood,2fb281c2bb6807d2,resize025
0,so_fake_ood,real,,test_ood,2fb281c2bb6807d2,noise002
0,so_fake_ood,real,,test_ood,2fb281c2bb6807d2,noise005
0,so_fake_ood,real,,test_ood,2fb281c2bb6807d2,noise01
0,so_fake_ood,real,,test_ood,2fb281c2bb6807d2,jitter02
0,so_fake_ood,real,,test_ood,2fb281c2bb6807d2,crop08
0,so_fake_ood,real,,test_ood,abb7fe54a504038a,clean
0,so_fake_ood,real,,test_ood,abb7fe54a504038a,jpeg90
0,so_fake_ood,real,,test_ood,abb7fe54a504038a,jpeg70
0,so_fake_ood,real,,test_ood,abb7fe54a504038a,jpeg50
0,so_fake_ood,real,,test_ood,abb7fe54a504038a,jpeg30
0,so_fake_ood,real,,test_ood,abb7fe54a504038a,blur05
0,so_fake_ood,real,,test_ood,abb7fe54a504038a,blur10
0,so_fake_ood,real,,test_ood,abb7fe54a504038a,blur20
0,so_fake_ood,real,,test_ood,abb7fe54a504038a,resize05
0,so_fake_ood,real,,test_ood,abb7fe54a504038a,resize025
0,so_fake_ood,real,,test_ood,abb7fe54a504038a,noise002
0,so_fake_ood,real,,test_ood,abb7fe54a504038a,noise005
0,so_fake_ood,real,,test_ood,abb7fe54a504038a,noise01
0,so_fake_ood,real,,test_ood,abb7fe54a504038a,jitter02
0,so_fake_ood,real,,test_ood,abb7fe54a504038a,crop08
0,so_fake_ood,real,,test_ood,ebc605bbeb5aa6a0,clean
0,so_fake_ood,real,,test_ood,ebc605bbeb5aa6a0,jpeg90
0,so_fake_ood,real,,test_ood,ebc605bbeb5aa6a0,jpeg70
0,so_fake_ood,real,,test_ood,ebc605bbeb5aa6a0,jpeg50
0,so_fake_ood,real,,test_ood,ebc605bbeb5aa6a0,jpeg30
0,so_fake_ood,real,,test_ood,ebc605bbeb5aa6a0,blur05
0,so_fake_ood,real,,test_ood,ebc605bbeb5aa6a0,blur10
0,so_fake_ood,real,,test_ood,ebc605bbeb5aa6a0,blur20
0,so_fake_ood,real,,test_ood,ebc605bbeb5aa6a0,resize05
0,so_fake_ood,real,,test_ood,ebc605bbeb5aa6a0,resize025
0,so_fake_ood,real,,test_ood,ebc605bbeb5aa6a0,noise002
0,so_fake_ood,real,,test_ood,ebc605bbeb5aa6a0,noise005
0,so_fake_ood,real,,test_ood,ebc605bbeb5aa6a0,noise01
0,so_fake_ood,real,,test_ood,ebc605bbeb5aa6a0,jitter02
0,so_fake_ood,real,,test_ood,ebc605bbeb5aa6a0,crop08
0,so_fake_ood,real,,test_ood,e6403da1d79500b2,clean
0,so_fake_ood,real,,test_ood,e6403da1d79500b2,jpeg90
0,so_fake_ood,real,,test_ood,e6403da1d79500b2,jpeg70
0,so_fake_ood,real,,test_ood,e6403da1d79500b2,jpeg50
0,so_fake_ood,real,,test_ood,e6403da1d79500b2,jpeg30
0,so_fake_ood,real,,test_ood,e6403da1d79500b2,blur05
0,so_fake_ood,real,,test_ood,e6403da1d79500b2,blur10
0,so_fake_ood,real,,test_ood,e6403da1d79500b2,blur20
0,so_fake_ood,real,,test_ood,e6403da1d79500b2,resize05
0,so_fake_ood,real,,test_ood,e6403da1d79500b2,resize025
0,so_fake_ood,real,,test_ood,e6403da1d79500b2,noise002
0,so_fake_ood,real,,test_ood,e6403da1d79500b2,noise005
0,so_fake_ood,real,,test_ood,e6403da1d79500b2,noise01
0,so_fake_ood,real,,test_ood,e6403da1d79500b2,jitter02
0,so_fake_ood,real,,test_ood,e6403da1d79500b2,crop08
0,so_fake_ood,real,,test_ood,be93fb288f424d8f,clean
0,so_fake_ood,real,,test_ood,be93fb288f424d8f,jpeg90
0,so_fake_ood,real,,test_ood,be93fb288f424d8f,jpeg70
0,so_fake_ood,real,,test_ood,be93fb288f424d8f,jpeg50
0,so_fake_ood,real,,test_ood,be93fb288f424d8f,jpeg30
0,so_fake_ood,real,,test_ood,be93fb288f424d8f,blur05
0,so_fake_ood,real,,test_ood,be93fb288f424d8f,blur10
0,so_fake_ood,real,,test_ood,be93fb288f424d8f,blur20
0,so_fake_ood,real,,test_ood,be93fb288f424d8f,resize05
0,so_fake_ood,real,,test_ood,be93fb288f424d8f,resize025
0,so_fake_ood,real,,test_ood,be93fb288f424d8f,noise002
0,so_fake_ood,real,,test_ood,be93fb288f424d8f,noise005
0,so_fake_ood,real,,test_ood,be93fb288f424d8f,noise01
0,so_fake_ood,real,,test_ood,be93fb288f424d8f,jitter02
0,so_fake_ood,real,,test_ood,be93fb288f424d8f,crop08
0,so_fake_ood,real,,test_ood,0a9d0faac99aa876,clean
0,so_fake_ood,real,,test_ood,0a9d0faac99aa876,jpeg90
0,so_fake_ood,real,,test_ood,0a9d0faac99aa876,jpeg70
0,so_fake_ood,real,,test_ood,0a9d0faac99aa876,jpeg50
0,so_fake_ood,real,,test_ood,0a9d0faac99aa876,jpeg30
0,so_fake_ood,real,,test_ood,0a9d0faac99aa876,blur05
0,so_fake_ood,real,,test_ood,0a9d0faac99aa876,blur10
0,so_fake_ood,real,,test_ood,0a9d0faac99aa876,blur20
0,so_fake_ood,real,,test_ood,0a9d0faac99aa876,resize05
0,so_fake_ood,real,,test_ood,0a9d0faac99aa876,resize025
0,so_fake_ood,real,,test_ood,0a9d0faac99aa876,noise002
0,so_fake_ood,real,,test_ood,0a9d0faac99aa876,noise005
0,so_fake_ood,real,,test_ood,0a9d0faac99aa876,noise01
0,so_fake_ood,real,,test_ood,0a9d0faac99aa876,jitter02
0,so_fake_ood,real,,test_ood,0a9d0faac99aa876,crop08
0,so_fake_ood,real,,test_ood,c5f973b0f48ee23e,clean
0,so_fake_ood,real,,test_ood,c5f973b0f48ee23e,jpeg90
0,so_fake_ood,real,,test_ood,c5f973b0f48ee23e,jpeg70
0,so_fake_ood,real,,test_ood,c5f973b0f48ee23e,jpeg50
0,so_fake_ood,real,,test_ood,c5f973b0f48ee23e,jpeg30
0,so_fake_ood,real,,test_ood,c5f973b0f48ee23e,blur05
0,so_fake_ood,real,,test_ood,c5f973b0f48ee23e,blur10
0,so_fake_ood,real,,test_ood,c5f973b0f48ee23e,blur20
0,so_fake_ood,real,,test_ood,c5f973b0f48ee23e,resize05
0,so_fake_ood,real,,test_ood,c5f973b0f48ee23e,resize025
0,so_fake_ood,real,,test_ood,c5f973b0f48ee23e,noise002
0,so_fake_ood,real,,test_ood,c5f973b0f48ee23e,noise005
0,so_fake_ood,real,,test_ood,c5f973b0f48ee23e,noise01
0,so_fake_ood,real,,test_ood,c5f973b0f48ee23e,jitter02
0,so_fake_ood,real,,test_ood,c5f973b0f48ee23e,crop08
0,so_fake_ood,real,,test_ood,9fb01cb272a35d97,clean
0,so_fake_ood,real,,test_ood,9fb01cb272a35d97,jpeg90
0,so_fake_ood,real,,test_ood,9fb01cb272a35d97,jpeg70
0,so_fake_ood,real,,test_ood,9fb01cb272a35d97,jpeg50
0,so_fake_ood,real,,test_ood,9fb01cb272a35d97,jpeg30
0,so_fake_ood,real,,test_ood,9fb01cb272a35d97,blur05
0,so_fake_ood,real,,test_ood,9fb01cb272a35d97,blur10
0,so_fake_ood,real,,test_ood,9fb01cb272a35d97,blur20
0,so_fake_ood,real,,test_ood,9fb01cb272a35d97,resize05
0,so_fake_ood,real,,test_ood,9fb01cb272a35d97,resize025
0,so_fake_ood,real,,test_ood,9fb01cb272a35d97,noise002
0,so_fake_ood,real,,test_ood,9fb01cb272a35d97,noise005
0,so_fake_ood,real,,test_ood,9fb01cb272a35d97,noise01
0,so_fake_ood,real,,test_ood,9fb01cb272a35d97,jitter02
0,so_fake_ood,real,,test_ood,9fb01cb272a35d97,crop08
0,so_fake_ood,real,,test_ood,b3280da8b95b20a0,clean
0,so_fake_ood,real,,test_ood,b3280da8b95b20a0,jpeg90
0,so_fake_ood,real,,test_ood,b3280da8b95b20a0,jpeg70
0,so_fake_ood,real,,test_ood,b3280da8b95b20a0,jpeg50
0,so_fake_ood,real,,test_ood,b3280da8b95b20a0,jpeg30
0,so_fake_ood,real,,test_ood,b3280da8b95b20a0,blur05
0,so_fake_ood,real,,test_ood,b3280da8b95b20a0,blur10
0,so_fake_ood,real,,test_ood,b3280da8b95b20a0,blur20
0,so_fake_ood,real,,test_ood,b3280da8b95b20a0,resize05
0,so_fake_ood,real,,test_ood,b3280da8b95b20a0,resize025
0,so_fake_ood,real,,test_ood,b3280da8b95b20a0,noise002
0,so_fake_ood,real,,test_ood,b3280da8b95b20a0,noise005
0,so_fake_ood,real,,test_ood,b3280da8b95b20a0,noise01
0,so_fake_ood,real,,test_ood,b3280da8b95b20a0,jitter02
0,so_fake_ood,real,,test_ood,b3280da8b95b20a0,crop08
0,so_fake_ood,real,,test_ood,c79a5583c7566e68,clean
0,so_fake_ood,real,,test_ood,c79a5583c7566e68,jpeg90
0,so_fake_ood,real,,test_ood,c79a5583c7566e68,jpeg70
0,so_fake_ood,real,,test_ood,c79a5583c7566e68,jpeg50
0,so_fake_ood,real,,test_ood,c79a5583c7566e68,jpeg30
0,so_fake_ood,real,,test_ood,c79a5583c7566e68,blur05
0,so_fake_ood,real,,test_ood,c79a5583c7566e68,blur10
0,so_fake_ood,real,,test_ood,c79a5583c7566e68,blur20
0,so_fake_ood,real,,test_ood,c79a5583c7566e68,resize05
0,so_fake_ood,real,,test_ood,c79a5583c7566e68,resize025
0,so_fake_ood,real,,test_ood,c79a5583c7566e68,noise002
0,so_fake_ood,real,,test_ood,c79a5583c7566e68,noise005
0,so_fake_ood,real,,test_ood,c79a5583c7566e68,noise01
0,so_fake_ood,real,,test_ood,c79a5583c7566e68,jitter02
0,so_fake_ood,real,,test_ood,c79a5583c7566e68,crop08
0,so_fake_ood,real,,test_ood,e41de49949f543f5,clean
0,so_fake_ood,real,,test_ood,e41de49949f543f5,jpeg90
0,so_fake_ood,real,,test_ood,e41de49949f543f5,jpeg70
0,so_fake_ood,real,,test_ood,e41de49949f543f5,jpeg50
0,so_fake_ood,real,,test_ood,e41de49949f543f5,jpeg30
0,so_fake_ood,real,,test_ood,e41de49949f543f5,blur05
0,so_fake_ood,real,,test_ood,e41de49949f543f5,blur10
0,so_fake_ood,real,,test_ood,e41de49949f543f5,blur20
0,so_fake_ood,real,,test_ood,e41de49949f543f5,resize05
0,so_fake_ood,real,,test_ood,e41de49949f543f5,resize025
0,so_fake_ood,real,,test_ood,e41de49949f543f5,noise002
0,so_fake_ood,real,,test_ood,e41de49949f543f5,noise005
0,so_fake_ood,real,,test_ood,e41de49949f543f5,noise01
0,so_fake_ood,real,,test_ood,e41de49949f543f5,jitter02
0,so_fake_ood,real,,test_ood,e41de49949f543f5,crop08
0,so_fake_ood,real,,test_ood,cb0483d3b8d00b9c,clean
0,so_fake_ood,real,,test_ood,cb0483d3b8d00b9c,jpeg90
0,so_fake_ood,real,,test_ood,cb0483d3b8d00b9c,jpeg70
0,so_fake_ood,real,,test_ood,cb0483d3b8d00b9c,jpeg50
0,so_fake_ood,real,,test_ood,cb0483d3b8d00b9c,jpeg30
0,so_fake_ood,real,,test_ood,cb0483d3b8d00b9c,blur05
0,so_fake_ood,real,,test_ood,cb0483d3b8d00b9c,blur10
0,so_fake_ood,real,,test_ood,cb0483d3b8d00b9c,blur20
0,so_fake_ood,real,,test_ood,cb0483d3b8d00b9c,resize05
0,so_fake_ood,real,,test_ood,cb0483d3b8d00b9c,resize025
0,so_fake_ood,real,,test_ood,cb0483d3b8d00b9c,noise002
0,so_fake_ood,real,,test_ood,cb0483d3b8d00b9c,noise005
0,so_fake_ood,real,,test_ood,cb0483d3b8d00b9c,noise01
0,so_fake_ood,real,,test_ood,cb0483d3b8d00b9c,jitter02
0,so_fake_ood,real,,test_ood,cb0483d3b8d00b9c,crop08
0,so_fake_ood,real,,test_ood,e21cf97de3532b8d,clean
0,so_fake_ood,real,,test_ood,e21cf97de3532b8d,jpeg90
0,so_fake_ood,real,,test_ood,e21cf97de3532b8d,jpeg70
0,so_fake_ood,real,,test_ood,e21cf97de3532b8d,jpeg50
0,so_fake_ood,real,,test_ood,e21cf97de3532b8d,jpeg30
0,so_fake_ood,real,,test_ood,e21cf97de3532b8d,blur05
0,so_fake_ood,real,,test_ood,e21cf97de3532b8d,blur10
0,so_fake_ood,real,,test_ood,e21cf97de3532b8d,blur20
0,so_fake_ood,real,,test_ood,e21cf97de3532b8d,resize05
0,so_fake_ood,real,,test_ood,e21cf97de3532b8d,resize025
0,so_fake_ood,real,,test_ood,e21cf97de3532b8d,noise002
0,so_fake_ood,real,,test_ood,e21cf97de3532b8d,noise005
0,so_fake_ood,real,,test_ood,e21cf97de3532b8d,noise01
0,so_fake_ood,real,,test_ood,e21cf97de3532b8d,jitter02
0,so_fake_ood,real,,test_ood,e21cf97de3532b8d,crop08
0,so_fake_ood,real,,test_ood,e06e04e4c5bcc0ac,clean
0,so_fake_ood,real,,test_ood,e06e04e4c5bcc0ac,jpeg90
0,so_fake_ood,real,,test_ood,e06e04e4c5bcc0ac,jpeg70
0,so_fake_ood,real,,test_ood,e06e04e4c5bcc0ac,jpeg50
0,so_fake_ood,real,,test_ood,e06e04e4c5bcc0ac,jpeg30
0,so_fake_ood,real,,test_ood,e06e04e4c5bcc0ac,blur05
0,so_fake_ood,real,,test_ood,e06e04e4c5bcc0ac,blur10
0,so_fake_ood,real,,test_ood,e06e04e4c5bcc0ac,blur20
0,so_fake_ood,real,,test_ood,e06e04e4c5bcc0ac,resize05
0,so_fake_ood,real,,test_ood,e06e04e4c5bcc0ac,resize025
0,so_fake_ood,real,,test_ood,e06e04e4c5bcc0ac,noise002
0,so_fake_ood,real,,test_ood,e06e04e4c5bcc0ac,noise005
0,so_fake_ood,real,,test_ood,e06e04e4c5bcc0ac,noise01
0,so_fake_ood,real,,test_ood,e06e04e4c5bcc0ac,jitter02
0,so_fake_ood,real,,test_ood,e06e04e4c5bcc0ac,crop08
0,so_fake_ood,real,,test_ood,af2bb221853b029a,clean
0,so_fake_ood,real,,test_ood,af2bb221853b029a,jpeg90
0,so_fake_ood,real,,test_ood,af2bb221853b029a,jpeg70
0,so_fake_ood,real,,test_ood,af2bb221853b029a,jpeg50
0,so_fake_ood,real,,test_ood,af2bb221853b029a,jpeg30
0,so_fake_ood,real,,test_ood,af2bb221853b029a,blur05
0,so_fake_ood,real,,test_ood,af2bb221853b029a,blur10
0,so_fake_ood,real,,test_ood,af2bb221853b029a,blur20
0,so_fake_ood,real,,test_ood,af2bb221853b029a,resize05
0,so_fake_ood,real,,test_ood,af2bb221853b029a,resize025
0,so_fake_ood,real,,test_ood,af2bb221853b029a,noise002
0,so_fake_ood,real,,test_ood,af2bb221853b029a,noise005
0,so_fake_ood,real,,test_ood,af2bb221853b029a,noise01
0,so_fake_ood,real,,test_ood,af2bb221853b029a,jitter02
0,so_fake_ood,real,,test_ood,af2bb221853b029a,crop08
0,so_fake_ood,real,,test_ood,71dc9da78a092bee,clean
0,so_fake_ood,real,,test_ood,71dc9da78a092bee,jpeg90
0,so_fake_ood,real,,test_ood,71dc9da78a092bee,jpeg70
0,so_fake_ood,real,,test_ood,71dc9da78a092bee,jpeg50
0,so_fake_ood,real,,test_ood,71dc9da78a092bee,jpeg30
0,so_fake_ood,real,,test_ood,71dc9da78a092bee,blur05
0,so_fake_ood,real,,test_ood,71dc9da78a092bee,blur10
0,so_fake_ood,real,,test_ood,71dc9da78a092bee,blur20
0,so_fake_ood,real,,test_ood,71dc9da78a092bee,resize05
0,so_fake_ood,real,,test_ood,71dc9da78a092bee,resize025
0,so_fake_ood,real,,test_ood,71dc9da78a092bee,noise002
0,so_fake_ood,real,,test_ood,71dc9da78a092bee,noise005
0,so_fake_ood,real,,test_ood,71dc9da78a092bee,noise01
0,so_fake_ood,real,,test_ood,71dc9da78a092bee,jitter02
0,so_fake_ood,real,,test_ood,71dc9da78a092bee,crop08
0,so_fake_ood,real,,test_ood,512f25b66b8ebbf3,clean
0,so_fake_ood,real,,test_ood,512f25b66b8ebbf3,jpeg90
0,so_fake_ood,real,,test_ood,512f25b66b8ebbf3,jpeg70
0,so_fake_ood,real,,test_ood,512f25b66b8ebbf3,jpeg50
0,so_fake_ood,real,,test_ood,512f25b66b8ebbf3,jpeg30
0,so_fake_ood,real,,test_ood,512f25b66b8ebbf3,blur05
0,so_fake_ood,real,,test_ood,512f25b66b8ebbf3,blur10
0,so_fake_ood,real,,test_ood,512f25b66b8ebbf3,blur20
0,so_fake_ood,real,,test_ood,512f25b66b8ebbf3,resize05
0,so_fake_ood,real,,test_ood,512f25b66b8ebbf3,resize025
0,so_fake_ood,real,,test_ood,512f25b66b8ebbf3,noise002
0,so_fake_ood,real,,test_ood,512f25b66b8ebbf3,noise005
0,so_fake_ood,real,,test_ood,512f25b66b8ebbf3,noise01
0,so_fake_ood,real,,test_ood,512f25b66b8ebbf3,jitter02
0,so_fake_ood,real,,test_ood,512f25b66b8ebbf3,crop08
0,so_fake_ood,real,,test_ood,c4f5c1066fcf36f3,clean
0,so_fake_ood,real,,test_ood,c4f5c1066fcf36f3,jpeg90
0,so_fake_ood,real,,test_ood,c4f5c1066fcf36f3,jpeg70
0,so_fake_ood,real,,test_ood,c4f5c1066fcf36f3,jpeg50
0,so_fake_ood,real,,test_ood,c4f5c1066fcf36f3,jpeg30
0,so_fake_ood,real,,test_ood,c4f5c1066fcf36f3,blur05
0,so_fake_ood,real,,test_ood,c4f5c1066fcf36f3,blur10
0,so_fake_ood,real,,test_ood,c4f5c1066fcf36f3,blur20
0,so_fake_ood,real,,test_ood,c4f5c1066fcf36f3,resize05
0,so_fake_ood,real,,test_ood,c4f5c1066fcf36f3,resize025
0,so_fake_ood,real,,test_ood,c4f5c1066fcf36f3,noise002
0,so_fake_ood,real,,test_ood,c4f5c1066fcf36f3,noise005
0,so_fake_ood,real,,test_ood,c4f5c1066fcf36f3,noise01
0,so_fake_ood,real,,test_ood,c4f5c1066fcf36f3,jitter02
0,so_fake_ood,real,,test_ood,c4f5c1066fcf36f3,crop08
0,so_fake_ood,real,,test_ood,944ec759f28c1d49,clean
0,so_fake_ood,real,,test_ood,944ec759f28c1d49,jpeg90
0,so_fake_ood,real,,test_ood,944ec759f28c1d49,jpeg70
0,so_fake_ood,real,,test_ood,944ec759f28c1d49,jpeg50
0,so_fake_ood,real,,test_ood,944ec759f28c1d49,jpeg30
0,so_fake_ood,real,,test_ood,944ec759f28c1d49,blur05
0,so_fake_ood,real,,test_ood,944ec759f28c1d49,blur10
0,so_fake_ood,real,,test_ood,944ec759f28c1d49,blur20
0,so_fake_ood,real,,test_ood,944ec759f28c1d49,resize05
0,so_fake_ood,real,,test_ood,944ec759f28c1d49,resize025
0,so_fake_ood,real,,test_ood,944ec759f28c1d49,noise002
0,so_fake_ood,real,,test_ood,944ec759f28c1d49,noise005
0,so_fake_ood,real,,test_ood,944ec759f28c1d49,noise01
0,so_fake_ood,real,,test_ood,944ec759f28c1d49,jitter02
0,so_fake_ood,real,,test_ood,944ec759f28c1d49,crop08
0,so_fake_ood,real,,test_ood,09c6375b5cfdf97c,clean
0,so_fake_ood,real,,test_ood,09c6375b5cfdf97c,jpeg90
0,so_fake_ood,real,,test_ood,09c6375b5cfdf97c,jpeg70
0,so_fake_ood,real,,test_ood,09c6375b5cfdf97c,jpeg50
0,so_fake_ood,real,,test_ood,09c6375b5cfdf97c,jpeg30
0,so_fake_ood,real,,test_ood,09c6375b5cfdf97c,blur05
0,so_fake_ood,real,,test_ood,09c6375b5cfdf97c,blur10
0,so_fake_ood,real,,test_ood,09c6375b5cfdf97c,blur20
0,so_fake_ood,real,,test_ood,09c6375b5cfdf97c,resize05
0,so_fake_ood,real,,test_ood,09c6375b5cfdf97c,resize025
0,so_fake_ood,real,,test_ood,09c6375b5cfdf97c,noise002
0,so_fake_ood,real,,test_ood,09c6375b5cfdf97c,noise005
0,so_fake_ood,real,,test_ood,09c6375b5cfdf97c,noise01
0,so_fake_ood,real,,test_ood,09c6375b5cfdf97c,jitter02
0,so_fake_ood,real,,test_ood,09c6375b5cfdf97c,crop08
0,so_fake_ood,real,,test_ood,0f4ebc24427ec5d2,clean
0,so_fake_ood,real,,test_ood,0f4ebc24427ec5d2,jpeg90
0,so_fake_ood,real,,test_ood,0f4ebc24427ec5d2,jpeg70
0,so_fake_ood,real,,test_ood,0f4ebc24427ec5d2,jpeg50
0,so_fake_ood,real,,test_ood,0f4ebc24427ec5d2,jpeg30
0,so_fake_ood,real,,test_ood,0f4ebc24427ec5d2,blur05
0,so_fake_ood,real,,test_ood,0f4ebc24427ec5d2,blur10
0,so_fake_ood,real,,test_ood,0f4ebc24427ec5d2,blur20
0,so_fake_ood,real,,test_ood,0f4ebc24427ec5d2,resize05
0,so_fake_ood,real,,test_ood,0f4ebc24427ec5d2,resize025
0,so_fake_ood,real,,test_ood,0f4ebc24427ec5d2,noise002
0,so_fake_ood,real,,test_ood,0f4ebc24427ec5d2,noise005
0,so_fake_ood,real,,test_ood,0f4ebc24427ec5d2,noise01
0,so_fake_ood,real,,test_ood,0f4ebc24427ec5d2,jitter02
0,so_fake_ood,real,,test_ood,0f4ebc24427ec5d2,crop08
0,so_fake_ood,real,,test_ood,6f045716b237af73,clean
0,so_fake_ood,real,,test_ood,6f045716b237af73,jpeg90
0,so_fake_ood,real,,test_ood,6f045716b237af73,jpeg70
0,so_fake_ood,real,,test_ood,6f045716b237af73,jpeg50
0,so_fake_ood,real,,test_ood,6f045716b237af73,jpeg30
0,so_fake_ood,real,,test_ood,6f045716b237af73,blur05
0,so_fake_ood,real,,test_ood,6f045716b237af73,blur10
0,so_fake_ood,real,,test_ood,6f045716b237af73,blur20
0,so_fake_ood,real,,test_ood,6f045716b237af73,resize05
0,so_fake_ood,real,,test_ood,6f045716b237af73,resize025
0,so_fake_ood,real,,test_ood,6f045716b237af73,noise002
0,so_fake_ood,real,,test_ood,6f045716b237af73,noise005
0,so_fake_ood,real,,test_ood,6f045716b237af73,noise01
0,so_fake_ood,real,,test_ood,6f045716b237af73,jitter02
0,so_fake_ood,real,,test_ood,6f045716b237af73,crop08
0,so_fake_ood,real,,test_ood,a482a9b8e5a26e9a,clean
0,so_fake_ood,real,,test_ood,a482a9b8e5a26e9a,jpeg90
0,so_fake_ood,real,,test_ood,a482a9b8e5a26e9a,jpeg70
0,so_fake_ood,real,,test_ood,a482a9b8e5a26e9a,jpeg50
0,so_fake_ood,real,,test_ood,a482a9b8e5a26e9a,jpeg30
0,so_fake_ood,real,,test_ood,a482a9b8e5a26e9a,blur05
0,so_fake_ood,real,,test_ood,a482a9b8e5a26e9a,blur10
0,so_fake_ood,real,,test_ood,a482a9b8e5a26e9a,blur20
0,so_fake_ood,real,,test_ood,a482a9b8e5a26e9a,resize05
0,so_fake_ood,real,,test_ood,a482a9b8e5a26e9a,resize025
0,so_fake_ood,real,,test_ood,a482a9b8e5a26e9a,noise002
0,so_fake_ood,real,,test_ood,a482a9b8e5a26e9a,noise005
0,so_fake_ood,real,,test_ood,a482a9b8e5a26e9a,noise01
0,so_fake_ood,real,,test_ood,a482a9b8e5a26e9a,jitter02
0,so_fake_ood,real,,test_ood,a482a9b8e5a26e9a,crop08
0,so_fake_ood,real,,test_ood,91e38870dd119e28,clean
0,so_fake_ood,real,,test_ood,91e38870dd119e28,jpeg90
0,so_fake_ood,real,,test_ood,91e38870dd119e28,jpeg70
0,so_fake_ood,real,,test_ood,91e38870dd119e28,jpeg50
0,so_fake_ood,real,,test_ood,91e38870dd119e28,jpeg30
0,so_fake_ood,real,,test_ood,91e38870dd119e28,blur05
0,so_fake_ood,real,,test_ood,91e38870dd119e28,blur10
0,so_fake_ood,real,,test_ood,91e38870dd119e28,blur20
0,so_fake_ood,real,,test_ood,91e38870dd119e28,resize05
0,so_fake_ood,real,,test_ood,91e38870dd119e28,resize025
0,so_fake_ood,real,,test_ood,91e38870dd119e28,noise002
0,so_fake_ood,real,,test_ood,91e38870dd119e28,noise005
0,so_fake_ood,real,,test_ood,91e38870dd119e28,noise01
0,so_fake_ood,real,,test_ood,91e38870dd119e28,jitter02
0,so_fake_ood,real,,test_ood,91e38870dd119e28,crop08
0,so_fake_ood,real,,test_ood,bb6acb68d8fa9ba9,clean
0,so_fake_ood,real,,test_ood,bb6acb68d8fa9ba9,jpeg90
0,so_fake_ood,real,,test_ood,bb6acb68d8fa9ba9,jpeg70
0,so_fake_ood,real,,test_ood,bb6acb68d8fa9ba9,jpeg50
0,so_fake_ood,real,,test_ood,bb6acb68d8fa9ba9,jpeg30
0,so_fake_ood,real,,test_ood,bb6acb68d8fa9ba9,blur05
0,so_fake_ood,real,,test_ood,bb6acb68d8fa9ba9,blur10
0,so_fake_ood,real,,test_ood,bb6acb68d8fa9ba9,blur20
0,so_fake_ood,real,,test_ood,bb6acb68d8fa9ba9,resize05
0,so_fake_ood,real,,test_ood,bb6acb68d8fa9ba9,resize025
0,so_fake_ood,real,,test_ood,bb6acb68d8fa9ba9,noise002
0,so_fake_ood,real,,test_ood,bb6acb68d8fa9ba9,noise005
0,so_fake_ood,real,,test_ood,bb6acb68d8fa9ba9,noise01
0,so_fake_ood,real,,test_ood,bb6acb68d8fa9ba9,jitter02
0,so_fake_ood,real,,test_ood,bb6acb68d8fa9ba9,crop08
0,so_fake_ood,real,,test_ood,34fee257e182a48f,clean
0,so_fake_ood,real,,test_ood,34fee257e182a48f,jpeg90
0,so_fake_ood,real,,test_ood,34fee257e182a48f,jpeg70
0,so_fake_ood,real,,test_ood,34fee257e182a48f,jpeg50
0,so_fake_ood,real,,test_ood,34fee257e182a48f,jpeg30
0,so_fake_ood,real,,test_ood,34fee257e182a48f,blur05
0,so_fake_ood,real,,test_ood,34fee257e182a48f,blur10
0,so_fake_ood,real,,test_ood,34fee257e182a48f,blur20
0,so_fake_ood,real,,test_ood,34fee257e182a48f,resize05
0,so_fake_ood,real,,test_ood,34fee257e182a48f,resize025
0,so_fake_ood,real,,test_ood,34fee257e182a48f,noise002
0,so_fake_ood,real,,test_ood,34fee257e182a48f,noise005
0,so_fake_ood,real,,test_ood,34fee257e182a48f,noise01
0,so_fake_ood,real,,test_ood,34fee257e182a48f,jitter02
0,so_fake_ood,real,,test_ood,34fee257e182a48f,crop08
0,so_fake_ood,real,,test_ood,1eb0529a3c573e6f,clean
0,so_fake_ood,real,,test_ood,1eb0529a3c573e6f,jpeg90
0,so_fake_ood,real,,test_ood,1eb0529a3c573e6f,jpeg70
0,so_fake_ood,real,,test_ood,1eb0529a3c573e6f,jpeg50
0,so_fake_ood,real,,test_ood,1eb0529a3c573e6f,jpeg30
0,so_fake_ood,real,,test_ood,1eb0529a3c573e6f,blur05
0,so_fake_ood,real,,test_ood,1eb0529a3c573e6f,blur10
0,so_fake_ood,real,,test_ood,1eb0529a3c573e6f,blur20
0,so_fake_ood,real,,test_ood,1eb0529a3c573e6f,resize05
0,so_fake_ood,real,,test_ood,1eb0529a3c573e6f,resize025
0,so_fake_ood,real,,test_ood,1eb0529a3c573e6f,noise002
0,so_fake_ood,real,,test_ood,1eb0529a3c573e6f,noise005
0,so_fake_ood,real,,test_ood,1eb0529a3c573e6f,noise01
0,so_fake_ood,real,,test_ood,1eb0529a3c573e6f,jitter02
0,so_fake_ood,real,,test_ood,1eb0529a3c573e6f,crop08
0,so_fake_ood,real,,test_ood,ea44f4a81139657e,clean
0,so_fake_ood,real,,test_ood,ea44f4a81139657e,jpeg90
0,so_fake_ood,real,,test_ood,ea44f4a81139657e,jpeg70
0,so_fake_ood,real,,test_ood,ea44f4a81139657e,jpeg50
0,so_fake_ood,real,,test_ood,ea44f4a81139657e,jpeg30
0,so_fake_ood,real,,test_ood,ea44f4a81139657e,blur05
0,so_fake_ood,real,,test_ood,ea44f4a81139657e,blur10
0,so_fake_ood,real,,test_ood,ea44f4a81139657e,blur20
0,so_fake_ood,real,,test_ood,ea44f4a81139657e,resize05
0,so_fake_ood,real,,test_ood,ea44f4a81139657e,resize025
0,so_fake_ood,real,,test_ood,ea44f4a81139657e,noise002
0,so_fake_ood,real,,test_ood,ea44f4a81139657e,noise005
0,so_fake_ood,real,,test_ood,ea44f4a81139657e,noise01
0,so_fake_ood,real,,test_ood,ea44f4a81139657e,jitter02
0,so_fake_ood,real,,test_ood,ea44f4a81139657e,crop08
0,so_fake_ood,real,,test_ood,af0a6d9abdef5d78,clean
0,so_fake_ood,real,,test_ood,af0a6d9abdef5d78,jpeg90
0,so_fake_ood,real,,test_ood,af0a6d9abdef5d78,jpeg70
0,so_fake_ood,real,,test_ood,af0a6d9abdef5d78,jpeg50
0,so_fake_ood,real,,test_ood,af0a6d9abdef5d78,jpeg30
0,so_fake_ood,real,,test_ood,af0a6d9abdef5d78,blur05
0,so_fake_ood,real,,test_ood,af0a6d9abdef5d78,blur10
0,so_fake_ood,real,,test_ood,af0a6d9abdef5d78,blur20
0,so_fake_ood,real,,test_ood,af0a6d9abdef5d78,resize05
0,so_fake_ood,real,,test_ood,af0a6d9abdef5d78,resize025
0,so_fake_ood,real,,test_ood,af0a6d9abdef5d78,noise002
0,so_fake_ood,real,,test_ood,af0a6d9abdef5d78,noise005
0,so_fake_ood,real,,test_ood,af0a6d9abdef5d78,noise01
0,so_fake_ood,real,,test_ood,af0a6d9abdef5d78,jitter02
0,so_fake_ood,real,,test_ood,af0a6d9abdef5d78,crop08
0,so_fake_ood,real,,test_ood,8107428b83f3fa06,clean
0,so_fake_ood,real,,test_ood,8107428b83f3fa06,jpeg90
0,so_fake_ood,real,,test_ood,8107428b83f3fa06,jpeg70
0,so_fake_ood,real,,test_ood,8107428b83f3fa06,jpeg50
0,so_fake_ood,real,,test_ood,8107428b83f3fa06,jpeg30
0,so_fake_ood,real,,test_ood,8107428b83f3fa06,blur05
0,so_fake_ood,real,,test_ood,8107428b83f3fa06,blur10
0,so_fake_ood,real,,test_ood,8107428b83f3fa06,blur20
0,so_fake_ood,real,,test_ood,8107428b83f3fa06,resize05
0,so_fake_ood,real,,test_ood,8107428b83f3fa06,resize025
0,so_fake_ood,real,,test_ood,8107428b83f3fa06,noise002
0,so_fake_ood,real,,test_ood,8107428b83f3fa06,noise005
0,so_fake_ood,real,,test_ood,8107428b83f3fa06,noise01
0,so_fake_ood,real,,test_ood,8107428b83f3fa06,jitter02
0,so_fake_ood,real,,test_ood,8107428b83f3fa06,crop08
0,so_fake_ood,real,,test_ood,04087b3e5db501b1,clean
0,so_fake_ood,real,,test_ood,04087b3e5db501b1,jpeg90
0,so_fake_ood,real,,test_ood,04087b3e5db501b1,jpeg70
0,so_fake_ood,real,,test_ood,04087b3e5db501b1,jpeg50
0,so_fake_ood,real,,test_ood,04087b3e5db501b1,jpeg30
0,so_fake_ood,real,,test_ood,04087b3e5db501b1,blur05
0,so_fake_ood,real,,test_ood,04087b3e5db501b1,blur10
0,so_fake_ood,real,,test_ood,04087b3e5db501b1,blur20
0,so_fake_ood,real,,test_ood,04087b3e5db501b1,resize05
0,so_fake_ood,real,,test_ood,04087b3e5db501b1,resize025
0,so_fake_ood,real,,test_ood,04087b3e5db501b1,noise002
0,so_fake_ood,real,,test_ood,04087b3e5db501b1,noise005
0,so_fake_ood,real,,test_ood,04087b3e5db501b1,noise01
0,so_fake_ood,real,,test_ood,04087b3e5db501b1,jitter02
0,so_fake_ood,real,,test_ood,04087b3e5db501b1,crop08
0,so_fake_ood,real,,test_ood,1bf237c08c372298,clean
0,so_fake_ood,real,,test_ood,1bf237c08c372298,jpeg90
0,so_fake_ood,real,,test_ood,1bf237c08c372298,jpeg70
0,so_fake_ood,real,,test_ood,1bf237c08c372298,jpeg50
0,so_fake_ood,real,,test_ood,1bf237c08c372298,jpeg30
0,so_fake_ood,real,,test_ood,1bf237c08c372298,blur05
0,so_fake_ood,real,,test_ood,1bf237c08c372298,blur10
0,so_fake_ood,real,,test_ood,1bf237c08c372298,blur20
0,so_fake_ood,real,,test_ood,1bf237c08c372298,resize05
0,so_fake_ood,real,,test_ood,1bf237c08c372298,resize025
0,so_fake_ood,real,,test_ood,1bf237c08c372298,noise002
0,so_fake_ood,real,,test_ood,1bf237c08c372298,noise005
0,so_fake_ood,real,,test_ood,1bf237c08c372298,noise01
0,so_fake_ood,real,,test_ood,1bf237c08c372298,jitter02
0,so_fake_ood,real,,test_ood,1bf237c08c372298,crop08
0,so_fake_ood,real,,test_ood,81ca1d085aca8175,clean
0,so_fake_ood,real,,test_ood,81ca1d085aca8175,jpeg90
0,so_fake_ood,real,,test_ood,81ca1d085aca8175,jpeg70
0,so_fake_ood,real,,test_ood,81ca1d085aca8175,jpeg50
0,so_fake_ood,real,,test_ood,81ca1d085aca8175,jpeg30
0,so_fake_ood,real,,test_ood,81ca1d085aca8175,blur05
0,so_fake_ood,real,,test_ood,81ca1d085aca8175,blur10
0,so_fake_ood,real,,test_ood,81ca1d085aca8175,blur20
0,so_fake_ood,real,,test_ood,81ca1d085aca8175,resize05
0,so_fake_ood,real,,test_ood,81ca1d085aca8175,resize025
0,so_fake_ood,real,,test_ood,81ca1d085aca8175,noise002
0,so_fake_ood,real,,test_ood,81ca1d085aca8175,noise005
0,so_fake_ood,real,,test_ood,81ca1d085aca8175,noise01
0,so_fake_ood,real,,test_ood,81ca1d085aca8175,jitter02
0,so_fake_ood,real,,test_ood,81ca1d085aca8175,crop08
0,so_fake_ood,real,,test_ood,24f38bbcfad90959,clean
0,so_fake_ood,real,,test_ood,24f38bbcfad90959,jpeg90
0,so_fake_ood,real,,test_ood,24f38bbcfad90959,jpeg70
0,so_fake_ood,real,,test_ood,24f38bbcfad90959,jpeg50
0,so_fake_ood,real,,test_ood,24f38bbcfad90959,jpeg30
0,so_fake_ood,real,,test_ood,24f38bbcfad90959,blur05
0,so_fake_ood,real,,test_ood,24f38bbcfad90959,blur10
0,so_fake_ood,real,,test_ood,24f38bbcfad90959,blur20
0,so_fake_ood,real,,test_ood,24f38bbcfad90959,resize05
0,so_fake_ood,real,,test_ood,24f38bbcfad90959,resize025
0,so_fake_ood,real,,test_ood,24f38bbcfad90959,noise002
0,so_fake_ood,real,,test_ood,24f38bbcfad90959,noise005
0,so_fake_ood,real,,test_ood,24f38bbcfad90959,noise01
0,so_fake_ood,real,,test_ood,24f38bbcfad90959,jitter02
0,so_fake_ood,real,,test_ood,24f38bbcfad90959,crop08
0,so_fake_ood,real,,test_ood,4c838c73a6a6c23e,clean
0,so_fake_ood,real,,test_ood,4c838c73a6a6c23e,jpeg90
0,so_fake_ood,real,,test_ood,4c838c73a6a6c23e,jpeg70
0,so_fake_ood,real,,test_ood,4c838c73a6a6c23e,jpeg50
0,so_fake_ood,real,,test_ood,4c838c73a6a6c23e,jpeg30
0,so_fake_ood,real,,test_ood,4c838c73a6a6c23e,blur05
0,so_fake_ood,real,,test_ood,4c838c73a6a6c23e,blur10
0,so_fake_ood,real,,test_ood,4c838c73a6a6c23e,blur20
0,so_fake_ood,real,,test_ood,4c838c73a6a6c23e,resize05
0,so_fake_ood,real,,test_ood,4c838c73a6a6c23e,resize025
0,so_fake_ood,real,,test_ood,4c838c73a6a6c23e,noise002
0,so_fake_ood,real,,test_ood,4c838c73a6a6c23e,noise005
0,so_fake_ood,real,,test_ood,4c838c73a6a6c23e,noise01
0,so_fake_ood,real,,test_ood,4c838c73a6a6c23e,jitter02
0,so_fake_ood,real,,test_ood,4c838c73a6a6c23e,crop08
0,so_fake_ood,real,,test_ood,12c410870f9df5fb,clean
0,so_fake_ood,real,,test_ood,12c410870f9df5fb,jpeg90
0,so_fake_ood,real,,test_ood,12c410870f9df5fb,jpeg70
0,so_fake_ood,real,,test_ood,12c410870f9df5fb,jpeg50
0,so_fake_ood,real,,test_ood,12c410870f9df5fb,jpeg30
0,so_fake_ood,real,,test_ood,12c410870f9df5fb,blur05
0,so_fake_ood,real,,test_ood,12c410870f9df5fb,blur10
0,so_fake_ood,real,,test_ood,12c410870f9df5fb,blur20
0,so_fake_ood,real,,test_ood,12c410870f9df5fb,resize05
0,so_fake_ood,real,,test_ood,12c410870f9df5fb,resize025
0,so_fake_ood,real,,test_ood,12c410870f9df5fb,noise002
0,so_fake_ood,real,,test_ood,12c410870f9df5fb,noise005
0,so_fake_ood,real,,test_ood,12c410870f9df5fb,noise01
0,so_fake_ood,real,,test_ood,12c410870f9df5fb,jitter02
0,so_fake_ood,real,,test_ood,12c410870f9df5fb,crop08
0,so_fake_ood,real,,test_ood,0d4f5215af15ad1a,clean
0,so_fake_ood,real,,test_ood,0d4f5215af15ad1a,jpeg90
0,so_fake_ood,real,,test_ood,0d4f5215af15ad1a,jpeg70
0,so_fake_ood,real,,test_ood,0d4f5215af15ad1a,jpeg50
0,so_fake_ood,real,,test_ood,0d4f5215af15ad1a,jpeg30
0,so_fake_ood,real,,test_ood,0d4f5215af15ad1a,blur05
0,so_fake_ood,real,,test_ood,0d4f5215af15ad1a,blur10
0,so_fake_ood,real,,test_ood,0d4f5215af15ad1a,blur20
0,so_fake_ood,real,,test_ood,0d4f5215af15ad1a,resize05
0,so_fake_ood,real,,test_ood,0d4f5215af15ad1a,resize025
0,so_fake_ood,real,,test_ood,0d4f5215af15ad1a,noise002
0,so_fake_ood,real,,test_ood,0d4f5215af15ad1a,noise005
0,so_fake_ood,real,,test_ood,0d4f5215af15ad1a,noise01
0,so_fake_ood,real,,test_ood,0d4f5215af15ad1a,jitter02
0,so_fake_ood,real,,test_ood,0d4f5215af15ad1a,crop08
0,so_fake_ood,real,,test_ood,92fd83c3996438a9,clean
0,so_fake_ood,real,,test_ood,92fd83c3996438a9,jpeg90
0,so_fake_ood,real,,test_ood,92fd83c3996438a9,jpeg70
0,so_fake_ood,real,,test_ood,92fd83c3996438a9,jpeg50
0,so_fake_ood,real,,test_ood,92fd83c3996438a9,jpeg30
0,so_fake_ood,real,,test_ood,92fd83c3996438a9,blur05
0,so_fake_ood,real,,test_ood,92fd83c3996438a9,blur10
0,so_fake_ood,real,,test_ood,92fd83c3996438a9,blur20
0,so_fake_ood,real,,test_ood,92fd83c3996438a9,resize05
0,so_fake_ood,real,,test_ood,92fd83c3996438a9,resize025
0,so_fake_ood,real,,test_ood,92fd83c3996438a9,noise002
0,so_fake_ood,real,,test_ood,92fd83c3996438a9,noise005
0,so_fake_ood,real,,test_ood,92fd83c3996438a9,noise01
0,so_fake_ood,real,,test_ood,92fd83c3996438a9,jitter02
0,so_fake_ood,real,,test_ood,92fd83c3996438a9,crop08
0,so_fake_ood,real,,test_ood,1b9be53440b9510b,clean
0,so_fake_ood,real,,test_ood,1b9be53440b9510b,jpeg90
0,so_fake_ood,real,,test_ood,1b9be53440b9510b,jpeg70
0,so_fake_ood,real,,test_ood,1b9be53440b9510b,jpeg50
0,so_fake_ood,real,,test_ood,1b9be53440b9510b,jpeg30
0,so_fake_ood,real,,test_ood,1b9be53440b9510b,blur05
0,so_fake_ood,real,,test_ood,1b9be53440b9510b,blur10
0,so_fake_ood,real,,test_ood,1b9be53440b9510b,blur20
0,so_fake_ood,real,,test_ood,1b9be53440b9510b,resize05
0,so_fake_ood,real,,test_ood,1b9be53440b9510b,resize025
0,so_fake_ood,real,,test_ood,1b9be53440b9510b,noise002
0,so_fake_ood,real,,test_ood,1b9be53440b9510b,noise005
0,so_fake_ood,real,,test_ood,1b9be53440b9510b,noise01
0,so_fake_ood,real,,test_ood,1b9be53440b9510b,jitter02
0,so_fake_ood,real,,test_ood,1b9be53440b9510b,crop08
0,so_fake_ood,real,,test_ood,dcd460be55bd6bac,clean
0,so_fake_ood,real,,test_ood,dcd460be55bd6bac,jpeg90
0,so_fake_ood,real,,test_ood,dcd460be55bd6bac,jpeg70
0,so_fake_ood,real,,test_ood,dcd460be55bd6bac,jpeg50
0,so_fake_ood,real,,test_ood,dcd460be55bd6bac,jpeg30
0,so_fake_ood,real,,test_ood,dcd460be55bd6bac,blur05
0,so_fake_ood,real,,test_ood,dcd460be55bd6bac,blur10
0,so_fake_ood,real,,test_ood,dcd460be55bd6bac,blur20
0,so_fake_ood,real,,test_ood,dcd460be55bd6bac,resize05
0,so_fake_ood,real,,test_ood,dcd460be55bd6bac,resize025
0,so_fake_ood,real,,test_ood,dcd460be55bd6bac,noise002
0,so_fake_ood,real,,test_ood,dcd460be55bd6bac,noise005
0,so_fake_ood,real,,test_ood,dcd460be55bd6bac,noise01
0,so_fake_ood,real,,test_ood,dcd460be55bd6bac,jitter02
0,so_fake_ood,real,,test_ood,dcd460be55bd6bac,crop08
0,so_fake_ood,real,,test_ood,b4e3862473fe0ad1,clean
0,so_fake_ood,real,,test_ood,b4e3862473fe0ad1,jpeg90
0,so_fake_ood,real,,test_ood,b4e3862473fe0ad1,jpeg70
0,so_fake_ood,real,,test_ood,b4e3862473fe0ad1,jpeg50
0,so_fake_ood,real,,test_ood,b4e3862473fe0ad1,jpeg30
0,so_fake_ood,real,,test_ood,b4e3862473fe0ad1,blur05
0,so_fake_ood,real,,test_ood,b4e3862473fe0ad1,blur10
0,so_fake_ood,real,,test_ood,b4e3862473fe0ad1,blur20
0,so_fake_ood,real,,test_ood,b4e3862473fe0ad1,resize05
0,so_fake_ood,real,,test_ood,b4e3862473fe0ad1,resize025
0,so_fake_ood,real,,test_ood,b4e3862473fe0ad1,noise002
0,so_fake_ood,real,,test_ood,b4e3862473fe0ad1,noise005
0,so_fake_ood,real,,test_ood,b4e3862473fe0ad1,noise01
0,so_fake_ood,real,,test_ood,b4e3862473fe0ad1,jitter02
0,so_fake_ood,real,,test_ood,b4e3862473fe0ad1,crop08
0,so_fake_ood,real,,test_ood,383a4b57607d5bd6,clean
0,so_fake_ood,real,,test_ood,383a4b57607d5bd6,jpeg90
0,so_fake_ood,real,,test_ood,383a4b57607d5bd6,jpeg70
0,so_fake_ood,real,,test_ood,383a4b57607d5bd6,jpeg50
0,so_fake_ood,real,,test_ood,383a4b57607d5bd6,jpeg30
0,so_fake_ood,real,,test_ood,383a4b57607d5bd6,blur05
0,so_fake_ood,real,,test_ood,383a4b57607d5bd6,blur10
0,so_fake_ood,real,,test_ood,383a4b57607d5bd6,blur20
0,so_fake_ood,real,,test_ood,383a4b57607d5bd6,resize05
0,so_fake_ood,real,,test_ood,383a4b57607d5bd6,resize025
0,so_fake_ood,real,,test_ood,383a4b57607d5bd6,noise002
0,so_fake_ood,real,,test_ood,383a4b57607d5bd6,noise005
0,so_fake_ood,real,,test_ood,383a4b57607d5bd6,noise01
0,so_fake_ood,real,,test_ood,383a4b57607d5bd6,jitter02
0,so_fake_ood,real,,test_ood,383a4b57607d5bd6,crop08
0,so_fake_ood,real,,test_ood,68fc97e4f3456e19,clean
0,so_fake_ood,real,,test_ood,68fc97e4f3456e19,jpeg90
0,so_fake_ood,real,,test_ood,68fc97e4f3456e19,jpeg70
0,so_fake_ood,real,,test_ood,68fc97e4f3456e19,jpeg50
0,so_fake_ood,real,,test_ood,68fc97e4f3456e19,jpeg30
0,so_fake_ood,real,,test_ood,68fc97e4f3456e19,blur05
0,so_fake_ood,real,,test_ood,68fc97e4f3456e19,blur10
0,so_fake_ood,real,,test_ood,68fc97e4f3456e19,blur20
0,so_fake_ood,real,,test_ood,68fc97e4f3456e19,resize05
0,so_fake_ood,real,,test_ood,68fc97e4f3456e19,resize025
0,so_fake_ood,real,,test_ood,68fc97e4f3456e19,noise002
0,so_fake_ood,real,,test_ood,68fc97e4f3456e19,noise005
0,so_fake_ood,real,,test_ood,68fc97e4f3456e19,noise01
0,so_fake_ood,real,,test_ood,68fc97e4f3456e19,jitter02
0,so_fake_ood,real,,test_ood,68fc97e4f3456e19,crop08
0,so_fake_ood,real,,test_ood,ac7c1d8e26e73ebc,clean
0,so_fake_ood,real,,test_ood,ac7c1d8e26e73ebc,jpeg90
0,so_fake_ood,real,,test_ood,ac7c1d8e26e73ebc,jpeg70
0,so_fake_ood,real,,test_ood,ac7c1d8e26e73ebc,jpeg50
0,so_fake_ood,real,,test_ood,ac7c1d8e26e73ebc,jpeg30
0,so_fake_ood,real,,test_ood,ac7c1d8e26e73ebc,blur05
0,so_fake_ood,real,,test_ood,ac7c1d8e26e73ebc,blur10
0,so_fake_ood,real,,test_ood,ac7c1d8e26e73ebc,blur20
0,so_fake_ood,real,,test_ood,ac7c1d8e26e73ebc,resize05
0,so_fake_ood,real,,test_ood,ac7c1d8e26e73ebc,resize025
0,so_fake_ood,real,,test_ood,ac7c1d8e26e73ebc,noise002
0,so_fake_ood,real,,test_ood,ac7c1d8e26e73ebc,noise005
0,so_fake_ood,real,,test_ood,ac7c1d8e26e73ebc,noise01
0,so_fake_ood,real,,test_ood,ac7c1d8e26e73ebc,jitter02
0,so_fake_ood,real,,test_ood,ac7c1d8e26e73ebc,crop08
0,so_fake_ood,real,,test_ood,dbfe0e0e33f1b5c2,clean
0,so_fake_ood,real,,test_ood,dbfe0e0e33f1b5c2,jpeg90
0,so_fake_ood,real,,test_ood,dbfe0e0e33f1b5c2,jpeg70
0,so_fake_ood,real,,test_ood,dbfe0e0e33f1b5c2,jpeg50
0,so_fake_ood,real,,test_ood,dbfe0e0e33f1b5c2,jpeg30
0,so_fake_ood,real,,test_ood,dbfe0e0e33f1b5c2,blur05
0,so_fake_ood,real,,test_ood,dbfe0e0e33f1b5c2,blur10
0,so_fake_ood,real,,test_ood,dbfe0e0e33f1b5c2,blur20
0,so_fake_ood,real,,test_ood,dbfe0e0e33f1b5c2,resize05
0,so_fake_ood,real,,test_ood,dbfe0e0e33f1b5c2,resize025
0,so_fake_ood,real,,test_ood,dbfe0e0e33f1b5c2,noise002
0,so_fake_ood,real,,test_ood,dbfe0e0e33f1b5c2,noise005
0,so_fake_ood,real,,test_ood,dbfe0e0e33f1b5c2,noise01
0,so_fake_ood,real,,test_ood,dbfe0e0e33f1b5c2,jitter02
0,so_fake_ood,real,,test_ood,dbfe0e0e33f1b5c2,crop08
0,so_fake_ood,real,,test_ood,c729342a59a0c778,clean
0,so_fake_ood,real,,test_ood,c729342a59a0c778,jpeg90
0,so_fake_ood,real,,test_ood,c729342a59a0c778,jpeg70
0,so_fake_ood,real,,test_ood,c729342a59a0c778,jpeg50
0,so_fake_ood,real,,test_ood,c729342a59a0c778,jpeg30
0,so_fake_ood,real,,test_ood,c729342a59a0c778,blur05
0,so_fake_ood,real,,test_ood,c729342a59a0c778,blur10
0,so_fake_ood,real,,test_ood,c729342a59a0c778,blur20
0,so_fake_ood,real,,test_ood,c729342a59a0c778,resize05
0,so_fake_ood,real,,test_ood,c729342a59a0c778,resize025
0,so_fake_ood,real,,test_ood,c729342a59a0c778,noise002
0,so_fake_ood,real,,test_ood,c729342a59a0c778,noise005
0,so_fake_ood,real,,test_ood,c729342a59a0c778,noise01
0,so_fake_ood,real,,test_ood,c729342a59a0c778,jitter02
0,so_fake_ood,real,,test_ood,c729342a59a0c778,crop08
0,so_fake_ood,real,,test_ood,a0acb0cf48d83716,clean
0,so_fake_ood,real,,test_ood,a0acb0cf48d83716,jpeg90
0,so_fake_ood,real,,test_ood,a0acb0cf48d83716,jpeg70
0,so_fake_ood,real,,test_ood,a0acb0cf48d83716,jpeg50
0,so_fake_ood,real,,test_ood,a0acb0cf48d83716,jpeg30
0,so_fake_ood,real,,test_ood,a0acb0cf48d83716,blur05
0,so_fake_ood,real,,test_ood,a0acb0cf48d83716,blur10
0,so_fake_ood,real,,test_ood,a0acb0cf48d83716,blur20
0,so_fake_ood,real,,test_ood,a0acb0cf48d83716,resize05
0,so_fake_ood,real,,test_ood,a0acb0cf48d83716,resize025
0,so_fake_ood,real,,test_ood,a0acb0cf48d83716,noise002
0,so_fake_ood,real,,test_ood,a0acb0cf48d83716,noise005
0,so_fake_ood,real,,test_ood,a0acb0cf48d83716,noise01
0,so_fake_ood,real,,test_ood,a0acb0cf48d83716,jitter02
0,so_fake_ood,real,,test_ood,a0acb0cf48d83716,crop08
0,so_fake_ood,real,,test_ood,3e54e94d8d348f47,clean
0,so_fake_ood,real,,test_ood,3e54e94d8d348f47,jpeg90
0,so_fake_ood,real,,test_ood,3e54e94d8d348f47,jpeg70
0,so_fake_ood,real,,test_ood,3e54e94d8d348f47,jpeg50
0,so_fake_ood,real,,test_ood,3e54e94d8d348f47,jpeg30
0,so_fake_ood,real,,test_ood,3e54e94d8d348f47,blur05
0,so_fake_ood,real,,test_ood,3e54e94d8d348f47,blur10
0,so_fake_ood,real,,test_ood,3e54e94d8d348f47,blur20
0,so_fake_ood,real,,test_ood,3e54e94d8d348f47,resize05
0,so_fake_ood,real,,test_ood,3e54e94d8d348f47,resize025
0,so_fake_ood,real,,test_ood,3e54e94d8d348f47,noise002
0,so_fake_ood,real,,test_ood,3e54e94d8d348f47,noise005
0,so_fake_ood,real,,test_ood,3e54e94d8d348f47,noise01
0,so_fake_ood,real,,test_ood,3e54e94d8d348f47,jitter02
0,so_fake_ood,real,,test_ood,3e54e94d8d348f47,crop08
0,so_fake_ood,real,,test_ood,6f4634771a238667,clean
0,so_fake_ood,real,,test_ood,6f4634771a238667,jpeg90
0,so_fake_ood,real,,test_ood,6f4634771a238667,jpeg70
0,so_fake_ood,real,,test_ood,6f4634771a238667,jpeg50
0,so_fake_ood,real,,test_ood,6f4634771a238667,jpeg30
0,so_fake_ood,real,,test_ood,6f4634771a238667,blur05
0,so_fake_ood,real,,test_ood,6f4634771a238667,blur10
0,so_fake_ood,real,,test_ood,6f4634771a238667,blur20
0,so_fake_ood,real,,test_ood,6f4634771a238667,resize05
0,so_fake_ood,real,,test_ood,6f4634771a238667,resize025
0,so_fake_ood,real,,test_ood,6f4634771a238667,noise002
0,so_fake_ood,real,,test_ood,6f4634771a238667,noise005
0,so_fake_ood,real,,test_ood,6f4634771a238667,noise01
0,so_fake_ood,real,,test_ood,6f4634771a238667,jitter02
0,so_fake_ood,real,,test_ood,6f4634771a238667,crop08
0,so_fake_ood,real,,test_ood,1d51c3d6b7a88fdf,clean
0,so_fake_ood,real,,test_ood,1d51c3d6b7a88fdf,jpeg90
0,so_fake_ood,real,,test_ood,1d51c3d6b7a88fdf,jpeg70
0,so_fake_ood,real,,test_ood,1d51c3d6b7a88fdf,jpeg50
0,so_fake_ood,real,,test_ood,1d51c3d6b7a88fdf,jpeg30
0,so_fake_ood,real,,test_ood,1d51c3d6b7a88fdf,blur05
0,so_fake_ood,real,,test_ood,1d51c3d6b7a88fdf,blur10
0,so_fake_ood,real,,test_ood,1d51c3d6b7a88fdf,blur20
0,so_fake_ood,real,,test_ood,1d51c3d6b7a88fdf,resize05
0,so_fake_ood,real,,test_ood,1d51c3d6b7a88fdf,resize025
0,so_fake_ood,real,,test_ood,1d51c3d6b7a88fdf,noise002
0,so_fake_ood,real,,test_ood,1d51c3d6b7a88fdf,noise005
0,so_fake_ood,real,,test_ood,1d51c3d6b7a88fdf,noise01
0,so_fake_ood,real,,test_ood,1d51c3d6b7a88fdf,jitter02
0,so_fake_ood,real,,test_ood,1d51c3d6b7a88fdf,crop08
0,so_fake_ood,real,,test_ood,454b8677eefff750,clean
0,so_fake_ood,real,,test_ood,454b8677eefff750,jpeg90
0,so_fake_ood,real,,test_ood,454b8677eefff750,jpeg70
0,so_fake_ood,real,,test_ood,454b8677eefff750,jpeg50
0,so_fake_ood,real,,test_ood,454b8677eefff750,jpeg30
0,so_fake_ood,real,,test_ood,454b8677eefff750,blur05
0,so_fake_ood,real,,test_ood,454b8677eefff750,blur10
0,so_fake_ood,real,,test_ood,454b8677eefff750,blur20
0,so_fake_ood,real,,test_ood,454b8677eefff750,resize05
0,so_fake_ood,real,,test_ood,454b8677eefff750,resize025
0,so_fake_ood,real,,test_ood,454b8677eefff750,noise002
0,so_fake_ood,real,,test_ood,454b8677eefff750,noise005
0,so_fake_ood,real,,test_ood,454b8677eefff750,noise01
0,so_fake_ood,real,,test_ood,454b8677eefff750,jitter02
0,so_fake_ood,real,,test_ood,454b8677eefff750,crop08
0,so_fake_ood,real,,test_ood,f0ceb0bd0a43d0b3,clean
0,so_fake_ood,real,,test_ood,f0ceb0bd0a43d0b3,jpeg90
0,so_fake_ood,real,,test_ood,f0ceb0bd0a43d0b3,jpeg70
0,so_fake_ood,real,,test_ood,f0ceb0bd0a43d0b3,jpeg50
0,so_fake_ood,real,,test_ood,f0ceb0bd0a43d0b3,jpeg30
0,so_fake_ood,real,,test_ood,f0ceb0bd0a43d0b3,blur05
0,so_fake_ood,real,,test_ood,f0ceb0bd0a43d0b3,blur10
0,so_fake_ood,real,,test_ood,f0ceb0bd0a43d0b3,blur20
0,so_fake_ood,real,,test_ood,f0ceb0bd0a43d0b3,resize05
0,so_fake_ood,real,,test_ood,f0ceb0bd0a43d0b3,resize025
0,so_fake_ood,real,,test_ood,f0ceb0bd0a43d0b3,noise002
0,so_fake_ood,real,,test_ood,f0ceb0bd0a43d0b3,noise005
0,so_fake_ood,real,,test_ood,f0ceb0bd0a43d0b3,noise01
0,so_fake_ood,real,,test_ood,f0ceb0bd0a43d0b3,jitter02
0,so_fake_ood,real,,test_ood,f0ceb0bd0a43d0b3,crop08
0,so_fake_ood,real,,test_ood,c75b7d3ca0cd20f1,clean
0,so_fake_ood,real,,test_ood,c75b7d3ca0cd20f1,jpeg90
0,so_fake_ood,real,,test_ood,c75b7d3ca0cd20f1,jpeg70
0,so_fake_ood,real,,test_ood,c75b7d3ca0cd20f1,jpeg50
0,so_fake_ood,real,,test_ood,c75b7d3ca0cd20f1,jpeg30
0,so_fake_ood,real,,test_ood,c75b7d3ca0cd20f1,blur05
0,so_fake_ood,real,,test_ood,c75b7d3ca0cd20f1,blur10
0,so_fake_ood,real,,test_ood,c75b7d3ca0cd20f1,blur20
0,so_fake_ood,real,,test_ood,c75b7d3ca0cd20f1,resize05
0,so_fake_ood,real,,test_ood,c75b7d3ca0cd20f1,resize025
0,so_fake_ood,real,,test_ood,c75b7d3ca0cd20f1,noise002
0,so_fake_ood,real,,test_ood,c75b7d3ca0cd20f1,noise005
0,so_fake_ood,real,,test_ood,c75b7d3ca0cd20f1,noise01
0,so_fake_ood,real,,test_ood,c75b7d3ca0cd20f1,jitter02
0,so_fake_ood,real,,test_ood,c75b7d3ca0cd20f1,crop08
0,so_fake_ood,real,,test_ood,c6139474ad59b092,clean
0,so_fake_ood,real,,test_ood,c6139474ad59b092,jpeg90
0,so_fake_ood,real,,test_ood,c6139474ad59b092,jpeg70
0,so_fake_ood,real,,test_ood,c6139474ad59b092,jpeg50
0,so_fake_ood,real,,test_ood,c6139474ad59b092,jpeg30
0,so_fake_ood,real,,test_ood,c6139474ad59b092,blur05
0,so_fake_ood,real,,test_ood,c6139474ad59b092,blur10
0,so_fake_ood,real,,test_ood,c6139474ad59b092,blur20
0,so_fake_ood,real,,test_ood,c6139474ad59b092,resize05
0,so_fake_ood,real,,test_ood,c6139474ad59b092,resize025
0,so_fake_ood,real,,test_ood,c6139474ad59b092,noise002
0,so_fake_ood,real,,test_ood,c6139474ad59b092,noise005
0,so_fake_ood,real,,test_ood,c6139474ad59b092,noise01
0,so_fake_ood,real,,test_ood,c6139474ad59b092,jitter02
0,so_fake_ood,real,,test_ood,c6139474ad59b092,crop08
0,so_fake_ood,real,,test_ood,b7e6397e835f2459,clean
0,so_fake_ood,real,,test_ood,b7e6397e835f2459,jpeg90
0,so_fake_ood,real,,test_ood,b7e6397e835f2459,jpeg70
0,so_fake_ood,real,,test_ood,b7e6397e835f2459,jpeg50
0,so_fake_ood,real,,test_ood,b7e6397e835f2459,jpeg30
0,so_fake_ood,real,,test_ood,b7e6397e835f2459,blur05
0,so_fake_ood,real,,test_ood,b7e6397e835f2459,blur10
0,so_fake_ood,real,,test_ood,b7e6397e835f2459,blur20
0,so_fake_ood,real,,test_ood,b7e6397e835f2459,resize05
0,so_fake_ood,real,,test_ood,b7e6397e835f2459,resize025
0,so_fake_ood,real,,test_ood,b7e6397e835f2459,noise002
0,so_fake_ood,real,,test_ood,b7e6397e835f2459,noise005
0,so_fake_ood,real,,test_ood,b7e6397e835f2459,noise01
0,so_fake_ood,real,,test_ood,b7e6397e835f2459,jitter02
0,so_fake_ood,real,,test_ood,b7e6397e835f2459,crop08
0,so_fake_ood,real,,test_ood,f8921fec3b25decb,clean
0,so_fake_ood,real,,test_ood,f8921fec3b25decb,jpeg90
0,so_fake_ood,real,,test_ood,f8921fec3b25decb,jpeg70
0,so_fake_ood,real,,test_ood,f8921fec3b25decb,jpeg50
0,so_fake_ood,real,,test_ood,f8921fec3b25decb,jpeg30
0,so_fake_ood,real,,test_ood,f8921fec3b25decb,blur05
0,so_fake_ood,real,,test_ood,f8921fec3b25decb,blur10
0,so_fake_ood,real,,test_ood,f8921fec3b25decb,blur20
0,so_fake_ood,real,,test_ood,f8921fec3b25decb,resize05
0,so_fake_ood,real,,test_ood,f8921fec3b25decb,resize025
0,so_fake_ood,real,,test_ood,f8921fec3b25decb,noise002
0,so_fake_ood,real,,test_ood,f8921fec3b25decb,noise005
0,so_fake_ood,real,,test_ood,f8921fec3b25decb,noise01
0,so_fake_ood,real,,test_ood,f8921fec3b25decb,jitter02
0,so_fake_ood,real,,test_ood,f8921fec3b25decb,crop08
0,so_fake_ood,real,,test_ood,4ae3fe98e8d06bf8,clean
0,so_fake_ood,real,,test_ood,4ae3fe98e8d06bf8,jpeg90
0,so_fake_ood,real,,test_ood,4ae3fe98e8d06bf8,jpeg70
0,so_fake_ood,real,,test_ood,4ae3fe98e8d06bf8,jpeg50
0,so_fake_ood,real,,test_ood,4ae3fe98e8d06bf8,jpeg30
0,so_fake_ood,real,,test_ood,4ae3fe98e8d06bf8,blur05
0,so_fake_ood,real,,test_ood,4ae3fe98e8d06bf8,blur10
0,so_fake_ood,real,,test_ood,4ae3fe98e8d06bf8,blur20
0,so_fake_ood,real,,test_ood,4ae3fe98e8d06bf8,resize05
0,so_fake_ood,real,,test_ood,4ae3fe98e8d06bf8,resize025
0,so_fake_ood,real,,test_ood,4ae3fe98e8d06bf8,noise002
0,so_fake_ood,real,,test_ood,4ae3fe98e8d06bf8,noise005
0,so_fake_ood,real,,test_ood,4ae3fe98e8d06bf8,noise01
0,so_fake_ood,real,,test_ood,4ae3fe98e8d06bf8,jitter02
0,so_fake_ood,real,,test_ood,4ae3fe98e8d06bf8,crop08
0,so_fake_ood,real,,test_ood,180ab327d4a6b4e6,clean
0,so_fake_ood,real,,test_ood,180ab327d4a6b4e6,jpeg90
0,so_fake_ood,real,,test_ood,180ab327d4a6b4e6,jpeg70
0,so_fake_ood,real,,test_ood,180ab327d4a6b4e6,jpeg50
0,so_fake_ood,real,,test_ood,180ab327d4a6b4e6,jpeg30
0,so_fake_ood,real,,test_ood,180ab327d4a6b4e6,blur05
0,so_fake_ood,real,,test_ood,180ab327d4a6b4e6,blur10
0,so_fake_ood,real,,test_ood,180ab327d4a6b4e6,blur20
0,so_fake_ood,real,,test_ood,180ab327d4a6b4e6,resize05
0,so_fake_ood,real,,test_ood,180ab327d4a6b4e6,resize025
0,so_fake_ood,real,,test_ood,180ab327d4a6b4e6,noise002
0,so_fake_ood,real,,test_ood,180ab327d4a6b4e6,noise005
0,so_fake_ood,real,,test_ood,180ab327d4a6b4e6,noise01
0,so_fake_ood,real,,test_ood,180ab327d4a6b4e6,jitter02
0,so_fake_ood,real,,test_ood,180ab327d4a6b4e6,crop08
0,so_fake_ood,real,,test_ood,12f7889248c91842,clean
0,so_fake_ood,real,,test_ood,12f7889248c91842,jpeg90
0,so_fake_ood,real,,test_ood,12f7889248c91842,jpeg70
0,so_fake_ood,real,,test_ood,12f7889248c91842,jpeg50
0,so_fake_ood,real,,test_ood,12f7889248c91842,jpeg30
0,so_fake_ood,real,,test_ood,12f7889248c91842,blur05
0,so_fake_ood,real,,test_ood,12f7889248c91842,blur10
0,so_fake_ood,real,,test_ood,12f7889248c91842,blur20
0,so_fake_ood,real,,test_ood,12f7889248c91842,resize05
0,so_fake_ood,real,,test_ood,12f7889248c91842,resize025
0,so_fake_ood,real,,test_ood,12f7889248c91842,noise002
0,so_fake_ood,real,,test_ood,12f7889248c91842,noise005
0,so_fake_ood,real,,test_ood,12f7889248c91842,noise01
0,so_fake_ood,real,,test_ood,12f7889248c91842,jitter02
0,so_fake_ood,real,,test_ood,12f7889248c91842,crop08
0,so_fake_ood,real,,test_ood,eabba0c1ba254c98,clean
0,so_fake_ood,real,,test_ood,eabba0c1ba254c98,jpeg90
0,so_fake_ood,real,,test_ood,eabba0c1ba254c98,jpeg70
0,so_fake_ood,real,,test_ood,eabba0c1ba254c98,jpeg50
0,so_fake_ood,real,,test_ood,eabba0c1ba254c98,jpeg30
0,so_fake_ood,real,,test_ood,eabba0c1ba254c98,blur05
0,so_fake_ood,real,,test_ood,eabba0c1ba254c98,blur10
0,so_fake_ood,real,,test_ood,eabba0c1ba254c98,blur20
0,so_fake_ood,real,,test_ood,eabba0c1ba254c98,resize05
0,so_fake_ood,real,,test_ood,eabba0c1ba254c98,resize025
0,so_fake_ood,real,,test_ood,eabba0c1ba254c98,noise002
0,so_fake_ood,real,,test_ood,eabba0c1ba254c98,noise005
0,so_fake_ood,real,,test_ood,eabba0c1ba254c98,noise01
0,so_fake_ood,real,,test_ood,eabba0c1ba254c98,jitter02
0,so_fake_ood,real,,test_ood,eabba0c1ba254c98,crop08
0,so_fake_ood,real,,test_ood,1e0fe41f2360abd8,clean
0,so_fake_ood,real,,test_ood,1e0fe41f2360abd8,jpeg90
0,so_fake_ood,real,,test_ood,1e0fe41f2360abd8,jpeg70
0,so_fake_ood,real,,test_ood,1e0fe41f2360abd8,jpeg50
0,so_fake_ood,real,,test_ood,1e0fe41f2360abd8,jpeg30
0,so_fake_ood,real,,test_ood,1e0fe41f2360abd8,blur05
0,so_fake_ood,real,,test_ood,1e0fe41f2360abd8,blur10
0,so_fake_ood,real,,test_ood,1e0fe41f2360abd8,blur20
0,so_fake_ood,real,,test_ood,1e0fe41f2360abd8,resize05
0,so_fake_ood,real,,test_ood,1e0fe41f2360abd8,resize025
0,so_fake_ood,real,,test_ood,1e0fe41f2360abd8,noise002
0,so_fake_ood,real,,test_ood,1e0fe41f2360abd8,noise005
0,so_fake_ood,real,,test_ood,1e0fe41f2360abd8,noise01
0,so_fake_ood,real,,test_ood,1e0fe41f2360abd8,jitter02
0,so_fake_ood,real,,test_ood,1e0fe41f2360abd8,crop08
0,so_fake_ood,real,,test_ood,21edc7d20ac4a6e0,clean
0,so_fake_ood,real,,test_ood,21edc7d20ac4a6e0,jpeg90
0,so_fake_ood,real,,test_ood,21edc7d20ac4a6e0,jpeg70
0,so_fake_ood,real,,test_ood,21edc7d20ac4a6e0,jpeg50
0,so_fake_ood,real,,test_ood,21edc7d20ac4a6e0,jpeg30
0,so_fake_ood,real,,test_ood,21edc7d20ac4a6e0,blur05
0,so_fake_ood,real,,test_ood,21edc7d20ac4a6e0,blur10
0,so_fake_ood,real,,test_ood,21edc7d20ac4a6e0,blur20
0,so_fake_ood,real,,test_ood,21edc7d20ac4a6e0,resize05
0,so_fake_ood,real,,test_ood,21edc7d20ac4a6e0,resize025
0,so_fake_ood,real,,test_ood,21edc7d20ac4a6e0,noise002
0,so_fake_ood,real,,test_ood,21edc7d20ac4a6e0,noise005
0,so_fake_ood,real,,test_ood,21edc7d20ac4a6e0,noise01
0,so_fake_ood,real,,test_ood,21edc7d20ac4a6e0,jitter02
0,so_fake_ood,real,,test_ood,21edc7d20ac4a6e0,crop08
0,so_fake_ood,real,,test_ood,0826a06f2485d81b,clean
0,so_fake_ood,real,,test_ood,0826a06f2485d81b,jpeg90
0,so_fake_ood,real,,test_ood,0826a06f2485d81b,jpeg70
0,so_fake_ood,real,,test_ood,0826a06f2485d81b,jpeg50
0,so_fake_ood,real,,test_ood,0826a06f2485d81b,jpeg30
0,so_fake_ood,real,,test_ood,0826a06f2485d81b,blur05
0,so_fake_ood,real,,test_ood,0826a06f2485d81b,blur10
0,so_fake_ood,real,,test_ood,0826a06f2485d81b,blur20
0,so_fake_ood,real,,test_ood,0826a06f2485d81b,resize05
0,so_fake_ood,real,,test_ood,0826a06f2485d81b,resize025
0,so_fake_ood,real,,test_ood,0826a06f2485d81b,noise002
0,so_fake_ood,real,,test_ood,0826a06f2485d81b,noise005
0,so_fake_ood,real,,test_ood,0826a06f2485d81b,noise01
0,so_fake_ood,real,,test_ood,0826a06f2485d81b,jitter02
0,so_fake_ood,real,,test_ood,0826a06f2485d81b,crop08
0,so_fake_ood,real,,test_ood,ce506d6b0a22a862,clean
0,so_fake_ood,real,,test_ood,ce506d6b0a22a862,jpeg90
0,so_fake_ood,real,,test_ood,ce506d6b0a22a862,jpeg70
0,so_fake_ood,real,,test_ood,ce506d6b0a22a862,jpeg50
0,so_fake_ood,real,,test_ood,ce506d6b0a22a862,jpeg30
0,so_fake_ood,real,,test_ood,ce506d6b0a22a862,blur05
0,so_fake_ood,real,,test_ood,ce506d6b0a22a862,blur10
0,so_fake_ood,real,,test_ood,ce506d6b0a22a862,blur20
0,so_fake_ood,real,,test_ood,ce506d6b0a22a862,resize05
0,so_fake_ood,real,,test_ood,ce506d6b0a22a862,resize025
0,so_fake_ood,real,,test_ood,ce506d6b0a22a862,noise002
0,so_fake_ood,real,,test_ood,ce506d6b0a22a862,noise005
0,so_fake_ood,real,,test_ood,ce506d6b0a22a862,noise01
0,so_fake_ood,real,,test_ood,ce506d6b0a22a862,jitter02
0,so_fake_ood,real,,test_ood,ce506d6b0a22a862,crop08
0,so_fake_ood,real,,test_ood,afffbe4cbf335de9,clean
0,so_fake_ood,real,,test_ood,afffbe4cbf335de9,jpeg90
0,so_fake_ood,real,,test_ood,afffbe4cbf335de9,jpeg70
0,so_fake_ood,real,,test_ood,afffbe4cbf335de9,jpeg50
0,so_fake_ood,real,,test_ood,afffbe4cbf335de9,jpeg30
0,so_fake_ood,real,,test_ood,afffbe4cbf335de9,blur05
0,so_fake_ood,real,,test_ood,afffbe4cbf335de9,blur10
0,so_fake_ood,real,,test_ood,afffbe4cbf335de9,blur20
0,so_fake_ood,real,,test_ood,afffbe4cbf335de9,resize05
0,so_fake_ood,real,,test_ood,afffbe4cbf335de9,resize025
0,so_fake_ood,real,,test_ood,afffbe4cbf335de9,noise002
0,so_fake_ood,real,,test_ood,afffbe4cbf335de9,noise005
0,so_fake_ood,real,,test_ood,afffbe4cbf335de9,noise01
0,so_fake_ood,real,,test_ood,afffbe4cbf335de9,jitter02
0,so_fake_ood,real,,test_ood,afffbe4cbf335de9,crop08
0,so_fake_ood,real,,test_ood,31bf8663ebfd0f33,clean
0,so_fake_ood,real,,test_ood,31bf8663ebfd0f33,jpeg90
0,so_fake_ood,real,,test_ood,31bf8663ebfd0f33,jpeg70
0,so_fake_ood,real,,test_ood,31bf8663ebfd0f33,jpeg50
0,so_fake_ood,real,,test_ood,31bf8663ebfd0f33,jpeg30
0,so_fake_ood,real,,test_ood,31bf8663ebfd0f33,blur05
0,so_fake_ood,real,,test_ood,31bf8663ebfd0f33,blur10
0,so_fake_ood,real,,test_ood,31bf8663ebfd0f33,blur20
0,so_fake_ood,real,,test_ood,31bf8663ebfd0f33,resize05
0,so_fake_ood,real,,test_ood,31bf8663ebfd0f33,resize025
0,so_fake_ood,real,,test_ood,31bf8663ebfd0f33,noise002
0,so_fake_ood,real,,test_ood,31bf8663ebfd0f33,noise005
0,so_fake_ood,real,,test_ood,31bf8663ebfd0f33,noise01
0,so_fake_ood,real,,test_ood,31bf8663ebfd0f33,jitter02
0,so_fake_ood,real,,test_ood,31bf8663ebfd0f33,crop08
0,so_fake_ood,real,,test_ood,dd01101ac5b55670,clean
0,so_fake_ood,real,,test_ood,dd01101ac5b55670,jpeg90
0,so_fake_ood,real,,test_ood,dd01101ac5b55670,jpeg70
0,so_fake_ood,real,,test_ood,dd01101ac5b55670,jpeg50
0,so_fake_ood,real,,test_ood,dd01101ac5b55670,jpeg30
0,so_fake_ood,real,,test_ood,dd01101ac5b55670,blur05
0,so_fake_ood,real,,test_ood,dd01101ac5b55670,blur10
0,so_fake_ood,real,,test_ood,dd01101ac5b55670,blur20
0,so_fake_ood,real,,test_ood,dd01101ac5b55670,resize05
0,so_fake_ood,real,,test_ood,dd01101ac5b55670,resize025
0,so_fake_ood,real,,test_ood,dd01101ac5b55670,noise002
0,so_fake_ood,real,,test_ood,dd01101ac5b55670,noise005
0,so_fake_ood,real,,test_ood,dd01101ac5b55670,noise01
0,so_fake_ood,real,,test_ood,dd01101ac5b55670,jitter02
0,so_fake_ood,real,,test_ood,dd01101ac5b55670,crop08
0,so_fake_ood,real,,test_ood,71b4d06bd586cad1,clean
0,so_fake_ood,real,,test_ood,71b4d06bd586cad1,jpeg90
0,so_fake_ood,real,,test_ood,71b4d06bd586cad1,jpeg70
0,so_fake_ood,real,,test_ood,71b4d06bd586cad1,jpeg50
0,so_fake_ood,real,,test_ood,71b4d06bd586cad1,jpeg30
0,so_fake_ood,real,,test_ood,71b4d06bd586cad1,blur05
0,so_fake_ood,real,,test_ood,71b4d06bd586cad1,blur10
0,so_fake_ood,real,,test_ood,71b4d06bd586cad1,blur20
0,so_fake_ood,real,,test_ood,71b4d06bd586cad1,resize05
0,so_fake_ood,real,,test_ood,71b4d06bd586cad1,resize025
0,so_fake_ood,real,,test_ood,71b4d06bd586cad1,noise002
0,so_fake_ood,real,,test_ood,71b4d06bd586cad1,noise005
0,so_fake_ood,real,,test_ood,71b4d06bd586cad1,noise01
0,so_fake_ood,real,,test_ood,71b4d06bd586cad1,jitter02
0,so_fake_ood,real,,test_ood,71b4d06bd586cad1,crop08
0,so_fake_ood,real,,test_ood,01ef83651979e171,clean
0,so_fake_ood,real,,test_ood,01ef83651979e171,jpeg90
0,so_fake_ood,real,,test_ood,01ef83651979e171,jpeg70
0,so_fake_ood,real,,test_ood,01ef83651979e171,jpeg50
0,so_fake_ood,real,,test_ood,01ef83651979e171,jpeg30
0,so_fake_ood,real,,test_ood,01ef83651979e171,blur05
0,so_fake_ood,real,,test_ood,01ef83651979e171,blur10
0,so_fake_ood,real,,test_ood,01ef83651979e171,blur20
0,so_fake_ood,real,,test_ood,01ef83651979e171,resize05
0,so_fake_ood,real,,test_ood,01ef83651979e171,resize025
0,so_fake_ood,real,,test_ood,01ef83651979e171,noise002
0,so_fake_ood,real,,test_ood,01ef83651979e171,noise005
0,so_fake_ood,real,,test_ood,01ef83651979e171,noise01
0,so_fake_ood,real,,test_ood,01ef83651979e171,jitter02
0,so_fake_ood,real,,test_ood,01ef83651979e171,crop08
0,so_fake_ood,real,,test_ood,32f8e91061641581,clean
0,so_fake_ood,real,,test_ood,32f8e91061641581,jpeg90
0,so_fake_ood,real,,test_ood,32f8e91061641581,jpeg70
0,so_fake_ood,real,,test_ood,32f8e91061641581,jpeg50
0,so_fake_ood,real,,test_ood,32f8e91061641581,jpeg30
0,so_fake_ood,real,,test_ood,32f8e91061641581,blur05
0,so_fake_ood,real,,test_ood,32f8e91061641581,blur10
0,so_fake_ood,real,,test_ood,32f8e91061641581,blur20
0,so_fake_ood,real,,test_ood,32f8e91061641581,resize05
0,so_fake_ood,real,,test_ood,32f8e91061641581,resize025
0,so_fake_ood,real,,test_ood,32f8e91061641581,noise002
0,so_fake_ood,real,,test_ood,32f8e91061641581,noise005
0,so_fake_ood,real,,test_ood,32f8e91061641581,noise01
0,so_fake_ood,real,,test_ood,32f8e91061641581,jitter02
0,so_fake_ood,real,,test_ood,32f8e91061641581,crop08
0,so_fake_ood,real,,test_ood,bf97c4af91280b1b,clean
0,so_fake_ood,real,,test_ood,bf97c4af91280b1b,jpeg90
0,so_fake_ood,real,,test_ood,bf97c4af91280b1b,jpeg70
0,so_fake_ood,real,,test_ood,bf97c4af91280b1b,jpeg50
0,so_fake_ood,real,,test_ood,bf97c4af91280b1b,jpeg30
0,so_fake_ood,real,,test_ood,bf97c4af91280b1b,blur05
0,so_fake_ood,real,,test_ood,bf97c4af91280b1b,blur10
0,so_fake_ood,real,,test_ood,bf97c4af91280b1b,blur20
0,so_fake_ood,real,,test_ood,bf97c4af91280b1b,resize05
0,so_fake_ood,real,,test_ood,bf97c4af91280b1b,resize025
0,so_fake_ood,real,,test_ood,bf97c4af91280b1b,noise002
0,so_fake_ood,real,,test_ood,bf97c4af91280b1b,noise005
0,so_fake_ood,real,,test_ood,bf97c4af91280b1b,noise01
0,so_fake_ood,real,,test_ood,bf97c4af91280b1b,jitter02
0,so_fake_ood,real,,test_ood,bf97c4af91280b1b,crop08
0,so_fake_ood,real,,test_ood,aa3eb41ebc1fa332,clean
0,so_fake_ood,real,,test_ood,aa3eb41ebc1fa332,jpeg90
0,so_fake_ood,real,,test_ood,aa3eb41ebc1fa332,jpeg70
0,so_fake_ood,real,,test_ood,aa3eb41ebc1fa332,jpeg50
0,so_fake_ood,real,,test_ood,aa3eb41ebc1fa332,jpeg30
0,so_fake_ood,real,,test_ood,aa3eb41ebc1fa332,blur05
0,so_fake_ood,real,,test_ood,aa3eb41ebc1fa332,blur10
0,so_fake_ood,real,,test_ood,aa3eb41ebc1fa332,blur20
0,so_fake_ood,real,,test_ood,aa3eb41ebc1fa332,resize05
0,so_fake_ood,real,,test_ood,aa3eb41ebc1fa332,resize025
0,so_fake_ood,real,,test_ood,aa3eb41ebc1fa332,noise002
0,so_fake_ood,real,,test_ood,aa3eb41ebc1fa332,noise005
0,so_fake_ood,real,,test_ood,aa3eb41ebc1fa332,noise01
0,so_fake_ood,real,,test_ood,aa3eb41ebc1fa332,jitter02
0,so_fake_ood,real,,test_ood,aa3eb41ebc1fa332,crop08
0,so_fake_ood,real,,test_ood,265d296f2f583d6b,clean
0,so_fake_ood,real,,test_ood,265d296f2f583d6b,jpeg90
0,so_fake_ood,real,,test_ood,265d296f2f583d6b,jpeg70
0,so_fake_ood,real,,test_ood,265d296f2f583d6b,jpeg50
0,so_fake_ood,real,,test_ood,265d296f2f583d6b,jpeg30
0,so_fake_ood,real,,test_ood,265d296f2f583d6b,blur05
0,so_fake_ood,real,,test_ood,265d296f2f583d6b,blur10
0,so_fake_ood,real,,test_ood,265d296f2f583d6b,blur20
0,so_fake_ood,real,,test_ood,265d296f2f583d6b,resize05
0,so_fake_ood,real,,test_ood,265d296f2f583d6b,resize025
0,so_fake_ood,real,,test_ood,265d296f2f583d6b,noise002
0,so_fake_ood,real,,test_ood,265d296f2f583d6b,noise005
0,so_fake_ood,real,,test_ood,265d296f2f583d6b,noise01
0,so_fake_ood,real,,test_ood,265d296f2f583d6b,jitter02
0,so_fake_ood,real,,test_ood,265d296f2f583d6b,crop08
0,so_fake_ood,real,,test_ood,c78067d68f173317,clean
0,so_fake_ood,real,,test_ood,c78067d68f173317,jpeg90
0,so_fake_ood,real,,test_ood,c78067d68f173317,jpeg70
0,so_fake_ood,real,,test_ood,c78067d68f173317,jpeg50
0,so_fake_ood,real,,test_ood,c78067d68f173317,jpeg30
0,so_fake_ood,real,,test_ood,c78067d68f173317,blur05
0,so_fake_ood,real,,test_ood,c78067d68f173317,blur10
0,so_fake_ood,real,,test_ood,c78067d68f173317,blur20
0,so_fake_ood,real,,test_ood,c78067d68f173317,resize05
0,so_fake_ood,real,,test_ood,c78067d68f173317,resize025
0,so_fake_ood,real,,test_ood,c78067d68f173317,noise002
0,so_fake_ood,real,,test_ood,c78067d68f173317,noise005
0,so_fake_ood,real,,test_ood,c78067d68f173317,noise01
0,so_fake_ood,real,,test_ood,c78067d68f173317,jitter02
0,so_fake_ood,real,,test_ood,c78067d68f173317,crop08
0,so_fake_ood,real,,test_ood,455f743e1d93cc39,clean
0,so_fake_ood,real,,test_ood,455f743e1d93cc39,jpeg90
0,so_fake_ood,real,,test_ood,455f743e1d93cc39,jpeg70
0,so_fake_ood,real,,test_ood,455f743e1d93cc39,jpeg50
0,so_fake_ood,real,,test_ood,455f743e1d93cc39,jpeg30
0,so_fake_ood,real,,test_ood,455f743e1d93cc39,blur05
0,so_fake_ood,real,,test_ood,455f743e1d93cc39,blur10
0,so_fake_ood,real,,test_ood,455f743e1d93cc39,blur20
0,so_fake_ood,real,,test_ood,455f743e1d93cc39,resize05
0,so_fake_ood,real,,test_ood,455f743e1d93cc39,resize025
0,so_fake_ood,real,,test_ood,455f743e1d93cc39,noise002
0,so_fake_ood,real,,test_ood,455f743e1d93cc39,noise005
0,so_fake_ood,real,,test_ood,455f743e1d93cc39,noise01
0,so_fake_ood,real,,test_ood,455f743e1d93cc39,jitter02
0,so_fake_ood,real,,test_ood,455f743e1d93cc39,crop08
0,so_fake_ood,real,,test_ood,ce0d6217ca766b9d,clean
0,so_fake_ood,real,,test_ood,ce0d6217ca766b9d,jpeg90
0,so_fake_ood,real,,test_ood,ce0d6217ca766b9d,jpeg70
0,so_fake_ood,real,,test_ood,ce0d6217ca766b9d,jpeg50
0,so_fake_ood,real,,test_ood,ce0d6217ca766b9d,jpeg30
0,so_fake_ood,real,,test_ood,ce0d6217ca766b9d,blur05
0,so_fake_ood,real,,test_ood,ce0d6217ca766b9d,blur10
0,so_fake_ood,real,,test_ood,ce0d6217ca766b9d,blur20
0,so_fake_ood,real,,test_ood,ce0d6217ca766b9d,resize05
0,so_fake_ood,real,,test_ood,ce0d6217ca766b9d,resize025
0,so_fake_ood,real,,test_ood,ce0d6217ca766b9d,noise002
0,so_fake_ood,real,,test_ood,ce0d6217ca766b9d,noise005
0,so_fake_ood,real,,test_ood,ce0d6217ca766b9d,noise01
0,so_fake_ood,real,,test_ood,ce0d6217ca766b9d,jitter02
0,so_fake_ood,real,,test_ood,ce0d6217ca766b9d,crop08
0,so_fake_ood,real,,test_ood,3fe28730b30fad5b,clean
0,so_fake_ood,real,,test_ood,3fe28730b30fad5b,jpeg90
0,so_fake_ood,real,,test_ood,3fe28730b30fad5b,jpeg70
0,so_fake_ood,real,,test_ood,3fe28730b30fad5b,jpeg50
0,so_fake_ood,real,,test_ood,3fe28730b30fad5b,jpeg30
0,so_fake_ood,real,,test_ood,3fe28730b30fad5b,blur05
0,so_fake_ood,real,,test_ood,3fe28730b30fad5b,blur10
0,so_fake_ood,real,,test_ood,3fe28730b30fad5b,blur20
0,so_fake_ood,real,,test_ood,3fe28730b30fad5b,resize05
0,so_fake_ood,real,,test_ood,3fe28730b30fad5b,resize025
0,so_fake_ood,real,,test_ood,3fe28730b30fad5b,noise002
0,so_fake_ood,real,,test_ood,3fe28730b30fad5b,noise005
0,so_fake_ood,real,,test_ood,3fe28730b30fad5b,noise01
0,so_fake_ood,real,,test_ood,3fe28730b30fad5b,jitter02
0,so_fake_ood,real,,test_ood,3fe28730b30fad5b,crop08
0,so_fake_ood,real,,test_ood,9556180216deaa28,clean
0,so_fake_ood,real,,test_ood,9556180216deaa28,jpeg90
0,so_fake_ood,real,,test_ood,9556180216deaa28,jpeg70
0,so_fake_ood,real,,test_ood,9556180216deaa28,jpeg50
0,so_fake_ood,real,,test_ood,9556180216deaa28,jpeg30
0,so_fake_ood,real,,test_ood,9556180216deaa28,blur05
0,so_fake_ood,real,,test_ood,9556180216deaa28,blur10
0,so_fake_ood,real,,test_ood,9556180216deaa28,blur20
0,so_fake_ood,real,,test_ood,9556180216deaa28,resize05
0,so_fake_ood,real,,test_ood,9556180216deaa28,resize025
0,so_fake_ood,real,,test_ood,9556180216deaa28,noise002
0,so_fake_ood,real,,test_ood,9556180216deaa28,noise005
0,so_fake_ood,real,,test_ood,9556180216deaa28,noise01
0,so_fake_ood,real,,test_ood,9556180216deaa28,jitter02
0,so_fake_ood,real,,test_ood,9556180216deaa28,crop08
0,so_fake_ood,real,,test_ood,6ff04a48ff9a73c9,clean
0,so_fake_ood,real,,test_ood,6ff04a48ff9a73c9,jpeg90
0,so_fake_ood,real,,test_ood,6ff04a48ff9a73c9,jpeg70
0,so_fake_ood,real,,test_ood,6ff04a48ff9a73c9,jpeg50
0,so_fake_ood,real,,test_ood,6ff04a48ff9a73c9,jpeg30
0,so_fake_ood,real,,test_ood,6ff04a48ff9a73c9,blur05
0,so_fake_ood,real,,test_ood,6ff04a48ff9a73c9,blur10
0,so_fake_ood,real,,test_ood,6ff04a48ff9a73c9,blur20
0,so_fake_ood,real,,test_ood,6ff04a48ff9a73c9,resize05
0,so_fake_ood,real,,test_ood,6ff04a48ff9a73c9,resize025
0,so_fake_ood,real,,test_ood,6ff04a48ff9a73c9,noise002
0,so_fake_ood,real,,test_ood,6ff04a48ff9a73c9,noise005
0,so_fake_ood,real,,test_ood,6ff04a48ff9a73c9,noise01
0,so_fake_ood,real,,test_ood,6ff04a48ff9a73c9,jitter02
0,so_fake_ood,real,,test_ood,6ff04a48ff9a73c9,crop08
0,so_fake_ood,real,,test_ood,ceba5946d74eb150,clean
0,so_fake_ood,real,,test_ood,ceba5946d74eb150,jpeg90
0,so_fake_ood,real,,test_ood,ceba5946d74eb150,jpeg70
0,so_fake_ood,real,,test_ood,ceba5946d74eb150,jpeg50
0,so_fake_ood,real,,test_ood,ceba5946d74eb150,jpeg30
0,so_fake_ood,real,,test_ood,ceba5946d74eb150,blur05
0,so_fake_ood,real,,test_ood,ceba5946d74eb150,blur10
0,so_fake_ood,real,,test_ood,ceba5946d74eb150,blur20
0,so_fake_ood,real,,test_ood,ceba5946d74eb150,resize05
0,so_fake_ood,real,,test_ood,ceba5946d74eb150,resize025
0,so_fake_ood,real,,test_ood,ceba5946d74eb150,noise002
0,so_fake_ood,real,,test_ood,ceba5946d74eb150,noise005
0,so_fake_ood,real,,test_ood,ceba5946d74eb150,noise01
0,so_fake_ood,real,,test_ood,ceba5946d74eb150,jitter02
0,so_fake_ood,real,,test_ood,ceba5946d74eb150,crop08
0,so_fake_ood,real,,test_ood,642506ca33c08f41,clean
0,so_fake_ood,real,,test_ood,642506ca33c08f41,jpeg90
0,so_fake_ood,real,,test_ood,642506ca33c08f41,jpeg70
0,so_fake_ood,real,,test_ood,642506ca33c08f41,jpeg50
0,so_fake_ood,real,,test_ood,642506ca33c08f41,jpeg30
0,so_fake_ood,real,,test_ood,642506ca33c08f41,blur05
0,so_fake_ood,real,,test_ood,642506ca33c08f41,blur10
0,so_fake_ood,real,,test_ood,642506ca33c08f41,blur20
0,so_fake_ood,real,,test_ood,642506ca33c08f41,resize05
0,so_fake_ood,real,,test_ood,642506ca33c08f41,resize025
0,so_fake_ood,real,,test_ood,642506ca33c08f41,noise002
0,so_fake_ood,real,,test_ood,642506ca33c08f41,noise005
0,so_fake_ood,real,,test_ood,642506ca33c08f41,noise01
0,so_fake_ood,real,,test_ood,642506ca33c08f41,jitter02
0,so_fake_ood,real,,test_ood,642506ca33c08f41,crop08
0,so_fake_ood,real,,test_ood,05d6f01b814f2126,clean
0,so_fake_ood,real,,test_ood,05d6f01b814f2126,jpeg90
0,so_fake_ood,real,,test_ood,05d6f01b814f2126,jpeg70
0,so_fake_ood,real,,test_ood,05d6f01b814f2126,jpeg50
0,so_fake_ood,real,,test_ood,05d6f01b814f2126,jpeg30
0,so_fake_ood,real,,test_ood,05d6f01b814f2126,blur05
0,so_fake_ood,real,,test_ood,05d6f01b814f2126,blur10
0,so_fake_ood,real,,test_ood,05d6f01b814f2126,blur20
0,so_fake_ood,real,,test_ood,05d6f01b814f2126,resize05
0,so_fake_ood,real,,test_ood,05d6f01b814f2126,resize025
0,so_fake_ood,real,,test_ood,05d6f01b814f2126,noise002
0,so_fake_ood,real,,test_ood,05d6f01b814f2126,noise005
0,so_fake_ood,real,,test_ood,05d6f01b814f2126,noise01
0,so_fake_ood,real,,test_ood,05d6f01b814f2126,jitter02
0,so_fake_ood,real,,test_ood,05d6f01b814f2126,crop08
0,so_fake_ood,real,,test_ood,32870b79cfddd9ad,clean
0,so_fake_ood,real,,test_ood,32870b79cfddd9ad,jpeg90
0,so_fake_ood,real,,test_ood,32870b79cfddd9ad,jpeg70
0,so_fake_ood,real,,test_ood,32870b79cfddd9ad,jpeg50
0,so_fake_ood,real,,test_ood,32870b79cfddd9ad,jpeg30
0,so_fake_ood,real,,test_ood,32870b79cfddd9ad,blur05
0,so_fake_ood,real,,test_ood,32870b79cfddd9ad,blur10
0,so_fake_ood,real,,test_ood,32870b79cfddd9ad,blur20
0,so_fake_ood,real,,test_ood,32870b79cfddd9ad,resize05
0,so_fake_ood,real,,test_ood,32870b79cfddd9ad,resize025
0,so_fake_ood,real,,test_ood,32870b79cfddd9ad,noise002
0,so_fake_ood,real,,test_ood,32870b79cfddd9ad,noise005
0,so_fake_ood,real,,test_ood,32870b79cfddd9ad,noise01
0,so_fake_ood,real,,test_ood,32870b79cfddd9ad,jitter02
0,so_fake_ood,real,,test_ood,32870b79cfddd9ad,crop08
0,so_fake_ood,real,,test_ood,86f12dd03535e529,clean
0,so_fake_ood,real,,test_ood,86f12dd03535e529,jpeg90
0,so_fake_ood,real,,test_ood,86f12dd03535e529,jpeg70
0,so_fake_ood,real,,test_ood,86f12dd03535e529,jpeg50
0,so_fake_ood,real,,test_ood,86f12dd03535e529,jpeg30
0,so_fake_ood,real,,test_ood,86f12dd03535e529,blur05
0,so_fake_ood,real,,test_ood,86f12dd03535e529,blur10
0,so_fake_ood,real,,test_ood,86f12dd03535e529,blur20
0,so_fake_ood,real,,test_ood,86f12dd03535e529,resize05
0,so_fake_ood,real,,test_ood,86f12dd03535e529,resize025
0,so_fake_ood,real,,test_ood,86f12dd03535e529,noise002
0,so_fake_ood,real,,test_ood,86f12dd03535e529,noise005
0,so_fake_ood,real,,test_ood,86f12dd03535e529,noise01
0,so_fake_ood,real,,test_ood,86f12dd03535e529,jitter02
0,so_fake_ood,real,,test_ood,86f12dd03535e529,crop08
0,so_fake_ood,real,,test_ood,aacb2ef55f5f64b7,clean
0,so_fake_ood,real,,test_ood,aacb2ef55f5f64b7,jpeg90
0,so_fake_ood,real,,test_ood,aacb2ef55f5f64b7,jpeg70
0,so_fake_ood,real,,test_ood,aacb2ef55f5f64b7,jpeg50
0,so_fake_ood,real,,test_ood,aacb2ef55f5f64b7,jpeg30
0,so_fake_ood,real,,test_ood,aacb2ef55f5f64b7,blur05
0,so_fake_ood,real,,test_ood,aacb2ef55f5f64b7,blur10
0,so_fake_ood,real,,test_ood,aacb2ef55f5f64b7,blur20
0,so_fake_ood,real,,test_ood,aacb2ef55f5f64b7,resize05
0,so_fake_ood,real,,test_ood,aacb2ef55f5f64b7,resize025
0,so_fake_ood,real,,test_ood,aacb2ef55f5f64b7,noise002
0,so_fake_ood,real,,test_ood,aacb2ef55f5f64b7,noise005
0,so_fake_ood,real,,test_ood,aacb2ef55f5f64b7,noise01
0,so_fake_ood,real,,test_ood,aacb2ef55f5f64b7,jitter02
0,so_fake_ood,real,,test_ood,aacb2ef55f5f64b7,crop08
0,so_fake_ood,real,,test_ood,18039dca5994e9d2,clean
0,so_fake_ood,real,,test_ood,18039dca5994e9d2,jpeg90
0,so_fake_ood,real,,test_ood,18039dca5994e9d2,jpeg70
0,so_fake_ood,real,,test_ood,18039dca5994e9d2,jpeg50
0,so_fake_ood,real,,test_ood,18039dca5994e9d2,jpeg30
0,so_fake_ood,real,,test_ood,18039dca5994e9d2,blur05
0,so_fake_ood,real,,test_ood,18039dca5994e9d2,blur10
0,so_fake_ood,real,,test_ood,18039dca5994e9d2,blur20
0,so_fake_ood,real,,test_ood,18039dca5994e9d2,resize05
0,so_fake_ood,real,,test_ood,18039dca5994e9d2,resize025
0,so_fake_ood,real,,test_ood,18039dca5994e9d2,noise002
0,so_fake_ood,real,,test_ood,18039dca5994e9d2,noise005
0,so_fake_ood,real,,test_ood,18039dca5994e9d2,noise01
0,so_fake_ood,real,,test_ood,18039dca5994e9d2,jitter02
0,so_fake_ood,real,,test_ood,18039dca5994e9d2,crop08
0,so_fake_ood,real,,test_ood,fcb09e8f9cf4a6d2,clean
0,so_fake_ood,real,,test_ood,fcb09e8f9cf4a6d2,jpeg90
0,so_fake_ood,real,,test_ood,fcb09e8f9cf4a6d2,jpeg70
0,so_fake_ood,real,,test_ood,fcb09e8f9cf4a6d2,jpeg50
0,so_fake_ood,real,,test_ood,fcb09e8f9cf4a6d2,jpeg30
0,so_fake_ood,real,,test_ood,fcb09e8f9cf4a6d2,blur05
0,so_fake_ood,real,,test_ood,fcb09e8f9cf4a6d2,blur10
0,so_fake_ood,real,,test_ood,fcb09e8f9cf4a6d2,blur20
0,so_fake_ood,real,,test_ood,fcb09e8f9cf4a6d2,resize05
0,so_fake_ood,real,,test_ood,fcb09e8f9cf4a6d2,resize025
0,so_fake_ood,real,,test_ood,fcb09e8f9cf4a6d2,noise002
0,so_fake_ood,real,,test_ood,fcb09e8f9cf4a6d2,noise005
0,so_fake_ood,real,,test_ood,fcb09e8f9cf4a6d2,noise01
0,so_fake_ood,real,,test_ood,fcb09e8f9cf4a6d2,jitter02
0,so_fake_ood,real,,test_ood,fcb09e8f9cf4a6d2,crop08
0,so_fake_ood,real,,test_ood,bd65377dace3acc7,clean
0,so_fake_ood,real,,test_ood,bd65377dace3acc7,jpeg90
0,so_fake_ood,real,,test_ood,bd65377dace3acc7,jpeg70
0,so_fake_ood,real,,test_ood,bd65377dace3acc7,jpeg50
0,so_fake_ood,real,,test_ood,bd65377dace3acc7,jpeg30
0,so_fake_ood,real,,test_ood,bd65377dace3acc7,blur05
0,so_fake_ood,real,,test_ood,bd65377dace3acc7,blur10
0,so_fake_ood,real,,test_ood,bd65377dace3acc7,blur20
0,so_fake_ood,real,,test_ood,bd65377dace3acc7,resize05
0,so_fake_ood,real,,test_ood,bd65377dace3acc7,resize025
0,so_fake_ood,real,,test_ood,bd65377dace3acc7,noise002
0,so_fake_ood,real,,test_ood,bd65377dace3acc7,noise005
0,so_fake_ood,real,,test_ood,bd65377dace3acc7,noise01
0,so_fake_ood,real,,test_ood,bd65377dace3acc7,jitter02
0,so_fake_ood,real,,test_ood,bd65377dace3acc7,crop08
0,so_fake_ood,real,,test_ood,2f3f464e3c8f6fed,clean
0,so_fake_ood,real,,test_ood,2f3f464e3c8f6fed,jpeg90
0,so_fake_ood,real,,test_ood,2f3f464e3c8f6fed,jpeg70
0,so_fake_ood,real,,test_ood,2f3f464e3c8f6fed,jpeg50
0,so_fake_ood,real,,test_ood,2f3f464e3c8f6fed,jpeg30
0,so_fake_ood,real,,test_ood,2f3f464e3c8f6fed,blur05
0,so_fake_ood,real,,test_ood,2f3f464e3c8f6fed,blur10
0,so_fake_ood,real,,test_ood,2f3f464e3c8f6fed,blur20
0,so_fake_ood,real,,test_ood,2f3f464e3c8f6fed,resize05
0,so_fake_ood,real,,test_ood,2f3f464e3c8f6fed,resize025
0,so_fake_ood,real,,test_ood,2f3f464e3c8f6fed,noise002
0,so_fake_ood,real,,test_ood,2f3f464e3c8f6fed,noise005
0,so_fake_ood,real,,test_ood,2f3f464e3c8f6fed,noise01
0,so_fake_ood,real,,test_ood,2f3f464e3c8f6fed,jitter02
0,so_fake_ood,real,,test_ood,2f3f464e3c8f6fed,crop08
0,so_fake_ood,real,,test_ood,d9b37ff118af8174,clean
0,so_fake_ood,real,,test_ood,d9b37ff118af8174,jpeg90
0,so_fake_ood,real,,test_ood,d9b37ff118af8174,jpeg70
0,so_fake_ood,real,,test_ood,d9b37ff118af8174,jpeg50
0,so_fake_ood,real,,test_ood,d9b37ff118af8174,jpeg30
0,so_fake_ood,real,,test_ood,d9b37ff118af8174,blur05
0,so_fake_ood,real,,test_ood,d9b37ff118af8174,blur10
0,so_fake_ood,real,,test_ood,d9b37ff118af8174,blur20
0,so_fake_ood,real,,test_ood,d9b37ff118af8174,resize05
0,so_fake_ood,real,,test_ood,d9b37ff118af8174,resize025
0,so_fake_ood,real,,test_ood,d9b37ff118af8174,noise002
0,so_fake_ood,real,,test_ood,d9b37ff118af8174,noise005
0,so_fake_ood,real,,test_ood,d9b37ff118af8174,noise01
0,so_fake_ood,real,,test_ood,d9b37ff118af8174,jitter02
0,so_fake_ood,real,,test_ood,d9b37ff118af8174,crop08
0,so_fake_ood,real,,test_ood,6c906d0dce7cfcfe,clean
0,so_fake_ood,real,,test_ood,6c906d0dce7cfcfe,jpeg90
0,so_fake_ood,real,,test_ood,6c906d0dce7cfcfe,jpeg70
0,so_fake_ood,real,,test_ood,6c906d0dce7cfcfe,jpeg50
0,so_fake_ood,real,,test_ood,6c906d0dce7cfcfe,jpeg30
0,so_fake_ood,real,,test_ood,6c906d0dce7cfcfe,blur05
0,so_fake_ood,real,,test_ood,6c906d0dce7cfcfe,blur10
0,so_fake_ood,real,,test_ood,6c906d0dce7cfcfe,blur20
0,so_fake_ood,real,,test_ood,6c906d0dce7cfcfe,resize05
0,so_fake_ood,real,,test_ood,6c906d0dce7cfcfe,resize025
0,so_fake_ood,real,,test_ood,6c906d0dce7cfcfe,noise002
0,so_fake_ood,real,,test_ood,6c906d0dce7cfcfe,noise005
0,so_fake_ood,real,,test_ood,6c906d0dce7cfcfe,noise01
0,so_fake_ood,real,,test_ood,6c906d0dce7cfcfe,jitter02
0,so_fake_ood,real,,test_ood,6c906d0dce7cfcfe,crop08
0,so_fake_ood,real,,test_ood,96ae680474b61999,clean
0,so_fake_ood,real,,test_ood,96ae680474b61999,jpeg90
0,so_fake_ood,real,,test_ood,96ae680474b61999,jpeg70
0,so_fake_ood,real,,test_ood,96ae680474b61999,jpeg50
0,so_fake_ood,real,,test_ood,96ae680474b61999,jpeg30
0,so_fake_ood,real,,test_ood,96ae680474b61999,blur05
0,so_fake_ood,real,,test_ood,96ae680474b61999,blur10
0,so_fake_ood,real,,test_ood,96ae680474b61999,blur20
0,so_fake_ood,real,,test_ood,96ae680474b61999,resize05
0,so_fake_ood,real,,test_ood,96ae680474b61999,resize025
0,so_fake_ood,real,,test_ood,96ae680474b61999,noise002
0,so_fake_ood,real,,test_ood,96ae680474b61999,noise005
0,so_fake_ood,real,,test_ood,96ae680474b61999,noise01
0,so_fake_ood,real,,test_ood,96ae680474b61999,jitter02
0,so_fake_ood,real,,test_ood,96ae680474b61999,crop08
0,so_fake_ood,real,,test_ood,4d96e3ee4b3037d2,clean
0,so_fake_ood,real,,test_ood,4d96e3ee4b3037d2,jpeg90
0,so_fake_ood,real,,test_ood,4d96e3ee4b3037d2,jpeg70
0,so_fake_ood,real,,test_ood,4d96e3ee4b3037d2,jpeg50
0,so_fake_ood,real,,test_ood,4d96e3ee4b3037d2,jpeg30
0,so_fake_ood,real,,test_ood,4d96e3ee4b3037d2,blur05
0,so_fake_ood,real,,test_ood,4d96e3ee4b3037d2,blur10
0,so_fake_ood,real,,test_ood,4d96e3ee4b3037d2,blur20
0,so_fake_ood,real,,test_ood,4d96e3ee4b3037d2,resize05
0,so_fake_ood,real,,test_ood,4d96e3ee4b3037d2,resize025
0,so_fake_ood,real,,test_ood,4d96e3ee4b3037d2,noise002
0,so_fake_ood,real,,test_ood,4d96e3ee4b3037d2,noise005
0,so_fake_ood,real,,test_ood,4d96e3ee4b3037d2,noise01
0,so_fake_ood,real,,test_ood,4d96e3ee4b3037d2,jitter02
0,so_fake_ood,real,,test_ood,4d96e3ee4b3037d2,crop08
0,so_fake_ood,real,,test_ood,0d125f768c1a7977,clean
0,so_fake_ood,real,,test_ood,0d125f768c1a7977,jpeg90
0,so_fake_ood,real,,test_ood,0d125f768c1a7977,jpeg70
0,so_fake_ood,real,,test_ood,0d125f768c1a7977,jpeg50
0,so_fake_ood,real,,test_ood,0d125f768c1a7977,jpeg30
0,so_fake_ood,real,,test_ood,0d125f768c1a7977,blur05
0,so_fake_ood,real,,test_ood,0d125f768c1a7977,blur10
0,so_fake_ood,real,,test_ood,0d125f768c1a7977,blur20
0,so_fake_ood,real,,test_ood,0d125f768c1a7977,resize05
0,so_fake_ood,real,,test_ood,0d125f768c1a7977,resize025
0,so_fake_ood,real,,test_ood,0d125f768c1a7977,noise002
0,so_fake_ood,real,,test_ood,0d125f768c1a7977,noise005
0,so_fake_ood,real,,test_ood,0d125f768c1a7977,noise01
0,so_fake_ood,real,,test_ood,0d125f768c1a7977,jitter02
0,so_fake_ood,real,,test_ood,0d125f768c1a7977,crop08
0,so_fake_ood,real,,test_ood,d4823d7c2562f9c7,clean
0,so_fake_ood,real,,test_ood,d4823d7c2562f9c7,jpeg90
0,so_fake_ood,real,,test_ood,d4823d7c2562f9c7,jpeg70
0,so_fake_ood,real,,test_ood,d4823d7c2562f9c7,jpeg50
0,so_fake_ood,real,,test_ood,d4823d7c2562f9c7,jpeg30
0,so_fake_ood,real,,test_ood,d4823d7c2562f9c7,blur05
0,so_fake_ood,real,,test_ood,d4823d7c2562f9c7,blur10
0,so_fake_ood,real,,test_ood,d4823d7c2562f9c7,blur20
0,so_fake_ood,real,,test_ood,d4823d7c2562f9c7,resize05
0,so_fake_ood,real,,test_ood,d4823d7c2562f9c7,resize025
0,so_fake_ood,real,,test_ood,d4823d7c2562f9c7,noise002
0,so_fake_ood,real,,test_ood,d4823d7c2562f9c7,noise005
0,so_fake_ood,real,,test_ood,d4823d7c2562f9c7,noise01
0,so_fake_ood,real,,test_ood,d4823d7c2562f9c7,jitter02
0,so_fake_ood,real,,test_ood,d4823d7c2562f9c7,crop08
0,so_fake_ood,real,,test_ood,89df5ef34f405873,clean
0,so_fake_ood,real,,test_ood,89df5ef34f405873,jpeg90
0,so_fake_ood,real,,test_ood,89df5ef34f405873,jpeg70
0,so_fake_ood,real,,test_ood,89df5ef34f405873,jpeg50
0,so_fake_ood,real,,test_ood,89df5ef34f405873,jpeg30
0,so_fake_ood,real,,test_ood,89df5ef34f405873,blur05
0,so_fake_ood,real,,test_ood,89df5ef34f405873,blur10
0,so_fake_ood,real,,test_ood,89df5ef34f405873,blur20
0,so_fake_ood,real,,test_ood,89df5ef34f405873,resize05
0,so_fake_ood,real,,test_ood,89df5ef34f405873,resize025
0,so_fake_ood,real,,test_ood,89df5ef34f405873,noise002
0,so_fake_ood,real,,test_ood,89df5ef34f405873,noise005
0,so_fake_ood,real,,test_ood,89df5ef34f405873,noise01
0,so_fake_ood,real,,test_ood,89df5ef34f405873,jitter02
0,so_fake_ood,real,,test_ood,89df5ef34f405873,crop08
0,so_fake_ood,real,,test_ood,2538c801a2ef7555,clean
0,so_fake_ood,real,,test_ood,2538c801a2ef7555,jpeg90
0,so_fake_ood,real,,test_ood,2538c801a2ef7555,jpeg70
0,so_fake_ood,real,,test_ood,2538c801a2ef7555,jpeg50
0,so_fake_ood,real,,test_ood,2538c801a2ef7555,jpeg30
0,so_fake_ood,real,,test_ood,2538c801a2ef7555,blur05
0,so_fake_ood,real,,test_ood,2538c801a2ef7555,blur10
0,so_fake_ood,real,,test_ood,2538c801a2ef7555,blur20
0,so_fake_ood,real,,test_ood,2538c801a2ef7555,resize05
0,so_fake_ood,real,,test_ood,2538c801a2ef7555,resize025
0,so_fake_ood,real,,test_ood,2538c801a2ef7555,noise002
0,so_fake_ood,real,,test_ood,2538c801a2ef7555,noise005
0,so_fake_ood,real,,test_ood,2538c801a2ef7555,noise01
0,so_fake_ood,real,,test_ood,2538c801a2ef7555,jitter02
0,so_fake_ood,real,,test_ood,2538c801a2ef7555,crop08
0,so_fake_ood,real,,test_ood,d09ee538d586ecaf,clean
0,so_fake_ood,real,,test_ood,d09ee538d586ecaf,jpeg90
0,so_fake_ood,real,,test_ood,d09ee538d586ecaf,jpeg70
0,so_fake_ood,real,,test_ood,d09ee538d586ecaf,jpeg50
0,so_fake_ood,real,,test_ood,d09ee538d586ecaf,jpeg30
0,so_fake_ood,real,,test_ood,d09ee538d586ecaf,blur05
0,so_fake_ood,real,,test_ood,d09ee538d586ecaf,blur10
0,so_fake_ood,real,,test_ood,d09ee538d586ecaf,blur20
0,so_fake_ood,real,,test_ood,d09ee538d586ecaf,resize05
0,so_fake_ood,real,,test_ood,d09ee538d586ecaf,resize025
0,so_fake_ood,real,,test_ood,d09ee538d586ecaf,noise002
0,so_fake_ood,real,,test_ood,d09ee538d586ecaf,noise005
0,so_fake_ood,real,,test_ood,d09ee538d586ecaf,noise01
0,so_fake_ood,real,,test_ood,d09ee538d586ecaf,jitter02
0,so_fake_ood,real,,test_ood,d09ee538d586ecaf,crop08
0,so_fake_ood,real,,test_ood,03d4ae0332f6d0e5,clean
0,so_fake_ood,real,,test_ood,03d4ae0332f6d0e5,jpeg90
0,so_fake_ood,real,,test_ood,03d4ae0332f6d0e5,jpeg70
0,so_fake_ood,real,,test_ood,03d4ae0332f6d0e5,jpeg50
0,so_fake_ood,real,,test_ood,03d4ae0332f6d0e5,jpeg30
0,so_fake_ood,real,,test_ood,03d4ae0332f6d0e5,blur05
0,so_fake_ood,real,,test_ood,03d4ae0332f6d0e5,blur10
0,so_fake_ood,real,,test_ood,03d4ae0332f6d0e5,blur20
0,so_fake_ood,real,,test_ood,03d4ae0332f6d0e5,resize05
0,so_fake_ood,real,,test_ood,03d4ae0332f6d0e5,resize025
0,so_fake_ood,real,,test_ood,03d4ae0332f6d0e5,noise002
0,so_fake_ood,real,,test_ood,03d4ae0332f6d0e5,noise005
0,so_fake_ood,real,,test_ood,03d4ae0332f6d0e5,noise01
0,so_fake_ood,real,,test_ood,03d4ae0332f6d0e5,jitter02
0,so_fake_ood,real,,test_ood,03d4ae0332f6d0e5,crop08
0,so_fake_ood,real,,test_ood,1f8a2f4f660a6591,clean
0,so_fake_ood,real,,test_ood,1f8a2f4f660a6591,jpeg90
0,so_fake_ood,real,,test_ood,1f8a2f4f660a6591,jpeg70
0,so_fake_ood,real,,test_ood,1f8a2f4f660a6591,jpeg50
0,so_fake_ood,real,,test_ood,1f8a2f4f660a6591,jpeg30
0,so_fake_ood,real,,test_ood,1f8a2f4f660a6591,blur05
0,so_fake_ood,real,,test_ood,1f8a2f4f660a6591,blur10
0,so_fake_ood,real,,test_ood,1f8a2f4f660a6591,blur20
0,so_fake_ood,real,,test_ood,1f8a2f4f660a6591,resize05
0,so_fake_ood,real,,test_ood,1f8a2f4f660a6591,resize025
0,so_fake_ood,real,,test_ood,1f8a2f4f660a6591,noise002
0,so_fake_ood,real,,test_ood,1f8a2f4f660a6591,noise005
0,so_fake_ood,real,,test_ood,1f8a2f4f660a6591,noise01
0,so_fake_ood,real,,test_ood,1f8a2f4f660a6591,jitter02
0,so_fake_ood,real,,test_ood,1f8a2f4f660a6591,crop08
0,so_fake_ood,real,,test_ood,1e12e654414e95e2,clean
0,so_fake_ood,real,,test_ood,1e12e654414e95e2,jpeg90
0,so_fake_ood,real,,test_ood,1e12e654414e95e2,jpeg70
0,so_fake_ood,real,,test_ood,1e12e654414e95e2,jpeg50
0,so_fake_ood,real,,test_ood,1e12e654414e95e2,jpeg30
0,so_fake_ood,real,,test_ood,1e12e654414e95e2,blur05
0,so_fake_ood,real,,test_ood,1e12e654414e95e2,blur10
0,so_fake_ood,real,,test_ood,1e12e654414e95e2,blur20
0,so_fake_ood,real,,test_ood,1e12e654414e95e2,resize05
0,so_fake_ood,real,,test_ood,1e12e654414e95e2,resize025
0,so_fake_ood,real,,test_ood,1e12e654414e95e2,noise002
0,so_fake_ood,real,,test_ood,1e12e654414e95e2,noise005
0,so_fake_ood,real,,test_ood,1e12e654414e95e2,noise01
0,so_fake_ood,real,,test_ood,1e12e654414e95e2,jitter02
0,so_fake_ood,real,,test_ood,1e12e654414e95e2,crop08
0,so_fake_ood,real,,test_ood,1981d6125287f0ea,clean
0,so_fake_ood,real,,test_ood,1981d6125287f0ea,jpeg90
0,so_fake_ood,real,,test_ood,1981d6125287f0ea,jpeg70
0,so_fake_ood,real,,test_ood,1981d6125287f0ea,jpeg50
0,so_fake_ood,real,,test_ood,1981d6125287f0ea,jpeg30
0,so_fake_ood,real,,test_ood,1981d6125287f0ea,blur05
0,so_fake_ood,real,,test_ood,1981d6125287f0ea,blur10
0,so_fake_ood,real,,test_ood,1981d6125287f0ea,blur20
0,so_fake_ood,real,,test_ood,1981d6125287f0ea,resize05
0,so_fake_ood,real,,test_ood,1981d6125287f0ea,resize025
0,so_fake_ood,real,,test_ood,1981d6125287f0ea,noise002
0,so_fake_ood,real,,test_ood,1981d6125287f0ea,noise005
0,so_fake_ood,real,,test_ood,1981d6125287f0ea,noise01
0,so_fake_ood,real,,test_ood,1981d6125287f0ea,jitter02
0,so_fake_ood,real,,test_ood,1981d6125287f0ea,crop08
0,so_fake_ood,real,,test_ood,b43daa5509689577,clean
0,so_fake_ood,real,,test_ood,b43daa5509689577,jpeg90
0,so_fake_ood,real,,test_ood,b43daa5509689577,jpeg70
0,so_fake_ood,real,,test_ood,b43daa5509689577,jpeg50
0,so_fake_ood,real,,test_ood,b43daa5509689577,jpeg30
0,so_fake_ood,real,,test_ood,b43daa5509689577,blur05
0,so_fake_ood,real,,test_ood,b43daa5509689577,blur10
0,so_fake_ood,real,,test_ood,b43daa5509689577,blur20
0,so_fake_ood,real,,test_ood,b43daa5509689577,resize05
0,so_fake_ood,real,,test_ood,b43daa5509689577,resize025
0,so_fake_ood,real,,test_ood,b43daa5509689577,noise002
0,so_fake_ood,real,,test_ood,b43daa5509689577,noise005
0,so_fake_ood,real,,test_ood,b43daa5509689577,noise01
0,so_fake_ood,real,,test_ood,b43daa5509689577,jitter02
0,so_fake_ood,real,,test_ood,b43daa5509689577,crop08
0,so_fake_ood,real,,test_ood,8c9c1eabd8ffaea5,clean
0,so_fake_ood,real,,test_ood,8c9c1eabd8ffaea5,jpeg90
0,so_fake_ood,real,,test_ood,8c9c1eabd8ffaea5,jpeg70
0,so_fake_ood,real,,test_ood,8c9c1eabd8ffaea5,jpeg50
0,so_fake_ood,real,,test_ood,8c9c1eabd8ffaea5,jpeg30
0,so_fake_ood,real,,test_ood,8c9c1eabd8ffaea5,blur05
0,so_fake_ood,real,,test_ood,8c9c1eabd8ffaea5,blur10
0,so_fake_ood,real,,test_ood,8c9c1eabd8ffaea5,blur20
0,so_fake_ood,real,,test_ood,8c9c1eabd8ffaea5,resize05
0,so_fake_ood,real,,test_ood,8c9c1eabd8ffaea5,resize025
0,so_fake_ood,real,,test_ood,8c9c1eabd8ffaea5,noise002
0,so_fake_ood,real,,test_ood,8c9c1eabd8ffaea5,noise005
0,so_fake_ood,real,,test_ood,8c9c1eabd8ffaea5,noise01
0,so_fake_ood,real,,test_ood,8c9c1eabd8ffaea5,jitter02
0,so_fake_ood,real,,test_ood,8c9c1eabd8ffaea5,crop08
0,so_fake_ood,real,,test_ood,f56d167ee4a92676,clean
0,so_fake_ood,real,,test_ood,f56d167ee4a92676,jpeg90
0,so_fake_ood,real,,test_ood,f56d167ee4a92676,jpeg70
0,so_fake_ood,real,,test_ood,f56d167ee4a92676,jpeg50
0,so_fake_ood,real,,test_ood,f56d167ee4a92676,jpeg30
0,so_fake_ood,real,,test_ood,f56d167ee4a92676,blur05
0,so_fake_ood,real,,test_ood,f56d167ee4a92676,blur10
0,so_fake_ood,real,,test_ood,f56d167ee4a92676,blur20
0,so_fake_ood,real,,test_ood,f56d167ee4a92676,resize05
0,so_fake_ood,real,,test_ood,f56d167ee4a92676,resize025
0,so_fake_ood,real,,test_ood,f56d167ee4a92676,noise002
0,so_fake_ood,real,,test_ood,f56d167ee4a92676,noise005
0,so_fake_ood,real,,test_ood,f56d167ee4a92676,noise01
0,so_fake_ood,real,,test_ood,f56d167ee4a92676,jitter02
0,so_fake_ood,real,,test_ood,f56d167ee4a92676,crop08
0,so_fake_ood,real,,test_ood,89e6804bc3de0ca0,clean
0,so_fake_ood,real,,test_ood,89e6804bc3de0ca0,jpeg90
0,so_fake_ood,real,,test_ood,89e6804bc3de0ca0,jpeg70
0,so_fake_ood,real,,test_ood,89e6804bc3de0ca0,jpeg50
0,so_fake_ood,real,,test_ood,89e6804bc3de0ca0,jpeg30
0,so_fake_ood,real,,test_ood,89e6804bc3de0ca0,blur05
0,so_fake_ood,real,,test_ood,89e6804bc3de0ca0,blur10
0,so_fake_ood,real,,test_ood,89e6804bc3de0ca0,blur20
0,so_fake_ood,real,,test_ood,89e6804bc3de0ca0,resize05
0,so_fake_ood,real,,test_ood,89e6804bc3de0ca0,resize025
0,so_fake_ood,real,,test_ood,89e6804bc3de0ca0,noise002
0,so_fake_ood,real,,test_ood,89e6804bc3de0ca0,noise005
0,so_fake_ood,real,,test_ood,89e6804bc3de0ca0,noise01
0,so_fake_ood,real,,test_ood,89e6804bc3de0ca0,jitter02
0,so_fake_ood,real,,test_ood,89e6804bc3de0ca0,crop08
0,so_fake_ood,real,,test_ood,881562485ef13b14,clean
0,so_fake_ood,real,,test_ood,881562485ef13b14,jpeg90
0,so_fake_ood,real,,test_ood,881562485ef13b14,jpeg70
0,so_fake_ood,real,,test_ood,881562485ef13b14,jpeg50
0,so_fake_ood,real,,test_ood,881562485ef13b14,jpeg30
0,so_fake_ood,real,,test_ood,881562485ef13b14,blur05
0,so_fake_ood,real,,test_ood,881562485ef13b14,blur10
0,so_fake_ood,real,,test_ood,881562485ef13b14,blur20
0,so_fake_ood,real,,test_ood,881562485ef13b14,resize05
0,so_fake_ood,real,,test_ood,881562485ef13b14,resize025
0,so_fake_ood,real,,test_ood,881562485ef13b14,noise002
0,so_fake_ood,real,,test_ood,881562485ef13b14,noise005
0,so_fake_ood,real,,test_ood,881562485ef13b14,noise01
0,so_fake_ood,real,,test_ood,881562485ef13b14,jitter02
0,so_fake_ood,real,,test_ood,881562485ef13b14,crop08
0,so_fake_ood,real,,test_ood,981a839d0c4854c2,clean
0,so_fake_ood,real,,test_ood,981a839d0c4854c2,jpeg90
0,so_fake_ood,real,,test_ood,981a839d0c4854c2,jpeg70
0,so_fake_ood,real,,test_ood,981a839d0c4854c2,jpeg50
0,so_fake_ood,real,,test_ood,981a839d0c4854c2,jpeg30
0,so_fake_ood,real,,test_ood,981a839d0c4854c2,blur05
0,so_fake_ood,real,,test_ood,981a839d0c4854c2,blur10
0,so_fake_ood,real,,test_ood,981a839d0c4854c2,blur20
0,so_fake_ood,real,,test_ood,981a839d0c4854c2,resize05
0,so_fake_ood,real,,test_ood,981a839d0c4854c2,resize025
0,so_fake_ood,real,,test_ood,981a839d0c4854c2,noise002
0,so_fake_ood,real,,test_ood,981a839d0c4854c2,noise005
0,so_fake_ood,real,,test_ood,981a839d0c4854c2,noise01
0,so_fake_ood,real,,test_ood,981a839d0c4854c2,jitter02
0,so_fake_ood,real,,test_ood,981a839d0c4854c2,crop08
0,so_fake_ood,real,,test_ood,18c76d9ba0a4ffe4,clean
0,so_fake_ood,real,,test_ood,18c76d9ba0a4ffe4,jpeg90
0,so_fake_ood,real,,test_ood,18c76d9ba0a4ffe4,jpeg70
0,so_fake_ood,real,,test_ood,18c76d9ba0a4ffe4,jpeg50
0,so_fake_ood,real,,test_ood,18c76d9ba0a4ffe4,jpeg30
0,so_fake_ood,real,,test_ood,18c76d9ba0a4ffe4,blur05
0,so_fake_ood,real,,test_ood,18c76d9ba0a4ffe4,blur10
0,so_fake_ood,real,,test_ood,18c76d9ba0a4ffe4,blur20
0,so_fake_ood,real,,test_ood,18c76d9ba0a4ffe4,resize05
0,so_fake_ood,real,,test_ood,18c76d9ba0a4ffe4,resize025
0,so_fake_ood,real,,test_ood,18c76d9ba0a4ffe4,noise002
0,so_fake_ood,real,,test_ood,18c76d9ba0a4ffe4,noise005
0,so_fake_ood,real,,test_ood,18c76d9ba0a4ffe4,noise01
0,so_fake_ood,real,,test_ood,18c76d9ba0a4ffe4,jitter02
0,so_fake_ood,real,,test_ood,18c76d9ba0a4ffe4,crop08
0,so_fake_ood,real,,test_ood,f1d9d05e2511876d,clean
0,so_fake_ood,real,,test_ood,f1d9d05e2511876d,jpeg90
0,so_fake_ood,real,,test_ood,f1d9d05e2511876d,jpeg70
0,so_fake_ood,real,,test_ood,f1d9d05e2511876d,jpeg50
0,so_fake_ood,real,,test_ood,f1d9d05e2511876d,jpeg30
0,so_fake_ood,real,,test_ood,f1d9d05e2511876d,blur05
0,so_fake_ood,real,,test_ood,f1d9d05e2511876d,blur10
0,so_fake_ood,real,,test_ood,f1d9d05e2511876d,blur20
0,so_fake_ood,real,,test_ood,f1d9d05e2511876d,resize05
0,so_fake_ood,real,,test_ood,f1d9d05e2511876d,resize025
0,so_fake_ood,real,,test_ood,f1d9d05e2511876d,noise002
0,so_fake_ood,real,,test_ood,f1d9d05e2511876d,noise005
0,so_fake_ood,real,,test_ood,f1d9d05e2511876d,noise01
0,so_fake_ood,real,,test_ood,f1d9d05e2511876d,jitter02
0,so_fake_ood,real,,test_ood,f1d9d05e2511876d,crop08
0,so_fake_ood,real,,test_ood,a4725e5f033826d8,clean
0,so_fake_ood,real,,test_ood,a4725e5f033826d8,jpeg90
0,so_fake_ood,real,,test_ood,a4725e5f033826d8,jpeg70
0,so_fake_ood,real,,test_ood,a4725e5f033826d8,jpeg50
0,so_fake_ood,real,,test_ood,a4725e5f033826d8,jpeg30
0,so_fake_ood,real,,test_ood,a4725e5f033826d8,blur05
0,so_fake_ood,real,,test_ood,a4725e5f033826d8,blur10
0,so_fake_ood,real,,test_ood,a4725e5f033826d8,blur20
0,so_fake_ood,real,,test_ood,a4725e5f033826d8,resize05
0,so_fake_ood,real,,test_ood,a4725e5f033826d8,resize025
0,so_fake_ood,real,,test_ood,a4725e5f033826d8,noise002
0,so_fake_ood,real,,test_ood,a4725e5f033826d8,noise005
0,so_fake_ood,real,,test_ood,a4725e5f033826d8,noise01
0,so_fake_ood,real,,test_ood,a4725e5f033826d8,jitter02
0,so_fake_ood,real,,test_ood,a4725e5f033826d8,crop08
0,so_fake_ood,real,,test_ood,d1d953a1f596a0af,clean
0,so_fake_ood,real,,test_ood,d1d953a1f596a0af,jpeg90
0,so_fake_ood,real,,test_ood,d1d953a1f596a0af,jpeg70
0,so_fake_ood,real,,test_ood,d1d953a1f596a0af,jpeg50
0,so_fake_ood,real,,test_ood,d1d953a1f596a0af,jpeg30
0,so_fake_ood,real,,test_ood,d1d953a1f596a0af,blur05
0,so_fake_ood,real,,test_ood,d1d953a1f596a0af,blur10
0,so_fake_ood,real,,test_ood,d1d953a1f596a0af,blur20
0,so_fake_ood,real,,test_ood,d1d953a1f596a0af,resize05
0,so_fake_ood,real,,test_ood,d1d953a1f596a0af,resize025
0,so_fake_ood,real,,test_ood,d1d953a1f596a0af,noise002
0,so_fake_ood,real,,test_ood,d1d953a1f596a0af,noise005
0,so_fake_ood,real,,test_ood,d1d953a1f596a0af,noise01
0,so_fake_ood,real,,test_ood,d1d953a1f596a0af,jitter02
0,so_fake_ood,real,,test_ood,d1d953a1f596a0af,crop08
0,so_fake_ood,real,,test_ood,d45b04a9896c8b69,clean
0,so_fake_ood,real,,test_ood,d45b04a9896c8b69,jpeg90
0,so_fake_ood,real,,test_ood,d45b04a9896c8b69,jpeg70
0,so_fake_ood,real,,test_ood,d45b04a9896c8b69,jpeg50
0,so_fake_ood,real,,test_ood,d45b04a9896c8b69,jpeg30
0,so_fake_ood,real,,test_ood,d45b04a9896c8b69,blur05
0,so_fake_ood,real,,test_ood,d45b04a9896c8b69,blur10
0,so_fake_ood,real,,test_ood,d45b04a9896c8b69,blur20
0,so_fake_ood,real,,test_ood,d45b04a9896c8b69,resize05
0,so_fake_ood,real,,test_ood,d45b04a9896c8b69,resize025
0,so_fake_ood,real,,test_ood,d45b04a9896c8b69,noise002
0,so_fake_ood,real,,test_ood,d45b04a9896c8b69,noise005
0,so_fake_ood,real,,test_ood,d45b04a9896c8b69,noise01
0,so_fake_ood,real,,test_ood,d45b04a9896c8b69,jitter02
0,so_fake_ood,real,,test_ood,d45b04a9896c8b69,crop08
0,so_fake_ood,real,,test_ood,f5d168880580c468,clean
0,so_fake_ood,real,,test_ood,f5d168880580c468,jpeg90
0,so_fake_ood,real,,test_ood,f5d168880580c468,jpeg70
0,so_fake_ood,real,,test_ood,f5d168880580c468,jpeg50
0,so_fake_ood,real,,test_ood,f5d168880580c468,jpeg30
0,so_fake_ood,real,,test_ood,f5d168880580c468,blur05
0,so_fake_ood,real,,test_ood,f5d168880580c468,blur10
0,so_fake_ood,real,,test_ood,f5d168880580c468,blur20
0,so_fake_ood,real,,test_ood,f5d168880580c468,resize05
0,so_fake_ood,real,,test_ood,f5d168880580c468,resize025
0,so_fake_ood,real,,test_ood,f5d168880580c468,noise002
0,so_fake_ood,real,,test_ood,f5d168880580c468,noise005
0,so_fake_ood,real,,test_ood,f5d168880580c468,noise01
0,so_fake_ood,real,,test_ood,f5d168880580c468,jitter02
0,so_fake_ood,real,,test_ood,f5d168880580c468,crop08
0,so_fake_ood,real,,test_ood,723e3ab8a9fe5514,clean
0,so_fake_ood,real,,test_ood,723e3ab8a9fe5514,jpeg90
0,so_fake_ood,real,,test_ood,723e3ab8a9fe5514,jpeg70
0,so_fake_ood,real,,test_ood,723e3ab8a9fe5514,jpeg50
0,so_fake_ood,real,,test_ood,723e3ab8a9fe5514,jpeg30
0,so_fake_ood,real,,test_ood,723e3ab8a9fe5514,blur05
0,so_fake_ood,real,,test_ood,723e3ab8a9fe5514,blur10
0,so_fake_ood,real,,test_ood,723e3ab8a9fe5514,blur20
0,so_fake_ood,real,,test_ood,723e3ab8a9fe5514,resize05
0,so_fake_ood,real,,test_ood,723e3ab8a9fe5514,resize025
0,so_fake_ood,real,,test_ood,723e3ab8a9fe5514,noise002
0,so_fake_ood,real,,test_ood,723e3ab8a9fe5514,noise005
0,so_fake_ood,real,,test_ood,723e3ab8a9fe5514,noise01
0,so_fake_ood,real,,test_ood,723e3ab8a9fe5514,jitter02
0,so_fake_ood,real,,test_ood,723e3ab8a9fe5514,crop08
0,so_fake_ood,real,,test_ood,222cf1dbd6a5f4c4,clean
0,so_fake_ood,real,,test_ood,222cf1dbd6a5f4c4,jpeg90
0,so_fake_ood,real,,test_ood,222cf1dbd6a5f4c4,jpeg70
0,so_fake_ood,real,,test_ood,222cf1dbd6a5f4c4,jpeg50
0,so_fake_ood,real,,test_ood,222cf1dbd6a5f4c4,jpeg30
0,so_fake_ood,real,,test_ood,222cf1dbd6a5f4c4,blur05
0,so_fake_ood,real,,test_ood,222cf1dbd6a5f4c4,blur10
0,so_fake_ood,real,,test_ood,222cf1dbd6a5f4c4,blur20
0,so_fake_ood,real,,test_ood,222cf1dbd6a5f4c4,resize05
0,so_fake_ood,real,,test_ood,222cf1dbd6a5f4c4,resize025
0,so_fake_ood,real,,test_ood,222cf1dbd6a5f4c4,noise002
0,so_fake_ood,real,,test_ood,222cf1dbd6a5f4c4,noise005
0,so_fake_ood,real,,test_ood,222cf1dbd6a5f4c4,noise01
0,so_fake_ood,real,,test_ood,222cf1dbd6a5f4c4,jitter02
0,so_fake_ood,real,,test_ood,222cf1dbd6a5f4c4,crop08
0,so_fake_ood,real,,test_ood,7d57a674d4d2495e,clean
0,so_fake_ood,real,,test_ood,7d57a674d4d2495e,jpeg90
0,so_fake_ood,real,,test_ood,7d57a674d4d2495e,jpeg70
0,so_fake_ood,real,,test_ood,7d57a674d4d2495e,jpeg50
0,so_fake_ood,real,,test_ood,7d57a674d4d2495e,jpeg30
0,so_fake_ood,real,,test_ood,7d57a674d4d2495e,blur05
0,so_fake_ood,real,,test_ood,7d57a674d4d2495e,blur10
0,so_fake_ood,real,,test_ood,7d57a674d4d2495e,blur20
0,so_fake_ood,real,,test_ood,7d57a674d4d2495e,resize05
0,so_fake_ood,real,,test_ood,7d57a674d4d2495e,resize025
0,so_fake_ood,real,,test_ood,7d57a674d4d2495e,noise002
0,so_fake_ood,real,,test_ood,7d57a674d4d2495e,noise005
0,so_fake_ood,real,,test_ood,7d57a674d4d2495e,noise01
0,so_fake_ood,real,,test_ood,7d57a674d4d2495e,jitter02
0,so_fake_ood,real,,test_ood,7d57a674d4d2495e,crop08
0,so_fake_ood,real,,test_ood,d0e56d8293611b86,clean
0,so_fake_ood,real,,test_ood,d0e56d8293611b86,jpeg90
0,so_fake_ood,real,,test_ood,d0e56d8293611b86,jpeg70
0,so_fake_ood,real,,test_ood,d0e56d8293611b86,jpeg50
0,so_fake_ood,real,,test_ood,d0e56d8293611b86,jpeg30
0,so_fake_ood,real,,test_ood,d0e56d8293611b86,blur05
0,so_fake_ood,real,,test_ood,d0e56d8293611b86,blur10
0,so_fake_ood,real,,test_ood,d0e56d8293611b86,blur20
0,so_fake_ood,real,,test_ood,d0e56d8293611b86,resize05
0,so_fake_ood,real,,test_ood,d0e56d8293611b86,resize025
0,so_fake_ood,real,,test_ood,d0e56d8293611b86,noise002
0,so_fake_ood,real,,test_ood,d0e56d8293611b86,noise005
0,so_fake_ood,real,,test_ood,d0e56d8293611b86,noise01
0,so_fake_ood,real,,test_ood,d0e56d8293611b86,jitter02
0,so_fake_ood,real,,test_ood,d0e56d8293611b86,crop08
0,so_fake_ood,real,,test_ood,37c0feffc6d883a6,clean
0,so_fake_ood,real,,test_ood,37c0feffc6d883a6,jpeg90
0,so_fake_ood,real,,test_ood,37c0feffc6d883a6,jpeg70
0,so_fake_ood,real,,test_ood,37c0feffc6d883a6,jpeg50
0,so_fake_ood,real,,test_ood,37c0feffc6d883a6,jpeg30
0,so_fake_ood,real,,test_ood,37c0feffc6d883a6,blur05
0,so_fake_ood,real,,test_ood,37c0feffc6d883a6,blur10
0,so_fake_ood,real,,test_ood,37c0feffc6d883a6,blur20
0,so_fake_ood,real,,test_ood,37c0feffc6d883a6,resize05
0,so_fake_ood,real,,test_ood,37c0feffc6d883a6,resize025
0,so_fake_ood,real,,test_ood,37c0feffc6d883a6,noise002
0,so_fake_ood,real,,test_ood,37c0feffc6d883a6,noise005
0,so_fake_ood,real,,test_ood,37c0feffc6d883a6,noise01
0,so_fake_ood,real,,test_ood,37c0feffc6d883a6,jitter02
0,so_fake_ood,real,,test_ood,37c0feffc6d883a6,crop08
0,so_fake_ood,real,,test_ood,ca3ceaf01e4ee1be,clean
0,so_fake_ood,real,,test_ood,ca3ceaf01e4ee1be,jpeg90
0,so_fake_ood,real,,test_ood,ca3ceaf01e4ee1be,jpeg70
0,so_fake_ood,real,,test_ood,ca3ceaf01e4ee1be,jpeg50
0,so_fake_ood,real,,test_ood,ca3ceaf01e4ee1be,jpeg30
0,so_fake_ood,real,,test_ood,ca3ceaf01e4ee1be,blur05
0,so_fake_ood,real,,test_ood,ca3ceaf01e4ee1be,blur10
0,so_fake_ood,real,,test_ood,ca3ceaf01e4ee1be,blur20
0,so_fake_ood,real,,test_ood,ca3ceaf01e4ee1be,resize05
0,so_fake_ood,real,,test_ood,ca3ceaf01e4ee1be,resize025
0,so_fake_ood,real,,test_ood,ca3ceaf01e4ee1be,noise002
0,so_fake_ood,real,,test_ood,ca3ceaf01e4ee1be,noise005
0,so_fake_ood,real,,test_ood,ca3ceaf01e4ee1be,noise01
0,so_fake_ood,real,,test_ood,ca3ceaf01e4ee1be,jitter02
0,so_fake_ood,real,,test_ood,ca3ceaf01e4ee1be,crop08
0,so_fake_ood,real,,test_ood,4af268c1256ceefe,clean
0,so_fake_ood,real,,test_ood,4af268c1256ceefe,jpeg90
0,so_fake_ood,real,,test_ood,4af268c1256ceefe,jpeg70
0,so_fake_ood,real,,test_ood,4af268c1256ceefe,jpeg50
0,so_fake_ood,real,,test_ood,4af268c1256ceefe,jpeg30
0,so_fake_ood,real,,test_ood,4af268c1256ceefe,blur05
0,so_fake_ood,real,,test_ood,4af268c1256ceefe,blur10
0,so_fake_ood,real,,test_ood,4af268c1256ceefe,blur20
0,so_fake_ood,real,,test_ood,4af268c1256ceefe,resize05
0,so_fake_ood,real,,test_ood,4af268c1256ceefe,resize025
0,so_fake_ood,real,,test_ood,4af268c1256ceefe,noise002
0,so_fake_ood,real,,test_ood,4af268c1256ceefe,noise005
0,so_fake_ood,real,,test_ood,4af268c1256ceefe,noise01
0,so_fake_ood,real,,test_ood,4af268c1256ceefe,jitter02
0,so_fake_ood,real,,test_ood,4af268c1256ceefe,crop08
0,so_fake_ood,real,,test_ood,c96bdeac304bc870,clean
0,so_fake_ood,real,,test_ood,c96bdeac304bc870,jpeg90
0,so_fake_ood,real,,test_ood,c96bdeac304bc870,jpeg70
0,so_fake_ood,real,,test_ood,c96bdeac304bc870,jpeg50
0,so_fake_ood,real,,test_ood,c96bdeac304bc870,jpeg30
0,so_fake_ood,real,,test_ood,c96bdeac304bc870,blur05
0,so_fake_ood,real,,test_ood,c96bdeac304bc870,blur10
0,so_fake_ood,real,,test_ood,c96bdeac304bc870,blur20
0,so_fake_ood,real,,test_ood,c96bdeac304bc870,resize05
0,so_fake_ood,real,,test_ood,c96bdeac304bc870,resize025
0,so_fake_ood,real,,test_ood,c96bdeac304bc870,noise002
0,so_fake_ood,real,,test_ood,c96bdeac304bc870,noise005
0,so_fake_ood,real,,test_ood,c96bdeac304bc870,noise01
0,so_fake_ood,real,,test_ood,c96bdeac304bc870,jitter02
0,so_fake_ood,real,,test_ood,c96bdeac304bc870,crop08
0,so_fake_ood,real,,test_ood,b8af5a8a563ccb20,clean
0,so_fake_ood,real,,test_ood,b8af5a8a563ccb20,jpeg90
0,so_fake_ood,real,,test_ood,b8af5a8a563ccb20,jpeg70
0,so_fake_ood,real,,test_ood,b8af5a8a563ccb20,jpeg50
0,so_fake_ood,real,,test_ood,b8af5a8a563ccb20,jpeg30
0,so_fake_ood,real,,test_ood,b8af5a8a563ccb20,blur05
0,so_fake_ood,real,,test_ood,b8af5a8a563ccb20,blur10
0,so_fake_ood,real,,test_ood,b8af5a8a563ccb20,blur20
0,so_fake_ood,real,,test_ood,b8af5a8a563ccb20,resize05
0,so_fake_ood,real,,test_ood,b8af5a8a563ccb20,resize025
0,so_fake_ood,real,,test_ood,b8af5a8a563ccb20,noise002
0,so_fake_ood,real,,test_ood,b8af5a8a563ccb20,noise005
0,so_fake_ood,real,,test_ood,b8af5a8a563ccb20,noise01
0,so_fake_ood,real,,test_ood,b8af5a8a563ccb20,jitter02
0,so_fake_ood,real,,test_ood,b8af5a8a563ccb20,crop08
0,so_fake_ood,real,,test_ood,b5942a0d927ad3d3,clean
0,so_fake_ood,real,,test_ood,b5942a0d927ad3d3,jpeg90
0,so_fake_ood,real,,test_ood,b5942a0d927ad3d3,jpeg70
0,so_fake_ood,real,,test_ood,b5942a0d927ad3d3,jpeg50
0,so_fake_ood,real,,test_ood,b5942a0d927ad3d3,jpeg30
0,so_fake_ood,real,,test_ood,b5942a0d927ad3d3,blur05
0,so_fake_ood,real,,test_ood,b5942a0d927ad3d3,blur10
0,so_fake_ood,real,,test_ood,b5942a0d927ad3d3,blur20
0,so_fake_ood,real,,test_ood,b5942a0d927ad3d3,resize05
0,so_fake_ood,real,,test_ood,b5942a0d927ad3d3,resize025
0,so_fake_ood,real,,test_ood,b5942a0d927ad3d3,noise002
0,so_fake_ood,real,,test_ood,b5942a0d927ad3d3,noise005
0,so_fake_ood,real,,test_ood,b5942a0d927ad3d3,noise01
0,so_fake_ood,real,,test_ood,b5942a0d927ad3d3,jitter02
0,so_fake_ood,real,,test_ood,b5942a0d927ad3d3,crop08
0,so_fake_ood,real,,test_ood,7ca03d687469b348,clean
0,so_fake_ood,real,,test_ood,7ca03d687469b348,jpeg90
0,so_fake_ood,real,,test_ood,7ca03d687469b348,jpeg70
0,so_fake_ood,real,,test_ood,7ca03d687469b348,jpeg50
0,so_fake_ood,real,,test_ood,7ca03d687469b348,jpeg30
0,so_fake_ood,real,,test_ood,7ca03d687469b348,blur05
0,so_fake_ood,real,,test_ood,7ca03d687469b348,blur10
0,so_fake_ood,real,,test_ood,7ca03d687469b348,blur20
0,so_fake_ood,real,,test_ood,7ca03d687469b348,resize05
0,so_fake_ood,real,,test_ood,7ca03d687469b348,resize025
0,so_fake_ood,real,,test_ood,7ca03d687469b348,noise002
0,so_fake_ood,real,,test_ood,7ca03d687469b348,noise005
0,so_fake_ood,real,,test_ood,7ca03d687469b348,noise01
0,so_fake_ood,real,,test_ood,7ca03d687469b348,jitter02
0,so_fake_ood,real,,test_ood,7ca03d687469b348,crop08
0,so_fake_ood,real,,test_ood,ffbabce382ee7353,clean
0,so_fake_ood,real,,test_ood,ffbabce382ee7353,jpeg90
0,so_fake_ood,real,,test_ood,ffbabce382ee7353,jpeg70
0,so_fake_ood,real,,test_ood,ffbabce382ee7353,jpeg50
0,so_fake_ood,real,,test_ood,ffbabce382ee7353,jpeg30
0,so_fake_ood,real,,test_ood,ffbabce382ee7353,blur05
0,so_fake_ood,real,,test_ood,ffbabce382ee7353,blur10
0,so_fake_ood,real,,test_ood,ffbabce382ee7353,blur20
0,so_fake_ood,real,,test_ood,ffbabce382ee7353,resize05
0,so_fake_ood,real,,test_ood,ffbabce382ee7353,resize025
0,so_fake_ood,real,,test_ood,ffbabce382ee7353,noise002
0,so_fake_ood,real,,test_ood,ffbabce382ee7353,noise005
0,so_fake_ood,real,,test_ood,ffbabce382ee7353,noise01
0,so_fake_ood,real,,test_ood,ffbabce382ee7353,jitter02
0,so_fake_ood,real,,test_ood,ffbabce382ee7353,crop08
0,so_fake_ood,real,,test_ood,8b88b05b31b9434c,clean
0,so_fake_ood,real,,test_ood,8b88b05b31b9434c,jpeg90
0,so_fake_ood,real,,test_ood,8b88b05b31b9434c,jpeg70
0,so_fake_ood,real,,test_ood,8b88b05b31b9434c,jpeg50
0,so_fake_ood,real,,test_ood,8b88b05b31b9434c,jpeg30
0,so_fake_ood,real,,test_ood,8b88b05b31b9434c,blur05
0,so_fake_ood,real,,test_ood,8b88b05b31b9434c,blur10
0,so_fake_ood,real,,test_ood,8b88b05b31b9434c,blur20
0,so_fake_ood,real,,test_ood,8b88b05b31b9434c,resize05
0,so_fake_ood,real,,test_ood,8b88b05b31b9434c,resize025
0,so_fake_ood,real,,test_ood,8b88b05b31b9434c,noise002
0,so_fake_ood,real,,test_ood,8b88b05b31b9434c,noise005
0,so_fake_ood,real,,test_ood,8b88b05b31b9434c,noise01
0,so_fake_ood,real,,test_ood,8b88b05b31b9434c,jitter02
0,so_fake_ood,real,,test_ood,8b88b05b31b9434c,crop08
0,so_fake_ood,real,,test_ood,1d5755929f25da7e,clean
0,so_fake_ood,real,,test_ood,1d5755929f25da7e,jpeg90
0,so_fake_ood,real,,test_ood,1d5755929f25da7e,jpeg70
0,so_fake_ood,real,,test_ood,1d5755929f25da7e,jpeg50
0,so_fake_ood,real,,test_ood,1d5755929f25da7e,jpeg30
0,so_fake_ood,real,,test_ood,1d5755929f25da7e,blur05
0,so_fake_ood,real,,test_ood,1d5755929f25da7e,blur10
0,so_fake_ood,real,,test_ood,1d5755929f25da7e,blur20
0,so_fake_ood,real,,test_ood,1d5755929f25da7e,resize05
0,so_fake_ood,real,,test_ood,1d5755929f25da7e,resize025
0,so_fake_ood,real,,test_ood,1d5755929f25da7e,noise002
0,so_fake_ood,real,,test_ood,1d5755929f25da7e,noise005
0,so_fake_ood,real,,test_ood,1d5755929f25da7e,noise01
0,so_fake_ood,real,,test_ood,1d5755929f25da7e,jitter02
0,so_fake_ood,real,,test_ood,1d5755929f25da7e,crop08
0,so_fake_ood,real,,test_ood,d07d1903f8f1a011,clean
0,so_fake_ood,real,,test_ood,d07d1903f8f1a011,jpeg90
0,so_fake_ood,real,,test_ood,d07d1903f8f1a011,jpeg70
0,so_fake_ood,real,,test_ood,d07d1903f8f1a011,jpeg50
0,so_fake_ood,real,,test_ood,d07d1903f8f1a011,jpeg30
0,so_fake_ood,real,,test_ood,d07d1903f8f1a011,blur05
0,so_fake_ood,real,,test_ood,d07d1903f8f1a011,blur10
0,so_fake_ood,real,,test_ood,d07d1903f8f1a011,blur20
0,so_fake_ood,real,,test_ood,d07d1903f8f1a011,resize05
0,so_fake_ood,real,,test_ood,d07d1903f8f1a011,resize025
0,so_fake_ood,real,,test_ood,d07d1903f8f1a011,noise002
0,so_fake_ood,real,,test_ood,d07d1903f8f1a011,noise005
0,so_fake_ood,real,,test_ood,d07d1903f8f1a011,noise01
0,so_fake_ood,real,,test_ood,d07d1903f8f1a011,jitter02
0,so_fake_ood,real,,test_ood,d07d1903f8f1a011,crop08
0,so_fake_ood,real,,test_ood,0cd1edc4b158592e,clean
0,so_fake_ood,real,,test_ood,0cd1edc4b158592e,jpeg90
0,so_fake_ood,real,,test_ood,0cd1edc4b158592e,jpeg70
0,so_fake_ood,real,,test_ood,0cd1edc4b158592e,jpeg50
0,so_fake_ood,real,,test_ood,0cd1edc4b158592e,jpeg30
0,so_fake_ood,real,,test_ood,0cd1edc4b158592e,blur05
0,so_fake_ood,real,,test_ood,0cd1edc4b158592e,blur10
0,so_fake_ood,real,,test_ood,0cd1edc4b158592e,blur20
0,so_fake_ood,real,,test_ood,0cd1edc4b158592e,resize05
0,so_fake_ood,real,,test_ood,0cd1edc4b158592e,resize025
0,so_fake_ood,real,,test_ood,0cd1edc4b158592e,noise002
0,so_fake_ood,real,,test_ood,0cd1edc4b158592e,noise005
0,so_fake_ood,real,,test_ood,0cd1edc4b158592e,noise01
0,so_fake_ood,real,,test_ood,0cd1edc4b158592e,jitter02
0,so_fake_ood,real,,test_ood,0cd1edc4b158592e,crop08
0,so_fake_ood,real,,test_ood,334e767c43729e9a,clean
0,so_fake_ood,real,,test_ood,334e767c43729e9a,jpeg90
0,so_fake_ood,real,,test_ood,334e767c43729e9a,jpeg70
0,so_fake_ood,real,,test_ood,334e767c43729e9a,jpeg50
0,so_fake_ood,real,,test_ood,334e767c43729e9a,jpeg30
0,so_fake_ood,real,,test_ood,334e767c43729e9a,blur05
0,so_fake_ood,real,,test_ood,334e767c43729e9a,blur10
0,so_fake_ood,real,,test_ood,334e767c43729e9a,blur20
0,so_fake_ood,real,,test_ood,334e767c43729e9a,resize05
0,so_fake_ood,real,,test_ood,334e767c43729e9a,resize025
0,so_fake_ood,real,,test_ood,334e767c43729e9a,noise002
0,so_fake_ood,real,,test_ood,334e767c43729e9a,noise005
0,so_fake_ood,real,,test_ood,334e767c43729e9a,noise01
0,so_fake_ood,real,,test_ood,334e767c43729e9a,jitter02
0,so_fake_ood,real,,test_ood,334e767c43729e9a,crop08
0,so_fake_ood,real,,test_ood,ce577d1fe0ff1bad,clean
0,so_fake_ood,real,,test_ood,ce577d1fe0ff1bad,jpeg90
0,so_fake_ood,real,,test_ood,ce577d1fe0ff1bad,jpeg70
0,so_fake_ood,real,,test_ood,ce577d1fe0ff1bad,jpeg50
0,so_fake_ood,real,,test_ood,ce577d1fe0ff1bad,jpeg30
0,so_fake_ood,real,,test_ood,ce577d1fe0ff1bad,blur05
0,so_fake_ood,real,,test_ood,ce577d1fe0ff1bad,blur10
0,so_fake_ood,real,,test_ood,ce577d1fe0ff1bad,blur20
0,so_fake_ood,real,,test_ood,ce577d1fe0ff1bad,resize05
0,so_fake_ood,real,,test_ood,ce577d1fe0ff1bad,resize025
0,so_fake_ood,real,,test_ood,ce577d1fe0ff1bad,noise002
0,so_fake_ood,real,,test_ood,ce577d1fe0ff1bad,noise005
0,so_fake_ood,real,,test_ood,ce577d1fe0ff1bad,noise01
0,so_fake_ood,real,,test_ood,ce577d1fe0ff1bad,jitter02
0,so_fake_ood,real,,test_ood,ce577d1fe0ff1bad,crop08
0,so_fake_ood,real,,test_ood,eab482d59148e794,clean
0,so_fake_ood,real,,test_ood,eab482d59148e794,jpeg90
0,so_fake_ood,real,,test_ood,eab482d59148e794,jpeg70
0,so_fake_ood,real,,test_ood,eab482d59148e794,jpeg50
0,so_fake_ood,real,,test_ood,eab482d59148e794,jpeg30
0,so_fake_ood,real,,test_ood,eab482d59148e794,blur05
0,so_fake_ood,real,,test_ood,eab482d59148e794,blur10
0,so_fake_ood,real,,test_ood,eab482d59148e794,blur20
0,so_fake_ood,real,,test_ood,eab482d59148e794,resize05
0,so_fake_ood,real,,test_ood,eab482d59148e794,resize025
0,so_fake_ood,real,,test_ood,eab482d59148e794,noise002
0,so_fake_ood,real,,test_ood,eab482d59148e794,noise005
0,so_fake_ood,real,,test_ood,eab482d59148e794,noise01
0,so_fake_ood,real,,test_ood,eab482d59148e794,jitter02
0,so_fake_ood,real,,test_ood,eab482d59148e794,crop08
0,so_fake_ood,real,,test_ood,db8865db7f74ca67,clean
0,so_fake_ood,real,,test_ood,db8865db7f74ca67,jpeg90
0,so_fake_ood,real,,test_ood,db8865db7f74ca67,jpeg70
0,so_fake_ood,real,,test_ood,db8865db7f74ca67,jpeg50
0,so_fake_ood,real,,test_ood,db8865db7f74ca67,jpeg30
0,so_fake_ood,real,,test_ood,db8865db7f74ca67,blur05
0,so_fake_ood,real,,test_ood,db8865db7f74ca67,blur10
0,so_fake_ood,real,,test_ood,db8865db7f74ca67,blur20
0,so_fake_ood,real,,test_ood,db8865db7f74ca67,resize05
0,so_fake_ood,real,,test_ood,db8865db7f74ca67,resize025
0,so_fake_ood,real,,test_ood,db8865db7f74ca67,noise002
0,so_fake_ood,real,,test_ood,db8865db7f74ca67,noise005
0,so_fake_ood,real,,test_ood,db8865db7f74ca67,noise01
0,so_fake_ood,real,,test_ood,db8865db7f74ca67,jitter02
0,so_fake_ood,real,,test_ood,db8865db7f74ca67,crop08
0,so_fake_ood,real,,test_ood,7b1336951bffe55c,clean
0,so_fake_ood,real,,test_ood,7b1336951bffe55c,jpeg90
0,so_fake_ood,real,,test_ood,7b1336951bffe55c,jpeg70
0,so_fake_ood,real,,test_ood,7b1336951bffe55c,jpeg50
0,so_fake_ood,real,,test_ood,7b1336951bffe55c,jpeg30
0,so_fake_ood,real,,test_ood,7b1336951bffe55c,blur05
0,so_fake_ood,real,,test_ood,7b1336951bffe55c,blur10
0,so_fake_ood,real,,test_ood,7b1336951bffe55c,blur20
0,so_fake_ood,real,,test_ood,7b1336951bffe55c,resize05
0,so_fake_ood,real,,test_ood,7b1336951bffe55c,resize025
0,so_fake_ood,real,,test_ood,7b1336951bffe55c,noise002
0,so_fake_ood,real,,test_ood,7b1336951bffe55c,noise005
0,so_fake_ood,real,,test_ood,7b1336951bffe55c,noise01
0,so_fake_ood,real,,test_ood,7b1336951bffe55c,jitter02
0,so_fake_ood,real,,test_ood,7b1336951bffe55c,crop08
0,so_fake_ood,real,,test_ood,dc70fe29b7f9faf3,clean
0,so_fake_ood,real,,test_ood,dc70fe29b7f9faf3,jpeg90
0,so_fake_ood,real,,test_ood,dc70fe29b7f9faf3,jpeg70
0,so_fake_ood,real,,test_ood,dc70fe29b7f9faf3,jpeg50
0,so_fake_ood,real,,test_ood,dc70fe29b7f9faf3,jpeg30
0,so_fake_ood,real,,test_ood,dc70fe29b7f9faf3,blur05
0,so_fake_ood,real,,test_ood,dc70fe29b7f9faf3,blur10
0,so_fake_ood,real,,test_ood,dc70fe29b7f9faf3,blur20
0,so_fake_ood,real,,test_ood,dc70fe29b7f9faf3,resize05
0,so_fake_ood,real,,test_ood,dc70fe29b7f9faf3,resize025
0,so_fake_ood,real,,test_ood,dc70fe29b7f9faf3,noise002
0,so_fake_ood,real,,test_ood,dc70fe29b7f9faf3,noise005
0,so_fake_ood,real,,test_ood,dc70fe29b7f9faf3,noise01
0,so_fake_ood,real,,test_ood,dc70fe29b7f9faf3,jitter02
0,so_fake_ood,real,,test_ood,dc70fe29b7f9faf3,crop08
0,so_fake_ood,real,,test_ood,77cb75641db36680,clean
0,so_fake_ood,real,,test_ood,77cb75641db36680,jpeg90
0,so_fake_ood,real,,test_ood,77cb75641db36680,jpeg70
0,so_fake_ood,real,,test_ood,77cb75641db36680,jpeg50
0,so_fake_ood,real,,test_ood,77cb75641db36680,jpeg30
0,so_fake_ood,real,,test_ood,77cb75641db36680,blur05
0,so_fake_ood,real,,test_ood,77cb75641db36680,blur10
0,so_fake_ood,real,,test_ood,77cb75641db36680,blur20
0,so_fake_ood,real,,test_ood,77cb75641db36680,resize05
0,so_fake_ood,real,,test_ood,77cb75641db36680,resize025
0,so_fake_ood,real,,test_ood,77cb75641db36680,noise002
0,so_fake_ood,real,,test_ood,77cb75641db36680,noise005
0,so_fake_ood,real,,test_ood,77cb75641db36680,noise01
0,so_fake_ood,real,,test_ood,77cb75641db36680,jitter02
0,so_fake_ood,real,,test_ood,77cb75641db36680,crop08
0,so_fake_ood,real,,test_ood,8281527d7cee0146,clean
0,so_fake_ood,real,,test_ood,8281527d7cee0146,jpeg90
0,so_fake_ood,real,,test_ood,8281527d7cee0146,jpeg70
0,so_fake_ood,real,,test_ood,8281527d7cee0146,jpeg50
0,so_fake_ood,real,,test_ood,8281527d7cee0146,jpeg30
0,so_fake_ood,real,,test_ood,8281527d7cee0146,blur05
0,so_fake_ood,real,,test_ood,8281527d7cee0146,blur10
0,so_fake_ood,real,,test_ood,8281527d7cee0146,blur20
0,so_fake_ood,real,,test_ood,8281527d7cee0146,resize05
0,so_fake_ood,real,,test_ood,8281527d7cee0146,resize025
0,so_fake_ood,real,,test_ood,8281527d7cee0146,noise002
0,so_fake_ood,real,,test_ood,8281527d7cee0146,noise005
0,so_fake_ood,real,,test_ood,8281527d7cee0146,noise01
0,so_fake_ood,real,,test_ood,8281527d7cee0146,jitter02
0,so_fake_ood,real,,test_ood,8281527d7cee0146,crop08
0,so_fake_ood,real,,test_ood,8c298fbc067d091b,clean
0,so_fake_ood,real,,test_ood,8c298fbc067d091b,jpeg90
0,so_fake_ood,real,,test_ood,8c298fbc067d091b,jpeg70
0,so_fake_ood,real,,test_ood,8c298fbc067d091b,jpeg50
0,so_fake_ood,real,,test_ood,8c298fbc067d091b,jpeg30
0,so_fake_ood,real,,test_ood,8c298fbc067d091b,blur05
0,so_fake_ood,real,,test_ood,8c298fbc067d091b,blur10
0,so_fake_ood,real,,test_ood,8c298fbc067d091b,blur20
0,so_fake_ood,real,,test_ood,8c298fbc067d091b,resize05
0,so_fake_ood,real,,test_ood,8c298fbc067d091b,resize025
0,so_fake_ood,real,,test_ood,8c298fbc067d091b,noise002
0,so_fake_ood,real,,test_ood,8c298fbc067d091b,noise005
0,so_fake_ood,real,,test_ood,8c298fbc067d091b,noise01
0,so_fake_ood,real,,test_ood,8c298fbc067d091b,jitter02
0,so_fake_ood,real,,test_ood,8c298fbc067d091b,crop08
0,so_fake_ood,real,,test_ood,940969148ece49ff,clean
0,so_fake_ood,real,,test_ood,940969148ece49ff,jpeg90
0,so_fake_ood,real,,test_ood,940969148ece49ff,jpeg70
0,so_fake_ood,real,,test_ood,940969148ece49ff,jpeg50
0,so_fake_ood,real,,test_ood,940969148ece49ff,jpeg30
0,so_fake_ood,real,,test_ood,940969148ece49ff,blur05
0,so_fake_ood,real,,test_ood,940969148ece49ff,blur10
0,so_fake_ood,real,,test_ood,940969148ece49ff,blur20
0,so_fake_ood,real,,test_ood,940969148ece49ff,resize05
0,so_fake_ood,real,,test_ood,940969148ece49ff,resize025
0,so_fake_ood,real,,test_ood,940969148ece49ff,noise002
0,so_fake_ood,real,,test_ood,940969148ece49ff,noise005
0,so_fake_ood,real,,test_ood,940969148ece49ff,noise01
0,so_fake_ood,real,,test_ood,940969148ece49ff,jitter02
0,so_fake_ood,real,,test_ood,940969148ece49ff,crop08
0,so_fake_ood,real,,test_ood,be4ea02ed6db6d59,clean
0,so_fake_ood,real,,test_ood,be4ea02ed6db6d59,jpeg90
0,so_fake_ood,real,,test_ood,be4ea02ed6db6d59,jpeg70
0,so_fake_ood,real,,test_ood,be4ea02ed6db6d59,jpeg50
0,so_fake_ood,real,,test_ood,be4ea02ed6db6d59,jpeg30
0,so_fake_ood,real,,test_ood,be4ea02ed6db6d59,blur05
0,so_fake_ood,real,,test_ood,be4ea02ed6db6d59,blur10
0,so_fake_ood,real,,test_ood,be4ea02ed6db6d59,blur20
0,so_fake_ood,real,,test_ood,be4ea02ed6db6d59,resize05
0,so_fake_ood,real,,test_ood,be4ea02ed6db6d59,resize025
0,so_fake_ood,real,,test_ood,be4ea02ed6db6d59,noise002
0,so_fake_ood,real,,test_ood,be4ea02ed6db6d59,noise005
0,so_fake_ood,real,,test_ood,be4ea02ed6db6d59,noise01
0,so_fake_ood,real,,test_ood,be4ea02ed6db6d59,jitter02
0,so_fake_ood,real,,test_ood,be4ea02ed6db6d59,crop08
0,so_fake_ood,real,,test_ood,b68fddee3e3b65e1,clean
0,so_fake_ood,real,,test_ood,b68fddee3e3b65e1,jpeg90
0,so_fake_ood,real,,test_ood,b68fddee3e3b65e1,jpeg70
0,so_fake_ood,real,,test_ood,b68fddee3e3b65e1,jpeg50
0,so_fake_ood,real,,test_ood,b68fddee3e3b65e1,jpeg30
0,so_fake_ood,real,,test_ood,b68fddee3e3b65e1,blur05
0,so_fake_ood,real,,test_ood,b68fddee3e3b65e1,blur10
0,so_fake_ood,real,,test_ood,b68fddee3e3b65e1,blur20
0,so_fake_ood,real,,test_ood,b68fddee3e3b65e1,resize05
0,so_fake_ood,real,,test_ood,b68fddee3e3b65e1,resize025
0,so_fake_ood,real,,test_ood,b68fddee3e3b65e1,noise002
0,so_fake_ood,real,,test_ood,b68fddee3e3b65e1,noise005
0,so_fake_ood,real,,test_ood,b68fddee3e3b65e1,noise01
0,so_fake_ood,real,,test_ood,b68fddee3e3b65e1,jitter02
0,so_fake_ood,real,,test_ood,b68fddee3e3b65e1,crop08
0,so_fake_ood,real,,test_ood,615a80c630279f3a,clean
0,so_fake_ood,real,,test_ood,615a80c630279f3a,jpeg90
0,so_fake_ood,real,,test_ood,615a80c630279f3a,jpeg70
0,so_fake_ood,real,,test_ood,615a80c630279f3a,jpeg50
0,so_fake_ood,real,,test_ood,615a80c630279f3a,jpeg30
0,so_fake_ood,real,,test_ood,615a80c630279f3a,blur05
0,so_fake_ood,real,,test_ood,615a80c630279f3a,blur10
0,so_fake_ood,real,,test_ood,615a80c630279f3a,blur20
0,so_fake_ood,real,,test_ood,615a80c630279f3a,resize05
0,so_fake_ood,real,,test_ood,615a80c630279f3a,resize025
0,so_fake_ood,real,,test_ood,615a80c630279f3a,noise002
0,so_fake_ood,real,,test_ood,615a80c630279f3a,noise005
0,so_fake_ood,real,,test_ood,615a80c630279f3a,noise01
0,so_fake_ood,real,,test_ood,615a80c630279f3a,jitter02
0,so_fake_ood,real,,test_ood,615a80c630279f3a,crop08
0,so_fake_ood,real,,test_ood,f5587106f23d0f47,clean
0,so_fake_ood,real,,test_ood,f5587106f23d0f47,jpeg90
0,so_fake_ood,real,,test_ood,f5587106f23d0f47,jpeg70
0,so_fake_ood,real,,test_ood,f5587106f23d0f47,jpeg50
0,so_fake_ood,real,,test_ood,f5587106f23d0f47,jpeg30
0,so_fake_ood,real,,test_ood,f5587106f23d0f47,blur05
0,so_fake_ood,real,,test_ood,f5587106f23d0f47,blur10
0,so_fake_ood,real,,test_ood,f5587106f23d0f47,blur20
0,so_fake_ood,real,,test_ood,f5587106f23d0f47,resize05
0,so_fake_ood,real,,test_ood,f5587106f23d0f47,resize025
0,so_fake_ood,real,,test_ood,f5587106f23d0f47,noise002
0,so_fake_ood,real,,test_ood,f5587106f23d0f47,noise005
0,so_fake_ood,real,,test_ood,f5587106f23d0f47,noise01
0,so_fake_ood,real,,test_ood,f5587106f23d0f47,jitter02
0,so_fake_ood,real,,test_ood,f5587106f23d0f47,crop08
0,so_fake_ood,real,,test_ood,d57a854ef20dce5c,clean
0,so_fake_ood,real,,test_ood,d57a854ef20dce5c,jpeg90
0,so_fake_ood,real,,test_ood,d57a854ef20dce5c,jpeg70
0,so_fake_ood,real,,test_ood,d57a854ef20dce5c,jpeg50
0,so_fake_ood,real,,test_ood,d57a854ef20dce5c,jpeg30
0,so_fake_ood,real,,test_ood,d57a854ef20dce5c,blur05
0,so_fake_ood,real,,test_ood,d57a854ef20dce5c,blur10
0,so_fake_ood,real,,test_ood,d57a854ef20dce5c,blur20
0,so_fake_ood,real,,test_ood,d57a854ef20dce5c,resize05
0,so_fake_ood,real,,test_ood,d57a854ef20dce5c,resize025
0,so_fake_ood,real,,test_ood,d57a854ef20dce5c,noise002
0,so_fake_ood,real,,test_ood,d57a854ef20dce5c,noise005
0,so_fake_ood,real,,test_ood,d57a854ef20dce5c,noise01
0,so_fake_ood,real,,test_ood,d57a854ef20dce5c,jitter02
0,so_fake_ood,real,,test_ood,d57a854ef20dce5c,crop08
0,so_fake_ood,real,,test_ood,8d08c401b6d058c3,clean
0,so_fake_ood,real,,test_ood,8d08c401b6d058c3,jpeg90
0,so_fake_ood,real,,test_ood,8d08c401b6d058c3,jpeg70
0,so_fake_ood,real,,test_ood,8d08c401b6d058c3,jpeg50
0,so_fake_ood,real,,test_ood,8d08c401b6d058c3,jpeg30
0,so_fake_ood,real,,test_ood,8d08c401b6d058c3,blur05
0,so_fake_ood,real,,test_ood,8d08c401b6d058c3,blur10
0,so_fake_ood,real,,test_ood,8d08c401b6d058c3,blur20
0,so_fake_ood,real,,test_ood,8d08c401b6d058c3,resize05
0,so_fake_ood,real,,test_ood,8d08c401b6d058c3,resize025
0,so_fake_ood,real,,test_ood,8d08c401b6d058c3,noise002
0,so_fake_ood,real,,test_ood,8d08c401b6d058c3,noise005
0,so_fake_ood,real,,test_ood,8d08c401b6d058c3,noise01
0,so_fake_ood,real,,test_ood,8d08c401b6d058c3,jitter02
0,so_fake_ood,real,,test_ood,8d08c401b6d058c3,crop08
0,so_fake_ood,real,,test_ood,fb3d755ddb7a12e3,clean
0,so_fake_ood,real,,test_ood,fb3d755ddb7a12e3,jpeg90
0,so_fake_ood,real,,test_ood,fb3d755ddb7a12e3,jpeg70
0,so_fake_ood,real,,test_ood,fb3d755ddb7a12e3,jpeg50
0,so_fake_ood,real,,test_ood,fb3d755ddb7a12e3,jpeg30
0,so_fake_ood,real,,test_ood,fb3d755ddb7a12e3,blur05
0,so_fake_ood,real,,test_ood,fb3d755ddb7a12e3,blur10
0,so_fake_ood,real,,test_ood,fb3d755ddb7a12e3,blur20
0,so_fake_ood,real,,test_ood,fb3d755ddb7a12e3,resize05
0,so_fake_ood,real,,test_ood,fb3d755ddb7a12e3,resize025
0,so_fake_ood,real,,test_ood,fb3d755ddb7a12e3,noise002
0,so_fake_ood,real,,test_ood,fb3d755ddb7a12e3,noise005
0,so_fake_ood,real,,test_ood,fb3d755ddb7a12e3,noise01
0,so_fake_ood,real,,test_ood,fb3d755ddb7a12e3,jitter02
0,so_fake_ood,real,,test_ood,fb3d755ddb7a12e3,crop08
0,so_fake_ood,real,,test_ood,19514fad82e5448a,clean
0,so_fake_ood,real,,test_ood,19514fad82e5448a,jpeg90
0,so_fake_ood,real,,test_ood,19514fad82e5448a,jpeg70
0,so_fake_ood,real,,test_ood,19514fad82e5448a,jpeg50
0,so_fake_ood,real,,test_ood,19514fad82e5448a,jpeg30
0,so_fake_ood,real,,test_ood,19514fad82e5448a,blur05
0,so_fake_ood,real,,test_ood,19514fad82e5448a,blur10
0,so_fake_ood,real,,test_ood,19514fad82e5448a,blur20
0,so_fake_ood,real,,test_ood,19514fad82e5448a,resize05
0,so_fake_ood,real,,test_ood,19514fad82e5448a,resize025
0,so_fake_ood,real,,test_ood,19514fad82e5448a,noise002
0,so_fake_ood,real,,test_ood,19514fad82e5448a,noise005
0,so_fake_ood,real,,test_ood,19514fad82e5448a,noise01
0,so_fake_ood,real,,test_ood,19514fad82e5448a,jitter02
0,so_fake_ood,real,,test_ood,19514fad82e5448a,crop08
0,so_fake_ood,real,,test_ood,9069445c0f329709,clean
0,so_fake_ood,real,,test_ood,9069445c0f329709,jpeg90
0,so_fake_ood,real,,test_ood,9069445c0f329709,jpeg70
0,so_fake_ood,real,,test_ood,9069445c0f329709,jpeg50
0,so_fake_ood,real,,test_ood,9069445c0f329709,jpeg30
0,so_fake_ood,real,,test_ood,9069445c0f329709,blur05
0,so_fake_ood,real,,test_ood,9069445c0f329709,blur10
0,so_fake_ood,real,,test_ood,9069445c0f329709,blur20
0,so_fake_ood,real,,test_ood,9069445c0f329709,resize05
0,so_fake_ood,real,,test_ood,9069445c0f329709,resize025
0,so_fake_ood,real,,test_ood,9069445c0f329709,noise002
0,so_fake_ood,real,,test_ood,9069445c0f329709,noise005
0,so_fake_ood,real,,test_ood,9069445c0f329709,noise01
0,so_fake_ood,real,,test_ood,9069445c0f329709,jitter02
0,so_fake_ood,real,,test_ood,9069445c0f329709,crop08
0,so_fake_ood,real,,test_ood,9890f9c422419a36,clean
0,so_fake_ood,real,,test_ood,9890f9c422419a36,jpeg90
0,so_fake_ood,real,,test_ood,9890f9c422419a36,jpeg70
0,so_fake_ood,real,,test_ood,9890f9c422419a36,jpeg50
0,so_fake_ood,real,,test_ood,9890f9c422419a36,jpeg30
0,so_fake_ood,real,,test_ood,9890f9c422419a36,blur05
0,so_fake_ood,real,,test_ood,9890f9c422419a36,blur10
0,so_fake_ood,real,,test_ood,9890f9c422419a36,blur20
0,so_fake_ood,real,,test_ood,9890f9c422419a36,resize05
0,so_fake_ood,real,,test_ood,9890f9c422419a36,resize025
0,so_fake_ood,real,,test_ood,9890f9c422419a36,noise002
0,so_fake_ood,real,,test_ood,9890f9c422419a36,noise005
0,so_fake_ood,real,,test_ood,9890f9c422419a36,noise01
0,so_fake_ood,real,,test_ood,9890f9c422419a36,jitter02
0,so_fake_ood,real,,test_ood,9890f9c422419a36,crop08
0,so_fake_ood,real,,test_ood,a6e836317408e0cf,clean
0,so_fake_ood,real,,test_ood,a6e836317408e0cf,jpeg90
0,so_fake_ood,real,,test_ood,a6e836317408e0cf,jpeg70
0,so_fake_ood,real,,test_ood,a6e836317408e0cf,jpeg50
0,so_fake_ood,real,,test_ood,a6e836317408e0cf,jpeg30
0,so_fake_ood,real,,test_ood,a6e836317408e0cf,blur05
0,so_fake_ood,real,,test_ood,a6e836317408e0cf,blur10
0,so_fake_ood,real,,test_ood,a6e836317408e0cf,blur20
0,so_fake_ood,real,,test_ood,a6e836317408e0cf,resize05
0,so_fake_ood,real,,test_ood,a6e836317408e0cf,resize025
0,so_fake_ood,real,,test_ood,a6e836317408e0cf,noise002
0,so_fake_ood,real,,test_ood,a6e836317408e0cf,noise005
0,so_fake_ood,real,,test_ood,a6e836317408e0cf,noise01
0,so_fake_ood,real,,test_ood,a6e836317408e0cf,jitter02
0,so_fake_ood,real,,test_ood,a6e836317408e0cf,crop08
0,so_fake_ood,real,,test_ood,cc6222f47e999204,clean
0,so_fake_ood,real,,test_ood,cc6222f47e999204,jpeg90
0,so_fake_ood,real,,test_ood,cc6222f47e999204,jpeg70
0,so_fake_ood,real,,test_ood,cc6222f47e999204,jpeg50
0,so_fake_ood,real,,test_ood,cc6222f47e999204,jpeg30
0,so_fake_ood,real,,test_ood,cc6222f47e999204,blur05
0,so_fake_ood,real,,test_ood,cc6222f47e999204,blur10
0,so_fake_ood,real,,test_ood,cc6222f47e999204,blur20
0,so_fake_ood,real,,test_ood,cc6222f47e999204,resize05
0,so_fake_ood,real,,test_ood,cc6222f47e999204,resize025
0,so_fake_ood,real,,test_ood,cc6222f47e999204,noise002
0,so_fake_ood,real,,test_ood,cc6222f47e999204,noise005
0,so_fake_ood,real,,test_ood,cc6222f47e999204,noise01
0,so_fake_ood,real,,test_ood,cc6222f47e999204,jitter02
0,so_fake_ood,real,,test_ood,cc6222f47e999204,crop08
0,so_fake_ood,real,,test_ood,cbee06ac2fb70f44,clean
0,so_fake_ood,real,,test_ood,cbee06ac2fb70f44,jpeg90
0,so_fake_ood,real,,test_ood,cbee06ac2fb70f44,jpeg70
0,so_fake_ood,real,,test_ood,cbee06ac2fb70f44,jpeg50
0,so_fake_ood,real,,test_ood,cbee06ac2fb70f44,jpeg30
0,so_fake_ood,real,,test_ood,cbee06ac2fb70f44,blur05
0,so_fake_ood,real,,test_ood,cbee06ac2fb70f44,blur10
0,so_fake_ood,real,,test_ood,cbee06ac2fb70f44,blur20
0,so_fake_ood,real,,test_ood,cbee06ac2fb70f44,resize05
0,so_fake_ood,real,,test_ood,cbee06ac2fb70f44,resize025
0,so_fake_ood,real,,test_ood,cbee06ac2fb70f44,noise002
0,so_fake_ood,real,,test_ood,cbee06ac2fb70f44,noise005
0,so_fake_ood,real,,test_ood,cbee06ac2fb70f44,noise01
0,so_fake_ood,real,,test_ood,cbee06ac2fb70f44,jitter02
0,so_fake_ood,real,,test_ood,cbee06ac2fb70f44,crop08
0,so_fake_ood,real,,test_ood,d282d8d9f31b18d0,clean
0,so_fake_ood,real,,test_ood,d282d8d9f31b18d0,jpeg90
0,so_fake_ood,real,,test_ood,d282d8d9f31b18d0,jpeg70
0,so_fake_ood,real,,test_ood,d282d8d9f31b18d0,jpeg50
0,so_fake_ood,real,,test_ood,d282d8d9f31b18d0,jpeg30
0,so_fake_ood,real,,test_ood,d282d8d9f31b18d0,blur05
0,so_fake_ood,real,,test_ood,d282d8d9f31b18d0,blur10
0,so_fake_ood,real,,test_ood,d282d8d9f31b18d0,blur20
0,so_fake_ood,real,,test_ood,d282d8d9f31b18d0,resize05
0,so_fake_ood,real,,test_ood,d282d8d9f31b18d0,resize025
0,so_fake_ood,real,,test_ood,d282d8d9f31b18d0,noise002
0,so_fake_ood,real,,test_ood,d282d8d9f31b18d0,noise005
0,so_fake_ood,real,,test_ood,d282d8d9f31b18d0,noise01
0,so_fake_ood,real,,test_ood,d282d8d9f31b18d0,jitter02
0,so_fake_ood,real,,test_ood,d282d8d9f31b18d0,crop08
0,so_fake_ood,real,,test_ood,9ea84d0075eb7e4c,clean
0,so_fake_ood,real,,test_ood,9ea84d0075eb7e4c,jpeg90
0,so_fake_ood,real,,test_ood,9ea84d0075eb7e4c,jpeg70
0,so_fake_ood,real,,test_ood,9ea84d0075eb7e4c,jpeg50
0,so_fake_ood,real,,test_ood,9ea84d0075eb7e4c,jpeg30
0,so_fake_ood,real,,test_ood,9ea84d0075eb7e4c,blur05
0,so_fake_ood,real,,test_ood,9ea84d0075eb7e4c,blur10
0,so_fake_ood,real,,test_ood,9ea84d0075eb7e4c,blur20
0,so_fake_ood,real,,test_ood,9ea84d0075eb7e4c,resize05
0,so_fake_ood,real,,test_ood,9ea84d0075eb7e4c,resize025
0,so_fake_ood,real,,test_ood,9ea84d0075eb7e4c,noise002
0,so_fake_ood,real,,test_ood,9ea84d0075eb7e4c,noise005
0,so_fake_ood,real,,test_ood,9ea84d0075eb7e4c,noise01
0,so_fake_ood,real,,test_ood,9ea84d0075eb7e4c,jitter02
0,so_fake_ood,real,,test_ood,9ea84d0075eb7e4c,crop08
0,so_fake_ood,real,,test_ood,a3e0d232a6536123,clean
0,so_fake_ood,real,,test_ood,a3e0d232a6536123,jpeg90
0,so_fake_ood,real,,test_ood,a3e0d232a6536123,jpeg70
0,so_fake_ood,real,,test_ood,a3e0d232a6536123,jpeg50
0,so_fake_ood,real,,test_ood,a3e0d232a6536123,jpeg30
0,so_fake_ood,real,,test_ood,a3e0d232a6536123,blur05
0,so_fake_ood,real,,test_ood,a3e0d232a6536123,blur10
0,so_fake_ood,real,,test_ood,a3e0d232a6536123,blur20
0,so_fake_ood,real,,test_ood,a3e0d232a6536123,resize05
0,so_fake_ood,real,,test_ood,a3e0d232a6536123,resize025
0,so_fake_ood,real,,test_ood,a3e0d232a6536123,noise002
0,so_fake_ood,real,,test_ood,a3e0d232a6536123,noise005
0,so_fake_ood,real,,test_ood,a3e0d232a6536123,noise01
0,so_fake_ood,real,,test_ood,a3e0d232a6536123,jitter02
0,so_fake_ood,real,,test_ood,a3e0d232a6536123,crop08
0,so_fake_ood,real,,test_ood,c1342f3fb9999105,clean
0,so_fake_ood,real,,test_ood,c1342f3fb9999105,jpeg90
0,so_fake_ood,real,,test_ood,c1342f3fb9999105,jpeg70
0,so_fake_ood,real,,test_ood,c1342f3fb9999105,jpeg50
0,so_fake_ood,real,,test_ood,c1342f3fb9999105,jpeg30
0,so_fake_ood,real,,test_ood,c1342f3fb9999105,blur05
0,so_fake_ood,real,,test_ood,c1342f3fb9999105,blur10
0,so_fake_ood,real,,test_ood,c1342f3fb9999105,blur20
0,so_fake_ood,real,,test_ood,c1342f3fb9999105,resize05
0,so_fake_ood,real,,test_ood,c1342f3fb9999105,resize025
0,so_fake_ood,real,,test_ood,c1342f3fb9999105,noise002
0,so_fake_ood,real,,test_ood,c1342f3fb9999105,noise005
0,so_fake_ood,real,,test_ood,c1342f3fb9999105,noise01
0,so_fake_ood,real,,test_ood,c1342f3fb9999105,jitter02
0,so_fake_ood,real,,test_ood,c1342f3fb9999105,crop08
0,so_fake_ood,real,,test_ood,25b47ce565288d36,clean
0,so_fake_ood,real,,test_ood,25b47ce565288d36,jpeg90
0,so_fake_ood,real,,test_ood,25b47ce565288d36,jpeg70
0,so_fake_ood,real,,test_ood,25b47ce565288d36,jpeg50
0,so_fake_ood,real,,test_ood,25b47ce565288d36,jpeg30
0,so_fake_ood,real,,test_ood,25b47ce565288d36,blur05
0,so_fake_ood,real,,test_ood,25b47ce565288d36,blur10
0,so_fake_ood,real,,test_ood,25b47ce565288d36,blur20
0,so_fake_ood,real,,test_ood,25b47ce565288d36,resize05
0,so_fake_ood,real,,test_ood,25b47ce565288d36,resize025
0,so_fake_ood,real,,test_ood,25b47ce565288d36,noise002
0,so_fake_ood,real,,test_ood,25b47ce565288d36,noise005
0,so_fake_ood,real,,test_ood,25b47ce565288d36,noise01
0,so_fake_ood,real,,test_ood,25b47ce565288d36,jitter02
0,so_fake_ood,real,,test_ood,25b47ce565288d36,crop08
0,so_fake_ood,real,,test_ood,e7f0b45a13cf3110,clean
0,so_fake_ood,real,,test_ood,e7f0b45a13cf3110,jpeg90
0,so_fake_ood,real,,test_ood,e7f0b45a13cf3110,jpeg70
0,so_fake_ood,real,,test_ood,e7f0b45a13cf3110,jpeg50
0,so_fake_ood,real,,test_ood,e7f0b45a13cf3110,jpeg30
0,so_fake_ood,real,,test_ood,e7f0b45a13cf3110,blur05
0,so_fake_ood,real,,test_ood,e7f0b45a13cf3110,blur10
0,so_fake_ood,real,,test_ood,e7f0b45a13cf3110,blur20
0,so_fake_ood,real,,test_ood,e7f0b45a13cf3110,resize05
0,so_fake_ood,real,,test_ood,e7f0b45a13cf3110,resize025
0,so_fake_ood,real,,test_ood,e7f0b45a13cf3110,noise002
0,so_fake_ood,real,,test_ood,e7f0b45a13cf3110,noise005
0,so_fake_ood,real,,test_ood,e7f0b45a13cf3110,noise01
0,so_fake_ood,real,,test_ood,e7f0b45a13cf3110,jitter02
0,so_fake_ood,real,,test_ood,e7f0b45a13cf3110,crop08
0,so_fake_ood,real,,test_ood,71b4ec9932a149e6,clean
0,so_fake_ood,real,,test_ood,71b4ec9932a149e6,jpeg90
0,so_fake_ood,real,,test_ood,71b4ec9932a149e6,jpeg70
0,so_fake_ood,real,,test_ood,71b4ec9932a149e6,jpeg50
0,so_fake_ood,real,,test_ood,71b4ec9932a149e6,jpeg30
0,so_fake_ood,real,,test_ood,71b4ec9932a149e6,blur05
0,so_fake_ood,real,,test_ood,71b4ec9932a149e6,blur10
0,so_fake_ood,real,,test_ood,71b4ec9932a149e6,blur20
0,so_fake_ood,real,,test_ood,71b4ec9932a149e6,resize05
0,so_fake_ood,real,,test_ood,71b4ec9932a149e6,resize025
0,so_fake_ood,real,,test_ood,71b4ec9932a149e6,noise002
0,so_fake_ood,real,,test_ood,71b4ec9932a149e6,noise005
0,so_fake_ood,real,,test_ood,71b4ec9932a149e6,noise01
0,so_fake_ood,real,,test_ood,71b4ec9932a149e6,jitter02
0,so_fake_ood,real,,test_ood,71b4ec9932a149e6,crop08
0,so_fake_ood,real,,test_ood,f62ff84fc0859217,clean
0,so_fake_ood,real,,test_ood,f62ff84fc0859217,jpeg90
0,so_fake_ood,real,,test_ood,f62ff84fc0859217,jpeg70
0,so_fake_ood,real,,test_ood,f62ff84fc0859217,jpeg50
0,so_fake_ood,real,,test_ood,f62ff84fc0859217,jpeg30
0,so_fake_ood,real,,test_ood,f62ff84fc0859217,blur05
0,so_fake_ood,real,,test_ood,f62ff84fc0859217,blur10
0,so_fake_ood,real,,test_ood,f62ff84fc0859217,blur20
0,so_fake_ood,real,,test_ood,f62ff84fc0859217,resize05
0,so_fake_ood,real,,test_ood,f62ff84fc0859217,resize025
0,so_fake_ood,real,,test_ood,f62ff84fc0859217,noise002
0,so_fake_ood,real,,test_ood,f62ff84fc0859217,noise005
0,so_fake_ood,real,,test_ood,f62ff84fc0859217,noise01
0,so_fake_ood,real,,test_ood,f62ff84fc0859217,jitter02
0,so_fake_ood,real,,test_ood,f62ff84fc0859217,crop08
0,so_fake_ood,real,,test_ood,5082d131fc18537f,clean
0,so_fake_ood,real,,test_ood,5082d131fc18537f,jpeg90
0,so_fake_ood,real,,test_ood,5082d131fc18537f,jpeg70
0,so_fake_ood,real,,test_ood,5082d131fc18537f,jpeg50
0,so_fake_ood,real,,test_ood,5082d131fc18537f,jpeg30
0,so_fake_ood,real,,test_ood,5082d131fc18537f,blur05
0,so_fake_ood,real,,test_ood,5082d131fc18537f,blur10
0,so_fake_ood,real,,test_ood,5082d131fc18537f,blur20
0,so_fake_ood,real,,test_ood,5082d131fc18537f,resize05
0,so_fake_ood,real,,test_ood,5082d131fc18537f,resize025
0,so_fake_ood,real,,test_ood,5082d131fc18537f,noise002
0,so_fake_ood,real,,test_ood,5082d131fc18537f,noise005
0,so_fake_ood,real,,test_ood,5082d131fc18537f,noise01
0,so_fake_ood,real,,test_ood,5082d131fc18537f,jitter02
0,so_fake_ood,real,,test_ood,5082d131fc18537f,crop08
0,so_fake_ood,real,,test_ood,c1cb37624fb49fd0,clean
0,so_fake_ood,real,,test_ood,c1cb37624fb49fd0,jpeg90
0,so_fake_ood,real,,test_ood,c1cb37624fb49fd0,jpeg70
0,so_fake_ood,real,,test_ood,c1cb37624fb49fd0,jpeg50
0,so_fake_ood,real,,test_ood,c1cb37624fb49fd0,jpeg30
0,so_fake_ood,real,,test_ood,c1cb37624fb49fd0,blur05
0,so_fake_ood,real,,test_ood,c1cb37624fb49fd0,blur10
0,so_fake_ood,real,,test_ood,c1cb37624fb49fd0,blur20
0,so_fake_ood,real,,test_ood,c1cb37624fb49fd0,resize05
0,so_fake_ood,real,,test_ood,c1cb37624fb49fd0,resize025
0,so_fake_ood,real,,test_ood,c1cb37624fb49fd0,noise002
0,so_fake_ood,real,,test_ood,c1cb37624fb49fd0,noise005
0,so_fake_ood,real,,test_ood,c1cb37624fb49fd0,noise01
0,so_fake_ood,real,,test_ood,c1cb37624fb49fd0,jitter02
0,so_fake_ood,real,,test_ood,c1cb37624fb49fd0,crop08
0,so_fake_ood,real,,test_ood,8ab771570e0d067f,clean
0,so_fake_ood,real,,test_ood,8ab771570e0d067f,jpeg90
0,so_fake_ood,real,,test_ood,8ab771570e0d067f,jpeg70
0,so_fake_ood,real,,test_ood,8ab771570e0d067f,jpeg50
0,so_fake_ood,real,,test_ood,8ab771570e0d067f,jpeg30
0,so_fake_ood,real,,test_ood,8ab771570e0d067f,blur05
0,so_fake_ood,real,,test_ood,8ab771570e0d067f,blur10
0,so_fake_ood,real,,test_ood,8ab771570e0d067f,blur20
0,so_fake_ood,real,,test_ood,8ab771570e0d067f,resize05
0,so_fake_ood,real,,test_ood,8ab771570e0d067f,resize025
0,so_fake_ood,real,,test_ood,8ab771570e0d067f,noise002
0,so_fake_ood,real,,test_ood,8ab771570e0d067f,noise005
0,so_fake_ood,real,,test_ood,8ab771570e0d067f,noise01
0,so_fake_ood,real,,test_ood,8ab771570e0d067f,jitter02
0,so_fake_ood,real,,test_ood,8ab771570e0d067f,crop08
0,so_fake_ood,real,,test_ood,fa2955f9404f78b4,clean
0,so_fake_ood,real,,test_ood,fa2955f9404f78b4,jpeg90
0,so_fake_ood,real,,test_ood,fa2955f9404f78b4,jpeg70
0,so_fake_ood,real,,test_ood,fa2955f9404f78b4,jpeg50
0,so_fake_ood,real,,test_ood,fa2955f9404f78b4,jpeg30
0,so_fake_ood,real,,test_ood,fa2955f9404f78b4,blur05
0,so_fake_ood,real,,test_ood,fa2955f9404f78b4,blur10
0,so_fake_ood,real,,test_ood,fa2955f9404f78b4,blur20
0,so_fake_ood,real,,test_ood,fa2955f9404f78b4,resize05
0,so_fake_ood,real,,test_ood,fa2955f9404f78b4,resize025
0,so_fake_ood,real,,test_ood,fa2955f9404f78b4,noise002
0,so_fake_ood,real,,test_ood,fa2955f9404f78b4,noise005
0,so_fake_ood,real,,test_ood,fa2955f9404f78b4,noise01
0,so_fake_ood,real,,test_ood,fa2955f9404f78b4,jitter02
0,so_fake_ood,real,,test_ood,fa2955f9404f78b4,crop08
0,so_fake_ood,real,,test_ood,6bd7682fe8eb876a,clean
0,so_fake_ood,real,,test_ood,6bd7682fe8eb876a,jpeg90
0,so_fake_ood,real,,test_ood,6bd7682fe8eb876a,jpeg70
0,so_fake_ood,real,,test_ood,6bd7682fe8eb876a,jpeg50
0,so_fake_ood,real,,test_ood,6bd7682fe8eb876a,jpeg30
0,so_fake_ood,real,,test_ood,6bd7682fe8eb876a,blur05
0,so_fake_ood,real,,test_ood,6bd7682fe8eb876a,blur10
0,so_fake_ood,real,,test_ood,6bd7682fe8eb876a,blur20
0,so_fake_ood,real,,test_ood,6bd7682fe8eb876a,resize05
0,so_fake_ood,real,,test_ood,6bd7682fe8eb876a,resize025
0,so_fake_ood,real,,test_ood,6bd7682fe8eb876a,noise002
0,so_fake_ood,real,,test_ood,6bd7682fe8eb876a,noise005
0,so_fake_ood,real,,test_ood,6bd7682fe8eb876a,noise01
0,so_fake_ood,real,,test_ood,6bd7682fe8eb876a,jitter02
0,so_fake_ood,real,,test_ood,6bd7682fe8eb876a,crop08
0,so_fake_ood,real,,test_ood,12b8f1a8c53008b9,clean
0,so_fake_ood,real,,test_ood,12b8f1a8c53008b9,jpeg90
0,so_fake_ood,real,,test_ood,12b8f1a8c53008b9,jpeg70
0,so_fake_ood,real,,test_ood,12b8f1a8c53008b9,jpeg50
0,so_fake_ood,real,,test_ood,12b8f1a8c53008b9,jpeg30
0,so_fake_ood,real,,test_ood,12b8f1a8c53008b9,blur05
0,so_fake_ood,real,,test_ood,12b8f1a8c53008b9,blur10
0,so_fake_ood,real,,test_ood,12b8f1a8c53008b9,blur20
0,so_fake_ood,real,,test_ood,12b8f1a8c53008b9,resize05
0,so_fake_ood,real,,test_ood,12b8f1a8c53008b9,resize025
0,so_fake_ood,real,,test_ood,12b8f1a8c53008b9,noise002
0,so_fake_ood,real,,test_ood,12b8f1a8c53008b9,noise005
0,so_fake_ood,real,,test_ood,12b8f1a8c53008b9,noise01
0,so_fake_ood,real,,test_ood,12b8f1a8c53008b9,jitter02
0,so_fake_ood,real,,test_ood,12b8f1a8c53008b9,crop08
0,so_fake_ood,real,,test_ood,a770f66d21258731,clean
0,so_fake_ood,real,,test_ood,a770f66d21258731,jpeg90
0,so_fake_ood,real,,test_ood,a770f66d21258731,jpeg70
0,so_fake_ood,real,,test_ood,a770f66d21258731,jpeg50
0,so_fake_ood,real,,test_ood,a770f66d21258731,jpeg30
0,so_fake_ood,real,,test_ood,a770f66d21258731,blur05
0,so_fake_ood,real,,test_ood,a770f66d21258731,blur10
0,so_fake_ood,real,,test_ood,a770f66d21258731,blur20
0,so_fake_ood,real,,test_ood,a770f66d21258731,resize05
0,so_fake_ood,real,,test_ood,a770f66d21258731,resize025
0,so_fake_ood,real,,test_ood,a770f66d21258731,noise002
0,so_fake_ood,real,,test_ood,a770f66d21258731,noise005
0,so_fake_ood,real,,test_ood,a770f66d21258731,noise01
0,so_fake_ood,real,,test_ood,a770f66d21258731,jitter02
0,so_fake_ood,real,,test_ood,a770f66d21258731,crop08
0,so_fake_ood,real,,test_ood,03ca0e2648b5cc80,clean
0,so_fake_ood,real,,test_ood,03ca0e2648b5cc80,jpeg90
0,so_fake_ood,real,,test_ood,03ca0e2648b5cc80,jpeg70
0,so_fake_ood,real,,test_ood,03ca0e2648b5cc80,jpeg50
0,so_fake_ood,real,,test_ood,03ca0e2648b5cc80,jpeg30
0,so_fake_ood,real,,test_ood,03ca0e2648b5cc80,blur05
0,so_fake_ood,real,,test_ood,03ca0e2648b5cc80,blur10
0,so_fake_ood,real,,test_ood,03ca0e2648b5cc80,blur20
0,so_fake_ood,real,,test_ood,03ca0e2648b5cc80,resize05
0,so_fake_ood,real,,test_ood,03ca0e2648b5cc80,resize025
0,so_fake_ood,real,,test_ood,03ca0e2648b5cc80,noise002
0,so_fake_ood,real,,test_ood,03ca0e2648b5cc80,noise005
0,so_fake_ood,real,,test_ood,03ca0e2648b5cc80,noise01
0,so_fake_ood,real,,test_ood,03ca0e2648b5cc80,jitter02
0,so_fake_ood,real,,test_ood,03ca0e2648b5cc80,crop08
0,so_fake_ood,real,,test_ood,b00643be86c44167,clean
0,so_fake_ood,real,,test_ood,b00643be86c44167,jpeg90
0,so_fake_ood,real,,test_ood,b00643be86c44167,jpeg70
0,so_fake_ood,real,,test_ood,b00643be86c44167,jpeg50
0,so_fake_ood,real,,test_ood,b00643be86c44167,jpeg30
0,so_fake_ood,real,,test_ood,b00643be86c44167,blur05
0,so_fake_ood,real,,test_ood,b00643be86c44167,blur10
0,so_fake_ood,real,,test_ood,b00643be86c44167,blur20
0,so_fake_ood,real,,test_ood,b00643be86c44167,resize05
0,so_fake_ood,real,,test_ood,b00643be86c44167,resize025
0,so_fake_ood,real,,test_ood,b00643be86c44167,noise002
0,so_fake_ood,real,,test_ood,b00643be86c44167,noise005
0,so_fake_ood,real,,test_ood,b00643be86c44167,noise01
0,so_fake_ood,real,,test_ood,b00643be86c44167,jitter02
0,so_fake_ood,real,,test_ood,b00643be86c44167,crop08
0,so_fake_ood,real,,test_ood,de4355d8531e11f7,clean
0,so_fake_ood,real,,test_ood,de4355d8531e11f7,jpeg90
0,so_fake_ood,real,,test_ood,de4355d8531e11f7,jpeg70
0,so_fake_ood,real,,test_ood,de4355d8531e11f7,jpeg50
0,so_fake_ood,real,,test_ood,de4355d8531e11f7,jpeg30
0,so_fake_ood,real,,test_ood,de4355d8531e11f7,blur05
0,so_fake_ood,real,,test_ood,de4355d8531e11f7,blur10
0,so_fake_ood,real,,test_ood,de4355d8531e11f7,blur20
0,so_fake_ood,real,,test_ood,de4355d8531e11f7,resize05
0,so_fake_ood,real,,test_ood,de4355d8531e11f7,resize025
0,so_fake_ood,real,,test_ood,de4355d8531e11f7,noise002
0,so_fake_ood,real,,test_ood,de4355d8531e11f7,noise005
0,so_fake_ood,real,,test_ood,de4355d8531e11f7,noise01
0,so_fake_ood,real,,test_ood,de4355d8531e11f7,jitter02
0,so_fake_ood,real,,test_ood,de4355d8531e11f7,crop08
0,so_fake_ood,real,,test_ood,09b3f8c40cce4261,clean
0,so_fake_ood,real,,test_ood,09b3f8c40cce4261,jpeg90
0,so_fake_ood,real,,test_ood,09b3f8c40cce4261,jpeg70
0,so_fake_ood,real,,test_ood,09b3f8c40cce4261,jpeg50
0,so_fake_ood,real,,test_ood,09b3f8c40cce4261,jpeg30
0,so_fake_ood,real,,test_ood,09b3f8c40cce4261,blur05
0,so_fake_ood,real,,test_ood,09b3f8c40cce4261,blur10
0,so_fake_ood,real,,test_ood,09b3f8c40cce4261,blur20
0,so_fake_ood,real,,test_ood,09b3f8c40cce4261,resize05
0,so_fake_ood,real,,test_ood,09b3f8c40cce4261,resize025
0,so_fake_ood,real,,test_ood,09b3f8c40cce4261,noise002
0,so_fake_ood,real,,test_ood,09b3f8c40cce4261,noise005
0,so_fake_ood,real,,test_ood,09b3f8c40cce4261,noise01
0,so_fake_ood,real,,test_ood,09b3f8c40cce4261,jitter02
0,so_fake_ood,real,,test_ood,09b3f8c40cce4261,crop08
0,so_fake_ood,real,,test_ood,754c66de609b1e2b,clean
0,so_fake_ood,real,,test_ood,754c66de609b1e2b,jpeg90
0,so_fake_ood,real,,test_ood,754c66de609b1e2b,jpeg70
0,so_fake_ood,real,,test_ood,754c66de609b1e2b,jpeg50
0,so_fake_ood,real,,test_ood,754c66de609b1e2b,jpeg30
0,so_fake_ood,real,,test_ood,754c66de609b1e2b,blur05
0,so_fake_ood,real,,test_ood,754c66de609b1e2b,blur10
0,so_fake_ood,real,,test_ood,754c66de609b1e2b,blur20
0,so_fake_ood,real,,test_ood,754c66de609b1e2b,resize05
0,so_fake_ood,real,,test_ood,754c66de609b1e2b,resize025
0,so_fake_ood,real,,test_ood,754c66de609b1e2b,noise002
0,so_fake_ood,real,,test_ood,754c66de609b1e2b,noise005
0,so_fake_ood,real,,test_ood,754c66de609b1e2b,noise01
0,so_fake_ood,real,,test_ood,754c66de609b1e2b,jitter02
0,so_fake_ood,real,,test_ood,754c66de609b1e2b,crop08
0,so_fake_ood,real,,test_ood,e592c6e2a2265814,clean
0,so_fake_ood,real,,test_ood,e592c6e2a2265814,jpeg90
0,so_fake_ood,real,,test_ood,e592c6e2a2265814,jpeg70
0,so_fake_ood,real,,test_ood,e592c6e2a2265814,jpeg50
0,so_fake_ood,real,,test_ood,e592c6e2a2265814,jpeg30
0,so_fake_ood,real,,test_ood,e592c6e2a2265814,blur05
0,so_fake_ood,real,,test_ood,e592c6e2a2265814,blur10
0,so_fake_ood,real,,test_ood,e592c6e2a2265814,blur20
0,so_fake_ood,real,,test_ood,e592c6e2a2265814,resize05
0,so_fake_ood,real,,test_ood,e592c6e2a2265814,resize025
0,so_fake_ood,real,,test_ood,e592c6e2a2265814,noise002
0,so_fake_ood,real,,test_ood,e592c6e2a2265814,noise005
0,so_fake_ood,real,,test_ood,e592c6e2a2265814,noise01
0,so_fake_ood,real,,test_ood,e592c6e2a2265814,jitter02
0,so_fake_ood,real,,test_ood,e592c6e2a2265814,crop08
0,so_fake_ood,real,,test_ood,6cc45032284b12be,clean
0,so_fake_ood,real,,test_ood,6cc45032284b12be,jpeg90
0,so_fake_ood,real,,test_ood,6cc45032284b12be,jpeg70
0,so_fake_ood,real,,test_ood,6cc45032284b12be,jpeg50
0,so_fake_ood,real,,test_ood,6cc45032284b12be,jpeg30
0,so_fake_ood,real,,test_ood,6cc45032284b12be,blur05
0,so_fake_ood,real,,test_ood,6cc45032284b12be,blur10
0,so_fake_ood,real,,test_ood,6cc45032284b12be,blur20
0,so_fake_ood,real,,test_ood,6cc45032284b12be,resize05
0,so_fake_ood,real,,test_ood,6cc45032284b12be,resize025
0,so_fake_ood,real,,test_ood,6cc45032284b12be,noise002
0,so_fake_ood,real,,test_ood,6cc45032284b12be,noise005
0,so_fake_ood,real,,test_ood,6cc45032284b12be,noise01
0,so_fake_ood,real,,test_ood,6cc45032284b12be,jitter02
0,so_fake_ood,real,,test_ood,6cc45032284b12be,crop08
0,so_fake_ood,real,,test_ood,e86220bddd2b3dff,clean
0,so_fake_ood,real,,test_ood,e86220bddd2b3dff,jpeg90
0,so_fake_ood,real,,test_ood,e86220bddd2b3dff,jpeg70
0,so_fake_ood,real,,test_ood,e86220bddd2b3dff,jpeg50
0,so_fake_ood,real,,test_ood,e86220bddd2b3dff,jpeg30
0,so_fake_ood,real,,test_ood,e86220bddd2b3dff,blur05
0,so_fake_ood,real,,test_ood,e86220bddd2b3dff,blur10
0,so_fake_ood,real,,test_ood,e86220bddd2b3dff,blur20
0,so_fake_ood,real,,test_ood,e86220bddd2b3dff,resize05
0,so_fake_ood,real,,test_ood,e86220bddd2b3dff,resize025
0,so_fake_ood,real,,test_ood,e86220bddd2b3dff,noise002
0,so_fake_ood,real,,test_ood,e86220bddd2b3dff,noise005
0,so_fake_ood,real,,test_ood,e86220bddd2b3dff,noise01
0,so_fake_ood,real,,test_ood,e86220bddd2b3dff,jitter02
0,so_fake_ood,real,,test_ood,e86220bddd2b3dff,crop08
0,so_fake_ood,real,,test_ood,74c335ea7e66abfc,clean
0,so_fake_ood,real,,test_ood,74c335ea7e66abfc,jpeg90
0,so_fake_ood,real,,test_ood,74c335ea7e66abfc,jpeg70
0,so_fake_ood,real,,test_ood,74c335ea7e66abfc,jpeg50
0,so_fake_ood,real,,test_ood,74c335ea7e66abfc,jpeg30
0,so_fake_ood,real,,test_ood,74c335ea7e66abfc,blur05
0,so_fake_ood,real,,test_ood,74c335ea7e66abfc,blur10
0,so_fake_ood,real,,test_ood,74c335ea7e66abfc,blur20
0,so_fake_ood,real,,test_ood,74c335ea7e66abfc,resize05
0,so_fake_ood,real,,test_ood,74c335ea7e66abfc,resize025
0,so_fake_ood,real,,test_ood,74c335ea7e66abfc,noise002
0,so_fake_ood,real,,test_ood,74c335ea7e66abfc,noise005
0,so_fake_ood,real,,test_ood,74c335ea7e66abfc,noise01
0,so_fake_ood,real,,test_ood,74c335ea7e66abfc,jitter02
0,so_fake_ood,real,,test_ood,74c335ea7e66abfc,crop08
0,so_fake_ood,real,,test_ood,4503753f200a4404,clean
0,so_fake_ood,real,,test_ood,4503753f200a4404,jpeg90
0,so_fake_ood,real,,test_ood,4503753f200a4404,jpeg70
0,so_fake_ood,real,,test_ood,4503753f200a4404,jpeg50
0,so_fake_ood,real,,test_ood,4503753f200a4404,jpeg30
0,so_fake_ood,real,,test_ood,4503753f200a4404,blur05
0,so_fake_ood,real,,test_ood,4503753f200a4404,blur10
0,so_fake_ood,real,,test_ood,4503753f200a4404,blur20
0,so_fake_ood,real,,test_ood,4503753f200a4404,resize05
0,so_fake_ood,real,,test_ood,4503753f200a4404,resize025
0,so_fake_ood,real,,test_ood,4503753f200a4404,noise002
0,so_fake_ood,real,,test_ood,4503753f200a4404,noise005
0,so_fake_ood,real,,test_ood,4503753f200a4404,noise01
0,so_fake_ood,real,,test_ood,4503753f200a4404,jitter02
0,so_fake_ood,real,,test_ood,4503753f200a4404,crop08
0,so_fake_ood,real,,test_ood,9c07741c65add463,clean
0,so_fake_ood,real,,test_ood,9c07741c65add463,jpeg90
0,so_fake_ood,real,,test_ood,9c07741c65add463,jpeg70
0,so_fake_ood,real,,test_ood,9c07741c65add463,jpeg50
0,so_fake_ood,real,,test_ood,9c07741c65add463,jpeg30
0,so_fake_ood,real,,test_ood,9c07741c65add463,blur05
0,so_fake_ood,real,,test_ood,9c07741c65add463,blur10
0,so_fake_ood,real,,test_ood,9c07741c65add463,blur20
0,so_fake_ood,real,,test_ood,9c07741c65add463,resize05
0,so_fake_ood,real,,test_ood,9c07741c65add463,resize025
0,so_fake_ood,real,,test_ood,9c07741c65add463,noise002
0,so_fake_ood,real,,test_ood,9c07741c65add463,noise005
0,so_fake_ood,real,,test_ood,9c07741c65add463,noise01
0,so_fake_ood,real,,test_ood,9c07741c65add463,jitter02
0,so_fake_ood,real,,test_ood,9c07741c65add463,crop08
0,so_fake_ood,real,,test_ood,f167d69d3daeddb2,clean
0,so_fake_ood,real,,test_ood,f167d69d3daeddb2,jpeg90
0,so_fake_ood,real,,test_ood,f167d69d3daeddb2,jpeg70
0,so_fake_ood,real,,test_ood,f167d69d3daeddb2,jpeg50
0,so_fake_ood,real,,test_ood,f167d69d3daeddb2,jpeg30
0,so_fake_ood,real,,test_ood,f167d69d3daeddb2,blur05
0,so_fake_ood,real,,test_ood,f167d69d3daeddb2,blur10
0,so_fake_ood,real,,test_ood,f167d69d3daeddb2,blur20
0,so_fake_ood,real,,test_ood,f167d69d3daeddb2,resize05
0,so_fake_ood,real,,test_ood,f167d69d3daeddb2,resize025
0,so_fake_ood,real,,test_ood,f167d69d3daeddb2,noise002
0,so_fake_ood,real,,test_ood,f167d69d3daeddb2,noise005
0,so_fake_ood,real,,test_ood,f167d69d3daeddb2,noise01
0,so_fake_ood,real,,test_ood,f167d69d3daeddb2,jitter02
0,so_fake_ood,real,,test_ood,f167d69d3daeddb2,crop08
0,so_fake_ood,real,,test_ood,b19f7e0ad1c92ddf,clean
0,so_fake_ood,real,,test_ood,b19f7e0ad1c92ddf,jpeg90
0,so_fake_ood,real,,test_ood,b19f7e0ad1c92ddf,jpeg70
0,so_fake_ood,real,,test_ood,b19f7e0ad1c92ddf,jpeg50
0,so_fake_ood,real,,test_ood,b19f7e0ad1c92ddf,jpeg30
0,so_fake_ood,real,,test_ood,b19f7e0ad1c92ddf,blur05
0,so_fake_ood,real,,test_ood,b19f7e0ad1c92ddf,blur10
0,so_fake_ood,real,,test_ood,b19f7e0ad1c92ddf,blur20
0,so_fake_ood,real,,test_ood,b19f7e0ad1c92ddf,resize05
0,so_fake_ood,real,,test_ood,b19f7e0ad1c92ddf,resize025
0,so_fake_ood,real,,test_ood,b19f7e0ad1c92ddf,noise002
0,so_fake_ood,real,,test_ood,b19f7e0ad1c92ddf,noise005
0,so_fake_ood,real,,test_ood,b19f7e0ad1c92ddf,noise01
0,so_fake_ood,real,,test_ood,b19f7e0ad1c92ddf,jitter02
0,so_fake_ood,real,,test_ood,b19f7e0ad1c92ddf,crop08
0,so_fake_ood,real,,test_ood,928eaea172c41068,clean
0,so_fake_ood,real,,test_ood,928eaea172c41068,jpeg90
0,so_fake_ood,real,,test_ood,928eaea172c41068,jpeg70
0,so_fake_ood,real,,test_ood,928eaea172c41068,jpeg50
0,so_fake_ood,real,,test_ood,928eaea172c41068,jpeg30
0,so_fake_ood,real,,test_ood,928eaea172c41068,blur05
0,so_fake_ood,real,,test_ood,928eaea172c41068,blur10
0,so_fake_ood,real,,test_ood,928eaea172c41068,blur20
0,so_fake_ood,real,,test_ood,928eaea172c41068,resize05
0,so_fake_ood,real,,test_ood,928eaea172c41068,resize025
0,so_fake_ood,real,,test_ood,928eaea172c41068,noise002
0,so_fake_ood,real,,test_ood,928eaea172c41068,noise005
0,so_fake_ood,real,,test_ood,928eaea172c41068,noise01
0,so_fake_ood,real,,test_ood,928eaea172c41068,jitter02
0,so_fake_ood,real,,test_ood,928eaea172c41068,crop08
0,so_fake_ood,real,,test_ood,1d19d0c9017530cc,clean
0,so_fake_ood,real,,test_ood,1d19d0c9017530cc,jpeg90
0,so_fake_ood,real,,test_ood,1d19d0c9017530cc,jpeg70
0,so_fake_ood,real,,test_ood,1d19d0c9017530cc,jpeg50
0,so_fake_ood,real,,test_ood,1d19d0c9017530cc,jpeg30
0,so_fake_ood,real,,test_ood,1d19d0c9017530cc,blur05
0,so_fake_ood,real,,test_ood,1d19d0c9017530cc,blur10
0,so_fake_ood,real,,test_ood,1d19d0c9017530cc,blur20
0,so_fake_ood,real,,test_ood,1d19d0c9017530cc,resize05
0,so_fake_ood,real,,test_ood,1d19d0c9017530cc,resize025
0,so_fake_ood,real,,test_ood,1d19d0c9017530cc,noise002
0,so_fake_ood,real,,test_ood,1d19d0c9017530cc,noise005
0,so_fake_ood,real,,test_ood,1d19d0c9017530cc,noise01
0,so_fake_ood,real,,test_ood,1d19d0c9017530cc,jitter02
0,so_fake_ood,real,,test_ood,1d19d0c9017530cc,crop08
0,so_fake_ood,real,,test_ood,bf5ed762d604c6ba,clean
0,so_fake_ood,real,,test_ood,bf5ed762d604c6ba,jpeg90
0,so_fake_ood,real,,test_ood,bf5ed762d604c6ba,jpeg70
0,so_fake_ood,real,,test_ood,bf5ed762d604c6ba,jpeg50
0,so_fake_ood,real,,test_ood,bf5ed762d604c6ba,jpeg30
0,so_fake_ood,real,,test_ood,bf5ed762d604c6ba,blur05
0,so_fake_ood,real,,test_ood,bf5ed762d604c6ba,blur10
0,so_fake_ood,real,,test_ood,bf5ed762d604c6ba,blur20
0,so_fake_ood,real,,test_ood,bf5ed762d604c6ba,resize05
0,so_fake_ood,real,,test_ood,bf5ed762d604c6ba,resize025
0,so_fake_ood,real,,test_ood,bf5ed762d604c6ba,noise002
0,so_fake_ood,real,,test_ood,bf5ed762d604c6ba,noise005
0,so_fake_ood,real,,test_ood,bf5ed762d604c6ba,noise01
0,so_fake_ood,real,,test_ood,bf5ed762d604c6ba,jitter02
0,so_fake_ood,real,,test_ood,bf5ed762d604c6ba,crop08
0,so_fake_ood,real,,test_ood,6d90cd1d7da5d283,clean
0,so_fake_ood,real,,test_ood,6d90cd1d7da5d283,jpeg90
0,so_fake_ood,real,,test_ood,6d90cd1d7da5d283,jpeg70
0,so_fake_ood,real,,test_ood,6d90cd1d7da5d283,jpeg50
0,so_fake_ood,real,,test_ood,6d90cd1d7da5d283,jpeg30
0,so_fake_ood,real,,test_ood,6d90cd1d7da5d283,blur05
0,so_fake_ood,real,,test_ood,6d90cd1d7da5d283,blur10
0,so_fake_ood,real,,test_ood,6d90cd1d7da5d283,blur20
0,so_fake_ood,real,,test_ood,6d90cd1d7da5d283,resize05
0,so_fake_ood,real,,test_ood,6d90cd1d7da5d283,resize025
0,so_fake_ood,real,,test_ood,6d90cd1d7da5d283,noise002
0,so_fake_ood,real,,test_ood,6d90cd1d7da5d283,noise005
0,so_fake_ood,real,,test_ood,6d90cd1d7da5d283,noise01
0,so_fake_ood,real,,test_ood,6d90cd1d7da5d283,jitter02
0,so_fake_ood,real,,test_ood,6d90cd1d7da5d283,crop08
0,so_fake_ood,real,,test_ood,41fc819362bcb972,clean
0,so_fake_ood,real,,test_ood,41fc819362bcb972,jpeg90
0,so_fake_ood,real,,test_ood,41fc819362bcb972,jpeg70
0,so_fake_ood,real,,test_ood,41fc819362bcb972,jpeg50
0,so_fake_ood,real,,test_ood,41fc819362bcb972,jpeg30
0,so_fake_ood,real,,test_ood,41fc819362bcb972,blur05
0,so_fake_ood,real,,test_ood,41fc819362bcb972,blur10
0,so_fake_ood,real,,test_ood,41fc819362bcb972,blur20
0,so_fake_ood,real,,test_ood,41fc819362bcb972,resize05
0,so_fake_ood,real,,test_ood,41fc819362bcb972,resize025
0,so_fake_ood,real,,test_ood,41fc819362bcb972,noise002
0,so_fake_ood,real,,test_ood,41fc819362bcb972,noise005
0,so_fake_ood,real,,test_ood,41fc819362bcb972,noise01
0,so_fake_ood,real,,test_ood,41fc819362bcb972,jitter02
0,so_fake_ood,real,,test_ood,41fc819362bcb972,crop08
0,so_fake_ood,real,,test_ood,a3756535fdd2c06f,clean
0,so_fake_ood,real,,test_ood,a3756535fdd2c06f,jpeg90
0,so_fake_ood,real,,test_ood,a3756535fdd2c06f,jpeg70
0,so_fake_ood,real,,test_ood,a3756535fdd2c06f,jpeg50
0,so_fake_ood,real,,test_ood,a3756535fdd2c06f,jpeg30
0,so_fake_ood,real,,test_ood,a3756535fdd2c06f,blur05
0,so_fake_ood,real,,test_ood,a3756535fdd2c06f,blur10
0,so_fake_ood,real,,test_ood,a3756535fdd2c06f,blur20
0,so_fake_ood,real,,test_ood,a3756535fdd2c06f,resize05
0,so_fake_ood,real,,test_ood,a3756535fdd2c06f,resize025
0,so_fake_ood,real,,test_ood,a3756535fdd2c06f,noise002
0,so_fake_ood,real,,test_ood,a3756535fdd2c06f,noise005
0,so_fake_ood,real,,test_ood,a3756535fdd2c06f,noise01
0,so_fake_ood,real,,test_ood,a3756535fdd2c06f,jitter02
0,so_fake_ood,real,,test_ood,a3756535fdd2c06f,crop08
0,so_fake_ood,real,,test_ood,c8e2dfb1e1b184d4,clean
0,so_fake_ood,real,,test_ood,c8e2dfb1e1b184d4,jpeg90
0,so_fake_ood,real,,test_ood,c8e2dfb1e1b184d4,jpeg70
0,so_fake_ood,real,,test_ood,c8e2dfb1e1b184d4,jpeg50
0,so_fake_ood,real,,test_ood,c8e2dfb1e1b184d4,jpeg30
0,so_fake_ood,real,,test_ood,c8e2dfb1e1b184d4,blur05
0,so_fake_ood,real,,test_ood,c8e2dfb1e1b184d4,blur10
0,so_fake_ood,real,,test_ood,c8e2dfb1e1b184d4,blur20
0,so_fake_ood,real,,test_ood,c8e2dfb1e1b184d4,resize05
0,so_fake_ood,real,,test_ood,c8e2dfb1e1b184d4,resize025
0,so_fake_ood,real,,test_ood,c8e2dfb1e1b184d4,noise002
0,so_fake_ood,real,,test_ood,c8e2dfb1e1b184d4,noise005
0,so_fake_ood,real,,test_ood,c8e2dfb1e1b184d4,noise01
0,so_fake_ood,real,,test_ood,c8e2dfb1e1b184d4,jitter02
0,so_fake_ood,real,,test_ood,c8e2dfb1e1b184d4,crop08
0,so_fake_ood,real,,test_ood,e77c60052f9e055e,clean
0,so_fake_ood,real,,test_ood,e77c60052f9e055e,jpeg90
0,so_fake_ood,real,,test_ood,e77c60052f9e055e,jpeg70
0,so_fake_ood,real,,test_ood,e77c60052f9e055e,jpeg50
0,so_fake_ood,real,,test_ood,e77c60052f9e055e,jpeg30
0,so_fake_ood,real,,test_ood,e77c60052f9e055e,blur05
0,so_fake_ood,real,,test_ood,e77c60052f9e055e,blur10
0,so_fake_ood,real,,test_ood,e77c60052f9e055e,blur20
0,so_fake_ood,real,,test_ood,e77c60052f9e055e,resize05
0,so_fake_ood,real,,test_ood,e77c60052f9e055e,resize025
0,so_fake_ood,real,,test_ood,e77c60052f9e055e,noise002
0,so_fake_ood,real,,test_ood,e77c60052f9e055e,noise005
0,so_fake_ood,real,,test_ood,e77c60052f9e055e,noise01
0,so_fake_ood,real,,test_ood,e77c60052f9e055e,jitter02
0,so_fake_ood,real,,test_ood,e77c60052f9e055e,crop08
0,so_fake_ood,real,,test_ood,d04465049b7bfa3a,clean
0,so_fake_ood,real,,test_ood,d04465049b7bfa3a,jpeg90
0,so_fake_ood,real,,test_ood,d04465049b7bfa3a,jpeg70
0,so_fake_ood,real,,test_ood,d04465049b7bfa3a,jpeg50
0,so_fake_ood,real,,test_ood,d04465049b7bfa3a,jpeg30
0,so_fake_ood,real,,test_ood,d04465049b7bfa3a,blur05
0,so_fake_ood,real,,test_ood,d04465049b7bfa3a,blur10
0,so_fake_ood,real,,test_ood,d04465049b7bfa3a,blur20
0,so_fake_ood,real,,test_ood,d04465049b7bfa3a,resize05
0,so_fake_ood,real,,test_ood,d04465049b7bfa3a,resize025
0,so_fake_ood,real,,test_ood,d04465049b7bfa3a,noise002
0,so_fake_ood,real,,test_ood,d04465049b7bfa3a,noise005
0,so_fake_ood,real,,test_ood,d04465049b7bfa3a,noise01
0,so_fake_ood,real,,test_ood,d04465049b7bfa3a,jitter02
0,so_fake_ood,real,,test_ood,d04465049b7bfa3a,crop08
0,so_fake_ood,real,,test_ood,e1c5a7825c243c37,clean
0,so_fake_ood,real,,test_ood,e1c5a7825c243c37,jpeg90
0,so_fake_ood,real,,test_ood,e1c5a7825c243c37,jpeg70
0,so_fake_ood,real,,test_ood,e1c5a7825c243c37,jpeg50
0,so_fake_ood,real,,test_ood,e1c5a7825c243c37,jpeg30
0,so_fake_ood,real,,test_ood,e1c5a7825c243c37,blur05
0,so_fake_ood,real,,test_ood,e1c5a7825c243c37,blur10
0,so_fake_ood,real,,test_ood,e1c5a7825c243c37,blur20
0,so_fake_ood,real,,test_ood,e1c5a7825c243c37,resize05
0,so_fake_ood,real,,test_ood,e1c5a7825c243c37,resize025
0,so_fake_ood,real,,test_ood,e1c5a7825c243c37,noise002
0,so_fake_ood,real,,test_ood,e1c5a7825c243c37,noise005
0,so_fake_ood,real,,test_ood,e1c5a7825c243c37,noise01
0,so_fake_ood,real,,test_ood,e1c5a7825c243c37,jitter02
0,so_fake_ood,real,,test_ood,e1c5a7825c243c37,crop08
0,so_fake_ood,real,,test_ood,7ada21476af92ec8,clean
0,so_fake_ood,real,,test_ood,7ada21476af92ec8,jpeg90
0,so_fake_ood,real,,test_ood,7ada21476af92ec8,jpeg70
0,so_fake_ood,real,,test_ood,7ada21476af92ec8,jpeg50
0,so_fake_ood,real,,test_ood,7ada21476af92ec8,jpeg30
0,so_fake_ood,real,,test_ood,7ada21476af92ec8,blur05
0,so_fake_ood,real,,test_ood,7ada21476af92ec8,blur10
0,so_fake_ood,real,,test_ood,7ada21476af92ec8,blur20
0,so_fake_ood,real,,test_ood,7ada21476af92ec8,resize05
0,so_fake_ood,real,,test_ood,7ada21476af92ec8,resize025
0,so_fake_ood,real,,test_ood,7ada21476af92ec8,noise002
0,so_fake_ood,real,,test_ood,7ada21476af92ec8,noise005
0,so_fake_ood,real,,test_ood,7ada21476af92ec8,noise01
0,so_fake_ood,real,,test_ood,7ada21476af92ec8,jitter02
0,so_fake_ood,real,,test_ood,7ada21476af92ec8,crop08
0,so_fake_ood,real,,test_ood,c9c4e740b467c8bd,clean
0,so_fake_ood,real,,test_ood,c9c4e740b467c8bd,jpeg90
0,so_fake_ood,real,,test_ood,c9c4e740b467c8bd,jpeg70
0,so_fake_ood,real,,test_ood,c9c4e740b467c8bd,jpeg50
0,so_fake_ood,real,,test_ood,c9c4e740b467c8bd,jpeg30
0,so_fake_ood,real,,test_ood,c9c4e740b467c8bd,blur05
0,so_fake_ood,real,,test_ood,c9c4e740b467c8bd,blur10
0,so_fake_ood,real,,test_ood,c9c4e740b467c8bd,blur20
0,so_fake_ood,real,,test_ood,c9c4e740b467c8bd,resize05
0,so_fake_ood,real,,test_ood,c9c4e740b467c8bd,resize025
0,so_fake_ood,real,,test_ood,c9c4e740b467c8bd,noise002
0,so_fake_ood,real,,test_ood,c9c4e740b467c8bd,noise005
0,so_fake_ood,real,,test_ood,c9c4e740b467c8bd,noise01
0,so_fake_ood,real,,test_ood,c9c4e740b467c8bd,jitter02
0,so_fake_ood,real,,test_ood,c9c4e740b467c8bd,crop08
0,so_fake_ood,real,,test_ood,9ed317b4b0e2b11f,clean
0,so_fake_ood,real,,test_ood,9ed317b4b0e2b11f,jpeg90
0,so_fake_ood,real,,test_ood,9ed317b4b0e2b11f,jpeg70
0,so_fake_ood,real,,test_ood,9ed317b4b0e2b11f,jpeg50
0,so_fake_ood,real,,test_ood,9ed317b4b0e2b11f,jpeg30
0,so_fake_ood,real,,test_ood,9ed317b4b0e2b11f,blur05
0,so_fake_ood,real,,test_ood,9ed317b4b0e2b11f,blur10
0,so_fake_ood,real,,test_ood,9ed317b4b0e2b11f,blur20
0,so_fake_ood,real,,test_ood,9ed317b4b0e2b11f,resize05
0,so_fake_ood,real,,test_ood,9ed317b4b0e2b11f,resize025
0,so_fake_ood,real,,test_ood,9ed317b4b0e2b11f,noise002
0,so_fake_ood,real,,test_ood,9ed317b4b0e2b11f,noise005
0,so_fake_ood,real,,test_ood,9ed317b4b0e2b11f,noise01
0,so_fake_ood,real,,test_ood,9ed317b4b0e2b11f,jitter02
0,so_fake_ood,real,,test_ood,9ed317b4b0e2b11f,crop08
0,so_fake_ood,real,,test_ood,a67afe6a18eb9bd0,clean
0,so_fake_ood,real,,test_ood,a67afe6a18eb9bd0,jpeg90
0,so_fake_ood,real,,test_ood,a67afe6a18eb9bd0,jpeg70
0,so_fake_ood,real,,test_ood,a67afe6a18eb9bd0,jpeg50
0,so_fake_ood,real,,test_ood,a67afe6a18eb9bd0,jpeg30
0,so_fake_ood,real,,test_ood,a67afe6a18eb9bd0,blur05
0,so_fake_ood,real,,test_ood,a67afe6a18eb9bd0,blur10
0,so_fake_ood,real,,test_ood,a67afe6a18eb9bd0,blur20
0,so_fake_ood,real,,test_ood,a67afe6a18eb9bd0,resize05
0,so_fake_ood,real,,test_ood,a67afe6a18eb9bd0,resize025
0,so_fake_ood,real,,test_ood,a67afe6a18eb9bd0,noise002
0,so_fake_ood,real,,test_ood,a67afe6a18eb9bd0,noise005
0,so_fake_ood,real,,test_ood,a67afe6a18eb9bd0,noise01
0,so_fake_ood,real,,test_ood,a67afe6a18eb9bd0,jitter02
0,so_fake_ood,real,,test_ood,a67afe6a18eb9bd0,crop08
0,so_fake_ood,real,,test_ood,a8e2856f136933d8,clean
0,so_fake_ood,real,,test_ood,a8e2856f136933d8,jpeg90
0,so_fake_ood,real,,test_ood,a8e2856f136933d8,jpeg70
0,so_fake_ood,real,,test_ood,a8e2856f136933d8,jpeg50
0,so_fake_ood,real,,test_ood,a8e2856f136933d8,jpeg30
0,so_fake_ood,real,,test_ood,a8e2856f136933d8,blur05
0,so_fake_ood,real,,test_ood,a8e2856f136933d8,blur10
0,so_fake_ood,real,,test_ood,a8e2856f136933d8,blur20
0,so_fake_ood,real,,test_ood,a8e2856f136933d8,resize05
0,so_fake_ood,real,,test_ood,a8e2856f136933d8,resize025
0,so_fake_ood,real,,test_ood,a8e2856f136933d8,noise002
0,so_fake_ood,real,,test_ood,a8e2856f136933d8,noise005
0,so_fake_ood,real,,test_ood,a8e2856f136933d8,noise01
0,so_fake_ood,real,,test_ood,a8e2856f136933d8,jitter02
0,so_fake_ood,real,,test_ood,a8e2856f136933d8,crop08
0,so_fake_ood,real,,test_ood,bc3a5695564505fb,clean
0,so_fake_ood,real,,test_ood,bc3a5695564505fb,jpeg90
0,so_fake_ood,real,,test_ood,bc3a5695564505fb,jpeg70
0,so_fake_ood,real,,test_ood,bc3a5695564505fb,jpeg50
0,so_fake_ood,real,,test_ood,bc3a5695564505fb,jpeg30
0,so_fake_ood,real,,test_ood,bc3a5695564505fb,blur05
0,so_fake_ood,real,,test_ood,bc3a5695564505fb,blur10
0,so_fake_ood,real,,test_ood,bc3a5695564505fb,blur20
0,so_fake_ood,real,,test_ood,bc3a5695564505fb,resize05
0,so_fake_ood,real,,test_ood,bc3a5695564505fb,resize025
0,so_fake_ood,real,,test_ood,bc3a5695564505fb,noise002
0,so_fake_ood,real,,test_ood,bc3a5695564505fb,noise005
0,so_fake_ood,real,,test_ood,bc3a5695564505fb,noise01
0,so_fake_ood,real,,test_ood,bc3a5695564505fb,jitter02
0,so_fake_ood,real,,test_ood,bc3a5695564505fb,crop08
0,so_fake_ood,real,,test_ood,b336991d7d0d5a1f,clean
0,so_fake_ood,real,,test_ood,b336991d7d0d5a1f,jpeg90
0,so_fake_ood,real,,test_ood,b336991d7d0d5a1f,jpeg70
0,so_fake_ood,real,,test_ood,b336991d7d0d5a1f,jpeg50
0,so_fake_ood,real,,test_ood,b336991d7d0d5a1f,jpeg30
0,so_fake_ood,real,,test_ood,b336991d7d0d5a1f,blur05
0,so_fake_ood,real,,test_ood,b336991d7d0d5a1f,blur10
0,so_fake_ood,real,,test_ood,b336991d7d0d5a1f,blur20
0,so_fake_ood,real,,test_ood,b336991d7d0d5a1f,resize05
0,so_fake_ood,real,,test_ood,b336991d7d0d5a1f,resize025
0,so_fake_ood,real,,test_ood,b336991d7d0d5a1f,noise002
0,so_fake_ood,real,,test_ood,b336991d7d0d5a1f,noise005
0,so_fake_ood,real,,test_ood,b336991d7d0d5a1f,noise01
0,so_fake_ood,real,,test_ood,b336991d7d0d5a1f,jitter02
0,so_fake_ood,real,,test_ood,b336991d7d0d5a1f,crop08
0,so_fake_ood,real,,test_ood,008521ba793058fb,clean
0,so_fake_ood,real,,test_ood,008521ba793058fb,jpeg90
0,so_fake_ood,real,,test_ood,008521ba793058fb,jpeg70
0,so_fake_ood,real,,test_ood,008521ba793058fb,jpeg50
0,so_fake_ood,real,,test_ood,008521ba793058fb,jpeg30
0,so_fake_ood,real,,test_ood,008521ba793058fb,blur05
0,so_fake_ood,real,,test_ood,008521ba793058fb,blur10
0,so_fake_ood,real,,test_ood,008521ba793058fb,blur20
0,so_fake_ood,real,,test_ood,008521ba793058fb,resize05
0,so_fake_ood,real,,test_ood,008521ba793058fb,resize025
0,so_fake_ood,real,,test_ood,008521ba793058fb,noise002
0,so_fake_ood,real,,test_ood,008521ba793058fb,noise005
0,so_fake_ood,real,,test_ood,008521ba793058fb,noise01
0,so_fake_ood,real,,test_ood,008521ba793058fb,jitter02
0,so_fake_ood,real,,test_ood,008521ba793058fb,crop08
0,so_fake_ood,real,,test_ood,ef280de1abf780a9,clean
0,so_fake_ood,real,,test_ood,ef280de1abf780a9,jpeg90
0,so_fake_ood,real,,test_ood,ef280de1abf780a9,jpeg70
0,so_fake_ood,real,,test_ood,ef280de1abf780a9,jpeg50
0,so_fake_ood,real,,test_ood,ef280de1abf780a9,jpeg30
0,so_fake_ood,real,,test_ood,ef280de1abf780a9,blur05
0,so_fake_ood,real,,test_ood,ef280de1abf780a9,blur10
0,so_fake_ood,real,,test_ood,ef280de1abf780a9,blur20
0,so_fake_ood,real,,test_ood,ef280de1abf780a9,resize05
0,so_fake_ood,real,,test_ood,ef280de1abf780a9,resize025
0,so_fake_ood,real,,test_ood,ef280de1abf780a9,noise002
0,so_fake_ood,real,,test_ood,ef280de1abf780a9,noise005
0,so_fake_ood,real,,test_ood,ef280de1abf780a9,noise01
0,so_fake_ood,real,,test_ood,ef280de1abf780a9,jitter02
0,so_fake_ood,real,,test_ood,ef280de1abf780a9,crop08
0,so_fake_ood,real,,test_ood,cf1f246dcfbac1ca,clean
0,so_fake_ood,real,,test_ood,cf1f246dcfbac1ca,jpeg90
0,so_fake_ood,real,,test_ood,cf1f246dcfbac1ca,jpeg70
0,so_fake_ood,real,,test_ood,cf1f246dcfbac1ca,jpeg50
0,so_fake_ood,real,,test_ood,cf1f246dcfbac1ca,jpeg30
0,so_fake_ood,real,,test_ood,cf1f246dcfbac1ca,blur05
0,so_fake_ood,real,,test_ood,cf1f246dcfbac1ca,blur10
0,so_fake_ood,real,,test_ood,cf1f246dcfbac1ca,blur20
0,so_fake_ood,real,,test_ood,cf1f246dcfbac1ca,resize05
0,so_fake_ood,real,,test_ood,cf1f246dcfbac1ca,resize025
0,so_fake_ood,real,,test_ood,cf1f246dcfbac1ca,noise002
0,so_fake_ood,real,,test_ood,cf1f246dcfbac1ca,noise005
0,so_fake_ood,real,,test_ood,cf1f246dcfbac1ca,noise01
0,so_fake_ood,real,,test_ood,cf1f246dcfbac1ca,jitter02
0,so_fake_ood,real,,test_ood,cf1f246dcfbac1ca,crop08
0,so_fake_ood,real,,test_ood,d6a93ee15e9f0ebb,clean
0,so_fake_ood,real,,test_ood,d6a93ee15e9f0ebb,jpeg90
0,so_fake_ood,real,,test_ood,d6a93ee15e9f0ebb,jpeg70
0,so_fake_ood,real,,test_ood,d6a93ee15e9f0ebb,jpeg50
0,so_fake_ood,real,,test_ood,d6a93ee15e9f0ebb,jpeg30
0,so_fake_ood,real,,test_ood,d6a93ee15e9f0ebb,blur05
0,so_fake_ood,real,,test_ood,d6a93ee15e9f0ebb,blur10
0,so_fake_ood,real,,test_ood,d6a93ee15e9f0ebb,blur20
0,so_fake_ood,real,,test_ood,d6a93ee15e9f0ebb,resize05
0,so_fake_ood,real,,test_ood,d6a93ee15e9f0ebb,resize025
0,so_fake_ood,real,,test_ood,d6a93ee15e9f0ebb,noise002
0,so_fake_ood,real,,test_ood,d6a93ee15e9f0ebb,noise005
0,so_fake_ood,real,,test_ood,d6a93ee15e9f0ebb,noise01
0,so_fake_ood,real,,test_ood,d6a93ee15e9f0ebb,jitter02
0,so_fake_ood,real,,test_ood,d6a93ee15e9f0ebb,crop08
0,so_fake_ood,real,,test_ood,5f17021a8d7c1ffa,clean
0,so_fake_ood,real,,test_ood,5f17021a8d7c1ffa,jpeg90
0,so_fake_ood,real,,test_ood,5f17021a8d7c1ffa,jpeg70
0,so_fake_ood,real,,test_ood,5f17021a8d7c1ffa,jpeg50
0,so_fake_ood,real,,test_ood,5f17021a8d7c1ffa,jpeg30
0,so_fake_ood,real,,test_ood,5f17021a8d7c1ffa,blur05
0,so_fake_ood,real,,test_ood,5f17021a8d7c1ffa,blur10
0,so_fake_ood,real,,test_ood,5f17021a8d7c1ffa,blur20
0,so_fake_ood,real,,test_ood,5f17021a8d7c1ffa,resize05
0,so_fake_ood,real,,test_ood,5f17021a8d7c1ffa,resize025
0,so_fake_ood,real,,test_ood,5f17021a8d7c1ffa,noise002
0,so_fake_ood,real,,test_ood,5f17021a8d7c1ffa,noise005
0,so_fake_ood,real,,test_ood,5f17021a8d7c1ffa,noise01
0,so_fake_ood,real,,test_ood,5f17021a8d7c1ffa,jitter02
0,so_fake_ood,real,,test_ood,5f17021a8d7c1ffa,crop08
0,so_fake_ood,real,,test_ood,1f42eb00f2b0ef29,clean
0,so_fake_ood,real,,test_ood,1f42eb00f2b0ef29,jpeg90
0,so_fake_ood,real,,test_ood,1f42eb00f2b0ef29,jpeg70
0,so_fake_ood,real,,test_ood,1f42eb00f2b0ef29,jpeg50
0,so_fake_ood,real,,test_ood,1f42eb00f2b0ef29,jpeg30
0,so_fake_ood,real,,test_ood,1f42eb00f2b0ef29,blur05
0,so_fake_ood,real,,test_ood,1f42eb00f2b0ef29,blur10
0,so_fake_ood,real,,test_ood,1f42eb00f2b0ef29,blur20
0,so_fake_ood,real,,test_ood,1f42eb00f2b0ef29,resize05
0,so_fake_ood,real,,test_ood,1f42eb00f2b0ef29,resize025
0,so_fake_ood,real,,test_ood,1f42eb00f2b0ef29,noise002
0,so_fake_ood,real,,test_ood,1f42eb00f2b0ef29,noise005
0,so_fake_ood,real,,test_ood,1f42eb00f2b0ef29,noise01
0,so_fake_ood,real,,test_ood,1f42eb00f2b0ef29,jitter02
0,so_fake_ood,real,,test_ood,1f42eb00f2b0ef29,crop08
0,so_fake_ood,real,,test_ood,4796ac109cccef25,clean
0,so_fake_ood,real,,test_ood,4796ac109cccef25,jpeg90
0,so_fake_ood,real,,test_ood,4796ac109cccef25,jpeg70
0,so_fake_ood,real,,test_ood,4796ac109cccef25,jpeg50
0,so_fake_ood,real,,test_ood,4796ac109cccef25,jpeg30
0,so_fake_ood,real,,test_ood,4796ac109cccef25,blur05
0,so_fake_ood,real,,test_ood,4796ac109cccef25,blur10
0,so_fake_ood,real,,test_ood,4796ac109cccef25,blur20
0,so_fake_ood,real,,test_ood,4796ac109cccef25,resize05
0,so_fake_ood,real,,test_ood,4796ac109cccef25,resize025
0,so_fake_ood,real,,test_ood,4796ac109cccef25,noise002
0,so_fake_ood,real,,test_ood,4796ac109cccef25,noise005
0,so_fake_ood,real,,test_ood,4796ac109cccef25,noise01
0,so_fake_ood,real,,test_ood,4796ac109cccef25,jitter02
0,so_fake_ood,real,,test_ood,4796ac109cccef25,crop08
0,so_fake_ood,real,,test_ood,94eb45abc54839be,clean
0,so_fake_ood,real,,test_ood,94eb45abc54839be,jpeg90
0,so_fake_ood,real,,test_ood,94eb45abc54839be,jpeg70
0,so_fake_ood,real,,test_ood,94eb45abc54839be,jpeg50
0,so_fake_ood,real,,test_ood,94eb45abc54839be,jpeg30
0,so_fake_ood,real,,test_ood,94eb45abc54839be,blur05
0,so_fake_ood,real,,test_ood,94eb45abc54839be,blur10
0,so_fake_ood,real,,test_ood,94eb45abc54839be,blur20
0,so_fake_ood,real,,test_ood,94eb45abc54839be,resize05
0,so_fake_ood,real,,test_ood,94eb45abc54839be,resize025
0,so_fake_ood,real,,test_ood,94eb45abc54839be,noise002
0,so_fake_ood,real,,test_ood,94eb45abc54839be,noise005
0,so_fake_ood,real,,test_ood,94eb45abc54839be,noise01
0,so_fake_ood,real,,test_ood,94eb45abc54839be,jitter02
0,so_fake_ood,real,,test_ood,94eb45abc54839be,crop08
0,so_fake_ood,real,,test_ood,8e5bd7a47db44e7e,clean
0,so_fake_ood,real,,test_ood,8e5bd7a47db44e7e,jpeg90
0,so_fake_ood,real,,test_ood,8e5bd7a47db44e7e,jpeg70
0,so_fake_ood,real,,test_ood,8e5bd7a47db44e7e,jpeg50
0,so_fake_ood,real,,test_ood,8e5bd7a47db44e7e,jpeg30
0,so_fake_ood,real,,test_ood,8e5bd7a47db44e7e,blur05
0,so_fake_ood,real,,test_ood,8e5bd7a47db44e7e,blur10
0,so_fake_ood,real,,test_ood,8e5bd7a47db44e7e,blur20
0,so_fake_ood,real,,test_ood,8e5bd7a47db44e7e,resize05
0,so_fake_ood,real,,test_ood,8e5bd7a47db44e7e,resize025
0,so_fake_ood,real,,test_ood,8e5bd7a47db44e7e,noise002
0,so_fake_ood,real,,test_ood,8e5bd7a47db44e7e,noise005
0,so_fake_ood,real,,test_ood,8e5bd7a47db44e7e,noise01
0,so_fake_ood,real,,test_ood,8e5bd7a47db44e7e,jitter02
0,so_fake_ood,real,,test_ood,8e5bd7a47db44e7e,crop08
0,so_fake_ood,real,,test_ood,cb25d9f379d6afac,clean
0,so_fake_ood,real,,test_ood,cb25d9f379d6afac,jpeg90
0,so_fake_ood,real,,test_ood,cb25d9f379d6afac,jpeg70
0,so_fake_ood,real,,test_ood,cb25d9f379d6afac,jpeg50
0,so_fake_ood,real,,test_ood,cb25d9f379d6afac,jpeg30
0,so_fake_ood,real,,test_ood,cb25d9f379d6afac,blur05
0,so_fake_ood,real,,test_ood,cb25d9f379d6afac,blur10
0,so_fake_ood,real,,test_ood,cb25d9f379d6afac,blur20
0,so_fake_ood,real,,test_ood,cb25d9f379d6afac,resize05
0,so_fake_ood,real,,test_ood,cb25d9f379d6afac,resize025
0,so_fake_ood,real,,test_ood,cb25d9f379d6afac,noise002
0,so_fake_ood,real,,test_ood,cb25d9f379d6afac,noise005
0,so_fake_ood,real,,test_ood,cb25d9f379d6afac,noise01
0,so_fake_ood,real,,test_ood,cb25d9f379d6afac,jitter02
0,so_fake_ood,real,,test_ood,cb25d9f379d6afac,crop08
0,so_fake_ood,real,,test_ood,fca6f821a58a277a,clean
0,so_fake_ood,real,,test_ood,fca6f821a58a277a,jpeg90
0,so_fake_ood,real,,test_ood,fca6f821a58a277a,jpeg70
0,so_fake_ood,real,,test_ood,fca6f821a58a277a,jpeg50
0,so_fake_ood,real,,test_ood,fca6f821a58a277a,jpeg30
0,so_fake_ood,real,,test_ood,fca6f821a58a277a,blur05
0,so_fake_ood,real,,test_ood,fca6f821a58a277a,blur10
0,so_fake_ood,real,,test_ood,fca6f821a58a277a,blur20
0,so_fake_ood,real,,test_ood,fca6f821a58a277a,resize05
0,so_fake_ood,real,,test_ood,fca6f821a58a277a,resize025
0,so_fake_ood,real,,test_ood,fca6f821a58a277a,noise002
0,so_fake_ood,real,,test_ood,fca6f821a58a277a,noise005
0,so_fake_ood,real,,test_ood,fca6f821a58a277a,noise01
0,so_fake_ood,real,,test_ood,fca6f821a58a277a,jitter02
0,so_fake_ood,real,,test_ood,fca6f821a58a277a,crop08
0,so_fake_ood,real,,test_ood,b1f3bb3ec67cbf90,clean
0,so_fake_ood,real,,test_ood,b1f3bb3ec67cbf90,jpeg90
0,so_fake_ood,real,,test_ood,b1f3bb3ec67cbf90,jpeg70
0,so_fake_ood,real,,test_ood,b1f3bb3ec67cbf90,jpeg50
0,so_fake_ood,real,,test_ood,b1f3bb3ec67cbf90,jpeg30
0,so_fake_ood,real,,test_ood,b1f3bb3ec67cbf90,blur05
0,so_fake_ood,real,,test_ood,b1f3bb3ec67cbf90,blur10
0,so_fake_ood,real,,test_ood,b1f3bb3ec67cbf90,blur20
0,so_fake_ood,real,,test_ood,b1f3bb3ec67cbf90,resize05
0,so_fake_ood,real,,test_ood,b1f3bb3ec67cbf90,resize025
0,so_fake_ood,real,,test_ood,b1f3bb3ec67cbf90,noise002
0,so_fake_ood,real,,test_ood,b1f3bb3ec67cbf90,noise005
0,so_fake_ood,real,,test_ood,b1f3bb3ec67cbf90,noise01
0,so_fake_ood,real,,test_ood,b1f3bb3ec67cbf90,jitter02
0,so_fake_ood,real,,test_ood,b1f3bb3ec67cbf90,crop08
0,so_fake_ood,real,,test_ood,1fc9eca796e0d812,clean
0,so_fake_ood,real,,test_ood,1fc9eca796e0d812,jpeg90
0,so_fake_ood,real,,test_ood,1fc9eca796e0d812,jpeg70
0,so_fake_ood,real,,test_ood,1fc9eca796e0d812,jpeg50
0,so_fake_ood,real,,test_ood,1fc9eca796e0d812,jpeg30
0,so_fake_ood,real,,test_ood,1fc9eca796e0d812,blur05
0,so_fake_ood,real,,test_ood,1fc9eca796e0d812,blur10
0,so_fake_ood,real,,test_ood,1fc9eca796e0d812,blur20
0,so_fake_ood,real,,test_ood,1fc9eca796e0d812,resize05
0,so_fake_ood,real,,test_ood,1fc9eca796e0d812,resize025
0,so_fake_ood,real,,test_ood,1fc9eca796e0d812,noise002
0,so_fake_ood,real,,test_ood,1fc9eca796e0d812,noise005
0,so_fake_ood,real,,test_ood,1fc9eca796e0d812,noise01
0,so_fake_ood,real,,test_ood,1fc9eca796e0d812,jitter02
0,so_fake_ood,real,,test_ood,1fc9eca796e0d812,crop08
0,so_fake_ood,real,,test_ood,08d0fb55354c61ff,clean
0,so_fake_ood,real,,test_ood,08d0fb55354c61ff,jpeg90
0,so_fake_ood,real,,test_ood,08d0fb55354c61ff,jpeg70
0,so_fake_ood,real,,test_ood,08d0fb55354c61ff,jpeg50
0,so_fake_ood,real,,test_ood,08d0fb55354c61ff,jpeg30
0,so_fake_ood,real,,test_ood,08d0fb55354c61ff,blur05
0,so_fake_ood,real,,test_ood,08d0fb55354c61ff,blur10
0,so_fake_ood,real,,test_ood,08d0fb55354c61ff,blur20
0,so_fake_ood,real,,test_ood,08d0fb55354c61ff,resize05
0,so_fake_ood,real,,test_ood,08d0fb55354c61ff,resize025
0,so_fake_ood,real,,test_ood,08d0fb55354c61ff,noise002
0,so_fake_ood,real,,test_ood,08d0fb55354c61ff,noise005
0,so_fake_ood,real,,test_ood,08d0fb55354c61ff,noise01
0,so_fake_ood,real,,test_ood,08d0fb55354c61ff,jitter02
0,so_fake_ood,real,,test_ood,08d0fb55354c61ff,crop08
0,so_fake_ood,real,,test_ood,b9d3199fba2f8c7e,clean
0,so_fake_ood,real,,test_ood,b9d3199fba2f8c7e,jpeg90
0,so_fake_ood,real,,test_ood,b9d3199fba2f8c7e,jpeg70
0,so_fake_ood,real,,test_ood,b9d3199fba2f8c7e,jpeg50
0,so_fake_ood,real,,test_ood,b9d3199fba2f8c7e,jpeg30
0,so_fake_ood,real,,test_ood,b9d3199fba2f8c7e,blur05
0,so_fake_ood,real,,test_ood,b9d3199fba2f8c7e,blur10
0,so_fake_ood,real,,test_ood,b9d3199fba2f8c7e,blur20
0,so_fake_ood,real,,test_ood,b9d3199fba2f8c7e,resize05
0,so_fake_ood,real,,test_ood,b9d3199fba2f8c7e,resize025
0,so_fake_ood,real,,test_ood,b9d3199fba2f8c7e,noise002
0,so_fake_ood,real,,test_ood,b9d3199fba2f8c7e,noise005
0,so_fake_ood,real,,test_ood,b9d3199fba2f8c7e,noise01
0,so_fake_ood,real,,test_ood,b9d3199fba2f8c7e,jitter02
0,so_fake_ood,real,,test_ood,b9d3199fba2f8c7e,crop08
0,so_fake_ood,real,,test_ood,0ad6b78d6b5367ae,clean
0,so_fake_ood,real,,test_ood,0ad6b78d6b5367ae,jpeg90
0,so_fake_ood,real,,test_ood,0ad6b78d6b5367ae,jpeg70
0,so_fake_ood,real,,test_ood,0ad6b78d6b5367ae,jpeg50
0,so_fake_ood,real,,test_ood,0ad6b78d6b5367ae,jpeg30
0,so_fake_ood,real,,test_ood,0ad6b78d6b5367ae,blur05
0,so_fake_ood,real,,test_ood,0ad6b78d6b5367ae,blur10
0,so_fake_ood,real,,test_ood,0ad6b78d6b5367ae,blur20
0,so_fake_ood,real,,test_ood,0ad6b78d6b5367ae,resize05
0,so_fake_ood,real,,test_ood,0ad6b78d6b5367ae,resize025
0,so_fake_ood,real,,test_ood,0ad6b78d6b5367ae,noise002
0,so_fake_ood,real,,test_ood,0ad6b78d6b5367ae,noise005
0,so_fake_ood,real,,test_ood,0ad6b78d6b5367ae,noise01
0,so_fake_ood,real,,test_ood,0ad6b78d6b5367ae,jitter02
0,so_fake_ood,real,,test_ood,0ad6b78d6b5367ae,crop08
0,so_fake_ood,real,,test_ood,11082627665d3ddb,clean
0,so_fake_ood,real,,test_ood,11082627665d3ddb,jpeg90
0,so_fake_ood,real,,test_ood,11082627665d3ddb,jpeg70
0,so_fake_ood,real,,test_ood,11082627665d3ddb,jpeg50
0,so_fake_ood,real,,test_ood,11082627665d3ddb,jpeg30
0,so_fake_ood,real,,test_ood,11082627665d3ddb,blur05
0,so_fake_ood,real,,test_ood,11082627665d3ddb,blur10
0,so_fake_ood,real,,test_ood,11082627665d3ddb,blur20
0,so_fake_ood,real,,test_ood,11082627665d3ddb,resize05
0,so_fake_ood,real,,test_ood,11082627665d3ddb,resize025
0,so_fake_ood,real,,test_ood,11082627665d3ddb,noise002
0,so_fake_ood,real,,test_ood,11082627665d3ddb,noise005
0,so_fake_ood,real,,test_ood,11082627665d3ddb,noise01
0,so_fake_ood,real,,test_ood,11082627665d3ddb,jitter02
0,so_fake_ood,real,,test_ood,11082627665d3ddb,crop08
