label,source,subclass,generator,split,image_id,variant,face_present,face_px
1,sid_tampered,tampered,unknown,train,88e76c43999d58ae,clean,1,506.6878967285156
1,sid_tampered,tampered,unknown,train,88e76c43999d58ae,blur05,1,507.7392578125
1,sid_tampered,tampered,unknown,train,88e76c43999d58ae,blur10,1,511.6820983886719
1,sid_tampered,tampered,unknown,train,88e76c43999d58ae,crop08,1,635.1397094726562
1,sid_tampered,tampered,unknown,train,b4149e5f2ea7b679,clean,1,209.42730712890625
1,sid_tampered,tampered,unknown,train,b4149e5f2ea7b679,jpeg70,1,209.13323974609375
1,sid_tampered,tampered,unknown,train,b4149e5f2ea7b679,blur05,1,209.2628173828125
1,sid_tampered,tampered,unknown,train,b4149e5f2ea7b679,crop08,1,244.69866943359375
1,sid_tampered,tampered,unknown,train,0a5b9878b62d71fb,clean,1,157.99334716796875
1,sid_tampered,tampered,unknown,train,0a5b9878b62d71fb,jpeg90,1,157.98336791992188
1,sid_tampered,tampered,unknown,train,0a5b9878b62d71fb,resize025,1,157.5323944091797
1,sid_tampered,tampered,unknown,train,0a5b9878b62d71fb,crop08,1,195.7874755859375
1,sid_tampered,tampered,unknown,train,007300823a069693,clean,1,203.6894989013672
1,sid_tampered,tampered,unknown,train,007300823a069693,resize025,1,198.9957275390625
1,sid_tampered,tampered,unknown,train,007300823a069693,noise01,1,204.82789611816406
1,sid_tampered,tampered,unknown,train,007300823a069693,jitter02,1,199.66934204101562
1,sid_tampered,tampered,unknown,train,afc08e8d5dfd2140,clean,1,151.87400817871094
1,sid_tampered,tampered,unknown,train,afc08e8d5dfd2140,jpeg50,1,151.19485473632812
1,sid_tampered,tampered,unknown,train,afc08e8d5dfd2140,blur05,1,151.89710998535156
1,sid_tampered,tampered,unknown,train,afc08e8d5dfd2140,noise005,1,153.03648376464844
1,sid_tampered,tampered,unknown,train,c9b916f72d64ba6a,clean,1,91.3851547241211
1,sid_tampered,tampered,unknown,train,c9b916f72d64ba6a,jpeg90,1,91.35054016113281
1,sid_tampered,tampered,unknown,train,c9b916f72d64ba6a,noise005,1,94.28678894042969
1,sid_tampered,tampered,unknown,train,c9b916f72d64ba6a,jitter02,1,92.10626983642578
1,sid_tampered,tampered,unknown,train,485e47d1c7cd362d,crop08,1,89.37051391601562
1,sid_tampered,tampered,unknown,train,cf0edeecdc17dd04,clean,1,76.59003448486328
1,sid_tampered,tampered,unknown,train,cf0edeecdc17dd04,jpeg30,1,76.03041076660156
1,sid_tampered,tampered,unknown,train,cf0edeecdc17dd04,noise002,1,76.72886657714844
1,sid_tampered,tampered,unknown,train,cf0edeecdc17dd04,noise01,1,78.22979736328125
1,sid_tampered,tampered,unknown,train,a3a41c43b72edc03,clean,1,196.8723602294922
1,sid_tampered,tampered,unknown,train,a3a41c43b72edc03,blur05,1,196.6085968017578
1,sid_tampered,tampered,unknown,train,a3a41c43b72edc03,noise01,1,200.6547088623047
1,sid_tampered,tampered,unknown,train,a3a41c43b72edc03,crop08,1,249.22567749023438
1,sid_tampered,tampered,unknown,train,d9d7d7d8534f9985,clean,1,100.29483795166016
1,sid_tampered,tampered,unknown,train,d9d7d7d8534f9985,blur10,1,100.21924591064453
1,sid_tampered,tampered,unknown,train,d9d7d7d8534f9985,resize05,1,100.39112854003906
1,sid_tampered,tampered,unknown,train,d9d7d7d8534f9985,noise005,1,96.20447540283203
1,sid_tampered,tampered,unknown,train,198f63394df7eee8,clean,1,268.889404296875
1,sid_tampered,tampered,unknown,train,198f63394df7eee8,jpeg90,1,268.7377624511719
1,sid_tampered,tampered,unknown,train,198f63394df7eee8,resize025,1,266.5577087402344
1,sid_tampered,tampered,unknown,train,198f63394df7eee8,noise005,1,279.42425537109375
1,sid_tampered,tampered,unknown,train,d6675b52d6c6b737,clean,1,301.9744873046875
1,sid_tampered,tampered,unknown,train,d6675b52d6c6b737,blur10,1,302.9834899902344
1,sid_tampered,tampered,unknown,train,d6675b52d6c6b737,resize025,1,299.2874450683594
1,sid_tampered,tampered,unknown,train,d6675b52d6c6b737,crop08,1,376.9912414550781
1,sid_tampered,tampered,unknown,train,594c74da3ecbc390,clean,1,88.84791564941406
1,sid_tampered,tampered,unknown,train,594c74da3ecbc390,blur20,1,88.5622787475586
1,sid_tampered,tampered,unknown,train,594c74da3ecbc390,noise005,1,90.23514556884766
1,sid_tampered,tampered,unknown,train,594c74da3ecbc390,crop08,1,109.87613677978516
1,sid_tampered,tampered,unknown,train,69c2f02b7c723bd5,clean,1,184.01026916503906
1,sid_tampered,tampered,unknown,train,69c2f02b7c723bd5,jpeg50,1,183.8788604736328
1,sid_tampered,tampered,unknown,train,69c2f02b7c723bd5,resize025,1,184.94154357910156
1,sid_tampered,tampered,unknown,train,69c2f02b7c723bd5,noise005,1,184.5774383544922
1,sid_tampered,tampered,unknown,train,6caadf21fd8e9a1e,clean,1,64.50177764892578
1,sid_tampered,tampered,unknown,train,6caadf21fd8e9a1e,blur20,1,65.49540710449219
1,sid_tampered,tampered,unknown,train,6caadf21fd8e9a1e,crop08,1,81.26868438720703
1,sid_tampered,tampered,unknown,train,c4c9966a34ef7ff7,clean,1,96.66472625732422
1,sid_tampered,tampered,unknown,train,c4c9966a34ef7ff7,jpeg70,1,96.47928619384766
1,sid_tampered,tampered,unknown,train,c4c9966a34ef7ff7,blur05,1,96.70809173583984
1,sid_tampered,tampered,unknown,train,f584a1139fae952d,blur05,1,64.14685821533203
1,sid_tampered,tampered,unknown,train,8712cb03e13b3103,clean,1,160.34657287597656
1,sid_tampered,tampered,unknown,train,8712cb03e13b3103,blur20,1,163.07781982421875
1,sid_tampered,tampered,unknown,train,8712cb03e13b3103,noise002,1,161.62423706054688
1,sid_tampered,tampered,unknown,train,8712cb03e13b3103,noise005,1,162.53147888183594
1,sid_tampered,tampered,unknown,train,7557dad26f3b6535,clean,1,324.6223449707031
1,sid_tampered,tampered,unknown,train,7557dad26f3b6535,jpeg90,1,324.3810119628906
1,sid_tampered,tampered,unknown,train,7557dad26f3b6535,blur05,1,324.4346008300781
1,sid_tampered,tampered,unknown,train,7557dad26f3b6535,noise005,1,326.0379943847656
1,sid_tampered,tampered,unknown,train,97a58e621637d7f3,crop08,1,69.21651458740234
1,sid_tampered,tampered,unknown,train,dd3df17c3d5998b2,clean,1,234.7877655029297
1,sid_tampered,tampered,unknown,train,dd3df17c3d5998b2,blur10,1,234.84288024902344
1,sid_tampered,tampered,unknown,train,dd3df17c3d5998b2,blur20,1,234.83187866210938
1,sid_tampered,tampered,unknown,train,822928fe39a1630c,clean,1,83.72689819335938
1,sid_tampered,tampered,unknown,train,822928fe39a1630c,jpeg30,1,82.48863983154297
1,sid_tampered,tampered,unknown,train,822928fe39a1630c,resize025,1,85.61487579345703
1,sid_tampered,tampered,unknown,train,822928fe39a1630c,crop08,1,102.27722930908203
1,sid_tampered,tampered,unknown,train,07d5192cd71512eb,clean,1,196.57667541503906
1,sid_tampered,tampered,unknown,train,07d5192cd71512eb,resize05,1,206.5262908935547
1,sid_tampered,tampered,unknown,train,07d5192cd71512eb,resize025,1,206.5137939453125
1,sid_tampered,tampered,unknown,train,07d5192cd71512eb,crop08,1,265.2120666503906
1,sid_tampered,tampered,unknown,train,271e0b73ffe162f2,clean,1,95.63396453857422
1,sid_tampered,tampered,unknown,train,271e0b73ffe162f2,jpeg90,1,95.42768096923828
1,sid_tampered,tampered,unknown,train,271e0b73ffe162f2,resize05,1,95.36883544921875
1,sid_tampered,tampered,unknown,train,271e0b73ffe162f2,noise01,1,92.96239471435547
1,sid_tampered,tampered,unknown,train,893b7b5615911783,clean,1,212.43907165527344
1,sid_tampered,tampered,unknown,train,893b7b5615911783,blur20,1,213.844482421875
1,sid_tampered,tampered,unknown,train,893b7b5615911783,resize025,1,212.6195526123047
1,sid_tampered,tampered,unknown,train,893b7b5615911783,jitter02,1,297.8840026855469
1,sid_tampered,tampered,unknown,train,8674cbb0e5ce76d5,clean,1,198.33665466308594
1,sid_tampered,tampered,unknown,train,8674cbb0e5ce76d5,jpeg70,1,196.7433624267578
1,sid_tampered,tampered,unknown,train,8674cbb0e5ce76d5,blur10,1,198.3190460205078
1,sid_tampered,tampered,unknown,train,8674cbb0e5ce76d5,noise002,1,198.0636444091797
1,sid_tampered,tampered,unknown,train,880dc7972ea90727,clean,1,149.83062744140625
1,sid_tampered,tampered,unknown,train,880dc7972ea90727,resize05,1,150.29290771484375
1,sid_tampered,tampered,unknown,train,880dc7972ea90727,noise002,1,150.1356201171875
1,sid_tampered,tampered,unknown,train,880dc7972ea90727,crop08,1,186.87503051757812
1,sid_tampered,tampered,unknown,train,0a602a658bed30c0,clean,1,181.27867126464844
1,sid_tampered,tampered,unknown,train,0a602a658bed30c0,blur20,1,178.989990234375
1,sid_tampered,tampered,unknown,train,0a602a658bed30c0,resize025,1,180.66256713867188
1,sid_tampered,tampered,unknown,train,0a602a658bed30c0,noise01,1,146.0863037109375
1,sid_tampered,tampered,unknown,train,28244226b7649959,clean,1,301.55401611328125
1,sid_tampered,tampered,unknown,train,28244226b7649959,jpeg90,1,302.5423889160156
1,sid_tampered,tampered,unknown,train,28244226b7649959,jpeg70,1,302.2690124511719
1,sid_tampered,tampered,unknown,train,28244226b7649959,noise01,1,304.0582275390625
1,sid_tampered,tampered,unknown,train,a0cc15ae78f3c49a,clean,1,277.1296691894531
1,sid_tampered,tampered,unknown,train,a0cc15ae78f3c49a,jpeg50,1,279.4852600097656
1,sid_tampered,tampered,unknown,train,a0cc15ae78f3c49a,jpeg30,1,277.9898986816406
1,sid_tampered,tampered,unknown,train,a0cc15ae78f3c49a,resize025,1,276.36566162109375
1,sid_tampered,tampered,unknown,train,118ff51f3c054f7a,clean,1,123.47651672363281
1,sid_tampered,tampered,unknown,train,118ff51f3c054f7a,jpeg90,1,123.2171401977539
1,sid_tampered,tampered,unknown,train,118ff51f3c054f7a,blur20,1,122.3516845703125
1,sid_tampered,tampered,unknown,train,118ff51f3c054f7a,resize05,1,122.83064270019531
1,sid_tampered,tampered,unknown,train,c7a7dc1c5927d300,clean,1,100.1353988647461
1,sid_tampered,tampered,unknown,train,c7a7dc1c5927d300,jpeg50,1,100.02912139892578
1,sid_tampered,tampered,unknown,train,c7a7dc1c5927d300,blur20,1,100.64307403564453
1,sid_tampered,tampered,unknown,train,c7a7dc1c5927d300,resize025,1,101.04708862304688
1,sid_tampered,tampered,unknown,train,fac5f9009abf4fd3,clean,1,123.68901824951172
1,sid_tampered,tampered,unknown,train,fac5f9009abf4fd3,jpeg70,1,123.77040100097656
1,sid_tampered,tampered,unknown,train,fac5f9009abf4fd3,blur05,1,123.68913269042969
1,sid_tampered,tampered,unknown,train,fac5f9009abf4fd3,crop08,1,157.887451171875
1,sid_tampered,tampered,unknown,train,3a6cfe2f372c8327,clean,1,83.118896484375
1,sid_tampered,tampered,unknown,train,3a6cfe2f372c8327,jpeg90,1,83.06649780273438
1,sid_tampered,tampered,unknown,train,3a6cfe2f372c8327,resize025,1,80.34239959716797
1,sid_tampered,tampered,unknown,train,3a6cfe2f372c8327,noise002,1,83.2406234741211
1,sid_tampered,tampered,unknown,train,d1c41edd224c752a,clean,1,192.27444458007812
1,sid_tampered,tampered,unknown,train,d1c41edd224c752a,jpeg30,1,191.30979919433594
1,sid_tampered,tampered,unknown,train,d1c41edd224c752a,resize025,1,187.7005157470703
1,sid_tampered,tampered,unknown,train,d1c41edd224c752a,noise002,1,192.83448791503906
1,sid_tampered,tampered,unknown,train,02dca40825e1e9fd,clean,1,135.67697143554688
1,sid_tampered,tampered,unknown,train,02dca40825e1e9fd,jpeg90,1,135.5752410888672
1,sid_tampered,tampered,unknown,train,02dca40825e1e9fd,jpeg70,1,135.95912170410156
1,sid_tampered,tampered,unknown,train,02dca40825e1e9fd,crop08,1,98.32593536376953
1,sid_tampered,tampered,unknown,train,545ad51e79182902,clean,1,108.2789306640625
1,sid_tampered,tampered,unknown,train,545ad51e79182902,blur05,1,108.27486419677734
1,sid_tampered,tampered,unknown,train,545ad51e79182902,resize05,1,108.98453521728516
1,sid_tampered,tampered,unknown,train,545ad51e79182902,noise005,1,106.72581481933594
1,sid_tampered,tampered,unknown,train,e8dda5115143e117,clean,1,74.50707244873047
1,sid_tampered,tampered,unknown,train,e8dda5115143e117,jpeg50,1,74.79046630859375
1,sid_tampered,tampered,unknown,train,e8dda5115143e117,blur10,1,74.60087585449219
1,sid_tampered,tampered,unknown,train,e8dda5115143e117,noise005,1,74.28301239013672
1,sid_tampered,tampered,unknown,train,bb3210d2a9693e0b,clean,1,131.4823455810547
1,sid_tampered,tampered,unknown,train,bb3210d2a9693e0b,blur10,1,131.66897583007812
1,sid_tampered,tampered,unknown,train,bb3210d2a9693e0b,blur20,1,133.30987548828125
1,sid_tampered,tampered,unknown,train,bb3210d2a9693e0b,noise01,1,131.06680297851562
1,sid_tampered,tampered,unknown,train,ca8e4768a595d782,jpeg70,1,88.77399444580078
1,sid_tampered,tampered,unknown,train,ca8e4768a595d782,noise002,1,89.30016326904297
1,sid_tampered,tampered,unknown,train,ca8e4768a595d782,jitter02,1,86.94271850585938
1,sid_tampered,tampered,unknown,train,d2f9d62bd58a44eb,clean,1,297.0603332519531
1,sid_tampered,tampered,unknown,train,d2f9d62bd58a44eb,resize05,1,298.64666748046875
1,sid_tampered,tampered,unknown,train,d2f9d62bd58a44eb,noise005,1,295.8059997558594
1,sid_tampered,tampered,unknown,train,d2f9d62bd58a44eb,crop08,1,324.8152770996094
1,sid_tampered,tampered,unknown,train,eac003cb24388039,clean,1,70.70016479492188
1,sid_tampered,tampered,unknown,train,eac003cb24388039,noise005,1,69.8890380859375
1,sid_tampered,tampered,unknown,train,eac003cb24388039,jitter02,1,70.78113555908203
1,sid_tampered,tampered,unknown,train,ceccf27823808777,clean,1,76.31831359863281
1,sid_tampered,tampered,unknown,train,ceccf27823808777,jpeg30,1,77.1139907836914
1,sid_tampered,tampered,unknown,train,ceccf27823808777,noise005,1,76.42280578613281
1,sid_tampered,tampered,unknown,train,ceccf27823808777,jitter02,1,75.8389892578125
1,sid_tampered,tampered,unknown,train,9476d642ab24e66d,clean,1,125.66370391845703
1,sid_tampered,tampered,unknown,train,9476d642ab24e66d,blur10,1,107.23066711425781
1,sid_tampered,tampered,unknown,train,9476d642ab24e66d,noise005,1,106.10359954833984
1,sid_tampered,tampered,unknown,train,9476d642ab24e66d,noise01,1,105.38621520996094
1,sid_tampered,tampered,unknown,train,17f91a87cecc106c,clean,1,204.34698486328125
1,sid_tampered,tampered,unknown,train,17f91a87cecc106c,jpeg50,1,203.88571166992188
1,sid_tampered,tampered,unknown,train,17f91a87cecc106c,noise01,1,206.60751342773438
1,sid_tampered,tampered,unknown,train,17f91a87cecc106c,crop08,1,261.2301940917969
1,sid_tampered,tampered,unknown,train,a9f9c127dace904b,clean,1,266.4250183105469
1,sid_tampered,tampered,unknown,train,a9f9c127dace904b,jpeg30,1,269.4058837890625
1,sid_tampered,tampered,unknown,train,a9f9c127dace904b,noise002,1,267.98492431640625
1,sid_tampered,tampered,unknown,train,a9f9c127dace904b,noise01,1,284.1081237792969
1,sid_tampered,tampered,unknown,train,71ce67ceb5391d78,clean,1,71.10568237304688
1,sid_tampered,tampered,unknown,train,71ce67ceb5391d78,jpeg90,1,71.3027114868164
1,sid_tampered,tampered,unknown,train,71ce67ceb5391d78,jpeg50,1,71.27531433105469
1,sid_tampered,tampered,unknown,train,71ce67ceb5391d78,resize025,1,67.3848876953125
1,sid_tampered,tampered,unknown,train,ef97c7998977b85f,clean,1,116.80606079101562
1,sid_tampered,tampered,unknown,train,ef97c7998977b85f,jpeg30,1,117.07980346679688
1,sid_tampered,tampered,unknown,train,ef97c7998977b85f,resize05,1,116.6850357055664
1,sid_tampered,tampered,unknown,train,ef97c7998977b85f,noise01,1,117.71208190917969
1,sid_tampered,tampered,unknown,train,1afb089abe6ba557,clean,1,94.39852142333984
1,sid_tampered,tampered,unknown,train,1afb089abe6ba557,resize05,1,94.38040161132812
1,sid_tampered,tampered,unknown,train,1afb089abe6ba557,noise002,1,94.37754821777344
1,sid_tampered,tampered,unknown,train,1afb089abe6ba557,crop08,1,91.43182373046875
1,sid_tampered,tampered,unknown,train,55b4388f34156911,clean,1,177.08140563964844
1,sid_tampered,tampered,unknown,train,55b4388f34156911,jpeg90,1,177.1245880126953
1,sid_tampered,tampered,unknown,train,55b4388f34156911,resize05,1,177.38348388671875
1,sid_tampered,tampered,unknown,train,55b4388f34156911,noise002,1,178.2875213623047
1,sid_tampered,tampered,unknown,train,9a947da6a03bd6fd,crop08,1,68.86998748779297
1,sid_tampered,tampered,unknown,train,b2027904d26c4b41,clean,1,91.42088317871094
1,sid_tampered,tampered,unknown,train,b2027904d26c4b41,jpeg70,1,91.70711517333984
1,sid_tampered,tampered,unknown,train,b2027904d26c4b41,noise01,1,91.1701889038086
1,sid_tampered,tampered,unknown,train,b2027904d26c4b41,jitter02,1,91.6514663696289
1,sid_tampered,tampered,unknown,train,8f879c5f7d960f72,clean,1,181.8646697998047
1,sid_tampered,tampered,unknown,train,8f879c5f7d960f72,blur10,1,181.16358947753906
1,sid_tampered,tampered,unknown,train,8f879c5f7d960f72,noise01,1,176.54180908203125
1,sid_tampered,tampered,unknown,train,8f879c5f7d960f72,crop08,1,200.8389892578125
1,sid_tampered,tampered,unknown,train,b5013d968efc793b,clean,1,117.20232391357422
1,sid_tampered,tampered,unknown,train,b5013d968efc793b,jpeg50,1,117.75064849853516
1,sid_tampered,tampered,unknown,train,b5013d968efc793b,resize05,1,117.16779327392578
1,sid_tampered,tampered,unknown,train,b5013d968efc793b,noise005,1,117.95294952392578
1,sid_tampered,tampered,unknown,train,ae6382c20f25a0ef,crop08,1,204.92984008789062
1,sid_tampered,tampered,unknown,train,780c02b657d62015,clean,1,97.66105651855469
1,sid_tampered,tampered,unknown,train,780c02b657d62015,jpeg90,1,97.55170440673828
1,sid_tampered,tampered,unknown,train,780c02b657d62015,resize025,1,95.71001434326172
1,sid_tampered,tampered,unknown,train,780c02b657d62015,noise01,1,97.02262878417969
1,sid_tampered,tampered,unknown,train,3416901ce2194e20,clean,1,110.56871795654297
1,sid_tampered,tampered,unknown,train,3416901ce2194e20,jpeg50,1,110.43611907958984
1,sid_tampered,tampered,unknown,train,3416901ce2194e20,blur20,1,108.93712615966797
1,sid_tampered,tampered,unknown,train,3416901ce2194e20,noise002,1,110.7687759399414
1,sid_tampered,tampered,unknown,train,79d017cab3e74ae0,clean,1,80.99748229980469
1,sid_tampered,tampered,unknown,train,79d017cab3e74ae0,jpeg90,1,80.91131591796875
1,sid_tampered,tampered,unknown,train,79d017cab3e74ae0,blur10,1,80.86202239990234
1,sid_tampered,tampered,unknown,train,79d017cab3e74ae0,resize05,1,80.88701629638672
1,sid_tampered,tampered,unknown,train,7b234241e0e3923c,clean,1,80.07198333740234
1,sid_tampered,tampered,unknown,train,7b234241e0e3923c,noise002,1,80.2021484375
1,sid_tampered,tampered,unknown,train,7b234241e0e3923c,jitter02,1,78.30842590332031
1,sid_tampered,tampered,unknown,train,7b234241e0e3923c,crop08,1,95.8724365234375
1,sid_tampered,tampered,unknown,train,6c65ef85a1d24a8a,clean,1,150.59548950195312
1,sid_tampered,tampered,unknown,train,6c65ef85a1d24a8a,jpeg30,1,149.54872131347656
1,sid_tampered,tampered,unknown,train,6c65ef85a1d24a8a,blur05,1,150.8187713623047
1,sid_tampered,tampered,unknown,train,0a69044a18ad61cf,clean,1,97.6343002319336
1,sid_tampered,tampered,unknown,train,0a69044a18ad61cf,blur05,1,97.65617370605469
1,sid_tampered,tampered,unknown,train,0a69044a18ad61cf,noise002,1,72.33983612060547
1,sid_tampered,tampered,unknown,train,0a69044a18ad61cf,noise01,1,73.6916732788086
1,sid_tampered,tampered,unknown,train,0bdad97f6ad84fa8,clean,1,166.80201721191406
1,sid_tampered,tampered,unknown,train,0bdad97f6ad84fa8,blur05,1,166.55996704101562
1,sid_tampered,tampered,unknown,train,0bdad97f6ad84fa8,noise002,1,166.83502197265625
1,sid_tampered,tampered,unknown,train,93a37d389d5622b0,clean,1,141.0213623046875
1,sid_tampered,tampered,unknown,train,93a37d389d5622b0,blur05,1,141.20838928222656
1,sid_tampered,tampered,unknown,train,93a37d389d5622b0,resize05,1,141.31375122070312
1,sid_tampered,tampered,unknown,train,93a37d389d5622b0,noise005,1,142.03919982910156
1,sid_tampered,tampered,unknown,train,53d98663fb33a100,clean,1,140.35360717773438
1,sid_tampered,tampered,unknown,train,53d98663fb33a100,jpeg90,1,140.18930053710938
1,sid_tampered,tampered,unknown,train,53d98663fb33a100,resize025,1,140.7228546142578
1,sid_tampered,tampered,unknown,train,53d98663fb33a100,noise005,1,139.6265411376953
1,sid_tampered,tampered,unknown,train,272f898ddf97e8ba,clean,1,135.42779541015625
1,sid_tampered,tampered,unknown,train,272f898ddf97e8ba,resize05,1,136.0377197265625
1,sid_tampered,tampered,unknown,train,272f898ddf97e8ba,noise002,1,134.0478973388672
1,sid_tampered,tampered,unknown,train,bc6614a51218b5f2,crop08,1,66.58889770507812
1,sid_tampered,tampered,unknown,train,4bd8e60254313787,clean,1,87.6446762084961
1,sid_tampered,tampered,unknown,train,4bd8e60254313787,jpeg90,1,87.63348388671875
1,sid_tampered,tampered,unknown,train,4bd8e60254313787,resize05,1,87.92021942138672
1,sid_tampered,tampered,unknown,train,4bd8e60254313787,resize025,1,88.41766357421875
1,sid_tampered,tampered,unknown,train,dbd6372a044f5242,clean,1,146.67324829101562
1,sid_tampered,tampered,unknown,train,dbd6372a044f5242,blur20,1,148.5710906982422
1,sid_tampered,tampered,unknown,train,dbd6372a044f5242,resize05,1,146.55813598632812
1,sid_tampered,tampered,unknown,train,dbd6372a044f5242,resize025,1,147.92684936523438
1,sid_tampered,tampered,unknown,train,28c24763c3dc956b,clean,1,74.41028594970703
1,sid_tampered,tampered,unknown,train,28c24763c3dc956b,jpeg70,1,74.39254760742188
1,sid_tampered,tampered,unknown,train,28c24763c3dc956b,jpeg50,1,74.70401000976562
1,sid_tampered,tampered,unknown,train,30eef8ab0f941dfc,clean,1,149.21116638183594
1,sid_tampered,tampered,unknown,train,30eef8ab0f941dfc,jpeg70,1,149.5811767578125
1,sid_tampered,tampered,unknown,train,30eef8ab0f941dfc,blur10,1,150.1272430419922
1,sid_tampered,tampered,unknown,train,30eef8ab0f941dfc,resize05,1,149.71453857421875
1,sid_tampered,tampered,unknown,train,5c3b9932921d4d9f,clean,1,299.6741027832031
1,sid_tampered,tampered,unknown,train,5c3b9932921d4d9f,blur20,1,294.70208740234375
1,sid_tampered,tampered,unknown,train,5c3b9932921d4d9f,noise01,1,303.6206359863281
1,sid_tampered,tampered,unknown,train,5c3b9932921d4d9f,crop08,1,361.4452209472656
1,sid_tampered,tampered,unknown,train,68defd5647320f04,clean,1,423.29388427734375
1,sid_tampered,tampered,unknown,train,68defd5647320f04,jpeg50,1,419.6119079589844
1,sid_tampered,tampered,unknown,train,68defd5647320f04,blur20,1,421.4347229003906
1,sid_tampered,tampered,unknown,train,68defd5647320f04,noise002,1,422.1243591308594
1,sid_tampered,tampered,unknown,train,2f74b7b346db7021,clean,1,90.00740814208984
1,sid_tampered,tampered,unknown,train,2f74b7b346db7021,blur10,1,89.40744018554688
1,sid_tampered,tampered,unknown,train,2f74b7b346db7021,noise005,1,91.16775512695312
1,sid_tampered,tampered,unknown,train,2f74b7b346db7021,jitter02,1,89.94837951660156
1,sid_tampered,tampered,unknown,train,eb5f102f19a986e1,clean,1,162.6155242919922
1,sid_tampered,tampered,unknown,train,eb5f102f19a986e1,resize05,1,162.37657165527344
1,sid_tampered,tampered,unknown,train,eb5f102f19a986e1,noise002,1,162.8058319091797
1,sid_tampered,tampered,unknown,train,eb5f102f19a986e1,noise005,1,165.1772918701172
1,sid_tampered,tampered,unknown,train,b9f10c498e13a211,clean,1,151.15335083007812
1,sid_tampered,tampered,unknown,train,b9f10c498e13a211,blur20,1,148.41636657714844
1,sid_tampered,tampered,unknown,train,b9f10c498e13a211,noise002,1,150.4867401123047
1,sid_tampered,tampered,unknown,train,b9f10c498e13a211,jitter02,1,151.17031860351562
1,sid_tampered,tampered,unknown,train,a6ec63200b1f03e8,clean,1,112.06227111816406
1,sid_tampered,tampered,unknown,train,a6ec63200b1f03e8,blur05,1,112.08129119873047
1,sid_tampered,tampered,unknown,train,a6ec63200b1f03e8,resize05,1,112.31748962402344
1,sid_tampered,tampered,unknown,train,a6ec63200b1f03e8,jitter02,1,110.61366271972656
1,sid_tampered,tampered,unknown,train,f7a803a1b39e2ecb,clean,1,101.87201690673828
1,sid_tampered,tampered,unknown,train,f7a803a1b39e2ecb,jpeg50,1,102.49981689453125
1,sid_tampered,tampered,unknown,train,f7a803a1b39e2ecb,blur10,1,100.34465789794922
1,sid_tampered,tampered,unknown,train,f7a803a1b39e2ecb,noise002,1,102.00274658203125
1,sid_tampered,tampered,unknown,train,9789e08ffddef4c9,clean,1,110.37818145751953
1,sid_tampered,tampered,unknown,train,9789e08ffddef4c9,jpeg70,1,110.8584976196289
1,sid_tampered,tampered,unknown,train,9789e08ffddef4c9,jpeg30,1,108.9324722290039
1,sid_tampered,tampered,unknown,train,9789e08ffddef4c9,crop08,1,138.98204040527344
1,sid_tampered,tampered,unknown,train,7f80d4fa45d9be36,clean,1,65.92941284179688
1,sid_tampered,tampered,unknown,train,7f80d4fa45d9be36,resize05,1,65.82685089111328
1,sid_tampered,tampered,unknown,train,7f80d4fa45d9be36,noise002,1,66.1651611328125
1,sid_tampered,tampered,unknown,train,7f80d4fa45d9be36,noise005,1,66.22509002685547
1,sid_tampered,tampered,unknown,train,817b78ce94b4b67f,clean,1,148.22418212890625
1,sid_tampered,tampered,unknown,train,817b78ce94b4b67f,blur10,1,148.33285522460938
1,sid_tampered,tampered,unknown,train,817b78ce94b4b67f,noise005,1,148.22750854492188
1,sid_tampered,tampered,unknown,train,817b78ce94b4b67f,jitter02,1,148.04360961914062
1,sid_tampered,tampered,unknown,train,6f87dee18ba762a1,clean,1,362.29425048828125
1,sid_tampered,tampered,unknown,train,6f87dee18ba762a1,jpeg70,1,363.31927490234375
1,sid_tampered,tampered,unknown,train,6f87dee18ba762a1,blur10,1,361.1953125
1,sid_tampered,tampered,unknown,train,6f87dee18ba762a1,noise01,1,372.1554870605469
1,sid_tampered,tampered,unknown,train,d4dd5416b180c96e,clean,1,148.29615783691406
1,sid_tampered,tampered,unknown,train,d4dd5416b180c96e,jpeg70,1,147.80311584472656
1,sid_tampered,tampered,unknown,train,d4dd5416b180c96e,blur05,1,148.2880859375
1,sid_tampered,tampered,unknown,train,d4dd5416b180c96e,noise01,1,147.22744750976562
1,sid_tampered,tampered,unknown,train,b637181c9b6d411f,clean,1,155.78504943847656
1,sid_tampered,tampered,unknown,train,b637181c9b6d411f,jpeg30,1,157.27352905273438
1,sid_tampered,tampered,unknown,train,b637181c9b6d411f,noise005,1,157.04656982421875
1,sid_tampered,tampered,unknown,train,b637181c9b6d411f,crop08,1,112.64761352539062
1,sid_tampered,tampered,unknown,train,649d07e1b50687d3,clean,1,119.93653869628906
1,sid_tampered,tampered,unknown,train,649d07e1b50687d3,jpeg50,1,120.88542175292969
1,sid_tampered,tampered,unknown,train,649d07e1b50687d3,jpeg30,1,120.25963592529297
1,sid_tampered,tampered,unknown,train,649d07e1b50687d3,blur10,1,120.20164489746094
1,sid_tampered,tampered,unknown,train,6f74dfba88a4bfd7,clean,1,328.18853759765625
1,sid_tampered,tampered,unknown,train,6f74dfba88a4bfd7,jpeg50,1,324.9781799316406
1,sid_tampered,tampered,unknown,train,6f74dfba88a4bfd7,blur10,1,331.51177978515625
1,sid_tampered,tampered,unknown,train,6f74dfba88a4bfd7,resize05,1,330.50274658203125
1,sid_tampered,tampered,unknown,train,89fd1ded820b6ff7,clean,1,293.4742126464844
1,sid_tampered,tampered,unknown,train,89fd1ded820b6ff7,jpeg90,1,293.12432861328125
1,sid_tampered,tampered,unknown,train,89fd1ded820b6ff7,jpeg70,1,293.75811767578125
1,sid_tampered,tampered,unknown,train,89fd1ded820b6ff7,crop08,1,388.1556701660156
1,sid_tampered,tampered,unknown,train,bab78db918864637,crop08,1,65.49019622802734
1,sid_tampered,tampered,unknown,train,a1049a1761ad449c,clean,1,97.87399291992188
1,sid_tampered,tampered,unknown,train,a1049a1761ad449c,jpeg70,1,97.62232208251953
1,sid_tampered,tampered,unknown,train,a1049a1761ad449c,resize05,1,98.07574462890625
1,sid_tampered,tampered,unknown,train,a1049a1761ad449c,noise002,1,97.49596405029297
1,sid_tampered,tampered,unknown,train,5931fd45ed069d90,clean,1,115.61720275878906
1,sid_tampered,tampered,unknown,train,5931fd45ed069d90,jpeg50,1,115.99337768554688
1,sid_tampered,tampered,unknown,train,5931fd45ed069d90,noise005,1,118.0961685180664
1,sid_tampered,tampered,unknown,train,5931fd45ed069d90,noise01,1,121.6326675415039
1,sid_tampered,tampered,unknown,train,c306ece1b2604854,clean,1,100.86534881591797
1,sid_tampered,tampered,unknown,train,c306ece1b2604854,resize025,1,101.89288330078125
1,sid_tampered,tampered,unknown,train,c306ece1b2604854,noise002,1,100.26261138916016
1,sid_tampered,tampered,unknown,train,ec8539a5c355558c,clean,1,87.24138641357422
1,sid_tampered,tampered,unknown,train,ec8539a5c355558c,jpeg70,1,87.65341186523438
1,sid_tampered,tampered,unknown,train,ec8539a5c355558c,blur05,1,86.94698333740234
1,sid_tampered,tampered,unknown,train,ec8539a5c355558c,noise005,1,89.79580688476562
1,sid_tampered,tampered,unknown,train,b7eeaa1b649e299c,clean,1,166.8736572265625
1,sid_tampered,tampered,unknown,train,b7eeaa1b649e299c,jpeg90,1,166.5537872314453
1,sid_tampered,tampered,unknown,train,b7eeaa1b649e299c,blur10,1,169.60321044921875
1,sid_tampered,tampered,unknown,train,b7eeaa1b649e299c,noise002,1,166.92971801757812
1,sid_tampered,tampered,unknown,train,2a5d97d1fbbe3e58,clean,1,151.58522033691406
1,sid_tampered,tampered,unknown,train,2a5d97d1fbbe3e58,jpeg50,1,153.36181640625
1,sid_tampered,tampered,unknown,train,2a5d97d1fbbe3e58,blur20,1,152.75572204589844
1,sid_tampered,tampered,unknown,train,2a5d97d1fbbe3e58,noise01,1,157.47415161132812
1,sid_tampered,tampered,unknown,train,a82f28bb6804bf4b,clean,1,69.85768127441406
1,sid_tampered,tampered,unknown,train,a82f28bb6804bf4b,blur20,1,70.88361358642578
1,sid_tampered,tampered,unknown,train,a82f28bb6804bf4b,noise01,1,70.16571807861328
1,sid_tampered,tampered,unknown,train,a82f28bb6804bf4b,crop08,1,83.76614379882812
1,sid_tampered,tampered,unknown,train,a5e0795bb175ddd2,clean,1,95.8982162475586
1,sid_tampered,tampered,unknown,train,a5e0795bb175ddd2,jpeg30,1,94.73367309570312
1,sid_tampered,tampered,unknown,train,a5e0795bb175ddd2,resize05,1,102.99510192871094
1,sid_tampered,tampered,unknown,train,a5e0795bb175ddd2,resize025,1,104.90367126464844
1,sid_tampered,tampered,unknown,train,3b2bdef7f0d5e59e,clean,1,69.30355834960938
1,sid_tampered,tampered,unknown,train,3b2bdef7f0d5e59e,jpeg90,1,69.2266845703125
1,sid_tampered,tampered,unknown,train,3b2bdef7f0d5e59e,noise002,1,69.10397338867188
1,sid_tampered,tampered,unknown,train,3b2bdef7f0d5e59e,crop08,1,93.3811264038086
1,sid_tampered,tampered,unknown,train,66098f2305d86b54,clean,1,240.42410278320312
1,sid_tampered,tampered,unknown,train,66098f2305d86b54,jpeg70,1,242.22140502929688
1,sid_tampered,tampered,unknown,train,66098f2305d86b54,blur05,1,240.4766387939453
1,sid_tampered,tampered,unknown,train,66098f2305d86b54,noise005,1,242.2644805908203
1,sid_tampered,tampered,unknown,train,abfc4eb87cf1a883,clean,1,108.16587829589844
1,sid_tampered,tampered,unknown,train,abfc4eb87cf1a883,jpeg90,1,108.07156372070312
1,sid_tampered,tampered,unknown,train,abfc4eb87cf1a883,blur10,1,107.9173812866211
1,sid_tampered,tampered,unknown,train,abfc4eb87cf1a883,noise01,1,108.88449096679688
1,sid_tampered,tampered,unknown,train,d2bd5ee164cb72e3,clean,1,132.05087280273438
1,sid_tampered,tampered,unknown,train,d2bd5ee164cb72e3,blur05,1,131.79598999023438
1,sid_tampered,tampered,unknown,train,d2bd5ee164cb72e3,resize05,1,131.40585327148438
1,sid_tampered,tampered,unknown,train,d2bd5ee164cb72e3,crop08,1,163.0307159423828
1,sid_tampered,tampered,unknown,train,a931aca7b430688f,clean,1,110.16207122802734
1,sid_tampered,tampered,unknown,train,a931aca7b430688f,jpeg90,1,110.24114990234375
1,sid_tampered,tampered,unknown,train,a931aca7b430688f,blur05,1,110.4928207397461
1,sid_tampered,tampered,unknown,train,a931aca7b430688f,noise002,1,109.80252075195312
1,sid_tampered,tampered,unknown,train,22d4252906ee523f,clean,1,73.28996276855469
1,sid_tampered,tampered,unknown,train,22d4252906ee523f,blur10,1,74.46739196777344
1,sid_tampered,tampered,unknown,train,22d4252906ee523f,resize05,1,73.61441802978516
1,sid_tampered,tampered,unknown,train,22d4252906ee523f,noise005,1,72.82984161376953
1,sid_tampered,tampered,unknown,train,edd80a0c92b594e3,clean,1,193.05780029296875
1,sid_tampered,tampered,unknown,train,edd80a0c92b594e3,blur10,1,193.68325805664062
1,sid_tampered,tampered,unknown,train,edd80a0c92b594e3,resize05,1,193.0419158935547
1,sid_tampered,tampered,unknown,train,edd80a0c92b594e3,noise002,1,192.96719360351562
1,sid_tampered,tampered,unknown,train,62df37d313ee3db2,clean,1,65.90457153320312
1,sid_tampered,tampered,unknown,train,62df37d313ee3db2,jpeg50,1,66.14806365966797
1,sid_tampered,tampered,unknown,train,62df37d313ee3db2,jpeg30,1,65.60618591308594
1,sid_tampered,tampered,unknown,train,62df37d313ee3db2,noise01,1,68.06504821777344
1,sid_tampered,tampered,unknown,train,f7932c39690417f3,clean,1,147.28453063964844
1,sid_tampered,tampered,unknown,train,f7932c39690417f3,jpeg90,1,147.6222381591797
1,sid_tampered,tampered,unknown,train,f7932c39690417f3,blur20,1,150.5646514892578
1,sid_tampered,tampered,unknown,train,f7932c39690417f3,noise005,1,147.7746124267578
1,sid_tampered,tampered,unknown,train,0981f05ec001bf4f,clean,1,188.39096069335938
1,sid_tampered,tampered,unknown,train,0981f05ec001bf4f,jpeg90,1,188.59927368164062
1,sid_tampered,tampered,unknown,train,0981f05ec001bf4f,jpeg30,1,188.59927368164062
1,sid_tampered,tampered,unknown,train,0981f05ec001bf4f,noise002,1,189.0167694091797
1,sid_tampered,tampered,unknown,train,2363e5c524382643,clean,1,271.35430908203125
1,sid_tampered,tampered,unknown,train,2363e5c524382643,jpeg90,1,271.0735168457031
1,sid_tampered,tampered,unknown,train,2363e5c524382643,blur10,1,272.6138610839844
1,sid_tampered,tampered,unknown,train,2363e5c524382643,crop08,1,341.3585205078125
1,sid_tampered,tampered,unknown,train,907f9638d2e51e06,clean,1,249.0432586669922
1,sid_tampered,tampered,unknown,train,907f9638d2e51e06,jpeg50,1,244.2199249267578
1,sid_tampered,tampered,unknown,train,907f9638d2e51e06,resize05,1,246.73228454589844
1,sid_tampered,tampered,unknown,train,907f9638d2e51e06,resize025,1,241.34205627441406
1,sid_tampered,tampered,unknown,train,fbb5d717844c97cd,clean,1,66.42291259765625
1,sid_tampered,tampered,unknown,train,fbb5d717844c97cd,jpeg30,1,67.26556396484375
1,sid_tampered,tampered,unknown,train,fbb5d717844c97cd,resize05,1,66.09425354003906
1,sid_tampered,tampered,unknown,train,fbb5d717844c97cd,resize025,1,66.47620391845703
1,sid_tampered,tampered,unknown,train,f42291746e96ea09,clean,1,92.86100769042969
1,sid_tampered,tampered,unknown,train,f42291746e96ea09,blur10,1,92.17230224609375
1,sid_tampered,tampered,unknown,train,f42291746e96ea09,resize05,1,92.8192367553711
1,sid_tampered,tampered,unknown,train,f42291746e96ea09,noise01,1,89.72955322265625
1,sid_tampered,tampered,unknown,train,9d04c67c759be852,clean,1,64.50945281982422
1,sid_tampered,tampered,unknown,train,9d04c67c759be852,blur05,1,64.46940612792969
1,sid_tampered,tampered,unknown,train,9d04c67c759be852,blur10,1,64.64260864257812
1,sid_tampered,tampered,unknown,train,1daffa5f9a6e9cc6,clean,1,64.16838073730469
1,sid_tampered,tampered,unknown,train,1daffa5f9a6e9cc6,jpeg90,1,64.24425506591797
1,sid_tampered,tampered,unknown,train,1daffa5f9a6e9cc6,resize05,1,64.19133758544922
1,sid_tampered,tampered,unknown,train,1bbf2fb68bdd9725,clean,1,154.45196533203125
1,sid_tampered,tampered,unknown,train,1bbf2fb68bdd9725,jpeg30,1,154.1195068359375
1,sid_tampered,tampered,unknown,train,1bbf2fb68bdd9725,resize05,1,154.78602600097656
1,sid_tampered,tampered,unknown,train,1bbf2fb68bdd9725,resize025,1,153.39915466308594
1,sid_tampered,tampered,unknown,train,c3e786ed587211af,clean,1,223.3238983154297
1,sid_tampered,tampered,unknown,train,c3e786ed587211af,blur10,1,230.80517578125
1,sid_tampered,tampered,unknown,train,c3e786ed587211af,noise005,1,210.19235229492188
1,sid_tampered,tampered,unknown,train,c3e786ed587211af,jitter02,1,228.2545623779297
1,sid_tampered,tampered,unknown,train,70aac67d8f8c8707,clean,1,155.70974731445312
1,sid_tampered,tampered,unknown,train,70aac67d8f8c8707,jpeg70,1,155.10232543945312
1,sid_tampered,tampered,unknown,train,70aac67d8f8c8707,jpeg30,1,155.4073944091797
1,sid_tampered,tampered,unknown,train,70aac67d8f8c8707,noise01,1,151.18479919433594
1,sid_tampered,tampered,unknown,train,42da1d64e95a8b08,clean,1,97.97477722167969
1,sid_tampered,tampered,unknown,train,42da1d64e95a8b08,blur10,1,97.13025665283203
1,sid_tampered,tampered,unknown,train,42da1d64e95a8b08,blur20,1,95.3630599975586
1,sid_tampered,tampered,unknown,train,42da1d64e95a8b08,resize05,1,97.18968200683594
1,sid_tampered,tampered,unknown,train,4971e69501c88601,clean,1,129.37103271484375
1,sid_tampered,tampered,unknown,train,4971e69501c88601,resize05,1,129.10157775878906
1,sid_tampered,tampered,unknown,train,4971e69501c88601,noise002,1,129.64178466796875
1,sid_tampered,tampered,unknown,train,4971e69501c88601,noise01,1,127.50042724609375
1,sid_tampered,tampered,unknown,train,626145f54dd4ba32,clean,1,192.7884063720703
1,sid_tampered,tampered,unknown,train,626145f54dd4ba32,jpeg70,1,192.7749481201172
1,sid_tampered,tampered,unknown,train,626145f54dd4ba32,jpeg30,1,199.2079315185547
1,sid_tampered,tampered,unknown,train,626145f54dd4ba32,resize05,1,192.63888549804688
1,sid_tampered,tampered,unknown,train,9e5bdf8f78cf8ec6,clean,1,128.8241424560547
1,sid_tampered,tampered,unknown,train,9e5bdf8f78cf8ec6,jpeg50,1,110.7697525024414
1,sid_tampered,tampered,unknown,train,9e5bdf8f78cf8ec6,blur20,1,115.31275177001953
1,sid_tampered,tampered,unknown,train,9e5bdf8f78cf8ec6,jitter02,1,109.81354522705078
1,sid_tampered,tampered,unknown,train,db9bf9f75cdf3c25,clean,1,146.9539031982422
1,sid_tampered,tampered,unknown,train,db9bf9f75cdf3c25,jpeg30,1,147.6123809814453
1,sid_tampered,tampered,unknown,train,db9bf9f75cdf3c25,noise005,1,148.61563110351562
1,sid_tampered,tampered,unknown,train,17dc2ffdd5da5e20,clean,1,163.9284210205078
1,sid_tampered,tampered,unknown,train,17dc2ffdd5da5e20,jpeg50,1,163.3528289794922
1,sid_tampered,tampered,unknown,train,17dc2ffdd5da5e20,blur10,1,163.46133422851562
1,sid_tampered,tampered,unknown,train,17dc2ffdd5da5e20,noise01,1,170.80734252929688
1,sid_tampered,tampered,unknown,train,e94f6aa4ddd4adb8,clean,1,110.86375427246094
1,sid_tampered,tampered,unknown,train,e94f6aa4ddd4adb8,jpeg90,1,111.02005004882812
1,sid_tampered,tampered,unknown,train,e94f6aa4ddd4adb8,jpeg70,1,111.1091537475586
1,sid_tampered,tampered,unknown,train,e94f6aa4ddd4adb8,blur05,1,111.27789306640625
1,sid_tampered,tampered,unknown,train,92d7ef0c401ae8ab,clean,1,263.7081298828125
1,sid_tampered,tampered,unknown,train,92d7ef0c401ae8ab,jpeg70,1,264.01019287109375
1,sid_tampered,tampered,unknown,train,92d7ef0c401ae8ab,noise005,1,266.35296630859375
1,sid_tampered,tampered,unknown,train,92d7ef0c401ae8ab,jitter02,1,254.79751586914062
1,sid_tampered,tampered,unknown,train,5f90df682d1a948a,clean,1,68.73927307128906
1,sid_tampered,tampered,unknown,train,5f90df682d1a948a,jpeg50,1,68.55367279052734
1,sid_tampered,tampered,unknown,train,5f90df682d1a948a,jpeg30,1,69.02059936523438
1,sid_tampered,tampered,unknown,train,5f90df682d1a948a,crop08,1,80.286376953125
1,sid_tampered,tampered,unknown,train,47af7df0e7e6b156,clean,1,94.73776245117188
1,sid_tampered,tampered,unknown,train,47af7df0e7e6b156,jpeg70,1,94.157470703125
1,sid_tampered,tampered,unknown,train,47af7df0e7e6b156,resize025,1,93.2712173461914
1,sid_tampered,tampered,unknown,train,47af7df0e7e6b156,noise002,1,94.13755798339844
1,sid_tampered,tampered,unknown,train,cda091b45839583a,clean,1,93.0175552368164
1,sid_tampered,tampered,unknown,train,cda091b45839583a,jpeg30,1,93.98385620117188
1,sid_tampered,tampered,unknown,train,cda091b45839583a,noise002,1,92.90826416015625
1,sid_tampered,tampered,unknown,train,cda091b45839583a,jitter02,1,93.51659393310547
1,sid_tampered,tampered,unknown,train,bb3eabe9b0b4223a,clean,1,78.52008056640625
1,sid_tampered,tampered,unknown,train,bb3eabe9b0b4223a,blur10,1,83.9037094116211
1,sid_tampered,tampered,unknown,train,bb3eabe9b0b4223a,blur20,1,82.01094818115234
1,sid_tampered,tampered,unknown,train,9dd0f9ff19f42690,crop08,1,205.28738403320312
1,sid_tampered,tampered,unknown,train,dac0548c22bb5e34,clean,1,70.3575668334961
1,sid_tampered,tampered,unknown,train,dac0548c22bb5e34,jpeg90,1,70.48831939697266
1,sid_tampered,tampered,unknown,train,dac0548c22bb5e34,blur05,1,70.31377410888672
1,sid_tampered,tampered,unknown,train,dac0548c22bb5e34,jitter02,1,70.9135971069336
1,sid_tampered,tampered,unknown,train,82b730d08d150416,clean,1,191.0334930419922
1,sid_tampered,tampered,unknown,train,82b730d08d150416,jpeg50,1,190.35084533691406
1,sid_tampered,tampered,unknown,train,82b730d08d150416,blur05,1,191.36585998535156
1,sid_tampered,tampered,unknown,train,82b730d08d150416,jitter02,1,192.1990509033203
1,sid_tampered,tampered,unknown,train,c1aa266304547425,clean,1,153.39366149902344
1,sid_tampered,tampered,unknown,train,c1aa266304547425,blur10,1,153.201416015625
1,sid_tampered,tampered,unknown,train,c1aa266304547425,resize025,1,151.8409881591797
1,sid_tampered,tampered,unknown,train,7e410e75fd667130,clean,1,163.98106384277344
1,sid_tampered,tampered,unknown,train,7e410e75fd667130,resize05,1,163.0445098876953
1,sid_tampered,tampered,unknown,train,7e410e75fd667130,noise002,1,163.45855712890625
1,sid_tampered,tampered,unknown,train,7e410e75fd667130,noise01,1,161.54759216308594
1,sid_tampered,tampered,unknown,train,2b3e808187633148,clean,1,159.27700805664062
1,sid_tampered,tampered,unknown,train,2b3e808187633148,blur20,1,159.2791290283203
1,sid_tampered,tampered,unknown,train,2b3e808187633148,noise002,1,159.2295379638672
1,sid_tampered,tampered,unknown,train,2b3e808187633148,noise005,1,159.79078674316406
1,sid_tampered,tampered,unknown,train,ede59a7931b48ad0,resize025,1,195.3085479736328
1,sid_tampered,tampered,unknown,train,b53e34b1083038a2,clean,1,78.82581329345703
1,sid_tampered,tampered,unknown,train,b53e34b1083038a2,blur05,1,78.651611328125
1,sid_tampered,tampered,unknown,train,b53e34b1083038a2,jitter02,1,78.80863189697266
1,sid_tampered,tampered,unknown,train,b53e34b1083038a2,crop08,1,94.32450103759766
1,sid_tampered,tampered,unknown,train,481f727cd6e7bd7d,clean,1,102.30485534667969
1,sid_tampered,tampered,unknown,train,481f727cd6e7bd7d,jpeg90,1,102.57925415039062
1,sid_tampered,tampered,unknown,train,481f727cd6e7bd7d,blur05,1,102.4538345336914
1,sid_tampered,tampered,unknown,train,481f727cd6e7bd7d,blur20,1,102.65098571777344
1,sid_tampered,tampered,unknown,train,fc3e2e3ef5c37b99,clean,1,88.36521911621094
1,sid_tampered,tampered,unknown,train,fc3e2e3ef5c37b99,jpeg50,1,88.2961654663086
1,sid_tampered,tampered,unknown,train,fc3e2e3ef5c37b99,noise005,1,91.02488708496094
1,sid_tampered,tampered,unknown,train,fc3e2e3ef5c37b99,jitter02,1,90.63441467285156
1,sid_tampered,tampered,unknown,train,799ceb413ba7d5dc,clean,1,259.2749328613281
1,sid_tampered,tampered,unknown,train,799ceb413ba7d5dc,jpeg90,1,259.3311462402344
1,sid_tampered,tampered,unknown,train,799ceb413ba7d5dc,jpeg30,1,250.38064575195312
1,sid_tampered,tampered,unknown,train,799ceb413ba7d5dc,crop08,1,315.90228271484375
1,sid_tampered,tampered,unknown,train,52aa7ca9c4bde742,clean,1,251.52438354492188
1,sid_tampered,tampered,unknown,train,52aa7ca9c4bde742,blur05,1,251.52061462402344
1,sid_tampered,tampered,unknown,train,52aa7ca9c4bde742,noise002,1,251.36085510253906
1,sid_tampered,tampered,unknown,train,52aa7ca9c4bde742,crop08,1,330.5986633300781
1,sid_tampered,tampered,unknown,train,cbd4444cbdcf00b6,clean,1,100.21880340576172
1,sid_tampered,tampered,unknown,train,cbd4444cbdcf00b6,jpeg70,1,99.87812805175781
1,sid_tampered,tampered,unknown,train,cbd4444cbdcf00b6,jitter02,1,100.74414825439453
1,sid_tampered,tampered,unknown,train,cbd4444cbdcf00b6,crop08,1,129.5867462158203
1,sid_tampered,tampered,unknown,train,3df7cbee7b780e0b,clean,1,70.34369659423828
1,sid_tampered,tampered,unknown,train,3df7cbee7b780e0b,resize05,1,70.11602020263672
1,sid_tampered,tampered,unknown,train,3df7cbee7b780e0b,resize025,1,69.45733642578125
1,sid_tampered,tampered,unknown,train,3df7cbee7b780e0b,jitter02,1,68.47238159179688
1,sid_tampered,tampered,unknown,train,758e03546bb5508a,clean,1,183.17889404296875
1,sid_tampered,tampered,unknown,train,758e03546bb5508a,blur10,1,183.42726135253906
1,sid_tampered,tampered,unknown,train,758e03546bb5508a,noise01,1,183.3394012451172
1,sid_tampered,tampered,unknown,train,758e03546bb5508a,jitter02,1,183.40452575683594
1,sid_tampered,tampered,unknown,train,535a79ab09e4b8d8,clean,1,83.61495208740234
1,sid_tampered,tampered,unknown,train,535a79ab09e4b8d8,jpeg30,1,84.30943298339844
1,sid_tampered,tampered,unknown,train,535a79ab09e4b8d8,noise005,1,84.17652130126953
1,sid_tampered,tampered,unknown,train,535a79ab09e4b8d8,jitter02,1,83.7411117553711
1,sid_tampered,tampered,unknown,train,e0316701c7414548,clean,1,329.50079345703125
1,sid_tampered,tampered,unknown,train,e0316701c7414548,jpeg90,1,329.048583984375
1,sid_tampered,tampered,unknown,train,e0316701c7414548,jpeg30,1,327.9945068359375
1,sid_tampered,tampered,unknown,train,e0316701c7414548,noise005,1,332.6426086425781
1,sid_tampered,tampered,unknown,train,6e8833cf89d30b32,clean,1,72.50194549560547
1,sid_tampered,tampered,unknown,train,6e8833cf89d30b32,blur05,1,72.31243133544922
1,sid_tampered,tampered,unknown,train,6e8833cf89d30b32,resize05,1,72.16483306884766
1,sid_tampered,tampered,unknown,train,6e8833cf89d30b32,noise002,1,72.11729431152344
1,sid_tampered,tampered,unknown,train,7e92da2321df9b98,clean,1,109.05914306640625
1,sid_tampered,tampered,unknown,train,7e92da2321df9b98,blur20,1,108.24750518798828
1,sid_tampered,tampered,unknown,train,7e92da2321df9b98,resize05,1,108.96719360351562
1,sid_tampered,tampered,unknown,train,7e92da2321df9b98,resize025,1,108.44568634033203
1,sid_tampered,tampered,unknown,train,9f5a1c5efe75d307,clean,1,190.60498046875
1,sid_tampered,tampered,unknown,train,9f5a1c5efe75d307,blur20,1,194.41336059570312
1,sid_tampered,tampered,unknown,train,9f5a1c5efe75d307,noise01,1,192.1365966796875
1,sid_tampered,tampered,unknown,train,9f5a1c5efe75d307,jitter02,1,190.2706756591797
1,sid_tampered,tampered,unknown,train,43291f86e361e39e,clean,1,88.45469665527344
1,sid_tampered,tampered,unknown,train,43291f86e361e39e,jpeg50,1,87.33638000488281
1,sid_tampered,tampered,unknown,train,43291f86e361e39e,resize05,1,88.43841552734375
1,sid_tampered,tampered,unknown,train,43291f86e361e39e,crop08,1,108.66924285888672
1,sid_tampered,tampered,unknown,train,87c045c71a7f27df,clean,1,109.85901641845703
1,sid_tampered,tampered,unknown,train,87c045c71a7f27df,blur05,1,109.62835693359375
1,sid_tampered,tampered,unknown,train,87c045c71a7f27df,blur20,1,103.63934326171875
1,sid_tampered,tampered,unknown,train,87c045c71a7f27df,crop08,1,128.9314727783203
1,sid_tampered,tampered,unknown,train,87c1f6e1bf018f2a,clean,1,112.19184112548828
1,sid_tampered,tampered,unknown,train,87c1f6e1bf018f2a,jpeg90,1,111.89639282226562
1,sid_tampered,tampered,unknown,train,87c1f6e1bf018f2a,blur05,1,112.12496948242188
1,sid_tampered,tampered,unknown,train,87c1f6e1bf018f2a,noise005,1,113.43394470214844
1,sid_tampered,tampered,unknown,train,02385c74762ad15f,clean,1,77.23529052734375
1,sid_tampered,tampered,unknown,train,02385c74762ad15f,blur20,1,76.97452545166016
1,sid_tampered,tampered,unknown,train,02385c74762ad15f,resize025,1,77.1680908203125
1,sid_tampered,tampered,unknown,train,02385c74762ad15f,jitter02,1,77.75110626220703
1,sid_tampered,tampered,unknown,train,886f08c1da0287cf,clean,1,237.84242248535156
1,sid_tampered,tampered,unknown,train,886f08c1da0287cf,blur05,1,238.1348419189453
1,sid_tampered,tampered,unknown,train,886f08c1da0287cf,blur10,1,238.80899047851562
1,sid_tampered,tampered,unknown,train,886f08c1da0287cf,noise005,1,241.79739379882812
1,sid_tampered,tampered,unknown,train,d8a8e3542be32e14,clean,1,102.78828430175781
1,sid_tampered,tampered,unknown,train,d8a8e3542be32e14,blur05,1,101.95921325683594
1,sid_tampered,tampered,unknown,train,d8a8e3542be32e14,noise01,1,102.95609283447266
1,sid_tampered,tampered,unknown,train,d8a8e3542be32e14,crop08,1,130.87901306152344
1,sid_tampered,tampered,unknown,train,9fe65b4012e8f992,clean,1,76.22473907470703
1,sid_tampered,tampered,unknown,train,9fe65b4012e8f992,jpeg90,1,76.10980987548828
1,sid_tampered,tampered,unknown,train,9fe65b4012e8f992,jpeg30,1,74.59867858886719
1,sid_tampered,tampered,unknown,train,9fe65b4012e8f992,noise002,1,76.2224349975586
1,sid_tampered,tampered,unknown,train,a1119267fe7ae5f2,clean,1,64.27379608154297
1,sid_tampered,tampered,unknown,train,a1119267fe7ae5f2,jpeg50,1,64.99629974365234
1,sid_tampered,tampered,unknown,train,a1119267fe7ae5f2,blur10,1,64.51858520507812
1,sid_tampered,tampered,unknown,train,a1119267fe7ae5f2,resize05,1,64.31494140625
1,sid_tampered,tampered,unknown,train,7037d27fd5df155c,clean,1,228.46128845214844
1,sid_tampered,tampered,unknown,train,7037d27fd5df155c,jpeg70,1,223.01763916015625
1,sid_tampered,tampered,unknown,train,7037d27fd5df155c,resize05,1,229.0318603515625
1,sid_tampered,tampered,unknown,train,7037d27fd5df155c,noise002,1,228.5712890625
1,sid_tampered,tampered,unknown,train,44f30ea8cf91a722,clean,1,234.30787658691406
1,sid_tampered,tampered,unknown,train,44f30ea8cf91a722,blur20,1,235.33058166503906
1,sid_tampered,tampered,unknown,train,44f30ea8cf91a722,noise01,1,249.78237915039062
1,sid_tampered,tampered,unknown,train,44f30ea8cf91a722,jitter02,1,237.2191162109375
1,sid_tampered,tampered,unknown,train,a47a585610a649b2,clean,1,81.51140594482422
1,sid_tampered,tampered,unknown,train,a47a585610a649b2,resize05,1,80.80130004882812
1,sid_tampered,tampered,unknown,train,a47a585610a649b2,resize025,1,80.37944030761719
1,sid_tampered,tampered,unknown,train,a47a585610a649b2,noise002,1,81.830322265625
1,sid_tampered,tampered,unknown,train,6d357207e2148dd4,clean,1,142.63583374023438
1,sid_tampered,tampered,unknown,train,6d357207e2148dd4,blur10,1,142.6169891357422
1,sid_tampered,tampered,unknown,train,6d357207e2148dd4,resize025,1,142.19129943847656
1,sid_tampered,tampered,unknown,train,6d357207e2148dd4,noise005,1,144.5758819580078
1,sid_tampered,tampered,unknown,train,2cec30c182535146,clean,1,130.46658325195312
1,sid_tampered,tampered,unknown,train,2cec30c182535146,jpeg90,1,131.33287048339844
1,sid_tampered,tampered,unknown,train,2cec30c182535146,blur05,1,130.4516143798828
1,sid_tampered,tampered,unknown,train,2cec30c182535146,noise01,1,139.28463745117188
1,sid_tampered,tampered,unknown,train,701dad7ff13c6a13,clean,1,64.67718505859375
1,sid_tampered,tampered,unknown,train,701dad7ff13c6a13,noise002,1,65.24773406982422
1,sid_tampered,tampered,unknown,train,701dad7ff13c6a13,jitter02,1,64.73326873779297
1,sid_tampered,tampered,unknown,train,46f22b52ca748296,noise002,1,89.01951599121094
1,sid_tampered,tampered,unknown,train,46f22b52ca748296,crop08,1,112.6774673461914
1,sid_tampered,tampered,unknown,train,fc271b6e593e9fd2,clean,1,197.96548461914062
1,sid_tampered,tampered,unknown,train,fc271b6e593e9fd2,jpeg30,1,198.60577392578125
1,sid_tampered,tampered,unknown,train,fc271b6e593e9fd2,blur10,1,198.55075073242188
1,sid_tampered,tampered,unknown,train,fc271b6e593e9fd2,noise005,1,197.179443359375
1,sid_tampered,tampered,unknown,train,3013099b0c74b607,clean,1,258.2685546875
1,sid_tampered,tampered,unknown,train,3013099b0c74b607,jpeg70,1,257.434814453125
1,sid_tampered,tampered,unknown,train,3013099b0c74b607,blur05,1,259.453857421875
1,sid_tampered,tampered,unknown,train,3013099b0c74b607,resize05,1,260.2689514160156
1,sid_tampered,tampered,unknown,train,24b5e5a8d948afe6,clean,1,79.6182632446289
1,sid_tampered,tampered,unknown,train,24b5e5a8d948afe6,resize05,1,79.56065368652344
1,sid_tampered,tampered,unknown,train,24b5e5a8d948afe6,noise002,1,79.41071319580078
1,sid_tampered,tampered,unknown,train,24b5e5a8d948afe6,jitter02,1,79.82923126220703
1,sid_tampered,tampered,unknown,train,be77756c9e4feb6e,clean,1,96.42205047607422
1,sid_tampered,tampered,unknown,train,be77756c9e4feb6e,resize05,1,96.03136444091797
1,sid_tampered,tampered,unknown,train,be77756c9e4feb6e,jitter02,1,95.91502380371094
1,sid_tampered,tampered,unknown,train,be77756c9e4feb6e,crop08,1,117.05081939697266
1,sid_tampered,tampered,unknown,train,ffbcaf40c1a37e87,clean,1,100.01988983154297
1,sid_tampered,tampered,unknown,train,ffbcaf40c1a37e87,jpeg50,1,99.66364288330078
1,sid_tampered,tampered,unknown,train,ffbcaf40c1a37e87,blur10,1,99.7583999633789
1,sid_tampered,tampered,unknown,train,ffbcaf40c1a37e87,crop08,1,121.51409149169922
1,sid_tampered,tampered,unknown,train,0c57ec05216f304b,clean,1,308.04095458984375
1,sid_tampered,tampered,unknown,train,0c57ec05216f304b,jpeg50,1,308.2562561035156
1,sid_tampered,tampered,unknown,train,0c57ec05216f304b,resize025,1,306.3184814453125
1,sid_tampered,tampered,unknown,train,0c57ec05216f304b,noise005,1,311.9314880371094
1,sid_tampered,tampered,unknown,train,cd9035f158741b71,clean,1,106.09002685546875
1,sid_tampered,tampered,unknown,train,cd9035f158741b71,jpeg50,1,107.06694030761719
1,sid_tampered,tampered,unknown,train,cd9035f158741b71,resize025,1,102.825927734375
1,sid_tampered,tampered,unknown,train,cd9035f158741b71,noise005,1,108.13581848144531
1,sid_tampered,tampered,unknown,train,b44d6d3a7aaa04bd,clean,1,101.42644500732422
1,sid_tampered,tampered,unknown,train,5a4184526d1f0b54,clean,1,204.4705047607422
1,sid_tampered,tampered,unknown,train,5a4184526d1f0b54,jpeg50,1,204.40390014648438
1,sid_tampered,tampered,unknown,train,5a4184526d1f0b54,noise002,1,205.03208923339844
1,sid_tampered,tampered,unknown,train,5a4184526d1f0b54,noise005,1,206.8738555908203
1,sid_tampered,tampered,unknown,train,de6f0003fddf976e,clean,1,85.24776458740234
1,sid_tampered,tampered,unknown,train,de6f0003fddf976e,jpeg70,1,85.67327880859375
1,sid_tampered,tampered,unknown,train,de6f0003fddf976e,jpeg50,1,86.02497100830078
1,sid_tampered,tampered,unknown,train,6408b8f388ebf0a3,clean,1,143.8225555419922
1,sid_tampered,tampered,unknown,train,6408b8f388ebf0a3,jpeg70,1,144.27479553222656
1,sid_tampered,tampered,unknown,train,6408b8f388ebf0a3,jpeg30,1,147.00384521484375
1,sid_tampered,tampered,unknown,train,6408b8f388ebf0a3,blur10,1,143.79473876953125
1,sid_tampered,tampered,unknown,train,90d2d3908a30abca,clean,1,122.6948013305664
1,sid_tampered,tampered,unknown,train,90d2d3908a30abca,jpeg70,1,123.43463134765625
1,sid_tampered,tampered,unknown,train,90d2d3908a30abca,blur10,1,122.522216796875
1,sid_tampered,tampered,unknown,train,90d2d3908a30abca,crop08,1,148.00587463378906
1,sid_tampered,tampered,unknown,train,9086faf110ff4f7f,clean,1,87.05077362060547
1,sid_tampered,tampered,unknown,train,9086faf110ff4f7f,blur10,1,88.27169799804688
1,sid_tampered,tampered,unknown,train,9086faf110ff4f7f,crop08,1,106.00245666503906
1,sid_tampered,tampered,unknown,train,42314857fb612714,clean,1,121.9923324584961
1,sid_tampered,tampered,unknown,train,42314857fb612714,jpeg90,1,122.28314971923828
1,sid_tampered,tampered,unknown,train,42314857fb612714,blur20,1,123.64555358886719
1,sid_tampered,tampered,unknown,train,42314857fb612714,crop08,1,150.68658447265625
1,sid_tampered,tampered,unknown,train,18b87419e24ed512,clean,1,182.64280700683594
1,sid_tampered,tampered,unknown,train,18b87419e24ed512,blur05,1,182.76016235351562
1,sid_tampered,tampered,unknown,train,18b87419e24ed512,blur20,1,178.17257690429688
1,sid_tampered,tampered,unknown,train,18b87419e24ed512,noise01,1,193.44093322753906
1,sid_tampered,tampered,unknown,train,652ccd0eb7798a1e,clean,1,75.39801788330078
1,sid_tampered,tampered,unknown,train,652ccd0eb7798a1e,jpeg50,1,76.24063873291016
1,sid_tampered,tampered,unknown,train,652ccd0eb7798a1e,blur20,1,73.68612670898438
1,sid_tampered,tampered,unknown,train,652ccd0eb7798a1e,crop08,1,95.95206451416016
1,sid_tampered,tampered,unknown,train,37fe1edc303c516e,clean,1,83.14872741699219
1,sid_tampered,tampered,unknown,train,37fe1edc303c516e,jpeg90,1,83.04794311523438
1,sid_tampered,tampered,unknown,train,37fe1edc303c516e,jpeg70,1,83.17877960205078
1,sid_tampered,tampered,unknown,train,37fe1edc303c516e,blur05,1,83.1008071899414
1,sid_tampered,tampered,unknown,train,f804f78f122dbab3,clean,1,66.96757507324219
1,sid_tampered,tampered,unknown,train,f804f78f122dbab3,jpeg50,1,67.27391815185547
1,sid_tampered,tampered,unknown,train,f804f78f122dbab3,resize05,1,66.32255554199219
1,sid_tampered,tampered,unknown,train,28a795ea185433cc,clean,1,71.71927642822266
1,sid_tampered,tampered,unknown,train,28a795ea185433cc,noise005,1,71.23797607421875
1,sid_tampered,tampered,unknown,train,28a795ea185433cc,noise01,1,68.14177703857422
1,sid_tampered,tampered,unknown,train,ae4ef74d6fac4a8d,clean,1,135.25311279296875
1,sid_tampered,tampered,unknown,train,ae4ef74d6fac4a8d,jpeg90,1,135.08575439453125
1,sid_tampered,tampered,unknown,train,ae4ef74d6fac4a8d,resize05,1,135.56170654296875
1,sid_tampered,tampered,unknown,train,ae4ef74d6fac4a8d,resize025,1,135.84194946289062
1,sid_tampered,tampered,unknown,train,98136d9a1aeebbd7,clean,1,118.4916763305664
1,sid_tampered,tampered,unknown,train,98136d9a1aeebbd7,jpeg30,1,118.73442840576172
1,sid_tampered,tampered,unknown,train,98136d9a1aeebbd7,blur10,1,116.6916732788086
1,sid_tampered,tampered,unknown,train,98136d9a1aeebbd7,blur20,1,117.3897476196289
1,sid_tampered,tampered,unknown,train,23c15088c022cf59,clean,1,114.80944061279297
1,sid_tampered,tampered,unknown,train,23c15088c022cf59,blur05,1,114.73670959472656
1,sid_tampered,tampered,unknown,train,23c15088c022cf59,blur10,1,114.8479232788086
1,sid_tampered,tampered,unknown,train,23c15088c022cf59,blur20,1,115.72370147705078
1,sid_tampered,tampered,unknown,train,41f3355d2e572a74,clean,1,399.228759765625
1,sid_tampered,tampered,unknown,train,41f3355d2e572a74,jpeg70,1,398.3997802734375
1,sid_tampered,tampered,unknown,train,41f3355d2e572a74,blur20,1,400.5224914550781
1,sid_tampered,tampered,unknown,train,41f3355d2e572a74,crop08,1,495.4820556640625
1,sid_tampered,tampered,unknown,train,463bd658e5ee19e5,clean,1,249.5986785888672
1,sid_tampered,tampered,unknown,train,463bd658e5ee19e5,blur05,1,249.5558319091797
1,sid_tampered,tampered,unknown,train,463bd658e5ee19e5,blur10,1,250.07958984375
1,sid_tampered,tampered,unknown,train,463bd658e5ee19e5,noise002,1,251.7185516357422
1,sid_tampered,tampered,unknown,train,d9428dd68520d5d8,clean,1,78.01795959472656
1,sid_tampered,tampered,unknown,train,d9428dd68520d5d8,jpeg30,1,76.872314453125
1,sid_tampered,tampered,unknown,train,d9428dd68520d5d8,resize05,1,77.41265106201172
1,sid_tampered,tampered,unknown,train,d9428dd68520d5d8,crop08,1,104.56417846679688
1,sid_tampered,tampered,unknown,train,7586eea75967674c,clean,1,82.771240234375
1,sid_tampered,tampered,unknown,train,7586eea75967674c,blur05,1,82.04563903808594
1,sid_tampered,tampered,unknown,train,7586eea75967674c,jitter02,1,86.45203399658203
1,sid_tampered,tampered,unknown,train,7586eea75967674c,crop08,1,104.66619110107422
1,sid_tampered,tampered,unknown,train,7c2c09103c3df573,clean,1,72.5950927734375
1,sid_tampered,tampered,unknown,train,7c2c09103c3df573,jpeg50,1,73.07009887695312
1,sid_tampered,tampered,unknown,train,7c2c09103c3df573,jpeg30,1,74.39836120605469
1,sid_tampered,tampered,unknown,train,7c2c09103c3df573,noise005,1,73.06114959716797
1,sid_tampered,tampered,unknown,train,6064d1361746cc90,clean,1,122.5563735961914
1,sid_tampered,tampered,unknown,train,6064d1361746cc90,jpeg70,1,121.89472961425781
1,sid_tampered,tampered,unknown,train,6064d1361746cc90,jpeg50,1,124.00265502929688
1,sid_tampered,tampered,unknown,train,6064d1361746cc90,resize05,1,122.9397201538086
1,sid_tampered,tampered,unknown,train,b311787d8abeb6bd,blur10,1,157.28709411621094
1,sid_tampered,tampered,unknown,train,60e163c4b2435740,clean,1,97.24883270263672
1,sid_tampered,tampered,unknown,train,60e163c4b2435740,jpeg90,1,97.3488998413086
1,sid_tampered,tampered,unknown,train,60e163c4b2435740,resize025,1,100.28157043457031
1,sid_tampered,tampered,unknown,train,60e163c4b2435740,noise01,1,97.30748748779297
1,sid_tampered,tampered,unknown,train,5329088844cf53df,clean,1,119.34900665283203
1,sid_tampered,tampered,unknown,train,5329088844cf53df,jpeg50,1,121.05207061767578
1,sid_tampered,tampered,unknown,train,5329088844cf53df,resize025,1,117.74705505371094
1,sid_tampered,tampered,unknown,train,5329088844cf53df,noise01,1,124.66509246826172
1,sid_tampered,tampered,unknown,train,571008434ca8f273,clean,1,227.2549591064453
1,sid_tampered,tampered,unknown,train,571008434ca8f273,jpeg30,1,229.2138214111328
1,sid_tampered,tampered,unknown,train,571008434ca8f273,noise01,1,236.58572387695312
1,sid_tampered,tampered,unknown,train,47f34c0290e76976,clean,1,94.15035247802734
1,sid_tampered,tampered,unknown,train,47f34c0290e76976,blur05,1,94.31693267822266
1,sid_tampered,tampered,unknown,train,47f34c0290e76976,noise002,1,93.2040023803711
1,sid_tampered,tampered,unknown,train,47f34c0290e76976,noise01,1,94.07222747802734
1,sid_tampered,tampered,unknown,train,1c43cc7c02a67cef,clean,1,74.48011016845703
1,sid_tampered,tampered,unknown,train,1c43cc7c02a67cef,resize05,1,74.35504913330078
1,sid_tampered,tampered,unknown,train,1c43cc7c02a67cef,crop08,1,94.09849548339844
1,sid_tampered,tampered,unknown,train,b1f3e9845d9d77d6,clean,1,86.02787780761719
1,sid_tampered,tampered,unknown,train,b1f3e9845d9d77d6,noise002,1,86.09637451171875
1,sid_tampered,tampered,unknown,train,b1f3e9845d9d77d6,jitter02,1,86.33045959472656
1,sid_tampered,tampered,unknown,train,b1f3e9845d9d77d6,crop08,1,109.45536041259766
1,sid_tampered,tampered,unknown,train,d9079c1026ae5f2f,clean,1,123.4969482421875
1,sid_tampered,tampered,unknown,train,d9079c1026ae5f2f,blur10,1,123.53776550292969
1,sid_tampered,tampered,unknown,train,d9079c1026ae5f2f,resize05,1,123.37940979003906
1,sid_tampered,tampered,unknown,train,d9079c1026ae5f2f,resize025,1,124.52853393554688
1,sid_tampered,tampered,unknown,train,923535824ae99a8a,clean,1,116.74105072021484
1,sid_tampered,tampered,unknown,train,923535824ae99a8a,jpeg50,1,117.38575744628906
1,sid_tampered,tampered,unknown,train,923535824ae99a8a,jpeg30,1,116.99153900146484
1,sid_tampered,tampered,unknown,train,923535824ae99a8a,noise01,1,115.73741149902344
1,sid_tampered,tampered,unknown,train,a888f96c8fb93615,clean,1,199.41954040527344
1,sid_tampered,tampered,unknown,train,a888f96c8fb93615,blur05,1,198.93887329101562
1,sid_tampered,tampered,unknown,train,a888f96c8fb93615,resize05,1,199.02194213867188
1,sid_tampered,tampered,unknown,train,a888f96c8fb93615,noise002,1,199.94593811035156
1,sid_tampered,tampered,unknown,train,82f18335110860c9,clean,1,208.3073272705078
1,sid_tampered,tampered,unknown,train,82f18335110860c9,jpeg90,1,207.69435119628906
1,sid_tampered,tampered,unknown,train,82f18335110860c9,blur05,1,208.25994873046875
1,sid_tampered,tampered,unknown,train,82f18335110860c9,blur10,1,208.41873168945312
1,sid_tampered,tampered,unknown,train,73616ad821109e19,clean,1,195.755126953125
1,sid_tampered,tampered,unknown,train,73616ad821109e19,noise002,1,196.2318572998047
1,sid_tampered,tampered,unknown,train,73616ad821109e19,jitter02,1,98.7247543334961
1,sid_tampered,tampered,unknown,train,73616ad821109e19,crop08,1,249.0333709716797
1,sid_tampered,tampered,unknown,train,34f2d252b9893f98,clean,1,96.95462036132812
1,sid_tampered,tampered,unknown,train,34f2d252b9893f98,jpeg90,1,96.95878601074219
1,sid_tampered,tampered,unknown,train,34f2d252b9893f98,blur05,1,94.38131713867188
1,sid_tampered,tampered,unknown,train,34f2d252b9893f98,resize025,1,95.81129455566406
1,sid_tampered,tampered,unknown,train,6ecce492ab03ba48,clean,1,140.92491149902344
1,sid_tampered,tampered,unknown,train,6ecce492ab03ba48,jpeg50,1,142.1856689453125
1,sid_tampered,tampered,unknown,train,6ecce492ab03ba48,blur05,1,140.92312622070312
1,sid_tampered,tampered,unknown,train,9e161cfd5f9c5599,clean,1,324.4868469238281
1,sid_tampered,tampered,unknown,train,9e161cfd5f9c5599,blur10,1,324.61248779296875
1,sid_tampered,tampered,unknown,train,9e161cfd5f9c5599,resize05,1,323.3017883300781
1,sid_tampered,tampered,unknown,train,9e161cfd5f9c5599,jitter02,1,323.3055114746094
1,sid_tampered,tampered,unknown,train,021e21b6c7e1a2ed,clean,1,83.50253295898438
1,sid_tampered,tampered,unknown,train,021e21b6c7e1a2ed,jpeg90,1,83.52334594726562
1,sid_tampered,tampered,unknown,train,d0ba5fb01bb41a0f,clean,1,132.76400756835938
1,sid_tampered,tampered,unknown,train,d0ba5fb01bb41a0f,blur10,1,132.48831176757812
1,sid_tampered,tampered,unknown,train,d0ba5fb01bb41a0f,blur20,1,132.13685607910156
1,sid_tampered,tampered,unknown,train,d0ba5fb01bb41a0f,resize025,1,132.41343688964844
1,sid_tampered,tampered,unknown,train,5b46e06d9ef3a95b,clean,1,100.22908020019531
1,sid_tampered,tampered,unknown,train,5b46e06d9ef3a95b,blur05,1,100.54210662841797
1,sid_tampered,tampered,unknown,train,5b46e06d9ef3a95b,blur10,1,101.03169250488281
1,sid_tampered,tampered,unknown,train,5b46e06d9ef3a95b,noise005,1,100.69446563720703
1,sid_tampered,tampered,unknown,train,db51e7eee85f9da8,clean,1,92.51131439208984
1,sid_tampered,tampered,unknown,train,db51e7eee85f9da8,jpeg50,1,92.8050308227539
1,sid_tampered,tampered,unknown,train,db51e7eee85f9da8,noise01,1,97.5885009765625
1,sid_tampered,tampered,unknown,train,db51e7eee85f9da8,crop08,1,117.14647674560547
1,sid_tampered,tampered,unknown,train,afc2cd487b5ecf82,clean,1,244.9009246826172
1,sid_tampered,tampered,unknown,train,afc2cd487b5ecf82,jpeg70,1,245.30384826660156
1,sid_tampered,tampered,unknown,train,afc2cd487b5ecf82,blur05,1,245.1664276123047
1,sid_tampered,tampered,unknown,train,afc2cd487b5ecf82,resize025,1,244.13192749023438
1,sid_tampered,tampered,unknown,train,cd89cabcf4bd4546,clean,1,68.8644790649414
1,sid_tampered,tampered,unknown,train,cd89cabcf4bd4546,jpeg90,1,68.87322235107422
1,sid_tampered,tampered,unknown,train,cd89cabcf4bd4546,jpeg30,1,68.392578125
1,sid_tampered,tampered,unknown,train,cd89cabcf4bd4546,resize05,1,69.18234252929688
1,sid_tampered,tampered,unknown,train,f51fd5e5a5d8ffca,clean,1,134.2167205810547
1,sid_tampered,tampered,unknown,train,f51fd5e5a5d8ffca,blur05,1,133.9668426513672
1,sid_tampered,tampered,unknown,train,f51fd5e5a5d8ffca,noise01,1,142.20889282226562
1,sid_tampered,tampered,unknown,train,f51fd5e5a5d8ffca,crop08,1,179.6382598876953
1,sid_tampered,tampered,unknown,train,39be4bd9d1ea0a64,clean,1,104.19811248779297
1,sid_tampered,tampered,unknown,train,39be4bd9d1ea0a64,jpeg90,1,103.89810943603516
1,sid_tampered,tampered,unknown,train,39be4bd9d1ea0a64,blur10,1,105.2987289428711
1,sid_tampered,tampered,unknown,train,39be4bd9d1ea0a64,resize025,1,106.55350494384766
1,sid_tampered,tampered,unknown,train,1ea7e0ddb23d12d5,clean,1,94.06034851074219
1,sid_tampered,tampered,unknown,train,1ea7e0ddb23d12d5,jpeg90,1,93.84397888183594
1,sid_tampered,tampered,unknown,train,1ea7e0ddb23d12d5,jpeg70,1,94.54765319824219
1,sid_tampered,tampered,unknown,train,1ea7e0ddb23d12d5,noise01,1,98.62576293945312
1,sid_tampered,tampered,unknown,train,2eea4e2bc0fb32a7,clean,1,78.68181610107422
1,sid_tampered,tampered,unknown,train,2eea4e2bc0fb32a7,jpeg90,1,78.76168060302734
1,sid_tampered,tampered,unknown,train,2eea4e2bc0fb32a7,jpeg50,1,77.67761993408203
1,sid_tampered,tampered,unknown,train,2eea4e2bc0fb32a7,jpeg30,1,78.74946594238281
1,sid_tampered,tampered,unknown,train,cd21e0ed738ea790,clean,1,276.54876708984375
1,sid_tampered,tampered,unknown,train,cd21e0ed738ea790,jpeg90,1,275.81365966796875
1,sid_tampered,tampered,unknown,train,cd21e0ed738ea790,blur05,1,276.4728698730469
1,sid_tampered,tampered,unknown,train,cd21e0ed738ea790,noise005,1,285.89459228515625
1,sid_tampered,tampered,unknown,train,31e63a333a32d390,clean,1,336.02587890625
1,sid_tampered,tampered,unknown,train,31e63a333a32d390,jpeg30,1,343.7366943359375
1,sid_tampered,tampered,unknown,train,31e63a333a32d390,blur10,1,339.8281555175781
1,sid_tampered,tampered,unknown,train,31e63a333a32d390,noise005,1,338.4479064941406
1,sid_tampered,tampered,unknown,train,fcf720f41b9d4083,clean,1,179.8505096435547
1,sid_tampered,tampered,unknown,train,fcf720f41b9d4083,jpeg90,1,179.69625854492188
1,sid_tampered,tampered,unknown,train,fcf720f41b9d4083,jpeg70,1,179.40037536621094
1,sid_tampered,tampered,unknown,train,7df32287d958dac9,crop08,1,241.03204345703125
1,sid_tampered,tampered,unknown,train,e9ef08ae0b0bdcd6,clean,1,64.64448547363281
1,sid_tampered,tampered,unknown,train,e9ef08ae0b0bdcd6,jpeg30,1,64.08580017089844
1,sid_tampered,tampered,unknown,train,e9ef08ae0b0bdcd6,blur05,1,64.65711212158203
1,sid_tampered,tampered,unknown,train,6f69a2cde1f41bca,crop08,1,133.16766357421875
1,sid_tampered,tampered,unknown,train,d5089b9500ed89a6,clean,1,161.21054077148438
1,sid_tampered,tampered,unknown,train,d5089b9500ed89a6,jpeg90,1,161.2030487060547
1,sid_tampered,tampered,unknown,train,d5089b9500ed89a6,blur10,1,161.1360321044922
1,sid_tampered,tampered,unknown,train,d5089b9500ed89a6,resize05,1,161.09254455566406
1,sid_tampered,tampered,unknown,train,7aa2600c1838e151,clean,1,86.61289978027344
1,sid_tampered,tampered,unknown,train,7aa2600c1838e151,jpeg90,1,86.6538314819336
1,sid_tampered,tampered,unknown,train,7aa2600c1838e151,blur05,1,86.50138092041016
1,sid_tampered,tampered,unknown,train,7aa2600c1838e151,noise01,1,85.13085174560547
1,sid_tampered,tampered,unknown,train,6689ef2495ad2f88,clean,1,74.88289642333984
1,sid_tampered,tampered,unknown,train,6689ef2495ad2f88,jpeg30,1,74.24747467041016
1,sid_tampered,tampered,unknown,train,6689ef2495ad2f88,blur05,1,74.74754333496094
1,sid_tampered,tampered,unknown,train,6689ef2495ad2f88,jitter02,1,74.50347137451172
1,sid_tampered,tampered,unknown,train,01663dd7843b0784,clean,1,159.47543334960938
1,sid_tampered,tampered,unknown,train,01663dd7843b0784,blur05,1,159.21678161621094
1,sid_tampered,tampered,unknown,train,01663dd7843b0784,blur20,1,159.06683349609375
1,sid_tampered,tampered,unknown,train,01663dd7843b0784,resize05,1,159.19496154785156
1,sid_tampered,tampered,unknown,train,feb58da13a85119a,clean,1,122.53700256347656
1,sid_tampered,tampered,unknown,train,feb58da13a85119a,jpeg90,1,122.63443756103516
1,sid_tampered,tampered,unknown,train,feb58da13a85119a,resize05,1,124.251953125
1,sid_tampered,tampered,unknown,train,feb58da13a85119a,noise005,1,127.9240951538086
1,sid_tampered,tampered,unknown,train,929d1e3020594343,clean,1,76.34030151367188
1,sid_tampered,tampered,unknown,train,929d1e3020594343,jpeg70,1,76.45279693603516
1,sid_tampered,tampered,unknown,train,929d1e3020594343,noise005,1,77.15726470947266
1,sid_tampered,tampered,unknown,train,18ad61c938629227,jitter02,1,101.42144775390625
1,sid_tampered,tampered,unknown,train,5ee51bd0d408acaf,clean,1,143.89784240722656
1,sid_tampered,tampered,unknown,train,5ee51bd0d408acaf,jpeg90,1,143.96766662597656
1,sid_tampered,tampered,unknown,train,5ee51bd0d408acaf,resize05,1,143.20187377929688
1,sid_tampered,tampered,unknown,train,5ee51bd0d408acaf,resize025,1,141.7007598876953
1,sid_tampered,tampered,unknown,train,e130b8567c2c38bf,clean,1,144.70481872558594
1,sid_tampered,tampered,unknown,train,e130b8567c2c38bf,resize025,1,144.2417755126953
1,sid_tampered,tampered,unknown,train,e130b8567c2c38bf,jitter02,1,145.441162109375
1,sid_tampered,tampered,unknown,train,e130b8567c2c38bf,crop08,1,129.3231964111328
1,sid_tampered,tampered,unknown,train,d807a44354557333,clean,1,103.59204864501953
1,sid_tampered,tampered,unknown,train,d807a44354557333,jpeg50,1,103.66185760498047
1,sid_tampered,tampered,unknown,train,d807a44354557333,resize025,1,105.13538360595703
1,sid_tampered,tampered,unknown,train,d807a44354557333,crop08,1,125.15624237060547
1,sid_tampered,tampered,unknown,train,ab89c7acfb81baa9,clean,1,83.00175476074219
1,sid_tampered,tampered,unknown,train,ab89c7acfb81baa9,blur05,1,82.7855224609375
1,sid_tampered,tampered,unknown,train,ab89c7acfb81baa9,resize05,1,83.20667266845703
1,sid_tampered,tampered,unknown,train,ab89c7acfb81baa9,noise01,1,87.9111328125
1,sid_tampered,tampered,unknown,train,b6a4e57d16cc391c,clean,1,119.6279067993164
1,sid_tampered,tampered,unknown,train,b6a4e57d16cc391c,jpeg90,1,119.1292495727539
1,sid_tampered,tampered,unknown,train,b6a4e57d16cc391c,blur05,1,119.73174285888672
1,sid_tampered,tampered,unknown,train,b6a4e57d16cc391c,resize025,1,120.10218811035156
1,sid_tampered,tampered,unknown,train,0592156cf6dd3d81,clean,1,160.0773468017578
1,sid_tampered,tampered,unknown,train,0592156cf6dd3d81,noise002,1,160.53916931152344
1,sid_tampered,tampered,unknown,train,0592156cf6dd3d81,noise005,1,151.92401123046875
1,sid_tampered,tampered,unknown,train,0592156cf6dd3d81,crop08,1,201.43252563476562
1,sid_tampered,tampered,unknown,train,1d42202671875c09,clean,1,87.72911071777344
1,sid_tampered,tampered,unknown,train,1d42202671875c09,jpeg70,1,87.79419708251953
1,sid_tampered,tampered,unknown,train,1d42202671875c09,jpeg30,1,87.17867279052734
1,sid_tampered,tampered,unknown,train,1d42202671875c09,jitter02,1,95.55014038085938
1,sid_tampered,tampered,unknown,train,77a10b4e1d2ea7a2,clean,1,82.61341857910156
1,sid_tampered,tampered,unknown,train,77a10b4e1d2ea7a2,jpeg70,1,82.76470947265625
1,sid_tampered,tampered,unknown,train,77a10b4e1d2ea7a2,blur20,1,81.25941467285156
1,sid_tampered,tampered,unknown,train,77a10b4e1d2ea7a2,crop08,1,104.09991455078125
1,sid_tampered,tampered,unknown,train,751b250e4bcf91f9,clean,1,214.47427368164062
1,sid_tampered,tampered,unknown,train,751b250e4bcf91f9,resize05,1,213.85760498046875
1,sid_tampered,tampered,unknown,train,751b250e4bcf91f9,noise005,1,218.0897216796875
1,sid_tampered,tampered,unknown,train,b21dff578e8fb4fc,clean,1,96.41783905029297
1,sid_tampered,tampered,unknown,train,b21dff578e8fb4fc,jpeg90,1,96.33828735351562
1,sid_tampered,tampered,unknown,train,b21dff578e8fb4fc,jpeg70,1,96.67342376708984
1,sid_tampered,tampered,unknown,train,b21dff578e8fb4fc,resize05,1,96.4849624633789
1,sid_tampered,tampered,unknown,train,c7e6236d6bdfdc9c,clean,1,84.33098602294922
1,sid_tampered,tampered,unknown,train,c7e6236d6bdfdc9c,blur05,1,84.09666442871094
1,sid_tampered,tampered,unknown,train,c7e6236d6bdfdc9c,resize025,1,81.34324645996094
1,sid_tampered,tampered,unknown,train,c7e6236d6bdfdc9c,noise005,1,86.08382415771484
1,sid_tampered,tampered,unknown,train,c10420dba5b5d36f,clean,1,96.18063354492188
1,sid_tampered,tampered,unknown,train,c10420dba5b5d36f,jpeg50,1,94.54690551757812
1,sid_tampered,tampered,unknown,train,c10420dba5b5d36f,resize05,1,96.23719024658203
1,sid_tampered,tampered,unknown,train,c10420dba5b5d36f,crop08,1,74.28526306152344
1,sid_tampered,tampered,unknown,train,00a0cd9cb87774de,clean,1,226.7369842529297
1,sid_tampered,tampered,unknown,train,00a0cd9cb87774de,jpeg70,1,226.7284393310547
1,sid_tampered,tampered,unknown,train,00a0cd9cb87774de,blur20,1,223.7582244873047
1,sid_tampered,tampered,unknown,train,00a0cd9cb87774de,jitter02,1,225.1234588623047
1,sid_tampered,tampered,unknown,train,c3b0b5771c46c39c,clean,1,78.720947265625
1,sid_tampered,tampered,unknown,train,c3b0b5771c46c39c,jpeg50,1,77.54058074951172
1,sid_tampered,tampered,unknown,train,c3b0b5771c46c39c,resize05,1,78.93999481201172
1,sid_tampered,tampered,unknown,train,c3b0b5771c46c39c,crop08,1,101.49602508544922
1,sid_tampered,tampered,unknown,train,d8a05ded327d8c82,clean,1,117.40794372558594
1,sid_tampered,tampered,unknown,train,d8a05ded327d8c82,blur05,1,117.2015380859375
1,sid_tampered,tampered,unknown,train,d8a05ded327d8c82,resize05,1,117.18038940429688
1,sid_tampered,tampered,unknown,train,d8a05ded327d8c82,noise01,1,115.7760238647461
1,sid_tampered,tampered,unknown,train,798621d1942a11fb,clean,1,145.96463012695312
1,sid_tampered,tampered,unknown,train,798621d1942a11fb,blur05,1,146.12232971191406
1,sid_tampered,tampered,unknown,train,798621d1942a11fb,noise002,1,146.83798217773438
1,sid_tampered,tampered,unknown,train,798621d1942a11fb,noise005,1,144.99891662597656
1,sid_tampered,tampered,unknown,train,686727486bac7f60,clean,1,111.06333923339844
1,sid_tampered,tampered,unknown,train,686727486bac7f60,jpeg70,1,111.50084686279297
1,sid_tampered,tampered,unknown,train,686727486bac7f60,blur20,1,114.00331115722656
1,sid_tampered,tampered,unknown,train,686727486bac7f60,crop08,1,147.61276245117188
1,sid_tampered,tampered,unknown,train,49e212aacb68edc7,clean,1,123.06388092041016
1,sid_tampered,tampered,unknown,train,49e212aacb68edc7,jpeg50,1,122.34999084472656
1,sid_tampered,tampered,unknown,train,49e212aacb68edc7,jpeg30,1,125.42616271972656
1,sid_tampered,tampered,unknown,train,49e212aacb68edc7,noise002,1,123.31758880615234
1,sid_tampered,tampered,unknown,train,cacd01f549c1bdf6,clean,1,98.36392211914062
1,sid_tampered,tampered,unknown,train,cacd01f549c1bdf6,jpeg70,1,97.96207427978516
1,sid_tampered,tampered,unknown,train,cacd01f549c1bdf6,blur05,1,98.319580078125
1,sid_tampered,tampered,unknown,train,cacd01f549c1bdf6,crop08,1,82.99443817138672
1,sid_tampered,tampered,unknown,train,79fd59ca32fc580a,clean,1,67.42037200927734
1,sid_tampered,tampered,unknown,train,79fd59ca32fc580a,jpeg30,1,65.03514099121094
1,sid_tampered,tampered,unknown,train,79fd59ca32fc580a,blur20,1,65.08055114746094
1,sid_tampered,tampered,unknown,train,79fd59ca32fc580a,noise002,1,67.7087173461914
1,sid_tampered,tampered,unknown,train,005d17e6db3f07b4,clean,1,125.66870880126953
1,sid_tampered,tampered,unknown,train,005d17e6db3f07b4,jpeg90,1,125.85137176513672
1,sid_tampered,tampered,unknown,train,005d17e6db3f07b4,jpeg50,1,127.53618621826172
1,sid_tampered,tampered,unknown,train,005d17e6db3f07b4,blur10,1,125.2199935913086
1,sid_tampered,tampered,unknown,train,60e9b88a7fc1c4d6,clean,1,85.84100341796875
1,sid_tampered,tampered,unknown,train,60e9b88a7fc1c4d6,blur05,1,85.72596740722656
1,sid_tampered,tampered,unknown,train,60e9b88a7fc1c4d6,noise005,1,86.21583557128906
1,sid_tampered,tampered,unknown,train,60e9b88a7fc1c4d6,jitter02,1,85.22269439697266
1,sid_tampered,tampered,unknown,train,14e89823945f7777,clean,1,372.0626525878906
1,sid_tampered,tampered,unknown,train,14e89823945f7777,jpeg90,1,370.6155700683594
1,sid_tampered,tampered,unknown,train,14e89823945f7777,noise005,1,378.39886474609375
1,sid_tampered,tampered,unknown,train,14e89823945f7777,jitter02,1,365.3782958984375
1,sid_tampered,tampered,unknown,train,e966dbb6700001a0,clean,1,71.49893951416016
1,sid_tampered,tampered,unknown,train,693c2bdf65dce421,clean,1,104.26543426513672
1,sid_tampered,tampered,unknown,train,693c2bdf65dce421,jpeg70,1,104.32343292236328
1,sid_tampered,tampered,unknown,train,693c2bdf65dce421,jpeg50,1,104.55421447753906
1,sid_tampered,tampered,unknown,train,693c2bdf65dce421,resize05,1,104.289306640625
1,sid_tampered,tampered,unknown,train,3dcd50e64f3a7d5e,clean,1,95.56547546386719
1,sid_tampered,tampered,unknown,train,3dcd50e64f3a7d5e,jpeg30,1,95.2339096069336
1,sid_tampered,tampered,unknown,train,3dcd50e64f3a7d5e,blur05,1,95.39501190185547
1,sid_tampered,tampered,unknown,train,3dcd50e64f3a7d5e,noise005,1,94.52741241455078
1,sid_tampered,tampered,unknown,train,2716fca1e1fa83f1,clean,1,83.18262481689453
1,sid_tampered,tampered,unknown,train,2716fca1e1fa83f1,blur10,1,81.43792724609375
1,sid_tampered,tampered,unknown,train,2716fca1e1fa83f1,resize025,1,79.48033905029297
1,sid_tampered,tampered,unknown,train,2716fca1e1fa83f1,crop08,1,101.08753204345703
1,sid_tampered,tampered,unknown,train,0b501e24f67952f1,crop08,1,256.22613525390625
1,sid_tampered,tampered,unknown,train,4f03a36c997e8f27,clean,1,230.8292236328125
1,sid_tampered,tampered,unknown,train,4f03a36c997e8f27,jpeg30,1,238.3560028076172
1,sid_tampered,tampered,unknown,train,4f03a36c997e8f27,blur10,1,227.27728271484375
1,sid_tampered,tampered,unknown,train,4f03a36c997e8f27,noise005,1,233.54713439941406
1,sid_tampered,tampered,unknown,train,158fbc4dd83bada7,clean,1,137.05316162109375
1,sid_tampered,tampered,unknown,train,158fbc4dd83bada7,resize05,1,137.02142333984375
1,sid_tampered,tampered,unknown,train,158fbc4dd83bada7,noise002,1,136.66261291503906
1,sid_tampered,tampered,unknown,train,158fbc4dd83bada7,noise005,1,136.36349487304688
1,sid_tampered,tampered,unknown,train,9327c5dc11b779c5,clean,1,101.22290802001953
1,sid_tampered,tampered,unknown,train,9327c5dc11b779c5,jpeg30,1,101.01973724365234
1,sid_tampered,tampered,unknown,train,9327c5dc11b779c5,blur10,1,100.32866668701172
1,sid_tampered,tampered,unknown,train,9327c5dc11b779c5,noise002,1,101.51119232177734
1,sid_tampered,tampered,unknown,train,1fb7a7aeabfe4959,clean,1,81.83340454101562
1,sid_tampered,tampered,unknown,train,1fb7a7aeabfe4959,jpeg50,1,81.3106689453125
1,sid_tampered,tampered,unknown,train,1fb7a7aeabfe4959,noise002,1,81.9822769165039
1,sid_tampered,tampered,unknown,train,1fb7a7aeabfe4959,crop08,1,98.26488494873047
1,sid_tampered,tampered,unknown,train,26db959d8128b222,clean,1,79.44330596923828
1,sid_tampered,tampered,unknown,train,26db959d8128b222,jpeg70,1,79.55191040039062
1,sid_tampered,tampered,unknown,train,26db959d8128b222,blur05,1,79.62128448486328
1,sid_tampered,tampered,unknown,train,26db959d8128b222,resize05,1,79.6253433227539
1,sid_tampered,tampered,unknown,train,271d8d9d0a601f4f,clean,1,88.7586441040039
1,sid_tampered,tampered,unknown,train,271d8d9d0a601f4f,jpeg30,1,89.15699768066406
1,sid_tampered,tampered,unknown,train,271d8d9d0a601f4f,resize05,1,88.8036117553711
1,sid_tampered,tampered,unknown,train,271d8d9d0a601f4f,noise005,1,88.5094223022461
1,sid_tampered,tampered,unknown,train,88312615a12b756b,clean,1,221.9517364501953
1,sid_tampered,tampered,unknown,train,88312615a12b756b,blur05,1,222.12069702148438
1,sid_tampered,tampered,unknown,train,88312615a12b756b,noise005,1,221.26400756835938
1,sid_tampered,tampered,unknown,train,88312615a12b756b,noise01,1,224.70343017578125
1,sid_tampered,tampered,unknown,train,eaa18a3b2505feb9,clean,1,115.2493667602539
1,sid_tampered,tampered,unknown,train,eaa18a3b2505feb9,jpeg30,1,115.56565856933594
1,sid_tampered,tampered,unknown,train,eaa18a3b2505feb9,blur05,1,115.3401870727539
1,sid_tampered,tampered,unknown,train,eaa18a3b2505feb9,blur20,1,115.67818450927734
1,sid_tampered,tampered,unknown,train,72dff26a0ca9e47e,blur20,1,64.23023986816406
1,sid_tampered,tampered,unknown,train,ef99073b79007214,clean,1,147.38650512695312
1,sid_tampered,tampered,unknown,train,ef99073b79007214,jpeg30,1,147.17416381835938
1,sid_tampered,tampered,unknown,train,ef99073b79007214,noise005,1,151.65708923339844
1,sid_tampered,tampered,unknown,train,ef99073b79007214,jitter02,1,153.5150604248047
1,sid_tampered,tampered,unknown,train,92ce4b56f25eb206,clean,1,232.7201690673828
1,sid_tampered,tampered,unknown,train,92ce4b56f25eb206,jpeg50,1,234.83926391601562
1,sid_tampered,tampered,unknown,train,92ce4b56f25eb206,resize05,1,234.0721893310547
1,sid_tampered,tampered,unknown,train,92ce4b56f25eb206,jitter02,1,234.0249786376953
1,sid_tampered,tampered,unknown,train,892134b1f1dc6290,clean,1,264.16949462890625
1,sid_tampered,tampered,unknown,train,892134b1f1dc6290,jpeg50,1,264.7876892089844
1,sid_tampered,tampered,unknown,train,892134b1f1dc6290,blur05,1,264.37701416015625
1,sid_tampered,tampered,unknown,train,892134b1f1dc6290,resize05,1,266.14569091796875
1,sid_tampered,tampered,unknown,train,7f288433cd106361,blur10,1,88.45885467529297
1,sid_tampered,tampered,unknown,train,7f288433cd106361,resize025,1,87.89173889160156
1,sid_tampered,tampered,unknown,train,8c3f99947e04336d,clean,1,121.43276977539062
1,sid_tampered,tampered,unknown,train,8c3f99947e04336d,jpeg90,1,121.55338287353516
1,sid_tampered,tampered,unknown,train,8c3f99947e04336d,jpeg30,1,123.6849136352539
1,sid_tampered,tampered,unknown,train,8c3f99947e04336d,jitter02,1,120.96583557128906
1,sid_tampered,tampered,unknown,train,0cc8ffc68ebedddb,jitter02,1,154.40020751953125
1,sid_tampered,tampered,unknown,train,08b177bc7e1285f9,clean,1,72.07054901123047
1,sid_tampered,tampered,unknown,train,08b177bc7e1285f9,jpeg30,1,72.71395874023438
1,sid_tampered,tampered,unknown,train,08b177bc7e1285f9,blur20,1,74.32879638671875
1,sid_tampered,tampered,unknown,train,08b177bc7e1285f9,noise01,1,74.09862518310547
1,sid_tampered,tampered,unknown,train,27675ee9d2410867,clean,1,67.85736083984375
1,sid_tampered,tampered,unknown,train,27675ee9d2410867,jpeg90,1,67.71200561523438
1,sid_tampered,tampered,unknown,train,27675ee9d2410867,jpeg50,1,68.04530334472656
1,sid_tampered,tampered,unknown,train,27675ee9d2410867,resize025,1,67.41563415527344
1,sid_tampered,tampered,unknown,train,754d52d55686bafd,clean,1,118.76288604736328
1,sid_tampered,tampered,unknown,train,754d52d55686bafd,jpeg90,1,118.8800277709961
1,sid_tampered,tampered,unknown,train,754d52d55686bafd,blur05,1,118.73448944091797
1,sid_tampered,tampered,unknown,train,754d52d55686bafd,noise002,1,118.49441528320312
1,sid_tampered,tampered,unknown,train,67124e74dad6b126,clean,1,69.20852661132812
1,sid_tampered,tampered,unknown,train,67124e74dad6b126,jpeg50,1,69.27643585205078
1,sid_tampered,tampered,unknown,train,67124e74dad6b126,resize025,1,66.57738494873047
1,sid_tampered,tampered,unknown,train,67124e74dad6b126,noise01,1,68.39463806152344
1,sid_tampered,tampered,unknown,train,abebf714756911f4,clean,1,148.49832153320312
1,sid_tampered,tampered,unknown,train,abebf714756911f4,jpeg90,1,148.56336975097656
1,sid_tampered,tampered,unknown,train,abebf714756911f4,blur20,1,142.8177490234375
1,sid_tampered,tampered,unknown,train,ec773f868244efc0,clean,1,365.5269775390625
1,sid_tampered,tampered,unknown,train,ec773f868244efc0,blur05,1,365.4477233886719
1,sid_tampered,tampered,unknown,train,ec773f868244efc0,noise002,1,364.876708984375
1,sid_tampered,tampered,unknown,train,ec773f868244efc0,noise01,1,392.7978820800781
1,sid_tampered,tampered,unknown,train,64fbd8f5c817819e,clean,1,246.7742919921875
1,sid_tampered,tampered,unknown,train,64fbd8f5c817819e,jpeg50,1,245.77557373046875
1,sid_tampered,tampered,unknown,train,64fbd8f5c817819e,resize05,1,244.78753662109375
1,sid_tampered,tampered,unknown,train,160ae08781016861,resize025,1,142.9361114501953
1,sid_tampered,tampered,unknown,train,aa3d48019acf4888,clean,1,125.13162994384766
1,sid_tampered,tampered,unknown,train,aa3d48019acf4888,jpeg50,1,123.96428680419922
1,sid_tampered,tampered,unknown,train,aa3d48019acf4888,blur05,1,125.10042572021484
1,sid_tampered,tampered,unknown,train,8278d2eaa457eae9,clean,1,134.76223754882812
1,sid_tampered,tampered,unknown,train,8278d2eaa457eae9,resize025,1,135.028564453125
1,sid_tampered,tampered,unknown,train,8278d2eaa457eae9,noise005,1,140.99676513671875
1,sid_tampered,tampered,unknown,train,8278d2eaa457eae9,jitter02,1,134.7919921875
1,sid_tampered,tampered,unknown,train,8b575b809a0890cc,clean,1,71.40656280517578
1,sid_tampered,tampered,unknown,train,8b575b809a0890cc,jpeg70,1,72.20785522460938
1,sid_tampered,tampered,unknown,train,8b575b809a0890cc,resize025,1,68.49959564208984
1,sid_tampered,tampered,unknown,train,8b575b809a0890cc,noise005,1,71.80104064941406
1,sid_tampered,tampered,unknown,train,3ec6e738fdac1d1d,clean,1,271.6283264160156
1,sid_tampered,tampered,unknown,train,3ec6e738fdac1d1d,jpeg50,1,273.0151062011719
1,sid_tampered,tampered,unknown,train,3ec6e738fdac1d1d,blur20,1,279.01678466796875
1,sid_tampered,tampered,unknown,train,3ec6e738fdac1d1d,resize025,1,277.0010070800781
1,sid_tampered,tampered,unknown,train,932aee1c47c8ce07,clean,1,123.75069427490234
1,sid_tampered,tampered,unknown,train,932aee1c47c8ce07,jpeg70,1,124.36614990234375
1,sid_tampered,tampered,unknown,train,932aee1c47c8ce07,noise002,1,123.91841888427734
1,sid_tampered,tampered,unknown,train,8841205a5c6be474,clean,1,91.53728485107422
1,sid_tampered,tampered,unknown,train,8841205a5c6be474,jpeg90,1,91.47126007080078
1,sid_tampered,tampered,unknown,train,8841205a5c6be474,blur20,1,91.44866943359375
1,sid_tampered,tampered,unknown,train,8841205a5c6be474,resize025,1,92.0246810913086
1,sid_tampered,tampered,unknown,train,ea6db3dbe9cd4b58,clean,1,147.9121856689453
1,sid_tampered,tampered,unknown,train,ea6db3dbe9cd4b58,noise005,1,146.1432647705078
1,sid_tampered,tampered,unknown,train,ea6db3dbe9cd4b58,noise01,1,146.67332458496094
1,sid_tampered,tampered,unknown,train,ea6db3dbe9cd4b58,crop08,1,194.95094299316406
1,sid_tampered,tampered,unknown,train,d50ae810f72ca7ad,clean,1,258.1840515136719
1,sid_tampered,tampered,unknown,train,d50ae810f72ca7ad,jpeg70,1,257.2572326660156
1,sid_tampered,tampered,unknown,train,d50ae810f72ca7ad,jpeg30,1,253.4116973876953
1,sid_tampered,tampered,unknown,train,d50ae810f72ca7ad,blur20,1,253.05531311035156
1,sid_tampered,tampered,unknown,train,90e91924abb79ed9,clean,1,107.94749450683594
1,sid_tampered,tampered,unknown,train,90e91924abb79ed9,jpeg90,1,107.84527587890625
1,sid_tampered,tampered,unknown,train,90e91924abb79ed9,noise002,1,107.77490997314453
1,sid_tampered,tampered,unknown,train,90e91924abb79ed9,noise01,1,108.3021240234375
1,sid_tampered,tampered,unknown,train,1a22f3a6473eb4dc,clean,1,181.60464477539062
1,sid_tampered,tampered,unknown,train,1a22f3a6473eb4dc,jpeg70,1,181.6405487060547
1,sid_tampered,tampered,unknown,train,1a22f3a6473eb4dc,noise01,1,189.0832977294922
1,sid_tampered,tampered,unknown,train,1a22f3a6473eb4dc,crop08,1,230.27906799316406
1,sid_tampered,tampered,unknown,train,0923b207f4043430,clean,1,105.97262573242188
1,sid_tampered,tampered,unknown,train,0923b207f4043430,jpeg90,1,105.80302429199219
1,sid_tampered,tampered,unknown,train,0923b207f4043430,jpeg50,1,104.74567413330078
1,sid_tampered,tampered,unknown,train,0923b207f4043430,blur05,1,105.81397247314453
1,sid_tampered,tampered,unknown,train,90093f0f611d801d,clean,1,113.53031921386719
1,sid_tampered,tampered,unknown,train,90093f0f611d801d,blur20,1,111.10979461669922
1,sid_tampered,tampered,unknown,train,90093f0f611d801d,resize025,1,112.5888671875
1,sid_tampered,tampered,unknown,train,90093f0f611d801d,noise01,1,112.5029067993164
1,sid_tampered,tampered,unknown,train,4539d5cf9c18de87,clean,1,121.88499450683594
1,sid_tampered,tampered,unknown,train,4539d5cf9c18de87,blur05,1,121.74932861328125
1,sid_tampered,tampered,unknown,train,4539d5cf9c18de87,blur20,1,122.8221206665039
1,sid_tampered,tampered,unknown,train,4539d5cf9c18de87,noise01,1,121.33159637451172
1,sid_tampered,tampered,unknown,train,e288a2bca7dd6bd9,clean,1,233.68130493164062
1,sid_tampered,tampered,unknown,train,e288a2bca7dd6bd9,jpeg90,1,227.72064208984375
1,sid_tampered,tampered,unknown,train,e288a2bca7dd6bd9,blur20,1,232.4448699951172
1,sid_tampered,tampered,unknown,train,e288a2bca7dd6bd9,jitter02,1,234.4308319091797
1,sid_tampered,tampered,unknown,train,6b12980ddf40646b,clean,1,68.94864654541016
1,sid_tampered,tampered,unknown,train,6b12980ddf40646b,jpeg90,1,68.84008026123047
1,sid_tampered,tampered,unknown,train,6b12980ddf40646b,jpeg70,1,69.36016845703125
1,sid_tampered,tampered,unknown,train,c9e948688690c78a,clean,1,70.981689453125
1,sid_tampered,tampered,unknown,train,c9e948688690c78a,jpeg30,1,71.18555450439453
1,sid_tampered,tampered,unknown,train,c9e948688690c78a,resize05,1,71.42357635498047
1,sid_tampered,tampered,unknown,train,c9e948688690c78a,jitter02,1,70.6156997680664
1,sid_tampered,tampered,unknown,train,0e17b45556180acb,clean,1,165.51109313964844
1,sid_tampered,tampered,unknown,train,0e17b45556180acb,jpeg50,1,166.68240356445312
1,sid_tampered,tampered,unknown,train,0e17b45556180acb,resize05,1,164.1497802734375
1,sid_tampered,tampered,unknown,train,c51af63e849c8a46,clean,1,254.91590881347656
1,sid_tampered,tampered,unknown,train,c51af63e849c8a46,jpeg70,1,255.34848022460938
1,sid_tampered,tampered,unknown,train,c51af63e849c8a46,jitter02,1,254.70989990234375
1,sid_tampered,tampered,unknown,train,c51af63e849c8a46,crop08,1,309.4889221191406
1,sid_tampered,tampered,unknown,train,270a6e46a4bf2a96,clean,1,98.97660064697266
1,sid_tampered,tampered,unknown,train,270a6e46a4bf2a96,jpeg70,1,99.13069152832031
1,sid_tampered,tampered,unknown,train,270a6e46a4bf2a96,jpeg50,1,99.64974975585938
1,sid_tampered,tampered,unknown,train,270a6e46a4bf2a96,resize05,1,98.77384185791016
1,sid_tampered,tampered,unknown,train,c6444de56b006885,clean,1,76.50186920166016
1,sid_tampered,tampered,unknown,train,c6444de56b006885,jpeg90,1,76.34586334228516
1,sid_tampered,tampered,unknown,train,c6444de56b006885,jpeg50,1,76.56122589111328
1,sid_tampered,tampered,unknown,train,c6444de56b006885,resize05,1,76.82258605957031
1,sid_tampered,tampered,unknown,train,560a77b13403aab0,clean,1,159.6338348388672
1,sid_tampered,tampered,unknown,train,560a77b13403aab0,jpeg50,1,160.73670959472656
1,sid_tampered,tampered,unknown,train,560a77b13403aab0,resize05,1,159.71505737304688
1,sid_tampered,tampered,unknown,train,560a77b13403aab0,resize025,1,161.80767822265625
1,sid_tampered,tampered,unknown,train,4c62d6a8461e342f,clean,1,113.1241683959961
1,sid_tampered,tampered,unknown,train,4c62d6a8461e342f,jpeg30,1,113.75995635986328
1,sid_tampered,tampered,unknown,train,4c62d6a8461e342f,blur20,1,109.96812438964844
1,sid_tampered,tampered,unknown,train,4c62d6a8461e342f,resize025,1,111.07109832763672
1,sid_tampered,tampered,unknown,train,696364f5a8625330,clean,1,84.42586517333984
1,sid_tampered,tampered,unknown,train,696364f5a8625330,blur10,1,84.04640197753906
1,sid_tampered,tampered,unknown,train,696364f5a8625330,noise005,1,84.45547485351562
1,sid_tampered,tampered,unknown,train,696364f5a8625330,crop08,1,101.48412322998047
1,sid_tampered,tampered,unknown,train,4c4c534cadf4fd0b,clean,1,161.67828369140625
1,sid_tampered,tampered,unknown,train,4c4c534cadf4fd0b,jpeg90,1,161.38983154296875
1,sid_tampered,tampered,unknown,train,4c4c534cadf4fd0b,blur10,1,162.49856567382812
1,sid_tampered,tampered,unknown,train,4c4c534cadf4fd0b,resize025,1,165.1311798095703
1,sid_tampered,tampered,unknown,train,9482b0e13c93ddd0,clean,1,78.72235870361328
1,sid_tampered,tampered,unknown,train,9482b0e13c93ddd0,jpeg70,1,78.8624496459961
1,sid_tampered,tampered,unknown,train,9482b0e13c93ddd0,jpeg50,1,79.04472351074219
1,sid_tampered,tampered,unknown,train,9482b0e13c93ddd0,jpeg30,1,78.6118392944336
1,sid_tampered,tampered,unknown,train,bf3268d918751c6b,clean,1,65.25869750976562
1,sid_tampered,tampered,unknown,train,bf3268d918751c6b,jpeg90,1,65.41917419433594
1,sid_tampered,tampered,unknown,train,6b7afed3a1cfe47d,clean,1,179.22645568847656
1,sid_tampered,tampered,unknown,train,6b7afed3a1cfe47d,blur05,1,179.29786682128906
1,sid_tampered,tampered,unknown,train,6b7afed3a1cfe47d,resize025,1,179.71449279785156
1,sid_tampered,tampered,unknown,train,6b7afed3a1cfe47d,noise005,1,181.52825927734375
1,sid_tampered,tampered,unknown,train,5cba1886cf3e57ff,clean,1,132.19200134277344
1,sid_tampered,tampered,unknown,train,5cba1886cf3e57ff,jpeg50,1,132.37646484375
1,sid_tampered,tampered,unknown,train,5cba1886cf3e57ff,jpeg30,1,132.53627014160156
1,sid_tampered,tampered,unknown,train,5cba1886cf3e57ff,jitter02,1,130.1977996826172
1,sid_tampered,tampered,unknown,train,de03b8f529ebc213,clean,1,95.2068099975586
1,sid_tampered,tampered,unknown,train,de03b8f529ebc213,blur05,1,95.21804809570312
1,sid_tampered,tampered,unknown,train,de03b8f529ebc213,resize05,1,95.31837463378906
1,sid_tampered,tampered,unknown,train,de03b8f529ebc213,noise002,1,94.39237976074219
1,sid_tampered,tampered,unknown,train,c90ac668acc704cf,clean,1,240.01185607910156
1,sid_tampered,tampered,unknown,train,c90ac668acc704cf,jpeg30,1,239.71510314941406
1,sid_tampered,tampered,unknown,train,c90ac668acc704cf,blur10,1,236.53907775878906
1,sid_tampered,tampered,unknown,train,c90ac668acc704cf,resize025,1,234.51171875
1,sid_tampered,tampered,unknown,train,d2617a7fd141d72e,clean,1,166.87713623046875
1,sid_tampered,tampered,unknown,train,d2617a7fd141d72e,blur10,1,165.6788330078125
1,sid_tampered,tampered,unknown,train,d2617a7fd141d72e,noise005,1,167.05271911621094
1,sid_tampered,tampered,unknown,train,b62bfa779231ab75,clean,1,125.17522430419922
1,sid_tampered,tampered,unknown,train,b62bfa779231ab75,jpeg50,1,125.75569152832031
1,sid_tampered,tampered,unknown,train,b62bfa779231ab75,jpeg30,1,125.96489715576172
1,sid_tampered,tampered,unknown,train,b62bfa779231ab75,noise002,1,125.24337768554688
1,sid_tampered,tampered,unknown,train,f35925ec5d9ca6f9,clean,1,175.00936889648438
1,sid_tampered,tampered,unknown,train,f35925ec5d9ca6f9,jpeg30,1,173.337158203125
1,sid_tampered,tampered,unknown,train,f35925ec5d9ca6f9,blur05,1,175.0709991455078
1,sid_tampered,tampered,unknown,train,f35925ec5d9ca6f9,noise01,1,183.55824279785156
1,sid_tampered,tampered,unknown,train,b794e44fac2caeea,clean,1,208.7366180419922
1,sid_tampered,tampered,unknown,train,b794e44fac2caeea,jpeg50,1,212.0747528076172
1,sid_tampered,tampered,unknown,train,b794e44fac2caeea,resize05,1,207.86679077148438
1,sid_tampered,tampered,unknown,train,b794e44fac2caeea,noise002,1,208.14337158203125
1,sid_tampered,tampered,unknown,train,3d63a6ca0755d110,clean,1,83.3095474243164
1,sid_tampered,tampered,unknown,train,992af209a40606cf,clean,1,88.43891143798828
1,sid_tampered,tampered,unknown,train,992af209a40606cf,jpeg70,1,88.30872344970703
1,sid_tampered,tampered,unknown,train,992af209a40606cf,blur05,1,88.73294067382812
1,sid_tampered,tampered,unknown,train,992af209a40606cf,resize025,1,90.32007598876953
1,sid_tampered,tampered,unknown,train,7dd907c9e9969ffb,clean,1,72.40151977539062
1,sid_tampered,tampered,unknown,train,7dd907c9e9969ffb,blur10,1,72.31770324707031
1,sid_tampered,tampered,unknown,train,7dd907c9e9969ffb,crop08,1,94.31334686279297
1,sid_tampered,tampered,unknown,train,d0d681a8bfd8db91,clean,1,362.8038024902344
1,sid_tampered,tampered,unknown,train,d0d681a8bfd8db91,noise005,1,362.5196533203125
1,sid_tampered,tampered,unknown,train,d0d681a8bfd8db91,noise01,1,370.5957946777344
1,sid_tampered,tampered,unknown,train,d0d681a8bfd8db91,crop08,1,432.5553283691406
1,sid_tampered,tampered,unknown,train,d5019fc01848ede5,clean,1,102.99981689453125
1,sid_tampered,tampered,unknown,train,d5019fc01848ede5,resize05,1,102.73342895507812
1,sid_tampered,tampered,unknown,train,d5019fc01848ede5,noise005,1,104.72727966308594
1,sid_tampered,tampered,unknown,train,d5019fc01848ede5,jitter02,1,103.30542755126953
1,sid_tampered,tampered,unknown,train,0e44332a907c9eed,clean,1,97.48675537109375
1,sid_tampered,tampered,unknown,train,0e44332a907c9eed,jpeg70,1,97.52082824707031
1,sid_tampered,tampered,unknown,train,0e44332a907c9eed,resize05,1,96.64112854003906
1,sid_tampered,tampered,unknown,train,0e44332a907c9eed,noise005,1,97.8685073852539
1,sid_tampered,tampered,unknown,train,a36e910f81cd6549,clean,1,80.88495635986328
1,sid_tampered,tampered,unknown,train,a36e910f81cd6549,blur10,1,83.55675506591797
1,sid_tampered,tampered,unknown,train,a36e910f81cd6549,resize025,1,84.1142807006836
1,sid_tampered,tampered,unknown,train,a36e910f81cd6549,crop08,1,98.37259674072266
1,sid_tampered,tampered,unknown,train,1beb7b19b8f4b5d8,clean,1,93.09962463378906
1,sid_tampered,tampered,unknown,train,1beb7b19b8f4b5d8,jpeg70,1,93.10073852539062
1,sid_tampered,tampered,unknown,train,1beb7b19b8f4b5d8,blur05,1,93.41517639160156
1,sid_tampered,tampered,unknown,train,1beb7b19b8f4b5d8,noise005,1,94.0676040649414
1,sid_tampered,tampered,unknown,train,22dddc57a420bdec,clean,1,86.90670013427734
1,sid_tampered,tampered,unknown,train,22dddc57a420bdec,jpeg30,1,87.15132904052734
1,sid_tampered,tampered,unknown,train,22dddc57a420bdec,blur05,1,86.7485122680664
1,sid_tampered,tampered,unknown,train,22dddc57a420bdec,resize025,1,84.47109985351562
1,sid_tampered,tampered,unknown,train,1c8efc30645be622,clean,1,124.32469940185547
1,sid_tampered,tampered,unknown,train,1c8efc30645be622,resize025,1,118.51885986328125
1,sid_tampered,tampered,unknown,train,1c8efc30645be622,crop08,1,133.1907196044922
1,sid_tampered,tampered,unknown,train,cadf30442d851779,clean,1,272.67877197265625
1,sid_tampered,tampered,unknown,train,cadf30442d851779,jpeg90,1,273.2528076171875
1,sid_tampered,tampered,unknown,train,cadf30442d851779,blur05,1,272.5493469238281
1,sid_tampered,tampered,unknown,train,cadf30442d851779,blur10,1,274.91650390625
1,sid_tampered,tampered,unknown,train,0057569f45e3bb37,clean,1,90.86644744873047
1,sid_tampered,tampered,unknown,train,0057569f45e3bb37,jpeg90,1,90.97616577148438
1,sid_tampered,tampered,unknown,train,0057569f45e3bb37,blur20,1,92.77521514892578
1,sid_tampered,tampered,unknown,train,0057569f45e3bb37,jitter02,1,90.8212890625
1,sid_tampered,tampered,unknown,train,f95e551ef2258610,clean,1,140.3150634765625
1,sid_tampered,tampered,unknown,train,f95e551ef2258610,resize05,1,140.41830444335938
1,sid_tampered,tampered,unknown,train,f95e551ef2258610,noise01,1,140.3404541015625
1,sid_tampered,tampered,unknown,train,f95e551ef2258610,crop08,1,175.64476013183594
1,sid_tampered,tampered,unknown,train,fb13064ff6be138e,crop08,1,77.50617980957031
1,sid_tampered,tampered,unknown,train,3b25fe05114112d4,clean,1,78.07103729248047
1,sid_tampered,tampered,unknown,train,3b25fe05114112d4,jpeg90,1,77.82390594482422
1,sid_tampered,tampered,unknown,train,3b25fe05114112d4,jitter02,1,77.19624328613281
1,sid_tampered,tampered,unknown,train,b917e6b85f932399,clean,1,200.70391845703125
1,sid_tampered,tampered,unknown,train,b917e6b85f932399,jpeg50,1,200.3372344970703
1,sid_tampered,tampered,unknown,train,b917e6b85f932399,blur20,1,201.06729125976562
1,sid_tampered,tampered,unknown,train,b917e6b85f932399,noise002,1,201.63250732421875
1,sid_tampered,tampered,unknown,train,642645b6fbb66456,clean,1,85.09276580810547
1,sid_tampered,tampered,unknown,train,642645b6fbb66456,jpeg30,1,85.1649169921875
1,sid_tampered,tampered,unknown,train,642645b6fbb66456,resize05,1,85.26434326171875
1,sid_tampered,tampered,unknown,train,642645b6fbb66456,noise01,1,87.53313446044922
1,sid_tampered,tampered,unknown,train,822e6d0822f317c5,clean,1,92.53838348388672
1,sid_tampered,tampered,unknown,train,822e6d0822f317c5,blur10,1,94.70431518554688
1,sid_tampered,tampered,unknown,train,822e6d0822f317c5,noise002,1,91.71817016601562
1,sid_tampered,tampered,unknown,train,822e6d0822f317c5,jitter02,1,93.07747650146484
1,sid_tampered,tampered,unknown,train,15b507f2b014f485,clean,1,132.42637634277344
1,sid_tampered,tampered,unknown,train,15b507f2b014f485,jpeg70,1,132.64260864257812
1,sid_tampered,tampered,unknown,train,15b507f2b014f485,blur10,1,129.47998046875
1,sid_tampered,tampered,unknown,train,15b507f2b014f485,resize025,1,130.77944946289062
1,sid_tampered,tampered,unknown,train,5c07f27128119d6e,clean,1,101.87126159667969
1,sid_tampered,tampered,unknown,train,5c07f27128119d6e,blur20,1,102.37191009521484
1,sid_tampered,tampered,unknown,train,5c07f27128119d6e,resize05,1,101.16907501220703
1,sid_tampered,tampered,unknown,train,5c07f27128119d6e,crop08,1,118.61983489990234
1,sid_tampered,tampered,unknown,train,355048a71a451135,clean,1,105.69155883789062
1,sid_tampered,tampered,unknown,train,dbb559ee3762f347,clean,1,293.53057861328125
1,sid_tampered,tampered,unknown,train,dbb559ee3762f347,jpeg30,1,300.04034423828125
1,sid_tampered,tampered,unknown,train,dbb559ee3762f347,resize05,1,293.9781799316406
1,sid_tampered,tampered,unknown,train,601b1a4c57e4a2be,clean,1,91.78474426269531
1,sid_tampered,tampered,unknown,train,601b1a4c57e4a2be,jpeg90,1,92.00934600830078
1,sid_tampered,tampered,unknown,train,601b1a4c57e4a2be,blur05,1,95.7845687866211
1,sid_tampered,tampered,unknown,train,601b1a4c57e4a2be,noise002,1,92.09553527832031
1,sid_tampered,tampered,unknown,train,512d478942817fb1,clean,1,108.32872772216797
1,sid_tampered,tampered,unknown,train,512d478942817fb1,jpeg90,1,108.35140991210938
1,sid_tampered,tampered,unknown,train,512d478942817fb1,blur20,1,105.89445495605469
1,sid_tampered,tampered,unknown,train,d23866dc71261de5,crop08,1,108.62124633789062
1,sid_tampered,tampered,unknown,train,bf69ee56c31737d1,clean,1,116.21322631835938
1,sid_tampered,tampered,unknown,train,bf69ee56c31737d1,jpeg90,1,116.31251525878906
1,sid_tampered,tampered,unknown,train,bf69ee56c31737d1,resize05,1,116.47071838378906
1,sid_tampered,tampered,unknown,train,33e073e2576819a0,clean,1,93.88542175292969
1,sid_tampered,tampered,unknown,train,33e073e2576819a0,jpeg70,1,93.79684448242188
1,sid_tampered,tampered,unknown,train,33e073e2576819a0,resize05,1,94.51172637939453
1,sid_tampered,tampered,unknown,train,33e073e2576819a0,noise01,1,96.12884521484375
1,sid_tampered,tampered,unknown,train,0a0a77ee315a552c,clean,1,98.66609191894531
1,sid_tampered,tampered,unknown,train,0a0a77ee315a552c,jpeg50,1,98.84378051757812
1,sid_tampered,tampered,unknown,train,0a0a77ee315a552c,jpeg30,1,98.5420913696289
1,sid_tampered,tampered,unknown,train,0a0a77ee315a552c,crop08,1,118.83715057373047
1,sid_tampered,tampered,unknown,train,b483ff08dd1ff8a3,clean,1,64.82978057861328
1,sid_tampered,tampered,unknown,train,b483ff08dd1ff8a3,jpeg90,1,64.73280334472656
1,sid_tampered,tampered,unknown,train,b483ff08dd1ff8a3,blur10,1,65.63705444335938
1,sid_tampered,tampered,unknown,train,b483ff08dd1ff8a3,resize05,1,65.45008850097656
1,sid_tampered,tampered,unknown,train,a61e791d96e6d473,clean,1,222.0455322265625
1,sid_tampered,tampered,unknown,train,a61e791d96e6d473,jpeg50,1,219.69302368164062
1,sid_tampered,tampered,unknown,train,a61e791d96e6d473,blur05,1,221.5977325439453
1,sid_tampered,tampered,unknown,train,a61e791d96e6d473,blur20,1,217.31307983398438
1,sid_tampered,tampered,unknown,train,1817e77b926a2d41,clean,1,122.05781555175781
1,sid_tampered,tampered,unknown,train,1817e77b926a2d41,jpeg50,1,122.47201538085938
1,sid_tampered,tampered,unknown,train,1817e77b926a2d41,jpeg30,1,121.79633331298828
1,sid_tampered,tampered,unknown,train,1817e77b926a2d41,noise005,1,122.28431701660156
1,sid_tampered,tampered,unknown,train,ad8d006917d2513d,clean,1,156.60980224609375
1,sid_tampered,tampered,unknown,train,ad8d006917d2513d,blur05,1,156.66586303710938
1,sid_tampered,tampered,unknown,train,ad8d006917d2513d,blur20,1,159.0437469482422
1,sid_tampered,tampered,unknown,train,ad8d006917d2513d,crop08,1,198.28221130371094
1,sid_tampered,tampered,unknown,train,74a9345dd232f0f2,clean,1,229.50213623046875
1,sid_tampered,tampered,unknown,train,74a9345dd232f0f2,jpeg90,1,229.6414337158203
1,sid_tampered,tampered,unknown,train,74a9345dd232f0f2,noise01,1,228.80555725097656
1,sid_tampered,tampered,unknown,train,74a9345dd232f0f2,jitter02,1,213.28822326660156
1,sid_tampered,tampered,unknown,train,a8c723dad07b2692,blur20,1,429.71221923828125
1,sid_tampered,tampered,unknown,train,60fd0ec35548723d,clean,1,66.11346435546875
1,sid_tampered,tampered,unknown,train,60fd0ec35548723d,jpeg70,1,66.34418487548828
1,sid_tampered,tampered,unknown,train,60fd0ec35548723d,blur20,1,64.09687805175781
1,sid_tampered,tampered,unknown,train,60fd0ec35548723d,jitter02,1,65.19923400878906
1,sid_tampered,tampered,unknown,train,f5e986dade95efea,clean,1,195.6687774658203
1,sid_tampered,tampered,unknown,train,f5e986dade95efea,jpeg50,1,198.7057342529297
1,sid_tampered,tampered,unknown,train,f5e986dade95efea,resize05,1,195.7075958251953
1,sid_tampered,tampered,unknown,train,f5e986dade95efea,noise01,1,202.07373046875
1,sid_tampered,tampered,unknown,train,d798ae8cd2c17d90,clean,1,149.53656005859375
1,sid_tampered,tampered,unknown,train,d798ae8cd2c17d90,jpeg90,1,149.2243194580078
1,sid_tampered,tampered,unknown,train,d798ae8cd2c17d90,jpeg50,1,150.23129272460938
1,sid_tampered,tampered,unknown,train,d798ae8cd2c17d90,noise005,1,150.187744140625
1,sid_tampered,tampered,unknown,train,df8893ecaf0d64a9,clean,1,64.65770721435547
1,sid_tampered,tampered,unknown,train,df8893ecaf0d64a9,jpeg90,1,64.62213134765625
1,sid_tampered,tampered,unknown,train,df8893ecaf0d64a9,jpeg70,1,64.7458267211914
1,sid_tampered,tampered,unknown,train,df8893ecaf0d64a9,noise002,1,65.06351470947266
1,sid_tampered,tampered,unknown,train,9a420a522602ec8f,clean,1,108.25630950927734
1,sid_tampered,tampered,unknown,train,9a420a522602ec8f,blur10,1,110.27474212646484
1,sid_tampered,tampered,unknown,train,9a420a522602ec8f,resize025,1,110.21388244628906
1,sid_tampered,tampered,unknown,train,9a420a522602ec8f,noise01,1,110.20263671875
1,sid_tampered,tampered,unknown,train,a46e591d3995a1c3,clean,1,90.83332824707031
1,sid_tampered,tampered,unknown,train,a46e591d3995a1c3,jpeg90,1,86.95414733886719
1,sid_tampered,tampered,unknown,train,a46e591d3995a1c3,blur10,1,86.7228012084961
1,sid_tampered,tampered,unknown,train,a46e591d3995a1c3,noise002,1,86.86432647705078
1,sid_tampered,tampered,unknown,train,a736e1558ad79e22,clean,1,106.92202758789062
1,sid_tampered,tampered,unknown,train,a736e1558ad79e22,jpeg50,1,108.37811279296875
1,sid_tampered,tampered,unknown,train,a736e1558ad79e22,blur05,1,106.75792694091797
1,sid_tampered,tampered,unknown,train,a736e1558ad79e22,crop08,1,123.35166931152344
1,sid_tampered,tampered,unknown,train,54feafa0037db8cb,blur10,1,67.17464447021484
1,sid_tampered,tampered,unknown,train,1fbef48a1414f87f,clean,1,111.73143005371094
1,sid_tampered,tampered,unknown,train,1fbef48a1414f87f,blur05,1,111.95128631591797
1,sid_tampered,tampered,unknown,train,1fbef48a1414f87f,noise002,1,115.4410629272461
1,sid_tampered,tampered,unknown,train,1fbef48a1414f87f,noise005,1,114.1451187133789
1,sid_tampered,tampered,unknown,train,fa1c84d83295e9e4,clean,1,86.18123626708984
1,sid_tampered,tampered,unknown,train,fa1c84d83295e9e4,blur05,1,86.18152618408203
1,sid_tampered,tampered,unknown,train,fa1c84d83295e9e4,resize05,1,86.10830688476562
1,sid_tampered,tampered,unknown,train,fa1c84d83295e9e4,noise01,1,89.32604217529297
1,sid_tampered,tampered,unknown,train,0a48d64f56fb0bf3,clean,1,123.30459594726562
1,sid_tampered,tampered,unknown,train,0a48d64f56fb0bf3,blur10,1,124.1211166381836
1,sid_tampered,tampered,unknown,train,0a48d64f56fb0bf3,blur20,1,126.56118774414062
1,sid_tampered,tampered,unknown,train,0a48d64f56fb0bf3,noise002,1,123.32476806640625
1,sid_tampered,tampered,unknown,train,2ca2d46e9a24a920,clean,1,117.98729705810547
1,sid_tampered,tampered,unknown,train,2ca2d46e9a24a920,blur10,1,117.1395263671875
1,sid_tampered,tampered,unknown,train,2ca2d46e9a24a920,resize025,1,117.65784454345703
1,sid_tampered,tampered,unknown,train,2ca2d46e9a24a920,noise01,1,120.30870819091797
1,sid_tampered,tampered,unknown,train,712dadf461bae5f3,clean,1,240.36996459960938
1,sid_tampered,tampered,unknown,train,712dadf461bae5f3,blur20,1,238.57870483398438
1,sid_tampered,tampered,unknown,train,712dadf461bae5f3,resize025,1,239.89849853515625
1,sid_tampered,tampered,unknown,train,712dadf461bae5f3,crop08,1,307.0611267089844
1,sid_tampered,tampered,unknown,train,01acecbce593fd1c,clean,1,516.1815185546875
1,sid_tampered,tampered,unknown,train,01acecbce593fd1c,jpeg50,1,516.8995361328125
1,sid_tampered,tampered,unknown,train,01acecbce593fd1c,resize05,1,516.5438232421875
1,sid_tampered,tampered,unknown,train,01acecbce593fd1c,resize025,1,516.3282470703125
1,sid_tampered,tampered,unknown,train,93429d35fd702a40,clean,1,481.2220458984375
1,sid_tampered,tampered,unknown,train,93429d35fd702a40,blur05,1,481.3210754394531
1,sid_tampered,tampered,unknown,train,93429d35fd702a40,blur10,1,481.3326721191406
1,sid_tampered,tampered,unknown,train,93429d35fd702a40,resize025,1,483.8085021972656
1,sid_tampered,tampered,unknown,train,88265ebfefced90c,clean,1,121.42046356201172
1,sid_tampered,tampered,unknown,train,88265ebfefced90c,jpeg30,1,123.1475601196289
1,sid_tampered,tampered,unknown,train,88265ebfefced90c,noise005,1,121.75177001953125
1,sid_tampered,tampered,unknown,train,88265ebfefced90c,crop08,1,144.34683227539062
1,sid_tampered,tampered,unknown,train,7c0472937dd5c6dc,clean,1,214.38836669921875
1,sid_tampered,tampered,unknown,train,7c0472937dd5c6dc,jpeg30,1,212.9225616455078
1,sid_tampered,tampered,unknown,train,7c0472937dd5c6dc,blur20,1,219.9653778076172
1,sid_tampered,tampered,unknown,train,7c0472937dd5c6dc,resize025,1,218.47146606445312
1,sid_tampered,tampered,unknown,train,c168dfa931cd7de0,clean,1,291.0970764160156
1,sid_tampered,tampered,unknown,train,c168dfa931cd7de0,resize05,1,290.7186279296875
1,sid_tampered,tampered,unknown,train,c168dfa931cd7de0,resize025,1,284.8864440917969
1,sid_tampered,tampered,unknown,train,c168dfa931cd7de0,jitter02,1,284.30731201171875
1,sid_tampered,tampered,unknown,train,ac59354139f608cc,clean,1,215.96376037597656
1,sid_tampered,tampered,unknown,train,ac59354139f608cc,jpeg30,1,215.05613708496094
1,sid_tampered,tampered,unknown,train,ac59354139f608cc,blur20,1,216.66110229492188
1,sid_tampered,tampered,unknown,train,ac59354139f608cc,crop08,1,268.0548095703125
1,sid_tampered,tampered,unknown,train,6790001b8b7e8716,clean,1,82.17727661132812
1,sid_tampered,tampered,unknown,train,6790001b8b7e8716,blur05,1,82.20387268066406
1,sid_tampered,tampered,unknown,train,6790001b8b7e8716,blur20,1,82.97177124023438
1,sid_tampered,tampered,unknown,train,a45f5e50daf77d75,clean,1,80.9300308227539
1,sid_tampered,tampered,unknown,train,a45f5e50daf77d75,jpeg90,1,80.88265228271484
1,sid_tampered,tampered,unknown,train,a45f5e50daf77d75,jpeg30,1,81.05116271972656
1,sid_tampered,tampered,unknown,train,a45f5e50daf77d75,blur20,1,82.03364562988281
1,sid_tampered,tampered,unknown,train,a383465672f78d62,clean,1,212.5345916748047
1,sid_tampered,tampered,unknown,train,a383465672f78d62,jpeg50,1,219.62242126464844
1,sid_tampered,tampered,unknown,train,a383465672f78d62,blur05,1,212.43734741210938
1,sid_tampered,tampered,unknown,train,a383465672f78d62,resize025,1,211.2933349609375
1,sid_tampered,tampered,unknown,train,60354ad327d3d11e,clean,1,118.89867401123047
1,sid_tampered,tampered,unknown,train,60354ad327d3d11e,jpeg70,1,119.10139465332031
1,sid_tampered,tampered,unknown,train,60354ad327d3d11e,jpeg50,1,144.01817321777344
1,sid_tampered,tampered,unknown,train,63f61cf60fd6df7e,clean,1,133.4285125732422
1,sid_tampered,tampered,unknown,train,63f61cf60fd6df7e,jpeg50,1,138.12310791015625
1,sid_tampered,tampered,unknown,train,63f61cf60fd6df7e,noise005,1,133.60220336914062
1,sid_tampered,tampered,unknown,train,63f61cf60fd6df7e,noise01,1,137.27023315429688
1,sid_tampered,tampered,unknown,train,dad0859faac1557b,clean,1,66.90314483642578
1,sid_tampered,tampered,unknown,train,dad0859faac1557b,blur10,1,67.03319549560547
1,sid_tampered,tampered,unknown,train,dad0859faac1557b,noise01,1,67.77115631103516
1,sid_tampered,tampered,unknown,train,dad0859faac1557b,jitter02,1,67.1590805053711
1,sid_tampered,tampered,unknown,train,fec4eabdf0efa822,clean,1,128.09889221191406
1,sid_tampered,tampered,unknown,train,fec4eabdf0efa822,resize025,1,132.4582061767578
1,sid_tampered,tampered,unknown,train,fec4eabdf0efa822,noise002,1,128.68849182128906
1,sid_tampered,tampered,unknown,train,fec4eabdf0efa822,jitter02,1,127.80520629882812
1,sid_tampered,tampered,unknown,train,0279589302800b72,clean,1,146.95668029785156
1,sid_tampered,tampered,unknown,train,0279589302800b72,jpeg50,1,146.4498291015625
1,sid_tampered,tampered,unknown,train,0279589302800b72,noise005,1,148.12356567382812
1,sid_tampered,tampered,unknown,train,0279589302800b72,noise01,1,146.52365112304688
1,sid_tampered,tampered,unknown,train,46834e76d845be49,clean,1,147.97637939453125
1,sid_tampered,tampered,unknown,train,46834e76d845be49,jpeg30,1,147.9234619140625
1,sid_tampered,tampered,unknown,train,46834e76d845be49,resize025,1,144.82440185546875
1,sid_tampered,tampered,unknown,train,46834e76d845be49,noise005,1,81.53496551513672
1,sid_tampered,tampered,unknown,train,d5fc05d642375b93,clean,1,75.03948211669922
1,sid_tampered,tampered,unknown,train,d5fc05d642375b93,jpeg50,1,74.48745727539062
1,sid_tampered,tampered,unknown,train,d5fc05d642375b93,jpeg30,1,76.12193298339844
1,sid_tampered,tampered,unknown,train,d5fc05d642375b93,resize025,1,76.56999969482422
1,sid_tampered,tampered,unknown,train,030282ad8244ff95,clean,1,115.1447525024414
1,sid_tampered,tampered,unknown,train,030282ad8244ff95,jpeg30,1,113.98004913330078
1,sid_tampered,tampered,unknown,train,030282ad8244ff95,noise002,1,114.76042938232422
1,sid_tampered,tampered,unknown,train,030282ad8244ff95,noise005,1,115.27259063720703
1,sid_tampered,tampered,unknown,train,720b2e7fd52f2ebb,clean,1,91.53487396240234
1,sid_tampered,tampered,unknown,train,720b2e7fd52f2ebb,jpeg90,1,91.34681701660156
1,sid_tampered,tampered,unknown,train,720b2e7fd52f2ebb,resize05,1,91.44175720214844
1,sid_tampered,tampered,unknown,train,720b2e7fd52f2ebb,resize025,1,92.96155548095703
1,sid_tampered,tampered,unknown,train,644c6a4baa5d7b28,clean,1,64.2454833984375
1,sid_tampered,tampered,unknown,train,644c6a4baa5d7b28,jpeg90,1,64.17410278320312
1,sid_tampered,tampered,unknown,train,644c6a4baa5d7b28,jitter02,1,64.35733795166016
1,sid_tampered,tampered,unknown,train,37f1d93e88526762,clean,1,98.3331069946289
1,sid_tampered,tampered,unknown,train,37f1d93e88526762,jpeg70,1,98.99003601074219
1,sid_tampered,tampered,unknown,train,37f1d93e88526762,noise005,1,99.38441467285156
1,sid_tampered,tampered,unknown,train,37f1d93e88526762,crop08,1,77.85091400146484
1,sid_tampered,tampered,unknown,train,72f902f0df041554,clean,1,143.0758819580078
1,sid_tampered,tampered,unknown,train,72f902f0df041554,noise005,1,142.97975158691406
1,sid_tampered,tampered,unknown,train,72f902f0df041554,noise01,1,147.66363525390625
1,sid_tampered,tampered,unknown,train,72f902f0df041554,crop08,1,184.51181030273438
1,sid_tampered,tampered,unknown,train,7e818bf730678a26,clean,1,76.84650421142578
1,sid_tampered,tampered,unknown,train,7e818bf730678a26,jitter02,1,76.05984497070312
1,sid_tampered,tampered,unknown,train,8af5fbb6d56b58b7,clean,1,218.59222412109375
1,sid_tampered,tampered,unknown,train,8af5fbb6d56b58b7,jpeg50,1,218.7790069580078
1,sid_tampered,tampered,unknown,train,8af5fbb6d56b58b7,blur20,1,219.9193115234375
1,sid_tampered,tampered,unknown,train,8af5fbb6d56b58b7,resize05,1,218.947021484375
1,sid_tampered,tampered,unknown,train,25f7a416b39e69ea,clean,1,139.10931396484375
1,sid_tampered,tampered,unknown,train,25f7a416b39e69ea,blur05,1,139.3586883544922
1,sid_tampered,tampered,unknown,train,25f7a416b39e69ea,blur10,1,138.46014404296875
1,sid_tampered,tampered,unknown,train,4abf6a93476452f6,clean,1,85.89148712158203
1,sid_tampered,tampered,unknown,train,4abf6a93476452f6,blur05,1,86.0152587890625
1,sid_tampered,tampered,unknown,train,4abf6a93476452f6,resize025,1,87.88908386230469
1,sid_tampered,tampered,unknown,train,4abf6a93476452f6,crop08,1,116.28190612792969
1,sid_tampered,tampered,unknown,train,6fa66ca9ab48c51b,clean,1,559.8253173828125
1,sid_tampered,tampered,unknown,train,6fa66ca9ab48c51b,jpeg90,1,558.1664428710938
1,sid_tampered,tampered,unknown,train,6fa66ca9ab48c51b,noise002,1,563.1331787109375
1,sid_tampered,tampered,unknown,train,6fa66ca9ab48c51b,noise01,1,547.983154296875
1,sid_tampered,tampered,unknown,train,96b8468352064f23,clean,1,173.7972869873047
1,sid_tampered,tampered,unknown,train,96b8468352064f23,jpeg30,1,173.42160034179688
1,sid_tampered,tampered,unknown,train,96b8468352064f23,jitter02,1,175.5211181640625
1,sid_tampered,tampered,unknown,train,96b8468352064f23,crop08,1,218.7115478515625
1,sid_tampered,tampered,unknown,train,0f51dd54675b6697,clean,1,267.09490966796875
1,sid_tampered,tampered,unknown,train,0f51dd54675b6697,resize025,1,263.0975646972656
1,sid_tampered,tampered,unknown,train,0f51dd54675b6697,noise005,1,269.28662109375
1,sid_tampered,tampered,unknown,train,0f51dd54675b6697,jitter02,1,268.0491027832031
1,sid_tampered,tampered,unknown,train,ee9173215ae4289c,clean,1,85.4549331665039
1,sid_tampered,tampered,unknown,train,ee9173215ae4289c,jpeg90,1,85.21463012695312
1,sid_tampered,tampered,unknown,train,ee9173215ae4289c,resize025,1,84.16133117675781
1,sid_tampered,tampered,unknown,train,ee9173215ae4289c,noise005,1,87.58326721191406
1,sid_tampered,tampered,unknown,train,4d91ba929b5a61d5,crop08,1,75.86739349365234
1,sid_tampered,tampered,unknown,train,95cce714ee49ae5e,clean,1,140.44903564453125
1,sid_tampered,tampered,unknown,train,95cce714ee49ae5e,jpeg30,1,142.47047424316406
1,sid_tampered,tampered,unknown,train,95cce714ee49ae5e,blur20,1,137.7981414794922
1,sid_tampered,tampered,unknown,train,95cce714ee49ae5e,noise002,1,141.4545135498047
1,sid_tampered,tampered,unknown,train,f99d25e9f5f1387b,clean,1,181.80691528320312
1,sid_tampered,tampered,unknown,train,f99d25e9f5f1387b,blur10,1,184.32571411132812
1,sid_tampered,tampered,unknown,train,f99d25e9f5f1387b,noise002,1,184.888916015625
1,sid_tampered,tampered,unknown,train,a3a6d482c536fe30,clean,1,74.79954528808594
1,sid_tampered,tampered,unknown,train,a3a6d482c536fe30,jpeg30,1,74.34662628173828
1,sid_tampered,tampered,unknown,train,a3a6d482c536fe30,blur05,1,74.41925811767578
1,sid_tampered,tampered,unknown,train,541936634b5525b2,clean,1,89.23509216308594
1,sid_tampered,tampered,unknown,train,541936634b5525b2,blur20,1,92.04080963134766
1,sid_tampered,tampered,unknown,train,541936634b5525b2,resize025,1,91.66180419921875
1,sid_tampered,tampered,unknown,train,541936634b5525b2,noise002,1,89.56036376953125
1,sid_tampered,tampered,unknown,train,0a366f9ec8e2ee30,clean,1,128.2393341064453
1,sid_tampered,tampered,unknown,train,0a366f9ec8e2ee30,jpeg90,1,127.94755554199219
1,sid_tampered,tampered,unknown,train,0a366f9ec8e2ee30,blur05,1,128.4486541748047
1,sid_tampered,tampered,unknown,train,0a366f9ec8e2ee30,noise01,1,131.7030029296875
1,sid_tampered,tampered,unknown,train,8343faf3d1291301,clean,1,292.9954528808594
1,sid_tampered,tampered,unknown,train,8343faf3d1291301,jpeg50,1,293.8096618652344
1,sid_tampered,tampered,unknown,train,8343faf3d1291301,blur20,1,285.5428161621094
1,sid_tampered,tampered,unknown,train,8343faf3d1291301,crop08,1,364.2494201660156
1,sid_tampered,tampered,unknown,train,faab5636c3c257df,clean,1,249.73605346679688
1,sid_tampered,tampered,unknown,train,faab5636c3c257df,jpeg70,1,249.70713806152344
1,sid_tampered,tampered,unknown,train,faab5636c3c257df,jpeg50,1,252.11619567871094
1,sid_tampered,tampered,unknown,train,faab5636c3c257df,noise002,1,250.64273071289062
1,sid_tampered,tampered,unknown,train,0128d8c1f976f788,clean,1,67.89424896240234
1,sid_tampered,tampered,unknown,train,0128d8c1f976f788,blur05,1,67.87422180175781
1,sid_tampered,tampered,unknown,train,0128d8c1f976f788,resize05,1,67.83515167236328
1,sid_tampered,tampered,unknown,train,0128d8c1f976f788,noise005,1,72.9251708984375
1,sid_tampered,tampered,unknown,train,064452eed41c4489,clean,1,148.90866088867188
1,sid_tampered,tampered,unknown,train,064452eed41c4489,jpeg30,1,142.9007110595703
1,sid_tampered,tampered,unknown,train,064452eed41c4489,noise005,1,138.89158630371094
1,sid_tampered,tampered,unknown,train,064452eed41c4489,crop08,1,179.91458129882812
1,sid_tampered,tampered,unknown,train,c27f79d5da0e6410,clean,1,123.08409881591797
1,sid_tampered,tampered,unknown,train,c27f79d5da0e6410,blur20,1,118.17958068847656
1,sid_tampered,tampered,unknown,train,c27f79d5da0e6410,noise01,1,128.2107391357422
1,sid_tampered,tampered,unknown,train,c27f79d5da0e6410,jitter02,1,123.4510269165039
1,sid_tampered,tampered,unknown,train,6039e1050738d804,clean,1,84.8251953125
1,sid_tampered,tampered,unknown,train,6039e1050738d804,blur10,1,85.38286590576172
1,sid_tampered,tampered,unknown,train,6039e1050738d804,noise005,1,85.96419525146484
1,sid_tampered,tampered,unknown,train,6039e1050738d804,noise01,1,88.41337585449219
1,sid_tampered,tampered,unknown,train,5919883ff120dcd9,clean,1,160.8801727294922
1,sid_tampered,tampered,unknown,train,5919883ff120dcd9,jpeg90,1,160.8030242919922
1,sid_tampered,tampered,unknown,train,5919883ff120dcd9,resize025,1,159.3916473388672
1,sid_tampered,tampered,unknown,train,5919883ff120dcd9,noise002,1,159.01632690429688
1,sid_tampered,tampered,unknown,train,3c8f1e0594ae97f9,clean,1,186.62075805664062
1,sid_tampered,tampered,unknown,train,3c8f1e0594ae97f9,jpeg30,1,187.19186401367188
1,sid_tampered,tampered,unknown,train,307125d14592bcb0,clean,1,355.60333251953125
1,sid_tampered,tampered,unknown,train,307125d14592bcb0,blur10,1,355.7086181640625
1,sid_tampered,tampered,unknown,train,40e3ad1d945b4792,clean,1,86.55754852294922
1,sid_tampered,tampered,unknown,train,40e3ad1d945b4792,jpeg90,1,86.34022521972656
1,sid_tampered,tampered,unknown,train,40e3ad1d945b4792,jpeg30,1,85.72733306884766
1,sid_tampered,tampered,unknown,train,40e3ad1d945b4792,blur05,1,86.65412902832031
1,sid_tampered,tampered,unknown,train,383185ce299ab838,clean,1,87.48786163330078
1,sid_tampered,tampered,unknown,train,383185ce299ab838,jpeg50,1,88.12256622314453
1,sid_tampered,tampered,unknown,train,383185ce299ab838,blur05,1,87.75263214111328
1,sid_tampered,tampered,unknown,train,383185ce299ab838,crop08,1,108.95878601074219
1,sid_tampered,tampered,unknown,train,976c38a4734a791c,clean,1,201.1087646484375
1,sid_tampered,tampered,unknown,train,976c38a4734a791c,jpeg70,1,201.385986328125
1,sid_tampered,tampered,unknown,train,976c38a4734a791c,resize025,1,203.9601287841797
1,sid_tampered,tampered,unknown,train,8d166d3f21c38eee,clean,1,130.47056579589844
1,sid_tampered,tampered,unknown,train,8d166d3f21c38eee,jpeg30,1,131.34703063964844
1,sid_tampered,tampered,unknown,train,8d166d3f21c38eee,blur10,1,129.52537536621094
1,sid_tampered,tampered,unknown,train,8d166d3f21c38eee,resize05,1,130.10494995117188
1,sid_tampered,tampered,unknown,train,8fe6bdeb0dba577e,clean,1,206.73153686523438
1,sid_tampered,tampered,unknown,train,8fe6bdeb0dba577e,jpeg50,1,210.950927734375
1,sid_tampered,tampered,unknown,train,8fe6bdeb0dba577e,resize05,1,206.26780700683594
1,sid_tampered,tampered,unknown,train,8fe6bdeb0dba577e,noise005,1,215.07269287109375
1,sid_tampered,tampered,unknown,train,2d36bc9d570d57d9,clean,1,64.95352172851562
1,sid_tampered,tampered,unknown,train,2d36bc9d570d57d9,jpeg70,1,64.59247589111328
1,sid_tampered,tampered,unknown,train,2d36bc9d570d57d9,blur05,1,65.0347671508789
1,sid_tampered,tampered,unknown,train,2d36bc9d570d57d9,blur10,1,65.03010559082031
1,sid_tampered,tampered,unknown,train,68e6845a48d51e82,clean,1,120.05036926269531
1,sid_tampered,tampered,unknown,train,68e6845a48d51e82,jpeg70,1,120.17900848388672
1,sid_tampered,tampered,unknown,train,68e6845a48d51e82,jpeg50,1,121.0395736694336
1,sid_tampered,tampered,unknown,train,68e6845a48d51e82,resize025,1,119.87812805175781
1,sid_tampered,tampered,unknown,train,45772a1fe26a64f3,crop08,1,99.46629333496094
1,sid_tampered,tampered,unknown,train,967e02fad73b20d3,clean,1,78.50471496582031
1,sid_tampered,tampered,unknown,train,967e02fad73b20d3,jpeg70,1,78.61400604248047
1,sid_tampered,tampered,unknown,train,967e02fad73b20d3,resize05,1,78.4349594116211
1,sid_tampered,tampered,unknown,train,967e02fad73b20d3,jitter02,1,79.45101165771484
1,sid_tampered,tampered,unknown,train,fa6238fc601de95e,blur20,1,137.85389709472656
1,sid_tampered,tampered,unknown,train,80a4e15a10c30149,clean,1,272.2594299316406
1,sid_tampered,tampered,unknown,train,80a4e15a10c30149,blur05,1,272.2442626953125
1,sid_tampered,tampered,unknown,train,80a4e15a10c30149,noise01,1,255.29428100585938
1,sid_tampered,tampered,unknown,train,80a4e15a10c30149,jitter02,1,268.9562072753906
1,sid_tampered,tampered,unknown,train,3319d87b28f10851,clean,1,98.7134780883789
1,sid_tampered,tampered,unknown,train,3319d87b28f10851,jpeg30,1,97.636962890625
1,sid_tampered,tampered,unknown,train,3319d87b28f10851,resize05,1,99.00695037841797
1,sid_tampered,tampered,unknown,train,3319d87b28f10851,noise002,1,99.05256652832031
1,sid_tampered,tampered,unknown,train,47b2665d0ade4f80,clean,1,274.0989990234375
1,sid_tampered,tampered,unknown,train,47b2665d0ade4f80,jpeg70,1,274.1429138183594
1,sid_tampered,tampered,unknown,train,47b2665d0ade4f80,blur05,1,273.96759033203125
1,sid_tampered,tampered,unknown,train,47b2665d0ade4f80,resize05,1,272.38421630859375
1,sid_tampered,tampered,unknown,train,44f3a3732264915a,clean,1,168.4426727294922
1,sid_tampered,tampered,unknown,train,44f3a3732264915a,jpeg30,1,169.13807678222656
1,sid_tampered,tampered,unknown,train,44f3a3732264915a,blur05,1,168.3262481689453
1,sid_tampered,tampered,unknown,train,c1d0c8e3b4fc23cf,clean,1,86.75694274902344
1,sid_tampered,tampered,unknown,train,c1d0c8e3b4fc23cf,jpeg70,1,86.6261978149414
1,sid_tampered,tampered,unknown,train,c1d0c8e3b4fc23cf,blur20,1,87.08491516113281
1,sid_tampered,tampered,unknown,train,c1d0c8e3b4fc23cf,jitter02,1,86.6951904296875
1,sid_tampered,tampered,unknown,train,11f9446311156f68,clean,1,116.39171600341797
1,sid_tampered,tampered,unknown,train,11f9446311156f68,jpeg90,1,116.68753814697266
1,sid_tampered,tampered,unknown,train,11f9446311156f68,jpeg70,1,116.5039291381836
1,sid_tampered,tampered,unknown,train,11f9446311156f68,resize025,1,114.70242309570312
1,sid_tampered,tampered,unknown,train,ee53fd21ab4e98ce,clean,1,75.7183609008789
1,sid_tampered,tampered,unknown,train,ee53fd21ab4e98ce,jpeg90,1,75.73646545410156
1,sid_tampered,tampered,unknown,train,ee53fd21ab4e98ce,blur20,1,74.4843521118164
1,sid_tampered,tampered,unknown,train,ee53fd21ab4e98ce,noise005,1,75.75779724121094
1,sid_tampered,tampered,unknown,train,9b5caf5362048f21,clean,1,102.11629486083984
1,sid_tampered,tampered,unknown,train,9b5caf5362048f21,jpeg70,1,102.50138854980469
1,sid_tampered,tampered,unknown,train,9b5caf5362048f21,resize05,1,102.16804504394531
1,sid_tampered,tampered,unknown,train,9b5caf5362048f21,jitter02,1,102.82640838623047
1,sid_tampered,tampered,unknown,train,8132cdfb9fa432f0,clean,1,72.88134002685547
1,sid_tampered,tampered,unknown,train,8132cdfb9fa432f0,jpeg30,1,69.3804702758789
1,sid_tampered,tampered,unknown,train,8132cdfb9fa432f0,blur20,1,66.82688903808594
1,sid_tampered,tampered,unknown,train,8132cdfb9fa432f0,resize05,1,70.5330810546875
1,sid_tampered,tampered,unknown,train,10f6416cb6f69122,clean,1,123.75798034667969
1,sid_tampered,tampered,unknown,train,10f6416cb6f69122,jpeg90,1,123.65557861328125
1,sid_tampered,tampered,unknown,train,10f6416cb6f69122,blur05,1,123.7475357055664
1,sid_tampered,tampered,unknown,train,10f6416cb6f69122,crop08,1,145.88284301757812
1,sid_tampered,tampered,unknown,train,2072e07baccea7ae,clean,1,86.9196548461914
1,sid_tampered,tampered,unknown,train,2072e07baccea7ae,jpeg50,1,87.26860809326172
1,sid_tampered,tampered,unknown,train,2072e07baccea7ae,blur20,1,86.2075424194336
1,sid_tampered,tampered,unknown,train,2072e07baccea7ae,resize025,1,85.70124816894531
1,sid_tampered,tampered,unknown,train,90f550cf428174d2,crop08,1,97.51741027832031
1,sid_tampered,tampered,unknown,train,1569a22751c955f5,crop08,1,77.73958587646484
1,sid_tampered,tampered,unknown,train,37a8f2a6fc968c93,blur10,1,146.91110229492188
1,sid_tampered,tampered,unknown,train,37a8f2a6fc968c93,resize05,1,145.62623596191406
1,sid_tampered,tampered,unknown,train,f20ae6468fc59904,clean,1,354.1377258300781
1,sid_tampered,tampered,unknown,train,f20ae6468fc59904,jpeg70,1,357.1368408203125
1,sid_tampered,tampered,unknown,train,f20ae6468fc59904,blur05,1,354.99884033203125
1,sid_tampered,tampered,unknown,train,f20ae6468fc59904,resize025,1,359.9933166503906
1,sid_tampered,tampered,unknown,train,f1846563c5c310c0,clean,1,126.28545379638672
1,sid_tampered,tampered,unknown,train,f1846563c5c310c0,jpeg70,1,126.66083526611328
1,sid_tampered,tampered,unknown,train,f1846563c5c310c0,resize05,1,126.11930084228516
1,sid_tampered,tampered,unknown,train,f1846563c5c310c0,crop08,1,168.3709716796875
1,sid_tampered,tampered,unknown,train,94a3dfab42ea60a7,clean,1,297.3387451171875
1,sid_tampered,tampered,unknown,train,94a3dfab42ea60a7,jpeg50,1,300.09796142578125
1,sid_tampered,tampered,unknown,train,94a3dfab42ea60a7,jpeg30,1,297.2664794921875
1,sid_tampered,tampered,unknown,train,94a3dfab42ea60a7,blur20,1,297.7282409667969
1,sid_tampered,tampered,unknown,train,09a7326dd96dcc4b,clean,1,95.9996337890625
1,sid_tampered,tampered,unknown,train,09a7326dd96dcc4b,jpeg70,1,95.65946197509766
1,sid_tampered,tampered,unknown,train,09a7326dd96dcc4b,blur20,1,102.11674499511719
1,sid_tampered,tampered,unknown,train,09a7326dd96dcc4b,resize025,1,101.35405731201172
1,sid_tampered,tampered,unknown,train,1b0e3927b2fbae91,clean,1,136.62307739257812
1,sid_tampered,tampered,unknown,train,1b0e3927b2fbae91,jpeg90,1,136.5931396484375
1,sid_tampered,tampered,unknown,train,1b0e3927b2fbae91,jpeg70,1,135.6845703125
1,sid_tampered,tampered,unknown,train,1b0e3927b2fbae91,blur05,1,136.68380737304688
1,sid_tampered,tampered,unknown,train,d5a8f5eaf2bcf6cd,clean,1,78.65885162353516
1,sid_tampered,tampered,unknown,train,d5a8f5eaf2bcf6cd,blur10,1,79.24418640136719
1,sid_tampered,tampered,unknown,train,d5a8f5eaf2bcf6cd,crop08,1,90.64044952392578
1,sid_tampered,tampered,unknown,train,92c44cb83fdb2998,clean,1,174.32298278808594
1,sid_tampered,tampered,unknown,train,92c44cb83fdb2998,jpeg90,1,175.1357421875
1,sid_tampered,tampered,unknown,train,92c44cb83fdb2998,resize025,1,173.27130126953125
1,sid_tampered,tampered,unknown,train,4a59ef42f61ffae7,clean,1,211.53021240234375
1,sid_tampered,tampered,unknown,train,4a59ef42f61ffae7,blur20,1,213.36077880859375
1,sid_tampered,tampered,unknown,train,4a59ef42f61ffae7,noise002,1,212.3592529296875
1,sid_tampered,tampered,unknown,train,4a59ef42f61ffae7,crop08,1,255.26211547851562
1,sid_tampered,tampered,unknown,train,59eab1b93523ccf5,clean,1,115.33346557617188
1,sid_tampered,tampered,unknown,train,59eab1b93523ccf5,jpeg30,1,114.06576538085938
1,sid_tampered,tampered,unknown,train,59eab1b93523ccf5,blur10,1,113.15208435058594
1,sid_tampered,tampered,unknown,train,59eab1b93523ccf5,resize025,1,111.27725982666016
1,sid_tampered,tampered,unknown,train,bbbe26c355fe48af,clean,1,85.05703735351562
1,sid_tampered,tampered,unknown,train,bbbe26c355fe48af,jpeg90,1,85.04104614257812
1,sid_tampered,tampered,unknown,train,bbbe26c355fe48af,blur10,1,86.06514739990234
1,sid_tampered,tampered,unknown,train,bbbe26c355fe48af,crop08,1,103.44959259033203
1,sid_tampered,tampered,unknown,train,0ff23a4b252298bf,crop08,1,78.79059600830078
1,sid_tampered,tampered,unknown,train,0bef2c00c8ad28cf,clean,1,135.71499633789062
1,sid_tampered,tampered,unknown,train,0bef2c00c8ad28cf,blur05,1,136.0941925048828
1,sid_tampered,tampered,unknown,train,0bef2c00c8ad28cf,jitter02,1,134.8043670654297
1,sid_tampered,tampered,unknown,train,9a74ee70a6c690e2,clean,1,101.7574691772461
1,sid_tampered,tampered,unknown,train,9a74ee70a6c690e2,blur05,1,101.48860931396484
1,sid_tampered,tampered,unknown,train,9a74ee70a6c690e2,blur20,1,99.75885009765625
1,sid_tampered,tampered,unknown,train,9a74ee70a6c690e2,jitter02,1,100.97863006591797
1,sid_tampered,tampered,unknown,train,0b0a30db9a05c899,clean,1,125.25099182128906
1,sid_tampered,tampered,unknown,train,0b0a30db9a05c899,blur05,1,126.03807830810547
1,sid_tampered,tampered,unknown,train,0b0a30db9a05c899,resize025,1,128.76463317871094
1,sid_tampered,tampered,unknown,train,0b0a30db9a05c899,noise01,1,119.85595703125
1,sid_tampered,tampered,unknown,train,6b37913f5d0a356f,clean,1,181.61378479003906
1,sid_tampered,tampered,unknown,train,6b37913f5d0a356f,jpeg90,1,180.9012451171875
1,sid_tampered,tampered,unknown,train,6b37913f5d0a356f,blur20,1,183.6082305908203
1,sid_tampered,tampered,unknown,train,5db0f10542dddaa2,clean,1,165.2925262451172
1,sid_tampered,tampered,unknown,train,5db0f10542dddaa2,jpeg50,1,164.12442016601562
1,sid_tampered,tampered,unknown,train,5db0f10542dddaa2,crop08,1,185.38084411621094
1,sid_tampered,tampered,unknown,train,2c4bc62d74329b23,clean,1,92.97822570800781
1,sid_tampered,tampered,unknown,train,2c4bc62d74329b23,jpeg50,1,93.01620483398438
1,sid_tampered,tampered,unknown,train,2c4bc62d74329b23,blur10,1,93.27314758300781
1,sid_tampered,tampered,unknown,train,2c4bc62d74329b23,crop08,1,99.89730072021484
1,sid_tampered,tampered,unknown,train,0ed233284dabe692,clean,1,100.40634155273438
1,sid_tampered,tampered,unknown,train,0ed233284dabe692,blur10,1,98.83944702148438
1,sid_tampered,tampered,unknown,train,0ed233284dabe692,noise002,1,99.75382995605469
1,sid_tampered,tampered,unknown,train,95babb8d044071d7,clean,1,80.47789001464844
1,sid_tampered,tampered,unknown,train,95babb8d044071d7,jpeg90,1,80.42385864257812
1,sid_tampered,tampered,unknown,train,95babb8d044071d7,blur05,1,80.4323501586914
1,sid_tampered,tampered,unknown,train,95babb8d044071d7,blur10,1,76.4599380493164
1,sid_tampered,tampered,unknown,train,f3f42f32c8bccd22,clean,1,455.0388488769531
1,sid_tampered,tampered,unknown,train,f3f42f32c8bccd22,jpeg90,1,455.8378601074219
1,sid_tampered,tampered,unknown,train,f3f42f32c8bccd22,blur10,1,452.8945617675781
1,sid_tampered,tampered,unknown,train,f3f42f32c8bccd22,blur20,1,448.38702392578125
1,sid_tampered,tampered,unknown,train,53feb4ec4778fc1d,crop08,1,80.25908660888672
1,sid_tampered,tampered,unknown,train,69234df9f5f7e01c,clean,1,93.42375183105469
1,sid_tampered,tampered,unknown,train,69234df9f5f7e01c,jpeg70,1,94.02377319335938
1,sid_tampered,tampered,unknown,train,69234df9f5f7e01c,resize05,1,93.23506164550781
1,sid_tampered,tampered,unknown,train,69234df9f5f7e01c,jitter02,1,92.18309783935547
1,sid_tampered,tampered,unknown,train,59a65f33e65e88fb,clean,1,167.85040283203125
1,sid_tampered,tampered,unknown,train,59a65f33e65e88fb,jpeg70,1,167.22479248046875
1,sid_tampered,tampered,unknown,train,59a65f33e65e88fb,noise002,1,167.61277770996094
1,sid_tampered,tampered,unknown,train,59a65f33e65e88fb,crop08,1,199.7488555908203
1,sid_tampered,tampered,unknown,train,70897a2e047b19fa,blur10,1,101.41934967041016
1,sid_tampered,tampered,unknown,train,d6e1124e44491d63,clean,1,127.10091400146484
1,sid_tampered,tampered,unknown,train,d6e1124e44491d63,jpeg30,1,127.16929626464844
1,sid_tampered,tampered,unknown,train,d6e1124e44491d63,resize05,1,127.10003662109375
1,sid_tampered,tampered,unknown,train,d6e1124e44491d63,jitter02,1,127.3386459350586
1,sid_tampered,tampered,unknown,train,f2f89c3f8ecc1841,crop08,1,76.89623260498047
1,sid_tampered,tampered,unknown,train,f42207ea675c9546,clean,1,164.16726684570312
1,sid_tampered,tampered,unknown,train,f42207ea675c9546,blur05,1,164.2521514892578
1,sid_tampered,tampered,unknown,train,f42207ea675c9546,resize025,1,163.8877410888672
1,sid_tampered,tampered,unknown,train,fde63b0d1d02f6a9,clean,1,75.31314086914062
1,sid_tampered,tampered,unknown,train,fde63b0d1d02f6a9,jpeg90,1,79.5369873046875
1,sid_tampered,tampered,unknown,train,fde63b0d1d02f6a9,jpeg70,1,73.9320297241211
1,sid_tampered,tampered,unknown,train,fde63b0d1d02f6a9,blur10,1,80.442138671875
1,sid_tampered,tampered,unknown,train,f7b5811d0be331fb,clean,1,90.03250122070312
1,sid_tampered,tampered,unknown,train,f7b5811d0be331fb,blur20,1,88.94017028808594
1,sid_tampered,tampered,unknown,train,f7b5811d0be331fb,noise01,1,92.57344818115234
1,sid_tampered,tampered,unknown,train,f7b5811d0be331fb,jitter02,1,90.11245727539062
1,sid_tampered,tampered,unknown,train,a36c393e30b79c09,crop08,1,86.78214263916016
1,sid_tampered,tampered,unknown,train,b1a8bc6da955a39c,crop08,1,197.87684631347656
1,sid_tampered,tampered,unknown,train,d53f795f5c10095e,clean,1,427.8570861816406
1,sid_tampered,tampered,unknown,train,d53f795f5c10095e,blur20,1,419.104248046875
1,sid_tampered,tampered,unknown,train,d53f795f5c10095e,resize025,1,422.12713623046875
1,sid_tampered,tampered,unknown,train,d53f795f5c10095e,crop08,1,526.1776123046875
1,sid_tampered,tampered,unknown,train,019580739fc04516,clean,1,163.99972534179688
1,sid_tampered,tampered,unknown,train,019580739fc04516,blur10,1,164.19029235839844
1,sid_tampered,tampered,unknown,train,019580739fc04516,resize05,1,164.1611328125
1,sid_tampered,tampered,unknown,train,98cba8e257efdb29,jpeg30,1,98.94943237304688
1,sid_tampered,tampered,unknown,train,1196d8e489e626cb,clean,1,416.4223937988281
1,sid_tampered,tampered,unknown,train,1196d8e489e626cb,blur10,1,417.3891296386719
1,sid_tampered,tampered,unknown,train,1196d8e489e626cb,resize05,1,415.8338623046875
1,sid_tampered,tampered,unknown,train,1196d8e489e626cb,jitter02,1,416.56634521484375
1,sid_tampered,tampered,unknown,train,2d7d7efc6a0a3563,clean,1,92.12157440185547
1,sid_tampered,tampered,unknown,train,2d7d7efc6a0a3563,jpeg90,1,91.84506225585938
1,sid_tampered,tampered,unknown,train,2d7d7efc6a0a3563,jpeg70,1,92.1056137084961
1,sid_tampered,tampered,unknown,train,2d7d7efc6a0a3563,noise005,1,92.39216613769531
1,sid_tampered,tampered,unknown,train,7e9cee81f1df850e,crop08,1,277.5375061035156
1,sid_tampered,tampered,unknown,train,c44bed0410b3fc12,clean,1,237.0030975341797
1,sid_tampered,tampered,unknown,train,c44bed0410b3fc12,jpeg90,1,237.17987060546875
1,sid_tampered,tampered,unknown,train,c44bed0410b3fc12,jpeg30,1,246.021484375
1,sid_tampered,tampered,unknown,train,c44bed0410b3fc12,jitter02,1,245.49549865722656
1,sid_tampered,tampered,unknown,train,aa0aaf65d11bea0e,clean,1,207.20533752441406
1,sid_tampered,tampered,unknown,train,aa0aaf65d11bea0e,jpeg50,1,207.54444885253906
1,sid_tampered,tampered,unknown,train,aa0aaf65d11bea0e,blur05,1,207.40164184570312
1,sid_tampered,tampered,unknown,train,aa0aaf65d11bea0e,jitter02,1,205.39401245117188
1,sid_tampered,tampered,unknown,train,c62f440c24495061,clean,1,64.36920166015625
1,sid_tampered,tampered,unknown,train,c62f440c24495061,jitter02,1,64.47431945800781
1,sid_tampered,tampered,unknown,train,db5925dc7d9a5c77,clean,1,94.71693420410156
1,sid_tampered,tampered,unknown,train,db5925dc7d9a5c77,jpeg70,1,94.46183776855469
1,sid_tampered,tampered,unknown,train,db5925dc7d9a5c77,jpeg30,1,94.58106231689453
1,sid_tampered,tampered,unknown,train,db5925dc7d9a5c77,blur10,1,94.3119125366211
1,sid_tampered,tampered,unknown,train,7045d626e9f171c7,clean,1,72.41179656982422
1,sid_tampered,tampered,unknown,train,7045d626e9f171c7,jpeg70,1,72.4671401977539
1,sid_tampered,tampered,unknown,train,7045d626e9f171c7,blur05,1,72.2174072265625
1,sid_tampered,tampered,unknown,train,7045d626e9f171c7,noise002,1,72.1880111694336
1,sid_tampered,tampered,unknown,train,598e3ba82c8fb6d4,clean,1,76.4780044555664
1,sid_tampered,tampered,unknown,train,598e3ba82c8fb6d4,jpeg30,1,76.93124389648438
1,sid_tampered,tampered,unknown,train,598e3ba82c8fb6d4,blur10,1,77.21300506591797
1,sid_tampered,tampered,unknown,train,598e3ba82c8fb6d4,noise005,1,76.90380859375
1,sid_tampered,tampered,unknown,train,736f510498a1a937,clean,1,84.15046691894531
1,sid_tampered,tampered,unknown,train,736f510498a1a937,jpeg30,1,85.05024719238281
1,sid_tampered,tampered,unknown,train,736f510498a1a937,blur20,1,83.2480697631836
1,sid_tampered,tampered,unknown,train,736f510498a1a937,noise002,1,84.4754409790039
1,sid_tampered,tampered,unknown,train,1750699be4d5d622,clean,1,149.96731567382812
1,sid_tampered,tampered,unknown,train,1750699be4d5d622,jpeg50,1,149.0547637939453
1,sid_tampered,tampered,unknown,train,1750699be4d5d622,resize05,1,149.40792846679688
1,sid_tampered,tampered,unknown,train,1750699be4d5d622,noise002,1,149.1611785888672
