label,source,subclass,generator,split,image_id,variant
1,wildfake_midjourney,full_synthetic,midjourney,train,4593b0a0f71fa50d,clean
1,wildfake_midjourney,full_synthetic,midjourney,train,4593b0a0f71fa50d,jpeg30
1,wildfake_midjourney,full_synthetic,midjourney,train,4593b0a0f71fa50d,resize025
1,wildfake_midjourney,full_synthetic,midjourney,train,4593b0a0f71fa50d,jitter02
1,wildfake_midjourney,full_synthetic,midjourney,train,7bf6c1bd2fcfbc61,clean
1,wildfake_midjourney,full_synthetic,midjourney,train,7bf6c1bd2fcfbc61,blur10
1,wildfake_midjourney,full_synthetic,midjourney,train,7bf6c1bd2fcfbc61,blur20
1,wildfake_midjourney,full_synthetic,midjourney,train,7bf6c1bd2fcfbc61,noise01
1,wildfake_midjourney,full_synthetic,midjourney,train,0c750364b6db587d,clean
1,wildfake_midjourney,full_synthetic,midjourney,train,0c750364b6db587d,blur05
1,wildfake_midjourney,full_synthetic,midjourney,train,0c750364b6db587d,resize05
1,wildfake_midjourney,full_synthetic,midjourney,train,0c750364b6db587d,noise01
1,wildfake_midjourney,full_synthetic,midjourney,train,192819e06e738ebc,clean
1,wildfake_midjourney,full_synthetic,midjourney,train,192819e06e738ebc,blur20
1,wildfake_midjourney,full_synthetic,midjourney,train,192819e06e738ebc,noise01
1,wildfake_midjourney,full_synthetic,midjourney,train,192819e06e738ebc,jitter02
1,wildfake_midjourney,full_synthetic,midjourney,train,b1b50382783de29b,clean
1,wildfake_midjourney,full_synthetic,midjourney,train,b1b50382783de29b,jpeg70
1,wildfake_midjourney,full_synthetic,midjourney,train,b1b50382783de29b,jpeg30
1,wildfake_midjourney,full_synthetic,midjourney,train,b1b50382783de29b,blur10
1,wildfake_midjourney,full_synthetic,midjourney,train,7f26b6261faf3840,clean
1,wildfake_midjourney,full_synthetic,midjourney,train,7f26b6261faf3840,resize05
1,wildfake_midjourney,full_synthetic,midjourney,train,7f26b6261faf3840,noise002
1,wildfake_midjourney,full_synthetic,midjourney,train,7f26b6261faf3840,noise01
1,wildfake_midjourney,full_synthetic,midjourney,train,d00fe61e72bd47b7,clean
1,wildfake_midjourney,full_synthetic,midjourney,train,d00fe61e72bd47b7,jpeg90
1,wildfake_midjourney,full_synthetic,midjourney,train,d00fe61e72bd47b7,jpeg30
1,wildfake_midjourney,full_synthetic,midjourney,train,d00fe61e72bd47b7,noise005
1,wildfake_midjourney,full_synthetic,midjourney,train,42042ceb9a4e83ee,clean
1,wildfake_midjourney,full_synthetic,midjourney,train,42042ceb9a4e83ee,resize025
1,wildfake_midjourney,full_synthetic,midjourney,train,42042ceb9a4e83ee,jitter02
1,wildfake_midjourney,full_synthetic,midjourney,train,42042ceb9a4e83ee,crop08
1,wildfake_midjourney,full_synthetic,midjourney,train,cbac7ad8c4fefd5e,clean
1,wildfake_midjourney,full_synthetic,midjourney,train,cbac7ad8c4fefd5e,blur20
1,wildfake_midjourney,full_synthetic,midjourney,train,cbac7ad8c4fefd5e,jitter02
1,wildfake_midjourney,full_synthetic,midjourney,train,cbac7ad8c4fefd5e,crop08
1,wildfake_midjourney,full_synthetic,midjourney,train,471193d8a7df0dc0,clean
1,wildfake_midjourney,full_synthetic,midjourney,train,471193d8a7df0dc0,jpeg30
1,wildfake_midjourney,full_synthetic,midjourney,train,471193d8a7df0dc0,noise005
1,wildfake_midjourney,full_synthetic,midjourney,train,471193d8a7df0dc0,noise01
1,wildfake_midjourney,full_synthetic,midjourney,train,4e887100aac335b6,clean
1,wildfake_midjourney,full_synthetic,midjourney,train,4e887100aac335b6,resize05
1,wildfake_midjourney,full_synthetic,midjourney,train,4e887100aac335b6,noise005
1,wildfake_midjourney,full_synthetic,midjourney,train,4e887100aac335b6,noise01
1,wildfake_midjourney,full_synthetic,midjourney,train,d50588a8c0884eb6,clean
1,wildfake_midjourney,full_synthetic,midjourney,train,d50588a8c0884eb6,jpeg90
1,wildfake_midjourney,full_synthetic,midjourney,train,d50588a8c0884eb6,jpeg50
1,wildfake_midjourney,full_synthetic,midjourney,train,d50588a8c0884eb6,jitter02
1,wildfake_midjourney,full_synthetic,midjourney,train,71b0c9dd63a1d70a,clean
1,wildfake_midjourney,full_synthetic,midjourney,train,71b0c9dd63a1d70a,blur05
1,wildfake_midjourney,full_synthetic,midjourney,train,71b0c9dd63a1d70a,blur10
1,wildfake_midjourney,full_synthetic,midjourney,train,71b0c9dd63a1d70a,resize025
1,wildfake_midjourney,full_synthetic,midjourney,train,9ea1f658fc279b95,clean
1,wildfake_midjourney,full_synthetic,midjourney,train,9ea1f658fc279b95,jpeg70
1,wildfake_midjourney,full_synthetic,midjourney,train,9ea1f658fc279b95,resize05
1,wildfake_midjourney,full_synthetic,midjourney,train,9ea1f658fc279b95,crop08
1,wildfake_midjourney,full_synthetic,midjourney,train,14fb6bd5c45ebac9,clean
1,wildfake_midjourney,full_synthetic,midjourney,train,14fb6bd5c45ebac9,blur10
1,wildfake_midjourney,full_synthetic,midjourney,train,14fb6bd5c45ebac9,blur20
1,wildfake_midjourney,full_synthetic,midjourney,train,14fb6bd5c45ebac9,crop08
1,wildfake_midjourney,full_synthetic,midjourney,train,5b7ecca98254672f,clean
1,wildfake_midjourney,full_synthetic,midjourney,train,5b7ecca98254672f,jpeg30
1,wildfake_midjourney,full_synthetic,midjourney,train,5b7ecca98254672f,resize05
1,wildfake_midjourney,full_synthetic,midjourney,train,5b7ecca98254672f,crop08
1,wildfake_midjourney,full_synthetic,midjourney,train,c8a3fca2da72712e,clean
1,wildfake_midjourney,full_synthetic,midjourney,train,c8a3fca2da72712e,jpeg90
1,wildfake_midjourney,full_synthetic,midjourney,train,c8a3fca2da72712e,noise005
1,wildfake_midjourney,full_synthetic,midjourney,train,c8a3fca2da72712e,crop08
1,wildfake_midjourney,full_synthetic,midjourney,train,bebe41c07c41f345,clean
1,wildfake_midjourney,full_synthetic,midjourney,train,bebe41c07c41f345,jpeg90
1,wildfake_midjourney,full_synthetic,midjourney,train,bebe41c07c41f345,resize05
1,wildfake_midjourney,full_synthetic,midjourney,train,bebe41c07c41f345,noise005
1,wildfake_midjourney,full_synthetic,midjourney,train,32233f3be270f7f1,clean
1,wildfake_midjourney,full_synthetic,midjourney,train,32233f3be270f7f1,jpeg50
1,wildfake_midjourney,full_synthetic,midjourney,train,32233f3be270f7f1,blur10
1,wildfake_midjourney,full_synthetic,midjourney,train,32233f3be270f7f1,noise005
1,wildfake_midjourney,full_synthetic,midjourney,train,935ed478b42bde97,clean
1,wildfake_midjourney,full_synthetic,midjourney,train,935ed478b42bde97,jpeg50
1,wildfake_midjourney,full_synthetic,midjourney,train,935ed478b42bde97,jpeg30
1,wildfake_midjourney,full_synthetic,midjourney,train,935ed478b42bde97,noise01
1,wildfake_midjourney,full_synthetic,midjourney,train,ba2d3bdeabd98d62,clean
1,wildfake_midjourney,full_synthetic,midjourney,train,ba2d3bdeabd98d62,jpeg30
1,wildfake_midjourney,full_synthetic,midjourney,train,ba2d3bdeabd98d62,resize05
1,wildfake_midjourney,full_synthetic,midjourney,train,ba2d3bdeabd98d62,noise01
1,wildfake_midjourney,full_synthetic,midjourney,train,2a9098a77819f9c1,clean
1,wildfake_midjourney,full_synthetic,midjourney,train,2a9098a77819f9c1,blur05
1,wildfake_midjourney,full_synthetic,midjourney,train,2a9098a77819f9c1,blur20
1,wildfake_midjourney,full_synthetic,midjourney,train,2a9098a77819f9c1,noise01
1,wildfake_midjourney,full_synthetic,midjourney,train,4ae4ce8da79bb603,clean
1,wildfake_midjourney,full_synthetic,midjourney,train,4ae4ce8da79bb603,jpeg70
1,wildfake_midjourney,full_synthetic,midjourney,train,4ae4ce8da79bb603,blur10
1,wildfake_midjourney,full_synthetic,midjourney,train,4ae4ce8da79bb603,noise01
1,wildfake_midjourney,full_synthetic,midjourney,train,afcf0d0c2d820428,clean
1,wildfake_midjourney,full_synthetic,midjourney,train,afcf0d0c2d820428,jpeg70
1,wildfake_midjourney,full_synthetic,midjourney,train,afcf0d0c2d820428,jitter02
1,wildfake_midjourney,full_synthetic,midjourney,train,afcf0d0c2d820428,crop08
1,wildfake_midjourney,full_synthetic,midjourney,train,92be40fffacfda6d,clean
1,wildfake_midjourney,full_synthetic,midjourney,train,92be40fffacfda6d,jpeg50
1,wildfake_midjourney,full_synthetic,midjourney,train,92be40fffacfda6d,jitter02
1,wildfake_midjourney,full_synthetic,midjourney,train,92be40fffacfda6d,crop08
1,wildfake_midjourney,full_synthetic,midjourney,train,e3c20b5d2e9324b2,clean
1,wildfake_midjourney,full_synthetic,midjourney,train,e3c20b5d2e9324b2,jpeg50
1,wildfake_midjourney,full_synthetic,midjourney,train,e3c20b5d2e9324b2,noise005
1,wildfake_midjourney,full_synthetic,midjourney,train,e3c20b5d2e9324b2,crop08
1,wildfake_midjourney,full_synthetic,midjourney,train,99c9ea544da70377,clean
1,wildfake_midjourney,full_synthetic,midjourney,train,99c9ea544da70377,jpeg50
1,wildfake_midjourney,full_synthetic,midjourney,train,99c9ea544da70377,blur05
1,wildfake_midjourney,full_synthetic,midjourney,train,99c9ea544da70377,resize05
1,wildfake_midjourney,full_synthetic,midjourney,train,627ef32333b357cc,clean
1,wildfake_midjourney,full_synthetic,midjourney,train,627ef32333b357cc,jpeg90
1,wildfake_midjourney,full_synthetic,midjourney,train,627ef32333b357cc,jpeg30
1,wildfake_midjourney,full_synthetic,midjourney,train,627ef32333b357cc,crop08
1,wildfake_midjourney,full_synthetic,midjourney,train,b0268ddfa518b721,clean
1,wildfake_midjourney,full_synthetic,midjourney,train,b0268ddfa518b721,blur10
1,wildfake_midjourney,full_synthetic,midjourney,train,b0268ddfa518b721,noise01
1,wildfake_midjourney,full_synthetic,midjourney,train,b0268ddfa518b721,crop08
1,wildfake_midjourney,full_synthetic,midjourney,train,7a244cf14617ed78,clean
1,wildfake_midjourney,full_synthetic,midjourney,train,7a244cf14617ed78,blur05
1,wildfake_midjourney,full_synthetic,midjourney,train,7a244cf14617ed78,blur20
1,wildfake_midjourney,full_synthetic,midjourney,train,7a244cf14617ed78,crop08
1,wildfake_midjourney,full_synthetic,midjourney,train,86b107019229cee5,clean
1,wildfake_midjourney,full_synthetic,midjourney,train,86b107019229cee5,jpeg70
1,wildfake_midjourney,full_synthetic,midjourney,train,86b107019229cee5,blur05
1,wildfake_midjourney,full_synthetic,midjourney,train,86b107019229cee5,jitter02
1,wildfake_midjourney,full_synthetic,midjourney,train,3113ec7210d7c009,clean
1,wildfake_midjourney,full_synthetic,midjourney,train,3113ec7210d7c009,jpeg70
1,wildfake_midjourney,full_synthetic,midjourney,train,3113ec7210d7c009,jpeg50
1,wildfake_midjourney,full_synthetic,midjourney,train,3113ec7210d7c009,jitter02
1,wildfake_midjourney,full_synthetic,midjourney,train,8a0f9f0799fef29f,clean
1,wildfake_midjourney,full_synthetic,midjourney,train,8a0f9f0799fef29f,jpeg50
1,wildfake_midjourney,full_synthetic,midjourney,train,8a0f9f0799fef29f,blur20
1,wildfake_midjourney,full_synthetic,midjourney,train,8a0f9f0799fef29f,noise01
1,wildfake_midjourney,full_synthetic,midjourney,train,ccccb36ff9db4923,clean
1,wildfake_midjourney,full_synthetic,midjourney,train,ccccb36ff9db4923,blur05
1,wildfake_midjourney,full_synthetic,midjourney,train,ccccb36ff9db4923,blur20
1,wildfake_midjourney,full_synthetic,midjourney,train,ccccb36ff9db4923,resize05
1,wildfake_midjourney,full_synthetic,midjourney,train,3a46c682df01defc,clean
1,wildfake_midjourney,full_synthetic,midjourney,train,3a46c682df01defc,jpeg90
1,wildfake_midjourney,full_synthetic,midjourney,train,3a46c682df01defc,jpeg70
1,wildfake_midjourney,full_synthetic,midjourney,train,3a46c682df01defc,blur05
1,wildfake_midjourney,full_synthetic,midjourney,train,cf98e0716a257274,clean
1,wildfake_midjourney,full_synthetic,midjourney,train,cf98e0716a257274,blur05
1,wildfake_midjourney,full_synthetic,midjourney,train,cf98e0716a257274,blur20
1,wildfake_midjourney,full_synthetic,midjourney,train,cf98e0716a257274,noise01
1,wildfake_midjourney,full_synthetic,midjourney,train,799640c334f4b144,clean
1,wildfake_midjourney,full_synthetic,midjourney,train,799640c334f4b144,jpeg90
1,wildfake_midjourney,full_synthetic,midjourney,train,799640c334f4b144,jpeg30
1,wildfake_midjourney,full_synthetic,midjourney,train,799640c334f4b144,noise005
1,wildfake_midjourney,full_synthetic,midjourney,train,95e9f9e736821160,clean
1,wildfake_midjourney,full_synthetic,midjourney,train,95e9f9e736821160,jpeg70
1,wildfake_midjourney,full_synthetic,midjourney,train,95e9f9e736821160,blur05
1,wildfake_midjourney,full_synthetic,midjourney,train,95e9f9e736821160,resize025
1,wildfake_midjourney,full_synthetic,midjourney,train,1425b144d5a90032,clean
1,wildfake_midjourney,full_synthetic,midjourney,train,1425b144d5a90032,jpeg50
1,wildfake_midjourney,full_synthetic,midjourney,train,1425b144d5a90032,jpeg30
1,wildfake_midjourney,full_synthetic,midjourney,train,1425b144d5a90032,resize025
1,wildfake_midjourney,full_synthetic,midjourney,train,01b1bba5b46e5666,clean
1,wildfake_midjourney,full_synthetic,midjourney,train,01b1bba5b46e5666,jpeg90
1,wildfake_midjourney,full_synthetic,midjourney,train,01b1bba5b46e5666,blur05
1,wildfake_midjourney,full_synthetic,midjourney,train,01b1bba5b46e5666,noise002
1,wildfake_midjourney,full_synthetic,midjourney,train,5b6439ad3b3c0aec,clean
1,wildfake_midjourney,full_synthetic,midjourney,train,5b6439ad3b3c0aec,jpeg90
1,wildfake_midjourney,full_synthetic,midjourney,train,5b6439ad3b3c0aec,jpeg50
1,wildfake_midjourney,full_synthetic,midjourney,train,5b6439ad3b3c0aec,resize025
1,wildfake_midjourney,full_synthetic,midjourney,train,7bf42f7cae4b0b5a,clean
1,wildfake_midjourney,full_synthetic,midjourney,train,7bf42f7cae4b0b5a,blur20
1,wildfake_midjourney,full_synthetic,midjourney,train,7bf42f7cae4b0b5a,noise005
1,wildfake_midjourney,full_synthetic,midjourney,train,7bf42f7cae4b0b5a,noise01
1,wildfake_midjourney,full_synthetic,midjourney,train,7fa406f39e9dd323,clean
1,wildfake_midjourney,full_synthetic,midjourney,train,7fa406f39e9dd323,blur05
1,wildfake_midjourney,full_synthetic,midjourney,train,7fa406f39e9dd323,resize05
1,wildfake_midjourney,full_synthetic,midjourney,train,7fa406f39e9dd323,noise01
1,wildfake_midjourney,full_synthetic,midjourney,train,ffc05211626ca5e6,clean
1,wildfake_midjourney,full_synthetic,midjourney,train,ffc05211626ca5e6,jpeg30
1,wildfake_midjourney,full_synthetic,midjourney,train,ffc05211626ca5e6,blur20
1,wildfake_midjourney,full_synthetic,midjourney,train,ffc05211626ca5e6,noise005
1,wildfake_midjourney,full_synthetic,midjourney,train,436a71551077ac5a,clean
1,wildfake_midjourney,full_synthetic,midjourney,train,436a71551077ac5a,jpeg90
1,wildfake_midjourney,full_synthetic,midjourney,train,436a71551077ac5a,blur05
1,wildfake_midjourney,full_synthetic,midjourney,train,436a71551077ac5a,blur20
1,wildfake_midjourney,full_synthetic,midjourney,train,ec5fb06f8475554a,clean
1,wildfake_midjourney,full_synthetic,midjourney,train,ec5fb06f8475554a,resize05
1,wildfake_midjourney,full_synthetic,midjourney,train,ec5fb06f8475554a,resize025
1,wildfake_midjourney,full_synthetic,midjourney,train,ec5fb06f8475554a,noise002
1,wildfake_midjourney,full_synthetic,midjourney,train,6dbf08e85aa2e061,clean
1,wildfake_midjourney,full_synthetic,midjourney,train,6dbf08e85aa2e061,jpeg70
1,wildfake_midjourney,full_synthetic,midjourney,train,6dbf08e85aa2e061,jpeg50
1,wildfake_midjourney,full_synthetic,midjourney,train,6dbf08e85aa2e061,blur10
1,wildfake_midjourney,full_synthetic,midjourney,train,9f70df8ced2be0b6,clean
1,wildfake_midjourney,full_synthetic,midjourney,train,9f70df8ced2be0b6,jpeg90
1,wildfake_midjourney,full_synthetic,midjourney,train,9f70df8ced2be0b6,jpeg50
1,wildfake_midjourney,full_synthetic,midjourney,train,9f70df8ced2be0b6,noise005
1,wildfake_midjourney,full_synthetic,midjourney,train,fadfadfa610c607a,clean
1,wildfake_midjourney,full_synthetic,midjourney,train,fadfadfa610c607a,jpeg90
1,wildfake_midjourney,full_synthetic,midjourney,train,fadfadfa610c607a,blur05
1,wildfake_midjourney,full_synthetic,midjourney,train,fadfadfa610c607a,noise01
1,wildfake_midjourney,full_synthetic,midjourney,train,0b8603084b611e2b,clean
1,wildfake_midjourney,full_synthetic,midjourney,train,0b8603084b611e2b,blur05
1,wildfake_midjourney,full_synthetic,midjourney,train,0b8603084b611e2b,blur20
1,wildfake_midjourney,full_synthetic,midjourney,train,0b8603084b611e2b,resize025
1,wildfake_midjourney,full_synthetic,midjourney,train,9fa4601cedeb778f,clean
1,wildfake_midjourney,full_synthetic,midjourney,train,9fa4601cedeb778f,blur20
1,wildfake_midjourney,full_synthetic,midjourney,train,9fa4601cedeb778f,noise01
1,wildfake_midjourney,full_synthetic,midjourney,train,9fa4601cedeb778f,jitter02
1,wildfake_midjourney,full_synthetic,midjourney,train,b9bef4d603e38796,clean
1,wildfake_midjourney,full_synthetic,midjourney,train,b9bef4d603e38796,blur20
1,wildfake_midjourney,full_synthetic,midjourney,train,b9bef4d603e38796,noise002
1,wildfake_midjourney,full_synthetic,midjourney,train,b9bef4d603e38796,crop08
1,wildfake_midjourney,full_synthetic,midjourney,train,e1cdfd6479b4ecf7,clean
1,wildfake_midjourney,full_synthetic,midjourney,train,e1cdfd6479b4ecf7,jpeg70
1,wildfake_midjourney,full_synthetic,midjourney,train,e1cdfd6479b4ecf7,blur10
1,wildfake_midjourney,full_synthetic,midjourney,train,e1cdfd6479b4ecf7,jitter02
1,wildfake_midjourney,full_synthetic,midjourney,train,e2760448fc587804,clean
1,wildfake_midjourney,full_synthetic,midjourney,train,e2760448fc587804,jpeg90
1,wildfake_midjourney,full_synthetic,midjourney,train,e2760448fc587804,jpeg50
1,wildfake_midjourney,full_synthetic,midjourney,train,e2760448fc587804,crop08
1,wildfake_midjourney,full_synthetic,midjourney,train,289dacc318acc584,clean
1,wildfake_midjourney,full_synthetic,midjourney,train,289dacc318acc584,jpeg90
1,wildfake_midjourney,full_synthetic,midjourney,train,289dacc318acc584,resize05
1,wildfake_midjourney,full_synthetic,midjourney,train,289dacc318acc584,crop08
1,wildfake_midjourney,full_synthetic,midjourney,train,b98f7f93df108ab9,clean
1,wildfake_midjourney,full_synthetic,midjourney,train,b98f7f93df108ab9,jpeg90
1,wildfake_midjourney,full_synthetic,midjourney,train,b98f7f93df108ab9,noise01
1,wildfake_midjourney,full_synthetic,midjourney,train,b98f7f93df108ab9,crop08
1,wildfake_midjourney,full_synthetic,midjourney,train,b01457e3153d03ee,clean
1,wildfake_midjourney,full_synthetic,midjourney,train,b01457e3153d03ee,blur05
1,wildfake_midjourney,full_synthetic,midjourney,train,b01457e3153d03ee,blur10
1,wildfake_midjourney,full_synthetic,midjourney,train,b01457e3153d03ee,crop08
1,wildfake_midjourney,full_synthetic,midjourney,train,12e263eb80761014,clean
1,wildfake_midjourney,full_synthetic,midjourney,train,12e263eb80761014,jpeg30
1,wildfake_midjourney,full_synthetic,midjourney,train,12e263eb80761014,blur20
1,wildfake_midjourney,full_synthetic,midjourney,train,12e263eb80761014,crop08
1,wildfake_midjourney,full_synthetic,midjourney,train,e79a4610d06616cf,clean
1,wildfake_midjourney,full_synthetic,midjourney,train,e79a4610d06616cf,noise005
1,wildfake_midjourney,full_synthetic,midjourney,train,e79a4610d06616cf,jitter02
1,wildfake_midjourney,full_synthetic,midjourney,train,e79a4610d06616cf,crop08
1,wildfake_midjourney,full_synthetic,midjourney,train,057fe71192495f23,clean
1,wildfake_midjourney,full_synthetic,midjourney,train,057fe71192495f23,jpeg30
1,wildfake_midjourney,full_synthetic,midjourney,train,057fe71192495f23,resize025
1,wildfake_midjourney,full_synthetic,midjourney,train,057fe71192495f23,noise005
1,wildfake_midjourney,full_synthetic,midjourney,train,1f69d2318db7c4e1,clean
1,wildfake_midjourney,full_synthetic,midjourney,train,1f69d2318db7c4e1,blur10
1,wildfake_midjourney,full_synthetic,midjourney,train,1f69d2318db7c4e1,noise005
1,wildfake_midjourney,full_synthetic,midjourney,train,1f69d2318db7c4e1,crop08
1,wildfake_midjourney,full_synthetic,midjourney,train,a663702454a931d7,clean
1,wildfake_midjourney,full_synthetic,midjourney,train,a663702454a931d7,jpeg50
1,wildfake_midjourney,full_synthetic,midjourney,train,a663702454a931d7,blur05
1,wildfake_midjourney,full_synthetic,midjourney,train,a663702454a931d7,crop08
1,wildfake_midjourney,full_synthetic,midjourney,train,41068073316eba3e,clean
1,wildfake_midjourney,full_synthetic,midjourney,train,41068073316eba3e,blur10
1,wildfake_midjourney,full_synthetic,midjourney,train,41068073316eba3e,blur20
1,wildfake_midjourney,full_synthetic,midjourney,train,41068073316eba3e,noise002
1,wildfake_midjourney,full_synthetic,midjourney,train,fd6cdc02e9174db5,clean
1,wildfake_midjourney,full_synthetic,midjourney,train,fd6cdc02e9174db5,jpeg90
1,wildfake_midjourney,full_synthetic,midjourney,train,fd6cdc02e9174db5,jpeg50
1,wildfake_midjourney,full_synthetic,midjourney,train,fd6cdc02e9174db5,noise002
1,wildfake_midjourney,full_synthetic,midjourney,train,d1bf72146f9c83eb,clean
1,wildfake_midjourney,full_synthetic,midjourney,train,d1bf72146f9c83eb,resize025
1,wildfake_midjourney,full_synthetic,midjourney,train,d1bf72146f9c83eb,noise01
1,wildfake_midjourney,full_synthetic,midjourney,train,d1bf72146f9c83eb,crop08
1,wildfake_midjourney,full_synthetic,midjourney,train,085162a063ef64fc,clean
1,wildfake_midjourney,full_synthetic,midjourney,train,085162a063ef64fc,resize05
1,wildfake_midjourney,full_synthetic,midjourney,train,085162a063ef64fc,resize025
1,wildfake_midjourney,full_synthetic,midjourney,train,085162a063ef64fc,noise002
1,wildfake_midjourney,full_synthetic,midjourney,train,94cdecf131e5b2c2,clean
1,wildfake_midjourney,full_synthetic,midjourney,train,94cdecf131e5b2c2,jpeg90
1,wildfake_midjourney,full_synthetic,midjourney,train,94cdecf131e5b2c2,jpeg30
1,wildfake_midjourney,full_synthetic,midjourney,train,94cdecf131e5b2c2,noise01
1,wildfake_midjourney,full_synthetic,midjourney,train,d2030de19bf91906,clean
1,wildfake_midjourney,full_synthetic,midjourney,train,d2030de19bf91906,jpeg30
1,wildfake_midjourney,full_synthetic,midjourney,train,d2030de19bf91906,blur10
1,wildfake_midjourney,full_synthetic,midjourney,train,d2030de19bf91906,jitter02
1,wildfake_midjourney,full_synthetic,midjourney,train,e24f096d0b8e4708,clean
1,wildfake_midjourney,full_synthetic,midjourney,train,e24f096d0b8e4708,jpeg50
1,wildfake_midjourney,full_synthetic,midjourney,train,e24f096d0b8e4708,blur05
1,wildfake_midjourney,full_synthetic,midjourney,train,e24f096d0b8e4708,noise01
1,wildfake_midjourney,full_synthetic,midjourney,train,08ab5fdd97d17683,clean
1,wildfake_midjourney,full_synthetic,midjourney,train,08ab5fdd97d17683,blur10
1,wildfake_midjourney,full_synthetic,midjourney,train,08ab5fdd97d17683,blur20
1,wildfake_midjourney,full_synthetic,midjourney,train,08ab5fdd97d17683,noise01
1,wildfake_midjourney,full_synthetic,midjourney,train,f2927cf2f75148c5,clean
1,wildfake_midjourney,full_synthetic,midjourney,train,f2927cf2f75148c5,jpeg50
1,wildfake_midjourney,full_synthetic,midjourney,train,f2927cf2f75148c5,resize025
1,wildfake_midjourney,full_synthetic,midjourney,train,f2927cf2f75148c5,noise002
1,wildfake_midjourney,full_synthetic,midjourney,train,b080e8f1bba0b642,clean
1,wildfake_midjourney,full_synthetic,midjourney,train,b080e8f1bba0b642,jpeg30
1,wildfake_midjourney,full_synthetic,midjourney,train,b080e8f1bba0b642,blur10
1,wildfake_midjourney,full_synthetic,midjourney,train,b080e8f1bba0b642,noise01
1,wildfake_midjourney,full_synthetic,midjourney,train,f6dff5ad1f312e87,clean
1,wildfake_midjourney,full_synthetic,midjourney,train,f6dff5ad1f312e87,resize05
1,wildfake_midjourney,full_synthetic,midjourney,train,f6dff5ad1f312e87,resize025
1,wildfake_midjourney,full_synthetic,midjourney,train,f6dff5ad1f312e87,noise005
1,wildfake_midjourney,full_synthetic,midjourney,train,92769f04b73378e7,clean
1,wildfake_midjourney,full_synthetic,midjourney,train,92769f04b73378e7,resize05
1,wildfake_midjourney,full_synthetic,midjourney,train,92769f04b73378e7,resize025
1,wildfake_midjourney,full_synthetic,midjourney,train,92769f04b73378e7,crop08
1,wildfake_midjourney,full_synthetic,midjourney,train,7488bbbc21d5ee61,clean
1,wildfake_midjourney,full_synthetic,midjourney,train,7488bbbc21d5ee61,jpeg70
1,wildfake_midjourney,full_synthetic,midjourney,train,7488bbbc21d5ee61,resize025
1,wildfake_midjourney,full_synthetic,midjourney,train,7488bbbc21d5ee61,noise002
1,wildfake_midjourney,full_synthetic,midjourney,train,222898bd4503441d,clean
1,wildfake_midjourney,full_synthetic,midjourney,train,222898bd4503441d,jpeg70
1,wildfake_midjourney,full_synthetic,midjourney,train,222898bd4503441d,jpeg30
1,wildfake_midjourney,full_synthetic,midjourney,train,222898bd4503441d,noise01
1,wildfake_midjourney,full_synthetic,midjourney,train,e6fb411af02a2e36,clean
1,wildfake_midjourney,full_synthetic,midjourney,train,e6fb411af02a2e36,jpeg50
1,wildfake_midjourney,full_synthetic,midjourney,train,e6fb411af02a2e36,blur05
1,wildfake_midjourney,full_synthetic,midjourney,train,e6fb411af02a2e36,jitter02
1,wildfake_midjourney,full_synthetic,midjourney,train,f56193f732711dda,clean
1,wildfake_midjourney,full_synthetic,midjourney,train,f56193f732711dda,jpeg90
1,wildfake_midjourney,full_synthetic,midjourney,train,f56193f732711dda,blur10
1,wildfake_midjourney,full_synthetic,midjourney,train,f56193f732711dda,jitter02
1,wildfake_midjourney,full_synthetic,midjourney,train,484cfe0e9bce3169,clean
1,wildfake_midjourney,full_synthetic,midjourney,train,484cfe0e9bce3169,jpeg50
1,wildfake_midjourney,full_synthetic,midjourney,train,484cfe0e9bce3169,blur05
1,wildfake_midjourney,full_synthetic,midjourney,train,484cfe0e9bce3169,crop08
1,wildfake_midjourney,full_synthetic,midjourney,train,c2ce1634728fec85,clean
1,wildfake_midjourney,full_synthetic,midjourney,train,c2ce1634728fec85,jpeg90
1,wildfake_midjourney,full_synthetic,midjourney,train,c2ce1634728fec85,blur05
1,wildfake_midjourney,full_synthetic,midjourney,train,c2ce1634728fec85,blur20
1,wildfake_midjourney,full_synthetic,midjourney,train,abdcd112621c387c,clean
1,wildfake_midjourney,full_synthetic,midjourney,train,abdcd112621c387c,jpeg50
1,wildfake_midjourney,full_synthetic,midjourney,train,abdcd112621c387c,jpeg30
1,wildfake_midjourney,full_synthetic,midjourney,train,abdcd112621c387c,noise005
1,wildfake_midjourney,full_synthetic,midjourney,train,2feaa7dc673c25af,clean
1,wildfake_midjourney,full_synthetic,midjourney,train,2feaa7dc673c25af,jpeg50
1,wildfake_midjourney,full_synthetic,midjourney,train,2feaa7dc673c25af,blur10
1,wildfake_midjourney,full_synthetic,midjourney,train,2feaa7dc673c25af,jitter02
1,wildfake_midjourney,full_synthetic,midjourney,train,2c6cdf4877740d7b,clean
1,wildfake_midjourney,full_synthetic,midjourney,train,2c6cdf4877740d7b,jpeg30
1,wildfake_midjourney,full_synthetic,midjourney,train,2c6cdf4877740d7b,resize025
1,wildfake_midjourney,full_synthetic,midjourney,train,2c6cdf4877740d7b,noise005
1,wildfake_midjourney,full_synthetic,midjourney,train,b2e88e045e1e8356,clean
1,wildfake_midjourney,full_synthetic,midjourney,train,b2e88e045e1e8356,jpeg70
1,wildfake_midjourney,full_synthetic,midjourney,train,b2e88e045e1e8356,jpeg30
1,wildfake_midjourney,full_synthetic,midjourney,train,b2e88e045e1e8356,blur05
1,wildfake_midjourney,full_synthetic,midjourney,train,835327f146203659,clean
1,wildfake_midjourney,full_synthetic,midjourney,train,835327f146203659,jpeg70
1,wildfake_midjourney,full_synthetic,midjourney,train,835327f146203659,blur05
1,wildfake_midjourney,full_synthetic,midjourney,train,835327f146203659,jitter02
1,wildfake_midjourney,full_synthetic,midjourney,train,6699db68ef5ac55f,clean
1,wildfake_midjourney,full_synthetic,midjourney,train,6699db68ef5ac55f,resize05
1,wildfake_midjourney,full_synthetic,midjourney,train,6699db68ef5ac55f,resize025
1,wildfake_midjourney,full_synthetic,midjourney,train,6699db68ef5ac55f,jitter02
1,wildfake_midjourney,full_synthetic,midjourney,train,a5ef6eb5fdbb4732,clean
1,wildfake_midjourney,full_synthetic,midjourney,train,a5ef6eb5fdbb4732,jpeg50
1,wildfake_midjourney,full_synthetic,midjourney,train,a5ef6eb5fdbb4732,noise01
1,wildfake_midjourney,full_synthetic,midjourney,train,a5ef6eb5fdbb4732,crop08
1,wildfake_midjourney,full_synthetic,midjourney,train,a1ba1b7ed3268fc2,clean
1,wildfake_midjourney,full_synthetic,midjourney,train,a1ba1b7ed3268fc2,jpeg90
1,wildfake_midjourney,full_synthetic,midjourney,train,a1ba1b7ed3268fc2,blur10
1,wildfake_midjourney,full_synthetic,midjourney,train,a1ba1b7ed3268fc2,resize025
1,wildfake_midjourney,full_synthetic,midjourney,train,1df6a84fe949f904,clean
1,wildfake_midjourney,full_synthetic,midjourney,train,1df6a84fe949f904,jpeg50
1,wildfake_midjourney,full_synthetic,midjourney,train,1df6a84fe949f904,blur20
1,wildfake_midjourney,full_synthetic,midjourney,train,1df6a84fe949f904,resize05
1,wildfake_midjourney,full_synthetic,midjourney,train,647ca19f94dc3a9e,clean
1,wildfake_midjourney,full_synthetic,midjourney,train,647ca19f94dc3a9e,blur05
1,wildfake_midjourney,full_synthetic,midjourney,train,647ca19f94dc3a9e,blur20
1,wildfake_midjourney,full_synthetic,midjourney,train,647ca19f94dc3a9e,noise002
1,wildfake_midjourney,full_synthetic,midjourney,train,5eb3fd945b62ef0e,clean
1,wildfake_midjourney,full_synthetic,midjourney,train,5eb3fd945b62ef0e,jpeg90
1,wildfake_midjourney,full_synthetic,midjourney,train,5eb3fd945b62ef0e,jpeg50
1,wildfake_midjourney,full_synthetic,midjourney,train,5eb3fd945b62ef0e,jpeg30
1,wildfake_midjourney,full_synthetic,midjourney,train,a6bf81f1d124846b,clean
1,wildfake_midjourney,full_synthetic,midjourney,train,a6bf81f1d124846b,jpeg90
1,wildfake_midjourney,full_synthetic,midjourney,train,a6bf81f1d124846b,resize025
1,wildfake_midjourney,full_synthetic,midjourney,train,a6bf81f1d124846b,noise002
1,wildfake_midjourney,full_synthetic,midjourney,train,c4e99fad15495f51,clean
1,wildfake_midjourney,full_synthetic,midjourney,train,c4e99fad15495f51,jpeg30
1,wildfake_midjourney,full_synthetic,midjourney,train,c4e99fad15495f51,blur05
1,wildfake_midjourney,full_synthetic,midjourney,train,c4e99fad15495f51,jitter02
1,wildfake_midjourney,full_synthetic,midjourney,train,9d3510b24ddad787,clean
1,wildfake_midjourney,full_synthetic,midjourney,train,9d3510b24ddad787,jpeg30
1,wildfake_midjourney,full_synthetic,midjourney,train,9d3510b24ddad787,resize025
1,wildfake_midjourney,full_synthetic,midjourney,train,9d3510b24ddad787,noise005
1,wildfake_midjourney,full_synthetic,midjourney,train,a645634e1a764793,clean
1,wildfake_midjourney,full_synthetic,midjourney,train,a645634e1a764793,jpeg70
1,wildfake_midjourney,full_synthetic,midjourney,train,a645634e1a764793,jpeg30
1,wildfake_midjourney,full_synthetic,midjourney,train,a645634e1a764793,resize05
1,wildfake_midjourney,full_synthetic,midjourney,train,63513ddab0c078c2,clean
1,wildfake_midjourney,full_synthetic,midjourney,train,63513ddab0c078c2,jpeg50
1,wildfake_midjourney,full_synthetic,midjourney,train,63513ddab0c078c2,blur05
1,wildfake_midjourney,full_synthetic,midjourney,train,63513ddab0c078c2,jitter02
1,wildfake_midjourney,full_synthetic,midjourney,train,802b2b847772d6ab,clean
1,wildfake_midjourney,full_synthetic,midjourney,train,802b2b847772d6ab,blur05
1,wildfake_midjourney,full_synthetic,midjourney,train,802b2b847772d6ab,resize025
1,wildfake_midjourney,full_synthetic,midjourney,train,802b2b847772d6ab,noise01
1,wildfake_midjourney,full_synthetic,midjourney,train,f11c693938b51ed8,clean
1,wildfake_midjourney,full_synthetic,midjourney,train,f11c693938b51ed8,blur05
1,wildfake_midjourney,full_synthetic,midjourney,train,f11c693938b51ed8,blur20
1,wildfake_midjourney,full_synthetic,midjourney,train,f11c693938b51ed8,jitter02
1,wildfake_midjourney,full_synthetic,midjourney,train,e66b14b2a08a55b0,clean
1,wildfake_midjourney,full_synthetic,midjourney,train,e66b14b2a08a55b0,jpeg90
1,wildfake_midjourney,full_synthetic,midjourney,train,e66b14b2a08a55b0,blur20
1,wildfake_midjourney,full_synthetic,midjourney,train,e66b14b2a08a55b0,resize025
1,wildfake_midjourney,full_synthetic,midjourney,train,45ab1444f60c035e,clean
1,wildfake_midjourney,full_synthetic,midjourney,train,45ab1444f60c035e,jpeg90
1,wildfake_midjourney,full_synthetic,midjourney,train,45ab1444f60c035e,jpeg70
1,wildfake_midjourney,full_synthetic,midjourney,train,45ab1444f60c035e,blur20
1,wildfake_midjourney,full_synthetic,midjourney,train,4152f4bce3876627,clean
1,wildfake_midjourney,full_synthetic,midjourney,train,4152f4bce3876627,blur20
1,wildfake_midjourney,full_synthetic,midjourney,train,4152f4bce3876627,resize05
1,wildfake_midjourney,full_synthetic,midjourney,train,4152f4bce3876627,noise002
1,wildfake_midjourney,full_synthetic,midjourney,train,bf813fe74af6ea22,clean
1,wildfake_midjourney,full_synthetic,midjourney,train,bf813fe74af6ea22,jpeg50
1,wildfake_midjourney,full_synthetic,midjourney,train,bf813fe74af6ea22,blur05
1,wildfake_midjourney,full_synthetic,midjourney,train,bf813fe74af6ea22,resize05
1,wildfake_midjourney,full_synthetic,midjourney,train,a8cc8aa6c9ad8d7e,clean
1,wildfake_midjourney,full_synthetic,midjourney,train,a8cc8aa6c9ad8d7e,jpeg30
1,wildfake_midjourney,full_synthetic,midjourney,train,a8cc8aa6c9ad8d7e,noise005
1,wildfake_midjourney,full_synthetic,midjourney,train,a8cc8aa6c9ad8d7e,jitter02
1,wildfake_midjourney,full_synthetic,midjourney,train,49a30d11e419cc49,clean
1,wildfake_midjourney,full_synthetic,midjourney,train,49a30d11e419cc49,jpeg90
1,wildfake_midjourney,full_synthetic,midjourney,train,49a30d11e419cc49,noise002
1,wildfake_midjourney,full_synthetic,midjourney,train,49a30d11e419cc49,noise005
1,wildfake_midjourney,full_synthetic,midjourney,train,2f56f52e432fff65,clean
1,wildfake_midjourney,full_synthetic,midjourney,train,2f56f52e432fff65,jpeg30
1,wildfake_midjourney,full_synthetic,midjourney,train,2f56f52e432fff65,blur10
1,wildfake_midjourney,full_synthetic,midjourney,train,2f56f52e432fff65,blur20
1,wildfake_midjourney,full_synthetic,midjourney,train,e3f8e2d481e65db1,clean
1,wildfake_midjourney,full_synthetic,midjourney,train,e3f8e2d481e65db1,jpeg70
1,wildfake_midjourney,full_synthetic,midjourney,train,e3f8e2d481e65db1,blur05
1,wildfake_midjourney,full_synthetic,midjourney,train,e3f8e2d481e65db1,jitter02
1,wildfake_midjourney,full_synthetic,midjourney,train,7be8d3e4e272e737,clean
1,wildfake_midjourney,full_synthetic,midjourney,train,7be8d3e4e272e737,jpeg50
1,wildfake_midjourney,full_synthetic,midjourney,train,7be8d3e4e272e737,resize05
1,wildfake_midjourney,full_synthetic,midjourney,train,7be8d3e4e272e737,noise01
1,wildfake_midjourney,full_synthetic,midjourney,train,993c960c8d28b0e4,clean
1,wildfake_midjourney,full_synthetic,midjourney,train,993c960c8d28b0e4,jpeg70
1,wildfake_midjourney,full_synthetic,midjourney,train,993c960c8d28b0e4,resize05
1,wildfake_midjourney,full_synthetic,midjourney,train,993c960c8d28b0e4,noise01
1,wildfake_midjourney,full_synthetic,midjourney,train,f6804dafb03370c6,clean
1,wildfake_midjourney,full_synthetic,midjourney,train,f6804dafb03370c6,jpeg70
1,wildfake_midjourney,full_synthetic,midjourney,train,f6804dafb03370c6,blur20
1,wildfake_midjourney,full_synthetic,midjourney,train,f6804dafb03370c6,noise005
1,wildfake_midjourney,full_synthetic,midjourney,train,e9d43663dd0ecc67,clean
1,wildfake_midjourney,full_synthetic,midjourney,train,e9d43663dd0ecc67,jpeg50
1,wildfake_midjourney,full_synthetic,midjourney,train,e9d43663dd0ecc67,jpeg30
1,wildfake_midjourney,full_synthetic,midjourney,train,e9d43663dd0ecc67,blur20
1,wildfake_midjourney,full_synthetic,midjourney,train,eac447fbef850e98,clean
1,wildfake_midjourney,full_synthetic,midjourney,train,eac447fbef850e98,resize05
1,wildfake_midjourney,full_synthetic,midjourney,train,eac447fbef850e98,resize025
1,wildfake_midjourney,full_synthetic,midjourney,train,eac447fbef850e98,crop08
1,wildfake_midjourney,full_synthetic,midjourney,train,be1e17124189e8b3,clean
1,wildfake_midjourney,full_synthetic,midjourney,train,be1e17124189e8b3,jpeg30
1,wildfake_midjourney,full_synthetic,midjourney,train,be1e17124189e8b3,blur10
1,wildfake_midjourney,full_synthetic,midjourney,train,be1e17124189e8b3,resize05
1,wildfake_midjourney,full_synthetic,midjourney,train,8ef48f1c25f6b860,clean
1,wildfake_midjourney,full_synthetic,midjourney,train,8ef48f1c25f6b860,jpeg70
1,wildfake_midjourney,full_synthetic,midjourney,train,8ef48f1c25f6b860,resize025
1,wildfake_midjourney,full_synthetic,midjourney,train,8ef48f1c25f6b860,crop08
1,wildfake_midjourney,full_synthetic,midjourney,train,9ae8a663b958eb17,clean
1,wildfake_midjourney,full_synthetic,midjourney,train,9ae8a663b958eb17,jpeg90
1,wildfake_midjourney,full_synthetic,midjourney,train,9ae8a663b958eb17,resize025
1,wildfake_midjourney,full_synthetic,midjourney,train,9ae8a663b958eb17,crop08
1,wildfake_midjourney,full_synthetic,midjourney,train,795da51d8113f345,clean
1,wildfake_midjourney,full_synthetic,midjourney,train,795da51d8113f345,blur05
1,wildfake_midjourney,full_synthetic,midjourney,train,795da51d8113f345,resize05
1,wildfake_midjourney,full_synthetic,midjourney,train,795da51d8113f345,noise01
1,wildfake_midjourney,full_synthetic,midjourney,train,a28ccbf9b694adc3,clean
1,wildfake_midjourney,full_synthetic,midjourney,train,a28ccbf9b694adc3,jpeg50
1,wildfake_midjourney,full_synthetic,midjourney,train,a28ccbf9b694adc3,jpeg30
1,wildfake_midjourney,full_synthetic,midjourney,train,a28ccbf9b694adc3,noise002
1,wildfake_midjourney,full_synthetic,midjourney,train,015b39dc571c14ac,clean
1,wildfake_midjourney,full_synthetic,midjourney,train,015b39dc571c14ac,resize05
1,wildfake_midjourney,full_synthetic,midjourney,train,015b39dc571c14ac,resize025
1,wildfake_midjourney,full_synthetic,midjourney,train,015b39dc571c14ac,noise005
1,wildfake_midjourney,full_synthetic,midjourney,train,d934af76fbc66102,clean
1,wildfake_midjourney,full_synthetic,midjourney,train,d934af76fbc66102,jpeg70
1,wildfake_midjourney,full_synthetic,midjourney,train,d934af76fbc66102,jpeg30
1,wildfake_midjourney,full_synthetic,midjourney,train,d934af76fbc66102,noise01
1,wildfake_midjourney,full_synthetic,midjourney,train,494e569b3b8a8939,clean
1,wildfake_midjourney,full_synthetic,midjourney,train,494e569b3b8a8939,jpeg90
1,wildfake_midjourney,full_synthetic,midjourney,train,494e569b3b8a8939,blur05
1,wildfake_midjourney,full_synthetic,midjourney,train,494e569b3b8a8939,blur20
1,wildfake_midjourney,full_synthetic,midjourney,train,b1c685d963d15682,clean
1,wildfake_midjourney,full_synthetic,midjourney,train,b1c685d963d15682,blur10
1,wildfake_midjourney,full_synthetic,midjourney,train,b1c685d963d15682,resize025
1,wildfake_midjourney,full_synthetic,midjourney,train,b1c685d963d15682,noise01
1,wildfake_midjourney,full_synthetic,midjourney,train,1742e360541f6766,clean
1,wildfake_midjourney,full_synthetic,midjourney,train,1742e360541f6766,jpeg30
1,wildfake_midjourney,full_synthetic,midjourney,train,1742e360541f6766,blur05
1,wildfake_midjourney,full_synthetic,midjourney,train,1742e360541f6766,noise01
1,wildfake_midjourney,full_synthetic,midjourney,train,ec074c1ddcf6591d,clean
1,wildfake_midjourney,full_synthetic,midjourney,train,ec074c1ddcf6591d,jpeg90
1,wildfake_midjourney,full_synthetic,midjourney,train,ec074c1ddcf6591d,noise002
1,wildfake_midjourney,full_synthetic,midjourney,train,ec074c1ddcf6591d,crop08
1,wildfake_midjourney,full_synthetic,midjourney,train,0d46de67de6fdac9,clean
1,wildfake_midjourney,full_synthetic,midjourney,train,0d46de67de6fdac9,jpeg70
1,wildfake_midjourney,full_synthetic,midjourney,train,0d46de67de6fdac9,jpeg50
1,wildfake_midjourney,full_synthetic,midjourney,train,0d46de67de6fdac9,resize025
1,wildfake_midjourney,full_synthetic,midjourney,train,812a309d99087949,clean
1,wildfake_midjourney,full_synthetic,midjourney,train,812a309d99087949,jpeg70
1,wildfake_midjourney,full_synthetic,midjourney,train,812a309d99087949,resize025
1,wildfake_midjourney,full_synthetic,midjourney,train,812a309d99087949,crop08
1,wildfake_midjourney,full_synthetic,midjourney,train,94233fe8f83faef3,clean
1,wildfake_midjourney,full_synthetic,midjourney,train,94233fe8f83faef3,blur10
1,wildfake_midjourney,full_synthetic,midjourney,train,94233fe8f83faef3,blur20
1,wildfake_midjourney,full_synthetic,midjourney,train,94233fe8f83faef3,resize05
1,wildfake_midjourney,full_synthetic,midjourney,train,9ea0186c3e74a516,clean
1,wildfake_midjourney,full_synthetic,midjourney,train,9ea0186c3e74a516,blur10
1,wildfake_midjourney,full_synthetic,midjourney,train,9ea0186c3e74a516,resize025
1,wildfake_midjourney,full_synthetic,midjourney,train,9ea0186c3e74a516,jitter02
1,wildfake_midjourney,full_synthetic,midjourney,train,dc7e6e125b6d1e66,clean
1,wildfake_midjourney,full_synthetic,midjourney,train,dc7e6e125b6d1e66,jpeg90
1,wildfake_midjourney,full_synthetic,midjourney,train,dc7e6e125b6d1e66,jpeg30
1,wildfake_midjourney,full_synthetic,midjourney,train,dc7e6e125b6d1e66,blur10
1,wildfake_midjourney,full_synthetic,midjourney,train,99f6563290d69373,clean
1,wildfake_midjourney,full_synthetic,midjourney,train,99f6563290d69373,resize05
1,wildfake_midjourney,full_synthetic,midjourney,train,99f6563290d69373,resize025
1,wildfake_midjourney,full_synthetic,midjourney,train,99f6563290d69373,noise01
1,wildfake_midjourney,full_synthetic,midjourney,train,aabaec1fd88db962,clean
1,wildfake_midjourney,full_synthetic,midjourney,train,aabaec1fd88db962,jpeg70
1,wildfake_midjourney,full_synthetic,midjourney,train,aabaec1fd88db962,jpeg30
1,wildfake_midjourney,full_synthetic,midjourney,train,aabaec1fd88db962,resize025
1,wildfake_midjourney,full_synthetic,midjourney,train,494bd01f95a473d8,clean
1,wildfake_midjourney,full_synthetic,midjourney,train,494bd01f95a473d8,jpeg70
1,wildfake_midjourney,full_synthetic,midjourney,train,494bd01f95a473d8,noise002
1,wildfake_midjourney,full_synthetic,midjourney,train,494bd01f95a473d8,jitter02
1,wildfake_midjourney,full_synthetic,midjourney,train,6584e68e8a8aa11d,clean
1,wildfake_midjourney,full_synthetic,midjourney,train,6584e68e8a8aa11d,jpeg90
1,wildfake_midjourney,full_synthetic,midjourney,train,6584e68e8a8aa11d,jpeg70
1,wildfake_midjourney,full_synthetic,midjourney,train,6584e68e8a8aa11d,noise01
1,wildfake_midjourney,full_synthetic,midjourney,train,b1f0f8d259e420b7,clean
1,wildfake_midjourney,full_synthetic,midjourney,train,b1f0f8d259e420b7,jpeg90
1,wildfake_midjourney,full_synthetic,midjourney,train,b1f0f8d259e420b7,blur05
1,wildfake_midjourney,full_synthetic,midjourney,train,b1f0f8d259e420b7,blur20
1,wildfake_midjourney,full_synthetic,midjourney,train,87d6bb7f61b68120,clean
1,wildfake_midjourney,full_synthetic,midjourney,train,87d6bb7f61b68120,jpeg90
1,wildfake_midjourney,full_synthetic,midjourney,train,87d6bb7f61b68120,jpeg70
1,wildfake_midjourney,full_synthetic,midjourney,train,87d6bb7f61b68120,jpeg30
1,wildfake_midjourney,full_synthetic,midjourney,train,3ce2a56508ee1b24,clean
1,wildfake_midjourney,full_synthetic,midjourney,train,3ce2a56508ee1b24,jpeg90
1,wildfake_midjourney,full_synthetic,midjourney,train,3ce2a56508ee1b24,blur20
1,wildfake_midjourney,full_synthetic,midjourney,train,3ce2a56508ee1b24,resize05
1,wildfake_midjourney,full_synthetic,midjourney,train,0b37e87c42f96315,clean
1,wildfake_midjourney,full_synthetic,midjourney,train,0b37e87c42f96315,blur05
1,wildfake_midjourney,full_synthetic,midjourney,train,0b37e87c42f96315,blur20
1,wildfake_midjourney,full_synthetic,midjourney,train,0b37e87c42f96315,resize05
1,wildfake_midjourney,full_synthetic,midjourney,train,85fad33337521373,clean
1,wildfake_midjourney,full_synthetic,midjourney,train,85fad33337521373,blur05
1,wildfake_midjourney,full_synthetic,midjourney,train,85fad33337521373,noise005
1,wildfake_midjourney,full_synthetic,midjourney,train,85fad33337521373,crop08
1,wildfake_midjourney,full_synthetic,midjourney,train,2c91195ffc55190d,clean
1,wildfake_midjourney,full_synthetic,midjourney,train,2c91195ffc55190d,jpeg90
1,wildfake_midjourney,full_synthetic,midjourney,train,2c91195ffc55190d,jpeg30
1,wildfake_midjourney,full_synthetic,midjourney,train,2c91195ffc55190d,resize05
1,wildfake_midjourney,full_synthetic,midjourney,train,7906b4d41a7a6163,clean
1,wildfake_midjourney,full_synthetic,midjourney,train,7906b4d41a7a6163,blur10
1,wildfake_midjourney,full_synthetic,midjourney,train,7906b4d41a7a6163,noise005
1,wildfake_midjourney,full_synthetic,midjourney,train,7906b4d41a7a6163,noise01
1,wildfake_midjourney,full_synthetic,midjourney,train,1f277e5cc7913764,clean
1,wildfake_midjourney,full_synthetic,midjourney,train,1f277e5cc7913764,noise01
1,wildfake_midjourney,full_synthetic,midjourney,train,1f277e5cc7913764,jitter02
1,wildfake_midjourney,full_synthetic,midjourney,train,1f277e5cc7913764,crop08
1,wildfake_midjourney,full_synthetic,midjourney,train,c81165a89d71efe8,clean
1,wildfake_midjourney,full_synthetic,midjourney,train,c81165a89d71efe8,blur05
1,wildfake_midjourney,full_synthetic,midjourney,train,c81165a89d71efe8,blur20
1,wildfake_midjourney,full_synthetic,midjourney,train,c81165a89d71efe8,noise01
1,wildfake_midjourney,full_synthetic,midjourney,train,95530f2dfc8ce65e,clean
1,wildfake_midjourney,full_synthetic,midjourney,train,95530f2dfc8ce65e,jpeg30
1,wildfake_midjourney,full_synthetic,midjourney,train,95530f2dfc8ce65e,blur05
1,wildfake_midjourney,full_synthetic,midjourney,train,95530f2dfc8ce65e,noise01
1,wildfake_midjourney,full_synthetic,midjourney,train,387d5c2aa0c7b0f2,clean
1,wildfake_midjourney,full_synthetic,midjourney,train,387d5c2aa0c7b0f2,jpeg90
1,wildfake_midjourney,full_synthetic,midjourney,train,387d5c2aa0c7b0f2,jpeg30
1,wildfake_midjourney,full_synthetic,midjourney,train,387d5c2aa0c7b0f2,noise01
1,wildfake_midjourney,full_synthetic,midjourney,train,d0d9ebdfb4876c5a,clean
1,wildfake_midjourney,full_synthetic,midjourney,train,d0d9ebdfb4876c5a,resize05
1,wildfake_midjourney,full_synthetic,midjourney,train,d0d9ebdfb4876c5a,noise002
1,wildfake_midjourney,full_synthetic,midjourney,train,d0d9ebdfb4876c5a,crop08
1,wildfake_midjourney,full_synthetic,midjourney,train,b272e0f1dfcbc132,clean
1,wildfake_midjourney,full_synthetic,midjourney,train,b272e0f1dfcbc132,jpeg30
1,wildfake_midjourney,full_synthetic,midjourney,train,b272e0f1dfcbc132,noise002
1,wildfake_midjourney,full_synthetic,midjourney,train,b272e0f1dfcbc132,crop08
1,wildfake_midjourney,full_synthetic,midjourney,train,b5bc04932e679031,clean
1,wildfake_midjourney,full_synthetic,midjourney,train,b5bc04932e679031,jpeg50
1,wildfake_midjourney,full_synthetic,midjourney,train,b5bc04932e679031,noise002
1,wildfake_midjourney,full_synthetic,midjourney,train,b5bc04932e679031,jitter02
1,wildfake_midjourney,full_synthetic,midjourney,train,a7ed46285158bbe3,clean
1,wildfake_midjourney,full_synthetic,midjourney,train,a7ed46285158bbe3,jpeg70
1,wildfake_midjourney,full_synthetic,midjourney,train,a7ed46285158bbe3,blur20
1,wildfake_midjourney,full_synthetic,midjourney,train,a7ed46285158bbe3,noise002
1,wildfake_midjourney,full_synthetic,midjourney,train,80020733085e0ad5,clean
1,wildfake_midjourney,full_synthetic,midjourney,train,80020733085e0ad5,jpeg70
1,wildfake_midjourney,full_synthetic,midjourney,train,80020733085e0ad5,jpeg50
1,wildfake_midjourney,full_synthetic,midjourney,train,80020733085e0ad5,blur10
1,wildfake_midjourney,full_synthetic,midjourney,train,92f93c922d830c35,clean
1,wildfake_midjourney,full_synthetic,midjourney,train,92f93c922d830c35,jpeg30
1,wildfake_midjourney,full_synthetic,midjourney,train,92f93c922d830c35,resize05
1,wildfake_midjourney,full_synthetic,midjourney,train,92f93c922d830c35,noise002
1,wildfake_midjourney,full_synthetic,midjourney,train,c30487b14ebb3a41,clean
1,wildfake_midjourney,full_synthetic,midjourney,train,c30487b14ebb3a41,blur05
1,wildfake_midjourney,full_synthetic,midjourney,train,c30487b14ebb3a41,blur10
1,wildfake_midjourney,full_synthetic,midjourney,train,c30487b14ebb3a41,resize05
1,wildfake_midjourney,full_synthetic,midjourney,train,830bade4954ca7c3,clean
1,wildfake_midjourney,full_synthetic,midjourney,train,830bade4954ca7c3,jpeg90
1,wildfake_midjourney,full_synthetic,midjourney,train,830bade4954ca7c3,blur10
1,wildfake_midjourney,full_synthetic,midjourney,train,830bade4954ca7c3,noise002
1,wildfake_midjourney,full_synthetic,midjourney,train,4efed42038587de9,clean
1,wildfake_midjourney,full_synthetic,midjourney,train,4efed42038587de9,jpeg70
1,wildfake_midjourney,full_synthetic,midjourney,train,4efed42038587de9,blur20
1,wildfake_midjourney,full_synthetic,midjourney,train,4efed42038587de9,jitter02
1,wildfake_midjourney,full_synthetic,midjourney,train,ae552f44708c22c7,clean
1,wildfake_midjourney,full_synthetic,midjourney,train,ae552f44708c22c7,jpeg30
1,wildfake_midjourney,full_synthetic,midjourney,train,ae552f44708c22c7,blur05
1,wildfake_midjourney,full_synthetic,midjourney,train,ae552f44708c22c7,noise005
1,wildfake_midjourney,full_synthetic,midjourney,train,b60f3ddbae4e77c6,clean
1,wildfake_midjourney,full_synthetic,midjourney,train,b60f3ddbae4e77c6,jpeg90
1,wildfake_midjourney,full_synthetic,midjourney,train,b60f3ddbae4e77c6,blur10
1,wildfake_midjourney,full_synthetic,midjourney,train,b60f3ddbae4e77c6,blur20
1,wildfake_midjourney,full_synthetic,midjourney,train,2e0f435ea4f67158,clean
1,wildfake_midjourney,full_synthetic,midjourney,train,2e0f435ea4f67158,blur05
1,wildfake_midjourney,full_synthetic,midjourney,train,2e0f435ea4f67158,resize05
1,wildfake_midjourney,full_synthetic,midjourney,train,2e0f435ea4f67158,noise01
1,wildfake_midjourney,full_synthetic,midjourney,train,c59c1e11a7e1e3de,clean
1,wildfake_midjourney,full_synthetic,midjourney,train,c59c1e11a7e1e3de,jpeg50
1,wildfake_midjourney,full_synthetic,midjourney,train,c59c1e11a7e1e3de,resize05
1,wildfake_midjourney,full_synthetic,midjourney,train,c59c1e11a7e1e3de,crop08
1,wildfake_midjourney,full_synthetic,midjourney,train,3ad98a07dc6bbbb3,clean
1,wildfake_midjourney,full_synthetic,midjourney,train,3ad98a07dc6bbbb3,resize025
1,wildfake_midjourney,full_synthetic,midjourney,train,3ad98a07dc6bbbb3,jitter02
1,wildfake_midjourney,full_synthetic,midjourney,train,3ad98a07dc6bbbb3,crop08
1,wildfake_midjourney,full_synthetic,midjourney,train,c8362c0445d1d2af,clean
1,wildfake_midjourney,full_synthetic,midjourney,train,c8362c0445d1d2af,jpeg70
1,wildfake_midjourney,full_synthetic,midjourney,train,c8362c0445d1d2af,noise005
1,wildfake_midjourney,full_synthetic,midjourney,train,c8362c0445d1d2af,crop08
1,wildfake_midjourney,full_synthetic,midjourney,train,ae2bbbe2ae16a0d6,clean
1,wildfake_midjourney,full_synthetic,midjourney,train,ae2bbbe2ae16a0d6,jpeg50
1,wildfake_midjourney,full_synthetic,midjourney,train,ae2bbbe2ae16a0d6,resize05
1,wildfake_midjourney,full_synthetic,midjourney,train,ae2bbbe2ae16a0d6,crop08
1,wildfake_midjourney,full_synthetic,midjourney,train,97c98632321e7672,clean
1,wildfake_midjourney,full_synthetic,midjourney,train,97c98632321e7672,resize05
1,wildfake_midjourney,full_synthetic,midjourney,train,97c98632321e7672,resize025
1,wildfake_midjourney,full_synthetic,midjourney,train,97c98632321e7672,noise01
1,wildfake_midjourney,full_synthetic,midjourney,train,ce628410573571f7,clean
1,wildfake_midjourney,full_synthetic,midjourney,train,ce628410573571f7,jpeg90
1,wildfake_midjourney,full_synthetic,midjourney,train,ce628410573571f7,resize025
1,wildfake_midjourney,full_synthetic,midjourney,train,ce628410573571f7,noise01
1,wildfake_midjourney,full_synthetic,midjourney,train,3420e9e2a52d6e69,clean
1,wildfake_midjourney,full_synthetic,midjourney,train,3420e9e2a52d6e69,jpeg90
1,wildfake_midjourney,full_synthetic,midjourney,train,3420e9e2a52d6e69,blur05
1,wildfake_midjourney,full_synthetic,midjourney,train,3420e9e2a52d6e69,blur20
1,wildfake_midjourney,full_synthetic,midjourney,train,8ed097edcf7f4554,clean
1,wildfake_midjourney,full_synthetic,midjourney,train,8ed097edcf7f4554,jpeg90
1,wildfake_midjourney,full_synthetic,midjourney,train,8ed097edcf7f4554,resize05
1,wildfake_midjourney,full_synthetic,midjourney,train,8ed097edcf7f4554,noise005
1,wildfake_midjourney,full_synthetic,midjourney,train,ad04aa153440d987,clean
1,wildfake_midjourney,full_synthetic,midjourney,train,ad04aa153440d987,noise002
1,wildfake_midjourney,full_synthetic,midjourney,train,ad04aa153440d987,noise01
1,wildfake_midjourney,full_synthetic,midjourney,train,ad04aa153440d987,jitter02
1,wildfake_midjourney,full_synthetic,midjourney,train,40744ca14ddfea75,clean
1,wildfake_midjourney,full_synthetic,midjourney,train,40744ca14ddfea75,jpeg90
1,wildfake_midjourney,full_synthetic,midjourney,train,40744ca14ddfea75,noise002
1,wildfake_midjourney,full_synthetic,midjourney,train,40744ca14ddfea75,jitter02
1,wildfake_midjourney,full_synthetic,midjourney,train,ab8efb30b531b8f7,clean
1,wildfake_midjourney,full_synthetic,midjourney,train,ab8efb30b531b8f7,jpeg70
1,wildfake_midjourney,full_synthetic,midjourney,train,ab8efb30b531b8f7,resize05
1,wildfake_midjourney,full_synthetic,midjourney,train,ab8efb30b531b8f7,noise002
1,wildfake_midjourney,full_synthetic,midjourney,train,e2dc3a9fae12db0c,clean
1,wildfake_midjourney,full_synthetic,midjourney,train,e2dc3a9fae12db0c,jpeg70
1,wildfake_midjourney,full_synthetic,midjourney,train,e2dc3a9fae12db0c,blur20
1,wildfake_midjourney,full_synthetic,midjourney,train,e2dc3a9fae12db0c,noise002
1,wildfake_midjourney,full_synthetic,midjourney,train,13434ffba21ebdab,clean
1,wildfake_midjourney,full_synthetic,midjourney,train,13434ffba21ebdab,blur05
1,wildfake_midjourney,full_synthetic,midjourney,train,13434ffba21ebdab,blur10
1,wildfake_midjourney,full_synthetic,midjourney,train,13434ffba21ebdab,noise002
1,wildfake_midjourney,full_synthetic,midjourney,train,0942cccba0fd3a3c,clean
1,wildfake_midjourney,full_synthetic,midjourney,train,0942cccba0fd3a3c,jpeg90
1,wildfake_midjourney,full_synthetic,midjourney,train,0942cccba0fd3a3c,jpeg50
1,wildfake_midjourney,full_synthetic,midjourney,train,0942cccba0fd3a3c,noise005
1,wildfake_midjourney,full_synthetic,midjourney,train,e7224067a7826dd9,clean
1,wildfake_midjourney,full_synthetic,midjourney,train,e7224067a7826dd9,jpeg70
1,wildfake_midjourney,full_synthetic,midjourney,train,e7224067a7826dd9,blur10
1,wildfake_midjourney,full_synthetic,midjourney,train,e7224067a7826dd9,resize05
1,wildfake_midjourney,full_synthetic,midjourney,train,872eb487352f39a1,clean
1,wildfake_midjourney,full_synthetic,midjourney,train,872eb487352f39a1,jpeg50
1,wildfake_midjourney,full_synthetic,midjourney,train,872eb487352f39a1,resize025
1,wildfake_midjourney,full_synthetic,midjourney,train,872eb487352f39a1,noise005
1,wildfake_midjourney,full_synthetic,midjourney,train,56738daba370327e,clean
1,wildfake_midjourney,full_synthetic,midjourney,train,56738daba370327e,jpeg90
1,wildfake_midjourney,full_synthetic,midjourney,train,56738daba370327e,jpeg70
1,wildfake_midjourney,full_synthetic,midjourney,train,56738daba370327e,noise002
1,wildfake_midjourney,full_synthetic,midjourney,train,959bbfff9dd8051f,clean
1,wildfake_midjourney,full_synthetic,midjourney,train,959bbfff9dd8051f,blur05
1,wildfake_midjourney,full_synthetic,midjourney,train,959bbfff9dd8051f,blur20
1,wildfake_midjourney,full_synthetic,midjourney,train,959bbfff9dd8051f,resize05
1,wildfake_midjourney,full_synthetic,midjourney,train,7f48e208f3383df3,clean
1,wildfake_midjourney,full_synthetic,midjourney,train,7f48e208f3383df3,jpeg90
1,wildfake_midjourney,full_synthetic,midjourney,train,7f48e208f3383df3,jpeg30
1,wildfake_midjourney,full_synthetic,midjourney,train,7f48e208f3383df3,blur10
1,wildfake_midjourney,full_synthetic,midjourney,train,8d004b69aed49ce2,clean
1,wildfake_midjourney,full_synthetic,midjourney,train,8d004b69aed49ce2,jpeg70
1,wildfake_midjourney,full_synthetic,midjourney,train,8d004b69aed49ce2,resize05
1,wildfake_midjourney,full_synthetic,midjourney,train,8d004b69aed49ce2,resize025
1,wildfake_midjourney,full_synthetic,midjourney,train,fd75ffd858953938,clean
1,wildfake_midjourney,full_synthetic,midjourney,train,fd75ffd858953938,jpeg70
1,wildfake_midjourney,full_synthetic,midjourney,train,fd75ffd858953938,blur20
1,wildfake_midjourney,full_synthetic,midjourney,train,fd75ffd858953938,crop08
1,wildfake_midjourney,full_synthetic,midjourney,train,94325fffd4057bfe,clean
1,wildfake_midjourney,full_synthetic,midjourney,train,94325fffd4057bfe,blur10
1,wildfake_midjourney,full_synthetic,midjourney,train,94325fffd4057bfe,resize05
1,wildfake_midjourney,full_synthetic,midjourney,train,94325fffd4057bfe,jitter02
1,wildfake_midjourney,full_synthetic,midjourney,train,0d9a2924838a690d,clean
1,wildfake_midjourney,full_synthetic,midjourney,train,0d9a2924838a690d,jpeg90
1,wildfake_midjourney,full_synthetic,midjourney,train,0d9a2924838a690d,blur05
1,wildfake_midjourney,full_synthetic,midjourney,train,0d9a2924838a690d,noise01
1,wildfake_midjourney,full_synthetic,midjourney,train,4701bdaad979597c,clean
1,wildfake_midjourney,full_synthetic,midjourney,train,4701bdaad979597c,resize05
1,wildfake_midjourney,full_synthetic,midjourney,train,4701bdaad979597c,resize025
1,wildfake_midjourney,full_synthetic,midjourney,train,4701bdaad979597c,crop08
1,wildfake_midjourney,full_synthetic,midjourney,train,fac82ff8f0b1d1e7,clean
1,wildfake_midjourney,full_synthetic,midjourney,train,fac82ff8f0b1d1e7,blur10
1,wildfake_midjourney,full_synthetic,midjourney,train,fac82ff8f0b1d1e7,jitter02
1,wildfake_midjourney,full_synthetic,midjourney,train,fac82ff8f0b1d1e7,crop08
1,wildfake_midjourney,full_synthetic,midjourney,train,267f11efe19e28cd,clean
1,wildfake_midjourney,full_synthetic,midjourney,train,267f11efe19e28cd,jpeg70
1,wildfake_midjourney,full_synthetic,midjourney,train,267f11efe19e28cd,noise005
1,wildfake_midjourney,full_synthetic,midjourney,train,267f11efe19e28cd,crop08
1,wildfake_midjourney,full_synthetic,midjourney,train,674bbd05db3025d9,clean
1,wildfake_midjourney,full_synthetic,midjourney,train,674bbd05db3025d9,blur10
1,wildfake_midjourney,full_synthetic,midjourney,train,674bbd05db3025d9,resize025
1,wildfake_midjourney,full_synthetic,midjourney,train,674bbd05db3025d9,noise005
1,wildfake_midjourney,full_synthetic,midjourney,train,26975a62d184be54,clean
1,wildfake_midjourney,full_synthetic,midjourney,train,26975a62d184be54,blur05
1,wildfake_midjourney,full_synthetic,midjourney,train,26975a62d184be54,noise005
1,wildfake_midjourney,full_synthetic,midjourney,train,26975a62d184be54,crop08
1,wildfake_midjourney,full_synthetic,midjourney,train,7f75c1cd4e7ae7b7,clean
1,wildfake_midjourney,full_synthetic,midjourney,train,7f75c1cd4e7ae7b7,blur10
1,wildfake_midjourney,full_synthetic,midjourney,train,7f75c1cd4e7ae7b7,blur20
1,wildfake_midjourney,full_synthetic,midjourney,train,7f75c1cd4e7ae7b7,resize025
1,wildfake_midjourney,full_synthetic,midjourney,train,9272a1566288c759,clean
1,wildfake_midjourney,full_synthetic,midjourney,train,9272a1566288c759,jpeg90
1,wildfake_midjourney,full_synthetic,midjourney,train,9272a1566288c759,blur10
1,wildfake_midjourney,full_synthetic,midjourney,train,9272a1566288c759,noise002
1,wildfake_midjourney,full_synthetic,midjourney,train,e3afc3d0b36f0418,clean
1,wildfake_midjourney,full_synthetic,midjourney,train,e3afc3d0b36f0418,jpeg70
1,wildfake_midjourney,full_synthetic,midjourney,train,e3afc3d0b36f0418,resize05
1,wildfake_midjourney,full_synthetic,midjourney,train,e3afc3d0b36f0418,crop08
1,wildfake_midjourney,full_synthetic,midjourney,train,2865ceb6aedcdba8,clean
1,wildfake_midjourney,full_synthetic,midjourney,train,2865ceb6aedcdba8,jpeg30
1,wildfake_midjourney,full_synthetic,midjourney,train,2865ceb6aedcdba8,blur05
1,wildfake_midjourney,full_synthetic,midjourney,train,2865ceb6aedcdba8,noise01
1,wildfake_midjourney,full_synthetic,midjourney,train,e9be2a0c3d79e529,clean
1,wildfake_midjourney,full_synthetic,midjourney,train,e9be2a0c3d79e529,blur05
1,wildfake_midjourney,full_synthetic,midjourney,train,e9be2a0c3d79e529,blur10
1,wildfake_midjourney,full_synthetic,midjourney,train,e9be2a0c3d79e529,noise002
1,wildfake_midjourney,full_synthetic,midjourney,train,b581d3e09d8f9b26,clean
1,wildfake_midjourney,full_synthetic,midjourney,train,b581d3e09d8f9b26,blur05
1,wildfake_midjourney,full_synthetic,midjourney,train,b581d3e09d8f9b26,noise005
1,wildfake_midjourney,full_synthetic,midjourney,train,b581d3e09d8f9b26,crop08
1,wildfake_midjourney,full_synthetic,midjourney,train,99a22a0b7a65f0bb,clean
1,wildfake_midjourney,full_synthetic,midjourney,train,99a22a0b7a65f0bb,blur05
1,wildfake_midjourney,full_synthetic,midjourney,train,99a22a0b7a65f0bb,blur10
1,wildfake_midjourney,full_synthetic,midjourney,train,99a22a0b7a65f0bb,noise002
1,wildfake_midjourney,full_synthetic,midjourney,train,6f1ec81b83f3e546,clean
1,wildfake_midjourney,full_synthetic,midjourney,train,6f1ec81b83f3e546,jpeg90
1,wildfake_midjourney,full_synthetic,midjourney,train,6f1ec81b83f3e546,resize05
1,wildfake_midjourney,full_synthetic,midjourney,train,6f1ec81b83f3e546,resize025
1,wildfake_midjourney,full_synthetic,midjourney,train,71a6361e1c112d57,clean
1,wildfake_midjourney,full_synthetic,midjourney,train,71a6361e1c112d57,jpeg50
1,wildfake_midjourney,full_synthetic,midjourney,train,71a6361e1c112d57,noise002
1,wildfake_midjourney,full_synthetic,midjourney,train,71a6361e1c112d57,jitter02
1,wildfake_midjourney,full_synthetic,midjourney,train,e207868b8cb090e8,clean
1,wildfake_midjourney,full_synthetic,midjourney,train,e207868b8cb090e8,jpeg50
1,wildfake_midjourney,full_synthetic,midjourney,train,e207868b8cb090e8,jpeg30
1,wildfake_midjourney,full_synthetic,midjourney,train,e207868b8cb090e8,jitter02
1,wildfake_midjourney,full_synthetic,midjourney,train,ee21cf22f3943fa7,clean
1,wildfake_midjourney,full_synthetic,midjourney,train,ee21cf22f3943fa7,noise002
1,wildfake_midjourney,full_synthetic,midjourney,train,ee21cf22f3943fa7,noise01
1,wildfake_midjourney,full_synthetic,midjourney,train,ee21cf22f3943fa7,crop08
1,wildfake_midjourney,full_synthetic,midjourney,train,d68d2b9367c269ac,clean
1,wildfake_midjourney,full_synthetic,midjourney,train,d68d2b9367c269ac,jpeg90
1,wildfake_midjourney,full_synthetic,midjourney,train,d68d2b9367c269ac,blur05
1,wildfake_midjourney,full_synthetic,midjourney,train,d68d2b9367c269ac,noise002
1,wildfake_midjourney,full_synthetic,midjourney,train,6abf91ea92830b52,clean
1,wildfake_midjourney,full_synthetic,midjourney,train,6abf91ea92830b52,jpeg90
1,wildfake_midjourney,full_synthetic,midjourney,train,6abf91ea92830b52,jpeg70
1,wildfake_midjourney,full_synthetic,midjourney,train,6abf91ea92830b52,jpeg50
1,wildfake_midjourney,full_synthetic,midjourney,train,d196486c3b14a1f8,clean
1,wildfake_midjourney,full_synthetic,midjourney,train,d196486c3b14a1f8,jpeg90
1,wildfake_midjourney,full_synthetic,midjourney,train,d196486c3b14a1f8,jpeg50
1,wildfake_midjourney,full_synthetic,midjourney,train,d196486c3b14a1f8,resize025
1,wildfake_midjourney,full_synthetic,midjourney,train,2ac712ed6f843c56,clean
1,wildfake_midjourney,full_synthetic,midjourney,train,2ac712ed6f843c56,jpeg90
1,wildfake_midjourney,full_synthetic,midjourney,train,2ac712ed6f843c56,blur10
1,wildfake_midjourney,full_synthetic,midjourney,train,2ac712ed6f843c56,crop08
1,wildfake_midjourney,full_synthetic,midjourney,train,9e38eb35279ae085,clean
1,wildfake_midjourney,full_synthetic,midjourney,train,9e38eb35279ae085,jpeg50
1,wildfake_midjourney,full_synthetic,midjourney,train,9e38eb35279ae085,jpeg30
1,wildfake_midjourney,full_synthetic,midjourney,train,9e38eb35279ae085,noise002
1,wildfake_midjourney,full_synthetic,midjourney,train,27de9d27bea0b062,clean
1,wildfake_midjourney,full_synthetic,midjourney,train,27de9d27bea0b062,jpeg30
1,wildfake_midjourney,full_synthetic,midjourney,train,27de9d27bea0b062,noise002
1,wildfake_midjourney,full_synthetic,midjourney,train,27de9d27bea0b062,crop08
1,wildfake_midjourney,full_synthetic,midjourney,train,2aff52c1f61550f6,clean
1,wildfake_midjourney,full_synthetic,midjourney,train,2aff52c1f61550f6,resize025
1,wildfake_midjourney,full_synthetic,midjourney,train,2aff52c1f61550f6,noise005
1,wildfake_midjourney,full_synthetic,midjourney,train,2aff52c1f61550f6,jitter02
1,wildfake_midjourney,full_synthetic,midjourney,train,471e02bd58f8beee,clean
1,wildfake_midjourney,full_synthetic,midjourney,train,471e02bd58f8beee,jpeg90
1,wildfake_midjourney,full_synthetic,midjourney,train,471e02bd58f8beee,jpeg30
1,wildfake_midjourney,full_synthetic,midjourney,train,471e02bd58f8beee,noise002
1,wildfake_midjourney,full_synthetic,midjourney,train,0e6a6f2766d623bf,clean
1,wildfake_midjourney,full_synthetic,midjourney,train,0e6a6f2766d623bf,jpeg90
1,wildfake_midjourney,full_synthetic,midjourney,train,0e6a6f2766d623bf,blur05
1,wildfake_midjourney,full_synthetic,midjourney,train,0e6a6f2766d623bf,jitter02
1,wildfake_midjourney,full_synthetic,midjourney,train,6895e940da957652,clean
1,wildfake_midjourney,full_synthetic,midjourney,train,6895e940da957652,blur05
1,wildfake_midjourney,full_synthetic,midjourney,train,6895e940da957652,blur20
1,wildfake_midjourney,full_synthetic,midjourney,train,6895e940da957652,noise002
1,wildfake_midjourney,full_synthetic,midjourney,train,838e98a95e836e2a,clean
1,wildfake_midjourney,full_synthetic,midjourney,train,838e98a95e836e2a,jpeg70
1,wildfake_midjourney,full_synthetic,midjourney,train,838e98a95e836e2a,blur05
1,wildfake_midjourney,full_synthetic,midjourney,train,838e98a95e836e2a,blur20
1,wildfake_midjourney,full_synthetic,midjourney,train,784c7822e4620fa8,clean
1,wildfake_midjourney,full_synthetic,midjourney,train,784c7822e4620fa8,jpeg30
1,wildfake_midjourney,full_synthetic,midjourney,train,784c7822e4620fa8,noise002
1,wildfake_midjourney,full_synthetic,midjourney,train,784c7822e4620fa8,crop08
1,wildfake_midjourney,full_synthetic,midjourney,train,4bf0878a6a6cefc7,clean
1,wildfake_midjourney,full_synthetic,midjourney,train,4bf0878a6a6cefc7,jpeg50
1,wildfake_midjourney,full_synthetic,midjourney,train,4bf0878a6a6cefc7,blur10
1,wildfake_midjourney,full_synthetic,midjourney,train,4bf0878a6a6cefc7,resize05
1,wildfake_midjourney,full_synthetic,midjourney,train,e338f8bceec9ffd1,clean
1,wildfake_midjourney,full_synthetic,midjourney,train,e338f8bceec9ffd1,jpeg90
1,wildfake_midjourney,full_synthetic,midjourney,train,e338f8bceec9ffd1,resize025
1,wildfake_midjourney,full_synthetic,midjourney,train,e338f8bceec9ffd1,jitter02
1,wildfake_midjourney,full_synthetic,midjourney,train,d9a4c0d8ecfe34c1,clean
1,wildfake_midjourney,full_synthetic,midjourney,train,d9a4c0d8ecfe34c1,jpeg90
1,wildfake_midjourney,full_synthetic,midjourney,train,d9a4c0d8ecfe34c1,noise01
1,wildfake_midjourney,full_synthetic,midjourney,train,d9a4c0d8ecfe34c1,jitter02
1,wildfake_midjourney,full_synthetic,midjourney,train,d709f3655bdd07ab,clean
1,wildfake_midjourney,full_synthetic,midjourney,train,d709f3655bdd07ab,jpeg50
1,wildfake_midjourney,full_synthetic,midjourney,train,d709f3655bdd07ab,blur10
1,wildfake_midjourney,full_synthetic,midjourney,train,d709f3655bdd07ab,resize05
1,wildfake_midjourney,full_synthetic,midjourney,train,e7c483e69f4118b3,clean
1,wildfake_midjourney,full_synthetic,midjourney,train,e7c483e69f4118b3,jpeg50
1,wildfake_midjourney,full_synthetic,midjourney,train,e7c483e69f4118b3,noise002
1,wildfake_midjourney,full_synthetic,midjourney,train,e7c483e69f4118b3,noise005
1,wildfake_midjourney,full_synthetic,midjourney,train,837e200fad634b69,clean
1,wildfake_midjourney,full_synthetic,midjourney,train,837e200fad634b69,jpeg50
1,wildfake_midjourney,full_synthetic,midjourney,train,837e200fad634b69,blur10
1,wildfake_midjourney,full_synthetic,midjourney,train,837e200fad634b69,noise01
1,wildfake_midjourney,full_synthetic,midjourney,train,2e967ee6027c98b9,clean
1,wildfake_midjourney,full_synthetic,midjourney,train,2e967ee6027c98b9,blur10
1,wildfake_midjourney,full_synthetic,midjourney,train,2e967ee6027c98b9,resize025
1,wildfake_midjourney,full_synthetic,midjourney,train,2e967ee6027c98b9,noise01
1,wildfake_midjourney,full_synthetic,midjourney,train,d53feb7d83e60fd1,clean
1,wildfake_midjourney,full_synthetic,midjourney,train,d53feb7d83e60fd1,blur05
1,wildfake_midjourney,full_synthetic,midjourney,train,d53feb7d83e60fd1,blur10
1,wildfake_midjourney,full_synthetic,midjourney,train,d53feb7d83e60fd1,jitter02
1,wildfake_midjourney,full_synthetic,midjourney,train,5ccc66893a30008b,clean
1,wildfake_midjourney,full_synthetic,midjourney,train,5ccc66893a30008b,jpeg90
1,wildfake_midjourney,full_synthetic,midjourney,train,5ccc66893a30008b,jpeg70
1,wildfake_midjourney,full_synthetic,midjourney,train,5ccc66893a30008b,crop08
1,wildfake_midjourney,full_synthetic,midjourney,train,db8337e35e1f4a36,clean
1,wildfake_midjourney,full_synthetic,midjourney,train,db8337e35e1f4a36,jpeg50
1,wildfake_midjourney,full_synthetic,midjourney,train,db8337e35e1f4a36,resize025
1,wildfake_midjourney,full_synthetic,midjourney,train,db8337e35e1f4a36,crop08
1,wildfake_midjourney,full_synthetic,midjourney,train,a9e45f29891cd504,clean
1,wildfake_midjourney,full_synthetic,midjourney,train,a9e45f29891cd504,jpeg70
1,wildfake_midjourney,full_synthetic,midjourney,train,a9e45f29891cd504,resize05
1,wildfake_midjourney,full_synthetic,midjourney,train,a9e45f29891cd504,noise002
1,wildfake_midjourney,full_synthetic,midjourney,train,a12f3d2e62e99f20,clean
1,wildfake_midjourney,full_synthetic,midjourney,train,a12f3d2e62e99f20,noise002
1,wildfake_midjourney,full_synthetic,midjourney,train,a12f3d2e62e99f20,noise01
1,wildfake_midjourney,full_synthetic,midjourney,train,a12f3d2e62e99f20,jitter02
1,wildfake_midjourney,full_synthetic,midjourney,train,20e6e1622db98b0a,clean
1,wildfake_midjourney,full_synthetic,midjourney,train,20e6e1622db98b0a,jpeg50
1,wildfake_midjourney,full_synthetic,midjourney,train,20e6e1622db98b0a,jpeg30
1,wildfake_midjourney,full_synthetic,midjourney,train,20e6e1622db98b0a,crop08
1,wildfake_midjourney,full_synthetic,midjourney,train,99febab35b1f6ba7,clean
1,wildfake_midjourney,full_synthetic,midjourney,train,99febab35b1f6ba7,jpeg50
1,wildfake_midjourney,full_synthetic,midjourney,train,99febab35b1f6ba7,blur20
1,wildfake_midjourney,full_synthetic,midjourney,train,99febab35b1f6ba7,resize05
1,wildfake_midjourney,full_synthetic,midjourney,train,e4054940610fe9d6,clean
1,wildfake_midjourney,full_synthetic,midjourney,train,e4054940610fe9d6,blur10
1,wildfake_midjourney,full_synthetic,midjourney,train,e4054940610fe9d6,resize025
1,wildfake_midjourney,full_synthetic,midjourney,train,e4054940610fe9d6,noise01
1,wildfake_midjourney,full_synthetic,midjourney,train,d304bf1a271c67ce,clean
1,wildfake_midjourney,full_synthetic,midjourney,train,d304bf1a271c67ce,resize05
1,wildfake_midjourney,full_synthetic,midjourney,train,d304bf1a271c67ce,noise002
1,wildfake_midjourney,full_synthetic,midjourney,train,d304bf1a271c67ce,jitter02
1,wildfake_midjourney,full_synthetic,midjourney,train,205d7cd12455d7ee,clean
1,wildfake_midjourney,full_synthetic,midjourney,train,205d7cd12455d7ee,jpeg30
1,wildfake_midjourney,full_synthetic,midjourney,train,205d7cd12455d7ee,blur10
1,wildfake_midjourney,full_synthetic,midjourney,train,205d7cd12455d7ee,jitter02
1,wildfake_midjourney,full_synthetic,midjourney,train,ff6feef2b4a1ca5d,clean
1,wildfake_midjourney,full_synthetic,midjourney,train,ff6feef2b4a1ca5d,jpeg70
1,wildfake_midjourney,full_synthetic,midjourney,train,ff6feef2b4a1ca5d,blur05
1,wildfake_midjourney,full_synthetic,midjourney,train,ff6feef2b4a1ca5d,resize05
1,wildfake_midjourney,full_synthetic,midjourney,train,438ff41fc0df2dfb,clean
1,wildfake_midjourney,full_synthetic,midjourney,train,438ff41fc0df2dfb,jpeg30
1,wildfake_midjourney,full_synthetic,midjourney,train,438ff41fc0df2dfb,blur05
1,wildfake_midjourney,full_synthetic,midjourney,train,438ff41fc0df2dfb,noise01
1,wildfake_midjourney,full_synthetic,midjourney,train,3f9d180acab2b9e4,clean
1,wildfake_midjourney,full_synthetic,midjourney,train,3f9d180acab2b9e4,blur05
1,wildfake_midjourney,full_synthetic,midjourney,train,3f9d180acab2b9e4,resize05
1,wildfake_midjourney,full_synthetic,midjourney,train,3f9d180acab2b9e4,noise01
1,wildfake_midjourney,full_synthetic,midjourney,train,89907c73a2c11576,clean
1,wildfake_midjourney,full_synthetic,midjourney,train,89907c73a2c11576,blur10
1,wildfake_midjourney,full_synthetic,midjourney,train,89907c73a2c11576,blur20
1,wildfake_midjourney,full_synthetic,midjourney,train,89907c73a2c11576,resize025
1,wildfake_midjourney,full_synthetic,midjourney,train,c115e0dcaa303762,clean
1,wildfake_midjourney,full_synthetic,midjourney,train,c115e0dcaa303762,jpeg90
1,wildfake_midjourney,full_synthetic,midjourney,train,c115e0dcaa303762,jpeg50
1,wildfake_midjourney,full_synthetic,midjourney,train,c115e0dcaa303762,jpeg30
1,wildfake_midjourney,full_synthetic,midjourney,train,479117e5e741a6c0,clean
1,wildfake_midjourney,full_synthetic,midjourney,train,479117e5e741a6c0,blur05
1,wildfake_midjourney,full_synthetic,midjourney,train,479117e5e741a6c0,resize025
1,wildfake_midjourney,full_synthetic,midjourney,train,479117e5e741a6c0,jitter02
1,wildfake_midjourney,full_synthetic,midjourney,train,ddd9c0580b27ccde,clean
1,wildfake_midjourney,full_synthetic,midjourney,train,ddd9c0580b27ccde,jpeg70
1,wildfake_midjourney,full_synthetic,midjourney,train,ddd9c0580b27ccde,jpeg30
1,wildfake_midjourney,full_synthetic,midjourney,train,ddd9c0580b27ccde,blur05
1,wildfake_midjourney,full_synthetic,midjourney,train,5771543f30557c68,clean
1,wildfake_midjourney,full_synthetic,midjourney,train,5771543f30557c68,jpeg50
1,wildfake_midjourney,full_synthetic,midjourney,train,5771543f30557c68,blur10
1,wildfake_midjourney,full_synthetic,midjourney,train,5771543f30557c68,blur20
1,wildfake_midjourney,full_synthetic,midjourney,train,bee94c53369a93ea,clean
1,wildfake_midjourney,full_synthetic,midjourney,train,bee94c53369a93ea,jpeg70
1,wildfake_midjourney,full_synthetic,midjourney,train,bee94c53369a93ea,resize025
1,wildfake_midjourney,full_synthetic,midjourney,train,bee94c53369a93ea,crop08
1,wildfake_midjourney,full_synthetic,midjourney,train,31c4d896236b41e4,clean
1,wildfake_midjourney,full_synthetic,midjourney,train,31c4d896236b41e4,jpeg70
1,wildfake_midjourney,full_synthetic,midjourney,train,31c4d896236b41e4,noise01
1,wildfake_midjourney,full_synthetic,midjourney,train,31c4d896236b41e4,crop08
1,wildfake_midjourney,full_synthetic,midjourney,train,97561d59fd167d2c,clean
1,wildfake_midjourney,full_synthetic,midjourney,train,97561d59fd167d2c,blur05
1,wildfake_midjourney,full_synthetic,midjourney,train,97561d59fd167d2c,blur20
1,wildfake_midjourney,full_synthetic,midjourney,train,97561d59fd167d2c,noise005
1,wildfake_midjourney,full_synthetic,midjourney,train,3ea2871969ebf185,clean
1,wildfake_midjourney,full_synthetic,midjourney,train,3ea2871969ebf185,jpeg90
1,wildfake_midjourney,full_synthetic,midjourney,train,3ea2871969ebf185,blur20
1,wildfake_midjourney,full_synthetic,midjourney,train,3ea2871969ebf185,resize05
1,wildfake_midjourney,full_synthetic,midjourney,train,3d70874a29b16ed7,clean
1,wildfake_midjourney,full_synthetic,midjourney,train,3d70874a29b16ed7,jpeg30
1,wildfake_midjourney,full_synthetic,midjourney,train,3d70874a29b16ed7,blur05
1,wildfake_midjourney,full_synthetic,midjourney,train,3d70874a29b16ed7,crop08
1,wildfake_midjourney,full_synthetic,midjourney,train,0b4da01ceec39170,clean
1,wildfake_midjourney,full_synthetic,midjourney,train,0b4da01ceec39170,blur10
1,wildfake_midjourney,full_synthetic,midjourney,train,0b4da01ceec39170,blur20
1,wildfake_midjourney,full_synthetic,midjourney,train,0b4da01ceec39170,noise002
1,wildfake_midjourney,full_synthetic,midjourney,train,9647bc5016b0c564,clean
1,wildfake_midjourney,full_synthetic,midjourney,train,9647bc5016b0c564,jpeg50
1,wildfake_midjourney,full_synthetic,midjourney,train,9647bc5016b0c564,blur10
1,wildfake_midjourney,full_synthetic,midjourney,train,9647bc5016b0c564,blur20
1,wildfake_midjourney,full_synthetic,midjourney,train,d322931dbb362dea,clean
1,wildfake_midjourney,full_synthetic,midjourney,train,d322931dbb362dea,jpeg50
1,wildfake_midjourney,full_synthetic,midjourney,train,d322931dbb362dea,jpeg30
1,wildfake_midjourney,full_synthetic,midjourney,train,d322931dbb362dea,crop08
1,wildfake_midjourney,full_synthetic,midjourney,train,d0d8f8d20dc36e89,clean
1,wildfake_midjourney,full_synthetic,midjourney,train,d0d8f8d20dc36e89,jpeg30
1,wildfake_midjourney,full_synthetic,midjourney,train,d0d8f8d20dc36e89,blur10
1,wildfake_midjourney,full_synthetic,midjourney,train,d0d8f8d20dc36e89,resize025
1,wildfake_midjourney,full_synthetic,midjourney,train,62ce5cccc89d39d8,clean
1,wildfake_midjourney,full_synthetic,midjourney,train,62ce5cccc89d39d8,jpeg30
1,wildfake_midjourney,full_synthetic,midjourney,train,62ce5cccc89d39d8,blur05
1,wildfake_midjourney,full_synthetic,midjourney,train,62ce5cccc89d39d8,blur20
1,wildfake_midjourney,full_synthetic,midjourney,train,ad284438fe95a806,clean
1,wildfake_midjourney,full_synthetic,midjourney,train,ad284438fe95a806,jpeg90
1,wildfake_midjourney,full_synthetic,midjourney,train,ad284438fe95a806,jpeg30
1,wildfake_midjourney,full_synthetic,midjourney,train,ad284438fe95a806,noise005
1,wildfake_midjourney,full_synthetic,midjourney,train,ecc24fa737721773,clean
1,wildfake_midjourney,full_synthetic,midjourney,train,ecc24fa737721773,blur10
1,wildfake_midjourney,full_synthetic,midjourney,train,ecc24fa737721773,jitter02
1,wildfake_midjourney,full_synthetic,midjourney,train,ecc24fa737721773,crop08
1,wildfake_midjourney,full_synthetic,midjourney,train,bf12a32592cb1ba0,clean
1,wildfake_midjourney,full_synthetic,midjourney,train,bf12a32592cb1ba0,jpeg90
1,wildfake_midjourney,full_synthetic,midjourney,train,bf12a32592cb1ba0,jpeg30
1,wildfake_midjourney,full_synthetic,midjourney,train,bf12a32592cb1ba0,noise01
1,wildfake_midjourney,full_synthetic,midjourney,train,a0fd6d253814f298,clean
1,wildfake_midjourney,full_synthetic,midjourney,train,a0fd6d253814f298,jpeg90
1,wildfake_midjourney,full_synthetic,midjourney,train,a0fd6d253814f298,jpeg70
1,wildfake_midjourney,full_synthetic,midjourney,train,a0fd6d253814f298,noise005
1,wildfake_midjourney,full_synthetic,midjourney,train,86ade9788e9061ac,clean
1,wildfake_midjourney,full_synthetic,midjourney,train,86ade9788e9061ac,jpeg90
1,wildfake_midjourney,full_synthetic,midjourney,train,86ade9788e9061ac,blur10
1,wildfake_midjourney,full_synthetic,midjourney,train,86ade9788e9061ac,noise01
1,wildfake_midjourney,full_synthetic,midjourney,train,719ff71c6d4687bf,clean
1,wildfake_midjourney,full_synthetic,midjourney,train,719ff71c6d4687bf,blur20
1,wildfake_midjourney,full_synthetic,midjourney,train,719ff71c6d4687bf,noise002
1,wildfake_midjourney,full_synthetic,midjourney,train,719ff71c6d4687bf,jitter02
1,wildfake_midjourney,full_synthetic,midjourney,train,70f894e300bebf9f,clean
1,wildfake_midjourney,full_synthetic,midjourney,train,70f894e300bebf9f,jpeg90
1,wildfake_midjourney,full_synthetic,midjourney,train,70f894e300bebf9f,jpeg50
1,wildfake_midjourney,full_synthetic,midjourney,train,70f894e300bebf9f,resize025
1,wildfake_midjourney,full_synthetic,midjourney,train,52fa2fe4e559541a,clean
1,wildfake_midjourney,full_synthetic,midjourney,train,52fa2fe4e559541a,jpeg90
1,wildfake_midjourney,full_synthetic,midjourney,train,52fa2fe4e559541a,resize05
1,wildfake_midjourney,full_synthetic,midjourney,train,52fa2fe4e559541a,jitter02
1,wildfake_midjourney,full_synthetic,midjourney,train,f45bd29e3bdf82f5,clean
1,wildfake_midjourney,full_synthetic,midjourney,train,f45bd29e3bdf82f5,jpeg50
1,wildfake_midjourney,full_synthetic,midjourney,train,f45bd29e3bdf82f5,blur20
1,wildfake_midjourney,full_synthetic,midjourney,train,f45bd29e3bdf82f5,resize025
1,wildfake_midjourney,full_synthetic,midjourney,train,13cbfaf2eb8d64b2,clean
1,wildfake_midjourney,full_synthetic,midjourney,train,13cbfaf2eb8d64b2,jpeg50
1,wildfake_midjourney,full_synthetic,midjourney,train,13cbfaf2eb8d64b2,noise005
1,wildfake_midjourney,full_synthetic,midjourney,train,13cbfaf2eb8d64b2,noise01
1,wildfake_midjourney,full_synthetic,midjourney,train,1c93190b23101952,clean
1,wildfake_midjourney,full_synthetic,midjourney,train,1c93190b23101952,blur10
1,wildfake_midjourney,full_synthetic,midjourney,train,1c93190b23101952,resize05
1,wildfake_midjourney,full_synthetic,midjourney,train,1c93190b23101952,jitter02
1,wildfake_midjourney,full_synthetic,midjourney,train,44e22c0172558221,clean
1,wildfake_midjourney,full_synthetic,midjourney,train,44e22c0172558221,jpeg70
1,wildfake_midjourney,full_synthetic,midjourney,train,44e22c0172558221,resize025
1,wildfake_midjourney,full_synthetic,midjourney,train,44e22c0172558221,noise005
1,wildfake_midjourney,full_synthetic,midjourney,train,a505949f786f9008,clean
1,wildfake_midjourney,full_synthetic,midjourney,train,a505949f786f9008,jpeg90
1,wildfake_midjourney,full_synthetic,midjourney,train,a505949f786f9008,blur10
1,wildfake_midjourney,full_synthetic,midjourney,train,a505949f786f9008,blur20
1,wildfake_midjourney,full_synthetic,midjourney,train,fb3ff6c8ae8a9ad1,clean
1,wildfake_midjourney,full_synthetic,midjourney,train,fb3ff6c8ae8a9ad1,noise005
1,wildfake_midjourney,full_synthetic,midjourney,train,fb3ff6c8ae8a9ad1,noise01
1,wildfake_midjourney,full_synthetic,midjourney,train,fb3ff6c8ae8a9ad1,jitter02
1,wildfake_midjourney,full_synthetic,midjourney,train,92495176906f8e78,clean
1,wildfake_midjourney,full_synthetic,midjourney,train,92495176906f8e78,jpeg90
1,wildfake_midjourney,full_synthetic,midjourney,train,92495176906f8e78,blur10
1,wildfake_midjourney,full_synthetic,midjourney,train,92495176906f8e78,noise01
1,wildfake_midjourney,full_synthetic,midjourney,train,bafb6cc10f385ebf,clean
1,wildfake_midjourney,full_synthetic,midjourney,train,bafb6cc10f385ebf,jpeg30
1,wildfake_midjourney,full_synthetic,midjourney,train,bafb6cc10f385ebf,noise01
1,wildfake_midjourney,full_synthetic,midjourney,train,bafb6cc10f385ebf,jitter02
1,wildfake_midjourney,full_synthetic,midjourney,train,f89ac5d141aa3add,clean
1,wildfake_midjourney,full_synthetic,midjourney,train,f89ac5d141aa3add,jpeg30
1,wildfake_midjourney,full_synthetic,midjourney,train,f89ac5d141aa3add,blur10
1,wildfake_midjourney,full_synthetic,midjourney,train,f89ac5d141aa3add,resize025
1,wildfake_midjourney,full_synthetic,midjourney,train,d2ada55469a578a4,clean
1,wildfake_midjourney,full_synthetic,midjourney,train,d2ada55469a578a4,jpeg70
1,wildfake_midjourney,full_synthetic,midjourney,train,d2ada55469a578a4,blur20
1,wildfake_midjourney,full_synthetic,midjourney,train,d2ada55469a578a4,resize025
1,wildfake_midjourney,full_synthetic,midjourney,train,f69cbacf2a0a097d,clean
1,wildfake_midjourney,full_synthetic,midjourney,train,f69cbacf2a0a097d,blur05
1,wildfake_midjourney,full_synthetic,midjourney,train,f69cbacf2a0a097d,resize05
1,wildfake_midjourney,full_synthetic,midjourney,train,f69cbacf2a0a097d,resize025
1,wildfake_midjourney,full_synthetic,midjourney,train,d8feb174dfd844f9,clean
1,wildfake_midjourney,full_synthetic,midjourney,train,d8feb174dfd844f9,jpeg70
1,wildfake_midjourney,full_synthetic,midjourney,train,d8feb174dfd844f9,blur10
1,wildfake_midjourney,full_synthetic,midjourney,train,d8feb174dfd844f9,resize025
1,wildfake_midjourney,full_synthetic,midjourney,train,b118422bd94afdb2,clean
1,wildfake_midjourney,full_synthetic,midjourney,train,b118422bd94afdb2,blur20
1,wildfake_midjourney,full_synthetic,midjourney,train,b118422bd94afdb2,resize025
1,wildfake_midjourney,full_synthetic,midjourney,train,b118422bd94afdb2,crop08
1,wildfake_midjourney,full_synthetic,midjourney,train,0aaf77e10b113bb2,clean
1,wildfake_midjourney,full_synthetic,midjourney,train,0aaf77e10b113bb2,jpeg90
1,wildfake_midjourney,full_synthetic,midjourney,train,0aaf77e10b113bb2,blur20
1,wildfake_midjourney,full_synthetic,midjourney,train,0aaf77e10b113bb2,resize025
1,wildfake_midjourney,full_synthetic,midjourney,train,9bc8baaabe59f3ca,clean
1,wildfake_midjourney,full_synthetic,midjourney,train,9bc8baaabe59f3ca,jpeg50
1,wildfake_midjourney,full_synthetic,midjourney,train,9bc8baaabe59f3ca,noise002
1,wildfake_midjourney,full_synthetic,midjourney,train,9bc8baaabe59f3ca,crop08
1,wildfake_midjourney,full_synthetic,midjourney,train,6e7ce4332304a35c,clean
1,wildfake_midjourney,full_synthetic,midjourney,train,6e7ce4332304a35c,blur05
1,wildfake_midjourney,full_synthetic,midjourney,train,6e7ce4332304a35c,resize05
1,wildfake_midjourney,full_synthetic,midjourney,train,6e7ce4332304a35c,crop08
1,wildfake_midjourney,full_synthetic,midjourney,train,d506b374ba7f548e,clean
1,wildfake_midjourney,full_synthetic,midjourney,train,d506b374ba7f548e,blur10
1,wildfake_midjourney,full_synthetic,midjourney,train,d506b374ba7f548e,noise002
1,wildfake_midjourney,full_synthetic,midjourney,train,d506b374ba7f548e,noise005
1,wildfake_midjourney,full_synthetic,midjourney,train,d608b90d0bdeb5ce,clean
1,wildfake_midjourney,full_synthetic,midjourney,train,d608b90d0bdeb5ce,resize05
1,wildfake_midjourney,full_synthetic,midjourney,train,d608b90d0bdeb5ce,noise002
1,wildfake_midjourney,full_synthetic,midjourney,train,d608b90d0bdeb5ce,crop08
1,wildfake_midjourney,full_synthetic,midjourney,train,dc8010e3a221c1d7,clean
1,wildfake_midjourney,full_synthetic,midjourney,train,dc8010e3a221c1d7,jpeg70
1,wildfake_midjourney,full_synthetic,midjourney,train,dc8010e3a221c1d7,jpeg30
1,wildfake_midjourney,full_synthetic,midjourney,train,dc8010e3a221c1d7,resize025
1,wildfake_midjourney,full_synthetic,midjourney,train,74884f7cf73f1281,clean
1,wildfake_midjourney,full_synthetic,midjourney,train,74884f7cf73f1281,jpeg50
1,wildfake_midjourney,full_synthetic,midjourney,train,74884f7cf73f1281,blur10
1,wildfake_midjourney,full_synthetic,midjourney,train,74884f7cf73f1281,resize05
1,wildfake_midjourney,full_synthetic,midjourney,train,6cc2eb0dd0522e0d,clean
1,wildfake_midjourney,full_synthetic,midjourney,train,6cc2eb0dd0522e0d,blur20
1,wildfake_midjourney,full_synthetic,midjourney,train,6cc2eb0dd0522e0d,noise01
1,wildfake_midjourney,full_synthetic,midjourney,train,6cc2eb0dd0522e0d,jitter02
1,wildfake_midjourney,full_synthetic,midjourney,train,61d4654c4933da67,clean
1,wildfake_midjourney,full_synthetic,midjourney,train,61d4654c4933da67,jpeg50
1,wildfake_midjourney,full_synthetic,midjourney,train,61d4654c4933da67,blur05
1,wildfake_midjourney,full_synthetic,midjourney,train,61d4654c4933da67,jitter02
1,wildfake_midjourney,full_synthetic,midjourney,train,b6598cc6e04819fd,clean
1,wildfake_midjourney,full_synthetic,midjourney,train,b6598cc6e04819fd,blur10
1,wildfake_midjourney,full_synthetic,midjourney,train,b6598cc6e04819fd,blur20
1,wildfake_midjourney,full_synthetic,midjourney,train,b6598cc6e04819fd,resize05
1,wildfake_midjourney,full_synthetic,midjourney,train,f32ea1011d745606,clean
1,wildfake_midjourney,full_synthetic,midjourney,train,f32ea1011d745606,blur05
1,wildfake_midjourney,full_synthetic,midjourney,train,f32ea1011d745606,blur10
1,wildfake_midjourney,full_synthetic,midjourney,train,f32ea1011d745606,noise005
1,wildfake_midjourney,full_synthetic,midjourney,train,58c20496c503656e,clean
1,wildfake_midjourney,full_synthetic,midjourney,train,58c20496c503656e,jpeg70
1,wildfake_midjourney,full_synthetic,midjourney,train,58c20496c503656e,jpeg30
1,wildfake_midjourney,full_synthetic,midjourney,train,58c20496c503656e,jitter02
1,wildfake_midjourney,full_synthetic,midjourney,train,2d90d373b88ce83b,clean
1,wildfake_midjourney,full_synthetic,midjourney,train,2d90d373b88ce83b,jpeg90
1,wildfake_midjourney,full_synthetic,midjourney,train,2d90d373b88ce83b,jpeg70
1,wildfake_midjourney,full_synthetic,midjourney,train,2d90d373b88ce83b,jpeg50
1,wildfake_midjourney,full_synthetic,midjourney,train,f6a43b46794f33e2,clean
1,wildfake_midjourney,full_synthetic,midjourney,train,f6a43b46794f33e2,jpeg90
1,wildfake_midjourney,full_synthetic,midjourney,train,f6a43b46794f33e2,blur10
1,wildfake_midjourney,full_synthetic,midjourney,train,f6a43b46794f33e2,noise005
1,wildfake_midjourney,full_synthetic,midjourney,train,deb1cca5e832dbf5,clean
1,wildfake_midjourney,full_synthetic,midjourney,train,deb1cca5e832dbf5,jpeg90
1,wildfake_midjourney,full_synthetic,midjourney,train,deb1cca5e832dbf5,resize025
1,wildfake_midjourney,full_synthetic,midjourney,train,deb1cca5e832dbf5,noise01
1,wildfake_midjourney,full_synthetic,midjourney,train,beb5c9b0a48cb683,clean
1,wildfake_midjourney,full_synthetic,midjourney,train,beb5c9b0a48cb683,jpeg90
1,wildfake_midjourney,full_synthetic,midjourney,train,beb5c9b0a48cb683,blur10
1,wildfake_midjourney,full_synthetic,midjourney,train,beb5c9b0a48cb683,resize05
1,wildfake_midjourney,full_synthetic,midjourney,train,8ff351a3a0f03300,clean
1,wildfake_midjourney,full_synthetic,midjourney,train,8ff351a3a0f03300,jpeg50
1,wildfake_midjourney,full_synthetic,midjourney,train,8ff351a3a0f03300,resize05
1,wildfake_midjourney,full_synthetic,midjourney,train,8ff351a3a0f03300,noise01
1,wildfake_midjourney,full_synthetic,midjourney,train,756c330a610f14ba,clean
1,wildfake_midjourney,full_synthetic,midjourney,train,756c330a610f14ba,jpeg30
1,wildfake_midjourney,full_synthetic,midjourney,train,756c330a610f14ba,blur20
1,wildfake_midjourney,full_synthetic,midjourney,train,756c330a610f14ba,noise002
1,wildfake_midjourney,full_synthetic,midjourney,train,d651c68614352b43,clean
1,wildfake_midjourney,full_synthetic,midjourney,train,d651c68614352b43,jpeg70
1,wildfake_midjourney,full_synthetic,midjourney,train,d651c68614352b43,resize025
1,wildfake_midjourney,full_synthetic,midjourney,train,d651c68614352b43,noise002
1,wildfake_midjourney,full_synthetic,midjourney,train,88e5f07caa43760d,clean
1,wildfake_midjourney,full_synthetic,midjourney,train,88e5f07caa43760d,jpeg30
1,wildfake_midjourney,full_synthetic,midjourney,train,88e5f07caa43760d,blur05
1,wildfake_midjourney,full_synthetic,midjourney,train,88e5f07caa43760d,blur10
1,wildfake_midjourney,full_synthetic,midjourney,train,2c9d76dd306f2529,clean
1,wildfake_midjourney,full_synthetic,midjourney,train,2c9d76dd306f2529,jpeg70
1,wildfake_midjourney,full_synthetic,midjourney,train,2c9d76dd306f2529,jpeg30
1,wildfake_midjourney,full_synthetic,midjourney,train,2c9d76dd306f2529,jitter02
1,wildfake_midjourney,full_synthetic,midjourney,train,1e9e14569b2c8097,clean
1,wildfake_midjourney,full_synthetic,midjourney,train,1e9e14569b2c8097,blur20
1,wildfake_midjourney,full_synthetic,midjourney,train,1e9e14569b2c8097,noise01
1,wildfake_midjourney,full_synthetic,midjourney,train,1e9e14569b2c8097,jitter02
1,wildfake_midjourney,full_synthetic,midjourney,train,6460a5e0cd1e6a33,clean
1,wildfake_midjourney,full_synthetic,midjourney,train,6460a5e0cd1e6a33,resize05
1,wildfake_midjourney,full_synthetic,midjourney,train,6460a5e0cd1e6a33,resize025
1,wildfake_midjourney,full_synthetic,midjourney,train,6460a5e0cd1e6a33,noise002
1,wildfake_midjourney,full_synthetic,midjourney,train,1656c33f7435993b,clean
1,wildfake_midjourney,full_synthetic,midjourney,train,1656c33f7435993b,jpeg70
1,wildfake_midjourney,full_synthetic,midjourney,train,1656c33f7435993b,noise002
1,wildfake_midjourney,full_synthetic,midjourney,train,1656c33f7435993b,jitter02
1,wildfake_midjourney,full_synthetic,midjourney,train,79cf06249b326223,clean
1,wildfake_midjourney,full_synthetic,midjourney,train,79cf06249b326223,jpeg30
1,wildfake_midjourney,full_synthetic,midjourney,train,79cf06249b326223,blur20
1,wildfake_midjourney,full_synthetic,midjourney,train,79cf06249b326223,jitter02
1,wildfake_midjourney,full_synthetic,midjourney,train,969d97ba8616c7ea,clean
1,wildfake_midjourney,full_synthetic,midjourney,train,969d97ba8616c7ea,jpeg50
1,wildfake_midjourney,full_synthetic,midjourney,train,969d97ba8616c7ea,jpeg30
1,wildfake_midjourney,full_synthetic,midjourney,train,969d97ba8616c7ea,resize05
1,wildfake_midjourney,full_synthetic,midjourney,train,27592be95adeb69e,clean
1,wildfake_midjourney,full_synthetic,midjourney,train,27592be95adeb69e,jpeg50
1,wildfake_midjourney,full_synthetic,midjourney,train,27592be95adeb69e,noise005
1,wildfake_midjourney,full_synthetic,midjourney,train,27592be95adeb69e,crop08
1,wildfake_midjourney,full_synthetic,midjourney,train,e7bac22c3e3f6252,clean
1,wildfake_midjourney,full_synthetic,midjourney,train,e7bac22c3e3f6252,blur20
1,wildfake_midjourney,full_synthetic,midjourney,train,e7bac22c3e3f6252,resize05
1,wildfake_midjourney,full_synthetic,midjourney,train,e7bac22c3e3f6252,resize025
1,wildfake_midjourney,full_synthetic,midjourney,train,96894f72220dcc1e,clean
1,wildfake_midjourney,full_synthetic,midjourney,train,96894f72220dcc1e,jpeg90
1,wildfake_midjourney,full_synthetic,midjourney,train,96894f72220dcc1e,blur10
1,wildfake_midjourney,full_synthetic,midjourney,train,96894f72220dcc1e,crop08
1,wildfake_midjourney,full_synthetic,midjourney,train,6177cf360e0260a1,clean
1,wildfake_midjourney,full_synthetic,midjourney,train,6177cf360e0260a1,blur05
1,wildfake_midjourney,full_synthetic,midjourney,train,6177cf360e0260a1,noise01
1,wildfake_midjourney,full_synthetic,midjourney,train,6177cf360e0260a1,crop08
1,wildfake_midjourney,full_synthetic,midjourney,train,0dca9a96183d8618,clean
1,wildfake_midjourney,full_synthetic,midjourney,train,0dca9a96183d8618,blur20
1,wildfake_midjourney,full_synthetic,midjourney,train,0dca9a96183d8618,noise002
1,wildfake_midjourney,full_synthetic,midjourney,train,0dca9a96183d8618,noise005
1,wildfake_midjourney,full_synthetic,midjourney,train,6d0881badb6936c9,clean
1,wildfake_midjourney,full_synthetic,midjourney,train,6d0881badb6936c9,jpeg90
1,wildfake_midjourney,full_synthetic,midjourney,train,6d0881badb6936c9,blur10
1,wildfake_midjourney,full_synthetic,midjourney,train,6d0881badb6936c9,blur20
1,wildfake_midjourney,full_synthetic,midjourney,train,feb7995d6700142d,clean
1,wildfake_midjourney,full_synthetic,midjourney,train,feb7995d6700142d,jpeg30
1,wildfake_midjourney,full_synthetic,midjourney,train,feb7995d6700142d,resize025
1,wildfake_midjourney,full_synthetic,midjourney,train,feb7995d6700142d,crop08
1,wildfake_midjourney,full_synthetic,midjourney,train,c8fa5eea96093c2a,clean
1,wildfake_midjourney,full_synthetic,midjourney,train,c8fa5eea96093c2a,jpeg70
1,wildfake_midjourney,full_synthetic,midjourney,train,c8fa5eea96093c2a,noise005
1,wildfake_midjourney,full_synthetic,midjourney,train,c8fa5eea96093c2a,jitter02
1,wildfake_midjourney,full_synthetic,midjourney,train,f8baa7358f2999e8,clean
1,wildfake_midjourney,full_synthetic,midjourney,train,f8baa7358f2999e8,jpeg50
1,wildfake_midjourney,full_synthetic,midjourney,train,f8baa7358f2999e8,resize05
1,wildfake_midjourney,full_synthetic,midjourney,train,f8baa7358f2999e8,resize025
1,wildfake_midjourney,full_synthetic,midjourney,train,9bbf3ed360cfb784,clean
1,wildfake_midjourney,full_synthetic,midjourney,train,9bbf3ed360cfb784,jpeg30
1,wildfake_midjourney,full_synthetic,midjourney,train,9bbf3ed360cfb784,noise01
1,wildfake_midjourney,full_synthetic,midjourney,train,9bbf3ed360cfb784,jitter02
1,wildfake_midjourney,full_synthetic,midjourney,train,20597f6a21ef5df9,clean
1,wildfake_midjourney,full_synthetic,midjourney,train,20597f6a21ef5df9,jpeg30
1,wildfake_midjourney,full_synthetic,midjourney,train,20597f6a21ef5df9,noise005
1,wildfake_midjourney,full_synthetic,midjourney,train,20597f6a21ef5df9,crop08
1,wildfake_midjourney,full_synthetic,midjourney,train,3f868100d44b11f4,clean
1,wildfake_midjourney,full_synthetic,midjourney,train,3f868100d44b11f4,jpeg30
1,wildfake_midjourney,full_synthetic,midjourney,train,3f868100d44b11f4,blur20
1,wildfake_midjourney,full_synthetic,midjourney,train,3f868100d44b11f4,resize025
1,wildfake_midjourney,full_synthetic,midjourney,train,7ac65f7d8dc10159,clean
1,wildfake_midjourney,full_synthetic,midjourney,train,7ac65f7d8dc10159,jpeg90
1,wildfake_midjourney,full_synthetic,midjourney,train,7ac65f7d8dc10159,blur05
1,wildfake_midjourney,full_synthetic,midjourney,train,7ac65f7d8dc10159,blur10
1,wildfake_midjourney,full_synthetic,midjourney,train,a3f249a2d1ee320a,clean
1,wildfake_midjourney,full_synthetic,midjourney,train,a3f249a2d1ee320a,resize025
1,wildfake_midjourney,full_synthetic,midjourney,train,a3f249a2d1ee320a,noise01
1,wildfake_midjourney,full_synthetic,midjourney,train,a3f249a2d1ee320a,crop08
1,wildfake_midjourney,full_synthetic,midjourney,train,950999fb7f08076e,clean
1,wildfake_midjourney,full_synthetic,midjourney,train,950999fb7f08076e,jpeg90
1,wildfake_midjourney,full_synthetic,midjourney,train,950999fb7f08076e,jpeg50
1,wildfake_midjourney,full_synthetic,midjourney,train,950999fb7f08076e,noise005
1,wildfake_midjourney,full_synthetic,midjourney,train,3ef9a779867476e6,clean
1,wildfake_midjourney,full_synthetic,midjourney,train,3ef9a779867476e6,jpeg70
1,wildfake_midjourney,full_synthetic,midjourney,train,3ef9a779867476e6,blur20
1,wildfake_midjourney,full_synthetic,midjourney,train,3ef9a779867476e6,resize025
1,wildfake_midjourney,full_synthetic,midjourney,train,36857415c91b824a,clean
1,wildfake_midjourney,full_synthetic,midjourney,train,36857415c91b824a,jpeg90
1,wildfake_midjourney,full_synthetic,midjourney,train,36857415c91b824a,jpeg50
1,wildfake_midjourney,full_synthetic,midjourney,train,36857415c91b824a,noise005
1,wildfake_midjourney,full_synthetic,midjourney,train,8035e9cc8cedd225,clean
1,wildfake_midjourney,full_synthetic,midjourney,train,8035e9cc8cedd225,jpeg30
1,wildfake_midjourney,full_synthetic,midjourney,train,8035e9cc8cedd225,blur10
1,wildfake_midjourney,full_synthetic,midjourney,train,8035e9cc8cedd225,jitter02
1,wildfake_midjourney,full_synthetic,midjourney,train,1d7da6db0a07761f,clean
1,wildfake_midjourney,full_synthetic,midjourney,train,1d7da6db0a07761f,jpeg90
1,wildfake_midjourney,full_synthetic,midjourney,train,1d7da6db0a07761f,noise005
1,wildfake_midjourney,full_synthetic,midjourney,train,1d7da6db0a07761f,jitter02
1,wildfake_midjourney,full_synthetic,midjourney,train,25ab4aff59f40651,clean
1,wildfake_midjourney,full_synthetic,midjourney,train,25ab4aff59f40651,jpeg90
1,wildfake_midjourney,full_synthetic,midjourney,train,25ab4aff59f40651,blur05
1,wildfake_midjourney,full_synthetic,midjourney,train,25ab4aff59f40651,jitter02
1,wildfake_midjourney,full_synthetic,midjourney,train,08ade972a8bc0ba9,clean
1,wildfake_midjourney,full_synthetic,midjourney,train,08ade972a8bc0ba9,blur05
1,wildfake_midjourney,full_synthetic,midjourney,train,08ade972a8bc0ba9,blur10
1,wildfake_midjourney,full_synthetic,midjourney,train,08ade972a8bc0ba9,resize05
1,wildfake_midjourney,full_synthetic,midjourney,train,e694bb1a71ffc20b,clean
1,wildfake_midjourney,full_synthetic,midjourney,train,e694bb1a71ffc20b,jpeg50
1,wildfake_midjourney,full_synthetic,midjourney,train,e694bb1a71ffc20b,blur05
1,wildfake_midjourney,full_synthetic,midjourney,train,e694bb1a71ffc20b,noise002
1,wildfake_midjourney,full_synthetic,midjourney,train,a966d9ef5bbd278f,clean
1,wildfake_midjourney,full_synthetic,midjourney,train,a966d9ef5bbd278f,jpeg50
1,wildfake_midjourney,full_synthetic,midjourney,train,a966d9ef5bbd278f,blur10
1,wildfake_midjourney,full_synthetic,midjourney,train,a966d9ef5bbd278f,noise005
1,wildfake_midjourney,full_synthetic,midjourney,train,d568cd0e66fb421f,clean
1,wildfake_midjourney,full_synthetic,midjourney,train,d568cd0e66fb421f,jpeg30
1,wildfake_midjourney,full_synthetic,midjourney,train,d568cd0e66fb421f,noise002
1,wildfake_midjourney,full_synthetic,midjourney,train,d568cd0e66fb421f,noise01
1,wildfake_midjourney,full_synthetic,midjourney,train,c375bddec6132b43,clean
1,wildfake_midjourney,full_synthetic,midjourney,train,c375bddec6132b43,jpeg70
1,wildfake_midjourney,full_synthetic,midjourney,train,c375bddec6132b43,jpeg30
1,wildfake_midjourney,full_synthetic,midjourney,train,c375bddec6132b43,jitter02
1,wildfake_midjourney,full_synthetic,midjourney,train,486f8665ea8404d7,clean
1,wildfake_midjourney,full_synthetic,midjourney,train,486f8665ea8404d7,jpeg30
1,wildfake_midjourney,full_synthetic,midjourney,train,486f8665ea8404d7,blur10
1,wildfake_midjourney,full_synthetic,midjourney,train,486f8665ea8404d7,jitter02
1,wildfake_midjourney,full_synthetic,midjourney,train,d52cac2fbde8439b,clean
1,wildfake_midjourney,full_synthetic,midjourney,train,d52cac2fbde8439b,jpeg70
1,wildfake_midjourney,full_synthetic,midjourney,train,d52cac2fbde8439b,blur05
1,wildfake_midjourney,full_synthetic,midjourney,train,d52cac2fbde8439b,resize025
1,wildfake_midjourney,full_synthetic,midjourney,train,4792e17b9d2c231f,clean
1,wildfake_midjourney,full_synthetic,midjourney,train,4792e17b9d2c231f,blur05
1,wildfake_midjourney,full_synthetic,midjourney,train,4792e17b9d2c231f,resize05
1,wildfake_midjourney,full_synthetic,midjourney,train,4792e17b9d2c231f,noise005
1,wildfake_midjourney,full_synthetic,midjourney,train,7030e69b8a314751,clean
1,wildfake_midjourney,full_synthetic,midjourney,train,7030e69b8a314751,jpeg50
1,wildfake_midjourney,full_synthetic,midjourney,train,7030e69b8a314751,blur05
1,wildfake_midjourney,full_synthetic,midjourney,train,7030e69b8a314751,blur20
1,wildfake_midjourney,full_synthetic,midjourney,train,66a24124e0568d0c,clean
1,wildfake_midjourney,full_synthetic,midjourney,train,66a24124e0568d0c,resize05
1,wildfake_midjourney,full_synthetic,midjourney,train,66a24124e0568d0c,noise005
1,wildfake_midjourney,full_synthetic,midjourney,train,66a24124e0568d0c,crop08
1,wildfake_midjourney,full_synthetic,midjourney,train,ecf170a9880df35d,clean
1,wildfake_midjourney,full_synthetic,midjourney,train,ecf170a9880df35d,jpeg90
1,wildfake_midjourney,full_synthetic,midjourney,train,ecf170a9880df35d,blur20
1,wildfake_midjourney,full_synthetic,midjourney,train,ecf170a9880df35d,noise002
1,wildfake_midjourney,full_synthetic,midjourney,train,15e3006a964030e4,clean
1,wildfake_midjourney,full_synthetic,midjourney,train,15e3006a964030e4,resize05
1,wildfake_midjourney,full_synthetic,midjourney,train,15e3006a964030e4,resize025
1,wildfake_midjourney,full_synthetic,midjourney,train,15e3006a964030e4,noise005
1,wildfake_midjourney,full_synthetic,midjourney,train,64df2b745d33a521,clean
1,wildfake_midjourney,full_synthetic,midjourney,train,64df2b745d33a521,jpeg90
1,wildfake_midjourney,full_synthetic,midjourney,train,64df2b745d33a521,resize05
1,wildfake_midjourney,full_synthetic,midjourney,train,64df2b745d33a521,noise002
1,wildfake_midjourney,full_synthetic,midjourney,train,9f81613606233dec,clean
1,wildfake_midjourney,full_synthetic,midjourney,train,9f81613606233dec,jpeg30
1,wildfake_midjourney,full_synthetic,midjourney,train,9f81613606233dec,resize025
1,wildfake_midjourney,full_synthetic,midjourney,train,9f81613606233dec,crop08
1,wildfake_midjourney,full_synthetic,midjourney,train,8845be7ad307d195,clean
1,wildfake_midjourney,full_synthetic,midjourney,train,8845be7ad307d195,jpeg50
1,wildfake_midjourney,full_synthetic,midjourney,train,8845be7ad307d195,blur10
1,wildfake_midjourney,full_synthetic,midjourney,train,8845be7ad307d195,blur20
1,wildfake_midjourney,full_synthetic,midjourney,train,7683fc4159328741,clean
1,wildfake_midjourney,full_synthetic,midjourney,train,7683fc4159328741,jpeg30
1,wildfake_midjourney,full_synthetic,midjourney,train,7683fc4159328741,resize05
1,wildfake_midjourney,full_synthetic,midjourney,train,7683fc4159328741,resize025
1,wildfake_midjourney,full_synthetic,midjourney,train,4261ef436f7063c0,clean
1,wildfake_midjourney,full_synthetic,midjourney,train,4261ef436f7063c0,jpeg70
1,wildfake_midjourney,full_synthetic,midjourney,train,4261ef436f7063c0,blur20
1,wildfake_midjourney,full_synthetic,midjourney,train,4261ef436f7063c0,resize05
1,wildfake_midjourney,full_synthetic,midjourney,train,2ccdb696275c8d12,clean
1,wildfake_midjourney,full_synthetic,midjourney,train,2ccdb696275c8d12,jpeg50
1,wildfake_midjourney,full_synthetic,midjourney,train,2ccdb696275c8d12,blur05
1,wildfake_midjourney,full_synthetic,midjourney,train,2ccdb696275c8d12,noise005
1,wildfake_midjourney,full_synthetic,midjourney,train,c977095d6a548230,clean
1,wildfake_midjourney,full_synthetic,midjourney,train,c977095d6a548230,blur20
1,wildfake_midjourney,full_synthetic,midjourney,train,c977095d6a548230,resize05
1,wildfake_midjourney,full_synthetic,midjourney,train,c977095d6a548230,resize025
1,wildfake_midjourney,full_synthetic,midjourney,train,622a3fec9fe492ae,clean
1,wildfake_midjourney,full_synthetic,midjourney,train,622a3fec9fe492ae,jpeg90
1,wildfake_midjourney,full_synthetic,midjourney,train,622a3fec9fe492ae,jpeg30
1,wildfake_midjourney,full_synthetic,midjourney,train,622a3fec9fe492ae,noise01
1,wildfake_midjourney,full_synthetic,midjourney,train,67ac5e5dcc9a0671,clean
1,wildfake_midjourney,full_synthetic,midjourney,train,67ac5e5dcc9a0671,jpeg50
1,wildfake_midjourney,full_synthetic,midjourney,train,67ac5e5dcc9a0671,resize05
1,wildfake_midjourney,full_synthetic,midjourney,train,67ac5e5dcc9a0671,resize025
1,wildfake_midjourney,full_synthetic,midjourney,train,eff7e59dc96867a7,clean
1,wildfake_midjourney,full_synthetic,midjourney,train,eff7e59dc96867a7,blur05
1,wildfake_midjourney,full_synthetic,midjourney,train,eff7e59dc96867a7,blur10
1,wildfake_midjourney,full_synthetic,midjourney,train,eff7e59dc96867a7,noise01
1,wildfake_midjourney,full_synthetic,midjourney,train,a1354acd38cfa901,clean
1,wildfake_midjourney,full_synthetic,midjourney,train,a1354acd38cfa901,jpeg70
1,wildfake_midjourney,full_synthetic,midjourney,train,a1354acd38cfa901,resize025
1,wildfake_midjourney,full_synthetic,midjourney,train,a1354acd38cfa901,noise005
1,wildfake_midjourney,full_synthetic,midjourney,train,ea89ee4b7a044bf5,clean
1,wildfake_midjourney,full_synthetic,midjourney,train,ea89ee4b7a044bf5,jpeg90
1,wildfake_midjourney,full_synthetic,midjourney,train,ea89ee4b7a044bf5,blur05
1,wildfake_midjourney,full_synthetic,midjourney,train,ea89ee4b7a044bf5,noise01
1,wildfake_midjourney,full_synthetic,midjourney,train,60875efeae83c978,clean
1,wildfake_midjourney,full_synthetic,midjourney,train,60875efeae83c978,blur10
1,wildfake_midjourney,full_synthetic,midjourney,train,60875efeae83c978,resize05
1,wildfake_midjourney,full_synthetic,midjourney,train,60875efeae83c978,jitter02
1,wildfake_midjourney,full_synthetic,midjourney,train,07ca73721be11bfc,clean
1,wildfake_midjourney,full_synthetic,midjourney,train,07ca73721be11bfc,jpeg50
1,wildfake_midjourney,full_synthetic,midjourney,train,07ca73721be11bfc,noise005
1,wildfake_midjourney,full_synthetic,midjourney,train,07ca73721be11bfc,crop08
1,wildfake_midjourney,full_synthetic,midjourney,train,ff4f4923160ccfd1,clean
1,wildfake_midjourney,full_synthetic,midjourney,train,ff4f4923160ccfd1,jpeg90
1,wildfake_midjourney,full_synthetic,midjourney,train,ff4f4923160ccfd1,noise002
1,wildfake_midjourney,full_synthetic,midjourney,train,ff4f4923160ccfd1,noise01
1,wildfake_midjourney,full_synthetic,midjourney,train,529e10acfed38893,clean
1,wildfake_midjourney,full_synthetic,midjourney,train,529e10acfed38893,jpeg90
1,wildfake_midjourney,full_synthetic,midjourney,train,529e10acfed38893,jpeg70
1,wildfake_midjourney,full_synthetic,midjourney,train,529e10acfed38893,noise01
1,wildfake_midjourney,full_synthetic,midjourney,train,c02f149cb827dc06,clean
1,wildfake_midjourney,full_synthetic,midjourney,train,c02f149cb827dc06,jpeg30
1,wildfake_midjourney,full_synthetic,midjourney,train,c02f149cb827dc06,resize025
1,wildfake_midjourney,full_synthetic,midjourney,train,c02f149cb827dc06,crop08
1,wildfake_midjourney,full_synthetic,midjourney,train,d1da3376c652b3a5,clean
1,wildfake_midjourney,full_synthetic,midjourney,train,d1da3376c652b3a5,resize025
1,wildfake_midjourney,full_synthetic,midjourney,train,d1da3376c652b3a5,noise005
1,wildfake_midjourney,full_synthetic,midjourney,train,d1da3376c652b3a5,noise01
1,wildfake_midjourney,full_synthetic,midjourney,train,b888e3fb9dba944d,clean
1,wildfake_midjourney,full_synthetic,midjourney,train,b888e3fb9dba944d,resize025
1,wildfake_midjourney,full_synthetic,midjourney,train,b888e3fb9dba944d,jitter02
1,wildfake_midjourney,full_synthetic,midjourney,train,b888e3fb9dba944d,crop08
1,wildfake_midjourney,full_synthetic,midjourney,train,7f65b445f64f5427,clean
1,wildfake_midjourney,full_synthetic,midjourney,train,7f65b445f64f5427,jpeg30
1,wildfake_midjourney,full_synthetic,midjourney,train,7f65b445f64f5427,blur20
1,wildfake_midjourney,full_synthetic,midjourney,train,7f65b445f64f5427,noise01
1,wildfake_midjourney,full_synthetic,midjourney,train,3b8a3209eb110595,clean
1,wildfake_midjourney,full_synthetic,midjourney,train,3b8a3209eb110595,blur10
1,wildfake_midjourney,full_synthetic,midjourney,train,3b8a3209eb110595,noise002
1,wildfake_midjourney,full_synthetic,midjourney,train,3b8a3209eb110595,noise005
1,wildfake_midjourney,full_synthetic,midjourney,train,a57e54aa672a65fb,clean
1,wildfake_midjourney,full_synthetic,midjourney,train,a57e54aa672a65fb,blur05
1,wildfake_midjourney,full_synthetic,midjourney,train,a57e54aa672a65fb,noise005
1,wildfake_midjourney,full_synthetic,midjourney,train,a57e54aa672a65fb,noise01
1,wildfake_midjourney,full_synthetic,midjourney,train,3a6d8c718ec3c142,clean
1,wildfake_midjourney,full_synthetic,midjourney,train,3a6d8c718ec3c142,resize05
1,wildfake_midjourney,full_synthetic,midjourney,train,3a6d8c718ec3c142,noise005
1,wildfake_midjourney,full_synthetic,midjourney,train,3a6d8c718ec3c142,noise01
1,wildfake_midjourney,full_synthetic,midjourney,train,1d3397141d8d2e5e,clean
1,wildfake_midjourney,full_synthetic,midjourney,train,1d3397141d8d2e5e,blur05
1,wildfake_midjourney,full_synthetic,midjourney,train,1d3397141d8d2e5e,blur10
1,wildfake_midjourney,full_synthetic,midjourney,train,1d3397141d8d2e5e,noise01
1,wildfake_midjourney,full_synthetic,midjourney,train,21c81ff52e8c1cd1,clean
1,wildfake_midjourney,full_synthetic,midjourney,train,21c81ff52e8c1cd1,jpeg50
1,wildfake_midjourney,full_synthetic,midjourney,train,21c81ff52e8c1cd1,jpeg30
1,wildfake_midjourney,full_synthetic,midjourney,train,21c81ff52e8c1cd1,resize05
1,wildfake_midjourney,full_synthetic,midjourney,train,1307e7847cf4a332,clean
1,wildfake_midjourney,full_synthetic,midjourney,train,1307e7847cf4a332,noise002
1,wildfake_midjourney,full_synthetic,midjourney,train,1307e7847cf4a332,noise005
1,wildfake_midjourney,full_synthetic,midjourney,train,1307e7847cf4a332,jitter02
1,wildfake_midjourney,full_synthetic,midjourney,train,7b4188554a40f4d0,clean
1,wildfake_midjourney,full_synthetic,midjourney,train,7b4188554a40f4d0,noise002
1,wildfake_midjourney,full_synthetic,midjourney,train,7b4188554a40f4d0,jitter02
1,wildfake_midjourney,full_synthetic,midjourney,train,7b4188554a40f4d0,crop08
1,wildfake_midjourney,full_synthetic,midjourney,train,e87c384caa451e2d,clean
1,wildfake_midjourney,full_synthetic,midjourney,train,e87c384caa451e2d,jpeg90
1,wildfake_midjourney,full_synthetic,midjourney,train,e87c384caa451e2d,jpeg50
1,wildfake_midjourney,full_synthetic,midjourney,train,e87c384caa451e2d,resize025
1,wildfake_midjourney,full_synthetic,midjourney,train,ba9e65cebda3242b,clean
1,wildfake_midjourney,full_synthetic,midjourney,train,ba9e65cebda3242b,jpeg90
1,wildfake_midjourney,full_synthetic,midjourney,train,ba9e65cebda3242b,blur05
1,wildfake_midjourney,full_synthetic,midjourney,train,ba9e65cebda3242b,resize025
1,wildfake_midjourney,full_synthetic,midjourney,train,cc6146123f3b62d5,clean
1,wildfake_midjourney,full_synthetic,midjourney,train,cc6146123f3b62d5,jpeg50
1,wildfake_midjourney,full_synthetic,midjourney,train,cc6146123f3b62d5,jpeg30
1,wildfake_midjourney,full_synthetic,midjourney,train,cc6146123f3b62d5,noise01
1,wildfake_midjourney,full_synthetic,midjourney,train,4a0d3f7bd2c1d3b3,clean
1,wildfake_midjourney,full_synthetic,midjourney,train,4a0d3f7bd2c1d3b3,blur05
1,wildfake_midjourney,full_synthetic,midjourney,train,4a0d3f7bd2c1d3b3,blur10
1,wildfake_midjourney,full_synthetic,midjourney,train,4a0d3f7bd2c1d3b3,noise005
1,wildfake_midjourney,full_synthetic,midjourney,train,999fd583c2056555,clean
1,wildfake_midjourney,full_synthetic,midjourney,train,999fd583c2056555,blur05
1,wildfake_midjourney,full_synthetic,midjourney,train,999fd583c2056555,noise005
1,wildfake_midjourney,full_synthetic,midjourney,train,999fd583c2056555,jitter02
1,wildfake_midjourney,full_synthetic,midjourney,train,c805c32e412fe76c,clean
1,wildfake_midjourney,full_synthetic,midjourney,train,c805c32e412fe76c,jpeg90
1,wildfake_midjourney,full_synthetic,midjourney,train,c805c32e412fe76c,noise002
1,wildfake_midjourney,full_synthetic,midjourney,train,c805c32e412fe76c,jitter02
1,wildfake_midjourney,full_synthetic,midjourney,train,e7e7c4f4c12ced02,clean
1,wildfake_midjourney,full_synthetic,midjourney,train,e7e7c4f4c12ced02,jpeg90
1,wildfake_midjourney,full_synthetic,midjourney,train,e7e7c4f4c12ced02,jpeg50
1,wildfake_midjourney,full_synthetic,midjourney,train,e7e7c4f4c12ced02,blur05
1,wildfake_midjourney,full_synthetic,midjourney,train,e2bf36784b75dc2e,clean
1,wildfake_midjourney,full_synthetic,midjourney,train,e2bf36784b75dc2e,jpeg90
1,wildfake_midjourney,full_synthetic,midjourney,train,e2bf36784b75dc2e,jpeg50
1,wildfake_midjourney,full_synthetic,midjourney,train,e2bf36784b75dc2e,noise01
1,wildfake_midjourney,full_synthetic,midjourney,train,49675c4d9e5d781d,clean
1,wildfake_midjourney,full_synthetic,midjourney,train,49675c4d9e5d781d,jpeg90
1,wildfake_midjourney,full_synthetic,midjourney,train,49675c4d9e5d781d,resize05
1,wildfake_midjourney,full_synthetic,midjourney,train,49675c4d9e5d781d,noise01
1,wildfake_midjourney,full_synthetic,midjourney,train,bf1bc01198cdfdbe,clean
1,wildfake_midjourney,full_synthetic,midjourney,train,bf1bc01198cdfdbe,jpeg90
1,wildfake_midjourney,full_synthetic,midjourney,train,bf1bc01198cdfdbe,jpeg50
1,wildfake_midjourney,full_synthetic,midjourney,train,bf1bc01198cdfdbe,resize025
1,wildfake_midjourney,full_synthetic,midjourney,train,b8974046ea60226a,clean
1,wildfake_midjourney,full_synthetic,midjourney,train,b8974046ea60226a,blur05
1,wildfake_midjourney,full_synthetic,midjourney,train,b8974046ea60226a,blur20
1,wildfake_midjourney,full_synthetic,midjourney,train,b8974046ea60226a,resize025
1,wildfake_midjourney,full_synthetic,midjourney,train,e6849c718bcef828,clean
1,wildfake_midjourney,full_synthetic,midjourney,train,e6849c718bcef828,jpeg90
1,wildfake_midjourney,full_synthetic,midjourney,train,e6849c718bcef828,jpeg30
1,wildfake_midjourney,full_synthetic,midjourney,train,e6849c718bcef828,blur10
1,wildfake_midjourney,full_synthetic,midjourney,train,7c3fc12e7cfe9c5c,clean
1,wildfake_midjourney,full_synthetic,midjourney,train,7c3fc12e7cfe9c5c,jpeg90
1,wildfake_midjourney,full_synthetic,midjourney,train,7c3fc12e7cfe9c5c,jpeg50
1,wildfake_midjourney,full_synthetic,midjourney,train,7c3fc12e7cfe9c5c,resize05
1,wildfake_midjourney,full_synthetic,midjourney,train,cbb0716348bd2731,clean
1,wildfake_midjourney,full_synthetic,midjourney,train,cbb0716348bd2731,jpeg70
1,wildfake_midjourney,full_synthetic,midjourney,train,cbb0716348bd2731,blur10
1,wildfake_midjourney,full_synthetic,midjourney,train,cbb0716348bd2731,resize025
1,wildfake_midjourney,full_synthetic,midjourney,train,6968be33e60c5c34,clean
1,wildfake_midjourney,full_synthetic,midjourney,train,6968be33e60c5c34,jpeg70
1,wildfake_midjourney,full_synthetic,midjourney,train,6968be33e60c5c34,jitter02
1,wildfake_midjourney,full_synthetic,midjourney,train,6968be33e60c5c34,crop08
1,wildfake_midjourney,full_synthetic,midjourney,train,e7d46a4bf91f5217,clean
1,wildfake_midjourney,full_synthetic,midjourney,train,e7d46a4bf91f5217,jpeg30
1,wildfake_midjourney,full_synthetic,midjourney,train,e7d46a4bf91f5217,blur05
1,wildfake_midjourney,full_synthetic,midjourney,train,e7d46a4bf91f5217,crop08
1,wildfake_midjourney,full_synthetic,midjourney,train,80777fcd2d556be1,clean
1,wildfake_midjourney,full_synthetic,midjourney,train,80777fcd2d556be1,jpeg90
1,wildfake_midjourney,full_synthetic,midjourney,train,80777fcd2d556be1,noise01
1,wildfake_midjourney,full_synthetic,midjourney,train,80777fcd2d556be1,jitter02
1,wildfake_midjourney,full_synthetic,midjourney,train,071d5b98befd612c,clean
1,wildfake_midjourney,full_synthetic,midjourney,train,071d5b98befd612c,blur20
1,wildfake_midjourney,full_synthetic,midjourney,train,071d5b98befd612c,noise01
1,wildfake_midjourney,full_synthetic,midjourney,train,071d5b98befd612c,jitter02
1,wildfake_midjourney,full_synthetic,midjourney,train,15fc4e7b72e1d3ad,clean
1,wildfake_midjourney,full_synthetic,midjourney,train,15fc4e7b72e1d3ad,jpeg90
1,wildfake_midjourney,full_synthetic,midjourney,train,15fc4e7b72e1d3ad,jpeg70
1,wildfake_midjourney,full_synthetic,midjourney,train,15fc4e7b72e1d3ad,resize05
1,wildfake_midjourney,full_synthetic,midjourney,train,26ac0e344b22cbf8,clean
1,wildfake_midjourney,full_synthetic,midjourney,train,26ac0e344b22cbf8,jpeg90
1,wildfake_midjourney,full_synthetic,midjourney,train,26ac0e344b22cbf8,resize025
1,wildfake_midjourney,full_synthetic,midjourney,train,26ac0e344b22cbf8,noise002
1,wildfake_midjourney,full_synthetic,midjourney,train,e2eafa7f4422cbf5,clean
1,wildfake_midjourney,full_synthetic,midjourney,train,e2eafa7f4422cbf5,jpeg90
1,wildfake_midjourney,full_synthetic,midjourney,train,e2eafa7f4422cbf5,blur05
1,wildfake_midjourney,full_synthetic,midjourney,train,e2eafa7f4422cbf5,blur20
1,wildfake_midjourney,full_synthetic,midjourney,train,01cc1c68c4a6a963,clean
1,wildfake_midjourney,full_synthetic,midjourney,train,01cc1c68c4a6a963,jpeg30
1,wildfake_midjourney,full_synthetic,midjourney,train,01cc1c68c4a6a963,blur20
1,wildfake_midjourney,full_synthetic,midjourney,train,01cc1c68c4a6a963,noise005
1,wildfake_midjourney,full_synthetic,midjourney,train,f7d936ff01262568,clean
1,wildfake_midjourney,full_synthetic,midjourney,train,f7d936ff01262568,noise002
1,wildfake_midjourney,full_synthetic,midjourney,train,f7d936ff01262568,noise005
1,wildfake_midjourney,full_synthetic,midjourney,train,f7d936ff01262568,noise01
1,wildfake_midjourney,full_synthetic,midjourney,train,b7617cd33d753cfb,clean
1,wildfake_midjourney,full_synthetic,midjourney,train,b7617cd33d753cfb,jpeg50
1,wildfake_midjourney,full_synthetic,midjourney,train,b7617cd33d753cfb,blur05
1,wildfake_midjourney,full_synthetic,midjourney,train,b7617cd33d753cfb,crop08
1,wildfake_midjourney,full_synthetic,midjourney,train,e381f63e824c2f1a,clean
1,wildfake_midjourney,full_synthetic,midjourney,train,e381f63e824c2f1a,resize025
1,wildfake_midjourney,full_synthetic,midjourney,train,e381f63e824c2f1a,noise002
1,wildfake_midjourney,full_synthetic,midjourney,train,e381f63e824c2f1a,noise01
1,wildfake_midjourney,full_synthetic,midjourney,train,539ddf69e4f3eecb,clean
1,wildfake_midjourney,full_synthetic,midjourney,train,539ddf69e4f3eecb,jpeg30
1,wildfake_midjourney,full_synthetic,midjourney,train,539ddf69e4f3eecb,blur05
1,wildfake_midjourney,full_synthetic,midjourney,train,539ddf69e4f3eecb,blur10
1,wildfake_midjourney,full_synthetic,midjourney,train,10bf4238c0f9c2cc,clean
1,wildfake_midjourney,full_synthetic,midjourney,train,10bf4238c0f9c2cc,blur10
1,wildfake_midjourney,full_synthetic,midjourney,train,10bf4238c0f9c2cc,blur20
1,wildfake_midjourney,full_synthetic,midjourney,train,10bf4238c0f9c2cc,crop08
1,wildfake_midjourney,full_synthetic,midjourney,train,fc3b9a4e49adc003,clean
1,wildfake_midjourney,full_synthetic,midjourney,train,fc3b9a4e49adc003,jpeg30
1,wildfake_midjourney,full_synthetic,midjourney,train,fc3b9a4e49adc003,blur10
1,wildfake_midjourney,full_synthetic,midjourney,train,fc3b9a4e49adc003,crop08
1,wildfake_midjourney,full_synthetic,midjourney,train,0acf141a96f2d084,clean
1,wildfake_midjourney,full_synthetic,midjourney,train,0acf141a96f2d084,blur05
1,wildfake_midjourney,full_synthetic,midjourney,train,0acf141a96f2d084,noise005
1,wildfake_midjourney,full_synthetic,midjourney,train,0acf141a96f2d084,jitter02
1,wildfake_midjourney,full_synthetic,midjourney,train,aa0e1fe92bc3fc9e,clean
1,wildfake_midjourney,full_synthetic,midjourney,train,aa0e1fe92bc3fc9e,blur20
1,wildfake_midjourney,full_synthetic,midjourney,train,aa0e1fe92bc3fc9e,resize05
1,wildfake_midjourney,full_synthetic,midjourney,train,aa0e1fe92bc3fc9e,resize025
1,wildfake_midjourney,full_synthetic,midjourney,train,a307f0537faa5fe3,clean
1,wildfake_midjourney,full_synthetic,midjourney,train,a307f0537faa5fe3,jpeg90
1,wildfake_midjourney,full_synthetic,midjourney,train,a307f0537faa5fe3,noise002
1,wildfake_midjourney,full_synthetic,midjourney,train,a307f0537faa5fe3,jitter02
1,wildfake_midjourney,full_synthetic,midjourney,train,242f1a6b28e73b38,clean
1,wildfake_midjourney,full_synthetic,midjourney,train,242f1a6b28e73b38,jpeg70
1,wildfake_midjourney,full_synthetic,midjourney,train,242f1a6b28e73b38,jpeg50
1,wildfake_midjourney,full_synthetic,midjourney,train,242f1a6b28e73b38,crop08
1,wildfake_midjourney,full_synthetic,midjourney,train,8700d24d502808b9,clean
1,wildfake_midjourney,full_synthetic,midjourney,train,8700d24d502808b9,jpeg90
1,wildfake_midjourney,full_synthetic,midjourney,train,8700d24d502808b9,jpeg70
1,wildfake_midjourney,full_synthetic,midjourney,train,8700d24d502808b9,crop08
1,wildfake_midjourney,full_synthetic,midjourney,train,466b27a08508d8c5,clean
1,wildfake_midjourney,full_synthetic,midjourney,train,466b27a08508d8c5,blur10
1,wildfake_midjourney,full_synthetic,midjourney,train,466b27a08508d8c5,jitter02
1,wildfake_midjourney,full_synthetic,midjourney,train,466b27a08508d8c5,crop08
1,wildfake_midjourney,full_synthetic,midjourney,train,e1096fe13a985ccd,clean
1,wildfake_midjourney,full_synthetic,midjourney,train,e1096fe13a985ccd,jpeg50
1,wildfake_midjourney,full_synthetic,midjourney,train,e1096fe13a985ccd,resize025
1,wildfake_midjourney,full_synthetic,midjourney,train,e1096fe13a985ccd,noise01
1,wildfake_midjourney,full_synthetic,midjourney,train,130142139165022c,clean
1,wildfake_midjourney,full_synthetic,midjourney,train,130142139165022c,jpeg30
1,wildfake_midjourney,full_synthetic,midjourney,train,130142139165022c,blur20
1,wildfake_midjourney,full_synthetic,midjourney,train,130142139165022c,resize05
1,wildfake_midjourney,full_synthetic,midjourney,train,fba8e7775b2d3c56,clean
1,wildfake_midjourney,full_synthetic,midjourney,train,fba8e7775b2d3c56,blur05
1,wildfake_midjourney,full_synthetic,midjourney,train,fba8e7775b2d3c56,blur20
1,wildfake_midjourney,full_synthetic,midjourney,train,fba8e7775b2d3c56,resize025
1,wildfake_midjourney,full_synthetic,midjourney,train,9a3fea5ea4aa0fb0,clean
1,wildfake_midjourney,full_synthetic,midjourney,train,9a3fea5ea4aa0fb0,jpeg70
1,wildfake_midjourney,full_synthetic,midjourney,train,9a3fea5ea4aa0fb0,resize025
1,wildfake_midjourney,full_synthetic,midjourney,train,9a3fea5ea4aa0fb0,crop08
1,wildfake_midjourney,full_synthetic,midjourney,train,625d654f00b6cce9,clean
1,wildfake_midjourney,full_synthetic,midjourney,train,625d654f00b6cce9,jpeg90
1,wildfake_midjourney,full_synthetic,midjourney,train,625d654f00b6cce9,jpeg50
1,wildfake_midjourney,full_synthetic,midjourney,train,625d654f00b6cce9,jpeg30
1,wildfake_midjourney,full_synthetic,midjourney,train,dc51fa6f9626db3e,clean
1,wildfake_midjourney,full_synthetic,midjourney,train,dc51fa6f9626db3e,blur10
1,wildfake_midjourney,full_synthetic,midjourney,train,dc51fa6f9626db3e,blur20
1,wildfake_midjourney,full_synthetic,midjourney,train,dc51fa6f9626db3e,resize05
1,wildfake_midjourney,full_synthetic,midjourney,train,3872d49160adfd4f,clean
1,wildfake_midjourney,full_synthetic,midjourney,train,3872d49160adfd4f,jpeg70
1,wildfake_midjourney,full_synthetic,midjourney,train,3872d49160adfd4f,blur10
1,wildfake_midjourney,full_synthetic,midjourney,train,3872d49160adfd4f,blur20
1,wildfake_midjourney,full_synthetic,midjourney,train,09e16135867b491f,clean
1,wildfake_midjourney,full_synthetic,midjourney,train,09e16135867b491f,jpeg90
1,wildfake_midjourney,full_synthetic,midjourney,train,09e16135867b491f,resize05
1,wildfake_midjourney,full_synthetic,midjourney,train,09e16135867b491f,crop08
1,wildfake_midjourney,full_synthetic,midjourney,train,c99e2a6a4a47e2d5,clean
1,wildfake_midjourney,full_synthetic,midjourney,train,c99e2a6a4a47e2d5,jpeg30
1,wildfake_midjourney,full_synthetic,midjourney,train,c99e2a6a4a47e2d5,noise005
1,wildfake_midjourney,full_synthetic,midjourney,train,c99e2a6a4a47e2d5,crop08
1,wildfake_midjourney,full_synthetic,midjourney,train,91821742c082ec0e,clean
1,wildfake_midjourney,full_synthetic,midjourney,train,91821742c082ec0e,jpeg70
1,wildfake_midjourney,full_synthetic,midjourney,train,91821742c082ec0e,jpeg30
1,wildfake_midjourney,full_synthetic,midjourney,train,91821742c082ec0e,noise005
1,wildfake_midjourney,full_synthetic,midjourney,train,33c497aca0435b7c,clean
1,wildfake_midjourney,full_synthetic,midjourney,train,33c497aca0435b7c,blur10
1,wildfake_midjourney,full_synthetic,midjourney,train,33c497aca0435b7c,resize05
1,wildfake_midjourney,full_synthetic,midjourney,train,33c497aca0435b7c,jitter02
1,wildfake_midjourney,full_synthetic,midjourney,train,468d1c212e37195d,clean
1,wildfake_midjourney,full_synthetic,midjourney,train,468d1c212e37195d,blur20
1,wildfake_midjourney,full_synthetic,midjourney,train,468d1c212e37195d,noise01
1,wildfake_midjourney,full_synthetic,midjourney,train,468d1c212e37195d,crop08
1,wildfake_midjourney,full_synthetic,midjourney,train,52b2b3a374aa4a7b,clean
1,wildfake_midjourney,full_synthetic,midjourney,train,52b2b3a374aa4a7b,jpeg90
1,wildfake_midjourney,full_synthetic,midjourney,train,52b2b3a374aa4a7b,jpeg50
1,wildfake_midjourney,full_synthetic,midjourney,train,52b2b3a374aa4a7b,blur05
1,wildfake_midjourney,full_synthetic,midjourney,train,b9ed85f596eed912,clean
1,wildfake_midjourney,full_synthetic,midjourney,train,b9ed85f596eed912,resize05
1,wildfake_midjourney,full_synthetic,midjourney,train,b9ed85f596eed912,noise005
1,wildfake_midjourney,full_synthetic,midjourney,train,b9ed85f596eed912,noise01
1,wildfake_midjourney,full_synthetic,midjourney,train,17cc9e189e2df4ef,clean
1,wildfake_midjourney,full_synthetic,midjourney,train,17cc9e189e2df4ef,jpeg50
1,wildfake_midjourney,full_synthetic,midjourney,train,17cc9e189e2df4ef,jpeg30
1,wildfake_midjourney,full_synthetic,midjourney,train,17cc9e189e2df4ef,jitter02
1,wildfake_midjourney,full_synthetic,midjourney,train,191db6811c3c258e,clean
1,wildfake_midjourney,full_synthetic,midjourney,train,191db6811c3c258e,jpeg30
1,wildfake_midjourney,full_synthetic,midjourney,train,191db6811c3c258e,resize025
1,wildfake_midjourney,full_synthetic,midjourney,train,191db6811c3c258e,noise01
1,wildfake_midjourney,full_synthetic,midjourney,train,4b7c7c9ef2bfd4ab,clean
1,wildfake_midjourney,full_synthetic,midjourney,train,4b7c7c9ef2bfd4ab,blur20
1,wildfake_midjourney,full_synthetic,midjourney,train,4b7c7c9ef2bfd4ab,noise002
1,wildfake_midjourney,full_synthetic,midjourney,train,4b7c7c9ef2bfd4ab,crop08
1,wildfake_midjourney,full_synthetic,midjourney,train,47eef4a403733171,clean
1,wildfake_midjourney,full_synthetic,midjourney,train,47eef4a403733171,jpeg50
1,wildfake_midjourney,full_synthetic,midjourney,train,47eef4a403733171,blur20
1,wildfake_midjourney,full_synthetic,midjourney,train,47eef4a403733171,noise01
1,wildfake_midjourney,full_synthetic,midjourney,train,9b98d44dc933e46b,clean
1,wildfake_midjourney,full_synthetic,midjourney,train,9b98d44dc933e46b,jpeg90
1,wildfake_midjourney,full_synthetic,midjourney,train,9b98d44dc933e46b,jpeg70
1,wildfake_midjourney,full_synthetic,midjourney,train,9b98d44dc933e46b,blur05
1,wildfake_midjourney,full_synthetic,midjourney,train,f6d8388b6d10ec67,clean
1,wildfake_midjourney,full_synthetic,midjourney,train,f6d8388b6d10ec67,jpeg90
1,wildfake_midjourney,full_synthetic,midjourney,train,f6d8388b6d10ec67,blur20
1,wildfake_midjourney,full_synthetic,midjourney,train,f6d8388b6d10ec67,jitter02
1,wildfake_midjourney,full_synthetic,midjourney,train,03bd5aa522a8e24f,clean
1,wildfake_midjourney,full_synthetic,midjourney,train,03bd5aa522a8e24f,jpeg90
1,wildfake_midjourney,full_synthetic,midjourney,train,03bd5aa522a8e24f,jpeg50
1,wildfake_midjourney,full_synthetic,midjourney,train,03bd5aa522a8e24f,resize05
1,wildfake_midjourney,full_synthetic,midjourney,train,8a5431dc90c6b999,clean
1,wildfake_midjourney,full_synthetic,midjourney,train,8a5431dc90c6b999,jpeg30
1,wildfake_midjourney,full_synthetic,midjourney,train,8a5431dc90c6b999,blur20
1,wildfake_midjourney,full_synthetic,midjourney,train,8a5431dc90c6b999,crop08
1,wildfake_midjourney,full_synthetic,midjourney,train,adcb1f70b2640cc7,clean
1,wildfake_midjourney,full_synthetic,midjourney,train,adcb1f70b2640cc7,blur05
1,wildfake_midjourney,full_synthetic,midjourney,train,adcb1f70b2640cc7,blur20
1,wildfake_midjourney,full_synthetic,midjourney,train,adcb1f70b2640cc7,noise005
1,wildfake_midjourney,full_synthetic,midjourney,train,e182577eaac27aa7,clean
1,wildfake_midjourney,full_synthetic,midjourney,train,e182577eaac27aa7,jpeg30
1,wildfake_midjourney,full_synthetic,midjourney,train,e182577eaac27aa7,blur05
1,wildfake_midjourney,full_synthetic,midjourney,train,e182577eaac27aa7,resize05
1,wildfake_midjourney,full_synthetic,midjourney,train,a794d9c437af66eb,clean
1,wildfake_midjourney,full_synthetic,midjourney,train,a794d9c437af66eb,jpeg50
1,wildfake_midjourney,full_synthetic,midjourney,train,a794d9c437af66eb,resize025
1,wildfake_midjourney,full_synthetic,midjourney,train,a794d9c437af66eb,noise01
1,wildfake_midjourney,full_synthetic,midjourney,train,db9dca703b531861,clean
1,wildfake_midjourney,full_synthetic,midjourney,train,db9dca703b531861,jpeg70
1,wildfake_midjourney,full_synthetic,midjourney,train,db9dca703b531861,resize025
1,wildfake_midjourney,full_synthetic,midjourney,train,db9dca703b531861,noise01
1,wildfake_midjourney,full_synthetic,midjourney,train,822cec5b8750c634,clean
1,wildfake_midjourney,full_synthetic,midjourney,train,822cec5b8750c634,jpeg90
1,wildfake_midjourney,full_synthetic,midjourney,train,822cec5b8750c634,blur20
1,wildfake_midjourney,full_synthetic,midjourney,train,822cec5b8750c634,crop08
1,wildfake_midjourney,full_synthetic,midjourney,train,791a1cc4115a0245,clean
1,wildfake_midjourney,full_synthetic,midjourney,train,791a1cc4115a0245,jpeg30
1,wildfake_midjourney,full_synthetic,midjourney,train,791a1cc4115a0245,blur20
1,wildfake_midjourney,full_synthetic,midjourney,train,791a1cc4115a0245,noise01
1,wildfake_midjourney,full_synthetic,midjourney,train,860583dcb70ad6ef,clean
1,wildfake_midjourney,full_synthetic,midjourney,train,860583dcb70ad6ef,jpeg30
1,wildfake_midjourney,full_synthetic,midjourney,train,860583dcb70ad6ef,blur10
1,wildfake_midjourney,full_synthetic,midjourney,train,860583dcb70ad6ef,blur20
1,wildfake_midjourney,full_synthetic,midjourney,train,ba8e0dd6ebcfb0cb,clean
1,wildfake_midjourney,full_synthetic,midjourney,train,ba8e0dd6ebcfb0cb,blur05
1,wildfake_midjourney,full_synthetic,midjourney,train,ba8e0dd6ebcfb0cb,blur10
1,wildfake_midjourney,full_synthetic,midjourney,train,ba8e0dd6ebcfb0cb,noise005
1,wildfake_midjourney,full_synthetic,midjourney,train,1753f2d7084deded,clean
1,wildfake_midjourney,full_synthetic,midjourney,train,1753f2d7084deded,jpeg70
1,wildfake_midjourney,full_synthetic,midjourney,train,1753f2d7084deded,resize05
1,wildfake_midjourney,full_synthetic,midjourney,train,1753f2d7084deded,noise01
1,wildfake_midjourney,full_synthetic,midjourney,train,284257fc57f26969,clean
1,wildfake_midjourney,full_synthetic,midjourney,train,284257fc57f26969,jpeg90
1,wildfake_midjourney,full_synthetic,midjourney,train,284257fc57f26969,blur10
1,wildfake_midjourney,full_synthetic,midjourney,train,284257fc57f26969,jitter02
1,wildfake_midjourney,full_synthetic,midjourney,train,798ec654326679c9,clean
1,wildfake_midjourney,full_synthetic,midjourney,train,798ec654326679c9,jpeg50
1,wildfake_midjourney,full_synthetic,midjourney,train,798ec654326679c9,jpeg30
1,wildfake_midjourney,full_synthetic,midjourney,train,798ec654326679c9,blur05
1,wildfake_midjourney,full_synthetic,midjourney,train,a2ef89d16016baa9,clean
1,wildfake_midjourney,full_synthetic,midjourney,train,a2ef89d16016baa9,blur05
1,wildfake_midjourney,full_synthetic,midjourney,train,a2ef89d16016baa9,blur20
1,wildfake_midjourney,full_synthetic,midjourney,train,a2ef89d16016baa9,resize05
1,wildfake_midjourney,full_synthetic,midjourney,train,45e9180c3f82e523,clean
1,wildfake_midjourney,full_synthetic,midjourney,train,45e9180c3f82e523,blur10
1,wildfake_midjourney,full_synthetic,midjourney,train,45e9180c3f82e523,blur20
1,wildfake_midjourney,full_synthetic,midjourney,train,45e9180c3f82e523,resize05
1,wildfake_midjourney,full_synthetic,midjourney,train,e1df9933d86ce9ef,clean
1,wildfake_midjourney,full_synthetic,midjourney,train,e1df9933d86ce9ef,jpeg50
1,wildfake_midjourney,full_synthetic,midjourney,train,e1df9933d86ce9ef,jpeg30
1,wildfake_midjourney,full_synthetic,midjourney,train,e1df9933d86ce9ef,resize025
1,wildfake_midjourney,full_synthetic,midjourney,train,b12fe729816f41fa,clean
1,wildfake_midjourney,full_synthetic,midjourney,train,b12fe729816f41fa,jpeg90
1,wildfake_midjourney,full_synthetic,midjourney,train,b12fe729816f41fa,blur10
1,wildfake_midjourney,full_synthetic,midjourney,train,b12fe729816f41fa,resize025
1,wildfake_midjourney,full_synthetic,midjourney,train,4f7d076576aee7bb,clean
1,wildfake_midjourney,full_synthetic,midjourney,train,4f7d076576aee7bb,blur20
1,wildfake_midjourney,full_synthetic,midjourney,train,4f7d076576aee7bb,noise002
1,wildfake_midjourney,full_synthetic,midjourney,train,4f7d076576aee7bb,crop08
1,wildfake_midjourney,full_synthetic,midjourney,train,2ebf8326f3f6c1b8,clean
1,wildfake_midjourney,full_synthetic,midjourney,train,2ebf8326f3f6c1b8,blur20
1,wildfake_midjourney,full_synthetic,midjourney,train,2ebf8326f3f6c1b8,resize05
1,wildfake_midjourney,full_synthetic,midjourney,train,2ebf8326f3f6c1b8,noise002
1,wildfake_midjourney,full_synthetic,midjourney,train,a136a8793e8afff6,clean
1,wildfake_midjourney,full_synthetic,midjourney,train,a136a8793e8afff6,jpeg70
1,wildfake_midjourney,full_synthetic,midjourney,train,a136a8793e8afff6,jpeg50
1,wildfake_midjourney,full_synthetic,midjourney,train,a136a8793e8afff6,noise01
1,wildfake_midjourney,full_synthetic,midjourney,train,28cf8c5d01fbba2d,clean
1,wildfake_midjourney,full_synthetic,midjourney,train,28cf8c5d01fbba2d,resize05
1,wildfake_midjourney,full_synthetic,midjourney,train,28cf8c5d01fbba2d,noise002
1,wildfake_midjourney,full_synthetic,midjourney,train,28cf8c5d01fbba2d,jitter02
1,wildfake_midjourney,full_synthetic,midjourney,train,bf70db93f9e41f9b,clean
1,wildfake_midjourney,full_synthetic,midjourney,train,bf70db93f9e41f9b,jpeg50
1,wildfake_midjourney,full_synthetic,midjourney,train,bf70db93f9e41f9b,jpeg30
1,wildfake_midjourney,full_synthetic,midjourney,train,bf70db93f9e41f9b,noise002
1,wildfake_midjourney,full_synthetic,midjourney,train,195d6f467065a793,clean
1,wildfake_midjourney,full_synthetic,midjourney,train,195d6f467065a793,blur05
1,wildfake_midjourney,full_synthetic,midjourney,train,195d6f467065a793,blur10
1,wildfake_midjourney,full_synthetic,midjourney,train,195d6f467065a793,noise002
1,wildfake_midjourney,full_synthetic,midjourney,train,eff4e43c91551f6e,clean
1,wildfake_midjourney,full_synthetic,midjourney,train,eff4e43c91551f6e,jpeg90
1,wildfake_midjourney,full_synthetic,midjourney,train,eff4e43c91551f6e,jpeg70
1,wildfake_midjourney,full_synthetic,midjourney,train,eff4e43c91551f6e,blur10
1,wildfake_midjourney,full_synthetic,midjourney,train,7577195256dcfb69,clean
1,wildfake_midjourney,full_synthetic,midjourney,train,7577195256dcfb69,jpeg70
1,wildfake_midjourney,full_synthetic,midjourney,train,7577195256dcfb69,noise01
1,wildfake_midjourney,full_synthetic,midjourney,train,7577195256dcfb69,crop08
1,wildfake_midjourney,full_synthetic,midjourney,train,fbcb26bf40db3b46,clean
1,wildfake_midjourney,full_synthetic,midjourney,train,fbcb26bf40db3b46,resize05
1,wildfake_midjourney,full_synthetic,midjourney,train,fbcb26bf40db3b46,noise005
1,wildfake_midjourney,full_synthetic,midjourney,train,fbcb26bf40db3b46,crop08
1,wildfake_midjourney,full_synthetic,midjourney,train,91151cc439c765ab,clean
1,wildfake_midjourney,full_synthetic,midjourney,train,91151cc439c765ab,jpeg90
1,wildfake_midjourney,full_synthetic,midjourney,train,91151cc439c765ab,noise002
1,wildfake_midjourney,full_synthetic,midjourney,train,91151cc439c765ab,noise01
1,wildfake_midjourney,full_synthetic,midjourney,train,fbb3d989788ee6c0,clean
1,wildfake_midjourney,full_synthetic,midjourney,train,fbb3d989788ee6c0,jpeg30
1,wildfake_midjourney,full_synthetic,midjourney,train,fbb3d989788ee6c0,blur10
1,wildfake_midjourney,full_synthetic,midjourney,train,fbb3d989788ee6c0,blur20
1,wildfake_midjourney,full_synthetic,midjourney,train,87df2944064e4401,clean
1,wildfake_midjourney,full_synthetic,midjourney,train,87df2944064e4401,jpeg90
1,wildfake_midjourney,full_synthetic,midjourney,train,87df2944064e4401,blur20
1,wildfake_midjourney,full_synthetic,midjourney,train,87df2944064e4401,noise005
1,wildfake_midjourney,full_synthetic,midjourney,train,13744db60efa10a1,clean
1,wildfake_midjourney,full_synthetic,midjourney,train,13744db60efa10a1,resize025
1,wildfake_midjourney,full_synthetic,midjourney,train,13744db60efa10a1,noise01
1,wildfake_midjourney,full_synthetic,midjourney,train,13744db60efa10a1,crop08
1,wildfake_midjourney,full_synthetic,midjourney,train,c51b370db44f0c7f,clean
1,wildfake_midjourney,full_synthetic,midjourney,train,c51b370db44f0c7f,blur20
1,wildfake_midjourney,full_synthetic,midjourney,train,c51b370db44f0c7f,resize05
1,wildfake_midjourney,full_synthetic,midjourney,train,c51b370db44f0c7f,crop08
1,wildfake_midjourney,full_synthetic,midjourney,train,7c68476f94905543,clean
1,wildfake_midjourney,full_synthetic,midjourney,train,7c68476f94905543,resize05
1,wildfake_midjourney,full_synthetic,midjourney,train,7c68476f94905543,resize025
1,wildfake_midjourney,full_synthetic,midjourney,train,7c68476f94905543,crop08
1,wildfake_midjourney,full_synthetic,midjourney,train,676c2f32990bf737,clean
1,wildfake_midjourney,full_synthetic,midjourney,train,676c2f32990bf737,jpeg50
1,wildfake_midjourney,full_synthetic,midjourney,train,676c2f32990bf737,resize025
1,wildfake_midjourney,full_synthetic,midjourney,train,676c2f32990bf737,crop08
1,wildfake_midjourney,full_synthetic,midjourney,train,53e2fca290d5f551,clean
1,wildfake_midjourney,full_synthetic,midjourney,train,53e2fca290d5f551,jpeg30
1,wildfake_midjourney,full_synthetic,midjourney,train,53e2fca290d5f551,blur05
1,wildfake_midjourney,full_synthetic,midjourney,train,53e2fca290d5f551,jitter02
1,wildfake_midjourney,full_synthetic,midjourney,train,e56613004d559359,clean
1,wildfake_midjourney,full_synthetic,midjourney,train,e56613004d559359,jpeg50
1,wildfake_midjourney,full_synthetic,midjourney,train,e56613004d559359,noise002
1,wildfake_midjourney,full_synthetic,midjourney,train,e56613004d559359,crop08
1,wildfake_midjourney,full_synthetic,midjourney,train,6adcd09d9c88f952,clean
1,wildfake_midjourney,full_synthetic,midjourney,train,6adcd09d9c88f952,jpeg90
1,wildfake_midjourney,full_synthetic,midjourney,train,6adcd09d9c88f952,blur10
1,wildfake_midjourney,full_synthetic,midjourney,train,6adcd09d9c88f952,jitter02
1,wildfake_midjourney,full_synthetic,midjourney,train,e584fde687ab5a62,clean
1,wildfake_midjourney,full_synthetic,midjourney,train,e584fde687ab5a62,jpeg90
1,wildfake_midjourney,full_synthetic,midjourney,train,e584fde687ab5a62,blur10
1,wildfake_midjourney,full_synthetic,midjourney,train,e584fde687ab5a62,noise002
1,wildfake_midjourney,full_synthetic,midjourney,train,472a1620c6273ece,clean
1,wildfake_midjourney,full_synthetic,midjourney,train,472a1620c6273ece,blur20
1,wildfake_midjourney,full_synthetic,midjourney,train,472a1620c6273ece,resize05
1,wildfake_midjourney,full_synthetic,midjourney,train,472a1620c6273ece,crop08
1,wildfake_midjourney,full_synthetic,midjourney,train,c71480f619dee25d,clean
1,wildfake_midjourney,full_synthetic,midjourney,train,c71480f619dee25d,jpeg70
1,wildfake_midjourney,full_synthetic,midjourney,train,c71480f619dee25d,jpeg30
1,wildfake_midjourney,full_synthetic,midjourney,train,c71480f619dee25d,crop08
1,wildfake_midjourney,full_synthetic,midjourney,train,c04cf316797c59c2,clean
1,wildfake_midjourney,full_synthetic,midjourney,train,c04cf316797c59c2,jpeg70
1,wildfake_midjourney,full_synthetic,midjourney,train,c04cf316797c59c2,resize05
1,wildfake_midjourney,full_synthetic,midjourney,train,c04cf316797c59c2,resize025
1,wildfake_midjourney,full_synthetic,midjourney,train,65a9cdad6f3ce0ef,clean
1,wildfake_midjourney,full_synthetic,midjourney,train,65a9cdad6f3ce0ef,jpeg70
1,wildfake_midjourney,full_synthetic,midjourney,train,65a9cdad6f3ce0ef,noise002
1,wildfake_midjourney,full_synthetic,midjourney,train,65a9cdad6f3ce0ef,noise005
1,wildfake_midjourney,full_synthetic,midjourney,train,ba68a76001237a09,clean
1,wildfake_midjourney,full_synthetic,midjourney,train,ba68a76001237a09,jpeg90
1,wildfake_midjourney,full_synthetic,midjourney,train,ba68a76001237a09,resize05
1,wildfake_midjourney,full_synthetic,midjourney,train,ba68a76001237a09,noise002
1,wildfake_midjourney,full_synthetic,midjourney,train,53a775843acde4ab,clean
1,wildfake_midjourney,full_synthetic,midjourney,train,53a775843acde4ab,resize025
1,wildfake_midjourney,full_synthetic,midjourney,train,53a775843acde4ab,noise002
1,wildfake_midjourney,full_synthetic,midjourney,train,53a775843acde4ab,noise01
1,wildfake_midjourney,full_synthetic,midjourney,train,230e82815ab0081e,clean
1,wildfake_midjourney,full_synthetic,midjourney,train,230e82815ab0081e,resize05
1,wildfake_midjourney,full_synthetic,midjourney,train,230e82815ab0081e,resize025
1,wildfake_midjourney,full_synthetic,midjourney,train,230e82815ab0081e,noise002
1,wildfake_midjourney,full_synthetic,midjourney,train,80abca4149f69d5d,clean
1,wildfake_midjourney,full_synthetic,midjourney,train,80abca4149f69d5d,jpeg50
1,wildfake_midjourney,full_synthetic,midjourney,train,80abca4149f69d5d,blur20
1,wildfake_midjourney,full_synthetic,midjourney,train,80abca4149f69d5d,resize05
1,wildfake_midjourney,full_synthetic,midjourney,train,7a20607903c18742,clean
1,wildfake_midjourney,full_synthetic,midjourney,train,7a20607903c18742,jpeg70
1,wildfake_midjourney,full_synthetic,midjourney,train,7a20607903c18742,noise005
1,wildfake_midjourney,full_synthetic,midjourney,train,7a20607903c18742,crop08
1,wildfake_midjourney,full_synthetic,midjourney,train,8ca71c468c677c83,clean
1,wildfake_midjourney,full_synthetic,midjourney,train,8ca71c468c677c83,jpeg50
1,wildfake_midjourney,full_synthetic,midjourney,train,8ca71c468c677c83,resize025
1,wildfake_midjourney,full_synthetic,midjourney,train,8ca71c468c677c83,jitter02
1,wildfake_midjourney,full_synthetic,midjourney,train,12257b91902a1f5a,clean
1,wildfake_midjourney,full_synthetic,midjourney,train,12257b91902a1f5a,jpeg30
1,wildfake_midjourney,full_synthetic,midjourney,train,12257b91902a1f5a,resize05
1,wildfake_midjourney,full_synthetic,midjourney,train,12257b91902a1f5a,crop08
1,wildfake_midjourney,full_synthetic,midjourney,train,c8142d3990ab925a,clean
1,wildfake_midjourney,full_synthetic,midjourney,train,c8142d3990ab925a,noise002
1,wildfake_midjourney,full_synthetic,midjourney,train,c8142d3990ab925a,noise01
1,wildfake_midjourney,full_synthetic,midjourney,train,c8142d3990ab925a,jitter02
1,wildfake_midjourney,full_synthetic,midjourney,train,7aa99bb86a845264,clean
1,wildfake_midjourney,full_synthetic,midjourney,train,7aa99bb86a845264,blur05
1,wildfake_midjourney,full_synthetic,midjourney,train,7aa99bb86a845264,noise01
1,wildfake_midjourney,full_synthetic,midjourney,train,7aa99bb86a845264,crop08
1,wildfake_midjourney,full_synthetic,midjourney,train,38acba8c5f839f0b,clean
1,wildfake_midjourney,full_synthetic,midjourney,train,38acba8c5f839f0b,jpeg50
1,wildfake_midjourney,full_synthetic,midjourney,train,38acba8c5f839f0b,blur10
1,wildfake_midjourney,full_synthetic,midjourney,train,38acba8c5f839f0b,resize025
1,wildfake_midjourney,full_synthetic,midjourney,train,97730447dd34b836,clean
1,wildfake_midjourney,full_synthetic,midjourney,train,97730447dd34b836,noise002
1,wildfake_midjourney,full_synthetic,midjourney,train,97730447dd34b836,noise005
1,wildfake_midjourney,full_synthetic,midjourney,train,97730447dd34b836,jitter02
1,wildfake_midjourney,full_synthetic,midjourney,train,8354cc07a40a4d51,clean
1,wildfake_midjourney,full_synthetic,midjourney,train,8354cc07a40a4d51,jpeg70
1,wildfake_midjourney,full_synthetic,midjourney,train,8354cc07a40a4d51,jpeg50
1,wildfake_midjourney,full_synthetic,midjourney,train,8354cc07a40a4d51,crop08
1,wildfake_midjourney,full_synthetic,midjourney,train,5561c2658614d76e,clean
1,wildfake_midjourney,full_synthetic,midjourney,train,5561c2658614d76e,jpeg30
1,wildfake_midjourney,full_synthetic,midjourney,train,5561c2658614d76e,noise01
1,wildfake_midjourney,full_synthetic,midjourney,train,5561c2658614d76e,crop08
1,wildfake_midjourney,full_synthetic,midjourney,train,30cee999c1d5c379,clean
1,wildfake_midjourney,full_synthetic,midjourney,train,30cee999c1d5c379,jpeg70
1,wildfake_midjourney,full_synthetic,midjourney,train,30cee999c1d5c379,jpeg50
1,wildfake_midjourney,full_synthetic,midjourney,train,30cee999c1d5c379,jpeg30
1,wildfake_midjourney,full_synthetic,midjourney,train,4069d916aad91ab3,clean
1,wildfake_midjourney,full_synthetic,midjourney,train,4069d916aad91ab3,jpeg70
1,wildfake_midjourney,full_synthetic,midjourney,train,4069d916aad91ab3,blur10
1,wildfake_midjourney,full_synthetic,midjourney,train,4069d916aad91ab3,noise005
1,wildfake_midjourney,full_synthetic,midjourney,train,bcbadbaa30ce5b52,clean
1,wildfake_midjourney,full_synthetic,midjourney,train,bcbadbaa30ce5b52,jpeg30
1,wildfake_midjourney,full_synthetic,midjourney,train,bcbadbaa30ce5b52,noise01
1,wildfake_midjourney,full_synthetic,midjourney,train,bcbadbaa30ce5b52,jitter02
1,wildfake_midjourney,full_synthetic,midjourney,train,7eabdf53fae515ec,clean
1,wildfake_midjourney,full_synthetic,midjourney,train,7eabdf53fae515ec,jpeg30
1,wildfake_midjourney,full_synthetic,midjourney,train,7eabdf53fae515ec,noise002
1,wildfake_midjourney,full_synthetic,midjourney,train,7eabdf53fae515ec,jitter02
1,wildfake_midjourney,full_synthetic,midjourney,train,3c5f4b48256201bd,clean
1,wildfake_midjourney,full_synthetic,midjourney,train,3c5f4b48256201bd,blur20
1,wildfake_midjourney,full_synthetic,midjourney,train,3c5f4b48256201bd,noise01
1,wildfake_midjourney,full_synthetic,midjourney,train,3c5f4b48256201bd,crop08
1,wildfake_midjourney,full_synthetic,midjourney,train,9fd183681a1248c0,clean
1,wildfake_midjourney,full_synthetic,midjourney,train,9fd183681a1248c0,resize025
1,wildfake_midjourney,full_synthetic,midjourney,train,9fd183681a1248c0,noise005
1,wildfake_midjourney,full_synthetic,midjourney,train,9fd183681a1248c0,noise01
1,wildfake_midjourney,full_synthetic,midjourney,train,d54a10c1f540d35b,clean
1,wildfake_midjourney,full_synthetic,midjourney,train,d54a10c1f540d35b,blur05
1,wildfake_midjourney,full_synthetic,midjourney,train,d54a10c1f540d35b,blur10
1,wildfake_midjourney,full_synthetic,midjourney,train,d54a10c1f540d35b,blur20
1,wildfake_midjourney,full_synthetic,midjourney,train,8c4bb9e9d7dccada,clean
1,wildfake_midjourney,full_synthetic,midjourney,train,8c4bb9e9d7dccada,jpeg50
1,wildfake_midjourney,full_synthetic,midjourney,train,8c4bb9e9d7dccada,resize05
1,wildfake_midjourney,full_synthetic,midjourney,train,8c4bb9e9d7dccada,jitter02
1,wildfake_midjourney,full_synthetic,midjourney,train,8c83bbcf80b1d341,clean
1,wildfake_midjourney,full_synthetic,midjourney,train,8c83bbcf80b1d341,noise005
1,wildfake_midjourney,full_synthetic,midjourney,train,8c83bbcf80b1d341,noise01
1,wildfake_midjourney,full_synthetic,midjourney,train,8c83bbcf80b1d341,jitter02
1,wildfake_midjourney,full_synthetic,midjourney,train,967567a158a9a50d,clean
1,wildfake_midjourney,full_synthetic,midjourney,train,967567a158a9a50d,blur10
1,wildfake_midjourney,full_synthetic,midjourney,train,967567a158a9a50d,resize05
1,wildfake_midjourney,full_synthetic,midjourney,train,967567a158a9a50d,jitter02
1,wildfake_midjourney,full_synthetic,midjourney,train,3631372e3d66fe84,clean
1,wildfake_midjourney,full_synthetic,midjourney,train,3631372e3d66fe84,blur05
1,wildfake_midjourney,full_synthetic,midjourney,train,3631372e3d66fe84,noise01
1,wildfake_midjourney,full_synthetic,midjourney,train,3631372e3d66fe84,crop08
1,wildfake_midjourney,full_synthetic,midjourney,train,f84f9c42db19cfdc,clean
1,wildfake_midjourney,full_synthetic,midjourney,train,f84f9c42db19cfdc,jpeg70
1,wildfake_midjourney,full_synthetic,midjourney,train,f84f9c42db19cfdc,jpeg30
1,wildfake_midjourney,full_synthetic,midjourney,train,f84f9c42db19cfdc,blur20
1,wildfake_midjourney,full_synthetic,midjourney,train,c376a37de351b556,clean
1,wildfake_midjourney,full_synthetic,midjourney,train,c376a37de351b556,noise005
1,wildfake_midjourney,full_synthetic,midjourney,train,c376a37de351b556,noise01
1,wildfake_midjourney,full_synthetic,midjourney,train,c376a37de351b556,crop08
1,wildfake_midjourney,full_synthetic,midjourney,train,4c944254d40c3f37,clean
1,wildfake_midjourney,full_synthetic,midjourney,train,4c944254d40c3f37,blur20
1,wildfake_midjourney,full_synthetic,midjourney,train,4c944254d40c3f37,noise002
1,wildfake_midjourney,full_synthetic,midjourney,train,4c944254d40c3f37,crop08
1,wildfake_midjourney,full_synthetic,midjourney,train,bc8040d789645c49,clean
1,wildfake_midjourney,full_synthetic,midjourney,train,bc8040d789645c49,blur05
1,wildfake_midjourney,full_synthetic,midjourney,train,bc8040d789645c49,blur20
1,wildfake_midjourney,full_synthetic,midjourney,train,bc8040d789645c49,noise01
1,wildfake_midjourney,full_synthetic,midjourney,train,4f647165777df2c8,clean
1,wildfake_midjourney,full_synthetic,midjourney,train,4f647165777df2c8,jpeg50
1,wildfake_midjourney,full_synthetic,midjourney,train,4f647165777df2c8,resize05
1,wildfake_midjourney,full_synthetic,midjourney,train,4f647165777df2c8,noise002
1,wildfake_midjourney,full_synthetic,midjourney,train,b2ea2595252d48a2,clean
1,wildfake_midjourney,full_synthetic,midjourney,train,b2ea2595252d48a2,jpeg30
1,wildfake_midjourney,full_synthetic,midjourney,train,b2ea2595252d48a2,blur05
1,wildfake_midjourney,full_synthetic,midjourney,train,b2ea2595252d48a2,jitter02
1,wildfake_midjourney,full_synthetic,midjourney,train,85c8dfefd97852c8,clean
1,wildfake_midjourney,full_synthetic,midjourney,train,85c8dfefd97852c8,jpeg70
1,wildfake_midjourney,full_synthetic,midjourney,train,85c8dfefd97852c8,jpeg30
1,wildfake_midjourney,full_synthetic,midjourney,train,85c8dfefd97852c8,resize05
1,wildfake_midjourney,full_synthetic,midjourney,train,fe70e2ebc2dbf17e,clean
1,wildfake_midjourney,full_synthetic,midjourney,train,fe70e2ebc2dbf17e,jpeg90
1,wildfake_midjourney,full_synthetic,midjourney,train,fe70e2ebc2dbf17e,blur10
1,wildfake_midjourney,full_synthetic,midjourney,train,fe70e2ebc2dbf17e,jitter02
1,wildfake_midjourney,full_synthetic,midjourney,train,abfe5f852ed99838,clean
1,wildfake_midjourney,full_synthetic,midjourney,train,abfe5f852ed99838,jpeg30
1,wildfake_midjourney,full_synthetic,midjourney,train,abfe5f852ed99838,blur20
1,wildfake_midjourney,full_synthetic,midjourney,train,abfe5f852ed99838,noise002
1,wildfake_midjourney,full_synthetic,midjourney,train,1c74b5874bb50a53,clean
1,wildfake_midjourney,full_synthetic,midjourney,train,1c74b5874bb50a53,jpeg70
1,wildfake_midjourney,full_synthetic,midjourney,train,1c74b5874bb50a53,noise002
1,wildfake_midjourney,full_synthetic,midjourney,train,1c74b5874bb50a53,jitter02
1,wildfake_midjourney,full_synthetic,midjourney,train,e1818816d37404c2,clean
1,wildfake_midjourney,full_synthetic,midjourney,train,e1818816d37404c2,jpeg30
1,wildfake_midjourney,full_synthetic,midjourney,train,e1818816d37404c2,noise002
1,wildfake_midjourney,full_synthetic,midjourney,train,e1818816d37404c2,noise01
1,wildfake_midjourney,full_synthetic,midjourney,train,f8bdd6bc7fa16771,clean
1,wildfake_midjourney,full_synthetic,midjourney,train,f8bdd6bc7fa16771,blur05
1,wildfake_midjourney,full_synthetic,midjourney,train,f8bdd6bc7fa16771,blur20
1,wildfake_midjourney,full_synthetic,midjourney,train,f8bdd6bc7fa16771,noise01
1,wildfake_midjourney,full_synthetic,midjourney,train,2fd9c0a84252d6f1,clean
1,wildfake_midjourney,full_synthetic,midjourney,train,2fd9c0a84252d6f1,jpeg90
1,wildfake_midjourney,full_synthetic,midjourney,train,2fd9c0a84252d6f1,jpeg50
1,wildfake_midjourney,full_synthetic,midjourney,train,2fd9c0a84252d6f1,blur05
1,wildfake_midjourney,full_synthetic,midjourney,train,e5370b383d5a7de0,clean
1,wildfake_midjourney,full_synthetic,midjourney,train,e5370b383d5a7de0,blur05
1,wildfake_midjourney,full_synthetic,midjourney,train,e5370b383d5a7de0,resize025
1,wildfake_midjourney,full_synthetic,midjourney,train,e5370b383d5a7de0,crop08
1,wildfake_midjourney,full_synthetic,midjourney,train,08d8676ef9f021c4,clean
1,wildfake_midjourney,full_synthetic,midjourney,train,08d8676ef9f021c4,jpeg70
1,wildfake_midjourney,full_synthetic,midjourney,train,08d8676ef9f021c4,resize025
1,wildfake_midjourney,full_synthetic,midjourney,train,08d8676ef9f021c4,crop08
1,wildfake_midjourney,full_synthetic,midjourney,train,a22de150a11026b4,clean
1,wildfake_midjourney,full_synthetic,midjourney,train,a22de150a11026b4,jpeg50
1,wildfake_midjourney,full_synthetic,midjourney,train,a22de150a11026b4,blur10
1,wildfake_midjourney,full_synthetic,midjourney,train,a22de150a11026b4,crop08
1,wildfake_midjourney,full_synthetic,midjourney,train,84d7ba342d60153c,clean
1,wildfake_midjourney,full_synthetic,midjourney,train,84d7ba342d60153c,jpeg70
1,wildfake_midjourney,full_synthetic,midjourney,train,84d7ba342d60153c,noise002
1,wildfake_midjourney,full_synthetic,midjourney,train,84d7ba342d60153c,jitter02
1,wildfake_midjourney,full_synthetic,midjourney,train,8e8f033f02980070,clean
1,wildfake_midjourney,full_synthetic,midjourney,train,8e8f033f02980070,jpeg90
1,wildfake_midjourney,full_synthetic,midjourney,train,8e8f033f02980070,blur10
1,wildfake_midjourney,full_synthetic,midjourney,train,8e8f033f02980070,noise002
1,wildfake_midjourney,full_synthetic,midjourney,train,825d35a77d99aaeb,clean
1,wildfake_midjourney,full_synthetic,midjourney,train,825d35a77d99aaeb,jpeg70
1,wildfake_midjourney,full_synthetic,midjourney,train,825d35a77d99aaeb,jpeg30
1,wildfake_midjourney,full_synthetic,midjourney,train,825d35a77d99aaeb,blur05
1,wildfake_midjourney,full_synthetic,midjourney,train,3b0aecbab2c82038,clean
1,wildfake_midjourney,full_synthetic,midjourney,train,3b0aecbab2c82038,blur10
1,wildfake_midjourney,full_synthetic,midjourney,train,3b0aecbab2c82038,resize05
1,wildfake_midjourney,full_synthetic,midjourney,train,3b0aecbab2c82038,noise005
1,wildfake_midjourney,full_synthetic,midjourney,train,89c14703a7cd40b2,clean
1,wildfake_midjourney,full_synthetic,midjourney,train,89c14703a7cd40b2,jpeg30
1,wildfake_midjourney,full_synthetic,midjourney,train,89c14703a7cd40b2,blur20
1,wildfake_midjourney,full_synthetic,midjourney,train,89c14703a7cd40b2,noise01
1,wildfake_midjourney,full_synthetic,midjourney,train,de53462f9d230a21,clean
1,wildfake_midjourney,full_synthetic,midjourney,train,de53462f9d230a21,jpeg90
1,wildfake_midjourney,full_synthetic,midjourney,train,de53462f9d230a21,noise005
1,wildfake_midjourney,full_synthetic,midjourney,train,de53462f9d230a21,crop08
1,wildfake_midjourney,full_synthetic,midjourney,train,b3783d63d45cade4,clean
1,wildfake_midjourney,full_synthetic,midjourney,train,b3783d63d45cade4,jpeg90
1,wildfake_midjourney,full_synthetic,midjourney,train,b3783d63d45cade4,jpeg50
1,wildfake_midjourney,full_synthetic,midjourney,train,b3783d63d45cade4,crop08
1,wildfake_midjourney,full_synthetic,midjourney,train,72620937762006b7,clean
1,wildfake_midjourney,full_synthetic,midjourney,train,72620937762006b7,jpeg70
1,wildfake_midjourney,full_synthetic,midjourney,train,72620937762006b7,resize025
1,wildfake_midjourney,full_synthetic,midjourney,train,72620937762006b7,noise01
1,wildfake_midjourney,full_synthetic,midjourney,train,ac4ccfa64a2a6819,clean
1,wildfake_midjourney,full_synthetic,midjourney,train,ac4ccfa64a2a6819,blur05
1,wildfake_midjourney,full_synthetic,midjourney,train,ac4ccfa64a2a6819,resize025
1,wildfake_midjourney,full_synthetic,midjourney,train,ac4ccfa64a2a6819,crop08
1,wildfake_midjourney,full_synthetic,midjourney,train,58595e3349300d92,clean
1,wildfake_midjourney,full_synthetic,midjourney,train,58595e3349300d92,blur10
1,wildfake_midjourney,full_synthetic,midjourney,train,58595e3349300d92,noise002
1,wildfake_midjourney,full_synthetic,midjourney,train,58595e3349300d92,crop08
1,wildfake_midjourney,full_synthetic,midjourney,train,696df74d23206273,clean
1,wildfake_midjourney,full_synthetic,midjourney,train,696df74d23206273,blur10
1,wildfake_midjourney,full_synthetic,midjourney,train,696df74d23206273,resize025
1,wildfake_midjourney,full_synthetic,midjourney,train,696df74d23206273,noise005
1,wildfake_midjourney,full_synthetic,midjourney,train,c8c2d0dcb52dd6a9,clean
1,wildfake_midjourney,full_synthetic,midjourney,train,c8c2d0dcb52dd6a9,jpeg70
1,wildfake_midjourney,full_synthetic,midjourney,train,c8c2d0dcb52dd6a9,noise005
1,wildfake_midjourney,full_synthetic,midjourney,train,c8c2d0dcb52dd6a9,jitter02
1,wildfake_midjourney,full_synthetic,midjourney,train,0c3d10c7c2182265,clean
1,wildfake_midjourney,full_synthetic,midjourney,train,0c3d10c7c2182265,jpeg90
1,wildfake_midjourney,full_synthetic,midjourney,train,0c3d10c7c2182265,blur20
1,wildfake_midjourney,full_synthetic,midjourney,train,0c3d10c7c2182265,noise005
1,wildfake_midjourney,full_synthetic,midjourney,train,13f2b22249d2a047,clean
1,wildfake_midjourney,full_synthetic,midjourney,train,13f2b22249d2a047,blur05
1,wildfake_midjourney,full_synthetic,midjourney,train,13f2b22249d2a047,blur20
1,wildfake_midjourney,full_synthetic,midjourney,train,13f2b22249d2a047,noise005
1,wildfake_midjourney,full_synthetic,midjourney,train,fe9001edf15858d1,clean
1,wildfake_midjourney,full_synthetic,midjourney,train,fe9001edf15858d1,blur10
1,wildfake_midjourney,full_synthetic,midjourney,train,fe9001edf15858d1,blur20
1,wildfake_midjourney,full_synthetic,midjourney,train,fe9001edf15858d1,noise002
1,wildfake_midjourney,full_synthetic,midjourney,train,b614f7d418247edd,clean
1,wildfake_midjourney,full_synthetic,midjourney,train,b614f7d418247edd,blur05
1,wildfake_midjourney,full_synthetic,midjourney,train,b614f7d418247edd,blur10
1,wildfake_midjourney,full_synthetic,midjourney,train,b614f7d418247edd,jitter02
1,wildfake_midjourney,full_synthetic,midjourney,train,3f2cd56b3c22f8c1,clean
1,wildfake_midjourney,full_synthetic,midjourney,train,3f2cd56b3c22f8c1,blur20
1,wildfake_midjourney,full_synthetic,midjourney,train,3f2cd56b3c22f8c1,resize025
1,wildfake_midjourney,full_synthetic,midjourney,train,3f2cd56b3c22f8c1,noise005
1,wildfake_midjourney,full_synthetic,midjourney,train,472a0df62b85d932,clean
1,wildfake_midjourney,full_synthetic,midjourney,train,472a0df62b85d932,jpeg50
1,wildfake_midjourney,full_synthetic,midjourney,train,472a0df62b85d932,jpeg30
1,wildfake_midjourney,full_synthetic,midjourney,train,472a0df62b85d932,resize05
1,wildfake_midjourney,full_synthetic,midjourney,train,7c11684eaf44c905,clean
1,wildfake_midjourney,full_synthetic,midjourney,train,7c11684eaf44c905,jpeg30
1,wildfake_midjourney,full_synthetic,midjourney,train,7c11684eaf44c905,resize05
1,wildfake_midjourney,full_synthetic,midjourney,train,7c11684eaf44c905,jitter02
1,wildfake_midjourney,full_synthetic,midjourney,train,09a26e9607982eec,clean
1,wildfake_midjourney,full_synthetic,midjourney,train,09a26e9607982eec,jpeg90
1,wildfake_midjourney,full_synthetic,midjourney,train,09a26e9607982eec,blur10
1,wildfake_midjourney,full_synthetic,midjourney,train,09a26e9607982eec,crop08
1,wildfake_midjourney,full_synthetic,midjourney,train,669def2bd7de12f2,clean
1,wildfake_midjourney,full_synthetic,midjourney,train,669def2bd7de12f2,jpeg30
1,wildfake_midjourney,full_synthetic,midjourney,train,669def2bd7de12f2,noise01
1,wildfake_midjourney,full_synthetic,midjourney,train,669def2bd7de12f2,jitter02
1,wildfake_midjourney,full_synthetic,midjourney,train,958db933cebdcf43,clean
1,wildfake_midjourney,full_synthetic,midjourney,train,958db933cebdcf43,jpeg90
1,wildfake_midjourney,full_synthetic,midjourney,train,958db933cebdcf43,jpeg70
1,wildfake_midjourney,full_synthetic,midjourney,train,958db933cebdcf43,noise005
1,wildfake_midjourney,full_synthetic,midjourney,train,2e590d5519323d26,clean
1,wildfake_midjourney,full_synthetic,midjourney,train,2e590d5519323d26,jpeg50
1,wildfake_midjourney,full_synthetic,midjourney,train,2e590d5519323d26,blur20
1,wildfake_midjourney,full_synthetic,midjourney,train,2e590d5519323d26,noise01
1,wildfake_midjourney,full_synthetic,midjourney,train,8f2ad1ec70c0c7e4,clean
1,wildfake_midjourney,full_synthetic,midjourney,train,8f2ad1ec70c0c7e4,blur10
1,wildfake_midjourney,full_synthetic,midjourney,train,8f2ad1ec70c0c7e4,resize025
1,wildfake_midjourney,full_synthetic,midjourney,train,8f2ad1ec70c0c7e4,noise01
1,wildfake_midjourney,full_synthetic,midjourney,train,c53821b023e5209d,clean
1,wildfake_midjourney,full_synthetic,midjourney,train,c53821b023e5209d,jpeg50
1,wildfake_midjourney,full_synthetic,midjourney,train,c53821b023e5209d,blur05
1,wildfake_midjourney,full_synthetic,midjourney,train,c53821b023e5209d,noise002
1,wildfake_midjourney,full_synthetic,midjourney,train,8e805aa3fbab7a8c,clean
1,wildfake_midjourney,full_synthetic,midjourney,train,8e805aa3fbab7a8c,jpeg70
1,wildfake_midjourney,full_synthetic,midjourney,train,8e805aa3fbab7a8c,jpeg50
1,wildfake_midjourney,full_synthetic,midjourney,train,8e805aa3fbab7a8c,resize05
1,wildfake_midjourney,full_synthetic,midjourney,train,60bcac1652f0a7cc,clean
1,wildfake_midjourney,full_synthetic,midjourney,train,60bcac1652f0a7cc,jpeg50
1,wildfake_midjourney,full_synthetic,midjourney,train,60bcac1652f0a7cc,resize05
1,wildfake_midjourney,full_synthetic,midjourney,train,60bcac1652f0a7cc,crop08
1,wildfake_midjourney,full_synthetic,midjourney,train,85031bb34e9a4616,clean
1,wildfake_midjourney,full_synthetic,midjourney,train,85031bb34e9a4616,jpeg70
1,wildfake_midjourney,full_synthetic,midjourney,train,85031bb34e9a4616,jpeg50
1,wildfake_midjourney,full_synthetic,midjourney,train,85031bb34e9a4616,blur10
1,wildfake_midjourney,full_synthetic,midjourney,train,41a72df2a1f3f669,clean
1,wildfake_midjourney,full_synthetic,midjourney,train,41a72df2a1f3f669,blur10
1,wildfake_midjourney,full_synthetic,midjourney,train,41a72df2a1f3f669,resize025
1,wildfake_midjourney,full_synthetic,midjourney,train,41a72df2a1f3f669,jitter02
1,wildfake_midjourney,full_synthetic,midjourney,train,31e605be32efdf00,clean
1,wildfake_midjourney,full_synthetic,midjourney,train,31e605be32efdf00,jpeg90
1,wildfake_midjourney,full_synthetic,midjourney,train,31e605be32efdf00,resize05
1,wildfake_midjourney,full_synthetic,midjourney,train,31e605be32efdf00,resize025
1,wildfake_midjourney,full_synthetic,midjourney,train,662297bcb1000114,clean
1,wildfake_midjourney,full_synthetic,midjourney,train,662297bcb1000114,jpeg90
1,wildfake_midjourney,full_synthetic,midjourney,train,662297bcb1000114,blur10
1,wildfake_midjourney,full_synthetic,midjourney,train,662297bcb1000114,noise01
1,wildfake_midjourney,full_synthetic,midjourney,train,315935bf67249527,clean
1,wildfake_midjourney,full_synthetic,midjourney,train,315935bf67249527,jpeg90
1,wildfake_midjourney,full_synthetic,midjourney,train,315935bf67249527,resize025
1,wildfake_midjourney,full_synthetic,midjourney,train,315935bf67249527,crop08
1,wildfake_midjourney,full_synthetic,midjourney,train,8a68fd44e8c1e38d,clean
1,wildfake_midjourney,full_synthetic,midjourney,train,8a68fd44e8c1e38d,jpeg50
1,wildfake_midjourney,full_synthetic,midjourney,train,8a68fd44e8c1e38d,jpeg30
1,wildfake_midjourney,full_synthetic,midjourney,train,8a68fd44e8c1e38d,resize025
1,wildfake_midjourney,full_synthetic,midjourney,train,679f722de454f95c,clean
1,wildfake_midjourney,full_synthetic,midjourney,train,679f722de454f95c,jpeg90
1,wildfake_midjourney,full_synthetic,midjourney,train,679f722de454f95c,jpeg30
1,wildfake_midjourney,full_synthetic,midjourney,train,679f722de454f95c,resize025
1,wildfake_midjourney,full_synthetic,midjourney,train,746f4be09f21690f,clean
1,wildfake_midjourney,full_synthetic,midjourney,train,746f4be09f21690f,blur10
1,wildfake_midjourney,full_synthetic,midjourney,train,746f4be09f21690f,blur20
1,wildfake_midjourney,full_synthetic,midjourney,train,746f4be09f21690f,noise002
1,wildfake_midjourney,full_synthetic,midjourney,train,6f91fd94511c9e43,clean
1,wildfake_midjourney,full_synthetic,midjourney,train,6f91fd94511c9e43,resize05
1,wildfake_midjourney,full_synthetic,midjourney,train,6f91fd94511c9e43,noise01
1,wildfake_midjourney,full_synthetic,midjourney,train,6f91fd94511c9e43,jitter02
1,wildfake_midjourney,full_synthetic,midjourney,train,35277776d36b5ffc,clean
1,wildfake_midjourney,full_synthetic,midjourney,train,35277776d36b5ffc,jpeg30
1,wildfake_midjourney,full_synthetic,midjourney,train,35277776d36b5ffc,resize025
1,wildfake_midjourney,full_synthetic,midjourney,train,35277776d36b5ffc,jitter02
1,wildfake_midjourney,full_synthetic,midjourney,train,0d57eda3317447c1,clean
1,wildfake_midjourney,full_synthetic,midjourney,train,0d57eda3317447c1,jpeg90
1,wildfake_midjourney,full_synthetic,midjourney,train,0d57eda3317447c1,resize05
1,wildfake_midjourney,full_synthetic,midjourney,train,0d57eda3317447c1,jitter02
1,wildfake_midjourney,full_synthetic,midjourney,train,3aacec94489970bf,clean
1,wildfake_midjourney,full_synthetic,midjourney,train,3aacec94489970bf,jpeg70
1,wildfake_midjourney,full_synthetic,midjourney,train,3aacec94489970bf,jpeg30
1,wildfake_midjourney,full_synthetic,midjourney,train,3aacec94489970bf,blur20
1,wildfake_midjourney,full_synthetic,midjourney,train,8dae0603d63fe3e1,clean
1,wildfake_midjourney,full_synthetic,midjourney,train,8dae0603d63fe3e1,resize025
1,wildfake_midjourney,full_synthetic,midjourney,train,8dae0603d63fe3e1,noise005
1,wildfake_midjourney,full_synthetic,midjourney,train,8dae0603d63fe3e1,jitter02
1,wildfake_midjourney,full_synthetic,midjourney,train,1bd170b346a528da,clean
1,wildfake_midjourney,full_synthetic,midjourney,train,1bd170b346a528da,jpeg70
1,wildfake_midjourney,full_synthetic,midjourney,train,1bd170b346a528da,jpeg30
1,wildfake_midjourney,full_synthetic,midjourney,train,1bd170b346a528da,blur05
1,wildfake_midjourney,full_synthetic,midjourney,train,de10f1db43d6ad78,clean
1,wildfake_midjourney,full_synthetic,midjourney,train,de10f1db43d6ad78,resize05
1,wildfake_midjourney,full_synthetic,midjourney,train,de10f1db43d6ad78,resize025
1,wildfake_midjourney,full_synthetic,midjourney,train,de10f1db43d6ad78,noise01
1,wildfake_midjourney,full_synthetic,midjourney,train,82766f5a41b1057c,clean
1,wildfake_midjourney,full_synthetic,midjourney,train,82766f5a41b1057c,noise002
1,wildfake_midjourney,full_synthetic,midjourney,train,82766f5a41b1057c,noise005
1,wildfake_midjourney,full_synthetic,midjourney,train,82766f5a41b1057c,crop08
1,wildfake_midjourney,full_synthetic,midjourney,train,0c1a0b8efc3f5a1e,clean
1,wildfake_midjourney,full_synthetic,midjourney,train,0c1a0b8efc3f5a1e,blur05
1,wildfake_midjourney,full_synthetic,midjourney,train,0c1a0b8efc3f5a1e,resize025
1,wildfake_midjourney,full_synthetic,midjourney,train,0c1a0b8efc3f5a1e,noise002
1,wildfake_midjourney,full_synthetic,midjourney,train,2d47e72ceef1b217,clean
1,wildfake_midjourney,full_synthetic,midjourney,train,2d47e72ceef1b217,jpeg50
1,wildfake_midjourney,full_synthetic,midjourney,train,2d47e72ceef1b217,jpeg30
1,wildfake_midjourney,full_synthetic,midjourney,train,2d47e72ceef1b217,resize025
1,wildfake_midjourney,full_synthetic,midjourney,train,165a3a1724bc944f,clean
1,wildfake_midjourney,full_synthetic,midjourney,train,165a3a1724bc944f,blur05
1,wildfake_midjourney,full_synthetic,midjourney,train,165a3a1724bc944f,resize05
1,wildfake_midjourney,full_synthetic,midjourney,train,165a3a1724bc944f,resize025
1,wildfake_midjourney,full_synthetic,midjourney,train,5fc57337aa2a01f8,clean
1,wildfake_midjourney,full_synthetic,midjourney,train,5fc57337aa2a01f8,jpeg70
1,wildfake_midjourney,full_synthetic,midjourney,train,5fc57337aa2a01f8,resize025
1,wildfake_midjourney,full_synthetic,midjourney,train,5fc57337aa2a01f8,crop08
1,wildfake_midjourney,full_synthetic,midjourney,train,836a276fbd1a6b4d,clean
1,wildfake_midjourney,full_synthetic,midjourney,train,836a276fbd1a6b4d,jpeg70
1,wildfake_midjourney,full_synthetic,midjourney,train,836a276fbd1a6b4d,blur10
1,wildfake_midjourney,full_synthetic,midjourney,train,836a276fbd1a6b4d,noise002
1,wildfake_midjourney,full_synthetic,midjourney,train,2e8c5c04d3d2a82c,clean
1,wildfake_midjourney,full_synthetic,midjourney,train,2e8c5c04d3d2a82c,jpeg70
1,wildfake_midjourney,full_synthetic,midjourney,train,2e8c5c04d3d2a82c,noise01
1,wildfake_midjourney,full_synthetic,midjourney,train,2e8c5c04d3d2a82c,crop08
1,wildfake_midjourney,full_synthetic,midjourney,train,c7c1771f93963391,clean
1,wildfake_midjourney,full_synthetic,midjourney,train,c7c1771f93963391,jpeg90
1,wildfake_midjourney,full_synthetic,midjourney,train,c7c1771f93963391,jpeg50
1,wildfake_midjourney,full_synthetic,midjourney,train,c7c1771f93963391,resize05
1,wildfake_midjourney,full_synthetic,midjourney,train,0378e3a751a47586,clean
1,wildfake_midjourney,full_synthetic,midjourney,train,0378e3a751a47586,jpeg50
1,wildfake_midjourney,full_synthetic,midjourney,train,0378e3a751a47586,blur05
1,wildfake_midjourney,full_synthetic,midjourney,train,0378e3a751a47586,blur20
1,wildfake_midjourney,full_synthetic,midjourney,train,9dd50f28bc5cdbb1,clean
1,wildfake_midjourney,full_synthetic,midjourney,train,9dd50f28bc5cdbb1,jpeg50
1,wildfake_midjourney,full_synthetic,midjourney,train,9dd50f28bc5cdbb1,noise002
1,wildfake_midjourney,full_synthetic,midjourney,train,9dd50f28bc5cdbb1,noise01
1,wildfake_midjourney,full_synthetic,midjourney,train,408076d4da00b6ce,clean
1,wildfake_midjourney,full_synthetic,midjourney,train,408076d4da00b6ce,jpeg70
1,wildfake_midjourney,full_synthetic,midjourney,train,408076d4da00b6ce,jpeg30
1,wildfake_midjourney,full_synthetic,midjourney,train,408076d4da00b6ce,crop08
1,wildfake_midjourney,full_synthetic,midjourney,train,8ca2a88abad8759d,clean
1,wildfake_midjourney,full_synthetic,midjourney,train,8ca2a88abad8759d,jpeg50
1,wildfake_midjourney,full_synthetic,midjourney,train,8ca2a88abad8759d,blur20
1,wildfake_midjourney,full_synthetic,midjourney,train,8ca2a88abad8759d,crop08
1,wildfake_midjourney,full_synthetic,midjourney,train,e9494f59ce3534e7,clean
1,wildfake_midjourney,full_synthetic,midjourney,train,e9494f59ce3534e7,jpeg70
1,wildfake_midjourney,full_synthetic,midjourney,train,e9494f59ce3534e7,blur20
1,wildfake_midjourney,full_synthetic,midjourney,train,e9494f59ce3534e7,noise01
1,wildfake_midjourney,full_synthetic,midjourney,train,a9e2892fb6abe01c,clean
1,wildfake_midjourney,full_synthetic,midjourney,train,a9e2892fb6abe01c,noise002
1,wildfake_midjourney,full_synthetic,midjourney,train,a9e2892fb6abe01c,noise005
1,wildfake_midjourney,full_synthetic,midjourney,train,a9e2892fb6abe01c,noise01
1,wildfake_midjourney,full_synthetic,midjourney,train,a926008ba1079ecf,clean
1,wildfake_midjourney,full_synthetic,midjourney,train,a926008ba1079ecf,blur05
1,wildfake_midjourney,full_synthetic,midjourney,train,a926008ba1079ecf,blur10
1,wildfake_midjourney,full_synthetic,midjourney,train,a926008ba1079ecf,noise01
1,wildfake_midjourney,full_synthetic,midjourney,train,35af8ead4d53eb06,clean
1,wildfake_midjourney,full_synthetic,midjourney,train,35af8ead4d53eb06,jpeg50
1,wildfake_midjourney,full_synthetic,midjourney,train,35af8ead4d53eb06,jpeg30
1,wildfake_midjourney,full_synthetic,midjourney,train,35af8ead4d53eb06,blur20
1,wildfake_midjourney,full_synthetic,midjourney,train,3f00040a13b5a1d8,clean
1,wildfake_midjourney,full_synthetic,midjourney,train,3f00040a13b5a1d8,jpeg50
1,wildfake_midjourney,full_synthetic,midjourney,train,3f00040a13b5a1d8,jpeg30
1,wildfake_midjourney,full_synthetic,midjourney,train,3f00040a13b5a1d8,blur20
1,wildfake_midjourney,full_synthetic,midjourney,train,698b466389545e0d,clean
1,wildfake_midjourney,full_synthetic,midjourney,train,698b466389545e0d,jpeg90
1,wildfake_midjourney,full_synthetic,midjourney,train,698b466389545e0d,blur10
1,wildfake_midjourney,full_synthetic,midjourney,train,698b466389545e0d,jitter02
1,wildfake_midjourney,full_synthetic,midjourney,train,7baad316d9b37c1e,clean
1,wildfake_midjourney,full_synthetic,midjourney,train,7baad316d9b37c1e,jpeg90
1,wildfake_midjourney,full_synthetic,midjourney,train,7baad316d9b37c1e,noise005
1,wildfake_midjourney,full_synthetic,midjourney,train,7baad316d9b37c1e,noise01
1,wildfake_midjourney,full_synthetic,midjourney,train,4dcfe1224c7152bf,clean
1,wildfake_midjourney,full_synthetic,midjourney,train,4dcfe1224c7152bf,jpeg30
1,wildfake_midjourney,full_synthetic,midjourney,train,4dcfe1224c7152bf,blur05
1,wildfake_midjourney,full_synthetic,midjourney,train,4dcfe1224c7152bf,blur20
1,wildfake_midjourney,full_synthetic,midjourney,train,9e99c7f5742ef1b6,clean
1,wildfake_midjourney,full_synthetic,midjourney,train,9e99c7f5742ef1b6,jpeg70
1,wildfake_midjourney,full_synthetic,midjourney,train,9e99c7f5742ef1b6,blur20
1,wildfake_midjourney,full_synthetic,midjourney,train,9e99c7f5742ef1b6,noise005
1,wildfake_midjourney,full_synthetic,midjourney,train,ea5ef884dc1aabc4,clean
1,wildfake_midjourney,full_synthetic,midjourney,train,ea5ef884dc1aabc4,jpeg90
1,wildfake_midjourney,full_synthetic,midjourney,train,ea5ef884dc1aabc4,jpeg70
1,wildfake_midjourney,full_synthetic,midjourney,train,ea5ef884dc1aabc4,crop08
1,wildfake_midjourney,full_synthetic,midjourney,train,8b3ecb4fe14f94a3,clean
1,wildfake_midjourney,full_synthetic,midjourney,train,8b3ecb4fe14f94a3,blur05
1,wildfake_midjourney,full_synthetic,midjourney,train,8b3ecb4fe14f94a3,blur20
1,wildfake_midjourney,full_synthetic,midjourney,train,8b3ecb4fe14f94a3,jitter02
1,wildfake_midjourney,full_synthetic,midjourney,train,7849154eeaef0209,clean
1,wildfake_midjourney,full_synthetic,midjourney,train,7849154eeaef0209,jpeg50
1,wildfake_midjourney,full_synthetic,midjourney,train,7849154eeaef0209,blur10
1,wildfake_midjourney,full_synthetic,midjourney,train,7849154eeaef0209,noise005
1,wildfake_midjourney,full_synthetic,midjourney,train,1f4805d4cc010775,clean
1,wildfake_midjourney,full_synthetic,midjourney,train,1f4805d4cc010775,blur05
1,wildfake_midjourney,full_synthetic,midjourney,train,1f4805d4cc010775,noise002
1,wildfake_midjourney,full_synthetic,midjourney,train,1f4805d4cc010775,jitter02
1,wildfake_midjourney,full_synthetic,midjourney,train,ef324e2b77bf713d,clean
1,wildfake_midjourney,full_synthetic,midjourney,train,ef324e2b77bf713d,jpeg90
1,wildfake_midjourney,full_synthetic,midjourney,train,ef324e2b77bf713d,resize05
1,wildfake_midjourney,full_synthetic,midjourney,train,ef324e2b77bf713d,noise01
1,wildfake_midjourney,full_synthetic,midjourney,train,0f9bbd06af5f1a13,clean
1,wildfake_midjourney,full_synthetic,midjourney,train,0f9bbd06af5f1a13,blur05
1,wildfake_midjourney,full_synthetic,midjourney,train,0f9bbd06af5f1a13,resize05
1,wildfake_midjourney,full_synthetic,midjourney,train,0f9bbd06af5f1a13,noise002
1,wildfake_midjourney,full_synthetic,midjourney,train,b684feb744fa8ffb,clean
1,wildfake_midjourney,full_synthetic,midjourney,train,b684feb744fa8ffb,jpeg30
1,wildfake_midjourney,full_synthetic,midjourney,train,b684feb744fa8ffb,noise002
1,wildfake_midjourney,full_synthetic,midjourney,train,b684feb744fa8ffb,crop08
1,wildfake_midjourney,full_synthetic,midjourney,train,861fee3fce5642a3,clean
1,wildfake_midjourney,full_synthetic,midjourney,train,861fee3fce5642a3,jpeg50
1,wildfake_midjourney,full_synthetic,midjourney,train,861fee3fce5642a3,jpeg30
1,wildfake_midjourney,full_synthetic,midjourney,train,861fee3fce5642a3,noise002
1,wildfake_midjourney,full_synthetic,midjourney,train,57198951501f5f0f,clean
1,wildfake_midjourney,full_synthetic,midjourney,train,57198951501f5f0f,jpeg70
1,wildfake_midjourney,full_synthetic,midjourney,train,57198951501f5f0f,blur05
1,wildfake_midjourney,full_synthetic,midjourney,train,57198951501f5f0f,noise002
1,wildfake_midjourney,full_synthetic,midjourney,train,9ced2b63c0cce6b3,clean
1,wildfake_midjourney,full_synthetic,midjourney,train,9ced2b63c0cce6b3,jpeg70
1,wildfake_midjourney,full_synthetic,midjourney,train,9ced2b63c0cce6b3,blur10
1,wildfake_midjourney,full_synthetic,midjourney,train,9ced2b63c0cce6b3,crop08
1,wildfake_midjourney,full_synthetic,midjourney,train,fb21a03221304185,clean
1,wildfake_midjourney,full_synthetic,midjourney,train,fb21a03221304185,jpeg50
1,wildfake_midjourney,full_synthetic,midjourney,train,fb21a03221304185,noise002
1,wildfake_midjourney,full_synthetic,midjourney,train,fb21a03221304185,crop08
1,wildfake_midjourney,full_synthetic,midjourney,train,e0fde0b4863181a5,clean
1,wildfake_midjourney,full_synthetic,midjourney,train,e0fde0b4863181a5,jpeg30
1,wildfake_midjourney,full_synthetic,midjourney,train,e0fde0b4863181a5,blur10
1,wildfake_midjourney,full_synthetic,midjourney,train,e0fde0b4863181a5,resize025
1,wildfake_midjourney,full_synthetic,midjourney,train,680cdeb80209d770,clean
1,wildfake_midjourney,full_synthetic,midjourney,train,680cdeb80209d770,jpeg30
1,wildfake_midjourney,full_synthetic,midjourney,train,680cdeb80209d770,resize05
1,wildfake_midjourney,full_synthetic,midjourney,train,680cdeb80209d770,noise01
1,wildfake_midjourney,full_synthetic,midjourney,train,cd8040e4560ec52f,clean
1,wildfake_midjourney,full_synthetic,midjourney,train,cd8040e4560ec52f,jpeg90
1,wildfake_midjourney,full_synthetic,midjourney,train,cd8040e4560ec52f,resize05
1,wildfake_midjourney,full_synthetic,midjourney,train,cd8040e4560ec52f,jitter02
1,wildfake_midjourney,full_synthetic,midjourney,train,4461b76af59aacf9,clean
1,wildfake_midjourney,full_synthetic,midjourney,train,4461b76af59aacf9,jpeg70
1,wildfake_midjourney,full_synthetic,midjourney,train,4461b76af59aacf9,blur05
1,wildfake_midjourney,full_synthetic,midjourney,train,4461b76af59aacf9,jitter02
1,wildfake_midjourney,full_synthetic,midjourney,train,e8ba2763a618f1dd,clean
1,wildfake_midjourney,full_synthetic,midjourney,train,e8ba2763a618f1dd,jpeg90
1,wildfake_midjourney,full_synthetic,midjourney,train,e8ba2763a618f1dd,resize025
1,wildfake_midjourney,full_synthetic,midjourney,train,e8ba2763a618f1dd,crop08
1,wildfake_midjourney,full_synthetic,midjourney,train,454c2c9ed8750d25,clean
1,wildfake_midjourney,full_synthetic,midjourney,train,454c2c9ed8750d25,jpeg90
1,wildfake_midjourney,full_synthetic,midjourney,train,454c2c9ed8750d25,jpeg50
1,wildfake_midjourney,full_synthetic,midjourney,train,454c2c9ed8750d25,resize05
1,wildfake_midjourney,full_synthetic,midjourney,train,f7d7f9201b012a8e,clean
1,wildfake_midjourney,full_synthetic,midjourney,train,f7d7f9201b012a8e,blur10
1,wildfake_midjourney,full_synthetic,midjourney,train,f7d7f9201b012a8e,noise002
1,wildfake_midjourney,full_synthetic,midjourney,train,f7d7f9201b012a8e,noise01
1,wildfake_midjourney,full_synthetic,midjourney,train,1f83c8ccd83f6dc9,clean
1,wildfake_midjourney,full_synthetic,midjourney,train,1f83c8ccd83f6dc9,blur10
1,wildfake_midjourney,full_synthetic,midjourney,train,1f83c8ccd83f6dc9,noise002
1,wildfake_midjourney,full_synthetic,midjourney,train,1f83c8ccd83f6dc9,noise01
1,wildfake_midjourney,full_synthetic,midjourney,train,c600e4c9a52c3b00,clean
1,wildfake_midjourney,full_synthetic,midjourney,train,c600e4c9a52c3b00,jpeg50
1,wildfake_midjourney,full_synthetic,midjourney,train,c600e4c9a52c3b00,resize025
1,wildfake_midjourney,full_synthetic,midjourney,train,c600e4c9a52c3b00,noise005
1,wildfake_midjourney,full_synthetic,midjourney,train,517b2fb111865dea,clean
1,wildfake_midjourney,full_synthetic,midjourney,train,517b2fb111865dea,jpeg70
1,wildfake_midjourney,full_synthetic,midjourney,train,517b2fb111865dea,blur10
1,wildfake_midjourney,full_synthetic,midjourney,train,517b2fb111865dea,crop08
1,wildfake_midjourney,full_synthetic,midjourney,train,f7db2ef40cac2931,clean
1,wildfake_midjourney,full_synthetic,midjourney,train,f7db2ef40cac2931,jpeg70
1,wildfake_midjourney,full_synthetic,midjourney,train,f7db2ef40cac2931,blur05
1,wildfake_midjourney,full_synthetic,midjourney,train,f7db2ef40cac2931,blur20
1,wildfake_midjourney,full_synthetic,midjourney,train,f0c2d83be956507a,clean
1,wildfake_midjourney,full_synthetic,midjourney,train,f0c2d83be956507a,jpeg90
1,wildfake_midjourney,full_synthetic,midjourney,train,f0c2d83be956507a,jpeg50
1,wildfake_midjourney,full_synthetic,midjourney,train,f0c2d83be956507a,jitter02
1,wildfake_midjourney,full_synthetic,midjourney,train,4efc18bbd4526ec8,clean
1,wildfake_midjourney,full_synthetic,midjourney,train,4efc18bbd4526ec8,jpeg30
1,wildfake_midjourney,full_synthetic,midjourney,train,4efc18bbd4526ec8,noise005
1,wildfake_midjourney,full_synthetic,midjourney,train,4efc18bbd4526ec8,jitter02
1,wildfake_midjourney,full_synthetic,midjourney,train,0a8003ab3db62ea6,clean
1,wildfake_midjourney,full_synthetic,midjourney,train,0a8003ab3db62ea6,jpeg50
1,wildfake_midjourney,full_synthetic,midjourney,train,0a8003ab3db62ea6,blur10
1,wildfake_midjourney,full_synthetic,midjourney,train,0a8003ab3db62ea6,noise01
1,wildfake_midjourney,full_synthetic,midjourney,train,e9ac0249f16ff6c9,clean
1,wildfake_midjourney,full_synthetic,midjourney,train,e9ac0249f16ff6c9,blur05
1,wildfake_midjourney,full_synthetic,midjourney,train,e9ac0249f16ff6c9,noise005
1,wildfake_midjourney,full_synthetic,midjourney,train,e9ac0249f16ff6c9,jitter02
1,wildfake_midjourney,full_synthetic,midjourney,train,15e454984de81b1b,clean
1,wildfake_midjourney,full_synthetic,midjourney,train,15e454984de81b1b,jpeg90
1,wildfake_midjourney,full_synthetic,midjourney,train,15e454984de81b1b,jitter02
1,wildfake_midjourney,full_synthetic,midjourney,train,15e454984de81b1b,crop08
1,wildfake_midjourney,full_synthetic,midjourney,train,35c4b0ebd56d8cef,clean
1,wildfake_midjourney,full_synthetic,midjourney,train,35c4b0ebd56d8cef,jpeg50
1,wildfake_midjourney,full_synthetic,midjourney,train,35c4b0ebd56d8cef,blur05
1,wildfake_midjourney,full_synthetic,midjourney,train,35c4b0ebd56d8cef,jitter02
1,wildfake_midjourney,full_synthetic,midjourney,train,f1ffddd294520e1e,clean
1,wildfake_midjourney,full_synthetic,midjourney,train,f1ffddd294520e1e,jpeg50
1,wildfake_midjourney,full_synthetic,midjourney,train,f1ffddd294520e1e,noise002
1,wildfake_midjourney,full_synthetic,midjourney,train,f1ffddd294520e1e,noise01
1,wildfake_midjourney,full_synthetic,midjourney,train,17ac1f3b2d53566e,clean
1,wildfake_midjourney,full_synthetic,midjourney,train,17ac1f3b2d53566e,jpeg90
1,wildfake_midjourney,full_synthetic,midjourney,train,17ac1f3b2d53566e,jpeg30
1,wildfake_midjourney,full_synthetic,midjourney,train,17ac1f3b2d53566e,jitter02
1,wildfake_midjourney,full_synthetic,midjourney,train,83c3985bb5788eed,clean
1,wildfake_midjourney,full_synthetic,midjourney,train,83c3985bb5788eed,blur20
1,wildfake_midjourney,full_synthetic,midjourney,train,83c3985bb5788eed,noise002
1,wildfake_midjourney,full_synthetic,midjourney,train,83c3985bb5788eed,jitter02
1,wildfake_midjourney,full_synthetic,midjourney,train,1395c40f682c54d4,clean
1,wildfake_midjourney,full_synthetic,midjourney,train,1395c40f682c54d4,jpeg30
1,wildfake_midjourney,full_synthetic,midjourney,train,1395c40f682c54d4,noise002
1,wildfake_midjourney,full_synthetic,midjourney,train,1395c40f682c54d4,noise01
1,wildfake_midjourney,full_synthetic,midjourney,train,ffc77afe157fb93a,clean
1,wildfake_midjourney,full_synthetic,midjourney,train,ffc77afe157fb93a,jpeg90
1,wildfake_midjourney,full_synthetic,midjourney,train,ffc77afe157fb93a,blur20
1,wildfake_midjourney,full_synthetic,midjourney,train,ffc77afe157fb93a,crop08
1,wildfake_midjourney,full_synthetic,midjourney,train,7667cd6cde112a62,clean
1,wildfake_midjourney,full_synthetic,midjourney,train,7667cd6cde112a62,jpeg90
1,wildfake_midjourney,full_synthetic,midjourney,train,7667cd6cde112a62,jpeg70
1,wildfake_midjourney,full_synthetic,midjourney,train,7667cd6cde112a62,noise005
1,wildfake_midjourney,full_synthetic,midjourney,train,87eb4db6462c9a98,clean
1,wildfake_midjourney,full_synthetic,midjourney,train,87eb4db6462c9a98,blur05
1,wildfake_midjourney,full_synthetic,midjourney,train,87eb4db6462c9a98,noise005
1,wildfake_midjourney,full_synthetic,midjourney,train,87eb4db6462c9a98,noise01
1,wildfake_midjourney,full_synthetic,midjourney,train,5c2e98eb86914d67,clean
1,wildfake_midjourney,full_synthetic,midjourney,train,5c2e98eb86914d67,jpeg90
1,wildfake_midjourney,full_synthetic,midjourney,train,5c2e98eb86914d67,blur10
1,wildfake_midjourney,full_synthetic,midjourney,train,5c2e98eb86914d67,jitter02
1,wildfake_midjourney,full_synthetic,midjourney,train,f5758651226a5a05,clean
1,wildfake_midjourney,full_synthetic,midjourney,train,f5758651226a5a05,jpeg70
1,wildfake_midjourney,full_synthetic,midjourney,train,f5758651226a5a05,blur05
1,wildfake_midjourney,full_synthetic,midjourney,train,f5758651226a5a05,resize025
1,wildfake_midjourney,full_synthetic,midjourney,train,ecc20ca8cf30e1c3,clean
1,wildfake_midjourney,full_synthetic,midjourney,train,ecc20ca8cf30e1c3,jpeg70
1,wildfake_midjourney,full_synthetic,midjourney,train,ecc20ca8cf30e1c3,noise002
1,wildfake_midjourney,full_synthetic,midjourney,train,ecc20ca8cf30e1c3,crop08
1,wildfake_midjourney,full_synthetic,midjourney,train,f73341862286a0dc,clean
1,wildfake_midjourney,full_synthetic,midjourney,train,f73341862286a0dc,jpeg50
1,wildfake_midjourney,full_synthetic,midjourney,train,f73341862286a0dc,resize025
1,wildfake_midjourney,full_synthetic,midjourney,train,f73341862286a0dc,crop08
1,wildfake_midjourney,full_synthetic,midjourney,train,80fe3f10b7be491d,clean
1,wildfake_midjourney,full_synthetic,midjourney,train,80fe3f10b7be491d,noise002
1,wildfake_midjourney,full_synthetic,midjourney,train,80fe3f10b7be491d,noise005
1,wildfake_midjourney,full_synthetic,midjourney,train,80fe3f10b7be491d,crop08
1,wildfake_midjourney,full_synthetic,midjourney,train,844ed4cf9d9f9d82,clean
1,wildfake_midjourney,full_synthetic,midjourney,train,844ed4cf9d9f9d82,resize05
1,wildfake_midjourney,full_synthetic,midjourney,train,844ed4cf9d9f9d82,noise002
1,wildfake_midjourney,full_synthetic,midjourney,train,844ed4cf9d9f9d82,crop08
1,wildfake_midjourney,full_synthetic,midjourney,train,34a3c1212cb93255,clean
1,wildfake_midjourney,full_synthetic,midjourney,train,34a3c1212cb93255,jpeg70
1,wildfake_midjourney,full_synthetic,midjourney,train,34a3c1212cb93255,noise005
1,wildfake_midjourney,full_synthetic,midjourney,train,34a3c1212cb93255,jitter02
1,wildfake_midjourney,full_synthetic,midjourney,train,0d1aa18fb78ec5cc,clean
1,wildfake_midjourney,full_synthetic,midjourney,train,0d1aa18fb78ec5cc,resize025
1,wildfake_midjourney,full_synthetic,midjourney,train,0d1aa18fb78ec5cc,noise002
1,wildfake_midjourney,full_synthetic,midjourney,train,0d1aa18fb78ec5cc,crop08
1,wildfake_midjourney,full_synthetic,midjourney,train,86b0bed8a14dd0cb,clean
1,wildfake_midjourney,full_synthetic,midjourney,train,86b0bed8a14dd0cb,blur10
1,wildfake_midjourney,full_synthetic,midjourney,train,86b0bed8a14dd0cb,noise005
1,wildfake_midjourney,full_synthetic,midjourney,train,86b0bed8a14dd0cb,noise01
1,wildfake_midjourney,full_synthetic,midjourney,train,64e6f4b622f83e13,clean
1,wildfake_midjourney,full_synthetic,midjourney,train,64e6f4b622f83e13,jpeg90
1,wildfake_midjourney,full_synthetic,midjourney,train,64e6f4b622f83e13,blur10
1,wildfake_midjourney,full_synthetic,midjourney,train,64e6f4b622f83e13,resize025
1,wildfake_midjourney,full_synthetic,midjourney,train,f0fb9b24ef4c3ef3,clean
1,wildfake_midjourney,full_synthetic,midjourney,train,f0fb9b24ef4c3ef3,blur10
1,wildfake_midjourney,full_synthetic,midjourney,train,f0fb9b24ef4c3ef3,resize025
1,wildfake_midjourney,full_synthetic,midjourney,train,f0fb9b24ef4c3ef3,jitter02
1,wildfake_midjourney,full_synthetic,midjourney,train,1dc52184c917f5a0,clean
1,wildfake_midjourney,full_synthetic,midjourney,train,1dc52184c917f5a0,jpeg30
1,wildfake_midjourney,full_synthetic,midjourney,train,1dc52184c917f5a0,blur05
1,wildfake_midjourney,full_synthetic,midjourney,train,1dc52184c917f5a0,resize05
1,wildfake_midjourney,full_synthetic,midjourney,train,4aa49fed041e582a,clean
1,wildfake_midjourney,full_synthetic,midjourney,train,4aa49fed041e582a,jpeg70
1,wildfake_midjourney,full_synthetic,midjourney,train,4aa49fed041e582a,blur10
1,wildfake_midjourney,full_synthetic,midjourney,train,4aa49fed041e582a,resize05
1,wildfake_midjourney,full_synthetic,midjourney,train,fef285c37efc2d36,clean
1,wildfake_midjourney,full_synthetic,midjourney,train,fef285c37efc2d36,blur10
1,wildfake_midjourney,full_synthetic,midjourney,train,fef285c37efc2d36,resize05
1,wildfake_midjourney,full_synthetic,midjourney,train,fef285c37efc2d36,noise01
1,wildfake_midjourney,full_synthetic,midjourney,train,c5cfd2360d0e1dbc,clean
1,wildfake_midjourney,full_synthetic,midjourney,train,c5cfd2360d0e1dbc,jpeg50
1,wildfake_midjourney,full_synthetic,midjourney,train,c5cfd2360d0e1dbc,blur10
1,wildfake_midjourney,full_synthetic,midjourney,train,c5cfd2360d0e1dbc,blur20
1,wildfake_midjourney,full_synthetic,midjourney,train,827891f4a8124eea,clean
1,wildfake_midjourney,full_synthetic,midjourney,train,827891f4a8124eea,jpeg70
1,wildfake_midjourney,full_synthetic,midjourney,train,827891f4a8124eea,jpeg30
1,wildfake_midjourney,full_synthetic,midjourney,train,827891f4a8124eea,crop08
1,wildfake_midjourney,full_synthetic,midjourney,train,0b59eed056ce6832,clean
1,wildfake_midjourney,full_synthetic,midjourney,train,0b59eed056ce6832,jpeg70
1,wildfake_midjourney,full_synthetic,midjourney,train,0b59eed056ce6832,jpeg30
1,wildfake_midjourney,full_synthetic,midjourney,train,0b59eed056ce6832,noise002
1,wildfake_midjourney,full_synthetic,midjourney,train,04cc4f1db6b5f8e6,clean
1,wildfake_midjourney,full_synthetic,midjourney,train,04cc4f1db6b5f8e6,jpeg70
1,wildfake_midjourney,full_synthetic,midjourney,train,04cc4f1db6b5f8e6,jpeg50
1,wildfake_midjourney,full_synthetic,midjourney,train,04cc4f1db6b5f8e6,resize025
1,wildfake_midjourney,full_synthetic,midjourney,train,db14b8b99bcf4385,clean
1,wildfake_midjourney,full_synthetic,midjourney,train,db14b8b99bcf4385,jpeg70
1,wildfake_midjourney,full_synthetic,midjourney,train,db14b8b99bcf4385,jpeg50
1,wildfake_midjourney,full_synthetic,midjourney,train,db14b8b99bcf4385,jitter02
1,wildfake_midjourney,full_synthetic,midjourney,train,a829901dfb473c54,clean
1,wildfake_midjourney,full_synthetic,midjourney,train,a829901dfb473c54,blur20
1,wildfake_midjourney,full_synthetic,midjourney,train,a829901dfb473c54,noise002
1,wildfake_midjourney,full_synthetic,midjourney,train,a829901dfb473c54,jitter02
1,wildfake_midjourney,full_synthetic,midjourney,train,5185432a0e5709f0,clean
1,wildfake_midjourney,full_synthetic,midjourney,train,5185432a0e5709f0,jpeg50
1,wildfake_midjourney,full_synthetic,midjourney,train,5185432a0e5709f0,blur20
1,wildfake_midjourney,full_synthetic,midjourney,train,5185432a0e5709f0,resize025
1,wildfake_midjourney,full_synthetic,midjourney,train,a1647ac2e0d6d3ea,clean
1,wildfake_midjourney,full_synthetic,midjourney,train,a1647ac2e0d6d3ea,jpeg50
1,wildfake_midjourney,full_synthetic,midjourney,train,a1647ac2e0d6d3ea,jpeg30
1,wildfake_midjourney,full_synthetic,midjourney,train,a1647ac2e0d6d3ea,noise005
1,wildfake_midjourney,full_synthetic,midjourney,train,84da2b83a168a31c,clean
1,wildfake_midjourney,full_synthetic,midjourney,train,84da2b83a168a31c,blur10
1,wildfake_midjourney,full_synthetic,midjourney,train,84da2b83a168a31c,noise005
1,wildfake_midjourney,full_synthetic,midjourney,train,84da2b83a168a31c,jitter02
1,wildfake_midjourney,full_synthetic,midjourney,train,7defe502f8c82abe,clean
1,wildfake_midjourney,full_synthetic,midjourney,train,7defe502f8c82abe,blur10
1,wildfake_midjourney,full_synthetic,midjourney,train,7defe502f8c82abe,noise005
1,wildfake_midjourney,full_synthetic,midjourney,train,7defe502f8c82abe,crop08
1,wildfake_midjourney,full_synthetic,midjourney,train,ebe4a8a1197ff69c,clean
1,wildfake_midjourney,full_synthetic,midjourney,train,ebe4a8a1197ff69c,jpeg70
1,wildfake_midjourney,full_synthetic,midjourney,train,ebe4a8a1197ff69c,blur05
1,wildfake_midjourney,full_synthetic,midjourney,train,ebe4a8a1197ff69c,noise005
1,wildfake_midjourney,full_synthetic,midjourney,train,014003e8ae4c3d94,clean
1,wildfake_midjourney,full_synthetic,midjourney,train,014003e8ae4c3d94,jpeg30
1,wildfake_midjourney,full_synthetic,midjourney,train,014003e8ae4c3d94,noise002
1,wildfake_midjourney,full_synthetic,midjourney,train,014003e8ae4c3d94,crop08
1,wildfake_midjourney,full_synthetic,midjourney,train,925e4c26ac02d970,clean
1,wildfake_midjourney,full_synthetic,midjourney,train,925e4c26ac02d970,jpeg90
1,wildfake_midjourney,full_synthetic,midjourney,train,925e4c26ac02d970,noise005
1,wildfake_midjourney,full_synthetic,midjourney,train,925e4c26ac02d970,crop08
1,wildfake_midjourney,full_synthetic,midjourney,train,db052687cf2f0f68,clean
1,wildfake_midjourney,full_synthetic,midjourney,train,db052687cf2f0f68,jpeg30
1,wildfake_midjourney,full_synthetic,midjourney,train,db052687cf2f0f68,blur20
1,wildfake_midjourney,full_synthetic,midjourney,train,db052687cf2f0f68,noise01
1,wildfake_midjourney,full_synthetic,midjourney,train,66c98be72c165765,clean
1,wildfake_midjourney,full_synthetic,midjourney,train,66c98be72c165765,jpeg50
1,wildfake_midjourney,full_synthetic,midjourney,train,66c98be72c165765,blur05
1,wildfake_midjourney,full_synthetic,midjourney,train,66c98be72c165765,crop08
1,wildfake_midjourney,full_synthetic,midjourney,train,5e1a762660bfe823,clean
1,wildfake_midjourney,full_synthetic,midjourney,train,5e1a762660bfe823,jpeg70
1,wildfake_midjourney,full_synthetic,midjourney,train,5e1a762660bfe823,noise002
1,wildfake_midjourney,full_synthetic,midjourney,train,5e1a762660bfe823,noise01
1,wildfake_midjourney,full_synthetic,midjourney,train,35fa27eae6cf79fd,clean
1,wildfake_midjourney,full_synthetic,midjourney,train,35fa27eae6cf79fd,jpeg90
1,wildfake_midjourney,full_synthetic,midjourney,train,35fa27eae6cf79fd,blur10
1,wildfake_midjourney,full_synthetic,midjourney,train,35fa27eae6cf79fd,resize025
1,wildfake_midjourney,full_synthetic,midjourney,train,b64f3daac2b9c084,clean
1,wildfake_midjourney,full_synthetic,midjourney,train,b64f3daac2b9c084,noise005
1,wildfake_midjourney,full_synthetic,midjourney,train,b64f3daac2b9c084,jitter02
1,wildfake_midjourney,full_synthetic,midjourney,train,b64f3daac2b9c084,crop08
1,wildfake_midjourney,full_synthetic,midjourney,train,85e036899236f48c,clean
1,wildfake_midjourney,full_synthetic,midjourney,train,85e036899236f48c,jpeg30
1,wildfake_midjourney,full_synthetic,midjourney,train,85e036899236f48c,resize025
1,wildfake_midjourney,full_synthetic,midjourney,train,85e036899236f48c,noise01
1,wildfake_midjourney,full_synthetic,midjourney,train,2e4be9495d8be561,clean
1,wildfake_midjourney,full_synthetic,midjourney,train,2e4be9495d8be561,blur05
1,wildfake_midjourney,full_synthetic,midjourney,train,2e4be9495d8be561,noise002
1,wildfake_midjourney,full_synthetic,midjourney,train,2e4be9495d8be561,noise01
1,wildfake_midjourney,full_synthetic,midjourney,train,15f5379bad3b7cfe,clean
1,wildfake_midjourney,full_synthetic,midjourney,train,15f5379bad3b7cfe,blur20
1,wildfake_midjourney,full_synthetic,midjourney,train,15f5379bad3b7cfe,jitter02
1,wildfake_midjourney,full_synthetic,midjourney,train,15f5379bad3b7cfe,crop08
1,wildfake_midjourney,full_synthetic,midjourney,train,5e8432ad8a0eb741,clean
1,wildfake_midjourney,full_synthetic,midjourney,train,5e8432ad8a0eb741,jpeg70
1,wildfake_midjourney,full_synthetic,midjourney,train,5e8432ad8a0eb741,blur05
1,wildfake_midjourney,full_synthetic,midjourney,train,5e8432ad8a0eb741,noise005
1,wildfake_midjourney,full_synthetic,midjourney,train,b94a696ccc6395d5,clean
1,wildfake_midjourney,full_synthetic,midjourney,train,b94a696ccc6395d5,jpeg70
1,wildfake_midjourney,full_synthetic,midjourney,train,b94a696ccc6395d5,blur10
1,wildfake_midjourney,full_synthetic,midjourney,train,b94a696ccc6395d5,resize05
1,wildfake_midjourney,full_synthetic,midjourney,train,2cb01e70b426f3dd,clean
1,wildfake_midjourney,full_synthetic,midjourney,train,2cb01e70b426f3dd,jpeg30
1,wildfake_midjourney,full_synthetic,midjourney,train,2cb01e70b426f3dd,blur10
1,wildfake_midjourney,full_synthetic,midjourney,train,2cb01e70b426f3dd,resize025
1,wildfake_midjourney,full_synthetic,midjourney,train,bda566ccc82d0d12,clean
1,wildfake_midjourney,full_synthetic,midjourney,train,bda566ccc82d0d12,jpeg90
1,wildfake_midjourney,full_synthetic,midjourney,train,bda566ccc82d0d12,blur20
1,wildfake_midjourney,full_synthetic,midjourney,train,bda566ccc82d0d12,noise005
1,wildfake_midjourney,full_synthetic,midjourney,train,9dfd1ab232304b36,clean
1,wildfake_midjourney,full_synthetic,midjourney,train,9dfd1ab232304b36,jpeg50
1,wildfake_midjourney,full_synthetic,midjourney,train,9dfd1ab232304b36,blur10
1,wildfake_midjourney,full_synthetic,midjourney,train,9dfd1ab232304b36,noise002
1,wildfake_midjourney,full_synthetic,midjourney,train,c568b0e1699abec0,clean
1,wildfake_midjourney,full_synthetic,midjourney,train,c568b0e1699abec0,jpeg70
1,wildfake_midjourney,full_synthetic,midjourney,train,c568b0e1699abec0,resize025
1,wildfake_midjourney,full_synthetic,midjourney,train,c568b0e1699abec0,noise002
1,wildfake_midjourney,full_synthetic,midjourney,train,7c814f576b545681,clean
1,wildfake_midjourney,full_synthetic,midjourney,train,7c814f576b545681,jpeg30
1,wildfake_midjourney,full_synthetic,midjourney,train,7c814f576b545681,blur10
1,wildfake_midjourney,full_synthetic,midjourney,train,7c814f576b545681,noise002
1,wildfake_midjourney,full_synthetic,midjourney,train,f3a799af17a40cd0,clean
1,wildfake_midjourney,full_synthetic,midjourney,train,f3a799af17a40cd0,noise005
1,wildfake_midjourney,full_synthetic,midjourney,train,f3a799af17a40cd0,noise01
1,wildfake_midjourney,full_synthetic,midjourney,train,f3a799af17a40cd0,crop08
1,wildfake_midjourney,full_synthetic,midjourney,train,273e1a49cf6f41ea,clean
1,wildfake_midjourney,full_synthetic,midjourney,train,273e1a49cf6f41ea,blur20
1,wildfake_midjourney,full_synthetic,midjourney,train,273e1a49cf6f41ea,noise005
1,wildfake_midjourney,full_synthetic,midjourney,train,273e1a49cf6f41ea,crop08
1,wildfake_midjourney,full_synthetic,midjourney,train,e5c0f174d1653082,clean
1,wildfake_midjourney,full_synthetic,midjourney,train,e5c0f174d1653082,jpeg70
1,wildfake_midjourney,full_synthetic,midjourney,train,e5c0f174d1653082,jpeg50
1,wildfake_midjourney,full_synthetic,midjourney,train,e5c0f174d1653082,jpeg30
1,wildfake_midjourney,full_synthetic,midjourney,train,81e47affaebc10e1,clean
1,wildfake_midjourney,full_synthetic,midjourney,train,81e47affaebc10e1,jpeg70
1,wildfake_midjourney,full_synthetic,midjourney,train,81e47affaebc10e1,jpeg50
1,wildfake_midjourney,full_synthetic,midjourney,train,81e47affaebc10e1,blur05
1,wildfake_midjourney,full_synthetic,midjourney,train,c301dacc6c503e43,clean
1,wildfake_midjourney,full_synthetic,midjourney,train,c301dacc6c503e43,resize025
1,wildfake_midjourney,full_synthetic,midjourney,train,c301dacc6c503e43,noise002
1,wildfake_midjourney,full_synthetic,midjourney,train,c301dacc6c503e43,jitter02
1,wildfake_midjourney,full_synthetic,midjourney,train,8dd60c4edafc81d8,clean
1,wildfake_midjourney,full_synthetic,midjourney,train,8dd60c4edafc81d8,blur05
1,wildfake_midjourney,full_synthetic,midjourney,train,8dd60c4edafc81d8,resize05
1,wildfake_midjourney,full_synthetic,midjourney,train,8dd60c4edafc81d8,jitter02
1,wildfake_midjourney,full_synthetic,midjourney,train,e0d9ad63c1cd513e,clean
1,wildfake_midjourney,full_synthetic,midjourney,train,e0d9ad63c1cd513e,resize05
1,wildfake_midjourney,full_synthetic,midjourney,train,e0d9ad63c1cd513e,resize025
1,wildfake_midjourney,full_synthetic,midjourney,train,e0d9ad63c1cd513e,jitter02
1,wildfake_midjourney,full_synthetic,midjourney,train,8919843a989c05e1,clean
1,wildfake_midjourney,full_synthetic,midjourney,train,8919843a989c05e1,jpeg90
1,wildfake_midjourney,full_synthetic,midjourney,train,8919843a989c05e1,blur05
1,wildfake_midjourney,full_synthetic,midjourney,train,8919843a989c05e1,noise005
1,wildfake_midjourney,full_synthetic,midjourney,train,db52418a42aa8fec,clean
1,wildfake_midjourney,full_synthetic,midjourney,train,db52418a42aa8fec,jpeg90
1,wildfake_midjourney,full_synthetic,midjourney,train,db52418a42aa8fec,blur20
1,wildfake_midjourney,full_synthetic,midjourney,train,db52418a42aa8fec,resize025
1,wildfake_midjourney,full_synthetic,midjourney,train,25a413bf5cdf8580,clean
1,wildfake_midjourney,full_synthetic,midjourney,train,25a413bf5cdf8580,jpeg70
1,wildfake_midjourney,full_synthetic,midjourney,train,25a413bf5cdf8580,jitter02
1,wildfake_midjourney,full_synthetic,midjourney,train,25a413bf5cdf8580,crop08
1,wildfake_midjourney,full_synthetic,midjourney,train,27b9a517e815259b,clean
1,wildfake_midjourney,full_synthetic,midjourney,train,27b9a517e815259b,blur05
1,wildfake_midjourney,full_synthetic,midjourney,train,27b9a517e815259b,blur20
1,wildfake_midjourney,full_synthetic,midjourney,train,27b9a517e815259b,noise01
1,wildfake_midjourney,full_synthetic,midjourney,train,7cbaa0b6f646786f,clean
1,wildfake_midjourney,full_synthetic,midjourney,train,7cbaa0b6f646786f,resize05
1,wildfake_midjourney,full_synthetic,midjourney,train,7cbaa0b6f646786f,noise002
1,wildfake_midjourney,full_synthetic,midjourney,train,7cbaa0b6f646786f,jitter02
1,wildfake_midjourney,full_synthetic,midjourney,train,3ba354145350433c,clean
1,wildfake_midjourney,full_synthetic,midjourney,train,3ba354145350433c,blur10
1,wildfake_midjourney,full_synthetic,midjourney,train,3ba354145350433c,resize05
1,wildfake_midjourney,full_synthetic,midjourney,train,3ba354145350433c,resize025
1,wildfake_midjourney,full_synthetic,midjourney,train,74682230434aa589,clean
1,wildfake_midjourney,full_synthetic,midjourney,train,74682230434aa589,jpeg70
1,wildfake_midjourney,full_synthetic,midjourney,train,74682230434aa589,noise005
1,wildfake_midjourney,full_synthetic,midjourney,train,74682230434aa589,jitter02
1,wildfake_midjourney,full_synthetic,midjourney,train,70c2e9ef6c4dd70a,clean
1,wildfake_midjourney,full_synthetic,midjourney,train,70c2e9ef6c4dd70a,blur10
1,wildfake_midjourney,full_synthetic,midjourney,train,70c2e9ef6c4dd70a,resize025
1,wildfake_midjourney,full_synthetic,midjourney,train,70c2e9ef6c4dd70a,crop08
1,wildfake_midjourney,full_synthetic,midjourney,train,2d3173be95b73e8b,clean
1,wildfake_midjourney,full_synthetic,midjourney,train,2d3173be95b73e8b,jpeg90
1,wildfake_midjourney,full_synthetic,midjourney,train,2d3173be95b73e8b,jpeg30
1,wildfake_midjourney,full_synthetic,midjourney,train,2d3173be95b73e8b,blur10
1,wildfake_midjourney,full_synthetic,midjourney,train,e6d120903dd91097,clean
1,wildfake_midjourney,full_synthetic,midjourney,train,e6d120903dd91097,noise005
1,wildfake_midjourney,full_synthetic,midjourney,train,e6d120903dd91097,noise01
1,wildfake_midjourney,full_synthetic,midjourney,train,e6d120903dd91097,jitter02
1,wildfake_midjourney,full_synthetic,midjourney,train,828b61f25dbe6117,clean
1,wildfake_midjourney,full_synthetic,midjourney,train,828b61f25dbe6117,resize05
1,wildfake_midjourney,full_synthetic,midjourney,train,828b61f25dbe6117,resize025
1,wildfake_midjourney,full_synthetic,midjourney,train,828b61f25dbe6117,jitter02
1,wildfake_midjourney,full_synthetic,midjourney,train,ee4304d6a0f2008a,clean
1,wildfake_midjourney,full_synthetic,midjourney,train,ee4304d6a0f2008a,blur20
1,wildfake_midjourney,full_synthetic,midjourney,train,ee4304d6a0f2008a,resize025
1,wildfake_midjourney,full_synthetic,midjourney,train,ee4304d6a0f2008a,noise002
1,wildfake_midjourney,full_synthetic,midjourney,train,e05dc938ebf7ede0,clean
1,wildfake_midjourney,full_synthetic,midjourney,train,e05dc938ebf7ede0,jpeg90
1,wildfake_midjourney,full_synthetic,midjourney,train,e05dc938ebf7ede0,blur10
1,wildfake_midjourney,full_synthetic,midjourney,train,e05dc938ebf7ede0,noise005
1,wildfake_midjourney,full_synthetic,midjourney,train,1f2666ce61a4edb5,clean
1,wildfake_midjourney,full_synthetic,midjourney,train,1f2666ce61a4edb5,jpeg70
1,wildfake_midjourney,full_synthetic,midjourney,train,1f2666ce61a4edb5,blur10
1,wildfake_midjourney,full_synthetic,midjourney,train,1f2666ce61a4edb5,noise005
1,wildfake_midjourney,full_synthetic,midjourney,train,c4ca842376685167,clean
1,wildfake_midjourney,full_synthetic,midjourney,train,c4ca842376685167,jpeg30
1,wildfake_midjourney,full_synthetic,midjourney,train,c4ca842376685167,blur10
1,wildfake_midjourney,full_synthetic,midjourney,train,c4ca842376685167,noise002
1,wildfake_midjourney,full_synthetic,midjourney,train,ec6cd01b8fe2cf9f,clean
1,wildfake_midjourney,full_synthetic,midjourney,train,ec6cd01b8fe2cf9f,jpeg70
1,wildfake_midjourney,full_synthetic,midjourney,train,ec6cd01b8fe2cf9f,jpeg50
1,wildfake_midjourney,full_synthetic,midjourney,train,ec6cd01b8fe2cf9f,noise01
1,wildfake_midjourney,full_synthetic,midjourney,train,1616731226c3ded6,clean
1,wildfake_midjourney,full_synthetic,midjourney,train,1616731226c3ded6,blur10
1,wildfake_midjourney,full_synthetic,midjourney,train,1616731226c3ded6,resize05
1,wildfake_midjourney,full_synthetic,midjourney,train,1616731226c3ded6,crop08
1,wildfake_midjourney,full_synthetic,midjourney,train,c231e961c3a0d58e,clean
1,wildfake_midjourney,full_synthetic,midjourney,train,c231e961c3a0d58e,blur05
1,wildfake_midjourney,full_synthetic,midjourney,train,c231e961c3a0d58e,noise005
1,wildfake_midjourney,full_synthetic,midjourney,train,c231e961c3a0d58e,noise01
1,wildfake_midjourney,full_synthetic,midjourney,train,2661d31b2c9d2f90,clean
1,wildfake_midjourney,full_synthetic,midjourney,train,2661d31b2c9d2f90,jpeg30
1,wildfake_midjourney,full_synthetic,midjourney,train,2661d31b2c9d2f90,blur10
1,wildfake_midjourney,full_synthetic,midjourney,train,2661d31b2c9d2f90,noise002
1,wildfake_midjourney,full_synthetic,midjourney,train,42ecaeff1ae3b98d,clean
1,wildfake_midjourney,full_synthetic,midjourney,train,42ecaeff1ae3b98d,noise005
1,wildfake_midjourney,full_synthetic,midjourney,train,42ecaeff1ae3b98d,jitter02
1,wildfake_midjourney,full_synthetic,midjourney,train,42ecaeff1ae3b98d,crop08
1,wildfake_midjourney,full_synthetic,midjourney,train,ca676f071a15285b,clean
1,wildfake_midjourney,full_synthetic,midjourney,train,ca676f071a15285b,jpeg90
1,wildfake_midjourney,full_synthetic,midjourney,train,ca676f071a15285b,resize05
1,wildfake_midjourney,full_synthetic,midjourney,train,ca676f071a15285b,noise01
1,wildfake_midjourney,full_synthetic,midjourney,train,c12d089eeda76ea2,clean
1,wildfake_midjourney,full_synthetic,midjourney,train,c12d089eeda76ea2,jpeg30
1,wildfake_midjourney,full_synthetic,midjourney,train,c12d089eeda76ea2,blur10
1,wildfake_midjourney,full_synthetic,midjourney,train,c12d089eeda76ea2,noise01
1,wildfake_midjourney,full_synthetic,midjourney,train,58e79989ea2e7a08,clean
1,wildfake_midjourney,full_synthetic,midjourney,train,58e79989ea2e7a08,jpeg30
1,wildfake_midjourney,full_synthetic,midjourney,train,58e79989ea2e7a08,resize05
1,wildfake_midjourney,full_synthetic,midjourney,train,58e79989ea2e7a08,crop08
1,wildfake_midjourney,full_synthetic,midjourney,train,2f1245b49d53e496,clean
1,wildfake_midjourney,full_synthetic,midjourney,train,2f1245b49d53e496,blur10
1,wildfake_midjourney,full_synthetic,midjourney,train,2f1245b49d53e496,jitter02
1,wildfake_midjourney,full_synthetic,midjourney,train,2f1245b49d53e496,crop08
1,wildfake_midjourney,full_synthetic,midjourney,train,d0ef6df978559d47,clean
1,wildfake_midjourney,full_synthetic,midjourney,train,d0ef6df978559d47,jpeg70
1,wildfake_midjourney,full_synthetic,midjourney,train,d0ef6df978559d47,jpeg50
1,wildfake_midjourney,full_synthetic,midjourney,train,d0ef6df978559d47,jpeg30
1,wildfake_midjourney,full_synthetic,midjourney,train,da2bcad0f027ed92,clean
1,wildfake_midjourney,full_synthetic,midjourney,train,da2bcad0f027ed92,blur05
1,wildfake_midjourney,full_synthetic,midjourney,train,da2bcad0f027ed92,blur20
1,wildfake_midjourney,full_synthetic,midjourney,train,da2bcad0f027ed92,resize05
1,wildfake_midjourney,full_synthetic,midjourney,train,9f105aee7edbd1a3,clean
1,wildfake_midjourney,full_synthetic,midjourney,train,9f105aee7edbd1a3,blur10
1,wildfake_midjourney,full_synthetic,midjourney,train,9f105aee7edbd1a3,noise005
1,wildfake_midjourney,full_synthetic,midjourney,train,9f105aee7edbd1a3,jitter02
1,wildfake_midjourney,full_synthetic,midjourney,train,b4d6673651db2eee,clean
1,wildfake_midjourney,full_synthetic,midjourney,train,b4d6673651db2eee,jpeg50
1,wildfake_midjourney,full_synthetic,midjourney,train,b4d6673651db2eee,jpeg30
1,wildfake_midjourney,full_synthetic,midjourney,train,b4d6673651db2eee,blur20
1,wildfake_midjourney,full_synthetic,midjourney,train,8ca079b7ac8e2b6c,clean
1,wildfake_midjourney,full_synthetic,midjourney,train,8ca079b7ac8e2b6c,jpeg50
1,wildfake_midjourney,full_synthetic,midjourney,train,8ca079b7ac8e2b6c,noise002
1,wildfake_midjourney,full_synthetic,midjourney,train,8ca079b7ac8e2b6c,crop08
1,wildfake_midjourney,full_synthetic,midjourney,train,720f3c9a75191f84,clean
1,wildfake_midjourney,full_synthetic,midjourney,train,720f3c9a75191f84,jpeg90
1,wildfake_midjourney,full_synthetic,midjourney,train,720f3c9a75191f84,blur20
1,wildfake_midjourney,full_synthetic,midjourney,train,720f3c9a75191f84,noise01
1,wildfake_midjourney,full_synthetic,midjourney,train,1753ffe774e6d3cb,clean
1,wildfake_midjourney,full_synthetic,midjourney,train,1753ffe774e6d3cb,blur20
1,wildfake_midjourney,full_synthetic,midjourney,train,1753ffe774e6d3cb,noise002
1,wildfake_midjourney,full_synthetic,midjourney,train,1753ffe774e6d3cb,jitter02
1,wildfake_midjourney,full_synthetic,midjourney,train,a3122111993e498b,clean
1,wildfake_midjourney,full_synthetic,midjourney,train,a3122111993e498b,resize05
1,wildfake_midjourney,full_synthetic,midjourney,train,a3122111993e498b,noise002
1,wildfake_midjourney,full_synthetic,midjourney,train,a3122111993e498b,noise01
1,wildfake_midjourney,full_synthetic,midjourney,train,9c805c5ac2201f0c,clean
1,wildfake_midjourney,full_synthetic,midjourney,train,9c805c5ac2201f0c,blur10
1,wildfake_midjourney,full_synthetic,midjourney,train,9c805c5ac2201f0c,resize05
1,wildfake_midjourney,full_synthetic,midjourney,train,9c805c5ac2201f0c,jitter02
1,wildfake_midjourney,full_synthetic,midjourney,train,951849d1a9199bad,clean
1,wildfake_midjourney,full_synthetic,midjourney,train,951849d1a9199bad,blur20
1,wildfake_midjourney,full_synthetic,midjourney,train,951849d1a9199bad,jitter02
1,wildfake_midjourney,full_synthetic,midjourney,train,951849d1a9199bad,crop08
1,wildfake_midjourney,full_synthetic,midjourney,train,134187e5cb5af702,clean
1,wildfake_midjourney,full_synthetic,midjourney,train,134187e5cb5af702,blur20
1,wildfake_midjourney,full_synthetic,midjourney,train,134187e5cb5af702,resize05
1,wildfake_midjourney,full_synthetic,midjourney,train,134187e5cb5af702,noise01
1,wildfake_midjourney,full_synthetic,midjourney,train,994722c6b45d9289,clean
1,wildfake_midjourney,full_synthetic,midjourney,train,994722c6b45d9289,jpeg90
1,wildfake_midjourney,full_synthetic,midjourney,train,994722c6b45d9289,blur05
1,wildfake_midjourney,full_synthetic,midjourney,train,994722c6b45d9289,jitter02
1,wildfake_midjourney,full_synthetic,midjourney,train,d7f9d09a56080800,clean
1,wildfake_midjourney,full_synthetic,midjourney,train,d7f9d09a56080800,jpeg70
1,wildfake_midjourney,full_synthetic,midjourney,train,d7f9d09a56080800,resize05
1,wildfake_midjourney,full_synthetic,midjourney,train,d7f9d09a56080800,jitter02
1,wildfake_midjourney,full_synthetic,midjourney,train,f82d1781bca8b56b,clean
1,wildfake_midjourney,full_synthetic,midjourney,train,f82d1781bca8b56b,jpeg50
1,wildfake_midjourney,full_synthetic,midjourney,train,f82d1781bca8b56b,jpeg30
1,wildfake_midjourney,full_synthetic,midjourney,train,f82d1781bca8b56b,noise005
1,wildfake_midjourney,full_synthetic,midjourney,train,c346cce8274caadb,clean
1,wildfake_midjourney,full_synthetic,midjourney,train,c346cce8274caadb,noise002
1,wildfake_midjourney,full_synthetic,midjourney,train,c346cce8274caadb,jitter02
1,wildfake_midjourney,full_synthetic,midjourney,train,c346cce8274caadb,crop08
1,wildfake_midjourney,full_synthetic,midjourney,train,aa8c3360aef205fb,clean
1,wildfake_midjourney,full_synthetic,midjourney,train,aa8c3360aef205fb,blur10
1,wildfake_midjourney,full_synthetic,midjourney,train,aa8c3360aef205fb,resize05
1,wildfake_midjourney,full_synthetic,midjourney,train,aa8c3360aef205fb,noise002
1,wildfake_midjourney,full_synthetic,midjourney,train,a921a6f39e4dc1f9,clean
1,wildfake_midjourney,full_synthetic,midjourney,train,a921a6f39e4dc1f9,jpeg90
1,wildfake_midjourney,full_synthetic,midjourney,train,a921a6f39e4dc1f9,jpeg70
1,wildfake_midjourney,full_synthetic,midjourney,train,a921a6f39e4dc1f9,jitter02
1,wildfake_midjourney,full_synthetic,midjourney,train,8e12cbb71eb67879,clean
1,wildfake_midjourney,full_synthetic,midjourney,train,8e12cbb71eb67879,jpeg70
1,wildfake_midjourney,full_synthetic,midjourney,train,8e12cbb71eb67879,jpeg30
1,wildfake_midjourney,full_synthetic,midjourney,train,8e12cbb71eb67879,blur10
1,wildfake_midjourney,full_synthetic,midjourney,train,e97c8d0a3bfb85d1,clean
1,wildfake_midjourney,full_synthetic,midjourney,train,e97c8d0a3bfb85d1,jpeg90
1,wildfake_midjourney,full_synthetic,midjourney,train,e97c8d0a3bfb85d1,jpeg70
1,wildfake_midjourney,full_synthetic,midjourney,train,e97c8d0a3bfb85d1,blur05
1,wildfake_midjourney,full_synthetic,midjourney,train,dce716c8c17b6bf4,clean
1,wildfake_midjourney,full_synthetic,midjourney,train,dce716c8c17b6bf4,resize05
1,wildfake_midjourney,full_synthetic,midjourney,train,dce716c8c17b6bf4,noise01
1,wildfake_midjourney,full_synthetic,midjourney,train,dce716c8c17b6bf4,crop08
1,wildfake_midjourney,full_synthetic,midjourney,train,618b0dfa29055851,clean
1,wildfake_midjourney,full_synthetic,midjourney,train,618b0dfa29055851,blur10
1,wildfake_midjourney,full_synthetic,midjourney,train,618b0dfa29055851,noise005
1,wildfake_midjourney,full_synthetic,midjourney,train,618b0dfa29055851,crop08
1,wildfake_midjourney,full_synthetic,midjourney,train,bca74dbfef04500b,clean
1,wildfake_midjourney,full_synthetic,midjourney,train,bca74dbfef04500b,noise002
1,wildfake_midjourney,full_synthetic,midjourney,train,bca74dbfef04500b,noise005
1,wildfake_midjourney,full_synthetic,midjourney,train,bca74dbfef04500b,noise01
1,wildfake_midjourney,full_synthetic,midjourney,train,6efc38997fbbc9bd,clean
1,wildfake_midjourney,full_synthetic,midjourney,train,6efc38997fbbc9bd,blur05
1,wildfake_midjourney,full_synthetic,midjourney,train,6efc38997fbbc9bd,noise005
1,wildfake_midjourney,full_synthetic,midjourney,train,6efc38997fbbc9bd,crop08
1,wildfake_midjourney,full_synthetic,midjourney,train,316a4beb318fb539,clean
1,wildfake_midjourney,full_synthetic,midjourney,train,316a4beb318fb539,resize025
1,wildfake_midjourney,full_synthetic,midjourney,train,316a4beb318fb539,noise005
1,wildfake_midjourney,full_synthetic,midjourney,train,316a4beb318fb539,crop08
1,wildfake_midjourney,full_synthetic,midjourney,train,e7c65690574ab79c,clean
1,wildfake_midjourney,full_synthetic,midjourney,train,e7c65690574ab79c,jpeg90
1,wildfake_midjourney,full_synthetic,midjourney,train,e7c65690574ab79c,resize025
1,wildfake_midjourney,full_synthetic,midjourney,train,e7c65690574ab79c,crop08
1,wildfake_midjourney,full_synthetic,midjourney,train,fe2d963a6eae8f49,clean
1,wildfake_midjourney,full_synthetic,midjourney,train,fe2d963a6eae8f49,jpeg50
1,wildfake_midjourney,full_synthetic,midjourney,train,fe2d963a6eae8f49,blur20
1,wildfake_midjourney,full_synthetic,midjourney,train,fe2d963a6eae8f49,noise002
1,wildfake_midjourney,full_synthetic,midjourney,train,ed69cf4dbbba41bc,clean
1,wildfake_midjourney,full_synthetic,midjourney,train,ed69cf4dbbba41bc,jpeg70
1,wildfake_midjourney,full_synthetic,midjourney,train,ed69cf4dbbba41bc,jpeg50
1,wildfake_midjourney,full_synthetic,midjourney,train,ed69cf4dbbba41bc,blur10
1,wildfake_midjourney,full_synthetic,midjourney,train,e908e7629811c0a0,clean
1,wildfake_midjourney,full_synthetic,midjourney,train,e908e7629811c0a0,jpeg30
1,wildfake_midjourney,full_synthetic,midjourney,train,e908e7629811c0a0,resize025
1,wildfake_midjourney,full_synthetic,midjourney,train,e908e7629811c0a0,noise01
1,wildfake_midjourney,full_synthetic,midjourney,train,cf9348cf4b0e9970,clean
1,wildfake_midjourney,full_synthetic,midjourney,train,cf9348cf4b0e9970,blur05
1,wildfake_midjourney,full_synthetic,midjourney,train,cf9348cf4b0e9970,resize025
1,wildfake_midjourney,full_synthetic,midjourney,train,cf9348cf4b0e9970,noise005
1,wildfake_midjourney,full_synthetic,midjourney,train,bf91104d63cba792,clean
1,wildfake_midjourney,full_synthetic,midjourney,train,bf91104d63cba792,jpeg90
1,wildfake_midjourney,full_synthetic,midjourney,train,bf91104d63cba792,jpeg50
1,wildfake_midjourney,full_synthetic,midjourney,train,bf91104d63cba792,jitter02
1,wildfake_midjourney,full_synthetic,midjourney,train,ac2286311c55de71,clean
1,wildfake_midjourney,full_synthetic,midjourney,train,ac2286311c55de71,jpeg70
1,wildfake_midjourney,full_synthetic,midjourney,train,ac2286311c55de71,jpeg50
1,wildfake_midjourney,full_synthetic,midjourney,train,ac2286311c55de71,blur05
1,wildfake_midjourney,full_synthetic,midjourney,train,408171cd3be989ce,clean
1,wildfake_midjourney,full_synthetic,midjourney,train,408171cd3be989ce,blur20
1,wildfake_midjourney,full_synthetic,midjourney,train,408171cd3be989ce,resize05
1,wildfake_midjourney,full_synthetic,midjourney,train,408171cd3be989ce,noise01
1,wildfake_midjourney,full_synthetic,midjourney,train,cef4deea7f0e855d,clean
1,wildfake_midjourney,full_synthetic,midjourney,train,cef4deea7f0e855d,jpeg70
1,wildfake_midjourney,full_synthetic,midjourney,train,cef4deea7f0e855d,blur20
1,wildfake_midjourney,full_synthetic,midjourney,train,cef4deea7f0e855d,noise002
1,wildfake_midjourney,full_synthetic,midjourney,train,81a1cd2b3bb82e40,clean
1,wildfake_midjourney,full_synthetic,midjourney,train,81a1cd2b3bb82e40,jpeg90
1,wildfake_midjourney,full_synthetic,midjourney,train,81a1cd2b3bb82e40,blur05
1,wildfake_midjourney,full_synthetic,midjourney,train,81a1cd2b3bb82e40,noise002
1,wildfake_midjourney,full_synthetic,midjourney,train,899a0cb0b4cd67ff,clean
1,wildfake_midjourney,full_synthetic,midjourney,train,899a0cb0b4cd67ff,jpeg90
1,wildfake_midjourney,full_synthetic,midjourney,train,899a0cb0b4cd67ff,blur20
1,wildfake_midjourney,full_synthetic,midjourney,train,899a0cb0b4cd67ff,crop08
1,wildfake_midjourney,full_synthetic,midjourney,train,58d3150e42f69843,clean
1,wildfake_midjourney,full_synthetic,midjourney,train,58d3150e42f69843,blur20
1,wildfake_midjourney,full_synthetic,midjourney,train,58d3150e42f69843,resize05
1,wildfake_midjourney,full_synthetic,midjourney,train,58d3150e42f69843,noise002
1,wildfake_midjourney,full_synthetic,midjourney,train,7677530e77229d9a,clean
1,wildfake_midjourney,full_synthetic,midjourney,train,7677530e77229d9a,jpeg70
1,wildfake_midjourney,full_synthetic,midjourney,train,7677530e77229d9a,resize05
1,wildfake_midjourney,full_synthetic,midjourney,train,7677530e77229d9a,noise01
1,wildfake_midjourney,full_synthetic,midjourney,train,63ff086f4fe7c9d4,clean
1,wildfake_midjourney,full_synthetic,midjourney,train,63ff086f4fe7c9d4,blur20
1,wildfake_midjourney,full_synthetic,midjourney,train,63ff086f4fe7c9d4,resize025
1,wildfake_midjourney,full_synthetic,midjourney,train,63ff086f4fe7c9d4,noise005
1,wildfake_midjourney,full_synthetic,midjourney,train,7b2e2e708f62fb4d,clean
1,wildfake_midjourney,full_synthetic,midjourney,train,7b2e2e708f62fb4d,jpeg90
1,wildfake_midjourney,full_synthetic,midjourney,train,7b2e2e708f62fb4d,blur05
1,wildfake_midjourney,full_synthetic,midjourney,train,7b2e2e708f62fb4d,blur10
1,wildfake_midjourney,full_synthetic,midjourney,train,7134748c7c50c4b2,clean
1,wildfake_midjourney,full_synthetic,midjourney,train,7134748c7c50c4b2,blur05
1,wildfake_midjourney,full_synthetic,midjourney,train,7134748c7c50c4b2,blur20
1,wildfake_midjourney,full_synthetic,midjourney,train,7134748c7c50c4b2,crop08
1,wildfake_midjourney,full_synthetic,midjourney,train,716df06768ab1b02,clean
1,wildfake_midjourney,full_synthetic,midjourney,train,716df06768ab1b02,jpeg90
1,wildfake_midjourney,full_synthetic,midjourney,train,716df06768ab1b02,blur20
1,wildfake_midjourney,full_synthetic,midjourney,train,716df06768ab1b02,noise01
1,wildfake_midjourney,full_synthetic,midjourney,train,ecb62ed191436cc2,clean
1,wildfake_midjourney,full_synthetic,midjourney,train,ecb62ed191436cc2,blur20
1,wildfake_midjourney,full_synthetic,midjourney,train,ecb62ed191436cc2,resize05
1,wildfake_midjourney,full_synthetic,midjourney,train,ecb62ed191436cc2,resize025
1,wildfake_midjourney,full_synthetic,midjourney,train,4a2d5b6440fed086,clean
1,wildfake_midjourney,full_synthetic,midjourney,train,4a2d5b6440fed086,jpeg90
1,wildfake_midjourney,full_synthetic,midjourney,train,4a2d5b6440fed086,jpeg50
1,wildfake_midjourney,full_synthetic,midjourney,train,4a2d5b6440fed086,noise01
1,wildfake_midjourney,full_synthetic,midjourney,train,3d0e35c6130b8926,clean
1,wildfake_midjourney,full_synthetic,midjourney,train,3d0e35c6130b8926,jpeg30
1,wildfake_midjourney,full_synthetic,midjourney,train,3d0e35c6130b8926,resize025
1,wildfake_midjourney,full_synthetic,midjourney,train,3d0e35c6130b8926,jitter02
1,wildfake_midjourney,full_synthetic,midjourney,train,8596730172e93176,clean
1,wildfake_midjourney,full_synthetic,midjourney,train,8596730172e93176,jpeg90
1,wildfake_midjourney,full_synthetic,midjourney,train,8596730172e93176,jpeg50
1,wildfake_midjourney,full_synthetic,midjourney,train,8596730172e93176,blur10
1,wildfake_midjourney,full_synthetic,midjourney,train,8c660f6415dc7bed,clean
1,wildfake_midjourney,full_synthetic,midjourney,train,8c660f6415dc7bed,jpeg90
1,wildfake_midjourney,full_synthetic,midjourney,train,8c660f6415dc7bed,jpeg50
1,wildfake_midjourney,full_synthetic,midjourney,train,8c660f6415dc7bed,jitter02
1,wildfake_midjourney,full_synthetic,midjourney,train,827bb7311e5b8c39,clean
1,wildfake_midjourney,full_synthetic,midjourney,train,827bb7311e5b8c39,jpeg50
1,wildfake_midjourney,full_synthetic,midjourney,train,827bb7311e5b8c39,blur05
1,wildfake_midjourney,full_synthetic,midjourney,train,827bb7311e5b8c39,noise002
1,wildfake_midjourney,full_synthetic,midjourney,train,92288498531c74c2,clean
1,wildfake_midjourney,full_synthetic,midjourney,train,92288498531c74c2,blur20
1,wildfake_midjourney,full_synthetic,midjourney,train,92288498531c74c2,resize025
1,wildfake_midjourney,full_synthetic,midjourney,train,92288498531c74c2,noise002
1,wildfake_midjourney,full_synthetic,midjourney,train,b34dfd4dac1d9d4a,clean
1,wildfake_midjourney,full_synthetic,midjourney,train,b34dfd4dac1d9d4a,jpeg50
1,wildfake_midjourney,full_synthetic,midjourney,train,b34dfd4dac1d9d4a,noise01
1,wildfake_midjourney,full_synthetic,midjourney,train,b34dfd4dac1d9d4a,jitter02
1,wildfake_midjourney,full_synthetic,midjourney,train,5b263a70c3411d37,clean
1,wildfake_midjourney,full_synthetic,midjourney,train,5b263a70c3411d37,jpeg50
1,wildfake_midjourney,full_synthetic,midjourney,train,5b263a70c3411d37,noise01
1,wildfake_midjourney,full_synthetic,midjourney,train,5b263a70c3411d37,jitter02
1,wildfake_midjourney,full_synthetic,midjourney,train,8607ce3a4ded1a4d,clean
1,wildfake_midjourney,full_synthetic,midjourney,train,8607ce3a4ded1a4d,jpeg30
1,wildfake_midjourney,full_synthetic,midjourney,train,8607ce3a4ded1a4d,blur05
1,wildfake_midjourney,full_synthetic,midjourney,train,8607ce3a4ded1a4d,resize025
1,wildfake_midjourney,full_synthetic,midjourney,train,27d1e70d3053a32a,clean
1,wildfake_midjourney,full_synthetic,midjourney,train,27d1e70d3053a32a,jpeg30
1,wildfake_midjourney,full_synthetic,midjourney,train,27d1e70d3053a32a,resize025
1,wildfake_midjourney,full_synthetic,midjourney,train,27d1e70d3053a32a,noise005
1,wildfake_midjourney,full_synthetic,midjourney,train,359c141a02bdcf0b,clean
1,wildfake_midjourney,full_synthetic,midjourney,train,359c141a02bdcf0b,jpeg90
1,wildfake_midjourney,full_synthetic,midjourney,train,359c141a02bdcf0b,blur05
1,wildfake_midjourney,full_synthetic,midjourney,train,359c141a02bdcf0b,blur10
1,wildfake_midjourney,full_synthetic,midjourney,train,19da558b5981364d,clean
1,wildfake_midjourney,full_synthetic,midjourney,train,19da558b5981364d,blur05
1,wildfake_midjourney,full_synthetic,midjourney,train,19da558b5981364d,blur10
1,wildfake_midjourney,full_synthetic,midjourney,train,19da558b5981364d,crop08
1,wildfake_midjourney,full_synthetic,midjourney,train,7effbe96a33037b9,clean
1,wildfake_midjourney,full_synthetic,midjourney,train,7effbe96a33037b9,jpeg70
1,wildfake_midjourney,full_synthetic,midjourney,train,7effbe96a33037b9,blur10
1,wildfake_midjourney,full_synthetic,midjourney,train,7effbe96a33037b9,resize05
1,wildfake_midjourney,full_synthetic,midjourney,train,32e62ae72e8e9490,clean
1,wildfake_midjourney,full_synthetic,midjourney,train,32e62ae72e8e9490,jpeg50
1,wildfake_midjourney,full_synthetic,midjourney,train,32e62ae72e8e9490,blur10
1,wildfake_midjourney,full_synthetic,midjourney,train,32e62ae72e8e9490,noise01
1,wildfake_midjourney,full_synthetic,midjourney,train,bcb9cd649fea5708,clean
1,wildfake_midjourney,full_synthetic,midjourney,train,bcb9cd649fea5708,jpeg70
1,wildfake_midjourney,full_synthetic,midjourney,train,bcb9cd649fea5708,jpeg50
1,wildfake_midjourney,full_synthetic,midjourney,train,bcb9cd649fea5708,blur10
1,wildfake_midjourney,full_synthetic,midjourney,train,4d9bbd4fe2fcbc5d,clean
1,wildfake_midjourney,full_synthetic,midjourney,train,4d9bbd4fe2fcbc5d,jpeg70
1,wildfake_midjourney,full_synthetic,midjourney,train,4d9bbd4fe2fcbc5d,jpeg30
1,wildfake_midjourney,full_synthetic,midjourney,train,4d9bbd4fe2fcbc5d,noise01
1,wildfake_midjourney,full_synthetic,midjourney,train,23f619b03f2bd0e6,clean
1,wildfake_midjourney,full_synthetic,midjourney,train,23f619b03f2bd0e6,jpeg90
1,wildfake_midjourney,full_synthetic,midjourney,train,23f619b03f2bd0e6,jpeg50
1,wildfake_midjourney,full_synthetic,midjourney,train,23f619b03f2bd0e6,blur20
1,wildfake_midjourney,full_synthetic,midjourney,train,34870f3af174b2a9,clean
1,wildfake_midjourney,full_synthetic,midjourney,train,34870f3af174b2a9,blur10
1,wildfake_midjourney,full_synthetic,midjourney,train,34870f3af174b2a9,noise002
1,wildfake_midjourney,full_synthetic,midjourney,train,34870f3af174b2a9,noise005
1,wildfake_midjourney,full_synthetic,midjourney,train,198193a0002b5972,clean
1,wildfake_midjourney,full_synthetic,midjourney,train,198193a0002b5972,blur10
1,wildfake_midjourney,full_synthetic,midjourney,train,198193a0002b5972,resize05
1,wildfake_midjourney,full_synthetic,midjourney,train,198193a0002b5972,jitter02
1,wildfake_midjourney,full_synthetic,midjourney,train,6c28544090fd7ac1,clean
1,wildfake_midjourney,full_synthetic,midjourney,train,6c28544090fd7ac1,jpeg50
1,wildfake_midjourney,full_synthetic,midjourney,train,6c28544090fd7ac1,blur05
1,wildfake_midjourney,full_synthetic,midjourney,train,6c28544090fd7ac1,blur10
1,wildfake_midjourney,full_synthetic,midjourney,train,bcb36e95c8cabd2a,clean
1,wildfake_midjourney,full_synthetic,midjourney,train,bcb36e95c8cabd2a,jpeg30
1,wildfake_midjourney,full_synthetic,midjourney,train,bcb36e95c8cabd2a,noise002
1,wildfake_midjourney,full_synthetic,midjourney,train,bcb36e95c8cabd2a,noise01
1,wildfake_midjourney,full_synthetic,midjourney,train,bb55476d87f31a5b,clean
1,wildfake_midjourney,full_synthetic,midjourney,train,bb55476d87f31a5b,blur10
1,wildfake_midjourney,full_synthetic,midjourney,train,bb55476d87f31a5b,noise005
1,wildfake_midjourney,full_synthetic,midjourney,train,bb55476d87f31a5b,crop08
1,wildfake_midjourney,full_synthetic,midjourney,train,5b8d4c90834250b6,clean
1,wildfake_midjourney,full_synthetic,midjourney,train,5b8d4c90834250b6,jpeg90
1,wildfake_midjourney,full_synthetic,midjourney,train,5b8d4c90834250b6,jpeg70
1,wildfake_midjourney,full_synthetic,midjourney,train,5b8d4c90834250b6,crop08
1,wildfake_midjourney,full_synthetic,midjourney,train,d65e0f8cd9433f1a,clean
1,wildfake_midjourney,full_synthetic,midjourney,train,d65e0f8cd9433f1a,jpeg50
1,wildfake_midjourney,full_synthetic,midjourney,train,d65e0f8cd9433f1a,noise005
1,wildfake_midjourney,full_synthetic,midjourney,train,d65e0f8cd9433f1a,jitter02
1,wildfake_midjourney,full_synthetic,midjourney,train,5ab94b06c0289b3d,clean
1,wildfake_midjourney,full_synthetic,midjourney,train,5ab94b06c0289b3d,blur05
1,wildfake_midjourney,full_synthetic,midjourney,train,5ab94b06c0289b3d,noise005
1,wildfake_midjourney,full_synthetic,midjourney,train,5ab94b06c0289b3d,jitter02
1,wildfake_midjourney,full_synthetic,midjourney,train,c030f87ccec404ca,clean
1,wildfake_midjourney,full_synthetic,midjourney,train,c030f87ccec404ca,blur20
1,wildfake_midjourney,full_synthetic,midjourney,train,c030f87ccec404ca,resize025
1,wildfake_midjourney,full_synthetic,midjourney,train,c030f87ccec404ca,noise002
1,wildfake_midjourney,full_synthetic,midjourney,train,fbf4e2afb40295b7,clean
1,wildfake_midjourney,full_synthetic,midjourney,train,fbf4e2afb40295b7,jpeg90
1,wildfake_midjourney,full_synthetic,midjourney,train,fbf4e2afb40295b7,blur20
1,wildfake_midjourney,full_synthetic,midjourney,train,fbf4e2afb40295b7,resize025
1,wildfake_midjourney,full_synthetic,midjourney,train,195f857c451f01f3,clean
1,wildfake_midjourney,full_synthetic,midjourney,train,195f857c451f01f3,jpeg30
1,wildfake_midjourney,full_synthetic,midjourney,train,195f857c451f01f3,jitter02
1,wildfake_midjourney,full_synthetic,midjourney,train,195f857c451f01f3,crop08
1,wildfake_midjourney,full_synthetic,midjourney,train,e58586f75399459b,clean
1,wildfake_midjourney,full_synthetic,midjourney,train,e58586f75399459b,jpeg50
1,wildfake_midjourney,full_synthetic,midjourney,train,e58586f75399459b,jpeg30
1,wildfake_midjourney,full_synthetic,midjourney,train,e58586f75399459b,noise005
1,wildfake_midjourney,full_synthetic,midjourney,train,e71bf9c51ab41b02,clean
1,wildfake_midjourney,full_synthetic,midjourney,train,e71bf9c51ab41b02,jpeg90
1,wildfake_midjourney,full_synthetic,midjourney,train,e71bf9c51ab41b02,jpeg70
1,wildfake_midjourney,full_synthetic,midjourney,train,e71bf9c51ab41b02,jpeg30
1,wildfake_midjourney,full_synthetic,midjourney,train,6ebfd90bc4185be3,clean
1,wildfake_midjourney,full_synthetic,midjourney,train,6ebfd90bc4185be3,jpeg70
1,wildfake_midjourney,full_synthetic,midjourney,train,6ebfd90bc4185be3,noise01
1,wildfake_midjourney,full_synthetic,midjourney,train,6ebfd90bc4185be3,crop08
1,wildfake_midjourney,full_synthetic,midjourney,train,e61be26713454fe3,clean
1,wildfake_midjourney,full_synthetic,midjourney,train,e61be26713454fe3,blur10
1,wildfake_midjourney,full_synthetic,midjourney,train,e61be26713454fe3,blur20
1,wildfake_midjourney,full_synthetic,midjourney,train,e61be26713454fe3,noise002
1,wildfake_midjourney,full_synthetic,midjourney,train,cbd2a9f2c0cf9787,clean
1,wildfake_midjourney,full_synthetic,midjourney,train,cbd2a9f2c0cf9787,jpeg30
1,wildfake_midjourney,full_synthetic,midjourney,train,cbd2a9f2c0cf9787,jitter02
1,wildfake_midjourney,full_synthetic,midjourney,train,cbd2a9f2c0cf9787,crop08
1,wildfake_midjourney,full_synthetic,midjourney,train,e1e4828997b7dc2c,clean
1,wildfake_midjourney,full_synthetic,midjourney,train,e1e4828997b7dc2c,jpeg50
1,wildfake_midjourney,full_synthetic,midjourney,train,e1e4828997b7dc2c,resize05
1,wildfake_midjourney,full_synthetic,midjourney,train,e1e4828997b7dc2c,jitter02
1,wildfake_midjourney,full_synthetic,midjourney,train,c76fa16c190eb870,clean
1,wildfake_midjourney,full_synthetic,midjourney,train,c76fa16c190eb870,blur05
1,wildfake_midjourney,full_synthetic,midjourney,train,c76fa16c190eb870,resize05
1,wildfake_midjourney,full_synthetic,midjourney,train,c76fa16c190eb870,noise002
1,wildfake_midjourney,full_synthetic,midjourney,train,61957c71913dcd9f,clean
1,wildfake_midjourney,full_synthetic,midjourney,train,61957c71913dcd9f,jpeg70
1,wildfake_midjourney,full_synthetic,midjourney,train,61957c71913dcd9f,resize025
1,wildfake_midjourney,full_synthetic,midjourney,train,61957c71913dcd9f,crop08
1,wildfake_midjourney,full_synthetic,midjourney,train,bec4160140b0a381,clean
1,wildfake_midjourney,full_synthetic,midjourney,train,bec4160140b0a381,blur05
1,wildfake_midjourney,full_synthetic,midjourney,train,bec4160140b0a381,resize05
1,wildfake_midjourney,full_synthetic,midjourney,train,bec4160140b0a381,resize025
1,wildfake_midjourney,full_synthetic,midjourney,train,00ee2e4ef9b2dba2,clean
1,wildfake_midjourney,full_synthetic,midjourney,train,00ee2e4ef9b2dba2,jpeg90
1,wildfake_midjourney,full_synthetic,midjourney,train,00ee2e4ef9b2dba2,jpeg70
1,wildfake_midjourney,full_synthetic,midjourney,train,00ee2e4ef9b2dba2,noise002
1,wildfake_midjourney,full_synthetic,midjourney,train,79075ce4a0ef30aa,clean
1,wildfake_midjourney,full_synthetic,midjourney,train,79075ce4a0ef30aa,jpeg90
1,wildfake_midjourney,full_synthetic,midjourney,train,79075ce4a0ef30aa,jpeg30
1,wildfake_midjourney,full_synthetic,midjourney,train,79075ce4a0ef30aa,blur20
1,wildfake_midjourney,full_synthetic,midjourney,train,1c9909d1cdf36d57,clean
1,wildfake_midjourney,full_synthetic,midjourney,train,1c9909d1cdf36d57,jpeg50
1,wildfake_midjourney,full_synthetic,midjourney,train,1c9909d1cdf36d57,blur20
1,wildfake_midjourney,full_synthetic,midjourney,train,1c9909d1cdf36d57,crop08
1,wildfake_midjourney,full_synthetic,midjourney,train,799363d4e6ec9f26,clean
1,wildfake_midjourney,full_synthetic,midjourney,train,799363d4e6ec9f26,jpeg90
1,wildfake_midjourney,full_synthetic,midjourney,train,799363d4e6ec9f26,jpeg50
1,wildfake_midjourney,full_synthetic,midjourney,train,799363d4e6ec9f26,resize025
1,wildfake_midjourney,full_synthetic,midjourney,train,2f94d5b7a6dd3b08,clean
1,wildfake_midjourney,full_synthetic,midjourney,train,2f94d5b7a6dd3b08,jpeg90
1,wildfake_midjourney,full_synthetic,midjourney,train,2f94d5b7a6dd3b08,resize05
1,wildfake_midjourney,full_synthetic,midjourney,train,2f94d5b7a6dd3b08,resize025
1,wildfake_midjourney,full_synthetic,midjourney,train,32437890c70c1e3a,clean
1,wildfake_midjourney,full_synthetic,midjourney,train,32437890c70c1e3a,blur10
1,wildfake_midjourney,full_synthetic,midjourney,train,32437890c70c1e3a,resize025
1,wildfake_midjourney,full_synthetic,midjourney,train,32437890c70c1e3a,noise002
1,wildfake_midjourney,full_synthetic,midjourney,train,5634cfbead0925f7,clean
1,wildfake_midjourney,full_synthetic,midjourney,train,5634cfbead0925f7,blur05
1,wildfake_midjourney,full_synthetic,midjourney,train,5634cfbead0925f7,resize025
1,wildfake_midjourney,full_synthetic,midjourney,train,5634cfbead0925f7,noise005
1,wildfake_midjourney,full_synthetic,midjourney,train,0466f271f6a39b91,clean
1,wildfake_midjourney,full_synthetic,midjourney,train,0466f271f6a39b91,jpeg90
1,wildfake_midjourney,full_synthetic,midjourney,train,0466f271f6a39b91,resize05
1,wildfake_midjourney,full_synthetic,midjourney,train,0466f271f6a39b91,resize025
1,wildfake_midjourney,full_synthetic,midjourney,train,b8c3ba3ae9ff91ab,clean
1,wildfake_midjourney,full_synthetic,midjourney,train,b8c3ba3ae9ff91ab,blur10
1,wildfake_midjourney,full_synthetic,midjourney,train,b8c3ba3ae9ff91ab,noise005
1,wildfake_midjourney,full_synthetic,midjourney,train,b8c3ba3ae9ff91ab,noise01
1,wildfake_midjourney,full_synthetic,midjourney,train,3c2863c271cb83a9,clean
1,wildfake_midjourney,full_synthetic,midjourney,train,3c2863c271cb83a9,jpeg70
1,wildfake_midjourney,full_synthetic,midjourney,train,3c2863c271cb83a9,blur10
1,wildfake_midjourney,full_synthetic,midjourney,train,3c2863c271cb83a9,blur20
1,wildfake_midjourney,full_synthetic,midjourney,train,29b194f5ba32ce37,clean
1,wildfake_midjourney,full_synthetic,midjourney,train,29b194f5ba32ce37,resize05
1,wildfake_midjourney,full_synthetic,midjourney,train,29b194f5ba32ce37,resize025
1,wildfake_midjourney,full_synthetic,midjourney,train,29b194f5ba32ce37,crop08
1,wildfake_midjourney,full_synthetic,midjourney,train,c4614bba41a56090,clean
1,wildfake_midjourney,full_synthetic,midjourney,train,c4614bba41a56090,jpeg50
1,wildfake_midjourney,full_synthetic,midjourney,train,c4614bba41a56090,jpeg30
1,wildfake_midjourney,full_synthetic,midjourney,train,c4614bba41a56090,crop08
1,wildfake_midjourney,full_synthetic,midjourney,train,f205d313515070d0,clean
1,wildfake_midjourney,full_synthetic,midjourney,train,f205d313515070d0,jpeg30
1,wildfake_midjourney,full_synthetic,midjourney,train,f205d313515070d0,resize05
1,wildfake_midjourney,full_synthetic,midjourney,train,f205d313515070d0,noise002
1,wildfake_midjourney,full_synthetic,midjourney,train,9b3bc14698faee95,clean
1,wildfake_midjourney,full_synthetic,midjourney,train,9b3bc14698faee95,jpeg50
1,wildfake_midjourney,full_synthetic,midjourney,train,9b3bc14698faee95,resize025
1,wildfake_midjourney,full_synthetic,midjourney,train,9b3bc14698faee95,crop08
1,wildfake_midjourney,full_synthetic,midjourney,train,624a8a935d5f76a0,clean
1,wildfake_midjourney,full_synthetic,midjourney,train,624a8a935d5f76a0,jpeg30
1,wildfake_midjourney,full_synthetic,midjourney,train,624a8a935d5f76a0,resize05
1,wildfake_midjourney,full_synthetic,midjourney,train,624a8a935d5f76a0,resize025
1,wildfake_midjourney,full_synthetic,midjourney,train,035fc80de15dc647,clean
1,wildfake_midjourney,full_synthetic,midjourney,train,035fc80de15dc647,jpeg70
1,wildfake_midjourney,full_synthetic,midjourney,train,035fc80de15dc647,noise002
1,wildfake_midjourney,full_synthetic,midjourney,train,035fc80de15dc647,crop08
1,wildfake_midjourney,full_synthetic,midjourney,train,e203ec51eeaf24d0,clean
1,wildfake_midjourney,full_synthetic,midjourney,train,e203ec51eeaf24d0,resize025
1,wildfake_midjourney,full_synthetic,midjourney,train,e203ec51eeaf24d0,noise01
1,wildfake_midjourney,full_synthetic,midjourney,train,e203ec51eeaf24d0,crop08
1,wildfake_midjourney,full_synthetic,midjourney,train,49332596b51949a5,clean
1,wildfake_midjourney,full_synthetic,midjourney,train,49332596b51949a5,jpeg90
1,wildfake_midjourney,full_synthetic,midjourney,train,49332596b51949a5,blur05
1,wildfake_midjourney,full_synthetic,midjourney,train,49332596b51949a5,resize025
1,wildfake_midjourney,full_synthetic,midjourney,train,b659d6b238acecf6,clean
1,wildfake_midjourney,full_synthetic,midjourney,train,b659d6b238acecf6,resize05
1,wildfake_midjourney,full_synthetic,midjourney,train,b659d6b238acecf6,resize025
1,wildfake_midjourney,full_synthetic,midjourney,train,b659d6b238acecf6,crop08
1,wildfake_midjourney,full_synthetic,midjourney,train,ac92eb6035c4e0b5,clean
1,wildfake_midjourney,full_synthetic,midjourney,train,ac92eb6035c4e0b5,jpeg70
1,wildfake_midjourney,full_synthetic,midjourney,train,ac92eb6035c4e0b5,blur20
1,wildfake_midjourney,full_synthetic,midjourney,train,ac92eb6035c4e0b5,resize025
1,wildfake_midjourney,full_synthetic,midjourney,train,17188365ed596e16,clean
1,wildfake_midjourney,full_synthetic,midjourney,train,17188365ed596e16,jpeg50
1,wildfake_midjourney,full_synthetic,midjourney,train,17188365ed596e16,jpeg30
1,wildfake_midjourney,full_synthetic,midjourney,train,17188365ed596e16,jitter02
1,wildfake_midjourney,full_synthetic,midjourney,train,a523f91aaf2cf681,clean
1,wildfake_midjourney,full_synthetic,midjourney,train,a523f91aaf2cf681,blur10
1,wildfake_midjourney,full_synthetic,midjourney,train,a523f91aaf2cf681,resize05
1,wildfake_midjourney,full_synthetic,midjourney,train,a523f91aaf2cf681,jitter02
1,wildfake_midjourney,full_synthetic,midjourney,train,2afcb2bf4a5ef17a,clean
1,wildfake_midjourney,full_synthetic,midjourney,train,2afcb2bf4a5ef17a,jpeg90
1,wildfake_midjourney,full_synthetic,midjourney,train,2afcb2bf4a5ef17a,noise002
1,wildfake_midjourney,full_synthetic,midjourney,train,2afcb2bf4a5ef17a,jitter02
1,wildfake_midjourney,full_synthetic,midjourney,train,919073099e7682ec,clean
1,wildfake_midjourney,full_synthetic,midjourney,train,919073099e7682ec,resize05
1,wildfake_midjourney,full_synthetic,midjourney,train,919073099e7682ec,resize025
1,wildfake_midjourney,full_synthetic,midjourney,train,919073099e7682ec,noise01
1,wildfake_midjourney,full_synthetic,midjourney,train,b3b0c88dfef6161c,clean
1,wildfake_midjourney,full_synthetic,midjourney,train,b3b0c88dfef6161c,blur20
1,wildfake_midjourney,full_synthetic,midjourney,train,b3b0c88dfef6161c,resize025
1,wildfake_midjourney,full_synthetic,midjourney,train,b3b0c88dfef6161c,noise01
1,wildfake_midjourney,full_synthetic,midjourney,train,04aaa69674706b4e,clean
1,wildfake_midjourney,full_synthetic,midjourney,train,04aaa69674706b4e,jpeg70
1,wildfake_midjourney,full_synthetic,midjourney,train,04aaa69674706b4e,blur10
1,wildfake_midjourney,full_synthetic,midjourney,train,04aaa69674706b4e,crop08
1,wildfake_midjourney,full_synthetic,midjourney,train,df1b21050c7b401e,clean
1,wildfake_midjourney,full_synthetic,midjourney,train,df1b21050c7b401e,jpeg30
1,wildfake_midjourney,full_synthetic,midjourney,train,df1b21050c7b401e,noise002
1,wildfake_midjourney,full_synthetic,midjourney,train,df1b21050c7b401e,noise01
1,wildfake_midjourney,full_synthetic,midjourney,train,33ca582993e09b78,clean
1,wildfake_midjourney,full_synthetic,midjourney,train,33ca582993e09b78,jpeg50
1,wildfake_midjourney,full_synthetic,midjourney,train,33ca582993e09b78,blur05
1,wildfake_midjourney,full_synthetic,midjourney,train,33ca582993e09b78,resize05
1,wildfake_midjourney,full_synthetic,midjourney,train,44959c539eb59177,clean
1,wildfake_midjourney,full_synthetic,midjourney,train,44959c539eb59177,blur10
1,wildfake_midjourney,full_synthetic,midjourney,train,44959c539eb59177,resize05
1,wildfake_midjourney,full_synthetic,midjourney,train,44959c539eb59177,noise002
1,wildfake_midjourney,full_synthetic,midjourney,train,dd09023e31d5c99c,clean
1,wildfake_midjourney,full_synthetic,midjourney,train,dd09023e31d5c99c,jpeg50
1,wildfake_midjourney,full_synthetic,midjourney,train,dd09023e31d5c99c,blur05
1,wildfake_midjourney,full_synthetic,midjourney,train,dd09023e31d5c99c,crop08
1,wildfake_midjourney,full_synthetic,midjourney,train,da43ac082b3ff672,clean
1,wildfake_midjourney,full_synthetic,midjourney,train,da43ac082b3ff672,jpeg70
1,wildfake_midjourney,full_synthetic,midjourney,train,da43ac082b3ff672,blur05
1,wildfake_midjourney,full_synthetic,midjourney,train,da43ac082b3ff672,crop08
1,wildfake_midjourney,full_synthetic,midjourney,train,5366cbdef0854e0e,clean
1,wildfake_midjourney,full_synthetic,midjourney,train,5366cbdef0854e0e,blur10
1,wildfake_midjourney,full_synthetic,midjourney,train,5366cbdef0854e0e,noise005
1,wildfake_midjourney,full_synthetic,midjourney,train,5366cbdef0854e0e,jitter02
1,wildfake_midjourney,full_synthetic,midjourney,train,6f979b234741c918,clean
1,wildfake_midjourney,full_synthetic,midjourney,train,6f979b234741c918,jpeg30
1,wildfake_midjourney,full_synthetic,midjourney,train,6f979b234741c918,blur20
1,wildfake_midjourney,full_synthetic,midjourney,train,6f979b234741c918,crop08
1,wildfake_midjourney,full_synthetic,midjourney,train,2f0f2becd55c4de7,clean
1,wildfake_midjourney,full_synthetic,midjourney,train,2f0f2becd55c4de7,jpeg70
1,wildfake_midjourney,full_synthetic,midjourney,train,2f0f2becd55c4de7,jpeg30
1,wildfake_midjourney,full_synthetic,midjourney,train,2f0f2becd55c4de7,noise002
1,wildfake_midjourney,full_synthetic,midjourney,train,8109c6472895c97d,clean
1,wildfake_midjourney,full_synthetic,midjourney,train,8109c6472895c97d,blur05
1,wildfake_midjourney,full_synthetic,midjourney,train,8109c6472895c97d,resize05
1,wildfake_midjourney,full_synthetic,midjourney,train,8109c6472895c97d,noise005
1,wildfake_midjourney,full_synthetic,midjourney,train,2f7ccb2a5f474ea1,clean
1,wildfake_midjourney,full_synthetic,midjourney,train,2f7ccb2a5f474ea1,jpeg50
1,wildfake_midjourney,full_synthetic,midjourney,train,2f7ccb2a5f474ea1,blur05
1,wildfake_midjourney,full_synthetic,midjourney,train,2f7ccb2a5f474ea1,noise002
1,wildfake_midjourney,full_synthetic,midjourney,train,2d3e691e4c5274ab,clean
1,wildfake_midjourney,full_synthetic,midjourney,train,2d3e691e4c5274ab,jpeg30
1,wildfake_midjourney,full_synthetic,midjourney,train,2d3e691e4c5274ab,blur20
1,wildfake_midjourney,full_synthetic,midjourney,train,2d3e691e4c5274ab,noise005
1,wildfake_midjourney,full_synthetic,midjourney,train,67f954c88db9b87a,clean
1,wildfake_midjourney,full_synthetic,midjourney,train,67f954c88db9b87a,jpeg50
1,wildfake_midjourney,full_synthetic,midjourney,train,67f954c88db9b87a,blur05
1,wildfake_midjourney,full_synthetic,midjourney,train,67f954c88db9b87a,noise002
1,wildfake_midjourney,full_synthetic,midjourney,train,cefa861e76248db9,clean
1,wildfake_midjourney,full_synthetic,midjourney,train,cefa861e76248db9,jpeg90
1,wildfake_midjourney,full_synthetic,midjourney,train,cefa861e76248db9,jpeg70
1,wildfake_midjourney,full_synthetic,midjourney,train,cefa861e76248db9,blur05
1,wildfake_midjourney,full_synthetic,midjourney,train,71df82ddf6af2be8,clean
1,wildfake_midjourney,full_synthetic,midjourney,train,71df82ddf6af2be8,jpeg90
1,wildfake_midjourney,full_synthetic,midjourney,train,71df82ddf6af2be8,jpeg50
1,wildfake_midjourney,full_synthetic,midjourney,train,71df82ddf6af2be8,blur10
1,wildfake_midjourney,full_synthetic,midjourney,train,1ae1001687a30e7c,clean
1,wildfake_midjourney,full_synthetic,midjourney,train,1ae1001687a30e7c,jpeg90
1,wildfake_midjourney,full_synthetic,midjourney,train,1ae1001687a30e7c,blur05
1,wildfake_midjourney,full_synthetic,midjourney,train,1ae1001687a30e7c,crop08
1,wildfake_midjourney,full_synthetic,midjourney,train,aa7d1cd9a872a499,clean
1,wildfake_midjourney,full_synthetic,midjourney,train,aa7d1cd9a872a499,blur05
1,wildfake_midjourney,full_synthetic,midjourney,train,aa7d1cd9a872a499,resize025
1,wildfake_midjourney,full_synthetic,midjourney,train,aa7d1cd9a872a499,noise01
1,wildfake_midjourney,full_synthetic,midjourney,train,4f5088f35e5ebddd,clean
1,wildfake_midjourney,full_synthetic,midjourney,train,4f5088f35e5ebddd,jpeg50
1,wildfake_midjourney,full_synthetic,midjourney,train,4f5088f35e5ebddd,noise002
1,wildfake_midjourney,full_synthetic,midjourney,train,4f5088f35e5ebddd,noise005
1,wildfake_midjourney,full_synthetic,midjourney,train,2c9043da71b5ac85,clean
1,wildfake_midjourney,full_synthetic,midjourney,train,2c9043da71b5ac85,jpeg70
1,wildfake_midjourney,full_synthetic,midjourney,train,2c9043da71b5ac85,blur10
1,wildfake_midjourney,full_synthetic,midjourney,train,2c9043da71b5ac85,resize05
1,wildfake_midjourney,full_synthetic,midjourney,train,8a778e787ff52d95,clean
1,wildfake_midjourney,full_synthetic,midjourney,train,8a778e787ff52d95,jpeg70
1,wildfake_midjourney,full_synthetic,midjourney,train,8a778e787ff52d95,jpeg30
1,wildfake_midjourney,full_synthetic,midjourney,train,8a778e787ff52d95,jitter02
1,wildfake_midjourney,full_synthetic,midjourney,train,4ceb67c6e9262c9e,clean
1,wildfake_midjourney,full_synthetic,midjourney,train,4ceb67c6e9262c9e,blur10
1,wildfake_midjourney,full_synthetic,midjourney,train,4ceb67c6e9262c9e,jitter02
1,wildfake_midjourney,full_synthetic,midjourney,train,4ceb67c6e9262c9e,crop08
1,wildfake_midjourney,full_synthetic,midjourney,train,846a4955a70823cc,clean
1,wildfake_midjourney,full_synthetic,midjourney,train,846a4955a70823cc,jpeg90
1,wildfake_midjourney,full_synthetic,midjourney,train,846a4955a70823cc,noise002
1,wildfake_midjourney,full_synthetic,midjourney,train,846a4955a70823cc,noise005
1,wildfake_midjourney,full_synthetic,midjourney,train,d5b232e2302dc676,clean
1,wildfake_midjourney,full_synthetic,midjourney,train,d5b232e2302dc676,blur05
1,wildfake_midjourney,full_synthetic,midjourney,train,d5b232e2302dc676,blur10
1,wildfake_midjourney,full_synthetic,midjourney,train,d5b232e2302dc676,noise01
1,wildfake_midjourney,full_synthetic,midjourney,train,8ff3a293a527e19e,clean
1,wildfake_midjourney,full_synthetic,midjourney,train,8ff3a293a527e19e,jpeg70
1,wildfake_midjourney,full_synthetic,midjourney,train,8ff3a293a527e19e,blur20
1,wildfake_midjourney,full_synthetic,midjourney,train,8ff3a293a527e19e,noise01
1,wildfake_midjourney,full_synthetic,midjourney,train,86405fb123c6720c,clean
1,wildfake_midjourney,full_synthetic,midjourney,train,86405fb123c6720c,jpeg70
1,wildfake_midjourney,full_synthetic,midjourney,train,86405fb123c6720c,resize025
1,wildfake_midjourney,full_synthetic,midjourney,train,86405fb123c6720c,jitter02
1,wildfake_midjourney,full_synthetic,midjourney,train,b98394b1318981a5,clean
1,wildfake_midjourney,full_synthetic,midjourney,train,b98394b1318981a5,jpeg70
1,wildfake_midjourney,full_synthetic,midjourney,train,b98394b1318981a5,jpeg50
1,wildfake_midjourney,full_synthetic,midjourney,train,b98394b1318981a5,jpeg30
1,wildfake_midjourney,full_synthetic,midjourney,train,354196cc1e01a1ef,clean
1,wildfake_midjourney,full_synthetic,midjourney,train,354196cc1e01a1ef,jpeg50
1,wildfake_midjourney,full_synthetic,midjourney,train,354196cc1e01a1ef,noise002
1,wildfake_midjourney,full_synthetic,midjourney,train,354196cc1e01a1ef,jitter02
1,wildfake_midjourney,full_synthetic,midjourney,train,fb0538013a3756cf,clean
1,wildfake_midjourney,full_synthetic,midjourney,train,fb0538013a3756cf,resize025
1,wildfake_midjourney,full_synthetic,midjourney,train,fb0538013a3756cf,jitter02
1,wildfake_midjourney,full_synthetic,midjourney,train,fb0538013a3756cf,crop08
1,wildfake_midjourney,full_synthetic,midjourney,train,14189046cb640e71,clean
1,wildfake_midjourney,full_synthetic,midjourney,train,14189046cb640e71,blur10
1,wildfake_midjourney,full_synthetic,midjourney,train,14189046cb640e71,resize05
1,wildfake_midjourney,full_synthetic,midjourney,train,14189046cb640e71,noise01
1,wildfake_midjourney,full_synthetic,midjourney,train,03cc8ce173333848,clean
1,wildfake_midjourney,full_synthetic,midjourney,train,03cc8ce173333848,jpeg90
1,wildfake_midjourney,full_synthetic,midjourney,train,03cc8ce173333848,jpeg70
1,wildfake_midjourney,full_synthetic,midjourney,train,03cc8ce173333848,jpeg50
1,wildfake_midjourney,full_synthetic,midjourney,train,cebcbaa28c6a957a,clean
1,wildfake_midjourney,full_synthetic,midjourney,train,cebcbaa28c6a957a,jpeg70
1,wildfake_midjourney,full_synthetic,midjourney,train,cebcbaa28c6a957a,blur20
1,wildfake_midjourney,full_synthetic,midjourney,train,cebcbaa28c6a957a,resize05
1,wildfake_midjourney,full_synthetic,midjourney,train,59f8b98df1f75c20,clean
1,wildfake_midjourney,full_synthetic,midjourney,train,59f8b98df1f75c20,jpeg30
1,wildfake_midjourney,full_synthetic,midjourney,train,59f8b98df1f75c20,blur05
1,wildfake_midjourney,full_synthetic,midjourney,train,59f8b98df1f75c20,noise01
1,wildfake_midjourney,full_synthetic,midjourney,train,7373ff6d86a14c15,clean
1,wildfake_midjourney,full_synthetic,midjourney,train,7373ff6d86a14c15,resize05
1,wildfake_midjourney,full_synthetic,midjourney,train,7373ff6d86a14c15,resize025
1,wildfake_midjourney,full_synthetic,midjourney,train,7373ff6d86a14c15,crop08
1,wildfake_midjourney,full_synthetic,midjourney,train,e578f70d26ac1bb1,clean
1,wildfake_midjourney,full_synthetic,midjourney,train,e578f70d26ac1bb1,jpeg90
1,wildfake_midjourney,full_synthetic,midjourney,train,e578f70d26ac1bb1,jpeg70
1,wildfake_midjourney,full_synthetic,midjourney,train,e578f70d26ac1bb1,crop08
1,wildfake_midjourney,full_synthetic,midjourney,train,5344a0fc01b5feda,clean
1,wildfake_midjourney,full_synthetic,midjourney,train,5344a0fc01b5feda,jpeg30
1,wildfake_midjourney,full_synthetic,midjourney,train,5344a0fc01b5feda,blur10
1,wildfake_midjourney,full_synthetic,midjourney,train,5344a0fc01b5feda,blur20
1,wildfake_midjourney,full_synthetic,midjourney,train,e11578e87f01135c,clean
1,wildfake_midjourney,full_synthetic,midjourney,train,e11578e87f01135c,jpeg70
1,wildfake_midjourney,full_synthetic,midjourney,train,e11578e87f01135c,resize025
1,wildfake_midjourney,full_synthetic,midjourney,train,e11578e87f01135c,jitter02
1,wildfake_midjourney,full_synthetic,midjourney,train,3b874695f7859432,clean
1,wildfake_midjourney,full_synthetic,midjourney,train,3b874695f7859432,jpeg70
1,wildfake_midjourney,full_synthetic,midjourney,train,3b874695f7859432,blur20
1,wildfake_midjourney,full_synthetic,midjourney,train,3b874695f7859432,noise005
1,wildfake_midjourney,full_synthetic,midjourney,train,dc15acebe74afc98,clean
1,wildfake_midjourney,full_synthetic,midjourney,train,dc15acebe74afc98,jpeg30
1,wildfake_midjourney,full_synthetic,midjourney,train,dc15acebe74afc98,blur20
1,wildfake_midjourney,full_synthetic,midjourney,train,dc15acebe74afc98,jitter02
1,wildfake_midjourney,full_synthetic,midjourney,train,b6f10422584d3d4a,clean
1,wildfake_midjourney,full_synthetic,midjourney,train,b6f10422584d3d4a,blur05
1,wildfake_midjourney,full_synthetic,midjourney,train,b6f10422584d3d4a,noise005
1,wildfake_midjourney,full_synthetic,midjourney,train,b6f10422584d3d4a,crop08
1,wildfake_midjourney,full_synthetic,midjourney,train,7f89dfded1f3b030,clean
1,wildfake_midjourney,full_synthetic,midjourney,train,7f89dfded1f3b030,resize025
1,wildfake_midjourney,full_synthetic,midjourney,train,7f89dfded1f3b030,noise005
1,wildfake_midjourney,full_synthetic,midjourney,train,7f89dfded1f3b030,noise01
1,wildfake_midjourney,full_synthetic,midjourney,train,6b127c9e7077a6fc,clean
1,wildfake_midjourney,full_synthetic,midjourney,train,6b127c9e7077a6fc,blur10
1,wildfake_midjourney,full_synthetic,midjourney,train,6b127c9e7077a6fc,resize025
1,wildfake_midjourney,full_synthetic,midjourney,train,6b127c9e7077a6fc,crop08
1,wildfake_midjourney,full_synthetic,midjourney,train,3bce3c2f726870e7,clean
1,wildfake_midjourney,full_synthetic,midjourney,train,3bce3c2f726870e7,jpeg70
1,wildfake_midjourney,full_synthetic,midjourney,train,3bce3c2f726870e7,jpeg30
1,wildfake_midjourney,full_synthetic,midjourney,train,3bce3c2f726870e7,resize025
1,wildfake_midjourney,full_synthetic,midjourney,train,7163689e0c9ec9bf,clean
1,wildfake_midjourney,full_synthetic,midjourney,train,7163689e0c9ec9bf,jpeg90
1,wildfake_midjourney,full_synthetic,midjourney,train,7163689e0c9ec9bf,jpeg30
1,wildfake_midjourney,full_synthetic,midjourney,train,7163689e0c9ec9bf,jitter02
1,wildfake_midjourney,full_synthetic,midjourney,train,909df97b1f9dd315,clean
1,wildfake_midjourney,full_synthetic,midjourney,train,909df97b1f9dd315,blur20
1,wildfake_midjourney,full_synthetic,midjourney,train,909df97b1f9dd315,resize05
1,wildfake_midjourney,full_synthetic,midjourney,train,909df97b1f9dd315,noise01
1,wildfake_midjourney,full_synthetic,midjourney,train,48adb64cc3d89c10,clean
1,wildfake_midjourney,full_synthetic,midjourney,train,48adb64cc3d89c10,jpeg90
1,wildfake_midjourney,full_synthetic,midjourney,train,48adb64cc3d89c10,blur20
1,wildfake_midjourney,full_synthetic,midjourney,train,48adb64cc3d89c10,noise01
1,wildfake_midjourney,full_synthetic,midjourney,train,ae29e167f0a7ec8e,clean
1,wildfake_midjourney,full_synthetic,midjourney,train,ae29e167f0a7ec8e,jpeg70
1,wildfake_midjourney,full_synthetic,midjourney,train,ae29e167f0a7ec8e,jpeg50
1,wildfake_midjourney,full_synthetic,midjourney,train,ae29e167f0a7ec8e,noise01
1,wildfake_midjourney,full_synthetic,midjourney,train,3a1c4fd3b999e4c1,clean
1,wildfake_midjourney,full_synthetic,midjourney,train,3a1c4fd3b999e4c1,jpeg30
1,wildfake_midjourney,full_synthetic,midjourney,train,3a1c4fd3b999e4c1,blur05
1,wildfake_midjourney,full_synthetic,midjourney,train,3a1c4fd3b999e4c1,noise01
1,wildfake_midjourney,full_synthetic,midjourney,train,969909c8bb1b8f9d,clean
1,wildfake_midjourney,full_synthetic,midjourney,train,969909c8bb1b8f9d,jpeg30
1,wildfake_midjourney,full_synthetic,midjourney,train,969909c8bb1b8f9d,blur10
1,wildfake_midjourney,full_synthetic,midjourney,train,969909c8bb1b8f9d,resize025
1,wildfake_midjourney,full_synthetic,midjourney,train,e3f804bb1b59111a,clean
1,wildfake_midjourney,full_synthetic,midjourney,train,e3f804bb1b59111a,jpeg30
1,wildfake_midjourney,full_synthetic,midjourney,train,e3f804bb1b59111a,blur10
1,wildfake_midjourney,full_synthetic,midjourney,train,e3f804bb1b59111a,resize025
1,wildfake_midjourney,full_synthetic,midjourney,train,d47308147f202dca,clean
1,wildfake_midjourney,full_synthetic,midjourney,train,d47308147f202dca,jpeg30
1,wildfake_midjourney,full_synthetic,midjourney,train,d47308147f202dca,blur10
1,wildfake_midjourney,full_synthetic,midjourney,train,d47308147f202dca,resize05
1,wildfake_midjourney,full_synthetic,midjourney,train,57528aa08b145fd4,clean
1,wildfake_midjourney,full_synthetic,midjourney,train,57528aa08b145fd4,jpeg70
1,wildfake_midjourney,full_synthetic,midjourney,train,57528aa08b145fd4,resize05
1,wildfake_midjourney,full_synthetic,midjourney,train,57528aa08b145fd4,noise002
1,wildfake_midjourney,full_synthetic,midjourney,train,4c87ce2a829fb807,clean
1,wildfake_midjourney,full_synthetic,midjourney,train,4c87ce2a829fb807,resize05
1,wildfake_midjourney,full_synthetic,midjourney,train,4c87ce2a829fb807,resize025
1,wildfake_midjourney,full_synthetic,midjourney,train,4c87ce2a829fb807,crop08
1,wildfake_midjourney,full_synthetic,midjourney,train,d77f3c68781cebb4,clean
1,wildfake_midjourney,full_synthetic,midjourney,train,d77f3c68781cebb4,jpeg50
1,wildfake_midjourney,full_synthetic,midjourney,train,d77f3c68781cebb4,blur10
1,wildfake_midjourney,full_synthetic,midjourney,train,d77f3c68781cebb4,resize025
1,wildfake_midjourney,full_synthetic,midjourney,train,eba920f98d162421,clean
1,wildfake_midjourney,full_synthetic,midjourney,train,eba920f98d162421,blur05
1,wildfake_midjourney,full_synthetic,midjourney,train,eba920f98d162421,noise005
1,wildfake_midjourney,full_synthetic,midjourney,train,eba920f98d162421,crop08
1,wildfake_midjourney,full_synthetic,midjourney,train,fc36f39374f771e0,clean
1,wildfake_midjourney,full_synthetic,midjourney,train,fc36f39374f771e0,jpeg90
1,wildfake_midjourney,full_synthetic,midjourney,train,fc36f39374f771e0,jpeg50
1,wildfake_midjourney,full_synthetic,midjourney,train,fc36f39374f771e0,noise005
1,wildfake_midjourney,full_synthetic,midjourney,train,8aed49537f9b9b9e,clean
1,wildfake_midjourney,full_synthetic,midjourney,train,8aed49537f9b9b9e,blur20
1,wildfake_midjourney,full_synthetic,midjourney,train,8aed49537f9b9b9e,resize05
1,wildfake_midjourney,full_synthetic,midjourney,train,8aed49537f9b9b9e,crop08
1,wildfake_midjourney,full_synthetic,midjourney,train,580573498c9c41e4,clean
1,wildfake_midjourney,full_synthetic,midjourney,train,580573498c9c41e4,jpeg70
1,wildfake_midjourney,full_synthetic,midjourney,train,580573498c9c41e4,jitter02
1,wildfake_midjourney,full_synthetic,midjourney,train,580573498c9c41e4,crop08
1,wildfake_midjourney,full_synthetic,midjourney,train,0c49ed1307b09fd4,clean
1,wildfake_midjourney,full_synthetic,midjourney,train,0c49ed1307b09fd4,jpeg50
1,wildfake_midjourney,full_synthetic,midjourney,train,0c49ed1307b09fd4,blur20
1,wildfake_midjourney,full_synthetic,midjourney,train,0c49ed1307b09fd4,noise002
1,wildfake_midjourney,full_synthetic,midjourney,train,b497a3b55cc7e24f,clean
1,wildfake_midjourney,full_synthetic,midjourney,train,b497a3b55cc7e24f,noise002
1,wildfake_midjourney,full_synthetic,midjourney,train,b497a3b55cc7e24f,noise01
1,wildfake_midjourney,full_synthetic,midjourney,train,b497a3b55cc7e24f,crop08
1,wildfake_midjourney,full_synthetic,midjourney,train,227d81067444b4f4,clean
1,wildfake_midjourney,full_synthetic,midjourney,train,227d81067444b4f4,blur20
1,wildfake_midjourney,full_synthetic,midjourney,train,227d81067444b4f4,noise005
1,wildfake_midjourney,full_synthetic,midjourney,train,227d81067444b4f4,crop08
1,wildfake_midjourney,full_synthetic,midjourney,train,f0a07ddaedad0212,clean
1,wildfake_midjourney,full_synthetic,midjourney,train,f0a07ddaedad0212,resize05
1,wildfake_midjourney,full_synthetic,midjourney,train,f0a07ddaedad0212,resize025
1,wildfake_midjourney,full_synthetic,midjourney,train,f0a07ddaedad0212,jitter02
1,wildfake_midjourney,full_synthetic,midjourney,train,141af32145c0d46a,clean
1,wildfake_midjourney,full_synthetic,midjourney,train,141af32145c0d46a,jpeg50
1,wildfake_midjourney,full_synthetic,midjourney,train,141af32145c0d46a,noise01
1,wildfake_midjourney,full_synthetic,midjourney,train,141af32145c0d46a,jitter02
1,wildfake_midjourney,full_synthetic,midjourney,train,e7ca157b81f8e06b,clean
1,wildfake_midjourney,full_synthetic,midjourney,train,e7ca157b81f8e06b,blur10
1,wildfake_midjourney,full_synthetic,midjourney,train,e7ca157b81f8e06b,resize05
1,wildfake_midjourney,full_synthetic,midjourney,train,e7ca157b81f8e06b,noise01
1,wildfake_midjourney,full_synthetic,midjourney,train,2a6edd274483a37b,clean
1,wildfake_midjourney,full_synthetic,midjourney,train,2a6edd274483a37b,jpeg50
1,wildfake_midjourney,full_synthetic,midjourney,train,2a6edd274483a37b,blur20
1,wildfake_midjourney,full_synthetic,midjourney,train,2a6edd274483a37b,jitter02
1,wildfake_midjourney,full_synthetic,midjourney,train,c72c0f4060ac0906,clean
1,wildfake_midjourney,full_synthetic,midjourney,train,c72c0f4060ac0906,blur20
1,wildfake_midjourney,full_synthetic,midjourney,train,c72c0f4060ac0906,resize025
1,wildfake_midjourney,full_synthetic,midjourney,train,c72c0f4060ac0906,noise01
1,wildfake_midjourney,full_synthetic,midjourney,train,3446a12265ff8aae,clean
1,wildfake_midjourney,full_synthetic,midjourney,train,3446a12265ff8aae,jpeg50
1,wildfake_midjourney,full_synthetic,midjourney,train,3446a12265ff8aae,jpeg30
1,wildfake_midjourney,full_synthetic,midjourney,train,3446a12265ff8aae,crop08
1,wildfake_midjourney,full_synthetic,midjourney,train,38b1541802bf91a3,clean
1,wildfake_midjourney,full_synthetic,midjourney,train,38b1541802bf91a3,jpeg70
1,wildfake_midjourney,full_synthetic,midjourney,train,38b1541802bf91a3,jpeg50
1,wildfake_midjourney,full_synthetic,midjourney,train,38b1541802bf91a3,resize025
1,wildfake_midjourney,full_synthetic,midjourney,train,72abe6d28b28f29c,clean
1,wildfake_midjourney,full_synthetic,midjourney,train,72abe6d28b28f29c,jpeg30
1,wildfake_midjourney,full_synthetic,midjourney,train,72abe6d28b28f29c,resize05
1,wildfake_midjourney,full_synthetic,midjourney,train,72abe6d28b28f29c,noise002
1,wildfake_midjourney,full_synthetic,midjourney,train,0e82bb25c3c8354a,clean
1,wildfake_midjourney,full_synthetic,midjourney,train,0e82bb25c3c8354a,jpeg30
1,wildfake_midjourney,full_synthetic,midjourney,train,0e82bb25c3c8354a,blur05
1,wildfake_midjourney,full_synthetic,midjourney,train,0e82bb25c3c8354a,resize025
1,wildfake_midjourney,full_synthetic,midjourney,train,900f07822b7edfe5,clean
1,wildfake_midjourney,full_synthetic,midjourney,train,900f07822b7edfe5,jpeg70
1,wildfake_midjourney,full_synthetic,midjourney,train,900f07822b7edfe5,jpeg50
1,wildfake_midjourney,full_synthetic,midjourney,train,900f07822b7edfe5,crop08
1,wildfake_midjourney,full_synthetic,midjourney,train,08d5101a53381e8c,clean
1,wildfake_midjourney,full_synthetic,midjourney,train,08d5101a53381e8c,blur05
1,wildfake_midjourney,full_synthetic,midjourney,train,08d5101a53381e8c,noise005
1,wildfake_midjourney,full_synthetic,midjourney,train,08d5101a53381e8c,jitter02
1,wildfake_midjourney,full_synthetic,midjourney,train,daa0b03bf15f0dbf,clean
1,wildfake_midjourney,full_synthetic,midjourney,train,daa0b03bf15f0dbf,jpeg30
1,wildfake_midjourney,full_synthetic,midjourney,train,daa0b03bf15f0dbf,blur20
1,wildfake_midjourney,full_synthetic,midjourney,train,daa0b03bf15f0dbf,resize025
1,wildfake_midjourney,full_synthetic,midjourney,train,0a2407bf7a78e05e,clean
1,wildfake_midjourney,full_synthetic,midjourney,train,0a2407bf7a78e05e,jpeg50
1,wildfake_midjourney,full_synthetic,midjourney,train,0a2407bf7a78e05e,blur05
1,wildfake_midjourney,full_synthetic,midjourney,train,0a2407bf7a78e05e,resize05
1,wildfake_midjourney,full_synthetic,midjourney,train,307646fda0b2cc0c,clean
1,wildfake_midjourney,full_synthetic,midjourney,train,307646fda0b2cc0c,blur05
1,wildfake_midjourney,full_synthetic,midjourney,train,307646fda0b2cc0c,blur20
1,wildfake_midjourney,full_synthetic,midjourney,train,307646fda0b2cc0c,resize05
1,wildfake_midjourney,full_synthetic,midjourney,train,84b91440d0f60015,clean
1,wildfake_midjourney,full_synthetic,midjourney,train,84b91440d0f60015,jpeg70
1,wildfake_midjourney,full_synthetic,midjourney,train,84b91440d0f60015,jpeg30
1,wildfake_midjourney,full_synthetic,midjourney,train,84b91440d0f60015,noise01
1,wildfake_midjourney,full_synthetic,midjourney,train,7cfe22ddfcdf3618,clean
1,wildfake_midjourney,full_synthetic,midjourney,train,7cfe22ddfcdf3618,blur10
1,wildfake_midjourney,full_synthetic,midjourney,train,7cfe22ddfcdf3618,resize025
1,wildfake_midjourney,full_synthetic,midjourney,train,7cfe22ddfcdf3618,jitter02
1,wildfake_midjourney,full_synthetic,midjourney,train,d751bc10341e53a0,clean
1,wildfake_midjourney,full_synthetic,midjourney,train,d751bc10341e53a0,jpeg50
1,wildfake_midjourney,full_synthetic,midjourney,train,d751bc10341e53a0,blur20
1,wildfake_midjourney,full_synthetic,midjourney,train,d751bc10341e53a0,noise002
1,wildfake_midjourney,full_synthetic,midjourney,train,b5f650f84e3b4dc4,clean
1,wildfake_midjourney,full_synthetic,midjourney,train,b5f650f84e3b4dc4,blur05
1,wildfake_midjourney,full_synthetic,midjourney,train,b5f650f84e3b4dc4,blur10
1,wildfake_midjourney,full_synthetic,midjourney,train,b5f650f84e3b4dc4,resize025
1,wildfake_midjourney,full_synthetic,midjourney,train,1adbd2f33a803468,clean
1,wildfake_midjourney,full_synthetic,midjourney,train,1adbd2f33a803468,jpeg70
1,wildfake_midjourney,full_synthetic,midjourney,train,1adbd2f33a803468,blur20
1,wildfake_midjourney,full_synthetic,midjourney,train,1adbd2f33a803468,resize025
1,wildfake_midjourney,full_synthetic,midjourney,train,7e1f642dc1e5d688,clean
1,wildfake_midjourney,full_synthetic,midjourney,train,7e1f642dc1e5d688,jpeg50
1,wildfake_midjourney,full_synthetic,midjourney,train,7e1f642dc1e5d688,blur20
1,wildfake_midjourney,full_synthetic,midjourney,train,7e1f642dc1e5d688,noise002
1,wildfake_midjourney,full_synthetic,midjourney,train,962acfec02800a52,clean
1,wildfake_midjourney,full_synthetic,midjourney,train,962acfec02800a52,blur10
1,wildfake_midjourney,full_synthetic,midjourney,train,962acfec02800a52,noise002
1,wildfake_midjourney,full_synthetic,midjourney,train,962acfec02800a52,noise01
1,wildfake_midjourney,full_synthetic,midjourney,train,8843880d9877b878,clean
1,wildfake_midjourney,full_synthetic,midjourney,train,8843880d9877b878,blur05
1,wildfake_midjourney,full_synthetic,midjourney,train,8843880d9877b878,blur10
1,wildfake_midjourney,full_synthetic,midjourney,train,8843880d9877b878,jitter02
1,wildfake_midjourney,full_synthetic,midjourney,train,7ba2e3b6b35ccca2,clean
1,wildfake_midjourney,full_synthetic,midjourney,train,7ba2e3b6b35ccca2,blur05
1,wildfake_midjourney,full_synthetic,midjourney,train,7ba2e3b6b35ccca2,resize05
1,wildfake_midjourney,full_synthetic,midjourney,train,7ba2e3b6b35ccca2,crop08
1,wildfake_midjourney,full_synthetic,midjourney,train,9fad9b044271b404,clean
1,wildfake_midjourney,full_synthetic,midjourney,train,9fad9b044271b404,resize025
1,wildfake_midjourney,full_synthetic,midjourney,train,9fad9b044271b404,noise002
1,wildfake_midjourney,full_synthetic,midjourney,train,9fad9b044271b404,noise005
1,wildfake_midjourney,full_synthetic,midjourney,train,3a857b7c225a70b5,clean
1,wildfake_midjourney,full_synthetic,midjourney,train,3a857b7c225a70b5,blur10
1,wildfake_midjourney,full_synthetic,midjourney,train,3a857b7c225a70b5,jitter02
1,wildfake_midjourney,full_synthetic,midjourney,train,3a857b7c225a70b5,crop08
1,wildfake_midjourney,full_synthetic,midjourney,train,9980d31530f64ddf,clean
1,wildfake_midjourney,full_synthetic,midjourney,train,9980d31530f64ddf,jpeg70
1,wildfake_midjourney,full_synthetic,midjourney,train,9980d31530f64ddf,resize05
1,wildfake_midjourney,full_synthetic,midjourney,train,9980d31530f64ddf,resize025
1,wildfake_midjourney,full_synthetic,midjourney,train,9eb73fa42d8c11b7,clean
1,wildfake_midjourney,full_synthetic,midjourney,train,9eb73fa42d8c11b7,jpeg30
1,wildfake_midjourney,full_synthetic,midjourney,train,9eb73fa42d8c11b7,resize05
1,wildfake_midjourney,full_synthetic,midjourney,train,9eb73fa42d8c11b7,crop08
1,wildfake_midjourney,full_synthetic,midjourney,train,6a350e21a9f792c7,clean
1,wildfake_midjourney,full_synthetic,midjourney,train,6a350e21a9f792c7,jpeg70
1,wildfake_midjourney,full_synthetic,midjourney,train,6a350e21a9f792c7,blur20
1,wildfake_midjourney,full_synthetic,midjourney,train,6a350e21a9f792c7,resize05
1,wildfake_midjourney,full_synthetic,midjourney,train,26c59398f181ba91,clean
1,wildfake_midjourney,full_synthetic,midjourney,train,26c59398f181ba91,jpeg30
1,wildfake_midjourney,full_synthetic,midjourney,train,26c59398f181ba91,blur20
1,wildfake_midjourney,full_synthetic,midjourney,train,26c59398f181ba91,resize05
1,wildfake_midjourney,full_synthetic,midjourney,train,397bbcdec41105fb,clean
1,wildfake_midjourney,full_synthetic,midjourney,train,397bbcdec41105fb,jpeg30
1,wildfake_midjourney,full_synthetic,midjourney,train,397bbcdec41105fb,resize05
1,wildfake_midjourney,full_synthetic,midjourney,train,397bbcdec41105fb,noise002
1,wildfake_midjourney,full_synthetic,midjourney,train,2fdaf7185218a3a9,clean
1,wildfake_midjourney,full_synthetic,midjourney,train,2fdaf7185218a3a9,blur05
1,wildfake_midjourney,full_synthetic,midjourney,train,2fdaf7185218a3a9,jitter02
1,wildfake_midjourney,full_synthetic,midjourney,train,2fdaf7185218a3a9,crop08
1,wildfake_midjourney,full_synthetic,midjourney,train,16b632d327fee0fd,clean
1,wildfake_midjourney,full_synthetic,midjourney,train,16b632d327fee0fd,jpeg90
1,wildfake_midjourney,full_synthetic,midjourney,train,16b632d327fee0fd,blur10
1,wildfake_midjourney,full_synthetic,midjourney,train,16b632d327fee0fd,resize025
1,wildfake_midjourney,full_synthetic,midjourney,train,0510a4d854c1618b,clean
1,wildfake_midjourney,full_synthetic,midjourney,train,0510a4d854c1618b,jpeg30
1,wildfake_midjourney,full_synthetic,midjourney,train,0510a4d854c1618b,noise005
1,wildfake_midjourney,full_synthetic,midjourney,train,0510a4d854c1618b,noise01
1,wildfake_midjourney,full_synthetic,midjourney,train,e1f8679c8eb5276c,clean
1,wildfake_midjourney,full_synthetic,midjourney,train,e1f8679c8eb5276c,jpeg30
1,wildfake_midjourney,full_synthetic,midjourney,train,e1f8679c8eb5276c,resize025
1,wildfake_midjourney,full_synthetic,midjourney,train,e1f8679c8eb5276c,noise005
1,wildfake_midjourney,full_synthetic,midjourney,train,b7d64f91a7cd6cda,clean
1,wildfake_midjourney,full_synthetic,midjourney,train,b7d64f91a7cd6cda,resize05
1,wildfake_midjourney,full_synthetic,midjourney,train,b7d64f91a7cd6cda,noise002
1,wildfake_midjourney,full_synthetic,midjourney,train,b7d64f91a7cd6cda,noise005
1,wildfake_midjourney,full_synthetic,midjourney,train,e0e2a39bd3c6cb2e,clean
1,wildfake_midjourney,full_synthetic,midjourney,train,e0e2a39bd3c6cb2e,jpeg70
1,wildfake_midjourney,full_synthetic,midjourney,train,e0e2a39bd3c6cb2e,noise002
1,wildfake_midjourney,full_synthetic,midjourney,train,e0e2a39bd3c6cb2e,noise01
1,wildfake_midjourney,full_synthetic,midjourney,train,edf5d9f1d545aba1,clean
1,wildfake_midjourney,full_synthetic,midjourney,train,edf5d9f1d545aba1,jpeg70
1,wildfake_midjourney,full_synthetic,midjourney,train,edf5d9f1d545aba1,blur05
1,wildfake_midjourney,full_synthetic,midjourney,train,edf5d9f1d545aba1,blur20
1,wildfake_midjourney,full_synthetic,midjourney,train,14aa2d2892cd30a1,clean
1,wildfake_midjourney,full_synthetic,midjourney,train,14aa2d2892cd30a1,blur10
1,wildfake_midjourney,full_synthetic,midjourney,train,14aa2d2892cd30a1,blur20
1,wildfake_midjourney,full_synthetic,midjourney,train,14aa2d2892cd30a1,resize025
1,wildfake_midjourney,full_synthetic,midjourney,train,d213857c0548394c,clean
1,wildfake_midjourney,full_synthetic,midjourney,train,d213857c0548394c,jpeg90
1,wildfake_midjourney,full_synthetic,midjourney,train,d213857c0548394c,resize05
1,wildfake_midjourney,full_synthetic,midjourney,train,d213857c0548394c,jitter02
1,wildfake_midjourney,full_synthetic,midjourney,train,4c7e126dbae1dc36,clean
1,wildfake_midjourney,full_synthetic,midjourney,train,4c7e126dbae1dc36,blur05
1,wildfake_midjourney,full_synthetic,midjourney,train,4c7e126dbae1dc36,blur10
1,wildfake_midjourney,full_synthetic,midjourney,train,4c7e126dbae1dc36,resize025
1,wildfake_midjourney,full_synthetic,midjourney,train,377316c5e48249f3,clean
1,wildfake_midjourney,full_synthetic,midjourney,train,377316c5e48249f3,noise005
1,wildfake_midjourney,full_synthetic,midjourney,train,377316c5e48249f3,jitter02
1,wildfake_midjourney,full_synthetic,midjourney,train,377316c5e48249f3,crop08
1,wildfake_midjourney,full_synthetic,midjourney,train,39b4a9a23ce8e5be,clean
1,wildfake_midjourney,full_synthetic,midjourney,train,39b4a9a23ce8e5be,jpeg50
1,wildfake_midjourney,full_synthetic,midjourney,train,39b4a9a23ce8e5be,noise002
1,wildfake_midjourney,full_synthetic,midjourney,train,39b4a9a23ce8e5be,crop08
1,wildfake_midjourney,full_synthetic,midjourney,train,073ae348d7836390,clean
1,wildfake_midjourney,full_synthetic,midjourney,train,073ae348d7836390,blur05
1,wildfake_midjourney,full_synthetic,midjourney,train,073ae348d7836390,resize05
1,wildfake_midjourney,full_synthetic,midjourney,train,073ae348d7836390,jitter02
1,wildfake_midjourney,full_synthetic,midjourney,train,b44adc64fb1f459b,clean
1,wildfake_midjourney,full_synthetic,midjourney,train,b44adc64fb1f459b,blur05
1,wildfake_midjourney,full_synthetic,midjourney,train,b44adc64fb1f459b,blur20
1,wildfake_midjourney,full_synthetic,midjourney,train,b44adc64fb1f459b,noise002
1,wildfake_midjourney,full_synthetic,midjourney,train,9847ca848dab4c1e,clean
1,wildfake_midjourney,full_synthetic,midjourney,train,9847ca848dab4c1e,blur20
1,wildfake_midjourney,full_synthetic,midjourney,train,9847ca848dab4c1e,resize05
1,wildfake_midjourney,full_synthetic,midjourney,train,9847ca848dab4c1e,noise005
1,wildfake_midjourney,full_synthetic,midjourney,train,cec8d88bc49cf77b,clean
1,wildfake_midjourney,full_synthetic,midjourney,train,cec8d88bc49cf77b,jpeg50
1,wildfake_midjourney,full_synthetic,midjourney,train,cec8d88bc49cf77b,blur05
1,wildfake_midjourney,full_synthetic,midjourney,train,cec8d88bc49cf77b,jitter02
1,wildfake_midjourney,full_synthetic,midjourney,train,1da8bd47bc5cec40,clean
1,wildfake_midjourney,full_synthetic,midjourney,train,1da8bd47bc5cec40,jpeg90
1,wildfake_midjourney,full_synthetic,midjourney,train,1da8bd47bc5cec40,blur10
1,wildfake_midjourney,full_synthetic,midjourney,train,1da8bd47bc5cec40,crop08
1,wildfake_midjourney,full_synthetic,midjourney,train,4ed3deb0a41707aa,clean
1,wildfake_midjourney,full_synthetic,midjourney,train,4ed3deb0a41707aa,blur10
1,wildfake_midjourney,full_synthetic,midjourney,train,4ed3deb0a41707aa,noise005
1,wildfake_midjourney,full_synthetic,midjourney,train,4ed3deb0a41707aa,noise01
1,wildfake_midjourney,full_synthetic,midjourney,train,5938a52b79454d78,clean
1,wildfake_midjourney,full_synthetic,midjourney,train,5938a52b79454d78,jpeg30
1,wildfake_midjourney,full_synthetic,midjourney,train,5938a52b79454d78,noise01
1,wildfake_midjourney,full_synthetic,midjourney,train,5938a52b79454d78,crop08
1,wildfake_midjourney,full_synthetic,midjourney,train,437cee48aa52df7b,clean
1,wildfake_midjourney,full_synthetic,midjourney,train,437cee48aa52df7b,jpeg90
1,wildfake_midjourney,full_synthetic,midjourney,train,437cee48aa52df7b,jpeg30
1,wildfake_midjourney,full_synthetic,midjourney,train,437cee48aa52df7b,blur20
1,wildfake_midjourney,full_synthetic,midjourney,train,28c7fd8f4bc10d9c,clean
1,wildfake_midjourney,full_synthetic,midjourney,train,28c7fd8f4bc10d9c,blur20
1,wildfake_midjourney,full_synthetic,midjourney,train,28c7fd8f4bc10d9c,resize05
1,wildfake_midjourney,full_synthetic,midjourney,train,28c7fd8f4bc10d9c,resize025
1,wildfake_midjourney,full_synthetic,midjourney,train,39c20f001b11343c,clean
1,wildfake_midjourney,full_synthetic,midjourney,train,39c20f001b11343c,jpeg30
1,wildfake_midjourney,full_synthetic,midjourney,train,39c20f001b11343c,resize025
1,wildfake_midjourney,full_synthetic,midjourney,train,39c20f001b11343c,noise002
1,wildfake_midjourney,full_synthetic,midjourney,train,be6ed935ff61deaf,clean
1,wildfake_midjourney,full_synthetic,midjourney,train,be6ed935ff61deaf,jpeg50
1,wildfake_midjourney,full_synthetic,midjourney,train,be6ed935ff61deaf,blur10
1,wildfake_midjourney,full_synthetic,midjourney,train,be6ed935ff61deaf,noise005
1,wildfake_midjourney,full_synthetic,midjourney,train,7933a5e837c2b98b,clean
1,wildfake_midjourney,full_synthetic,midjourney,train,7933a5e837c2b98b,jpeg90
1,wildfake_midjourney,full_synthetic,midjourney,train,7933a5e837c2b98b,jpeg50
1,wildfake_midjourney,full_synthetic,midjourney,train,7933a5e837c2b98b,jpeg30
1,wildfake_midjourney,full_synthetic,midjourney,train,ffab9fdbac3c37d8,clean
1,wildfake_midjourney,full_synthetic,midjourney,train,ffab9fdbac3c37d8,jpeg90
1,wildfake_midjourney,full_synthetic,midjourney,train,ffab9fdbac3c37d8,blur05
1,wildfake_midjourney,full_synthetic,midjourney,train,ffab9fdbac3c37d8,noise005
1,wildfake_midjourney,full_synthetic,midjourney,train,216c895f20f1ce1d,clean
1,wildfake_midjourney,full_synthetic,midjourney,train,216c895f20f1ce1d,jpeg30
1,wildfake_midjourney,full_synthetic,midjourney,train,216c895f20f1ce1d,blur05
1,wildfake_midjourney,full_synthetic,midjourney,train,216c895f20f1ce1d,blur10
1,wildfake_midjourney,full_synthetic,midjourney,train,81cd91380a9c0034,clean
1,wildfake_midjourney,full_synthetic,midjourney,train,81cd91380a9c0034,jpeg90
1,wildfake_midjourney,full_synthetic,midjourney,train,81cd91380a9c0034,noise005
1,wildfake_midjourney,full_synthetic,midjourney,train,81cd91380a9c0034,jitter02
1,wildfake_midjourney,full_synthetic,midjourney,train,cda37768c5d99f37,clean
1,wildfake_midjourney,full_synthetic,midjourney,train,cda37768c5d99f37,jpeg90
1,wildfake_midjourney,full_synthetic,midjourney,train,cda37768c5d99f37,noise01
1,wildfake_midjourney,full_synthetic,midjourney,train,cda37768c5d99f37,crop08
1,wildfake_midjourney,full_synthetic,midjourney,train,1c20533ba3e429c5,clean
1,wildfake_midjourney,full_synthetic,midjourney,train,1c20533ba3e429c5,jpeg50
1,wildfake_midjourney,full_synthetic,midjourney,train,1c20533ba3e429c5,blur10
1,wildfake_midjourney,full_synthetic,midjourney,train,1c20533ba3e429c5,noise005
1,wildfake_midjourney,full_synthetic,midjourney,train,6feca1a8009c44fe,clean
1,wildfake_midjourney,full_synthetic,midjourney,train,6feca1a8009c44fe,jpeg70
1,wildfake_midjourney,full_synthetic,midjourney,train,6feca1a8009c44fe,blur05
1,wildfake_midjourney,full_synthetic,midjourney,train,6feca1a8009c44fe,noise01
1,wildfake_midjourney,full_synthetic,midjourney,train,7044f2c33b7ae880,clean
1,wildfake_midjourney,full_synthetic,midjourney,train,7044f2c33b7ae880,jpeg90
1,wildfake_midjourney,full_synthetic,midjourney,train,7044f2c33b7ae880,jpeg70
1,wildfake_midjourney,full_synthetic,midjourney,train,7044f2c33b7ae880,blur20
1,wildfake_midjourney,full_synthetic,midjourney,train,c4c80878e344679c,clean
1,wildfake_midjourney,full_synthetic,midjourney,train,c4c80878e344679c,jpeg30
1,wildfake_midjourney,full_synthetic,midjourney,train,c4c80878e344679c,resize05
1,wildfake_midjourney,full_synthetic,midjourney,train,c4c80878e344679c,resize025
1,wildfake_midjourney,full_synthetic,midjourney,train,e16b58ccaf50f300,clean
1,wildfake_midjourney,full_synthetic,midjourney,train,e16b58ccaf50f300,noise005
1,wildfake_midjourney,full_synthetic,midjourney,train,e16b58ccaf50f300,noise01
1,wildfake_midjourney,full_synthetic,midjourney,train,e16b58ccaf50f300,crop08
1,wildfake_midjourney,full_synthetic,midjourney,train,10e8155fa0a3eca2,clean
1,wildfake_midjourney,full_synthetic,midjourney,train,10e8155fa0a3eca2,jpeg90
1,wildfake_midjourney,full_synthetic,midjourney,train,10e8155fa0a3eca2,blur10
1,wildfake_midjourney,full_synthetic,midjourney,train,10e8155fa0a3eca2,blur20
1,wildfake_midjourney,full_synthetic,midjourney,train,9c1d5f1bb9129c0f,clean
1,wildfake_midjourney,full_synthetic,midjourney,train,9c1d5f1bb9129c0f,jpeg30
1,wildfake_midjourney,full_synthetic,midjourney,train,9c1d5f1bb9129c0f,blur10
1,wildfake_midjourney,full_synthetic,midjourney,train,9c1d5f1bb9129c0f,noise002
1,wildfake_midjourney,full_synthetic,midjourney,train,8e361346ca280268,clean
1,wildfake_midjourney,full_synthetic,midjourney,train,8e361346ca280268,blur10
1,wildfake_midjourney,full_synthetic,midjourney,train,8e361346ca280268,blur20
1,wildfake_midjourney,full_synthetic,midjourney,train,8e361346ca280268,resize025
1,wildfake_midjourney,full_synthetic,midjourney,train,2a8c0d269b80253e,clean
1,wildfake_midjourney,full_synthetic,midjourney,train,2a8c0d269b80253e,jpeg70
1,wildfake_midjourney,full_synthetic,midjourney,train,2a8c0d269b80253e,blur10
1,wildfake_midjourney,full_synthetic,midjourney,train,2a8c0d269b80253e,jitter02
1,wildfake_midjourney,full_synthetic,midjourney,train,2bd8e3996a2ca48d,clean
1,wildfake_midjourney,full_synthetic,midjourney,train,2bd8e3996a2ca48d,jpeg90
1,wildfake_midjourney,full_synthetic,midjourney,train,2bd8e3996a2ca48d,blur05
1,wildfake_midjourney,full_synthetic,midjourney,train,2bd8e3996a2ca48d,resize05
1,wildfake_midjourney,full_synthetic,midjourney,train,74b55da4db6d2eb9,clean
1,wildfake_midjourney,full_synthetic,midjourney,train,74b55da4db6d2eb9,resize05
1,wildfake_midjourney,full_synthetic,midjourney,train,74b55da4db6d2eb9,noise005
1,wildfake_midjourney,full_synthetic,midjourney,train,74b55da4db6d2eb9,jitter02
1,wildfake_midjourney,full_synthetic,midjourney,train,c22d5bf263aae606,clean
1,wildfake_midjourney,full_synthetic,midjourney,train,c22d5bf263aae606,blur10
1,wildfake_midjourney,full_synthetic,midjourney,train,c22d5bf263aae606,blur20
1,wildfake_midjourney,full_synthetic,midjourney,train,c22d5bf263aae606,jitter02
1,wildfake_midjourney,full_synthetic,midjourney,train,3ea574df9bb51718,clean
1,wildfake_midjourney,full_synthetic,midjourney,train,3ea574df9bb51718,blur05
1,wildfake_midjourney,full_synthetic,midjourney,train,3ea574df9bb51718,noise005
1,wildfake_midjourney,full_synthetic,midjourney,train,3ea574df9bb51718,crop08
1,wildfake_midjourney,full_synthetic,midjourney,train,cb6b34d2f4719490,clean
1,wildfake_midjourney,full_synthetic,midjourney,train,cb6b34d2f4719490,blur10
1,wildfake_midjourney,full_synthetic,midjourney,train,cb6b34d2f4719490,resize025
1,wildfake_midjourney,full_synthetic,midjourney,train,cb6b34d2f4719490,noise002
1,wildfake_midjourney,full_synthetic,midjourney,train,2303d9e9dcfd12d5,clean
1,wildfake_midjourney,full_synthetic,midjourney,train,2303d9e9dcfd12d5,jpeg90
1,wildfake_midjourney,full_synthetic,midjourney,train,2303d9e9dcfd12d5,jpeg50
1,wildfake_midjourney,full_synthetic,midjourney,train,2303d9e9dcfd12d5,jpeg30
1,wildfake_midjourney,full_synthetic,midjourney,train,6ea0d0a4d5208562,clean
1,wildfake_midjourney,full_synthetic,midjourney,train,6ea0d0a4d5208562,jpeg70
1,wildfake_midjourney,full_synthetic,midjourney,train,6ea0d0a4d5208562,blur05
1,wildfake_midjourney,full_synthetic,midjourney,train,6ea0d0a4d5208562,blur10
1,wildfake_midjourney,full_synthetic,midjourney,train,5af9411a2c38b6dd,clean
1,wildfake_midjourney,full_synthetic,midjourney,train,5af9411a2c38b6dd,jpeg90
1,wildfake_midjourney,full_synthetic,midjourney,train,5af9411a2c38b6dd,blur20
1,wildfake_midjourney,full_synthetic,midjourney,train,5af9411a2c38b6dd,resize05
1,wildfake_midjourney,full_synthetic,midjourney,train,96094834e8fd5355,clean
1,wildfake_midjourney,full_synthetic,midjourney,train,96094834e8fd5355,jpeg30
1,wildfake_midjourney,full_synthetic,midjourney,train,96094834e8fd5355,blur10
1,wildfake_midjourney,full_synthetic,midjourney,train,96094834e8fd5355,resize025
1,wildfake_midjourney,full_synthetic,midjourney,train,44ed015ab735cbbd,clean
1,wildfake_midjourney,full_synthetic,midjourney,train,44ed015ab735cbbd,jpeg50
1,wildfake_midjourney,full_synthetic,midjourney,train,44ed015ab735cbbd,resize05
1,wildfake_midjourney,full_synthetic,midjourney,train,44ed015ab735cbbd,noise01
1,wildfake_midjourney,full_synthetic,midjourney,train,ff3a9fe382029d21,clean
1,wildfake_midjourney,full_synthetic,midjourney,train,ff3a9fe382029d21,jpeg30
1,wildfake_midjourney,full_synthetic,midjourney,train,ff3a9fe382029d21,resize05
1,wildfake_midjourney,full_synthetic,midjourney,train,ff3a9fe382029d21,resize025
1,wildfake_midjourney,full_synthetic,midjourney,train,54a7610ae4a39ca4,clean
1,wildfake_midjourney,full_synthetic,midjourney,train,54a7610ae4a39ca4,jpeg30
1,wildfake_midjourney,full_synthetic,midjourney,train,54a7610ae4a39ca4,blur05
1,wildfake_midjourney,full_synthetic,midjourney,train,54a7610ae4a39ca4,jitter02
1,wildfake_midjourney,full_synthetic,midjourney,train,50e37ca6b11ceb4b,clean
1,wildfake_midjourney,full_synthetic,midjourney,train,50e37ca6b11ceb4b,jpeg30
1,wildfake_midjourney,full_synthetic,midjourney,train,50e37ca6b11ceb4b,resize025
1,wildfake_midjourney,full_synthetic,midjourney,train,50e37ca6b11ceb4b,noise005
1,wildfake_midjourney,full_synthetic,midjourney,train,a052920e4c9a3631,clean
1,wildfake_midjourney,full_synthetic,midjourney,train,a052920e4c9a3631,jpeg50
1,wildfake_midjourney,full_synthetic,midjourney,train,a052920e4c9a3631,blur10
1,wildfake_midjourney,full_synthetic,midjourney,train,a052920e4c9a3631,noise002
1,wildfake_midjourney,full_synthetic,midjourney,train,3e06d145c4a3b1a9,clean
1,wildfake_midjourney,full_synthetic,midjourney,train,3e06d145c4a3b1a9,resize05
1,wildfake_midjourney,full_synthetic,midjourney,train,3e06d145c4a3b1a9,resize025
1,wildfake_midjourney,full_synthetic,midjourney,train,3e06d145c4a3b1a9,noise01
1,wildfake_midjourney,full_synthetic,midjourney,train,6c5a4296fa206813,clean
1,wildfake_midjourney,full_synthetic,midjourney,train,6c5a4296fa206813,blur05
1,wildfake_midjourney,full_synthetic,midjourney,train,6c5a4296fa206813,resize05
1,wildfake_midjourney,full_synthetic,midjourney,train,6c5a4296fa206813,resize025
1,wildfake_midjourney,full_synthetic,midjourney,train,ea7d1878641594ba,clean
1,wildfake_midjourney,full_synthetic,midjourney,train,ea7d1878641594ba,blur10
1,wildfake_midjourney,full_synthetic,midjourney,train,ea7d1878641594ba,resize05
1,wildfake_midjourney,full_synthetic,midjourney,train,ea7d1878641594ba,noise01
1,wildfake_midjourney,full_synthetic,midjourney,train,0c74aaf1e561caa3,clean
1,wildfake_midjourney,full_synthetic,midjourney,train,0c74aaf1e561caa3,blur10
1,wildfake_midjourney,full_synthetic,midjourney,train,0c74aaf1e561caa3,resize05
1,wildfake_midjourney,full_synthetic,midjourney,train,0c74aaf1e561caa3,crop08
1,wildfake_midjourney,full_synthetic,midjourney,train,f20886f2eef58e1a,clean
1,wildfake_midjourney,full_synthetic,midjourney,train,f20886f2eef58e1a,jpeg90
1,wildfake_midjourney,full_synthetic,midjourney,train,f20886f2eef58e1a,blur10
1,wildfake_midjourney,full_synthetic,midjourney,train,f20886f2eef58e1a,blur20
1,wildfake_midjourney,full_synthetic,midjourney,train,6ffdbcaac39dd505,clean
1,wildfake_midjourney,full_synthetic,midjourney,train,6ffdbcaac39dd505,blur05
1,wildfake_midjourney,full_synthetic,midjourney,train,6ffdbcaac39dd505,noise002
1,wildfake_midjourney,full_synthetic,midjourney,train,6ffdbcaac39dd505,crop08
1,wildfake_midjourney,full_synthetic,midjourney,train,3694c1a8c256153f,clean
1,wildfake_midjourney,full_synthetic,midjourney,train,3694c1a8c256153f,resize05
1,wildfake_midjourney,full_synthetic,midjourney,train,3694c1a8c256153f,noise002
1,wildfake_midjourney,full_synthetic,midjourney,train,3694c1a8c256153f,crop08
1,wildfake_midjourney,full_synthetic,midjourney,train,407c9ee61ecda57b,clean
1,wildfake_midjourney,full_synthetic,midjourney,train,407c9ee61ecda57b,jpeg70
1,wildfake_midjourney,full_synthetic,midjourney,train,407c9ee61ecda57b,blur10
1,wildfake_midjourney,full_synthetic,midjourney,train,407c9ee61ecda57b,resize05
1,wildfake_midjourney,full_synthetic,midjourney,train,cb27449fb73151c2,clean
1,wildfake_midjourney,full_synthetic,midjourney,train,cb27449fb73151c2,jpeg50
1,wildfake_midjourney,full_synthetic,midjourney,train,cb27449fb73151c2,blur05
1,wildfake_midjourney,full_synthetic,midjourney,train,cb27449fb73151c2,blur20
1,wildfake_midjourney,full_synthetic,midjourney,train,f9029eec00d7f4ab,clean
1,wildfake_midjourney,full_synthetic,midjourney,train,f9029eec00d7f4ab,jpeg90
1,wildfake_midjourney,full_synthetic,midjourney,train,f9029eec00d7f4ab,blur05
1,wildfake_midjourney,full_synthetic,midjourney,train,f9029eec00d7f4ab,resize05
1,wildfake_midjourney,full_synthetic,midjourney,train,640229b917f723d2,clean
1,wildfake_midjourney,full_synthetic,midjourney,train,640229b917f723d2,noise002
1,wildfake_midjourney,full_synthetic,midjourney,train,640229b917f723d2,noise005
1,wildfake_midjourney,full_synthetic,midjourney,train,640229b917f723d2,crop08
1,wildfake_midjourney,full_synthetic,midjourney,train,f852b7fdca5e8830,clean
1,wildfake_midjourney,full_synthetic,midjourney,train,f852b7fdca5e8830,blur05
1,wildfake_midjourney,full_synthetic,midjourney,train,f852b7fdca5e8830,resize025
1,wildfake_midjourney,full_synthetic,midjourney,train,f852b7fdca5e8830,noise002
1,wildfake_midjourney,full_synthetic,midjourney,train,e4af8d2bf2940900,clean
1,wildfake_midjourney,full_synthetic,midjourney,train,e4af8d2bf2940900,jpeg30
1,wildfake_midjourney,full_synthetic,midjourney,train,e4af8d2bf2940900,blur05
1,wildfake_midjourney,full_synthetic,midjourney,train,e4af8d2bf2940900,jitter02
1,wildfake_midjourney,full_synthetic,midjourney,train,2e177d93ac650271,clean
1,wildfake_midjourney,full_synthetic,midjourney,train,2e177d93ac650271,blur10
1,wildfake_midjourney,full_synthetic,midjourney,train,2e177d93ac650271,noise002
1,wildfake_midjourney,full_synthetic,midjourney,train,2e177d93ac650271,noise01
1,wildfake_midjourney,full_synthetic,midjourney,train,552829e6a5ea3a72,clean
1,wildfake_midjourney,full_synthetic,midjourney,train,552829e6a5ea3a72,jpeg90
1,wildfake_midjourney,full_synthetic,midjourney,train,552829e6a5ea3a72,jpeg70
1,wildfake_midjourney,full_synthetic,midjourney,train,552829e6a5ea3a72,blur05
1,wildfake_midjourney,full_synthetic,midjourney,train,9cf70ff090203b1f,clean
1,wildfake_midjourney,full_synthetic,midjourney,train,9cf70ff090203b1f,jpeg70
1,wildfake_midjourney,full_synthetic,midjourney,train,9cf70ff090203b1f,blur05
1,wildfake_midjourney,full_synthetic,midjourney,train,9cf70ff090203b1f,resize05
1,wildfake_midjourney,full_synthetic,midjourney,train,445fa2b60f542d41,clean
1,wildfake_midjourney,full_synthetic,midjourney,train,445fa2b60f542d41,blur20
1,wildfake_midjourney,full_synthetic,midjourney,train,445fa2b60f542d41,noise01
1,wildfake_midjourney,full_synthetic,midjourney,train,445fa2b60f542d41,crop08
1,wildfake_midjourney,full_synthetic,midjourney,train,b01b85ea44f3f0af,clean
1,wildfake_midjourney,full_synthetic,midjourney,train,b01b85ea44f3f0af,blur05
1,wildfake_midjourney,full_synthetic,midjourney,train,b01b85ea44f3f0af,resize05
1,wildfake_midjourney,full_synthetic,midjourney,train,b01b85ea44f3f0af,crop08
1,wildfake_midjourney,full_synthetic,midjourney,train,c5d99675b1331937,clean
1,wildfake_midjourney,full_synthetic,midjourney,train,c5d99675b1331937,jpeg30
1,wildfake_midjourney,full_synthetic,midjourney,train,c5d99675b1331937,resize025
1,wildfake_midjourney,full_synthetic,midjourney,train,c5d99675b1331937,noise005
1,wildfake_midjourney,full_synthetic,midjourney,train,61cd86acc1005615,clean
1,wildfake_midjourney,full_synthetic,midjourney,train,61cd86acc1005615,jpeg70
1,wildfake_midjourney,full_synthetic,midjourney,train,61cd86acc1005615,blur10
1,wildfake_midjourney,full_synthetic,midjourney,train,61cd86acc1005615,crop08
1,wildfake_midjourney,full_synthetic,midjourney,train,532b19fb3138836b,clean
1,wildfake_midjourney,full_synthetic,midjourney,train,532b19fb3138836b,jpeg90
1,wildfake_midjourney,full_synthetic,midjourney,train,532b19fb3138836b,noise002
1,wildfake_midjourney,full_synthetic,midjourney,train,532b19fb3138836b,noise005
1,wildfake_midjourney,full_synthetic,midjourney,train,6566de0c1145bee3,clean
1,wildfake_midjourney,full_synthetic,midjourney,train,6566de0c1145bee3,jpeg70
1,wildfake_midjourney,full_synthetic,midjourney,train,6566de0c1145bee3,jpeg30
1,wildfake_midjourney,full_synthetic,midjourney,train,6566de0c1145bee3,blur20
1,wildfake_midjourney,full_synthetic,midjourney,train,ebf7f80f50ed8fe5,clean
1,wildfake_midjourney,full_synthetic,midjourney,train,ebf7f80f50ed8fe5,resize05
1,wildfake_midjourney,full_synthetic,midjourney,train,ebf7f80f50ed8fe5,noise01
1,wildfake_midjourney,full_synthetic,midjourney,train,ebf7f80f50ed8fe5,jitter02
1,wildfake_midjourney,full_synthetic,midjourney,train,af0fc70c968c2c86,clean
1,wildfake_midjourney,full_synthetic,midjourney,train,af0fc70c968c2c86,jpeg90
1,wildfake_midjourney,full_synthetic,midjourney,train,af0fc70c968c2c86,jpeg70
1,wildfake_midjourney,full_synthetic,midjourney,train,af0fc70c968c2c86,noise01
1,wildfake_midjourney,full_synthetic,midjourney,train,aa530ba615569365,clean
1,wildfake_midjourney,full_synthetic,midjourney,train,aa530ba615569365,jpeg70
1,wildfake_midjourney,full_synthetic,midjourney,train,aa530ba615569365,resize025
1,wildfake_midjourney,full_synthetic,midjourney,train,aa530ba615569365,crop08
1,wildfake_midjourney,full_synthetic,midjourney,train,87a9db9164a06e1c,clean
1,wildfake_midjourney,full_synthetic,midjourney,train,87a9db9164a06e1c,blur20
1,wildfake_midjourney,full_synthetic,midjourney,train,87a9db9164a06e1c,jitter02
1,wildfake_midjourney,full_synthetic,midjourney,train,87a9db9164a06e1c,crop08
1,wildfake_midjourney,full_synthetic,midjourney,train,a832f34b07c14120,clean
1,wildfake_midjourney,full_synthetic,midjourney,train,a832f34b07c14120,blur10
1,wildfake_midjourney,full_synthetic,midjourney,train,a832f34b07c14120,noise002
1,wildfake_midjourney,full_synthetic,midjourney,train,a832f34b07c14120,noise005
1,wildfake_midjourney,full_synthetic,midjourney,train,25b5fd84c8e450e3,clean
1,wildfake_midjourney,full_synthetic,midjourney,train,25b5fd84c8e450e3,jpeg30
1,wildfake_midjourney,full_synthetic,midjourney,train,25b5fd84c8e450e3,blur05
1,wildfake_midjourney,full_synthetic,midjourney,train,25b5fd84c8e450e3,blur20
1,wildfake_midjourney,full_synthetic,midjourney,train,2b608e7c2b29a509,clean
1,wildfake_midjourney,full_synthetic,midjourney,train,2b608e7c2b29a509,jpeg50
1,wildfake_midjourney,full_synthetic,midjourney,train,2b608e7c2b29a509,blur10
1,wildfake_midjourney,full_synthetic,midjourney,train,2b608e7c2b29a509,noise002
1,wildfake_midjourney,full_synthetic,midjourney,train,1a123444d54a1ca5,clean
1,wildfake_midjourney,full_synthetic,midjourney,train,1a123444d54a1ca5,jpeg50
1,wildfake_midjourney,full_synthetic,midjourney,train,1a123444d54a1ca5,blur05
1,wildfake_midjourney,full_synthetic,midjourney,train,1a123444d54a1ca5,jitter02
1,wildfake_midjourney,full_synthetic,midjourney,train,806e7baf39fe5b50,clean
1,wildfake_midjourney,full_synthetic,midjourney,train,806e7baf39fe5b50,resize05
1,wildfake_midjourney,full_synthetic,midjourney,train,806e7baf39fe5b50,noise002
1,wildfake_midjourney,full_synthetic,midjourney,train,806e7baf39fe5b50,noise005
1,wildfake_midjourney,full_synthetic,midjourney,train,65eefb0757d9fe91,clean
1,wildfake_midjourney,full_synthetic,midjourney,train,65eefb0757d9fe91,jpeg70
1,wildfake_midjourney,full_synthetic,midjourney,train,65eefb0757d9fe91,jpeg30
1,wildfake_midjourney,full_synthetic,midjourney,train,65eefb0757d9fe91,noise005
1,wildfake_midjourney,full_synthetic,midjourney,train,3ccf83d2de31023d,clean
1,wildfake_midjourney,full_synthetic,midjourney,train,3ccf83d2de31023d,jpeg70
1,wildfake_midjourney,full_synthetic,midjourney,train,3ccf83d2de31023d,jpeg50
1,wildfake_midjourney,full_synthetic,midjourney,train,3ccf83d2de31023d,noise005
1,wildfake_midjourney,full_synthetic,midjourney,train,6db675f57c734ad7,clean
1,wildfake_midjourney,full_synthetic,midjourney,train,6db675f57c734ad7,jpeg90
1,wildfake_midjourney,full_synthetic,midjourney,train,6db675f57c734ad7,noise005
1,wildfake_midjourney,full_synthetic,midjourney,train,6db675f57c734ad7,jitter02
1,wildfake_midjourney,full_synthetic,midjourney,train,8d1a42bc40ef1b65,clean
1,wildfake_midjourney,full_synthetic,midjourney,train,8d1a42bc40ef1b65,blur10
1,wildfake_midjourney,full_synthetic,midjourney,train,8d1a42bc40ef1b65,blur20
1,wildfake_midjourney,full_synthetic,midjourney,train,8d1a42bc40ef1b65,resize05
1,wildfake_midjourney,full_synthetic,midjourney,train,968c9167f083cf9e,clean
1,wildfake_midjourney,full_synthetic,midjourney,train,968c9167f083cf9e,jpeg50
1,wildfake_midjourney,full_synthetic,midjourney,train,968c9167f083cf9e,blur20
1,wildfake_midjourney,full_synthetic,midjourney,train,968c9167f083cf9e,crop08
1,wildfake_midjourney,full_synthetic,midjourney,train,314e5793908e114c,clean
1,wildfake_midjourney,full_synthetic,midjourney,train,314e5793908e114c,jpeg70
1,wildfake_midjourney,full_synthetic,midjourney,train,314e5793908e114c,jpeg50
1,wildfake_midjourney,full_synthetic,midjourney,train,314e5793908e114c,blur05
1,wildfake_midjourney,full_synthetic,midjourney,train,dc1900697ffb20b9,clean
1,wildfake_midjourney,full_synthetic,midjourney,train,dc1900697ffb20b9,blur10
1,wildfake_midjourney,full_synthetic,midjourney,train,dc1900697ffb20b9,resize025
1,wildfake_midjourney,full_synthetic,midjourney,train,dc1900697ffb20b9,noise002
1,wildfake_midjourney,full_synthetic,midjourney,train,12f08ebf6e0fb855,clean
1,wildfake_midjourney,full_synthetic,midjourney,train,12f08ebf6e0fb855,jpeg50
1,wildfake_midjourney,full_synthetic,midjourney,train,12f08ebf6e0fb855,blur20
1,wildfake_midjourney,full_synthetic,midjourney,train,12f08ebf6e0fb855,jitter02
1,wildfake_midjourney,full_synthetic,midjourney,train,ba77515703ce711d,clean
1,wildfake_midjourney,full_synthetic,midjourney,train,ba77515703ce711d,blur10
1,wildfake_midjourney,full_synthetic,midjourney,train,ba77515703ce711d,blur20
1,wildfake_midjourney,full_synthetic,midjourney,train,ba77515703ce711d,crop08
1,wildfake_midjourney,full_synthetic,midjourney,train,d8ae445cb0eb6b9b,clean
1,wildfake_midjourney,full_synthetic,midjourney,train,d8ae445cb0eb6b9b,jpeg90
1,wildfake_midjourney,full_synthetic,midjourney,train,d8ae445cb0eb6b9b,jpeg30
1,wildfake_midjourney,full_synthetic,midjourney,train,d8ae445cb0eb6b9b,jitter02
1,wildfake_midjourney,full_synthetic,midjourney,train,91f25b7447a11233,clean
1,wildfake_midjourney,full_synthetic,midjourney,train,91f25b7447a11233,jpeg30
1,wildfake_midjourney,full_synthetic,midjourney,train,91f25b7447a11233,resize025
1,wildfake_midjourney,full_synthetic,midjourney,train,91f25b7447a11233,noise01
1,wildfake_midjourney,full_synthetic,midjourney,train,7ce95212f93b9189,clean
1,wildfake_midjourney,full_synthetic,midjourney,train,7ce95212f93b9189,jpeg30
1,wildfake_midjourney,full_synthetic,midjourney,train,7ce95212f93b9189,blur05
1,wildfake_midjourney,full_synthetic,midjourney,train,7ce95212f93b9189,noise005
1,wildfake_midjourney,full_synthetic,midjourney,train,68550853d8032ecf,clean
1,wildfake_midjourney,full_synthetic,midjourney,train,68550853d8032ecf,jpeg90
1,wildfake_midjourney,full_synthetic,midjourney,train,68550853d8032ecf,jpeg70
1,wildfake_midjourney,full_synthetic,midjourney,train,68550853d8032ecf,blur10
1,wildfake_midjourney,full_synthetic,midjourney,train,43e9ddd191fbf646,clean
1,wildfake_midjourney,full_synthetic,midjourney,train,43e9ddd191fbf646,jpeg50
1,wildfake_midjourney,full_synthetic,midjourney,train,43e9ddd191fbf646,noise002
1,wildfake_midjourney,full_synthetic,midjourney,train,43e9ddd191fbf646,noise01
1,wildfake_midjourney,full_synthetic,midjourney,train,f5f6f081e443af47,clean
1,wildfake_midjourney,full_synthetic,midjourney,train,f5f6f081e443af47,jpeg70
1,wildfake_midjourney,full_synthetic,midjourney,train,f5f6f081e443af47,resize05
1,wildfake_midjourney,full_synthetic,midjourney,train,f5f6f081e443af47,noise005
1,wildfake_midjourney,full_synthetic,midjourney,train,be5147fc37392547,clean
1,wildfake_midjourney,full_synthetic,midjourney,train,be5147fc37392547,jpeg70
1,wildfake_midjourney,full_synthetic,midjourney,train,be5147fc37392547,jpeg30
1,wildfake_midjourney,full_synthetic,midjourney,train,be5147fc37392547,crop08
1,wildfake_midjourney,full_synthetic,midjourney,train,95797fd6ce749089,clean
1,wildfake_midjourney,full_synthetic,midjourney,train,95797fd6ce749089,jpeg90
1,wildfake_midjourney,full_synthetic,midjourney,train,95797fd6ce749089,jpeg30
1,wildfake_midjourney,full_synthetic,midjourney,train,95797fd6ce749089,noise01
1,wildfake_midjourney,full_synthetic,midjourney,train,4ca4a0284af4464b,clean
1,wildfake_midjourney,full_synthetic,midjourney,train,4ca4a0284af4464b,jpeg30
1,wildfake_midjourney,full_synthetic,midjourney,train,4ca4a0284af4464b,blur05
1,wildfake_midjourney,full_synthetic,midjourney,train,4ca4a0284af4464b,resize05
1,wildfake_midjourney,full_synthetic,midjourney,train,a552761d2ab22d5c,clean
1,wildfake_midjourney,full_synthetic,midjourney,train,a552761d2ab22d5c,blur20
1,wildfake_midjourney,full_synthetic,midjourney,train,a552761d2ab22d5c,noise005
1,wildfake_midjourney,full_synthetic,midjourney,train,a552761d2ab22d5c,noise01
1,wildfake_midjourney,full_synthetic,midjourney,train,99d16474ca3e8e89,clean
1,wildfake_midjourney,full_synthetic,midjourney,train,99d16474ca3e8e89,noise002
1,wildfake_midjourney,full_synthetic,midjourney,train,99d16474ca3e8e89,jitter02
1,wildfake_midjourney,full_synthetic,midjourney,train,99d16474ca3e8e89,crop08
1,wildfake_midjourney,full_synthetic,midjourney,train,0f97f9fd5c889637,clean
1,wildfake_midjourney,full_synthetic,midjourney,train,0f97f9fd5c889637,jpeg90
1,wildfake_midjourney,full_synthetic,midjourney,train,0f97f9fd5c889637,jpeg30
1,wildfake_midjourney,full_synthetic,midjourney,train,0f97f9fd5c889637,noise005
1,wildfake_midjourney,full_synthetic,midjourney,train,950da4b3c5b029aa,clean
1,wildfake_midjourney,full_synthetic,midjourney,train,950da4b3c5b029aa,jpeg90
1,wildfake_midjourney,full_synthetic,midjourney,train,950da4b3c5b029aa,resize025
1,wildfake_midjourney,full_synthetic,midjourney,train,950da4b3c5b029aa,jitter02
1,wildfake_midjourney,full_synthetic,midjourney,train,44111ef5c95f375b,clean
1,wildfake_midjourney,full_synthetic,midjourney,train,44111ef5c95f375b,jpeg90
1,wildfake_midjourney,full_synthetic,midjourney,train,44111ef5c95f375b,jpeg70
1,wildfake_midjourney,full_synthetic,midjourney,train,44111ef5c95f375b,blur10
1,wildfake_midjourney,full_synthetic,midjourney,train,36ff2f1b54b64832,clean
1,wildfake_midjourney,full_synthetic,midjourney,train,36ff2f1b54b64832,jpeg70
1,wildfake_midjourney,full_synthetic,midjourney,train,36ff2f1b54b64832,blur05
1,wildfake_midjourney,full_synthetic,midjourney,train,36ff2f1b54b64832,blur20
1,wildfake_midjourney,full_synthetic,midjourney,train,f0862a9056699eb5,clean
1,wildfake_midjourney,full_synthetic,midjourney,train,f0862a9056699eb5,jpeg30
1,wildfake_midjourney,full_synthetic,midjourney,train,f0862a9056699eb5,resize05
1,wildfake_midjourney,full_synthetic,midjourney,train,f0862a9056699eb5,noise005
1,wildfake_midjourney,full_synthetic,midjourney,train,e3c6f1a3f627308b,clean
1,wildfake_midjourney,full_synthetic,midjourney,train,e3c6f1a3f627308b,jpeg50
1,wildfake_midjourney,full_synthetic,midjourney,train,e3c6f1a3f627308b,jpeg30
1,wildfake_midjourney,full_synthetic,midjourney,train,e3c6f1a3f627308b,blur10
1,wildfake_midjourney,full_synthetic,midjourney,train,e9781bdea720de32,clean
1,wildfake_midjourney,full_synthetic,midjourney,train,e9781bdea720de32,jpeg90
1,wildfake_midjourney,full_synthetic,midjourney,train,e9781bdea720de32,noise01
1,wildfake_midjourney,full_synthetic,midjourney,train,e9781bdea720de32,jitter02
1,wildfake_midjourney,full_synthetic,midjourney,train,c9a45c97e7c936db,clean
1,wildfake_midjourney,full_synthetic,midjourney,train,c9a45c97e7c936db,jpeg70
1,wildfake_midjourney,full_synthetic,midjourney,train,c9a45c97e7c936db,resize05
1,wildfake_midjourney,full_synthetic,midjourney,train,c9a45c97e7c936db,noise005
1,wildfake_midjourney,full_synthetic,midjourney,train,7943584660e634ea,clean
1,wildfake_midjourney,full_synthetic,midjourney,train,7943584660e634ea,resize025
1,wildfake_midjourney,full_synthetic,midjourney,train,7943584660e634ea,noise002
1,wildfake_midjourney,full_synthetic,midjourney,train,7943584660e634ea,noise01
1,wildfake_midjourney,full_synthetic,midjourney,train,c3d26d50c8026a46,clean
1,wildfake_midjourney,full_synthetic,midjourney,train,c3d26d50c8026a46,jpeg50
1,wildfake_midjourney,full_synthetic,midjourney,train,c3d26d50c8026a46,jpeg30
1,wildfake_midjourney,full_synthetic,midjourney,train,c3d26d50c8026a46,blur20
1,wildfake_midjourney,full_synthetic,midjourney,train,6953a8bc117417bd,clean
1,wildfake_midjourney,full_synthetic,midjourney,train,6953a8bc117417bd,blur10
1,wildfake_midjourney,full_synthetic,midjourney,train,6953a8bc117417bd,resize025
1,wildfake_midjourney,full_synthetic,midjourney,train,6953a8bc117417bd,noise002
1,wildfake_midjourney,full_synthetic,midjourney,train,14736dd330933ca0,clean
1,wildfake_midjourney,full_synthetic,midjourney,train,14736dd330933ca0,jpeg90
1,wildfake_midjourney,full_synthetic,midjourney,train,14736dd330933ca0,blur20
1,wildfake_midjourney,full_synthetic,midjourney,train,14736dd330933ca0,noise01
1,wildfake_midjourney,full_synthetic,midjourney,train,c04ffc2a7b05418f,clean
1,wildfake_midjourney,full_synthetic,midjourney,train,c04ffc2a7b05418f,jpeg70
1,wildfake_midjourney,full_synthetic,midjourney,train,c04ffc2a7b05418f,blur10
1,wildfake_midjourney,full_synthetic,midjourney,train,c04ffc2a7b05418f,crop08
1,wildfake_midjourney,full_synthetic,midjourney,train,43fa9ee92f5bf0f1,clean
1,wildfake_midjourney,full_synthetic,midjourney,train,43fa9ee92f5bf0f1,blur10
1,wildfake_midjourney,full_synthetic,midjourney,train,43fa9ee92f5bf0f1,noise002
1,wildfake_midjourney,full_synthetic,midjourney,train,43fa9ee92f5bf0f1,crop08
1,wildfake_midjourney,full_synthetic,midjourney,train,45dec56094379a0c,clean
1,wildfake_midjourney,full_synthetic,midjourney,train,45dec56094379a0c,jpeg70
1,wildfake_midjourney,full_synthetic,midjourney,train,45dec56094379a0c,blur20
1,wildfake_midjourney,full_synthetic,midjourney,train,45dec56094379a0c,jitter02
1,wildfake_midjourney,full_synthetic,midjourney,train,7440aac6074ed708,clean
1,wildfake_midjourney,full_synthetic,midjourney,train,7440aac6074ed708,blur10
1,wildfake_midjourney,full_synthetic,midjourney,train,7440aac6074ed708,noise005
1,wildfake_midjourney,full_synthetic,midjourney,train,7440aac6074ed708,noise01
1,wildfake_midjourney,full_synthetic,midjourney,train,1684d259f445fc67,clean
1,wildfake_midjourney,full_synthetic,midjourney,train,1684d259f445fc67,noise002
1,wildfake_midjourney,full_synthetic,midjourney,train,1684d259f445fc67,noise01
1,wildfake_midjourney,full_synthetic,midjourney,train,1684d259f445fc67,jitter02
1,wildfake_midjourney,full_synthetic,midjourney,train,e5694e21400683af,clean
1,wildfake_midjourney,full_synthetic,midjourney,train,e5694e21400683af,blur10
1,wildfake_midjourney,full_synthetic,midjourney,train,e5694e21400683af,noise002
1,wildfake_midjourney,full_synthetic,midjourney,train,e5694e21400683af,noise01
1,wildfake_midjourney,full_synthetic,midjourney,train,fc2a09644c01f56a,clean
1,wildfake_midjourney,full_synthetic,midjourney,train,fc2a09644c01f56a,jpeg90
1,wildfake_midjourney,full_synthetic,midjourney,train,fc2a09644c01f56a,jpeg70
1,wildfake_midjourney,full_synthetic,midjourney,train,fc2a09644c01f56a,jpeg50
1,wildfake_midjourney,full_synthetic,midjourney,train,28e4cb90952ac8d2,clean
1,wildfake_midjourney,full_synthetic,midjourney,train,28e4cb90952ac8d2,jpeg50
1,wildfake_midjourney,full_synthetic,midjourney,train,28e4cb90952ac8d2,jitter02
1,wildfake_midjourney,full_synthetic,midjourney,train,28e4cb90952ac8d2,crop08
1,wildfake_midjourney,full_synthetic,midjourney,train,03f44e959e7fbf43,clean
1,wildfake_midjourney,full_synthetic,midjourney,train,03f44e959e7fbf43,jpeg90
1,wildfake_midjourney,full_synthetic,midjourney,train,03f44e959e7fbf43,blur20
1,wildfake_midjourney,full_synthetic,midjourney,train,03f44e959e7fbf43,resize05
1,wildfake_midjourney,full_synthetic,midjourney,train,820e26d6d9e7af13,clean
1,wildfake_midjourney,full_synthetic,midjourney,train,820e26d6d9e7af13,jpeg50
1,wildfake_midjourney,full_synthetic,midjourney,train,820e26d6d9e7af13,jpeg30
1,wildfake_midjourney,full_synthetic,midjourney,train,820e26d6d9e7af13,jitter02
1,wildfake_midjourney,full_synthetic,midjourney,train,bfd669a60d6f607b,clean
1,wildfake_midjourney,full_synthetic,midjourney,train,bfd669a60d6f607b,blur20
1,wildfake_midjourney,full_synthetic,midjourney,train,bfd669a60d6f607b,noise002
1,wildfake_midjourney,full_synthetic,midjourney,train,bfd669a60d6f607b,noise01
1,wildfake_midjourney,full_synthetic,midjourney,train,71f902cbed08d1da,clean
1,wildfake_midjourney,full_synthetic,midjourney,train,71f902cbed08d1da,jpeg50
1,wildfake_midjourney,full_synthetic,midjourney,train,71f902cbed08d1da,blur05
1,wildfake_midjourney,full_synthetic,midjourney,train,71f902cbed08d1da,resize025
1,wildfake_midjourney,full_synthetic,midjourney,train,eddbbbbc007e0c48,clean
1,wildfake_midjourney,full_synthetic,midjourney,train,eddbbbbc007e0c48,blur20
1,wildfake_midjourney,full_synthetic,midjourney,train,eddbbbbc007e0c48,resize05
1,wildfake_midjourney,full_synthetic,midjourney,train,eddbbbbc007e0c48,resize025
1,wildfake_midjourney,full_synthetic,midjourney,train,720d27d16bcb9c96,clean
1,wildfake_midjourney,full_synthetic,midjourney,train,720d27d16bcb9c96,jpeg30
1,wildfake_midjourney,full_synthetic,midjourney,train,720d27d16bcb9c96,blur05
1,wildfake_midjourney,full_synthetic,midjourney,train,720d27d16bcb9c96,blur20
1,wildfake_midjourney,full_synthetic,midjourney,train,fa856883c3a79e65,clean
1,wildfake_midjourney,full_synthetic,midjourney,train,fa856883c3a79e65,blur05
1,wildfake_midjourney,full_synthetic,midjourney,train,fa856883c3a79e65,blur20
1,wildfake_midjourney,full_synthetic,midjourney,train,fa856883c3a79e65,resize05
1,wildfake_midjourney,full_synthetic,midjourney,train,ab8b8fff4211c0a1,clean
1,wildfake_midjourney,full_synthetic,midjourney,train,ab8b8fff4211c0a1,jpeg90
1,wildfake_midjourney,full_synthetic,midjourney,train,ab8b8fff4211c0a1,blur05
1,wildfake_midjourney,full_synthetic,midjourney,train,ab8b8fff4211c0a1,resize025
1,wildfake_midjourney,full_synthetic,midjourney,train,9036dee0d6468f69,clean
1,wildfake_midjourney,full_synthetic,midjourney,train,9036dee0d6468f69,blur05
1,wildfake_midjourney,full_synthetic,midjourney,train,9036dee0d6468f69,blur10
1,wildfake_midjourney,full_synthetic,midjourney,train,9036dee0d6468f69,noise01
1,wildfake_midjourney,full_synthetic,midjourney,train,ee174a742eeb9589,clean
1,wildfake_midjourney,full_synthetic,midjourney,train,ee174a742eeb9589,jpeg90
1,wildfake_midjourney,full_synthetic,midjourney,train,ee174a742eeb9589,blur05
1,wildfake_midjourney,full_synthetic,midjourney,train,ee174a742eeb9589,resize025
1,wildfake_midjourney,full_synthetic,midjourney,train,d2d8110eba93452b,clean
1,wildfake_midjourney,full_synthetic,midjourney,train,d2d8110eba93452b,blur05
1,wildfake_midjourney,full_synthetic,midjourney,train,d2d8110eba93452b,blur10
1,wildfake_midjourney,full_synthetic,midjourney,train,d2d8110eba93452b,crop08
1,wildfake_midjourney,full_synthetic,midjourney,train,c346e545d9cc9eb3,clean
1,wildfake_midjourney,full_synthetic,midjourney,train,c346e545d9cc9eb3,blur20
1,wildfake_midjourney,full_synthetic,midjourney,train,c346e545d9cc9eb3,resize025
1,wildfake_midjourney,full_synthetic,midjourney,train,c346e545d9cc9eb3,noise002
1,wildfake_midjourney,full_synthetic,midjourney,train,d603a40bf6ceac84,clean
1,wildfake_midjourney,full_synthetic,midjourney,train,d603a40bf6ceac84,resize025
1,wildfake_midjourney,full_synthetic,midjourney,train,d603a40bf6ceac84,noise002
1,wildfake_midjourney,full_synthetic,midjourney,train,d603a40bf6ceac84,noise005
1,wildfake_midjourney,full_synthetic,midjourney,train,8ec50ce798772e1a,clean
1,wildfake_midjourney,full_synthetic,midjourney,train,8ec50ce798772e1a,jpeg50
1,wildfake_midjourney,full_synthetic,midjourney,train,8ec50ce798772e1a,noise01
1,wildfake_midjourney,full_synthetic,midjourney,train,8ec50ce798772e1a,jitter02
1,wildfake_midjourney,full_synthetic,midjourney,train,1a81f3b0adf832ff,clean
1,wildfake_midjourney,full_synthetic,midjourney,train,1a81f3b0adf832ff,jpeg70
1,wildfake_midjourney,full_synthetic,midjourney,train,1a81f3b0adf832ff,jpeg50
1,wildfake_midjourney,full_synthetic,midjourney,train,1a81f3b0adf832ff,resize025
1,wildfake_midjourney,full_synthetic,midjourney,train,2ed6578de8011d01,clean
1,wildfake_midjourney,full_synthetic,midjourney,train,2ed6578de8011d01,jpeg70
1,wildfake_midjourney,full_synthetic,midjourney,train,2ed6578de8011d01,jpeg50
1,wildfake_midjourney,full_synthetic,midjourney,train,2ed6578de8011d01,noise01
1,wildfake_midjourney,full_synthetic,midjourney,train,34b112829c457940,clean
1,wildfake_midjourney,full_synthetic,midjourney,train,34b112829c457940,jpeg90
1,wildfake_midjourney,full_synthetic,midjourney,train,34b112829c457940,jpeg70
1,wildfake_midjourney,full_synthetic,midjourney,train,34b112829c457940,blur10
1,wildfake_midjourney,full_synthetic,midjourney,train,22e1764fd5a289cd,clean
1,wildfake_midjourney,full_synthetic,midjourney,train,22e1764fd5a289cd,blur10
1,wildfake_midjourney,full_synthetic,midjourney,train,22e1764fd5a289cd,jitter02
1,wildfake_midjourney,full_synthetic,midjourney,train,22e1764fd5a289cd,crop08
1,wildfake_midjourney,full_synthetic,midjourney,train,004993a7ec878087,clean
1,wildfake_midjourney,full_synthetic,midjourney,train,004993a7ec878087,blur10
1,wildfake_midjourney,full_synthetic,midjourney,train,004993a7ec878087,resize05
1,wildfake_midjourney,full_synthetic,midjourney,train,004993a7ec878087,noise002
1,wildfake_midjourney,full_synthetic,midjourney,train,e004fc5674ba51ac,clean
1,wildfake_midjourney,full_synthetic,midjourney,train,e004fc5674ba51ac,jpeg70
1,wildfake_midjourney,full_synthetic,midjourney,train,e004fc5674ba51ac,jpeg50
1,wildfake_midjourney,full_synthetic,midjourney,train,e004fc5674ba51ac,noise01
1,wildfake_midjourney,full_synthetic,midjourney,train,debe2b19576104f8,clean
1,wildfake_midjourney,full_synthetic,midjourney,train,debe2b19576104f8,jpeg70
1,wildfake_midjourney,full_synthetic,midjourney,train,debe2b19576104f8,jpeg30
1,wildfake_midjourney,full_synthetic,midjourney,train,debe2b19576104f8,jitter02
1,wildfake_midjourney,full_synthetic,midjourney,train,47155ce51f07bf04,clean
1,wildfake_midjourney,full_synthetic,midjourney,train,47155ce51f07bf04,noise005
1,wildfake_midjourney,full_synthetic,midjourney,train,47155ce51f07bf04,noise01
1,wildfake_midjourney,full_synthetic,midjourney,train,47155ce51f07bf04,crop08
1,wildfake_midjourney,full_synthetic,midjourney,train,e78573bcdd5057fa,clean
1,wildfake_midjourney,full_synthetic,midjourney,train,e78573bcdd5057fa,jpeg30
1,wildfake_midjourney,full_synthetic,midjourney,train,e78573bcdd5057fa,resize025
1,wildfake_midjourney,full_synthetic,midjourney,train,e78573bcdd5057fa,jitter02
1,wildfake_midjourney,full_synthetic,midjourney,train,141c1bfe9d6d2bbb,clean
1,wildfake_midjourney,full_synthetic,midjourney,train,141c1bfe9d6d2bbb,jpeg90
1,wildfake_midjourney,full_synthetic,midjourney,train,141c1bfe9d6d2bbb,jpeg70
1,wildfake_midjourney,full_synthetic,midjourney,train,141c1bfe9d6d2bbb,resize05
1,wildfake_midjourney,full_synthetic,midjourney,train,ce6cf0c62bc5ea2d,clean
1,wildfake_midjourney,full_synthetic,midjourney,train,ce6cf0c62bc5ea2d,jpeg50
1,wildfake_midjourney,full_synthetic,midjourney,train,ce6cf0c62bc5ea2d,blur20
1,wildfake_midjourney,full_synthetic,midjourney,train,ce6cf0c62bc5ea2d,noise002
1,wildfake_midjourney,full_synthetic,midjourney,train,55309b96c633a074,clean
1,wildfake_midjourney,full_synthetic,midjourney,train,55309b96c633a074,jpeg90
1,wildfake_midjourney,full_synthetic,midjourney,train,55309b96c633a074,jpeg30
1,wildfake_midjourney,full_synthetic,midjourney,train,55309b96c633a074,noise002
1,wildfake_midjourney,full_synthetic,midjourney,train,bcf6d23f3898a84a,clean
1,wildfake_midjourney,full_synthetic,midjourney,train,bcf6d23f3898a84a,jpeg70
1,wildfake_midjourney,full_synthetic,midjourney,train,bcf6d23f3898a84a,jpeg30
1,wildfake_midjourney,full_synthetic,midjourney,train,bcf6d23f3898a84a,jitter02
1,wildfake_midjourney,full_synthetic,midjourney,train,649fb1bc032a5275,clean
1,wildfake_midjourney,full_synthetic,midjourney,train,649fb1bc032a5275,blur05
1,wildfake_midjourney,full_synthetic,midjourney,train,649fb1bc032a5275,resize05
1,wildfake_midjourney,full_synthetic,midjourney,train,649fb1bc032a5275,jitter02
1,wildfake_midjourney,full_synthetic,midjourney,train,b4e4a417c6cea5bf,clean
1,wildfake_midjourney,full_synthetic,midjourney,train,b4e4a417c6cea5bf,jpeg90
1,wildfake_midjourney,full_synthetic,midjourney,train,b4e4a417c6cea5bf,jpeg70
1,wildfake_midjourney,full_synthetic,midjourney,train,b4e4a417c6cea5bf,blur20
1,wildfake_midjourney,full_synthetic,midjourney,train,6fc1050e5d5a8c71,clean
1,wildfake_midjourney,full_synthetic,midjourney,train,6fc1050e5d5a8c71,blur05
1,wildfake_midjourney,full_synthetic,midjourney,train,6fc1050e5d5a8c71,noise01
1,wildfake_midjourney,full_synthetic,midjourney,train,6fc1050e5d5a8c71,jitter02
1,wildfake_midjourney,full_synthetic,midjourney,train,51bb54b4dfa26c32,clean
1,wildfake_midjourney,full_synthetic,midjourney,train,51bb54b4dfa26c32,noise005
1,wildfake_midjourney,full_synthetic,midjourney,train,51bb54b4dfa26c32,noise01
1,wildfake_midjourney,full_synthetic,midjourney,train,51bb54b4dfa26c32,jitter02
1,wildfake_midjourney,full_synthetic,midjourney,train,3f7818c94248c2fa,clean
1,wildfake_midjourney,full_synthetic,midjourney,train,3f7818c94248c2fa,jpeg90
1,wildfake_midjourney,full_synthetic,midjourney,train,3f7818c94248c2fa,jpeg50
1,wildfake_midjourney,full_synthetic,midjourney,train,3f7818c94248c2fa,blur20
