label,source,subclass,generator,split,image_id,variant
1,sid_train,full_synthetic,unknown,train,6883c3d53a188fef,clean
1,sid_train,full_synthetic,unknown,train,6883c3d53a188fef,blur05
1,sid_train,full_synthetic,unknown,train,6883c3d53a188fef,blur10
1,sid_train,full_synthetic,unknown,train,6883c3d53a188fef,jitter02
1,sid_train,full_synthetic,unknown,train,d91c7c654fe36c8e,clean
1,sid_train,full_synthetic,unknown,train,d91c7c654fe36c8e,jpeg90
1,sid_train,full_synthetic,unknown,train,d91c7c654fe36c8e,blur10
1,sid_train,full_synthetic,unknown,train,d91c7c654fe36c8e,resize025
1,sid_train,full_synthetic,unknown,train,18dce0fc5fd5213f,clean
1,sid_train,full_synthetic,unknown,train,18dce0fc5fd5213f,resize05
1,sid_train,full_synthetic,unknown,train,18dce0fc5fd5213f,resize025
1,sid_train,full_synthetic,unknown,train,18dce0fc5fd5213f,noise005
0,sid_train,real,unknown,train,126b418a1a41d71f,clean
0,sid_train,real,unknown,train,126b418a1a41d71f,resize05
0,sid_train,real,unknown,train,126b418a1a41d71f,noise002
0,sid_train,real,unknown,train,126b418a1a41d71f,jitter02
1,sid_train,full_synthetic,unknown,train,06d113267e67fdcc,clean
1,sid_train,full_synthetic,unknown,train,06d113267e67fdcc,jpeg30
1,sid_train,full_synthetic,unknown,train,06d113267e67fdcc,blur20
1,sid_train,full_synthetic,unknown,train,06d113267e67fdcc,noise002
1,sid_train,full_synthetic,unknown,train,8d6737795b8da482,clean
1,sid_train,full_synthetic,unknown,train,8d6737795b8da482,jpeg30
1,sid_train,full_synthetic,unknown,train,8d6737795b8da482,blur10
1,sid_train,full_synthetic,unknown,train,8d6737795b8da482,jitter02
0,sid_train,real,unknown,train,d4536e386a716e97,clean
0,sid_train,real,unknown,train,d4536e386a716e97,jpeg30
0,sid_train,real,unknown,train,d4536e386a716e97,blur05
0,sid_train,real,unknown,train,d4536e386a716e97,noise01
0,sid_train,real,unknown,train,cc46e4adebefdbe4,clean
0,sid_train,real,unknown,train,cc46e4adebefdbe4,noise005
0,sid_train,real,unknown,train,cc46e4adebefdbe4,noise01
0,sid_train,real,unknown,train,cc46e4adebefdbe4,jitter02
0,sid_train,real,unknown,train,41edcc14987ebfdb,clean
0,sid_train,real,unknown,train,41edcc14987ebfdb,jpeg70
0,sid_train,real,unknown,train,41edcc14987ebfdb,blur10
0,sid_train,real,unknown,train,41edcc14987ebfdb,noise01
0,sid_train,real,unknown,train,7238fc82162d2e5f,clean
0,sid_train,real,unknown,train,7238fc82162d2e5f,jpeg90
0,sid_train,real,unknown,train,7238fc82162d2e5f,resize05
0,sid_train,real,unknown,train,7238fc82162d2e5f,crop08
1,sid_train,full_synthetic,unknown,train,a491c84337f03ea5,clean
1,sid_train,full_synthetic,unknown,train,a491c84337f03ea5,jpeg70
1,sid_train,full_synthetic,unknown,train,a491c84337f03ea5,resize05
1,sid_train,full_synthetic,unknown,train,a491c84337f03ea5,jitter02
0,sid_train,real,unknown,train,1dfc85505150c0c8,clean
0,sid_train,real,unknown,train,1dfc85505150c0c8,jpeg50
0,sid_train,real,unknown,train,1dfc85505150c0c8,blur05
0,sid_train,real,unknown,train,1dfc85505150c0c8,blur20
1,sid_train,full_synthetic,unknown,train,88b91dab2507b135,clean
1,sid_train,full_synthetic,unknown,train,88b91dab2507b135,blur10
1,sid_train,full_synthetic,unknown,train,88b91dab2507b135,resize05
1,sid_train,full_synthetic,unknown,train,88b91dab2507b135,noise002
0,sid_train,real,unknown,train,518e502ea7b043b3,clean
0,sid_train,real,unknown,train,518e502ea7b043b3,jpeg90
0,sid_train,real,unknown,train,518e502ea7b043b3,resize05
0,sid_train,real,unknown,train,518e502ea7b043b3,jitter02
0,sid_train,real,unknown,train,cb09890d20938a11,clean
0,sid_train,real,unknown,train,cb09890d20938a11,blur05
0,sid_train,real,unknown,train,cb09890d20938a11,blur10
0,sid_train,real,unknown,train,cb09890d20938a11,noise01
0,sid_train,real,unknown,train,2e22fd3fdeafabd2,clean
0,sid_train,real,unknown,train,2e22fd3fdeafabd2,jpeg30
0,sid_train,real,unknown,train,2e22fd3fdeafabd2,blur10
0,sid_train,real,unknown,train,2e22fd3fdeafabd2,resize025
1,sid_train,full_synthetic,unknown,train,285073edfca16eb2,clean
1,sid_train,full_synthetic,unknown,train,285073edfca16eb2,noise005
1,sid_train,full_synthetic,unknown,train,285073edfca16eb2,noise01
1,sid_train,full_synthetic,unknown,train,285073edfca16eb2,crop08
0,sid_train,real,unknown,train,3046b0e0911baf5e,clean
0,sid_train,real,unknown,train,3046b0e0911baf5e,blur10
0,sid_train,real,unknown,train,3046b0e0911baf5e,noise01
0,sid_train,real,unknown,train,3046b0e0911baf5e,jitter02
1,sid_train,full_synthetic,unknown,train,85cdc0dfbba5d991,clean
1,sid_train,full_synthetic,unknown,train,85cdc0dfbba5d991,jpeg30
1,sid_train,full_synthetic,unknown,train,85cdc0dfbba5d991,blur10
1,sid_train,full_synthetic,unknown,train,85cdc0dfbba5d991,jitter02
0,sid_train,real,unknown,train,43c70ce355eac86e,clean
0,sid_train,real,unknown,train,43c70ce355eac86e,jpeg50
0,sid_train,real,unknown,train,43c70ce355eac86e,resize05
0,sid_train,real,unknown,train,43c70ce355eac86e,noise01
1,sid_train,full_synthetic,unknown,train,bc934da4429a27f3,clean
1,sid_train,full_synthetic,unknown,train,bc934da4429a27f3,blur05
1,sid_train,full_synthetic,unknown,train,bc934da4429a27f3,blur10
1,sid_train,full_synthetic,unknown,train,bc934da4429a27f3,resize05
0,sid_train,real,unknown,train,45b60e33e72932e3,clean
0,sid_train,real,unknown,train,45b60e33e72932e3,blur10
0,sid_train,real,unknown,train,45b60e33e72932e3,noise01
0,sid_train,real,unknown,train,45b60e33e72932e3,jitter02
1,sid_train,full_synthetic,unknown,train,498dca8f9ec0a5e7,clean
1,sid_train,full_synthetic,unknown,train,498dca8f9ec0a5e7,jpeg90
1,sid_train,full_synthetic,unknown,train,498dca8f9ec0a5e7,jpeg50
1,sid_train,full_synthetic,unknown,train,498dca8f9ec0a5e7,jitter02
0,sid_train,real,unknown,train,954705c98badd3f2,clean
0,sid_train,real,unknown,train,954705c98badd3f2,jpeg70
0,sid_train,real,unknown,train,954705c98badd3f2,jpeg50
0,sid_train,real,unknown,train,954705c98badd3f2,resize025
1,sid_train,full_synthetic,unknown,train,b61ffdeca66fea3f,clean
1,sid_train,full_synthetic,unknown,train,b61ffdeca66fea3f,jpeg90
1,sid_train,full_synthetic,unknown,train,b61ffdeca66fea3f,jpeg50
1,sid_train,full_synthetic,unknown,train,b61ffdeca66fea3f,crop08
0,sid_train,real,unknown,train,5d1ec26244a30a0f,clean
0,sid_train,real,unknown,train,5d1ec26244a30a0f,blur10
0,sid_train,real,unknown,train,5d1ec26244a30a0f,resize05
0,sid_train,real,unknown,train,5d1ec26244a30a0f,jitter02
0,sid_train,real,unknown,train,487a26043d5a6a7c,clean
0,sid_train,real,unknown,train,487a26043d5a6a7c,blur05
0,sid_train,real,unknown,train,487a26043d5a6a7c,noise01
0,sid_train,real,unknown,train,487a26043d5a6a7c,jitter02
1,sid_train,full_synthetic,unknown,train,a880bfd1d5ecc19a,clean
1,sid_train,full_synthetic,unknown,train,a880bfd1d5ecc19a,resize05
1,sid_train,full_synthetic,unknown,train,a880bfd1d5ecc19a,noise002
1,sid_train,full_synthetic,unknown,train,a880bfd1d5ecc19a,jitter02
0,sid_train,real,unknown,train,2f5203719af842fa,clean
0,sid_train,real,unknown,train,2f5203719af842fa,blur05
0,sid_train,real,unknown,train,2f5203719af842fa,noise01
0,sid_train,real,unknown,train,2f5203719af842fa,jitter02
1,sid_train,full_synthetic,unknown,train,3d309f3a30f71542,clean
1,sid_train,full_synthetic,unknown,train,3d309f3a30f71542,blur10
1,sid_train,full_synthetic,unknown,train,3d309f3a30f71542,blur20
1,sid_train,full_synthetic,unknown,train,3d309f3a30f71542,resize025
1,sid_train,full_synthetic,unknown,train,a817ba4c5f422ef3,clean
1,sid_train,full_synthetic,unknown,train,a817ba4c5f422ef3,jpeg50
1,sid_train,full_synthetic,unknown,train,a817ba4c5f422ef3,blur05
1,sid_train,full_synthetic,unknown,train,a817ba4c5f422ef3,blur10
0,sid_train,real,unknown,train,6ba7e25fd93515e4,clean
0,sid_train,real,unknown,train,6ba7e25fd93515e4,jpeg70
0,sid_train,real,unknown,train,6ba7e25fd93515e4,blur10
0,sid_train,real,unknown,train,6ba7e25fd93515e4,noise01
0,sid_train,real,unknown,train,3b4f33b7353af611,clean
0,sid_train,real,unknown,train,3b4f33b7353af611,jpeg70
0,sid_train,real,unknown,train,3b4f33b7353af611,blur20
0,sid_train,real,unknown,train,3b4f33b7353af611,noise002
1,sid_train,full_synthetic,unknown,train,2cf427fadc949e14,clean
1,sid_train,full_synthetic,unknown,train,2cf427fadc949e14,blur10
1,sid_train,full_synthetic,unknown,train,2cf427fadc949e14,noise01
1,sid_train,full_synthetic,unknown,train,2cf427fadc949e14,jitter02
1,sid_train,full_synthetic,unknown,train,876dd30291bdd3c6,clean
1,sid_train,full_synthetic,unknown,train,876dd30291bdd3c6,jpeg90
1,sid_train,full_synthetic,unknown,train,876dd30291bdd3c6,jpeg70
1,sid_train,full_synthetic,unknown,train,876dd30291bdd3c6,crop08
1,sid_train,full_synthetic,unknown,train,b6790ec8ecc6bd03,clean
1,sid_train,full_synthetic,unknown,train,b6790ec8ecc6bd03,jpeg90
1,sid_train,full_synthetic,unknown,train,b6790ec8ecc6bd03,resize025
1,sid_train,full_synthetic,unknown,train,b6790ec8ecc6bd03,jitter02
0,sid_train,real,unknown,train,618a03ed0d545736,clean
0,sid_train,real,unknown,train,618a03ed0d545736,jpeg90
0,sid_train,real,unknown,train,618a03ed0d545736,jpeg70
0,sid_train,real,unknown,train,618a03ed0d545736,jpeg30
1,sid_train,full_synthetic,unknown,train,9d02c1e55def4203,clean
1,sid_train,full_synthetic,unknown,train,9d02c1e55def4203,blur05
1,sid_train,full_synthetic,unknown,train,9d02c1e55def4203,resize05
1,sid_train,full_synthetic,unknown,train,9d02c1e55def4203,resize025
1,sid_train,full_synthetic,unknown,train,6af9c50f9eb3f820,clean
1,sid_train,full_synthetic,unknown,train,6af9c50f9eb3f820,jpeg30
1,sid_train,full_synthetic,unknown,train,6af9c50f9eb3f820,noise002
1,sid_train,full_synthetic,unknown,train,6af9c50f9eb3f820,noise005
0,sid_train,real,unknown,train,91487c600f3bd395,clean
0,sid_train,real,unknown,train,91487c600f3bd395,jpeg90
0,sid_train,real,unknown,train,91487c600f3bd395,jpeg70
0,sid_train,real,unknown,train,91487c600f3bd395,jpeg50
0,sid_train,real,unknown,train,a7793817e38f34c6,clean
0,sid_train,real,unknown,train,a7793817e38f34c6,jpeg50
0,sid_train,real,unknown,train,a7793817e38f34c6,blur20
0,sid_train,real,unknown,train,a7793817e38f34c6,crop08
1,sid_train,full_synthetic,unknown,train,6919496ef4b57ecd,clean
1,sid_train,full_synthetic,unknown,train,6919496ef4b57ecd,jpeg50
1,sid_train,full_synthetic,unknown,train,6919496ef4b57ecd,blur05
1,sid_train,full_synthetic,unknown,train,6919496ef4b57ecd,blur20
0,sid_train,real,unknown,train,079f9364ae539988,clean
0,sid_train,real,unknown,train,079f9364ae539988,jpeg50
0,sid_train,real,unknown,train,079f9364ae539988,blur05
0,sid_train,real,unknown,train,079f9364ae539988,resize025
0,sid_train,real,unknown,train,7d5465d440df8bd0,clean
0,sid_train,real,unknown,train,7d5465d440df8bd0,blur05
0,sid_train,real,unknown,train,7d5465d440df8bd0,resize05
0,sid_train,real,unknown,train,7d5465d440df8bd0,resize025
1,sid_train,full_synthetic,unknown,train,8d8e2557fb2ff771,clean
1,sid_train,full_synthetic,unknown,train,8d8e2557fb2ff771,blur05
1,sid_train,full_synthetic,unknown,train,8d8e2557fb2ff771,blur20
1,sid_train,full_synthetic,unknown,train,8d8e2557fb2ff771,jitter02
1,sid_train,full_synthetic,unknown,train,30eb33e4d5a7870d,clean
1,sid_train,full_synthetic,unknown,train,30eb33e4d5a7870d,jpeg70
1,sid_train,full_synthetic,unknown,train,30eb33e4d5a7870d,blur05
1,sid_train,full_synthetic,unknown,train,30eb33e4d5a7870d,noise01
1,sid_train,full_synthetic,unknown,train,6c2f9329da82b14e,clean
1,sid_train,full_synthetic,unknown,train,6c2f9329da82b14e,jpeg90
1,sid_train,full_synthetic,unknown,train,6c2f9329da82b14e,noise002
1,sid_train,full_synthetic,unknown,train,6c2f9329da82b14e,noise005
0,sid_train,real,unknown,train,86f92fdab7c21955,clean
0,sid_train,real,unknown,train,86f92fdab7c21955,jpeg90
0,sid_train,real,unknown,train,86f92fdab7c21955,noise005
0,sid_train,real,unknown,train,86f92fdab7c21955,noise01
0,sid_train,real,unknown,train,10b632b5c6df8729,clean
0,sid_train,real,unknown,train,10b632b5c6df8729,jpeg50
0,sid_train,real,unknown,train,10b632b5c6df8729,blur20
0,sid_train,real,unknown,train,10b632b5c6df8729,resize025
1,sid_train,full_synthetic,unknown,train,d6b556b4828772d1,clean
1,sid_train,full_synthetic,unknown,train,d6b556b4828772d1,jpeg90
1,sid_train,full_synthetic,unknown,train,d6b556b4828772d1,resize025
1,sid_train,full_synthetic,unknown,train,d6b556b4828772d1,crop08
0,sid_train,real,unknown,train,1146b965f4801b16,clean
0,sid_train,real,unknown,train,1146b965f4801b16,resize05
0,sid_train,real,unknown,train,1146b965f4801b16,resize025
0,sid_train,real,unknown,train,1146b965f4801b16,jitter02
0,sid_train,real,unknown,train,a6e789ba1027b4d5,clean
0,sid_train,real,unknown,train,a6e789ba1027b4d5,resize05
0,sid_train,real,unknown,train,a6e789ba1027b4d5,resize025
0,sid_train,real,unknown,train,a6e789ba1027b4d5,noise005
1,sid_train,full_synthetic,unknown,train,b5773df921d08397,clean
1,sid_train,full_synthetic,unknown,train,b5773df921d08397,jpeg50
1,sid_train,full_synthetic,unknown,train,b5773df921d08397,resize05
1,sid_train,full_synthetic,unknown,train,b5773df921d08397,jitter02
0,sid_train,real,unknown,train,5d93d796dc87e95c,clean
0,sid_train,real,unknown,train,5d93d796dc87e95c,jpeg50
0,sid_train,real,unknown,train,5d93d796dc87e95c,blur10
0,sid_train,real,unknown,train,5d93d796dc87e95c,noise005
1,sid_train,full_synthetic,unknown,train,29ab69b4e3df11e0,clean
1,sid_train,full_synthetic,unknown,train,29ab69b4e3df11e0,jpeg50
1,sid_train,full_synthetic,unknown,train,29ab69b4e3df11e0,blur05
1,sid_train,full_synthetic,unknown,train,29ab69b4e3df11e0,resize025
1,sid_train,full_synthetic,unknown,train,08b2ca253093d0a9,clean
1,sid_train,full_synthetic,unknown,train,08b2ca253093d0a9,jpeg70
1,sid_train,full_synthetic,unknown,train,08b2ca253093d0a9,jpeg50
1,sid_train,full_synthetic,unknown,train,08b2ca253093d0a9,noise002
0,sid_train,real,unknown,train,2a3bb03e254dbfed,clean
0,sid_train,real,unknown,train,2a3bb03e254dbfed,jpeg70
0,sid_train,real,unknown,train,2a3bb03e254dbfed,jitter02
0,sid_train,real,unknown,train,2a3bb03e254dbfed,crop08
0,sid_train,real,unknown,train,a948ef6188d80a1a,clean
0,sid_train,real,unknown,train,a948ef6188d80a1a,resize025
0,sid_train,real,unknown,train,a948ef6188d80a1a,noise01
0,sid_train,real,unknown,train,a948ef6188d80a1a,jitter02
1,sid_train,full_synthetic,unknown,train,5bf399513321d2f4,clean
1,sid_train,full_synthetic,unknown,train,5bf399513321d2f4,blur05
1,sid_train,full_synthetic,unknown,train,5bf399513321d2f4,resize05
1,sid_train,full_synthetic,unknown,train,5bf399513321d2f4,noise01
0,sid_train,real,unknown,train,5140290d28d26c45,clean
0,sid_train,real,unknown,train,5140290d28d26c45,jpeg90
0,sid_train,real,unknown,train,5140290d28d26c45,jpeg30
0,sid_train,real,unknown,train,5140290d28d26c45,blur10
1,sid_train,full_synthetic,unknown,train,9e6a41c24a6aa304,clean
1,sid_train,full_synthetic,unknown,train,9e6a41c24a6aa304,jpeg70
1,sid_train,full_synthetic,unknown,train,9e6a41c24a6aa304,blur20
1,sid_train,full_synthetic,unknown,train,9e6a41c24a6aa304,noise002
0,sid_train,real,unknown,train,941c9c1a39bed2a9,clean
0,sid_train,real,unknown,train,941c9c1a39bed2a9,blur20
0,sid_train,real,unknown,train,941c9c1a39bed2a9,resize05
0,sid_train,real,unknown,train,941c9c1a39bed2a9,crop08
0,sid_train,real,unknown,train,b19deec671232b57,clean
0,sid_train,real,unknown,train,b19deec671232b57,blur05
0,sid_train,real,unknown,train,b19deec671232b57,blur20
0,sid_train,real,unknown,train,b19deec671232b57,resize025
1,sid_train,full_synthetic,unknown,train,f0a696504f1a4e67,clean
1,sid_train,full_synthetic,unknown,train,f0a696504f1a4e67,blur20
1,sid_train,full_synthetic,unknown,train,f0a696504f1a4e67,noise005
1,sid_train,full_synthetic,unknown,train,f0a696504f1a4e67,crop08
0,sid_train,real,unknown,train,bfaa758e1d742717,clean
0,sid_train,real,unknown,train,bfaa758e1d742717,resize025
0,sid_train,real,unknown,train,bfaa758e1d742717,jitter02
0,sid_train,real,unknown,train,bfaa758e1d742717,crop08
0,sid_train,real,unknown,train,e5175f7e7f29f518,clean
0,sid_train,real,unknown,train,e5175f7e7f29f518,blur20
0,sid_train,real,unknown,train,e5175f7e7f29f518,noise005
0,sid_train,real,unknown,train,e5175f7e7f29f518,crop08
0,sid_train,real,unknown,train,0b16eb9dbc93d4c7,clean
0,sid_train,real,unknown,train,0b16eb9dbc93d4c7,blur10
0,sid_train,real,unknown,train,0b16eb9dbc93d4c7,resize05
0,sid_train,real,unknown,train,0b16eb9dbc93d4c7,crop08
1,sid_train,full_synthetic,unknown,train,064ee7d87d24bbcc,clean
1,sid_train,full_synthetic,unknown,train,064ee7d87d24bbcc,jpeg30
1,sid_train,full_synthetic,unknown,train,064ee7d87d24bbcc,blur05
1,sid_train,full_synthetic,unknown,train,064ee7d87d24bbcc,blur10
1,sid_train,full_synthetic,unknown,train,8f81ee2a136a9f9f,clean
1,sid_train,full_synthetic,unknown,train,8f81ee2a136a9f9f,jpeg30
1,sid_train,full_synthetic,unknown,train,8f81ee2a136a9f9f,blur20
1,sid_train,full_synthetic,unknown,train,8f81ee2a136a9f9f,crop08
1,sid_train,full_synthetic,unknown,train,9766a321f274f041,clean
1,sid_train,full_synthetic,unknown,train,9766a321f274f041,jpeg90
1,sid_train,full_synthetic,unknown,train,9766a321f274f041,resize05
1,sid_train,full_synthetic,unknown,train,9766a321f274f041,noise002
1,sid_train,full_synthetic,unknown,train,f982050e33881f35,clean
1,sid_train,full_synthetic,unknown,train,f982050e33881f35,blur05
1,sid_train,full_synthetic,unknown,train,f982050e33881f35,noise002
1,sid_train,full_synthetic,unknown,train,f982050e33881f35,crop08
1,sid_train,full_synthetic,unknown,train,7d17a8b09495e04d,clean
1,sid_train,full_synthetic,unknown,train,7d17a8b09495e04d,jpeg70
1,sid_train,full_synthetic,unknown,train,7d17a8b09495e04d,jpeg50
1,sid_train,full_synthetic,unknown,train,7d17a8b09495e04d,resize05
0,sid_train,real,unknown,train,ec51a0e13e296e01,clean
0,sid_train,real,unknown,train,ec51a0e13e296e01,jpeg70
0,sid_train,real,unknown,train,ec51a0e13e296e01,blur10
0,sid_train,real,unknown,train,ec51a0e13e296e01,jitter02
1,sid_train,full_synthetic,unknown,train,c847a84943af7026,clean
1,sid_train,full_synthetic,unknown,train,c847a84943af7026,blur20
1,sid_train,full_synthetic,unknown,train,c847a84943af7026,resize05
1,sid_train,full_synthetic,unknown,train,c847a84943af7026,noise002
0,sid_train,real,unknown,train,fe51e31c76dec7a0,clean
0,sid_train,real,unknown,train,fe51e31c76dec7a0,blur05
0,sid_train,real,unknown,train,fe51e31c76dec7a0,noise005
0,sid_train,real,unknown,train,fe51e31c76dec7a0,crop08
0,sid_train,real,unknown,train,50e1ee4653dce97e,clean
0,sid_train,real,unknown,train,50e1ee4653dce97e,blur05
0,sid_train,real,unknown,train,50e1ee4653dce97e,blur10
0,sid_train,real,unknown,train,50e1ee4653dce97e,noise002
0,sid_train,real,unknown,train,07d9eb6b253d0c91,clean
0,sid_train,real,unknown,train,07d9eb6b253d0c91,blur05
0,sid_train,real,unknown,train,07d9eb6b253d0c91,blur20
0,sid_train,real,unknown,train,07d9eb6b253d0c91,resize025
0,sid_train,real,unknown,train,30fef9f4991eff1e,clean
0,sid_train,real,unknown,train,30fef9f4991eff1e,jpeg90
0,sid_train,real,unknown,train,30fef9f4991eff1e,jpeg70
0,sid_train,real,unknown,train,30fef9f4991eff1e,blur05
0,sid_train,real,unknown,train,adc9b9716efe347a,clean
0,sid_train,real,unknown,train,adc9b9716efe347a,jpeg70
0,sid_train,real,unknown,train,adc9b9716efe347a,blur10
0,sid_train,real,unknown,train,adc9b9716efe347a,jitter02
0,sid_train,real,unknown,train,c41ecdf3343cc187,clean
0,sid_train,real,unknown,train,c41ecdf3343cc187,jpeg50
0,sid_train,real,unknown,train,c41ecdf3343cc187,noise005
0,sid_train,real,unknown,train,c41ecdf3343cc187,jitter02
1,sid_train,full_synthetic,unknown,train,b2bfa0c26eec7c0f,clean
1,sid_train,full_synthetic,unknown,train,b2bfa0c26eec7c0f,jpeg90
1,sid_train,full_synthetic,unknown,train,b2bfa0c26eec7c0f,blur05
1,sid_train,full_synthetic,unknown,train,b2bfa0c26eec7c0f,noise01
0,sid_train,real,unknown,train,f1e392a1285e8278,clean
0,sid_train,real,unknown,train,f1e392a1285e8278,noise01
0,sid_train,real,unknown,train,f1e392a1285e8278,jitter02
0,sid_train,real,unknown,train,f1e392a1285e8278,crop08
0,sid_train,real,unknown,train,9f47ff7718385115,clean
0,sid_train,real,unknown,train,9f47ff7718385115,blur05
0,sid_train,real,unknown,train,9f47ff7718385115,resize05
0,sid_train,real,unknown,train,9f47ff7718385115,resize025
0,sid_train,real,unknown,train,03f7e94e69d387d7,clean
0,sid_train,real,unknown,train,03f7e94e69d387d7,jpeg90
0,sid_train,real,unknown,train,03f7e94e69d387d7,blur05
0,sid_train,real,unknown,train,03f7e94e69d387d7,noise01
0,sid_train,real,unknown,train,c684696d3f5f5680,clean
0,sid_train,real,unknown,train,c684696d3f5f5680,blur05
0,sid_train,real,unknown,train,c684696d3f5f5680,blur10
0,sid_train,real,unknown,train,c684696d3f5f5680,noise01
0,sid_train,real,unknown,train,263194177e68cb9a,clean
0,sid_train,real,unknown,train,263194177e68cb9a,jpeg70
0,sid_train,real,unknown,train,263194177e68cb9a,resize05
0,sid_train,real,unknown,train,263194177e68cb9a,noise01
0,sid_train,real,unknown,train,5bc45f81d2371b06,clean
0,sid_train,real,unknown,train,5bc45f81d2371b06,jpeg70
0,sid_train,real,unknown,train,5bc45f81d2371b06,blur05
0,sid_train,real,unknown,train,5bc45f81d2371b06,jitter02
1,sid_train,full_synthetic,unknown,train,b4bb3367b52fb35c,clean
1,sid_train,full_synthetic,unknown,train,b4bb3367b52fb35c,jpeg90
1,sid_train,full_synthetic,unknown,train,b4bb3367b52fb35c,blur20
1,sid_train,full_synthetic,unknown,train,b4bb3367b52fb35c,noise002
1,sid_train,full_synthetic,unknown,train,49103f7a0c8c55b3,clean
1,sid_train,full_synthetic,unknown,train,49103f7a0c8c55b3,jpeg70
1,sid_train,full_synthetic,unknown,train,49103f7a0c8c55b3,blur10
1,sid_train,full_synthetic,unknown,train,49103f7a0c8c55b3,jitter02
0,sid_train,real,unknown,train,c794a728a4b93063,clean
0,sid_train,real,unknown,train,c794a728a4b93063,jpeg70
0,sid_train,real,unknown,train,c794a728a4b93063,jpeg30
0,sid_train,real,unknown,train,c794a728a4b93063,noise002
1,sid_train,full_synthetic,unknown,train,348d9b2382cfab58,clean
1,sid_train,full_synthetic,unknown,train,348d9b2382cfab58,jpeg70
1,sid_train,full_synthetic,unknown,train,348d9b2382cfab58,blur20
1,sid_train,full_synthetic,unknown,train,348d9b2382cfab58,noise005
0,sid_train,real,unknown,train,0e4baf5959c78fbf,clean
0,sid_train,real,unknown,train,0e4baf5959c78fbf,blur05
0,sid_train,real,unknown,train,0e4baf5959c78fbf,blur20
0,sid_train,real,unknown,train,0e4baf5959c78fbf,noise002
0,sid_train,real,unknown,train,d66bb47f75589d97,clean
0,sid_train,real,unknown,train,d66bb47f75589d97,resize05
0,sid_train,real,unknown,train,d66bb47f75589d97,resize025
0,sid_train,real,unknown,train,d66bb47f75589d97,crop08
0,sid_train,real,unknown,train,7faabb45465eff77,clean
0,sid_train,real,unknown,train,7faabb45465eff77,blur05
0,sid_train,real,unknown,train,7faabb45465eff77,resize025
0,sid_train,real,unknown,train,7faabb45465eff77,noise005
0,sid_train,real,unknown,train,6cdbfe9934e517fe,clean
0,sid_train,real,unknown,train,6cdbfe9934e517fe,jpeg90
0,sid_train,real,unknown,train,6cdbfe9934e517fe,blur10
0,sid_train,real,unknown,train,6cdbfe9934e517fe,noise005
1,sid_train,full_synthetic,unknown,train,cef20081dfddd47a,clean
1,sid_train,full_synthetic,unknown,train,cef20081dfddd47a,jpeg90
1,sid_train,full_synthetic,unknown,train,cef20081dfddd47a,noise002
1,sid_train,full_synthetic,unknown,train,cef20081dfddd47a,crop08
1,sid_train,full_synthetic,unknown,train,6a12ba28640cb1ff,clean
1,sid_train,full_synthetic,unknown,train,6a12ba28640cb1ff,jpeg30
1,sid_train,full_synthetic,unknown,train,6a12ba28640cb1ff,blur20
1,sid_train,full_synthetic,unknown,train,6a12ba28640cb1ff,crop08
1,sid_train,full_synthetic,unknown,train,d71de42ebc646949,clean
1,sid_train,full_synthetic,unknown,train,d71de42ebc646949,jpeg90
1,sid_train,full_synthetic,unknown,train,d71de42ebc646949,jpeg30
1,sid_train,full_synthetic,unknown,train,d71de42ebc646949,jitter02
0,sid_train,real,unknown,train,cace23230dc466a3,clean
0,sid_train,real,unknown,train,cace23230dc466a3,noise005
0,sid_train,real,unknown,train,cace23230dc466a3,jitter02
0,sid_train,real,unknown,train,cace23230dc466a3,crop08
1,sid_train,full_synthetic,unknown,train,f311018af3fae628,clean
1,sid_train,full_synthetic,unknown,train,f311018af3fae628,jpeg90
1,sid_train,full_synthetic,unknown,train,f311018af3fae628,blur05
1,sid_train,full_synthetic,unknown,train,f311018af3fae628,resize05
1,sid_train,full_synthetic,unknown,train,293b2a2ecef9d299,clean
1,sid_train,full_synthetic,unknown,train,293b2a2ecef9d299,jpeg70
1,sid_train,full_synthetic,unknown,train,293b2a2ecef9d299,resize05
1,sid_train,full_synthetic,unknown,train,293b2a2ecef9d299,resize025
0,sid_train,real,unknown,train,257e041b5991f39c,clean
0,sid_train,real,unknown,train,257e041b5991f39c,jpeg70
0,sid_train,real,unknown,train,257e041b5991f39c,blur10
0,sid_train,real,unknown,train,257e041b5991f39c,noise002
1,sid_train,full_synthetic,unknown,train,592793e6e0a47953,clean
1,sid_train,full_synthetic,unknown,train,592793e6e0a47953,jpeg90
1,sid_train,full_synthetic,unknown,train,592793e6e0a47953,blur20
1,sid_train,full_synthetic,unknown,train,592793e6e0a47953,crop08
0,sid_train,real,unknown,train,ee3bc5264d744fb4,clean
0,sid_train,real,unknown,train,ee3bc5264d744fb4,blur05
0,sid_train,real,unknown,train,ee3bc5264d744fb4,blur10
0,sid_train,real,unknown,train,ee3bc5264d744fb4,noise01
1,sid_train,full_synthetic,unknown,train,1e163f5926324357,clean
1,sid_train,full_synthetic,unknown,train,1e163f5926324357,jpeg70
1,sid_train,full_synthetic,unknown,train,1e163f5926324357,jpeg30
1,sid_train,full_synthetic,unknown,train,1e163f5926324357,noise005
0,sid_train,real,unknown,train,d16979e6ebf738ad,clean
0,sid_train,real,unknown,train,d16979e6ebf738ad,jpeg70
0,sid_train,real,unknown,train,d16979e6ebf738ad,jpeg50
0,sid_train,real,unknown,train,d16979e6ebf738ad,noise002
0,sid_train,real,unknown,train,3846e5352edd3eff,clean
0,sid_train,real,unknown,train,3846e5352edd3eff,jpeg50
0,sid_train,real,unknown,train,3846e5352edd3eff,resize025
0,sid_train,real,unknown,train,3846e5352edd3eff,noise01
1,sid_train,full_synthetic,unknown,train,870b229f8772031a,clean
1,sid_train,full_synthetic,unknown,train,870b229f8772031a,blur05
1,sid_train,full_synthetic,unknown,train,870b229f8772031a,resize05
1,sid_train,full_synthetic,unknown,train,870b229f8772031a,crop08
1,sid_train,full_synthetic,unknown,train,f220049b9b9ee890,clean
1,sid_train,full_synthetic,unknown,train,f220049b9b9ee890,jpeg90
1,sid_train,full_synthetic,unknown,train,f220049b9b9ee890,resize025
1,sid_train,full_synthetic,unknown,train,f220049b9b9ee890,noise005
0,sid_train,real,unknown,train,e9b8486075aa2df3,clean
0,sid_train,real,unknown,train,e9b8486075aa2df3,jpeg70
0,sid_train,real,unknown,train,e9b8486075aa2df3,blur10
0,sid_train,real,unknown,train,e9b8486075aa2df3,jitter02
1,sid_train,full_synthetic,unknown,train,a6dd2ec6e2d4317f,clean
1,sid_train,full_synthetic,unknown,train,a6dd2ec6e2d4317f,jpeg70
1,sid_train,full_synthetic,unknown,train,a6dd2ec6e2d4317f,jitter02
1,sid_train,full_synthetic,unknown,train,a6dd2ec6e2d4317f,crop08
0,sid_train,real,unknown,train,52688047f81b1f20,clean
0,sid_train,real,unknown,train,52688047f81b1f20,jpeg30
0,sid_train,real,unknown,train,52688047f81b1f20,noise005
0,sid_train,real,unknown,train,52688047f81b1f20,jitter02
0,sid_train,real,unknown,train,ea2a20b8e70385ca,clean
0,sid_train,real,unknown,train,ea2a20b8e70385ca,blur05
0,sid_train,real,unknown,train,ea2a20b8e70385ca,resize025
0,sid_train,real,unknown,train,ea2a20b8e70385ca,noise01
1,sid_train,full_synthetic,unknown,train,ee8c73ddeb24e678,clean
1,sid_train,full_synthetic,unknown,train,ee8c73ddeb24e678,jpeg90
1,sid_train,full_synthetic,unknown,train,ee8c73ddeb24e678,jpeg50
1,sid_train,full_synthetic,unknown,train,ee8c73ddeb24e678,blur10
0,sid_train,real,unknown,train,8632725cf30a66de,clean
0,sid_train,real,unknown,train,8632725cf30a66de,jpeg90
0,sid_train,real,unknown,train,8632725cf30a66de,jpeg50
0,sid_train,real,unknown,train,8632725cf30a66de,blur05
0,sid_train,real,unknown,train,010fbca51dd2876c,clean
0,sid_train,real,unknown,train,010fbca51dd2876c,jpeg30
0,sid_train,real,unknown,train,010fbca51dd2876c,blur05
0,sid_train,real,unknown,train,010fbca51dd2876c,blur10
0,sid_train,real,unknown,train,59bfd8fd27b7a142,clean
0,sid_train,real,unknown,train,59bfd8fd27b7a142,jpeg90
0,sid_train,real,unknown,train,59bfd8fd27b7a142,noise005
0,sid_train,real,unknown,train,59bfd8fd27b7a142,noise01
0,sid_train,real,unknown,train,06cb5c1c8765fb84,clean
0,sid_train,real,unknown,train,06cb5c1c8765fb84,blur10
0,sid_train,real,unknown,train,06cb5c1c8765fb84,resize025
0,sid_train,real,unknown,train,06cb5c1c8765fb84,noise002
0,sid_train,real,unknown,train,033f58a3ced7c941,clean
0,sid_train,real,unknown,train,033f58a3ced7c941,jpeg30
0,sid_train,real,unknown,train,033f58a3ced7c941,blur05
0,sid_train,real,unknown,train,033f58a3ced7c941,crop08
1,sid_train,full_synthetic,unknown,train,85c0dc3058a0e5e6,clean
1,sid_train,full_synthetic,unknown,train,85c0dc3058a0e5e6,jpeg90
1,sid_train,full_synthetic,unknown,train,85c0dc3058a0e5e6,jpeg50
1,sid_train,full_synthetic,unknown,train,85c0dc3058a0e5e6,noise005
0,sid_train,real,unknown,train,55794a9ce7f6de2a,clean
0,sid_train,real,unknown,train,55794a9ce7f6de2a,jpeg70
0,sid_train,real,unknown,train,55794a9ce7f6de2a,resize05
0,sid_train,real,unknown,train,55794a9ce7f6de2a,noise002
1,sid_train,full_synthetic,unknown,train,b888f88b165accae,clean
1,sid_train,full_synthetic,unknown,train,b888f88b165accae,jpeg30
1,sid_train,full_synthetic,unknown,train,b888f88b165accae,noise01
1,sid_train,full_synthetic,unknown,train,b888f88b165accae,jitter02
0,sid_train,real,unknown,train,f68fb13a50c8e439,clean
0,sid_train,real,unknown,train,f68fb13a50c8e439,jpeg90
0,sid_train,real,unknown,train,f68fb13a50c8e439,jpeg70
0,sid_train,real,unknown,train,f68fb13a50c8e439,resize05
0,sid_train,real,unknown,train,07d91eeed5479f9c,clean
0,sid_train,real,unknown,train,07d91eeed5479f9c,blur10
0,sid_train,real,unknown,train,07d91eeed5479f9c,blur20
0,sid_train,real,unknown,train,07d91eeed5479f9c,jitter02
0,sid_train,real,unknown,train,66e8d12288a739a7,clean
0,sid_train,real,unknown,train,66e8d12288a739a7,blur05
0,sid_train,real,unknown,train,66e8d12288a739a7,blur20
0,sid_train,real,unknown,train,66e8d12288a739a7,noise002
0,sid_train,real,unknown,train,889718f109513bc3,clean
0,sid_train,real,unknown,train,889718f109513bc3,jpeg90
0,sid_train,real,unknown,train,889718f109513bc3,blur05
0,sid_train,real,unknown,train,889718f109513bc3,resize025
1,sid_train,full_synthetic,unknown,train,82000c2f0f702560,clean
1,sid_train,full_synthetic,unknown,train,82000c2f0f702560,blur05
1,sid_train,full_synthetic,unknown,train,82000c2f0f702560,resize025
1,sid_train,full_synthetic,unknown,train,82000c2f0f702560,noise005
1,sid_train,full_synthetic,unknown,train,6bec4ea5189bae7a,clean
1,sid_train,full_synthetic,unknown,train,6bec4ea5189bae7a,jpeg50
1,sid_train,full_synthetic,unknown,train,6bec4ea5189bae7a,noise002
1,sid_train,full_synthetic,unknown,train,6bec4ea5189bae7a,jitter02
1,sid_train,full_synthetic,unknown,train,e65d9da1cedf3c3f,clean
1,sid_train,full_synthetic,unknown,train,e65d9da1cedf3c3f,jpeg30
1,sid_train,full_synthetic,unknown,train,e65d9da1cedf3c3f,blur10
1,sid_train,full_synthetic,unknown,train,e65d9da1cedf3c3f,resize05
0,sid_train,real,unknown,train,6726d6267f2f06d6,clean
0,sid_train,real,unknown,train,6726d6267f2f06d6,blur05
0,sid_train,real,unknown,train,6726d6267f2f06d6,blur20
0,sid_train,real,unknown,train,6726d6267f2f06d6,noise002
0,sid_train,real,unknown,train,b3798808fd32db9f,clean
0,sid_train,real,unknown,train,b3798808fd32db9f,resize05
0,sid_train,real,unknown,train,b3798808fd32db9f,noise01
0,sid_train,real,unknown,train,b3798808fd32db9f,crop08
0,sid_train,real,unknown,train,e4fd7467769a2640,clean
0,sid_train,real,unknown,train,e4fd7467769a2640,blur10
0,sid_train,real,unknown,train,e4fd7467769a2640,noise002
0,sid_train,real,unknown,train,e4fd7467769a2640,jitter02
1,sid_train,full_synthetic,unknown,train,a9a99fa5f71620bf,clean
1,sid_train,full_synthetic,unknown,train,a9a99fa5f71620bf,blur05
1,sid_train,full_synthetic,unknown,train,a9a99fa5f71620bf,noise005
1,sid_train,full_synthetic,unknown,train,a9a99fa5f71620bf,crop08
0,sid_train,real,unknown,train,0cd87ea5c625be8d,clean
0,sid_train,real,unknown,train,0cd87ea5c625be8d,jpeg70
0,sid_train,real,unknown,train,0cd87ea5c625be8d,blur05
0,sid_train,real,unknown,train,0cd87ea5c625be8d,noise002
1,sid_train,full_synthetic,unknown,train,6dffb384b97898f4,clean
1,sid_train,full_synthetic,unknown,train,6dffb384b97898f4,jpeg90
1,sid_train,full_synthetic,unknown,train,6dffb384b97898f4,resize05
1,sid_train,full_synthetic,unknown,train,6dffb384b97898f4,noise005
0,sid_train,real,unknown,train,38a44a5b9cd24531,clean
0,sid_train,real,unknown,train,38a44a5b9cd24531,resize025
0,sid_train,real,unknown,train,38a44a5b9cd24531,noise002
0,sid_train,real,unknown,train,38a44a5b9cd24531,noise01
1,sid_train,full_synthetic,unknown,train,4f1ea67df85b5f96,clean
1,sid_train,full_synthetic,unknown,train,4f1ea67df85b5f96,jpeg50
1,sid_train,full_synthetic,unknown,train,4f1ea67df85b5f96,jpeg30
1,sid_train,full_synthetic,unknown,train,4f1ea67df85b5f96,resize05
1,sid_train,full_synthetic,unknown,train,cc911c2f0d7addd2,clean
1,sid_train,full_synthetic,unknown,train,cc911c2f0d7addd2,jpeg30
1,sid_train,full_synthetic,unknown,train,cc911c2f0d7addd2,blur10
1,sid_train,full_synthetic,unknown,train,cc911c2f0d7addd2,noise005
0,sid_train,real,unknown,train,3e4d66f351c54f1f,clean
0,sid_train,real,unknown,train,3e4d66f351c54f1f,jpeg90
0,sid_train,real,unknown,train,3e4d66f351c54f1f,blur20
0,sid_train,real,unknown,train,3e4d66f351c54f1f,crop08
1,sid_train,full_synthetic,unknown,train,e0bfcf5d8e625a64,clean
1,sid_train,full_synthetic,unknown,train,e0bfcf5d8e625a64,jpeg90
1,sid_train,full_synthetic,unknown,train,e0bfcf5d8e625a64,blur10
1,sid_train,full_synthetic,unknown,train,e0bfcf5d8e625a64,blur20
0,sid_train,real,unknown,train,ac221bdb8c4748d8,clean
0,sid_train,real,unknown,train,ac221bdb8c4748d8,blur10
0,sid_train,real,unknown,train,ac221bdb8c4748d8,noise005
0,sid_train,real,unknown,train,ac221bdb8c4748d8,crop08
1,sid_train,full_synthetic,unknown,train,7a5d7a6caebd9870,clean
1,sid_train,full_synthetic,unknown,train,7a5d7a6caebd9870,jpeg30
1,sid_train,full_synthetic,unknown,train,7a5d7a6caebd9870,resize025
1,sid_train,full_synthetic,unknown,train,7a5d7a6caebd9870,noise002
0,sid_train,real,unknown,train,43b90b1a4ad38deb,clean
0,sid_train,real,unknown,train,43b90b1a4ad38deb,jpeg30
0,sid_train,real,unknown,train,43b90b1a4ad38deb,noise002
0,sid_train,real,unknown,train,43b90b1a4ad38deb,crop08
0,sid_train,real,unknown,train,ef0d2aeb6cea63b7,clean
0,sid_train,real,unknown,train,ef0d2aeb6cea63b7,blur10
0,sid_train,real,unknown,train,ef0d2aeb6cea63b7,resize025
0,sid_train,real,unknown,train,ef0d2aeb6cea63b7,jitter02
0,sid_train,real,unknown,train,52a9418bf8dc139e,clean
0,sid_train,real,unknown,train,52a9418bf8dc139e,blur20
0,sid_train,real,unknown,train,52a9418bf8dc139e,noise01
0,sid_train,real,unknown,train,52a9418bf8dc139e,crop08
0,sid_train,real,unknown,train,527b7de3d9f4cdf5,clean
0,sid_train,real,unknown,train,527b7de3d9f4cdf5,jpeg90
0,sid_train,real,unknown,train,527b7de3d9f4cdf5,jpeg30
0,sid_train,real,unknown,train,527b7de3d9f4cdf5,noise005
1,sid_train,full_synthetic,unknown,train,cac12b2373ec3cec,clean
1,sid_train,full_synthetic,unknown,train,cac12b2373ec3cec,jpeg90
1,sid_train,full_synthetic,unknown,train,cac12b2373ec3cec,blur10
1,sid_train,full_synthetic,unknown,train,cac12b2373ec3cec,noise005
0,sid_train,real,unknown,train,1f7198c9ef7161fa,clean
0,sid_train,real,unknown,train,1f7198c9ef7161fa,jpeg90
0,sid_train,real,unknown,train,1f7198c9ef7161fa,jpeg30
0,sid_train,real,unknown,train,1f7198c9ef7161fa,noise005
1,sid_train,full_synthetic,unknown,train,0e9179b377fb5199,clean
1,sid_train,full_synthetic,unknown,train,0e9179b377fb5199,blur05
1,sid_train,full_synthetic,unknown,train,0e9179b377fb5199,blur10
1,sid_train,full_synthetic,unknown,train,0e9179b377fb5199,jitter02
1,sid_train,full_synthetic,unknown,train,509028847925428a,clean
1,sid_train,full_synthetic,unknown,train,509028847925428a,jpeg30
1,sid_train,full_synthetic,unknown,train,509028847925428a,blur05
1,sid_train,full_synthetic,unknown,train,509028847925428a,crop08
1,sid_train,full_synthetic,unknown,train,91b31debce1a18fd,clean
1,sid_train,full_synthetic,unknown,train,91b31debce1a18fd,noise002
1,sid_train,full_synthetic,unknown,train,91b31debce1a18fd,noise005
1,sid_train,full_synthetic,unknown,train,91b31debce1a18fd,noise01
0,sid_train,real,unknown,train,1908b1023d94eb69,clean
0,sid_train,real,unknown,train,1908b1023d94eb69,jpeg70
0,sid_train,real,unknown,train,1908b1023d94eb69,blur10
0,sid_train,real,unknown,train,1908b1023d94eb69,jitter02
0,sid_train,real,unknown,train,66a61dfae4f05143,clean
0,sid_train,real,unknown,train,66a61dfae4f05143,jpeg90
0,sid_train,real,unknown,train,66a61dfae4f05143,jpeg50
0,sid_train,real,unknown,train,66a61dfae4f05143,jitter02
0,sid_train,real,unknown,train,bf01e933af437539,clean
0,sid_train,real,unknown,train,bf01e933af437539,blur10
0,sid_train,real,unknown,train,bf01e933af437539,jitter02
0,sid_train,real,unknown,train,bf01e933af437539,crop08
0,sid_train,real,unknown,train,724f7ee107a5e888,clean
0,sid_train,real,unknown,train,724f7ee107a5e888,jpeg50
0,sid_train,real,unknown,train,724f7ee107a5e888,blur05
0,sid_train,real,unknown,train,724f7ee107a5e888,crop08
0,sid_train,real,unknown,train,fd1e36aa3643fba7,clean
0,sid_train,real,unknown,train,fd1e36aa3643fba7,jpeg70
0,sid_train,real,unknown,train,fd1e36aa3643fba7,noise01
0,sid_train,real,unknown,train,fd1e36aa3643fba7,jitter02
0,sid_train,real,unknown,train,6758163d53f8a55b,clean
0,sid_train,real,unknown,train,6758163d53f8a55b,blur05
0,sid_train,real,unknown,train,6758163d53f8a55b,noise005
0,sid_train,real,unknown,train,6758163d53f8a55b,crop08
0,sid_train,real,unknown,train,b8c7e955d67371ce,clean
0,sid_train,real,unknown,train,b8c7e955d67371ce,jpeg70
0,sid_train,real,unknown,train,b8c7e955d67371ce,jpeg50
0,sid_train,real,unknown,train,b8c7e955d67371ce,resize05
0,sid_train,real,unknown,train,cba2ec9a885150dc,clean
0,sid_train,real,unknown,train,cba2ec9a885150dc,jpeg50
0,sid_train,real,unknown,train,cba2ec9a885150dc,resize025
0,sid_train,real,unknown,train,cba2ec9a885150dc,crop08
1,sid_train,full_synthetic,unknown,train,2270bb782cad7bb0,clean
1,sid_train,full_synthetic,unknown,train,2270bb782cad7bb0,jpeg70
1,sid_train,full_synthetic,unknown,train,2270bb782cad7bb0,blur05
1,sid_train,full_synthetic,unknown,train,2270bb782cad7bb0,blur20
1,sid_train,full_synthetic,unknown,train,02f33731bc3683fe,clean
1,sid_train,full_synthetic,unknown,train,02f33731bc3683fe,jpeg90
1,sid_train,full_synthetic,unknown,train,02f33731bc3683fe,blur10
1,sid_train,full_synthetic,unknown,train,02f33731bc3683fe,resize05
0,sid_train,real,unknown,train,f612d4ff148c0983,clean
0,sid_train,real,unknown,train,f612d4ff148c0983,jpeg70
0,sid_train,real,unknown,train,f612d4ff148c0983,resize05
0,sid_train,real,unknown,train,f612d4ff148c0983,jitter02
0,sid_train,real,unknown,train,ca430aa31889f800,clean
0,sid_train,real,unknown,train,ca430aa31889f800,jpeg30
0,sid_train,real,unknown,train,ca430aa31889f800,noise002
0,sid_train,real,unknown,train,ca430aa31889f800,noise01
1,sid_train,full_synthetic,unknown,train,148c0a7d20c6f96e,clean
1,sid_train,full_synthetic,unknown,train,148c0a7d20c6f96e,blur10
1,sid_train,full_synthetic,unknown,train,148c0a7d20c6f96e,resize05
1,sid_train,full_synthetic,unknown,train,148c0a7d20c6f96e,resize025
0,sid_train,real,unknown,train,157b49d051d30a60,clean
0,sid_train,real,unknown,train,157b49d051d30a60,blur10
0,sid_train,real,unknown,train,157b49d051d30a60,blur20
0,sid_train,real,unknown,train,157b49d051d30a60,jitter02
0,sid_train,real,unknown,train,d044d9d2a0e73d8c,clean
0,sid_train,real,unknown,train,d044d9d2a0e73d8c,noise002
0,sid_train,real,unknown,train,d044d9d2a0e73d8c,noise005
0,sid_train,real,unknown,train,d044d9d2a0e73d8c,noise01
1,sid_train,full_synthetic,unknown,train,285e900709bd99f0,clean
1,sid_train,full_synthetic,unknown,train,285e900709bd99f0,blur20
1,sid_train,full_synthetic,unknown,train,285e900709bd99f0,noise002
1,sid_train,full_synthetic,unknown,train,285e900709bd99f0,noise005
0,sid_train,real,unknown,train,f10dce9bca023dff,clean
0,sid_train,real,unknown,train,f10dce9bca023dff,jpeg30
0,sid_train,real,unknown,train,f10dce9bca023dff,blur10
0,sid_train,real,unknown,train,f10dce9bca023dff,noise01
1,sid_train,full_synthetic,unknown,train,0a50884a62f78a39,clean
1,sid_train,full_synthetic,unknown,train,0a50884a62f78a39,jpeg30
1,sid_train,full_synthetic,unknown,train,0a50884a62f78a39,noise005
1,sid_train,full_synthetic,unknown,train,0a50884a62f78a39,jitter02
1,sid_train,full_synthetic,unknown,train,67a9c2bfaf90b400,clean
1,sid_train,full_synthetic,unknown,train,67a9c2bfaf90b400,blur05
1,sid_train,full_synthetic,unknown,train,67a9c2bfaf90b400,noise005
1,sid_train,full_synthetic,unknown,train,67a9c2bfaf90b400,jitter02
0,sid_train,real,unknown,train,f21d9724a7b96aa2,clean
0,sid_train,real,unknown,train,f21d9724a7b96aa2,blur05
0,sid_train,real,unknown,train,f21d9724a7b96aa2,blur10
0,sid_train,real,unknown,train,f21d9724a7b96aa2,crop08
1,sid_train,full_synthetic,unknown,train,d31b317dbe3fcbed,clean
1,sid_train,full_synthetic,unknown,train,d31b317dbe3fcbed,blur20
1,sid_train,full_synthetic,unknown,train,d31b317dbe3fcbed,resize025
1,sid_train,full_synthetic,unknown,train,d31b317dbe3fcbed,crop08
0,sid_train,real,unknown,train,fd263b8f2858e8e2,clean
0,sid_train,real,unknown,train,fd263b8f2858e8e2,jpeg50
0,sid_train,real,unknown,train,fd263b8f2858e8e2,noise005
0,sid_train,real,unknown,train,fd263b8f2858e8e2,crop08
1,sid_train,full_synthetic,unknown,train,ad185ee35125c7b7,clean
1,sid_train,full_synthetic,unknown,train,ad185ee35125c7b7,resize025
1,sid_train,full_synthetic,unknown,train,ad185ee35125c7b7,noise01
1,sid_train,full_synthetic,unknown,train,ad185ee35125c7b7,crop08
1,sid_train,full_synthetic,unknown,train,10d538f49873b78d,clean
1,sid_train,full_synthetic,unknown,train,10d538f49873b78d,blur05
1,sid_train,full_synthetic,unknown,train,10d538f49873b78d,resize05
1,sid_train,full_synthetic,unknown,train,10d538f49873b78d,resize025
1,sid_train,full_synthetic,unknown,train,a7c94b572a857e94,clean
1,sid_train,full_synthetic,unknown,train,a7c94b572a857e94,jpeg30
1,sid_train,full_synthetic,unknown,train,a7c94b572a857e94,blur05
1,sid_train,full_synthetic,unknown,train,a7c94b572a857e94,crop08
0,sid_train,real,unknown,train,8f3de89e324670f2,clean
0,sid_train,real,unknown,train,8f3de89e324670f2,jpeg90
0,sid_train,real,unknown,train,8f3de89e324670f2,resize05
0,sid_train,real,unknown,train,8f3de89e324670f2,resize025
0,sid_train,real,unknown,train,3f2f03983831d03c,clean
0,sid_train,real,unknown,train,3f2f03983831d03c,blur20
0,sid_train,real,unknown,train,3f2f03983831d03c,noise005
0,sid_train,real,unknown,train,3f2f03983831d03c,noise01
1,sid_train,full_synthetic,unknown,train,a8b0fcf452f41e10,clean
1,sid_train,full_synthetic,unknown,train,a8b0fcf452f41e10,jpeg70
1,sid_train,full_synthetic,unknown,train,a8b0fcf452f41e10,jpeg30
1,sid_train,full_synthetic,unknown,train,a8b0fcf452f41e10,resize025
0,sid_train,real,unknown,train,575623be362e2188,clean
0,sid_train,real,unknown,train,575623be362e2188,jpeg70
0,sid_train,real,unknown,train,575623be362e2188,jpeg30
0,sid_train,real,unknown,train,575623be362e2188,crop08
0,sid_train,real,unknown,train,e6d16dc9461f7b42,clean
0,sid_train,real,unknown,train,e6d16dc9461f7b42,blur05
0,sid_train,real,unknown,train,e6d16dc9461f7b42,blur10
0,sid_train,real,unknown,train,e6d16dc9461f7b42,blur20
1,sid_train,full_synthetic,unknown,train,b11d0f7431586f56,clean
1,sid_train,full_synthetic,unknown,train,b11d0f7431586f56,jpeg30
1,sid_train,full_synthetic,unknown,train,b11d0f7431586f56,noise01
1,sid_train,full_synthetic,unknown,train,b11d0f7431586f56,crop08
1,sid_train,full_synthetic,unknown,train,ef75f5ace89ebeed,clean
1,sid_train,full_synthetic,unknown,train,ef75f5ace89ebeed,jpeg50
1,sid_train,full_synthetic,unknown,train,ef75f5ace89ebeed,blur10
1,sid_train,full_synthetic,unknown,train,ef75f5ace89ebeed,noise005
1,sid_train,full_synthetic,unknown,train,33b37a15deb29654,clean
1,sid_train,full_synthetic,unknown,train,33b37a15deb29654,jpeg30
1,sid_train,full_synthetic,unknown,train,33b37a15deb29654,blur10
1,sid_train,full_synthetic,unknown,train,33b37a15deb29654,noise002
1,sid_train,full_synthetic,unknown,train,e85cdb4b9d255ffb,clean
1,sid_train,full_synthetic,unknown,train,e85cdb4b9d255ffb,jpeg70
1,sid_train,full_synthetic,unknown,train,e85cdb4b9d255ffb,blur20
1,sid_train,full_synthetic,unknown,train,e85cdb4b9d255ffb,crop08
0,sid_train,real,unknown,train,485fa5a518edd7bd,clean
0,sid_train,real,unknown,train,485fa5a518edd7bd,jpeg90
0,sid_train,real,unknown,train,485fa5a518edd7bd,blur10
0,sid_train,real,unknown,train,485fa5a518edd7bd,resize025
0,sid_train,real,unknown,train,4b7705be6a13611b,clean
0,sid_train,real,unknown,train,4b7705be6a13611b,jpeg70
0,sid_train,real,unknown,train,4b7705be6a13611b,resize05
0,sid_train,real,unknown,train,4b7705be6a13611b,noise01
1,sid_train,full_synthetic,unknown,train,82d236255e5f25db,clean
1,sid_train,full_synthetic,unknown,train,82d236255e5f25db,jpeg50
1,sid_train,full_synthetic,unknown,train,82d236255e5f25db,resize05
1,sid_train,full_synthetic,unknown,train,82d236255e5f25db,crop08
0,sid_train,real,unknown,train,6b1f179f28fe69a1,clean
0,sid_train,real,unknown,train,6b1f179f28fe69a1,jpeg30
0,sid_train,real,unknown,train,6b1f179f28fe69a1,blur10
0,sid_train,real,unknown,train,6b1f179f28fe69a1,jitter02
1,sid_train,full_synthetic,unknown,train,2dfcb9daf06b285d,clean
1,sid_train,full_synthetic,unknown,train,2dfcb9daf06b285d,jpeg90
1,sid_train,full_synthetic,unknown,train,2dfcb9daf06b285d,jpeg30
1,sid_train,full_synthetic,unknown,train,2dfcb9daf06b285d,resize025
0,sid_train,real,unknown,train,888528d334225cde,clean
0,sid_train,real,unknown,train,888528d334225cde,noise005
0,sid_train,real,unknown,train,888528d334225cde,jitter02
0,sid_train,real,unknown,train,888528d334225cde,crop08
0,sid_train,real,unknown,train,52bf10737e3d4785,clean
0,sid_train,real,unknown,train,52bf10737e3d4785,jpeg90
0,sid_train,real,unknown,train,52bf10737e3d4785,resize05
0,sid_train,real,unknown,train,52bf10737e3d4785,crop08
1,sid_train,full_synthetic,unknown,train,bf3f1e0c642e64d1,clean
1,sid_train,full_synthetic,unknown,train,bf3f1e0c642e64d1,blur05
1,sid_train,full_synthetic,unknown,train,bf3f1e0c642e64d1,resize025
1,sid_train,full_synthetic,unknown,train,bf3f1e0c642e64d1,noise005
0,sid_train,real,unknown,train,6d964564a9d8b200,clean
0,sid_train,real,unknown,train,6d964564a9d8b200,jpeg70
0,sid_train,real,unknown,train,6d964564a9d8b200,noise005
0,sid_train,real,unknown,train,6d964564a9d8b200,crop08
0,sid_train,real,unknown,train,bce9c090821b0bd4,clean
0,sid_train,real,unknown,train,bce9c090821b0bd4,jpeg50
0,sid_train,real,unknown,train,bce9c090821b0bd4,resize025
0,sid_train,real,unknown,train,bce9c090821b0bd4,noise002
1,sid_train,full_synthetic,unknown,train,0f5fe33f078e6a52,clean
1,sid_train,full_synthetic,unknown,train,0f5fe33f078e6a52,jpeg90
1,sid_train,full_synthetic,unknown,train,0f5fe33f078e6a52,jpeg70
1,sid_train,full_synthetic,unknown,train,0f5fe33f078e6a52,blur05
1,sid_train,full_synthetic,unknown,train,f4237adc8ca030e3,clean
1,sid_train,full_synthetic,unknown,train,f4237adc8ca030e3,jpeg90
1,sid_train,full_synthetic,unknown,train,f4237adc8ca030e3,jpeg30
1,sid_train,full_synthetic,unknown,train,f4237adc8ca030e3,jitter02
0,sid_train,real,unknown,train,8ad2825779edf7e9,clean
0,sid_train,real,unknown,train,8ad2825779edf7e9,jpeg90
0,sid_train,real,unknown,train,8ad2825779edf7e9,jpeg70
0,sid_train,real,unknown,train,8ad2825779edf7e9,blur10
1,sid_train,full_synthetic,unknown,train,b87b95263a68c492,clean
1,sid_train,full_synthetic,unknown,train,b87b95263a68c492,blur05
1,sid_train,full_synthetic,unknown,train,b87b95263a68c492,resize05
1,sid_train,full_synthetic,unknown,train,b87b95263a68c492,noise01
0,sid_train,real,unknown,train,d82c0524a26fd57d,clean
0,sid_train,real,unknown,train,d82c0524a26fd57d,jpeg50
0,sid_train,real,unknown,train,d82c0524a26fd57d,jpeg30
0,sid_train,real,unknown,train,d82c0524a26fd57d,blur05
0,sid_train,real,unknown,train,0765de9fb55582b5,clean
0,sid_train,real,unknown,train,0765de9fb55582b5,jpeg90
0,sid_train,real,unknown,train,0765de9fb55582b5,jpeg50
0,sid_train,real,unknown,train,0765de9fb55582b5,blur20
0,sid_train,real,unknown,train,fa834e1f189d6b8b,clean
0,sid_train,real,unknown,train,fa834e1f189d6b8b,jpeg90
0,sid_train,real,unknown,train,fa834e1f189d6b8b,jpeg70
0,sid_train,real,unknown,train,fa834e1f189d6b8b,jitter02
0,sid_train,real,unknown,train,7f01f90ea2ac9bd7,clean
0,sid_train,real,unknown,train,7f01f90ea2ac9bd7,jpeg90
0,sid_train,real,unknown,train,7f01f90ea2ac9bd7,jpeg70
0,sid_train,real,unknown,train,7f01f90ea2ac9bd7,jpeg30
1,sid_train,full_synthetic,unknown,train,d36aea1ca3b25508,clean
1,sid_train,full_synthetic,unknown,train,d36aea1ca3b25508,jpeg90
1,sid_train,full_synthetic,unknown,train,d36aea1ca3b25508,resize05
1,sid_train,full_synthetic,unknown,train,d36aea1ca3b25508,resize025
1,sid_train,full_synthetic,unknown,train,f420008c8024088d,clean
1,sid_train,full_synthetic,unknown,train,f420008c8024088d,jpeg70
1,sid_train,full_synthetic,unknown,train,f420008c8024088d,blur05
1,sid_train,full_synthetic,unknown,train,f420008c8024088d,resize05
0,sid_train,real,unknown,train,b2ed2f10fcc28210,clean
0,sid_train,real,unknown,train,b2ed2f10fcc28210,jpeg90
0,sid_train,real,unknown,train,b2ed2f10fcc28210,blur05
0,sid_train,real,unknown,train,b2ed2f10fcc28210,crop08
0,sid_train,real,unknown,train,25b681ea461a7bc2,clean
0,sid_train,real,unknown,train,25b681ea461a7bc2,blur10
0,sid_train,real,unknown,train,25b681ea461a7bc2,noise005
0,sid_train,real,unknown,train,25b681ea461a7bc2,noise01
1,sid_train,full_synthetic,unknown,train,64e376838dec9101,clean
1,sid_train,full_synthetic,unknown,train,64e376838dec9101,blur10
1,sid_train,full_synthetic,unknown,train,64e376838dec9101,blur20
1,sid_train,full_synthetic,unknown,train,64e376838dec9101,crop08
0,sid_train,real,unknown,train,4a12e01a8c73d1e6,clean
0,sid_train,real,unknown,train,4a12e01a8c73d1e6,blur20
0,sid_train,real,unknown,train,4a12e01a8c73d1e6,noise002
0,sid_train,real,unknown,train,4a12e01a8c73d1e6,noise005
1,sid_train,full_synthetic,unknown,train,952cbcfda45e6637,clean
1,sid_train,full_synthetic,unknown,train,952cbcfda45e6637,jpeg30
1,sid_train,full_synthetic,unknown,train,952cbcfda45e6637,resize05
1,sid_train,full_synthetic,unknown,train,952cbcfda45e6637,noise002
1,sid_train,full_synthetic,unknown,train,10f9126b5916449f,clean
1,sid_train,full_synthetic,unknown,train,10f9126b5916449f,jpeg30
1,sid_train,full_synthetic,unknown,train,10f9126b5916449f,blur10
1,sid_train,full_synthetic,unknown,train,10f9126b5916449f,resize025
1,sid_train,full_synthetic,unknown,train,1b96efc5618318f6,clean
1,sid_train,full_synthetic,unknown,train,1b96efc5618318f6,blur05
1,sid_train,full_synthetic,unknown,train,1b96efc5618318f6,resize05
1,sid_train,full_synthetic,unknown,train,1b96efc5618318f6,noise01
1,sid_train,full_synthetic,unknown,train,418c1f55aec4f96b,clean
1,sid_train,full_synthetic,unknown,train,418c1f55aec4f96b,jpeg50
1,sid_train,full_synthetic,unknown,train,418c1f55aec4f96b,blur05
1,sid_train,full_synthetic,unknown,train,418c1f55aec4f96b,crop08
0,sid_train,real,unknown,train,30d1f935f4774096,clean
0,sid_train,real,unknown,train,30d1f935f4774096,jpeg90
0,sid_train,real,unknown,train,30d1f935f4774096,blur10
0,sid_train,real,unknown,train,30d1f935f4774096,noise01
0,sid_train,real,unknown,train,7c04d695b0fc954e,clean
0,sid_train,real,unknown,train,7c04d695b0fc954e,blur10
0,sid_train,real,unknown,train,7c04d695b0fc954e,jitter02
0,sid_train,real,unknown,train,7c04d695b0fc954e,crop08
0,sid_train,real,unknown,train,f3defc1de0421368,clean
0,sid_train,real,unknown,train,f3defc1de0421368,noise002
0,sid_train,real,unknown,train,f3defc1de0421368,noise01
0,sid_train,real,unknown,train,f3defc1de0421368,jitter02
1,sid_train,full_synthetic,unknown,train,347683168e9d5ad9,clean
1,sid_train,full_synthetic,unknown,train,347683168e9d5ad9,jpeg90
1,sid_train,full_synthetic,unknown,train,347683168e9d5ad9,blur10
1,sid_train,full_synthetic,unknown,train,347683168e9d5ad9,noise005
0,sid_train,real,unknown,train,99229af076dd4091,clean
0,sid_train,real,unknown,train,99229af076dd4091,blur10
0,sid_train,real,unknown,train,99229af076dd4091,resize05
0,sid_train,real,unknown,train,99229af076dd4091,noise005
1,sid_train,full_synthetic,unknown,train,f44b2cfa68a46be0,clean
1,sid_train,full_synthetic,unknown,train,f44b2cfa68a46be0,blur05
1,sid_train,full_synthetic,unknown,train,f44b2cfa68a46be0,resize05
1,sid_train,full_synthetic,unknown,train,f44b2cfa68a46be0,noise005
0,sid_train,real,unknown,train,7391b261a96784b1,clean
0,sid_train,real,unknown,train,7391b261a96784b1,resize025
0,sid_train,real,unknown,train,7391b261a96784b1,jitter02
0,sid_train,real,unknown,train,7391b261a96784b1,crop08
1,sid_train,full_synthetic,unknown,train,e4e1b87671afeef3,clean
1,sid_train,full_synthetic,unknown,train,e4e1b87671afeef3,jpeg90
1,sid_train,full_synthetic,unknown,train,e4e1b87671afeef3,resize05
1,sid_train,full_synthetic,unknown,train,e4e1b87671afeef3,jitter02
0,sid_train,real,unknown,train,7b31fbf84e69e1a1,clean
0,sid_train,real,unknown,train,7b31fbf84e69e1a1,jpeg30
0,sid_train,real,unknown,train,7b31fbf84e69e1a1,resize025
0,sid_train,real,unknown,train,7b31fbf84e69e1a1,noise005
1,sid_train,full_synthetic,unknown,train,935862cbc2402363,clean
1,sid_train,full_synthetic,unknown,train,935862cbc2402363,jpeg90
1,sid_train,full_synthetic,unknown,train,935862cbc2402363,blur10
1,sid_train,full_synthetic,unknown,train,935862cbc2402363,blur20
0,sid_train,real,unknown,train,0c08e154a861b734,clean
0,sid_train,real,unknown,train,0c08e154a861b734,jpeg50
0,sid_train,real,unknown,train,0c08e154a861b734,blur05
0,sid_train,real,unknown,train,0c08e154a861b734,resize025
0,sid_train,real,unknown,train,affc32de35471ee5,clean
0,sid_train,real,unknown,train,affc32de35471ee5,jpeg50
0,sid_train,real,unknown,train,affc32de35471ee5,resize025
0,sid_train,real,unknown,train,affc32de35471ee5,noise002
1,sid_train,full_synthetic,unknown,train,82a36dd82ac12e4c,clean
1,sid_train,full_synthetic,unknown,train,82a36dd82ac12e4c,jpeg70
1,sid_train,full_synthetic,unknown,train,82a36dd82ac12e4c,jpeg30
1,sid_train,full_synthetic,unknown,train,82a36dd82ac12e4c,resize025
1,sid_train,full_synthetic,unknown,train,281e39968301d288,clean
1,sid_train,full_synthetic,unknown,train,281e39968301d288,jpeg90
1,sid_train,full_synthetic,unknown,train,281e39968301d288,resize025
1,sid_train,full_synthetic,unknown,train,281e39968301d288,noise002
1,sid_train,full_synthetic,unknown,train,85d6bea6932845da,clean
1,sid_train,full_synthetic,unknown,train,85d6bea6932845da,blur10
1,sid_train,full_synthetic,unknown,train,85d6bea6932845da,noise005
1,sid_train,full_synthetic,unknown,train,85d6bea6932845da,noise01
0,sid_train,real,unknown,train,1787281befe6868b,clean
0,sid_train,real,unknown,train,1787281befe6868b,jpeg30
0,sid_train,real,unknown,train,1787281befe6868b,noise005
0,sid_train,real,unknown,train,1787281befe6868b,jitter02
0,sid_train,real,unknown,train,aa983b6ad1ec1f6f,clean
0,sid_train,real,unknown,train,aa983b6ad1ec1f6f,jpeg90
0,sid_train,real,unknown,train,aa983b6ad1ec1f6f,resize025
0,sid_train,real,unknown,train,aa983b6ad1ec1f6f,crop08
1,sid_train,full_synthetic,unknown,train,5852e96d23e8a288,clean
1,sid_train,full_synthetic,unknown,train,5852e96d23e8a288,blur05
1,sid_train,full_synthetic,unknown,train,5852e96d23e8a288,blur10
1,sid_train,full_synthetic,unknown,train,5852e96d23e8a288,resize05
1,sid_train,full_synthetic,unknown,train,beb24661ec7b2570,clean
1,sid_train,full_synthetic,unknown,train,beb24661ec7b2570,blur05
1,sid_train,full_synthetic,unknown,train,beb24661ec7b2570,blur10
1,sid_train,full_synthetic,unknown,train,beb24661ec7b2570,resize05
0,sid_train,real,unknown,train,62ef2466922c3b58,clean
0,sid_train,real,unknown,train,62ef2466922c3b58,jpeg90
0,sid_train,real,unknown,train,62ef2466922c3b58,jpeg30
0,sid_train,real,unknown,train,62ef2466922c3b58,noise002
1,sid_train,full_synthetic,unknown,train,df8868b7c4d5ae48,clean
1,sid_train,full_synthetic,unknown,train,df8868b7c4d5ae48,noise002
1,sid_train,full_synthetic,unknown,train,df8868b7c4d5ae48,noise005
1,sid_train,full_synthetic,unknown,train,df8868b7c4d5ae48,jitter02
1,sid_train,full_synthetic,unknown,train,84c9fe9222cc48b4,clean
1,sid_train,full_synthetic,unknown,train,84c9fe9222cc48b4,blur20
1,sid_train,full_synthetic,unknown,train,84c9fe9222cc48b4,jitter02
1,sid_train,full_synthetic,unknown,train,84c9fe9222cc48b4,crop08
1,sid_train,full_synthetic,unknown,train,5fe5e51aa8164687,clean
1,sid_train,full_synthetic,unknown,train,5fe5e51aa8164687,jpeg90
1,sid_train,full_synthetic,unknown,train,5fe5e51aa8164687,jpeg30
1,sid_train,full_synthetic,unknown,train,5fe5e51aa8164687,crop08
0,sid_train,real,unknown,train,6e9d729afb706778,clean
0,sid_train,real,unknown,train,6e9d729afb706778,blur05
0,sid_train,real,unknown,train,6e9d729afb706778,blur20
0,sid_train,real,unknown,train,6e9d729afb706778,jitter02
0,sid_train,real,unknown,train,991e28826189debc,clean
0,sid_train,real,unknown,train,991e28826189debc,jpeg90
0,sid_train,real,unknown,train,991e28826189debc,blur05
0,sid_train,real,unknown,train,991e28826189debc,blur10
1,sid_train,full_synthetic,unknown,train,367333aa4e18bca2,clean
1,sid_train,full_synthetic,unknown,train,367333aa4e18bca2,blur20
1,sid_train,full_synthetic,unknown,train,367333aa4e18bca2,resize05
1,sid_train,full_synthetic,unknown,train,367333aa4e18bca2,jitter02
0,sid_train,real,unknown,train,28f6fac5f2621ff4,clean
0,sid_train,real,unknown,train,28f6fac5f2621ff4,resize05
0,sid_train,real,unknown,train,28f6fac5f2621ff4,noise002
0,sid_train,real,unknown,train,28f6fac5f2621ff4,noise005
1,sid_train,full_synthetic,unknown,train,55c84b8dd0b0e71a,clean
1,sid_train,full_synthetic,unknown,train,55c84b8dd0b0e71a,blur05
1,sid_train,full_synthetic,unknown,train,55c84b8dd0b0e71a,resize025
1,sid_train,full_synthetic,unknown,train,55c84b8dd0b0e71a,noise005
1,sid_train,full_synthetic,unknown,train,bd444af601186ca7,clean
1,sid_train,full_synthetic,unknown,train,bd444af601186ca7,jpeg50
1,sid_train,full_synthetic,unknown,train,bd444af601186ca7,blur05
1,sid_train,full_synthetic,unknown,train,bd444af601186ca7,jitter02
1,sid_train,full_synthetic,unknown,train,c94b06de818ba23a,clean
1,sid_train,full_synthetic,unknown,train,c94b06de818ba23a,jpeg90
1,sid_train,full_synthetic,unknown,train,c94b06de818ba23a,blur20
1,sid_train,full_synthetic,unknown,train,c94b06de818ba23a,jitter02
1,sid_train,full_synthetic,unknown,train,e837da146f7587c8,clean
1,sid_train,full_synthetic,unknown,train,e837da146f7587c8,jpeg30
1,sid_train,full_synthetic,unknown,train,e837da146f7587c8,blur20
1,sid_train,full_synthetic,unknown,train,e837da146f7587c8,noise002
0,sid_train,real,unknown,train,cc8827eb7544f3ae,clean
0,sid_train,real,unknown,train,cc8827eb7544f3ae,jpeg30
0,sid_train,real,unknown,train,cc8827eb7544f3ae,blur20
0,sid_train,real,unknown,train,cc8827eb7544f3ae,noise01
0,sid_train,real,unknown,train,5b093eb4ac993b6a,clean
0,sid_train,real,unknown,train,5b093eb4ac993b6a,jpeg90
0,sid_train,real,unknown,train,5b093eb4ac993b6a,jpeg30
0,sid_train,real,unknown,train,5b093eb4ac993b6a,resize025
0,sid_train,real,unknown,train,632c373ee282a301,clean
0,sid_train,real,unknown,train,632c373ee282a301,blur10
0,sid_train,real,unknown,train,632c373ee282a301,resize05
0,sid_train,real,unknown,train,632c373ee282a301,noise005
0,sid_train,real,unknown,train,5ee984cff53f7f95,clean
0,sid_train,real,unknown,train,5ee984cff53f7f95,jpeg70
0,sid_train,real,unknown,train,5ee984cff53f7f95,noise005
0,sid_train,real,unknown,train,5ee984cff53f7f95,crop08
0,sid_train,real,unknown,train,81aa8f68fd0b4142,clean
0,sid_train,real,unknown,train,81aa8f68fd0b4142,jpeg70
0,sid_train,real,unknown,train,81aa8f68fd0b4142,blur20
0,sid_train,real,unknown,train,81aa8f68fd0b4142,noise01
1,sid_train,full_synthetic,unknown,train,c06575d274b5921d,clean
1,sid_train,full_synthetic,unknown,train,c06575d274b5921d,jpeg90
1,sid_train,full_synthetic,unknown,train,c06575d274b5921d,jpeg70
1,sid_train,full_synthetic,unknown,train,c06575d274b5921d,noise01
1,sid_train,full_synthetic,unknown,train,cbddbadab501511c,clean
1,sid_train,full_synthetic,unknown,train,cbddbadab501511c,jpeg90
1,sid_train,full_synthetic,unknown,train,cbddbadab501511c,blur05
1,sid_train,full_synthetic,unknown,train,cbddbadab501511c,noise002
1,sid_train,full_synthetic,unknown,train,e8bf8ebf09ba1a5f,clean
1,sid_train,full_synthetic,unknown,train,e8bf8ebf09ba1a5f,jpeg30
1,sid_train,full_synthetic,unknown,train,e8bf8ebf09ba1a5f,resize025
1,sid_train,full_synthetic,unknown,train,e8bf8ebf09ba1a5f,noise01
1,sid_train,full_synthetic,unknown,train,e374ed7f4a5a2e65,clean
1,sid_train,full_synthetic,unknown,train,e374ed7f4a5a2e65,blur05
1,sid_train,full_synthetic,unknown,train,e374ed7f4a5a2e65,jitter02
1,sid_train,full_synthetic,unknown,train,e374ed7f4a5a2e65,crop08
1,sid_train,full_synthetic,unknown,train,a576bb6ce2970389,clean
1,sid_train,full_synthetic,unknown,train,a576bb6ce2970389,blur05
1,sid_train,full_synthetic,unknown,train,a576bb6ce2970389,blur20
1,sid_train,full_synthetic,unknown,train,a576bb6ce2970389,noise002
1,sid_train,full_synthetic,unknown,train,ec6e499cd4b5dcc6,clean
1,sid_train,full_synthetic,unknown,train,ec6e499cd4b5dcc6,jpeg50
1,sid_train,full_synthetic,unknown,train,ec6e499cd4b5dcc6,noise01
1,sid_train,full_synthetic,unknown,train,ec6e499cd4b5dcc6,crop08
0,sid_train,real,unknown,train,f41be093dfac6b8a,clean
0,sid_train,real,unknown,train,f41be093dfac6b8a,jpeg30
0,sid_train,real,unknown,train,f41be093dfac6b8a,blur10
0,sid_train,real,unknown,train,f41be093dfac6b8a,noise002
1,sid_train,full_synthetic,unknown,train,763c9965f2401216,clean
1,sid_train,full_synthetic,unknown,train,763c9965f2401216,blur05
1,sid_train,full_synthetic,unknown,train,763c9965f2401216,noise002
1,sid_train,full_synthetic,unknown,train,763c9965f2401216,jitter02
0,sid_train,real,unknown,train,49ce97907110d20a,clean
0,sid_train,real,unknown,train,49ce97907110d20a,blur10
0,sid_train,real,unknown,train,49ce97907110d20a,blur20
0,sid_train,real,unknown,train,49ce97907110d20a,crop08
1,sid_train,full_synthetic,unknown,train,acbd0ea9278a1dca,clean
1,sid_train,full_synthetic,unknown,train,acbd0ea9278a1dca,jpeg30
1,sid_train,full_synthetic,unknown,train,acbd0ea9278a1dca,jitter02
1,sid_train,full_synthetic,unknown,train,acbd0ea9278a1dca,crop08
1,sid_train,full_synthetic,unknown,train,75816c86ec0d411c,clean
1,sid_train,full_synthetic,unknown,train,75816c86ec0d411c,blur10
1,sid_train,full_synthetic,unknown,train,75816c86ec0d411c,blur20
1,sid_train,full_synthetic,unknown,train,75816c86ec0d411c,noise01
0,sid_train,real,unknown,train,3dddf9af9e54c045,clean
0,sid_train,real,unknown,train,3dddf9af9e54c045,jpeg50
0,sid_train,real,unknown,train,3dddf9af9e54c045,blur10
0,sid_train,real,unknown,train,3dddf9af9e54c045,jitter02
1,sid_train,full_synthetic,unknown,train,8bde1f22f499ec91,clean
1,sid_train,full_synthetic,unknown,train,8bde1f22f499ec91,jpeg70
1,sid_train,full_synthetic,unknown,train,8bde1f22f499ec91,blur10
1,sid_train,full_synthetic,unknown,train,8bde1f22f499ec91,crop08
0,sid_train,real,unknown,train,ac05229e923f58a4,clean
0,sid_train,real,unknown,train,ac05229e923f58a4,resize05
0,sid_train,real,unknown,train,ac05229e923f58a4,resize025
0,sid_train,real,unknown,train,ac05229e923f58a4,jitter02
0,sid_train,real,unknown,train,110fbf0f35729943,clean
0,sid_train,real,unknown,train,110fbf0f35729943,jpeg30
0,sid_train,real,unknown,train,110fbf0f35729943,blur20
0,sid_train,real,unknown,train,110fbf0f35729943,resize05
1,sid_train,full_synthetic,unknown,train,f60f073e4863a460,clean
1,sid_train,full_synthetic,unknown,train,f60f073e4863a460,blur20
1,sid_train,full_synthetic,unknown,train,f60f073e4863a460,noise002
1,sid_train,full_synthetic,unknown,train,f60f073e4863a460,noise01
1,sid_train,full_synthetic,unknown,train,ec6193206bb41e7f,clean
1,sid_train,full_synthetic,unknown,train,ec6193206bb41e7f,jpeg90
1,sid_train,full_synthetic,unknown,train,ec6193206bb41e7f,blur20
1,sid_train,full_synthetic,unknown,train,ec6193206bb41e7f,resize05
0,sid_train,real,unknown,train,28a88aaef54a2e75,clean
0,sid_train,real,unknown,train,28a88aaef54a2e75,jpeg30
0,sid_train,real,unknown,train,28a88aaef54a2e75,blur05
0,sid_train,real,unknown,train,28a88aaef54a2e75,blur10
0,sid_train,real,unknown,train,7979cf267ce4182f,clean
0,sid_train,real,unknown,train,7979cf267ce4182f,jpeg90
0,sid_train,real,unknown,train,7979cf267ce4182f,resize05
0,sid_train,real,unknown,train,7979cf267ce4182f,resize025
1,sid_train,full_synthetic,unknown,train,a57a73ac3451ed46,clean
1,sid_train,full_synthetic,unknown,train,a57a73ac3451ed46,jpeg90
1,sid_train,full_synthetic,unknown,train,a57a73ac3451ed46,resize05
1,sid_train,full_synthetic,unknown,train,a57a73ac3451ed46,noise005
0,sid_train,real,unknown,train,91e28658d04bcba8,clean
0,sid_train,real,unknown,train,91e28658d04bcba8,jpeg70
0,sid_train,real,unknown,train,91e28658d04bcba8,jpeg30
0,sid_train,real,unknown,train,91e28658d04bcba8,jitter02
1,sid_train,full_synthetic,unknown,train,95bafc2fdc9358a7,clean
1,sid_train,full_synthetic,unknown,train,95bafc2fdc9358a7,resize05
1,sid_train,full_synthetic,unknown,train,95bafc2fdc9358a7,noise01
1,sid_train,full_synthetic,unknown,train,95bafc2fdc9358a7,jitter02
0,sid_train,real,unknown,train,f0ebba16ceff0ecd,clean
0,sid_train,real,unknown,train,f0ebba16ceff0ecd,jpeg70
0,sid_train,real,unknown,train,f0ebba16ceff0ecd,resize05
0,sid_train,real,unknown,train,f0ebba16ceff0ecd,crop08
0,sid_train,real,unknown,train,5e2c6ed3cd1a369a,clean
0,sid_train,real,unknown,train,5e2c6ed3cd1a369a,jpeg30
0,sid_train,real,unknown,train,5e2c6ed3cd1a369a,blur10
0,sid_train,real,unknown,train,5e2c6ed3cd1a369a,noise005
0,sid_train,real,unknown,train,95d4927391b25cf4,clean
0,sid_train,real,unknown,train,95d4927391b25cf4,blur05
0,sid_train,real,unknown,train,95d4927391b25cf4,noise005
0,sid_train,real,unknown,train,95d4927391b25cf4,jitter02
1,sid_train,full_synthetic,unknown,train,1f4f4b75ef968b3c,clean
1,sid_train,full_synthetic,unknown,train,1f4f4b75ef968b3c,jpeg50
1,sid_train,full_synthetic,unknown,train,1f4f4b75ef968b3c,noise002
1,sid_train,full_synthetic,unknown,train,1f4f4b75ef968b3c,jitter02
0,sid_train,real,unknown,train,f83c8e5a7465d789,clean
0,sid_train,real,unknown,train,f83c8e5a7465d789,blur05
0,sid_train,real,unknown,train,f83c8e5a7465d789,resize025
0,sid_train,real,unknown,train,f83c8e5a7465d789,noise01
1,sid_train,full_synthetic,unknown,train,eef7971f01e993f7,clean
1,sid_train,full_synthetic,unknown,train,eef7971f01e993f7,jpeg70
1,sid_train,full_synthetic,unknown,train,eef7971f01e993f7,jpeg50
1,sid_train,full_synthetic,unknown,train,eef7971f01e993f7,noise01
0,sid_train,real,unknown,train,5c59d43b1ca81515,clean
0,sid_train,real,unknown,train,5c59d43b1ca81515,jpeg50
0,sid_train,real,unknown,train,5c59d43b1ca81515,blur10
0,sid_train,real,unknown,train,5c59d43b1ca81515,crop08
0,sid_train,real,unknown,train,67bd5064f9b61588,clean
0,sid_train,real,unknown,train,67bd5064f9b61588,blur05
0,sid_train,real,unknown,train,67bd5064f9b61588,blur20
0,sid_train,real,unknown,train,67bd5064f9b61588,noise005
1,sid_train,full_synthetic,unknown,train,ec301c15753adc9e,clean
1,sid_train,full_synthetic,unknown,train,ec301c15753adc9e,jpeg70
1,sid_train,full_synthetic,unknown,train,ec301c15753adc9e,blur20
1,sid_train,full_synthetic,unknown,train,ec301c15753adc9e,noise005
1,sid_train,full_synthetic,unknown,train,2bcbf153a540eae6,clean
1,sid_train,full_synthetic,unknown,train,2bcbf153a540eae6,jpeg30
1,sid_train,full_synthetic,unknown,train,2bcbf153a540eae6,blur05
1,sid_train,full_synthetic,unknown,train,2bcbf153a540eae6,noise002
1,sid_train,full_synthetic,unknown,train,bf39f62e1b345b09,clean
1,sid_train,full_synthetic,unknown,train,bf39f62e1b345b09,blur10
1,sid_train,full_synthetic,unknown,train,bf39f62e1b345b09,blur20
1,sid_train,full_synthetic,unknown,train,bf39f62e1b345b09,jitter02
0,sid_train,real,unknown,train,e3863be385c9fc88,clean
0,sid_train,real,unknown,train,e3863be385c9fc88,jpeg70
0,sid_train,real,unknown,train,e3863be385c9fc88,jpeg30
0,sid_train,real,unknown,train,e3863be385c9fc88,blur05
0,sid_train,real,unknown,train,e00f4a4b2acd4228,clean
0,sid_train,real,unknown,train,e00f4a4b2acd4228,noise005
0,sid_train,real,unknown,train,e00f4a4b2acd4228,noise01
0,sid_train,real,unknown,train,e00f4a4b2acd4228,jitter02
0,sid_train,real,unknown,train,64dec8588e899fa2,clean
0,sid_train,real,unknown,train,64dec8588e899fa2,jpeg90
0,sid_train,real,unknown,train,64dec8588e899fa2,resize025
0,sid_train,real,unknown,train,64dec8588e899fa2,jitter02
0,sid_train,real,unknown,train,43c804aea5853523,clean
0,sid_train,real,unknown,train,43c804aea5853523,jpeg90
0,sid_train,real,unknown,train,43c804aea5853523,noise002
0,sid_train,real,unknown,train,43c804aea5853523,noise005
1,sid_train,full_synthetic,unknown,train,b21c201a6369baf3,clean
1,sid_train,full_synthetic,unknown,train,b21c201a6369baf3,blur10
1,sid_train,full_synthetic,unknown,train,b21c201a6369baf3,blur20
1,sid_train,full_synthetic,unknown,train,b21c201a6369baf3,noise002
0,sid_train,real,unknown,train,3307da6a37bbfa80,clean
0,sid_train,real,unknown,train,3307da6a37bbfa80,blur05
0,sid_train,real,unknown,train,3307da6a37bbfa80,resize025
0,sid_train,real,unknown,train,3307da6a37bbfa80,noise002
1,sid_train,full_synthetic,unknown,train,6e469a68203f0dd5,clean
1,sid_train,full_synthetic,unknown,train,6e469a68203f0dd5,jpeg50
1,sid_train,full_synthetic,unknown,train,6e469a68203f0dd5,noise01
1,sid_train,full_synthetic,unknown,train,6e469a68203f0dd5,crop08
0,sid_train,real,unknown,train,514eba474ad72271,clean
0,sid_train,real,unknown,train,514eba474ad72271,blur05
0,sid_train,real,unknown,train,514eba474ad72271,noise002
0,sid_train,real,unknown,train,514eba474ad72271,crop08
1,sid_train,full_synthetic,unknown,train,cec3a4f3be5eea86,clean
1,sid_train,full_synthetic,unknown,train,cec3a4f3be5eea86,blur05
1,sid_train,full_synthetic,unknown,train,cec3a4f3be5eea86,noise005
1,sid_train,full_synthetic,unknown,train,cec3a4f3be5eea86,crop08
1,sid_train,full_synthetic,unknown,train,7181e20858dcac8d,clean
1,sid_train,full_synthetic,unknown,train,7181e20858dcac8d,jpeg90
1,sid_train,full_synthetic,unknown,train,7181e20858dcac8d,blur05
1,sid_train,full_synthetic,unknown,train,7181e20858dcac8d,resize025
1,sid_train,full_synthetic,unknown,train,71e1706ca2bc4346,clean
1,sid_train,full_synthetic,unknown,train,71e1706ca2bc4346,jpeg90
1,sid_train,full_synthetic,unknown,train,71e1706ca2bc4346,blur10
1,sid_train,full_synthetic,unknown,train,71e1706ca2bc4346,blur20
0,sid_train,real,unknown,train,369bb44130b39d51,clean
0,sid_train,real,unknown,train,369bb44130b39d51,jpeg50
0,sid_train,real,unknown,train,369bb44130b39d51,noise005
0,sid_train,real,unknown,train,369bb44130b39d51,noise01
1,sid_train,full_synthetic,unknown,train,b906c37d05c5c30d,clean
1,sid_train,full_synthetic,unknown,train,b906c37d05c5c30d,jpeg30
1,sid_train,full_synthetic,unknown,train,b906c37d05c5c30d,blur05
1,sid_train,full_synthetic,unknown,train,b906c37d05c5c30d,noise005
1,sid_train,full_synthetic,unknown,train,dd2542bbaa0fbbc5,clean
1,sid_train,full_synthetic,unknown,train,dd2542bbaa0fbbc5,jpeg50
1,sid_train,full_synthetic,unknown,train,dd2542bbaa0fbbc5,blur05
1,sid_train,full_synthetic,unknown,train,dd2542bbaa0fbbc5,blur10
1,sid_train,full_synthetic,unknown,train,5ca08acfcae7a5a7,clean
1,sid_train,full_synthetic,unknown,train,5ca08acfcae7a5a7,blur05
1,sid_train,full_synthetic,unknown,train,5ca08acfcae7a5a7,blur20
1,sid_train,full_synthetic,unknown,train,5ca08acfcae7a5a7,noise01
0,sid_train,real,unknown,train,b4aee5b3710bb333,clean
0,sid_train,real,unknown,train,b4aee5b3710bb333,jpeg90
0,sid_train,real,unknown,train,b4aee5b3710bb333,resize05
0,sid_train,real,unknown,train,b4aee5b3710bb333,resize025
0,sid_train,real,unknown,train,2cde772be7be657e,clean
0,sid_train,real,unknown,train,2cde772be7be657e,jpeg30
0,sid_train,real,unknown,train,2cde772be7be657e,blur10
0,sid_train,real,unknown,train,2cde772be7be657e,resize05
0,sid_train,real,unknown,train,288e2d795f81e7bd,clean
0,sid_train,real,unknown,train,288e2d795f81e7bd,jpeg50
0,sid_train,real,unknown,train,288e2d795f81e7bd,resize05
0,sid_train,real,unknown,train,288e2d795f81e7bd,noise005
1,sid_train,full_synthetic,unknown,train,dfa06404eb8b0a47,clean
1,sid_train,full_synthetic,unknown,train,dfa06404eb8b0a47,jpeg30
1,sid_train,full_synthetic,unknown,train,dfa06404eb8b0a47,blur10
1,sid_train,full_synthetic,unknown,train,dfa06404eb8b0a47,crop08
0,sid_train,real,unknown,train,edb61c2bd8b7f34a,clean
0,sid_train,real,unknown,train,edb61c2bd8b7f34a,jpeg70
0,sid_train,real,unknown,train,edb61c2bd8b7f34a,noise01
0,sid_train,real,unknown,train,edb61c2bd8b7f34a,crop08
0,sid_train,real,unknown,train,49736cfdbd6a001d,clean
0,sid_train,real,unknown,train,49736cfdbd6a001d,resize05
0,sid_train,real,unknown,train,49736cfdbd6a001d,resize025
0,sid_train,real,unknown,train,49736cfdbd6a001d,crop08
1,sid_train,full_synthetic,unknown,train,8ed16a2147839bd8,clean
1,sid_train,full_synthetic,unknown,train,8ed16a2147839bd8,blur05
1,sid_train,full_synthetic,unknown,train,8ed16a2147839bd8,noise005
1,sid_train,full_synthetic,unknown,train,8ed16a2147839bd8,noise01
0,sid_train,real,unknown,train,4817981d6977dec4,clean
0,sid_train,real,unknown,train,4817981d6977dec4,blur20
0,sid_train,real,unknown,train,4817981d6977dec4,noise005
0,sid_train,real,unknown,train,4817981d6977dec4,jitter02
0,sid_train,real,unknown,train,4766380b3ff4b191,clean
0,sid_train,real,unknown,train,4766380b3ff4b191,jpeg90
0,sid_train,real,unknown,train,4766380b3ff4b191,jpeg30
0,sid_train,real,unknown,train,4766380b3ff4b191,resize025
0,sid_train,real,unknown,train,529e394c6ef705e2,clean
0,sid_train,real,unknown,train,529e394c6ef705e2,jpeg90
0,sid_train,real,unknown,train,529e394c6ef705e2,blur20
0,sid_train,real,unknown,train,529e394c6ef705e2,noise005
0,sid_train,real,unknown,train,475e4acad864fb0f,clean
0,sid_train,real,unknown,train,475e4acad864fb0f,jpeg70
0,sid_train,real,unknown,train,475e4acad864fb0f,blur20
0,sid_train,real,unknown,train,475e4acad864fb0f,resize05
0,sid_train,real,unknown,train,f75c0ceb1a7794c4,clean
0,sid_train,real,unknown,train,f75c0ceb1a7794c4,resize05
0,sid_train,real,unknown,train,f75c0ceb1a7794c4,resize025
0,sid_train,real,unknown,train,f75c0ceb1a7794c4,noise01
1,sid_train,full_synthetic,unknown,train,d01c02475230b9df,clean
1,sid_train,full_synthetic,unknown,train,d01c02475230b9df,jpeg70
1,sid_train,full_synthetic,unknown,train,d01c02475230b9df,resize025
1,sid_train,full_synthetic,unknown,train,d01c02475230b9df,noise01
0,sid_train,real,unknown,train,6ae4193928672dfc,clean
0,sid_train,real,unknown,train,6ae4193928672dfc,jpeg70
0,sid_train,real,unknown,train,6ae4193928672dfc,jpeg50
0,sid_train,real,unknown,train,6ae4193928672dfc,blur10
1,sid_train,full_synthetic,unknown,train,d4e85243d05fba98,clean
1,sid_train,full_synthetic,unknown,train,d4e85243d05fba98,resize05
1,sid_train,full_synthetic,unknown,train,d4e85243d05fba98,noise005
1,sid_train,full_synthetic,unknown,train,d4e85243d05fba98,jitter02
0,sid_train,real,unknown,train,34d6c2b96d8d9e72,clean
0,sid_train,real,unknown,train,34d6c2b96d8d9e72,jpeg70
0,sid_train,real,unknown,train,34d6c2b96d8d9e72,blur05
0,sid_train,real,unknown,train,34d6c2b96d8d9e72,resize025
1,sid_train,full_synthetic,unknown,train,3a96533672ab4143,clean
1,sid_train,full_synthetic,unknown,train,3a96533672ab4143,jpeg90
1,sid_train,full_synthetic,unknown,train,3a96533672ab4143,jpeg50
1,sid_train,full_synthetic,unknown,train,3a96533672ab4143,noise01
0,sid_train,real,unknown,train,944f9901c851d161,clean
0,sid_train,real,unknown,train,944f9901c851d161,blur10
0,sid_train,real,unknown,train,944f9901c851d161,noise005
0,sid_train,real,unknown,train,944f9901c851d161,jitter02
0,sid_train,real,unknown,train,cb06a6cf5b771f57,clean
0,sid_train,real,unknown,train,cb06a6cf5b771f57,resize05
0,sid_train,real,unknown,train,cb06a6cf5b771f57,noise002
0,sid_train,real,unknown,train,cb06a6cf5b771f57,jitter02
0,sid_train,real,unknown,train,668e1eb6342c6574,clean
0,sid_train,real,unknown,train,668e1eb6342c6574,jpeg30
0,sid_train,real,unknown,train,668e1eb6342c6574,resize025
0,sid_train,real,unknown,train,668e1eb6342c6574,jitter02
1,sid_train,full_synthetic,unknown,train,722650adec15f555,clean
1,sid_train,full_synthetic,unknown,train,722650adec15f555,jpeg70
1,sid_train,full_synthetic,unknown,train,722650adec15f555,jpeg50
1,sid_train,full_synthetic,unknown,train,722650adec15f555,noise002
0,sid_train,real,unknown,train,3041151a2244b34c,clean
0,sid_train,real,unknown,train,3041151a2244b34c,jpeg50
0,sid_train,real,unknown,train,3041151a2244b34c,jpeg30
0,sid_train,real,unknown,train,3041151a2244b34c,crop08
0,sid_train,real,unknown,train,8ecedb44c22951e5,clean
0,sid_train,real,unknown,train,8ecedb44c22951e5,jpeg90
0,sid_train,real,unknown,train,8ecedb44c22951e5,jpeg70
0,sid_train,real,unknown,train,8ecedb44c22951e5,crop08
0,sid_train,real,unknown,train,d6b1e32ddb53a08e,clean
0,sid_train,real,unknown,train,d6b1e32ddb53a08e,jpeg90
0,sid_train,real,unknown,train,d6b1e32ddb53a08e,jpeg30
0,sid_train,real,unknown,train,d6b1e32ddb53a08e,resize025
0,sid_train,real,unknown,train,ec2a02c4b91677de,clean
0,sid_train,real,unknown,train,ec2a02c4b91677de,jpeg50
0,sid_train,real,unknown,train,ec2a02c4b91677de,blur05
0,sid_train,real,unknown,train,ec2a02c4b91677de,noise002
1,sid_train,full_synthetic,unknown,train,7d7af3ded69e855d,clean
1,sid_train,full_synthetic,unknown,train,7d7af3ded69e855d,jpeg70
1,sid_train,full_synthetic,unknown,train,7d7af3ded69e855d,jpeg30
1,sid_train,full_synthetic,unknown,train,7d7af3ded69e855d,noise005
0,sid_train,real,unknown,train,6bb748e2ee952476,clean
0,sid_train,real,unknown,train,6bb748e2ee952476,jpeg70
0,sid_train,real,unknown,train,6bb748e2ee952476,jpeg30
0,sid_train,real,unknown,train,6bb748e2ee952476,noise01
1,sid_train,full_synthetic,unknown,train,fa0ce9f3d53a3d10,clean
1,sid_train,full_synthetic,unknown,train,fa0ce9f3d53a3d10,jpeg70
1,sid_train,full_synthetic,unknown,train,fa0ce9f3d53a3d10,jpeg50
1,sid_train,full_synthetic,unknown,train,fa0ce9f3d53a3d10,blur10
0,sid_train,real,unknown,train,add5db1f1dd66091,clean
0,sid_train,real,unknown,train,add5db1f1dd66091,jpeg90
0,sid_train,real,unknown,train,add5db1f1dd66091,resize025
0,sid_train,real,unknown,train,add5db1f1dd66091,noise005
0,sid_train,real,unknown,train,1d80209108d4af33,clean
0,sid_train,real,unknown,train,1d80209108d4af33,jpeg50
0,sid_train,real,unknown,train,1d80209108d4af33,blur20
0,sid_train,real,unknown,train,1d80209108d4af33,jitter02
1,sid_train,full_synthetic,unknown,train,1ad1c2c849d652a5,clean
1,sid_train,full_synthetic,unknown,train,1ad1c2c849d652a5,resize025
1,sid_train,full_synthetic,unknown,train,1ad1c2c849d652a5,noise01
1,sid_train,full_synthetic,unknown,train,1ad1c2c849d652a5,jitter02
0,sid_train,real,unknown,train,f8d22036d339019e,clean
0,sid_train,real,unknown,train,f8d22036d339019e,jpeg70
0,sid_train,real,unknown,train,f8d22036d339019e,jpeg30
0,sid_train,real,unknown,train,f8d22036d339019e,resize025
1,sid_train,full_synthetic,unknown,train,b97ec957c49c25c2,clean
1,sid_train,full_synthetic,unknown,train,b97ec957c49c25c2,jpeg50
1,sid_train,full_synthetic,unknown,train,b97ec957c49c25c2,blur05
1,sid_train,full_synthetic,unknown,train,b97ec957c49c25c2,noise005
0,sid_train,real,unknown,train,696a3fad7dadf525,clean
0,sid_train,real,unknown,train,696a3fad7dadf525,jpeg70
0,sid_train,real,unknown,train,696a3fad7dadf525,blur20
0,sid_train,real,unknown,train,696a3fad7dadf525,resize05
1,sid_train,full_synthetic,unknown,train,51cf3e17f7679ad1,clean
1,sid_train,full_synthetic,unknown,train,51cf3e17f7679ad1,blur10
1,sid_train,full_synthetic,unknown,train,51cf3e17f7679ad1,blur20
1,sid_train,full_synthetic,unknown,train,51cf3e17f7679ad1,crop08
0,sid_train,real,unknown,train,dedfa4a7b9a99157,clean
0,sid_train,real,unknown,train,dedfa4a7b9a99157,blur10
0,sid_train,real,unknown,train,dedfa4a7b9a99157,noise002
0,sid_train,real,unknown,train,dedfa4a7b9a99157,crop08
0,sid_train,real,unknown,train,c783b4095ffaecba,clean
0,sid_train,real,unknown,train,c783b4095ffaecba,jpeg70
0,sid_train,real,unknown,train,c783b4095ffaecba,jpeg30
0,sid_train,real,unknown,train,c783b4095ffaecba,noise002
0,sid_train,real,unknown,train,2fad290843b14f1c,clean
0,sid_train,real,unknown,train,2fad290843b14f1c,jpeg30
0,sid_train,real,unknown,train,2fad290843b14f1c,blur05
0,sid_train,real,unknown,train,2fad290843b14f1c,resize025
1,sid_train,full_synthetic,unknown,train,03bfdbf9ab5731cc,clean
1,sid_train,full_synthetic,unknown,train,03bfdbf9ab5731cc,jpeg90
1,sid_train,full_synthetic,unknown,train,03bfdbf9ab5731cc,jpeg70
1,sid_train,full_synthetic,unknown,train,03bfdbf9ab5731cc,noise005
1,sid_train,full_synthetic,unknown,train,a235199c9978669c,clean
1,sid_train,full_synthetic,unknown,train,a235199c9978669c,jpeg90
1,sid_train,full_synthetic,unknown,train,a235199c9978669c,jpeg50
1,sid_train,full_synthetic,unknown,train,a235199c9978669c,resize05
0,sid_train,real,unknown,train,410eb3b30631a4d3,clean
0,sid_train,real,unknown,train,410eb3b30631a4d3,resize05
0,sid_train,real,unknown,train,410eb3b30631a4d3,resize025
0,sid_train,real,unknown,train,410eb3b30631a4d3,crop08
0,sid_train,real,unknown,train,c0037fefa7a9f3c7,clean
0,sid_train,real,unknown,train,c0037fefa7a9f3c7,jpeg50
0,sid_train,real,unknown,train,c0037fefa7a9f3c7,resize05
0,sid_train,real,unknown,train,c0037fefa7a9f3c7,crop08
0,sid_train,real,unknown,train,838b1b0930c45301,clean
0,sid_train,real,unknown,train,838b1b0930c45301,jpeg30
0,sid_train,real,unknown,train,838b1b0930c45301,blur10
0,sid_train,real,unknown,train,838b1b0930c45301,blur20
0,sid_train,real,unknown,train,c988a012e8bfbb31,clean
0,sid_train,real,unknown,train,c988a012e8bfbb31,jpeg70
0,sid_train,real,unknown,train,c988a012e8bfbb31,resize05
0,sid_train,real,unknown,train,c988a012e8bfbb31,resize025
1,sid_train,full_synthetic,unknown,train,f8c29085965d090c,clean
1,sid_train,full_synthetic,unknown,train,f8c29085965d090c,blur10
1,sid_train,full_synthetic,unknown,train,f8c29085965d090c,noise005
1,sid_train,full_synthetic,unknown,train,f8c29085965d090c,noise01
0,sid_train,real,unknown,train,4727ad25107f9a61,clean
0,sid_train,real,unknown,train,4727ad25107f9a61,jpeg30
0,sid_train,real,unknown,train,4727ad25107f9a61,blur20
0,sid_train,real,unknown,train,4727ad25107f9a61,noise01
0,sid_train,real,unknown,train,e9cea08b27b04ffc,clean
0,sid_train,real,unknown,train,e9cea08b27b04ffc,jpeg50
0,sid_train,real,unknown,train,e9cea08b27b04ffc,resize025
0,sid_train,real,unknown,train,e9cea08b27b04ffc,noise005
0,sid_train,real,unknown,train,555072bb4eb8bf12,clean
0,sid_train,real,unknown,train,555072bb4eb8bf12,jpeg70
0,sid_train,real,unknown,train,555072bb4eb8bf12,blur05
0,sid_train,real,unknown,train,555072bb4eb8bf12,noise005
0,sid_train,real,unknown,train,c4bd6e81804875fb,clean
0,sid_train,real,unknown,train,c4bd6e81804875fb,resize05
0,sid_train,real,unknown,train,c4bd6e81804875fb,resize025
0,sid_train,real,unknown,train,c4bd6e81804875fb,noise01
1,sid_train,full_synthetic,unknown,train,0df06d85ec2ce906,clean
1,sid_train,full_synthetic,unknown,train,0df06d85ec2ce906,jpeg50
1,sid_train,full_synthetic,unknown,train,0df06d85ec2ce906,blur20
1,sid_train,full_synthetic,unknown,train,0df06d85ec2ce906,noise005
1,sid_train,full_synthetic,unknown,train,44bb93a17e575be1,clean
1,sid_train,full_synthetic,unknown,train,44bb93a17e575be1,jpeg70
1,sid_train,full_synthetic,unknown,train,44bb93a17e575be1,resize025
1,sid_train,full_synthetic,unknown,train,44bb93a17e575be1,noise01
1,sid_train,full_synthetic,unknown,train,3edd5eb3dbf18e13,clean
1,sid_train,full_synthetic,unknown,train,3edd5eb3dbf18e13,jpeg70
1,sid_train,full_synthetic,unknown,train,3edd5eb3dbf18e13,jpeg30
1,sid_train,full_synthetic,unknown,train,3edd5eb3dbf18e13,resize05
1,sid_train,full_synthetic,unknown,train,5744bec4d43d844b,clean
1,sid_train,full_synthetic,unknown,train,5744bec4d43d844b,jpeg30
1,sid_train,full_synthetic,unknown,train,5744bec4d43d844b,jitter02
1,sid_train,full_synthetic,unknown,train,5744bec4d43d844b,crop08
0,sid_train,real,unknown,train,5f9cce7a485348de,clean
0,sid_train,real,unknown,train,5f9cce7a485348de,resize025
0,sid_train,real,unknown,train,5f9cce7a485348de,noise005
0,sid_train,real,unknown,train,5f9cce7a485348de,noise01
0,sid_train,real,unknown,train,6c5378beb29b1324,clean
0,sid_train,real,unknown,train,6c5378beb29b1324,jpeg50
0,sid_train,real,unknown,train,6c5378beb29b1324,blur20
0,sid_train,real,unknown,train,6c5378beb29b1324,resize05
0,sid_train,real,unknown,train,b91779a9ac59887e,clean
0,sid_train,real,unknown,train,b91779a9ac59887e,jpeg90
0,sid_train,real,unknown,train,b91779a9ac59887e,blur20
0,sid_train,real,unknown,train,b91779a9ac59887e,resize05
0,sid_train,real,unknown,train,3678f87dcc2f2629,clean
0,sid_train,real,unknown,train,3678f87dcc2f2629,jpeg90
0,sid_train,real,unknown,train,3678f87dcc2f2629,resize025
0,sid_train,real,unknown,train,3678f87dcc2f2629,jitter02
1,sid_train,full_synthetic,unknown,train,9bc4035bebbb6aeb,clean
1,sid_train,full_synthetic,unknown,train,9bc4035bebbb6aeb,resize025
1,sid_train,full_synthetic,unknown,train,9bc4035bebbb6aeb,noise002
1,sid_train,full_synthetic,unknown,train,9bc4035bebbb6aeb,jitter02
1,sid_train,full_synthetic,unknown,train,9eb56a788f1781d0,clean
1,sid_train,full_synthetic,unknown,train,9eb56a788f1781d0,jpeg90
1,sid_train,full_synthetic,unknown,train,9eb56a788f1781d0,jpeg30
1,sid_train,full_synthetic,unknown,train,9eb56a788f1781d0,blur05
0,sid_train,real,unknown,train,c72d0a4d6f7ca066,clean
0,sid_train,real,unknown,train,c72d0a4d6f7ca066,jpeg70
0,sid_train,real,unknown,train,c72d0a4d6f7ca066,resize025
0,sid_train,real,unknown,train,c72d0a4d6f7ca066,noise005
1,sid_train,full_synthetic,unknown,train,9caff5649fb2a068,clean
1,sid_train,full_synthetic,unknown,train,9caff5649fb2a068,blur05
1,sid_train,full_synthetic,unknown,train,9caff5649fb2a068,noise002
1,sid_train,full_synthetic,unknown,train,9caff5649fb2a068,jitter02
1,sid_train,full_synthetic,unknown,train,303b463146591d5f,clean
1,sid_train,full_synthetic,unknown,train,303b463146591d5f,blur05
1,sid_train,full_synthetic,unknown,train,303b463146591d5f,resize05
1,sid_train,full_synthetic,unknown,train,303b463146591d5f,noise002
1,sid_train,full_synthetic,unknown,train,a052bbf284ad7520,clean
1,sid_train,full_synthetic,unknown,train,a052bbf284ad7520,blur10
1,sid_train,full_synthetic,unknown,train,a052bbf284ad7520,jitter02
1,sid_train,full_synthetic,unknown,train,a052bbf284ad7520,crop08
1,sid_train,full_synthetic,unknown,train,e0deee269cc5f5ab,clean
1,sid_train,full_synthetic,unknown,train,e0deee269cc5f5ab,jpeg70
1,sid_train,full_synthetic,unknown,train,e0deee269cc5f5ab,noise01
1,sid_train,full_synthetic,unknown,train,e0deee269cc5f5ab,crop08
1,sid_train,full_synthetic,unknown,train,bc5cf3fa65d4527a,clean
1,sid_train,full_synthetic,unknown,train,bc5cf3fa65d4527a,jpeg50
1,sid_train,full_synthetic,unknown,train,bc5cf3fa65d4527a,blur05
1,sid_train,full_synthetic,unknown,train,bc5cf3fa65d4527a,noise01
1,sid_train,full_synthetic,unknown,train,0eb53550dfed3aab,clean
1,sid_train,full_synthetic,unknown,train,0eb53550dfed3aab,jpeg30
1,sid_train,full_synthetic,unknown,train,0eb53550dfed3aab,noise005
1,sid_train,full_synthetic,unknown,train,0eb53550dfed3aab,noise01
0,sid_train,real,unknown,train,a9c6094fe62bd9a4,clean
0,sid_train,real,unknown,train,a9c6094fe62bd9a4,jpeg90
0,sid_train,real,unknown,train,a9c6094fe62bd9a4,jpeg70
0,sid_train,real,unknown,train,a9c6094fe62bd9a4,noise01
1,sid_train,full_synthetic,unknown,train,df899c0cde6a102a,clean
1,sid_train,full_synthetic,unknown,train,df899c0cde6a102a,jpeg90
1,sid_train,full_synthetic,unknown,train,df899c0cde6a102a,noise002
1,sid_train,full_synthetic,unknown,train,df899c0cde6a102a,jitter02
1,sid_train,full_synthetic,unknown,train,ba8d6bfad216affa,clean
1,sid_train,full_synthetic,unknown,train,ba8d6bfad216affa,jpeg90
1,sid_train,full_synthetic,unknown,train,ba8d6bfad216affa,jpeg70
1,sid_train,full_synthetic,unknown,train,ba8d6bfad216affa,blur10
0,sid_train,real,unknown,train,3d28ca8036f03361,clean
0,sid_train,real,unknown,train,3d28ca8036f03361,jpeg90
0,sid_train,real,unknown,train,3d28ca8036f03361,jpeg50
0,sid_train,real,unknown,train,3d28ca8036f03361,noise002
0,sid_train,real,unknown,train,9451ff4acb5a510b,clean
0,sid_train,real,unknown,train,9451ff4acb5a510b,blur10
0,sid_train,real,unknown,train,9451ff4acb5a510b,resize025
0,sid_train,real,unknown,train,9451ff4acb5a510b,jitter02
0,sid_train,real,unknown,train,d049fff955b7f91b,clean
0,sid_train,real,unknown,train,d049fff955b7f91b,blur05
0,sid_train,real,unknown,train,d049fff955b7f91b,blur20
0,sid_train,real,unknown,train,d049fff955b7f91b,noise005
0,sid_train,real,unknown,train,ff0e146c30c2057e,clean
0,sid_train,real,unknown,train,ff0e146c30c2057e,blur05
0,sid_train,real,unknown,train,ff0e146c30c2057e,blur20
0,sid_train,real,unknown,train,ff0e146c30c2057e,noise005
0,sid_train,real,unknown,train,051dd95d281e2e47,clean
0,sid_train,real,unknown,train,051dd95d281e2e47,jpeg70
0,sid_train,real,unknown,train,051dd95d281e2e47,jpeg50
0,sid_train,real,unknown,train,051dd95d281e2e47,blur20
1,sid_train,full_synthetic,unknown,train,db43d2521ebb962b,clean
1,sid_train,full_synthetic,unknown,train,db43d2521ebb962b,resize05
1,sid_train,full_synthetic,unknown,train,db43d2521ebb962b,noise002
1,sid_train,full_synthetic,unknown,train,db43d2521ebb962b,noise01
1,sid_train,full_synthetic,unknown,train,44491ccb7976d588,clean
1,sid_train,full_synthetic,unknown,train,44491ccb7976d588,jpeg50
1,sid_train,full_synthetic,unknown,train,44491ccb7976d588,blur20
1,sid_train,full_synthetic,unknown,train,44491ccb7976d588,crop08
1,sid_train,full_synthetic,unknown,train,dd2950ff987c8981,clean
1,sid_train,full_synthetic,unknown,train,dd2950ff987c8981,jpeg30
1,sid_train,full_synthetic,unknown,train,dd2950ff987c8981,noise002
1,sid_train,full_synthetic,unknown,train,dd2950ff987c8981,jitter02
0,sid_train,real,unknown,train,ec147c04d531c227,clean
0,sid_train,real,unknown,train,ec147c04d531c227,jpeg90
0,sid_train,real,unknown,train,ec147c04d531c227,blur05
0,sid_train,real,unknown,train,ec147c04d531c227,resize05
0,sid_train,real,unknown,train,aaa818e774f8b789,clean
0,sid_train,real,unknown,train,aaa818e774f8b789,jpeg30
0,sid_train,real,unknown,train,aaa818e774f8b789,blur10
0,sid_train,real,unknown,train,aaa818e774f8b789,blur20
0,sid_train,real,unknown,train,c0590ab6853c3351,clean
0,sid_train,real,unknown,train,c0590ab6853c3351,blur10
0,sid_train,real,unknown,train,c0590ab6853c3351,noise005
0,sid_train,real,unknown,train,c0590ab6853c3351,jitter02
0,sid_train,real,unknown,train,fc2aed7f6842df47,clean
0,sid_train,real,unknown,train,fc2aed7f6842df47,jpeg90
0,sid_train,real,unknown,train,fc2aed7f6842df47,jpeg30
0,sid_train,real,unknown,train,fc2aed7f6842df47,noise002
0,sid_train,real,unknown,train,a6e4927484f8cc8e,clean
0,sid_train,real,unknown,train,a6e4927484f8cc8e,jpeg90
0,sid_train,real,unknown,train,a6e4927484f8cc8e,resize025
0,sid_train,real,unknown,train,a6e4927484f8cc8e,crop08
1,sid_train,full_synthetic,unknown,train,e875cfca36ec4235,clean
1,sid_train,full_synthetic,unknown,train,e875cfca36ec4235,resize025
1,sid_train,full_synthetic,unknown,train,e875cfca36ec4235,noise01
1,sid_train,full_synthetic,unknown,train,e875cfca36ec4235,jitter02
1,sid_train,full_synthetic,unknown,train,06dfc75a3f573f3c,clean
1,sid_train,full_synthetic,unknown,train,06dfc75a3f573f3c,jpeg90
1,sid_train,full_synthetic,unknown,train,06dfc75a3f573f3c,blur05
1,sid_train,full_synthetic,unknown,train,06dfc75a3f573f3c,noise005
1,sid_train,full_synthetic,unknown,train,8d6dd41a540fa0ff,clean
1,sid_train,full_synthetic,unknown,train,8d6dd41a540fa0ff,blur10
1,sid_train,full_synthetic,unknown,train,8d6dd41a540fa0ff,noise002
1,sid_train,full_synthetic,unknown,train,8d6dd41a540fa0ff,noise01
0,sid_train,real,unknown,train,ceaef07ba149f0a7,clean
0,sid_train,real,unknown,train,ceaef07ba149f0a7,jpeg70
0,sid_train,real,unknown,train,ceaef07ba149f0a7,blur10
0,sid_train,real,unknown,train,ceaef07ba149f0a7,crop08
1,sid_train,full_synthetic,unknown,train,1e1bfe0c8aea596b,clean
1,sid_train,full_synthetic,unknown,train,1e1bfe0c8aea596b,jpeg70
1,sid_train,full_synthetic,unknown,train,1e1bfe0c8aea596b,resize025
1,sid_train,full_synthetic,unknown,train,1e1bfe0c8aea596b,jitter02
1,sid_train,full_synthetic,unknown,train,379970da24346cbe,clean
1,sid_train,full_synthetic,unknown,train,379970da24346cbe,jpeg90
1,sid_train,full_synthetic,unknown,train,379970da24346cbe,jpeg70
1,sid_train,full_synthetic,unknown,train,379970da24346cbe,jpeg50
0,sid_train,real,unknown,train,f82cb923dcd7780f,clean
0,sid_train,real,unknown,train,f82cb923dcd7780f,jpeg70
0,sid_train,real,unknown,train,f82cb923dcd7780f,noise01
0,sid_train,real,unknown,train,f82cb923dcd7780f,jitter02
1,sid_train,full_synthetic,unknown,train,463569f82cbee713,clean
1,sid_train,full_synthetic,unknown,train,463569f82cbee713,jpeg90
1,sid_train,full_synthetic,unknown,train,463569f82cbee713,blur10
1,sid_train,full_synthetic,unknown,train,463569f82cbee713,resize025
1,sid_train,full_synthetic,unknown,train,61818679f53e0a5a,clean
1,sid_train,full_synthetic,unknown,train,61818679f53e0a5a,jpeg90
1,sid_train,full_synthetic,unknown,train,61818679f53e0a5a,blur20
1,sid_train,full_synthetic,unknown,train,61818679f53e0a5a,noise002
0,sid_train,real,unknown,train,5df0c64e08070186,clean
0,sid_train,real,unknown,train,5df0c64e08070186,blur05
0,sid_train,real,unknown,train,5df0c64e08070186,blur20
0,sid_train,real,unknown,train,5df0c64e08070186,noise005
1,sid_train,full_synthetic,unknown,train,c4f68d194bc12ba2,clean
1,sid_train,full_synthetic,unknown,train,c4f68d194bc12ba2,jpeg50
1,sid_train,full_synthetic,unknown,train,c4f68d194bc12ba2,noise01
1,sid_train,full_synthetic,unknown,train,c4f68d194bc12ba2,jitter02
0,sid_train,real,unknown,train,b63b067ff54a85f4,clean
0,sid_train,real,unknown,train,b63b067ff54a85f4,jpeg90
0,sid_train,real,unknown,train,b63b067ff54a85f4,resize05
0,sid_train,real,unknown,train,b63b067ff54a85f4,crop08
0,sid_train,real,unknown,train,df9835fbf6bee5d9,clean
0,sid_train,real,unknown,train,df9835fbf6bee5d9,jpeg90
0,sid_train,real,unknown,train,df9835fbf6bee5d9,blur05
0,sid_train,real,unknown,train,df9835fbf6bee5d9,noise002
0,sid_train,real,unknown,train,f92c0eb7b5a35cef,clean
0,sid_train,real,unknown,train,f92c0eb7b5a35cef,jpeg30
0,sid_train,real,unknown,train,f92c0eb7b5a35cef,noise005
0,sid_train,real,unknown,train,f92c0eb7b5a35cef,crop08
1,sid_train,full_synthetic,unknown,train,6ce9f4dde6715de4,clean
1,sid_train,full_synthetic,unknown,train,6ce9f4dde6715de4,jpeg30
1,sid_train,full_synthetic,unknown,train,6ce9f4dde6715de4,blur05
1,sid_train,full_synthetic,unknown,train,6ce9f4dde6715de4,resize05
1,sid_train,full_synthetic,unknown,train,f0c3a1d40d585660,clean
1,sid_train,full_synthetic,unknown,train,f0c3a1d40d585660,jpeg90
1,sid_train,full_synthetic,unknown,train,f0c3a1d40d585660,blur10
1,sid_train,full_synthetic,unknown,train,f0c3a1d40d585660,noise01
1,sid_train,full_synthetic,unknown,train,d78f1a2d5408b606,clean
1,sid_train,full_synthetic,unknown,train,d78f1a2d5408b606,blur10
1,sid_train,full_synthetic,unknown,train,d78f1a2d5408b606,blur20
1,sid_train,full_synthetic,unknown,train,d78f1a2d5408b606,resize05
1,sid_train,full_synthetic,unknown,train,0f38c82c142c7f4f,clean
1,sid_train,full_synthetic,unknown,train,0f38c82c142c7f4f,jpeg50
1,sid_train,full_synthetic,unknown,train,0f38c82c142c7f4f,resize05
1,sid_train,full_synthetic,unknown,train,0f38c82c142c7f4f,noise01
0,sid_train,real,unknown,train,ad90c0a50aaf3c1c,clean
0,sid_train,real,unknown,train,ad90c0a50aaf3c1c,resize05
0,sid_train,real,unknown,train,ad90c0a50aaf3c1c,noise005
0,sid_train,real,unknown,train,ad90c0a50aaf3c1c,jitter02
0,sid_train,real,unknown,train,ba621d8dffe78794,clean
0,sid_train,real,unknown,train,ba621d8dffe78794,blur10
0,sid_train,real,unknown,train,ba621d8dffe78794,blur20
0,sid_train,real,unknown,train,ba621d8dffe78794,noise005
1,sid_train,full_synthetic,unknown,train,9bdda3fb1a9464c0,clean
1,sid_train,full_synthetic,unknown,train,9bdda3fb1a9464c0,jpeg30
1,sid_train,full_synthetic,unknown,train,9bdda3fb1a9464c0,blur05
1,sid_train,full_synthetic,unknown,train,9bdda3fb1a9464c0,jitter02
1,sid_train,full_synthetic,unknown,train,bfdf7c47895d22a6,clean
1,sid_train,full_synthetic,unknown,train,bfdf7c47895d22a6,blur05
1,sid_train,full_synthetic,unknown,train,bfdf7c47895d22a6,blur20
1,sid_train,full_synthetic,unknown,train,bfdf7c47895d22a6,crop08
1,sid_train,full_synthetic,unknown,train,a5f460271688493d,clean
1,sid_train,full_synthetic,unknown,train,a5f460271688493d,jpeg90
1,sid_train,full_synthetic,unknown,train,a5f460271688493d,jpeg70
1,sid_train,full_synthetic,unknown,train,a5f460271688493d,blur05
1,sid_train,full_synthetic,unknown,train,a7cd854435e72cf9,clean
1,sid_train,full_synthetic,unknown,train,a7cd854435e72cf9,jpeg30
1,sid_train,full_synthetic,unknown,train,a7cd854435e72cf9,blur10
1,sid_train,full_synthetic,unknown,train,a7cd854435e72cf9,noise002
1,sid_train,full_synthetic,unknown,train,b0c05eaf7f1c401b,clean
1,sid_train,full_synthetic,unknown,train,b0c05eaf7f1c401b,jpeg70
1,sid_train,full_synthetic,unknown,train,b0c05eaf7f1c401b,resize025
1,sid_train,full_synthetic,unknown,train,b0c05eaf7f1c401b,jitter02
0,sid_train,real,unknown,train,4a8d837df1f8bdf2,clean
0,sid_train,real,unknown,train,4a8d837df1f8bdf2,jpeg90
0,sid_train,real,unknown,train,4a8d837df1f8bdf2,jpeg30
0,sid_train,real,unknown,train,4a8d837df1f8bdf2,noise01
0,sid_train,real,unknown,train,e26a5bcd95a65a3f,clean
0,sid_train,real,unknown,train,e26a5bcd95a65a3f,jpeg30
0,sid_train,real,unknown,train,e26a5bcd95a65a3f,resize025
0,sid_train,real,unknown,train,e26a5bcd95a65a3f,jitter02
0,sid_train,real,unknown,train,ed8a794a21a2e7c3,clean
0,sid_train,real,unknown,train,ed8a794a21a2e7c3,jpeg50
0,sid_train,real,unknown,train,ed8a794a21a2e7c3,jpeg30
0,sid_train,real,unknown,train,ed8a794a21a2e7c3,jitter02
1,sid_train,full_synthetic,unknown,train,bb0e8100a8db868c,clean
1,sid_train,full_synthetic,unknown,train,bb0e8100a8db868c,jpeg70
1,sid_train,full_synthetic,unknown,train,bb0e8100a8db868c,blur10
1,sid_train,full_synthetic,unknown,train,bb0e8100a8db868c,resize05
0,sid_train,real,unknown,train,21a87f04ddf5368c,clean
0,sid_train,real,unknown,train,21a87f04ddf5368c,jpeg70
0,sid_train,real,unknown,train,21a87f04ddf5368c,blur10
0,sid_train,real,unknown,train,21a87f04ddf5368c,noise002
1,sid_train,full_synthetic,unknown,train,11c9706ed579f8a0,clean
1,sid_train,full_synthetic,unknown,train,11c9706ed579f8a0,blur05
1,sid_train,full_synthetic,unknown,train,11c9706ed579f8a0,blur20
1,sid_train,full_synthetic,unknown,train,11c9706ed579f8a0,resize025
1,sid_train,full_synthetic,unknown,train,151992f83d4eba5e,clean
1,sid_train,full_synthetic,unknown,train,151992f83d4eba5e,blur05
1,sid_train,full_synthetic,unknown,train,151992f83d4eba5e,blur10
1,sid_train,full_synthetic,unknown,train,151992f83d4eba5e,crop08
0,sid_train,real,unknown,train,efdb899e2dd2b06f,clean
0,sid_train,real,unknown,train,efdb899e2dd2b06f,blur05
0,sid_train,real,unknown,train,efdb899e2dd2b06f,jitter02
0,sid_train,real,unknown,train,efdb899e2dd2b06f,crop08
1,sid_train,full_synthetic,unknown,train,f48e9fced672a17d,clean
1,sid_train,full_synthetic,unknown,train,f48e9fced672a17d,jpeg90
1,sid_train,full_synthetic,unknown,train,f48e9fced672a17d,jpeg70
1,sid_train,full_synthetic,unknown,train,f48e9fced672a17d,resize025
1,sid_train,full_synthetic,unknown,train,54eac88df8c9e61c,clean
1,sid_train,full_synthetic,unknown,train,54eac88df8c9e61c,blur05
1,sid_train,full_synthetic,unknown,train,54eac88df8c9e61c,resize025
1,sid_train,full_synthetic,unknown,train,54eac88df8c9e61c,crop08
0,sid_train,real,unknown,train,6eedb29ae7b848ae,clean
0,sid_train,real,unknown,train,6eedb29ae7b848ae,jpeg90
0,sid_train,real,unknown,train,6eedb29ae7b848ae,blur20
0,sid_train,real,unknown,train,6eedb29ae7b848ae,crop08
1,sid_train,full_synthetic,unknown,train,0b19744b4e2f4b26,clean
1,sid_train,full_synthetic,unknown,train,0b19744b4e2f4b26,jpeg70
1,sid_train,full_synthetic,unknown,train,0b19744b4e2f4b26,resize05
1,sid_train,full_synthetic,unknown,train,0b19744b4e2f4b26,jitter02
1,sid_train,full_synthetic,unknown,train,c71cf393ce7864bf,clean
1,sid_train,full_synthetic,unknown,train,c71cf393ce7864bf,blur05
1,sid_train,full_synthetic,unknown,train,c71cf393ce7864bf,noise002
1,sid_train,full_synthetic,unknown,train,c71cf393ce7864bf,noise005
1,sid_train,full_synthetic,unknown,train,a4549e88f9ea775b,clean
1,sid_train,full_synthetic,unknown,train,a4549e88f9ea775b,jpeg90
1,sid_train,full_synthetic,unknown,train,a4549e88f9ea775b,jpeg70
1,sid_train,full_synthetic,unknown,train,a4549e88f9ea775b,resize05
1,sid_train,full_synthetic,unknown,train,ca95deb65928774f,clean
1,sid_train,full_synthetic,unknown,train,ca95deb65928774f,jpeg70
1,sid_train,full_synthetic,unknown,train,ca95deb65928774f,jpeg30
1,sid_train,full_synthetic,unknown,train,ca95deb65928774f,blur20
1,sid_train,full_synthetic,unknown,train,a6074c9853bbe6f7,clean
1,sid_train,full_synthetic,unknown,train,a6074c9853bbe6f7,jpeg30
1,sid_train,full_synthetic,unknown,train,a6074c9853bbe6f7,blur05
1,sid_train,full_synthetic,unknown,train,a6074c9853bbe6f7,noise01
1,sid_train,full_synthetic,unknown,train,6b16145244cfcef4,clean
1,sid_train,full_synthetic,unknown,train,6b16145244cfcef4,jpeg90
1,sid_train,full_synthetic,unknown,train,6b16145244cfcef4,noise005
1,sid_train,full_synthetic,unknown,train,6b16145244cfcef4,noise01
1,sid_train,full_synthetic,unknown,train,4462012442b20842,clean
1,sid_train,full_synthetic,unknown,train,4462012442b20842,jpeg70
1,sid_train,full_synthetic,unknown,train,4462012442b20842,resize025
1,sid_train,full_synthetic,unknown,train,4462012442b20842,jitter02
0,sid_train,real,unknown,train,a3b9bf5189ebf8fa,clean
0,sid_train,real,unknown,train,a3b9bf5189ebf8fa,jpeg50
0,sid_train,real,unknown,train,a3b9bf5189ebf8fa,resize05
0,sid_train,real,unknown,train,a3b9bf5189ebf8fa,noise002
1,sid_train,full_synthetic,unknown,train,eac50ae977a9c595,clean
1,sid_train,full_synthetic,unknown,train,eac50ae977a9c595,jpeg90
1,sid_train,full_synthetic,unknown,train,eac50ae977a9c595,jitter02
1,sid_train,full_synthetic,unknown,train,eac50ae977a9c595,crop08
0,sid_train,real,unknown,train,7fa8adeda4634717,clean
0,sid_train,real,unknown,train,7fa8adeda4634717,blur05
0,sid_train,real,unknown,train,7fa8adeda4634717,resize05
0,sid_train,real,unknown,train,7fa8adeda4634717,jitter02
1,sid_train,full_synthetic,unknown,train,88e441077033c149,clean
1,sid_train,full_synthetic,unknown,train,88e441077033c149,jpeg70
1,sid_train,full_synthetic,unknown,train,88e441077033c149,noise002
1,sid_train,full_synthetic,unknown,train,88e441077033c149,noise01
0,sid_train,real,unknown,train,47f584f3ffee0766,clean
0,sid_train,real,unknown,train,47f584f3ffee0766,blur05
0,sid_train,real,unknown,train,47f584f3ffee0766,noise002
0,sid_train,real,unknown,train,47f584f3ffee0766,noise005
1,sid_train,full_synthetic,unknown,train,09aae6667634da9a,clean
1,sid_train,full_synthetic,unknown,train,09aae6667634da9a,jpeg50
1,sid_train,full_synthetic,unknown,train,09aae6667634da9a,blur05
1,sid_train,full_synthetic,unknown,train,09aae6667634da9a,jitter02
0,sid_train,real,unknown,train,af977d1930bf5986,clean
0,sid_train,real,unknown,train,af977d1930bf5986,jpeg90
0,sid_train,real,unknown,train,af977d1930bf5986,noise005
0,sid_train,real,unknown,train,af977d1930bf5986,crop08
1,sid_train,full_synthetic,unknown,train,cc0faccfe35ab5f9,clean
1,sid_train,full_synthetic,unknown,train,cc0faccfe35ab5f9,jpeg30
1,sid_train,full_synthetic,unknown,train,cc0faccfe35ab5f9,noise002
1,sid_train,full_synthetic,unknown,train,cc0faccfe35ab5f9,jitter02
0,sid_train,real,unknown,train,d6921e2d4d55a0ea,clean
0,sid_train,real,unknown,train,d6921e2d4d55a0ea,jpeg70
0,sid_train,real,unknown,train,d6921e2d4d55a0ea,jpeg50
0,sid_train,real,unknown,train,d6921e2d4d55a0ea,blur10
1,sid_train,full_synthetic,unknown,train,190ac5bf5dc668da,clean
1,sid_train,full_synthetic,unknown,train,190ac5bf5dc668da,jpeg50
1,sid_train,full_synthetic,unknown,train,190ac5bf5dc668da,blur10
1,sid_train,full_synthetic,unknown,train,190ac5bf5dc668da,resize05
0,sid_train,real,unknown,train,4f0fdf2b051ab8e7,clean
0,sid_train,real,unknown,train,4f0fdf2b051ab8e7,jpeg70
0,sid_train,real,unknown,train,4f0fdf2b051ab8e7,blur10
0,sid_train,real,unknown,train,4f0fdf2b051ab8e7,noise005
0,sid_train,real,unknown,train,16ee10b9857532e9,clean
0,sid_train,real,unknown,train,16ee10b9857532e9,jpeg90
0,sid_train,real,unknown,train,16ee10b9857532e9,noise002
0,sid_train,real,unknown,train,16ee10b9857532e9,jitter02
1,sid_train,full_synthetic,unknown,train,41b5d994c1c69610,clean
1,sid_train,full_synthetic,unknown,train,41b5d994c1c69610,blur05
1,sid_train,full_synthetic,unknown,train,41b5d994c1c69610,blur10
1,sid_train,full_synthetic,unknown,train,41b5d994c1c69610,blur20
1,sid_train,full_synthetic,unknown,train,2546a2606bde5821,clean
1,sid_train,full_synthetic,unknown,train,2546a2606bde5821,jpeg70
1,sid_train,full_synthetic,unknown,train,2546a2606bde5821,blur10
1,sid_train,full_synthetic,unknown,train,2546a2606bde5821,resize025
0,sid_train,real,unknown,train,a1a04f287b9178dc,clean
0,sid_train,real,unknown,train,a1a04f287b9178dc,jpeg90
0,sid_train,real,unknown,train,a1a04f287b9178dc,jpeg50
0,sid_train,real,unknown,train,a1a04f287b9178dc,jitter02
1,sid_train,full_synthetic,unknown,train,5acf292a9e52f9ae,clean
1,sid_train,full_synthetic,unknown,train,5acf292a9e52f9ae,blur05
1,sid_train,full_synthetic,unknown,train,5acf292a9e52f9ae,blur10
1,sid_train,full_synthetic,unknown,train,5acf292a9e52f9ae,jitter02
0,sid_train,real,unknown,train,153ba72bf7be6347,clean
0,sid_train,real,unknown,train,153ba72bf7be6347,jpeg70
0,sid_train,real,unknown,train,153ba72bf7be6347,jpeg50
0,sid_train,real,unknown,train,153ba72bf7be6347,jpeg30
0,sid_train,real,unknown,train,e478b8fc32c3d406,clean
0,sid_train,real,unknown,train,e478b8fc32c3d406,blur20
0,sid_train,real,unknown,train,e478b8fc32c3d406,resize05
0,sid_train,real,unknown,train,e478b8fc32c3d406,jitter02
0,sid_train,real,unknown,train,cd18783126b890e6,clean
0,sid_train,real,unknown,train,cd18783126b890e6,noise01
0,sid_train,real,unknown,train,cd18783126b890e6,jitter02
0,sid_train,real,unknown,train,cd18783126b890e6,crop08
1,sid_train,full_synthetic,unknown,train,78f325ee26a90827,clean
1,sid_train,full_synthetic,unknown,train,78f325ee26a90827,jpeg50
1,sid_train,full_synthetic,unknown,train,78f325ee26a90827,blur10
1,sid_train,full_synthetic,unknown,train,78f325ee26a90827,jitter02
1,sid_train,full_synthetic,unknown,train,1e8ea6d2443f4c75,clean
1,sid_train,full_synthetic,unknown,train,1e8ea6d2443f4c75,jpeg90
1,sid_train,full_synthetic,unknown,train,1e8ea6d2443f4c75,blur10
1,sid_train,full_synthetic,unknown,train,1e8ea6d2443f4c75,resize025
0,sid_train,real,unknown,train,5fbf1b892211779a,clean
0,sid_train,real,unknown,train,5fbf1b892211779a,resize05
0,sid_train,real,unknown,train,5fbf1b892211779a,noise002
0,sid_train,real,unknown,train,5fbf1b892211779a,crop08
0,sid_train,real,unknown,train,98f7b2e67c797db6,clean
0,sid_train,real,unknown,train,98f7b2e67c797db6,blur20
0,sid_train,real,unknown,train,98f7b2e67c797db6,noise005
0,sid_train,real,unknown,train,98f7b2e67c797db6,jitter02
0,sid_train,real,unknown,train,87038a43e0e54fa9,clean
0,sid_train,real,unknown,train,87038a43e0e54fa9,jpeg90
0,sid_train,real,unknown,train,87038a43e0e54fa9,jpeg30
0,sid_train,real,unknown,train,87038a43e0e54fa9,resize05
1,sid_train,full_synthetic,unknown,train,8eb9ab17e9ecc143,clean
1,sid_train,full_synthetic,unknown,train,8eb9ab17e9ecc143,blur10
1,sid_train,full_synthetic,unknown,train,8eb9ab17e9ecc143,noise005
1,sid_train,full_synthetic,unknown,train,8eb9ab17e9ecc143,jitter02
0,sid_train,real,unknown,train,baeb6f57df8e6197,clean
0,sid_train,real,unknown,train,baeb6f57df8e6197,jpeg50
0,sid_train,real,unknown,train,baeb6f57df8e6197,noise002
0,sid_train,real,unknown,train,baeb6f57df8e6197,noise01
1,sid_train,full_synthetic,unknown,train,c93812449d8ca434,clean
1,sid_train,full_synthetic,unknown,train,c93812449d8ca434,blur10
1,sid_train,full_synthetic,unknown,train,c93812449d8ca434,resize025
1,sid_train,full_synthetic,unknown,train,c93812449d8ca434,jitter02
1,sid_train,full_synthetic,unknown,train,a332915983ced6e1,clean
1,sid_train,full_synthetic,unknown,train,a332915983ced6e1,blur10
1,sid_train,full_synthetic,unknown,train,a332915983ced6e1,blur20
1,sid_train,full_synthetic,unknown,train,a332915983ced6e1,noise005
0,sid_train,real,unknown,train,17054ab137228ede,clean
0,sid_train,real,unknown,train,17054ab137228ede,jpeg50
0,sid_train,real,unknown,train,17054ab137228ede,blur10
0,sid_train,real,unknown,train,17054ab137228ede,resize05
1,sid_train,full_synthetic,unknown,train,4c2b8d9a7d038315,clean
1,sid_train,full_synthetic,unknown,train,4c2b8d9a7d038315,noise002
1,sid_train,full_synthetic,unknown,train,4c2b8d9a7d038315,noise01
1,sid_train,full_synthetic,unknown,train,4c2b8d9a7d038315,jitter02
0,sid_train,real,unknown,train,f27523dcb2bd7474,clean
0,sid_train,real,unknown,train,f27523dcb2bd7474,jpeg50
0,sid_train,real,unknown,train,f27523dcb2bd7474,blur05
0,sid_train,real,unknown,train,f27523dcb2bd7474,crop08
0,sid_train,real,unknown,train,aa6755f1e0cccfc9,clean
0,sid_train,real,unknown,train,aa6755f1e0cccfc9,jpeg50
0,sid_train,real,unknown,train,aa6755f1e0cccfc9,blur20
0,sid_train,real,unknown,train,aa6755f1e0cccfc9,noise002
1,sid_train,full_synthetic,unknown,train,b39009fc3fda952c,clean
1,sid_train,full_synthetic,unknown,train,b39009fc3fda952c,blur05
1,sid_train,full_synthetic,unknown,train,b39009fc3fda952c,resize05
1,sid_train,full_synthetic,unknown,train,b39009fc3fda952c,noise002
1,sid_train,full_synthetic,unknown,train,6ecd625fa467ecdc,clean
1,sid_train,full_synthetic,unknown,train,6ecd625fa467ecdc,jpeg90
1,sid_train,full_synthetic,unknown,train,6ecd625fa467ecdc,jpeg50
1,sid_train,full_synthetic,unknown,train,6ecd625fa467ecdc,blur05
0,sid_train,real,unknown,train,28f3d47ce09e22b2,clean
0,sid_train,real,unknown,train,28f3d47ce09e22b2,jpeg90
0,sid_train,real,unknown,train,28f3d47ce09e22b2,blur10
0,sid_train,real,unknown,train,28f3d47ce09e22b2,blur20
1,sid_train,full_synthetic,unknown,train,369ce296a6545d67,clean
1,sid_train,full_synthetic,unknown,train,369ce296a6545d67,blur10
1,sid_train,full_synthetic,unknown,train,369ce296a6545d67,noise005
1,sid_train,full_synthetic,unknown,train,369ce296a6545d67,jitter02
1,sid_train,full_synthetic,unknown,train,f7436ec734bc2e93,clean
1,sid_train,full_synthetic,unknown,train,f7436ec734bc2e93,jpeg70
1,sid_train,full_synthetic,unknown,train,f7436ec734bc2e93,jpeg30
1,sid_train,full_synthetic,unknown,train,f7436ec734bc2e93,jitter02
1,sid_train,full_synthetic,unknown,train,c48a43a7c6d62748,clean
1,sid_train,full_synthetic,unknown,train,c48a43a7c6d62748,jpeg90
1,sid_train,full_synthetic,unknown,train,c48a43a7c6d62748,blur10
1,sid_train,full_synthetic,unknown,train,c48a43a7c6d62748,noise005
1,sid_train,full_synthetic,unknown,train,b6580d3ae38f42e0,clean
1,sid_train,full_synthetic,unknown,train,b6580d3ae38f42e0,jpeg90
1,sid_train,full_synthetic,unknown,train,b6580d3ae38f42e0,jpeg70
1,sid_train,full_synthetic,unknown,train,b6580d3ae38f42e0,resize05
0,sid_train,real,unknown,train,fcaa8dc5d0325e44,clean
0,sid_train,real,unknown,train,fcaa8dc5d0325e44,resize025
0,sid_train,real,unknown,train,fcaa8dc5d0325e44,noise005
0,sid_train,real,unknown,train,fcaa8dc5d0325e44,crop08
0,sid_train,real,unknown,train,fe2d8a4f3c60d4da,clean
0,sid_train,real,unknown,train,fe2d8a4f3c60d4da,jpeg70
0,sid_train,real,unknown,train,fe2d8a4f3c60d4da,jpeg50
0,sid_train,real,unknown,train,fe2d8a4f3c60d4da,noise005
1,sid_train,full_synthetic,unknown,train,36e3a9618fed94ea,clean
1,sid_train,full_synthetic,unknown,train,36e3a9618fed94ea,jpeg30
1,sid_train,full_synthetic,unknown,train,36e3a9618fed94ea,noise002
1,sid_train,full_synthetic,unknown,train,36e3a9618fed94ea,noise005
0,sid_train,real,unknown,train,c0649138cc3bda65,clean
0,sid_train,real,unknown,train,c0649138cc3bda65,resize025
0,sid_train,real,unknown,train,c0649138cc3bda65,noise002
0,sid_train,real,unknown,train,c0649138cc3bda65,jitter02
1,sid_train,full_synthetic,unknown,train,1d480c74409a56b8,clean
1,sid_train,full_synthetic,unknown,train,1d480c74409a56b8,jpeg70
1,sid_train,full_synthetic,unknown,train,1d480c74409a56b8,blur05
1,sid_train,full_synthetic,unknown,train,1d480c74409a56b8,blur10
1,sid_train,full_synthetic,unknown,train,fc4413b1bd895e2f,clean
1,sid_train,full_synthetic,unknown,train,fc4413b1bd895e2f,jpeg90
1,sid_train,full_synthetic,unknown,train,fc4413b1bd895e2f,jpeg50
1,sid_train,full_synthetic,unknown,train,fc4413b1bd895e2f,jitter02
0,sid_train,real,unknown,train,fc53e714b9ff7553,clean
0,sid_train,real,unknown,train,fc53e714b9ff7553,jpeg70
0,sid_train,real,unknown,train,fc53e714b9ff7553,jpeg30
0,sid_train,real,unknown,train,fc53e714b9ff7553,blur10
1,sid_train,full_synthetic,unknown,train,f0254e3c08b33b4f,clean
1,sid_train,full_synthetic,unknown,train,f0254e3c08b33b4f,blur05
1,sid_train,full_synthetic,unknown,train,f0254e3c08b33b4f,blur20
1,sid_train,full_synthetic,unknown,train,f0254e3c08b33b4f,crop08
1,sid_train,full_synthetic,unknown,train,a1c58c116ab67f09,clean
1,sid_train,full_synthetic,unknown,train,a1c58c116ab67f09,jpeg70
1,sid_train,full_synthetic,unknown,train,a1c58c116ab67f09,blur20
1,sid_train,full_synthetic,unknown,train,a1c58c116ab67f09,noise01
0,sid_train,real,unknown,train,cb3d565c31468482,clean
0,sid_train,real,unknown,train,cb3d565c31468482,blur20
0,sid_train,real,unknown,train,cb3d565c31468482,noise005
0,sid_train,real,unknown,train,cb3d565c31468482,noise01
0,sid_train,real,unknown,train,808dbe0b90e88b71,clean
0,sid_train,real,unknown,train,808dbe0b90e88b71,jpeg30
0,sid_train,real,unknown,train,808dbe0b90e88b71,blur20
0,sid_train,real,unknown,train,808dbe0b90e88b71,noise005
0,sid_train,real,unknown,train,498452d67e037fbe,clean
0,sid_train,real,unknown,train,498452d67e037fbe,jpeg30
0,sid_train,real,unknown,train,498452d67e037fbe,noise002
0,sid_train,real,unknown,train,498452d67e037fbe,crop08
0,sid_train,real,unknown,train,dad9d9b11c33cc75,clean
0,sid_train,real,unknown,train,dad9d9b11c33cc75,jpeg90
0,sid_train,real,unknown,train,dad9d9b11c33cc75,jpeg30
0,sid_train,real,unknown,train,dad9d9b11c33cc75,blur20
1,sid_train,full_synthetic,unknown,train,38e63b734116fbfc,clean
1,sid_train,full_synthetic,unknown,train,38e63b734116fbfc,jpeg70
1,sid_train,full_synthetic,unknown,train,38e63b734116fbfc,blur10
1,sid_train,full_synthetic,unknown,train,38e63b734116fbfc,noise002
1,sid_train,full_synthetic,unknown,train,00154758391b6a78,clean
1,sid_train,full_synthetic,unknown,train,00154758391b6a78,jpeg90
1,sid_train,full_synthetic,unknown,train,00154758391b6a78,jpeg50
1,sid_train,full_synthetic,unknown,train,00154758391b6a78,jpeg30
0,sid_train,real,unknown,train,e4dcad0d033a8f89,clean
0,sid_train,real,unknown,train,e4dcad0d033a8f89,jpeg90
0,sid_train,real,unknown,train,e4dcad0d033a8f89,jpeg50
0,sid_train,real,unknown,train,e4dcad0d033a8f89,blur10
0,sid_train,real,unknown,train,bc73c8aa8a535482,clean
0,sid_train,real,unknown,train,bc73c8aa8a535482,blur10
0,sid_train,real,unknown,train,bc73c8aa8a535482,resize025
0,sid_train,real,unknown,train,bc73c8aa8a535482,jitter02
1,sid_train,full_synthetic,unknown,train,0d9f43adf8b8264c,clean
1,sid_train,full_synthetic,unknown,train,0d9f43adf8b8264c,jpeg90
1,sid_train,full_synthetic,unknown,train,0d9f43adf8b8264c,resize05
1,sid_train,full_synthetic,unknown,train,0d9f43adf8b8264c,noise01
0,sid_train,real,unknown,train,b1e29091cae11c2c,clean
0,sid_train,real,unknown,train,b1e29091cae11c2c,blur05
0,sid_train,real,unknown,train,b1e29091cae11c2c,blur20
0,sid_train,real,unknown,train,b1e29091cae11c2c,noise01
1,sid_train,full_synthetic,unknown,train,aacb665b1ae5ba93,clean
1,sid_train,full_synthetic,unknown,train,aacb665b1ae5ba93,jpeg50
1,sid_train,full_synthetic,unknown,train,aacb665b1ae5ba93,blur05
1,sid_train,full_synthetic,unknown,train,aacb665b1ae5ba93,noise002
1,sid_train,full_synthetic,unknown,train,2f745f6b0b9feb08,clean
1,sid_train,full_synthetic,unknown,train,2f745f6b0b9feb08,blur05
1,sid_train,full_synthetic,unknown,train,2f745f6b0b9feb08,noise002
1,sid_train,full_synthetic,unknown,train,2f745f6b0b9feb08,crop08
1,sid_train,full_synthetic,unknown,train,765b016d7a1cd5c8,clean
1,sid_train,full_synthetic,unknown,train,765b016d7a1cd5c8,jpeg50
1,sid_train,full_synthetic,unknown,train,765b016d7a1cd5c8,blur20
1,sid_train,full_synthetic,unknown,train,765b016d7a1cd5c8,resize025
0,sid_train,real,unknown,train,9efa5d4a2c5fb658,clean
0,sid_train,real,unknown,train,9efa5d4a2c5fb658,blur20
0,sid_train,real,unknown,train,9efa5d4a2c5fb658,noise002
0,sid_train,real,unknown,train,9efa5d4a2c5fb658,crop08
1,sid_train,full_synthetic,unknown,train,d509e378dc34d60f,clean
1,sid_train,full_synthetic,unknown,train,d509e378dc34d60f,jpeg50
1,sid_train,full_synthetic,unknown,train,d509e378dc34d60f,noise002
1,sid_train,full_synthetic,unknown,train,d509e378dc34d60f,noise005
0,sid_train,real,unknown,train,8b21d2b0fc0b5857,clean
0,sid_train,real,unknown,train,8b21d2b0fc0b5857,jpeg70
0,sid_train,real,unknown,train,8b21d2b0fc0b5857,blur20
0,sid_train,real,unknown,train,8b21d2b0fc0b5857,jitter02
0,sid_train,real,unknown,train,86d403c2f71589f1,clean
0,sid_train,real,unknown,train,86d403c2f71589f1,noise005
0,sid_train,real,unknown,train,86d403c2f71589f1,jitter02
0,sid_train,real,unknown,train,86d403c2f71589f1,crop08
1,sid_train,full_synthetic,unknown,train,4258c422250ce91b,clean
1,sid_train,full_synthetic,unknown,train,4258c422250ce91b,blur20
1,sid_train,full_synthetic,unknown,train,4258c422250ce91b,resize05
1,sid_train,full_synthetic,unknown,train,4258c422250ce91b,noise002
0,sid_train,real,unknown,train,6283ed5564206337,clean
0,sid_train,real,unknown,train,6283ed5564206337,blur10
0,sid_train,real,unknown,train,6283ed5564206337,noise002
0,sid_train,real,unknown,train,6283ed5564206337,noise01
1,sid_train,full_synthetic,unknown,train,e45ece25f00577a8,clean
1,sid_train,full_synthetic,unknown,train,e45ece25f00577a8,jpeg30
1,sid_train,full_synthetic,unknown,train,e45ece25f00577a8,blur05
1,sid_train,full_synthetic,unknown,train,e45ece25f00577a8,resize025
0,sid_train,real,unknown,train,f97d2df57b057779,clean
0,sid_train,real,unknown,train,f97d2df57b057779,jpeg50
0,sid_train,real,unknown,train,f97d2df57b057779,noise005
0,sid_train,real,unknown,train,f97d2df57b057779,jitter02
1,sid_train,full_synthetic,unknown,train,ed354a49ef042c05,clean
1,sid_train,full_synthetic,unknown,train,ed354a49ef042c05,jpeg90
1,sid_train,full_synthetic,unknown,train,ed354a49ef042c05,jpeg70
1,sid_train,full_synthetic,unknown,train,ed354a49ef042c05,blur05
1,sid_train,full_synthetic,unknown,train,8f9435b1a56182dd,clean
1,sid_train,full_synthetic,unknown,train,8f9435b1a56182dd,blur05
1,sid_train,full_synthetic,unknown,train,8f9435b1a56182dd,noise005
1,sid_train,full_synthetic,unknown,train,8f9435b1a56182dd,jitter02
0,sid_train,real,unknown,train,7078afe9098febd7,clean
0,sid_train,real,unknown,train,7078afe9098febd7,blur10
0,sid_train,real,unknown,train,7078afe9098febd7,noise002
0,sid_train,real,unknown,train,7078afe9098febd7,jitter02
1,sid_train,full_synthetic,unknown,train,a508ef6b6f33dddf,clean
1,sid_train,full_synthetic,unknown,train,a508ef6b6f33dddf,blur05
1,sid_train,full_synthetic,unknown,train,a508ef6b6f33dddf,blur10
1,sid_train,full_synthetic,unknown,train,a508ef6b6f33dddf,resize025
0,sid_train,real,unknown,train,f221d093aab06819,clean
0,sid_train,real,unknown,train,f221d093aab06819,jpeg70
0,sid_train,real,unknown,train,f221d093aab06819,resize05
0,sid_train,real,unknown,train,f221d093aab06819,noise002
1,sid_train,full_synthetic,unknown,train,21d0e1d1bd21b4d6,clean
1,sid_train,full_synthetic,unknown,train,21d0e1d1bd21b4d6,jpeg50
1,sid_train,full_synthetic,unknown,train,21d0e1d1bd21b4d6,resize025
1,sid_train,full_synthetic,unknown,train,21d0e1d1bd21b4d6,noise01
1,sid_train,full_synthetic,unknown,train,2c11f365ac2f9b67,clean
1,sid_train,full_synthetic,unknown,train,2c11f365ac2f9b67,resize025
1,sid_train,full_synthetic,unknown,train,2c11f365ac2f9b67,noise005
1,sid_train,full_synthetic,unknown,train,2c11f365ac2f9b67,jitter02
0,sid_train,real,unknown,train,85f1cd0629d2d355,clean
0,sid_train,real,unknown,train,85f1cd0629d2d355,blur20
0,sid_train,real,unknown,train,85f1cd0629d2d355,noise005
0,sid_train,real,unknown,train,85f1cd0629d2d355,jitter02
0,sid_train,real,unknown,train,37373b3ab1def98f,clean
0,sid_train,real,unknown,train,37373b3ab1def98f,jpeg70
0,sid_train,real,unknown,train,37373b3ab1def98f,noise002
0,sid_train,real,unknown,train,37373b3ab1def98f,noise005
0,sid_train,real,unknown,train,3a1608c12bff675b,clean
0,sid_train,real,unknown,train,3a1608c12bff675b,jpeg50
0,sid_train,real,unknown,train,3a1608c12bff675b,blur05
0,sid_train,real,unknown,train,3a1608c12bff675b,noise005
1,sid_train,full_synthetic,unknown,train,f727c19d60e91237,clean
1,sid_train,full_synthetic,unknown,train,f727c19d60e91237,blur05
1,sid_train,full_synthetic,unknown,train,f727c19d60e91237,noise002
1,sid_train,full_synthetic,unknown,train,f727c19d60e91237,noise005
1,sid_train,full_synthetic,unknown,train,365ffa1829bfdcd0,clean
1,sid_train,full_synthetic,unknown,train,365ffa1829bfdcd0,resize05
1,sid_train,full_synthetic,unknown,train,365ffa1829bfdcd0,jitter02
1,sid_train,full_synthetic,unknown,train,365ffa1829bfdcd0,crop08
1,sid_train,full_synthetic,unknown,train,e7302ebb52bdd924,clean
1,sid_train,full_synthetic,unknown,train,e7302ebb52bdd924,jpeg90
1,sid_train,full_synthetic,unknown,train,e7302ebb52bdd924,jitter02
1,sid_train,full_synthetic,unknown,train,e7302ebb52bdd924,crop08
1,sid_train,full_synthetic,unknown,train,729682fe17c78db3,clean
1,sid_train,full_synthetic,unknown,train,729682fe17c78db3,blur05
1,sid_train,full_synthetic,unknown,train,729682fe17c78db3,blur10
1,sid_train,full_synthetic,unknown,train,729682fe17c78db3,resize05
0,sid_train,real,unknown,train,f254e052e7a43984,clean
0,sid_train,real,unknown,train,f254e052e7a43984,jpeg90
0,sid_train,real,unknown,train,f254e052e7a43984,resize05
0,sid_train,real,unknown,train,f254e052e7a43984,noise01
0,sid_train,real,unknown,train,27de0270c9d7bdb9,clean
0,sid_train,real,unknown,train,27de0270c9d7bdb9,jpeg70
0,sid_train,real,unknown,train,27de0270c9d7bdb9,resize025
0,sid_train,real,unknown,train,27de0270c9d7bdb9,jitter02
0,sid_train,real,unknown,train,fc6ba382f6001c23,clean
0,sid_train,real,unknown,train,fc6ba382f6001c23,jpeg90
0,sid_train,real,unknown,train,fc6ba382f6001c23,resize025
0,sid_train,real,unknown,train,fc6ba382f6001c23,noise002
1,sid_train,full_synthetic,unknown,train,2979659bed1fe03c,clean
1,sid_train,full_synthetic,unknown,train,2979659bed1fe03c,blur20
1,sid_train,full_synthetic,unknown,train,2979659bed1fe03c,noise005
1,sid_train,full_synthetic,unknown,train,2979659bed1fe03c,noise01
0,sid_train,real,unknown,train,1cfbc5fa8a31628a,clean
0,sid_train,real,unknown,train,1cfbc5fa8a31628a,blur10
0,sid_train,real,unknown,train,1cfbc5fa8a31628a,noise005
0,sid_train,real,unknown,train,1cfbc5fa8a31628a,crop08
1,sid_train,full_synthetic,unknown,train,417ba3c007530b1d,clean
1,sid_train,full_synthetic,unknown,train,417ba3c007530b1d,jpeg90
1,sid_train,full_synthetic,unknown,train,417ba3c007530b1d,jpeg30
1,sid_train,full_synthetic,unknown,train,417ba3c007530b1d,blur05
1,sid_train,full_synthetic,unknown,train,46df205050e40225,clean
1,sid_train,full_synthetic,unknown,train,46df205050e40225,jpeg70
1,sid_train,full_synthetic,unknown,train,46df205050e40225,blur20
1,sid_train,full_synthetic,unknown,train,46df205050e40225,resize025
0,sid_train,real,unknown,train,de7891b3707304e1,clean
0,sid_train,real,unknown,train,de7891b3707304e1,jpeg30
0,sid_train,real,unknown,train,de7891b3707304e1,resize025
0,sid_train,real,unknown,train,de7891b3707304e1,crop08
0,sid_train,real,unknown,train,77d1b0953038381f,clean
0,sid_train,real,unknown,train,77d1b0953038381f,jpeg30
0,sid_train,real,unknown,train,77d1b0953038381f,blur05
0,sid_train,real,unknown,train,77d1b0953038381f,resize025
0,sid_train,real,unknown,train,a03f08c92a08fe68,clean
0,sid_train,real,unknown,train,a03f08c92a08fe68,jpeg50
0,sid_train,real,unknown,train,a03f08c92a08fe68,jpeg30
0,sid_train,real,unknown,train,a03f08c92a08fe68,crop08
1,sid_train,full_synthetic,unknown,train,8383fa086be434a0,clean
1,sid_train,full_synthetic,unknown,train,8383fa086be434a0,jpeg90
1,sid_train,full_synthetic,unknown,train,8383fa086be434a0,resize05
1,sid_train,full_synthetic,unknown,train,8383fa086be434a0,noise002
0,sid_train,real,unknown,train,b1c517a3030c527d,clean
0,sid_train,real,unknown,train,b1c517a3030c527d,jpeg90
0,sid_train,real,unknown,train,b1c517a3030c527d,blur05
0,sid_train,real,unknown,train,b1c517a3030c527d,blur20
1,sid_train,full_synthetic,unknown,train,1919320ac7998a1c,clean
1,sid_train,full_synthetic,unknown,train,1919320ac7998a1c,jpeg90
1,sid_train,full_synthetic,unknown,train,1919320ac7998a1c,jpeg30
1,sid_train,full_synthetic,unknown,train,1919320ac7998a1c,crop08
0,sid_train,real,unknown,train,4cb1dd742008c514,clean
0,sid_train,real,unknown,train,4cb1dd742008c514,blur10
0,sid_train,real,unknown,train,4cb1dd742008c514,resize025
0,sid_train,real,unknown,train,4cb1dd742008c514,noise005
1,sid_train,full_synthetic,unknown,train,b8c4d8f4537c8ffc,clean
1,sid_train,full_synthetic,unknown,train,b8c4d8f4537c8ffc,jpeg90
1,sid_train,full_synthetic,unknown,train,b8c4d8f4537c8ffc,jpeg30
1,sid_train,full_synthetic,unknown,train,b8c4d8f4537c8ffc,resize025
1,sid_train,full_synthetic,unknown,train,848c2e03ec1655e2,clean
1,sid_train,full_synthetic,unknown,train,848c2e03ec1655e2,blur05
1,sid_train,full_synthetic,unknown,train,848c2e03ec1655e2,noise002
1,sid_train,full_synthetic,unknown,train,848c2e03ec1655e2,noise005
1,sid_train,full_synthetic,unknown,train,ae07fcb6400d4b49,clean
1,sid_train,full_synthetic,unknown,train,ae07fcb6400d4b49,blur05
1,sid_train,full_synthetic,unknown,train,ae07fcb6400d4b49,noise002
1,sid_train,full_synthetic,unknown,train,ae07fcb6400d4b49,noise005
0,sid_train,real,unknown,train,13f2733d0e9c653d,clean
0,sid_train,real,unknown,train,13f2733d0e9c653d,blur10
0,sid_train,real,unknown,train,13f2733d0e9c653d,resize05
0,sid_train,real,unknown,train,13f2733d0e9c653d,noise01
1,sid_train,full_synthetic,unknown,train,c952d790d38ae65a,clean
1,sid_train,full_synthetic,unknown,train,c952d790d38ae65a,blur10
1,sid_train,full_synthetic,unknown,train,c952d790d38ae65a,resize05
1,sid_train,full_synthetic,unknown,train,c952d790d38ae65a,resize025
1,sid_train,full_synthetic,unknown,train,8615bf60b628b224,clean
1,sid_train,full_synthetic,unknown,train,8615bf60b628b224,jpeg90
1,sid_train,full_synthetic,unknown,train,8615bf60b628b224,jpeg30
1,sid_train,full_synthetic,unknown,train,8615bf60b628b224,noise01
1,sid_train,full_synthetic,unknown,train,28d1fb03857323df,clean
1,sid_train,full_synthetic,unknown,train,28d1fb03857323df,jpeg30
1,sid_train,full_synthetic,unknown,train,28d1fb03857323df,resize05
1,sid_train,full_synthetic,unknown,train,28d1fb03857323df,jitter02
0,sid_train,real,unknown,train,3a714f283f77d35a,clean
0,sid_train,real,unknown,train,3a714f283f77d35a,jpeg90
0,sid_train,real,unknown,train,3a714f283f77d35a,blur05
0,sid_train,real,unknown,train,3a714f283f77d35a,noise005
0,sid_train,real,unknown,train,4e738c07997b83bf,clean
0,sid_train,real,unknown,train,4e738c07997b83bf,blur20
0,sid_train,real,unknown,train,4e738c07997b83bf,resize05
0,sid_train,real,unknown,train,4e738c07997b83bf,noise002
0,sid_train,real,unknown,train,3c5a349f52b57a7b,clean
0,sid_train,real,unknown,train,3c5a349f52b57a7b,jpeg90
0,sid_train,real,unknown,train,3c5a349f52b57a7b,noise002
0,sid_train,real,unknown,train,3c5a349f52b57a7b,noise01
0,sid_train,real,unknown,train,aec7fc6cac238340,clean
0,sid_train,real,unknown,train,aec7fc6cac238340,jpeg90
0,sid_train,real,unknown,train,aec7fc6cac238340,blur20
0,sid_train,real,unknown,train,aec7fc6cac238340,resize05
0,sid_train,real,unknown,train,01ebbebed7337aaa,clean
0,sid_train,real,unknown,train,01ebbebed7337aaa,jpeg70
0,sid_train,real,unknown,train,01ebbebed7337aaa,jpeg30
0,sid_train,real,unknown,train,01ebbebed7337aaa,blur05
1,sid_train,full_synthetic,unknown,train,2723fab25002c85b,clean
1,sid_train,full_synthetic,unknown,train,2723fab25002c85b,jpeg90
1,sid_train,full_synthetic,unknown,train,2723fab25002c85b,noise005
1,sid_train,full_synthetic,unknown,train,2723fab25002c85b,crop08
0,sid_train,real,unknown,train,4b9ab7e8b06fb6b2,clean
0,sid_train,real,unknown,train,4b9ab7e8b06fb6b2,jpeg70
0,sid_train,real,unknown,train,4b9ab7e8b06fb6b2,jpeg30
0,sid_train,real,unknown,train,4b9ab7e8b06fb6b2,jitter02
0,sid_train,real,unknown,train,6fabbaccb0b3a014,clean
0,sid_train,real,unknown,train,6fabbaccb0b3a014,jpeg30
0,sid_train,real,unknown,train,6fabbaccb0b3a014,noise01
0,sid_train,real,unknown,train,6fabbaccb0b3a014,crop08
1,sid_train,full_synthetic,unknown,train,84ae66a5ff7b7349,clean
1,sid_train,full_synthetic,unknown,train,84ae66a5ff7b7349,blur20
1,sid_train,full_synthetic,unknown,train,84ae66a5ff7b7349,resize05
1,sid_train,full_synthetic,unknown,train,84ae66a5ff7b7349,noise005
1,sid_train,full_synthetic,unknown,train,65d6ed89aedf71dc,clean
1,sid_train,full_synthetic,unknown,train,65d6ed89aedf71dc,jpeg90
1,sid_train,full_synthetic,unknown,train,65d6ed89aedf71dc,resize05
1,sid_train,full_synthetic,unknown,train,65d6ed89aedf71dc,noise005
1,sid_train,full_synthetic,unknown,train,daff7b0917b629c0,clean
1,sid_train,full_synthetic,unknown,train,daff7b0917b629c0,jpeg90
1,sid_train,full_synthetic,unknown,train,daff7b0917b629c0,jpeg70
1,sid_train,full_synthetic,unknown,train,daff7b0917b629c0,crop08
1,sid_train,full_synthetic,unknown,train,ee4d9d7911da6409,clean
1,sid_train,full_synthetic,unknown,train,ee4d9d7911da6409,blur10
1,sid_train,full_synthetic,unknown,train,ee4d9d7911da6409,resize025
1,sid_train,full_synthetic,unknown,train,ee4d9d7911da6409,noise005
0,sid_train,real,unknown,train,ad417d1caf11deed,clean
0,sid_train,real,unknown,train,ad417d1caf11deed,jpeg50
0,sid_train,real,unknown,train,ad417d1caf11deed,blur10
0,sid_train,real,unknown,train,ad417d1caf11deed,noise01
0,sid_train,real,unknown,train,5da53aa11c834353,clean
0,sid_train,real,unknown,train,5da53aa11c834353,jpeg30
0,sid_train,real,unknown,train,5da53aa11c834353,blur05
0,sid_train,real,unknown,train,5da53aa11c834353,noise002
0,sid_train,real,unknown,train,5c3b5254352771e2,clean
0,sid_train,real,unknown,train,5c3b5254352771e2,jpeg70
0,sid_train,real,unknown,train,5c3b5254352771e2,resize05
0,sid_train,real,unknown,train,5c3b5254352771e2,resize025
1,sid_train,full_synthetic,unknown,train,0b9121ddb86804ca,clean
1,sid_train,full_synthetic,unknown,train,0b9121ddb86804ca,noise002
1,sid_train,full_synthetic,unknown,train,0b9121ddb86804ca,noise005
1,sid_train,full_synthetic,unknown,train,0b9121ddb86804ca,crop08
1,sid_train,full_synthetic,unknown,train,28303591d091575d,clean
1,sid_train,full_synthetic,unknown,train,28303591d091575d,jpeg90
1,sid_train,full_synthetic,unknown,train,28303591d091575d,noise002
1,sid_train,full_synthetic,unknown,train,28303591d091575d,jitter02
1,sid_train,full_synthetic,unknown,train,25256b8440d79d15,clean
1,sid_train,full_synthetic,unknown,train,25256b8440d79d15,jpeg70
1,sid_train,full_synthetic,unknown,train,25256b8440d79d15,jpeg30
1,sid_train,full_synthetic,unknown,train,25256b8440d79d15,jitter02
0,sid_train,real,unknown,train,4788612f64a80969,clean
0,sid_train,real,unknown,train,4788612f64a80969,blur20
0,sid_train,real,unknown,train,4788612f64a80969,noise002
0,sid_train,real,unknown,train,4788612f64a80969,jitter02
1,sid_train,full_synthetic,unknown,train,5d4fc1f3c18c2f14,clean
1,sid_train,full_synthetic,unknown,train,5d4fc1f3c18c2f14,resize025
1,sid_train,full_synthetic,unknown,train,5d4fc1f3c18c2f14,noise005
1,sid_train,full_synthetic,unknown,train,5d4fc1f3c18c2f14,noise01
0,sid_train,real,unknown,train,c05e50fa2be37ff3,clean
0,sid_train,real,unknown,train,c05e50fa2be37ff3,blur05
0,sid_train,real,unknown,train,c05e50fa2be37ff3,resize025
0,sid_train,real,unknown,train,c05e50fa2be37ff3,jitter02
0,sid_train,real,unknown,train,55e5eb6116af7733,clean
0,sid_train,real,unknown,train,55e5eb6116af7733,noise01
0,sid_train,real,unknown,train,55e5eb6116af7733,jitter02
0,sid_train,real,unknown,train,55e5eb6116af7733,crop08
0,sid_train,real,unknown,train,362a0c2126b9b327,clean
0,sid_train,real,unknown,train,362a0c2126b9b327,blur10
0,sid_train,real,unknown,train,362a0c2126b9b327,resize05
0,sid_train,real,unknown,train,362a0c2126b9b327,crop08
0,sid_train,real,unknown,train,1ec4076d539bb845,clean
0,sid_train,real,unknown,train,1ec4076d539bb845,jpeg90
0,sid_train,real,unknown,train,1ec4076d539bb845,noise005
0,sid_train,real,unknown,train,1ec4076d539bb845,crop08
0,sid_train,real,unknown,train,a4972792338eb0be,clean
0,sid_train,real,unknown,train,a4972792338eb0be,jpeg30
0,sid_train,real,unknown,train,a4972792338eb0be,blur05
0,sid_train,real,unknown,train,a4972792338eb0be,noise002
0,sid_train,real,unknown,train,7f5fbee98d590add,clean
0,sid_train,real,unknown,train,7f5fbee98d590add,jpeg50
0,sid_train,real,unknown,train,7f5fbee98d590add,blur05
0,sid_train,real,unknown,train,7f5fbee98d590add,blur20
0,sid_train,real,unknown,train,5d36ace59f6f015f,clean
0,sid_train,real,unknown,train,5d36ace59f6f015f,resize05
0,sid_train,real,unknown,train,5d36ace59f6f015f,noise002
0,sid_train,real,unknown,train,5d36ace59f6f015f,crop08
1,sid_train,full_synthetic,unknown,train,4027c4c9c7926e64,clean
1,sid_train,full_synthetic,unknown,train,4027c4c9c7926e64,blur10
1,sid_train,full_synthetic,unknown,train,4027c4c9c7926e64,noise01
1,sid_train,full_synthetic,unknown,train,4027c4c9c7926e64,jitter02
0,sid_train,real,unknown,train,5981ebf46f96db4f,clean
0,sid_train,real,unknown,train,5981ebf46f96db4f,jpeg70
0,sid_train,real,unknown,train,5981ebf46f96db4f,jitter02
0,sid_train,real,unknown,train,5981ebf46f96db4f,crop08
0,sid_train,real,unknown,train,dc6f711b1df1110b,clean
0,sid_train,real,unknown,train,dc6f711b1df1110b,jpeg30
0,sid_train,real,unknown,train,dc6f711b1df1110b,blur05
0,sid_train,real,unknown,train,dc6f711b1df1110b,resize05
1,sid_train,full_synthetic,unknown,train,f2e8701eb8fc072e,clean
1,sid_train,full_synthetic,unknown,train,f2e8701eb8fc072e,jpeg50
1,sid_train,full_synthetic,unknown,train,f2e8701eb8fc072e,jpeg30
1,sid_train,full_synthetic,unknown,train,f2e8701eb8fc072e,blur05
1,sid_train,full_synthetic,unknown,train,167f0b62744312ed,clean
1,sid_train,full_synthetic,unknown,train,167f0b62744312ed,jpeg50
1,sid_train,full_synthetic,unknown,train,167f0b62744312ed,jpeg30
1,sid_train,full_synthetic,unknown,train,167f0b62744312ed,jitter02
0,sid_train,real,unknown,train,3e7d21b7e6b940bf,clean
0,sid_train,real,unknown,train,3e7d21b7e6b940bf,jpeg90
0,sid_train,real,unknown,train,3e7d21b7e6b940bf,blur20
0,sid_train,real,unknown,train,3e7d21b7e6b940bf,crop08
0,sid_train,real,unknown,train,bc5c9a613859183f,clean
0,sid_train,real,unknown,train,bc5c9a613859183f,blur10
0,sid_train,real,unknown,train,bc5c9a613859183f,blur20
0,sid_train,real,unknown,train,bc5c9a613859183f,crop08
0,sid_train,real,unknown,train,a8eb093281cd7c21,clean
0,sid_train,real,unknown,train,a8eb093281cd7c21,blur10
0,sid_train,real,unknown,train,a8eb093281cd7c21,blur20
0,sid_train,real,unknown,train,a8eb093281cd7c21,noise01
0,sid_train,real,unknown,train,299eda90caf5b4d3,clean
0,sid_train,real,unknown,train,299eda90caf5b4d3,jpeg30
0,sid_train,real,unknown,train,299eda90caf5b4d3,resize025
0,sid_train,real,unknown,train,299eda90caf5b4d3,noise01
0,sid_train,real,unknown,train,a14a6a65ad496fa8,clean
0,sid_train,real,unknown,train,a14a6a65ad496fa8,jpeg90
0,sid_train,real,unknown,train,a14a6a65ad496fa8,resize025
0,sid_train,real,unknown,train,a14a6a65ad496fa8,noise005
0,sid_train,real,unknown,train,375abb7b738257e8,clean
0,sid_train,real,unknown,train,375abb7b738257e8,jpeg70
0,sid_train,real,unknown,train,375abb7b738257e8,noise01
0,sid_train,real,unknown,train,375abb7b738257e8,jitter02
0,sid_train,real,unknown,train,4c2a3f90da95918b,clean
0,sid_train,real,unknown,train,4c2a3f90da95918b,jpeg50
0,sid_train,real,unknown,train,4c2a3f90da95918b,blur10
0,sid_train,real,unknown,train,4c2a3f90da95918b,resize05
0,sid_train,real,unknown,train,78852e02b65f7793,clean
0,sid_train,real,unknown,train,78852e02b65f7793,blur10
0,sid_train,real,unknown,train,78852e02b65f7793,resize05
0,sid_train,real,unknown,train,78852e02b65f7793,noise005
1,sid_train,full_synthetic,unknown,train,d27ef7fe349b4e5c,clean
1,sid_train,full_synthetic,unknown,train,d27ef7fe349b4e5c,resize05
1,sid_train,full_synthetic,unknown,train,d27ef7fe349b4e5c,resize025
1,sid_train,full_synthetic,unknown,train,d27ef7fe349b4e5c,noise01
0,sid_train,real,unknown,train,440e695a6774ec91,clean
0,sid_train,real,unknown,train,440e695a6774ec91,jpeg30
0,sid_train,real,unknown,train,440e695a6774ec91,blur20
0,sid_train,real,unknown,train,440e695a6774ec91,crop08
0,sid_train,real,unknown,train,b84a16ac5a6a8f10,clean
0,sid_train,real,unknown,train,b84a16ac5a6a8f10,jpeg50
0,sid_train,real,unknown,train,b84a16ac5a6a8f10,noise005
0,sid_train,real,unknown,train,b84a16ac5a6a8f10,noise01
1,sid_train,full_synthetic,unknown,train,49be1573c1e698ac,clean
1,sid_train,full_synthetic,unknown,train,49be1573c1e698ac,jpeg70
1,sid_train,full_synthetic,unknown,train,49be1573c1e698ac,resize05
1,sid_train,full_synthetic,unknown,train,49be1573c1e698ac,noise002
1,sid_train,full_synthetic,unknown,train,0a1f594ad0f01883,clean
1,sid_train,full_synthetic,unknown,train,0a1f594ad0f01883,jpeg50
1,sid_train,full_synthetic,unknown,train,0a1f594ad0f01883,jpeg30
1,sid_train,full_synthetic,unknown,train,0a1f594ad0f01883,resize025
0,sid_train,real,unknown,train,e4b5992b28ff42bb,clean
0,sid_train,real,unknown,train,e4b5992b28ff42bb,blur10
0,sid_train,real,unknown,train,e4b5992b28ff42bb,blur20
0,sid_train,real,unknown,train,e4b5992b28ff42bb,jitter02
0,sid_train,real,unknown,train,20056860c175b252,clean
0,sid_train,real,unknown,train,20056860c175b252,jpeg30
0,sid_train,real,unknown,train,20056860c175b252,resize05
0,sid_train,real,unknown,train,20056860c175b252,resize025
0,sid_train,real,unknown,train,77541d170138a995,clean
0,sid_train,real,unknown,train,77541d170138a995,blur05
0,sid_train,real,unknown,train,77541d170138a995,blur20
0,sid_train,real,unknown,train,77541d170138a995,noise005
1,sid_train,full_synthetic,unknown,train,be36c29b12c58dfd,clean
1,sid_train,full_synthetic,unknown,train,be36c29b12c58dfd,jpeg30
1,sid_train,full_synthetic,unknown,train,be36c29b12c58dfd,resize05
1,sid_train,full_synthetic,unknown,train,be36c29b12c58dfd,jitter02
1,sid_train,full_synthetic,unknown,train,8ebcf707a856a0aa,clean
1,sid_train,full_synthetic,unknown,train,8ebcf707a856a0aa,jpeg30
1,sid_train,full_synthetic,unknown,train,8ebcf707a856a0aa,noise002
1,sid_train,full_synthetic,unknown,train,8ebcf707a856a0aa,noise01
0,sid_train,real,unknown,train,a856b34c9a8bf76a,clean
0,sid_train,real,unknown,train,a856b34c9a8bf76a,jpeg90
0,sid_train,real,unknown,train,a856b34c9a8bf76a,blur10
0,sid_train,real,unknown,train,a856b34c9a8bf76a,resize05
1,sid_train,full_synthetic,unknown,train,c44273bbcbe8d0c6,clean
1,sid_train,full_synthetic,unknown,train,c44273bbcbe8d0c6,jpeg50
1,sid_train,full_synthetic,unknown,train,c44273bbcbe8d0c6,jpeg30
1,sid_train,full_synthetic,unknown,train,c44273bbcbe8d0c6,resize05
0,sid_train,real,unknown,train,85175547a6b184ce,clean
0,sid_train,real,unknown,train,85175547a6b184ce,resize025
0,sid_train,real,unknown,train,85175547a6b184ce,noise005
0,sid_train,real,unknown,train,85175547a6b184ce,jitter02
0,sid_train,real,unknown,train,f39c20a6267923e8,clean
0,sid_train,real,unknown,train,f39c20a6267923e8,jpeg70
0,sid_train,real,unknown,train,f39c20a6267923e8,jpeg30
0,sid_train,real,unknown,train,f39c20a6267923e8,noise005
1,sid_train,full_synthetic,unknown,train,01f3d94ace1bfb06,clean
1,sid_train,full_synthetic,unknown,train,01f3d94ace1bfb06,blur10
1,sid_train,full_synthetic,unknown,train,01f3d94ace1bfb06,resize025
1,sid_train,full_synthetic,unknown,train,01f3d94ace1bfb06,noise005
0,sid_train,real,unknown,train,afa9b970d17a9dcb,clean
0,sid_train,real,unknown,train,afa9b970d17a9dcb,jpeg70
0,sid_train,real,unknown,train,afa9b970d17a9dcb,jpeg30
0,sid_train,real,unknown,train,afa9b970d17a9dcb,jitter02
0,sid_train,real,unknown,train,51e3b6166868de42,clean
0,sid_train,real,unknown,train,51e3b6166868de42,blur10
0,sid_train,real,unknown,train,51e3b6166868de42,jitter02
0,sid_train,real,unknown,train,51e3b6166868de42,crop08
0,sid_train,real,unknown,train,5a9105de9e38ff1c,clean
0,sid_train,real,unknown,train,5a9105de9e38ff1c,jpeg90
0,sid_train,real,unknown,train,5a9105de9e38ff1c,noise002
0,sid_train,real,unknown,train,5a9105de9e38ff1c,jitter02
0,sid_train,real,unknown,train,ca6af7ca0983d7df,clean
0,sid_train,real,unknown,train,ca6af7ca0983d7df,blur20
0,sid_train,real,unknown,train,ca6af7ca0983d7df,noise005
0,sid_train,real,unknown,train,ca6af7ca0983d7df,jitter02
0,sid_train,real,unknown,train,5235c8e3ff5785a1,clean
0,sid_train,real,unknown,train,5235c8e3ff5785a1,jpeg30
0,sid_train,real,unknown,train,5235c8e3ff5785a1,blur05
0,sid_train,real,unknown,train,5235c8e3ff5785a1,blur20
0,sid_train,real,unknown,train,e36ef8fefc0674f1,clean
0,sid_train,real,unknown,train,e36ef8fefc0674f1,blur05
0,sid_train,real,unknown,train,e36ef8fefc0674f1,blur20
0,sid_train,real,unknown,train,e36ef8fefc0674f1,resize05
1,sid_train,full_synthetic,unknown,train,3b4e0e58c2e258be,clean
1,sid_train,full_synthetic,unknown,train,3b4e0e58c2e258be,jpeg30
1,sid_train,full_synthetic,unknown,train,3b4e0e58c2e258be,noise01
1,sid_train,full_synthetic,unknown,train,3b4e0e58c2e258be,jitter02
0,sid_train,real,unknown,train,aa09c557f7a5c9a3,clean
0,sid_train,real,unknown,train,aa09c557f7a5c9a3,noise002
0,sid_train,real,unknown,train,aa09c557f7a5c9a3,noise005
0,sid_train,real,unknown,train,aa09c557f7a5c9a3,jitter02
0,sid_train,real,unknown,train,ad59de0c41c54c2d,clean
0,sid_train,real,unknown,train,ad59de0c41c54c2d,blur20
0,sid_train,real,unknown,train,ad59de0c41c54c2d,resize025
0,sid_train,real,unknown,train,ad59de0c41c54c2d,noise005
0,sid_train,real,unknown,train,b71129c262587aa2,clean
0,sid_train,real,unknown,train,b71129c262587aa2,blur05
0,sid_train,real,unknown,train,b71129c262587aa2,blur20
0,sid_train,real,unknown,train,b71129c262587aa2,crop08
1,sid_train,full_synthetic,unknown,train,f3ea37047792c7bc,clean
1,sid_train,full_synthetic,unknown,train,f3ea37047792c7bc,jpeg70
1,sid_train,full_synthetic,unknown,train,f3ea37047792c7bc,jpeg30
1,sid_train,full_synthetic,unknown,train,f3ea37047792c7bc,resize05
0,sid_train,real,unknown,train,c5a670340c447599,clean
0,sid_train,real,unknown,train,c5a670340c447599,jpeg30
0,sid_train,real,unknown,train,c5a670340c447599,noise005
0,sid_train,real,unknown,train,c5a670340c447599,crop08
1,sid_train,full_synthetic,unknown,train,e15aed7b9b142a5a,clean
1,sid_train,full_synthetic,unknown,train,e15aed7b9b142a5a,jpeg90
1,sid_train,full_synthetic,unknown,train,e15aed7b9b142a5a,jpeg70
1,sid_train,full_synthetic,unknown,train,e15aed7b9b142a5a,blur10
0,sid_train,real,unknown,train,658c45ebe3f730c4,clean
0,sid_train,real,unknown,train,658c45ebe3f730c4,blur10
0,sid_train,real,unknown,train,658c45ebe3f730c4,jitter02
0,sid_train,real,unknown,train,658c45ebe3f730c4,crop08
1,sid_train,full_synthetic,unknown,train,5997000d97bc8e64,clean
1,sid_train,full_synthetic,unknown,train,5997000d97bc8e64,jpeg70
1,sid_train,full_synthetic,unknown,train,5997000d97bc8e64,blur05
1,sid_train,full_synthetic,unknown,train,5997000d97bc8e64,crop08
0,sid_train,real,unknown,train,068dad1f9f0a0c55,clean
0,sid_train,real,unknown,train,068dad1f9f0a0c55,jpeg70
0,sid_train,real,unknown,train,068dad1f9f0a0c55,noise002
0,sid_train,real,unknown,train,068dad1f9f0a0c55,jitter02
0,sid_train,real,unknown,train,310d39b564b348ef,clean
0,sid_train,real,unknown,train,310d39b564b348ef,jpeg90
0,sid_train,real,unknown,train,310d39b564b348ef,resize05
0,sid_train,real,unknown,train,310d39b564b348ef,resize025
1,sid_train,full_synthetic,unknown,train,9df90bb0c71428a8,clean
1,sid_train,full_synthetic,unknown,train,9df90bb0c71428a8,blur05
1,sid_train,full_synthetic,unknown,train,9df90bb0c71428a8,blur10
1,sid_train,full_synthetic,unknown,train,9df90bb0c71428a8,jitter02
0,sid_train,real,unknown,train,07f1562c7ad52a93,clean
0,sid_train,real,unknown,train,07f1562c7ad52a93,jpeg50
0,sid_train,real,unknown,train,07f1562c7ad52a93,blur10
0,sid_train,real,unknown,train,07f1562c7ad52a93,resize025
1,sid_train,full_synthetic,unknown,train,11d98af5d42d61f1,clean
1,sid_train,full_synthetic,unknown,train,11d98af5d42d61f1,jpeg50
1,sid_train,full_synthetic,unknown,train,11d98af5d42d61f1,resize025
1,sid_train,full_synthetic,unknown,train,11d98af5d42d61f1,noise005
0,sid_train,real,unknown,train,9a7ffb5d32b745eb,clean
0,sid_train,real,unknown,train,9a7ffb5d32b745eb,blur05
0,sid_train,real,unknown,train,9a7ffb5d32b745eb,blur20
0,sid_train,real,unknown,train,9a7ffb5d32b745eb,noise005
1,sid_train,full_synthetic,unknown,train,4a9b2c77131a257c,clean
1,sid_train,full_synthetic,unknown,train,4a9b2c77131a257c,jpeg90
1,sid_train,full_synthetic,unknown,train,4a9b2c77131a257c,jpeg70
1,sid_train,full_synthetic,unknown,train,4a9b2c77131a257c,resize025
1,sid_train,full_synthetic,unknown,train,1f6621a09ca098c9,clean
1,sid_train,full_synthetic,unknown,train,1f6621a09ca098c9,jpeg70
1,sid_train,full_synthetic,unknown,train,1f6621a09ca098c9,jpeg50
1,sid_train,full_synthetic,unknown,train,1f6621a09ca098c9,noise002
1,sid_train,full_synthetic,unknown,train,477abe1055775fe1,clean
1,sid_train,full_synthetic,unknown,train,477abe1055775fe1,jpeg70
1,sid_train,full_synthetic,unknown,train,477abe1055775fe1,resize025
1,sid_train,full_synthetic,unknown,train,477abe1055775fe1,noise01
1,sid_train,full_synthetic,unknown,train,10d7ca7e6d0f6368,clean
1,sid_train,full_synthetic,unknown,train,10d7ca7e6d0f6368,jpeg90
1,sid_train,full_synthetic,unknown,train,10d7ca7e6d0f6368,resize025
1,sid_train,full_synthetic,unknown,train,10d7ca7e6d0f6368,noise002
0,sid_train,real,unknown,train,1ef188f3e574f0eb,clean
0,sid_train,real,unknown,train,1ef188f3e574f0eb,jpeg90
0,sid_train,real,unknown,train,1ef188f3e574f0eb,jpeg30
0,sid_train,real,unknown,train,1ef188f3e574f0eb,noise01
0,sid_train,real,unknown,train,44d88d02d162bc96,clean
0,sid_train,real,unknown,train,44d88d02d162bc96,blur20
0,sid_train,real,unknown,train,44d88d02d162bc96,noise002
0,sid_train,real,unknown,train,44d88d02d162bc96,crop08
0,sid_train,real,unknown,train,cc76e788f9c913d1,clean
0,sid_train,real,unknown,train,cc76e788f9c913d1,jpeg70
0,sid_train,real,unknown,train,cc76e788f9c913d1,jpeg30
0,sid_train,real,unknown,train,cc76e788f9c913d1,crop08
0,sid_train,real,unknown,train,ad568d24d7a63902,clean
0,sid_train,real,unknown,train,ad568d24d7a63902,jpeg90
0,sid_train,real,unknown,train,ad568d24d7a63902,jpeg70
0,sid_train,real,unknown,train,ad568d24d7a63902,jitter02
0,sid_train,real,unknown,train,a20da907e6c6b2df,clean
0,sid_train,real,unknown,train,a20da907e6c6b2df,blur10
0,sid_train,real,unknown,train,a20da907e6c6b2df,noise01
0,sid_train,real,unknown,train,a20da907e6c6b2df,crop08
0,sid_train,real,unknown,train,3cf59017aecb4483,clean
0,sid_train,real,unknown,train,3cf59017aecb4483,jpeg30
0,sid_train,real,unknown,train,3cf59017aecb4483,blur10
0,sid_train,real,unknown,train,3cf59017aecb4483,crop08
0,sid_train,real,unknown,train,70fa103f60f916ce,clean
0,sid_train,real,unknown,train,70fa103f60f916ce,jpeg90
0,sid_train,real,unknown,train,70fa103f60f916ce,jpeg50
0,sid_train,real,unknown,train,70fa103f60f916ce,blur05
1,sid_train,full_synthetic,unknown,train,467324996835a058,clean
1,sid_train,full_synthetic,unknown,train,467324996835a058,blur10
1,sid_train,full_synthetic,unknown,train,467324996835a058,resize025
1,sid_train,full_synthetic,unknown,train,467324996835a058,noise01
0,sid_train,real,unknown,train,ce36f21e58905b99,clean
0,sid_train,real,unknown,train,ce36f21e58905b99,jpeg50
0,sid_train,real,unknown,train,ce36f21e58905b99,jpeg30
0,sid_train,real,unknown,train,ce36f21e58905b99,resize05
0,sid_train,real,unknown,train,e88d80bd3270fb4e,clean
0,sid_train,real,unknown,train,e88d80bd3270fb4e,jpeg70
0,sid_train,real,unknown,train,e88d80bd3270fb4e,resize025
0,sid_train,real,unknown,train,e88d80bd3270fb4e,jitter02
1,sid_train,full_synthetic,unknown,train,f2ad05f991ff2303,clean
1,sid_train,full_synthetic,unknown,train,f2ad05f991ff2303,blur20
1,sid_train,full_synthetic,unknown,train,f2ad05f991ff2303,noise002
1,sid_train,full_synthetic,unknown,train,f2ad05f991ff2303,noise01
0,sid_train,real,unknown,train,890ad23d11db0b06,clean
0,sid_train,real,unknown,train,890ad23d11db0b06,jpeg70
0,sid_train,real,unknown,train,890ad23d11db0b06,jpeg30
0,sid_train,real,unknown,train,890ad23d11db0b06,jitter02
0,sid_train,real,unknown,train,09a86db28823d145,clean
0,sid_train,real,unknown,train,09a86db28823d145,jpeg50
0,sid_train,real,unknown,train,09a86db28823d145,blur10
0,sid_train,real,unknown,train,09a86db28823d145,noise002
0,sid_train,real,unknown,train,09271dc2b715e78a,clean
0,sid_train,real,unknown,train,09271dc2b715e78a,jpeg70
0,sid_train,real,unknown,train,09271dc2b715e78a,blur20
0,sid_train,real,unknown,train,09271dc2b715e78a,crop08
1,sid_train,full_synthetic,unknown,train,700a5d2335325871,clean
1,sid_train,full_synthetic,unknown,train,700a5d2335325871,jpeg70
1,sid_train,full_synthetic,unknown,train,700a5d2335325871,jpeg30
1,sid_train,full_synthetic,unknown,train,700a5d2335325871,resize05
0,sid_train,real,unknown,train,db6738c7b46033ca,clean
0,sid_train,real,unknown,train,db6738c7b46033ca,jpeg90
0,sid_train,real,unknown,train,db6738c7b46033ca,noise002
0,sid_train,real,unknown,train,db6738c7b46033ca,noise01
0,sid_train,real,unknown,train,fd4e04d0c9895fdc,clean
0,sid_train,real,unknown,train,fd4e04d0c9895fdc,jpeg50
0,sid_train,real,unknown,train,fd4e04d0c9895fdc,blur05
0,sid_train,real,unknown,train,fd4e04d0c9895fdc,resize025
0,sid_train,real,unknown,train,e908b249ef6beb45,clean
0,sid_train,real,unknown,train,e908b249ef6beb45,jpeg70
0,sid_train,real,unknown,train,e908b249ef6beb45,jpeg50
0,sid_train,real,unknown,train,e908b249ef6beb45,blur20
1,sid_train,full_synthetic,unknown,train,e68e912c037f831b,clean
1,sid_train,full_synthetic,unknown,train,e68e912c037f831b,jpeg70
1,sid_train,full_synthetic,unknown,train,e68e912c037f831b,blur10
1,sid_train,full_synthetic,unknown,train,e68e912c037f831b,resize05
1,sid_train,full_synthetic,unknown,train,f795d6f0ad8e0438,clean
1,sid_train,full_synthetic,unknown,train,f795d6f0ad8e0438,jpeg90
1,sid_train,full_synthetic,unknown,train,f795d6f0ad8e0438,jpeg30
1,sid_train,full_synthetic,unknown,train,f795d6f0ad8e0438,blur10
1,sid_train,full_synthetic,unknown,train,523b32c92a4a2ef4,clean
1,sid_train,full_synthetic,unknown,train,523b32c92a4a2ef4,jpeg90
1,sid_train,full_synthetic,unknown,train,523b32c92a4a2ef4,jpeg70
1,sid_train,full_synthetic,unknown,train,523b32c92a4a2ef4,crop08
0,sid_train,real,unknown,train,6e91d27cf97ec83b,clean
0,sid_train,real,unknown,train,6e91d27cf97ec83b,blur10
0,sid_train,real,unknown,train,6e91d27cf97ec83b,resize05
0,sid_train,real,unknown,train,6e91d27cf97ec83b,noise002
0,sid_train,real,unknown,train,58d615c28c8f63f8,clean
0,sid_train,real,unknown,train,58d615c28c8f63f8,resize025
0,sid_train,real,unknown,train,58d615c28c8f63f8,noise01
0,sid_train,real,unknown,train,58d615c28c8f63f8,crop08
1,sid_train,full_synthetic,unknown,train,a5f0426611e4a25b,clean
1,sid_train,full_synthetic,unknown,train,a5f0426611e4a25b,jpeg50
1,sid_train,full_synthetic,unknown,train,a5f0426611e4a25b,resize05
1,sid_train,full_synthetic,unknown,train,a5f0426611e4a25b,noise002
0,sid_train,real,unknown,train,a06642988ca17725,clean
0,sid_train,real,unknown,train,a06642988ca17725,blur20
0,sid_train,real,unknown,train,a06642988ca17725,noise01
0,sid_train,real,unknown,train,a06642988ca17725,crop08
0,sid_train,real,unknown,train,db60c166287a85ee,clean
0,sid_train,real,unknown,train,db60c166287a85ee,jpeg70
0,sid_train,real,unknown,train,db60c166287a85ee,jpeg30
0,sid_train,real,unknown,train,db60c166287a85ee,crop08
0,sid_train,real,unknown,train,dd518a0e54849d6f,clean
0,sid_train,real,unknown,train,dd518a0e54849d6f,jpeg30
0,sid_train,real,unknown,train,dd518a0e54849d6f,resize05
0,sid_train,real,unknown,train,dd518a0e54849d6f,noise01
0,sid_train,real,unknown,train,5990081fa432998f,clean
0,sid_train,real,unknown,train,5990081fa432998f,jpeg30
0,sid_train,real,unknown,train,5990081fa432998f,resize05
0,sid_train,real,unknown,train,5990081fa432998f,resize025
1,sid_train,full_synthetic,unknown,train,8e8d0ecd399bf01c,clean
1,sid_train,full_synthetic,unknown,train,8e8d0ecd399bf01c,jpeg70
1,sid_train,full_synthetic,unknown,train,8e8d0ecd399bf01c,jpeg50
1,sid_train,full_synthetic,unknown,train,8e8d0ecd399bf01c,jpeg30
0,sid_train,real,unknown,train,94d5a0d857c55c3a,clean
0,sid_train,real,unknown,train,94d5a0d857c55c3a,jpeg50
0,sid_train,real,unknown,train,94d5a0d857c55c3a,blur20
0,sid_train,real,unknown,train,94d5a0d857c55c3a,crop08
1,sid_train,full_synthetic,unknown,train,569b16617de7b449,clean
1,sid_train,full_synthetic,unknown,train,569b16617de7b449,blur05
1,sid_train,full_synthetic,unknown,train,569b16617de7b449,resize025
1,sid_train,full_synthetic,unknown,train,569b16617de7b449,crop08
1,sid_train,full_synthetic,unknown,train,04041dc60c23e9b5,clean
1,sid_train,full_synthetic,unknown,train,04041dc60c23e9b5,noise005
1,sid_train,full_synthetic,unknown,train,04041dc60c23e9b5,noise01
1,sid_train,full_synthetic,unknown,train,04041dc60c23e9b5,jitter02
0,sid_train,real,unknown,train,53941f2436a782d2,clean
0,sid_train,real,unknown,train,53941f2436a782d2,jpeg30
0,sid_train,real,unknown,train,53941f2436a782d2,blur20
0,sid_train,real,unknown,train,53941f2436a782d2,crop08
0,sid_train,real,unknown,train,7c1f6c85974a13e4,clean
0,sid_train,real,unknown,train,7c1f6c85974a13e4,resize05
0,sid_train,real,unknown,train,7c1f6c85974a13e4,resize025
0,sid_train,real,unknown,train,7c1f6c85974a13e4,noise01
1,sid_train,full_synthetic,unknown,train,7499ce4f17cd4028,clean
1,sid_train,full_synthetic,unknown,train,7499ce4f17cd4028,jpeg70
1,sid_train,full_synthetic,unknown,train,7499ce4f17cd4028,jpeg50
1,sid_train,full_synthetic,unknown,train,7499ce4f17cd4028,resize05
0,sid_train,real,unknown,train,2d924a5ceb280e18,clean
0,sid_train,real,unknown,train,2d924a5ceb280e18,jpeg70
0,sid_train,real,unknown,train,2d924a5ceb280e18,jpeg50
0,sid_train,real,unknown,train,2d924a5ceb280e18,blur20
1,sid_train,full_synthetic,unknown,train,f5ccc2af15d2f3ed,clean
1,sid_train,full_synthetic,unknown,train,f5ccc2af15d2f3ed,jpeg30
1,sid_train,full_synthetic,unknown,train,f5ccc2af15d2f3ed,noise005
1,sid_train,full_synthetic,unknown,train,f5ccc2af15d2f3ed,crop08
0,sid_train,real,unknown,train,c3e744d39d4a3275,clean
0,sid_train,real,unknown,train,c3e744d39d4a3275,jpeg30
0,sid_train,real,unknown,train,c3e744d39d4a3275,resize05
0,sid_train,real,unknown,train,c3e744d39d4a3275,noise01
0,sid_train,real,unknown,train,1ea2269e678dde20,clean
0,sid_train,real,unknown,train,1ea2269e678dde20,jpeg50
0,sid_train,real,unknown,train,1ea2269e678dde20,blur10
0,sid_train,real,unknown,train,1ea2269e678dde20,crop08
1,sid_train,full_synthetic,unknown,train,6bbe67823827b958,clean
1,sid_train,full_synthetic,unknown,train,6bbe67823827b958,jpeg90
1,sid_train,full_synthetic,unknown,train,6bbe67823827b958,jpeg70
1,sid_train,full_synthetic,unknown,train,6bbe67823827b958,crop08
1,sid_train,full_synthetic,unknown,train,41e12295877c5d75,clean
1,sid_train,full_synthetic,unknown,train,41e12295877c5d75,resize025
1,sid_train,full_synthetic,unknown,train,41e12295877c5d75,noise01
1,sid_train,full_synthetic,unknown,train,41e12295877c5d75,jitter02
1,sid_train,full_synthetic,unknown,train,4d081045f93a9e3a,clean
1,sid_train,full_synthetic,unknown,train,4d081045f93a9e3a,jpeg70
1,sid_train,full_synthetic,unknown,train,4d081045f93a9e3a,jpeg30
1,sid_train,full_synthetic,unknown,train,4d081045f93a9e3a,noise002
1,sid_train,full_synthetic,unknown,train,4d03c0498192674b,clean
1,sid_train,full_synthetic,unknown,train,4d03c0498192674b,resize05
1,sid_train,full_synthetic,unknown,train,4d03c0498192674b,noise002
1,sid_train,full_synthetic,unknown,train,4d03c0498192674b,crop08
0,sid_train,real,unknown,train,c41f27c01544ff71,clean
0,sid_train,real,unknown,train,c41f27c01544ff71,jpeg90
0,sid_train,real,unknown,train,c41f27c01544ff71,jpeg50
0,sid_train,real,unknown,train,c41f27c01544ff71,blur20
1,sid_train,full_synthetic,unknown,train,f2dc49d1459043b1,clean
1,sid_train,full_synthetic,unknown,train,f2dc49d1459043b1,jpeg90
1,sid_train,full_synthetic,unknown,train,f2dc49d1459043b1,jpeg70
1,sid_train,full_synthetic,unknown,train,f2dc49d1459043b1,noise01
1,sid_train,full_synthetic,unknown,train,cd8994f2845233a4,clean
1,sid_train,full_synthetic,unknown,train,cd8994f2845233a4,blur10
1,sid_train,full_synthetic,unknown,train,cd8994f2845233a4,resize05
1,sid_train,full_synthetic,unknown,train,cd8994f2845233a4,jitter02
0,sid_train,real,unknown,train,f211c381b400a76f,clean
0,sid_train,real,unknown,train,f211c381b400a76f,jpeg30
0,sid_train,real,unknown,train,f211c381b400a76f,resize05
0,sid_train,real,unknown,train,f211c381b400a76f,resize025
0,sid_train,real,unknown,train,8b5915c4bc422fe1,clean
0,sid_train,real,unknown,train,8b5915c4bc422fe1,resize05
0,sid_train,real,unknown,train,8b5915c4bc422fe1,noise01
0,sid_train,real,unknown,train,8b5915c4bc422fe1,crop08
0,sid_train,real,unknown,train,03264aa95e944543,clean
0,sid_train,real,unknown,train,03264aa95e944543,blur10
0,sid_train,real,unknown,train,03264aa95e944543,blur20
0,sid_train,real,unknown,train,03264aa95e944543,crop08
1,sid_train,full_synthetic,unknown,train,fbb513be53e64128,clean
1,sid_train,full_synthetic,unknown,train,fbb513be53e64128,blur10
1,sid_train,full_synthetic,unknown,train,fbb513be53e64128,resize025
1,sid_train,full_synthetic,unknown,train,fbb513be53e64128,jitter02
1,sid_train,full_synthetic,unknown,train,13a5b64d0dfef332,clean
1,sid_train,full_synthetic,unknown,train,13a5b64d0dfef332,jpeg50
1,sid_train,full_synthetic,unknown,train,13a5b64d0dfef332,jpeg30
1,sid_train,full_synthetic,unknown,train,13a5b64d0dfef332,noise005
1,sid_train,full_synthetic,unknown,train,ae1373e6cefdfc92,clean
1,sid_train,full_synthetic,unknown,train,ae1373e6cefdfc92,blur05
1,sid_train,full_synthetic,unknown,train,ae1373e6cefdfc92,resize025
1,sid_train,full_synthetic,unknown,train,ae1373e6cefdfc92,noise005
1,sid_train,full_synthetic,unknown,train,c95442db8a893d78,clean
1,sid_train,full_synthetic,unknown,train,c95442db8a893d78,jpeg50
1,sid_train,full_synthetic,unknown,train,c95442db8a893d78,resize05
1,sid_train,full_synthetic,unknown,train,c95442db8a893d78,noise01
0,sid_train,real,unknown,train,f4e0a7b3d350ea63,clean
0,sid_train,real,unknown,train,f4e0a7b3d350ea63,blur10
0,sid_train,real,unknown,train,f4e0a7b3d350ea63,resize025
0,sid_train,real,unknown,train,f4e0a7b3d350ea63,noise002
0,sid_train,real,unknown,train,dbaa9de6ade32119,clean
0,sid_train,real,unknown,train,dbaa9de6ade32119,jpeg30
0,sid_train,real,unknown,train,dbaa9de6ade32119,resize025
0,sid_train,real,unknown,train,dbaa9de6ade32119,noise01
0,sid_train,real,unknown,train,c3e26446f3eee283,clean
0,sid_train,real,unknown,train,c3e26446f3eee283,resize05
0,sid_train,real,unknown,train,c3e26446f3eee283,resize025
0,sid_train,real,unknown,train,c3e26446f3eee283,noise002
1,sid_train,full_synthetic,unknown,train,a00cd72e6e0279d3,clean
1,sid_train,full_synthetic,unknown,train,a00cd72e6e0279d3,jpeg50
1,sid_train,full_synthetic,unknown,train,a00cd72e6e0279d3,blur05
1,sid_train,full_synthetic,unknown,train,a00cd72e6e0279d3,jitter02
0,sid_train,real,unknown,train,958924378b59fcd3,clean
0,sid_train,real,unknown,train,958924378b59fcd3,jpeg50
0,sid_train,real,unknown,train,958924378b59fcd3,resize05
0,sid_train,real,unknown,train,958924378b59fcd3,resize025
0,sid_train,real,unknown,train,8e0d6a3c197ffea9,clean
0,sid_train,real,unknown,train,8e0d6a3c197ffea9,blur10
0,sid_train,real,unknown,train,8e0d6a3c197ffea9,blur20
0,sid_train,real,unknown,train,8e0d6a3c197ffea9,crop08
0,sid_train,real,unknown,train,2d2aedaaba3238e2,clean
0,sid_train,real,unknown,train,2d2aedaaba3238e2,jpeg70
0,sid_train,real,unknown,train,2d2aedaaba3238e2,jpeg30
0,sid_train,real,unknown,train,2d2aedaaba3238e2,jitter02
0,sid_train,real,unknown,train,433faae00ebb196e,clean
0,sid_train,real,unknown,train,433faae00ebb196e,jpeg50
0,sid_train,real,unknown,train,433faae00ebb196e,blur05
0,sid_train,real,unknown,train,433faae00ebb196e,resize025
1,sid_train,full_synthetic,unknown,train,091402cb9341ac06,clean
1,sid_train,full_synthetic,unknown,train,091402cb9341ac06,jpeg30
1,sid_train,full_synthetic,unknown,train,091402cb9341ac06,resize05
1,sid_train,full_synthetic,unknown,train,091402cb9341ac06,noise005
0,sid_train,real,unknown,train,ddbe2a689e911738,clean
0,sid_train,real,unknown,train,ddbe2a689e911738,blur20
0,sid_train,real,unknown,train,ddbe2a689e911738,resize025
0,sid_train,real,unknown,train,ddbe2a689e911738,noise01
0,sid_train,real,unknown,train,88c100f2e39a2dd5,clean
0,sid_train,real,unknown,train,88c100f2e39a2dd5,noise002
0,sid_train,real,unknown,train,88c100f2e39a2dd5,jitter02
0,sid_train,real,unknown,train,88c100f2e39a2dd5,crop08
0,sid_train,real,unknown,train,6f4179f7e2404a60,clean
0,sid_train,real,unknown,train,6f4179f7e2404a60,blur05
0,sid_train,real,unknown,train,6f4179f7e2404a60,resize05
0,sid_train,real,unknown,train,6f4179f7e2404a60,crop08
1,sid_train,full_synthetic,unknown,train,6ea9668b358ea0df,clean
1,sid_train,full_synthetic,unknown,train,6ea9668b358ea0df,jpeg70
1,sid_train,full_synthetic,unknown,train,6ea9668b358ea0df,jpeg50
1,sid_train,full_synthetic,unknown,train,6ea9668b358ea0df,jpeg30
0,sid_train,real,unknown,train,047e3364fa99228e,clean
0,sid_train,real,unknown,train,047e3364fa99228e,jpeg30
0,sid_train,real,unknown,train,047e3364fa99228e,jitter02
0,sid_train,real,unknown,train,047e3364fa99228e,crop08
1,sid_train,full_synthetic,unknown,train,a84c296be96cddfe,clean
1,sid_train,full_synthetic,unknown,train,a84c296be96cddfe,jpeg90
1,sid_train,full_synthetic,unknown,train,a84c296be96cddfe,noise01
1,sid_train,full_synthetic,unknown,train,a84c296be96cddfe,jitter02
1,sid_train,full_synthetic,unknown,train,24322a921ca6cb3e,clean
1,sid_train,full_synthetic,unknown,train,24322a921ca6cb3e,jpeg50
1,sid_train,full_synthetic,unknown,train,24322a921ca6cb3e,jpeg30
1,sid_train,full_synthetic,unknown,train,24322a921ca6cb3e,resize025
1,sid_train,full_synthetic,unknown,train,5401cfd8964738f7,clean
1,sid_train,full_synthetic,unknown,train,5401cfd8964738f7,blur05
1,sid_train,full_synthetic,unknown,train,5401cfd8964738f7,blur10
1,sid_train,full_synthetic,unknown,train,5401cfd8964738f7,blur20
0,sid_train,real,unknown,train,3a4d402b9760656c,clean
0,sid_train,real,unknown,train,3a4d402b9760656c,resize05
0,sid_train,real,unknown,train,3a4d402b9760656c,jitter02
0,sid_train,real,unknown,train,3a4d402b9760656c,crop08
1,sid_train,full_synthetic,unknown,train,77eaea53eb1929be,clean
1,sid_train,full_synthetic,unknown,train,77eaea53eb1929be,blur05
1,sid_train,full_synthetic,unknown,train,77eaea53eb1929be,noise002
1,sid_train,full_synthetic,unknown,train,77eaea53eb1929be,noise01
1,sid_train,full_synthetic,unknown,train,e0c9b6fbea47dd9c,clean
1,sid_train,full_synthetic,unknown,train,e0c9b6fbea47dd9c,jpeg70
1,sid_train,full_synthetic,unknown,train,e0c9b6fbea47dd9c,blur10
1,sid_train,full_synthetic,unknown,train,e0c9b6fbea47dd9c,noise01
1,sid_train,full_synthetic,unknown,train,8bbcb2d5a0d5ac20,clean
1,sid_train,full_synthetic,unknown,train,8bbcb2d5a0d5ac20,blur10
1,sid_train,full_synthetic,unknown,train,8bbcb2d5a0d5ac20,resize05
1,sid_train,full_synthetic,unknown,train,8bbcb2d5a0d5ac20,noise005
1,sid_train,full_synthetic,unknown,train,b8476f1862be2154,clean
1,sid_train,full_synthetic,unknown,train,b8476f1862be2154,jpeg30
1,sid_train,full_synthetic,unknown,train,b8476f1862be2154,blur05
1,sid_train,full_synthetic,unknown,train,b8476f1862be2154,resize025
0,sid_train,real,unknown,train,b3329f3170d4135b,clean
0,sid_train,real,unknown,train,b3329f3170d4135b,jpeg90
0,sid_train,real,unknown,train,b3329f3170d4135b,resize05
0,sid_train,real,unknown,train,b3329f3170d4135b,noise01
0,sid_train,real,unknown,train,9ca42dba4dacd448,clean
0,sid_train,real,unknown,train,9ca42dba4dacd448,jpeg70
0,sid_train,real,unknown,train,9ca42dba4dacd448,jpeg50
0,sid_train,real,unknown,train,9ca42dba4dacd448,noise005
1,sid_train,full_synthetic,unknown,train,5e5cd3403bb070cc,clean
1,sid_train,full_synthetic,unknown,train,5e5cd3403bb070cc,jpeg70
1,sid_train,full_synthetic,unknown,train,5e5cd3403bb070cc,jpeg50
1,sid_train,full_synthetic,unknown,train,5e5cd3403bb070cc,noise005
0,sid_train,real,unknown,train,a1c43db948b69045,clean
0,sid_train,real,unknown,train,a1c43db948b69045,noise002
0,sid_train,real,unknown,train,a1c43db948b69045,jitter02
0,sid_train,real,unknown,train,a1c43db948b69045,crop08
1,sid_train,full_synthetic,unknown,train,b3e5545bb0da3699,clean
1,sid_train,full_synthetic,unknown,train,b3e5545bb0da3699,blur20
1,sid_train,full_synthetic,unknown,train,b3e5545bb0da3699,resize05
1,sid_train,full_synthetic,unknown,train,b3e5545bb0da3699,noise002
0,sid_train,real,unknown,train,b36a741356c5d08a,clean
0,sid_train,real,unknown,train,b36a741356c5d08a,jpeg90
0,sid_train,real,unknown,train,b36a741356c5d08a,jpeg30
0,sid_train,real,unknown,train,b36a741356c5d08a,blur20
1,sid_train,full_synthetic,unknown,train,a90af6f62f859d8d,clean
1,sid_train,full_synthetic,unknown,train,a90af6f62f859d8d,jpeg70
1,sid_train,full_synthetic,unknown,train,a90af6f62f859d8d,jpeg30
1,sid_train,full_synthetic,unknown,train,a90af6f62f859d8d,jitter02
0,sid_train,real,unknown,train,5785dba20599f0f8,clean
0,sid_train,real,unknown,train,5785dba20599f0f8,jpeg30
0,sid_train,real,unknown,train,5785dba20599f0f8,blur20
0,sid_train,real,unknown,train,5785dba20599f0f8,resize05
1,sid_train,full_synthetic,unknown,train,532f408f15d8ac79,clean
1,sid_train,full_synthetic,unknown,train,532f408f15d8ac79,jpeg70
1,sid_train,full_synthetic,unknown,train,532f408f15d8ac79,resize025
1,sid_train,full_synthetic,unknown,train,532f408f15d8ac79,noise005
1,sid_train,full_synthetic,unknown,train,e2f15ecb0b366afd,clean
1,sid_train,full_synthetic,unknown,train,e2f15ecb0b366afd,jpeg90
1,sid_train,full_synthetic,unknown,train,e2f15ecb0b366afd,jpeg70
1,sid_train,full_synthetic,unknown,train,e2f15ecb0b366afd,crop08
0,sid_train,real,unknown,train,e2b8647ee840474b,clean
0,sid_train,real,unknown,train,e2b8647ee840474b,jpeg90
0,sid_train,real,unknown,train,e2b8647ee840474b,jpeg50
0,sid_train,real,unknown,train,e2b8647ee840474b,blur05
0,sid_train,real,unknown,train,64a6d3d39d582108,clean
0,sid_train,real,unknown,train,64a6d3d39d582108,jpeg90
0,sid_train,real,unknown,train,64a6d3d39d582108,jpeg30
0,sid_train,real,unknown,train,64a6d3d39d582108,resize025
0,sid_train,real,unknown,train,b5af8950e547c009,clean
0,sid_train,real,unknown,train,b5af8950e547c009,jpeg90
0,sid_train,real,unknown,train,b5af8950e547c009,noise002
0,sid_train,real,unknown,train,b5af8950e547c009,crop08
0,sid_train,real,unknown,train,41dac2b1a9708382,clean
0,sid_train,real,unknown,train,41dac2b1a9708382,resize05
0,sid_train,real,unknown,train,41dac2b1a9708382,noise005
0,sid_train,real,unknown,train,41dac2b1a9708382,crop08
0,sid_train,real,unknown,train,a7d905b967adbfb0,clean
0,sid_train,real,unknown,train,a7d905b967adbfb0,jpeg90
0,sid_train,real,unknown,train,a7d905b967adbfb0,jpeg50
0,sid_train,real,unknown,train,a7d905b967adbfb0,crop08
0,sid_train,real,unknown,train,2fd27caf8ee63c36,clean
0,sid_train,real,unknown,train,2fd27caf8ee63c36,jpeg90
0,sid_train,real,unknown,train,2fd27caf8ee63c36,noise005
0,sid_train,real,unknown,train,2fd27caf8ee63c36,jitter02
0,sid_train,real,unknown,train,e0a5128d098b146f,clean
0,sid_train,real,unknown,train,e0a5128d098b146f,jpeg90
0,sid_train,real,unknown,train,e0a5128d098b146f,jpeg50
0,sid_train,real,unknown,train,e0a5128d098b146f,crop08
0,sid_train,real,unknown,train,7864cdbd9ffcafdb,clean
0,sid_train,real,unknown,train,7864cdbd9ffcafdb,jpeg50
0,sid_train,real,unknown,train,7864cdbd9ffcafdb,noise01
0,sid_train,real,unknown,train,7864cdbd9ffcafdb,jitter02
0,sid_train,real,unknown,train,5df8c34b490aff48,clean
0,sid_train,real,unknown,train,5df8c34b490aff48,jpeg70
0,sid_train,real,unknown,train,5df8c34b490aff48,blur10
0,sid_train,real,unknown,train,5df8c34b490aff48,noise005
1,sid_train,full_synthetic,unknown,train,ebc923a16a46db0e,clean
1,sid_train,full_synthetic,unknown,train,ebc923a16a46db0e,jpeg50
1,sid_train,full_synthetic,unknown,train,ebc923a16a46db0e,jpeg30
1,sid_train,full_synthetic,unknown,train,ebc923a16a46db0e,noise002
0,sid_train,real,unknown,train,5138550634b3688e,clean
0,sid_train,real,unknown,train,5138550634b3688e,blur05
0,sid_train,real,unknown,train,5138550634b3688e,blur20
0,sid_train,real,unknown,train,5138550634b3688e,noise002
0,sid_train,real,unknown,train,e1c508add60cfe14,clean
0,sid_train,real,unknown,train,e1c508add60cfe14,blur20
0,sid_train,real,unknown,train,e1c508add60cfe14,noise002
0,sid_train,real,unknown,train,e1c508add60cfe14,noise005
0,sid_train,real,unknown,train,5a11719f25cc07ce,clean
0,sid_train,real,unknown,train,5a11719f25cc07ce,resize025
0,sid_train,real,unknown,train,5a11719f25cc07ce,noise002
0,sid_train,real,unknown,train,5a11719f25cc07ce,noise005
1,sid_train,full_synthetic,unknown,train,f44f53671599d035,clean
1,sid_train,full_synthetic,unknown,train,f44f53671599d035,noise01
1,sid_train,full_synthetic,unknown,train,f44f53671599d035,jitter02
1,sid_train,full_synthetic,unknown,train,f44f53671599d035,crop08
1,sid_train,full_synthetic,unknown,train,fba41db410bc2fe8,clean
1,sid_train,full_synthetic,unknown,train,fba41db410bc2fe8,blur05
1,sid_train,full_synthetic,unknown,train,fba41db410bc2fe8,resize05
1,sid_train,full_synthetic,unknown,train,fba41db410bc2fe8,crop08
0,sid_train,real,unknown,train,90602a40d374b201,clean
0,sid_train,real,unknown,train,90602a40d374b201,jpeg90
0,sid_train,real,unknown,train,90602a40d374b201,blur20
0,sid_train,real,unknown,train,90602a40d374b201,resize025
0,sid_train,real,unknown,train,ad44708bf15cfdec,clean
0,sid_train,real,unknown,train,ad44708bf15cfdec,jpeg70
0,sid_train,real,unknown,train,ad44708bf15cfdec,resize025
0,sid_train,real,unknown,train,ad44708bf15cfdec,noise01
1,sid_train,full_synthetic,unknown,train,7134bec9c5bbdd5b,clean
1,sid_train,full_synthetic,unknown,train,7134bec9c5bbdd5b,jpeg50
1,sid_train,full_synthetic,unknown,train,7134bec9c5bbdd5b,blur20
1,sid_train,full_synthetic,unknown,train,7134bec9c5bbdd5b,noise005
1,sid_train,full_synthetic,unknown,train,b9893f1f5cac18ec,clean
1,sid_train,full_synthetic,unknown,train,b9893f1f5cac18ec,jpeg90
1,sid_train,full_synthetic,unknown,train,b9893f1f5cac18ec,blur05
1,sid_train,full_synthetic,unknown,train,b9893f1f5cac18ec,crop08
1,sid_train,full_synthetic,unknown,train,759d6ddb154daf29,clean
1,sid_train,full_synthetic,unknown,train,759d6ddb154daf29,jpeg30
1,sid_train,full_synthetic,unknown,train,759d6ddb154daf29,noise002
1,sid_train,full_synthetic,unknown,train,759d6ddb154daf29,crop08
1,sid_train,full_synthetic,unknown,train,e8d02756ca497fa9,clean
1,sid_train,full_synthetic,unknown,train,e8d02756ca497fa9,jpeg70
1,sid_train,full_synthetic,unknown,train,e8d02756ca497fa9,jpeg30
1,sid_train,full_synthetic,unknown,train,e8d02756ca497fa9,crop08
0,sid_train,real,unknown,train,adecc533865ac61c,clean
0,sid_train,real,unknown,train,adecc533865ac61c,jpeg70
0,sid_train,real,unknown,train,adecc533865ac61c,resize025
0,sid_train,real,unknown,train,adecc533865ac61c,noise005
1,sid_train,full_synthetic,unknown,train,76f2d70fd9819b2a,clean
1,sid_train,full_synthetic,unknown,train,76f2d70fd9819b2a,jpeg50
1,sid_train,full_synthetic,unknown,train,76f2d70fd9819b2a,resize05
1,sid_train,full_synthetic,unknown,train,76f2d70fd9819b2a,resize025
1,sid_train,full_synthetic,unknown,train,9883dd1d26fce8ae,clean
1,sid_train,full_synthetic,unknown,train,9883dd1d26fce8ae,blur20
1,sid_train,full_synthetic,unknown,train,9883dd1d26fce8ae,noise002
1,sid_train,full_synthetic,unknown,train,9883dd1d26fce8ae,noise005
1,sid_train,full_synthetic,unknown,train,6436f7a6386ef697,clean
1,sid_train,full_synthetic,unknown,train,6436f7a6386ef697,jpeg70
1,sid_train,full_synthetic,unknown,train,6436f7a6386ef697,jpeg50
1,sid_train,full_synthetic,unknown,train,6436f7a6386ef697,noise002
0,sid_train,real,unknown,train,ff6f23c85407378a,clean
0,sid_train,real,unknown,train,ff6f23c85407378a,jpeg30
0,sid_train,real,unknown,train,ff6f23c85407378a,resize025
0,sid_train,real,unknown,train,ff6f23c85407378a,noise002
0,sid_train,real,unknown,train,db45e8441edecf48,clean
0,sid_train,real,unknown,train,db45e8441edecf48,jpeg50
0,sid_train,real,unknown,train,db45e8441edecf48,resize025
0,sid_train,real,unknown,train,db45e8441edecf48,noise002
0,sid_train,real,unknown,train,df6609920e63acf2,clean
0,sid_train,real,unknown,train,df6609920e63acf2,blur05
0,sid_train,real,unknown,train,df6609920e63acf2,resize025
0,sid_train,real,unknown,train,df6609920e63acf2,crop08
1,sid_train,full_synthetic,unknown,train,fa89507d626976b3,clean
1,sid_train,full_synthetic,unknown,train,fa89507d626976b3,jpeg90
1,sid_train,full_synthetic,unknown,train,fa89507d626976b3,resize05
1,sid_train,full_synthetic,unknown,train,fa89507d626976b3,jitter02
1,sid_train,full_synthetic,unknown,train,099cd6dc5112c69e,clean
1,sid_train,full_synthetic,unknown,train,099cd6dc5112c69e,jpeg50
1,sid_train,full_synthetic,unknown,train,099cd6dc5112c69e,jpeg30
1,sid_train,full_synthetic,unknown,train,099cd6dc5112c69e,jitter02
0,sid_train,real,unknown,train,41ab43b59721bd3b,clean
0,sid_train,real,unknown,train,41ab43b59721bd3b,jpeg50
0,sid_train,real,unknown,train,41ab43b59721bd3b,blur10
0,sid_train,real,unknown,train,41ab43b59721bd3b,crop08
0,sid_train,real,unknown,train,08d4c21b037a9e67,clean
0,sid_train,real,unknown,train,08d4c21b037a9e67,jpeg90
0,sid_train,real,unknown,train,08d4c21b037a9e67,noise005
0,sid_train,real,unknown,train,08d4c21b037a9e67,jitter02
0,sid_train,real,unknown,train,77b1892e27b52edf,clean
0,sid_train,real,unknown,train,77b1892e27b52edf,blur20
0,sid_train,real,unknown,train,77b1892e27b52edf,jitter02
0,sid_train,real,unknown,train,77b1892e27b52edf,crop08
1,sid_train,full_synthetic,unknown,train,792915e1d10eefcf,clean
1,sid_train,full_synthetic,unknown,train,792915e1d10eefcf,resize05
1,sid_train,full_synthetic,unknown,train,792915e1d10eefcf,resize025
1,sid_train,full_synthetic,unknown,train,792915e1d10eefcf,noise005
1,sid_train,full_synthetic,unknown,train,552e4853163dc285,clean
1,sid_train,full_synthetic,unknown,train,552e4853163dc285,jpeg30
1,sid_train,full_synthetic,unknown,train,552e4853163dc285,resize05
1,sid_train,full_synthetic,unknown,train,552e4853163dc285,noise01
1,sid_train,full_synthetic,unknown,train,de13205e1ec3b4c3,clean
1,sid_train,full_synthetic,unknown,train,de13205e1ec3b4c3,jpeg90
1,sid_train,full_synthetic,unknown,train,de13205e1ec3b4c3,jpeg50
1,sid_train,full_synthetic,unknown,train,de13205e1ec3b4c3,blur10
1,sid_train,full_synthetic,unknown,train,1879762f9ffbf624,clean
1,sid_train,full_synthetic,unknown,train,1879762f9ffbf624,jpeg90
1,sid_train,full_synthetic,unknown,train,1879762f9ffbf624,jpeg70
1,sid_train,full_synthetic,unknown,train,1879762f9ffbf624,blur20
1,sid_train,full_synthetic,unknown,train,691fd2ca2444d098,clean
1,sid_train,full_synthetic,unknown,train,691fd2ca2444d098,jpeg90
1,sid_train,full_synthetic,unknown,train,691fd2ca2444d098,blur05
1,sid_train,full_synthetic,unknown,train,691fd2ca2444d098,noise01
1,sid_train,full_synthetic,unknown,train,fa51646176cf4915,clean
1,sid_train,full_synthetic,unknown,train,fa51646176cf4915,jpeg90
1,sid_train,full_synthetic,unknown,train,fa51646176cf4915,jpeg50
1,sid_train,full_synthetic,unknown,train,fa51646176cf4915,noise01
0,sid_train,real,unknown,train,dd9b26ad01c4cffe,clean
0,sid_train,real,unknown,train,dd9b26ad01c4cffe,resize05
0,sid_train,real,unknown,train,dd9b26ad01c4cffe,resize025
0,sid_train,real,unknown,train,dd9b26ad01c4cffe,noise002
0,sid_train,real,unknown,train,50dcdae68b7c5aa7,clean
0,sid_train,real,unknown,train,50dcdae68b7c5aa7,jpeg50
0,sid_train,real,unknown,train,50dcdae68b7c5aa7,resize05
0,sid_train,real,unknown,train,50dcdae68b7c5aa7,crop08
0,sid_train,real,unknown,train,45d4327b444cbfa2,clean
0,sid_train,real,unknown,train,45d4327b444cbfa2,jpeg50
0,sid_train,real,unknown,train,45d4327b444cbfa2,blur10
0,sid_train,real,unknown,train,45d4327b444cbfa2,resize05
1,sid_train,full_synthetic,unknown,train,c0f31b4378e8e051,clean
1,sid_train,full_synthetic,unknown,train,c0f31b4378e8e051,jpeg90
1,sid_train,full_synthetic,unknown,train,c0f31b4378e8e051,noise005
1,sid_train,full_synthetic,unknown,train,c0f31b4378e8e051,jitter02
1,sid_train,full_synthetic,unknown,train,bb4ccd98287dc83c,clean
1,sid_train,full_synthetic,unknown,train,bb4ccd98287dc83c,blur05
1,sid_train,full_synthetic,unknown,train,bb4ccd98287dc83c,resize025
1,sid_train,full_synthetic,unknown,train,bb4ccd98287dc83c,crop08
1,sid_train,full_synthetic,unknown,train,83763c7dfbf13089,clean
1,sid_train,full_synthetic,unknown,train,83763c7dfbf13089,resize05
1,sid_train,full_synthetic,unknown,train,83763c7dfbf13089,noise005
1,sid_train,full_synthetic,unknown,train,83763c7dfbf13089,jitter02
1,sid_train,full_synthetic,unknown,train,99e93d65cc55ba34,clean
1,sid_train,full_synthetic,unknown,train,99e93d65cc55ba34,jpeg90
1,sid_train,full_synthetic,unknown,train,99e93d65cc55ba34,noise002
1,sid_train,full_synthetic,unknown,train,99e93d65cc55ba34,crop08
1,sid_train,full_synthetic,unknown,train,5f0b962997d3cfb8,clean
1,sid_train,full_synthetic,unknown,train,5f0b962997d3cfb8,jpeg50
1,sid_train,full_synthetic,unknown,train,5f0b962997d3cfb8,jpeg30
1,sid_train,full_synthetic,unknown,train,5f0b962997d3cfb8,jitter02
1,sid_train,full_synthetic,unknown,train,cee28b5b844fd11c,clean
1,sid_train,full_synthetic,unknown,train,cee28b5b844fd11c,blur05
1,sid_train,full_synthetic,unknown,train,cee28b5b844fd11c,blur10
1,sid_train,full_synthetic,unknown,train,cee28b5b844fd11c,blur20
0,sid_train,real,unknown,train,0198969fab00fd14,clean
0,sid_train,real,unknown,train,0198969fab00fd14,jpeg90
0,sid_train,real,unknown,train,0198969fab00fd14,jpeg70
0,sid_train,real,unknown,train,0198969fab00fd14,noise005
1,sid_train,full_synthetic,unknown,train,203628c054e01899,clean
1,sid_train,full_synthetic,unknown,train,203628c054e01899,jpeg30
1,sid_train,full_synthetic,unknown,train,203628c054e01899,resize05
1,sid_train,full_synthetic,unknown,train,203628c054e01899,noise002
0,sid_train,real,unknown,train,d44e249dbd86c211,clean
0,sid_train,real,unknown,train,d44e249dbd86c211,jpeg30
0,sid_train,real,unknown,train,d44e249dbd86c211,blur05
0,sid_train,real,unknown,train,d44e249dbd86c211,resize025
1,sid_train,full_synthetic,unknown,train,d1febaecee3cfb6d,clean
1,sid_train,full_synthetic,unknown,train,d1febaecee3cfb6d,jpeg90
1,sid_train,full_synthetic,unknown,train,d1febaecee3cfb6d,jitter02
1,sid_train,full_synthetic,unknown,train,d1febaecee3cfb6d,crop08
1,sid_train,full_synthetic,unknown,train,8a1c177c4a23701f,clean
1,sid_train,full_synthetic,unknown,train,8a1c177c4a23701f,jpeg70
1,sid_train,full_synthetic,unknown,train,8a1c177c4a23701f,jpeg30
1,sid_train,full_synthetic,unknown,train,8a1c177c4a23701f,noise005
0,sid_train,real,unknown,train,9a96371738eb8735,clean
0,sid_train,real,unknown,train,9a96371738eb8735,blur05
0,sid_train,real,unknown,train,9a96371738eb8735,blur20
0,sid_train,real,unknown,train,9a96371738eb8735,crop08
1,sid_train,full_synthetic,unknown,train,4342dd0a8e28838c,clean
1,sid_train,full_synthetic,unknown,train,4342dd0a8e28838c,jpeg90
1,sid_train,full_synthetic,unknown,train,4342dd0a8e28838c,jpeg50
1,sid_train,full_synthetic,unknown,train,4342dd0a8e28838c,blur20
1,sid_train,full_synthetic,unknown,train,807b63379fa2e59b,clean
1,sid_train,full_synthetic,unknown,train,807b63379fa2e59b,jpeg70
1,sid_train,full_synthetic,unknown,train,807b63379fa2e59b,jpeg50
1,sid_train,full_synthetic,unknown,train,807b63379fa2e59b,noise002
1,sid_train,full_synthetic,unknown,train,9b405db6c7b2a57f,clean
1,sid_train,full_synthetic,unknown,train,9b405db6c7b2a57f,jpeg30
1,sid_train,full_synthetic,unknown,train,9b405db6c7b2a57f,blur05
1,sid_train,full_synthetic,unknown,train,9b405db6c7b2a57f,resize025
1,sid_train,full_synthetic,unknown,train,35f87c51323bf5e5,clean
1,sid_train,full_synthetic,unknown,train,35f87c51323bf5e5,jpeg70
1,sid_train,full_synthetic,unknown,train,35f87c51323bf5e5,resize05
1,sid_train,full_synthetic,unknown,train,35f87c51323bf5e5,noise005
0,sid_train,real,unknown,train,6221dfbf4e964de6,clean
0,sid_train,real,unknown,train,6221dfbf4e964de6,resize05
0,sid_train,real,unknown,train,6221dfbf4e964de6,noise002
0,sid_train,real,unknown,train,6221dfbf4e964de6,noise01
1,sid_train,full_synthetic,unknown,train,b5300fa08dfe383d,clean
1,sid_train,full_synthetic,unknown,train,b5300fa08dfe383d,jpeg90
1,sid_train,full_synthetic,unknown,train,b5300fa08dfe383d,jpeg50
1,sid_train,full_synthetic,unknown,train,b5300fa08dfe383d,blur20
1,sid_train,full_synthetic,unknown,train,6bcb2d1604998eb8,clean
1,sid_train,full_synthetic,unknown,train,6bcb2d1604998eb8,blur05
1,sid_train,full_synthetic,unknown,train,6bcb2d1604998eb8,resize025
1,sid_train,full_synthetic,unknown,train,6bcb2d1604998eb8,jitter02
0,sid_train,real,unknown,train,5862f18f6bdd781f,clean
0,sid_train,real,unknown,train,5862f18f6bdd781f,blur05
0,sid_train,real,unknown,train,5862f18f6bdd781f,noise002
0,sid_train,real,unknown,train,5862f18f6bdd781f,jitter02
1,sid_train,full_synthetic,unknown,train,4ea0066e9ea86a06,clean
1,sid_train,full_synthetic,unknown,train,4ea0066e9ea86a06,blur05
1,sid_train,full_synthetic,unknown,train,4ea0066e9ea86a06,blur20
1,sid_train,full_synthetic,unknown,train,4ea0066e9ea86a06,jitter02
0,sid_train,real,unknown,train,f9204075faf8f0fe,clean
0,sid_train,real,unknown,train,f9204075faf8f0fe,jpeg90
0,sid_train,real,unknown,train,f9204075faf8f0fe,blur20
0,sid_train,real,unknown,train,f9204075faf8f0fe,resize05
0,sid_train,real,unknown,train,1ff79caf314f3f47,clean
0,sid_train,real,unknown,train,1ff79caf314f3f47,jpeg90
0,sid_train,real,unknown,train,1ff79caf314f3f47,noise01
0,sid_train,real,unknown,train,1ff79caf314f3f47,crop08
0,sid_train,real,unknown,train,b568e4c3d4f60ccf,clean
0,sid_train,real,unknown,train,b568e4c3d4f60ccf,jpeg90
0,sid_train,real,unknown,train,b568e4c3d4f60ccf,blur20
0,sid_train,real,unknown,train,b568e4c3d4f60ccf,jitter02
0,sid_train,real,unknown,train,79639f2a787b9a2d,clean
0,sid_train,real,unknown,train,79639f2a787b9a2d,blur20
0,sid_train,real,unknown,train,79639f2a787b9a2d,resize025
0,sid_train,real,unknown,train,79639f2a787b9a2d,jitter02
0,sid_train,real,unknown,train,3a88d2767ef806f7,clean
0,sid_train,real,unknown,train,3a88d2767ef806f7,blur20
0,sid_train,real,unknown,train,3a88d2767ef806f7,noise01
0,sid_train,real,unknown,train,3a88d2767ef806f7,jitter02
0,sid_train,real,unknown,train,4a4bb7aaa03e2961,clean
0,sid_train,real,unknown,train,4a4bb7aaa03e2961,blur20
0,sid_train,real,unknown,train,4a4bb7aaa03e2961,resize025
0,sid_train,real,unknown,train,4a4bb7aaa03e2961,noise002
0,sid_train,real,unknown,train,3c5b58cd49f73944,clean
0,sid_train,real,unknown,train,3c5b58cd49f73944,jpeg70
0,sid_train,real,unknown,train,3c5b58cd49f73944,blur20
0,sid_train,real,unknown,train,3c5b58cd49f73944,resize025
0,sid_train,real,unknown,train,6c8d37d1a76b52d8,clean
0,sid_train,real,unknown,train,6c8d37d1a76b52d8,blur20
0,sid_train,real,unknown,train,6c8d37d1a76b52d8,resize05
0,sid_train,real,unknown,train,6c8d37d1a76b52d8,noise01
1,sid_train,full_synthetic,unknown,train,a974cfcaa39d5a6a,clean
1,sid_train,full_synthetic,unknown,train,a974cfcaa39d5a6a,jpeg90
1,sid_train,full_synthetic,unknown,train,a974cfcaa39d5a6a,noise002
1,sid_train,full_synthetic,unknown,train,a974cfcaa39d5a6a,crop08
1,sid_train,full_synthetic,unknown,train,923e5ba7dfd6e589,clean
1,sid_train,full_synthetic,unknown,train,923e5ba7dfd6e589,jpeg50
1,sid_train,full_synthetic,unknown,train,923e5ba7dfd6e589,noise005
1,sid_train,full_synthetic,unknown,train,923e5ba7dfd6e589,noise01
1,sid_train,full_synthetic,unknown,train,ca9e21366dba761c,clean
1,sid_train,full_synthetic,unknown,train,ca9e21366dba761c,jpeg70
1,sid_train,full_synthetic,unknown,train,ca9e21366dba761c,blur05
1,sid_train,full_synthetic,unknown,train,ca9e21366dba761c,noise002
1,sid_train,full_synthetic,unknown,train,a353da38e8dd10b4,clean
1,sid_train,full_synthetic,unknown,train,a353da38e8dd10b4,jpeg90
1,sid_train,full_synthetic,unknown,train,a353da38e8dd10b4,jpeg70
1,sid_train,full_synthetic,unknown,train,a353da38e8dd10b4,jitter02
1,sid_train,full_synthetic,unknown,train,af9b6e77a4932231,clean
1,sid_train,full_synthetic,unknown,train,af9b6e77a4932231,blur05
1,sid_train,full_synthetic,unknown,train,af9b6e77a4932231,resize05
1,sid_train,full_synthetic,unknown,train,af9b6e77a4932231,jitter02
0,sid_train,real,unknown,train,ec7864262f4220d5,clean
0,sid_train,real,unknown,train,ec7864262f4220d5,resize025
0,sid_train,real,unknown,train,ec7864262f4220d5,jitter02
0,sid_train,real,unknown,train,ec7864262f4220d5,crop08
1,sid_train,full_synthetic,unknown,train,92d90aefa5262ccd,clean
1,sid_train,full_synthetic,unknown,train,92d90aefa5262ccd,resize05
1,sid_train,full_synthetic,unknown,train,92d90aefa5262ccd,noise002
1,sid_train,full_synthetic,unknown,train,92d90aefa5262ccd,noise005
1,sid_train,full_synthetic,unknown,train,add58af6cbab8a94,clean
1,sid_train,full_synthetic,unknown,train,add58af6cbab8a94,jpeg50
1,sid_train,full_synthetic,unknown,train,add58af6cbab8a94,jitter02
1,sid_train,full_synthetic,unknown,train,add58af6cbab8a94,crop08
0,sid_train,real,unknown,train,123cabf54f765148,clean
0,sid_train,real,unknown,train,123cabf54f765148,blur10
0,sid_train,real,unknown,train,123cabf54f765148,blur20
0,sid_train,real,unknown,train,123cabf54f765148,noise005
0,sid_train,real,unknown,train,55bf950becec3d54,clean
0,sid_train,real,unknown,train,55bf950becec3d54,blur05
0,sid_train,real,unknown,train,55bf950becec3d54,blur10
0,sid_train,real,unknown,train,55bf950becec3d54,jitter02
1,sid_train,full_synthetic,unknown,train,461d3e6dde7db6dd,clean
1,sid_train,full_synthetic,unknown,train,461d3e6dde7db6dd,blur05
1,sid_train,full_synthetic,unknown,train,461d3e6dde7db6dd,noise005
1,sid_train,full_synthetic,unknown,train,461d3e6dde7db6dd,jitter02
0,sid_train,real,unknown,train,c990e6e61dfeb5b7,clean
0,sid_train,real,unknown,train,c990e6e61dfeb5b7,jpeg90
0,sid_train,real,unknown,train,c990e6e61dfeb5b7,jpeg70
0,sid_train,real,unknown,train,c990e6e61dfeb5b7,blur20
1,sid_train,full_synthetic,unknown,train,89f7fb9bc51957a4,clean
1,sid_train,full_synthetic,unknown,train,89f7fb9bc51957a4,blur10
1,sid_train,full_synthetic,unknown,train,89f7fb9bc51957a4,resize05
1,sid_train,full_synthetic,unknown,train,89f7fb9bc51957a4,noise01
1,sid_train,full_synthetic,unknown,train,925677bb92f6bc08,clean
1,sid_train,full_synthetic,unknown,train,925677bb92f6bc08,jpeg50
1,sid_train,full_synthetic,unknown,train,925677bb92f6bc08,blur20
1,sid_train,full_synthetic,unknown,train,925677bb92f6bc08,resize05
1,sid_train,full_synthetic,unknown,train,3a8f085da9485970,clean
1,sid_train,full_synthetic,unknown,train,3a8f085da9485970,noise002
1,sid_train,full_synthetic,unknown,train,3a8f085da9485970,noise005
1,sid_train,full_synthetic,unknown,train,3a8f085da9485970,noise01
0,sid_train,real,unknown,train,573a8272f495f3e8,clean
0,sid_train,real,unknown,train,573a8272f495f3e8,jpeg70
0,sid_train,real,unknown,train,573a8272f495f3e8,jpeg30
0,sid_train,real,unknown,train,573a8272f495f3e8,blur20
0,sid_train,real,unknown,train,4a6acb2b45209a09,clean
0,sid_train,real,unknown,train,4a6acb2b45209a09,jpeg90
0,sid_train,real,unknown,train,4a6acb2b45209a09,jpeg30
0,sid_train,real,unknown,train,4a6acb2b45209a09,crop08
1,sid_train,full_synthetic,unknown,train,593340ad5ee085af,clean
1,sid_train,full_synthetic,unknown,train,593340ad5ee085af,jpeg90
1,sid_train,full_synthetic,unknown,train,593340ad5ee085af,blur10
1,sid_train,full_synthetic,unknown,train,593340ad5ee085af,resize025
0,sid_train,real,unknown,train,3760d87209fa7c8d,clean
0,sid_train,real,unknown,train,3760d87209fa7c8d,jpeg50
0,sid_train,real,unknown,train,3760d87209fa7c8d,jpeg30
0,sid_train,real,unknown,train,3760d87209fa7c8d,resize05
0,sid_train,real,unknown,train,ebf57e6ce501fb5a,clean
0,sid_train,real,unknown,train,ebf57e6ce501fb5a,jpeg90
0,sid_train,real,unknown,train,ebf57e6ce501fb5a,jpeg50
0,sid_train,real,unknown,train,ebf57e6ce501fb5a,blur10
0,sid_train,real,unknown,train,6f75e24479bfd9f7,clean
0,sid_train,real,unknown,train,6f75e24479bfd9f7,jpeg90
0,sid_train,real,unknown,train,6f75e24479bfd9f7,resize025
0,sid_train,real,unknown,train,6f75e24479bfd9f7,noise01
1,sid_train,full_synthetic,unknown,train,07322ecc1585bc7d,clean
1,sid_train,full_synthetic,unknown,train,07322ecc1585bc7d,noise002
1,sid_train,full_synthetic,unknown,train,07322ecc1585bc7d,noise005
1,sid_train,full_synthetic,unknown,train,07322ecc1585bc7d,jitter02
1,sid_train,full_synthetic,unknown,train,740403d52a82a53f,clean
1,sid_train,full_synthetic,unknown,train,740403d52a82a53f,jpeg70
1,sid_train,full_synthetic,unknown,train,740403d52a82a53f,blur05
1,sid_train,full_synthetic,unknown,train,740403d52a82a53f,noise002
0,sid_train,real,unknown,train,792a78149229dd02,clean
0,sid_train,real,unknown,train,792a78149229dd02,jpeg30
0,sid_train,real,unknown,train,792a78149229dd02,blur05
0,sid_train,real,unknown,train,792a78149229dd02,blur10
0,sid_train,real,unknown,train,ecf7da0234d6cdd1,clean
0,sid_train,real,unknown,train,ecf7da0234d6cdd1,blur10
0,sid_train,real,unknown,train,ecf7da0234d6cdd1,resize025
0,sid_train,real,unknown,train,ecf7da0234d6cdd1,noise005
0,sid_train,real,unknown,train,43c1e88891a8b9f9,clean
0,sid_train,real,unknown,train,43c1e88891a8b9f9,jpeg70
0,sid_train,real,unknown,train,43c1e88891a8b9f9,jpeg30
0,sid_train,real,unknown,train,43c1e88891a8b9f9,blur05
0,sid_train,real,unknown,train,70b4ceecdd8fc826,clean
0,sid_train,real,unknown,train,70b4ceecdd8fc826,blur05
0,sid_train,real,unknown,train,70b4ceecdd8fc826,noise01
0,sid_train,real,unknown,train,70b4ceecdd8fc826,jitter02
0,sid_train,real,unknown,train,f9f31411555aa05a,clean
0,sid_train,real,unknown,train,f9f31411555aa05a,blur05
0,sid_train,real,unknown,train,f9f31411555aa05a,jitter02
0,sid_train,real,unknown,train,f9f31411555aa05a,crop08
1,sid_train,full_synthetic,unknown,train,9f049c77bec86507,clean
1,sid_train,full_synthetic,unknown,train,9f049c77bec86507,jpeg50
1,sid_train,full_synthetic,unknown,train,9f049c77bec86507,blur05
1,sid_train,full_synthetic,unknown,train,9f049c77bec86507,resize05
1,sid_train,full_synthetic,unknown,train,105fcab5a973c29e,clean
1,sid_train,full_synthetic,unknown,train,105fcab5a973c29e,jpeg30
1,sid_train,full_synthetic,unknown,train,105fcab5a973c29e,resize05
1,sid_train,full_synthetic,unknown,train,105fcab5a973c29e,resize025
0,sid_train,real,unknown,train,b85e97c2111560ab,clean
0,sid_train,real,unknown,train,b85e97c2111560ab,jpeg30
0,sid_train,real,unknown,train,b85e97c2111560ab,blur20
0,sid_train,real,unknown,train,b85e97c2111560ab,resize05
0,sid_train,real,unknown,train,f4b98b0711d97432,clean
0,sid_train,real,unknown,train,f4b98b0711d97432,jpeg70
0,sid_train,real,unknown,train,f4b98b0711d97432,resize05
0,sid_train,real,unknown,train,f4b98b0711d97432,noise005
0,sid_train,real,unknown,train,389892d87dd2dd01,clean
0,sid_train,real,unknown,train,389892d87dd2dd01,jpeg90
0,sid_train,real,unknown,train,389892d87dd2dd01,blur10
0,sid_train,real,unknown,train,389892d87dd2dd01,noise005
1,sid_train,full_synthetic,unknown,train,6e99044450bfd2dc,clean
1,sid_train,full_synthetic,unknown,train,6e99044450bfd2dc,blur20
1,sid_train,full_synthetic,unknown,train,6e99044450bfd2dc,noise005
1,sid_train,full_synthetic,unknown,train,6e99044450bfd2dc,noise01
0,sid_train,real,unknown,train,1da19c1b70d40635,clean
0,sid_train,real,unknown,train,1da19c1b70d40635,jpeg70
0,sid_train,real,unknown,train,1da19c1b70d40635,jpeg50
0,sid_train,real,unknown,train,1da19c1b70d40635,noise002
0,sid_train,real,unknown,train,407dd4b265602b26,clean
0,sid_train,real,unknown,train,407dd4b265602b26,jpeg90
0,sid_train,real,unknown,train,407dd4b265602b26,noise01
0,sid_train,real,unknown,train,407dd4b265602b26,jitter02
0,sid_train,real,unknown,train,512eb4ebb2f4f101,clean
0,sid_train,real,unknown,train,512eb4ebb2f4f101,jpeg70
0,sid_train,real,unknown,train,512eb4ebb2f4f101,jpeg50
0,sid_train,real,unknown,train,512eb4ebb2f4f101,jitter02
0,sid_train,real,unknown,train,67fa4b2baafd8188,clean
0,sid_train,real,unknown,train,67fa4b2baafd8188,noise002
0,sid_train,real,unknown,train,67fa4b2baafd8188,noise01
0,sid_train,real,unknown,train,67fa4b2baafd8188,jitter02
0,sid_train,real,unknown,train,526c588eb8a3e29a,clean
0,sid_train,real,unknown,train,526c588eb8a3e29a,jpeg90
0,sid_train,real,unknown,train,526c588eb8a3e29a,blur05
0,sid_train,real,unknown,train,526c588eb8a3e29a,resize025
0,sid_train,real,unknown,train,c56365002eda720f,clean
0,sid_train,real,unknown,train,c56365002eda720f,jpeg90
0,sid_train,real,unknown,train,c56365002eda720f,blur05
0,sid_train,real,unknown,train,c56365002eda720f,resize025
0,sid_train,real,unknown,train,ede269c206ee462c,clean
0,sid_train,real,unknown,train,ede269c206ee462c,jpeg70
0,sid_train,real,unknown,train,ede269c206ee462c,noise002
0,sid_train,real,unknown,train,ede269c206ee462c,jitter02
0,sid_train,real,unknown,train,f7deb412a7941507,clean
0,sid_train,real,unknown,train,f7deb412a7941507,jpeg50
0,sid_train,real,unknown,train,f7deb412a7941507,jpeg30
0,sid_train,real,unknown,train,f7deb412a7941507,noise01
0,sid_train,real,unknown,train,6d7230b7e7ee4590,clean
0,sid_train,real,unknown,train,6d7230b7e7ee4590,jpeg50
0,sid_train,real,unknown,train,6d7230b7e7ee4590,blur20
0,sid_train,real,unknown,train,6d7230b7e7ee4590,resize025
1,sid_train,full_synthetic,unknown,train,b7a5a39ee9a88ea3,clean
1,sid_train,full_synthetic,unknown,train,b7a5a39ee9a88ea3,jpeg90
1,sid_train,full_synthetic,unknown,train,b7a5a39ee9a88ea3,blur10
1,sid_train,full_synthetic,unknown,train,b7a5a39ee9a88ea3,noise002
1,sid_train,full_synthetic,unknown,train,76bcb85f08138cc3,clean
1,sid_train,full_synthetic,unknown,train,76bcb85f08138cc3,jpeg50
1,sid_train,full_synthetic,unknown,train,76bcb85f08138cc3,jpeg30
1,sid_train,full_synthetic,unknown,train,76bcb85f08138cc3,blur05
1,sid_train,full_synthetic,unknown,train,49443020304c107c,clean
1,sid_train,full_synthetic,unknown,train,49443020304c107c,jpeg30
1,sid_train,full_synthetic,unknown,train,49443020304c107c,blur10
1,sid_train,full_synthetic,unknown,train,49443020304c107c,resize05
0,sid_train,real,unknown,train,2ac91319a7772273,clean
0,sid_train,real,unknown,train,2ac91319a7772273,jpeg90
0,sid_train,real,unknown,train,2ac91319a7772273,jpeg70
0,sid_train,real,unknown,train,2ac91319a7772273,resize025
0,sid_train,real,unknown,train,0797de26ea900d3b,clean
0,sid_train,real,unknown,train,0797de26ea900d3b,blur05
0,sid_train,real,unknown,train,0797de26ea900d3b,blur10
0,sid_train,real,unknown,train,0797de26ea900d3b,noise01
1,sid_train,full_synthetic,unknown,train,cf410557ce505965,clean
1,sid_train,full_synthetic,unknown,train,cf410557ce505965,jpeg50
1,sid_train,full_synthetic,unknown,train,cf410557ce505965,blur05
1,sid_train,full_synthetic,unknown,train,cf410557ce505965,blur20
1,sid_train,full_synthetic,unknown,train,af4813748b006737,clean
1,sid_train,full_synthetic,unknown,train,af4813748b006737,noise002
1,sid_train,full_synthetic,unknown,train,af4813748b006737,jitter02
1,sid_train,full_synthetic,unknown,train,af4813748b006737,crop08
1,sid_train,full_synthetic,unknown,train,464ff573af2ba0d0,clean
1,sid_train,full_synthetic,unknown,train,464ff573af2ba0d0,jpeg30
1,sid_train,full_synthetic,unknown,train,464ff573af2ba0d0,blur10
1,sid_train,full_synthetic,unknown,train,464ff573af2ba0d0,resize05
0,sid_train,real,unknown,train,3d505e9c5c212a8a,clean
0,sid_train,real,unknown,train,3d505e9c5c212a8a,resize05
0,sid_train,real,unknown,train,3d505e9c5c212a8a,noise002
0,sid_train,real,unknown,train,3d505e9c5c212a8a,crop08
1,sid_train,full_synthetic,unknown,train,c9e0bafe28d14bc6,clean
1,sid_train,full_synthetic,unknown,train,c9e0bafe28d14bc6,jpeg70
1,sid_train,full_synthetic,unknown,train,c9e0bafe28d14bc6,noise005
1,sid_train,full_synthetic,unknown,train,c9e0bafe28d14bc6,crop08
0,sid_train,real,unknown,train,ed8e491f0d134cef,clean
0,sid_train,real,unknown,train,ed8e491f0d134cef,jpeg90
0,sid_train,real,unknown,train,ed8e491f0d134cef,blur05
0,sid_train,real,unknown,train,ed8e491f0d134cef,crop08
0,sid_train,real,unknown,train,ab7a30dc7a40a70d,clean
0,sid_train,real,unknown,train,ab7a30dc7a40a70d,jpeg90
0,sid_train,real,unknown,train,ab7a30dc7a40a70d,noise002
0,sid_train,real,unknown,train,ab7a30dc7a40a70d,noise01
0,sid_train,real,unknown,train,26c39a31d4b03dcf,clean
0,sid_train,real,unknown,train,26c39a31d4b03dcf,jpeg70
0,sid_train,real,unknown,train,26c39a31d4b03dcf,resize05
0,sid_train,real,unknown,train,26c39a31d4b03dcf,jitter02
1,sid_train,full_synthetic,unknown,train,5739f71056e486b5,clean
1,sid_train,full_synthetic,unknown,train,5739f71056e486b5,resize05
1,sid_train,full_synthetic,unknown,train,5739f71056e486b5,noise01
1,sid_train,full_synthetic,unknown,train,5739f71056e486b5,crop08
0,sid_train,real,unknown,train,dff608d8eb61b31b,clean
0,sid_train,real,unknown,train,dff608d8eb61b31b,jpeg70
0,sid_train,real,unknown,train,dff608d8eb61b31b,noise005
0,sid_train,real,unknown,train,dff608d8eb61b31b,noise01
1,sid_train,full_synthetic,unknown,train,eafd8cbbb2beb865,clean
1,sid_train,full_synthetic,unknown,train,eafd8cbbb2beb865,jpeg70
1,sid_train,full_synthetic,unknown,train,eafd8cbbb2beb865,jpeg50
1,sid_train,full_synthetic,unknown,train,eafd8cbbb2beb865,resize025
0,sid_train,real,unknown,train,dba870939875c9fb,clean
0,sid_train,real,unknown,train,dba870939875c9fb,jpeg90
0,sid_train,real,unknown,train,dba870939875c9fb,noise005
0,sid_train,real,unknown,train,dba870939875c9fb,noise01
1,sid_train,full_synthetic,unknown,train,6c1feeea3a4738df,clean
1,sid_train,full_synthetic,unknown,train,6c1feeea3a4738df,jpeg50
1,sid_train,full_synthetic,unknown,train,6c1feeea3a4738df,jpeg30
1,sid_train,full_synthetic,unknown,train,6c1feeea3a4738df,blur05
0,sid_train,real,unknown,train,1f1574fc3bb3fe2c,clean
0,sid_train,real,unknown,train,1f1574fc3bb3fe2c,jpeg70
0,sid_train,real,unknown,train,1f1574fc3bb3fe2c,jpeg50
0,sid_train,real,unknown,train,1f1574fc3bb3fe2c,noise002
1,sid_train,full_synthetic,unknown,train,7228d7090d7b5700,clean
1,sid_train,full_synthetic,unknown,train,7228d7090d7b5700,jpeg50
1,sid_train,full_synthetic,unknown,train,7228d7090d7b5700,blur20
1,sid_train,full_synthetic,unknown,train,7228d7090d7b5700,noise01
1,sid_train,full_synthetic,unknown,train,dbe2dee382ea2e72,clean
1,sid_train,full_synthetic,unknown,train,dbe2dee382ea2e72,blur05
1,sid_train,full_synthetic,unknown,train,dbe2dee382ea2e72,jitter02
1,sid_train,full_synthetic,unknown,train,dbe2dee382ea2e72,crop08
1,sid_train,full_synthetic,unknown,train,916abdaf461700cb,clean
1,sid_train,full_synthetic,unknown,train,916abdaf461700cb,jpeg30
1,sid_train,full_synthetic,unknown,train,916abdaf461700cb,blur10
1,sid_train,full_synthetic,unknown,train,916abdaf461700cb,blur20
1,sid_train,full_synthetic,unknown,train,19a83f3006974358,clean
1,sid_train,full_synthetic,unknown,train,19a83f3006974358,jpeg30
1,sid_train,full_synthetic,unknown,train,19a83f3006974358,blur20
1,sid_train,full_synthetic,unknown,train,19a83f3006974358,resize025
1,sid_train,full_synthetic,unknown,train,371e235afd45a4b2,clean
1,sid_train,full_synthetic,unknown,train,371e235afd45a4b2,blur05
1,sid_train,full_synthetic,unknown,train,371e235afd45a4b2,resize05
1,sid_train,full_synthetic,unknown,train,371e235afd45a4b2,noise002
1,sid_train,full_synthetic,unknown,train,b9368021e4c1d4bc,clean
1,sid_train,full_synthetic,unknown,train,b9368021e4c1d4bc,jpeg70
1,sid_train,full_synthetic,unknown,train,b9368021e4c1d4bc,jpeg30
1,sid_train,full_synthetic,unknown,train,b9368021e4c1d4bc,noise005
0,sid_train,real,unknown,train,5072f79844c7c9d5,clean
0,sid_train,real,unknown,train,5072f79844c7c9d5,jpeg50
0,sid_train,real,unknown,train,5072f79844c7c9d5,blur05
0,sid_train,real,unknown,train,5072f79844c7c9d5,resize05
0,sid_train,real,unknown,train,081cc99627e308a2,clean
0,sid_train,real,unknown,train,081cc99627e308a2,jpeg70
0,sid_train,real,unknown,train,081cc99627e308a2,blur10
0,sid_train,real,unknown,train,081cc99627e308a2,jitter02
1,sid_train,full_synthetic,unknown,train,2c331457a5097303,clean
1,sid_train,full_synthetic,unknown,train,2c331457a5097303,jpeg50
1,sid_train,full_synthetic,unknown,train,2c331457a5097303,blur10
1,sid_train,full_synthetic,unknown,train,2c331457a5097303,crop08
0,sid_train,real,unknown,train,e8cc55a3717fb2ac,clean
0,sid_train,real,unknown,train,e8cc55a3717fb2ac,jpeg70
0,sid_train,real,unknown,train,e8cc55a3717fb2ac,jpeg50
0,sid_train,real,unknown,train,e8cc55a3717fb2ac,blur10
1,sid_train,full_synthetic,unknown,train,6bba3da8b05f7dc1,clean
1,sid_train,full_synthetic,unknown,train,6bba3da8b05f7dc1,resize05
1,sid_train,full_synthetic,unknown,train,6bba3da8b05f7dc1,noise005
1,sid_train,full_synthetic,unknown,train,6bba3da8b05f7dc1,noise01
1,sid_train,full_synthetic,unknown,train,732049ec47c246fb,clean
1,sid_train,full_synthetic,unknown,train,732049ec47c246fb,jpeg90
1,sid_train,full_synthetic,unknown,train,732049ec47c246fb,jpeg70
1,sid_train,full_synthetic,unknown,train,732049ec47c246fb,crop08
0,sid_train,real,unknown,train,f738d0c675600d3c,clean
0,sid_train,real,unknown,train,f738d0c675600d3c,blur05
0,sid_train,real,unknown,train,f738d0c675600d3c,noise002
0,sid_train,real,unknown,train,f738d0c675600d3c,jitter02
1,sid_train,full_synthetic,unknown,train,a1306fa4240ebe33,clean
1,sid_train,full_synthetic,unknown,train,a1306fa4240ebe33,resize05
1,sid_train,full_synthetic,unknown,train,a1306fa4240ebe33,resize025
1,sid_train,full_synthetic,unknown,train,a1306fa4240ebe33,noise002
0,sid_train,real,unknown,train,08098809b843488b,clean
0,sid_train,real,unknown,train,08098809b843488b,jpeg50
0,sid_train,real,unknown,train,08098809b843488b,noise005
0,sid_train,real,unknown,train,08098809b843488b,noise01
0,sid_train,real,unknown,train,5e77ad60cdc32d4a,clean
0,sid_train,real,unknown,train,5e77ad60cdc32d4a,blur05
0,sid_train,real,unknown,train,5e77ad60cdc32d4a,noise002
0,sid_train,real,unknown,train,5e77ad60cdc32d4a,crop08
1,sid_train,full_synthetic,unknown,train,12bb3ecbfd85fc30,clean
1,sid_train,full_synthetic,unknown,train,12bb3ecbfd85fc30,jpeg70
1,sid_train,full_synthetic,unknown,train,12bb3ecbfd85fc30,noise002
1,sid_train,full_synthetic,unknown,train,12bb3ecbfd85fc30,jitter02
1,sid_train,full_synthetic,unknown,train,de3841c693cf03e3,clean
1,sid_train,full_synthetic,unknown,train,de3841c693cf03e3,resize05
1,sid_train,full_synthetic,unknown,train,de3841c693cf03e3,noise002
1,sid_train,full_synthetic,unknown,train,de3841c693cf03e3,noise005
1,sid_train,full_synthetic,unknown,train,95efeee7dc27fd84,clean
1,sid_train,full_synthetic,unknown,train,95efeee7dc27fd84,jpeg70
1,sid_train,full_synthetic,unknown,train,95efeee7dc27fd84,blur05
1,sid_train,full_synthetic,unknown,train,95efeee7dc27fd84,noise002
1,sid_train,full_synthetic,unknown,train,b82628d32907e36a,clean
1,sid_train,full_synthetic,unknown,train,b82628d32907e36a,jpeg70
1,sid_train,full_synthetic,unknown,train,b82628d32907e36a,resize05
1,sid_train,full_synthetic,unknown,train,b82628d32907e36a,noise005
0,sid_train,real,unknown,train,54c79ef366f34f03,clean
0,sid_train,real,unknown,train,54c79ef366f34f03,jpeg90
0,sid_train,real,unknown,train,54c79ef366f34f03,jpeg30
0,sid_train,real,unknown,train,54c79ef366f34f03,resize025
0,sid_train,real,unknown,train,71fae9825ef736c9,clean
0,sid_train,real,unknown,train,71fae9825ef736c9,jpeg30
0,sid_train,real,unknown,train,71fae9825ef736c9,blur10
0,sid_train,real,unknown,train,71fae9825ef736c9,noise01
0,sid_train,real,unknown,train,f5186d8429da9711,clean
0,sid_train,real,unknown,train,f5186d8429da9711,jpeg30
0,sid_train,real,unknown,train,f5186d8429da9711,blur05
0,sid_train,real,unknown,train,f5186d8429da9711,resize05
0,sid_train,real,unknown,train,4aa5205461cc6b7a,clean
0,sid_train,real,unknown,train,4aa5205461cc6b7a,resize05
0,sid_train,real,unknown,train,4aa5205461cc6b7a,resize025
0,sid_train,real,unknown,train,4aa5205461cc6b7a,noise01
0,sid_train,real,unknown,train,4224f04b30d14139,clean
0,sid_train,real,unknown,train,4224f04b30d14139,jpeg70
0,sid_train,real,unknown,train,4224f04b30d14139,jpeg50
0,sid_train,real,unknown,train,4224f04b30d14139,crop08
0,sid_train,real,unknown,train,5e2455dfb7eacfc0,clean
0,sid_train,real,unknown,train,5e2455dfb7eacfc0,jpeg90
0,sid_train,real,unknown,train,5e2455dfb7eacfc0,blur05
0,sid_train,real,unknown,train,5e2455dfb7eacfc0,jitter02
0,sid_train,real,unknown,train,350d9d6e505167a9,clean
0,sid_train,real,unknown,train,350d9d6e505167a9,jpeg30
0,sid_train,real,unknown,train,350d9d6e505167a9,noise005
0,sid_train,real,unknown,train,350d9d6e505167a9,noise01
0,sid_train,real,unknown,train,56fd02c340b412c8,clean
0,sid_train,real,unknown,train,56fd02c340b412c8,jpeg70
0,sid_train,real,unknown,train,56fd02c340b412c8,jpeg30
0,sid_train,real,unknown,train,56fd02c340b412c8,resize025
0,sid_train,real,unknown,train,ad812a0dbad4464e,clean
0,sid_train,real,unknown,train,ad812a0dbad4464e,jpeg90
0,sid_train,real,unknown,train,ad812a0dbad4464e,blur10
0,sid_train,real,unknown,train,ad812a0dbad4464e,noise01
1,sid_train,full_synthetic,unknown,train,f173a65f188f4171,clean
1,sid_train,full_synthetic,unknown,train,f173a65f188f4171,jpeg70
1,sid_train,full_synthetic,unknown,train,f173a65f188f4171,jpeg30
1,sid_train,full_synthetic,unknown,train,f173a65f188f4171,blur20
1,sid_train,full_synthetic,unknown,train,76dd92d0ae08f3c2,clean
1,sid_train,full_synthetic,unknown,train,76dd92d0ae08f3c2,jpeg50
1,sid_train,full_synthetic,unknown,train,76dd92d0ae08f3c2,resize05
1,sid_train,full_synthetic,unknown,train,76dd92d0ae08f3c2,jitter02
0,sid_train,real,unknown,train,c3da76995f635d5e,clean
0,sid_train,real,unknown,train,c3da76995f635d5e,jpeg70
0,sid_train,real,unknown,train,c3da76995f635d5e,blur20
0,sid_train,real,unknown,train,c3da76995f635d5e,crop08
0,sid_train,real,unknown,train,d76663bc11b19e60,clean
0,sid_train,real,unknown,train,d76663bc11b19e60,blur05
0,sid_train,real,unknown,train,d76663bc11b19e60,noise002
0,sid_train,real,unknown,train,d76663bc11b19e60,noise01
1,sid_train,full_synthetic,unknown,train,7a52abfc63e44e51,clean
1,sid_train,full_synthetic,unknown,train,7a52abfc63e44e51,jpeg90
1,sid_train,full_synthetic,unknown,train,7a52abfc63e44e51,resize05
1,sid_train,full_synthetic,unknown,train,7a52abfc63e44e51,jitter02
0,sid_train,real,unknown,train,6a50be619d5f4a77,clean
0,sid_train,real,unknown,train,6a50be619d5f4a77,jpeg50
0,sid_train,real,unknown,train,6a50be619d5f4a77,jpeg30
0,sid_train,real,unknown,train,6a50be619d5f4a77,crop08
1,sid_train,full_synthetic,unknown,train,5a34efb5ce988358,clean
1,sid_train,full_synthetic,unknown,train,5a34efb5ce988358,jpeg30
1,sid_train,full_synthetic,unknown,train,5a34efb5ce988358,blur05
1,sid_train,full_synthetic,unknown,train,5a34efb5ce988358,blur20
1,sid_train,full_synthetic,unknown,train,52f1628c17fa18ee,clean
1,sid_train,full_synthetic,unknown,train,52f1628c17fa18ee,jpeg90
1,sid_train,full_synthetic,unknown,train,52f1628c17fa18ee,noise01
1,sid_train,full_synthetic,unknown,train,52f1628c17fa18ee,crop08
0,sid_train,real,unknown,train,bc5073760020d392,clean
0,sid_train,real,unknown,train,bc5073760020d392,blur10
0,sid_train,real,unknown,train,bc5073760020d392,blur20
0,sid_train,real,unknown,train,bc5073760020d392,resize025
1,sid_train,full_synthetic,unknown,train,2507f3f4a7d13c03,clean
1,sid_train,full_synthetic,unknown,train,2507f3f4a7d13c03,jpeg90
1,sid_train,full_synthetic,unknown,train,2507f3f4a7d13c03,blur20
1,sid_train,full_synthetic,unknown,train,2507f3f4a7d13c03,resize05
0,sid_train,real,unknown,train,b189f0bef82fb23e,clean
0,sid_train,real,unknown,train,b189f0bef82fb23e,jpeg90
0,sid_train,real,unknown,train,b189f0bef82fb23e,blur20
0,sid_train,real,unknown,train,b189f0bef82fb23e,noise005
0,sid_train,real,unknown,train,5791a40617510ed3,clean
0,sid_train,real,unknown,train,5791a40617510ed3,jpeg90
0,sid_train,real,unknown,train,5791a40617510ed3,jpeg50
0,sid_train,real,unknown,train,5791a40617510ed3,resize05
0,sid_train,real,unknown,train,b82d582b42223ba3,clean
0,sid_train,real,unknown,train,b82d582b42223ba3,jpeg90
0,sid_train,real,unknown,train,b82d582b42223ba3,jpeg70
0,sid_train,real,unknown,train,b82d582b42223ba3,resize025
1,sid_train,full_synthetic,unknown,train,4ec4c06541321fd2,clean
1,sid_train,full_synthetic,unknown,train,4ec4c06541321fd2,resize05
1,sid_train,full_synthetic,unknown,train,4ec4c06541321fd2,noise01
1,sid_train,full_synthetic,unknown,train,4ec4c06541321fd2,crop08
0,sid_train,real,unknown,train,7af3256dc09c6542,clean
0,sid_train,real,unknown,train,7af3256dc09c6542,resize025
0,sid_train,real,unknown,train,7af3256dc09c6542,noise002
0,sid_train,real,unknown,train,7af3256dc09c6542,jitter02
0,sid_train,real,unknown,train,68a4b63ab3615001,clean
0,sid_train,real,unknown,train,68a4b63ab3615001,jpeg50
0,sid_train,real,unknown,train,68a4b63ab3615001,blur05
0,sid_train,real,unknown,train,68a4b63ab3615001,jitter02
0,sid_train,real,unknown,train,952b9bc301aff1f0,clean
0,sid_train,real,unknown,train,952b9bc301aff1f0,blur05
0,sid_train,real,unknown,train,952b9bc301aff1f0,resize05
0,sid_train,real,unknown,train,952b9bc301aff1f0,jitter02
1,sid_train,full_synthetic,unknown,train,aa4bc1b2e0bbe690,clean
1,sid_train,full_synthetic,unknown,train,aa4bc1b2e0bbe690,blur20
1,sid_train,full_synthetic,unknown,train,aa4bc1b2e0bbe690,noise01
1,sid_train,full_synthetic,unknown,train,aa4bc1b2e0bbe690,crop08
0,sid_train,real,unknown,train,c193963a97051314,clean
0,sid_train,real,unknown,train,c193963a97051314,blur05
0,sid_train,real,unknown,train,c193963a97051314,noise002
0,sid_train,real,unknown,train,c193963a97051314,crop08
0,sid_train,real,unknown,train,da456dbefd5adc2f,clean
0,sid_train,real,unknown,train,da456dbefd5adc2f,jpeg70
0,sid_train,real,unknown,train,da456dbefd5adc2f,jpeg50
0,sid_train,real,unknown,train,da456dbefd5adc2f,blur10
0,sid_train,real,unknown,train,cfa7b986c63b0f21,clean
0,sid_train,real,unknown,train,cfa7b986c63b0f21,jpeg30
0,sid_train,real,unknown,train,cfa7b986c63b0f21,blur05
0,sid_train,real,unknown,train,cfa7b986c63b0f21,blur10
1,sid_train,full_synthetic,unknown,train,18e7f263d7ad647d,clean
1,sid_train,full_synthetic,unknown,train,18e7f263d7ad647d,blur05
1,sid_train,full_synthetic,unknown,train,18e7f263d7ad647d,blur10
1,sid_train,full_synthetic,unknown,train,18e7f263d7ad647d,jitter02
1,sid_train,full_synthetic,unknown,train,76be2a65572da557,clean
1,sid_train,full_synthetic,unknown,train,76be2a65572da557,jpeg30
1,sid_train,full_synthetic,unknown,train,76be2a65572da557,resize025
1,sid_train,full_synthetic,unknown,train,76be2a65572da557,noise002
1,sid_train,full_synthetic,unknown,train,e805a33466bd8ce2,clean
1,sid_train,full_synthetic,unknown,train,e805a33466bd8ce2,jpeg30
1,sid_train,full_synthetic,unknown,train,e805a33466bd8ce2,blur10
1,sid_train,full_synthetic,unknown,train,e805a33466bd8ce2,noise005
0,sid_train,real,unknown,train,013668e116652d67,clean
0,sid_train,real,unknown,train,013668e116652d67,jpeg90
0,sid_train,real,unknown,train,013668e116652d67,blur10
0,sid_train,real,unknown,train,013668e116652d67,jitter02
1,sid_train,full_synthetic,unknown,train,bf5053404d4bf740,clean
1,sid_train,full_synthetic,unknown,train,bf5053404d4bf740,jpeg90
1,sid_train,full_synthetic,unknown,train,bf5053404d4bf740,blur10
1,sid_train,full_synthetic,unknown,train,bf5053404d4bf740,crop08
0,sid_train,real,unknown,train,1cb0b255001e607d,clean
0,sid_train,real,unknown,train,1cb0b255001e607d,jpeg50
0,sid_train,real,unknown,train,1cb0b255001e607d,jpeg30
0,sid_train,real,unknown,train,1cb0b255001e607d,blur10
1,sid_train,full_synthetic,unknown,train,0193a66795352b01,clean
1,sid_train,full_synthetic,unknown,train,0193a66795352b01,jpeg90
1,sid_train,full_synthetic,unknown,train,0193a66795352b01,blur10
1,sid_train,full_synthetic,unknown,train,0193a66795352b01,jitter02
0,sid_train,real,unknown,train,4e1f02cf817e86b5,clean
0,sid_train,real,unknown,train,4e1f02cf817e86b5,blur20
0,sid_train,real,unknown,train,4e1f02cf817e86b5,noise002
0,sid_train,real,unknown,train,4e1f02cf817e86b5,jitter02
0,sid_train,real,unknown,train,6c23067cc0326211,clean
0,sid_train,real,unknown,train,6c23067cc0326211,jpeg90
0,sid_train,real,unknown,train,6c23067cc0326211,blur10
0,sid_train,real,unknown,train,6c23067cc0326211,noise005
1,sid_train,full_synthetic,unknown,train,aa9c14ff059ba0a3,clean
1,sid_train,full_synthetic,unknown,train,aa9c14ff059ba0a3,jpeg90
1,sid_train,full_synthetic,unknown,train,aa9c14ff059ba0a3,jpeg50
1,sid_train,full_synthetic,unknown,train,aa9c14ff059ba0a3,jpeg30
1,sid_train,full_synthetic,unknown,train,3e8a111313bcee0d,clean
1,sid_train,full_synthetic,unknown,train,3e8a111313bcee0d,jpeg90
1,sid_train,full_synthetic,unknown,train,3e8a111313bcee0d,jpeg50
1,sid_train,full_synthetic,unknown,train,3e8a111313bcee0d,resize025
1,sid_train,full_synthetic,unknown,train,511920cf8804a203,clean
1,sid_train,full_synthetic,unknown,train,511920cf8804a203,jpeg30
1,sid_train,full_synthetic,unknown,train,511920cf8804a203,resize05
1,sid_train,full_synthetic,unknown,train,511920cf8804a203,noise002
1,sid_train,full_synthetic,unknown,train,031bf60e359b4a1c,clean
1,sid_train,full_synthetic,unknown,train,031bf60e359b4a1c,jpeg90
1,sid_train,full_synthetic,unknown,train,031bf60e359b4a1c,jpeg50
1,sid_train,full_synthetic,unknown,train,031bf60e359b4a1c,blur10
1,sid_train,full_synthetic,unknown,train,125db75a3f476d05,clean
1,sid_train,full_synthetic,unknown,train,125db75a3f476d05,jpeg90
1,sid_train,full_synthetic,unknown,train,125db75a3f476d05,blur05
1,sid_train,full_synthetic,unknown,train,125db75a3f476d05,blur20
0,sid_train,real,unknown,train,2b5945abbfb761a5,clean
0,sid_train,real,unknown,train,2b5945abbfb761a5,jpeg50
0,sid_train,real,unknown,train,2b5945abbfb761a5,noise01
0,sid_train,real,unknown,train,2b5945abbfb761a5,jitter02
0,sid_train,real,unknown,train,acc7898977d83efe,clean
0,sid_train,real,unknown,train,acc7898977d83efe,jpeg50
0,sid_train,real,unknown,train,acc7898977d83efe,jpeg30
0,sid_train,real,unknown,train,acc7898977d83efe,blur20
0,sid_train,real,unknown,train,21239ade04f97749,clean
0,sid_train,real,unknown,train,21239ade04f97749,resize025
0,sid_train,real,unknown,train,21239ade04f97749,noise002
0,sid_train,real,unknown,train,21239ade04f97749,noise01
1,sid_train,full_synthetic,unknown,train,256616a72f5dd15a,clean
1,sid_train,full_synthetic,unknown,train,256616a72f5dd15a,jpeg50
1,sid_train,full_synthetic,unknown,train,256616a72f5dd15a,blur05
1,sid_train,full_synthetic,unknown,train,256616a72f5dd15a,blur20
0,sid_train,real,unknown,train,ef098f025f024825,clean
0,sid_train,real,unknown,train,ef098f025f024825,noise005
0,sid_train,real,unknown,train,ef098f025f024825,jitter02
0,sid_train,real,unknown,train,ef098f025f024825,crop08
1,sid_train,full_synthetic,unknown,train,0a7eaed53a8741c6,clean
1,sid_train,full_synthetic,unknown,train,0a7eaed53a8741c6,jpeg50
1,sid_train,full_synthetic,unknown,train,0a7eaed53a8741c6,resize025
1,sid_train,full_synthetic,unknown,train,0a7eaed53a8741c6,noise002
1,sid_train,full_synthetic,unknown,train,00a36ea8ee8535de,clean
1,sid_train,full_synthetic,unknown,train,00a36ea8ee8535de,jpeg90
1,sid_train,full_synthetic,unknown,train,00a36ea8ee8535de,blur05
1,sid_train,full_synthetic,unknown,train,00a36ea8ee8535de,noise002
0,sid_train,real,unknown,train,472f985631a2df06,clean
0,sid_train,real,unknown,train,472f985631a2df06,jpeg90
0,sid_train,real,unknown,train,472f985631a2df06,blur20
0,sid_train,real,unknown,train,472f985631a2df06,noise002
0,sid_train,real,unknown,train,05cb538c3f085152,clean
0,sid_train,real,unknown,train,05cb538c3f085152,jpeg70
0,sid_train,real,unknown,train,05cb538c3f085152,jpeg50
0,sid_train,real,unknown,train,05cb538c3f085152,noise005
0,sid_train,real,unknown,train,f190e7c9ff44f74b,clean
0,sid_train,real,unknown,train,f190e7c9ff44f74b,jpeg30
0,sid_train,real,unknown,train,f190e7c9ff44f74b,blur05
0,sid_train,real,unknown,train,f190e7c9ff44f74b,noise005
0,sid_train,real,unknown,train,4aa9a216c5013ecb,clean
0,sid_train,real,unknown,train,4aa9a216c5013ecb,jpeg90
0,sid_train,real,unknown,train,4aa9a216c5013ecb,jpeg50
0,sid_train,real,unknown,train,4aa9a216c5013ecb,noise002
0,sid_train,real,unknown,train,f52316675f23d524,clean
0,sid_train,real,unknown,train,f52316675f23d524,jpeg90
0,sid_train,real,unknown,train,f52316675f23d524,resize05
0,sid_train,real,unknown,train,f52316675f23d524,noise005
0,sid_train,real,unknown,train,a7f6e7232a673f58,clean
0,sid_train,real,unknown,train,a7f6e7232a673f58,jpeg70
0,sid_train,real,unknown,train,a7f6e7232a673f58,jpeg50
0,sid_train,real,unknown,train,a7f6e7232a673f58,jpeg30
0,sid_train,real,unknown,train,15c16f8caba0a9a8,clean
0,sid_train,real,unknown,train,15c16f8caba0a9a8,jpeg30
0,sid_train,real,unknown,train,15c16f8caba0a9a8,blur05
0,sid_train,real,unknown,train,15c16f8caba0a9a8,noise005
0,sid_train,real,unknown,train,642c12028673b8a2,clean
0,sid_train,real,unknown,train,642c12028673b8a2,blur10
0,sid_train,real,unknown,train,642c12028673b8a2,blur20
0,sid_train,real,unknown,train,642c12028673b8a2,resize025
0,sid_train,real,unknown,train,28873e6e482950e8,clean
0,sid_train,real,unknown,train,28873e6e482950e8,blur05
0,sid_train,real,unknown,train,28873e6e482950e8,blur20
0,sid_train,real,unknown,train,28873e6e482950e8,jitter02
0,sid_train,real,unknown,train,4fb08170c3bfb42d,clean
0,sid_train,real,unknown,train,4fb08170c3bfb42d,jpeg70
0,sid_train,real,unknown,train,4fb08170c3bfb42d,noise002
0,sid_train,real,unknown,train,4fb08170c3bfb42d,noise005
0,sid_train,real,unknown,train,a4a970de7ca1cb4a,clean
0,sid_train,real,unknown,train,a4a970de7ca1cb4a,resize025
0,sid_train,real,unknown,train,a4a970de7ca1cb4a,noise002
0,sid_train,real,unknown,train,a4a970de7ca1cb4a,jitter02
0,sid_train,real,unknown,train,56fae6643361639a,clean
0,sid_train,real,unknown,train,56fae6643361639a,jpeg90
0,sid_train,real,unknown,train,56fae6643361639a,jpeg50
0,sid_train,real,unknown,train,56fae6643361639a,noise01
0,sid_train,real,unknown,train,0aac6cbb01a84f29,clean
0,sid_train,real,unknown,train,0aac6cbb01a84f29,blur10
0,sid_train,real,unknown,train,0aac6cbb01a84f29,noise002
0,sid_train,real,unknown,train,0aac6cbb01a84f29,crop08
0,sid_train,real,unknown,train,74bbc45fd1bceada,clean
0,sid_train,real,unknown,train,74bbc45fd1bceada,jpeg30
0,sid_train,real,unknown,train,74bbc45fd1bceada,resize025
0,sid_train,real,unknown,train,74bbc45fd1bceada,jitter02
0,sid_train,real,unknown,train,8e4040030aa731e1,clean
0,sid_train,real,unknown,train,8e4040030aa731e1,blur10
0,sid_train,real,unknown,train,8e4040030aa731e1,noise002
0,sid_train,real,unknown,train,8e4040030aa731e1,jitter02
0,sid_train,real,unknown,train,1601d317bd85a33e,clean
0,sid_train,real,unknown,train,1601d317bd85a33e,jpeg90
0,sid_train,real,unknown,train,1601d317bd85a33e,blur20
0,sid_train,real,unknown,train,1601d317bd85a33e,resize025
0,sid_train,real,unknown,train,fc32acad19bf9910,clean
0,sid_train,real,unknown,train,fc32acad19bf9910,jpeg50
0,sid_train,real,unknown,train,fc32acad19bf9910,blur10
0,sid_train,real,unknown,train,fc32acad19bf9910,resize025
0,sid_train,real,unknown,train,b99d78a8da9e0f07,clean
0,sid_train,real,unknown,train,b99d78a8da9e0f07,blur20
0,sid_train,real,unknown,train,b99d78a8da9e0f07,resize025
0,sid_train,real,unknown,train,b99d78a8da9e0f07,noise002
0,sid_train,real,unknown,train,c02de32752f39faf,clean
0,sid_train,real,unknown,train,c02de32752f39faf,blur05
0,sid_train,real,unknown,train,c02de32752f39faf,blur10
0,sid_train,real,unknown,train,c02de32752f39faf,crop08
0,sid_train,real,unknown,train,0190fa1205907ead,clean
0,sid_train,real,unknown,train,0190fa1205907ead,jpeg90
0,sid_train,real,unknown,train,0190fa1205907ead,resize05
0,sid_train,real,unknown,train,0190fa1205907ead,noise005
0,sid_train,real,unknown,train,b6644f7d33701190,clean
0,sid_train,real,unknown,train,b6644f7d33701190,jpeg50
0,sid_train,real,unknown,train,b6644f7d33701190,blur20
0,sid_train,real,unknown,train,b6644f7d33701190,resize05
0,sid_train,real,unknown,train,7bf41dc29d13d169,clean
0,sid_train,real,unknown,train,7bf41dc29d13d169,jpeg50
0,sid_train,real,unknown,train,7bf41dc29d13d169,noise002
0,sid_train,real,unknown,train,7bf41dc29d13d169,noise01
0,sid_train,real,unknown,train,a62a201d58fd3df6,clean
0,sid_train,real,unknown,train,a62a201d58fd3df6,blur05
0,sid_train,real,unknown,train,a62a201d58fd3df6,blur10
0,sid_train,real,unknown,train,a62a201d58fd3df6,jitter02
0,sid_train,real,unknown,train,a72f20129813ca1c,clean
0,sid_train,real,unknown,train,a72f20129813ca1c,blur10
0,sid_train,real,unknown,train,a72f20129813ca1c,noise002
0,sid_train,real,unknown,train,a72f20129813ca1c,crop08
0,sid_train,real,unknown,train,5a80afbb07bc7780,clean
0,sid_train,real,unknown,train,5a80afbb07bc7780,resize025
0,sid_train,real,unknown,train,5a80afbb07bc7780,noise005
0,sid_train,real,unknown,train,5a80afbb07bc7780,jitter02
0,sid_train,real,unknown,train,9f30a4fd7162e9b2,clean
0,sid_train,real,unknown,train,9f30a4fd7162e9b2,jpeg50
0,sid_train,real,unknown,train,9f30a4fd7162e9b2,blur10
0,sid_train,real,unknown,train,9f30a4fd7162e9b2,crop08
0,sid_train,real,unknown,train,810bb30f48c206b0,clean
0,sid_train,real,unknown,train,810bb30f48c206b0,jpeg70
0,sid_train,real,unknown,train,810bb30f48c206b0,blur20
0,sid_train,real,unknown,train,810bb30f48c206b0,jitter02
0,sid_train,real,unknown,train,89a48d41e81911c6,clean
0,sid_train,real,unknown,train,89a48d41e81911c6,jpeg70
0,sid_train,real,unknown,train,89a48d41e81911c6,blur10
0,sid_train,real,unknown,train,89a48d41e81911c6,jitter02
0,sid_train,real,unknown,train,38bd86c333279e2e,clean
0,sid_train,real,unknown,train,38bd86c333279e2e,noise005
0,sid_train,real,unknown,train,38bd86c333279e2e,noise01
0,sid_train,real,unknown,train,38bd86c333279e2e,crop08
0,sid_train,real,unknown,train,fcfa0f73857fd6bc,clean
0,sid_train,real,unknown,train,fcfa0f73857fd6bc,blur20
0,sid_train,real,unknown,train,fcfa0f73857fd6bc,noise01
0,sid_train,real,unknown,train,fcfa0f73857fd6bc,crop08
0,sid_train,real,unknown,train,094213278138d8f0,clean
0,sid_train,real,unknown,train,094213278138d8f0,blur05
0,sid_train,real,unknown,train,094213278138d8f0,noise005
0,sid_train,real,unknown,train,094213278138d8f0,jitter02
0,sid_train,real,unknown,train,5512f04489ae6d24,clean
0,sid_train,real,unknown,train,5512f04489ae6d24,blur10
0,sid_train,real,unknown,train,5512f04489ae6d24,noise002
0,sid_train,real,unknown,train,5512f04489ae6d24,noise005
0,sid_train,real,unknown,train,e2fa48a4b7dd506b,clean
0,sid_train,real,unknown,train,e2fa48a4b7dd506b,blur05
0,sid_train,real,unknown,train,e2fa48a4b7dd506b,resize05
0,sid_train,real,unknown,train,e2fa48a4b7dd506b,crop08
0,sid_train,real,unknown,train,c74cf6b83f92aaf8,clean
0,sid_train,real,unknown,train,c74cf6b83f92aaf8,jpeg50
0,sid_train,real,unknown,train,c74cf6b83f92aaf8,blur05
0,sid_train,real,unknown,train,c74cf6b83f92aaf8,resize025
0,sid_train,real,unknown,train,b11eb1862ef60f3b,clean
0,sid_train,real,unknown,train,b11eb1862ef60f3b,noise002
0,sid_train,real,unknown,train,b11eb1862ef60f3b,noise01
0,sid_train,real,unknown,train,b11eb1862ef60f3b,crop08
0,sid_train,real,unknown,train,28f07081e0549a7b,clean
0,sid_train,real,unknown,train,28f07081e0549a7b,noise005
0,sid_train,real,unknown,train,28f07081e0549a7b,noise01
0,sid_train,real,unknown,train,28f07081e0549a7b,jitter02
0,sid_train,real,unknown,train,27b27204063bba0f,clean
0,sid_train,real,unknown,train,27b27204063bba0f,jpeg70
0,sid_train,real,unknown,train,27b27204063bba0f,blur20
0,sid_train,real,unknown,train,27b27204063bba0f,noise005
0,sid_train,real,unknown,train,e0f9a02b45544f38,clean
0,sid_train,real,unknown,train,e0f9a02b45544f38,jpeg30
0,sid_train,real,unknown,train,e0f9a02b45544f38,noise002
0,sid_train,real,unknown,train,e0f9a02b45544f38,crop08
0,sid_train,real,unknown,train,97ba41f1b67e5d7f,clean
0,sid_train,real,unknown,train,97ba41f1b67e5d7f,blur05
0,sid_train,real,unknown,train,97ba41f1b67e5d7f,resize025
0,sid_train,real,unknown,train,97ba41f1b67e5d7f,noise01
0,sid_train,real,unknown,train,1ea5b8268774e898,clean
0,sid_train,real,unknown,train,1ea5b8268774e898,jpeg70
0,sid_train,real,unknown,train,1ea5b8268774e898,blur20
0,sid_train,real,unknown,train,1ea5b8268774e898,jitter02
0,sid_train,real,unknown,train,33a9d7536a92f94f,clean
0,sid_train,real,unknown,train,33a9d7536a92f94f,jpeg90
0,sid_train,real,unknown,train,33a9d7536a92f94f,blur10
0,sid_train,real,unknown,train,33a9d7536a92f94f,jitter02
0,sid_train,real,unknown,train,554e9fcb78fa6617,clean
0,sid_train,real,unknown,train,554e9fcb78fa6617,jpeg70
0,sid_train,real,unknown,train,554e9fcb78fa6617,resize025
0,sid_train,real,unknown,train,554e9fcb78fa6617,noise005
0,sid_train,real,unknown,train,1fdc237cfb2809df,clean
0,sid_train,real,unknown,train,1fdc237cfb2809df,jpeg90
0,sid_train,real,unknown,train,1fdc237cfb2809df,jpeg50
0,sid_train,real,unknown,train,1fdc237cfb2809df,crop08
0,sid_train,real,unknown,train,e8ebaa162ca8b3cf,clean
0,sid_train,real,unknown,train,e8ebaa162ca8b3cf,blur20
0,sid_train,real,unknown,train,e8ebaa162ca8b3cf,noise002
0,sid_train,real,unknown,train,e8ebaa162ca8b3cf,noise01
0,sid_train,real,unknown,train,533386ec0255023b,clean
0,sid_train,real,unknown,train,533386ec0255023b,jpeg90
0,sid_train,real,unknown,train,533386ec0255023b,jpeg30
0,sid_train,real,unknown,train,533386ec0255023b,blur20
0,sid_train,real,unknown,train,28bed5929e49b3ed,clean
0,sid_train,real,unknown,train,28bed5929e49b3ed,jpeg30
0,sid_train,real,unknown,train,28bed5929e49b3ed,resize025
0,sid_train,real,unknown,train,28bed5929e49b3ed,noise005
0,sid_train,real,unknown,train,f0235ee108b63d88,clean
0,sid_train,real,unknown,train,f0235ee108b63d88,jpeg50
0,sid_train,real,unknown,train,f0235ee108b63d88,blur10
0,sid_train,real,unknown,train,f0235ee108b63d88,jitter02
0,sid_train,real,unknown,train,d7466dbf45fed2a2,clean
0,sid_train,real,unknown,train,d7466dbf45fed2a2,resize05
0,sid_train,real,unknown,train,d7466dbf45fed2a2,noise002
0,sid_train,real,unknown,train,d7466dbf45fed2a2,crop08
0,sid_train,real,unknown,train,7d25453ce22d88e0,clean
0,sid_train,real,unknown,train,7d25453ce22d88e0,jpeg50
0,sid_train,real,unknown,train,7d25453ce22d88e0,jpeg30
0,sid_train,real,unknown,train,7d25453ce22d88e0,crop08
0,sid_train,real,unknown,train,9278739298adca75,clean
0,sid_train,real,unknown,train,9278739298adca75,jpeg30
0,sid_train,real,unknown,train,9278739298adca75,blur05
0,sid_train,real,unknown,train,9278739298adca75,noise002
0,sid_train,real,unknown,train,21545a5feb4ff51c,clean
0,sid_train,real,unknown,train,21545a5feb4ff51c,blur20
0,sid_train,real,unknown,train,21545a5feb4ff51c,resize05
0,sid_train,real,unknown,train,21545a5feb4ff51c,noise01
0,sid_train,real,unknown,train,fe790a196cbeb095,clean
0,sid_train,real,unknown,train,fe790a196cbeb095,jpeg50
0,sid_train,real,unknown,train,fe790a196cbeb095,blur10
0,sid_train,real,unknown,train,fe790a196cbeb095,jitter02
0,sid_train,real,unknown,train,d626168b982ce407,clean
0,sid_train,real,unknown,train,d626168b982ce407,jpeg50
0,sid_train,real,unknown,train,d626168b982ce407,jpeg30
0,sid_train,real,unknown,train,d626168b982ce407,crop08
0,sid_train,real,unknown,train,9c8a23c2e93d602f,clean
0,sid_train,real,unknown,train,9c8a23c2e93d602f,jpeg90
0,sid_train,real,unknown,train,9c8a23c2e93d602f,jitter02
0,sid_train,real,unknown,train,9c8a23c2e93d602f,crop08
0,sid_train,real,unknown,train,48cb0c1d8c788935,clean
0,sid_train,real,unknown,train,48cb0c1d8c788935,jpeg50
0,sid_train,real,unknown,train,48cb0c1d8c788935,blur20
0,sid_train,real,unknown,train,48cb0c1d8c788935,noise005
0,sid_train,real,unknown,train,cd57d1351d815de3,clean
0,sid_train,real,unknown,train,cd57d1351d815de3,jpeg70
0,sid_train,real,unknown,train,cd57d1351d815de3,blur20
0,sid_train,real,unknown,train,cd57d1351d815de3,crop08
0,sid_train,real,unknown,train,468813464d15c89d,clean
0,sid_train,real,unknown,train,468813464d15c89d,jpeg70
0,sid_train,real,unknown,train,468813464d15c89d,blur10
0,sid_train,real,unknown,train,468813464d15c89d,resize025
0,sid_train,real,unknown,train,69f9793a028f8e17,clean
0,sid_train,real,unknown,train,69f9793a028f8e17,jpeg70
0,sid_train,real,unknown,train,69f9793a028f8e17,resize05
0,sid_train,real,unknown,train,69f9793a028f8e17,noise002
0,sid_train,real,unknown,train,274337223b17c2e4,clean
0,sid_train,real,unknown,train,274337223b17c2e4,jpeg90
0,sid_train,real,unknown,train,274337223b17c2e4,jpeg50
0,sid_train,real,unknown,train,274337223b17c2e4,blur10
0,sid_train,real,unknown,train,f444a8719861f48f,clean
0,sid_train,real,unknown,train,f444a8719861f48f,jpeg50
0,sid_train,real,unknown,train,f444a8719861f48f,blur10
0,sid_train,real,unknown,train,f444a8719861f48f,resize025
0,sid_train,real,unknown,train,2a5f36d8c0bd03ab,clean
0,sid_train,real,unknown,train,2a5f36d8c0bd03ab,jpeg70
0,sid_train,real,unknown,train,2a5f36d8c0bd03ab,jpeg30
0,sid_train,real,unknown,train,2a5f36d8c0bd03ab,crop08
0,sid_train,real,unknown,train,c87f0adc43463280,clean
0,sid_train,real,unknown,train,c87f0adc43463280,jpeg30
0,sid_train,real,unknown,train,c87f0adc43463280,blur10
0,sid_train,real,unknown,train,c87f0adc43463280,noise005
0,sid_train,real,unknown,train,57f8d744670ae5f7,clean
0,sid_train,real,unknown,train,57f8d744670ae5f7,blur05
0,sid_train,real,unknown,train,57f8d744670ae5f7,blur20
0,sid_train,real,unknown,train,57f8d744670ae5f7,crop08
0,sid_train,real,unknown,train,7c640b0618b17a5d,clean
0,sid_train,real,unknown,train,7c640b0618b17a5d,blur05
0,sid_train,real,unknown,train,7c640b0618b17a5d,resize025
0,sid_train,real,unknown,train,7c640b0618b17a5d,noise005
0,sid_train,real,unknown,train,89a874546f942761,clean
0,sid_train,real,unknown,train,89a874546f942761,blur05
0,sid_train,real,unknown,train,89a874546f942761,resize05
0,sid_train,real,unknown,train,89a874546f942761,noise005
0,sid_train,real,unknown,train,8688c54410335b8b,clean
0,sid_train,real,unknown,train,8688c54410335b8b,jpeg90
0,sid_train,real,unknown,train,8688c54410335b8b,jpeg70
0,sid_train,real,unknown,train,8688c54410335b8b,jpeg50
0,sid_train,real,unknown,train,729defba81ffc892,clean
0,sid_train,real,unknown,train,729defba81ffc892,resize05
0,sid_train,real,unknown,train,729defba81ffc892,noise002
0,sid_train,real,unknown,train,729defba81ffc892,jitter02
0,sid_train,real,unknown,train,62d5d4a12316e095,clean
0,sid_train,real,unknown,train,62d5d4a12316e095,blur20
0,sid_train,real,unknown,train,62d5d4a12316e095,noise005
0,sid_train,real,unknown,train,62d5d4a12316e095,crop08
0,sid_train,real,unknown,train,0c0299406a76f1ae,clean
0,sid_train,real,unknown,train,0c0299406a76f1ae,jpeg30
0,sid_train,real,unknown,train,0c0299406a76f1ae,blur05
0,sid_train,real,unknown,train,0c0299406a76f1ae,resize05
0,sid_train,real,unknown,train,d9f2588a491652bc,clean
0,sid_train,real,unknown,train,d9f2588a491652bc,jpeg50
0,sid_train,real,unknown,train,d9f2588a491652bc,resize05
0,sid_train,real,unknown,train,d9f2588a491652bc,jitter02
0,sid_train,real,unknown,train,3c9119b4e72b9c89,clean
0,sid_train,real,unknown,train,3c9119b4e72b9c89,blur10
0,sid_train,real,unknown,train,3c9119b4e72b9c89,noise002
0,sid_train,real,unknown,train,3c9119b4e72b9c89,noise01
0,sid_train,real,unknown,train,abe4d7ca1d806080,clean
0,sid_train,real,unknown,train,abe4d7ca1d806080,blur10
0,sid_train,real,unknown,train,abe4d7ca1d806080,resize05
0,sid_train,real,unknown,train,abe4d7ca1d806080,resize025
0,sid_train,real,unknown,train,aae9cb3930aea80c,clean
0,sid_train,real,unknown,train,aae9cb3930aea80c,jpeg90
0,sid_train,real,unknown,train,aae9cb3930aea80c,noise01
0,sid_train,real,unknown,train,aae9cb3930aea80c,jitter02
0,sid_train,real,unknown,train,50f4152ae862b587,clean
0,sid_train,real,unknown,train,50f4152ae862b587,jpeg90
0,sid_train,real,unknown,train,50f4152ae862b587,jpeg70
0,sid_train,real,unknown,train,50f4152ae862b587,crop08
0,sid_train,real,unknown,train,746702274e61627b,clean
0,sid_train,real,unknown,train,746702274e61627b,blur05
0,sid_train,real,unknown,train,746702274e61627b,resize05
0,sid_train,real,unknown,train,746702274e61627b,jitter02
0,sid_train,real,unknown,train,a3beb46b11ab00f3,clean
0,sid_train,real,unknown,train,a3beb46b11ab00f3,blur10
0,sid_train,real,unknown,train,a3beb46b11ab00f3,jitter02
0,sid_train,real,unknown,train,a3beb46b11ab00f3,crop08
0,sid_train,real,unknown,train,a53dfabe084bc588,clean
0,sid_train,real,unknown,train,a53dfabe084bc588,jpeg90
0,sid_train,real,unknown,train,a53dfabe084bc588,blur10
0,sid_train,real,unknown,train,a53dfabe084bc588,noise002
0,sid_train,real,unknown,train,b2fa0c53d6126017,clean
0,sid_train,real,unknown,train,b2fa0c53d6126017,jpeg30
0,sid_train,real,unknown,train,b2fa0c53d6126017,noise005
0,sid_train,real,unknown,train,b2fa0c53d6126017,jitter02
0,sid_train,real,unknown,train,911638cbd01a0e74,clean
0,sid_train,real,unknown,train,911638cbd01a0e74,jpeg90
0,sid_train,real,unknown,train,911638cbd01a0e74,noise005
0,sid_train,real,unknown,train,911638cbd01a0e74,noise01
0,sid_train,real,unknown,train,b66e2006ad53f3df,clean
0,sid_train,real,unknown,train,b66e2006ad53f3df,jpeg70
0,sid_train,real,unknown,train,b66e2006ad53f3df,noise005
0,sid_train,real,unknown,train,b66e2006ad53f3df,crop08
0,sid_train,real,unknown,train,491df0d8885498ac,clean
0,sid_train,real,unknown,train,491df0d8885498ac,jpeg90
0,sid_train,real,unknown,train,491df0d8885498ac,jpeg50
0,sid_train,real,unknown,train,491df0d8885498ac,noise01
0,sid_train,real,unknown,train,1dcb3d1b03e8c3d6,clean
0,sid_train,real,unknown,train,1dcb3d1b03e8c3d6,blur05
0,sid_train,real,unknown,train,1dcb3d1b03e8c3d6,blur10
0,sid_train,real,unknown,train,1dcb3d1b03e8c3d6,blur20
0,sid_train,real,unknown,train,1319bf3a343bd3cd,clean
0,sid_train,real,unknown,train,1319bf3a343bd3cd,jpeg30
0,sid_train,real,unknown,train,1319bf3a343bd3cd,jitter02
0,sid_train,real,unknown,train,1319bf3a343bd3cd,crop08
0,sid_train,real,unknown,train,8240994330b1a184,clean
0,sid_train,real,unknown,train,8240994330b1a184,resize05
0,sid_train,real,unknown,train,8240994330b1a184,noise005
0,sid_train,real,unknown,train,8240994330b1a184,jitter02
0,sid_train,real,unknown,train,ac49ba09ce0f1b8c,clean
0,sid_train,real,unknown,train,ac49ba09ce0f1b8c,jpeg30
0,sid_train,real,unknown,train,ac49ba09ce0f1b8c,blur05
0,sid_train,real,unknown,train,ac49ba09ce0f1b8c,noise005
0,sid_train,real,unknown,train,2f21f704041fcb7b,clean
0,sid_train,real,unknown,train,2f21f704041fcb7b,jpeg90
0,sid_train,real,unknown,train,2f21f704041fcb7b,resize05
0,sid_train,real,unknown,train,2f21f704041fcb7b,crop08
0,sid_train,real,unknown,train,45b87639bd4eca11,clean
0,sid_train,real,unknown,train,45b87639bd4eca11,blur10
0,sid_train,real,unknown,train,45b87639bd4eca11,blur20
0,sid_train,real,unknown,train,45b87639bd4eca11,noise002
0,sid_train,real,unknown,train,51d6168db12403a4,clean
0,sid_train,real,unknown,train,51d6168db12403a4,blur10
0,sid_train,real,unknown,train,51d6168db12403a4,resize025
0,sid_train,real,unknown,train,51d6168db12403a4,noise002
0,sid_train,real,unknown,train,9a970d4acfcec942,clean
0,sid_train,real,unknown,train,9a970d4acfcec942,jpeg50
0,sid_train,real,unknown,train,9a970d4acfcec942,resize025
0,sid_train,real,unknown,train,9a970d4acfcec942,noise002
0,sid_train,real,unknown,train,372be95a996eae5f,clean
0,sid_train,real,unknown,train,372be95a996eae5f,jpeg90
0,sid_train,real,unknown,train,372be95a996eae5f,resize025
0,sid_train,real,unknown,train,372be95a996eae5f,crop08
0,sid_train,real,unknown,train,492e311c86f46bcf,clean
0,sid_train,real,unknown,train,492e311c86f46bcf,blur05
0,sid_train,real,unknown,train,492e311c86f46bcf,noise002
0,sid_train,real,unknown,train,492e311c86f46bcf,noise01
0,sid_train,real,unknown,train,1f87ed2febb0a874,clean
0,sid_train,real,unknown,train,1f87ed2febb0a874,blur05
0,sid_train,real,unknown,train,1f87ed2febb0a874,noise002
0,sid_train,real,unknown,train,1f87ed2febb0a874,noise01
0,sid_train,real,unknown,train,b4f44b35fedba59c,clean
0,sid_train,real,unknown,train,b4f44b35fedba59c,jpeg30
0,sid_train,real,unknown,train,b4f44b35fedba59c,noise01
0,sid_train,real,unknown,train,b4f44b35fedba59c,crop08
0,sid_train,real,unknown,train,65da7bb0c9d16e83,clean
0,sid_train,real,unknown,train,65da7bb0c9d16e83,blur20
0,sid_train,real,unknown,train,65da7bb0c9d16e83,resize05
0,sid_train,real,unknown,train,65da7bb0c9d16e83,jitter02
0,sid_train,real,unknown,train,0620b3bc18cb9840,clean
0,sid_train,real,unknown,train,0620b3bc18cb9840,blur05
0,sid_train,real,unknown,train,0620b3bc18cb9840,noise002
0,sid_train,real,unknown,train,0620b3bc18cb9840,noise01
0,sid_train,real,unknown,train,892d96bd47bdd871,clean
0,sid_train,real,unknown,train,892d96bd47bdd871,jpeg90
0,sid_train,real,unknown,train,892d96bd47bdd871,jpeg70
0,sid_train,real,unknown,train,892d96bd47bdd871,noise005
0,sid_train,real,unknown,train,f8c35d8dbe85a964,clean
0,sid_train,real,unknown,train,f8c35d8dbe85a964,blur20
0,sid_train,real,unknown,train,f8c35d8dbe85a964,noise002
0,sid_train,real,unknown,train,f8c35d8dbe85a964,noise01
0,sid_train,real,unknown,train,fd6b2424929d1962,clean
0,sid_train,real,unknown,train,fd6b2424929d1962,jpeg90
0,sid_train,real,unknown,train,fd6b2424929d1962,resize025
0,sid_train,real,unknown,train,fd6b2424929d1962,noise01
0,sid_train,real,unknown,train,bf507f1a14b6512c,clean
0,sid_train,real,unknown,train,bf507f1a14b6512c,jpeg90
0,sid_train,real,unknown,train,bf507f1a14b6512c,jpeg50
0,sid_train,real,unknown,train,bf507f1a14b6512c,noise002
0,sid_train,real,unknown,train,2b718021ff620d5b,clean
0,sid_train,real,unknown,train,2b718021ff620d5b,jpeg50
0,sid_train,real,unknown,train,2b718021ff620d5b,blur20
0,sid_train,real,unknown,train,2b718021ff620d5b,noise01
0,sid_train,real,unknown,train,0212d6860bdbe95f,clean
0,sid_train,real,unknown,train,0212d6860bdbe95f,jpeg50
0,sid_train,real,unknown,train,0212d6860bdbe95f,noise01
0,sid_train,real,unknown,train,0212d6860bdbe95f,jitter02
0,sid_train,real,unknown,train,1e09a13054a238a0,clean
0,sid_train,real,unknown,train,1e09a13054a238a0,resize05
0,sid_train,real,unknown,train,1e09a13054a238a0,noise005
0,sid_train,real,unknown,train,1e09a13054a238a0,jitter02
0,sid_train,real,unknown,train,5733d15170f6caad,clean
0,sid_train,real,unknown,train,5733d15170f6caad,blur10
0,sid_train,real,unknown,train,5733d15170f6caad,resize025
0,sid_train,real,unknown,train,5733d15170f6caad,jitter02
0,sid_train,real,unknown,train,c088a3a8822ce766,clean
0,sid_train,real,unknown,train,c088a3a8822ce766,jpeg70
0,sid_train,real,unknown,train,c088a3a8822ce766,jpeg30
0,sid_train,real,unknown,train,c088a3a8822ce766,jitter02
0,sid_train,real,unknown,train,8ea254610383a6f7,clean
0,sid_train,real,unknown,train,8ea254610383a6f7,jpeg90
0,sid_train,real,unknown,train,8ea254610383a6f7,blur05
0,sid_train,real,unknown,train,8ea254610383a6f7,noise005
