label,source,subclass,generator,split,image_id,variant
1,sid_tampered,tampered,unknown,train,c703efbac322fbdb,clean
1,sid_tampered,tampered,unknown,train,c703efbac322fbdb,blur05
1,sid_tampered,tampered,unknown,train,c703efbac322fbdb,resize025
1,sid_tampered,tampered,unknown,train,c703efbac322fbdb,jitter02
1,sid_tampered,tampered,unknown,train,098bc67059a1910b,clean
1,sid_tampered,tampered,unknown,train,098bc67059a1910b,jpeg90
1,sid_tampered,tampered,unknown,train,098bc67059a1910b,noise002
1,sid_tampered,tampered,unknown,train,098bc67059a1910b,noise01
1,sid_tampered,tampered,unknown,train,1d6164dca39da389,clean
1,sid_tampered,tampered,unknown,train,1d6164dca39da389,jpeg30
1,sid_tampered,tampered,unknown,train,1d6164dca39da389,blur20
1,sid_tampered,tampered,unknown,train,1d6164dca39da389,jitter02
1,sid_tampered,tampered,unknown,train,50a7b678284343e2,clean
1,sid_tampered,tampered,unknown,train,50a7b678284343e2,jpeg30
1,sid_tampered,tampered,unknown,train,50a7b678284343e2,blur10
1,sid_tampered,tampered,unknown,train,50a7b678284343e2,noise01
1,sid_tampered,tampered,unknown,train,416b8e556f4a812b,clean
1,sid_tampered,tampered,unknown,train,416b8e556f4a812b,blur20
1,sid_tampered,tampered,unknown,train,416b8e556f4a812b,noise002
1,sid_tampered,tampered,unknown,train,416b8e556f4a812b,noise005
1,sid_tampered,tampered,unknown,train,9f134801b8f77718,clean
1,sid_tampered,tampered,unknown,train,9f134801b8f77718,jpeg70
1,sid_tampered,tampered,unknown,train,9f134801b8f77718,jpeg50
1,sid_tampered,tampered,unknown,train,9f134801b8f77718,blur20
1,sid_tampered,tampered,unknown,train,ed6fd950ecfc5d87,clean
1,sid_tampered,tampered,unknown,train,ed6fd950ecfc5d87,resize05
1,sid_tampered,tampered,unknown,train,ed6fd950ecfc5d87,resize025
1,sid_tampered,tampered,unknown,train,ed6fd950ecfc5d87,noise005
1,sid_tampered,tampered,unknown,train,363cdd4f363fca4c,clean
1,sid_tampered,tampered,unknown,train,363cdd4f363fca4c,jpeg50
1,sid_tampered,tampered,unknown,train,363cdd4f363fca4c,resize025
1,sid_tampered,tampered,unknown,train,363cdd4f363fca4c,crop08
1,sid_tampered,tampered,unknown,train,58eabd43aaf333cd,clean
1,sid_tampered,tampered,unknown,train,58eabd43aaf333cd,blur05
1,sid_tampered,tampered,unknown,train,58eabd43aaf333cd,resize025
1,sid_tampered,tampered,unknown,train,58eabd43aaf333cd,noise01
1,sid_tampered,tampered,unknown,train,cec0f57e798a14d5,clean
1,sid_tampered,tampered,unknown,train,cec0f57e798a14d5,jpeg90
1,sid_tampered,tampered,unknown,train,cec0f57e798a14d5,jpeg30
1,sid_tampered,tampered,unknown,train,cec0f57e798a14d5,blur20
1,sid_tampered,tampered,unknown,train,e3f33813b1a2b26e,clean
1,sid_tampered,tampered,unknown,train,e3f33813b1a2b26e,jpeg50
1,sid_tampered,tampered,unknown,train,e3f33813b1a2b26e,blur05
1,sid_tampered,tampered,unknown,train,e3f33813b1a2b26e,resize025
1,sid_tampered,tampered,unknown,train,1e33f0159e117f90,clean
1,sid_tampered,tampered,unknown,train,1e33f0159e117f90,jpeg50
1,sid_tampered,tampered,unknown,train,1e33f0159e117f90,blur10
1,sid_tampered,tampered,unknown,train,1e33f0159e117f90,resize05
1,sid_tampered,tampered,unknown,train,b0925d4e50042e77,clean
1,sid_tampered,tampered,unknown,train,b0925d4e50042e77,jpeg90
1,sid_tampered,tampered,unknown,train,b0925d4e50042e77,blur05
1,sid_tampered,tampered,unknown,train,b0925d4e50042e77,noise002
1,sid_tampered,tampered,unknown,train,74dc3ed901adbcfe,clean
1,sid_tampered,tampered,unknown,train,74dc3ed901adbcfe,jpeg50
1,sid_tampered,tampered,unknown,train,74dc3ed901adbcfe,blur10
1,sid_tampered,tampered,unknown,train,74dc3ed901adbcfe,blur20
1,sid_tampered,tampered,unknown,train,21104fe31cb0785b,clean
1,sid_tampered,tampered,unknown,train,21104fe31cb0785b,jpeg90
1,sid_tampered,tampered,unknown,train,21104fe31cb0785b,blur05
1,sid_tampered,tampered,unknown,train,21104fe31cb0785b,resize025
1,sid_tampered,tampered,unknown,train,8f865ea222e0ebc8,clean
1,sid_tampered,tampered,unknown,train,8f865ea222e0ebc8,noise002
1,sid_tampered,tampered,unknown,train,8f865ea222e0ebc8,noise01
1,sid_tampered,tampered,unknown,train,8f865ea222e0ebc8,crop08
1,sid_tampered,tampered,unknown,train,816d1725438ff25a,clean
1,sid_tampered,tampered,unknown,train,816d1725438ff25a,blur05
1,sid_tampered,tampered,unknown,train,816d1725438ff25a,resize025
1,sid_tampered,tampered,unknown,train,816d1725438ff25a,noise002
1,sid_tampered,tampered,unknown,train,88e76c43999d58ae,clean
1,sid_tampered,tampered,unknown,train,88e76c43999d58ae,blur05
1,sid_tampered,tampered,unknown,train,88e76c43999d58ae,blur10
1,sid_tampered,tampered,unknown,train,88e76c43999d58ae,crop08
1,sid_tampered,tampered,unknown,train,5289b0104733808a,clean
1,sid_tampered,tampered,unknown,train,5289b0104733808a,jpeg90
1,sid_tampered,tampered,unknown,train,5289b0104733808a,resize05
1,sid_tampered,tampered,unknown,train,5289b0104733808a,crop08
1,sid_tampered,tampered,unknown,train,a2547e9920c026ee,clean
1,sid_tampered,tampered,unknown,train,a2547e9920c026ee,blur10
1,sid_tampered,tampered,unknown,train,a2547e9920c026ee,resize05
1,sid_tampered,tampered,unknown,train,a2547e9920c026ee,noise002
1,sid_tampered,tampered,unknown,train,3bc7d5c4d129a0d3,clean
1,sid_tampered,tampered,unknown,train,3bc7d5c4d129a0d3,blur10
1,sid_tampered,tampered,unknown,train,3bc7d5c4d129a0d3,resize025
1,sid_tampered,tampered,unknown,train,3bc7d5c4d129a0d3,noise002
1,sid_tampered,tampered,unknown,train,b4149e5f2ea7b679,clean
1,sid_tampered,tampered,unknown,train,b4149e5f2ea7b679,jpeg70
1,sid_tampered,tampered,unknown,train,b4149e5f2ea7b679,blur05
1,sid_tampered,tampered,unknown,train,b4149e5f2ea7b679,crop08
1,sid_tampered,tampered,unknown,train,65c6f51a061f43ad,clean
1,sid_tampered,tampered,unknown,train,65c6f51a061f43ad,blur05
1,sid_tampered,tampered,unknown,train,65c6f51a061f43ad,resize05
1,sid_tampered,tampered,unknown,train,65c6f51a061f43ad,crop08
1,sid_tampered,tampered,unknown,train,9e3b3b4b17f26d23,clean
1,sid_tampered,tampered,unknown,train,9e3b3b4b17f26d23,jpeg90
1,sid_tampered,tampered,unknown,train,9e3b3b4b17f26d23,jpeg70
1,sid_tampered,tampered,unknown,train,9e3b3b4b17f26d23,noise005
1,sid_tampered,tampered,unknown,train,36b5b4c5a4fa34bb,clean
1,sid_tampered,tampered,unknown,train,36b5b4c5a4fa34bb,jpeg90
1,sid_tampered,tampered,unknown,train,36b5b4c5a4fa34bb,noise002
1,sid_tampered,tampered,unknown,train,36b5b4c5a4fa34bb,jitter02
1,sid_tampered,tampered,unknown,train,63800c19ae5644ee,clean
1,sid_tampered,tampered,unknown,train,63800c19ae5644ee,jpeg90
1,sid_tampered,tampered,unknown,train,63800c19ae5644ee,resize025
1,sid_tampered,tampered,unknown,train,63800c19ae5644ee,noise002
1,sid_tampered,tampered,unknown,train,ce87be04ac09bbf6,clean
1,sid_tampered,tampered,unknown,train,ce87be04ac09bbf6,jpeg90
1,sid_tampered,tampered,unknown,train,ce87be04ac09bbf6,jpeg70
1,sid_tampered,tampered,unknown,train,ce87be04ac09bbf6,noise005
1,sid_tampered,tampered,unknown,train,0a5b9878b62d71fb,clean
1,sid_tampered,tampered,unknown,train,0a5b9878b62d71fb,jpeg90
1,sid_tampered,tampered,unknown,train,0a5b9878b62d71fb,resize025
1,sid_tampered,tampered,unknown,train,0a5b9878b62d71fb,crop08
1,sid_tampered,tampered,unknown,train,eaa59c42a0bc684c,clean
1,sid_tampered,tampered,unknown,train,eaa59c42a0bc684c,resize05
1,sid_tampered,tampered,unknown,train,eaa59c42a0bc684c,resize025
1,sid_tampered,tampered,unknown,train,eaa59c42a0bc684c,crop08
1,sid_tampered,tampered,unknown,train,007300823a069693,clean
1,sid_tampered,tampered,unknown,train,007300823a069693,resize025
1,sid_tampered,tampered,unknown,train,007300823a069693,noise01
1,sid_tampered,tampered,unknown,train,007300823a069693,jitter02
1,sid_tampered,tampered,unknown,train,303b4cc92f1bc284,clean
1,sid_tampered,tampered,unknown,train,303b4cc92f1bc284,jpeg70
1,sid_tampered,tampered,unknown,train,303b4cc92f1bc284,resize05
1,sid_tampered,tampered,unknown,train,303b4cc92f1bc284,noise005
1,sid_tampered,tampered,unknown,train,d878568024450cd3,clean
1,sid_tampered,tampered,unknown,train,d878568024450cd3,jpeg50
1,sid_tampered,tampered,unknown,train,d878568024450cd3,blur05
1,sid_tampered,tampered,unknown,train,d878568024450cd3,resize025
1,sid_tampered,tampered,unknown,train,8cb643db9d26ba41,clean
1,sid_tampered,tampered,unknown,train,8cb643db9d26ba41,blur05
1,sid_tampered,tampered,unknown,train,8cb643db9d26ba41,noise01
1,sid_tampered,tampered,unknown,train,8cb643db9d26ba41,crop08
1,sid_tampered,tampered,unknown,train,23ac939a25da1929,clean
1,sid_tampered,tampered,unknown,train,23ac939a25da1929,jpeg90
1,sid_tampered,tampered,unknown,train,23ac939a25da1929,blur10
1,sid_tampered,tampered,unknown,train,23ac939a25da1929,crop08
1,sid_tampered,tampered,unknown,train,17d5d504558245fc,clean
1,sid_tampered,tampered,unknown,train,17d5d504558245fc,blur10
1,sid_tampered,tampered,unknown,train,17d5d504558245fc,blur20
1,sid_tampered,tampered,unknown,train,17d5d504558245fc,noise005
1,sid_tampered,tampered,unknown,train,7c3d1c761c249edd,clean
1,sid_tampered,tampered,unknown,train,7c3d1c761c249edd,jpeg90
1,sid_tampered,tampered,unknown,train,7c3d1c761c249edd,jpeg70
1,sid_tampered,tampered,unknown,train,7c3d1c761c249edd,jpeg30
1,sid_tampered,tampered,unknown,train,f91a154275dcbdda,clean
1,sid_tampered,tampered,unknown,train,f91a154275dcbdda,jpeg70
1,sid_tampered,tampered,unknown,train,f91a154275dcbdda,noise005
1,sid_tampered,tampered,unknown,train,f91a154275dcbdda,crop08
1,sid_tampered,tampered,unknown,train,bad5464db700ed32,clean
1,sid_tampered,tampered,unknown,train,bad5464db700ed32,blur05
1,sid_tampered,tampered,unknown,train,bad5464db700ed32,noise01
1,sid_tampered,tampered,unknown,train,bad5464db700ed32,crop08
1,sid_tampered,tampered,unknown,train,9a47703b79c23445,clean
1,sid_tampered,tampered,unknown,train,9a47703b79c23445,jpeg70
1,sid_tampered,tampered,unknown,train,9a47703b79c23445,jpeg50
1,sid_tampered,tampered,unknown,train,9a47703b79c23445,resize05
1,sid_tampered,tampered,unknown,train,afc08e8d5dfd2140,clean
1,sid_tampered,tampered,unknown,train,afc08e8d5dfd2140,jpeg50
1,sid_tampered,tampered,unknown,train,afc08e8d5dfd2140,blur05
1,sid_tampered,tampered,unknown,train,afc08e8d5dfd2140,noise005
1,sid_tampered,tampered,unknown,train,bf38ed2b1ef80125,clean
1,sid_tampered,tampered,unknown,train,bf38ed2b1ef80125,blur10
1,sid_tampered,tampered,unknown,train,bf38ed2b1ef80125,blur20
1,sid_tampered,tampered,unknown,train,bf38ed2b1ef80125,jitter02
1,sid_tampered,tampered,unknown,train,4f77fba4f6dd3878,clean
1,sid_tampered,tampered,unknown,train,4f77fba4f6dd3878,jpeg30
1,sid_tampered,tampered,unknown,train,4f77fba4f6dd3878,noise005
1,sid_tampered,tampered,unknown,train,4f77fba4f6dd3878,noise01
1,sid_tampered,tampered,unknown,train,66f036ef7d77ad0a,clean
1,sid_tampered,tampered,unknown,train,66f036ef7d77ad0a,jpeg70
1,sid_tampered,tampered,unknown,train,66f036ef7d77ad0a,blur05
1,sid_tampered,tampered,unknown,train,66f036ef7d77ad0a,resize05
1,sid_tampered,tampered,unknown,train,eaca721813303425,clean
1,sid_tampered,tampered,unknown,train,eaca721813303425,jpeg90
1,sid_tampered,tampered,unknown,train,eaca721813303425,jpeg30
1,sid_tampered,tampered,unknown,train,eaca721813303425,jitter02
1,sid_tampered,tampered,unknown,train,ceb44ca410fece35,clean
1,sid_tampered,tampered,unknown,train,ceb44ca410fece35,jpeg70
1,sid_tampered,tampered,unknown,train,ceb44ca410fece35,noise002
1,sid_tampered,tampered,unknown,train,ceb44ca410fece35,jitter02
1,sid_tampered,tampered,unknown,train,30719ec7c81a14ce,clean
1,sid_tampered,tampered,unknown,train,30719ec7c81a14ce,resize025
1,sid_tampered,tampered,unknown,train,30719ec7c81a14ce,jitter02
1,sid_tampered,tampered,unknown,train,30719ec7c81a14ce,crop08
1,sid_tampered,tampered,unknown,train,c28e27be4ed062b1,clean
1,sid_tampered,tampered,unknown,train,c28e27be4ed062b1,jpeg90
1,sid_tampered,tampered,unknown,train,c28e27be4ed062b1,resize05
1,sid_tampered,tampered,unknown,train,c28e27be4ed062b1,resize025
1,sid_tampered,tampered,unknown,train,dd1152c0a6948da5,clean
1,sid_tampered,tampered,unknown,train,dd1152c0a6948da5,jpeg70
1,sid_tampered,tampered,unknown,train,dd1152c0a6948da5,blur05
1,sid_tampered,tampered,unknown,train,dd1152c0a6948da5,noise005
1,sid_tampered,tampered,unknown,train,6759aada41a6edc8,clean
1,sid_tampered,tampered,unknown,train,6759aada41a6edc8,jpeg90
1,sid_tampered,tampered,unknown,train,6759aada41a6edc8,jpeg70
1,sid_tampered,tampered,unknown,train,6759aada41a6edc8,blur05
1,sid_tampered,tampered,unknown,train,06a6dde582c0e27e,clean
1,sid_tampered,tampered,unknown,train,06a6dde582c0e27e,blur10
1,sid_tampered,tampered,unknown,train,06a6dde582c0e27e,resize05
1,sid_tampered,tampered,unknown,train,06a6dde582c0e27e,noise002
1,sid_tampered,tampered,unknown,train,515b4d1c4ed8c426,clean
1,sid_tampered,tampered,unknown,train,515b4d1c4ed8c426,resize05
1,sid_tampered,tampered,unknown,train,515b4d1c4ed8c426,noise002
1,sid_tampered,tampered,unknown,train,515b4d1c4ed8c426,crop08
1,sid_tampered,tampered,unknown,train,bf9b1f7a7fbea101,clean
1,sid_tampered,tampered,unknown,train,bf9b1f7a7fbea101,jpeg70
1,sid_tampered,tampered,unknown,train,bf9b1f7a7fbea101,resize05
1,sid_tampered,tampered,unknown,train,bf9b1f7a7fbea101,resize025
1,sid_tampered,tampered,unknown,train,977501595f23bffd,clean
1,sid_tampered,tampered,unknown,train,977501595f23bffd,blur05
1,sid_tampered,tampered,unknown,train,977501595f23bffd,resize025
1,sid_tampered,tampered,unknown,train,977501595f23bffd,noise005
1,sid_tampered,tampered,unknown,train,fd465063e622ca50,clean
1,sid_tampered,tampered,unknown,train,fd465063e622ca50,resize05
1,sid_tampered,tampered,unknown,train,fd465063e622ca50,noise002
1,sid_tampered,tampered,unknown,train,fd465063e622ca50,crop08
1,sid_tampered,tampered,unknown,train,39b179d8244b69cd,clean
1,sid_tampered,tampered,unknown,train,39b179d8244b69cd,blur20
1,sid_tampered,tampered,unknown,train,39b179d8244b69cd,resize025
1,sid_tampered,tampered,unknown,train,39b179d8244b69cd,jitter02
1,sid_tampered,tampered,unknown,train,9bd91388e7f0fda3,clean
1,sid_tampered,tampered,unknown,train,9bd91388e7f0fda3,jpeg50
1,sid_tampered,tampered,unknown,train,9bd91388e7f0fda3,blur05
1,sid_tampered,tampered,unknown,train,9bd91388e7f0fda3,crop08
1,sid_tampered,tampered,unknown,train,440d88220ef78dc2,clean
1,sid_tampered,tampered,unknown,train,440d88220ef78dc2,jpeg70
1,sid_tampered,tampered,unknown,train,440d88220ef78dc2,blur20
1,sid_tampered,tampered,unknown,train,440d88220ef78dc2,crop08
1,sid_tampered,tampered,unknown,train,ec317147f8366c75,clean
1,sid_tampered,tampered,unknown,train,ec317147f8366c75,jpeg90
1,sid_tampered,tampered,unknown,train,ec317147f8366c75,jpeg30
1,sid_tampered,tampered,unknown,train,ec317147f8366c75,resize05
1,sid_tampered,tampered,unknown,train,b1dd230ed07709a2,clean
1,sid_tampered,tampered,unknown,train,b1dd230ed07709a2,resize05
1,sid_tampered,tampered,unknown,train,b1dd230ed07709a2,resize025
1,sid_tampered,tampered,unknown,train,b1dd230ed07709a2,noise01
1,sid_tampered,tampered,unknown,train,fcaae397c60def36,clean
1,sid_tampered,tampered,unknown,train,fcaae397c60def36,blur20
1,sid_tampered,tampered,unknown,train,fcaae397c60def36,noise002
1,sid_tampered,tampered,unknown,train,fcaae397c60def36,noise01
1,sid_tampered,tampered,unknown,train,a006eb4f436adac6,clean
1,sid_tampered,tampered,unknown,train,a006eb4f436adac6,jpeg70
1,sid_tampered,tampered,unknown,train,a006eb4f436adac6,blur05
1,sid_tampered,tampered,unknown,train,a006eb4f436adac6,resize025
1,sid_tampered,tampered,unknown,train,09b41c81ec8a755e,clean
1,sid_tampered,tampered,unknown,train,09b41c81ec8a755e,resize05
1,sid_tampered,tampered,unknown,train,09b41c81ec8a755e,noise002
1,sid_tampered,tampered,unknown,train,09b41c81ec8a755e,crop08
1,sid_tampered,tampered,unknown,train,b614086b873c1867,clean
1,sid_tampered,tampered,unknown,train,b614086b873c1867,jpeg50
1,sid_tampered,tampered,unknown,train,b614086b873c1867,blur10
1,sid_tampered,tampered,unknown,train,b614086b873c1867,jitter02
1,sid_tampered,tampered,unknown,train,456344d4696b274d,clean
1,sid_tampered,tampered,unknown,train,456344d4696b274d,resize05
1,sid_tampered,tampered,unknown,train,456344d4696b274d,noise01
1,sid_tampered,tampered,unknown,train,456344d4696b274d,jitter02
1,sid_tampered,tampered,unknown,train,4633789f29519077,clean
1,sid_tampered,tampered,unknown,train,4633789f29519077,jpeg90
1,sid_tampered,tampered,unknown,train,4633789f29519077,jpeg30
1,sid_tampered,tampered,unknown,train,4633789f29519077,resize05
1,sid_tampered,tampered,unknown,train,cb605d2fb4dd02ff,clean
1,sid_tampered,tampered,unknown,train,cb605d2fb4dd02ff,jpeg70
1,sid_tampered,tampered,unknown,train,cb605d2fb4dd02ff,resize05
1,sid_tampered,tampered,unknown,train,cb605d2fb4dd02ff,noise005
1,sid_tampered,tampered,unknown,train,127cd80177efd314,clean
1,sid_tampered,tampered,unknown,train,127cd80177efd314,blur05
1,sid_tampered,tampered,unknown,train,127cd80177efd314,noise002
1,sid_tampered,tampered,unknown,train,127cd80177efd314,noise01
1,sid_tampered,tampered,unknown,train,1bfba58de8aadefb,clean
1,sid_tampered,tampered,unknown,train,1bfba58de8aadefb,jpeg50
1,sid_tampered,tampered,unknown,train,1bfba58de8aadefb,jpeg30
1,sid_tampered,tampered,unknown,train,1bfba58de8aadefb,blur05
1,sid_tampered,tampered,unknown,train,d0470c14e39b6107,clean
1,sid_tampered,tampered,unknown,train,d0470c14e39b6107,jpeg90
1,sid_tampered,tampered,unknown,train,d0470c14e39b6107,resize025
1,sid_tampered,tampered,unknown,train,d0470c14e39b6107,jitter02
1,sid_tampered,tampered,unknown,train,f04ebac665e16767,clean
1,sid_tampered,tampered,unknown,train,f04ebac665e16767,noise002
1,sid_tampered,tampered,unknown,train,f04ebac665e16767,noise005
1,sid_tampered,tampered,unknown,train,f04ebac665e16767,noise01
1,sid_tampered,tampered,unknown,train,b23d43ee12eee70c,clean
1,sid_tampered,tampered,unknown,train,b23d43ee12eee70c,jpeg50
1,sid_tampered,tampered,unknown,train,b23d43ee12eee70c,blur10
1,sid_tampered,tampered,unknown,train,b23d43ee12eee70c,crop08
1,sid_tampered,tampered,unknown,train,983c88fe23241a6e,clean
1,sid_tampered,tampered,unknown,train,983c88fe23241a6e,blur05
1,sid_tampered,tampered,unknown,train,983c88fe23241a6e,resize05
1,sid_tampered,tampered,unknown,train,983c88fe23241a6e,noise005
1,sid_tampered,tampered,unknown,train,a2fea44eae8cd2bb,clean
1,sid_tampered,tampered,unknown,train,a2fea44eae8cd2bb,jpeg90
1,sid_tampered,tampered,unknown,train,a2fea44eae8cd2bb,jpeg70
1,sid_tampered,tampered,unknown,train,a2fea44eae8cd2bb,noise005
1,sid_tampered,tampered,unknown,train,c9b916f72d64ba6a,clean
1,sid_tampered,tampered,unknown,train,c9b916f72d64ba6a,jpeg90
1,sid_tampered,tampered,unknown,train,c9b916f72d64ba6a,noise005
1,sid_tampered,tampered,unknown,train,c9b916f72d64ba6a,jitter02
1,sid_tampered,tampered,unknown,train,485e47d1c7cd362d,clean
1,sid_tampered,tampered,unknown,train,485e47d1c7cd362d,jpeg70
1,sid_tampered,tampered,unknown,train,485e47d1c7cd362d,blur20
1,sid_tampered,tampered,unknown,train,485e47d1c7cd362d,crop08
1,sid_tampered,tampered,unknown,train,f6a8f46fc37711d5,clean
1,sid_tampered,tampered,unknown,train,f6a8f46fc37711d5,resize025
1,sid_tampered,tampered,unknown,train,f6a8f46fc37711d5,noise002
1,sid_tampered,tampered,unknown,train,f6a8f46fc37711d5,jitter02
1,sid_tampered,tampered,unknown,train,70fa2ac9654745a3,clean
1,sid_tampered,tampered,unknown,train,70fa2ac9654745a3,resize025
1,sid_tampered,tampered,unknown,train,70fa2ac9654745a3,noise002
1,sid_tampered,tampered,unknown,train,70fa2ac9654745a3,jitter02
1,sid_tampered,tampered,unknown,train,b89b59a2dbbd3acf,clean
1,sid_tampered,tampered,unknown,train,b89b59a2dbbd3acf,jpeg50
1,sid_tampered,tampered,unknown,train,b89b59a2dbbd3acf,blur05
1,sid_tampered,tampered,unknown,train,b89b59a2dbbd3acf,noise005
1,sid_tampered,tampered,unknown,train,c01acc934c050d14,clean
1,sid_tampered,tampered,unknown,train,c01acc934c050d14,blur20
1,sid_tampered,tampered,unknown,train,c01acc934c050d14,noise005
1,sid_tampered,tampered,unknown,train,c01acc934c050d14,noise01
1,sid_tampered,tampered,unknown,train,3bd23180791e63c7,clean
1,sid_tampered,tampered,unknown,train,3bd23180791e63c7,jpeg30
1,sid_tampered,tampered,unknown,train,3bd23180791e63c7,noise002
1,sid_tampered,tampered,unknown,train,3bd23180791e63c7,noise005
1,sid_tampered,tampered,unknown,train,cf0edeecdc17dd04,clean
1,sid_tampered,tampered,unknown,train,cf0edeecdc17dd04,jpeg30
1,sid_tampered,tampered,unknown,train,cf0edeecdc17dd04,noise002
1,sid_tampered,tampered,unknown,train,cf0edeecdc17dd04,noise01
1,sid_tampered,tampered,unknown,train,1d458e6899f6060a,clean
1,sid_tampered,tampered,unknown,train,1d458e6899f6060a,jpeg90
1,sid_tampered,tampered,unknown,train,1d458e6899f6060a,blur20
1,sid_tampered,tampered,unknown,train,1d458e6899f6060a,noise002
1,sid_tampered,tampered,unknown,train,68b661b90152f5de,clean
1,sid_tampered,tampered,unknown,train,68b661b90152f5de,jpeg70
1,sid_tampered,tampered,unknown,train,68b661b90152f5de,noise005
1,sid_tampered,tampered,unknown,train,68b661b90152f5de,noise01
1,sid_tampered,tampered,unknown,train,6368585f71a31b58,clean
1,sid_tampered,tampered,unknown,train,6368585f71a31b58,jpeg70
1,sid_tampered,tampered,unknown,train,6368585f71a31b58,blur10
1,sid_tampered,tampered,unknown,train,6368585f71a31b58,noise005
1,sid_tampered,tampered,unknown,train,de2bd38da9979574,clean
1,sid_tampered,tampered,unknown,train,de2bd38da9979574,jpeg90
1,sid_tampered,tampered,unknown,train,de2bd38da9979574,jpeg50
1,sid_tampered,tampered,unknown,train,de2bd38da9979574,blur10
1,sid_tampered,tampered,unknown,train,4a266c638ef49043,clean
1,sid_tampered,tampered,unknown,train,4a266c638ef49043,blur05
1,sid_tampered,tampered,unknown,train,4a266c638ef49043,resize05
1,sid_tampered,tampered,unknown,train,4a266c638ef49043,crop08
1,sid_tampered,tampered,unknown,train,1e60e747fd7abb72,clean
1,sid_tampered,tampered,unknown,train,1e60e747fd7abb72,resize05
1,sid_tampered,tampered,unknown,train,1e60e747fd7abb72,noise005
1,sid_tampered,tampered,unknown,train,1e60e747fd7abb72,crop08
1,sid_tampered,tampered,unknown,train,9e81d192a7c55c66,clean
1,sid_tampered,tampered,unknown,train,9e81d192a7c55c66,jpeg90
1,sid_tampered,tampered,unknown,train,9e81d192a7c55c66,blur10
1,sid_tampered,tampered,unknown,train,9e81d192a7c55c66,blur20
1,sid_tampered,tampered,unknown,train,d7e75a0472365b42,clean
1,sid_tampered,tampered,unknown,train,d7e75a0472365b42,jpeg70
1,sid_tampered,tampered,unknown,train,d7e75a0472365b42,blur05
1,sid_tampered,tampered,unknown,train,d7e75a0472365b42,crop08
1,sid_tampered,tampered,unknown,train,6437f249cf90c98b,clean
1,sid_tampered,tampered,unknown,train,6437f249cf90c98b,jpeg90
1,sid_tampered,tampered,unknown,train,6437f249cf90c98b,blur05
1,sid_tampered,tampered,unknown,train,6437f249cf90c98b,resize025
1,sid_tampered,tampered,unknown,train,a3a41c43b72edc03,clean
1,sid_tampered,tampered,unknown,train,a3a41c43b72edc03,blur05
1,sid_tampered,tampered,unknown,train,a3a41c43b72edc03,noise01
1,sid_tampered,tampered,unknown,train,a3a41c43b72edc03,crop08
1,sid_tampered,tampered,unknown,train,2e204c408c1a5c90,clean
1,sid_tampered,tampered,unknown,train,2e204c408c1a5c90,blur20
1,sid_tampered,tampered,unknown,train,2e204c408c1a5c90,noise01
1,sid_tampered,tampered,unknown,train,2e204c408c1a5c90,crop08
1,sid_tampered,tampered,unknown,train,ac865098fce94aaa,clean
1,sid_tampered,tampered,unknown,train,ac865098fce94aaa,jpeg50
1,sid_tampered,tampered,unknown,train,ac865098fce94aaa,blur10
1,sid_tampered,tampered,unknown,train,ac865098fce94aaa,resize05
1,sid_tampered,tampered,unknown,train,d9d7d7d8534f9985,clean
1,sid_tampered,tampered,unknown,train,d9d7d7d8534f9985,blur10
1,sid_tampered,tampered,unknown,train,d9d7d7d8534f9985,resize05
1,sid_tampered,tampered,unknown,train,d9d7d7d8534f9985,noise005
1,sid_tampered,tampered,unknown,train,c5a5671fecbd726c,clean
1,sid_tampered,tampered,unknown,train,c5a5671fecbd726c,jpeg90
1,sid_tampered,tampered,unknown,train,c5a5671fecbd726c,jpeg50
1,sid_tampered,tampered,unknown,train,c5a5671fecbd726c,jpeg30
1,sid_tampered,tampered,unknown,train,af65b79221ba5910,clean
1,sid_tampered,tampered,unknown,train,af65b79221ba5910,blur05
1,sid_tampered,tampered,unknown,train,af65b79221ba5910,blur20
1,sid_tampered,tampered,unknown,train,af65b79221ba5910,crop08
1,sid_tampered,tampered,unknown,train,55fac07106ee6932,clean
1,sid_tampered,tampered,unknown,train,55fac07106ee6932,blur10
1,sid_tampered,tampered,unknown,train,55fac07106ee6932,blur20
1,sid_tampered,tampered,unknown,train,55fac07106ee6932,crop08
1,sid_tampered,tampered,unknown,train,5c775b786ceeea9d,clean
1,sid_tampered,tampered,unknown,train,5c775b786ceeea9d,jpeg70
1,sid_tampered,tampered,unknown,train,5c775b786ceeea9d,jpeg30
1,sid_tampered,tampered,unknown,train,5c775b786ceeea9d,noise002
1,sid_tampered,tampered,unknown,train,2312dcd01ee419fe,clean
1,sid_tampered,tampered,unknown,train,2312dcd01ee419fe,jpeg90
1,sid_tampered,tampered,unknown,train,2312dcd01ee419fe,jpeg70
1,sid_tampered,tampered,unknown,train,2312dcd01ee419fe,jitter02
1,sid_tampered,tampered,unknown,train,7ee00d064da77584,clean
1,sid_tampered,tampered,unknown,train,7ee00d064da77584,jpeg50
1,sid_tampered,tampered,unknown,train,7ee00d064da77584,blur10
1,sid_tampered,tampered,unknown,train,7ee00d064da77584,resize025
1,sid_tampered,tampered,unknown,train,39ff1970b534d5db,clean
1,sid_tampered,tampered,unknown,train,39ff1970b534d5db,jpeg90
1,sid_tampered,tampered,unknown,train,39ff1970b534d5db,blur05
1,sid_tampered,tampered,unknown,train,39ff1970b534d5db,resize025
1,sid_tampered,tampered,unknown,train,9b446ea456bfc07a,clean
1,sid_tampered,tampered,unknown,train,9b446ea456bfc07a,blur05
1,sid_tampered,tampered,unknown,train,9b446ea456bfc07a,blur10
1,sid_tampered,tampered,unknown,train,9b446ea456bfc07a,noise01
1,sid_tampered,tampered,unknown,train,4abd9cdfbe37b7d1,clean
1,sid_tampered,tampered,unknown,train,4abd9cdfbe37b7d1,jpeg90
1,sid_tampered,tampered,unknown,train,4abd9cdfbe37b7d1,resize025
1,sid_tampered,tampered,unknown,train,4abd9cdfbe37b7d1,noise005
1,sid_tampered,tampered,unknown,train,f93c9397feb875b6,clean
1,sid_tampered,tampered,unknown,train,f93c9397feb875b6,jpeg50
1,sid_tampered,tampered,unknown,train,f93c9397feb875b6,jpeg30
1,sid_tampered,tampered,unknown,train,f93c9397feb875b6,blur05
1,sid_tampered,tampered,unknown,train,14b506dd67ae592d,clean
1,sid_tampered,tampered,unknown,train,14b506dd67ae592d,jpeg30
1,sid_tampered,tampered,unknown,train,14b506dd67ae592d,blur05
1,sid_tampered,tampered,unknown,train,14b506dd67ae592d,noise01
1,sid_tampered,tampered,unknown,train,2e974fe28d9af4f8,clean
1,sid_tampered,tampered,unknown,train,2e974fe28d9af4f8,jpeg90
1,sid_tampered,tampered,unknown,train,2e974fe28d9af4f8,resize025
1,sid_tampered,tampered,unknown,train,2e974fe28d9af4f8,jitter02
1,sid_tampered,tampered,unknown,train,ddc6a09c2064da5f,clean
1,sid_tampered,tampered,unknown,train,ddc6a09c2064da5f,resize05
1,sid_tampered,tampered,unknown,train,ddc6a09c2064da5f,noise01
1,sid_tampered,tampered,unknown,train,ddc6a09c2064da5f,jitter02
1,sid_tampered,tampered,unknown,train,b44355495b642503,clean
1,sid_tampered,tampered,unknown,train,b44355495b642503,jpeg30
1,sid_tampered,tampered,unknown,train,b44355495b642503,resize025
1,sid_tampered,tampered,unknown,train,b44355495b642503,jitter02
1,sid_tampered,tampered,unknown,train,149073ea50299a27,clean
1,sid_tampered,tampered,unknown,train,149073ea50299a27,blur10
1,sid_tampered,tampered,unknown,train,149073ea50299a27,resize05
1,sid_tampered,tampered,unknown,train,149073ea50299a27,crop08
1,sid_tampered,tampered,unknown,train,dafb0c5c78eafd26,clean
1,sid_tampered,tampered,unknown,train,dafb0c5c78eafd26,blur05
1,sid_tampered,tampered,unknown,train,dafb0c5c78eafd26,resize025
1,sid_tampered,tampered,unknown,train,dafb0c5c78eafd26,jitter02
1,sid_tampered,tampered,unknown,train,b542c7ff7ddb7afa,clean
1,sid_tampered,tampered,unknown,train,b542c7ff7ddb7afa,blur10
1,sid_tampered,tampered,unknown,train,b542c7ff7ddb7afa,noise002
1,sid_tampered,tampered,unknown,train,b542c7ff7ddb7afa,jitter02
1,sid_tampered,tampered,unknown,train,06ce9d8f5f8840a0,clean
1,sid_tampered,tampered,unknown,train,06ce9d8f5f8840a0,blur05
1,sid_tampered,tampered,unknown,train,06ce9d8f5f8840a0,resize025
1,sid_tampered,tampered,unknown,train,06ce9d8f5f8840a0,noise002
1,sid_tampered,tampered,unknown,train,118921f39e6afe61,clean
1,sid_tampered,tampered,unknown,train,118921f39e6afe61,jpeg90
1,sid_tampered,tampered,unknown,train,118921f39e6afe61,resize05
1,sid_tampered,tampered,unknown,train,118921f39e6afe61,jitter02
1,sid_tampered,tampered,unknown,train,198f63394df7eee8,clean
1,sid_tampered,tampered,unknown,train,198f63394df7eee8,jpeg90
1,sid_tampered,tampered,unknown,train,198f63394df7eee8,resize025
1,sid_tampered,tampered,unknown,train,198f63394df7eee8,noise005
1,sid_tampered,tampered,unknown,train,d0026aba245da2d9,clean
1,sid_tampered,tampered,unknown,train,d0026aba245da2d9,resize05
1,sid_tampered,tampered,unknown,train,d0026aba245da2d9,resize025
1,sid_tampered,tampered,unknown,train,d0026aba245da2d9,noise005
1,sid_tampered,tampered,unknown,train,bcd03d9adf8ab79b,clean
1,sid_tampered,tampered,unknown,train,bcd03d9adf8ab79b,blur05
1,sid_tampered,tampered,unknown,train,bcd03d9adf8ab79b,blur10
1,sid_tampered,tampered,unknown,train,bcd03d9adf8ab79b,noise01
1,sid_tampered,tampered,unknown,train,d6675b52d6c6b737,clean
1,sid_tampered,tampered,unknown,train,d6675b52d6c6b737,blur10
1,sid_tampered,tampered,unknown,train,d6675b52d6c6b737,resize025
1,sid_tampered,tampered,unknown,train,d6675b52d6c6b737,crop08
1,sid_tampered,tampered,unknown,train,ffc66306dc577c65,clean
1,sid_tampered,tampered,unknown,train,ffc66306dc577c65,jpeg90
1,sid_tampered,tampered,unknown,train,ffc66306dc577c65,resize05
1,sid_tampered,tampered,unknown,train,ffc66306dc577c65,resize025
1,sid_tampered,tampered,unknown,train,09857431cba6126e,clean
1,sid_tampered,tampered,unknown,train,09857431cba6126e,blur05
1,sid_tampered,tampered,unknown,train,09857431cba6126e,blur20
1,sid_tampered,tampered,unknown,train,09857431cba6126e,resize05
1,sid_tampered,tampered,unknown,train,8e7795e5cf85fa7e,clean
1,sid_tampered,tampered,unknown,train,8e7795e5cf85fa7e,jpeg70
1,sid_tampered,tampered,unknown,train,8e7795e5cf85fa7e,jpeg50
1,sid_tampered,tampered,unknown,train,8e7795e5cf85fa7e,jpeg30
1,sid_tampered,tampered,unknown,train,5373a52f26aa1401,clean
1,sid_tampered,tampered,unknown,train,5373a52f26aa1401,jpeg90
1,sid_tampered,tampered,unknown,train,5373a52f26aa1401,jpeg30
1,sid_tampered,tampered,unknown,train,5373a52f26aa1401,noise002
1,sid_tampered,tampered,unknown,train,925529083624509b,clean
1,sid_tampered,tampered,unknown,train,925529083624509b,jpeg50
1,sid_tampered,tampered,unknown,train,925529083624509b,jpeg30
1,sid_tampered,tampered,unknown,train,925529083624509b,noise002
1,sid_tampered,tampered,unknown,train,594c74da3ecbc390,clean
1,sid_tampered,tampered,unknown,train,594c74da3ecbc390,blur20
1,sid_tampered,tampered,unknown,train,594c74da3ecbc390,noise005
1,sid_tampered,tampered,unknown,train,594c74da3ecbc390,crop08
1,sid_tampered,tampered,unknown,train,7ad8df111891f7a5,clean
1,sid_tampered,tampered,unknown,train,7ad8df111891f7a5,blur10
1,sid_tampered,tampered,unknown,train,7ad8df111891f7a5,noise002
1,sid_tampered,tampered,unknown,train,7ad8df111891f7a5,noise01
1,sid_tampered,tampered,unknown,train,e3b645eb1bd1ffb9,clean
1,sid_tampered,tampered,unknown,train,e3b645eb1bd1ffb9,jpeg30
1,sid_tampered,tampered,unknown,train,e3b645eb1bd1ffb9,blur20
1,sid_tampered,tampered,unknown,train,e3b645eb1bd1ffb9,noise005
1,sid_tampered,tampered,unknown,train,7164f8d99974738e,clean
1,sid_tampered,tampered,unknown,train,7164f8d99974738e,jpeg90
1,sid_tampered,tampered,unknown,train,7164f8d99974738e,resize025
1,sid_tampered,tampered,unknown,train,7164f8d99974738e,jitter02
1,sid_tampered,tampered,unknown,train,c0945bb9819d134f,clean
1,sid_tampered,tampered,unknown,train,c0945bb9819d134f,jpeg90
1,sid_tampered,tampered,unknown,train,c0945bb9819d134f,jpeg30
1,sid_tampered,tampered,unknown,train,c0945bb9819d134f,blur05
1,sid_tampered,tampered,unknown,train,f59959fa0e932525,clean
1,sid_tampered,tampered,unknown,train,f59959fa0e932525,blur10
1,sid_tampered,tampered,unknown,train,f59959fa0e932525,blur20
1,sid_tampered,tampered,unknown,train,f59959fa0e932525,crop08
1,sid_tampered,tampered,unknown,train,7413d9f4470a1b31,clean
1,sid_tampered,tampered,unknown,train,7413d9f4470a1b31,jpeg50
1,sid_tampered,tampered,unknown,train,7413d9f4470a1b31,blur10
1,sid_tampered,tampered,unknown,train,7413d9f4470a1b31,blur20
1,sid_tampered,tampered,unknown,train,e959219c6733087c,clean
1,sid_tampered,tampered,unknown,train,e959219c6733087c,jpeg50
1,sid_tampered,tampered,unknown,train,e959219c6733087c,blur10
1,sid_tampered,tampered,unknown,train,e959219c6733087c,resize025
1,sid_tampered,tampered,unknown,train,69c2f02b7c723bd5,clean
1,sid_tampered,tampered,unknown,train,69c2f02b7c723bd5,jpeg50
1,sid_tampered,tampered,unknown,train,69c2f02b7c723bd5,resize025
1,sid_tampered,tampered,unknown,train,69c2f02b7c723bd5,noise005
1,sid_tampered,tampered,unknown,train,a82b6e6680de9936,clean
1,sid_tampered,tampered,unknown,train,a82b6e6680de9936,jpeg70
1,sid_tampered,tampered,unknown,train,a82b6e6680de9936,jpeg50
1,sid_tampered,tampered,unknown,train,a82b6e6680de9936,noise002
1,sid_tampered,tampered,unknown,train,55a7a12b5ee85773,clean
1,sid_tampered,tampered,unknown,train,55a7a12b5ee85773,jpeg30
1,sid_tampered,tampered,unknown,train,55a7a12b5ee85773,blur05
1,sid_tampered,tampered,unknown,train,55a7a12b5ee85773,noise002
1,sid_tampered,tampered,unknown,train,b536296d00fd012e,clean
1,sid_tampered,tampered,unknown,train,b536296d00fd012e,jpeg70
1,sid_tampered,tampered,unknown,train,b536296d00fd012e,jpeg30
1,sid_tampered,tampered,unknown,train,b536296d00fd012e,blur20
1,sid_tampered,tampered,unknown,train,4469401d8899f3b9,clean
1,sid_tampered,tampered,unknown,train,4469401d8899f3b9,jpeg70
1,sid_tampered,tampered,unknown,train,4469401d8899f3b9,blur10
1,sid_tampered,tampered,unknown,train,4469401d8899f3b9,resize025
1,sid_tampered,tampered,unknown,train,e327ff7afab4e00f,clean
1,sid_tampered,tampered,unknown,train,e327ff7afab4e00f,jpeg90
1,sid_tampered,tampered,unknown,train,e327ff7afab4e00f,jpeg30
1,sid_tampered,tampered,unknown,train,e327ff7afab4e00f,noise005
1,sid_tampered,tampered,unknown,train,11bdf7847c2540c9,clean
1,sid_tampered,tampered,unknown,train,11bdf7847c2540c9,jpeg70
1,sid_tampered,tampered,unknown,train,11bdf7847c2540c9,jpeg30
1,sid_tampered,tampered,unknown,train,11bdf7847c2540c9,resize05
1,sid_tampered,tampered,unknown,train,29e8e0a7b004b131,clean
1,sid_tampered,tampered,unknown,train,29e8e0a7b004b131,jpeg70
1,sid_tampered,tampered,unknown,train,29e8e0a7b004b131,blur10
1,sid_tampered,tampered,unknown,train,29e8e0a7b004b131,resize05
1,sid_tampered,tampered,unknown,train,58e6931321f89760,clean
1,sid_tampered,tampered,unknown,train,58e6931321f89760,blur10
1,sid_tampered,tampered,unknown,train,58e6931321f89760,resize025
1,sid_tampered,tampered,unknown,train,58e6931321f89760,noise01
1,sid_tampered,tampered,unknown,train,694172156b29bdec,clean
1,sid_tampered,tampered,unknown,train,694172156b29bdec,jpeg90
1,sid_tampered,tampered,unknown,train,694172156b29bdec,blur05
1,sid_tampered,tampered,unknown,train,694172156b29bdec,crop08
1,sid_tampered,tampered,unknown,train,a78783cbdfd55b5d,clean
1,sid_tampered,tampered,unknown,train,a78783cbdfd55b5d,jpeg70
1,sid_tampered,tampered,unknown,train,a78783cbdfd55b5d,blur05
1,sid_tampered,tampered,unknown,train,a78783cbdfd55b5d,blur10
1,sid_tampered,tampered,unknown,train,bbb4964a0a58aac0,clean
1,sid_tampered,tampered,unknown,train,bbb4964a0a58aac0,jpeg90
1,sid_tampered,tampered,unknown,train,bbb4964a0a58aac0,jpeg30
1,sid_tampered,tampered,unknown,train,bbb4964a0a58aac0,resize05
1,sid_tampered,tampered,unknown,train,29da217c2d20a116,clean
1,sid_tampered,tampered,unknown,train,29da217c2d20a116,jpeg30
1,sid_tampered,tampered,unknown,train,29da217c2d20a116,blur20
1,sid_tampered,tampered,unknown,train,29da217c2d20a116,noise01
1,sid_tampered,tampered,unknown,train,6caadf21fd8e9a1e,clean
1,sid_tampered,tampered,unknown,train,6caadf21fd8e9a1e,blur20
1,sid_tampered,tampered,unknown,train,6caadf21fd8e9a1e,noise01
1,sid_tampered,tampered,unknown,train,6caadf21fd8e9a1e,crop08
1,sid_tampered,tampered,unknown,train,a3f24c92f2c099bb,clean
1,sid_tampered,tampered,unknown,train,a3f24c92f2c099bb,jpeg70
1,sid_tampered,tampered,unknown,train,a3f24c92f2c099bb,resize05
1,sid_tampered,tampered,unknown,train,a3f24c92f2c099bb,noise005
1,sid_tampered,tampered,unknown,train,ea76652da304b7b5,clean
1,sid_tampered,tampered,unknown,train,ea76652da304b7b5,resize05
1,sid_tampered,tampered,unknown,train,ea76652da304b7b5,noise005
1,sid_tampered,tampered,unknown,train,ea76652da304b7b5,noise01
1,sid_tampered,tampered,unknown,train,c4c9966a34ef7ff7,clean
1,sid_tampered,tampered,unknown,train,c4c9966a34ef7ff7,jpeg70
1,sid_tampered,tampered,unknown,train,c4c9966a34ef7ff7,blur05
1,sid_tampered,tampered,unknown,train,c4c9966a34ef7ff7,noise01
1,sid_tampered,tampered,unknown,train,a63db17de2f19497,clean
1,sid_tampered,tampered,unknown,train,a63db17de2f19497,jpeg70
1,sid_tampered,tampered,unknown,train,a63db17de2f19497,jpeg30
1,sid_tampered,tampered,unknown,train,a63db17de2f19497,resize025
1,sid_tampered,tampered,unknown,train,3d0f344ea8c254bb,clean
1,sid_tampered,tampered,unknown,train,3d0f344ea8c254bb,jpeg70
1,sid_tampered,tampered,unknown,train,3d0f344ea8c254bb,jpeg50
1,sid_tampered,tampered,unknown,train,3d0f344ea8c254bb,blur05
1,sid_tampered,tampered,unknown,train,7d8fb8d28e512f89,clean
1,sid_tampered,tampered,unknown,train,7d8fb8d28e512f89,jpeg90
1,sid_tampered,tampered,unknown,train,7d8fb8d28e512f89,resize025
1,sid_tampered,tampered,unknown,train,7d8fb8d28e512f89,noise005
1,sid_tampered,tampered,unknown,train,69f8ff49ac35dd6f,clean
1,sid_tampered,tampered,unknown,train,69f8ff49ac35dd6f,resize025
1,sid_tampered,tampered,unknown,train,69f8ff49ac35dd6f,noise01
1,sid_tampered,tampered,unknown,train,69f8ff49ac35dd6f,crop08
1,sid_tampered,tampered,unknown,train,e9049799f9d2af88,clean
1,sid_tampered,tampered,unknown,train,e9049799f9d2af88,jpeg70
1,sid_tampered,tampered,unknown,train,e9049799f9d2af88,blur05
1,sid_tampered,tampered,unknown,train,e9049799f9d2af88,jitter02
1,sid_tampered,tampered,unknown,train,9880f4ed79c22b4e,clean
1,sid_tampered,tampered,unknown,train,9880f4ed79c22b4e,blur10
1,sid_tampered,tampered,unknown,train,9880f4ed79c22b4e,noise002
1,sid_tampered,tampered,unknown,train,9880f4ed79c22b4e,jitter02
1,sid_tampered,tampered,unknown,train,94d3ed3674e1e278,clean
1,sid_tampered,tampered,unknown,train,94d3ed3674e1e278,jpeg30
1,sid_tampered,tampered,unknown,train,94d3ed3674e1e278,noise005
1,sid_tampered,tampered,unknown,train,94d3ed3674e1e278,crop08
1,sid_tampered,tampered,unknown,train,59deee0f4ed54a16,clean
1,sid_tampered,tampered,unknown,train,59deee0f4ed54a16,jpeg90
1,sid_tampered,tampered,unknown,train,59deee0f4ed54a16,jpeg70
1,sid_tampered,tampered,unknown,train,59deee0f4ed54a16,blur10
1,sid_tampered,tampered,unknown,train,e0ae10269ddefdf6,clean
1,sid_tampered,tampered,unknown,train,e0ae10269ddefdf6,jpeg50
1,sid_tampered,tampered,unknown,train,e0ae10269ddefdf6,noise002
1,sid_tampered,tampered,unknown,train,e0ae10269ddefdf6,jitter02
1,sid_tampered,tampered,unknown,train,481e66d0ce018678,clean
1,sid_tampered,tampered,unknown,train,481e66d0ce018678,jpeg90
1,sid_tampered,tampered,unknown,train,481e66d0ce018678,noise005
1,sid_tampered,tampered,unknown,train,481e66d0ce018678,jitter02
1,sid_tampered,tampered,unknown,train,2d2ddbbcef033983,clean
1,sid_tampered,tampered,unknown,train,2d2ddbbcef033983,jpeg50
1,sid_tampered,tampered,unknown,train,2d2ddbbcef033983,resize025
1,sid_tampered,tampered,unknown,train,2d2ddbbcef033983,crop08
1,sid_tampered,tampered,unknown,train,8a1f9055d135f6c2,clean
1,sid_tampered,tampered,unknown,train,8a1f9055d135f6c2,jpeg90
1,sid_tampered,tampered,unknown,train,8a1f9055d135f6c2,blur05
1,sid_tampered,tampered,unknown,train,8a1f9055d135f6c2,noise002
1,sid_tampered,tampered,unknown,train,b41fd18aa5ae3803,clean
1,sid_tampered,tampered,unknown,train,b41fd18aa5ae3803,jpeg90
1,sid_tampered,tampered,unknown,train,b41fd18aa5ae3803,jpeg50
1,sid_tampered,tampered,unknown,train,b41fd18aa5ae3803,noise002
1,sid_tampered,tampered,unknown,train,798c6893dd3f094a,clean
1,sid_tampered,tampered,unknown,train,798c6893dd3f094a,jpeg50
1,sid_tampered,tampered,unknown,train,798c6893dd3f094a,blur05
1,sid_tampered,tampered,unknown,train,798c6893dd3f094a,blur10
1,sid_tampered,tampered,unknown,train,f584a1139fae952d,clean
1,sid_tampered,tampered,unknown,train,f584a1139fae952d,jpeg50
1,sid_tampered,tampered,unknown,train,f584a1139fae952d,blur05
1,sid_tampered,tampered,unknown,train,f584a1139fae952d,noise002
1,sid_tampered,tampered,unknown,train,c02038201506e00f,clean
1,sid_tampered,tampered,unknown,train,c02038201506e00f,blur20
1,sid_tampered,tampered,unknown,train,c02038201506e00f,resize025
1,sid_tampered,tampered,unknown,train,c02038201506e00f,noise01
1,sid_tampered,tampered,unknown,train,2d63569cf226c5fd,clean
1,sid_tampered,tampered,unknown,train,2d63569cf226c5fd,blur20
1,sid_tampered,tampered,unknown,train,2d63569cf226c5fd,resize025
1,sid_tampered,tampered,unknown,train,2d63569cf226c5fd,crop08
1,sid_tampered,tampered,unknown,train,8712cb03e13b3103,clean
1,sid_tampered,tampered,unknown,train,8712cb03e13b3103,blur20
1,sid_tampered,tampered,unknown,train,8712cb03e13b3103,noise002
1,sid_tampered,tampered,unknown,train,8712cb03e13b3103,noise005
1,sid_tampered,tampered,unknown,train,826b313862c2d05e,clean
1,sid_tampered,tampered,unknown,train,826b313862c2d05e,jpeg90
1,sid_tampered,tampered,unknown,train,826b313862c2d05e,noise005
1,sid_tampered,tampered,unknown,train,826b313862c2d05e,jitter02
1,sid_tampered,tampered,unknown,train,c0f0134e1ba68934,clean
1,sid_tampered,tampered,unknown,train,c0f0134e1ba68934,jpeg90
1,sid_tampered,tampered,unknown,train,c0f0134e1ba68934,jpeg30
1,sid_tampered,tampered,unknown,train,c0f0134e1ba68934,resize05
1,sid_tampered,tampered,unknown,train,52d65d1f455075dd,clean
1,sid_tampered,tampered,unknown,train,52d65d1f455075dd,jpeg50
1,sid_tampered,tampered,unknown,train,52d65d1f455075dd,blur05
1,sid_tampered,tampered,unknown,train,52d65d1f455075dd,jitter02
1,sid_tampered,tampered,unknown,train,7557dad26f3b6535,clean
1,sid_tampered,tampered,unknown,train,7557dad26f3b6535,jpeg90
1,sid_tampered,tampered,unknown,train,7557dad26f3b6535,blur05
1,sid_tampered,tampered,unknown,train,7557dad26f3b6535,noise005
1,sid_tampered,tampered,unknown,train,068c2d191525f977,clean
1,sid_tampered,tampered,unknown,train,068c2d191525f977,jpeg70
1,sid_tampered,tampered,unknown,train,068c2d191525f977,jpeg50
1,sid_tampered,tampered,unknown,train,068c2d191525f977,noise005
1,sid_tampered,tampered,unknown,train,d94a62a2e4192cff,clean
1,sid_tampered,tampered,unknown,train,d94a62a2e4192cff,resize05
1,sid_tampered,tampered,unknown,train,d94a62a2e4192cff,jitter02
1,sid_tampered,tampered,unknown,train,d94a62a2e4192cff,crop08
1,sid_tampered,tampered,unknown,train,ef0898d22ce09b29,clean
1,sid_tampered,tampered,unknown,train,ef0898d22ce09b29,jpeg90
1,sid_tampered,tampered,unknown,train,ef0898d22ce09b29,blur05
1,sid_tampered,tampered,unknown,train,ef0898d22ce09b29,noise01
1,sid_tampered,tampered,unknown,train,a7c8fddb534aa20e,clean
1,sid_tampered,tampered,unknown,train,a7c8fddb534aa20e,jpeg90
1,sid_tampered,tampered,unknown,train,a7c8fddb534aa20e,jpeg30
1,sid_tampered,tampered,unknown,train,a7c8fddb534aa20e,crop08
1,sid_tampered,tampered,unknown,train,57978271de15598f,clean
1,sid_tampered,tampered,unknown,train,57978271de15598f,jpeg70
1,sid_tampered,tampered,unknown,train,57978271de15598f,blur05
1,sid_tampered,tampered,unknown,train,57978271de15598f,resize025
1,sid_tampered,tampered,unknown,train,97a58e621637d7f3,clean
1,sid_tampered,tampered,unknown,train,97a58e621637d7f3,jpeg70
1,sid_tampered,tampered,unknown,train,97a58e621637d7f3,blur20
1,sid_tampered,tampered,unknown,train,97a58e621637d7f3,crop08
1,sid_tampered,tampered,unknown,train,c312e306acf74998,clean
1,sid_tampered,tampered,unknown,train,c312e306acf74998,blur10
1,sid_tampered,tampered,unknown,train,c312e306acf74998,resize05
1,sid_tampered,tampered,unknown,train,c312e306acf74998,noise005
1,sid_tampered,tampered,unknown,train,0ee7fd65aaf6f223,clean
1,sid_tampered,tampered,unknown,train,0ee7fd65aaf6f223,blur05
1,sid_tampered,tampered,unknown,train,0ee7fd65aaf6f223,blur10
1,sid_tampered,tampered,unknown,train,0ee7fd65aaf6f223,crop08
1,sid_tampered,tampered,unknown,train,1e7eba723d803468,clean
1,sid_tampered,tampered,unknown,train,1e7eba723d803468,blur05
1,sid_tampered,tampered,unknown,train,1e7eba723d803468,blur20
1,sid_tampered,tampered,unknown,train,1e7eba723d803468,crop08
1,sid_tampered,tampered,unknown,train,67e7f88230385d60,clean
1,sid_tampered,tampered,unknown,train,67e7f88230385d60,jpeg50
1,sid_tampered,tampered,unknown,train,67e7f88230385d60,noise01
1,sid_tampered,tampered,unknown,train,67e7f88230385d60,crop08
1,sid_tampered,tampered,unknown,train,53c800fa3a795b24,clean
1,sid_tampered,tampered,unknown,train,53c800fa3a795b24,jpeg30
1,sid_tampered,tampered,unknown,train,53c800fa3a795b24,noise002
1,sid_tampered,tampered,unknown,train,53c800fa3a795b24,noise01
1,sid_tampered,tampered,unknown,train,c7f186cf43eb2dcf,clean
1,sid_tampered,tampered,unknown,train,c7f186cf43eb2dcf,blur10
1,sid_tampered,tampered,unknown,train,c7f186cf43eb2dcf,resize05
1,sid_tampered,tampered,unknown,train,c7f186cf43eb2dcf,resize025
1,sid_tampered,tampered,unknown,train,d2b321f0bd689a37,clean
1,sid_tampered,tampered,unknown,train,d2b321f0bd689a37,jpeg30
1,sid_tampered,tampered,unknown,train,d2b321f0bd689a37,blur20
1,sid_tampered,tampered,unknown,train,d2b321f0bd689a37,resize05
1,sid_tampered,tampered,unknown,train,2813aac04c16d96f,clean
1,sid_tampered,tampered,unknown,train,2813aac04c16d96f,jpeg50
1,sid_tampered,tampered,unknown,train,2813aac04c16d96f,resize025
1,sid_tampered,tampered,unknown,train,2813aac04c16d96f,noise005
1,sid_tampered,tampered,unknown,train,909366ec49f3e9e6,clean
1,sid_tampered,tampered,unknown,train,909366ec49f3e9e6,noise002
1,sid_tampered,tampered,unknown,train,909366ec49f3e9e6,noise01
1,sid_tampered,tampered,unknown,train,909366ec49f3e9e6,jitter02
1,sid_tampered,tampered,unknown,train,841c0042b37f9944,clean
1,sid_tampered,tampered,unknown,train,841c0042b37f9944,jpeg50
1,sid_tampered,tampered,unknown,train,841c0042b37f9944,resize025
1,sid_tampered,tampered,unknown,train,841c0042b37f9944,crop08
1,sid_tampered,tampered,unknown,train,289ee304cc9ecd53,clean
1,sid_tampered,tampered,unknown,train,289ee304cc9ecd53,jpeg90
1,sid_tampered,tampered,unknown,train,289ee304cc9ecd53,blur10
1,sid_tampered,tampered,unknown,train,289ee304cc9ecd53,noise005
1,sid_tampered,tampered,unknown,train,0c1b0bbfafaa90aa,clean
1,sid_tampered,tampered,unknown,train,0c1b0bbfafaa90aa,blur20
1,sid_tampered,tampered,unknown,train,0c1b0bbfafaa90aa,noise002
1,sid_tampered,tampered,unknown,train,0c1b0bbfafaa90aa,noise01
1,sid_tampered,tampered,unknown,train,27b2f28c1dc82a45,clean
1,sid_tampered,tampered,unknown,train,27b2f28c1dc82a45,jpeg50
1,sid_tampered,tampered,unknown,train,27b2f28c1dc82a45,blur10
1,sid_tampered,tampered,unknown,train,27b2f28c1dc82a45,jitter02
1,sid_tampered,tampered,unknown,train,ce4c5cb7a4023c0a,clean
1,sid_tampered,tampered,unknown,train,ce4c5cb7a4023c0a,jpeg70
1,sid_tampered,tampered,unknown,train,ce4c5cb7a4023c0a,jpeg50
1,sid_tampered,tampered,unknown,train,ce4c5cb7a4023c0a,jitter02
1,sid_tampered,tampered,unknown,train,5994edec28d9dede,clean
1,sid_tampered,tampered,unknown,train,5994edec28d9dede,jpeg90
1,sid_tampered,tampered,unknown,train,5994edec28d9dede,blur10
1,sid_tampered,tampered,unknown,train,5994edec28d9dede,noise002
1,sid_tampered,tampered,unknown,train,dd3df17c3d5998b2,clean
1,sid_tampered,tampered,unknown,train,dd3df17c3d5998b2,blur10
1,sid_tampered,tampered,unknown,train,dd3df17c3d5998b2,blur20
1,sid_tampered,tampered,unknown,train,dd3df17c3d5998b2,crop08
1,sid_tampered,tampered,unknown,train,822928fe39a1630c,clean
1,sid_tampered,tampered,unknown,train,822928fe39a1630c,jpeg30
1,sid_tampered,tampered,unknown,train,822928fe39a1630c,resize025
1,sid_tampered,tampered,unknown,train,822928fe39a1630c,crop08
1,sid_tampered,tampered,unknown,train,26cc42eb8b44b441,clean
1,sid_tampered,tampered,unknown,train,26cc42eb8b44b441,resize025
1,sid_tampered,tampered,unknown,train,26cc42eb8b44b441,noise002
1,sid_tampered,tampered,unknown,train,26cc42eb8b44b441,jitter02
1,sid_tampered,tampered,unknown,train,50e48fa66e780b7d,clean
1,sid_tampered,tampered,unknown,train,50e48fa66e780b7d,blur10
1,sid_tampered,tampered,unknown,train,50e48fa66e780b7d,resize025
1,sid_tampered,tampered,unknown,train,50e48fa66e780b7d,noise002
1,sid_tampered,tampered,unknown,train,32aa40c24ea85de1,clean
1,sid_tampered,tampered,unknown,train,32aa40c24ea85de1,jpeg90
1,sid_tampered,tampered,unknown,train,32aa40c24ea85de1,jpeg30
1,sid_tampered,tampered,unknown,train,32aa40c24ea85de1,noise005
1,sid_tampered,tampered,unknown,train,004ab5577f369748,clean
1,sid_tampered,tampered,unknown,train,004ab5577f369748,jpeg70
1,sid_tampered,tampered,unknown,train,004ab5577f369748,blur20
1,sid_tampered,tampered,unknown,train,004ab5577f369748,resize05
1,sid_tampered,tampered,unknown,train,b203b3a9e9bde708,clean
1,sid_tampered,tampered,unknown,train,b203b3a9e9bde708,jpeg50
1,sid_tampered,tampered,unknown,train,b203b3a9e9bde708,blur20
1,sid_tampered,tampered,unknown,train,b203b3a9e9bde708,noise002
1,sid_tampered,tampered,unknown,train,b30f498540950262,clean
1,sid_tampered,tampered,unknown,train,b30f498540950262,jpeg30
1,sid_tampered,tampered,unknown,train,b30f498540950262,resize025
1,sid_tampered,tampered,unknown,train,b30f498540950262,crop08
1,sid_tampered,tampered,unknown,train,07d5192cd71512eb,clean
1,sid_tampered,tampered,unknown,train,07d5192cd71512eb,resize05
1,sid_tampered,tampered,unknown,train,07d5192cd71512eb,resize025
1,sid_tampered,tampered,unknown,train,07d5192cd71512eb,crop08
1,sid_tampered,tampered,unknown,train,4ecf4968789adec9,clean
1,sid_tampered,tampered,unknown,train,4ecf4968789adec9,jpeg90
1,sid_tampered,tampered,unknown,train,4ecf4968789adec9,noise01
1,sid_tampered,tampered,unknown,train,4ecf4968789adec9,jitter02
1,sid_tampered,tampered,unknown,train,df8572647deeacb5,clean
1,sid_tampered,tampered,unknown,train,df8572647deeacb5,blur05
1,sid_tampered,tampered,unknown,train,df8572647deeacb5,resize05
1,sid_tampered,tampered,unknown,train,df8572647deeacb5,crop08
1,sid_tampered,tampered,unknown,train,271e0b73ffe162f2,clean
1,sid_tampered,tampered,unknown,train,271e0b73ffe162f2,jpeg90
1,sid_tampered,tampered,unknown,train,271e0b73ffe162f2,resize05
1,sid_tampered,tampered,unknown,train,271e0b73ffe162f2,noise01
1,sid_tampered,tampered,unknown,train,52606a3e1f6d8f04,clean
1,sid_tampered,tampered,unknown,train,52606a3e1f6d8f04,jpeg90
1,sid_tampered,tampered,unknown,train,52606a3e1f6d8f04,jpeg70
1,sid_tampered,tampered,unknown,train,52606a3e1f6d8f04,noise002
1,sid_tampered,tampered,unknown,train,12da57d1577d4b4e,clean
1,sid_tampered,tampered,unknown,train,12da57d1577d4b4e,jpeg70
1,sid_tampered,tampered,unknown,train,12da57d1577d4b4e,blur20
1,sid_tampered,tampered,unknown,train,12da57d1577d4b4e,noise01
1,sid_tampered,tampered,unknown,train,64898433d435a3d1,clean
1,sid_tampered,tampered,unknown,train,64898433d435a3d1,blur20
1,sid_tampered,tampered,unknown,train,64898433d435a3d1,noise002
1,sid_tampered,tampered,unknown,train,64898433d435a3d1,crop08
1,sid_tampered,tampered,unknown,train,b49656dd8f16ebf3,clean
1,sid_tampered,tampered,unknown,train,b49656dd8f16ebf3,jpeg70
1,sid_tampered,tampered,unknown,train,b49656dd8f16ebf3,resize05
1,sid_tampered,tampered,unknown,train,b49656dd8f16ebf3,jitter02
1,sid_tampered,tampered,unknown,train,ba275f110d74c8a3,clean
1,sid_tampered,tampered,unknown,train,ba275f110d74c8a3,blur10
1,sid_tampered,tampered,unknown,train,ba275f110d74c8a3,resize025
1,sid_tampered,tampered,unknown,train,ba275f110d74c8a3,noise01
1,sid_tampered,tampered,unknown,train,e6c579ec24ef4a00,clean
1,sid_tampered,tampered,unknown,train,e6c579ec24ef4a00,resize05
1,sid_tampered,tampered,unknown,train,e6c579ec24ef4a00,noise01
1,sid_tampered,tampered,unknown,train,e6c579ec24ef4a00,crop08
1,sid_tampered,tampered,unknown,train,446c1fe551a3db3a,clean
1,sid_tampered,tampered,unknown,train,446c1fe551a3db3a,jpeg70
1,sid_tampered,tampered,unknown,train,446c1fe551a3db3a,noise005
1,sid_tampered,tampered,unknown,train,446c1fe551a3db3a,crop08
1,sid_tampered,tampered,unknown,train,aaa643c14f6989d6,clean
1,sid_tampered,tampered,unknown,train,aaa643c14f6989d6,blur20
1,sid_tampered,tampered,unknown,train,aaa643c14f6989d6,noise01
1,sid_tampered,tampered,unknown,train,aaa643c14f6989d6,crop08
1,sid_tampered,tampered,unknown,train,8a4f3d7a6791585f,clean
1,sid_tampered,tampered,unknown,train,8a4f3d7a6791585f,jpeg70
1,sid_tampered,tampered,unknown,train,8a4f3d7a6791585f,jpeg30
1,sid_tampered,tampered,unknown,train,8a4f3d7a6791585f,crop08
1,sid_tampered,tampered,unknown,train,50291372472d6f22,clean
1,sid_tampered,tampered,unknown,train,50291372472d6f22,jpeg30
1,sid_tampered,tampered,unknown,train,50291372472d6f22,blur05
1,sid_tampered,tampered,unknown,train,50291372472d6f22,blur20
1,sid_tampered,tampered,unknown,train,fbb4221ad2b5d8bd,clean
1,sid_tampered,tampered,unknown,train,fbb4221ad2b5d8bd,jpeg70
1,sid_tampered,tampered,unknown,train,fbb4221ad2b5d8bd,blur05
1,sid_tampered,tampered,unknown,train,fbb4221ad2b5d8bd,resize05
1,sid_tampered,tampered,unknown,train,55eb579543006a1b,clean
1,sid_tampered,tampered,unknown,train,55eb579543006a1b,noise002
1,sid_tampered,tampered,unknown,train,55eb579543006a1b,noise005
1,sid_tampered,tampered,unknown,train,55eb579543006a1b,crop08
1,sid_tampered,tampered,unknown,train,a38cfd018ae4bf2a,clean
1,sid_tampered,tampered,unknown,train,a38cfd018ae4bf2a,blur10
1,sid_tampered,tampered,unknown,train,a38cfd018ae4bf2a,blur20
1,sid_tampered,tampered,unknown,train,a38cfd018ae4bf2a,crop08
1,sid_tampered,tampered,unknown,train,d89c6ce026926ab7,clean
1,sid_tampered,tampered,unknown,train,d89c6ce026926ab7,jpeg70
1,sid_tampered,tampered,unknown,train,d89c6ce026926ab7,jpeg50
1,sid_tampered,tampered,unknown,train,d89c6ce026926ab7,noise005
1,sid_tampered,tampered,unknown,train,4a3f7562e1f1a0b4,clean
1,sid_tampered,tampered,unknown,train,4a3f7562e1f1a0b4,jpeg90
1,sid_tampered,tampered,unknown,train,4a3f7562e1f1a0b4,blur10
1,sid_tampered,tampered,unknown,train,4a3f7562e1f1a0b4,blur20
1,sid_tampered,tampered,unknown,train,3bdb5fb80a3002c2,clean
1,sid_tampered,tampered,unknown,train,3bdb5fb80a3002c2,jpeg70
1,sid_tampered,tampered,unknown,train,3bdb5fb80a3002c2,blur20
1,sid_tampered,tampered,unknown,train,3bdb5fb80a3002c2,noise01
1,sid_tampered,tampered,unknown,train,80372ca5a2d7f210,clean
1,sid_tampered,tampered,unknown,train,80372ca5a2d7f210,blur05
1,sid_tampered,tampered,unknown,train,80372ca5a2d7f210,noise002
1,sid_tampered,tampered,unknown,train,80372ca5a2d7f210,noise005
1,sid_tampered,tampered,unknown,train,d906c90140f9e9e0,clean
1,sid_tampered,tampered,unknown,train,d906c90140f9e9e0,jpeg50
1,sid_tampered,tampered,unknown,train,d906c90140f9e9e0,blur10
1,sid_tampered,tampered,unknown,train,d906c90140f9e9e0,crop08
1,sid_tampered,tampered,unknown,train,893b7b5615911783,clean
1,sid_tampered,tampered,unknown,train,893b7b5615911783,blur20
1,sid_tampered,tampered,unknown,train,893b7b5615911783,resize025
1,sid_tampered,tampered,unknown,train,893b7b5615911783,jitter02
1,sid_tampered,tampered,unknown,train,4c32a00114c61af7,clean
1,sid_tampered,tampered,unknown,train,4c32a00114c61af7,blur05
1,sid_tampered,tampered,unknown,train,4c32a00114c61af7,resize05
1,sid_tampered,tampered,unknown,train,4c32a00114c61af7,crop08
1,sid_tampered,tampered,unknown,train,8674cbb0e5ce76d5,clean
1,sid_tampered,tampered,unknown,train,8674cbb0e5ce76d5,jpeg70
1,sid_tampered,tampered,unknown,train,8674cbb0e5ce76d5,blur10
1,sid_tampered,tampered,unknown,train,8674cbb0e5ce76d5,noise002
1,sid_tampered,tampered,unknown,train,ac4ff9fb470433f3,clean
1,sid_tampered,tampered,unknown,train,ac4ff9fb470433f3,jpeg70
1,sid_tampered,tampered,unknown,train,ac4ff9fb470433f3,blur10
1,sid_tampered,tampered,unknown,train,ac4ff9fb470433f3,blur20
1,sid_tampered,tampered,unknown,train,880dc7972ea90727,clean
1,sid_tampered,tampered,unknown,train,880dc7972ea90727,resize05
1,sid_tampered,tampered,unknown,train,880dc7972ea90727,noise002
1,sid_tampered,tampered,unknown,train,880dc7972ea90727,crop08
1,sid_tampered,tampered,unknown,train,c2fc40ce0a0a7b30,clean
1,sid_tampered,tampered,unknown,train,c2fc40ce0a0a7b30,jpeg30
1,sid_tampered,tampered,unknown,train,c2fc40ce0a0a7b30,resize025
1,sid_tampered,tampered,unknown,train,c2fc40ce0a0a7b30,crop08
1,sid_tampered,tampered,unknown,train,0a602a658bed30c0,clean
1,sid_tampered,tampered,unknown,train,0a602a658bed30c0,blur20
1,sid_tampered,tampered,unknown,train,0a602a658bed30c0,resize025
1,sid_tampered,tampered,unknown,train,0a602a658bed30c0,noise01
1,sid_tampered,tampered,unknown,train,28244226b7649959,clean
1,sid_tampered,tampered,unknown,train,28244226b7649959,jpeg90
1,sid_tampered,tampered,unknown,train,28244226b7649959,jpeg70
1,sid_tampered,tampered,unknown,train,28244226b7649959,noise01
1,sid_tampered,tampered,unknown,train,2d1b50bef92131ba,clean
1,sid_tampered,tampered,unknown,train,2d1b50bef92131ba,blur20
1,sid_tampered,tampered,unknown,train,2d1b50bef92131ba,resize025
1,sid_tampered,tampered,unknown,train,2d1b50bef92131ba,noise01
1,sid_tampered,tampered,unknown,train,5c480f507ce1ab6d,clean
1,sid_tampered,tampered,unknown,train,5c480f507ce1ab6d,jpeg70
1,sid_tampered,tampered,unknown,train,5c480f507ce1ab6d,jpeg50
1,sid_tampered,tampered,unknown,train,5c480f507ce1ab6d,jpeg30
1,sid_tampered,tampered,unknown,train,abfb8ac9fa8b39c1,clean
1,sid_tampered,tampered,unknown,train,abfb8ac9fa8b39c1,jpeg70
1,sid_tampered,tampered,unknown,train,abfb8ac9fa8b39c1,jpeg30
1,sid_tampered,tampered,unknown,train,abfb8ac9fa8b39c1,crop08
1,sid_tampered,tampered,unknown,train,4d9e1e0024ff58f0,clean
1,sid_tampered,tampered,unknown,train,4d9e1e0024ff58f0,jpeg50
1,sid_tampered,tampered,unknown,train,4d9e1e0024ff58f0,jpeg30
1,sid_tampered,tampered,unknown,train,4d9e1e0024ff58f0,noise01
1,sid_tampered,tampered,unknown,train,877983279528620c,clean
1,sid_tampered,tampered,unknown,train,877983279528620c,noise002
1,sid_tampered,tampered,unknown,train,877983279528620c,noise01
1,sid_tampered,tampered,unknown,train,877983279528620c,jitter02
1,sid_tampered,tampered,unknown,train,9a11d533a1a7afdc,clean
1,sid_tampered,tampered,unknown,train,9a11d533a1a7afdc,blur10
1,sid_tampered,tampered,unknown,train,9a11d533a1a7afdc,noise002
1,sid_tampered,tampered,unknown,train,9a11d533a1a7afdc,noise01
1,sid_tampered,tampered,unknown,train,ef0b4ea626efff7a,clean
1,sid_tampered,tampered,unknown,train,ef0b4ea626efff7a,blur05
1,sid_tampered,tampered,unknown,train,ef0b4ea626efff7a,resize05
1,sid_tampered,tampered,unknown,train,ef0b4ea626efff7a,jitter02
1,sid_tampered,tampered,unknown,train,90ecd7f0d0eeb094,clean
1,sid_tampered,tampered,unknown,train,90ecd7f0d0eeb094,blur05
1,sid_tampered,tampered,unknown,train,90ecd7f0d0eeb094,resize05
1,sid_tampered,tampered,unknown,train,90ecd7f0d0eeb094,noise005
1,sid_tampered,tampered,unknown,train,b94cdd6f92215458,clean
1,sid_tampered,tampered,unknown,train,b94cdd6f92215458,resize05
1,sid_tampered,tampered,unknown,train,b94cdd6f92215458,resize025
1,sid_tampered,tampered,unknown,train,b94cdd6f92215458,jitter02
1,sid_tampered,tampered,unknown,train,a0cc15ae78f3c49a,clean
1,sid_tampered,tampered,unknown,train,a0cc15ae78f3c49a,jpeg50
1,sid_tampered,tampered,unknown,train,a0cc15ae78f3c49a,jpeg30
1,sid_tampered,tampered,unknown,train,a0cc15ae78f3c49a,resize025
1,sid_tampered,tampered,unknown,train,118ff51f3c054f7a,clean
1,sid_tampered,tampered,unknown,train,118ff51f3c054f7a,jpeg90
1,sid_tampered,tampered,unknown,train,118ff51f3c054f7a,blur20
1,sid_tampered,tampered,unknown,train,118ff51f3c054f7a,resize05
1,sid_tampered,tampered,unknown,train,81a3abe1cf4ca35c,clean
1,sid_tampered,tampered,unknown,train,81a3abe1cf4ca35c,jpeg50
1,sid_tampered,tampered,unknown,train,81a3abe1cf4ca35c,blur10
1,sid_tampered,tampered,unknown,train,81a3abe1cf4ca35c,noise002
1,sid_tampered,tampered,unknown,train,0537134cc3199985,clean
1,sid_tampered,tampered,unknown,train,0537134cc3199985,jpeg30
1,sid_tampered,tampered,unknown,train,0537134cc3199985,noise002
1,sid_tampered,tampered,unknown,train,0537134cc3199985,noise01
1,sid_tampered,tampered,unknown,train,27d5d2475e80bed4,clean
1,sid_tampered,tampered,unknown,train,27d5d2475e80bed4,jpeg90
1,sid_tampered,tampered,unknown,train,27d5d2475e80bed4,blur10
1,sid_tampered,tampered,unknown,train,27d5d2475e80bed4,noise01
1,sid_tampered,tampered,unknown,train,56e9b525418726be,clean
1,sid_tampered,tampered,unknown,train,56e9b525418726be,blur10
1,sid_tampered,tampered,unknown,train,56e9b525418726be,noise01
1,sid_tampered,tampered,unknown,train,56e9b525418726be,crop08
1,sid_tampered,tampered,unknown,train,71a308d68eff05ba,clean
1,sid_tampered,tampered,unknown,train,71a308d68eff05ba,resize05
1,sid_tampered,tampered,unknown,train,71a308d68eff05ba,resize025
1,sid_tampered,tampered,unknown,train,71a308d68eff05ba,noise01
1,sid_tampered,tampered,unknown,train,e4509025ffae7436,clean
1,sid_tampered,tampered,unknown,train,e4509025ffae7436,jpeg70
1,sid_tampered,tampered,unknown,train,e4509025ffae7436,jpeg50
1,sid_tampered,tampered,unknown,train,e4509025ffae7436,blur10
1,sid_tampered,tampered,unknown,train,feca3b16b7874be6,clean
1,sid_tampered,tampered,unknown,train,feca3b16b7874be6,jpeg90
1,sid_tampered,tampered,unknown,train,feca3b16b7874be6,noise002
1,sid_tampered,tampered,unknown,train,feca3b16b7874be6,noise005
1,sid_tampered,tampered,unknown,train,e462b9c190ba6787,clean
1,sid_tampered,tampered,unknown,train,e462b9c190ba6787,jpeg50
1,sid_tampered,tampered,unknown,train,e462b9c190ba6787,blur10
1,sid_tampered,tampered,unknown,train,e462b9c190ba6787,crop08
1,sid_tampered,tampered,unknown,train,8f9337c4a6d36d16,clean
1,sid_tampered,tampered,unknown,train,8f9337c4a6d36d16,jpeg50
1,sid_tampered,tampered,unknown,train,8f9337c4a6d36d16,blur20
1,sid_tampered,tampered,unknown,train,8f9337c4a6d36d16,noise01
1,sid_tampered,tampered,unknown,train,5aad84f2d9e79e6a,clean
1,sid_tampered,tampered,unknown,train,5aad84f2d9e79e6a,jpeg70
1,sid_tampered,tampered,unknown,train,5aad84f2d9e79e6a,resize05
1,sid_tampered,tampered,unknown,train,5aad84f2d9e79e6a,noise005
1,sid_tampered,tampered,unknown,train,1bc4e4ad41a4f75f,clean
1,sid_tampered,tampered,unknown,train,1bc4e4ad41a4f75f,jpeg90
1,sid_tampered,tampered,unknown,train,1bc4e4ad41a4f75f,jpeg50
1,sid_tampered,tampered,unknown,train,1bc4e4ad41a4f75f,blur20
1,sid_tampered,tampered,unknown,train,bb1f5a4d3bc2218f,clean
1,sid_tampered,tampered,unknown,train,bb1f5a4d3bc2218f,jpeg30
1,sid_tampered,tampered,unknown,train,bb1f5a4d3bc2218f,blur10
1,sid_tampered,tampered,unknown,train,bb1f5a4d3bc2218f,resize025
1,sid_tampered,tampered,unknown,train,9c0b8ff5ea3cca98,clean
1,sid_tampered,tampered,unknown,train,9c0b8ff5ea3cca98,jpeg90
1,sid_tampered,tampered,unknown,train,9c0b8ff5ea3cca98,blur05
1,sid_tampered,tampered,unknown,train,9c0b8ff5ea3cca98,noise005
1,sid_tampered,tampered,unknown,train,cac985e8ead22b9c,clean
1,sid_tampered,tampered,unknown,train,cac985e8ead22b9c,jpeg70
1,sid_tampered,tampered,unknown,train,cac985e8ead22b9c,blur05
1,sid_tampered,tampered,unknown,train,cac985e8ead22b9c,resize025
1,sid_tampered,tampered,unknown,train,db5ff6c038cfb4ab,clean
1,sid_tampered,tampered,unknown,train,db5ff6c038cfb4ab,jpeg70
1,sid_tampered,tampered,unknown,train,db5ff6c038cfb4ab,blur05
1,sid_tampered,tampered,unknown,train,db5ff6c038cfb4ab,noise005
1,sid_tampered,tampered,unknown,train,c7a7dc1c5927d300,clean
1,sid_tampered,tampered,unknown,train,c7a7dc1c5927d300,jpeg50
1,sid_tampered,tampered,unknown,train,c7a7dc1c5927d300,blur20
1,sid_tampered,tampered,unknown,train,c7a7dc1c5927d300,resize025
1,sid_tampered,tampered,unknown,train,5bbf9ccacecab789,clean
1,sid_tampered,tampered,unknown,train,5bbf9ccacecab789,jpeg90
1,sid_tampered,tampered,unknown,train,5bbf9ccacecab789,noise002
1,sid_tampered,tampered,unknown,train,5bbf9ccacecab789,jitter02
1,sid_tampered,tampered,unknown,train,fac5f9009abf4fd3,clean
1,sid_tampered,tampered,unknown,train,fac5f9009abf4fd3,jpeg70
1,sid_tampered,tampered,unknown,train,fac5f9009abf4fd3,blur05
1,sid_tampered,tampered,unknown,train,fac5f9009abf4fd3,crop08
1,sid_tampered,tampered,unknown,train,e477f6b5b3715806,clean
1,sid_tampered,tampered,unknown,train,e477f6b5b3715806,noise005
1,sid_tampered,tampered,unknown,train,e477f6b5b3715806,noise01
1,sid_tampered,tampered,unknown,train,e477f6b5b3715806,crop08
1,sid_tampered,tampered,unknown,train,3a6cfe2f372c8327,clean
1,sid_tampered,tampered,unknown,train,3a6cfe2f372c8327,jpeg90
1,sid_tampered,tampered,unknown,train,3a6cfe2f372c8327,resize025
1,sid_tampered,tampered,unknown,train,3a6cfe2f372c8327,noise002
1,sid_tampered,tampered,unknown,train,fb7d496c731d14a0,clean
1,sid_tampered,tampered,unknown,train,fb7d496c731d14a0,jpeg70
1,sid_tampered,tampered,unknown,train,fb7d496c731d14a0,blur20
1,sid_tampered,tampered,unknown,train,fb7d496c731d14a0,resize05
1,sid_tampered,tampered,unknown,train,d1c41edd224c752a,clean
1,sid_tampered,tampered,unknown,train,d1c41edd224c752a,jpeg30
1,sid_tampered,tampered,unknown,train,d1c41edd224c752a,resize025
1,sid_tampered,tampered,unknown,train,d1c41edd224c752a,noise002
1,sid_tampered,tampered,unknown,train,1c8d2c3c261ce86d,clean
1,sid_tampered,tampered,unknown,train,1c8d2c3c261ce86d,blur05
1,sid_tampered,tampered,unknown,train,1c8d2c3c261ce86d,noise01
1,sid_tampered,tampered,unknown,train,1c8d2c3c261ce86d,crop08
1,sid_tampered,tampered,unknown,train,41a999f0a3352b31,clean
1,sid_tampered,tampered,unknown,train,41a999f0a3352b31,jpeg70
1,sid_tampered,tampered,unknown,train,41a999f0a3352b31,blur10
1,sid_tampered,tampered,unknown,train,41a999f0a3352b31,noise01
1,sid_tampered,tampered,unknown,train,efd9adbe117943ed,clean
1,sid_tampered,tampered,unknown,train,efd9adbe117943ed,blur10
1,sid_tampered,tampered,unknown,train,efd9adbe117943ed,blur20
1,sid_tampered,tampered,unknown,train,efd9adbe117943ed,noise01
1,sid_tampered,tampered,unknown,train,a061f599b02d7bb0,clean
1,sid_tampered,tampered,unknown,train,a061f599b02d7bb0,jpeg70
1,sid_tampered,tampered,unknown,train,a061f599b02d7bb0,blur05
1,sid_tampered,tampered,unknown,train,a061f599b02d7bb0,resize05
1,sid_tampered,tampered,unknown,train,3c3cf634dcded8b7,clean
1,sid_tampered,tampered,unknown,train,3c3cf634dcded8b7,jpeg90
1,sid_tampered,tampered,unknown,train,3c3cf634dcded8b7,noise01
1,sid_tampered,tampered,unknown,train,3c3cf634dcded8b7,jitter02
1,sid_tampered,tampered,unknown,train,34c54032f00bac0c,clean
1,sid_tampered,tampered,unknown,train,34c54032f00bac0c,blur05
1,sid_tampered,tampered,unknown,train,34c54032f00bac0c,blur10
1,sid_tampered,tampered,unknown,train,34c54032f00bac0c,noise002
1,sid_tampered,tampered,unknown,train,87daf034cd550650,clean
1,sid_tampered,tampered,unknown,train,87daf034cd550650,jpeg50
1,sid_tampered,tampered,unknown,train,87daf034cd550650,blur20
1,sid_tampered,tampered,unknown,train,87daf034cd550650,resize025
1,sid_tampered,tampered,unknown,train,a331758ae8b37d73,clean
1,sid_tampered,tampered,unknown,train,a331758ae8b37d73,jpeg50
1,sid_tampered,tampered,unknown,train,a331758ae8b37d73,blur20
1,sid_tampered,tampered,unknown,train,a331758ae8b37d73,noise01
1,sid_tampered,tampered,unknown,train,1c5602131c76197e,clean
1,sid_tampered,tampered,unknown,train,1c5602131c76197e,jpeg70
1,sid_tampered,tampered,unknown,train,1c5602131c76197e,resize025
1,sid_tampered,tampered,unknown,train,1c5602131c76197e,noise005
1,sid_tampered,tampered,unknown,train,3260a1a521d81193,clean
1,sid_tampered,tampered,unknown,train,3260a1a521d81193,jpeg90
1,sid_tampered,tampered,unknown,train,3260a1a521d81193,jpeg70
1,sid_tampered,tampered,unknown,train,3260a1a521d81193,blur10
1,sid_tampered,tampered,unknown,train,cceb5b9d3263d95e,clean
1,sid_tampered,tampered,unknown,train,cceb5b9d3263d95e,blur05
1,sid_tampered,tampered,unknown,train,cceb5b9d3263d95e,noise002
1,sid_tampered,tampered,unknown,train,cceb5b9d3263d95e,noise01
1,sid_tampered,tampered,unknown,train,e9ad3e13c9426498,clean
1,sid_tampered,tampered,unknown,train,e9ad3e13c9426498,jpeg70
1,sid_tampered,tampered,unknown,train,e9ad3e13c9426498,resize05
1,sid_tampered,tampered,unknown,train,e9ad3e13c9426498,noise002
1,sid_tampered,tampered,unknown,train,a7488a6de33e5d3e,clean
1,sid_tampered,tampered,unknown,train,a7488a6de33e5d3e,jpeg30
1,sid_tampered,tampered,unknown,train,a7488a6de33e5d3e,blur05
1,sid_tampered,tampered,unknown,train,a7488a6de33e5d3e,noise005
1,sid_tampered,tampered,unknown,train,35a8fcd92852a336,clean
1,sid_tampered,tampered,unknown,train,35a8fcd92852a336,jpeg90
1,sid_tampered,tampered,unknown,train,35a8fcd92852a336,blur05
1,sid_tampered,tampered,unknown,train,35a8fcd92852a336,noise005
1,sid_tampered,tampered,unknown,train,7536fa25b8fee853,clean
1,sid_tampered,tampered,unknown,train,7536fa25b8fee853,jpeg50
1,sid_tampered,tampered,unknown,train,7536fa25b8fee853,blur05
1,sid_tampered,tampered,unknown,train,7536fa25b8fee853,blur10
1,sid_tampered,tampered,unknown,train,9939cb343f507173,clean
1,sid_tampered,tampered,unknown,train,9939cb343f507173,jpeg90
1,sid_tampered,tampered,unknown,train,9939cb343f507173,jpeg70
1,sid_tampered,tampered,unknown,train,9939cb343f507173,resize05
1,sid_tampered,tampered,unknown,train,26743ace008decc8,clean
1,sid_tampered,tampered,unknown,train,26743ace008decc8,jpeg90
1,sid_tampered,tampered,unknown,train,26743ace008decc8,jpeg30
1,sid_tampered,tampered,unknown,train,26743ace008decc8,blur05
1,sid_tampered,tampered,unknown,train,02dca40825e1e9fd,clean
1,sid_tampered,tampered,unknown,train,02dca40825e1e9fd,jpeg90
1,sid_tampered,tampered,unknown,train,02dca40825e1e9fd,jpeg70
1,sid_tampered,tampered,unknown,train,02dca40825e1e9fd,crop08
1,sid_tampered,tampered,unknown,train,87f1e9dd8c93fe32,clean
1,sid_tampered,tampered,unknown,train,87f1e9dd8c93fe32,jpeg90
1,sid_tampered,tampered,unknown,train,87f1e9dd8c93fe32,blur20
1,sid_tampered,tampered,unknown,train,87f1e9dd8c93fe32,noise002
1,sid_tampered,tampered,unknown,train,48d5cbef6bcc0b83,clean
1,sid_tampered,tampered,unknown,train,48d5cbef6bcc0b83,blur20
1,sid_tampered,tampered,unknown,train,48d5cbef6bcc0b83,noise005
1,sid_tampered,tampered,unknown,train,48d5cbef6bcc0b83,noise01
1,sid_tampered,tampered,unknown,train,6990ee122e6e40d5,clean
1,sid_tampered,tampered,unknown,train,6990ee122e6e40d5,blur05
1,sid_tampered,tampered,unknown,train,6990ee122e6e40d5,jitter02
1,sid_tampered,tampered,unknown,train,6990ee122e6e40d5,crop08
1,sid_tampered,tampered,unknown,train,55700fe61a29ffaf,clean
1,sid_tampered,tampered,unknown,train,55700fe61a29ffaf,jpeg90
1,sid_tampered,tampered,unknown,train,55700fe61a29ffaf,blur20
1,sid_tampered,tampered,unknown,train,55700fe61a29ffaf,noise005
1,sid_tampered,tampered,unknown,train,408d5268cff902ca,clean
1,sid_tampered,tampered,unknown,train,408d5268cff902ca,jpeg90
1,sid_tampered,tampered,unknown,train,408d5268cff902ca,jpeg30
1,sid_tampered,tampered,unknown,train,408d5268cff902ca,blur20
1,sid_tampered,tampered,unknown,train,f1ae2ca278ea0fef,clean
1,sid_tampered,tampered,unknown,train,f1ae2ca278ea0fef,blur05
1,sid_tampered,tampered,unknown,train,f1ae2ca278ea0fef,blur20
1,sid_tampered,tampered,unknown,train,f1ae2ca278ea0fef,noise01
1,sid_tampered,tampered,unknown,train,545ad51e79182902,clean
1,sid_tampered,tampered,unknown,train,545ad51e79182902,blur05
1,sid_tampered,tampered,unknown,train,545ad51e79182902,resize05
1,sid_tampered,tampered,unknown,train,545ad51e79182902,noise005
1,sid_tampered,tampered,unknown,train,17e45bcc62f72f3d,clean
1,sid_tampered,tampered,unknown,train,17e45bcc62f72f3d,resize05
1,sid_tampered,tampered,unknown,train,17e45bcc62f72f3d,resize025
1,sid_tampered,tampered,unknown,train,17e45bcc62f72f3d,noise01
1,sid_tampered,tampered,unknown,train,3e35a9242c0e76c5,clean
1,sid_tampered,tampered,unknown,train,3e35a9242c0e76c5,resize05
1,sid_tampered,tampered,unknown,train,3e35a9242c0e76c5,resize025
1,sid_tampered,tampered,unknown,train,3e35a9242c0e76c5,jitter02
1,sid_tampered,tampered,unknown,train,34839a6e6d7e41fa,clean
1,sid_tampered,tampered,unknown,train,34839a6e6d7e41fa,blur05
1,sid_tampered,tampered,unknown,train,34839a6e6d7e41fa,resize025
1,sid_tampered,tampered,unknown,train,34839a6e6d7e41fa,noise01
1,sid_tampered,tampered,unknown,train,ceabef68a44f9f15,clean
1,sid_tampered,tampered,unknown,train,ceabef68a44f9f15,jpeg70
1,sid_tampered,tampered,unknown,train,ceabef68a44f9f15,blur10
1,sid_tampered,tampered,unknown,train,ceabef68a44f9f15,resize025
1,sid_tampered,tampered,unknown,train,07c3afc515e2253e,clean
1,sid_tampered,tampered,unknown,train,07c3afc515e2253e,blur05
1,sid_tampered,tampered,unknown,train,07c3afc515e2253e,noise005
1,sid_tampered,tampered,unknown,train,07c3afc515e2253e,jitter02
1,sid_tampered,tampered,unknown,train,23dc539392ec15e8,clean
1,sid_tampered,tampered,unknown,train,23dc539392ec15e8,jpeg50
1,sid_tampered,tampered,unknown,train,23dc539392ec15e8,resize05
1,sid_tampered,tampered,unknown,train,23dc539392ec15e8,resize025
1,sid_tampered,tampered,unknown,train,a929d50a98edc508,clean
1,sid_tampered,tampered,unknown,train,a929d50a98edc508,resize025
1,sid_tampered,tampered,unknown,train,a929d50a98edc508,noise002
1,sid_tampered,tampered,unknown,train,a929d50a98edc508,crop08
1,sid_tampered,tampered,unknown,train,e8dda5115143e117,clean
1,sid_tampered,tampered,unknown,train,e8dda5115143e117,jpeg50
1,sid_tampered,tampered,unknown,train,e8dda5115143e117,blur10
1,sid_tampered,tampered,unknown,train,e8dda5115143e117,noise005
1,sid_tampered,tampered,unknown,train,bb3210d2a9693e0b,clean
1,sid_tampered,tampered,unknown,train,bb3210d2a9693e0b,blur10
1,sid_tampered,tampered,unknown,train,bb3210d2a9693e0b,blur20
1,sid_tampered,tampered,unknown,train,bb3210d2a9693e0b,noise01
1,sid_tampered,tampered,unknown,train,2777052be51ece7b,clean
1,sid_tampered,tampered,unknown,train,2777052be51ece7b,jpeg70
1,sid_tampered,tampered,unknown,train,2777052be51ece7b,noise002
1,sid_tampered,tampered,unknown,train,2777052be51ece7b,jitter02
1,sid_tampered,tampered,unknown,train,41a122726dfd586d,clean
1,sid_tampered,tampered,unknown,train,41a122726dfd586d,jpeg50
1,sid_tampered,tampered,unknown,train,41a122726dfd586d,noise01
1,sid_tampered,tampered,unknown,train,41a122726dfd586d,jitter02
1,sid_tampered,tampered,unknown,train,92d0fbc558bb9aee,clean
1,sid_tampered,tampered,unknown,train,92d0fbc558bb9aee,blur20
1,sid_tampered,tampered,unknown,train,92d0fbc558bb9aee,noise005
1,sid_tampered,tampered,unknown,train,92d0fbc558bb9aee,noise01
1,sid_tampered,tampered,unknown,train,860d7146f132b81d,clean
1,sid_tampered,tampered,unknown,train,860d7146f132b81d,blur10
1,sid_tampered,tampered,unknown,train,860d7146f132b81d,blur20
1,sid_tampered,tampered,unknown,train,860d7146f132b81d,jitter02
1,sid_tampered,tampered,unknown,train,b0f5ac02018bfb21,clean
1,sid_tampered,tampered,unknown,train,b0f5ac02018bfb21,jpeg90
1,sid_tampered,tampered,unknown,train,b0f5ac02018bfb21,blur05
1,sid_tampered,tampered,unknown,train,b0f5ac02018bfb21,noise002
1,sid_tampered,tampered,unknown,train,efe93bce333e0f6f,clean
1,sid_tampered,tampered,unknown,train,efe93bce333e0f6f,jpeg90
1,sid_tampered,tampered,unknown,train,efe93bce333e0f6f,noise002
1,sid_tampered,tampered,unknown,train,efe93bce333e0f6f,jitter02
1,sid_tampered,tampered,unknown,train,2464b8b5ed9beefb,clean
1,sid_tampered,tampered,unknown,train,2464b8b5ed9beefb,blur05
1,sid_tampered,tampered,unknown,train,2464b8b5ed9beefb,blur20
1,sid_tampered,tampered,unknown,train,2464b8b5ed9beefb,noise005
1,sid_tampered,tampered,unknown,train,526f3dd2b0bbc482,clean
1,sid_tampered,tampered,unknown,train,526f3dd2b0bbc482,jpeg90
1,sid_tampered,tampered,unknown,train,526f3dd2b0bbc482,jpeg30
1,sid_tampered,tampered,unknown,train,526f3dd2b0bbc482,resize05
1,sid_tampered,tampered,unknown,train,0e5273ac13bc3773,clean
1,sid_tampered,tampered,unknown,train,0e5273ac13bc3773,jpeg90
1,sid_tampered,tampered,unknown,train,0e5273ac13bc3773,jpeg50
1,sid_tampered,tampered,unknown,train,0e5273ac13bc3773,resize05
1,sid_tampered,tampered,unknown,train,03a944289912e79a,clean
1,sid_tampered,tampered,unknown,train,03a944289912e79a,jpeg50
1,sid_tampered,tampered,unknown,train,03a944289912e79a,noise005
1,sid_tampered,tampered,unknown,train,03a944289912e79a,crop08
1,sid_tampered,tampered,unknown,train,41082f1475968b4c,clean
1,sid_tampered,tampered,unknown,train,41082f1475968b4c,blur05
1,sid_tampered,tampered,unknown,train,41082f1475968b4c,resize025
1,sid_tampered,tampered,unknown,train,41082f1475968b4c,crop08
1,sid_tampered,tampered,unknown,train,7c2dcc22417749f2,clean
1,sid_tampered,tampered,unknown,train,7c2dcc22417749f2,blur05
1,sid_tampered,tampered,unknown,train,7c2dcc22417749f2,noise002
1,sid_tampered,tampered,unknown,train,7c2dcc22417749f2,noise005
1,sid_tampered,tampered,unknown,train,a8dd1bc26dd383c8,clean
1,sid_tampered,tampered,unknown,train,a8dd1bc26dd383c8,jpeg90
1,sid_tampered,tampered,unknown,train,a8dd1bc26dd383c8,jpeg50
1,sid_tampered,tampered,unknown,train,a8dd1bc26dd383c8,jpeg30
1,sid_tampered,tampered,unknown,train,2d6a4c35d378f984,clean
1,sid_tampered,tampered,unknown,train,2d6a4c35d378f984,blur20
1,sid_tampered,tampered,unknown,train,2d6a4c35d378f984,noise005
1,sid_tampered,tampered,unknown,train,2d6a4c35d378f984,jitter02
1,sid_tampered,tampered,unknown,train,456e30a20cff7d49,clean
1,sid_tampered,tampered,unknown,train,456e30a20cff7d49,jpeg70
1,sid_tampered,tampered,unknown,train,456e30a20cff7d49,jpeg50
1,sid_tampered,tampered,unknown,train,456e30a20cff7d49,jpeg30
1,sid_tampered,tampered,unknown,train,717366a3aadae00b,clean
1,sid_tampered,tampered,unknown,train,717366a3aadae00b,jpeg70
1,sid_tampered,tampered,unknown,train,717366a3aadae00b,jpeg30
1,sid_tampered,tampered,unknown,train,717366a3aadae00b,resize05
1,sid_tampered,tampered,unknown,train,efaf2ea370622f53,clean
1,sid_tampered,tampered,unknown,train,efaf2ea370622f53,jpeg70
1,sid_tampered,tampered,unknown,train,efaf2ea370622f53,noise005
1,sid_tampered,tampered,unknown,train,efaf2ea370622f53,crop08
1,sid_tampered,tampered,unknown,train,7f034a78c63b5e4b,clean
1,sid_tampered,tampered,unknown,train,7f034a78c63b5e4b,blur05
1,sid_tampered,tampered,unknown,train,7f034a78c63b5e4b,resize025
1,sid_tampered,tampered,unknown,train,7f034a78c63b5e4b,crop08
1,sid_tampered,tampered,unknown,train,c24ab62ea04b8d6b,clean
1,sid_tampered,tampered,unknown,train,c24ab62ea04b8d6b,blur05
1,sid_tampered,tampered,unknown,train,c24ab62ea04b8d6b,resize05
1,sid_tampered,tampered,unknown,train,c24ab62ea04b8d6b,resize025
1,sid_tampered,tampered,unknown,train,ca8e4768a595d782,clean
1,sid_tampered,tampered,unknown,train,ca8e4768a595d782,jpeg70
1,sid_tampered,tampered,unknown,train,ca8e4768a595d782,noise002
1,sid_tampered,tampered,unknown,train,ca8e4768a595d782,jitter02
1,sid_tampered,tampered,unknown,train,8446d9457b218db2,clean
1,sid_tampered,tampered,unknown,train,8446d9457b218db2,jpeg70
1,sid_tampered,tampered,unknown,train,8446d9457b218db2,blur05
1,sid_tampered,tampered,unknown,train,8446d9457b218db2,blur20
1,sid_tampered,tampered,unknown,train,d2f9d62bd58a44eb,clean
1,sid_tampered,tampered,unknown,train,d2f9d62bd58a44eb,resize05
1,sid_tampered,tampered,unknown,train,d2f9d62bd58a44eb,noise005
1,sid_tampered,tampered,unknown,train,d2f9d62bd58a44eb,crop08
1,sid_tampered,tampered,unknown,train,8fd28d6e2254c65a,clean
1,sid_tampered,tampered,unknown,train,8fd28d6e2254c65a,blur10
1,sid_tampered,tampered,unknown,train,8fd28d6e2254c65a,blur20
1,sid_tampered,tampered,unknown,train,8fd28d6e2254c65a,noise002
1,sid_tampered,tampered,unknown,train,53b7c9c08e5e2d5b,clean
1,sid_tampered,tampered,unknown,train,53b7c9c08e5e2d5b,jpeg90
1,sid_tampered,tampered,unknown,train,53b7c9c08e5e2d5b,resize025
1,sid_tampered,tampered,unknown,train,53b7c9c08e5e2d5b,noise01
1,sid_tampered,tampered,unknown,train,5d99cdb3b9a63849,clean
1,sid_tampered,tampered,unknown,train,5d99cdb3b9a63849,jpeg90
1,sid_tampered,tampered,unknown,train,5d99cdb3b9a63849,blur05
1,sid_tampered,tampered,unknown,train,5d99cdb3b9a63849,noise01
1,sid_tampered,tampered,unknown,train,4b040f23c889ccc9,clean
1,sid_tampered,tampered,unknown,train,4b040f23c889ccc9,jpeg50
1,sid_tampered,tampered,unknown,train,4b040f23c889ccc9,blur05
1,sid_tampered,tampered,unknown,train,4b040f23c889ccc9,resize025
1,sid_tampered,tampered,unknown,train,59519f1ca6376d4e,clean
1,sid_tampered,tampered,unknown,train,59519f1ca6376d4e,resize025
1,sid_tampered,tampered,unknown,train,59519f1ca6376d4e,noise002
1,sid_tampered,tampered,unknown,train,59519f1ca6376d4e,noise005
1,sid_tampered,tampered,unknown,train,0fe48669fd0c5e86,clean
1,sid_tampered,tampered,unknown,train,0fe48669fd0c5e86,jpeg30
1,sid_tampered,tampered,unknown,train,0fe48669fd0c5e86,blur10
1,sid_tampered,tampered,unknown,train,0fe48669fd0c5e86,blur20
1,sid_tampered,tampered,unknown,train,ca1858a4f6893b5f,clean
1,sid_tampered,tampered,unknown,train,ca1858a4f6893b5f,blur10
1,sid_tampered,tampered,unknown,train,ca1858a4f6893b5f,resize025
1,sid_tampered,tampered,unknown,train,ca1858a4f6893b5f,noise01
1,sid_tampered,tampered,unknown,train,2306c4e7523de58e,clean
1,sid_tampered,tampered,unknown,train,2306c4e7523de58e,jpeg90
1,sid_tampered,tampered,unknown,train,2306c4e7523de58e,jpeg50
1,sid_tampered,tampered,unknown,train,2306c4e7523de58e,resize05
1,sid_tampered,tampered,unknown,train,d5c0be2b15f73464,clean
1,sid_tampered,tampered,unknown,train,d5c0be2b15f73464,resize05
1,sid_tampered,tampered,unknown,train,d5c0be2b15f73464,resize025
1,sid_tampered,tampered,unknown,train,d5c0be2b15f73464,noise002
1,sid_tampered,tampered,unknown,train,f39cb2331679ed3c,clean
1,sid_tampered,tampered,unknown,train,f39cb2331679ed3c,jpeg50
1,sid_tampered,tampered,unknown,train,f39cb2331679ed3c,blur05
1,sid_tampered,tampered,unknown,train,f39cb2331679ed3c,resize025
1,sid_tampered,tampered,unknown,train,ab35b919689d04da,clean
1,sid_tampered,tampered,unknown,train,ab35b919689d04da,jpeg30
1,sid_tampered,tampered,unknown,train,ab35b919689d04da,blur10
1,sid_tampered,tampered,unknown,train,ab35b919689d04da,resize025
1,sid_tampered,tampered,unknown,train,11fa94f6656ac4e1,clean
1,sid_tampered,tampered,unknown,train,11fa94f6656ac4e1,jpeg70
1,sid_tampered,tampered,unknown,train,11fa94f6656ac4e1,jitter02
1,sid_tampered,tampered,unknown,train,11fa94f6656ac4e1,crop08
1,sid_tampered,tampered,unknown,train,e4ef5036c617e73d,clean
1,sid_tampered,tampered,unknown,train,e4ef5036c617e73d,blur05
1,sid_tampered,tampered,unknown,train,e4ef5036c617e73d,resize05
1,sid_tampered,tampered,unknown,train,e4ef5036c617e73d,noise005
1,sid_tampered,tampered,unknown,train,eac003cb24388039,clean
1,sid_tampered,tampered,unknown,train,eac003cb24388039,noise005
1,sid_tampered,tampered,unknown,train,eac003cb24388039,noise01
1,sid_tampered,tampered,unknown,train,eac003cb24388039,jitter02
1,sid_tampered,tampered,unknown,train,ff6c5a6cbe7c7c12,clean
1,sid_tampered,tampered,unknown,train,ff6c5a6cbe7c7c12,blur10
1,sid_tampered,tampered,unknown,train,ff6c5a6cbe7c7c12,noise01
1,sid_tampered,tampered,unknown,train,ff6c5a6cbe7c7c12,crop08
1,sid_tampered,tampered,unknown,train,aaae77b820715586,clean
1,sid_tampered,tampered,unknown,train,aaae77b820715586,jpeg70
1,sid_tampered,tampered,unknown,train,aaae77b820715586,jpeg30
1,sid_tampered,tampered,unknown,train,aaae77b820715586,noise002
1,sid_tampered,tampered,unknown,train,c6c89b8ec1258022,clean
1,sid_tampered,tampered,unknown,train,c6c89b8ec1258022,jpeg50
1,sid_tampered,tampered,unknown,train,c6c89b8ec1258022,jpeg30
1,sid_tampered,tampered,unknown,train,c6c89b8ec1258022,crop08
1,sid_tampered,tampered,unknown,train,acafc9796fd5280f,clean
1,sid_tampered,tampered,unknown,train,acafc9796fd5280f,jpeg70
1,sid_tampered,tampered,unknown,train,acafc9796fd5280f,noise002
1,sid_tampered,tampered,unknown,train,acafc9796fd5280f,noise005
1,sid_tampered,tampered,unknown,train,ceccf27823808777,clean
1,sid_tampered,tampered,unknown,train,ceccf27823808777,jpeg30
1,sid_tampered,tampered,unknown,train,ceccf27823808777,noise005
1,sid_tampered,tampered,unknown,train,ceccf27823808777,jitter02
1,sid_tampered,tampered,unknown,train,9476d642ab24e66d,clean
1,sid_tampered,tampered,unknown,train,9476d642ab24e66d,blur10
1,sid_tampered,tampered,unknown,train,9476d642ab24e66d,noise005
1,sid_tampered,tampered,unknown,train,9476d642ab24e66d,noise01
1,sid_tampered,tampered,unknown,train,008918a762967bd3,clean
1,sid_tampered,tampered,unknown,train,008918a762967bd3,blur20
1,sid_tampered,tampered,unknown,train,008918a762967bd3,resize025
1,sid_tampered,tampered,unknown,train,008918a762967bd3,noise002
1,sid_tampered,tampered,unknown,train,75e7fdcb3d3ab801,clean
1,sid_tampered,tampered,unknown,train,75e7fdcb3d3ab801,blur05
1,sid_tampered,tampered,unknown,train,75e7fdcb3d3ab801,blur20
1,sid_tampered,tampered,unknown,train,75e7fdcb3d3ab801,noise002
1,sid_tampered,tampered,unknown,train,0ed108f57805c146,clean
1,sid_tampered,tampered,unknown,train,0ed108f57805c146,jpeg30
1,sid_tampered,tampered,unknown,train,0ed108f57805c146,jitter02
1,sid_tampered,tampered,unknown,train,0ed108f57805c146,crop08
1,sid_tampered,tampered,unknown,train,248951e8e26bd2a4,clean
1,sid_tampered,tampered,unknown,train,248951e8e26bd2a4,noise002
1,sid_tampered,tampered,unknown,train,248951e8e26bd2a4,noise01
1,sid_tampered,tampered,unknown,train,248951e8e26bd2a4,crop08
1,sid_tampered,tampered,unknown,train,16b6180b93fa78d5,clean
1,sid_tampered,tampered,unknown,train,16b6180b93fa78d5,jpeg70
1,sid_tampered,tampered,unknown,train,16b6180b93fa78d5,resize025
1,sid_tampered,tampered,unknown,train,16b6180b93fa78d5,noise01
1,sid_tampered,tampered,unknown,train,5de93f5f3315b06e,clean
1,sid_tampered,tampered,unknown,train,5de93f5f3315b06e,jpeg50
1,sid_tampered,tampered,unknown,train,5de93f5f3315b06e,noise005
1,sid_tampered,tampered,unknown,train,5de93f5f3315b06e,jitter02
1,sid_tampered,tampered,unknown,train,f47182f36c6395e0,clean
1,sid_tampered,tampered,unknown,train,f47182f36c6395e0,blur10
1,sid_tampered,tampered,unknown,train,f47182f36c6395e0,blur20
1,sid_tampered,tampered,unknown,train,f47182f36c6395e0,noise005
1,sid_tampered,tampered,unknown,train,0ef77d7a811bb6b7,clean
1,sid_tampered,tampered,unknown,train,0ef77d7a811bb6b7,jpeg90
1,sid_tampered,tampered,unknown,train,0ef77d7a811bb6b7,resize05
1,sid_tampered,tampered,unknown,train,0ef77d7a811bb6b7,crop08
1,sid_tampered,tampered,unknown,train,051d7290e2fae39e,clean
1,sid_tampered,tampered,unknown,train,051d7290e2fae39e,jpeg30
1,sid_tampered,tampered,unknown,train,051d7290e2fae39e,blur10
1,sid_tampered,tampered,unknown,train,051d7290e2fae39e,resize05
1,sid_tampered,tampered,unknown,train,5306d9026c8d6057,clean
1,sid_tampered,tampered,unknown,train,5306d9026c8d6057,jpeg50
1,sid_tampered,tampered,unknown,train,5306d9026c8d6057,resize05
1,sid_tampered,tampered,unknown,train,5306d9026c8d6057,noise01
1,sid_tampered,tampered,unknown,train,4f44d890370cea88,clean
1,sid_tampered,tampered,unknown,train,4f44d890370cea88,jpeg90
1,sid_tampered,tampered,unknown,train,4f44d890370cea88,noise002
1,sid_tampered,tampered,unknown,train,4f44d890370cea88,noise005
1,sid_tampered,tampered,unknown,train,6755a10af5682f15,clean
1,sid_tampered,tampered,unknown,train,6755a10af5682f15,jpeg50
1,sid_tampered,tampered,unknown,train,6755a10af5682f15,blur05
1,sid_tampered,tampered,unknown,train,6755a10af5682f15,crop08
1,sid_tampered,tampered,unknown,train,17f91a87cecc106c,clean
1,sid_tampered,tampered,unknown,train,17f91a87cecc106c,jpeg50
1,sid_tampered,tampered,unknown,train,17f91a87cecc106c,noise01
1,sid_tampered,tampered,unknown,train,17f91a87cecc106c,crop08
1,sid_tampered,tampered,unknown,train,bcb3fc984beb50d4,clean
1,sid_tampered,tampered,unknown,train,bcb3fc984beb50d4,blur10
1,sid_tampered,tampered,unknown,train,bcb3fc984beb50d4,resize025
1,sid_tampered,tampered,unknown,train,bcb3fc984beb50d4,crop08
1,sid_tampered,tampered,unknown,train,d2aa6623dcbb4fb6,clean
1,sid_tampered,tampered,unknown,train,d2aa6623dcbb4fb6,noise002
1,sid_tampered,tampered,unknown,train,d2aa6623dcbb4fb6,noise01
1,sid_tampered,tampered,unknown,train,d2aa6623dcbb4fb6,crop08
1,sid_tampered,tampered,unknown,train,26838e9ca911cfcd,clean
1,sid_tampered,tampered,unknown,train,26838e9ca911cfcd,jpeg50
1,sid_tampered,tampered,unknown,train,26838e9ca911cfcd,blur10
1,sid_tampered,tampered,unknown,train,26838e9ca911cfcd,noise01
1,sid_tampered,tampered,unknown,train,a9f9c127dace904b,clean
1,sid_tampered,tampered,unknown,train,a9f9c127dace904b,jpeg30
1,sid_tampered,tampered,unknown,train,a9f9c127dace904b,noise002
1,sid_tampered,tampered,unknown,train,a9f9c127dace904b,noise01
1,sid_tampered,tampered,unknown,train,71ce67ceb5391d78,clean
1,sid_tampered,tampered,unknown,train,71ce67ceb5391d78,jpeg90
1,sid_tampered,tampered,unknown,train,71ce67ceb5391d78,jpeg50
1,sid_tampered,tampered,unknown,train,71ce67ceb5391d78,resize025
1,sid_tampered,tampered,unknown,train,1310e0310994cce6,clean
1,sid_tampered,tampered,unknown,train,1310e0310994cce6,jpeg50
1,sid_tampered,tampered,unknown,train,1310e0310994cce6,blur10
1,sid_tampered,tampered,unknown,train,1310e0310994cce6,resize025
1,sid_tampered,tampered,unknown,train,a7a38d90913c918a,clean
1,sid_tampered,tampered,unknown,train,a7a38d90913c918a,jpeg70
1,sid_tampered,tampered,unknown,train,a7a38d90913c918a,blur05
1,sid_tampered,tampered,unknown,train,a7a38d90913c918a,noise005
1,sid_tampered,tampered,unknown,train,8955821e5c419123,clean
1,sid_tampered,tampered,unknown,train,8955821e5c419123,jpeg70
1,sid_tampered,tampered,unknown,train,8955821e5c419123,noise002
1,sid_tampered,tampered,unknown,train,8955821e5c419123,jitter02
1,sid_tampered,tampered,unknown,train,e0a9f4de348da580,clean
1,sid_tampered,tampered,unknown,train,e0a9f4de348da580,blur10
1,sid_tampered,tampered,unknown,train,e0a9f4de348da580,blur20
1,sid_tampered,tampered,unknown,train,e0a9f4de348da580,noise005
1,sid_tampered,tampered,unknown,train,8534307988e6191c,clean
1,sid_tampered,tampered,unknown,train,8534307988e6191c,jpeg70
1,sid_tampered,tampered,unknown,train,8534307988e6191c,blur05
1,sid_tampered,tampered,unknown,train,8534307988e6191c,noise01
1,sid_tampered,tampered,unknown,train,df043c84f5a2766e,clean
1,sid_tampered,tampered,unknown,train,df043c84f5a2766e,blur20
1,sid_tampered,tampered,unknown,train,df043c84f5a2766e,resize025
1,sid_tampered,tampered,unknown,train,df043c84f5a2766e,crop08
1,sid_tampered,tampered,unknown,train,f500bd3ff218a46c,clean
1,sid_tampered,tampered,unknown,train,f500bd3ff218a46c,jpeg50
1,sid_tampered,tampered,unknown,train,f500bd3ff218a46c,blur10
1,sid_tampered,tampered,unknown,train,f500bd3ff218a46c,jitter02
1,sid_tampered,tampered,unknown,train,31535b0b374c517f,clean
1,sid_tampered,tampered,unknown,train,31535b0b374c517f,jpeg90
1,sid_tampered,tampered,unknown,train,31535b0b374c517f,blur20
1,sid_tampered,tampered,unknown,train,31535b0b374c517f,resize05
1,sid_tampered,tampered,unknown,train,52d2e2211c9991f2,clean
1,sid_tampered,tampered,unknown,train,52d2e2211c9991f2,blur05
1,sid_tampered,tampered,unknown,train,52d2e2211c9991f2,resize025
1,sid_tampered,tampered,unknown,train,52d2e2211c9991f2,crop08
1,sid_tampered,tampered,unknown,train,2ff421b739df4573,clean
1,sid_tampered,tampered,unknown,train,2ff421b739df4573,jpeg30
1,sid_tampered,tampered,unknown,train,2ff421b739df4573,blur10
1,sid_tampered,tampered,unknown,train,2ff421b739df4573,jitter02
1,sid_tampered,tampered,unknown,train,a761840b80cd86a4,clean
1,sid_tampered,tampered,unknown,train,a761840b80cd86a4,jpeg70
1,sid_tampered,tampered,unknown,train,a761840b80cd86a4,resize05
1,sid_tampered,tampered,unknown,train,a761840b80cd86a4,crop08
1,sid_tampered,tampered,unknown,train,f4ac2e4b9b338422,clean
1,sid_tampered,tampered,unknown,train,f4ac2e4b9b338422,jpeg90
1,sid_tampered,tampered,unknown,train,f4ac2e4b9b338422,blur20
1,sid_tampered,tampered,unknown,train,f4ac2e4b9b338422,resize025
1,sid_tampered,tampered,unknown,train,cf92d525394b0038,clean
1,sid_tampered,tampered,unknown,train,cf92d525394b0038,blur05
1,sid_tampered,tampered,unknown,train,cf92d525394b0038,noise005
1,sid_tampered,tampered,unknown,train,cf92d525394b0038,jitter02
1,sid_tampered,tampered,unknown,train,25c3b22b644c25d0,clean
1,sid_tampered,tampered,unknown,train,25c3b22b644c25d0,jpeg30
1,sid_tampered,tampered,unknown,train,25c3b22b644c25d0,noise01
1,sid_tampered,tampered,unknown,train,25c3b22b644c25d0,jitter02
1,sid_tampered,tampered,unknown,train,44bfa25ae7378592,clean
1,sid_tampered,tampered,unknown,train,44bfa25ae7378592,jpeg90
1,sid_tampered,tampered,unknown,train,44bfa25ae7378592,resize05
1,sid_tampered,tampered,unknown,train,44bfa25ae7378592,jitter02
1,sid_tampered,tampered,unknown,train,5468a7da37f541bc,clean
1,sid_tampered,tampered,unknown,train,5468a7da37f541bc,jpeg30
1,sid_tampered,tampered,unknown,train,5468a7da37f541bc,resize05
1,sid_tampered,tampered,unknown,train,5468a7da37f541bc,noise005
1,sid_tampered,tampered,unknown,train,927d3968440ec759,clean
1,sid_tampered,tampered,unknown,train,927d3968440ec759,resize05
1,sid_tampered,tampered,unknown,train,927d3968440ec759,noise005
1,sid_tampered,tampered,unknown,train,927d3968440ec759,noise01
1,sid_tampered,tampered,unknown,train,7909f376a4270012,clean
1,sid_tampered,tampered,unknown,train,7909f376a4270012,jpeg50
1,sid_tampered,tampered,unknown,train,7909f376a4270012,resize05
1,sid_tampered,tampered,unknown,train,7909f376a4270012,noise002
1,sid_tampered,tampered,unknown,train,b53f457c5f532bb8,clean
1,sid_tampered,tampered,unknown,train,b53f457c5f532bb8,jpeg90
1,sid_tampered,tampered,unknown,train,b53f457c5f532bb8,jpeg50
1,sid_tampered,tampered,unknown,train,b53f457c5f532bb8,blur20
1,sid_tampered,tampered,unknown,train,5b88a28351e63234,clean
1,sid_tampered,tampered,unknown,train,5b88a28351e63234,jpeg30
1,sid_tampered,tampered,unknown,train,5b88a28351e63234,noise005
1,sid_tampered,tampered,unknown,train,5b88a28351e63234,noise01
1,sid_tampered,tampered,unknown,train,042649934db112b9,clean
1,sid_tampered,tampered,unknown,train,042649934db112b9,jpeg30
1,sid_tampered,tampered,unknown,train,042649934db112b9,resize025
1,sid_tampered,tampered,unknown,train,042649934db112b9,jitter02
1,sid_tampered,tampered,unknown,train,0dea86bd0208af76,clean
1,sid_tampered,tampered,unknown,train,0dea86bd0208af76,jpeg50
1,sid_tampered,tampered,unknown,train,0dea86bd0208af76,resize025
1,sid_tampered,tampered,unknown,train,0dea86bd0208af76,noise002
1,sid_tampered,tampered,unknown,train,f966a19bfec457da,clean
1,sid_tampered,tampered,unknown,train,f966a19bfec457da,jpeg50
1,sid_tampered,tampered,unknown,train,f966a19bfec457da,jpeg30
1,sid_tampered,tampered,unknown,train,f966a19bfec457da,blur10
1,sid_tampered,tampered,unknown,train,ecc6baf200256a62,clean
1,sid_tampered,tampered,unknown,train,ecc6baf200256a62,jpeg50
1,sid_tampered,tampered,unknown,train,ecc6baf200256a62,blur05
1,sid_tampered,tampered,unknown,train,ecc6baf200256a62,jitter02
1,sid_tampered,tampered,unknown,train,5be619087a880582,clean
1,sid_tampered,tampered,unknown,train,5be619087a880582,blur05
1,sid_tampered,tampered,unknown,train,5be619087a880582,noise01
1,sid_tampered,tampered,unknown,train,5be619087a880582,crop08
1,sid_tampered,tampered,unknown,train,ef97c7998977b85f,clean
1,sid_tampered,tampered,unknown,train,ef97c7998977b85f,jpeg30
1,sid_tampered,tampered,unknown,train,ef97c7998977b85f,resize05
1,sid_tampered,tampered,unknown,train,ef97c7998977b85f,noise01
1,sid_tampered,tampered,unknown,train,546e038ca86f546a,clean
1,sid_tampered,tampered,unknown,train,546e038ca86f546a,blur05
1,sid_tampered,tampered,unknown,train,546e038ca86f546a,blur10
1,sid_tampered,tampered,unknown,train,546e038ca86f546a,resize025
1,sid_tampered,tampered,unknown,train,d963e5f1e3f8d40a,clean
1,sid_tampered,tampered,unknown,train,d963e5f1e3f8d40a,jpeg90
1,sid_tampered,tampered,unknown,train,d963e5f1e3f8d40a,jpeg70
1,sid_tampered,tampered,unknown,train,d963e5f1e3f8d40a,jpeg50
1,sid_tampered,tampered,unknown,train,1afb089abe6ba557,clean
1,sid_tampered,tampered,unknown,train,1afb089abe6ba557,resize05
1,sid_tampered,tampered,unknown,train,1afb089abe6ba557,noise002
1,sid_tampered,tampered,unknown,train,1afb089abe6ba557,crop08
1,sid_tampered,tampered,unknown,train,b1fa76a2a044f594,clean
1,sid_tampered,tampered,unknown,train,b1fa76a2a044f594,jpeg50
1,sid_tampered,tampered,unknown,train,b1fa76a2a044f594,blur05
1,sid_tampered,tampered,unknown,train,b1fa76a2a044f594,jitter02
1,sid_tampered,tampered,unknown,train,5499d9f5a0aab677,clean
1,sid_tampered,tampered,unknown,train,5499d9f5a0aab677,blur10
1,sid_tampered,tampered,unknown,train,5499d9f5a0aab677,resize025
1,sid_tampered,tampered,unknown,train,5499d9f5a0aab677,noise01
1,sid_tampered,tampered,unknown,train,fcde1b8f459baa4a,clean
1,sid_tampered,tampered,unknown,train,fcde1b8f459baa4a,blur05
1,sid_tampered,tampered,unknown,train,fcde1b8f459baa4a,resize05
1,sid_tampered,tampered,unknown,train,fcde1b8f459baa4a,noise01
1,sid_tampered,tampered,unknown,train,55b4388f34156911,clean
1,sid_tampered,tampered,unknown,train,55b4388f34156911,jpeg90
1,sid_tampered,tampered,unknown,train,55b4388f34156911,resize05
1,sid_tampered,tampered,unknown,train,55b4388f34156911,noise002
1,sid_tampered,tampered,unknown,train,bc216a4491b6adf0,clean
1,sid_tampered,tampered,unknown,train,bc216a4491b6adf0,jpeg90
1,sid_tampered,tampered,unknown,train,bc216a4491b6adf0,jpeg30
1,sid_tampered,tampered,unknown,train,bc216a4491b6adf0,resize025
1,sid_tampered,tampered,unknown,train,9a947da6a03bd6fd,clean
1,sid_tampered,tampered,unknown,train,9a947da6a03bd6fd,blur10
1,sid_tampered,tampered,unknown,train,9a947da6a03bd6fd,resize025
1,sid_tampered,tampered,unknown,train,9a947da6a03bd6fd,crop08
1,sid_tampered,tampered,unknown,train,150221db366e7c64,clean
1,sid_tampered,tampered,unknown,train,150221db366e7c64,jpeg30
1,sid_tampered,tampered,unknown,train,150221db366e7c64,blur10
1,sid_tampered,tampered,unknown,train,150221db366e7c64,resize025
1,sid_tampered,tampered,unknown,train,b2027904d26c4b41,clean
1,sid_tampered,tampered,unknown,train,b2027904d26c4b41,jpeg70
1,sid_tampered,tampered,unknown,train,b2027904d26c4b41,noise01
1,sid_tampered,tampered,unknown,train,b2027904d26c4b41,jitter02
1,sid_tampered,tampered,unknown,train,29b5eda5ad445cbe,clean
1,sid_tampered,tampered,unknown,train,29b5eda5ad445cbe,blur05
1,sid_tampered,tampered,unknown,train,29b5eda5ad445cbe,noise002
1,sid_tampered,tampered,unknown,train,29b5eda5ad445cbe,crop08
1,sid_tampered,tampered,unknown,train,7deba4bbefb628d8,clean
1,sid_tampered,tampered,unknown,train,7deba4bbefb628d8,jpeg50
1,sid_tampered,tampered,unknown,train,7deba4bbefb628d8,noise01
1,sid_tampered,tampered,unknown,train,7deba4bbefb628d8,jitter02
1,sid_tampered,tampered,unknown,train,8f0a6e4443b3376c,clean
1,sid_tampered,tampered,unknown,train,8f0a6e4443b3376c,jpeg50
1,sid_tampered,tampered,unknown,train,8f0a6e4443b3376c,blur10
1,sid_tampered,tampered,unknown,train,8f0a6e4443b3376c,crop08
1,sid_tampered,tampered,unknown,train,eeb0876836f52480,clean
1,sid_tampered,tampered,unknown,train,eeb0876836f52480,jpeg90
1,sid_tampered,tampered,unknown,train,eeb0876836f52480,blur05
1,sid_tampered,tampered,unknown,train,eeb0876836f52480,noise002
1,sid_tampered,tampered,unknown,train,19d8ceb5f5c0f919,clean
1,sid_tampered,tampered,unknown,train,19d8ceb5f5c0f919,jpeg50
1,sid_tampered,tampered,unknown,train,19d8ceb5f5c0f919,resize025
1,sid_tampered,tampered,unknown,train,19d8ceb5f5c0f919,crop08
1,sid_tampered,tampered,unknown,train,17a220387a4764f3,clean
1,sid_tampered,tampered,unknown,train,17a220387a4764f3,blur05
1,sid_tampered,tampered,unknown,train,17a220387a4764f3,blur10
1,sid_tampered,tampered,unknown,train,17a220387a4764f3,noise002
1,sid_tampered,tampered,unknown,train,083af95f1b57dd08,clean
1,sid_tampered,tampered,unknown,train,083af95f1b57dd08,jpeg50
1,sid_tampered,tampered,unknown,train,083af95f1b57dd08,resize05
1,sid_tampered,tampered,unknown,train,083af95f1b57dd08,noise01
1,sid_tampered,tampered,unknown,train,8f879c5f7d960f72,clean
1,sid_tampered,tampered,unknown,train,8f879c5f7d960f72,blur10
1,sid_tampered,tampered,unknown,train,8f879c5f7d960f72,noise01
1,sid_tampered,tampered,unknown,train,8f879c5f7d960f72,crop08
1,sid_tampered,tampered,unknown,train,dd4b608afc877759,clean
1,sid_tampered,tampered,unknown,train,dd4b608afc877759,jpeg30
1,sid_tampered,tampered,unknown,train,dd4b608afc877759,blur05
1,sid_tampered,tampered,unknown,train,dd4b608afc877759,jitter02
1,sid_tampered,tampered,unknown,train,399ef5020656a9fe,clean
1,sid_tampered,tampered,unknown,train,399ef5020656a9fe,jpeg50
1,sid_tampered,tampered,unknown,train,399ef5020656a9fe,blur05
1,sid_tampered,tampered,unknown,train,399ef5020656a9fe,crop08
1,sid_tampered,tampered,unknown,train,88bab51d10e3f557,clean
1,sid_tampered,tampered,unknown,train,88bab51d10e3f557,blur10
1,sid_tampered,tampered,unknown,train,88bab51d10e3f557,resize025
1,sid_tampered,tampered,unknown,train,88bab51d10e3f557,noise002
1,sid_tampered,tampered,unknown,train,df00e6317fa73a4f,clean
1,sid_tampered,tampered,unknown,train,df00e6317fa73a4f,jpeg90
1,sid_tampered,tampered,unknown,train,df00e6317fa73a4f,jpeg70
1,sid_tampered,tampered,unknown,train,df00e6317fa73a4f,resize025
1,sid_tampered,tampered,unknown,train,449ea894485d22c7,clean
1,sid_tampered,tampered,unknown,train,449ea894485d22c7,resize025
1,sid_tampered,tampered,unknown,train,449ea894485d22c7,jitter02
1,sid_tampered,tampered,unknown,train,449ea894485d22c7,crop08
1,sid_tampered,tampered,unknown,train,f8c72a3c0a831a2f,clean
1,sid_tampered,tampered,unknown,train,f8c72a3c0a831a2f,jpeg50
1,sid_tampered,tampered,unknown,train,f8c72a3c0a831a2f,blur05
1,sid_tampered,tampered,unknown,train,f8c72a3c0a831a2f,blur10
1,sid_tampered,tampered,unknown,train,d43ed0e31dc54db7,clean
1,sid_tampered,tampered,unknown,train,d43ed0e31dc54db7,resize05
1,sid_tampered,tampered,unknown,train,d43ed0e31dc54db7,noise005
1,sid_tampered,tampered,unknown,train,d43ed0e31dc54db7,noise01
1,sid_tampered,tampered,unknown,train,5868b4971492ae16,clean
1,sid_tampered,tampered,unknown,train,5868b4971492ae16,jpeg30
1,sid_tampered,tampered,unknown,train,5868b4971492ae16,blur20
1,sid_tampered,tampered,unknown,train,5868b4971492ae16,crop08
1,sid_tampered,tampered,unknown,train,9b9608244974c715,clean
1,sid_tampered,tampered,unknown,train,9b9608244974c715,jpeg50
1,sid_tampered,tampered,unknown,train,9b9608244974c715,noise002
1,sid_tampered,tampered,unknown,train,9b9608244974c715,jitter02
1,sid_tampered,tampered,unknown,train,994b84cf12655d9b,clean
1,sid_tampered,tampered,unknown,train,994b84cf12655d9b,jpeg70
1,sid_tampered,tampered,unknown,train,994b84cf12655d9b,jpeg30
1,sid_tampered,tampered,unknown,train,994b84cf12655d9b,blur05
1,sid_tampered,tampered,unknown,train,b5013d968efc793b,clean
1,sid_tampered,tampered,unknown,train,b5013d968efc793b,jpeg50
1,sid_tampered,tampered,unknown,train,b5013d968efc793b,resize05
1,sid_tampered,tampered,unknown,train,b5013d968efc793b,noise005
1,sid_tampered,tampered,unknown,train,2a24c9e051de8ca7,clean
1,sid_tampered,tampered,unknown,train,2a24c9e051de8ca7,jpeg90
1,sid_tampered,tampered,unknown,train,2a24c9e051de8ca7,jpeg30
1,sid_tampered,tampered,unknown,train,2a24c9e051de8ca7,resize025
1,sid_tampered,tampered,unknown,train,c52db8692e288507,clean
1,sid_tampered,tampered,unknown,train,c52db8692e288507,blur20
1,sid_tampered,tampered,unknown,train,c52db8692e288507,resize05
1,sid_tampered,tampered,unknown,train,c52db8692e288507,noise002
1,sid_tampered,tampered,unknown,train,c2c028fabd166ad6,clean
1,sid_tampered,tampered,unknown,train,c2c028fabd166ad6,blur20
1,sid_tampered,tampered,unknown,train,c2c028fabd166ad6,noise005
1,sid_tampered,tampered,unknown,train,c2c028fabd166ad6,noise01
1,sid_tampered,tampered,unknown,train,c1d1b3e85f673526,clean
1,sid_tampered,tampered,unknown,train,c1d1b3e85f673526,blur05
1,sid_tampered,tampered,unknown,train,c1d1b3e85f673526,noise002
1,sid_tampered,tampered,unknown,train,c1d1b3e85f673526,crop08
1,sid_tampered,tampered,unknown,train,aff458ba1748d487,clean
1,sid_tampered,tampered,unknown,train,aff458ba1748d487,blur05
1,sid_tampered,tampered,unknown,train,aff458ba1748d487,blur10
1,sid_tampered,tampered,unknown,train,aff458ba1748d487,noise005
1,sid_tampered,tampered,unknown,train,73382d9d226085c4,clean
1,sid_tampered,tampered,unknown,train,73382d9d226085c4,jpeg90
1,sid_tampered,tampered,unknown,train,73382d9d226085c4,jpeg70
1,sid_tampered,tampered,unknown,train,73382d9d226085c4,noise01
1,sid_tampered,tampered,unknown,train,93e78865fdf52d80,clean
1,sid_tampered,tampered,unknown,train,93e78865fdf52d80,jpeg90
1,sid_tampered,tampered,unknown,train,93e78865fdf52d80,jpeg50
1,sid_tampered,tampered,unknown,train,93e78865fdf52d80,blur05
1,sid_tampered,tampered,unknown,train,1c31d8d571cbfb2d,clean
1,sid_tampered,tampered,unknown,train,1c31d8d571cbfb2d,jpeg90
1,sid_tampered,tampered,unknown,train,1c31d8d571cbfb2d,jpeg70
1,sid_tampered,tampered,unknown,train,1c31d8d571cbfb2d,noise01
1,sid_tampered,tampered,unknown,train,cb3d9548b5719e3d,clean
1,sid_tampered,tampered,unknown,train,cb3d9548b5719e3d,blur20
1,sid_tampered,tampered,unknown,train,cb3d9548b5719e3d,noise005
1,sid_tampered,tampered,unknown,train,cb3d9548b5719e3d,crop08
1,sid_tampered,tampered,unknown,train,915b4b11c078da01,clean
1,sid_tampered,tampered,unknown,train,915b4b11c078da01,jpeg70
1,sid_tampered,tampered,unknown,train,915b4b11c078da01,blur05
1,sid_tampered,tampered,unknown,train,915b4b11c078da01,resize05
1,sid_tampered,tampered,unknown,train,48d0e6a09d58faf9,clean
1,sid_tampered,tampered,unknown,train,48d0e6a09d58faf9,blur05
1,sid_tampered,tampered,unknown,train,48d0e6a09d58faf9,noise005
1,sid_tampered,tampered,unknown,train,48d0e6a09d58faf9,jitter02
1,sid_tampered,tampered,unknown,train,ae6382c20f25a0ef,clean
1,sid_tampered,tampered,unknown,train,ae6382c20f25a0ef,jpeg30
1,sid_tampered,tampered,unknown,train,ae6382c20f25a0ef,noise01
1,sid_tampered,tampered,unknown,train,ae6382c20f25a0ef,crop08
1,sid_tampered,tampered,unknown,train,6b9964b10d455a73,clean
1,sid_tampered,tampered,unknown,train,6b9964b10d455a73,blur20
1,sid_tampered,tampered,unknown,train,6b9964b10d455a73,resize025
1,sid_tampered,tampered,unknown,train,6b9964b10d455a73,noise01
1,sid_tampered,tampered,unknown,train,a98f7609c9e37572,clean
1,sid_tampered,tampered,unknown,train,a98f7609c9e37572,jpeg70
1,sid_tampered,tampered,unknown,train,a98f7609c9e37572,blur10
1,sid_tampered,tampered,unknown,train,a98f7609c9e37572,crop08
1,sid_tampered,tampered,unknown,train,ace4702ce2b04e87,clean
1,sid_tampered,tampered,unknown,train,ace4702ce2b04e87,blur05
1,sid_tampered,tampered,unknown,train,ace4702ce2b04e87,blur20
1,sid_tampered,tampered,unknown,train,ace4702ce2b04e87,crop08
1,sid_tampered,tampered,unknown,train,b58dbd7dcabe7e85,clean
1,sid_tampered,tampered,unknown,train,b58dbd7dcabe7e85,blur20
1,sid_tampered,tampered,unknown,train,b58dbd7dcabe7e85,noise005
1,sid_tampered,tampered,unknown,train,b58dbd7dcabe7e85,jitter02
1,sid_tampered,tampered,unknown,train,b3bbe7340db84a92,clean
1,sid_tampered,tampered,unknown,train,b3bbe7340db84a92,jpeg90
1,sid_tampered,tampered,unknown,train,b3bbe7340db84a92,blur20
1,sid_tampered,tampered,unknown,train,b3bbe7340db84a92,resize025
1,sid_tampered,tampered,unknown,train,90dd1f889bae8d22,clean
1,sid_tampered,tampered,unknown,train,90dd1f889bae8d22,jpeg90
1,sid_tampered,tampered,unknown,train,90dd1f889bae8d22,noise002
1,sid_tampered,tampered,unknown,train,90dd1f889bae8d22,crop08
1,sid_tampered,tampered,unknown,train,53279752be0041b5,clean
1,sid_tampered,tampered,unknown,train,53279752be0041b5,jpeg70
1,sid_tampered,tampered,unknown,train,53279752be0041b5,resize05
1,sid_tampered,tampered,unknown,train,53279752be0041b5,noise002
1,sid_tampered,tampered,unknown,train,7ccf91b6d5b99772,clean
1,sid_tampered,tampered,unknown,train,7ccf91b6d5b99772,blur05
1,sid_tampered,tampered,unknown,train,7ccf91b6d5b99772,noise005
1,sid_tampered,tampered,unknown,train,7ccf91b6d5b99772,jitter02
1,sid_tampered,tampered,unknown,train,69d0165421448812,clean
1,sid_tampered,tampered,unknown,train,69d0165421448812,resize05
1,sid_tampered,tampered,unknown,train,69d0165421448812,noise002
1,sid_tampered,tampered,unknown,train,69d0165421448812,jitter02
1,sid_tampered,tampered,unknown,train,1feaf4a4856d9b5b,clean
1,sid_tampered,tampered,unknown,train,1feaf4a4856d9b5b,jpeg90
1,sid_tampered,tampered,unknown,train,1feaf4a4856d9b5b,blur05
1,sid_tampered,tampered,unknown,train,1feaf4a4856d9b5b,blur20
1,sid_tampered,tampered,unknown,train,780c02b657d62015,clean
1,sid_tampered,tampered,unknown,train,780c02b657d62015,jpeg90
1,sid_tampered,tampered,unknown,train,780c02b657d62015,resize025
1,sid_tampered,tampered,unknown,train,780c02b657d62015,noise01
1,sid_tampered,tampered,unknown,train,16ee0c09483aa39f,clean
1,sid_tampered,tampered,unknown,train,16ee0c09483aa39f,blur05
1,sid_tampered,tampered,unknown,train,16ee0c09483aa39f,resize025
1,sid_tampered,tampered,unknown,train,16ee0c09483aa39f,jitter02
1,sid_tampered,tampered,unknown,train,afcc9046d5ed009a,clean
1,sid_tampered,tampered,unknown,train,afcc9046d5ed009a,blur20
1,sid_tampered,tampered,unknown,train,afcc9046d5ed009a,resize025
1,sid_tampered,tampered,unknown,train,afcc9046d5ed009a,noise002
1,sid_tampered,tampered,unknown,train,8b61624b83b0974c,clean
1,sid_tampered,tampered,unknown,train,8b61624b83b0974c,jpeg70
1,sid_tampered,tampered,unknown,train,8b61624b83b0974c,blur20
1,sid_tampered,tampered,unknown,train,8b61624b83b0974c,resize025
1,sid_tampered,tampered,unknown,train,6ff2791d3b7fe6d8,clean
1,sid_tampered,tampered,unknown,train,6ff2791d3b7fe6d8,blur10
1,sid_tampered,tampered,unknown,train,6ff2791d3b7fe6d8,blur20
1,sid_tampered,tampered,unknown,train,6ff2791d3b7fe6d8,resize05
1,sid_tampered,tampered,unknown,train,3416901ce2194e20,clean
1,sid_tampered,tampered,unknown,train,3416901ce2194e20,jpeg50
1,sid_tampered,tampered,unknown,train,3416901ce2194e20,blur20
1,sid_tampered,tampered,unknown,train,3416901ce2194e20,noise002
1,sid_tampered,tampered,unknown,train,ca53435b16493db1,clean
1,sid_tampered,tampered,unknown,train,ca53435b16493db1,jpeg90
1,sid_tampered,tampered,unknown,train,ca53435b16493db1,jpeg30
1,sid_tampered,tampered,unknown,train,ca53435b16493db1,crop08
1,sid_tampered,tampered,unknown,train,c5ce72325ef2cef1,clean
1,sid_tampered,tampered,unknown,train,c5ce72325ef2cef1,jpeg90
1,sid_tampered,tampered,unknown,train,c5ce72325ef2cef1,blur05
1,sid_tampered,tampered,unknown,train,c5ce72325ef2cef1,jitter02
1,sid_tampered,tampered,unknown,train,017c2bd513342bd8,clean
1,sid_tampered,tampered,unknown,train,017c2bd513342bd8,jpeg70
1,sid_tampered,tampered,unknown,train,017c2bd513342bd8,resize025
1,sid_tampered,tampered,unknown,train,017c2bd513342bd8,jitter02
1,sid_tampered,tampered,unknown,train,79d017cab3e74ae0,clean
1,sid_tampered,tampered,unknown,train,79d017cab3e74ae0,jpeg90
1,sid_tampered,tampered,unknown,train,79d017cab3e74ae0,blur10
1,sid_tampered,tampered,unknown,train,79d017cab3e74ae0,resize05
1,sid_tampered,tampered,unknown,train,5b1b27f51a3ebd78,clean
1,sid_tampered,tampered,unknown,train,5b1b27f51a3ebd78,resize05
1,sid_tampered,tampered,unknown,train,5b1b27f51a3ebd78,resize025
1,sid_tampered,tampered,unknown,train,5b1b27f51a3ebd78,noise002
1,sid_tampered,tampered,unknown,train,c112345e35c743e0,clean
1,sid_tampered,tampered,unknown,train,c112345e35c743e0,noise005
1,sid_tampered,tampered,unknown,train,c112345e35c743e0,noise01
1,sid_tampered,tampered,unknown,train,c112345e35c743e0,jitter02
1,sid_tampered,tampered,unknown,train,d9c6db70f4f51360,clean
1,sid_tampered,tampered,unknown,train,d9c6db70f4f51360,jpeg70
1,sid_tampered,tampered,unknown,train,d9c6db70f4f51360,jpeg30
1,sid_tampered,tampered,unknown,train,d9c6db70f4f51360,blur05
1,sid_tampered,tampered,unknown,train,8984e5e251eee417,clean
1,sid_tampered,tampered,unknown,train,8984e5e251eee417,blur20
1,sid_tampered,tampered,unknown,train,8984e5e251eee417,noise01
1,sid_tampered,tampered,unknown,train,8984e5e251eee417,crop08
1,sid_tampered,tampered,unknown,train,0f53e8eda5b9f170,clean
1,sid_tampered,tampered,unknown,train,0f53e8eda5b9f170,jpeg70
1,sid_tampered,tampered,unknown,train,0f53e8eda5b9f170,blur10
1,sid_tampered,tampered,unknown,train,0f53e8eda5b9f170,blur20
1,sid_tampered,tampered,unknown,train,5593d59180bd9f11,clean
1,sid_tampered,tampered,unknown,train,5593d59180bd9f11,blur10
1,sid_tampered,tampered,unknown,train,5593d59180bd9f11,blur20
1,sid_tampered,tampered,unknown,train,5593d59180bd9f11,jitter02
1,sid_tampered,tampered,unknown,train,786f3de818be70d6,clean
1,sid_tampered,tampered,unknown,train,786f3de818be70d6,jpeg30
1,sid_tampered,tampered,unknown,train,786f3de818be70d6,blur05
1,sid_tampered,tampered,unknown,train,786f3de818be70d6,blur10
1,sid_tampered,tampered,unknown,train,9891ca57a9bff6d3,clean
1,sid_tampered,tampered,unknown,train,9891ca57a9bff6d3,jpeg50
1,sid_tampered,tampered,unknown,train,9891ca57a9bff6d3,resize05
1,sid_tampered,tampered,unknown,train,9891ca57a9bff6d3,noise005
1,sid_tampered,tampered,unknown,train,5625194cf06c1473,clean
1,sid_tampered,tampered,unknown,train,5625194cf06c1473,resize05
1,sid_tampered,tampered,unknown,train,5625194cf06c1473,noise002
1,sid_tampered,tampered,unknown,train,5625194cf06c1473,jitter02
1,sid_tampered,tampered,unknown,train,7b234241e0e3923c,clean
1,sid_tampered,tampered,unknown,train,7b234241e0e3923c,noise002
1,sid_tampered,tampered,unknown,train,7b234241e0e3923c,jitter02
1,sid_tampered,tampered,unknown,train,7b234241e0e3923c,crop08
1,sid_tampered,tampered,unknown,train,789a6a25c6c5b6ca,clean
1,sid_tampered,tampered,unknown,train,789a6a25c6c5b6ca,jpeg30
1,sid_tampered,tampered,unknown,train,789a6a25c6c5b6ca,noise002
1,sid_tampered,tampered,unknown,train,789a6a25c6c5b6ca,jitter02
1,sid_tampered,tampered,unknown,train,1a34632dbf15b3ff,clean
1,sid_tampered,tampered,unknown,train,1a34632dbf15b3ff,jpeg90
1,sid_tampered,tampered,unknown,train,1a34632dbf15b3ff,noise002
1,sid_tampered,tampered,unknown,train,1a34632dbf15b3ff,jitter02
1,sid_tampered,tampered,unknown,train,3dfb93e26be1c3a1,clean
1,sid_tampered,tampered,unknown,train,3dfb93e26be1c3a1,jpeg30
1,sid_tampered,tampered,unknown,train,3dfb93e26be1c3a1,noise002
1,sid_tampered,tampered,unknown,train,3dfb93e26be1c3a1,noise01
1,sid_tampered,tampered,unknown,train,d5d55b273e87f173,clean
1,sid_tampered,tampered,unknown,train,d5d55b273e87f173,jpeg50
1,sid_tampered,tampered,unknown,train,d5d55b273e87f173,jpeg30
1,sid_tampered,tampered,unknown,train,d5d55b273e87f173,noise01
1,sid_tampered,tampered,unknown,train,d4c66d374b0c7fe3,clean
1,sid_tampered,tampered,unknown,train,d4c66d374b0c7fe3,blur20
1,sid_tampered,tampered,unknown,train,d4c66d374b0c7fe3,resize025
1,sid_tampered,tampered,unknown,train,d4c66d374b0c7fe3,noise002
1,sid_tampered,tampered,unknown,train,36d3456bd8b68240,clean
1,sid_tampered,tampered,unknown,train,36d3456bd8b68240,jpeg90
1,sid_tampered,tampered,unknown,train,36d3456bd8b68240,blur10
1,sid_tampered,tampered,unknown,train,36d3456bd8b68240,noise002
1,sid_tampered,tampered,unknown,train,7a8c077f71b61a89,clean
1,sid_tampered,tampered,unknown,train,7a8c077f71b61a89,jpeg30
1,sid_tampered,tampered,unknown,train,7a8c077f71b61a89,resize05
1,sid_tampered,tampered,unknown,train,7a8c077f71b61a89,jitter02
1,sid_tampered,tampered,unknown,train,d981c59130b9c8bb,clean
1,sid_tampered,tampered,unknown,train,d981c59130b9c8bb,resize025
1,sid_tampered,tampered,unknown,train,d981c59130b9c8bb,jitter02
1,sid_tampered,tampered,unknown,train,d981c59130b9c8bb,crop08
1,sid_tampered,tampered,unknown,train,74e2651902c17e63,clean
1,sid_tampered,tampered,unknown,train,74e2651902c17e63,jpeg70
1,sid_tampered,tampered,unknown,train,74e2651902c17e63,resize05
1,sid_tampered,tampered,unknown,train,74e2651902c17e63,crop08
1,sid_tampered,tampered,unknown,train,9ec0c605b2d887f9,clean
1,sid_tampered,tampered,unknown,train,9ec0c605b2d887f9,jpeg90
1,sid_tampered,tampered,unknown,train,9ec0c605b2d887f9,jpeg50
1,sid_tampered,tampered,unknown,train,9ec0c605b2d887f9,noise002
1,sid_tampered,tampered,unknown,train,bc970e38b18634f6,clean
1,sid_tampered,tampered,unknown,train,bc970e38b18634f6,blur05
1,sid_tampered,tampered,unknown,train,bc970e38b18634f6,blur10
1,sid_tampered,tampered,unknown,train,bc970e38b18634f6,jitter02
1,sid_tampered,tampered,unknown,train,186d7bd8abda538d,clean
1,sid_tampered,tampered,unknown,train,186d7bd8abda538d,jpeg70
1,sid_tampered,tampered,unknown,train,186d7bd8abda538d,blur10
1,sid_tampered,tampered,unknown,train,186d7bd8abda538d,resize05
1,sid_tampered,tampered,unknown,train,6e89ea1cc80ee32b,clean
1,sid_tampered,tampered,unknown,train,6e89ea1cc80ee32b,resize05
1,sid_tampered,tampered,unknown,train,6e89ea1cc80ee32b,noise005
1,sid_tampered,tampered,unknown,train,6e89ea1cc80ee32b,crop08
1,sid_tampered,tampered,unknown,train,6c65ef85a1d24a8a,clean
1,sid_tampered,tampered,unknown,train,6c65ef85a1d24a8a,jpeg30
1,sid_tampered,tampered,unknown,train,6c65ef85a1d24a8a,blur05
1,sid_tampered,tampered,unknown,train,6c65ef85a1d24a8a,jitter02
1,sid_tampered,tampered,unknown,train,9e0292133f5911e3,clean
1,sid_tampered,tampered,unknown,train,9e0292133f5911e3,jpeg50
1,sid_tampered,tampered,unknown,train,9e0292133f5911e3,noise005
1,sid_tampered,tampered,unknown,train,9e0292133f5911e3,jitter02
1,sid_tampered,tampered,unknown,train,e4fed102d0a6577b,clean
1,sid_tampered,tampered,unknown,train,e4fed102d0a6577b,jpeg30
1,sid_tampered,tampered,unknown,train,e4fed102d0a6577b,blur05
1,sid_tampered,tampered,unknown,train,e4fed102d0a6577b,noise01
1,sid_tampered,tampered,unknown,train,5bcf41d6b9cf7e37,clean
1,sid_tampered,tampered,unknown,train,5bcf41d6b9cf7e37,blur10
1,sid_tampered,tampered,unknown,train,5bcf41d6b9cf7e37,noise005
1,sid_tampered,tampered,unknown,train,5bcf41d6b9cf7e37,noise01
1,sid_tampered,tampered,unknown,train,6a041c6bfab30439,clean
1,sid_tampered,tampered,unknown,train,6a041c6bfab30439,blur10
1,sid_tampered,tampered,unknown,train,6a041c6bfab30439,noise01
1,sid_tampered,tampered,unknown,train,6a041c6bfab30439,jitter02
1,sid_tampered,tampered,unknown,train,7540115be19b5a7a,clean
1,sid_tampered,tampered,unknown,train,7540115be19b5a7a,jpeg90
1,sid_tampered,tampered,unknown,train,7540115be19b5a7a,jpeg30
1,sid_tampered,tampered,unknown,train,7540115be19b5a7a,crop08
1,sid_tampered,tampered,unknown,train,561d662e2f47275d,clean
1,sid_tampered,tampered,unknown,train,561d662e2f47275d,jpeg70
1,sid_tampered,tampered,unknown,train,561d662e2f47275d,resize025
1,sid_tampered,tampered,unknown,train,561d662e2f47275d,noise005
1,sid_tampered,tampered,unknown,train,2ee300b7636311d4,clean
1,sid_tampered,tampered,unknown,train,2ee300b7636311d4,jpeg90
1,sid_tampered,tampered,unknown,train,2ee300b7636311d4,resize05
1,sid_tampered,tampered,unknown,train,2ee300b7636311d4,jitter02
1,sid_tampered,tampered,unknown,train,e829677f1228c7f2,clean
1,sid_tampered,tampered,unknown,train,e829677f1228c7f2,blur10
1,sid_tampered,tampered,unknown,train,e829677f1228c7f2,noise01
1,sid_tampered,tampered,unknown,train,e829677f1228c7f2,jitter02
1,sid_tampered,tampered,unknown,train,06948dc7d75b2f74,clean
1,sid_tampered,tampered,unknown,train,06948dc7d75b2f74,noise002
1,sid_tampered,tampered,unknown,train,06948dc7d75b2f74,noise01
1,sid_tampered,tampered,unknown,train,06948dc7d75b2f74,jitter02
1,sid_tampered,tampered,unknown,train,b5457e6fdbb052a0,clean
1,sid_tampered,tampered,unknown,train,b5457e6fdbb052a0,jpeg90
1,sid_tampered,tampered,unknown,train,b5457e6fdbb052a0,blur20
1,sid_tampered,tampered,unknown,train,b5457e6fdbb052a0,jitter02
1,sid_tampered,tampered,unknown,train,b8f052eafd5c5865,clean
1,sid_tampered,tampered,unknown,train,b8f052eafd5c5865,jpeg50
1,sid_tampered,tampered,unknown,train,b8f052eafd5c5865,blur05
1,sid_tampered,tampered,unknown,train,b8f052eafd5c5865,resize025
1,sid_tampered,tampered,unknown,train,8354775687216624,clean
1,sid_tampered,tampered,unknown,train,8354775687216624,jpeg70
1,sid_tampered,tampered,unknown,train,8354775687216624,noise002
1,sid_tampered,tampered,unknown,train,8354775687216624,jitter02
1,sid_tampered,tampered,unknown,train,7a42ed9baa7c7dad,clean
1,sid_tampered,tampered,unknown,train,7a42ed9baa7c7dad,jpeg90
1,sid_tampered,tampered,unknown,train,7a42ed9baa7c7dad,blur20
1,sid_tampered,tampered,unknown,train,7a42ed9baa7c7dad,noise01
1,sid_tampered,tampered,unknown,train,9ddddde55276e414,clean
1,sid_tampered,tampered,unknown,train,9ddddde55276e414,resize05
1,sid_tampered,tampered,unknown,train,9ddddde55276e414,noise002
1,sid_tampered,tampered,unknown,train,9ddddde55276e414,noise01
1,sid_tampered,tampered,unknown,train,6811cb55c669b7a2,clean
1,sid_tampered,tampered,unknown,train,6811cb55c669b7a2,blur10
1,sid_tampered,tampered,unknown,train,6811cb55c669b7a2,blur20
1,sid_tampered,tampered,unknown,train,6811cb55c669b7a2,resize025
1,sid_tampered,tampered,unknown,train,3481aba318be6653,clean
1,sid_tampered,tampered,unknown,train,3481aba318be6653,blur05
1,sid_tampered,tampered,unknown,train,3481aba318be6653,resize05
1,sid_tampered,tampered,unknown,train,3481aba318be6653,resize025
1,sid_tampered,tampered,unknown,train,4829d2808b1da523,clean
1,sid_tampered,tampered,unknown,train,4829d2808b1da523,blur05
1,sid_tampered,tampered,unknown,train,4829d2808b1da523,noise005
1,sid_tampered,tampered,unknown,train,4829d2808b1da523,crop08
1,sid_tampered,tampered,unknown,train,053cb6c32631ce2c,clean
1,sid_tampered,tampered,unknown,train,053cb6c32631ce2c,blur20
1,sid_tampered,tampered,unknown,train,053cb6c32631ce2c,noise005
1,sid_tampered,tampered,unknown,train,053cb6c32631ce2c,noise01
1,sid_tampered,tampered,unknown,train,b52801a16c31d29c,clean
1,sid_tampered,tampered,unknown,train,b52801a16c31d29c,jpeg30
1,sid_tampered,tampered,unknown,train,b52801a16c31d29c,blur05
1,sid_tampered,tampered,unknown,train,b52801a16c31d29c,resize025
1,sid_tampered,tampered,unknown,train,c99d5df655444406,clean
1,sid_tampered,tampered,unknown,train,c99d5df655444406,blur10
1,sid_tampered,tampered,unknown,train,c99d5df655444406,noise01
1,sid_tampered,tampered,unknown,train,c99d5df655444406,jitter02
1,sid_tampered,tampered,unknown,train,5e5a458f615aa5a6,clean
1,sid_tampered,tampered,unknown,train,5e5a458f615aa5a6,jpeg70
1,sid_tampered,tampered,unknown,train,5e5a458f615aa5a6,resize05
1,sid_tampered,tampered,unknown,train,5e5a458f615aa5a6,crop08
1,sid_tampered,tampered,unknown,train,38418a2d26fc7af4,clean
1,sid_tampered,tampered,unknown,train,38418a2d26fc7af4,noise002
1,sid_tampered,tampered,unknown,train,38418a2d26fc7af4,noise005
1,sid_tampered,tampered,unknown,train,38418a2d26fc7af4,crop08
1,sid_tampered,tampered,unknown,train,50028c9969e8e889,clean
1,sid_tampered,tampered,unknown,train,50028c9969e8e889,jpeg90
1,sid_tampered,tampered,unknown,train,50028c9969e8e889,blur05
1,sid_tampered,tampered,unknown,train,50028c9969e8e889,noise005
1,sid_tampered,tampered,unknown,train,cdfe614cddd17466,clean
1,sid_tampered,tampered,unknown,train,cdfe614cddd17466,jpeg90
1,sid_tampered,tampered,unknown,train,cdfe614cddd17466,resize025
1,sid_tampered,tampered,unknown,train,cdfe614cddd17466,jitter02
1,sid_tampered,tampered,unknown,train,064bcfa7c70f7a17,clean
1,sid_tampered,tampered,unknown,train,064bcfa7c70f7a17,resize05
1,sid_tampered,tampered,unknown,train,064bcfa7c70f7a17,resize025
1,sid_tampered,tampered,unknown,train,064bcfa7c70f7a17,noise005
1,sid_tampered,tampered,unknown,train,17ad107452db37e6,clean
1,sid_tampered,tampered,unknown,train,17ad107452db37e6,jpeg70
1,sid_tampered,tampered,unknown,train,17ad107452db37e6,jpeg30
1,sid_tampered,tampered,unknown,train,17ad107452db37e6,noise01
1,sid_tampered,tampered,unknown,train,6f0f8220cb47f115,clean
1,sid_tampered,tampered,unknown,train,6f0f8220cb47f115,jpeg50
1,sid_tampered,tampered,unknown,train,6f0f8220cb47f115,blur10
1,sid_tampered,tampered,unknown,train,6f0f8220cb47f115,blur20
1,sid_tampered,tampered,unknown,train,b6cae468c6c93fbc,clean
1,sid_tampered,tampered,unknown,train,b6cae468c6c93fbc,jpeg90
1,sid_tampered,tampered,unknown,train,b6cae468c6c93fbc,jpeg50
1,sid_tampered,tampered,unknown,train,b6cae468c6c93fbc,noise01
1,sid_tampered,tampered,unknown,train,7eef56d598e558bc,clean
1,sid_tampered,tampered,unknown,train,7eef56d598e558bc,jpeg90
1,sid_tampered,tampered,unknown,train,7eef56d598e558bc,blur10
1,sid_tampered,tampered,unknown,train,7eef56d598e558bc,blur20
1,sid_tampered,tampered,unknown,train,e1d23272ef895f77,clean
1,sid_tampered,tampered,unknown,train,e1d23272ef895f77,jpeg30
1,sid_tampered,tampered,unknown,train,e1d23272ef895f77,noise005
1,sid_tampered,tampered,unknown,train,e1d23272ef895f77,jitter02
1,sid_tampered,tampered,unknown,train,58d05ffe01b60c0e,clean
1,sid_tampered,tampered,unknown,train,58d05ffe01b60c0e,jpeg50
1,sid_tampered,tampered,unknown,train,58d05ffe01b60c0e,jpeg30
1,sid_tampered,tampered,unknown,train,58d05ffe01b60c0e,crop08
1,sid_tampered,tampered,unknown,train,b9f6068c105ecb52,clean
1,sid_tampered,tampered,unknown,train,b9f6068c105ecb52,jpeg90
1,sid_tampered,tampered,unknown,train,b9f6068c105ecb52,blur20
1,sid_tampered,tampered,unknown,train,b9f6068c105ecb52,noise002
1,sid_tampered,tampered,unknown,train,0def1db00f2ccb37,clean
1,sid_tampered,tampered,unknown,train,0def1db00f2ccb37,blur05
1,sid_tampered,tampered,unknown,train,0def1db00f2ccb37,blur10
1,sid_tampered,tampered,unknown,train,0def1db00f2ccb37,crop08
1,sid_tampered,tampered,unknown,train,0b75baee10c7296d,clean
1,sid_tampered,tampered,unknown,train,0b75baee10c7296d,blur10
1,sid_tampered,tampered,unknown,train,0b75baee10c7296d,blur20
1,sid_tampered,tampered,unknown,train,0b75baee10c7296d,noise002
1,sid_tampered,tampered,unknown,train,59eadcd2e61268bc,clean
1,sid_tampered,tampered,unknown,train,59eadcd2e61268bc,blur05
1,sid_tampered,tampered,unknown,train,59eadcd2e61268bc,resize05
1,sid_tampered,tampered,unknown,train,59eadcd2e61268bc,crop08
1,sid_tampered,tampered,unknown,train,a99d8858bda160be,clean
1,sid_tampered,tampered,unknown,train,a99d8858bda160be,jpeg70
1,sid_tampered,tampered,unknown,train,a99d8858bda160be,jpeg30
1,sid_tampered,tampered,unknown,train,a99d8858bda160be,noise005
1,sid_tampered,tampered,unknown,train,7180ea513b265d17,clean
1,sid_tampered,tampered,unknown,train,7180ea513b265d17,jpeg70
1,sid_tampered,tampered,unknown,train,7180ea513b265d17,blur05
1,sid_tampered,tampered,unknown,train,7180ea513b265d17,resize05
1,sid_tampered,tampered,unknown,train,267d5f934c95a9e6,clean
1,sid_tampered,tampered,unknown,train,267d5f934c95a9e6,jpeg90
1,sid_tampered,tampered,unknown,train,267d5f934c95a9e6,resize05
1,sid_tampered,tampered,unknown,train,267d5f934c95a9e6,noise01
1,sid_tampered,tampered,unknown,train,7df334157944bf57,clean
1,sid_tampered,tampered,unknown,train,7df334157944bf57,jpeg70
1,sid_tampered,tampered,unknown,train,7df334157944bf57,resize025
1,sid_tampered,tampered,unknown,train,7df334157944bf57,crop08
1,sid_tampered,tampered,unknown,train,a01156c2c8a3039e,clean
1,sid_tampered,tampered,unknown,train,a01156c2c8a3039e,jpeg70
1,sid_tampered,tampered,unknown,train,a01156c2c8a3039e,jpeg50
1,sid_tampered,tampered,unknown,train,a01156c2c8a3039e,noise01
1,sid_tampered,tampered,unknown,train,e825628f02123b85,clean
1,sid_tampered,tampered,unknown,train,e825628f02123b85,jpeg70
1,sid_tampered,tampered,unknown,train,e825628f02123b85,blur20
1,sid_tampered,tampered,unknown,train,e825628f02123b85,resize05
1,sid_tampered,tampered,unknown,train,1a923cc70c309fc7,clean
1,sid_tampered,tampered,unknown,train,1a923cc70c309fc7,jpeg90
1,sid_tampered,tampered,unknown,train,1a923cc70c309fc7,blur05
1,sid_tampered,tampered,unknown,train,1a923cc70c309fc7,resize025
1,sid_tampered,tampered,unknown,train,94699c5cddcc9a98,clean
1,sid_tampered,tampered,unknown,train,94699c5cddcc9a98,blur10
1,sid_tampered,tampered,unknown,train,94699c5cddcc9a98,noise002
1,sid_tampered,tampered,unknown,train,94699c5cddcc9a98,noise005
1,sid_tampered,tampered,unknown,train,a1202cf46042dcf0,clean
1,sid_tampered,tampered,unknown,train,a1202cf46042dcf0,jpeg70
1,sid_tampered,tampered,unknown,train,a1202cf46042dcf0,blur10
1,sid_tampered,tampered,unknown,train,a1202cf46042dcf0,resize025
1,sid_tampered,tampered,unknown,train,a3e35922a1d1dacb,clean
1,sid_tampered,tampered,unknown,train,a3e35922a1d1dacb,blur10
1,sid_tampered,tampered,unknown,train,a3e35922a1d1dacb,blur20
1,sid_tampered,tampered,unknown,train,a3e35922a1d1dacb,resize05
1,sid_tampered,tampered,unknown,train,3764915f8ebaa57f,clean
1,sid_tampered,tampered,unknown,train,3764915f8ebaa57f,blur10
1,sid_tampered,tampered,unknown,train,3764915f8ebaa57f,noise01
1,sid_tampered,tampered,unknown,train,3764915f8ebaa57f,jitter02
1,sid_tampered,tampered,unknown,train,c9aa3e303c8c6452,clean
1,sid_tampered,tampered,unknown,train,c9aa3e303c8c6452,resize05
1,sid_tampered,tampered,unknown,train,c9aa3e303c8c6452,resize025
1,sid_tampered,tampered,unknown,train,c9aa3e303c8c6452,noise002
1,sid_tampered,tampered,unknown,train,8e16c90ad28d123c,clean
1,sid_tampered,tampered,unknown,train,8e16c90ad28d123c,jpeg70
1,sid_tampered,tampered,unknown,train,8e16c90ad28d123c,noise005
1,sid_tampered,tampered,unknown,train,8e16c90ad28d123c,noise01
1,sid_tampered,tampered,unknown,train,feac34c9373a81a8,clean
1,sid_tampered,tampered,unknown,train,feac34c9373a81a8,jpeg30
1,sid_tampered,tampered,unknown,train,feac34c9373a81a8,resize025
1,sid_tampered,tampered,unknown,train,feac34c9373a81a8,jitter02
1,sid_tampered,tampered,unknown,train,0a69044a18ad61cf,clean
1,sid_tampered,tampered,unknown,train,0a69044a18ad61cf,blur05
1,sid_tampered,tampered,unknown,train,0a69044a18ad61cf,noise002
1,sid_tampered,tampered,unknown,train,0a69044a18ad61cf,noise01
1,sid_tampered,tampered,unknown,train,7963cca775dcb51b,clean
1,sid_tampered,tampered,unknown,train,7963cca775dcb51b,jpeg90
1,sid_tampered,tampered,unknown,train,7963cca775dcb51b,blur05
1,sid_tampered,tampered,unknown,train,7963cca775dcb51b,jitter02
1,sid_tampered,tampered,unknown,train,675f3a263e4668c1,clean
1,sid_tampered,tampered,unknown,train,675f3a263e4668c1,blur10
1,sid_tampered,tampered,unknown,train,675f3a263e4668c1,resize05
1,sid_tampered,tampered,unknown,train,675f3a263e4668c1,noise01
1,sid_tampered,tampered,unknown,train,ed9964a9d30aa60d,clean
1,sid_tampered,tampered,unknown,train,ed9964a9d30aa60d,jpeg50
1,sid_tampered,tampered,unknown,train,ed9964a9d30aa60d,noise002
1,sid_tampered,tampered,unknown,train,ed9964a9d30aa60d,noise01
1,sid_tampered,tampered,unknown,train,21a84927c946605a,clean
1,sid_tampered,tampered,unknown,train,21a84927c946605a,blur10
1,sid_tampered,tampered,unknown,train,21a84927c946605a,noise002
1,sid_tampered,tampered,unknown,train,21a84927c946605a,jitter02
1,sid_tampered,tampered,unknown,train,9dd7d2cc6ed68019,clean
1,sid_tampered,tampered,unknown,train,9dd7d2cc6ed68019,jpeg90
1,sid_tampered,tampered,unknown,train,9dd7d2cc6ed68019,jitter02
1,sid_tampered,tampered,unknown,train,9dd7d2cc6ed68019,crop08
1,sid_tampered,tampered,unknown,train,8ea92e0ba999fa5a,clean
1,sid_tampered,tampered,unknown,train,8ea92e0ba999fa5a,jpeg50
1,sid_tampered,tampered,unknown,train,8ea92e0ba999fa5a,blur10
1,sid_tampered,tampered,unknown,train,8ea92e0ba999fa5a,jitter02
1,sid_tampered,tampered,unknown,train,d772fb2ed59a83a0,clean
1,sid_tampered,tampered,unknown,train,d772fb2ed59a83a0,jpeg70
1,sid_tampered,tampered,unknown,train,d772fb2ed59a83a0,blur20
1,sid_tampered,tampered,unknown,train,d772fb2ed59a83a0,resize05
1,sid_tampered,tampered,unknown,train,578eb615c5014680,clean
1,sid_tampered,tampered,unknown,train,578eb615c5014680,noise005
1,sid_tampered,tampered,unknown,train,578eb615c5014680,jitter02
1,sid_tampered,tampered,unknown,train,578eb615c5014680,crop08
1,sid_tampered,tampered,unknown,train,ef26bc865b08427e,clean
1,sid_tampered,tampered,unknown,train,ef26bc865b08427e,jpeg90
1,sid_tampered,tampered,unknown,train,ef26bc865b08427e,jpeg70
1,sid_tampered,tampered,unknown,train,ef26bc865b08427e,crop08
1,sid_tampered,tampered,unknown,train,3505228bb8c3e520,clean
1,sid_tampered,tampered,unknown,train,3505228bb8c3e520,blur10
1,sid_tampered,tampered,unknown,train,3505228bb8c3e520,noise005
1,sid_tampered,tampered,unknown,train,3505228bb8c3e520,jitter02
1,sid_tampered,tampered,unknown,train,f60806a7eb6d116b,clean
1,sid_tampered,tampered,unknown,train,f60806a7eb6d116b,resize05
1,sid_tampered,tampered,unknown,train,f60806a7eb6d116b,noise005
1,sid_tampered,tampered,unknown,train,f60806a7eb6d116b,noise01
1,sid_tampered,tampered,unknown,train,15b745860259b75c,clean
1,sid_tampered,tampered,unknown,train,15b745860259b75c,jpeg70
1,sid_tampered,tampered,unknown,train,15b745860259b75c,resize025
1,sid_tampered,tampered,unknown,train,15b745860259b75c,noise005
1,sid_tampered,tampered,unknown,train,36c18434518a4c91,clean
1,sid_tampered,tampered,unknown,train,36c18434518a4c91,blur10
1,sid_tampered,tampered,unknown,train,36c18434518a4c91,blur20
1,sid_tampered,tampered,unknown,train,36c18434518a4c91,resize05
1,sid_tampered,tampered,unknown,train,83542d380267912d,clean
1,sid_tampered,tampered,unknown,train,83542d380267912d,jpeg70
1,sid_tampered,tampered,unknown,train,83542d380267912d,noise005
1,sid_tampered,tampered,unknown,train,83542d380267912d,crop08
1,sid_tampered,tampered,unknown,train,704cddf75f02a130,clean
1,sid_tampered,tampered,unknown,train,704cddf75f02a130,blur20
1,sid_tampered,tampered,unknown,train,704cddf75f02a130,noise005
1,sid_tampered,tampered,unknown,train,704cddf75f02a130,jitter02
1,sid_tampered,tampered,unknown,train,58b89b61b617b144,clean
1,sid_tampered,tampered,unknown,train,58b89b61b617b144,jpeg90
1,sid_tampered,tampered,unknown,train,58b89b61b617b144,blur10
1,sid_tampered,tampered,unknown,train,58b89b61b617b144,resize025
1,sid_tampered,tampered,unknown,train,4e88a5749da403fe,clean
1,sid_tampered,tampered,unknown,train,4e88a5749da403fe,jpeg70
1,sid_tampered,tampered,unknown,train,4e88a5749da403fe,resize025
1,sid_tampered,tampered,unknown,train,4e88a5749da403fe,jitter02
1,sid_tampered,tampered,unknown,train,594fd078d37afc69,clean
1,sid_tampered,tampered,unknown,train,594fd078d37afc69,jpeg70
1,sid_tampered,tampered,unknown,train,594fd078d37afc69,resize025
1,sid_tampered,tampered,unknown,train,594fd078d37afc69,noise005
1,sid_tampered,tampered,unknown,train,569c13b8b12e4e08,clean
1,sid_tampered,tampered,unknown,train,569c13b8b12e4e08,jpeg70
1,sid_tampered,tampered,unknown,train,569c13b8b12e4e08,jpeg50
1,sid_tampered,tampered,unknown,train,569c13b8b12e4e08,blur05
1,sid_tampered,tampered,unknown,train,7ac42bfaf50d1921,clean
1,sid_tampered,tampered,unknown,train,7ac42bfaf50d1921,jpeg70
1,sid_tampered,tampered,unknown,train,7ac42bfaf50d1921,resize05
1,sid_tampered,tampered,unknown,train,7ac42bfaf50d1921,noise002
1,sid_tampered,tampered,unknown,train,a17d5a9cbc084caa,clean
1,sid_tampered,tampered,unknown,train,a17d5a9cbc084caa,blur10
1,sid_tampered,tampered,unknown,train,a17d5a9cbc084caa,resize025
1,sid_tampered,tampered,unknown,train,a17d5a9cbc084caa,noise01
1,sid_tampered,tampered,unknown,train,3a71e386a64ccda9,clean
1,sid_tampered,tampered,unknown,train,3a71e386a64ccda9,blur05
1,sid_tampered,tampered,unknown,train,3a71e386a64ccda9,noise01
1,sid_tampered,tampered,unknown,train,3a71e386a64ccda9,crop08
1,sid_tampered,tampered,unknown,train,597710bb3424c7ba,clean
1,sid_tampered,tampered,unknown,train,597710bb3424c7ba,jpeg50
1,sid_tampered,tampered,unknown,train,597710bb3424c7ba,jpeg30
1,sid_tampered,tampered,unknown,train,597710bb3424c7ba,resize05
1,sid_tampered,tampered,unknown,train,2500103238968604,clean
1,sid_tampered,tampered,unknown,train,2500103238968604,resize05
1,sid_tampered,tampered,unknown,train,2500103238968604,jitter02
1,sid_tampered,tampered,unknown,train,2500103238968604,crop08
1,sid_tampered,tampered,unknown,train,af1dfd3c914948f3,clean
1,sid_tampered,tampered,unknown,train,af1dfd3c914948f3,jpeg90
1,sid_tampered,tampered,unknown,train,af1dfd3c914948f3,resize025
1,sid_tampered,tampered,unknown,train,af1dfd3c914948f3,noise01
1,sid_tampered,tampered,unknown,train,fdc2716d30bf1936,clean
1,sid_tampered,tampered,unknown,train,fdc2716d30bf1936,blur05
1,sid_tampered,tampered,unknown,train,fdc2716d30bf1936,resize05
1,sid_tampered,tampered,unknown,train,fdc2716d30bf1936,resize025
1,sid_tampered,tampered,unknown,train,5a9380c44870b7cc,clean
1,sid_tampered,tampered,unknown,train,5a9380c44870b7cc,jpeg50
1,sid_tampered,tampered,unknown,train,5a9380c44870b7cc,blur20
1,sid_tampered,tampered,unknown,train,5a9380c44870b7cc,jitter02
1,sid_tampered,tampered,unknown,train,c0995b062064add1,clean
1,sid_tampered,tampered,unknown,train,c0995b062064add1,blur05
1,sid_tampered,tampered,unknown,train,c0995b062064add1,blur20
1,sid_tampered,tampered,unknown,train,c0995b062064add1,noise01
1,sid_tampered,tampered,unknown,train,58a76c4d132879c9,clean
1,sid_tampered,tampered,unknown,train,58a76c4d132879c9,jpeg70
1,sid_tampered,tampered,unknown,train,58a76c4d132879c9,jitter02
1,sid_tampered,tampered,unknown,train,58a76c4d132879c9,crop08
1,sid_tampered,tampered,unknown,train,b0af47afe8ce3005,clean
1,sid_tampered,tampered,unknown,train,b0af47afe8ce3005,blur20
1,sid_tampered,tampered,unknown,train,b0af47afe8ce3005,noise005
1,sid_tampered,tampered,unknown,train,b0af47afe8ce3005,jitter02
1,sid_tampered,tampered,unknown,train,0a5b942ece04690c,clean
1,sid_tampered,tampered,unknown,train,0a5b942ece04690c,jpeg90
1,sid_tampered,tampered,unknown,train,0a5b942ece04690c,resize05
1,sid_tampered,tampered,unknown,train,0a5b942ece04690c,resize025
1,sid_tampered,tampered,unknown,train,3fe480e2a7b65f45,clean
1,sid_tampered,tampered,unknown,train,3fe480e2a7b65f45,jpeg70
1,sid_tampered,tampered,unknown,train,3fe480e2a7b65f45,jitter02
1,sid_tampered,tampered,unknown,train,3fe480e2a7b65f45,crop08
1,sid_tampered,tampered,unknown,train,302869f092123de3,clean
1,sid_tampered,tampered,unknown,train,302869f092123de3,resize025
1,sid_tampered,tampered,unknown,train,302869f092123de3,noise005
1,sid_tampered,tampered,unknown,train,302869f092123de3,crop08
1,sid_tampered,tampered,unknown,train,747ed971786813ce,clean
1,sid_tampered,tampered,unknown,train,747ed971786813ce,jpeg50
1,sid_tampered,tampered,unknown,train,747ed971786813ce,noise002
1,sid_tampered,tampered,unknown,train,747ed971786813ce,noise005
1,sid_tampered,tampered,unknown,train,0bdad97f6ad84fa8,clean
1,sid_tampered,tampered,unknown,train,0bdad97f6ad84fa8,blur05
1,sid_tampered,tampered,unknown,train,0bdad97f6ad84fa8,noise002
1,sid_tampered,tampered,unknown,train,0bdad97f6ad84fa8,noise005
1,sid_tampered,tampered,unknown,train,00a4834a0ac77eb3,clean
1,sid_tampered,tampered,unknown,train,00a4834a0ac77eb3,noise005
1,sid_tampered,tampered,unknown,train,00a4834a0ac77eb3,jitter02
1,sid_tampered,tampered,unknown,train,00a4834a0ac77eb3,crop08
1,sid_tampered,tampered,unknown,train,53d77aa47c9aec26,clean
1,sid_tampered,tampered,unknown,train,53d77aa47c9aec26,jpeg90
1,sid_tampered,tampered,unknown,train,53d77aa47c9aec26,blur10
1,sid_tampered,tampered,unknown,train,53d77aa47c9aec26,crop08
1,sid_tampered,tampered,unknown,train,93a37d389d5622b0,clean
1,sid_tampered,tampered,unknown,train,93a37d389d5622b0,blur05
1,sid_tampered,tampered,unknown,train,93a37d389d5622b0,resize05
1,sid_tampered,tampered,unknown,train,93a37d389d5622b0,noise005
1,sid_tampered,tampered,unknown,train,fc8c797985b6335c,clean
1,sid_tampered,tampered,unknown,train,fc8c797985b6335c,jpeg30
1,sid_tampered,tampered,unknown,train,fc8c797985b6335c,noise01
1,sid_tampered,tampered,unknown,train,fc8c797985b6335c,crop08
1,sid_tampered,tampered,unknown,train,83a4778ebd4ae330,clean
1,sid_tampered,tampered,unknown,train,83a4778ebd4ae330,blur10
1,sid_tampered,tampered,unknown,train,83a4778ebd4ae330,noise005
1,sid_tampered,tampered,unknown,train,83a4778ebd4ae330,noise01
1,sid_tampered,tampered,unknown,train,462242f90f51409b,clean
1,sid_tampered,tampered,unknown,train,462242f90f51409b,jpeg90
1,sid_tampered,tampered,unknown,train,462242f90f51409b,blur05
1,sid_tampered,tampered,unknown,train,462242f90f51409b,blur20
1,sid_tampered,tampered,unknown,train,4966718780974904,clean
1,sid_tampered,tampered,unknown,train,4966718780974904,blur05
1,sid_tampered,tampered,unknown,train,4966718780974904,blur20
1,sid_tampered,tampered,unknown,train,4966718780974904,noise002
1,sid_tampered,tampered,unknown,train,e2df19cbf4f4775f,clean
1,sid_tampered,tampered,unknown,train,e2df19cbf4f4775f,jpeg70
1,sid_tampered,tampered,unknown,train,e2df19cbf4f4775f,noise002
1,sid_tampered,tampered,unknown,train,e2df19cbf4f4775f,crop08
1,sid_tampered,tampered,unknown,train,ba7291288a219a44,clean
1,sid_tampered,tampered,unknown,train,ba7291288a219a44,blur05
1,sid_tampered,tampered,unknown,train,ba7291288a219a44,blur10
1,sid_tampered,tampered,unknown,train,ba7291288a219a44,noise01
1,sid_tampered,tampered,unknown,train,8247f85d3b1c6e91,clean
1,sid_tampered,tampered,unknown,train,8247f85d3b1c6e91,resize025
1,sid_tampered,tampered,unknown,train,8247f85d3b1c6e91,noise002
1,sid_tampered,tampered,unknown,train,8247f85d3b1c6e91,noise01
1,sid_tampered,tampered,unknown,train,b5bf6b167b9f9282,clean
1,sid_tampered,tampered,unknown,train,b5bf6b167b9f9282,blur10
1,sid_tampered,tampered,unknown,train,b5bf6b167b9f9282,resize05
1,sid_tampered,tampered,unknown,train,b5bf6b167b9f9282,crop08
1,sid_tampered,tampered,unknown,train,bf5bf742b840d305,clean
1,sid_tampered,tampered,unknown,train,bf5bf742b840d305,jpeg90
1,sid_tampered,tampered,unknown,train,bf5bf742b840d305,resize025
1,sid_tampered,tampered,unknown,train,bf5bf742b840d305,jitter02
1,sid_tampered,tampered,unknown,train,c340bee50790dbf3,clean
1,sid_tampered,tampered,unknown,train,c340bee50790dbf3,blur10
1,sid_tampered,tampered,unknown,train,c340bee50790dbf3,noise005
1,sid_tampered,tampered,unknown,train,c340bee50790dbf3,noise01
1,sid_tampered,tampered,unknown,train,000a48b73dbdc075,clean
1,sid_tampered,tampered,unknown,train,000a48b73dbdc075,blur05
1,sid_tampered,tampered,unknown,train,000a48b73dbdc075,blur10
1,sid_tampered,tampered,unknown,train,000a48b73dbdc075,noise01
1,sid_tampered,tampered,unknown,train,39c9ad85a9c94969,clean
1,sid_tampered,tampered,unknown,train,39c9ad85a9c94969,jpeg90
1,sid_tampered,tampered,unknown,train,39c9ad85a9c94969,resize05
1,sid_tampered,tampered,unknown,train,39c9ad85a9c94969,crop08
1,sid_tampered,tampered,unknown,train,4b8ff4fff9172a48,clean
1,sid_tampered,tampered,unknown,train,4b8ff4fff9172a48,jpeg90
1,sid_tampered,tampered,unknown,train,4b8ff4fff9172a48,jpeg30
1,sid_tampered,tampered,unknown,train,4b8ff4fff9172a48,resize025
1,sid_tampered,tampered,unknown,train,53d98663fb33a100,clean
1,sid_tampered,tampered,unknown,train,53d98663fb33a100,jpeg90
1,sid_tampered,tampered,unknown,train,53d98663fb33a100,resize025
1,sid_tampered,tampered,unknown,train,53d98663fb33a100,noise005
1,sid_tampered,tampered,unknown,train,9e9c5d33c4d7daab,clean
1,sid_tampered,tampered,unknown,train,9e9c5d33c4d7daab,resize025
1,sid_tampered,tampered,unknown,train,9e9c5d33c4d7daab,noise005
1,sid_tampered,tampered,unknown,train,9e9c5d33c4d7daab,noise01
1,sid_tampered,tampered,unknown,train,272f898ddf97e8ba,clean
1,sid_tampered,tampered,unknown,train,272f898ddf97e8ba,resize05
1,sid_tampered,tampered,unknown,train,272f898ddf97e8ba,noise002
1,sid_tampered,tampered,unknown,train,272f898ddf97e8ba,noise005
1,sid_tampered,tampered,unknown,train,78270d8a38407901,clean
1,sid_tampered,tampered,unknown,train,78270d8a38407901,blur20
1,sid_tampered,tampered,unknown,train,78270d8a38407901,resize05
1,sid_tampered,tampered,unknown,train,78270d8a38407901,noise005
1,sid_tampered,tampered,unknown,train,f9b0b29934e0808c,clean
1,sid_tampered,tampered,unknown,train,f9b0b29934e0808c,jpeg90
1,sid_tampered,tampered,unknown,train,f9b0b29934e0808c,blur10
1,sid_tampered,tampered,unknown,train,f9b0b29934e0808c,jitter02
1,sid_tampered,tampered,unknown,train,fbc222f80fc6266f,clean
1,sid_tampered,tampered,unknown,train,fbc222f80fc6266f,jpeg90
1,sid_tampered,tampered,unknown,train,fbc222f80fc6266f,blur10
1,sid_tampered,tampered,unknown,train,fbc222f80fc6266f,jitter02
1,sid_tampered,tampered,unknown,train,50867a84546240e9,clean
1,sid_tampered,tampered,unknown,train,50867a84546240e9,jpeg50
1,sid_tampered,tampered,unknown,train,50867a84546240e9,jpeg30
1,sid_tampered,tampered,unknown,train,50867a84546240e9,resize025
1,sid_tampered,tampered,unknown,train,37baee839382c763,clean
1,sid_tampered,tampered,unknown,train,37baee839382c763,jpeg50
1,sid_tampered,tampered,unknown,train,37baee839382c763,blur05
1,sid_tampered,tampered,unknown,train,37baee839382c763,jitter02
1,sid_tampered,tampered,unknown,train,bc6614a51218b5f2,clean
1,sid_tampered,tampered,unknown,train,bc6614a51218b5f2,jpeg30
1,sid_tampered,tampered,unknown,train,bc6614a51218b5f2,blur10
1,sid_tampered,tampered,unknown,train,bc6614a51218b5f2,crop08
1,sid_tampered,tampered,unknown,train,771787a650b8d204,clean
1,sid_tampered,tampered,unknown,train,771787a650b8d204,jpeg90
1,sid_tampered,tampered,unknown,train,771787a650b8d204,jpeg70
1,sid_tampered,tampered,unknown,train,771787a650b8d204,jpeg50
1,sid_tampered,tampered,unknown,train,fa9b63cf80db2082,clean
1,sid_tampered,tampered,unknown,train,fa9b63cf80db2082,jpeg70
1,sid_tampered,tampered,unknown,train,fa9b63cf80db2082,blur05
1,sid_tampered,tampered,unknown,train,fa9b63cf80db2082,noise005
1,sid_tampered,tampered,unknown,train,9f6a51d1f7712f97,clean
1,sid_tampered,tampered,unknown,train,9f6a51d1f7712f97,jpeg90
1,sid_tampered,tampered,unknown,train,9f6a51d1f7712f97,jpeg70
1,sid_tampered,tampered,unknown,train,9f6a51d1f7712f97,blur20
1,sid_tampered,tampered,unknown,train,93785ca8d7d04ffb,clean
1,sid_tampered,tampered,unknown,train,93785ca8d7d04ffb,jpeg70
1,sid_tampered,tampered,unknown,train,93785ca8d7d04ffb,jpeg50
1,sid_tampered,tampered,unknown,train,93785ca8d7d04ffb,blur10
1,sid_tampered,tampered,unknown,train,d043391f5dcc500a,clean
1,sid_tampered,tampered,unknown,train,d043391f5dcc500a,jpeg30
1,sid_tampered,tampered,unknown,train,d043391f5dcc500a,noise002
1,sid_tampered,tampered,unknown,train,d043391f5dcc500a,crop08
1,sid_tampered,tampered,unknown,train,f92d781b791843e5,clean
1,sid_tampered,tampered,unknown,train,f92d781b791843e5,jpeg30
1,sid_tampered,tampered,unknown,train,f92d781b791843e5,blur10
1,sid_tampered,tampered,unknown,train,f92d781b791843e5,jitter02
1,sid_tampered,tampered,unknown,train,dd79ed075ad04f5d,clean
1,sid_tampered,tampered,unknown,train,dd79ed075ad04f5d,blur05
1,sid_tampered,tampered,unknown,train,dd79ed075ad04f5d,resize05
1,sid_tampered,tampered,unknown,train,dd79ed075ad04f5d,jitter02
1,sid_tampered,tampered,unknown,train,35acd8f0842840dc,clean
1,sid_tampered,tampered,unknown,train,35acd8f0842840dc,jpeg70
1,sid_tampered,tampered,unknown,train,35acd8f0842840dc,jpeg30
1,sid_tampered,tampered,unknown,train,35acd8f0842840dc,resize05
1,sid_tampered,tampered,unknown,train,4bd8e60254313787,clean
1,sid_tampered,tampered,unknown,train,4bd8e60254313787,jpeg90
1,sid_tampered,tampered,unknown,train,4bd8e60254313787,resize05
1,sid_tampered,tampered,unknown,train,4bd8e60254313787,resize025
1,sid_tampered,tampered,unknown,train,72eebe38dce063f0,clean
1,sid_tampered,tampered,unknown,train,72eebe38dce063f0,blur05
1,sid_tampered,tampered,unknown,train,72eebe38dce063f0,resize05
1,sid_tampered,tampered,unknown,train,72eebe38dce063f0,crop08
1,sid_tampered,tampered,unknown,train,dbd6372a044f5242,clean
1,sid_tampered,tampered,unknown,train,dbd6372a044f5242,blur20
1,sid_tampered,tampered,unknown,train,dbd6372a044f5242,resize05
1,sid_tampered,tampered,unknown,train,dbd6372a044f5242,resize025
1,sid_tampered,tampered,unknown,train,28c24763c3dc956b,clean
1,sid_tampered,tampered,unknown,train,28c24763c3dc956b,jpeg70
1,sid_tampered,tampered,unknown,train,28c24763c3dc956b,jpeg50
1,sid_tampered,tampered,unknown,train,28c24763c3dc956b,noise005
1,sid_tampered,tampered,unknown,train,80ecdbdeb27d25d7,clean
1,sid_tampered,tampered,unknown,train,80ecdbdeb27d25d7,jpeg70
1,sid_tampered,tampered,unknown,train,80ecdbdeb27d25d7,jpeg30
1,sid_tampered,tampered,unknown,train,80ecdbdeb27d25d7,resize05
1,sid_tampered,tampered,unknown,train,228f62f3b27d5879,clean
1,sid_tampered,tampered,unknown,train,228f62f3b27d5879,jpeg30
1,sid_tampered,tampered,unknown,train,228f62f3b27d5879,blur10
1,sid_tampered,tampered,unknown,train,228f62f3b27d5879,jitter02
1,sid_tampered,tampered,unknown,train,3fdb033a6634f5f8,clean
1,sid_tampered,tampered,unknown,train,3fdb033a6634f5f8,jpeg90
1,sid_tampered,tampered,unknown,train,3fdb033a6634f5f8,blur05
1,sid_tampered,tampered,unknown,train,3fdb033a6634f5f8,blur10
1,sid_tampered,tampered,unknown,train,367803ec784f7125,clean
1,sid_tampered,tampered,unknown,train,367803ec784f7125,blur20
1,sid_tampered,tampered,unknown,train,367803ec784f7125,resize025
1,sid_tampered,tampered,unknown,train,367803ec784f7125,noise002
1,sid_tampered,tampered,unknown,train,30eef8ab0f941dfc,clean
1,sid_tampered,tampered,unknown,train,30eef8ab0f941dfc,jpeg70
1,sid_tampered,tampered,unknown,train,30eef8ab0f941dfc,blur10
1,sid_tampered,tampered,unknown,train,30eef8ab0f941dfc,resize05
1,sid_tampered,tampered,unknown,train,d7ec5796671ff357,clean
1,sid_tampered,tampered,unknown,train,d7ec5796671ff357,jpeg90
1,sid_tampered,tampered,unknown,train,d7ec5796671ff357,resize025
1,sid_tampered,tampered,unknown,train,d7ec5796671ff357,noise002
1,sid_tampered,tampered,unknown,train,16e3bfd3f721c565,clean
1,sid_tampered,tampered,unknown,train,16e3bfd3f721c565,jpeg30
1,sid_tampered,tampered,unknown,train,16e3bfd3f721c565,blur05
1,sid_tampered,tampered,unknown,train,16e3bfd3f721c565,noise005
1,sid_tampered,tampered,unknown,train,e369c4c62d938441,clean
1,sid_tampered,tampered,unknown,train,e369c4c62d938441,jpeg30
1,sid_tampered,tampered,unknown,train,e369c4c62d938441,noise002
1,sid_tampered,tampered,unknown,train,e369c4c62d938441,jitter02
1,sid_tampered,tampered,unknown,train,43fba7ed6d87b4d8,clean
1,sid_tampered,tampered,unknown,train,43fba7ed6d87b4d8,jpeg70
1,sid_tampered,tampered,unknown,train,43fba7ed6d87b4d8,noise01
1,sid_tampered,tampered,unknown,train,43fba7ed6d87b4d8,jitter02
1,sid_tampered,tampered,unknown,train,b09d175b30b5025a,clean
1,sid_tampered,tampered,unknown,train,b09d175b30b5025a,blur05
1,sid_tampered,tampered,unknown,train,b09d175b30b5025a,blur20
1,sid_tampered,tampered,unknown,train,b09d175b30b5025a,crop08
1,sid_tampered,tampered,unknown,train,2737f2e99dfa66c5,clean
1,sid_tampered,tampered,unknown,train,2737f2e99dfa66c5,jpeg70
1,sid_tampered,tampered,unknown,train,2737f2e99dfa66c5,blur10
1,sid_tampered,tampered,unknown,train,2737f2e99dfa66c5,resize025
1,sid_tampered,tampered,unknown,train,5b2c2cf654a9d59e,clean
1,sid_tampered,tampered,unknown,train,5b2c2cf654a9d59e,resize025
1,sid_tampered,tampered,unknown,train,5b2c2cf654a9d59e,noise002
1,sid_tampered,tampered,unknown,train,5b2c2cf654a9d59e,crop08
1,sid_tampered,tampered,unknown,train,3692081b4384ecd3,clean
1,sid_tampered,tampered,unknown,train,3692081b4384ecd3,blur05
1,sid_tampered,tampered,unknown,train,3692081b4384ecd3,blur10
1,sid_tampered,tampered,unknown,train,3692081b4384ecd3,resize05
1,sid_tampered,tampered,unknown,train,63b858807ce61077,clean
1,sid_tampered,tampered,unknown,train,63b858807ce61077,noise01
1,sid_tampered,tampered,unknown,train,63b858807ce61077,jitter02
1,sid_tampered,tampered,unknown,train,63b858807ce61077,crop08
1,sid_tampered,tampered,unknown,train,df2ddf00cfd836e0,clean
1,sid_tampered,tampered,unknown,train,df2ddf00cfd836e0,jpeg50
1,sid_tampered,tampered,unknown,train,df2ddf00cfd836e0,noise01
1,sid_tampered,tampered,unknown,train,df2ddf00cfd836e0,crop08
1,sid_tampered,tampered,unknown,train,4fba241fa236bd02,clean
1,sid_tampered,tampered,unknown,train,4fba241fa236bd02,jpeg90
1,sid_tampered,tampered,unknown,train,4fba241fa236bd02,noise002
1,sid_tampered,tampered,unknown,train,4fba241fa236bd02,noise005
1,sid_tampered,tampered,unknown,train,963950d3424d343b,clean
1,sid_tampered,tampered,unknown,train,963950d3424d343b,jpeg30
1,sid_tampered,tampered,unknown,train,963950d3424d343b,blur10
1,sid_tampered,tampered,unknown,train,963950d3424d343b,noise01
1,sid_tampered,tampered,unknown,train,2f8653e8325c7fd3,clean
1,sid_tampered,tampered,unknown,train,2f8653e8325c7fd3,blur10
1,sid_tampered,tampered,unknown,train,2f8653e8325c7fd3,noise01
1,sid_tampered,tampered,unknown,train,2f8653e8325c7fd3,crop08
1,sid_tampered,tampered,unknown,train,5c3b9932921d4d9f,clean
1,sid_tampered,tampered,unknown,train,5c3b9932921d4d9f,blur20
1,sid_tampered,tampered,unknown,train,5c3b9932921d4d9f,noise01
1,sid_tampered,tampered,unknown,train,5c3b9932921d4d9f,crop08
1,sid_tampered,tampered,unknown,train,68defd5647320f04,clean
1,sid_tampered,tampered,unknown,train,68defd5647320f04,jpeg50
1,sid_tampered,tampered,unknown,train,68defd5647320f04,blur20
1,sid_tampered,tampered,unknown,train,68defd5647320f04,noise002
1,sid_tampered,tampered,unknown,train,6fec36372758e0df,clean
1,sid_tampered,tampered,unknown,train,6fec36372758e0df,jpeg70
1,sid_tampered,tampered,unknown,train,6fec36372758e0df,blur10
1,sid_tampered,tampered,unknown,train,6fec36372758e0df,resize025
1,sid_tampered,tampered,unknown,train,5bc7369746eafe6c,clean
1,sid_tampered,tampered,unknown,train,5bc7369746eafe6c,blur05
1,sid_tampered,tampered,unknown,train,5bc7369746eafe6c,blur20
1,sid_tampered,tampered,unknown,train,5bc7369746eafe6c,crop08
1,sid_tampered,tampered,unknown,train,2f74b7b346db7021,clean
1,sid_tampered,tampered,unknown,train,2f74b7b346db7021,blur10
1,sid_tampered,tampered,unknown,train,2f74b7b346db7021,noise005
1,sid_tampered,tampered,unknown,train,2f74b7b346db7021,jitter02
1,sid_tampered,tampered,unknown,train,0b77b03372053736,clean
1,sid_tampered,tampered,unknown,train,0b77b03372053736,blur05
1,sid_tampered,tampered,unknown,train,0b77b03372053736,resize05
1,sid_tampered,tampered,unknown,train,0b77b03372053736,crop08
1,sid_tampered,tampered,unknown,train,062e5f65983181d9,clean
1,sid_tampered,tampered,unknown,train,062e5f65983181d9,blur05
1,sid_tampered,tampered,unknown,train,062e5f65983181d9,jitter02
1,sid_tampered,tampered,unknown,train,062e5f65983181d9,crop08
1,sid_tampered,tampered,unknown,train,23102cd251bde855,clean
1,sid_tampered,tampered,unknown,train,23102cd251bde855,blur05
1,sid_tampered,tampered,unknown,train,23102cd251bde855,resize025
1,sid_tampered,tampered,unknown,train,23102cd251bde855,noise01
1,sid_tampered,tampered,unknown,train,f9128cafd6f3a28c,clean
1,sid_tampered,tampered,unknown,train,f9128cafd6f3a28c,blur20
1,sid_tampered,tampered,unknown,train,f9128cafd6f3a28c,noise002
1,sid_tampered,tampered,unknown,train,f9128cafd6f3a28c,noise005
1,sid_tampered,tampered,unknown,train,11d86dc2527b61ed,clean
1,sid_tampered,tampered,unknown,train,11d86dc2527b61ed,blur10
1,sid_tampered,tampered,unknown,train,11d86dc2527b61ed,noise005
1,sid_tampered,tampered,unknown,train,11d86dc2527b61ed,crop08
1,sid_tampered,tampered,unknown,train,9bf22eb6df5a5893,clean
1,sid_tampered,tampered,unknown,train,9bf22eb6df5a5893,jpeg70
1,sid_tampered,tampered,unknown,train,9bf22eb6df5a5893,resize025
1,sid_tampered,tampered,unknown,train,9bf22eb6df5a5893,noise005
1,sid_tampered,tampered,unknown,train,e65c676b986c6a10,clean
1,sid_tampered,tampered,unknown,train,e65c676b986c6a10,jpeg70
1,sid_tampered,tampered,unknown,train,e65c676b986c6a10,blur20
1,sid_tampered,tampered,unknown,train,e65c676b986c6a10,resize025
1,sid_tampered,tampered,unknown,train,ade7e3620f9263f8,clean
1,sid_tampered,tampered,unknown,train,ade7e3620f9263f8,blur05
1,sid_tampered,tampered,unknown,train,ade7e3620f9263f8,blur10
1,sid_tampered,tampered,unknown,train,ade7e3620f9263f8,crop08
1,sid_tampered,tampered,unknown,train,ef9f75d278b93728,clean
1,sid_tampered,tampered,unknown,train,ef9f75d278b93728,noise002
1,sid_tampered,tampered,unknown,train,ef9f75d278b93728,noise005
1,sid_tampered,tampered,unknown,train,ef9f75d278b93728,crop08
1,sid_tampered,tampered,unknown,train,deb32a0d7fa96228,clean
1,sid_tampered,tampered,unknown,train,deb32a0d7fa96228,jpeg90
1,sid_tampered,tampered,unknown,train,deb32a0d7fa96228,noise01
1,sid_tampered,tampered,unknown,train,deb32a0d7fa96228,crop08
1,sid_tampered,tampered,unknown,train,c870aebafc64db07,clean
1,sid_tampered,tampered,unknown,train,c870aebafc64db07,blur10
1,sid_tampered,tampered,unknown,train,c870aebafc64db07,resize05
1,sid_tampered,tampered,unknown,train,c870aebafc64db07,noise01
1,sid_tampered,tampered,unknown,train,3b6010e399eae37f,clean
1,sid_tampered,tampered,unknown,train,3b6010e399eae37f,jpeg70
1,sid_tampered,tampered,unknown,train,3b6010e399eae37f,noise01
1,sid_tampered,tampered,unknown,train,3b6010e399eae37f,jitter02
1,sid_tampered,tampered,unknown,train,614983fd57c2fb06,clean
1,sid_tampered,tampered,unknown,train,614983fd57c2fb06,jpeg90
1,sid_tampered,tampered,unknown,train,614983fd57c2fb06,jpeg50
1,sid_tampered,tampered,unknown,train,614983fd57c2fb06,resize025
1,sid_tampered,tampered,unknown,train,414010674840dd89,clean
1,sid_tampered,tampered,unknown,train,414010674840dd89,jpeg50
1,sid_tampered,tampered,unknown,train,414010674840dd89,noise002
1,sid_tampered,tampered,unknown,train,414010674840dd89,jitter02
1,sid_tampered,tampered,unknown,train,3c87f3e1a7bc84ec,clean
1,sid_tampered,tampered,unknown,train,3c87f3e1a7bc84ec,jpeg30
1,sid_tampered,tampered,unknown,train,3c87f3e1a7bc84ec,blur10
1,sid_tampered,tampered,unknown,train,3c87f3e1a7bc84ec,noise01
1,sid_tampered,tampered,unknown,train,e8729f252c95c4f3,clean
1,sid_tampered,tampered,unknown,train,e8729f252c95c4f3,jpeg70
1,sid_tampered,tampered,unknown,train,e8729f252c95c4f3,blur20
1,sid_tampered,tampered,unknown,train,e8729f252c95c4f3,noise005
1,sid_tampered,tampered,unknown,train,8414e97104e64197,clean
1,sid_tampered,tampered,unknown,train,8414e97104e64197,jpeg90
1,sid_tampered,tampered,unknown,train,8414e97104e64197,resize025
1,sid_tampered,tampered,unknown,train,8414e97104e64197,jitter02
1,sid_tampered,tampered,unknown,train,d0daa11689a2d33b,clean
1,sid_tampered,tampered,unknown,train,d0daa11689a2d33b,jpeg30
1,sid_tampered,tampered,unknown,train,d0daa11689a2d33b,blur10
1,sid_tampered,tampered,unknown,train,d0daa11689a2d33b,noise005
1,sid_tampered,tampered,unknown,train,aec2e905c6c73c6c,clean
1,sid_tampered,tampered,unknown,train,aec2e905c6c73c6c,blur10
1,sid_tampered,tampered,unknown,train,aec2e905c6c73c6c,resize025
1,sid_tampered,tampered,unknown,train,aec2e905c6c73c6c,jitter02
1,sid_tampered,tampered,unknown,train,7625b079919719c3,clean
1,sid_tampered,tampered,unknown,train,7625b079919719c3,blur20
1,sid_tampered,tampered,unknown,train,7625b079919719c3,noise005
1,sid_tampered,tampered,unknown,train,7625b079919719c3,jitter02
1,sid_tampered,tampered,unknown,train,53d4ba95c6829e75,clean
1,sid_tampered,tampered,unknown,train,53d4ba95c6829e75,jpeg90
1,sid_tampered,tampered,unknown,train,53d4ba95c6829e75,noise005
1,sid_tampered,tampered,unknown,train,53d4ba95c6829e75,crop08
1,sid_tampered,tampered,unknown,train,08c38e790ea98b62,clean
1,sid_tampered,tampered,unknown,train,08c38e790ea98b62,jpeg50
1,sid_tampered,tampered,unknown,train,08c38e790ea98b62,blur20
1,sid_tampered,tampered,unknown,train,08c38e790ea98b62,resize05
1,sid_tampered,tampered,unknown,train,403d26234bbef669,clean
1,sid_tampered,tampered,unknown,train,403d26234bbef669,jpeg90
1,sid_tampered,tampered,unknown,train,403d26234bbef669,jpeg70
1,sid_tampered,tampered,unknown,train,403d26234bbef669,noise01
1,sid_tampered,tampered,unknown,train,182dfec091e5b5b3,clean
1,sid_tampered,tampered,unknown,train,182dfec091e5b5b3,jpeg50
1,sid_tampered,tampered,unknown,train,182dfec091e5b5b3,blur10
1,sid_tampered,tampered,unknown,train,182dfec091e5b5b3,noise005
1,sid_tampered,tampered,unknown,train,1b01de92f6a5159e,clean
1,sid_tampered,tampered,unknown,train,1b01de92f6a5159e,jpeg50
1,sid_tampered,tampered,unknown,train,1b01de92f6a5159e,blur05
1,sid_tampered,tampered,unknown,train,1b01de92f6a5159e,noise005
1,sid_tampered,tampered,unknown,train,9fd587892d77cca2,clean
1,sid_tampered,tampered,unknown,train,9fd587892d77cca2,resize05
1,sid_tampered,tampered,unknown,train,9fd587892d77cca2,noise002
1,sid_tampered,tampered,unknown,train,9fd587892d77cca2,noise01
1,sid_tampered,tampered,unknown,train,c6606c5b674fb4b9,clean
1,sid_tampered,tampered,unknown,train,c6606c5b674fb4b9,noise005
1,sid_tampered,tampered,unknown,train,c6606c5b674fb4b9,noise01
1,sid_tampered,tampered,unknown,train,c6606c5b674fb4b9,jitter02
1,sid_tampered,tampered,unknown,train,717f697886a8a875,clean
1,sid_tampered,tampered,unknown,train,717f697886a8a875,jpeg70
1,sid_tampered,tampered,unknown,train,717f697886a8a875,blur05
1,sid_tampered,tampered,unknown,train,717f697886a8a875,noise005
1,sid_tampered,tampered,unknown,train,b9070d8b3df6315b,clean
1,sid_tampered,tampered,unknown,train,b9070d8b3df6315b,blur10
1,sid_tampered,tampered,unknown,train,b9070d8b3df6315b,noise005
1,sid_tampered,tampered,unknown,train,b9070d8b3df6315b,jitter02
1,sid_tampered,tampered,unknown,train,4583dd3cf1f1792d,clean
1,sid_tampered,tampered,unknown,train,4583dd3cf1f1792d,jpeg30
1,sid_tampered,tampered,unknown,train,4583dd3cf1f1792d,resize025
1,sid_tampered,tampered,unknown,train,4583dd3cf1f1792d,noise002
1,sid_tampered,tampered,unknown,train,eb5f102f19a986e1,clean
1,sid_tampered,tampered,unknown,train,eb5f102f19a986e1,resize05
1,sid_tampered,tampered,unknown,train,eb5f102f19a986e1,noise002
1,sid_tampered,tampered,unknown,train,eb5f102f19a986e1,noise005
1,sid_tampered,tampered,unknown,train,38c6d4ac720b2a78,clean
1,sid_tampered,tampered,unknown,train,38c6d4ac720b2a78,jpeg30
1,sid_tampered,tampered,unknown,train,38c6d4ac720b2a78,resize05
1,sid_tampered,tampered,unknown,train,38c6d4ac720b2a78,jitter02
1,sid_tampered,tampered,unknown,train,4515e79c7a7bdc8c,clean
1,sid_tampered,tampered,unknown,train,4515e79c7a7bdc8c,blur10
1,sid_tampered,tampered,unknown,train,4515e79c7a7bdc8c,resize025
1,sid_tampered,tampered,unknown,train,4515e79c7a7bdc8c,jitter02
1,sid_tampered,tampered,unknown,train,28e93329aa90fa28,clean
1,sid_tampered,tampered,unknown,train,28e93329aa90fa28,blur20
1,sid_tampered,tampered,unknown,train,28e93329aa90fa28,resize05
1,sid_tampered,tampered,unknown,train,28e93329aa90fa28,resize025
1,sid_tampered,tampered,unknown,train,f7012ad4ffa8a996,clean
1,sid_tampered,tampered,unknown,train,f7012ad4ffa8a996,jpeg50
1,sid_tampered,tampered,unknown,train,f7012ad4ffa8a996,blur05
1,sid_tampered,tampered,unknown,train,f7012ad4ffa8a996,blur20
1,sid_tampered,tampered,unknown,train,7bb8f7786cfa4012,clean
1,sid_tampered,tampered,unknown,train,7bb8f7786cfa4012,jpeg70
1,sid_tampered,tampered,unknown,train,7bb8f7786cfa4012,noise01
1,sid_tampered,tampered,unknown,train,7bb8f7786cfa4012,crop08
1,sid_tampered,tampered,unknown,train,97ab52db978f5ef4,clean
1,sid_tampered,tampered,unknown,train,97ab52db978f5ef4,jpeg50
1,sid_tampered,tampered,unknown,train,97ab52db978f5ef4,blur05
1,sid_tampered,tampered,unknown,train,97ab52db978f5ef4,jitter02
1,sid_tampered,tampered,unknown,train,f7165c947cff3648,clean
1,sid_tampered,tampered,unknown,train,f7165c947cff3648,blur20
1,sid_tampered,tampered,unknown,train,f7165c947cff3648,resize025
1,sid_tampered,tampered,unknown,train,f7165c947cff3648,noise005
1,sid_tampered,tampered,unknown,train,b9f10c498e13a211,clean
1,sid_tampered,tampered,unknown,train,b9f10c498e13a211,blur20
1,sid_tampered,tampered,unknown,train,b9f10c498e13a211,noise002
1,sid_tampered,tampered,unknown,train,b9f10c498e13a211,jitter02
1,sid_tampered,tampered,unknown,train,a4c5df3b9b879e40,clean
1,sid_tampered,tampered,unknown,train,a4c5df3b9b879e40,jpeg50
1,sid_tampered,tampered,unknown,train,a4c5df3b9b879e40,blur05
1,sid_tampered,tampered,unknown,train,a4c5df3b9b879e40,noise002
1,sid_tampered,tampered,unknown,train,c67434bed9bd319d,clean
1,sid_tampered,tampered,unknown,train,c67434bed9bd319d,jpeg50
1,sid_tampered,tampered,unknown,train,c67434bed9bd319d,blur10
1,sid_tampered,tampered,unknown,train,c67434bed9bd319d,noise01
1,sid_tampered,tampered,unknown,train,54529f730982dcf1,clean
1,sid_tampered,tampered,unknown,train,54529f730982dcf1,jpeg90
1,sid_tampered,tampered,unknown,train,54529f730982dcf1,noise002
1,sid_tampered,tampered,unknown,train,54529f730982dcf1,crop08
1,sid_tampered,tampered,unknown,train,a6ec63200b1f03e8,clean
1,sid_tampered,tampered,unknown,train,a6ec63200b1f03e8,blur05
1,sid_tampered,tampered,unknown,train,a6ec63200b1f03e8,resize05
1,sid_tampered,tampered,unknown,train,a6ec63200b1f03e8,jitter02
1,sid_tampered,tampered,unknown,train,0838f45bb94c822d,clean
1,sid_tampered,tampered,unknown,train,0838f45bb94c822d,jpeg70
1,sid_tampered,tampered,unknown,train,0838f45bb94c822d,blur10
1,sid_tampered,tampered,unknown,train,0838f45bb94c822d,jitter02
1,sid_tampered,tampered,unknown,train,c70cca020b69aa18,clean
1,sid_tampered,tampered,unknown,train,c70cca020b69aa18,noise002
1,sid_tampered,tampered,unknown,train,c70cca020b69aa18,noise01
1,sid_tampered,tampered,unknown,train,c70cca020b69aa18,jitter02
1,sid_tampered,tampered,unknown,train,f7a803a1b39e2ecb,clean
1,sid_tampered,tampered,unknown,train,f7a803a1b39e2ecb,jpeg50
1,sid_tampered,tampered,unknown,train,f7a803a1b39e2ecb,blur10
1,sid_tampered,tampered,unknown,train,f7a803a1b39e2ecb,noise002
1,sid_tampered,tampered,unknown,train,d22ef72a86a0ba84,clean
1,sid_tampered,tampered,unknown,train,d22ef72a86a0ba84,resize025
1,sid_tampered,tampered,unknown,train,d22ef72a86a0ba84,noise002
1,sid_tampered,tampered,unknown,train,d22ef72a86a0ba84,noise005
1,sid_tampered,tampered,unknown,train,ad88dad13aa50fcb,clean
1,sid_tampered,tampered,unknown,train,ad88dad13aa50fcb,jpeg90
1,sid_tampered,tampered,unknown,train,ad88dad13aa50fcb,blur20
1,sid_tampered,tampered,unknown,train,ad88dad13aa50fcb,noise002
1,sid_tampered,tampered,unknown,train,114d2763a1538877,clean
1,sid_tampered,tampered,unknown,train,114d2763a1538877,jpeg90
1,sid_tampered,tampered,unknown,train,114d2763a1538877,blur05
1,sid_tampered,tampered,unknown,train,114d2763a1538877,noise005
1,sid_tampered,tampered,unknown,train,17c2afa1044e1a72,clean
1,sid_tampered,tampered,unknown,train,17c2afa1044e1a72,jpeg50
1,sid_tampered,tampered,unknown,train,17c2afa1044e1a72,jpeg30
1,sid_tampered,tampered,unknown,train,17c2afa1044e1a72,jitter02
1,sid_tampered,tampered,unknown,train,c59dd547a21f43eb,clean
1,sid_tampered,tampered,unknown,train,c59dd547a21f43eb,blur05
1,sid_tampered,tampered,unknown,train,c59dd547a21f43eb,blur10
1,sid_tampered,tampered,unknown,train,c59dd547a21f43eb,resize025
1,sid_tampered,tampered,unknown,train,9789e08ffddef4c9,clean
1,sid_tampered,tampered,unknown,train,9789e08ffddef4c9,jpeg70
1,sid_tampered,tampered,unknown,train,9789e08ffddef4c9,jpeg30
1,sid_tampered,tampered,unknown,train,9789e08ffddef4c9,crop08
1,sid_tampered,tampered,unknown,train,d64448a1e4f03937,clean
1,sid_tampered,tampered,unknown,train,d64448a1e4f03937,resize025
1,sid_tampered,tampered,unknown,train,d64448a1e4f03937,noise005
1,sid_tampered,tampered,unknown,train,d64448a1e4f03937,crop08
1,sid_tampered,tampered,unknown,train,de325d250de2b271,clean
1,sid_tampered,tampered,unknown,train,de325d250de2b271,jpeg50
1,sid_tampered,tampered,unknown,train,de325d250de2b271,blur05
1,sid_tampered,tampered,unknown,train,de325d250de2b271,noise002
1,sid_tampered,tampered,unknown,train,d286c3478360b8c0,clean
1,sid_tampered,tampered,unknown,train,d286c3478360b8c0,jpeg50
1,sid_tampered,tampered,unknown,train,d286c3478360b8c0,jpeg30
1,sid_tampered,tampered,unknown,train,d286c3478360b8c0,blur10
1,sid_tampered,tampered,unknown,train,3c5cae058b2f5443,clean
1,sid_tampered,tampered,unknown,train,3c5cae058b2f5443,jpeg90
1,sid_tampered,tampered,unknown,train,3c5cae058b2f5443,noise002
1,sid_tampered,tampered,unknown,train,3c5cae058b2f5443,noise01
1,sid_tampered,tampered,unknown,train,e7ac63a2442fec9f,clean
1,sid_tampered,tampered,unknown,train,e7ac63a2442fec9f,jpeg90
1,sid_tampered,tampered,unknown,train,e7ac63a2442fec9f,jpeg70
1,sid_tampered,tampered,unknown,train,e7ac63a2442fec9f,resize025
1,sid_tampered,tampered,unknown,train,c5c455c86f460a2e,clean
1,sid_tampered,tampered,unknown,train,c5c455c86f460a2e,resize025
1,sid_tampered,tampered,unknown,train,c5c455c86f460a2e,noise002
1,sid_tampered,tampered,unknown,train,c5c455c86f460a2e,jitter02
1,sid_tampered,tampered,unknown,train,36f11fcbd9b5eafe,clean
1,sid_tampered,tampered,unknown,train,36f11fcbd9b5eafe,jpeg30
1,sid_tampered,tampered,unknown,train,36f11fcbd9b5eafe,resize05
1,sid_tampered,tampered,unknown,train,36f11fcbd9b5eafe,noise005
1,sid_tampered,tampered,unknown,train,72256bc6f570f8fb,clean
1,sid_tampered,tampered,unknown,train,72256bc6f570f8fb,jpeg30
1,sid_tampered,tampered,unknown,train,72256bc6f570f8fb,resize05
1,sid_tampered,tampered,unknown,train,72256bc6f570f8fb,crop08
1,sid_tampered,tampered,unknown,train,21a7c594c02e3feb,clean
1,sid_tampered,tampered,unknown,train,21a7c594c02e3feb,jpeg50
1,sid_tampered,tampered,unknown,train,21a7c594c02e3feb,blur10
1,sid_tampered,tampered,unknown,train,21a7c594c02e3feb,crop08
1,sid_tampered,tampered,unknown,train,bf05fa54ec82ae7c,clean
1,sid_tampered,tampered,unknown,train,bf05fa54ec82ae7c,jpeg50
1,sid_tampered,tampered,unknown,train,bf05fa54ec82ae7c,jpeg30
1,sid_tampered,tampered,unknown,train,bf05fa54ec82ae7c,jitter02
1,sid_tampered,tampered,unknown,train,9692b4544f178c69,clean
1,sid_tampered,tampered,unknown,train,9692b4544f178c69,noise005
1,sid_tampered,tampered,unknown,train,9692b4544f178c69,noise01
1,sid_tampered,tampered,unknown,train,9692b4544f178c69,jitter02
1,sid_tampered,tampered,unknown,train,3648ab6b2bffa341,clean
1,sid_tampered,tampered,unknown,train,3648ab6b2bffa341,jpeg70
1,sid_tampered,tampered,unknown,train,3648ab6b2bffa341,jpeg50
1,sid_tampered,tampered,unknown,train,3648ab6b2bffa341,blur05
1,sid_tampered,tampered,unknown,train,413b548bd2d633fc,clean
1,sid_tampered,tampered,unknown,train,413b548bd2d633fc,jpeg90
1,sid_tampered,tampered,unknown,train,413b548bd2d633fc,jpeg50
1,sid_tampered,tampered,unknown,train,413b548bd2d633fc,blur20
1,sid_tampered,tampered,unknown,train,9bcacd18a040bc69,clean
1,sid_tampered,tampered,unknown,train,9bcacd18a040bc69,jpeg50
1,sid_tampered,tampered,unknown,train,9bcacd18a040bc69,blur05
1,sid_tampered,tampered,unknown,train,9bcacd18a040bc69,noise01
1,sid_tampered,tampered,unknown,train,8364767156124b70,clean
1,sid_tampered,tampered,unknown,train,8364767156124b70,jpeg70
1,sid_tampered,tampered,unknown,train,8364767156124b70,blur20
1,sid_tampered,tampered,unknown,train,8364767156124b70,noise002
1,sid_tampered,tampered,unknown,train,89f997aac31d6a97,clean
1,sid_tampered,tampered,unknown,train,89f997aac31d6a97,jpeg70
1,sid_tampered,tampered,unknown,train,89f997aac31d6a97,jpeg30
1,sid_tampered,tampered,unknown,train,89f997aac31d6a97,noise01
1,sid_tampered,tampered,unknown,train,fc3a727a8f834633,clean
1,sid_tampered,tampered,unknown,train,fc3a727a8f834633,jpeg90
1,sid_tampered,tampered,unknown,train,fc3a727a8f834633,blur20
1,sid_tampered,tampered,unknown,train,fc3a727a8f834633,noise01
1,sid_tampered,tampered,unknown,train,7f80d4fa45d9be36,clean
1,sid_tampered,tampered,unknown,train,7f80d4fa45d9be36,resize05
1,sid_tampered,tampered,unknown,train,7f80d4fa45d9be36,noise002
1,sid_tampered,tampered,unknown,train,7f80d4fa45d9be36,noise005
1,sid_tampered,tampered,unknown,train,817b78ce94b4b67f,clean
1,sid_tampered,tampered,unknown,train,817b78ce94b4b67f,blur10
1,sid_tampered,tampered,unknown,train,817b78ce94b4b67f,noise005
1,sid_tampered,tampered,unknown,train,817b78ce94b4b67f,jitter02
1,sid_tampered,tampered,unknown,train,6f87dee18ba762a1,clean
1,sid_tampered,tampered,unknown,train,6f87dee18ba762a1,jpeg70
1,sid_tampered,tampered,unknown,train,6f87dee18ba762a1,blur10
1,sid_tampered,tampered,unknown,train,6f87dee18ba762a1,noise01
1,sid_tampered,tampered,unknown,train,873f269d6b64e469,clean
1,sid_tampered,tampered,unknown,train,873f269d6b64e469,jpeg70
1,sid_tampered,tampered,unknown,train,873f269d6b64e469,resize025
1,sid_tampered,tampered,unknown,train,873f269d6b64e469,noise002
1,sid_tampered,tampered,unknown,train,51f8a750a111e5f6,clean
1,sid_tampered,tampered,unknown,train,51f8a750a111e5f6,jpeg90
1,sid_tampered,tampered,unknown,train,51f8a750a111e5f6,resize05
1,sid_tampered,tampered,unknown,train,51f8a750a111e5f6,noise005
1,sid_tampered,tampered,unknown,train,86dfa45f3e81a457,clean
1,sid_tampered,tampered,unknown,train,86dfa45f3e81a457,jpeg30
1,sid_tampered,tampered,unknown,train,86dfa45f3e81a457,resize025
1,sid_tampered,tampered,unknown,train,86dfa45f3e81a457,noise002
1,sid_tampered,tampered,unknown,train,3972cdb2335cdb8c,clean
1,sid_tampered,tampered,unknown,train,3972cdb2335cdb8c,jpeg90
1,sid_tampered,tampered,unknown,train,3972cdb2335cdb8c,blur05
1,sid_tampered,tampered,unknown,train,3972cdb2335cdb8c,noise01
1,sid_tampered,tampered,unknown,train,5470fe11ec367171,clean
1,sid_tampered,tampered,unknown,train,5470fe11ec367171,blur05
1,sid_tampered,tampered,unknown,train,5470fe11ec367171,blur20
1,sid_tampered,tampered,unknown,train,5470fe11ec367171,resize05
1,sid_tampered,tampered,unknown,train,9967b49ad9c2556f,clean
1,sid_tampered,tampered,unknown,train,9967b49ad9c2556f,jpeg30
1,sid_tampered,tampered,unknown,train,9967b49ad9c2556f,noise005
1,sid_tampered,tampered,unknown,train,9967b49ad9c2556f,crop08
1,sid_tampered,tampered,unknown,train,75aacef17bb00c54,clean
1,sid_tampered,tampered,unknown,train,75aacef17bb00c54,jpeg30
1,sid_tampered,tampered,unknown,train,75aacef17bb00c54,resize05
1,sid_tampered,tampered,unknown,train,75aacef17bb00c54,noise005
1,sid_tampered,tampered,unknown,train,63155be161b864d9,clean
1,sid_tampered,tampered,unknown,train,63155be161b864d9,blur20
1,sid_tampered,tampered,unknown,train,63155be161b864d9,noise005
1,sid_tampered,tampered,unknown,train,63155be161b864d9,noise01
1,sid_tampered,tampered,unknown,train,f263cdeb6b6ec1cc,clean
1,sid_tampered,tampered,unknown,train,f263cdeb6b6ec1cc,jpeg90
1,sid_tampered,tampered,unknown,train,f263cdeb6b6ec1cc,jpeg50
1,sid_tampered,tampered,unknown,train,f263cdeb6b6ec1cc,noise005
1,sid_tampered,tampered,unknown,train,5930c38a2d446275,clean
1,sid_tampered,tampered,unknown,train,5930c38a2d446275,jpeg30
1,sid_tampered,tampered,unknown,train,5930c38a2d446275,noise002
1,sid_tampered,tampered,unknown,train,5930c38a2d446275,noise01
1,sid_tampered,tampered,unknown,train,f0d517e83a126c29,clean
1,sid_tampered,tampered,unknown,train,f0d517e83a126c29,jpeg50
1,sid_tampered,tampered,unknown,train,f0d517e83a126c29,noise005
1,sid_tampered,tampered,unknown,train,f0d517e83a126c29,jitter02
1,sid_tampered,tampered,unknown,train,d4dd5416b180c96e,clean
1,sid_tampered,tampered,unknown,train,d4dd5416b180c96e,jpeg70
1,sid_tampered,tampered,unknown,train,d4dd5416b180c96e,blur05
1,sid_tampered,tampered,unknown,train,d4dd5416b180c96e,noise01
1,sid_tampered,tampered,unknown,train,b637181c9b6d411f,clean
1,sid_tampered,tampered,unknown,train,b637181c9b6d411f,jpeg30
1,sid_tampered,tampered,unknown,train,b637181c9b6d411f,noise005
1,sid_tampered,tampered,unknown,train,b637181c9b6d411f,crop08
1,sid_tampered,tampered,unknown,train,ea601965ba628e4f,clean
1,sid_tampered,tampered,unknown,train,ea601965ba628e4f,jpeg70
1,sid_tampered,tampered,unknown,train,ea601965ba628e4f,blur20
1,sid_tampered,tampered,unknown,train,ea601965ba628e4f,resize05
1,sid_tampered,tampered,unknown,train,c89e422d3380f07a,clean
1,sid_tampered,tampered,unknown,train,c89e422d3380f07a,resize05
1,sid_tampered,tampered,unknown,train,c89e422d3380f07a,resize025
1,sid_tampered,tampered,unknown,train,c89e422d3380f07a,jitter02
1,sid_tampered,tampered,unknown,train,23a0586c645f3750,clean
1,sid_tampered,tampered,unknown,train,23a0586c645f3750,blur10
1,sid_tampered,tampered,unknown,train,23a0586c645f3750,blur20
1,sid_tampered,tampered,unknown,train,23a0586c645f3750,resize025
1,sid_tampered,tampered,unknown,train,649d07e1b50687d3,clean
1,sid_tampered,tampered,unknown,train,649d07e1b50687d3,jpeg50
1,sid_tampered,tampered,unknown,train,649d07e1b50687d3,jpeg30
1,sid_tampered,tampered,unknown,train,649d07e1b50687d3,blur10
1,sid_tampered,tampered,unknown,train,107e7fe018d0d630,clean
1,sid_tampered,tampered,unknown,train,107e7fe018d0d630,blur10
1,sid_tampered,tampered,unknown,train,107e7fe018d0d630,resize05
1,sid_tampered,tampered,unknown,train,107e7fe018d0d630,resize025
1,sid_tampered,tampered,unknown,train,792a0d99df457260,clean
1,sid_tampered,tampered,unknown,train,792a0d99df457260,jpeg50
1,sid_tampered,tampered,unknown,train,792a0d99df457260,noise002
1,sid_tampered,tampered,unknown,train,792a0d99df457260,crop08
1,sid_tampered,tampered,unknown,train,70e8100588db8ed9,clean
1,sid_tampered,tampered,unknown,train,70e8100588db8ed9,resize05
1,sid_tampered,tampered,unknown,train,70e8100588db8ed9,noise005
1,sid_tampered,tampered,unknown,train,70e8100588db8ed9,crop08
1,sid_tampered,tampered,unknown,train,6f74dfba88a4bfd7,clean
1,sid_tampered,tampered,unknown,train,6f74dfba88a4bfd7,jpeg50
1,sid_tampered,tampered,unknown,train,6f74dfba88a4bfd7,blur10
1,sid_tampered,tampered,unknown,train,6f74dfba88a4bfd7,resize05
1,sid_tampered,tampered,unknown,train,89fd1ded820b6ff7,clean
1,sid_tampered,tampered,unknown,train,89fd1ded820b6ff7,jpeg90
1,sid_tampered,tampered,unknown,train,89fd1ded820b6ff7,jpeg70
1,sid_tampered,tampered,unknown,train,89fd1ded820b6ff7,crop08
1,sid_tampered,tampered,unknown,train,8c3e464fb9e3b150,clean
1,sid_tampered,tampered,unknown,train,8c3e464fb9e3b150,blur10
1,sid_tampered,tampered,unknown,train,8c3e464fb9e3b150,noise005
1,sid_tampered,tampered,unknown,train,8c3e464fb9e3b150,noise01
1,sid_tampered,tampered,unknown,train,33baa3d5d4adb2dc,clean
1,sid_tampered,tampered,unknown,train,33baa3d5d4adb2dc,blur05
1,sid_tampered,tampered,unknown,train,33baa3d5d4adb2dc,blur10
1,sid_tampered,tampered,unknown,train,33baa3d5d4adb2dc,noise01
1,sid_tampered,tampered,unknown,train,1db600bc6ab76bbc,clean
1,sid_tampered,tampered,unknown,train,1db600bc6ab76bbc,blur05
1,sid_tampered,tampered,unknown,train,1db600bc6ab76bbc,blur20
1,sid_tampered,tampered,unknown,train,1db600bc6ab76bbc,jitter02
1,sid_tampered,tampered,unknown,train,bab78db918864637,clean
1,sid_tampered,tampered,unknown,train,bab78db918864637,jpeg50
1,sid_tampered,tampered,unknown,train,bab78db918864637,blur05
1,sid_tampered,tampered,unknown,train,bab78db918864637,crop08
1,sid_tampered,tampered,unknown,train,b4af5cfad645b05a,clean
1,sid_tampered,tampered,unknown,train,b4af5cfad645b05a,blur10
1,sid_tampered,tampered,unknown,train,b4af5cfad645b05a,noise005
1,sid_tampered,tampered,unknown,train,b4af5cfad645b05a,jitter02
1,sid_tampered,tampered,unknown,train,de136260871cb6d5,clean
1,sid_tampered,tampered,unknown,train,de136260871cb6d5,blur05
1,sid_tampered,tampered,unknown,train,de136260871cb6d5,noise005
1,sid_tampered,tampered,unknown,train,de136260871cb6d5,jitter02
1,sid_tampered,tampered,unknown,train,a1049a1761ad449c,clean
1,sid_tampered,tampered,unknown,train,a1049a1761ad449c,jpeg70
1,sid_tampered,tampered,unknown,train,a1049a1761ad449c,resize05
1,sid_tampered,tampered,unknown,train,a1049a1761ad449c,noise002
1,sid_tampered,tampered,unknown,train,a39d4c021ac5c475,clean
1,sid_tampered,tampered,unknown,train,a39d4c021ac5c475,blur05
1,sid_tampered,tampered,unknown,train,a39d4c021ac5c475,resize025
1,sid_tampered,tampered,unknown,train,a39d4c021ac5c475,crop08
1,sid_tampered,tampered,unknown,train,ca5d7911a42185f8,clean
1,sid_tampered,tampered,unknown,train,ca5d7911a42185f8,jpeg90
1,sid_tampered,tampered,unknown,train,ca5d7911a42185f8,noise002
1,sid_tampered,tampered,unknown,train,ca5d7911a42185f8,jitter02
1,sid_tampered,tampered,unknown,train,5931fd45ed069d90,clean
1,sid_tampered,tampered,unknown,train,5931fd45ed069d90,jpeg50
1,sid_tampered,tampered,unknown,train,5931fd45ed069d90,noise005
1,sid_tampered,tampered,unknown,train,5931fd45ed069d90,noise01
1,sid_tampered,tampered,unknown,train,9782baeb38b62166,clean
1,sid_tampered,tampered,unknown,train,9782baeb38b62166,jpeg70
1,sid_tampered,tampered,unknown,train,9782baeb38b62166,noise002
1,sid_tampered,tampered,unknown,train,9782baeb38b62166,jitter02
1,sid_tampered,tampered,unknown,train,64c88d2decba68c5,clean
1,sid_tampered,tampered,unknown,train,64c88d2decba68c5,resize05
1,sid_tampered,tampered,unknown,train,64c88d2decba68c5,jitter02
1,sid_tampered,tampered,unknown,train,64c88d2decba68c5,crop08
1,sid_tampered,tampered,unknown,train,bb0c2475e7ac2e5d,clean
1,sid_tampered,tampered,unknown,train,bb0c2475e7ac2e5d,jpeg50
1,sid_tampered,tampered,unknown,train,bb0c2475e7ac2e5d,jpeg30
1,sid_tampered,tampered,unknown,train,bb0c2475e7ac2e5d,crop08
1,sid_tampered,tampered,unknown,train,b8eae9f938114a3f,clean
1,sid_tampered,tampered,unknown,train,b8eae9f938114a3f,jpeg90
1,sid_tampered,tampered,unknown,train,b8eae9f938114a3f,blur20
1,sid_tampered,tampered,unknown,train,b8eae9f938114a3f,noise005
1,sid_tampered,tampered,unknown,train,4c23dec8b4d58476,clean
1,sid_tampered,tampered,unknown,train,4c23dec8b4d58476,jpeg30
1,sid_tampered,tampered,unknown,train,4c23dec8b4d58476,blur05
1,sid_tampered,tampered,unknown,train,4c23dec8b4d58476,resize05
1,sid_tampered,tampered,unknown,train,b2a8513ed2c37833,clean
1,sid_tampered,tampered,unknown,train,b2a8513ed2c37833,jpeg50
1,sid_tampered,tampered,unknown,train,b2a8513ed2c37833,jpeg30
1,sid_tampered,tampered,unknown,train,b2a8513ed2c37833,resize025
1,sid_tampered,tampered,unknown,train,2670a86cfa42a956,clean
1,sid_tampered,tampered,unknown,train,2670a86cfa42a956,jpeg70
1,sid_tampered,tampered,unknown,train,2670a86cfa42a956,blur05
1,sid_tampered,tampered,unknown,train,2670a86cfa42a956,resize05
1,sid_tampered,tampered,unknown,train,199ba005fc487de6,clean
1,sid_tampered,tampered,unknown,train,199ba005fc487de6,jpeg70
1,sid_tampered,tampered,unknown,train,199ba005fc487de6,blur05
1,sid_tampered,tampered,unknown,train,199ba005fc487de6,noise01
1,sid_tampered,tampered,unknown,train,41a5d5dc09eadfd8,clean
1,sid_tampered,tampered,unknown,train,41a5d5dc09eadfd8,jpeg90
1,sid_tampered,tampered,unknown,train,41a5d5dc09eadfd8,jpeg30
1,sid_tampered,tampered,unknown,train,41a5d5dc09eadfd8,noise002
1,sid_tampered,tampered,unknown,train,750b6cec812f4533,clean
1,sid_tampered,tampered,unknown,train,750b6cec812f4533,jpeg90
1,sid_tampered,tampered,unknown,train,750b6cec812f4533,jpeg70
1,sid_tampered,tampered,unknown,train,750b6cec812f4533,resize05
1,sid_tampered,tampered,unknown,train,18b0cafe462064fa,clean
1,sid_tampered,tampered,unknown,train,18b0cafe462064fa,blur05
1,sid_tampered,tampered,unknown,train,18b0cafe462064fa,blur20
1,sid_tampered,tampered,unknown,train,18b0cafe462064fa,crop08
1,sid_tampered,tampered,unknown,train,f1aff62f0dda7d3e,clean
1,sid_tampered,tampered,unknown,train,f1aff62f0dda7d3e,jpeg90
1,sid_tampered,tampered,unknown,train,f1aff62f0dda7d3e,noise002
1,sid_tampered,tampered,unknown,train,f1aff62f0dda7d3e,crop08
1,sid_tampered,tampered,unknown,train,0d08bdde2cea915a,clean
1,sid_tampered,tampered,unknown,train,0d08bdde2cea915a,jpeg90
1,sid_tampered,tampered,unknown,train,0d08bdde2cea915a,noise005
1,sid_tampered,tampered,unknown,train,0d08bdde2cea915a,jitter02
1,sid_tampered,tampered,unknown,train,edb4f0babb6c3508,clean
1,sid_tampered,tampered,unknown,train,edb4f0babb6c3508,jpeg30
1,sid_tampered,tampered,unknown,train,edb4f0babb6c3508,blur05
1,sid_tampered,tampered,unknown,train,edb4f0babb6c3508,resize025
1,sid_tampered,tampered,unknown,train,9a5767f4d061eaf4,clean
1,sid_tampered,tampered,unknown,train,9a5767f4d061eaf4,jpeg70
1,sid_tampered,tampered,unknown,train,9a5767f4d061eaf4,blur20
1,sid_tampered,tampered,unknown,train,9a5767f4d061eaf4,noise01
1,sid_tampered,tampered,unknown,train,92b405f343a815e6,clean
1,sid_tampered,tampered,unknown,train,92b405f343a815e6,blur05
1,sid_tampered,tampered,unknown,train,92b405f343a815e6,blur10
1,sid_tampered,tampered,unknown,train,92b405f343a815e6,resize025
1,sid_tampered,tampered,unknown,train,38370d5925ebb9f4,clean
1,sid_tampered,tampered,unknown,train,38370d5925ebb9f4,blur05
1,sid_tampered,tampered,unknown,train,38370d5925ebb9f4,resize025
1,sid_tampered,tampered,unknown,train,38370d5925ebb9f4,jitter02
1,sid_tampered,tampered,unknown,train,c306ece1b2604854,clean
1,sid_tampered,tampered,unknown,train,c306ece1b2604854,resize025
1,sid_tampered,tampered,unknown,train,c306ece1b2604854,noise002
1,sid_tampered,tampered,unknown,train,c306ece1b2604854,crop08
1,sid_tampered,tampered,unknown,train,953e7047f05ad353,clean
1,sid_tampered,tampered,unknown,train,953e7047f05ad353,resize05
1,sid_tampered,tampered,unknown,train,953e7047f05ad353,noise005
1,sid_tampered,tampered,unknown,train,953e7047f05ad353,noise01
1,sid_tampered,tampered,unknown,train,534ea92bf873c9b2,clean
1,sid_tampered,tampered,unknown,train,534ea92bf873c9b2,jpeg70
1,sid_tampered,tampered,unknown,train,534ea92bf873c9b2,resize05
1,sid_tampered,tampered,unknown,train,534ea92bf873c9b2,noise005
1,sid_tampered,tampered,unknown,train,2b20498e723a6689,clean
1,sid_tampered,tampered,unknown,train,2b20498e723a6689,jpeg30
1,sid_tampered,tampered,unknown,train,2b20498e723a6689,noise002
1,sid_tampered,tampered,unknown,train,2b20498e723a6689,noise01
1,sid_tampered,tampered,unknown,train,4033215a0e3e46df,clean
1,sid_tampered,tampered,unknown,train,4033215a0e3e46df,jpeg70
1,sid_tampered,tampered,unknown,train,4033215a0e3e46df,blur20
1,sid_tampered,tampered,unknown,train,4033215a0e3e46df,resize025
1,sid_tampered,tampered,unknown,train,c928e4bd015e30fc,clean
1,sid_tampered,tampered,unknown,train,c928e4bd015e30fc,jpeg90
1,sid_tampered,tampered,unknown,train,c928e4bd015e30fc,jpeg50
1,sid_tampered,tampered,unknown,train,c928e4bd015e30fc,blur20
1,sid_tampered,tampered,unknown,train,114a645a93c8a3e8,clean
1,sid_tampered,tampered,unknown,train,114a645a93c8a3e8,jpeg70
1,sid_tampered,tampered,unknown,train,114a645a93c8a3e8,blur10
1,sid_tampered,tampered,unknown,train,114a645a93c8a3e8,resize05
1,sid_tampered,tampered,unknown,train,3ece807df7b2f679,clean
1,sid_tampered,tampered,unknown,train,3ece807df7b2f679,jpeg70
1,sid_tampered,tampered,unknown,train,3ece807df7b2f679,blur10
1,sid_tampered,tampered,unknown,train,3ece807df7b2f679,resize025
1,sid_tampered,tampered,unknown,train,e318d33d92a0ff87,clean
1,sid_tampered,tampered,unknown,train,e318d33d92a0ff87,jpeg90
1,sid_tampered,tampered,unknown,train,e318d33d92a0ff87,blur20
1,sid_tampered,tampered,unknown,train,e318d33d92a0ff87,jitter02
1,sid_tampered,tampered,unknown,train,ea408fe372af7f55,clean
1,sid_tampered,tampered,unknown,train,ea408fe372af7f55,jpeg70
1,sid_tampered,tampered,unknown,train,ea408fe372af7f55,blur05
1,sid_tampered,tampered,unknown,train,ea408fe372af7f55,crop08
1,sid_tampered,tampered,unknown,train,ec8539a5c355558c,clean
1,sid_tampered,tampered,unknown,train,ec8539a5c355558c,jpeg70
1,sid_tampered,tampered,unknown,train,ec8539a5c355558c,blur05
1,sid_tampered,tampered,unknown,train,ec8539a5c355558c,noise005
1,sid_tampered,tampered,unknown,train,795036d4c52089b9,clean
1,sid_tampered,tampered,unknown,train,795036d4c52089b9,jpeg50
1,sid_tampered,tampered,unknown,train,795036d4c52089b9,blur20
1,sid_tampered,tampered,unknown,train,795036d4c52089b9,crop08
1,sid_tampered,tampered,unknown,train,39f75667a4b2f845,clean
1,sid_tampered,tampered,unknown,train,39f75667a4b2f845,jpeg50
1,sid_tampered,tampered,unknown,train,39f75667a4b2f845,blur05
1,sid_tampered,tampered,unknown,train,39f75667a4b2f845,noise01
1,sid_tampered,tampered,unknown,train,275b7646587f7a6e,clean
1,sid_tampered,tampered,unknown,train,275b7646587f7a6e,jpeg90
1,sid_tampered,tampered,unknown,train,275b7646587f7a6e,blur10
1,sid_tampered,tampered,unknown,train,275b7646587f7a6e,crop08
1,sid_tampered,tampered,unknown,train,c15a3c830dc6b7bc,clean
1,sid_tampered,tampered,unknown,train,c15a3c830dc6b7bc,jpeg90
1,sid_tampered,tampered,unknown,train,c15a3c830dc6b7bc,blur20
1,sid_tampered,tampered,unknown,train,c15a3c830dc6b7bc,noise005
1,sid_tampered,tampered,unknown,train,ed419e0f87c13d90,clean
1,sid_tampered,tampered,unknown,train,ed419e0f87c13d90,jpeg70
1,sid_tampered,tampered,unknown,train,ed419e0f87c13d90,blur20
1,sid_tampered,tampered,unknown,train,ed419e0f87c13d90,resize025
1,sid_tampered,tampered,unknown,train,f36f8b293f2afcc0,clean
1,sid_tampered,tampered,unknown,train,f36f8b293f2afcc0,noise005
1,sid_tampered,tampered,unknown,train,f36f8b293f2afcc0,noise01
1,sid_tampered,tampered,unknown,train,f36f8b293f2afcc0,crop08
1,sid_tampered,tampered,unknown,train,9ea295e940dd7d18,clean
1,sid_tampered,tampered,unknown,train,9ea295e940dd7d18,jpeg30
1,sid_tampered,tampered,unknown,train,9ea295e940dd7d18,resize05
1,sid_tampered,tampered,unknown,train,9ea295e940dd7d18,resize025
1,sid_tampered,tampered,unknown,train,c161563315694027,clean
1,sid_tampered,tampered,unknown,train,c161563315694027,jpeg90
1,sid_tampered,tampered,unknown,train,c161563315694027,jpeg50
1,sid_tampered,tampered,unknown,train,c161563315694027,blur20
1,sid_tampered,tampered,unknown,train,b7eeaa1b649e299c,clean
1,sid_tampered,tampered,unknown,train,b7eeaa1b649e299c,jpeg90
1,sid_tampered,tampered,unknown,train,b7eeaa1b649e299c,blur10
1,sid_tampered,tampered,unknown,train,b7eeaa1b649e299c,noise002
1,sid_tampered,tampered,unknown,train,c0bf9d4c4af4bd8f,clean
1,sid_tampered,tampered,unknown,train,c0bf9d4c4af4bd8f,resize025
1,sid_tampered,tampered,unknown,train,c0bf9d4c4af4bd8f,jitter02
1,sid_tampered,tampered,unknown,train,c0bf9d4c4af4bd8f,crop08
1,sid_tampered,tampered,unknown,train,cfe971a59d450793,clean
1,sid_tampered,tampered,unknown,train,cfe971a59d450793,blur05
1,sid_tampered,tampered,unknown,train,cfe971a59d450793,blur10
1,sid_tampered,tampered,unknown,train,cfe971a59d450793,noise002
1,sid_tampered,tampered,unknown,train,1ed3d4bf2b5737fb,clean
1,sid_tampered,tampered,unknown,train,1ed3d4bf2b5737fb,jpeg90
1,sid_tampered,tampered,unknown,train,1ed3d4bf2b5737fb,resize025
1,sid_tampered,tampered,unknown,train,1ed3d4bf2b5737fb,noise002
1,sid_tampered,tampered,unknown,train,33e4dd41456b0536,clean
1,sid_tampered,tampered,unknown,train,33e4dd41456b0536,jpeg70
1,sid_tampered,tampered,unknown,train,33e4dd41456b0536,jpeg50
1,sid_tampered,tampered,unknown,train,33e4dd41456b0536,jitter02
1,sid_tampered,tampered,unknown,train,a006ae8f23c5179e,clean
1,sid_tampered,tampered,unknown,train,a006ae8f23c5179e,jpeg90
1,sid_tampered,tampered,unknown,train,a006ae8f23c5179e,noise01
1,sid_tampered,tampered,unknown,train,a006ae8f23c5179e,crop08
1,sid_tampered,tampered,unknown,train,3d6e90dcd22a3d27,clean
1,sid_tampered,tampered,unknown,train,3d6e90dcd22a3d27,resize05
1,sid_tampered,tampered,unknown,train,3d6e90dcd22a3d27,jitter02
1,sid_tampered,tampered,unknown,train,3d6e90dcd22a3d27,crop08
1,sid_tampered,tampered,unknown,train,0c1ba5e0e4bb60a9,clean
1,sid_tampered,tampered,unknown,train,0c1ba5e0e4bb60a9,jpeg30
1,sid_tampered,tampered,unknown,train,0c1ba5e0e4bb60a9,resize025
1,sid_tampered,tampered,unknown,train,0c1ba5e0e4bb60a9,noise01
1,sid_tampered,tampered,unknown,train,cc11e064055869e2,clean
1,sid_tampered,tampered,unknown,train,cc11e064055869e2,blur10
1,sid_tampered,tampered,unknown,train,cc11e064055869e2,blur20
1,sid_tampered,tampered,unknown,train,cc11e064055869e2,jitter02
1,sid_tampered,tampered,unknown,train,e01121d1d9662b7b,clean
1,sid_tampered,tampered,unknown,train,e01121d1d9662b7b,blur20
1,sid_tampered,tampered,unknown,train,e01121d1d9662b7b,resize05
1,sid_tampered,tampered,unknown,train,e01121d1d9662b7b,noise005
1,sid_tampered,tampered,unknown,train,09aa72c29ff7a114,clean
1,sid_tampered,tampered,unknown,train,09aa72c29ff7a114,jpeg50
1,sid_tampered,tampered,unknown,train,09aa72c29ff7a114,blur10
1,sid_tampered,tampered,unknown,train,09aa72c29ff7a114,resize025
1,sid_tampered,tampered,unknown,train,3ad076f62a027301,clean
1,sid_tampered,tampered,unknown,train,3ad076f62a027301,jpeg90
1,sid_tampered,tampered,unknown,train,3ad076f62a027301,resize05
1,sid_tampered,tampered,unknown,train,3ad076f62a027301,jitter02
1,sid_tampered,tampered,unknown,train,157904347e34a327,clean
1,sid_tampered,tampered,unknown,train,157904347e34a327,blur20
1,sid_tampered,tampered,unknown,train,157904347e34a327,resize05
1,sid_tampered,tampered,unknown,train,157904347e34a327,noise005
1,sid_tampered,tampered,unknown,train,69c1d816f81df0b5,clean
1,sid_tampered,tampered,unknown,train,69c1d816f81df0b5,jpeg90
1,sid_tampered,tampered,unknown,train,69c1d816f81df0b5,jpeg70
1,sid_tampered,tampered,unknown,train,69c1d816f81df0b5,jpeg50
1,sid_tampered,tampered,unknown,train,69b86b22b6ae3d2f,clean
1,sid_tampered,tampered,unknown,train,69b86b22b6ae3d2f,jpeg30
1,sid_tampered,tampered,unknown,train,69b86b22b6ae3d2f,blur05
1,sid_tampered,tampered,unknown,train,69b86b22b6ae3d2f,blur10
1,sid_tampered,tampered,unknown,train,e44882b5e88b0678,clean
1,sid_tampered,tampered,unknown,train,e44882b5e88b0678,jpeg90
1,sid_tampered,tampered,unknown,train,e44882b5e88b0678,blur05
1,sid_tampered,tampered,unknown,train,e44882b5e88b0678,noise002
1,sid_tampered,tampered,unknown,train,35521a0a58a19c2b,clean
1,sid_tampered,tampered,unknown,train,35521a0a58a19c2b,blur10
1,sid_tampered,tampered,unknown,train,35521a0a58a19c2b,blur20
1,sid_tampered,tampered,unknown,train,35521a0a58a19c2b,resize025
1,sid_tampered,tampered,unknown,train,e6117d57155d0487,clean
1,sid_tampered,tampered,unknown,train,e6117d57155d0487,jpeg90
1,sid_tampered,tampered,unknown,train,e6117d57155d0487,resize05
1,sid_tampered,tampered,unknown,train,e6117d57155d0487,noise005
1,sid_tampered,tampered,unknown,train,2a5d97d1fbbe3e58,clean
1,sid_tampered,tampered,unknown,train,2a5d97d1fbbe3e58,jpeg50
1,sid_tampered,tampered,unknown,train,2a5d97d1fbbe3e58,blur20
1,sid_tampered,tampered,unknown,train,2a5d97d1fbbe3e58,noise01
1,sid_tampered,tampered,unknown,train,da43b572ebe53eb0,clean
1,sid_tampered,tampered,unknown,train,da43b572ebe53eb0,jpeg90
1,sid_tampered,tampered,unknown,train,da43b572ebe53eb0,jpeg50
1,sid_tampered,tampered,unknown,train,da43b572ebe53eb0,resize025
1,sid_tampered,tampered,unknown,train,1a479aefb53cfa79,clean
1,sid_tampered,tampered,unknown,train,1a479aefb53cfa79,jpeg30
1,sid_tampered,tampered,unknown,train,1a479aefb53cfa79,noise01
1,sid_tampered,tampered,unknown,train,1a479aefb53cfa79,jitter02
1,sid_tampered,tampered,unknown,train,af1cff3d9bd5c7ea,clean
1,sid_tampered,tampered,unknown,train,af1cff3d9bd5c7ea,jpeg30
1,sid_tampered,tampered,unknown,train,af1cff3d9bd5c7ea,blur20
1,sid_tampered,tampered,unknown,train,af1cff3d9bd5c7ea,crop08
1,sid_tampered,tampered,unknown,train,464ba0df377e78ad,clean
1,sid_tampered,tampered,unknown,train,464ba0df377e78ad,jpeg70
1,sid_tampered,tampered,unknown,train,464ba0df377e78ad,blur10
1,sid_tampered,tampered,unknown,train,464ba0df377e78ad,resize025
1,sid_tampered,tampered,unknown,train,a82f28bb6804bf4b,clean
1,sid_tampered,tampered,unknown,train,a82f28bb6804bf4b,blur20
1,sid_tampered,tampered,unknown,train,a82f28bb6804bf4b,noise01
1,sid_tampered,tampered,unknown,train,a82f28bb6804bf4b,crop08
1,sid_tampered,tampered,unknown,train,26ddcbe5119c4de0,clean
1,sid_tampered,tampered,unknown,train,26ddcbe5119c4de0,jpeg70
1,sid_tampered,tampered,unknown,train,26ddcbe5119c4de0,blur20
1,sid_tampered,tampered,unknown,train,26ddcbe5119c4de0,noise01
1,sid_tampered,tampered,unknown,train,a5e0795bb175ddd2,clean
1,sid_tampered,tampered,unknown,train,a5e0795bb175ddd2,jpeg30
1,sid_tampered,tampered,unknown,train,a5e0795bb175ddd2,resize05
1,sid_tampered,tampered,unknown,train,a5e0795bb175ddd2,resize025
1,sid_tampered,tampered,unknown,train,6f94641ec72006ed,clean
1,sid_tampered,tampered,unknown,train,6f94641ec72006ed,blur05
1,sid_tampered,tampered,unknown,train,6f94641ec72006ed,resize05
1,sid_tampered,tampered,unknown,train,6f94641ec72006ed,noise005
1,sid_tampered,tampered,unknown,train,5d9362c5ed2143d9,clean
1,sid_tampered,tampered,unknown,train,5d9362c5ed2143d9,jpeg90
1,sid_tampered,tampered,unknown,train,5d9362c5ed2143d9,jpeg30
1,sid_tampered,tampered,unknown,train,5d9362c5ed2143d9,noise005
1,sid_tampered,tampered,unknown,train,c2f7d1009e27626c,clean
1,sid_tampered,tampered,unknown,train,c2f7d1009e27626c,blur10
1,sid_tampered,tampered,unknown,train,c2f7d1009e27626c,resize05
1,sid_tampered,tampered,unknown,train,c2f7d1009e27626c,noise002
1,sid_tampered,tampered,unknown,train,a41dfa0ef5d2f518,clean
1,sid_tampered,tampered,unknown,train,a41dfa0ef5d2f518,jpeg70
1,sid_tampered,tampered,unknown,train,a41dfa0ef5d2f518,blur10
1,sid_tampered,tampered,unknown,train,a41dfa0ef5d2f518,resize025
1,sid_tampered,tampered,unknown,train,5d8d88131ab09446,clean
1,sid_tampered,tampered,unknown,train,5d8d88131ab09446,jpeg30
1,sid_tampered,tampered,unknown,train,5d8d88131ab09446,blur05
1,sid_tampered,tampered,unknown,train,5d8d88131ab09446,noise005
1,sid_tampered,tampered,unknown,train,825bdb8b176f84e9,clean
1,sid_tampered,tampered,unknown,train,825bdb8b176f84e9,jpeg30
1,sid_tampered,tampered,unknown,train,825bdb8b176f84e9,noise005
1,sid_tampered,tampered,unknown,train,825bdb8b176f84e9,noise01
1,sid_tampered,tampered,unknown,train,35a137a3c56eadc2,clean
1,sid_tampered,tampered,unknown,train,35a137a3c56eadc2,blur10
1,sid_tampered,tampered,unknown,train,35a137a3c56eadc2,noise005
1,sid_tampered,tampered,unknown,train,35a137a3c56eadc2,jitter02
1,sid_tampered,tampered,unknown,train,e9fc12742281c8d3,clean
1,sid_tampered,tampered,unknown,train,e9fc12742281c8d3,noise005
1,sid_tampered,tampered,unknown,train,e9fc12742281c8d3,noise01
1,sid_tampered,tampered,unknown,train,e9fc12742281c8d3,crop08
1,sid_tampered,tampered,unknown,train,0fa1e4d71bbcbdde,clean
1,sid_tampered,tampered,unknown,train,0fa1e4d71bbcbdde,jpeg90
1,sid_tampered,tampered,unknown,train,0fa1e4d71bbcbdde,jpeg70
1,sid_tampered,tampered,unknown,train,0fa1e4d71bbcbdde,noise002
1,sid_tampered,tampered,unknown,train,c2561ea2ebb115c2,clean
1,sid_tampered,tampered,unknown,train,c2561ea2ebb115c2,blur05
1,sid_tampered,tampered,unknown,train,c2561ea2ebb115c2,blur10
1,sid_tampered,tampered,unknown,train,c2561ea2ebb115c2,resize05
1,sid_tampered,tampered,unknown,train,5bf05285d5b13729,clean
1,sid_tampered,tampered,unknown,train,5bf05285d5b13729,blur10
1,sid_tampered,tampered,unknown,train,5bf05285d5b13729,resize05
1,sid_tampered,tampered,unknown,train,5bf05285d5b13729,resize025
1,sid_tampered,tampered,unknown,train,7de019ed82c7d493,clean
1,sid_tampered,tampered,unknown,train,7de019ed82c7d493,jpeg90
1,sid_tampered,tampered,unknown,train,7de019ed82c7d493,jpeg70
1,sid_tampered,tampered,unknown,train,7de019ed82c7d493,jpeg50
1,sid_tampered,tampered,unknown,train,8b7ef236b42d9a41,clean
1,sid_tampered,tampered,unknown,train,8b7ef236b42d9a41,jpeg50
1,sid_tampered,tampered,unknown,train,8b7ef236b42d9a41,blur20
1,sid_tampered,tampered,unknown,train,8b7ef236b42d9a41,jitter02
1,sid_tampered,tampered,unknown,train,3b2bdef7f0d5e59e,clean
1,sid_tampered,tampered,unknown,train,3b2bdef7f0d5e59e,jpeg90
1,sid_tampered,tampered,unknown,train,3b2bdef7f0d5e59e,noise002
1,sid_tampered,tampered,unknown,train,3b2bdef7f0d5e59e,crop08
1,sid_tampered,tampered,unknown,train,6803551494463367,clean
1,sid_tampered,tampered,unknown,train,6803551494463367,jpeg70
1,sid_tampered,tampered,unknown,train,6803551494463367,jpeg50
1,sid_tampered,tampered,unknown,train,6803551494463367,noise01
1,sid_tampered,tampered,unknown,train,66098f2305d86b54,clean
1,sid_tampered,tampered,unknown,train,66098f2305d86b54,jpeg70
1,sid_tampered,tampered,unknown,train,66098f2305d86b54,blur05
1,sid_tampered,tampered,unknown,train,66098f2305d86b54,noise005
1,sid_tampered,tampered,unknown,train,3a917249fe2e87d6,clean
1,sid_tampered,tampered,unknown,train,3a917249fe2e87d6,blur10
1,sid_tampered,tampered,unknown,train,3a917249fe2e87d6,resize025
1,sid_tampered,tampered,unknown,train,3a917249fe2e87d6,noise002
1,sid_tampered,tampered,unknown,train,abfc4eb87cf1a883,clean
1,sid_tampered,tampered,unknown,train,abfc4eb87cf1a883,jpeg90
1,sid_tampered,tampered,unknown,train,abfc4eb87cf1a883,blur10
1,sid_tampered,tampered,unknown,train,abfc4eb87cf1a883,noise01
1,sid_tampered,tampered,unknown,train,a9316ef00a454d1b,clean
1,sid_tampered,tampered,unknown,train,a9316ef00a454d1b,jpeg70
1,sid_tampered,tampered,unknown,train,a9316ef00a454d1b,blur10
1,sid_tampered,tampered,unknown,train,a9316ef00a454d1b,noise005
1,sid_tampered,tampered,unknown,train,cf24c5508dbd01bf,clean
1,sid_tampered,tampered,unknown,train,cf24c5508dbd01bf,jpeg70
1,sid_tampered,tampered,unknown,train,cf24c5508dbd01bf,jpeg30
1,sid_tampered,tampered,unknown,train,cf24c5508dbd01bf,blur10
1,sid_tampered,tampered,unknown,train,55d1d60623b39651,clean
1,sid_tampered,tampered,unknown,train,55d1d60623b39651,jpeg30
1,sid_tampered,tampered,unknown,train,55d1d60623b39651,blur05
1,sid_tampered,tampered,unknown,train,55d1d60623b39651,resize05
1,sid_tampered,tampered,unknown,train,fed964482d4bb257,clean
1,sid_tampered,tampered,unknown,train,fed964482d4bb257,blur05
1,sid_tampered,tampered,unknown,train,fed964482d4bb257,resize025
1,sid_tampered,tampered,unknown,train,fed964482d4bb257,noise01
1,sid_tampered,tampered,unknown,train,d36df6d788fcfa48,clean
1,sid_tampered,tampered,unknown,train,d36df6d788fcfa48,jpeg70
1,sid_tampered,tampered,unknown,train,d36df6d788fcfa48,noise01
1,sid_tampered,tampered,unknown,train,d36df6d788fcfa48,crop08
1,sid_tampered,tampered,unknown,train,b878b6fd179fa90f,clean
1,sid_tampered,tampered,unknown,train,b878b6fd179fa90f,jpeg90
1,sid_tampered,tampered,unknown,train,b878b6fd179fa90f,jpeg70
1,sid_tampered,tampered,unknown,train,b878b6fd179fa90f,resize05
1,sid_tampered,tampered,unknown,train,085ca3a0c7bd89a8,clean
1,sid_tampered,tampered,unknown,train,085ca3a0c7bd89a8,blur10
1,sid_tampered,tampered,unknown,train,085ca3a0c7bd89a8,noise01
1,sid_tampered,tampered,unknown,train,085ca3a0c7bd89a8,crop08
1,sid_tampered,tampered,unknown,train,2a91dd856d3d8c65,clean
1,sid_tampered,tampered,unknown,train,2a91dd856d3d8c65,jpeg70
1,sid_tampered,tampered,unknown,train,2a91dd856d3d8c65,blur05
1,sid_tampered,tampered,unknown,train,2a91dd856d3d8c65,noise002
1,sid_tampered,tampered,unknown,train,c445ecdc8b383c94,clean
1,sid_tampered,tampered,unknown,train,c445ecdc8b383c94,resize025
1,sid_tampered,tampered,unknown,train,c445ecdc8b383c94,noise01
1,sid_tampered,tampered,unknown,train,c445ecdc8b383c94,jitter02
1,sid_tampered,tampered,unknown,train,32dc28080c5f4cd4,clean
1,sid_tampered,tampered,unknown,train,32dc28080c5f4cd4,blur05
1,sid_tampered,tampered,unknown,train,32dc28080c5f4cd4,resize05
1,sid_tampered,tampered,unknown,train,32dc28080c5f4cd4,jitter02
1,sid_tampered,tampered,unknown,train,a0f06d99556cddaa,clean
1,sid_tampered,tampered,unknown,train,a0f06d99556cddaa,jpeg50
1,sid_tampered,tampered,unknown,train,a0f06d99556cddaa,jitter02
1,sid_tampered,tampered,unknown,train,a0f06d99556cddaa,crop08
1,sid_tampered,tampered,unknown,train,2c6205fff2c54a86,clean
1,sid_tampered,tampered,unknown,train,2c6205fff2c54a86,jpeg70
1,sid_tampered,tampered,unknown,train,2c6205fff2c54a86,jpeg50
1,sid_tampered,tampered,unknown,train,2c6205fff2c54a86,jitter02
1,sid_tampered,tampered,unknown,train,4c4a3f587bfd2435,clean
1,sid_tampered,tampered,unknown,train,4c4a3f587bfd2435,jpeg50
1,sid_tampered,tampered,unknown,train,4c4a3f587bfd2435,jitter02
1,sid_tampered,tampered,unknown,train,4c4a3f587bfd2435,crop08
1,sid_tampered,tampered,unknown,train,d2bd5ee164cb72e3,clean
1,sid_tampered,tampered,unknown,train,d2bd5ee164cb72e3,blur05
1,sid_tampered,tampered,unknown,train,d2bd5ee164cb72e3,resize05
1,sid_tampered,tampered,unknown,train,d2bd5ee164cb72e3,crop08
1,sid_tampered,tampered,unknown,train,68cf64c9cde3020b,clean
1,sid_tampered,tampered,unknown,train,68cf64c9cde3020b,jpeg30
1,sid_tampered,tampered,unknown,train,68cf64c9cde3020b,blur10
1,sid_tampered,tampered,unknown,train,68cf64c9cde3020b,noise002
1,sid_tampered,tampered,unknown,train,f314f3115d894dfa,clean
1,sid_tampered,tampered,unknown,train,f314f3115d894dfa,jpeg50
1,sid_tampered,tampered,unknown,train,f314f3115d894dfa,resize05
1,sid_tampered,tampered,unknown,train,f314f3115d894dfa,noise002
1,sid_tampered,tampered,unknown,train,33625aa6c21da915,clean
1,sid_tampered,tampered,unknown,train,33625aa6c21da915,jpeg90
1,sid_tampered,tampered,unknown,train,33625aa6c21da915,blur10
1,sid_tampered,tampered,unknown,train,33625aa6c21da915,jitter02
1,sid_tampered,tampered,unknown,train,0751b965ba940591,clean
1,sid_tampered,tampered,unknown,train,0751b965ba940591,blur10
1,sid_tampered,tampered,unknown,train,0751b965ba940591,resize05
1,sid_tampered,tampered,unknown,train,0751b965ba940591,noise002
1,sid_tampered,tampered,unknown,train,72345aefc9d444a9,clean
1,sid_tampered,tampered,unknown,train,72345aefc9d444a9,resize05
1,sid_tampered,tampered,unknown,train,72345aefc9d444a9,noise01
1,sid_tampered,tampered,unknown,train,72345aefc9d444a9,jitter02
1,sid_tampered,tampered,unknown,train,63a4b42a838f7e35,clean
1,sid_tampered,tampered,unknown,train,63a4b42a838f7e35,jpeg90
1,sid_tampered,tampered,unknown,train,63a4b42a838f7e35,resize025
1,sid_tampered,tampered,unknown,train,63a4b42a838f7e35,noise002
1,sid_tampered,tampered,unknown,train,835a951fb54b27af,clean
1,sid_tampered,tampered,unknown,train,835a951fb54b27af,jpeg70
1,sid_tampered,tampered,unknown,train,835a951fb54b27af,blur05
1,sid_tampered,tampered,unknown,train,835a951fb54b27af,resize025
1,sid_tampered,tampered,unknown,train,c81be2b783c0840c,clean
1,sid_tampered,tampered,unknown,train,c81be2b783c0840c,jpeg90
1,sid_tampered,tampered,unknown,train,c81be2b783c0840c,blur05
1,sid_tampered,tampered,unknown,train,c81be2b783c0840c,jitter02
1,sid_tampered,tampered,unknown,train,aa30952757810706,clean
1,sid_tampered,tampered,unknown,train,aa30952757810706,jpeg90
1,sid_tampered,tampered,unknown,train,aa30952757810706,resize025
1,sid_tampered,tampered,unknown,train,aa30952757810706,crop08
1,sid_tampered,tampered,unknown,train,e159381f75376d17,clean
1,sid_tampered,tampered,unknown,train,e159381f75376d17,jpeg70
1,sid_tampered,tampered,unknown,train,e159381f75376d17,jpeg30
1,sid_tampered,tampered,unknown,train,e159381f75376d17,blur05
1,sid_tampered,tampered,unknown,train,a931aca7b430688f,clean
1,sid_tampered,tampered,unknown,train,a931aca7b430688f,jpeg90
1,sid_tampered,tampered,unknown,train,a931aca7b430688f,blur05
1,sid_tampered,tampered,unknown,train,a931aca7b430688f,noise002
1,sid_tampered,tampered,unknown,train,e220b29580d1bc30,clean
1,sid_tampered,tampered,unknown,train,e220b29580d1bc30,jpeg30
1,sid_tampered,tampered,unknown,train,e220b29580d1bc30,noise005
1,sid_tampered,tampered,unknown,train,e220b29580d1bc30,noise01
1,sid_tampered,tampered,unknown,train,4e03a15f293174c0,clean
1,sid_tampered,tampered,unknown,train,4e03a15f293174c0,jpeg70
1,sid_tampered,tampered,unknown,train,4e03a15f293174c0,blur10
1,sid_tampered,tampered,unknown,train,4e03a15f293174c0,noise005
1,sid_tampered,tampered,unknown,train,65d20fc9a5f5060f,clean
1,sid_tampered,tampered,unknown,train,65d20fc9a5f5060f,blur20
1,sid_tampered,tampered,unknown,train,65d20fc9a5f5060f,resize025
1,sid_tampered,tampered,unknown,train,65d20fc9a5f5060f,noise002
1,sid_tampered,tampered,unknown,train,fbcb8926bee150f5,clean
1,sid_tampered,tampered,unknown,train,fbcb8926bee150f5,blur05
1,sid_tampered,tampered,unknown,train,fbcb8926bee150f5,blur10
1,sid_tampered,tampered,unknown,train,fbcb8926bee150f5,noise005
1,sid_tampered,tampered,unknown,train,f2b9752e860e127f,clean
1,sid_tampered,tampered,unknown,train,f2b9752e860e127f,jpeg70
1,sid_tampered,tampered,unknown,train,f2b9752e860e127f,resize025
1,sid_tampered,tampered,unknown,train,f2b9752e860e127f,noise005
1,sid_tampered,tampered,unknown,train,5b444464fd13ec70,clean
1,sid_tampered,tampered,unknown,train,5b444464fd13ec70,blur20
1,sid_tampered,tampered,unknown,train,5b444464fd13ec70,resize025
1,sid_tampered,tampered,unknown,train,5b444464fd13ec70,noise002
1,sid_tampered,tampered,unknown,train,0a14c00e33e9a052,clean
1,sid_tampered,tampered,unknown,train,0a14c00e33e9a052,jpeg30
1,sid_tampered,tampered,unknown,train,0a14c00e33e9a052,noise005
1,sid_tampered,tampered,unknown,train,0a14c00e33e9a052,jitter02
1,sid_tampered,tampered,unknown,train,226ea36006b35be1,clean
1,sid_tampered,tampered,unknown,train,226ea36006b35be1,blur05
1,sid_tampered,tampered,unknown,train,226ea36006b35be1,resize05
1,sid_tampered,tampered,unknown,train,226ea36006b35be1,resize025
1,sid_tampered,tampered,unknown,train,0a9ebbe93c3cfc34,clean
1,sid_tampered,tampered,unknown,train,0a9ebbe93c3cfc34,jpeg30
1,sid_tampered,tampered,unknown,train,0a9ebbe93c3cfc34,resize025
1,sid_tampered,tampered,unknown,train,0a9ebbe93c3cfc34,jitter02
1,sid_tampered,tampered,unknown,train,22d4252906ee523f,clean
1,sid_tampered,tampered,unknown,train,22d4252906ee523f,blur10
1,sid_tampered,tampered,unknown,train,22d4252906ee523f,resize05
1,sid_tampered,tampered,unknown,train,22d4252906ee523f,noise005
1,sid_tampered,tampered,unknown,train,724a92387cb21185,clean
1,sid_tampered,tampered,unknown,train,724a92387cb21185,blur10
1,sid_tampered,tampered,unknown,train,724a92387cb21185,jitter02
1,sid_tampered,tampered,unknown,train,724a92387cb21185,crop08
1,sid_tampered,tampered,unknown,train,e626282a773468df,clean
1,sid_tampered,tampered,unknown,train,e626282a773468df,jpeg90
1,sid_tampered,tampered,unknown,train,e626282a773468df,blur20
1,sid_tampered,tampered,unknown,train,e626282a773468df,resize025
1,sid_tampered,tampered,unknown,train,e2010e88e9d058c5,clean
1,sid_tampered,tampered,unknown,train,e2010e88e9d058c5,jpeg70
1,sid_tampered,tampered,unknown,train,e2010e88e9d058c5,noise002
1,sid_tampered,tampered,unknown,train,e2010e88e9d058c5,noise005
1,sid_tampered,tampered,unknown,train,efb4e2db5396ea2a,clean
1,sid_tampered,tampered,unknown,train,efb4e2db5396ea2a,jpeg90
1,sid_tampered,tampered,unknown,train,efb4e2db5396ea2a,jpeg50
1,sid_tampered,tampered,unknown,train,efb4e2db5396ea2a,noise01
1,sid_tampered,tampered,unknown,train,a822f42af77b3778,clean
1,sid_tampered,tampered,unknown,train,a822f42af77b3778,noise005
1,sid_tampered,tampered,unknown,train,a822f42af77b3778,noise01
1,sid_tampered,tampered,unknown,train,a822f42af77b3778,jitter02
1,sid_tampered,tampered,unknown,train,fa81a31e8dabf5b4,clean
1,sid_tampered,tampered,unknown,train,fa81a31e8dabf5b4,jpeg50
1,sid_tampered,tampered,unknown,train,fa81a31e8dabf5b4,blur10
1,sid_tampered,tampered,unknown,train,fa81a31e8dabf5b4,noise01
1,sid_tampered,tampered,unknown,train,2a074af1a625075c,clean
1,sid_tampered,tampered,unknown,train,2a074af1a625075c,jpeg30
1,sid_tampered,tampered,unknown,train,2a074af1a625075c,noise002
1,sid_tampered,tampered,unknown,train,2a074af1a625075c,noise01
1,sid_tampered,tampered,unknown,train,331d2d4b485c3b76,clean
1,sid_tampered,tampered,unknown,train,331d2d4b485c3b76,jpeg90
1,sid_tampered,tampered,unknown,train,331d2d4b485c3b76,jpeg70
1,sid_tampered,tampered,unknown,train,331d2d4b485c3b76,resize05
1,sid_tampered,tampered,unknown,train,d7bd5da90c273316,clean
1,sid_tampered,tampered,unknown,train,d7bd5da90c273316,blur10
1,sid_tampered,tampered,unknown,train,d7bd5da90c273316,noise005
1,sid_tampered,tampered,unknown,train,d7bd5da90c273316,crop08
1,sid_tampered,tampered,unknown,train,4718338d36266320,clean
1,sid_tampered,tampered,unknown,train,4718338d36266320,jpeg30
1,sid_tampered,tampered,unknown,train,4718338d36266320,noise005
1,sid_tampered,tampered,unknown,train,4718338d36266320,crop08
1,sid_tampered,tampered,unknown,train,edd80a0c92b594e3,clean
1,sid_tampered,tampered,unknown,train,edd80a0c92b594e3,blur10
1,sid_tampered,tampered,unknown,train,edd80a0c92b594e3,resize05
1,sid_tampered,tampered,unknown,train,edd80a0c92b594e3,noise002
1,sid_tampered,tampered,unknown,train,dedbc9e527701376,clean
1,sid_tampered,tampered,unknown,train,dedbc9e527701376,jpeg50
1,sid_tampered,tampered,unknown,train,dedbc9e527701376,jpeg30
1,sid_tampered,tampered,unknown,train,dedbc9e527701376,crop08
1,sid_tampered,tampered,unknown,train,098262bf54e8917a,clean
1,sid_tampered,tampered,unknown,train,098262bf54e8917a,jpeg90
1,sid_tampered,tampered,unknown,train,098262bf54e8917a,resize05
1,sid_tampered,tampered,unknown,train,098262bf54e8917a,noise005
1,sid_tampered,tampered,unknown,train,19c2eb09b2a23a34,clean
1,sid_tampered,tampered,unknown,train,19c2eb09b2a23a34,jpeg30
1,sid_tampered,tampered,unknown,train,19c2eb09b2a23a34,blur10
1,sid_tampered,tampered,unknown,train,19c2eb09b2a23a34,noise01
1,sid_tampered,tampered,unknown,train,358e6376c4f18893,clean
1,sid_tampered,tampered,unknown,train,358e6376c4f18893,jpeg90
1,sid_tampered,tampered,unknown,train,358e6376c4f18893,jpeg70
1,sid_tampered,tampered,unknown,train,358e6376c4f18893,jpeg30
1,sid_tampered,tampered,unknown,train,18f1a6008127cc51,clean
1,sid_tampered,tampered,unknown,train,18f1a6008127cc51,jpeg70
1,sid_tampered,tampered,unknown,train,18f1a6008127cc51,noise01
1,sid_tampered,tampered,unknown,train,18f1a6008127cc51,jitter02
1,sid_tampered,tampered,unknown,train,e341ce39c12f67a0,clean
1,sid_tampered,tampered,unknown,train,e341ce39c12f67a0,jpeg90
1,sid_tampered,tampered,unknown,train,e341ce39c12f67a0,jpeg50
1,sid_tampered,tampered,unknown,train,e341ce39c12f67a0,jitter02
1,sid_tampered,tampered,unknown,train,0cda75ce5dcc3582,clean
1,sid_tampered,tampered,unknown,train,0cda75ce5dcc3582,jpeg90
1,sid_tampered,tampered,unknown,train,0cda75ce5dcc3582,jpeg30
1,sid_tampered,tampered,unknown,train,0cda75ce5dcc3582,noise005
1,sid_tampered,tampered,unknown,train,b056aa91af6bc84e,clean
1,sid_tampered,tampered,unknown,train,b056aa91af6bc84e,resize025
1,sid_tampered,tampered,unknown,train,b056aa91af6bc84e,noise002
1,sid_tampered,tampered,unknown,train,b056aa91af6bc84e,crop08
1,sid_tampered,tampered,unknown,train,a6926433623f36a7,clean
1,sid_tampered,tampered,unknown,train,a6926433623f36a7,blur10
1,sid_tampered,tampered,unknown,train,a6926433623f36a7,noise002
1,sid_tampered,tampered,unknown,train,a6926433623f36a7,noise005
1,sid_tampered,tampered,unknown,train,5eb811bdabaf9daf,clean
1,sid_tampered,tampered,unknown,train,5eb811bdabaf9daf,resize025
1,sid_tampered,tampered,unknown,train,5eb811bdabaf9daf,noise002
1,sid_tampered,tampered,unknown,train,5eb811bdabaf9daf,jitter02
1,sid_tampered,tampered,unknown,train,ff6b6d05189a4080,clean
1,sid_tampered,tampered,unknown,train,ff6b6d05189a4080,jpeg70
1,sid_tampered,tampered,unknown,train,ff6b6d05189a4080,noise01
1,sid_tampered,tampered,unknown,train,ff6b6d05189a4080,crop08
1,sid_tampered,tampered,unknown,train,22a1c34858051590,clean
1,sid_tampered,tampered,unknown,train,22a1c34858051590,jpeg30
1,sid_tampered,tampered,unknown,train,22a1c34858051590,blur10
1,sid_tampered,tampered,unknown,train,22a1c34858051590,blur20
1,sid_tampered,tampered,unknown,train,08f94b8d3068ec90,clean
1,sid_tampered,tampered,unknown,train,08f94b8d3068ec90,jpeg70
1,sid_tampered,tampered,unknown,train,08f94b8d3068ec90,blur05
1,sid_tampered,tampered,unknown,train,08f94b8d3068ec90,resize025
1,sid_tampered,tampered,unknown,train,54a9a0bbb0a1ca9a,clean
1,sid_tampered,tampered,unknown,train,54a9a0bbb0a1ca9a,jpeg90
1,sid_tampered,tampered,unknown,train,54a9a0bbb0a1ca9a,blur05
1,sid_tampered,tampered,unknown,train,54a9a0bbb0a1ca9a,noise005
1,sid_tampered,tampered,unknown,train,41a2c513dadf89d6,clean
1,sid_tampered,tampered,unknown,train,41a2c513dadf89d6,jpeg70
1,sid_tampered,tampered,unknown,train,41a2c513dadf89d6,blur20
1,sid_tampered,tampered,unknown,train,41a2c513dadf89d6,crop08
1,sid_tampered,tampered,unknown,train,759c7a47a37cdf94,clean
1,sid_tampered,tampered,unknown,train,759c7a47a37cdf94,blur05
1,sid_tampered,tampered,unknown,train,759c7a47a37cdf94,blur20
1,sid_tampered,tampered,unknown,train,759c7a47a37cdf94,noise002
1,sid_tampered,tampered,unknown,train,ab573de5bde65f86,clean
1,sid_tampered,tampered,unknown,train,ab573de5bde65f86,blur10
1,sid_tampered,tampered,unknown,train,ab573de5bde65f86,blur20
1,sid_tampered,tampered,unknown,train,ab573de5bde65f86,jitter02
1,sid_tampered,tampered,unknown,train,92d5cd83b349746c,clean
1,sid_tampered,tampered,unknown,train,92d5cd83b349746c,jpeg50
1,sid_tampered,tampered,unknown,train,92d5cd83b349746c,noise002
1,sid_tampered,tampered,unknown,train,92d5cd83b349746c,jitter02
1,sid_tampered,tampered,unknown,train,62df37d313ee3db2,clean
1,sid_tampered,tampered,unknown,train,62df37d313ee3db2,jpeg50
1,sid_tampered,tampered,unknown,train,62df37d313ee3db2,jpeg30
1,sid_tampered,tampered,unknown,train,62df37d313ee3db2,noise01
1,sid_tampered,tampered,unknown,train,54ccdae663bd423f,clean
1,sid_tampered,tampered,unknown,train,54ccdae663bd423f,jpeg70
1,sid_tampered,tampered,unknown,train,54ccdae663bd423f,blur10
1,sid_tampered,tampered,unknown,train,54ccdae663bd423f,noise002
1,sid_tampered,tampered,unknown,train,2b147b302394a3c3,clean
1,sid_tampered,tampered,unknown,train,2b147b302394a3c3,jpeg70
1,sid_tampered,tampered,unknown,train,2b147b302394a3c3,noise002
1,sid_tampered,tampered,unknown,train,2b147b302394a3c3,crop08
1,sid_tampered,tampered,unknown,train,b24e4fbf7eb8d059,clean
1,sid_tampered,tampered,unknown,train,b24e4fbf7eb8d059,jpeg50
1,sid_tampered,tampered,unknown,train,b24e4fbf7eb8d059,jpeg30
1,sid_tampered,tampered,unknown,train,b24e4fbf7eb8d059,resize025
1,sid_tampered,tampered,unknown,train,155aacbb59ff6b33,clean
1,sid_tampered,tampered,unknown,train,155aacbb59ff6b33,resize05
1,sid_tampered,tampered,unknown,train,155aacbb59ff6b33,noise005
1,sid_tampered,tampered,unknown,train,155aacbb59ff6b33,jitter02
1,sid_tampered,tampered,unknown,train,f6b54b4f36a97297,clean
1,sid_tampered,tampered,unknown,train,f6b54b4f36a97297,jpeg90
1,sid_tampered,tampered,unknown,train,f6b54b4f36a97297,blur10
1,sid_tampered,tampered,unknown,train,f6b54b4f36a97297,noise002
1,sid_tampered,tampered,unknown,train,d2b872dfceb5674b,clean
1,sid_tampered,tampered,unknown,train,d2b872dfceb5674b,jpeg50
1,sid_tampered,tampered,unknown,train,d2b872dfceb5674b,resize05
1,sid_tampered,tampered,unknown,train,d2b872dfceb5674b,jitter02
1,sid_tampered,tampered,unknown,train,cd12a808dc40ee66,clean
1,sid_tampered,tampered,unknown,train,cd12a808dc40ee66,jpeg70
1,sid_tampered,tampered,unknown,train,cd12a808dc40ee66,blur10
1,sid_tampered,tampered,unknown,train,cd12a808dc40ee66,crop08
1,sid_tampered,tampered,unknown,train,7528fa4940c4840b,clean
1,sid_tampered,tampered,unknown,train,7528fa4940c4840b,blur20
1,sid_tampered,tampered,unknown,train,7528fa4940c4840b,jitter02
1,sid_tampered,tampered,unknown,train,7528fa4940c4840b,crop08
1,sid_tampered,tampered,unknown,train,04c9cf0fb5b5b0a5,clean
1,sid_tampered,tampered,unknown,train,04c9cf0fb5b5b0a5,jpeg90
1,sid_tampered,tampered,unknown,train,04c9cf0fb5b5b0a5,jpeg30
1,sid_tampered,tampered,unknown,train,04c9cf0fb5b5b0a5,noise005
1,sid_tampered,tampered,unknown,train,fdbc0b6094e3eac4,clean
1,sid_tampered,tampered,unknown,train,fdbc0b6094e3eac4,jpeg70
1,sid_tampered,tampered,unknown,train,fdbc0b6094e3eac4,noise01
1,sid_tampered,tampered,unknown,train,fdbc0b6094e3eac4,jitter02
1,sid_tampered,tampered,unknown,train,176ad074898168ad,clean
1,sid_tampered,tampered,unknown,train,176ad074898168ad,jpeg50
1,sid_tampered,tampered,unknown,train,176ad074898168ad,resize025
1,sid_tampered,tampered,unknown,train,176ad074898168ad,crop08
1,sid_tampered,tampered,unknown,train,f7932c39690417f3,clean
1,sid_tampered,tampered,unknown,train,f7932c39690417f3,jpeg90
1,sid_tampered,tampered,unknown,train,f7932c39690417f3,blur20
1,sid_tampered,tampered,unknown,train,f7932c39690417f3,noise005
1,sid_tampered,tampered,unknown,train,b528acdd74ed6721,clean
1,sid_tampered,tampered,unknown,train,b528acdd74ed6721,jpeg70
1,sid_tampered,tampered,unknown,train,b528acdd74ed6721,blur05
1,sid_tampered,tampered,unknown,train,b528acdd74ed6721,noise01
1,sid_tampered,tampered,unknown,train,0981f05ec001bf4f,clean
1,sid_tampered,tampered,unknown,train,0981f05ec001bf4f,jpeg90
1,sid_tampered,tampered,unknown,train,0981f05ec001bf4f,jpeg30
1,sid_tampered,tampered,unknown,train,0981f05ec001bf4f,noise002
1,sid_tampered,tampered,unknown,train,f490e49d48a9aca5,clean
1,sid_tampered,tampered,unknown,train,f490e49d48a9aca5,jpeg90
1,sid_tampered,tampered,unknown,train,f490e49d48a9aca5,jpeg70
1,sid_tampered,tampered,unknown,train,f490e49d48a9aca5,blur05
1,sid_tampered,tampered,unknown,train,1ead7eb98bd5e4a5,clean
1,sid_tampered,tampered,unknown,train,1ead7eb98bd5e4a5,resize05
1,sid_tampered,tampered,unknown,train,1ead7eb98bd5e4a5,noise005
1,sid_tampered,tampered,unknown,train,1ead7eb98bd5e4a5,noise01
1,sid_tampered,tampered,unknown,train,701643f9f51a37bb,clean
1,sid_tampered,tampered,unknown,train,701643f9f51a37bb,jpeg30
1,sid_tampered,tampered,unknown,train,701643f9f51a37bb,resize05
1,sid_tampered,tampered,unknown,train,701643f9f51a37bb,noise005
1,sid_tampered,tampered,unknown,train,3de090e85904ca10,clean
1,sid_tampered,tampered,unknown,train,3de090e85904ca10,blur05
1,sid_tampered,tampered,unknown,train,3de090e85904ca10,noise005
1,sid_tampered,tampered,unknown,train,3de090e85904ca10,jitter02
1,sid_tampered,tampered,unknown,train,93395acd7df3026d,clean
1,sid_tampered,tampered,unknown,train,93395acd7df3026d,blur05
1,sid_tampered,tampered,unknown,train,93395acd7df3026d,resize05
1,sid_tampered,tampered,unknown,train,93395acd7df3026d,resize025
1,sid_tampered,tampered,unknown,train,fd5626d0c9f4a9b6,clean
1,sid_tampered,tampered,unknown,train,fd5626d0c9f4a9b6,jpeg90
1,sid_tampered,tampered,unknown,train,fd5626d0c9f4a9b6,blur20
1,sid_tampered,tampered,unknown,train,fd5626d0c9f4a9b6,noise005
1,sid_tampered,tampered,unknown,train,9ab185a77ba7ec9c,clean
1,sid_tampered,tampered,unknown,train,9ab185a77ba7ec9c,jpeg50
1,sid_tampered,tampered,unknown,train,9ab185a77ba7ec9c,jpeg30
1,sid_tampered,tampered,unknown,train,9ab185a77ba7ec9c,noise005
1,sid_tampered,tampered,unknown,train,2363e5c524382643,clean
1,sid_tampered,tampered,unknown,train,2363e5c524382643,jpeg90
1,sid_tampered,tampered,unknown,train,2363e5c524382643,blur10
1,sid_tampered,tampered,unknown,train,2363e5c524382643,crop08
1,sid_tampered,tampered,unknown,train,9236c9396c75f095,clean
1,sid_tampered,tampered,unknown,train,9236c9396c75f095,blur20
1,sid_tampered,tampered,unknown,train,9236c9396c75f095,resize05
1,sid_tampered,tampered,unknown,train,9236c9396c75f095,noise005
1,sid_tampered,tampered,unknown,train,9be840a32c5feae7,clean
1,sid_tampered,tampered,unknown,train,9be840a32c5feae7,noise005
1,sid_tampered,tampered,unknown,train,9be840a32c5feae7,noise01
1,sid_tampered,tampered,unknown,train,9be840a32c5feae7,jitter02
1,sid_tampered,tampered,unknown,train,6b838764a63da717,clean
1,sid_tampered,tampered,unknown,train,6b838764a63da717,blur10
1,sid_tampered,tampered,unknown,train,6b838764a63da717,resize05
1,sid_tampered,tampered,unknown,train,6b838764a63da717,noise01
1,sid_tampered,tampered,unknown,train,e6489996543e9f74,clean
1,sid_tampered,tampered,unknown,train,e6489996543e9f74,jpeg90
1,sid_tampered,tampered,unknown,train,e6489996543e9f74,jpeg50
1,sid_tampered,tampered,unknown,train,e6489996543e9f74,jitter02
1,sid_tampered,tampered,unknown,train,69f0f776233ff9a3,clean
1,sid_tampered,tampered,unknown,train,69f0f776233ff9a3,blur10
1,sid_tampered,tampered,unknown,train,69f0f776233ff9a3,noise005
1,sid_tampered,tampered,unknown,train,69f0f776233ff9a3,crop08
1,sid_tampered,tampered,unknown,train,35763b2fbfac2581,clean
1,sid_tampered,tampered,unknown,train,35763b2fbfac2581,jpeg70
1,sid_tampered,tampered,unknown,train,35763b2fbfac2581,noise002
1,sid_tampered,tampered,unknown,train,35763b2fbfac2581,crop08
1,sid_tampered,tampered,unknown,train,a786dbcc4382369e,clean
1,sid_tampered,tampered,unknown,train,a786dbcc4382369e,jpeg70
1,sid_tampered,tampered,unknown,train,a786dbcc4382369e,blur20
1,sid_tampered,tampered,unknown,train,a786dbcc4382369e,resize025
1,sid_tampered,tampered,unknown,train,907f9638d2e51e06,clean
1,sid_tampered,tampered,unknown,train,907f9638d2e51e06,jpeg50
1,sid_tampered,tampered,unknown,train,907f9638d2e51e06,resize05
1,sid_tampered,tampered,unknown,train,907f9638d2e51e06,resize025
1,sid_tampered,tampered,unknown,train,55b6bd9f05080255,clean
1,sid_tampered,tampered,unknown,train,55b6bd9f05080255,jpeg50
1,sid_tampered,tampered,unknown,train,55b6bd9f05080255,blur10
1,sid_tampered,tampered,unknown,train,55b6bd9f05080255,crop08
1,sid_tampered,tampered,unknown,train,08daf11b4997417e,clean
1,sid_tampered,tampered,unknown,train,08daf11b4997417e,jpeg50
1,sid_tampered,tampered,unknown,train,08daf11b4997417e,blur20
1,sid_tampered,tampered,unknown,train,08daf11b4997417e,resize025
1,sid_tampered,tampered,unknown,train,ee80dd0c2a0dd413,clean
1,sid_tampered,tampered,unknown,train,ee80dd0c2a0dd413,jpeg30
1,sid_tampered,tampered,unknown,train,ee80dd0c2a0dd413,blur10
1,sid_tampered,tampered,unknown,train,ee80dd0c2a0dd413,resize05
1,sid_tampered,tampered,unknown,train,26c219752c6c8943,clean
1,sid_tampered,tampered,unknown,train,26c219752c6c8943,blur05
1,sid_tampered,tampered,unknown,train,26c219752c6c8943,blur20
1,sid_tampered,tampered,unknown,train,26c219752c6c8943,crop08
1,sid_tampered,tampered,unknown,train,e17d4b42a8121edc,clean
1,sid_tampered,tampered,unknown,train,e17d4b42a8121edc,jpeg70
1,sid_tampered,tampered,unknown,train,e17d4b42a8121edc,jpeg50
1,sid_tampered,tampered,unknown,train,e17d4b42a8121edc,blur20
1,sid_tampered,tampered,unknown,train,fbb5d717844c97cd,clean
1,sid_tampered,tampered,unknown,train,fbb5d717844c97cd,jpeg30
1,sid_tampered,tampered,unknown,train,fbb5d717844c97cd,resize05
1,sid_tampered,tampered,unknown,train,fbb5d717844c97cd,resize025
1,sid_tampered,tampered,unknown,train,d4a24dc5904f85cf,clean
1,sid_tampered,tampered,unknown,train,d4a24dc5904f85cf,jpeg70
1,sid_tampered,tampered,unknown,train,d4a24dc5904f85cf,jpeg30
1,sid_tampered,tampered,unknown,train,d4a24dc5904f85cf,noise005
1,sid_tampered,tampered,unknown,train,15c4914e300233ab,clean
1,sid_tampered,tampered,unknown,train,15c4914e300233ab,resize05
1,sid_tampered,tampered,unknown,train,15c4914e300233ab,resize025
1,sid_tampered,tampered,unknown,train,15c4914e300233ab,noise002
1,sid_tampered,tampered,unknown,train,c56bb5b86a62b6e2,clean
1,sid_tampered,tampered,unknown,train,c56bb5b86a62b6e2,resize025
1,sid_tampered,tampered,unknown,train,c56bb5b86a62b6e2,jitter02
1,sid_tampered,tampered,unknown,train,c56bb5b86a62b6e2,crop08
1,sid_tampered,tampered,unknown,train,f42291746e96ea09,clean
1,sid_tampered,tampered,unknown,train,f42291746e96ea09,blur10
1,sid_tampered,tampered,unknown,train,f42291746e96ea09,resize05
1,sid_tampered,tampered,unknown,train,f42291746e96ea09,noise01
1,sid_tampered,tampered,unknown,train,108583764449971a,clean
1,sid_tampered,tampered,unknown,train,108583764449971a,jpeg30
1,sid_tampered,tampered,unknown,train,108583764449971a,blur05
1,sid_tampered,tampered,unknown,train,108583764449971a,noise002
1,sid_tampered,tampered,unknown,train,30282d6224bde787,clean
1,sid_tampered,tampered,unknown,train,30282d6224bde787,blur10
1,sid_tampered,tampered,unknown,train,30282d6224bde787,resize025
1,sid_tampered,tampered,unknown,train,30282d6224bde787,jitter02
1,sid_tampered,tampered,unknown,train,9d04c67c759be852,clean
1,sid_tampered,tampered,unknown,train,9d04c67c759be852,blur05
1,sid_tampered,tampered,unknown,train,9d04c67c759be852,blur10
1,sid_tampered,tampered,unknown,train,9d04c67c759be852,noise005
1,sid_tampered,tampered,unknown,train,30473487b058578a,clean
1,sid_tampered,tampered,unknown,train,30473487b058578a,jpeg90
1,sid_tampered,tampered,unknown,train,30473487b058578a,resize025
1,sid_tampered,tampered,unknown,train,30473487b058578a,jitter02
1,sid_tampered,tampered,unknown,train,c609fbd6ce4fedbe,clean
1,sid_tampered,tampered,unknown,train,c609fbd6ce4fedbe,jpeg70
1,sid_tampered,tampered,unknown,train,c609fbd6ce4fedbe,blur20
1,sid_tampered,tampered,unknown,train,c609fbd6ce4fedbe,resize05
1,sid_tampered,tampered,unknown,train,637d7cdb9071f7cc,clean
1,sid_tampered,tampered,unknown,train,637d7cdb9071f7cc,jpeg30
1,sid_tampered,tampered,unknown,train,637d7cdb9071f7cc,blur05
1,sid_tampered,tampered,unknown,train,637d7cdb9071f7cc,blur10
1,sid_tampered,tampered,unknown,train,1daffa5f9a6e9cc6,clean
1,sid_tampered,tampered,unknown,train,1daffa5f9a6e9cc6,jpeg90
1,sid_tampered,tampered,unknown,train,1daffa5f9a6e9cc6,blur20
1,sid_tampered,tampered,unknown,train,1daffa5f9a6e9cc6,resize05
1,sid_tampered,tampered,unknown,train,fa9c06259c7ddee1,clean
1,sid_tampered,tampered,unknown,train,fa9c06259c7ddee1,jpeg70
1,sid_tampered,tampered,unknown,train,fa9c06259c7ddee1,resize025
1,sid_tampered,tampered,unknown,train,fa9c06259c7ddee1,noise002
1,sid_tampered,tampered,unknown,train,be06ab5a262be375,clean
1,sid_tampered,tampered,unknown,train,be06ab5a262be375,jpeg70
1,sid_tampered,tampered,unknown,train,be06ab5a262be375,noise002
1,sid_tampered,tampered,unknown,train,be06ab5a262be375,crop08
1,sid_tampered,tampered,unknown,train,8a03756238c91bed,clean
1,sid_tampered,tampered,unknown,train,8a03756238c91bed,blur05
1,sid_tampered,tampered,unknown,train,8a03756238c91bed,noise002
1,sid_tampered,tampered,unknown,train,8a03756238c91bed,jitter02
1,sid_tampered,tampered,unknown,train,99d6fae79568572d,clean
1,sid_tampered,tampered,unknown,train,99d6fae79568572d,jpeg70
1,sid_tampered,tampered,unknown,train,99d6fae79568572d,blur05
1,sid_tampered,tampered,unknown,train,99d6fae79568572d,blur10
1,sid_tampered,tampered,unknown,train,a877cdbc24bc850b,clean
1,sid_tampered,tampered,unknown,train,a877cdbc24bc850b,jpeg70
1,sid_tampered,tampered,unknown,train,a877cdbc24bc850b,noise002
1,sid_tampered,tampered,unknown,train,a877cdbc24bc850b,crop08
1,sid_tampered,tampered,unknown,train,be2d3ad68ee4e76a,clean
1,sid_tampered,tampered,unknown,train,be2d3ad68ee4e76a,jpeg50
1,sid_tampered,tampered,unknown,train,be2d3ad68ee4e76a,noise005
1,sid_tampered,tampered,unknown,train,be2d3ad68ee4e76a,noise01
1,sid_tampered,tampered,unknown,train,f61953d8f2d75efa,clean
1,sid_tampered,tampered,unknown,train,f61953d8f2d75efa,blur10
1,sid_tampered,tampered,unknown,train,f61953d8f2d75efa,noise002
1,sid_tampered,tampered,unknown,train,f61953d8f2d75efa,noise01
1,sid_tampered,tampered,unknown,train,73004c23e50d2ef9,clean
1,sid_tampered,tampered,unknown,train,73004c23e50d2ef9,blur20
1,sid_tampered,tampered,unknown,train,73004c23e50d2ef9,resize05
1,sid_tampered,tampered,unknown,train,73004c23e50d2ef9,jitter02
1,sid_tampered,tampered,unknown,train,6284f7a50a663cbd,clean
1,sid_tampered,tampered,unknown,train,6284f7a50a663cbd,noise002
1,sid_tampered,tampered,unknown,train,6284f7a50a663cbd,noise01
1,sid_tampered,tampered,unknown,train,6284f7a50a663cbd,jitter02
1,sid_tampered,tampered,unknown,train,8551cf99cb30868e,clean
1,sid_tampered,tampered,unknown,train,8551cf99cb30868e,jpeg90
1,sid_tampered,tampered,unknown,train,8551cf99cb30868e,resize025
1,sid_tampered,tampered,unknown,train,8551cf99cb30868e,noise005
1,sid_tampered,tampered,unknown,train,a1dcad47add0d5be,clean
1,sid_tampered,tampered,unknown,train,a1dcad47add0d5be,jpeg50
1,sid_tampered,tampered,unknown,train,a1dcad47add0d5be,blur10
1,sid_tampered,tampered,unknown,train,a1dcad47add0d5be,noise002
1,sid_tampered,tampered,unknown,train,afb35ad75bdd8f6f,clean
1,sid_tampered,tampered,unknown,train,afb35ad75bdd8f6f,blur10
1,sid_tampered,tampered,unknown,train,afb35ad75bdd8f6f,noise002
1,sid_tampered,tampered,unknown,train,afb35ad75bdd8f6f,crop08
1,sid_tampered,tampered,unknown,train,971f7cccadb94978,clean
1,sid_tampered,tampered,unknown,train,971f7cccadb94978,jpeg30
1,sid_tampered,tampered,unknown,train,971f7cccadb94978,noise005
1,sid_tampered,tampered,unknown,train,971f7cccadb94978,noise01
1,sid_tampered,tampered,unknown,train,5f51234c7dfbae81,clean
1,sid_tampered,tampered,unknown,train,5f51234c7dfbae81,blur10
1,sid_tampered,tampered,unknown,train,5f51234c7dfbae81,noise002
1,sid_tampered,tampered,unknown,train,5f51234c7dfbae81,crop08
1,sid_tampered,tampered,unknown,train,2b820b675924da13,clean
1,sid_tampered,tampered,unknown,train,2b820b675924da13,blur05
1,sid_tampered,tampered,unknown,train,2b820b675924da13,noise002
1,sid_tampered,tampered,unknown,train,2b820b675924da13,noise005
1,sid_tampered,tampered,unknown,train,1c1b8f147b0a440d,clean
1,sid_tampered,tampered,unknown,train,1c1b8f147b0a440d,jpeg70
1,sid_tampered,tampered,unknown,train,1c1b8f147b0a440d,jpeg30
1,sid_tampered,tampered,unknown,train,1c1b8f147b0a440d,resize025
1,sid_tampered,tampered,unknown,train,9aed1f5c78191ca6,clean
1,sid_tampered,tampered,unknown,train,9aed1f5c78191ca6,jpeg90
1,sid_tampered,tampered,unknown,train,9aed1f5c78191ca6,blur20
1,sid_tampered,tampered,unknown,train,9aed1f5c78191ca6,crop08
1,sid_tampered,tampered,unknown,train,4e16d3ff519d9ea8,clean
1,sid_tampered,tampered,unknown,train,4e16d3ff519d9ea8,jpeg70
1,sid_tampered,tampered,unknown,train,4e16d3ff519d9ea8,blur10
1,sid_tampered,tampered,unknown,train,4e16d3ff519d9ea8,noise01
1,sid_tampered,tampered,unknown,train,93d703b54df735ca,clean
1,sid_tampered,tampered,unknown,train,93d703b54df735ca,jpeg50
1,sid_tampered,tampered,unknown,train,93d703b54df735ca,blur10
1,sid_tampered,tampered,unknown,train,93d703b54df735ca,blur20
1,sid_tampered,tampered,unknown,train,38a8462ebc5f4cb7,clean
1,sid_tampered,tampered,unknown,train,38a8462ebc5f4cb7,jpeg30
1,sid_tampered,tampered,unknown,train,38a8462ebc5f4cb7,noise01
1,sid_tampered,tampered,unknown,train,38a8462ebc5f4cb7,crop08
1,sid_tampered,tampered,unknown,train,7da9fce49e096afa,clean
1,sid_tampered,tampered,unknown,train,7da9fce49e096afa,blur20
1,sid_tampered,tampered,unknown,train,7da9fce49e096afa,resize025
1,sid_tampered,tampered,unknown,train,7da9fce49e096afa,noise002
1,sid_tampered,tampered,unknown,train,0b7cefbcb64bf355,clean
1,sid_tampered,tampered,unknown,train,0b7cefbcb64bf355,jpeg30
1,sid_tampered,tampered,unknown,train,0b7cefbcb64bf355,blur20
1,sid_tampered,tampered,unknown,train,0b7cefbcb64bf355,resize05
1,sid_tampered,tampered,unknown,train,00a1fd83ca621cb3,clean
1,sid_tampered,tampered,unknown,train,00a1fd83ca621cb3,resize05
1,sid_tampered,tampered,unknown,train,00a1fd83ca621cb3,noise002
1,sid_tampered,tampered,unknown,train,00a1fd83ca621cb3,jitter02
1,sid_tampered,tampered,unknown,train,a5660f2081fb6458,clean
1,sid_tampered,tampered,unknown,train,a5660f2081fb6458,jpeg50
1,sid_tampered,tampered,unknown,train,a5660f2081fb6458,noise002
1,sid_tampered,tampered,unknown,train,a5660f2081fb6458,crop08
1,sid_tampered,tampered,unknown,train,c8016016ec83a65b,clean
1,sid_tampered,tampered,unknown,train,c8016016ec83a65b,jpeg50
1,sid_tampered,tampered,unknown,train,c8016016ec83a65b,resize05
1,sid_tampered,tampered,unknown,train,c8016016ec83a65b,resize025
1,sid_tampered,tampered,unknown,train,1bbf2fb68bdd9725,clean
1,sid_tampered,tampered,unknown,train,1bbf2fb68bdd9725,jpeg30
1,sid_tampered,tampered,unknown,train,1bbf2fb68bdd9725,resize05
1,sid_tampered,tampered,unknown,train,1bbf2fb68bdd9725,resize025
1,sid_tampered,tampered,unknown,train,ef8660877514d263,clean
1,sid_tampered,tampered,unknown,train,ef8660877514d263,jpeg70
1,sid_tampered,tampered,unknown,train,ef8660877514d263,jpeg30
1,sid_tampered,tampered,unknown,train,ef8660877514d263,resize05
1,sid_tampered,tampered,unknown,train,c174ad0083bc2b76,clean
1,sid_tampered,tampered,unknown,train,c174ad0083bc2b76,jpeg30
1,sid_tampered,tampered,unknown,train,c174ad0083bc2b76,noise002
1,sid_tampered,tampered,unknown,train,c174ad0083bc2b76,jitter02
1,sid_tampered,tampered,unknown,train,d45a9ff2ecdc986a,clean
1,sid_tampered,tampered,unknown,train,d45a9ff2ecdc986a,jpeg90
1,sid_tampered,tampered,unknown,train,d45a9ff2ecdc986a,jpeg50
1,sid_tampered,tampered,unknown,train,d45a9ff2ecdc986a,noise005
1,sid_tampered,tampered,unknown,train,bb516f17b07e9c5c,clean
1,sid_tampered,tampered,unknown,train,bb516f17b07e9c5c,blur10
1,sid_tampered,tampered,unknown,train,bb516f17b07e9c5c,noise002
1,sid_tampered,tampered,unknown,train,bb516f17b07e9c5c,noise01
1,sid_tampered,tampered,unknown,train,179fc91f6a8cfe90,clean
1,sid_tampered,tampered,unknown,train,179fc91f6a8cfe90,jpeg90
1,sid_tampered,tampered,unknown,train,179fc91f6a8cfe90,jpeg50
1,sid_tampered,tampered,unknown,train,179fc91f6a8cfe90,jitter02
1,sid_tampered,tampered,unknown,train,79d09cf2717bd61d,clean
1,sid_tampered,tampered,unknown,train,79d09cf2717bd61d,jpeg50
1,sid_tampered,tampered,unknown,train,79d09cf2717bd61d,jpeg30
1,sid_tampered,tampered,unknown,train,79d09cf2717bd61d,blur05
1,sid_tampered,tampered,unknown,train,c3e786ed587211af,clean
1,sid_tampered,tampered,unknown,train,c3e786ed587211af,blur10
1,sid_tampered,tampered,unknown,train,c3e786ed587211af,noise005
1,sid_tampered,tampered,unknown,train,c3e786ed587211af,jitter02
1,sid_tampered,tampered,unknown,train,1de041ace0e44daa,clean
1,sid_tampered,tampered,unknown,train,1de041ace0e44daa,jpeg50
1,sid_tampered,tampered,unknown,train,1de041ace0e44daa,jitter02
1,sid_tampered,tampered,unknown,train,1de041ace0e44daa,crop08
1,sid_tampered,tampered,unknown,train,302afaabea0f4d5d,clean
1,sid_tampered,tampered,unknown,train,302afaabea0f4d5d,jpeg90
1,sid_tampered,tampered,unknown,train,302afaabea0f4d5d,resize025
1,sid_tampered,tampered,unknown,train,302afaabea0f4d5d,crop08
1,sid_tampered,tampered,unknown,train,3587199a8e078587,clean
1,sid_tampered,tampered,unknown,train,3587199a8e078587,blur10
1,sid_tampered,tampered,unknown,train,3587199a8e078587,blur20
1,sid_tampered,tampered,unknown,train,3587199a8e078587,resize025
1,sid_tampered,tampered,unknown,train,af720f51a2e91f13,clean
1,sid_tampered,tampered,unknown,train,af720f51a2e91f13,blur20
1,sid_tampered,tampered,unknown,train,af720f51a2e91f13,noise005
1,sid_tampered,tampered,unknown,train,af720f51a2e91f13,noise01
1,sid_tampered,tampered,unknown,train,76b7673052a5493d,clean
1,sid_tampered,tampered,unknown,train,76b7673052a5493d,jpeg30
1,sid_tampered,tampered,unknown,train,76b7673052a5493d,blur20
1,sid_tampered,tampered,unknown,train,76b7673052a5493d,noise01
1,sid_tampered,tampered,unknown,train,22116bc6214a4723,clean
1,sid_tampered,tampered,unknown,train,22116bc6214a4723,resize025
1,sid_tampered,tampered,unknown,train,22116bc6214a4723,noise005
1,sid_tampered,tampered,unknown,train,22116bc6214a4723,crop08
1,sid_tampered,tampered,unknown,train,6fb89fc39dbb92a8,clean
1,sid_tampered,tampered,unknown,train,6fb89fc39dbb92a8,jpeg90
1,sid_tampered,tampered,unknown,train,6fb89fc39dbb92a8,jpeg30
1,sid_tampered,tampered,unknown,train,6fb89fc39dbb92a8,noise005
1,sid_tampered,tampered,unknown,train,de734c71ad958421,clean
1,sid_tampered,tampered,unknown,train,de734c71ad958421,blur20
1,sid_tampered,tampered,unknown,train,de734c71ad958421,noise005
1,sid_tampered,tampered,unknown,train,de734c71ad958421,jitter02
1,sid_tampered,tampered,unknown,train,4da7230411781620,clean
1,sid_tampered,tampered,unknown,train,4da7230411781620,blur05
1,sid_tampered,tampered,unknown,train,4da7230411781620,resize025
1,sid_tampered,tampered,unknown,train,4da7230411781620,noise005
1,sid_tampered,tampered,unknown,train,382e53ac48bb6049,clean
1,sid_tampered,tampered,unknown,train,382e53ac48bb6049,jpeg70
1,sid_tampered,tampered,unknown,train,382e53ac48bb6049,jpeg30
1,sid_tampered,tampered,unknown,train,382e53ac48bb6049,resize025
1,sid_tampered,tampered,unknown,train,d1852de55640248e,clean
1,sid_tampered,tampered,unknown,train,d1852de55640248e,blur20
1,sid_tampered,tampered,unknown,train,d1852de55640248e,resize05
1,sid_tampered,tampered,unknown,train,d1852de55640248e,noise005
1,sid_tampered,tampered,unknown,train,70aac67d8f8c8707,clean
1,sid_tampered,tampered,unknown,train,70aac67d8f8c8707,jpeg70
1,sid_tampered,tampered,unknown,train,70aac67d8f8c8707,jpeg30
1,sid_tampered,tampered,unknown,train,70aac67d8f8c8707,noise01
1,sid_tampered,tampered,unknown,train,198c50b05f580ef5,clean
1,sid_tampered,tampered,unknown,train,198c50b05f580ef5,resize05
1,sid_tampered,tampered,unknown,train,198c50b05f580ef5,resize025
1,sid_tampered,tampered,unknown,train,198c50b05f580ef5,crop08
1,sid_tampered,tampered,unknown,train,614b4ff5aa5a36f4,clean
1,sid_tampered,tampered,unknown,train,614b4ff5aa5a36f4,jpeg90
1,sid_tampered,tampered,unknown,train,614b4ff5aa5a36f4,blur10
1,sid_tampered,tampered,unknown,train,614b4ff5aa5a36f4,noise002
1,sid_tampered,tampered,unknown,train,00c7b58275758089,clean
1,sid_tampered,tampered,unknown,train,00c7b58275758089,blur05
1,sid_tampered,tampered,unknown,train,00c7b58275758089,noise005
1,sid_tampered,tampered,unknown,train,00c7b58275758089,crop08
1,sid_tampered,tampered,unknown,train,b7c327ad22929d0d,clean
1,sid_tampered,tampered,unknown,train,b7c327ad22929d0d,jpeg70
1,sid_tampered,tampered,unknown,train,b7c327ad22929d0d,resize025
1,sid_tampered,tampered,unknown,train,b7c327ad22929d0d,jitter02
1,sid_tampered,tampered,unknown,train,8c1f63d070a11445,clean
1,sid_tampered,tampered,unknown,train,8c1f63d070a11445,blur10
1,sid_tampered,tampered,unknown,train,8c1f63d070a11445,blur20
1,sid_tampered,tampered,unknown,train,8c1f63d070a11445,noise005
1,sid_tampered,tampered,unknown,train,aa78099e57449c48,clean
1,sid_tampered,tampered,unknown,train,aa78099e57449c48,blur20
1,sid_tampered,tampered,unknown,train,aa78099e57449c48,resize025
1,sid_tampered,tampered,unknown,train,aa78099e57449c48,noise005
1,sid_tampered,tampered,unknown,train,1d4ee3450db052a2,clean
1,sid_tampered,tampered,unknown,train,1d4ee3450db052a2,resize05
1,sid_tampered,tampered,unknown,train,1d4ee3450db052a2,resize025
1,sid_tampered,tampered,unknown,train,1d4ee3450db052a2,noise002
1,sid_tampered,tampered,unknown,train,25546cff2e5eb12f,clean
1,sid_tampered,tampered,unknown,train,25546cff2e5eb12f,jpeg50
1,sid_tampered,tampered,unknown,train,25546cff2e5eb12f,resize025
1,sid_tampered,tampered,unknown,train,25546cff2e5eb12f,noise005
1,sid_tampered,tampered,unknown,train,9676e92a1804be20,clean
1,sid_tampered,tampered,unknown,train,9676e92a1804be20,jpeg50
1,sid_tampered,tampered,unknown,train,9676e92a1804be20,jpeg30
1,sid_tampered,tampered,unknown,train,9676e92a1804be20,noise002
1,sid_tampered,tampered,unknown,train,a05727b9a1822864,clean
1,sid_tampered,tampered,unknown,train,a05727b9a1822864,jpeg50
1,sid_tampered,tampered,unknown,train,a05727b9a1822864,resize05
1,sid_tampered,tampered,unknown,train,a05727b9a1822864,resize025
1,sid_tampered,tampered,unknown,train,ee8572f4ca09d7bc,clean
1,sid_tampered,tampered,unknown,train,ee8572f4ca09d7bc,jpeg30
1,sid_tampered,tampered,unknown,train,ee8572f4ca09d7bc,blur10
1,sid_tampered,tampered,unknown,train,ee8572f4ca09d7bc,noise01
1,sid_tampered,tampered,unknown,train,fe1205dc46c099ec,clean
1,sid_tampered,tampered,unknown,train,fe1205dc46c099ec,jpeg50
1,sid_tampered,tampered,unknown,train,fe1205dc46c099ec,blur20
1,sid_tampered,tampered,unknown,train,fe1205dc46c099ec,crop08
1,sid_tampered,tampered,unknown,train,c08c07db00d3ea6d,clean
1,sid_tampered,tampered,unknown,train,c08c07db00d3ea6d,jpeg90
1,sid_tampered,tampered,unknown,train,c08c07db00d3ea6d,blur20
1,sid_tampered,tampered,unknown,train,c08c07db00d3ea6d,noise01
1,sid_tampered,tampered,unknown,train,7ca578594547f7af,clean
1,sid_tampered,tampered,unknown,train,7ca578594547f7af,jpeg70
1,sid_tampered,tampered,unknown,train,7ca578594547f7af,jpeg50
1,sid_tampered,tampered,unknown,train,7ca578594547f7af,noise002
1,sid_tampered,tampered,unknown,train,475acfa3e9cacc0b,clean
1,sid_tampered,tampered,unknown,train,475acfa3e9cacc0b,jpeg30
1,sid_tampered,tampered,unknown,train,475acfa3e9cacc0b,blur20
1,sid_tampered,tampered,unknown,train,475acfa3e9cacc0b,resize025
1,sid_tampered,tampered,unknown,train,9b346c045b288786,clean
1,sid_tampered,tampered,unknown,train,9b346c045b288786,jpeg50
1,sid_tampered,tampered,unknown,train,9b346c045b288786,blur10
1,sid_tampered,tampered,unknown,train,9b346c045b288786,noise01
1,sid_tampered,tampered,unknown,train,1858bc474913bf35,clean
1,sid_tampered,tampered,unknown,train,1858bc474913bf35,jpeg30
1,sid_tampered,tampered,unknown,train,1858bc474913bf35,blur20
1,sid_tampered,tampered,unknown,train,1858bc474913bf35,resize05
1,sid_tampered,tampered,unknown,train,376d5c8d3e8ba7d5,clean
1,sid_tampered,tampered,unknown,train,376d5c8d3e8ba7d5,jpeg70
1,sid_tampered,tampered,unknown,train,376d5c8d3e8ba7d5,resize05
1,sid_tampered,tampered,unknown,train,376d5c8d3e8ba7d5,crop08
1,sid_tampered,tampered,unknown,train,27f228f275bba3ef,clean
1,sid_tampered,tampered,unknown,train,27f228f275bba3ef,jpeg90
1,sid_tampered,tampered,unknown,train,27f228f275bba3ef,blur05
1,sid_tampered,tampered,unknown,train,27f228f275bba3ef,crop08
1,sid_tampered,tampered,unknown,train,42da1d64e95a8b08,clean
1,sid_tampered,tampered,unknown,train,42da1d64e95a8b08,blur10
1,sid_tampered,tampered,unknown,train,42da1d64e95a8b08,blur20
1,sid_tampered,tampered,unknown,train,42da1d64e95a8b08,resize05
1,sid_tampered,tampered,unknown,train,ad5ac3ba73639de2,clean
1,sid_tampered,tampered,unknown,train,ad5ac3ba73639de2,jpeg90
1,sid_tampered,tampered,unknown,train,ad5ac3ba73639de2,jpeg50
1,sid_tampered,tampered,unknown,train,ad5ac3ba73639de2,noise002
1,sid_tampered,tampered,unknown,train,6d937a85382d43c8,clean
1,sid_tampered,tampered,unknown,train,6d937a85382d43c8,resize05
1,sid_tampered,tampered,unknown,train,6d937a85382d43c8,noise002
1,sid_tampered,tampered,unknown,train,6d937a85382d43c8,noise005
1,sid_tampered,tampered,unknown,train,bdcdaa1a748d3639,clean
1,sid_tampered,tampered,unknown,train,bdcdaa1a748d3639,jpeg70
1,sid_tampered,tampered,unknown,train,bdcdaa1a748d3639,jpeg30
1,sid_tampered,tampered,unknown,train,bdcdaa1a748d3639,resize025
1,sid_tampered,tampered,unknown,train,dc6a8e9de41836ff,clean
1,sid_tampered,tampered,unknown,train,dc6a8e9de41836ff,jpeg90
1,sid_tampered,tampered,unknown,train,dc6a8e9de41836ff,noise005
1,sid_tampered,tampered,unknown,train,dc6a8e9de41836ff,noise01
1,sid_tampered,tampered,unknown,train,3944e0c4fbbced60,clean
1,sid_tampered,tampered,unknown,train,3944e0c4fbbced60,jpeg90
1,sid_tampered,tampered,unknown,train,3944e0c4fbbced60,blur05
1,sid_tampered,tampered,unknown,train,3944e0c4fbbced60,resize05
1,sid_tampered,tampered,unknown,train,3c52830d107bca83,clean
1,sid_tampered,tampered,unknown,train,3c52830d107bca83,blur05
1,sid_tampered,tampered,unknown,train,3c52830d107bca83,noise002
1,sid_tampered,tampered,unknown,train,3c52830d107bca83,noise005
1,sid_tampered,tampered,unknown,train,4d3f4399395c03d2,clean
1,sid_tampered,tampered,unknown,train,4d3f4399395c03d2,resize025
1,sid_tampered,tampered,unknown,train,4d3f4399395c03d2,noise01
1,sid_tampered,tampered,unknown,train,4d3f4399395c03d2,crop08
1,sid_tampered,tampered,unknown,train,4c09b0fe6deff901,clean
1,sid_tampered,tampered,unknown,train,4c09b0fe6deff901,jpeg90
1,sid_tampered,tampered,unknown,train,4c09b0fe6deff901,blur05
1,sid_tampered,tampered,unknown,train,4c09b0fe6deff901,noise002
1,sid_tampered,tampered,unknown,train,2239ad1c2a3f685e,clean
1,sid_tampered,tampered,unknown,train,2239ad1c2a3f685e,blur10
1,sid_tampered,tampered,unknown,train,2239ad1c2a3f685e,noise005
1,sid_tampered,tampered,unknown,train,2239ad1c2a3f685e,noise01
1,sid_tampered,tampered,unknown,train,4971e69501c88601,clean
1,sid_tampered,tampered,unknown,train,4971e69501c88601,resize05
1,sid_tampered,tampered,unknown,train,4971e69501c88601,noise002
1,sid_tampered,tampered,unknown,train,4971e69501c88601,noise01
1,sid_tampered,tampered,unknown,train,626145f54dd4ba32,clean
1,sid_tampered,tampered,unknown,train,626145f54dd4ba32,jpeg70
1,sid_tampered,tampered,unknown,train,626145f54dd4ba32,jpeg30
1,sid_tampered,tampered,unknown,train,626145f54dd4ba32,resize05
1,sid_tampered,tampered,unknown,train,02ba4410dfbb4674,clean
1,sid_tampered,tampered,unknown,train,02ba4410dfbb4674,jpeg90
1,sid_tampered,tampered,unknown,train,02ba4410dfbb4674,jpeg30
1,sid_tampered,tampered,unknown,train,02ba4410dfbb4674,resize025
1,sid_tampered,tampered,unknown,train,e411458a8a99d479,clean
1,sid_tampered,tampered,unknown,train,e411458a8a99d479,jpeg70
1,sid_tampered,tampered,unknown,train,e411458a8a99d479,blur20
1,sid_tampered,tampered,unknown,train,e411458a8a99d479,resize025
1,sid_tampered,tampered,unknown,train,c735f5bfe62e292c,clean
1,sid_tampered,tampered,unknown,train,c735f5bfe62e292c,jpeg50
1,sid_tampered,tampered,unknown,train,c735f5bfe62e292c,blur05
1,sid_tampered,tampered,unknown,train,c735f5bfe62e292c,resize025
1,sid_tampered,tampered,unknown,train,22491a3e908dfc00,clean
1,sid_tampered,tampered,unknown,train,22491a3e908dfc00,blur05
1,sid_tampered,tampered,unknown,train,22491a3e908dfc00,blur20
1,sid_tampered,tampered,unknown,train,22491a3e908dfc00,noise002
1,sid_tampered,tampered,unknown,train,eb6f04636ee187d1,clean
1,sid_tampered,tampered,unknown,train,eb6f04636ee187d1,blur20
1,sid_tampered,tampered,unknown,train,eb6f04636ee187d1,noise002
1,sid_tampered,tampered,unknown,train,eb6f04636ee187d1,jitter02
1,sid_tampered,tampered,unknown,train,571f994617f4eaea,clean
1,sid_tampered,tampered,unknown,train,571f994617f4eaea,jpeg50
1,sid_tampered,tampered,unknown,train,571f994617f4eaea,jpeg30
1,sid_tampered,tampered,unknown,train,571f994617f4eaea,jitter02
1,sid_tampered,tampered,unknown,train,9e5bdf8f78cf8ec6,clean
1,sid_tampered,tampered,unknown,train,9e5bdf8f78cf8ec6,jpeg50
1,sid_tampered,tampered,unknown,train,9e5bdf8f78cf8ec6,blur20
1,sid_tampered,tampered,unknown,train,9e5bdf8f78cf8ec6,jitter02
1,sid_tampered,tampered,unknown,train,0efe6bfb0017f64d,clean
1,sid_tampered,tampered,unknown,train,0efe6bfb0017f64d,jpeg50
1,sid_tampered,tampered,unknown,train,0efe6bfb0017f64d,blur05
1,sid_tampered,tampered,unknown,train,0efe6bfb0017f64d,blur20
1,sid_tampered,tampered,unknown,train,54f092db21a63613,clean
1,sid_tampered,tampered,unknown,train,54f092db21a63613,jpeg70
1,sid_tampered,tampered,unknown,train,54f092db21a63613,jpeg30
1,sid_tampered,tampered,unknown,train,54f092db21a63613,resize05
1,sid_tampered,tampered,unknown,train,06cbd42f1f290f50,clean
1,sid_tampered,tampered,unknown,train,06cbd42f1f290f50,jpeg30
1,sid_tampered,tampered,unknown,train,06cbd42f1f290f50,noise005
1,sid_tampered,tampered,unknown,train,06cbd42f1f290f50,noise01
1,sid_tampered,tampered,unknown,train,d283424c3a6604da,clean
1,sid_tampered,tampered,unknown,train,d283424c3a6604da,jpeg50
1,sid_tampered,tampered,unknown,train,d283424c3a6604da,blur10
1,sid_tampered,tampered,unknown,train,d283424c3a6604da,noise005
1,sid_tampered,tampered,unknown,train,6af26f5a3ea5ebf5,clean
1,sid_tampered,tampered,unknown,train,6af26f5a3ea5ebf5,jpeg90
1,sid_tampered,tampered,unknown,train,6af26f5a3ea5ebf5,jpeg50
1,sid_tampered,tampered,unknown,train,6af26f5a3ea5ebf5,resize025
1,sid_tampered,tampered,unknown,train,79cc0efd41f0a413,clean
1,sid_tampered,tampered,unknown,train,79cc0efd41f0a413,jpeg30
1,sid_tampered,tampered,unknown,train,79cc0efd41f0a413,noise01
1,sid_tampered,tampered,unknown,train,79cc0efd41f0a413,jitter02
1,sid_tampered,tampered,unknown,train,a08364a21ba924a3,clean
1,sid_tampered,tampered,unknown,train,a08364a21ba924a3,jpeg90
1,sid_tampered,tampered,unknown,train,a08364a21ba924a3,jpeg30
1,sid_tampered,tampered,unknown,train,a08364a21ba924a3,noise002
1,sid_tampered,tampered,unknown,train,1e74302d216db32a,clean
1,sid_tampered,tampered,unknown,train,1e74302d216db32a,jpeg50
1,sid_tampered,tampered,unknown,train,1e74302d216db32a,blur05
1,sid_tampered,tampered,unknown,train,1e74302d216db32a,blur20
1,sid_tampered,tampered,unknown,train,a4d53cef86162824,clean
1,sid_tampered,tampered,unknown,train,a4d53cef86162824,blur05
1,sid_tampered,tampered,unknown,train,a4d53cef86162824,blur20
1,sid_tampered,tampered,unknown,train,a4d53cef86162824,noise002
