label,source,subclass,generator,split,image_id,variant
0,so_fake_ood,real,,test_ood,c1304f3b8c6dabbf,clean
0,so_fake_ood,real,,test_ood,c1304f3b8c6dabbf,jpeg90
0,so_fake_ood,real,,test_ood,c1304f3b8c6dabbf,jpeg70
0,so_fake_ood,real,,test_ood,c1304f3b8c6dabbf,jpeg50
0,so_fake_ood,real,,test_ood,c1304f3b8c6dabbf,jpeg30
0,so_fake_ood,real,,test_ood,c1304f3b8c6dabbf,blur05
0,so_fake_ood,real,,test_ood,c1304f3b8c6dabbf,blur10
0,so_fake_ood,real,,test_ood,c1304f3b8c6dabbf,blur20
0,so_fake_ood,real,,test_ood,c1304f3b8c6dabbf,resize05
0,so_fake_ood,real,,test_ood,c1304f3b8c6dabbf,resize025
0,so_fake_ood,real,,test_ood,c1304f3b8c6dabbf,noise002
0,so_fake_ood,real,,test_ood,c1304f3b8c6dabbf,noise005
0,so_fake_ood,real,,test_ood,c1304f3b8c6dabbf,noise01
0,so_fake_ood,real,,test_ood,c1304f3b8c6dabbf,jitter02
0,so_fake_ood,real,,test_ood,c1304f3b8c6dabbf,crop08
0,so_fake_ood,real,,test_ood,d34296ead5241b04,clean
0,so_fake_ood,real,,test_ood,d34296ead5241b04,jpeg90
0,so_fake_ood,real,,test_ood,d34296ead5241b04,jpeg70
0,so_fake_ood,real,,test_ood,d34296ead5241b04,jpeg50
0,so_fake_ood,real,,test_ood,d34296ead5241b04,jpeg30
0,so_fake_ood,real,,test_ood,d34296ead5241b04,blur05
0,so_fake_ood,real,,test_ood,d34296ead5241b04,blur10
0,so_fake_ood,real,,test_ood,d34296ead5241b04,blur20
0,so_fake_ood,real,,test_ood,d34296ead5241b04,resize05
0,so_fake_ood,real,,test_ood,d34296ead5241b04,resize025
0,so_fake_ood,real,,test_ood,d34296ead5241b04,noise002
0,so_fake_ood,real,,test_ood,d34296ead5241b04,noise005
0,so_fake_ood,real,,test_ood,d34296ead5241b04,noise01
0,so_fake_ood,real,,test_ood,d34296ead5241b04,jitter02
0,so_fake_ood,real,,test_ood,d34296ead5241b04,crop08
0,so_fake_ood,real,,test_ood,d43006e23d1cb69c,clean
0,so_fake_ood,real,,test_ood,d43006e23d1cb69c,jpeg90
0,so_fake_ood,real,,test_ood,d43006e23d1cb69c,jpeg70
0,so_fake_ood,real,,test_ood,d43006e23d1cb69c,jpeg50
0,so_fake_ood,real,,test_ood,d43006e23d1cb69c,jpeg30
0,so_fake_ood,real,,test_ood,d43006e23d1cb69c,blur05
0,so_fake_ood,real,,test_ood,d43006e23d1cb69c,blur10
0,so_fake_ood,real,,test_ood,d43006e23d1cb69c,blur20
0,so_fake_ood,real,,test_ood,d43006e23d1cb69c,resize05
0,so_fake_ood,real,,test_ood,d43006e23d1cb69c,resize025
0,so_fake_ood,real,,test_ood,d43006e23d1cb69c,noise002
0,so_fake_ood,real,,test_ood,d43006e23d1cb69c,noise005
0,so_fake_ood,real,,test_ood,d43006e23d1cb69c,noise01
0,so_fake_ood,real,,test_ood,d43006e23d1cb69c,jitter02
0,so_fake_ood,real,,test_ood,d43006e23d1cb69c,crop08
0,so_fake_ood,real,,test_ood,ac92e525d7c534a3,clean
0,so_fake_ood,real,,test_ood,ac92e525d7c534a3,jpeg90
0,so_fake_ood,real,,test_ood,ac92e525d7c534a3,jpeg70
0,so_fake_ood,real,,test_ood,ac92e525d7c534a3,jpeg50
0,so_fake_ood,real,,test_ood,ac92e525d7c534a3,jpeg30
0,so_fake_ood,real,,test_ood,ac92e525d7c534a3,blur05
0,so_fake_ood,real,,test_ood,ac92e525d7c534a3,blur10
0,so_fake_ood,real,,test_ood,ac92e525d7c534a3,blur20
0,so_fake_ood,real,,test_ood,ac92e525d7c534a3,resize05
0,so_fake_ood,real,,test_ood,ac92e525d7c534a3,resize025
0,so_fake_ood,real,,test_ood,ac92e525d7c534a3,noise002
0,so_fake_ood,real,,test_ood,ac92e525d7c534a3,noise005
0,so_fake_ood,real,,test_ood,ac92e525d7c534a3,noise01
0,so_fake_ood,real,,test_ood,ac92e525d7c534a3,jitter02
0,so_fake_ood,real,,test_ood,ac92e525d7c534a3,crop08
0,so_fake_ood,real,,test_ood,f6fd623292ad975d,clean
0,so_fake_ood,real,,test_ood,f6fd623292ad975d,jpeg90
0,so_fake_ood,real,,test_ood,f6fd623292ad975d,jpeg70
0,so_fake_ood,real,,test_ood,f6fd623292ad975d,jpeg50
0,so_fake_ood,real,,test_ood,f6fd623292ad975d,jpeg30
0,so_fake_ood,real,,test_ood,f6fd623292ad975d,blur05
0,so_fake_ood,real,,test_ood,f6fd623292ad975d,blur10
0,so_fake_ood,real,,test_ood,f6fd623292ad975d,blur20
0,so_fake_ood,real,,test_ood,f6fd623292ad975d,resize05
0,so_fake_ood,real,,test_ood,f6fd623292ad975d,resize025
0,so_fake_ood,real,,test_ood,f6fd623292ad975d,noise002
0,so_fake_ood,real,,test_ood,f6fd623292ad975d,noise005
0,so_fake_ood,real,,test_ood,f6fd623292ad975d,noise01
0,so_fake_ood,real,,test_ood,f6fd623292ad975d,jitter02
0,so_fake_ood,real,,test_ood,f6fd623292ad975d,crop08
0,so_fake_ood,real,,test_ood,08be13ba41157c35,clean
0,so_fake_ood,real,,test_ood,08be13ba41157c35,jpeg90
0,so_fake_ood,real,,test_ood,08be13ba41157c35,jpeg70
0,so_fake_ood,real,,test_ood,08be13ba41157c35,jpeg50
0,so_fake_ood,real,,test_ood,08be13ba41157c35,jpeg30
0,so_fake_ood,real,,test_ood,08be13ba41157c35,blur05
0,so_fake_ood,real,,test_ood,08be13ba41157c35,blur10
0,so_fake_ood,real,,test_ood,08be13ba41157c35,blur20
0,so_fake_ood,real,,test_ood,08be13ba41157c35,resize05
0,so_fake_ood,real,,test_ood,08be13ba41157c35,resize025
0,so_fake_ood,real,,test_ood,08be13ba41157c35,noise002
0,so_fake_ood,real,,test_ood,08be13ba41157c35,noise005
0,so_fake_ood,real,,test_ood,08be13ba41157c35,noise01
0,so_fake_ood,real,,test_ood,08be13ba41157c35,jitter02
0,so_fake_ood,real,,test_ood,08be13ba41157c35,crop08
0,so_fake_ood,real,,test_ood,686037892db78657,clean
0,so_fake_ood,real,,test_ood,686037892db78657,jpeg90
0,so_fake_ood,real,,test_ood,686037892db78657,jpeg70
0,so_fake_ood,real,,test_ood,686037892db78657,jpeg50
0,so_fake_ood,real,,test_ood,686037892db78657,jpeg30
0,so_fake_ood,real,,test_ood,686037892db78657,blur05
0,so_fake_ood,real,,test_ood,686037892db78657,blur10
0,so_fake_ood,real,,test_ood,686037892db78657,blur20
0,so_fake_ood,real,,test_ood,686037892db78657,resize05
0,so_fake_ood,real,,test_ood,686037892db78657,resize025
0,so_fake_ood,real,,test_ood,686037892db78657,noise002
0,so_fake_ood,real,,test_ood,686037892db78657,noise005
0,so_fake_ood,real,,test_ood,686037892db78657,noise01
0,so_fake_ood,real,,test_ood,686037892db78657,jitter02
0,so_fake_ood,real,,test_ood,686037892db78657,crop08
0,so_fake_ood,real,,test_ood,198d43a7672b08bc,clean
0,so_fake_ood,real,,test_ood,198d43a7672b08bc,jpeg90
0,so_fake_ood,real,,test_ood,198d43a7672b08bc,jpeg70
0,so_fake_ood,real,,test_ood,198d43a7672b08bc,jpeg50
0,so_fake_ood,real,,test_ood,198d43a7672b08bc,jpeg30
0,so_fake_ood,real,,test_ood,198d43a7672b08bc,blur05
0,so_fake_ood,real,,test_ood,198d43a7672b08bc,blur10
0,so_fake_ood,real,,test_ood,198d43a7672b08bc,blur20
0,so_fake_ood,real,,test_ood,198d43a7672b08bc,resize05
0,so_fake_ood,real,,test_ood,198d43a7672b08bc,resize025
0,so_fake_ood,real,,test_ood,198d43a7672b08bc,noise002
0,so_fake_ood,real,,test_ood,198d43a7672b08bc,noise005
0,so_fake_ood,real,,test_ood,198d43a7672b08bc,noise01
0,so_fake_ood,real,,test_ood,198d43a7672b08bc,jitter02
0,so_fake_ood,real,,test_ood,198d43a7672b08bc,crop08
0,so_fake_ood,real,,test_ood,317c8f8327922dbf,clean
0,so_fake_ood,real,,test_ood,317c8f8327922dbf,jpeg90
0,so_fake_ood,real,,test_ood,317c8f8327922dbf,jpeg70
0,so_fake_ood,real,,test_ood,317c8f8327922dbf,jpeg50
0,so_fake_ood,real,,test_ood,317c8f8327922dbf,jpeg30
0,so_fake_ood,real,,test_ood,317c8f8327922dbf,blur05
0,so_fake_ood,real,,test_ood,317c8f8327922dbf,blur10
0,so_fake_ood,real,,test_ood,317c8f8327922dbf,blur20
0,so_fake_ood,real,,test_ood,317c8f8327922dbf,resize05
0,so_fake_ood,real,,test_ood,317c8f8327922dbf,resize025
0,so_fake_ood,real,,test_ood,317c8f8327922dbf,noise002
0,so_fake_ood,real,,test_ood,317c8f8327922dbf,noise005
0,so_fake_ood,real,,test_ood,317c8f8327922dbf,noise01
0,so_fake_ood,real,,test_ood,317c8f8327922dbf,jitter02
0,so_fake_ood,real,,test_ood,317c8f8327922dbf,crop08
0,so_fake_ood,real,,test_ood,03eaf99b88a4aeaf,clean
0,so_fake_ood,real,,test_ood,03eaf99b88a4aeaf,jpeg90
0,so_fake_ood,real,,test_ood,03eaf99b88a4aeaf,jpeg70
0,so_fake_ood,real,,test_ood,03eaf99b88a4aeaf,jpeg50
0,so_fake_ood,real,,test_ood,03eaf99b88a4aeaf,jpeg30
0,so_fake_ood,real,,test_ood,03eaf99b88a4aeaf,blur05
0,so_fake_ood,real,,test_ood,03eaf99b88a4aeaf,blur10
0,so_fake_ood,real,,test_ood,03eaf99b88a4aeaf,blur20
0,so_fake_ood,real,,test_ood,03eaf99b88a4aeaf,resize05
0,so_fake_ood,real,,test_ood,03eaf99b88a4aeaf,resize025
0,so_fake_ood,real,,test_ood,03eaf99b88a4aeaf,noise002
0,so_fake_ood,real,,test_ood,03eaf99b88a4aeaf,noise005
0,so_fake_ood,real,,test_ood,03eaf99b88a4aeaf,noise01
0,so_fake_ood,real,,test_ood,03eaf99b88a4aeaf,jitter02
0,so_fake_ood,real,,test_ood,03eaf99b88a4aeaf,crop08
0,so_fake_ood,real,,test_ood,cceefcb302adda63,clean
0,so_fake_ood,real,,test_ood,cceefcb302adda63,jpeg90
0,so_fake_ood,real,,test_ood,cceefcb302adda63,jpeg70
0,so_fake_ood,real,,test_ood,cceefcb302adda63,jpeg50
0,so_fake_ood,real,,test_ood,cceefcb302adda63,jpeg30
0,so_fake_ood,real,,test_ood,cceefcb302adda63,blur05
0,so_fake_ood,real,,test_ood,cceefcb302adda63,blur10
0,so_fake_ood,real,,test_ood,cceefcb302adda63,blur20
0,so_fake_ood,real,,test_ood,cceefcb302adda63,resize05
0,so_fake_ood,real,,test_ood,cceefcb302adda63,resize025
0,so_fake_ood,real,,test_ood,cceefcb302adda63,noise002
0,so_fake_ood,real,,test_ood,cceefcb302adda63,noise005
0,so_fake_ood,real,,test_ood,cceefcb302adda63,noise01
0,so_fake_ood,real,,test_ood,cceefcb302adda63,jitter02
0,so_fake_ood,real,,test_ood,cceefcb302adda63,crop08
0,so_fake_ood,real,,test_ood,046b5663660fc0c7,clean
0,so_fake_ood,real,,test_ood,046b5663660fc0c7,jpeg90
0,so_fake_ood,real,,test_ood,046b5663660fc0c7,jpeg70
0,so_fake_ood,real,,test_ood,046b5663660fc0c7,jpeg50
0,so_fake_ood,real,,test_ood,046b5663660fc0c7,jpeg30
0,so_fake_ood,real,,test_ood,046b5663660fc0c7,blur05
0,so_fake_ood,real,,test_ood,046b5663660fc0c7,blur10
0,so_fake_ood,real,,test_ood,046b5663660fc0c7,blur20
0,so_fake_ood,real,,test_ood,046b5663660fc0c7,resize05
0,so_fake_ood,real,,test_ood,046b5663660fc0c7,resize025
0,so_fake_ood,real,,test_ood,046b5663660fc0c7,noise002
0,so_fake_ood,real,,test_ood,046b5663660fc0c7,noise005
0,so_fake_ood,real,,test_ood,046b5663660fc0c7,noise01
0,so_fake_ood,real,,test_ood,046b5663660fc0c7,jitter02
0,so_fake_ood,real,,test_ood,046b5663660fc0c7,crop08
0,so_fake_ood,real,,test_ood,0b69ad8b8d57c289,clean
0,so_fake_ood,real,,test_ood,0b69ad8b8d57c289,jpeg90
0,so_fake_ood,real,,test_ood,0b69ad8b8d57c289,jpeg70
0,so_fake_ood,real,,test_ood,0b69ad8b8d57c289,jpeg50
0,so_fake_ood,real,,test_ood,0b69ad8b8d57c289,jpeg30
0,so_fake_ood,real,,test_ood,0b69ad8b8d57c289,blur05
0,so_fake_ood,real,,test_ood,0b69ad8b8d57c289,blur10
0,so_fake_ood,real,,test_ood,0b69ad8b8d57c289,blur20
0,so_fake_ood,real,,test_ood,0b69ad8b8d57c289,resize05
0,so_fake_ood,real,,test_ood,0b69ad8b8d57c289,resize025
0,so_fake_ood,real,,test_ood,0b69ad8b8d57c289,noise002
0,so_fake_ood,real,,test_ood,0b69ad8b8d57c289,noise005
0,so_fake_ood,real,,test_ood,0b69ad8b8d57c289,noise01
0,so_fake_ood,real,,test_ood,0b69ad8b8d57c289,jitter02
0,so_fake_ood,real,,test_ood,0b69ad8b8d57c289,crop08
0,so_fake_ood,real,,test_ood,378d52c3465e0abc,clean
0,so_fake_ood,real,,test_ood,378d52c3465e0abc,jpeg90
0,so_fake_ood,real,,test_ood,378d52c3465e0abc,jpeg70
0,so_fake_ood,real,,test_ood,378d52c3465e0abc,jpeg50
0,so_fake_ood,real,,test_ood,378d52c3465e0abc,jpeg30
0,so_fake_ood,real,,test_ood,378d52c3465e0abc,blur05
0,so_fake_ood,real,,test_ood,378d52c3465e0abc,blur10
0,so_fake_ood,real,,test_ood,378d52c3465e0abc,blur20
0,so_fake_ood,real,,test_ood,378d52c3465e0abc,resize05
0,so_fake_ood,real,,test_ood,378d52c3465e0abc,resize025
0,so_fake_ood,real,,test_ood,378d52c3465e0abc,noise002
0,so_fake_ood,real,,test_ood,378d52c3465e0abc,noise005
0,so_fake_ood,real,,test_ood,378d52c3465e0abc,noise01
0,so_fake_ood,real,,test_ood,378d52c3465e0abc,jitter02
0,so_fake_ood,real,,test_ood,378d52c3465e0abc,crop08
0,so_fake_ood,real,,test_ood,2f6e5471e65a74d9,clean
0,so_fake_ood,real,,test_ood,2f6e5471e65a74d9,jpeg90
0,so_fake_ood,real,,test_ood,2f6e5471e65a74d9,jpeg70
0,so_fake_ood,real,,test_ood,2f6e5471e65a74d9,jpeg50
0,so_fake_ood,real,,test_ood,2f6e5471e65a74d9,jpeg30
0,so_fake_ood,real,,test_ood,2f6e5471e65a74d9,blur05
0,so_fake_ood,real,,test_ood,2f6e5471e65a74d9,blur10
0,so_fake_ood,real,,test_ood,2f6e5471e65a74d9,blur20
0,so_fake_ood,real,,test_ood,2f6e5471e65a74d9,resize05
0,so_fake_ood,real,,test_ood,2f6e5471e65a74d9,resize025
0,so_fake_ood,real,,test_ood,2f6e5471e65a74d9,noise002
0,so_fake_ood,real,,test_ood,2f6e5471e65a74d9,noise005
0,so_fake_ood,real,,test_ood,2f6e5471e65a74d9,noise01
0,so_fake_ood,real,,test_ood,2f6e5471e65a74d9,jitter02
0,so_fake_ood,real,,test_ood,2f6e5471e65a74d9,crop08
0,so_fake_ood,real,,test_ood,98c83b00580ae66a,clean
0,so_fake_ood,real,,test_ood,98c83b00580ae66a,jpeg90
0,so_fake_ood,real,,test_ood,98c83b00580ae66a,jpeg70
0,so_fake_ood,real,,test_ood,98c83b00580ae66a,jpeg50
0,so_fake_ood,real,,test_ood,98c83b00580ae66a,jpeg30
0,so_fake_ood,real,,test_ood,98c83b00580ae66a,blur05
0,so_fake_ood,real,,test_ood,98c83b00580ae66a,blur10
0,so_fake_ood,real,,test_ood,98c83b00580ae66a,blur20
0,so_fake_ood,real,,test_ood,98c83b00580ae66a,resize05
0,so_fake_ood,real,,test_ood,98c83b00580ae66a,resize025
0,so_fake_ood,real,,test_ood,98c83b00580ae66a,noise002
0,so_fake_ood,real,,test_ood,98c83b00580ae66a,noise005
0,so_fake_ood,real,,test_ood,98c83b00580ae66a,noise01
0,so_fake_ood,real,,test_ood,98c83b00580ae66a,jitter02
0,so_fake_ood,real,,test_ood,98c83b00580ae66a,crop08
0,so_fake_ood,real,,test_ood,cb12d17c42d4cca9,clean
0,so_fake_ood,real,,test_ood,cb12d17c42d4cca9,jpeg90
0,so_fake_ood,real,,test_ood,cb12d17c42d4cca9,jpeg70
0,so_fake_ood,real,,test_ood,cb12d17c42d4cca9,jpeg50
0,so_fake_ood,real,,test_ood,cb12d17c42d4cca9,jpeg30
0,so_fake_ood,real,,test_ood,cb12d17c42d4cca9,blur05
0,so_fake_ood,real,,test_ood,cb12d17c42d4cca9,blur10
0,so_fake_ood,real,,test_ood,cb12d17c42d4cca9,blur20
0,so_fake_ood,real,,test_ood,cb12d17c42d4cca9,resize05
0,so_fake_ood,real,,test_ood,cb12d17c42d4cca9,resize025
0,so_fake_ood,real,,test_ood,cb12d17c42d4cca9,noise002
0,so_fake_ood,real,,test_ood,cb12d17c42d4cca9,noise005
0,so_fake_ood,real,,test_ood,cb12d17c42d4cca9,noise01
0,so_fake_ood,real,,test_ood,cb12d17c42d4cca9,jitter02
0,so_fake_ood,real,,test_ood,cb12d17c42d4cca9,crop08
0,so_fake_ood,real,,test_ood,6c8ed5b7f5a7f804,clean
0,so_fake_ood,real,,test_ood,6c8ed5b7f5a7f804,jpeg90
0,so_fake_ood,real,,test_ood,6c8ed5b7f5a7f804,jpeg70
0,so_fake_ood,real,,test_ood,6c8ed5b7f5a7f804,jpeg50
0,so_fake_ood,real,,test_ood,6c8ed5b7f5a7f804,jpeg30
0,so_fake_ood,real,,test_ood,6c8ed5b7f5a7f804,blur05
0,so_fake_ood,real,,test_ood,6c8ed5b7f5a7f804,blur10
0,so_fake_ood,real,,test_ood,6c8ed5b7f5a7f804,blur20
0,so_fake_ood,real,,test_ood,6c8ed5b7f5a7f804,resize05
0,so_fake_ood,real,,test_ood,6c8ed5b7f5a7f804,resize025
0,so_fake_ood,real,,test_ood,6c8ed5b7f5a7f804,noise002
0,so_fake_ood,real,,test_ood,6c8ed5b7f5a7f804,noise005
0,so_fake_ood,real,,test_ood,6c8ed5b7f5a7f804,noise01
0,so_fake_ood,real,,test_ood,6c8ed5b7f5a7f804,jitter02
0,so_fake_ood,real,,test_ood,6c8ed5b7f5a7f804,crop08
0,so_fake_ood,real,,test_ood,9c61550dd285a60f,clean
0,so_fake_ood,real,,test_ood,9c61550dd285a60f,jpeg90
0,so_fake_ood,real,,test_ood,9c61550dd285a60f,jpeg70
0,so_fake_ood,real,,test_ood,9c61550dd285a60f,jpeg50
0,so_fake_ood,real,,test_ood,9c61550dd285a60f,jpeg30
0,so_fake_ood,real,,test_ood,9c61550dd285a60f,blur05
0,so_fake_ood,real,,test_ood,9c61550dd285a60f,blur10
0,so_fake_ood,real,,test_ood,9c61550dd285a60f,blur20
0,so_fake_ood,real,,test_ood,9c61550dd285a60f,resize05
0,so_fake_ood,real,,test_ood,9c61550dd285a60f,resize025
0,so_fake_ood,real,,test_ood,9c61550dd285a60f,noise002
0,so_fake_ood,real,,test_ood,9c61550dd285a60f,noise005
0,so_fake_ood,real,,test_ood,9c61550dd285a60f,noise01
0,so_fake_ood,real,,test_ood,9c61550dd285a60f,jitter02
0,so_fake_ood,real,,test_ood,9c61550dd285a60f,crop08
0,so_fake_ood,real,,test_ood,b87c34938c68b341,clean
0,so_fake_ood,real,,test_ood,b87c34938c68b341,jpeg90
0,so_fake_ood,real,,test_ood,b87c34938c68b341,jpeg70
0,so_fake_ood,real,,test_ood,b87c34938c68b341,jpeg50
0,so_fake_ood,real,,test_ood,b87c34938c68b341,jpeg30
0,so_fake_ood,real,,test_ood,b87c34938c68b341,blur05
0,so_fake_ood,real,,test_ood,b87c34938c68b341,blur10
0,so_fake_ood,real,,test_ood,b87c34938c68b341,blur20
0,so_fake_ood,real,,test_ood,b87c34938c68b341,resize05
0,so_fake_ood,real,,test_ood,b87c34938c68b341,resize025
0,so_fake_ood,real,,test_ood,b87c34938c68b341,noise002
0,so_fake_ood,real,,test_ood,b87c34938c68b341,noise005
0,so_fake_ood,real,,test_ood,b87c34938c68b341,noise01
0,so_fake_ood,real,,test_ood,b87c34938c68b341,jitter02
0,so_fake_ood,real,,test_ood,b87c34938c68b341,crop08
0,so_fake_ood,real,,test_ood,de7c6f5bf1d29288,clean
0,so_fake_ood,real,,test_ood,de7c6f5bf1d29288,jpeg90
0,so_fake_ood,real,,test_ood,de7c6f5bf1d29288,jpeg70
0,so_fake_ood,real,,test_ood,de7c6f5bf1d29288,jpeg50
0,so_fake_ood,real,,test_ood,de7c6f5bf1d29288,jpeg30
0,so_fake_ood,real,,test_ood,de7c6f5bf1d29288,blur05
0,so_fake_ood,real,,test_ood,de7c6f5bf1d29288,blur10
0,so_fake_ood,real,,test_ood,de7c6f5bf1d29288,blur20
0,so_fake_ood,real,,test_ood,de7c6f5bf1d29288,resize05
0,so_fake_ood,real,,test_ood,de7c6f5bf1d29288,resize025
0,so_fake_ood,real,,test_ood,de7c6f5bf1d29288,noise002
0,so_fake_ood,real,,test_ood,de7c6f5bf1d29288,noise005
0,so_fake_ood,real,,test_ood,de7c6f5bf1d29288,noise01
0,so_fake_ood,real,,test_ood,de7c6f5bf1d29288,jitter02
0,so_fake_ood,real,,test_ood,de7c6f5bf1d29288,crop08
0,so_fake_ood,real,,test_ood,89238bbf5e05c6ff,clean
0,so_fake_ood,real,,test_ood,89238bbf5e05c6ff,jpeg90
0,so_fake_ood,real,,test_ood,89238bbf5e05c6ff,jpeg70
0,so_fake_ood,real,,test_ood,89238bbf5e05c6ff,jpeg50
0,so_fake_ood,real,,test_ood,89238bbf5e05c6ff,jpeg30
0,so_fake_ood,real,,test_ood,89238bbf5e05c6ff,blur05
0,so_fake_ood,real,,test_ood,89238bbf5e05c6ff,blur10
0,so_fake_ood,real,,test_ood,89238bbf5e05c6ff,blur20
0,so_fake_ood,real,,test_ood,89238bbf5e05c6ff,resize05
0,so_fake_ood,real,,test_ood,89238bbf5e05c6ff,resize025
0,so_fake_ood,real,,test_ood,89238bbf5e05c6ff,noise002
0,so_fake_ood,real,,test_ood,89238bbf5e05c6ff,noise005
0,so_fake_ood,real,,test_ood,89238bbf5e05c6ff,noise01
0,so_fake_ood,real,,test_ood,89238bbf5e05c6ff,jitter02
0,so_fake_ood,real,,test_ood,89238bbf5e05c6ff,crop08
0,so_fake_ood,real,,test_ood,0a8b73b5a9f6485c,clean
0,so_fake_ood,real,,test_ood,0a8b73b5a9f6485c,jpeg90
0,so_fake_ood,real,,test_ood,0a8b73b5a9f6485c,jpeg70
0,so_fake_ood,real,,test_ood,0a8b73b5a9f6485c,jpeg50
0,so_fake_ood,real,,test_ood,0a8b73b5a9f6485c,jpeg30
0,so_fake_ood,real,,test_ood,0a8b73b5a9f6485c,blur05
0,so_fake_ood,real,,test_ood,0a8b73b5a9f6485c,blur10
0,so_fake_ood,real,,test_ood,0a8b73b5a9f6485c,blur20
0,so_fake_ood,real,,test_ood,0a8b73b5a9f6485c,resize05
0,so_fake_ood,real,,test_ood,0a8b73b5a9f6485c,resize025
0,so_fake_ood,real,,test_ood,0a8b73b5a9f6485c,noise002
0,so_fake_ood,real,,test_ood,0a8b73b5a9f6485c,noise005
0,so_fake_ood,real,,test_ood,0a8b73b5a9f6485c,noise01
0,so_fake_ood,real,,test_ood,0a8b73b5a9f6485c,jitter02
0,so_fake_ood,real,,test_ood,0a8b73b5a9f6485c,crop08
0,so_fake_ood,real,,test_ood,ddbde35953cac4c7,clean
0,so_fake_ood,real,,test_ood,ddbde35953cac4c7,jpeg90
0,so_fake_ood,real,,test_ood,ddbde35953cac4c7,jpeg70
0,so_fake_ood,real,,test_ood,ddbde35953cac4c7,jpeg50
0,so_fake_ood,real,,test_ood,ddbde35953cac4c7,jpeg30
0,so_fake_ood,real,,test_ood,ddbde35953cac4c7,blur05
0,so_fake_ood,real,,test_ood,ddbde35953cac4c7,blur10
0,so_fake_ood,real,,test_ood,ddbde35953cac4c7,blur20
0,so_fake_ood,real,,test_ood,ddbde35953cac4c7,resize05
0,so_fake_ood,real,,test_ood,ddbde35953cac4c7,resize025
0,so_fake_ood,real,,test_ood,ddbde35953cac4c7,noise002
0,so_fake_ood,real,,test_ood,ddbde35953cac4c7,noise005
0,so_fake_ood,real,,test_ood,ddbde35953cac4c7,noise01
0,so_fake_ood,real,,test_ood,ddbde35953cac4c7,jitter02
0,so_fake_ood,real,,test_ood,ddbde35953cac4c7,crop08
0,so_fake_ood,real,,test_ood,b46c46ad85bc81b9,clean
0,so_fake_ood,real,,test_ood,b46c46ad85bc81b9,jpeg90
0,so_fake_ood,real,,test_ood,b46c46ad85bc81b9,jpeg70
0,so_fake_ood,real,,test_ood,b46c46ad85bc81b9,jpeg50
0,so_fake_ood,real,,test_ood,b46c46ad85bc81b9,jpeg30
0,so_fake_ood,real,,test_ood,b46c46ad85bc81b9,blur05
0,so_fake_ood,real,,test_ood,b46c46ad85bc81b9,blur10
0,so_fake_ood,real,,test_ood,b46c46ad85bc81b9,blur20
0,so_fake_ood,real,,test_ood,b46c46ad85bc81b9,resize05
0,so_fake_ood,real,,test_ood,b46c46ad85bc81b9,resize025
0,so_fake_ood,real,,test_ood,b46c46ad85bc81b9,noise002
0,so_fake_ood,real,,test_ood,b46c46ad85bc81b9,noise005
0,so_fake_ood,real,,test_ood,b46c46ad85bc81b9,noise01
0,so_fake_ood,real,,test_ood,b46c46ad85bc81b9,jitter02
0,so_fake_ood,real,,test_ood,b46c46ad85bc81b9,crop08
0,so_fake_ood,real,,test_ood,41581b82c98f0dd7,clean
0,so_fake_ood,real,,test_ood,41581b82c98f0dd7,jpeg90
0,so_fake_ood,real,,test_ood,41581b82c98f0dd7,jpeg70
0,so_fake_ood,real,,test_ood,41581b82c98f0dd7,jpeg50
0,so_fake_ood,real,,test_ood,41581b82c98f0dd7,jpeg30
0,so_fake_ood,real,,test_ood,41581b82c98f0dd7,blur05
0,so_fake_ood,real,,test_ood,41581b82c98f0dd7,blur10
0,so_fake_ood,real,,test_ood,41581b82c98f0dd7,blur20
0,so_fake_ood,real,,test_ood,41581b82c98f0dd7,resize05
0,so_fake_ood,real,,test_ood,41581b82c98f0dd7,resize025
0,so_fake_ood,real,,test_ood,41581b82c98f0dd7,noise002
0,so_fake_ood,real,,test_ood,41581b82c98f0dd7,noise005
0,so_fake_ood,real,,test_ood,41581b82c98f0dd7,noise01
0,so_fake_ood,real,,test_ood,41581b82c98f0dd7,jitter02
0,so_fake_ood,real,,test_ood,41581b82c98f0dd7,crop08
0,so_fake_ood,real,,test_ood,5e82a40ed512261d,clean
0,so_fake_ood,real,,test_ood,5e82a40ed512261d,jpeg90
0,so_fake_ood,real,,test_ood,5e82a40ed512261d,jpeg70
0,so_fake_ood,real,,test_ood,5e82a40ed512261d,jpeg50
0,so_fake_ood,real,,test_ood,5e82a40ed512261d,jpeg30
0,so_fake_ood,real,,test_ood,5e82a40ed512261d,blur05
0,so_fake_ood,real,,test_ood,5e82a40ed512261d,blur10
0,so_fake_ood,real,,test_ood,5e82a40ed512261d,blur20
0,so_fake_ood,real,,test_ood,5e82a40ed512261d,resize05
0,so_fake_ood,real,,test_ood,5e82a40ed512261d,resize025
0,so_fake_ood,real,,test_ood,5e82a40ed512261d,noise002
0,so_fake_ood,real,,test_ood,5e82a40ed512261d,noise005
0,so_fake_ood,real,,test_ood,5e82a40ed512261d,noise01
0,so_fake_ood,real,,test_ood,5e82a40ed512261d,jitter02
0,so_fake_ood,real,,test_ood,5e82a40ed512261d,crop08
0,so_fake_ood,real,,test_ood,b8776987d6d67297,clean
0,so_fake_ood,real,,test_ood,b8776987d6d67297,jpeg90
0,so_fake_ood,real,,test_ood,b8776987d6d67297,jpeg70
0,so_fake_ood,real,,test_ood,b8776987d6d67297,jpeg50
0,so_fake_ood,real,,test_ood,b8776987d6d67297,jpeg30
0,so_fake_ood,real,,test_ood,b8776987d6d67297,blur05
0,so_fake_ood,real,,test_ood,b8776987d6d67297,blur10
0,so_fake_ood,real,,test_ood,b8776987d6d67297,blur20
0,so_fake_ood,real,,test_ood,b8776987d6d67297,resize05
0,so_fake_ood,real,,test_ood,b8776987d6d67297,resize025
0,so_fake_ood,real,,test_ood,b8776987d6d67297,noise002
0,so_fake_ood,real,,test_ood,b8776987d6d67297,noise005
0,so_fake_ood,real,,test_ood,b8776987d6d67297,noise01
0,so_fake_ood,real,,test_ood,b8776987d6d67297,jitter02
0,so_fake_ood,real,,test_ood,b8776987d6d67297,crop08
0,so_fake_ood,real,,test_ood,0730e7d10814f22f,clean
0,so_fake_ood,real,,test_ood,0730e7d10814f22f,jpeg90
0,so_fake_ood,real,,test_ood,0730e7d10814f22f,jpeg70
0,so_fake_ood,real,,test_ood,0730e7d10814f22f,jpeg50
0,so_fake_ood,real,,test_ood,0730e7d10814f22f,jpeg30
0,so_fake_ood,real,,test_ood,0730e7d10814f22f,blur05
0,so_fake_ood,real,,test_ood,0730e7d10814f22f,blur10
0,so_fake_ood,real,,test_ood,0730e7d10814f22f,blur20
0,so_fake_ood,real,,test_ood,0730e7d10814f22f,resize05
0,so_fake_ood,real,,test_ood,0730e7d10814f22f,resize025
0,so_fake_ood,real,,test_ood,0730e7d10814f22f,noise002
0,so_fake_ood,real,,test_ood,0730e7d10814f22f,noise005
0,so_fake_ood,real,,test_ood,0730e7d10814f22f,noise01
0,so_fake_ood,real,,test_ood,0730e7d10814f22f,jitter02
0,so_fake_ood,real,,test_ood,0730e7d10814f22f,crop08
0,so_fake_ood,real,,test_ood,12a14f93ee201c3d,clean
0,so_fake_ood,real,,test_ood,12a14f93ee201c3d,jpeg90
0,so_fake_ood,real,,test_ood,12a14f93ee201c3d,jpeg70
0,so_fake_ood,real,,test_ood,12a14f93ee201c3d,jpeg50
0,so_fake_ood,real,,test_ood,12a14f93ee201c3d,jpeg30
0,so_fake_ood,real,,test_ood,12a14f93ee201c3d,blur05
0,so_fake_ood,real,,test_ood,12a14f93ee201c3d,blur10
0,so_fake_ood,real,,test_ood,12a14f93ee201c3d,blur20
0,so_fake_ood,real,,test_ood,12a14f93ee201c3d,resize05
0,so_fake_ood,real,,test_ood,12a14f93ee201c3d,resize025
0,so_fake_ood,real,,test_ood,12a14f93ee201c3d,noise002
0,so_fake_ood,real,,test_ood,12a14f93ee201c3d,noise005
0,so_fake_ood,real,,test_ood,12a14f93ee201c3d,noise01
0,so_fake_ood,real,,test_ood,12a14f93ee201c3d,jitter02
0,so_fake_ood,real,,test_ood,12a14f93ee201c3d,crop08
0,so_fake_ood,real,,test_ood,cdc90281d87d29b4,clean
0,so_fake_ood,real,,test_ood,cdc90281d87d29b4,jpeg90
0,so_fake_ood,real,,test_ood,cdc90281d87d29b4,jpeg70
0,so_fake_ood,real,,test_ood,cdc90281d87d29b4,jpeg50
0,so_fake_ood,real,,test_ood,cdc90281d87d29b4,jpeg30
0,so_fake_ood,real,,test_ood,cdc90281d87d29b4,blur05
0,so_fake_ood,real,,test_ood,cdc90281d87d29b4,blur10
0,so_fake_ood,real,,test_ood,cdc90281d87d29b4,blur20
0,so_fake_ood,real,,test_ood,cdc90281d87d29b4,resize05
0,so_fake_ood,real,,test_ood,cdc90281d87d29b4,resize025
0,so_fake_ood,real,,test_ood,cdc90281d87d29b4,noise002
0,so_fake_ood,real,,test_ood,cdc90281d87d29b4,noise005
0,so_fake_ood,real,,test_ood,cdc90281d87d29b4,noise01
0,so_fake_ood,real,,test_ood,cdc90281d87d29b4,jitter02
0,so_fake_ood,real,,test_ood,cdc90281d87d29b4,crop08
0,so_fake_ood,real,,test_ood,2967e94f23f0b688,clean
0,so_fake_ood,real,,test_ood,2967e94f23f0b688,jpeg90
0,so_fake_ood,real,,test_ood,2967e94f23f0b688,jpeg70
0,so_fake_ood,real,,test_ood,2967e94f23f0b688,jpeg50
0,so_fake_ood,real,,test_ood,2967e94f23f0b688,jpeg30
0,so_fake_ood,real,,test_ood,2967e94f23f0b688,blur05
0,so_fake_ood,real,,test_ood,2967e94f23f0b688,blur10
0,so_fake_ood,real,,test_ood,2967e94f23f0b688,blur20
0,so_fake_ood,real,,test_ood,2967e94f23f0b688,resize05
0,so_fake_ood,real,,test_ood,2967e94f23f0b688,resize025
0,so_fake_ood,real,,test_ood,2967e94f23f0b688,noise002
0,so_fake_ood,real,,test_ood,2967e94f23f0b688,noise005
0,so_fake_ood,real,,test_ood,2967e94f23f0b688,noise01
0,so_fake_ood,real,,test_ood,2967e94f23f0b688,jitter02
0,so_fake_ood,real,,test_ood,2967e94f23f0b688,crop08
0,so_fake_ood,real,,test_ood,1a0eaa92f7c9ecba,clean
0,so_fake_ood,real,,test_ood,1a0eaa92f7c9ecba,jpeg90
0,so_fake_ood,real,,test_ood,1a0eaa92f7c9ecba,jpeg70
0,so_fake_ood,real,,test_ood,1a0eaa92f7c9ecba,jpeg50
0,so_fake_ood,real,,test_ood,1a0eaa92f7c9ecba,jpeg30
0,so_fake_ood,real,,test_ood,1a0eaa92f7c9ecba,blur05
0,so_fake_ood,real,,test_ood,1a0eaa92f7c9ecba,blur10
0,so_fake_ood,real,,test_ood,1a0eaa92f7c9ecba,blur20
0,so_fake_ood,real,,test_ood,1a0eaa92f7c9ecba,resize05
0,so_fake_ood,real,,test_ood,1a0eaa92f7c9ecba,resize025
0,so_fake_ood,real,,test_ood,1a0eaa92f7c9ecba,noise002
0,so_fake_ood,real,,test_ood,1a0eaa92f7c9ecba,noise005
0,so_fake_ood,real,,test_ood,1a0eaa92f7c9ecba,noise01
0,so_fake_ood,real,,test_ood,1a0eaa92f7c9ecba,jitter02
0,so_fake_ood,real,,test_ood,1a0eaa92f7c9ecba,crop08
0,so_fake_ood,real,,test_ood,0f565eca14fe7c0d,clean
0,so_fake_ood,real,,test_ood,0f565eca14fe7c0d,jpeg90
0,so_fake_ood,real,,test_ood,0f565eca14fe7c0d,jpeg70
0,so_fake_ood,real,,test_ood,0f565eca14fe7c0d,jpeg50
0,so_fake_ood,real,,test_ood,0f565eca14fe7c0d,jpeg30
0,so_fake_ood,real,,test_ood,0f565eca14fe7c0d,blur05
0,so_fake_ood,real,,test_ood,0f565eca14fe7c0d,blur10
0,so_fake_ood,real,,test_ood,0f565eca14fe7c0d,blur20
0,so_fake_ood,real,,test_ood,0f565eca14fe7c0d,resize05
0,so_fake_ood,real,,test_ood,0f565eca14fe7c0d,resize025
0,so_fake_ood,real,,test_ood,0f565eca14fe7c0d,noise002
0,so_fake_ood,real,,test_ood,0f565eca14fe7c0d,noise005
0,so_fake_ood,real,,test_ood,0f565eca14fe7c0d,noise01
0,so_fake_ood,real,,test_ood,0f565eca14fe7c0d,jitter02
0,so_fake_ood,real,,test_ood,0f565eca14fe7c0d,crop08
0,so_fake_ood,real,,test_ood,5e294d0521264fd0,clean
0,so_fake_ood,real,,test_ood,5e294d0521264fd0,jpeg90
0,so_fake_ood,real,,test_ood,5e294d0521264fd0,jpeg70
0,so_fake_ood,real,,test_ood,5e294d0521264fd0,jpeg50
0,so_fake_ood,real,,test_ood,5e294d0521264fd0,jpeg30
0,so_fake_ood,real,,test_ood,5e294d0521264fd0,blur05
0,so_fake_ood,real,,test_ood,5e294d0521264fd0,blur10
0,so_fake_ood,real,,test_ood,5e294d0521264fd0,blur20
0,so_fake_ood,real,,test_ood,5e294d0521264fd0,resize05
0,so_fake_ood,real,,test_ood,5e294d0521264fd0,resize025
0,so_fake_ood,real,,test_ood,5e294d0521264fd0,noise002
0,so_fake_ood,real,,test_ood,5e294d0521264fd0,noise005
0,so_fake_ood,real,,test_ood,5e294d0521264fd0,noise01
0,so_fake_ood,real,,test_ood,5e294d0521264fd0,jitter02
0,so_fake_ood,real,,test_ood,5e294d0521264fd0,crop08
0,so_fake_ood,real,,test_ood,f541d355f626a0a0,clean
0,so_fake_ood,real,,test_ood,f541d355f626a0a0,jpeg90
0,so_fake_ood,real,,test_ood,f541d355f626a0a0,jpeg70
0,so_fake_ood,real,,test_ood,f541d355f626a0a0,jpeg50
0,so_fake_ood,real,,test_ood,f541d355f626a0a0,jpeg30
0,so_fake_ood,real,,test_ood,f541d355f626a0a0,blur05
0,so_fake_ood,real,,test_ood,f541d355f626a0a0,blur10
0,so_fake_ood,real,,test_ood,f541d355f626a0a0,blur20
0,so_fake_ood,real,,test_ood,f541d355f626a0a0,resize05
0,so_fake_ood,real,,test_ood,f541d355f626a0a0,resize025
0,so_fake_ood,real,,test_ood,f541d355f626a0a0,noise002
0,so_fake_ood,real,,test_ood,f541d355f626a0a0,noise005
0,so_fake_ood,real,,test_ood,f541d355f626a0a0,noise01
0,so_fake_ood,real,,test_ood,f541d355f626a0a0,jitter02
0,so_fake_ood,real,,test_ood,f541d355f626a0a0,crop08
0,so_fake_ood,real,,test_ood,5b312ce912779cff,clean
0,so_fake_ood,real,,test_ood,5b312ce912779cff,jpeg90
0,so_fake_ood,real,,test_ood,5b312ce912779cff,jpeg70
0,so_fake_ood,real,,test_ood,5b312ce912779cff,jpeg50
0,so_fake_ood,real,,test_ood,5b312ce912779cff,jpeg30
0,so_fake_ood,real,,test_ood,5b312ce912779cff,blur05
0,so_fake_ood,real,,test_ood,5b312ce912779cff,blur10
0,so_fake_ood,real,,test_ood,5b312ce912779cff,blur20
0,so_fake_ood,real,,test_ood,5b312ce912779cff,resize05
0,so_fake_ood,real,,test_ood,5b312ce912779cff,resize025
0,so_fake_ood,real,,test_ood,5b312ce912779cff,noise002
0,so_fake_ood,real,,test_ood,5b312ce912779cff,noise005
0,so_fake_ood,real,,test_ood,5b312ce912779cff,noise01
0,so_fake_ood,real,,test_ood,5b312ce912779cff,jitter02
0,so_fake_ood,real,,test_ood,5b312ce912779cff,crop08
0,so_fake_ood,real,,test_ood,d475041b394effae,clean
0,so_fake_ood,real,,test_ood,d475041b394effae,jpeg90
0,so_fake_ood,real,,test_ood,d475041b394effae,jpeg70
0,so_fake_ood,real,,test_ood,d475041b394effae,jpeg50
0,so_fake_ood,real,,test_ood,d475041b394effae,jpeg30
0,so_fake_ood,real,,test_ood,d475041b394effae,blur05
0,so_fake_ood,real,,test_ood,d475041b394effae,blur10
0,so_fake_ood,real,,test_ood,d475041b394effae,blur20
0,so_fake_ood,real,,test_ood,d475041b394effae,resize05
0,so_fake_ood,real,,test_ood,d475041b394effae,resize025
0,so_fake_ood,real,,test_ood,d475041b394effae,noise002
0,so_fake_ood,real,,test_ood,d475041b394effae,noise005
0,so_fake_ood,real,,test_ood,d475041b394effae,noise01
0,so_fake_ood,real,,test_ood,d475041b394effae,jitter02
0,so_fake_ood,real,,test_ood,d475041b394effae,crop08
0,so_fake_ood,real,,test_ood,58be8b1cfc28c0e5,clean
0,so_fake_ood,real,,test_ood,58be8b1cfc28c0e5,jpeg90
0,so_fake_ood,real,,test_ood,58be8b1cfc28c0e5,jpeg70
0,so_fake_ood,real,,test_ood,58be8b1cfc28c0e5,jpeg50
0,so_fake_ood,real,,test_ood,58be8b1cfc28c0e5,jpeg30
0,so_fake_ood,real,,test_ood,58be8b1cfc28c0e5,blur05
0,so_fake_ood,real,,test_ood,58be8b1cfc28c0e5,blur10
0,so_fake_ood,real,,test_ood,58be8b1cfc28c0e5,blur20
0,so_fake_ood,real,,test_ood,58be8b1cfc28c0e5,resize05
0,so_fake_ood,real,,test_ood,58be8b1cfc28c0e5,resize025
0,so_fake_ood,real,,test_ood,58be8b1cfc28c0e5,noise002
0,so_fake_ood,real,,test_ood,58be8b1cfc28c0e5,noise005
0,so_fake_ood,real,,test_ood,58be8b1cfc28c0e5,noise01
0,so_fake_ood,real,,test_ood,58be8b1cfc28c0e5,jitter02
0,so_fake_ood,real,,test_ood,58be8b1cfc28c0e5,crop08
0,so_fake_ood,real,,test_ood,9f957c36a1e385fd,clean
0,so_fake_ood,real,,test_ood,9f957c36a1e385fd,jpeg90
0,so_fake_ood,real,,test_ood,9f957c36a1e385fd,jpeg70
0,so_fake_ood,real,,test_ood,9f957c36a1e385fd,jpeg50
0,so_fake_ood,real,,test_ood,9f957c36a1e385fd,jpeg30
0,so_fake_ood,real,,test_ood,9f957c36a1e385fd,blur05
0,so_fake_ood,real,,test_ood,9f957c36a1e385fd,blur10
0,so_fake_ood,real,,test_ood,9f957c36a1e385fd,blur20
0,so_fake_ood,real,,test_ood,9f957c36a1e385fd,resize05
0,so_fake_ood,real,,test_ood,9f957c36a1e385fd,resize025
0,so_fake_ood,real,,test_ood,9f957c36a1e385fd,noise002
0,so_fake_ood,real,,test_ood,9f957c36a1e385fd,noise005
0,so_fake_ood,real,,test_ood,9f957c36a1e385fd,noise01
0,so_fake_ood,real,,test_ood,9f957c36a1e385fd,jitter02
0,so_fake_ood,real,,test_ood,9f957c36a1e385fd,crop08
0,so_fake_ood,real,,test_ood,a7ca8f0ef47c2c07,clean
0,so_fake_ood,real,,test_ood,a7ca8f0ef47c2c07,jpeg90
0,so_fake_ood,real,,test_ood,a7ca8f0ef47c2c07,jpeg70
0,so_fake_ood,real,,test_ood,a7ca8f0ef47c2c07,jpeg50
0,so_fake_ood,real,,test_ood,a7ca8f0ef47c2c07,jpeg30
0,so_fake_ood,real,,test_ood,a7ca8f0ef47c2c07,blur05
0,so_fake_ood,real,,test_ood,a7ca8f0ef47c2c07,blur10
0,so_fake_ood,real,,test_ood,a7ca8f0ef47c2c07,blur20
0,so_fake_ood,real,,test_ood,a7ca8f0ef47c2c07,resize05
0,so_fake_ood,real,,test_ood,a7ca8f0ef47c2c07,resize025
0,so_fake_ood,real,,test_ood,a7ca8f0ef47c2c07,noise002
0,so_fake_ood,real,,test_ood,a7ca8f0ef47c2c07,noise005
0,so_fake_ood,real,,test_ood,a7ca8f0ef47c2c07,noise01
0,so_fake_ood,real,,test_ood,a7ca8f0ef47c2c07,jitter02
0,so_fake_ood,real,,test_ood,a7ca8f0ef47c2c07,crop08
0,so_fake_ood,real,,test_ood,a640ba69802b3582,clean
0,so_fake_ood,real,,test_ood,a640ba69802b3582,jpeg90
0,so_fake_ood,real,,test_ood,a640ba69802b3582,jpeg70
0,so_fake_ood,real,,test_ood,a640ba69802b3582,jpeg50
0,so_fake_ood,real,,test_ood,a640ba69802b3582,jpeg30
0,so_fake_ood,real,,test_ood,a640ba69802b3582,blur05
0,so_fake_ood,real,,test_ood,a640ba69802b3582,blur10
0,so_fake_ood,real,,test_ood,a640ba69802b3582,blur20
0,so_fake_ood,real,,test_ood,a640ba69802b3582,resize05
0,so_fake_ood,real,,test_ood,a640ba69802b3582,resize025
0,so_fake_ood,real,,test_ood,a640ba69802b3582,noise002
0,so_fake_ood,real,,test_ood,a640ba69802b3582,noise005
0,so_fake_ood,real,,test_ood,a640ba69802b3582,noise01
0,so_fake_ood,real,,test_ood,a640ba69802b3582,jitter02
0,so_fake_ood,real,,test_ood,a640ba69802b3582,crop08
0,so_fake_ood,real,,test_ood,110a82daac49231c,clean
0,so_fake_ood,real,,test_ood,110a82daac49231c,jpeg90
0,so_fake_ood,real,,test_ood,110a82daac49231c,jpeg70
0,so_fake_ood,real,,test_ood,110a82daac49231c,jpeg50
0,so_fake_ood,real,,test_ood,110a82daac49231c,jpeg30
0,so_fake_ood,real,,test_ood,110a82daac49231c,blur05
0,so_fake_ood,real,,test_ood,110a82daac49231c,blur10
0,so_fake_ood,real,,test_ood,110a82daac49231c,blur20
0,so_fake_ood,real,,test_ood,110a82daac49231c,resize05
0,so_fake_ood,real,,test_ood,110a82daac49231c,resize025
0,so_fake_ood,real,,test_ood,110a82daac49231c,noise002
0,so_fake_ood,real,,test_ood,110a82daac49231c,noise005
0,so_fake_ood,real,,test_ood,110a82daac49231c,noise01
0,so_fake_ood,real,,test_ood,110a82daac49231c,jitter02
0,so_fake_ood,real,,test_ood,110a82daac49231c,crop08
0,so_fake_ood,real,,test_ood,f250b075f490119c,clean
0,so_fake_ood,real,,test_ood,f250b075f490119c,jpeg90
0,so_fake_ood,real,,test_ood,f250b075f490119c,jpeg70
0,so_fake_ood,real,,test_ood,f250b075f490119c,jpeg50
0,so_fake_ood,real,,test_ood,f250b075f490119c,jpeg30
0,so_fake_ood,real,,test_ood,f250b075f490119c,blur05
0,so_fake_ood,real,,test_ood,f250b075f490119c,blur10
0,so_fake_ood,real,,test_ood,f250b075f490119c,blur20
0,so_fake_ood,real,,test_ood,f250b075f490119c,resize05
0,so_fake_ood,real,,test_ood,f250b075f490119c,resize025
0,so_fake_ood,real,,test_ood,f250b075f490119c,noise002
0,so_fake_ood,real,,test_ood,f250b075f490119c,noise005
0,so_fake_ood,real,,test_ood,f250b075f490119c,noise01
0,so_fake_ood,real,,test_ood,f250b075f490119c,jitter02
0,so_fake_ood,real,,test_ood,f250b075f490119c,crop08
0,so_fake_ood,real,,test_ood,92d84b4756858091,clean
0,so_fake_ood,real,,test_ood,92d84b4756858091,jpeg90
0,so_fake_ood,real,,test_ood,92d84b4756858091,jpeg70
0,so_fake_ood,real,,test_ood,92d84b4756858091,jpeg50
0,so_fake_ood,real,,test_ood,92d84b4756858091,jpeg30
0,so_fake_ood,real,,test_ood,92d84b4756858091,blur05
0,so_fake_ood,real,,test_ood,92d84b4756858091,blur10
0,so_fake_ood,real,,test_ood,92d84b4756858091,blur20
0,so_fake_ood,real,,test_ood,92d84b4756858091,resize05
0,so_fake_ood,real,,test_ood,92d84b4756858091,resize025
0,so_fake_ood,real,,test_ood,92d84b4756858091,noise002
0,so_fake_ood,real,,test_ood,92d84b4756858091,noise005
0,so_fake_ood,real,,test_ood,92d84b4756858091,noise01
0,so_fake_ood,real,,test_ood,92d84b4756858091,jitter02
0,so_fake_ood,real,,test_ood,92d84b4756858091,crop08
0,so_fake_ood,real,,test_ood,0b158031464a37db,clean
0,so_fake_ood,real,,test_ood,0b158031464a37db,jpeg90
0,so_fake_ood,real,,test_ood,0b158031464a37db,jpeg70
0,so_fake_ood,real,,test_ood,0b158031464a37db,jpeg50
0,so_fake_ood,real,,test_ood,0b158031464a37db,jpeg30
0,so_fake_ood,real,,test_ood,0b158031464a37db,blur05
0,so_fake_ood,real,,test_ood,0b158031464a37db,blur10
0,so_fake_ood,real,,test_ood,0b158031464a37db,blur20
0,so_fake_ood,real,,test_ood,0b158031464a37db,resize05
0,so_fake_ood,real,,test_ood,0b158031464a37db,resize025
0,so_fake_ood,real,,test_ood,0b158031464a37db,noise002
0,so_fake_ood,real,,test_ood,0b158031464a37db,noise005
0,so_fake_ood,real,,test_ood,0b158031464a37db,noise01
0,so_fake_ood,real,,test_ood,0b158031464a37db,jitter02
0,so_fake_ood,real,,test_ood,0b158031464a37db,crop08
0,so_fake_ood,real,,test_ood,d0ed413f76526dbf,clean
0,so_fake_ood,real,,test_ood,d0ed413f76526dbf,jpeg90
0,so_fake_ood,real,,test_ood,d0ed413f76526dbf,jpeg70
0,so_fake_ood,real,,test_ood,d0ed413f76526dbf,jpeg50
0,so_fake_ood,real,,test_ood,d0ed413f76526dbf,jpeg30
0,so_fake_ood,real,,test_ood,d0ed413f76526dbf,blur05
0,so_fake_ood,real,,test_ood,d0ed413f76526dbf,blur10
0,so_fake_ood,real,,test_ood,d0ed413f76526dbf,blur20
0,so_fake_ood,real,,test_ood,d0ed413f76526dbf,resize05
0,so_fake_ood,real,,test_ood,d0ed413f76526dbf,resize025
0,so_fake_ood,real,,test_ood,d0ed413f76526dbf,noise002
0,so_fake_ood,real,,test_ood,d0ed413f76526dbf,noise005
0,so_fake_ood,real,,test_ood,d0ed413f76526dbf,noise01
0,so_fake_ood,real,,test_ood,d0ed413f76526dbf,jitter02
0,so_fake_ood,real,,test_ood,d0ed413f76526dbf,crop08
0,so_fake_ood,real,,test_ood,20127ad1ab6816f8,clean
0,so_fake_ood,real,,test_ood,20127ad1ab6816f8,jpeg90
0,so_fake_ood,real,,test_ood,20127ad1ab6816f8,jpeg70
0,so_fake_ood,real,,test_ood,20127ad1ab6816f8,jpeg50
0,so_fake_ood,real,,test_ood,20127ad1ab6816f8,jpeg30
0,so_fake_ood,real,,test_ood,20127ad1ab6816f8,blur05
0,so_fake_ood,real,,test_ood,20127ad1ab6816f8,blur10
0,so_fake_ood,real,,test_ood,20127ad1ab6816f8,blur20
0,so_fake_ood,real,,test_ood,20127ad1ab6816f8,resize05
0,so_fake_ood,real,,test_ood,20127ad1ab6816f8,resize025
0,so_fake_ood,real,,test_ood,20127ad1ab6816f8,noise002
0,so_fake_ood,real,,test_ood,20127ad1ab6816f8,noise005
0,so_fake_ood,real,,test_ood,20127ad1ab6816f8,noise01
0,so_fake_ood,real,,test_ood,20127ad1ab6816f8,jitter02
0,so_fake_ood,real,,test_ood,20127ad1ab6816f8,crop08
0,so_fake_ood,real,,test_ood,b2e9e57478ec8b35,clean
0,so_fake_ood,real,,test_ood,b2e9e57478ec8b35,jpeg90
0,so_fake_ood,real,,test_ood,b2e9e57478ec8b35,jpeg70
0,so_fake_ood,real,,test_ood,b2e9e57478ec8b35,jpeg50
0,so_fake_ood,real,,test_ood,b2e9e57478ec8b35,jpeg30
0,so_fake_ood,real,,test_ood,b2e9e57478ec8b35,blur05
0,so_fake_ood,real,,test_ood,b2e9e57478ec8b35,blur10
0,so_fake_ood,real,,test_ood,b2e9e57478ec8b35,blur20
0,so_fake_ood,real,,test_ood,b2e9e57478ec8b35,resize05
0,so_fake_ood,real,,test_ood,b2e9e57478ec8b35,resize025
0,so_fake_ood,real,,test_ood,b2e9e57478ec8b35,noise002
0,so_fake_ood,real,,test_ood,b2e9e57478ec8b35,noise005
0,so_fake_ood,real,,test_ood,b2e9e57478ec8b35,noise01
0,so_fake_ood,real,,test_ood,b2e9e57478ec8b35,jitter02
0,so_fake_ood,real,,test_ood,b2e9e57478ec8b35,crop08
0,so_fake_ood,real,,test_ood,7d01d8be2e1e8d85,clean
0,so_fake_ood,real,,test_ood,7d01d8be2e1e8d85,jpeg90
0,so_fake_ood,real,,test_ood,7d01d8be2e1e8d85,jpeg70
0,so_fake_ood,real,,test_ood,7d01d8be2e1e8d85,jpeg50
0,so_fake_ood,real,,test_ood,7d01d8be2e1e8d85,jpeg30
0,so_fake_ood,real,,test_ood,7d01d8be2e1e8d85,blur05
0,so_fake_ood,real,,test_ood,7d01d8be2e1e8d85,blur10
0,so_fake_ood,real,,test_ood,7d01d8be2e1e8d85,blur20
0,so_fake_ood,real,,test_ood,7d01d8be2e1e8d85,resize05
0,so_fake_ood,real,,test_ood,7d01d8be2e1e8d85,resize025
0,so_fake_ood,real,,test_ood,7d01d8be2e1e8d85,noise002
0,so_fake_ood,real,,test_ood,7d01d8be2e1e8d85,noise005
0,so_fake_ood,real,,test_ood,7d01d8be2e1e8d85,noise01
0,so_fake_ood,real,,test_ood,7d01d8be2e1e8d85,jitter02
0,so_fake_ood,real,,test_ood,7d01d8be2e1e8d85,crop08
0,so_fake_ood,real,,test_ood,c26af89beca04393,clean
0,so_fake_ood,real,,test_ood,c26af89beca04393,jpeg90
0,so_fake_ood,real,,test_ood,c26af89beca04393,jpeg70
0,so_fake_ood,real,,test_ood,c26af89beca04393,jpeg50
0,so_fake_ood,real,,test_ood,c26af89beca04393,jpeg30
0,so_fake_ood,real,,test_ood,c26af89beca04393,blur05
0,so_fake_ood,real,,test_ood,c26af89beca04393,blur10
0,so_fake_ood,real,,test_ood,c26af89beca04393,blur20
0,so_fake_ood,real,,test_ood,c26af89beca04393,resize05
0,so_fake_ood,real,,test_ood,c26af89beca04393,resize025
0,so_fake_ood,real,,test_ood,c26af89beca04393,noise002
0,so_fake_ood,real,,test_ood,c26af89beca04393,noise005
0,so_fake_ood,real,,test_ood,c26af89beca04393,noise01
0,so_fake_ood,real,,test_ood,c26af89beca04393,jitter02
0,so_fake_ood,real,,test_ood,c26af89beca04393,crop08
0,so_fake_ood,real,,test_ood,7e494bdcdff2ff26,clean
0,so_fake_ood,real,,test_ood,7e494bdcdff2ff26,jpeg90
0,so_fake_ood,real,,test_ood,7e494bdcdff2ff26,jpeg70
0,so_fake_ood,real,,test_ood,7e494bdcdff2ff26,jpeg50
0,so_fake_ood,real,,test_ood,7e494bdcdff2ff26,jpeg30
0,so_fake_ood,real,,test_ood,7e494bdcdff2ff26,blur05
0,so_fake_ood,real,,test_ood,7e494bdcdff2ff26,blur10
0,so_fake_ood,real,,test_ood,7e494bdcdff2ff26,blur20
0,so_fake_ood,real,,test_ood,7e494bdcdff2ff26,resize05
0,so_fake_ood,real,,test_ood,7e494bdcdff2ff26,resize025
0,so_fake_ood,real,,test_ood,7e494bdcdff2ff26,noise002
0,so_fake_ood,real,,test_ood,7e494bdcdff2ff26,noise005
0,so_fake_ood,real,,test_ood,7e494bdcdff2ff26,noise01
0,so_fake_ood,real,,test_ood,7e494bdcdff2ff26,jitter02
0,so_fake_ood,real,,test_ood,7e494bdcdff2ff26,crop08
0,so_fake_ood,real,,test_ood,7a3fdc26d13ea5fe,clean
0,so_fake_ood,real,,test_ood,7a3fdc26d13ea5fe,jpeg90
0,so_fake_ood,real,,test_ood,7a3fdc26d13ea5fe,jpeg70
0,so_fake_ood,real,,test_ood,7a3fdc26d13ea5fe,jpeg50
0,so_fake_ood,real,,test_ood,7a3fdc26d13ea5fe,jpeg30
0,so_fake_ood,real,,test_ood,7a3fdc26d13ea5fe,blur05
0,so_fake_ood,real,,test_ood,7a3fdc26d13ea5fe,blur10
0,so_fake_ood,real,,test_ood,7a3fdc26d13ea5fe,blur20
0,so_fake_ood,real,,test_ood,7a3fdc26d13ea5fe,resize05
0,so_fake_ood,real,,test_ood,7a3fdc26d13ea5fe,resize025
0,so_fake_ood,real,,test_ood,7a3fdc26d13ea5fe,noise002
0,so_fake_ood,real,,test_ood,7a3fdc26d13ea5fe,noise005
0,so_fake_ood,real,,test_ood,7a3fdc26d13ea5fe,noise01
0,so_fake_ood,real,,test_ood,7a3fdc26d13ea5fe,jitter02
0,so_fake_ood,real,,test_ood,7a3fdc26d13ea5fe,crop08
0,so_fake_ood,real,,test_ood,ff14ea0f9d826f0f,clean
0,so_fake_ood,real,,test_ood,ff14ea0f9d826f0f,jpeg90
0,so_fake_ood,real,,test_ood,ff14ea0f9d826f0f,jpeg70
0,so_fake_ood,real,,test_ood,ff14ea0f9d826f0f,jpeg50
0,so_fake_ood,real,,test_ood,ff14ea0f9d826f0f,jpeg30
0,so_fake_ood,real,,test_ood,ff14ea0f9d826f0f,blur05
0,so_fake_ood,real,,test_ood,ff14ea0f9d826f0f,blur10
0,so_fake_ood,real,,test_ood,ff14ea0f9d826f0f,blur20
0,so_fake_ood,real,,test_ood,ff14ea0f9d826f0f,resize05
0,so_fake_ood,real,,test_ood,ff14ea0f9d826f0f,resize025
0,so_fake_ood,real,,test_ood,ff14ea0f9d826f0f,noise002
0,so_fake_ood,real,,test_ood,ff14ea0f9d826f0f,noise005
0,so_fake_ood,real,,test_ood,ff14ea0f9d826f0f,noise01
0,so_fake_ood,real,,test_ood,ff14ea0f9d826f0f,jitter02
0,so_fake_ood,real,,test_ood,ff14ea0f9d826f0f,crop08
0,so_fake_ood,real,,test_ood,9b02fa143148c097,clean
0,so_fake_ood,real,,test_ood,9b02fa143148c097,jpeg90
0,so_fake_ood,real,,test_ood,9b02fa143148c097,jpeg70
0,so_fake_ood,real,,test_ood,9b02fa143148c097,jpeg50
0,so_fake_ood,real,,test_ood,9b02fa143148c097,jpeg30
0,so_fake_ood,real,,test_ood,9b02fa143148c097,blur05
0,so_fake_ood,real,,test_ood,9b02fa143148c097,blur10
0,so_fake_ood,real,,test_ood,9b02fa143148c097,blur20
0,so_fake_ood,real,,test_ood,9b02fa143148c097,resize05
0,so_fake_ood,real,,test_ood,9b02fa143148c097,resize025
0,so_fake_ood,real,,test_ood,9b02fa143148c097,noise002
0,so_fake_ood,real,,test_ood,9b02fa143148c097,noise005
0,so_fake_ood,real,,test_ood,9b02fa143148c097,noise01
0,so_fake_ood,real,,test_ood,9b02fa143148c097,jitter02
0,so_fake_ood,real,,test_ood,9b02fa143148c097,crop08
0,so_fake_ood,real,,test_ood,f8b75aa349e7dbbd,clean
0,so_fake_ood,real,,test_ood,f8b75aa349e7dbbd,jpeg90
0,so_fake_ood,real,,test_ood,f8b75aa349e7dbbd,jpeg70
0,so_fake_ood,real,,test_ood,f8b75aa349e7dbbd,jpeg50
0,so_fake_ood,real,,test_ood,f8b75aa349e7dbbd,jpeg30
0,so_fake_ood,real,,test_ood,f8b75aa349e7dbbd,blur05
0,so_fake_ood,real,,test_ood,f8b75aa349e7dbbd,blur10
0,so_fake_ood,real,,test_ood,f8b75aa349e7dbbd,blur20
0,so_fake_ood,real,,test_ood,f8b75aa349e7dbbd,resize05
0,so_fake_ood,real,,test_ood,f8b75aa349e7dbbd,resize025
0,so_fake_ood,real,,test_ood,f8b75aa349e7dbbd,noise002
0,so_fake_ood,real,,test_ood,f8b75aa349e7dbbd,noise005
0,so_fake_ood,real,,test_ood,f8b75aa349e7dbbd,noise01
0,so_fake_ood,real,,test_ood,f8b75aa349e7dbbd,jitter02
0,so_fake_ood,real,,test_ood,f8b75aa349e7dbbd,crop08
0,so_fake_ood,real,,test_ood,ee760bf5eacff8fa,clean
0,so_fake_ood,real,,test_ood,ee760bf5eacff8fa,jpeg90
0,so_fake_ood,real,,test_ood,ee760bf5eacff8fa,jpeg70
0,so_fake_ood,real,,test_ood,ee760bf5eacff8fa,jpeg50
0,so_fake_ood,real,,test_ood,ee760bf5eacff8fa,jpeg30
0,so_fake_ood,real,,test_ood,ee760bf5eacff8fa,blur05
0,so_fake_ood,real,,test_ood,ee760bf5eacff8fa,blur10
0,so_fake_ood,real,,test_ood,ee760bf5eacff8fa,blur20
0,so_fake_ood,real,,test_ood,ee760bf5eacff8fa,resize05
0,so_fake_ood,real,,test_ood,ee760bf5eacff8fa,resize025
0,so_fake_ood,real,,test_ood,ee760bf5eacff8fa,noise002
0,so_fake_ood,real,,test_ood,ee760bf5eacff8fa,noise005
0,so_fake_ood,real,,test_ood,ee760bf5eacff8fa,noise01
0,so_fake_ood,real,,test_ood,ee760bf5eacff8fa,jitter02
0,so_fake_ood,real,,test_ood,ee760bf5eacff8fa,crop08
0,so_fake_ood,real,,test_ood,f13cae5801c861f9,clean
0,so_fake_ood,real,,test_ood,f13cae5801c861f9,jpeg90
0,so_fake_ood,real,,test_ood,f13cae5801c861f9,jpeg70
0,so_fake_ood,real,,test_ood,f13cae5801c861f9,jpeg50
0,so_fake_ood,real,,test_ood,f13cae5801c861f9,jpeg30
0,so_fake_ood,real,,test_ood,f13cae5801c861f9,blur05
0,so_fake_ood,real,,test_ood,f13cae5801c861f9,blur10
0,so_fake_ood,real,,test_ood,f13cae5801c861f9,blur20
0,so_fake_ood,real,,test_ood,f13cae5801c861f9,resize05
0,so_fake_ood,real,,test_ood,f13cae5801c861f9,resize025
0,so_fake_ood,real,,test_ood,f13cae5801c861f9,noise002
0,so_fake_ood,real,,test_ood,f13cae5801c861f9,noise005
0,so_fake_ood,real,,test_ood,f13cae5801c861f9,noise01
0,so_fake_ood,real,,test_ood,f13cae5801c861f9,jitter02
0,so_fake_ood,real,,test_ood,f13cae5801c861f9,crop08
0,so_fake_ood,real,,test_ood,97932d78b797934c,clean
0,so_fake_ood,real,,test_ood,97932d78b797934c,jpeg90
0,so_fake_ood,real,,test_ood,97932d78b797934c,jpeg70
0,so_fake_ood,real,,test_ood,97932d78b797934c,jpeg50
0,so_fake_ood,real,,test_ood,97932d78b797934c,jpeg30
0,so_fake_ood,real,,test_ood,97932d78b797934c,blur05
0,so_fake_ood,real,,test_ood,97932d78b797934c,blur10
0,so_fake_ood,real,,test_ood,97932d78b797934c,blur20
0,so_fake_ood,real,,test_ood,97932d78b797934c,resize05
0,so_fake_ood,real,,test_ood,97932d78b797934c,resize025
0,so_fake_ood,real,,test_ood,97932d78b797934c,noise002
0,so_fake_ood,real,,test_ood,97932d78b797934c,noise005
0,so_fake_ood,real,,test_ood,97932d78b797934c,noise01
0,so_fake_ood,real,,test_ood,97932d78b797934c,jitter02
0,so_fake_ood,real,,test_ood,97932d78b797934c,crop08
0,so_fake_ood,real,,test_ood,16b59ef0130a6b3b,clean
0,so_fake_ood,real,,test_ood,16b59ef0130a6b3b,jpeg90
0,so_fake_ood,real,,test_ood,16b59ef0130a6b3b,jpeg70
0,so_fake_ood,real,,test_ood,16b59ef0130a6b3b,jpeg50
0,so_fake_ood,real,,test_ood,16b59ef0130a6b3b,jpeg30
0,so_fake_ood,real,,test_ood,16b59ef0130a6b3b,blur05
0,so_fake_ood,real,,test_ood,16b59ef0130a6b3b,blur10
0,so_fake_ood,real,,test_ood,16b59ef0130a6b3b,blur20
0,so_fake_ood,real,,test_ood,16b59ef0130a6b3b,resize05
0,so_fake_ood,real,,test_ood,16b59ef0130a6b3b,resize025
0,so_fake_ood,real,,test_ood,16b59ef0130a6b3b,noise002
0,so_fake_ood,real,,test_ood,16b59ef0130a6b3b,noise005
0,so_fake_ood,real,,test_ood,16b59ef0130a6b3b,noise01
0,so_fake_ood,real,,test_ood,16b59ef0130a6b3b,jitter02
0,so_fake_ood,real,,test_ood,16b59ef0130a6b3b,crop08
0,so_fake_ood,real,,test_ood,8d4a1efe2c2c995f,clean
0,so_fake_ood,real,,test_ood,8d4a1efe2c2c995f,jpeg90
0,so_fake_ood,real,,test_ood,8d4a1efe2c2c995f,jpeg70
0,so_fake_ood,real,,test_ood,8d4a1efe2c2c995f,jpeg50
0,so_fake_ood,real,,test_ood,8d4a1efe2c2c995f,jpeg30
0,so_fake_ood,real,,test_ood,8d4a1efe2c2c995f,blur05
0,so_fake_ood,real,,test_ood,8d4a1efe2c2c995f,blur10
0,so_fake_ood,real,,test_ood,8d4a1efe2c2c995f,blur20
0,so_fake_ood,real,,test_ood,8d4a1efe2c2c995f,resize05
0,so_fake_ood,real,,test_ood,8d4a1efe2c2c995f,resize025
0,so_fake_ood,real,,test_ood,8d4a1efe2c2c995f,noise002
0,so_fake_ood,real,,test_ood,8d4a1efe2c2c995f,noise005
0,so_fake_ood,real,,test_ood,8d4a1efe2c2c995f,noise01
0,so_fake_ood,real,,test_ood,8d4a1efe2c2c995f,jitter02
0,so_fake_ood,real,,test_ood,8d4a1efe2c2c995f,crop08
0,so_fake_ood,real,,test_ood,2fbaccc2e62a7952,clean
0,so_fake_ood,real,,test_ood,2fbaccc2e62a7952,jpeg90
0,so_fake_ood,real,,test_ood,2fbaccc2e62a7952,jpeg70
0,so_fake_ood,real,,test_ood,2fbaccc2e62a7952,jpeg50
0,so_fake_ood,real,,test_ood,2fbaccc2e62a7952,jpeg30
0,so_fake_ood,real,,test_ood,2fbaccc2e62a7952,blur05
0,so_fake_ood,real,,test_ood,2fbaccc2e62a7952,blur10
0,so_fake_ood,real,,test_ood,2fbaccc2e62a7952,blur20
0,so_fake_ood,real,,test_ood,2fbaccc2e62a7952,resize05
0,so_fake_ood,real,,test_ood,2fbaccc2e62a7952,resize025
0,so_fake_ood,real,,test_ood,2fbaccc2e62a7952,noise002
0,so_fake_ood,real,,test_ood,2fbaccc2e62a7952,noise005
0,so_fake_ood,real,,test_ood,2fbaccc2e62a7952,noise01
0,so_fake_ood,real,,test_ood,2fbaccc2e62a7952,jitter02
0,so_fake_ood,real,,test_ood,2fbaccc2e62a7952,crop08
0,so_fake_ood,real,,test_ood,aafb3fd9faf9dabc,clean
0,so_fake_ood,real,,test_ood,aafb3fd9faf9dabc,jpeg90
0,so_fake_ood,real,,test_ood,aafb3fd9faf9dabc,jpeg70
0,so_fake_ood,real,,test_ood,aafb3fd9faf9dabc,jpeg50
0,so_fake_ood,real,,test_ood,aafb3fd9faf9dabc,jpeg30
0,so_fake_ood,real,,test_ood,aafb3fd9faf9dabc,blur05
0,so_fake_ood,real,,test_ood,aafb3fd9faf9dabc,blur10
0,so_fake_ood,real,,test_ood,aafb3fd9faf9dabc,blur20
0,so_fake_ood,real,,test_ood,aafb3fd9faf9dabc,resize05
0,so_fake_ood,real,,test_ood,aafb3fd9faf9dabc,resize025
0,so_fake_ood,real,,test_ood,aafb3fd9faf9dabc,noise002
0,so_fake_ood,real,,test_ood,aafb3fd9faf9dabc,noise005
0,so_fake_ood,real,,test_ood,aafb3fd9faf9dabc,noise01
0,so_fake_ood,real,,test_ood,aafb3fd9faf9dabc,jitter02
0,so_fake_ood,real,,test_ood,aafb3fd9faf9dabc,crop08
0,so_fake_ood,real,,test_ood,490656feb466d116,clean
0,so_fake_ood,real,,test_ood,490656feb466d116,jpeg90
0,so_fake_ood,real,,test_ood,490656feb466d116,jpeg70
0,so_fake_ood,real,,test_ood,490656feb466d116,jpeg50
0,so_fake_ood,real,,test_ood,490656feb466d116,jpeg30
0,so_fake_ood,real,,test_ood,490656feb466d116,blur05
0,so_fake_ood,real,,test_ood,490656feb466d116,blur10
0,so_fake_ood,real,,test_ood,490656feb466d116,blur20
0,so_fake_ood,real,,test_ood,490656feb466d116,resize05
0,so_fake_ood,real,,test_ood,490656feb466d116,resize025
0,so_fake_ood,real,,test_ood,490656feb466d116,noise002
0,so_fake_ood,real,,test_ood,490656feb466d116,noise005
0,so_fake_ood,real,,test_ood,490656feb466d116,noise01
0,so_fake_ood,real,,test_ood,490656feb466d116,jitter02
0,so_fake_ood,real,,test_ood,490656feb466d116,crop08
0,so_fake_ood,real,,test_ood,1738b7da9cd35a03,clean
0,so_fake_ood,real,,test_ood,1738b7da9cd35a03,jpeg90
0,so_fake_ood,real,,test_ood,1738b7da9cd35a03,jpeg70
0,so_fake_ood,real,,test_ood,1738b7da9cd35a03,jpeg50
0,so_fake_ood,real,,test_ood,1738b7da9cd35a03,jpeg30
0,so_fake_ood,real,,test_ood,1738b7da9cd35a03,blur05
0,so_fake_ood,real,,test_ood,1738b7da9cd35a03,blur10
0,so_fake_ood,real,,test_ood,1738b7da9cd35a03,blur20
0,so_fake_ood,real,,test_ood,1738b7da9cd35a03,resize05
0,so_fake_ood,real,,test_ood,1738b7da9cd35a03,resize025
0,so_fake_ood,real,,test_ood,1738b7da9cd35a03,noise002
0,so_fake_ood,real,,test_ood,1738b7da9cd35a03,noise005
0,so_fake_ood,real,,test_ood,1738b7da9cd35a03,noise01
0,so_fake_ood,real,,test_ood,1738b7da9cd35a03,jitter02
0,so_fake_ood,real,,test_ood,1738b7da9cd35a03,crop08
0,so_fake_ood,real,,test_ood,937cd056b60c1751,clean
0,so_fake_ood,real,,test_ood,937cd056b60c1751,jpeg90
0,so_fake_ood,real,,test_ood,937cd056b60c1751,jpeg70
0,so_fake_ood,real,,test_ood,937cd056b60c1751,jpeg50
0,so_fake_ood,real,,test_ood,937cd056b60c1751,jpeg30
0,so_fake_ood,real,,test_ood,937cd056b60c1751,blur05
0,so_fake_ood,real,,test_ood,937cd056b60c1751,blur10
0,so_fake_ood,real,,test_ood,937cd056b60c1751,blur20
0,so_fake_ood,real,,test_ood,937cd056b60c1751,resize05
0,so_fake_ood,real,,test_ood,937cd056b60c1751,resize025
0,so_fake_ood,real,,test_ood,937cd056b60c1751,noise002
0,so_fake_ood,real,,test_ood,937cd056b60c1751,noise005
0,so_fake_ood,real,,test_ood,937cd056b60c1751,noise01
0,so_fake_ood,real,,test_ood,937cd056b60c1751,jitter02
0,so_fake_ood,real,,test_ood,937cd056b60c1751,crop08
0,so_fake_ood,real,,test_ood,82199a91c71fe95a,clean
0,so_fake_ood,real,,test_ood,82199a91c71fe95a,jpeg90
0,so_fake_ood,real,,test_ood,82199a91c71fe95a,jpeg70
0,so_fake_ood,real,,test_ood,82199a91c71fe95a,jpeg50
0,so_fake_ood,real,,test_ood,82199a91c71fe95a,jpeg30
0,so_fake_ood,real,,test_ood,82199a91c71fe95a,blur05
0,so_fake_ood,real,,test_ood,82199a91c71fe95a,blur10
0,so_fake_ood,real,,test_ood,82199a91c71fe95a,blur20
0,so_fake_ood,real,,test_ood,82199a91c71fe95a,resize05
0,so_fake_ood,real,,test_ood,82199a91c71fe95a,resize025
0,so_fake_ood,real,,test_ood,82199a91c71fe95a,noise002
0,so_fake_ood,real,,test_ood,82199a91c71fe95a,noise005
0,so_fake_ood,real,,test_ood,82199a91c71fe95a,noise01
0,so_fake_ood,real,,test_ood,82199a91c71fe95a,jitter02
0,so_fake_ood,real,,test_ood,82199a91c71fe95a,crop08
0,so_fake_ood,real,,test_ood,13e628d5da7bb760,clean
0,so_fake_ood,real,,test_ood,13e628d5da7bb760,jpeg90
0,so_fake_ood,real,,test_ood,13e628d5da7bb760,jpeg70
0,so_fake_ood,real,,test_ood,13e628d5da7bb760,jpeg50
0,so_fake_ood,real,,test_ood,13e628d5da7bb760,jpeg30
0,so_fake_ood,real,,test_ood,13e628d5da7bb760,blur05
0,so_fake_ood,real,,test_ood,13e628d5da7bb760,blur10
0,so_fake_ood,real,,test_ood,13e628d5da7bb760,blur20
0,so_fake_ood,real,,test_ood,13e628d5da7bb760,resize05
0,so_fake_ood,real,,test_ood,13e628d5da7bb760,resize025
0,so_fake_ood,real,,test_ood,13e628d5da7bb760,noise002
0,so_fake_ood,real,,test_ood,13e628d5da7bb760,noise005
0,so_fake_ood,real,,test_ood,13e628d5da7bb760,noise01
0,so_fake_ood,real,,test_ood,13e628d5da7bb760,jitter02
0,so_fake_ood,real,,test_ood,13e628d5da7bb760,crop08
0,so_fake_ood,real,,test_ood,d3a1ebf68277c3a9,clean
0,so_fake_ood,real,,test_ood,d3a1ebf68277c3a9,jpeg90
0,so_fake_ood,real,,test_ood,d3a1ebf68277c3a9,jpeg70
0,so_fake_ood,real,,test_ood,d3a1ebf68277c3a9,jpeg50
0,so_fake_ood,real,,test_ood,d3a1ebf68277c3a9,jpeg30
0,so_fake_ood,real,,test_ood,d3a1ebf68277c3a9,blur05
0,so_fake_ood,real,,test_ood,d3a1ebf68277c3a9,blur10
0,so_fake_ood,real,,test_ood,d3a1ebf68277c3a9,blur20
0,so_fake_ood,real,,test_ood,d3a1ebf68277c3a9,resize05
0,so_fake_ood,real,,test_ood,d3a1ebf68277c3a9,resize025
0,so_fake_ood,real,,test_ood,d3a1ebf68277c3a9,noise002
0,so_fake_ood,real,,test_ood,d3a1ebf68277c3a9,noise005
0,so_fake_ood,real,,test_ood,d3a1ebf68277c3a9,noise01
0,so_fake_ood,real,,test_ood,d3a1ebf68277c3a9,jitter02
0,so_fake_ood,real,,test_ood,d3a1ebf68277c3a9,crop08
0,so_fake_ood,real,,test_ood,d50bf9baf10447dd,clean
0,so_fake_ood,real,,test_ood,d50bf9baf10447dd,jpeg90
0,so_fake_ood,real,,test_ood,d50bf9baf10447dd,jpeg70
0,so_fake_ood,real,,test_ood,d50bf9baf10447dd,jpeg50
0,so_fake_ood,real,,test_ood,d50bf9baf10447dd,jpeg30
0,so_fake_ood,real,,test_ood,d50bf9baf10447dd,blur05
0,so_fake_ood,real,,test_ood,d50bf9baf10447dd,blur10
0,so_fake_ood,real,,test_ood,d50bf9baf10447dd,blur20
0,so_fake_ood,real,,test_ood,d50bf9baf10447dd,resize05
0,so_fake_ood,real,,test_ood,d50bf9baf10447dd,resize025
0,so_fake_ood,real,,test_ood,d50bf9baf10447dd,noise002
0,so_fake_ood,real,,test_ood,d50bf9baf10447dd,noise005
0,so_fake_ood,real,,test_ood,d50bf9baf10447dd,noise01
0,so_fake_ood,real,,test_ood,d50bf9baf10447dd,jitter02
0,so_fake_ood,real,,test_ood,d50bf9baf10447dd,crop08
0,so_fake_ood,real,,test_ood,c1b4328f974e7418,clean
0,so_fake_ood,real,,test_ood,c1b4328f974e7418,jpeg90
0,so_fake_ood,real,,test_ood,c1b4328f974e7418,jpeg70
0,so_fake_ood,real,,test_ood,c1b4328f974e7418,jpeg50
0,so_fake_ood,real,,test_ood,c1b4328f974e7418,jpeg30
0,so_fake_ood,real,,test_ood,c1b4328f974e7418,blur05
0,so_fake_ood,real,,test_ood,c1b4328f974e7418,blur10
0,so_fake_ood,real,,test_ood,c1b4328f974e7418,blur20
0,so_fake_ood,real,,test_ood,c1b4328f974e7418,resize05
0,so_fake_ood,real,,test_ood,c1b4328f974e7418,resize025
0,so_fake_ood,real,,test_ood,c1b4328f974e7418,noise002
0,so_fake_ood,real,,test_ood,c1b4328f974e7418,noise005
0,so_fake_ood,real,,test_ood,c1b4328f974e7418,noise01
0,so_fake_ood,real,,test_ood,c1b4328f974e7418,jitter02
0,so_fake_ood,real,,test_ood,c1b4328f974e7418,crop08
0,so_fake_ood,real,,test_ood,fc5499ce23fb119c,clean
0,so_fake_ood,real,,test_ood,fc5499ce23fb119c,jpeg90
0,so_fake_ood,real,,test_ood,fc5499ce23fb119c,jpeg70
0,so_fake_ood,real,,test_ood,fc5499ce23fb119c,jpeg50
0,so_fake_ood,real,,test_ood,fc5499ce23fb119c,jpeg30
0,so_fake_ood,real,,test_ood,fc5499ce23fb119c,blur05
0,so_fake_ood,real,,test_ood,fc5499ce23fb119c,blur10
0,so_fake_ood,real,,test_ood,fc5499ce23fb119c,blur20
0,so_fake_ood,real,,test_ood,fc5499ce23fb119c,resize05
0,so_fake_ood,real,,test_ood,fc5499ce23fb119c,resize025
0,so_fake_ood,real,,test_ood,fc5499ce23fb119c,noise002
0,so_fake_ood,real,,test_ood,fc5499ce23fb119c,noise005
0,so_fake_ood,real,,test_ood,fc5499ce23fb119c,noise01
0,so_fake_ood,real,,test_ood,fc5499ce23fb119c,jitter02
0,so_fake_ood,real,,test_ood,fc5499ce23fb119c,crop08
0,so_fake_ood,real,,test_ood,c5adcf7bef24f709,clean
0,so_fake_ood,real,,test_ood,c5adcf7bef24f709,jpeg90
0,so_fake_ood,real,,test_ood,c5adcf7bef24f709,jpeg70
0,so_fake_ood,real,,test_ood,c5adcf7bef24f709,jpeg50
0,so_fake_ood,real,,test_ood,c5adcf7bef24f709,jpeg30
0,so_fake_ood,real,,test_ood,c5adcf7bef24f709,blur05
0,so_fake_ood,real,,test_ood,c5adcf7bef24f709,blur10
0,so_fake_ood,real,,test_ood,c5adcf7bef24f709,blur20
0,so_fake_ood,real,,test_ood,c5adcf7bef24f709,resize05
0,so_fake_ood,real,,test_ood,c5adcf7bef24f709,resize025
0,so_fake_ood,real,,test_ood,c5adcf7bef24f709,noise002
0,so_fake_ood,real,,test_ood,c5adcf7bef24f709,noise005
0,so_fake_ood,real,,test_ood,c5adcf7bef24f709,noise01
0,so_fake_ood,real,,test_ood,c5adcf7bef24f709,jitter02
0,so_fake_ood,real,,test_ood,c5adcf7bef24f709,crop08
0,so_fake_ood,real,,test_ood,bff7db1abac4b13d,clean
0,so_fake_ood,real,,test_ood,bff7db1abac4b13d,jpeg90
0,so_fake_ood,real,,test_ood,bff7db1abac4b13d,jpeg70
0,so_fake_ood,real,,test_ood,bff7db1abac4b13d,jpeg50
0,so_fake_ood,real,,test_ood,bff7db1abac4b13d,jpeg30
0,so_fake_ood,real,,test_ood,bff7db1abac4b13d,blur05
0,so_fake_ood,real,,test_ood,bff7db1abac4b13d,blur10
0,so_fake_ood,real,,test_ood,bff7db1abac4b13d,blur20
0,so_fake_ood,real,,test_ood,bff7db1abac4b13d,resize05
0,so_fake_ood,real,,test_ood,bff7db1abac4b13d,resize025
0,so_fake_ood,real,,test_ood,bff7db1abac4b13d,noise002
0,so_fake_ood,real,,test_ood,bff7db1abac4b13d,noise005
0,so_fake_ood,real,,test_ood,bff7db1abac4b13d,noise01
0,so_fake_ood,real,,test_ood,bff7db1abac4b13d,jitter02
0,so_fake_ood,real,,test_ood,bff7db1abac4b13d,crop08
0,so_fake_ood,real,,test_ood,c26befd9eb550018,clean
0,so_fake_ood,real,,test_ood,c26befd9eb550018,jpeg90
0,so_fake_ood,real,,test_ood,c26befd9eb550018,jpeg70
0,so_fake_ood,real,,test_ood,c26befd9eb550018,jpeg50
0,so_fake_ood,real,,test_ood,c26befd9eb550018,jpeg30
0,so_fake_ood,real,,test_ood,c26befd9eb550018,blur05
0,so_fake_ood,real,,test_ood,c26befd9eb550018,blur10
0,so_fake_ood,real,,test_ood,c26befd9eb550018,blur20
0,so_fake_ood,real,,test_ood,c26befd9eb550018,resize05
0,so_fake_ood,real,,test_ood,c26befd9eb550018,resize025
0,so_fake_ood,real,,test_ood,c26befd9eb550018,noise002
0,so_fake_ood,real,,test_ood,c26befd9eb550018,noise005
0,so_fake_ood,real,,test_ood,c26befd9eb550018,noise01
0,so_fake_ood,real,,test_ood,c26befd9eb550018,jitter02
0,so_fake_ood,real,,test_ood,c26befd9eb550018,crop08
0,so_fake_ood,real,,test_ood,6e6198beeabf0a23,clean
0,so_fake_ood,real,,test_ood,6e6198beeabf0a23,jpeg90
0,so_fake_ood,real,,test_ood,6e6198beeabf0a23,jpeg70
0,so_fake_ood,real,,test_ood,6e6198beeabf0a23,jpeg50
0,so_fake_ood,real,,test_ood,6e6198beeabf0a23,jpeg30
0,so_fake_ood,real,,test_ood,6e6198beeabf0a23,blur05
0,so_fake_ood,real,,test_ood,6e6198beeabf0a23,blur10
0,so_fake_ood,real,,test_ood,6e6198beeabf0a23,blur20
0,so_fake_ood,real,,test_ood,6e6198beeabf0a23,resize05
0,so_fake_ood,real,,test_ood,6e6198beeabf0a23,resize025
0,so_fake_ood,real,,test_ood,6e6198beeabf0a23,noise002
0,so_fake_ood,real,,test_ood,6e6198beeabf0a23,noise005
0,so_fake_ood,real,,test_ood,6e6198beeabf0a23,noise01
0,so_fake_ood,real,,test_ood,6e6198beeabf0a23,jitter02
0,so_fake_ood,real,,test_ood,6e6198beeabf0a23,crop08
0,so_fake_ood,real,,test_ood,28a946934f41ccbe,clean
0,so_fake_ood,real,,test_ood,28a946934f41ccbe,jpeg90
0,so_fake_ood,real,,test_ood,28a946934f41ccbe,jpeg70
0,so_fake_ood,real,,test_ood,28a946934f41ccbe,jpeg50
0,so_fake_ood,real,,test_ood,28a946934f41ccbe,jpeg30
0,so_fake_ood,real,,test_ood,28a946934f41ccbe,blur05
0,so_fake_ood,real,,test_ood,28a946934f41ccbe,blur10
0,so_fake_ood,real,,test_ood,28a946934f41ccbe,blur20
0,so_fake_ood,real,,test_ood,28a946934f41ccbe,resize05
0,so_fake_ood,real,,test_ood,28a946934f41ccbe,resize025
0,so_fake_ood,real,,test_ood,28a946934f41ccbe,noise002
0,so_fake_ood,real,,test_ood,28a946934f41ccbe,noise005
0,so_fake_ood,real,,test_ood,28a946934f41ccbe,noise01
0,so_fake_ood,real,,test_ood,28a946934f41ccbe,jitter02
0,so_fake_ood,real,,test_ood,28a946934f41ccbe,crop08
0,so_fake_ood,real,,test_ood,8c3a7abb19c2cf9e,clean
0,so_fake_ood,real,,test_ood,8c3a7abb19c2cf9e,jpeg90
0,so_fake_ood,real,,test_ood,8c3a7abb19c2cf9e,jpeg70
0,so_fake_ood,real,,test_ood,8c3a7abb19c2cf9e,jpeg50
0,so_fake_ood,real,,test_ood,8c3a7abb19c2cf9e,jpeg30
0,so_fake_ood,real,,test_ood,8c3a7abb19c2cf9e,blur05
0,so_fake_ood,real,,test_ood,8c3a7abb19c2cf9e,blur10
0,so_fake_ood,real,,test_ood,8c3a7abb19c2cf9e,blur20
0,so_fake_ood,real,,test_ood,8c3a7abb19c2cf9e,resize05
0,so_fake_ood,real,,test_ood,8c3a7abb19c2cf9e,resize025
0,so_fake_ood,real,,test_ood,8c3a7abb19c2cf9e,noise002
0,so_fake_ood,real,,test_ood,8c3a7abb19c2cf9e,noise005
0,so_fake_ood,real,,test_ood,8c3a7abb19c2cf9e,noise01
0,so_fake_ood,real,,test_ood,8c3a7abb19c2cf9e,jitter02
0,so_fake_ood,real,,test_ood,8c3a7abb19c2cf9e,crop08
0,so_fake_ood,real,,test_ood,c1dd9f373a05dc8a,clean
0,so_fake_ood,real,,test_ood,c1dd9f373a05dc8a,jpeg90
0,so_fake_ood,real,,test_ood,c1dd9f373a05dc8a,jpeg70
0,so_fake_ood,real,,test_ood,c1dd9f373a05dc8a,jpeg50
0,so_fake_ood,real,,test_ood,c1dd9f373a05dc8a,jpeg30
0,so_fake_ood,real,,test_ood,c1dd9f373a05dc8a,blur05
0,so_fake_ood,real,,test_ood,c1dd9f373a05dc8a,blur10
0,so_fake_ood,real,,test_ood,c1dd9f373a05dc8a,blur20
0,so_fake_ood,real,,test_ood,c1dd9f373a05dc8a,resize05
0,so_fake_ood,real,,test_ood,c1dd9f373a05dc8a,resize025
0,so_fake_ood,real,,test_ood,c1dd9f373a05dc8a,noise002
0,so_fake_ood,real,,test_ood,c1dd9f373a05dc8a,noise005
0,so_fake_ood,real,,test_ood,c1dd9f373a05dc8a,noise01
0,so_fake_ood,real,,test_ood,c1dd9f373a05dc8a,jitter02
0,so_fake_ood,real,,test_ood,c1dd9f373a05dc8a,crop08
0,so_fake_ood,real,,test_ood,696ef2ee19a811e2,clean
0,so_fake_ood,real,,test_ood,696ef2ee19a811e2,jpeg90
0,so_fake_ood,real,,test_ood,696ef2ee19a811e2,jpeg70
0,so_fake_ood,real,,test_ood,696ef2ee19a811e2,jpeg50
0,so_fake_ood,real,,test_ood,696ef2ee19a811e2,jpeg30
0,so_fake_ood,real,,test_ood,696ef2ee19a811e2,blur05
0,so_fake_ood,real,,test_ood,696ef2ee19a811e2,blur10
0,so_fake_ood,real,,test_ood,696ef2ee19a811e2,blur20
0,so_fake_ood,real,,test_ood,696ef2ee19a811e2,resize05
0,so_fake_ood,real,,test_ood,696ef2ee19a811e2,resize025
0,so_fake_ood,real,,test_ood,696ef2ee19a811e2,noise002
0,so_fake_ood,real,,test_ood,696ef2ee19a811e2,noise005
0,so_fake_ood,real,,test_ood,696ef2ee19a811e2,noise01
0,so_fake_ood,real,,test_ood,696ef2ee19a811e2,jitter02
0,so_fake_ood,real,,test_ood,696ef2ee19a811e2,crop08
0,so_fake_ood,real,,test_ood,6c2f94fca46ced8d,clean
0,so_fake_ood,real,,test_ood,6c2f94fca46ced8d,jpeg90
0,so_fake_ood,real,,test_ood,6c2f94fca46ced8d,jpeg70
0,so_fake_ood,real,,test_ood,6c2f94fca46ced8d,jpeg50
0,so_fake_ood,real,,test_ood,6c2f94fca46ced8d,jpeg30
0,so_fake_ood,real,,test_ood,6c2f94fca46ced8d,blur05
0,so_fake_ood,real,,test_ood,6c2f94fca46ced8d,blur10
0,so_fake_ood,real,,test_ood,6c2f94fca46ced8d,blur20
0,so_fake_ood,real,,test_ood,6c2f94fca46ced8d,resize05
0,so_fake_ood,real,,test_ood,6c2f94fca46ced8d,resize025
0,so_fake_ood,real,,test_ood,6c2f94fca46ced8d,noise002
0,so_fake_ood,real,,test_ood,6c2f94fca46ced8d,noise005
0,so_fake_ood,real,,test_ood,6c2f94fca46ced8d,noise01
0,so_fake_ood,real,,test_ood,6c2f94fca46ced8d,jitter02
0,so_fake_ood,real,,test_ood,6c2f94fca46ced8d,crop08
0,so_fake_ood,real,,test_ood,f3939db8e87e4f53,clean
0,so_fake_ood,real,,test_ood,f3939db8e87e4f53,jpeg90
0,so_fake_ood,real,,test_ood,f3939db8e87e4f53,jpeg70
0,so_fake_ood,real,,test_ood,f3939db8e87e4f53,jpeg50
0,so_fake_ood,real,,test_ood,f3939db8e87e4f53,jpeg30
0,so_fake_ood,real,,test_ood,f3939db8e87e4f53,blur05
0,so_fake_ood,real,,test_ood,f3939db8e87e4f53,blur10
0,so_fake_ood,real,,test_ood,f3939db8e87e4f53,blur20
0,so_fake_ood,real,,test_ood,f3939db8e87e4f53,resize05
0,so_fake_ood,real,,test_ood,f3939db8e87e4f53,resize025
0,so_fake_ood,real,,test_ood,f3939db8e87e4f53,noise002
0,so_fake_ood,real,,test_ood,f3939db8e87e4f53,noise005
0,so_fake_ood,real,,test_ood,f3939db8e87e4f53,noise01
0,so_fake_ood,real,,test_ood,f3939db8e87e4f53,jitter02
0,so_fake_ood,real,,test_ood,f3939db8e87e4f53,crop08
0,so_fake_ood,real,,test_ood,8597d8e55302112b,clean
0,so_fake_ood,real,,test_ood,8597d8e55302112b,jpeg90
0,so_fake_ood,real,,test_ood,8597d8e55302112b,jpeg70
0,so_fake_ood,real,,test_ood,8597d8e55302112b,jpeg50
0,so_fake_ood,real,,test_ood,8597d8e55302112b,jpeg30
0,so_fake_ood,real,,test_ood,8597d8e55302112b,blur05
0,so_fake_ood,real,,test_ood,8597d8e55302112b,blur10
0,so_fake_ood,real,,test_ood,8597d8e55302112b,blur20
0,so_fake_ood,real,,test_ood,8597d8e55302112b,resize05
0,so_fake_ood,real,,test_ood,8597d8e55302112b,resize025
0,so_fake_ood,real,,test_ood,8597d8e55302112b,noise002
0,so_fake_ood,real,,test_ood,8597d8e55302112b,noise005
0,so_fake_ood,real,,test_ood,8597d8e55302112b,noise01
0,so_fake_ood,real,,test_ood,8597d8e55302112b,jitter02
0,so_fake_ood,real,,test_ood,8597d8e55302112b,crop08
0,so_fake_ood,real,,test_ood,3425903cd750dbfb,clean
0,so_fake_ood,real,,test_ood,3425903cd750dbfb,jpeg90
0,so_fake_ood,real,,test_ood,3425903cd750dbfb,jpeg70
0,so_fake_ood,real,,test_ood,3425903cd750dbfb,jpeg50
0,so_fake_ood,real,,test_ood,3425903cd750dbfb,jpeg30
0,so_fake_ood,real,,test_ood,3425903cd750dbfb,blur05
0,so_fake_ood,real,,test_ood,3425903cd750dbfb,blur10
0,so_fake_ood,real,,test_ood,3425903cd750dbfb,blur20
0,so_fake_ood,real,,test_ood,3425903cd750dbfb,resize05
0,so_fake_ood,real,,test_ood,3425903cd750dbfb,resize025
0,so_fake_ood,real,,test_ood,3425903cd750dbfb,noise002
0,so_fake_ood,real,,test_ood,3425903cd750dbfb,noise005
0,so_fake_ood,real,,test_ood,3425903cd750dbfb,noise01
0,so_fake_ood,real,,test_ood,3425903cd750dbfb,jitter02
0,so_fake_ood,real,,test_ood,3425903cd750dbfb,crop08
0,so_fake_ood,real,,test_ood,097f5d5acbd664c5,clean
0,so_fake_ood,real,,test_ood,097f5d5acbd664c5,jpeg90
0,so_fake_ood,real,,test_ood,097f5d5acbd664c5,jpeg70
0,so_fake_ood,real,,test_ood,097f5d5acbd664c5,jpeg50
0,so_fake_ood,real,,test_ood,097f5d5acbd664c5,jpeg30
0,so_fake_ood,real,,test_ood,097f5d5acbd664c5,blur05
0,so_fake_ood,real,,test_ood,097f5d5acbd664c5,blur10
0,so_fake_ood,real,,test_ood,097f5d5acbd664c5,blur20
0,so_fake_ood,real,,test_ood,097f5d5acbd664c5,resize05
0,so_fake_ood,real,,test_ood,097f5d5acbd664c5,resize025
0,so_fake_ood,real,,test_ood,097f5d5acbd664c5,noise002
0,so_fake_ood,real,,test_ood,097f5d5acbd664c5,noise005
0,so_fake_ood,real,,test_ood,097f5d5acbd664c5,noise01
0,so_fake_ood,real,,test_ood,097f5d5acbd664c5,jitter02
0,so_fake_ood,real,,test_ood,097f5d5acbd664c5,crop08
0,so_fake_ood,real,,test_ood,7d9e8a16ab640a89,clean
0,so_fake_ood,real,,test_ood,7d9e8a16ab640a89,jpeg90
0,so_fake_ood,real,,test_ood,7d9e8a16ab640a89,jpeg70
0,so_fake_ood,real,,test_ood,7d9e8a16ab640a89,jpeg50
0,so_fake_ood,real,,test_ood,7d9e8a16ab640a89,jpeg30
0,so_fake_ood,real,,test_ood,7d9e8a16ab640a89,blur05
0,so_fake_ood,real,,test_ood,7d9e8a16ab640a89,blur10
0,so_fake_ood,real,,test_ood,7d9e8a16ab640a89,blur20
0,so_fake_ood,real,,test_ood,7d9e8a16ab640a89,resize05
0,so_fake_ood,real,,test_ood,7d9e8a16ab640a89,resize025
0,so_fake_ood,real,,test_ood,7d9e8a16ab640a89,noise002
0,so_fake_ood,real,,test_ood,7d9e8a16ab640a89,noise005
0,so_fake_ood,real,,test_ood,7d9e8a16ab640a89,noise01
0,so_fake_ood,real,,test_ood,7d9e8a16ab640a89,jitter02
0,so_fake_ood,real,,test_ood,7d9e8a16ab640a89,crop08
0,so_fake_ood,real,,test_ood,01ef3b3da197537d,clean
0,so_fake_ood,real,,test_ood,01ef3b3da197537d,jpeg90
0,so_fake_ood,real,,test_ood,01ef3b3da197537d,jpeg70
0,so_fake_ood,real,,test_ood,01ef3b3da197537d,jpeg50
0,so_fake_ood,real,,test_ood,01ef3b3da197537d,jpeg30
0,so_fake_ood,real,,test_ood,01ef3b3da197537d,blur05
0,so_fake_ood,real,,test_ood,01ef3b3da197537d,blur10
0,so_fake_ood,real,,test_ood,01ef3b3da197537d,blur20
0,so_fake_ood,real,,test_ood,01ef3b3da197537d,resize05
0,so_fake_ood,real,,test_ood,01ef3b3da197537d,resize025
0,so_fake_ood,real,,test_ood,01ef3b3da197537d,noise002
0,so_fake_ood,real,,test_ood,01ef3b3da197537d,noise005
0,so_fake_ood,real,,test_ood,01ef3b3da197537d,noise01
0,so_fake_ood,real,,test_ood,01ef3b3da197537d,jitter02
0,so_fake_ood,real,,test_ood,01ef3b3da197537d,crop08
0,so_fake_ood,real,,test_ood,dcb3950db8d8c5db,clean
0,so_fake_ood,real,,test_ood,dcb3950db8d8c5db,jpeg90
0,so_fake_ood,real,,test_ood,dcb3950db8d8c5db,jpeg70
0,so_fake_ood,real,,test_ood,dcb3950db8d8c5db,jpeg50
0,so_fake_ood,real,,test_ood,dcb3950db8d8c5db,jpeg30
0,so_fake_ood,real,,test_ood,dcb3950db8d8c5db,blur05
0,so_fake_ood,real,,test_ood,dcb3950db8d8c5db,blur10
0,so_fake_ood,real,,test_ood,dcb3950db8d8c5db,blur20
0,so_fake_ood,real,,test_ood,dcb3950db8d8c5db,resize05
0,so_fake_ood,real,,test_ood,dcb3950db8d8c5db,resize025
0,so_fake_ood,real,,test_ood,dcb3950db8d8c5db,noise002
0,so_fake_ood,real,,test_ood,dcb3950db8d8c5db,noise005
0,so_fake_ood,real,,test_ood,dcb3950db8d8c5db,noise01
0,so_fake_ood,real,,test_ood,dcb3950db8d8c5db,jitter02
0,so_fake_ood,real,,test_ood,dcb3950db8d8c5db,crop08
0,so_fake_ood,real,,test_ood,01375adf2af87480,clean
0,so_fake_ood,real,,test_ood,01375adf2af87480,jpeg90
0,so_fake_ood,real,,test_ood,01375adf2af87480,jpeg70
0,so_fake_ood,real,,test_ood,01375adf2af87480,jpeg50
0,so_fake_ood,real,,test_ood,01375adf2af87480,jpeg30
0,so_fake_ood,real,,test_ood,01375adf2af87480,blur05
0,so_fake_ood,real,,test_ood,01375adf2af87480,blur10
0,so_fake_ood,real,,test_ood,01375adf2af87480,blur20
0,so_fake_ood,real,,test_ood,01375adf2af87480,resize05
0,so_fake_ood,real,,test_ood,01375adf2af87480,resize025
0,so_fake_ood,real,,test_ood,01375adf2af87480,noise002
0,so_fake_ood,real,,test_ood,01375adf2af87480,noise005
0,so_fake_ood,real,,test_ood,01375adf2af87480,noise01
0,so_fake_ood,real,,test_ood,01375adf2af87480,jitter02
0,so_fake_ood,real,,test_ood,01375adf2af87480,crop08
0,so_fake_ood,real,,test_ood,f5ca5f4fcb31a34d,clean
0,so_fake_ood,real,,test_ood,f5ca5f4fcb31a34d,jpeg90
0,so_fake_ood,real,,test_ood,f5ca5f4fcb31a34d,jpeg70
0,so_fake_ood,real,,test_ood,f5ca5f4fcb31a34d,jpeg50
0,so_fake_ood,real,,test_ood,f5ca5f4fcb31a34d,jpeg30
0,so_fake_ood,real,,test_ood,f5ca5f4fcb31a34d,blur05
0,so_fake_ood,real,,test_ood,f5ca5f4fcb31a34d,blur10
0,so_fake_ood,real,,test_ood,f5ca5f4fcb31a34d,blur20
0,so_fake_ood,real,,test_ood,f5ca5f4fcb31a34d,resize05
0,so_fake_ood,real,,test_ood,f5ca5f4fcb31a34d,resize025
0,so_fake_ood,real,,test_ood,f5ca5f4fcb31a34d,noise002
0,so_fake_ood,real,,test_ood,f5ca5f4fcb31a34d,noise005
0,so_fake_ood,real,,test_ood,f5ca5f4fcb31a34d,noise01
0,so_fake_ood,real,,test_ood,f5ca5f4fcb31a34d,jitter02
0,so_fake_ood,real,,test_ood,f5ca5f4fcb31a34d,crop08
0,so_fake_ood,real,,test_ood,46582f67850adf9a,clean
0,so_fake_ood,real,,test_ood,46582f67850adf9a,jpeg90
0,so_fake_ood,real,,test_ood,46582f67850adf9a,jpeg70
0,so_fake_ood,real,,test_ood,46582f67850adf9a,jpeg50
0,so_fake_ood,real,,test_ood,46582f67850adf9a,jpeg30
0,so_fake_ood,real,,test_ood,46582f67850adf9a,blur05
0,so_fake_ood,real,,test_ood,46582f67850adf9a,blur10
0,so_fake_ood,real,,test_ood,46582f67850adf9a,blur20
0,so_fake_ood,real,,test_ood,46582f67850adf9a,resize05
0,so_fake_ood,real,,test_ood,46582f67850adf9a,resize025
0,so_fake_ood,real,,test_ood,46582f67850adf9a,noise002
0,so_fake_ood,real,,test_ood,46582f67850adf9a,noise005
0,so_fake_ood,real,,test_ood,46582f67850adf9a,noise01
0,so_fake_ood,real,,test_ood,46582f67850adf9a,jitter02
0,so_fake_ood,real,,test_ood,46582f67850adf9a,crop08
0,so_fake_ood,real,,test_ood,6c2b6485df2f1d14,clean
0,so_fake_ood,real,,test_ood,6c2b6485df2f1d14,jpeg90
0,so_fake_ood,real,,test_ood,6c2b6485df2f1d14,jpeg70
0,so_fake_ood,real,,test_ood,6c2b6485df2f1d14,jpeg50
0,so_fake_ood,real,,test_ood,6c2b6485df2f1d14,jpeg30
0,so_fake_ood,real,,test_ood,6c2b6485df2f1d14,blur05
0,so_fake_ood,real,,test_ood,6c2b6485df2f1d14,blur10
0,so_fake_ood,real,,test_ood,6c2b6485df2f1d14,blur20
0,so_fake_ood,real,,test_ood,6c2b6485df2f1d14,resize05
0,so_fake_ood,real,,test_ood,6c2b6485df2f1d14,resize025
0,so_fake_ood,real,,test_ood,6c2b6485df2f1d14,noise002
0,so_fake_ood,real,,test_ood,6c2b6485df2f1d14,noise005
0,so_fake_ood,real,,test_ood,6c2b6485df2f1d14,noise01
0,so_fake_ood,real,,test_ood,6c2b6485df2f1d14,jitter02
0,so_fake_ood,real,,test_ood,6c2b6485df2f1d14,crop08
0,so_fake_ood,real,,test_ood,fd02eb010570c167,clean
0,so_fake_ood,real,,test_ood,fd02eb010570c167,jpeg90
0,so_fake_ood,real,,test_ood,fd02eb010570c167,jpeg70
0,so_fake_ood,real,,test_ood,fd02eb010570c167,jpeg50
0,so_fake_ood,real,,test_ood,fd02eb010570c167,jpeg30
0,so_fake_ood,real,,test_ood,fd02eb010570c167,blur05
0,so_fake_ood,real,,test_ood,fd02eb010570c167,blur10
0,so_fake_ood,real,,test_ood,fd02eb010570c167,blur20
0,so_fake_ood,real,,test_ood,fd02eb010570c167,resize05
0,so_fake_ood,real,,test_ood,fd02eb010570c167,resize025
0,so_fake_ood,real,,test_ood,fd02eb010570c167,noise002
0,so_fake_ood,real,,test_ood,fd02eb010570c167,noise005
0,so_fake_ood,real,,test_ood,fd02eb010570c167,noise01
0,so_fake_ood,real,,test_ood,fd02eb010570c167,jitter02
0,so_fake_ood,real,,test_ood,fd02eb010570c167,crop08
0,so_fake_ood,real,,test_ood,764d2ecc2469da4b,clean
0,so_fake_ood,real,,test_ood,764d2ecc2469da4b,jpeg90
0,so_fake_ood,real,,test_ood,764d2ecc2469da4b,jpeg70
0,so_fake_ood,real,,test_ood,764d2ecc2469da4b,jpeg50
0,so_fake_ood,real,,test_ood,764d2ecc2469da4b,jpeg30
0,so_fake_ood,real,,test_ood,764d2ecc2469da4b,blur05
0,so_fake_ood,real,,test_ood,764d2ecc2469da4b,blur10
0,so_fake_ood,real,,test_ood,764d2ecc2469da4b,blur20
0,so_fake_ood,real,,test_ood,764d2ecc2469da4b,resize05
0,so_fake_ood,real,,test_ood,764d2ecc2469da4b,resize025
0,so_fake_ood,real,,test_ood,764d2ecc2469da4b,noise002
0,so_fake_ood,real,,test_ood,764d2ecc2469da4b,noise005
0,so_fake_ood,real,,test_ood,764d2ecc2469da4b,noise01
0,so_fake_ood,real,,test_ood,764d2ecc2469da4b,jitter02
0,so_fake_ood,real,,test_ood,764d2ecc2469da4b,crop08
0,so_fake_ood,real,,test_ood,9d702be956f6d6b7,clean
0,so_fake_ood,real,,test_ood,9d702be956f6d6b7,jpeg90
0,so_fake_ood,real,,test_ood,9d702be956f6d6b7,jpeg70
0,so_fake_ood,real,,test_ood,9d702be956f6d6b7,jpeg50
0,so_fake_ood,real,,test_ood,9d702be956f6d6b7,jpeg30
0,so_fake_ood,real,,test_ood,9d702be956f6d6b7,blur05
0,so_fake_ood,real,,test_ood,9d702be956f6d6b7,blur10
0,so_fake_ood,real,,test_ood,9d702be956f6d6b7,blur20
0,so_fake_ood,real,,test_ood,9d702be956f6d6b7,resize05
0,so_fake_ood,real,,test_ood,9d702be956f6d6b7,resize025
0,so_fake_ood,real,,test_ood,9d702be956f6d6b7,noise002
0,so_fake_ood,real,,test_ood,9d702be956f6d6b7,noise005
0,so_fake_ood,real,,test_ood,9d702be956f6d6b7,noise01
0,so_fake_ood,real,,test_ood,9d702be956f6d6b7,jitter02
0,so_fake_ood,real,,test_ood,9d702be956f6d6b7,crop08
0,so_fake_ood,real,,test_ood,5cbfb4ce29b27e4e,clean
0,so_fake_ood,real,,test_ood,5cbfb4ce29b27e4e,jpeg90
0,so_fake_ood,real,,test_ood,5cbfb4ce29b27e4e,jpeg70
0,so_fake_ood,real,,test_ood,5cbfb4ce29b27e4e,jpeg50
0,so_fake_ood,real,,test_ood,5cbfb4ce29b27e4e,jpeg30
0,so_fake_ood,real,,test_ood,5cbfb4ce29b27e4e,blur05
0,so_fake_ood,real,,test_ood,5cbfb4ce29b27e4e,blur10
0,so_fake_ood,real,,test_ood,5cbfb4ce29b27e4e,blur20
0,so_fake_ood,real,,test_ood,5cbfb4ce29b27e4e,resize05
0,so_fake_ood,real,,test_ood,5cbfb4ce29b27e4e,resize025
0,so_fake_ood,real,,test_ood,5cbfb4ce29b27e4e,noise002
0,so_fake_ood,real,,test_ood,5cbfb4ce29b27e4e,noise005
0,so_fake_ood,real,,test_ood,5cbfb4ce29b27e4e,noise01
0,so_fake_ood,real,,test_ood,5cbfb4ce29b27e4e,jitter02
0,so_fake_ood,real,,test_ood,5cbfb4ce29b27e4e,crop08
0,so_fake_ood,real,,test_ood,1d66fe88560d399f,clean
0,so_fake_ood,real,,test_ood,1d66fe88560d399f,jpeg90
0,so_fake_ood,real,,test_ood,1d66fe88560d399f,jpeg70
0,so_fake_ood,real,,test_ood,1d66fe88560d399f,jpeg50
0,so_fake_ood,real,,test_ood,1d66fe88560d399f,jpeg30
0,so_fake_ood,real,,test_ood,1d66fe88560d399f,blur05
0,so_fake_ood,real,,test_ood,1d66fe88560d399f,blur10
0,so_fake_ood,real,,test_ood,1d66fe88560d399f,blur20
0,so_fake_ood,real,,test_ood,1d66fe88560d399f,resize05
0,so_fake_ood,real,,test_ood,1d66fe88560d399f,resize025
0,so_fake_ood,real,,test_ood,1d66fe88560d399f,noise002
0,so_fake_ood,real,,test_ood,1d66fe88560d399f,noise005
0,so_fake_ood,real,,test_ood,1d66fe88560d399f,noise01
0,so_fake_ood,real,,test_ood,1d66fe88560d399f,jitter02
0,so_fake_ood,real,,test_ood,1d66fe88560d399f,crop08
0,so_fake_ood,real,,test_ood,4b68cbf9b12a211a,clean
0,so_fake_ood,real,,test_ood,4b68cbf9b12a211a,jpeg90
0,so_fake_ood,real,,test_ood,4b68cbf9b12a211a,jpeg70
0,so_fake_ood,real,,test_ood,4b68cbf9b12a211a,jpeg50
0,so_fake_ood,real,,test_ood,4b68cbf9b12a211a,jpeg30
0,so_fake_ood,real,,test_ood,4b68cbf9b12a211a,blur05
0,so_fake_ood,real,,test_ood,4b68cbf9b12a211a,blur10
0,so_fake_ood,real,,test_ood,4b68cbf9b12a211a,blur20
0,so_fake_ood,real,,test_ood,4b68cbf9b12a211a,resize05
0,so_fake_ood,real,,test_ood,4b68cbf9b12a211a,resize025
0,so_fake_ood,real,,test_ood,4b68cbf9b12a211a,noise002
0,so_fake_ood,real,,test_ood,4b68cbf9b12a211a,noise005
0,so_fake_ood,real,,test_ood,4b68cbf9b12a211a,noise01
0,so_fake_ood,real,,test_ood,4b68cbf9b12a211a,jitter02
0,so_fake_ood,real,,test_ood,4b68cbf9b12a211a,crop08
0,so_fake_ood,real,,test_ood,6c8ba3e08298ef03,clean
0,so_fake_ood,real,,test_ood,6c8ba3e08298ef03,jpeg90
0,so_fake_ood,real,,test_ood,6c8ba3e08298ef03,jpeg70
0,so_fake_ood,real,,test_ood,6c8ba3e08298ef03,jpeg50
0,so_fake_ood,real,,test_ood,6c8ba3e08298ef03,jpeg30
0,so_fake_ood,real,,test_ood,6c8ba3e08298ef03,blur05
0,so_fake_ood,real,,test_ood,6c8ba3e08298ef03,blur10
0,so_fake_ood,real,,test_ood,6c8ba3e08298ef03,blur20
0,so_fake_ood,real,,test_ood,6c8ba3e08298ef03,resize05
0,so_fake_ood,real,,test_ood,6c8ba3e08298ef03,resize025
0,so_fake_ood,real,,test_ood,6c8ba3e08298ef03,noise002
0,so_fake_ood,real,,test_ood,6c8ba3e08298ef03,noise005
0,so_fake_ood,real,,test_ood,6c8ba3e08298ef03,noise01
0,so_fake_ood,real,,test_ood,6c8ba3e08298ef03,jitter02
0,so_fake_ood,real,,test_ood,6c8ba3e08298ef03,crop08
0,so_fake_ood,real,,test_ood,76c51e44c86b8f8b,clean
0,so_fake_ood,real,,test_ood,76c51e44c86b8f8b,jpeg90
0,so_fake_ood,real,,test_ood,76c51e44c86b8f8b,jpeg70
0,so_fake_ood,real,,test_ood,76c51e44c86b8f8b,jpeg50
0,so_fake_ood,real,,test_ood,76c51e44c86b8f8b,jpeg30
0,so_fake_ood,real,,test_ood,76c51e44c86b8f8b,blur05
0,so_fake_ood,real,,test_ood,76c51e44c86b8f8b,blur10
0,so_fake_ood,real,,test_ood,76c51e44c86b8f8b,blur20
0,so_fake_ood,real,,test_ood,76c51e44c86b8f8b,resize05
0,so_fake_ood,real,,test_ood,76c51e44c86b8f8b,resize025
0,so_fake_ood,real,,test_ood,76c51e44c86b8f8b,noise002
0,so_fake_ood,real,,test_ood,76c51e44c86b8f8b,noise005
0,so_fake_ood,real,,test_ood,76c51e44c86b8f8b,noise01
0,so_fake_ood,real,,test_ood,76c51e44c86b8f8b,jitter02
0,so_fake_ood,real,,test_ood,76c51e44c86b8f8b,crop08
0,so_fake_ood,real,,test_ood,b2d2b5f6ab93da80,clean
0,so_fake_ood,real,,test_ood,b2d2b5f6ab93da80,jpeg90
0,so_fake_ood,real,,test_ood,b2d2b5f6ab93da80,jpeg70
0,so_fake_ood,real,,test_ood,b2d2b5f6ab93da80,jpeg50
0,so_fake_ood,real,,test_ood,b2d2b5f6ab93da80,jpeg30
0,so_fake_ood,real,,test_ood,b2d2b5f6ab93da80,blur05
0,so_fake_ood,real,,test_ood,b2d2b5f6ab93da80,blur10
0,so_fake_ood,real,,test_ood,b2d2b5f6ab93da80,blur20
0,so_fake_ood,real,,test_ood,b2d2b5f6ab93da80,resize05
0,so_fake_ood,real,,test_ood,b2d2b5f6ab93da80,resize025
0,so_fake_ood,real,,test_ood,b2d2b5f6ab93da80,noise002
0,so_fake_ood,real,,test_ood,b2d2b5f6ab93da80,noise005
0,so_fake_ood,real,,test_ood,b2d2b5f6ab93da80,noise01
0,so_fake_ood,real,,test_ood,b2d2b5f6ab93da80,jitter02
0,so_fake_ood,real,,test_ood,b2d2b5f6ab93da80,crop08
0,so_fake_ood,real,,test_ood,593a15bd2ed2f235,clean
0,so_fake_ood,real,,test_ood,593a15bd2ed2f235,jpeg90
0,so_fake_ood,real,,test_ood,593a15bd2ed2f235,jpeg70
0,so_fake_ood,real,,test_ood,593a15bd2ed2f235,jpeg50
0,so_fake_ood,real,,test_ood,593a15bd2ed2f235,jpeg30
0,so_fake_ood,real,,test_ood,593a15bd2ed2f235,blur05
0,so_fake_ood,real,,test_ood,593a15bd2ed2f235,blur10
0,so_fake_ood,real,,test_ood,593a15bd2ed2f235,blur20
0,so_fake_ood,real,,test_ood,593a15bd2ed2f235,resize05
0,so_fake_ood,real,,test_ood,593a15bd2ed2f235,resize025
0,so_fake_ood,real,,test_ood,593a15bd2ed2f235,noise002
0,so_fake_ood,real,,test_ood,593a15bd2ed2f235,noise005
0,so_fake_ood,real,,test_ood,593a15bd2ed2f235,noise01
0,so_fake_ood,real,,test_ood,593a15bd2ed2f235,jitter02
0,so_fake_ood,real,,test_ood,593a15bd2ed2f235,crop08
0,so_fake_ood,real,,test_ood,fae5701d6df8359a,clean
0,so_fake_ood,real,,test_ood,fae5701d6df8359a,jpeg90
0,so_fake_ood,real,,test_ood,fae5701d6df8359a,jpeg70
0,so_fake_ood,real,,test_ood,fae5701d6df8359a,jpeg50
0,so_fake_ood,real,,test_ood,fae5701d6df8359a,jpeg30
0,so_fake_ood,real,,test_ood,fae5701d6df8359a,blur05
0,so_fake_ood,real,,test_ood,fae5701d6df8359a,blur10
0,so_fake_ood,real,,test_ood,fae5701d6df8359a,blur20
0,so_fake_ood,real,,test_ood,fae5701d6df8359a,resize05
0,so_fake_ood,real,,test_ood,fae5701d6df8359a,resize025
0,so_fake_ood,real,,test_ood,fae5701d6df8359a,noise002
0,so_fake_ood,real,,test_ood,fae5701d6df8359a,noise005
0,so_fake_ood,real,,test_ood,fae5701d6df8359a,noise01
0,so_fake_ood,real,,test_ood,fae5701d6df8359a,jitter02
0,so_fake_ood,real,,test_ood,fae5701d6df8359a,crop08
0,so_fake_ood,real,,test_ood,5d4b0d79548014bf,clean
0,so_fake_ood,real,,test_ood,5d4b0d79548014bf,jpeg90
0,so_fake_ood,real,,test_ood,5d4b0d79548014bf,jpeg70
0,so_fake_ood,real,,test_ood,5d4b0d79548014bf,jpeg50
0,so_fake_ood,real,,test_ood,5d4b0d79548014bf,jpeg30
0,so_fake_ood,real,,test_ood,5d4b0d79548014bf,blur05
0,so_fake_ood,real,,test_ood,5d4b0d79548014bf,blur10
0,so_fake_ood,real,,test_ood,5d4b0d79548014bf,blur20
0,so_fake_ood,real,,test_ood,5d4b0d79548014bf,resize05
0,so_fake_ood,real,,test_ood,5d4b0d79548014bf,resize025
0,so_fake_ood,real,,test_ood,5d4b0d79548014bf,noise002
0,so_fake_ood,real,,test_ood,5d4b0d79548014bf,noise005
0,so_fake_ood,real,,test_ood,5d4b0d79548014bf,noise01
0,so_fake_ood,real,,test_ood,5d4b0d79548014bf,jitter02
0,so_fake_ood,real,,test_ood,5d4b0d79548014bf,crop08
0,so_fake_ood,real,,test_ood,f6e895dd8fb8ef17,clean
0,so_fake_ood,real,,test_ood,f6e895dd8fb8ef17,jpeg90
0,so_fake_ood,real,,test_ood,f6e895dd8fb8ef17,jpeg70
0,so_fake_ood,real,,test_ood,f6e895dd8fb8ef17,jpeg50
0,so_fake_ood,real,,test_ood,f6e895dd8fb8ef17,jpeg30
0,so_fake_ood,real,,test_ood,f6e895dd8fb8ef17,blur05
0,so_fake_ood,real,,test_ood,f6e895dd8fb8ef17,blur10
0,so_fake_ood,real,,test_ood,f6e895dd8fb8ef17,blur20
0,so_fake_ood,real,,test_ood,f6e895dd8fb8ef17,resize05
0,so_fake_ood,real,,test_ood,f6e895dd8fb8ef17,resize025
0,so_fake_ood,real,,test_ood,f6e895dd8fb8ef17,noise002
0,so_fake_ood,real,,test_ood,f6e895dd8fb8ef17,noise005
0,so_fake_ood,real,,test_ood,f6e895dd8fb8ef17,noise01
0,so_fake_ood,real,,test_ood,f6e895dd8fb8ef17,jitter02
0,so_fake_ood,real,,test_ood,f6e895dd8fb8ef17,crop08
0,so_fake_ood,real,,test_ood,e3dd8f31a9f58d49,clean
0,so_fake_ood,real,,test_ood,e3dd8f31a9f58d49,jpeg90
0,so_fake_ood,real,,test_ood,e3dd8f31a9f58d49,jpeg70
0,so_fake_ood,real,,test_ood,e3dd8f31a9f58d49,jpeg50
0,so_fake_ood,real,,test_ood,e3dd8f31a9f58d49,jpeg30
0,so_fake_ood,real,,test_ood,e3dd8f31a9f58d49,blur05
0,so_fake_ood,real,,test_ood,e3dd8f31a9f58d49,blur10
0,so_fake_ood,real,,test_ood,e3dd8f31a9f58d49,blur20
0,so_fake_ood,real,,test_ood,e3dd8f31a9f58d49,resize05
0,so_fake_ood,real,,test_ood,e3dd8f31a9f58d49,resize025
0,so_fake_ood,real,,test_ood,e3dd8f31a9f58d49,noise002
0,so_fake_ood,real,,test_ood,e3dd8f31a9f58d49,noise005
0,so_fake_ood,real,,test_ood,e3dd8f31a9f58d49,noise01
0,so_fake_ood,real,,test_ood,e3dd8f31a9f58d49,jitter02
0,so_fake_ood,real,,test_ood,e3dd8f31a9f58d49,crop08
0,so_fake_ood,real,,test_ood,e3f0238ca431cbde,clean
0,so_fake_ood,real,,test_ood,e3f0238ca431cbde,jpeg90
0,so_fake_ood,real,,test_ood,e3f0238ca431cbde,jpeg70
0,so_fake_ood,real,,test_ood,e3f0238ca431cbde,jpeg50
0,so_fake_ood,real,,test_ood,e3f0238ca431cbde,jpeg30
0,so_fake_ood,real,,test_ood,e3f0238ca431cbde,blur05
0,so_fake_ood,real,,test_ood,e3f0238ca431cbde,blur10
0,so_fake_ood,real,,test_ood,e3f0238ca431cbde,blur20
0,so_fake_ood,real,,test_ood,e3f0238ca431cbde,resize05
0,so_fake_ood,real,,test_ood,e3f0238ca431cbde,resize025
0,so_fake_ood,real,,test_ood,e3f0238ca431cbde,noise002
0,so_fake_ood,real,,test_ood,e3f0238ca431cbde,noise005
0,so_fake_ood,real,,test_ood,e3f0238ca431cbde,noise01
0,so_fake_ood,real,,test_ood,e3f0238ca431cbde,jitter02
0,so_fake_ood,real,,test_ood,e3f0238ca431cbde,crop08
0,so_fake_ood,real,,test_ood,449bcb910e77451d,clean
0,so_fake_ood,real,,test_ood,449bcb910e77451d,jpeg90
0,so_fake_ood,real,,test_ood,449bcb910e77451d,jpeg70
0,so_fake_ood,real,,test_ood,449bcb910e77451d,jpeg50
0,so_fake_ood,real,,test_ood,449bcb910e77451d,jpeg30
0,so_fake_ood,real,,test_ood,449bcb910e77451d,blur05
0,so_fake_ood,real,,test_ood,449bcb910e77451d,blur10
0,so_fake_ood,real,,test_ood,449bcb910e77451d,blur20
0,so_fake_ood,real,,test_ood,449bcb910e77451d,resize05
0,so_fake_ood,real,,test_ood,449bcb910e77451d,resize025
0,so_fake_ood,real,,test_ood,449bcb910e77451d,noise002
0,so_fake_ood,real,,test_ood,449bcb910e77451d,noise005
0,so_fake_ood,real,,test_ood,449bcb910e77451d,noise01
0,so_fake_ood,real,,test_ood,449bcb910e77451d,jitter02
0,so_fake_ood,real,,test_ood,449bcb910e77451d,crop08
0,so_fake_ood,real,,test_ood,555a8cd3b5f95c26,clean
0,so_fake_ood,real,,test_ood,555a8cd3b5f95c26,jpeg90
0,so_fake_ood,real,,test_ood,555a8cd3b5f95c26,jpeg70
0,so_fake_ood,real,,test_ood,555a8cd3b5f95c26,jpeg50
0,so_fake_ood,real,,test_ood,555a8cd3b5f95c26,jpeg30
0,so_fake_ood,real,,test_ood,555a8cd3b5f95c26,blur05
0,so_fake_ood,real,,test_ood,555a8cd3b5f95c26,blur10
0,so_fake_ood,real,,test_ood,555a8cd3b5f95c26,blur20
0,so_fake_ood,real,,test_ood,555a8cd3b5f95c26,resize05
0,so_fake_ood,real,,test_ood,555a8cd3b5f95c26,resize025
0,so_fake_ood,real,,test_ood,555a8cd3b5f95c26,noise002
0,so_fake_ood,real,,test_ood,555a8cd3b5f95c26,noise005
0,so_fake_ood,real,,test_ood,555a8cd3b5f95c26,noise01
0,so_fake_ood,real,,test_ood,555a8cd3b5f95c26,jitter02
0,so_fake_ood,real,,test_ood,555a8cd3b5f95c26,crop08
0,so_fake_ood,real,,test_ood,b43e704a9d8cfee1,clean
0,so_fake_ood,real,,test_ood,b43e704a9d8cfee1,jpeg90
0,so_fake_ood,real,,test_ood,b43e704a9d8cfee1,jpeg70
0,so_fake_ood,real,,test_ood,b43e704a9d8cfee1,jpeg50
0,so_fake_ood,real,,test_ood,b43e704a9d8cfee1,jpeg30
0,so_fake_ood,real,,test_ood,b43e704a9d8cfee1,blur05
0,so_fake_ood,real,,test_ood,b43e704a9d8cfee1,blur10
0,so_fake_ood,real,,test_ood,b43e704a9d8cfee1,blur20
0,so_fake_ood,real,,test_ood,b43e704a9d8cfee1,resize05
0,so_fake_ood,real,,test_ood,b43e704a9d8cfee1,resize025
0,so_fake_ood,real,,test_ood,b43e704a9d8cfee1,noise002
0,so_fake_ood,real,,test_ood,b43e704a9d8cfee1,noise005
0,so_fake_ood,real,,test_ood,b43e704a9d8cfee1,noise01
0,so_fake_ood,real,,test_ood,b43e704a9d8cfee1,jitter02
0,so_fake_ood,real,,test_ood,b43e704a9d8cfee1,crop08
0,so_fake_ood,real,,test_ood,28f51a4a151f8e48,clean
0,so_fake_ood,real,,test_ood,28f51a4a151f8e48,jpeg90
0,so_fake_ood,real,,test_ood,28f51a4a151f8e48,jpeg70
0,so_fake_ood,real,,test_ood,28f51a4a151f8e48,jpeg50
0,so_fake_ood,real,,test_ood,28f51a4a151f8e48,jpeg30
0,so_fake_ood,real,,test_ood,28f51a4a151f8e48,blur05
0,so_fake_ood,real,,test_ood,28f51a4a151f8e48,blur10
0,so_fake_ood,real,,test_ood,28f51a4a151f8e48,blur20
0,so_fake_ood,real,,test_ood,28f51a4a151f8e48,resize05
0,so_fake_ood,real,,test_ood,28f51a4a151f8e48,resize025
0,so_fake_ood,real,,test_ood,28f51a4a151f8e48,noise002
0,so_fake_ood,real,,test_ood,28f51a4a151f8e48,noise005
0,so_fake_ood,real,,test_ood,28f51a4a151f8e48,noise01
0,so_fake_ood,real,,test_ood,28f51a4a151f8e48,jitter02
0,so_fake_ood,real,,test_ood,28f51a4a151f8e48,crop08
0,so_fake_ood,real,,test_ood,f2fce92462de68de,clean
0,so_fake_ood,real,,test_ood,f2fce92462de68de,jpeg90
0,so_fake_ood,real,,test_ood,f2fce92462de68de,jpeg70
0,so_fake_ood,real,,test_ood,f2fce92462de68de,jpeg50
0,so_fake_ood,real,,test_ood,f2fce92462de68de,jpeg30
0,so_fake_ood,real,,test_ood,f2fce92462de68de,blur05
0,so_fake_ood,real,,test_ood,f2fce92462de68de,blur10
0,so_fake_ood,real,,test_ood,f2fce92462de68de,blur20
0,so_fake_ood,real,,test_ood,f2fce92462de68de,resize05
0,so_fake_ood,real,,test_ood,f2fce92462de68de,resize025
0,so_fake_ood,real,,test_ood,f2fce92462de68de,noise002
0,so_fake_ood,real,,test_ood,f2fce92462de68de,noise005
0,so_fake_ood,real,,test_ood,f2fce92462de68de,noise01
0,so_fake_ood,real,,test_ood,f2fce92462de68de,jitter02
0,so_fake_ood,real,,test_ood,f2fce92462de68de,crop08
0,so_fake_ood,real,,test_ood,2636176a72097662,clean
0,so_fake_ood,real,,test_ood,2636176a72097662,jpeg90
0,so_fake_ood,real,,test_ood,2636176a72097662,jpeg70
0,so_fake_ood,real,,test_ood,2636176a72097662,jpeg50
0,so_fake_ood,real,,test_ood,2636176a72097662,jpeg30
0,so_fake_ood,real,,test_ood,2636176a72097662,blur05
0,so_fake_ood,real,,test_ood,2636176a72097662,blur10
0,so_fake_ood,real,,test_ood,2636176a72097662,blur20
0,so_fake_ood,real,,test_ood,2636176a72097662,resize05
0,so_fake_ood,real,,test_ood,2636176a72097662,resize025
0,so_fake_ood,real,,test_ood,2636176a72097662,noise002
0,so_fake_ood,real,,test_ood,2636176a72097662,noise005
0,so_fake_ood,real,,test_ood,2636176a72097662,noise01
0,so_fake_ood,real,,test_ood,2636176a72097662,jitter02
0,so_fake_ood,real,,test_ood,2636176a72097662,crop08
0,so_fake_ood,real,,test_ood,d6573bca8a1bb8f6,clean
0,so_fake_ood,real,,test_ood,d6573bca8a1bb8f6,jpeg90
0,so_fake_ood,real,,test_ood,d6573bca8a1bb8f6,jpeg70
0,so_fake_ood,real,,test_ood,d6573bca8a1bb8f6,jpeg50
0,so_fake_ood,real,,test_ood,d6573bca8a1bb8f6,jpeg30
0,so_fake_ood,real,,test_ood,d6573bca8a1bb8f6,blur05
0,so_fake_ood,real,,test_ood,d6573bca8a1bb8f6,blur10
0,so_fake_ood,real,,test_ood,d6573bca8a1bb8f6,blur20
0,so_fake_ood,real,,test_ood,d6573bca8a1bb8f6,resize05
0,so_fake_ood,real,,test_ood,d6573bca8a1bb8f6,resize025
0,so_fake_ood,real,,test_ood,d6573bca8a1bb8f6,noise002
0,so_fake_ood,real,,test_ood,d6573bca8a1bb8f6,noise005
0,so_fake_ood,real,,test_ood,d6573bca8a1bb8f6,noise01
0,so_fake_ood,real,,test_ood,d6573bca8a1bb8f6,jitter02
0,so_fake_ood,real,,test_ood,d6573bca8a1bb8f6,crop08
0,so_fake_ood,real,,test_ood,a2e364765ffe0e7b,clean
0,so_fake_ood,real,,test_ood,a2e364765ffe0e7b,jpeg90
0,so_fake_ood,real,,test_ood,a2e364765ffe0e7b,jpeg70
0,so_fake_ood,real,,test_ood,a2e364765ffe0e7b,jpeg50
0,so_fake_ood,real,,test_ood,a2e364765ffe0e7b,jpeg30
0,so_fake_ood,real,,test_ood,a2e364765ffe0e7b,blur05
0,so_fake_ood,real,,test_ood,a2e364765ffe0e7b,blur10
0,so_fake_ood,real,,test_ood,a2e364765ffe0e7b,blur20
0,so_fake_ood,real,,test_ood,a2e364765ffe0e7b,resize05
0,so_fake_ood,real,,test_ood,a2e364765ffe0e7b,resize025
0,so_fake_ood,real,,test_ood,a2e364765ffe0e7b,noise002
0,so_fake_ood,real,,test_ood,a2e364765ffe0e7b,noise005
0,so_fake_ood,real,,test_ood,a2e364765ffe0e7b,noise01
0,so_fake_ood,real,,test_ood,a2e364765ffe0e7b,jitter02
0,so_fake_ood,real,,test_ood,a2e364765ffe0e7b,crop08
0,so_fake_ood,real,,test_ood,cd6d7209766563d6,clean
0,so_fake_ood,real,,test_ood,cd6d7209766563d6,jpeg90
0,so_fake_ood,real,,test_ood,cd6d7209766563d6,jpeg70
0,so_fake_ood,real,,test_ood,cd6d7209766563d6,jpeg50
0,so_fake_ood,real,,test_ood,cd6d7209766563d6,jpeg30
0,so_fake_ood,real,,test_ood,cd6d7209766563d6,blur05
0,so_fake_ood,real,,test_ood,cd6d7209766563d6,blur10
0,so_fake_ood,real,,test_ood,cd6d7209766563d6,blur20
0,so_fake_ood,real,,test_ood,cd6d7209766563d6,resize05
0,so_fake_ood,real,,test_ood,cd6d7209766563d6,resize025
0,so_fake_ood,real,,test_ood,cd6d7209766563d6,noise002
0,so_fake_ood,real,,test_ood,cd6d7209766563d6,noise005
0,so_fake_ood,real,,test_ood,cd6d7209766563d6,noise01
0,so_fake_ood,real,,test_ood,cd6d7209766563d6,jitter02
0,so_fake_ood,real,,test_ood,cd6d7209766563d6,crop08
0,so_fake_ood,real,,test_ood,5cbeabf96f349031,clean
0,so_fake_ood,real,,test_ood,5cbeabf96f349031,jpeg90
0,so_fake_ood,real,,test_ood,5cbeabf96f349031,jpeg70
0,so_fake_ood,real,,test_ood,5cbeabf96f349031,jpeg50
0,so_fake_ood,real,,test_ood,5cbeabf96f349031,jpeg30
0,so_fake_ood,real,,test_ood,5cbeabf96f349031,blur05
0,so_fake_ood,real,,test_ood,5cbeabf96f349031,blur10
0,so_fake_ood,real,,test_ood,5cbeabf96f349031,blur20
0,so_fake_ood,real,,test_ood,5cbeabf96f349031,resize05
0,so_fake_ood,real,,test_ood,5cbeabf96f349031,resize025
0,so_fake_ood,real,,test_ood,5cbeabf96f349031,noise002
0,so_fake_ood,real,,test_ood,5cbeabf96f349031,noise005
0,so_fake_ood,real,,test_ood,5cbeabf96f349031,noise01
0,so_fake_ood,real,,test_ood,5cbeabf96f349031,jitter02
0,so_fake_ood,real,,test_ood,5cbeabf96f349031,crop08
0,so_fake_ood,real,,test_ood,95f2edf0a635be2c,clean
0,so_fake_ood,real,,test_ood,95f2edf0a635be2c,jpeg90
0,so_fake_ood,real,,test_ood,95f2edf0a635be2c,jpeg70
0,so_fake_ood,real,,test_ood,95f2edf0a635be2c,jpeg50
0,so_fake_ood,real,,test_ood,95f2edf0a635be2c,jpeg30
0,so_fake_ood,real,,test_ood,95f2edf0a635be2c,blur05
0,so_fake_ood,real,,test_ood,95f2edf0a635be2c,blur10
0,so_fake_ood,real,,test_ood,95f2edf0a635be2c,blur20
0,so_fake_ood,real,,test_ood,95f2edf0a635be2c,resize05
0,so_fake_ood,real,,test_ood,95f2edf0a635be2c,resize025
0,so_fake_ood,real,,test_ood,95f2edf0a635be2c,noise002
0,so_fake_ood,real,,test_ood,95f2edf0a635be2c,noise005
0,so_fake_ood,real,,test_ood,95f2edf0a635be2c,noise01
0,so_fake_ood,real,,test_ood,95f2edf0a635be2c,jitter02
0,so_fake_ood,real,,test_ood,95f2edf0a635be2c,crop08
0,so_fake_ood,real,,test_ood,431c1dad29d95ce1,clean
0,so_fake_ood,real,,test_ood,431c1dad29d95ce1,jpeg90
0,so_fake_ood,real,,test_ood,431c1dad29d95ce1,jpeg70
0,so_fake_ood,real,,test_ood,431c1dad29d95ce1,jpeg50
0,so_fake_ood,real,,test_ood,431c1dad29d95ce1,jpeg30
0,so_fake_ood,real,,test_ood,431c1dad29d95ce1,blur05
0,so_fake_ood,real,,test_ood,431c1dad29d95ce1,blur10
0,so_fake_ood,real,,test_ood,431c1dad29d95ce1,blur20
0,so_fake_ood,real,,test_ood,431c1dad29d95ce1,resize05
0,so_fake_ood,real,,test_ood,431c1dad29d95ce1,resize025
0,so_fake_ood,real,,test_ood,431c1dad29d95ce1,noise002
0,so_fake_ood,real,,test_ood,431c1dad29d95ce1,noise005
0,so_fake_ood,real,,test_ood,431c1dad29d95ce1,noise01
0,so_fake_ood,real,,test_ood,431c1dad29d95ce1,jitter02
0,so_fake_ood,real,,test_ood,431c1dad29d95ce1,crop08
0,so_fake_ood,real,,test_ood,5d819ba5f1d8ba0a,clean
0,so_fake_ood,real,,test_ood,5d819ba5f1d8ba0a,jpeg90
0,so_fake_ood,real,,test_ood,5d819ba5f1d8ba0a,jpeg70
0,so_fake_ood,real,,test_ood,5d819ba5f1d8ba0a,jpeg50
0,so_fake_ood,real,,test_ood,5d819ba5f1d8ba0a,jpeg30
0,so_fake_ood,real,,test_ood,5d819ba5f1d8ba0a,blur05
0,so_fake_ood,real,,test_ood,5d819ba5f1d8ba0a,blur10
0,so_fake_ood,real,,test_ood,5d819ba5f1d8ba0a,blur20
0,so_fake_ood,real,,test_ood,5d819ba5f1d8ba0a,resize05
0,so_fake_ood,real,,test_ood,5d819ba5f1d8ba0a,resize025
0,so_fake_ood,real,,test_ood,5d819ba5f1d8ba0a,noise002
0,so_fake_ood,real,,test_ood,5d819ba5f1d8ba0a,noise005
0,so_fake_ood,real,,test_ood,5d819ba5f1d8ba0a,noise01
0,so_fake_ood,real,,test_ood,5d819ba5f1d8ba0a,jitter02
0,so_fake_ood,real,,test_ood,5d819ba5f1d8ba0a,crop08
0,so_fake_ood,real,,test_ood,afb09c2646645948,clean
0,so_fake_ood,real,,test_ood,afb09c2646645948,jpeg90
0,so_fake_ood,real,,test_ood,afb09c2646645948,jpeg70
0,so_fake_ood,real,,test_ood,afb09c2646645948,jpeg50
0,so_fake_ood,real,,test_ood,afb09c2646645948,jpeg30
0,so_fake_ood,real,,test_ood,afb09c2646645948,blur05
0,so_fake_ood,real,,test_ood,afb09c2646645948,blur10
0,so_fake_ood,real,,test_ood,afb09c2646645948,blur20
0,so_fake_ood,real,,test_ood,afb09c2646645948,resize05
0,so_fake_ood,real,,test_ood,afb09c2646645948,resize025
0,so_fake_ood,real,,test_ood,afb09c2646645948,noise002
0,so_fake_ood,real,,test_ood,afb09c2646645948,noise005
0,so_fake_ood,real,,test_ood,afb09c2646645948,noise01
0,so_fake_ood,real,,test_ood,afb09c2646645948,jitter02
0,so_fake_ood,real,,test_ood,afb09c2646645948,crop08
0,so_fake_ood,real,,test_ood,5a2b047fe4d783bb,clean
0,so_fake_ood,real,,test_ood,5a2b047fe4d783bb,jpeg90
0,so_fake_ood,real,,test_ood,5a2b047fe4d783bb,jpeg70
0,so_fake_ood,real,,test_ood,5a2b047fe4d783bb,jpeg50
0,so_fake_ood,real,,test_ood,5a2b047fe4d783bb,jpeg30
0,so_fake_ood,real,,test_ood,5a2b047fe4d783bb,blur05
0,so_fake_ood,real,,test_ood,5a2b047fe4d783bb,blur10
0,so_fake_ood,real,,test_ood,5a2b047fe4d783bb,blur20
0,so_fake_ood,real,,test_ood,5a2b047fe4d783bb,resize05
0,so_fake_ood,real,,test_ood,5a2b047fe4d783bb,resize025
0,so_fake_ood,real,,test_ood,5a2b047fe4d783bb,noise002
0,so_fake_ood,real,,test_ood,5a2b047fe4d783bb,noise005
0,so_fake_ood,real,,test_ood,5a2b047fe4d783bb,noise01
0,so_fake_ood,real,,test_ood,5a2b047fe4d783bb,jitter02
0,so_fake_ood,real,,test_ood,5a2b047fe4d783bb,crop08
0,so_fake_ood,real,,test_ood,4a32c85996ab0f5d,clean
0,so_fake_ood,real,,test_ood,4a32c85996ab0f5d,jpeg90
0,so_fake_ood,real,,test_ood,4a32c85996ab0f5d,jpeg70
0,so_fake_ood,real,,test_ood,4a32c85996ab0f5d,jpeg50
0,so_fake_ood,real,,test_ood,4a32c85996ab0f5d,jpeg30
0,so_fake_ood,real,,test_ood,4a32c85996ab0f5d,blur05
0,so_fake_ood,real,,test_ood,4a32c85996ab0f5d,blur10
0,so_fake_ood,real,,test_ood,4a32c85996ab0f5d,blur20
0,so_fake_ood,real,,test_ood,4a32c85996ab0f5d,resize05
0,so_fake_ood,real,,test_ood,4a32c85996ab0f5d,resize025
0,so_fake_ood,real,,test_ood,4a32c85996ab0f5d,noise002
0,so_fake_ood,real,,test_ood,4a32c85996ab0f5d,noise005
0,so_fake_ood,real,,test_ood,4a32c85996ab0f5d,noise01
0,so_fake_ood,real,,test_ood,4a32c85996ab0f5d,jitter02
0,so_fake_ood,real,,test_ood,4a32c85996ab0f5d,crop08
0,so_fake_ood,real,,test_ood,50a9713e65a08512,clean
0,so_fake_ood,real,,test_ood,50a9713e65a08512,jpeg90
0,so_fake_ood,real,,test_ood,50a9713e65a08512,jpeg70
0,so_fake_ood,real,,test_ood,50a9713e65a08512,jpeg50
0,so_fake_ood,real,,test_ood,50a9713e65a08512,jpeg30
0,so_fake_ood,real,,test_ood,50a9713e65a08512,blur05
0,so_fake_ood,real,,test_ood,50a9713e65a08512,blur10
0,so_fake_ood,real,,test_ood,50a9713e65a08512,blur20
0,so_fake_ood,real,,test_ood,50a9713e65a08512,resize05
0,so_fake_ood,real,,test_ood,50a9713e65a08512,resize025
0,so_fake_ood,real,,test_ood,50a9713e65a08512,noise002
0,so_fake_ood,real,,test_ood,50a9713e65a08512,noise005
0,so_fake_ood,real,,test_ood,50a9713e65a08512,noise01
0,so_fake_ood,real,,test_ood,50a9713e65a08512,jitter02
0,so_fake_ood,real,,test_ood,50a9713e65a08512,crop08
0,so_fake_ood,real,,test_ood,2e0ea0e8b211751f,clean
0,so_fake_ood,real,,test_ood,2e0ea0e8b211751f,jpeg90
0,so_fake_ood,real,,test_ood,2e0ea0e8b211751f,jpeg70
0,so_fake_ood,real,,test_ood,2e0ea0e8b211751f,jpeg50
0,so_fake_ood,real,,test_ood,2e0ea0e8b211751f,jpeg30
0,so_fake_ood,real,,test_ood,2e0ea0e8b211751f,blur05
0,so_fake_ood,real,,test_ood,2e0ea0e8b211751f,blur10
0,so_fake_ood,real,,test_ood,2e0ea0e8b211751f,blur20
0,so_fake_ood,real,,test_ood,2e0ea0e8b211751f,resize05
0,so_fake_ood,real,,test_ood,2e0ea0e8b211751f,resize025
0,so_fake_ood,real,,test_ood,2e0ea0e8b211751f,noise002
0,so_fake_ood,real,,test_ood,2e0ea0e8b211751f,noise005
0,so_fake_ood,real,,test_ood,2e0ea0e8b211751f,noise01
0,so_fake_ood,real,,test_ood,2e0ea0e8b211751f,jitter02
0,so_fake_ood,real,,test_ood,2e0ea0e8b211751f,crop08
0,so_fake_ood,real,,test_ood,1c61c5e14fab8831,clean
0,so_fake_ood,real,,test_ood,1c61c5e14fab8831,jpeg90
0,so_fake_ood,real,,test_ood,1c61c5e14fab8831,jpeg70
0,so_fake_ood,real,,test_ood,1c61c5e14fab8831,jpeg50
0,so_fake_ood,real,,test_ood,1c61c5e14fab8831,jpeg30
0,so_fake_ood,real,,test_ood,1c61c5e14fab8831,blur05
0,so_fake_ood,real,,test_ood,1c61c5e14fab8831,blur10
0,so_fake_ood,real,,test_ood,1c61c5e14fab8831,blur20
0,so_fake_ood,real,,test_ood,1c61c5e14fab8831,resize05
0,so_fake_ood,real,,test_ood,1c61c5e14fab8831,resize025
0,so_fake_ood,real,,test_ood,1c61c5e14fab8831,noise002
0,so_fake_ood,real,,test_ood,1c61c5e14fab8831,noise005
0,so_fake_ood,real,,test_ood,1c61c5e14fab8831,noise01
0,so_fake_ood,real,,test_ood,1c61c5e14fab8831,jitter02
0,so_fake_ood,real,,test_ood,1c61c5e14fab8831,crop08
0,so_fake_ood,real,,test_ood,56179ccb628ad00c,clean
0,so_fake_ood,real,,test_ood,56179ccb628ad00c,jpeg90
0,so_fake_ood,real,,test_ood,56179ccb628ad00c,jpeg70
0,so_fake_ood,real,,test_ood,56179ccb628ad00c,jpeg50
0,so_fake_ood,real,,test_ood,56179ccb628ad00c,jpeg30
0,so_fake_ood,real,,test_ood,56179ccb628ad00c,blur05
0,so_fake_ood,real,,test_ood,56179ccb628ad00c,blur10
0,so_fake_ood,real,,test_ood,56179ccb628ad00c,blur20
0,so_fake_ood,real,,test_ood,56179ccb628ad00c,resize05
0,so_fake_ood,real,,test_ood,56179ccb628ad00c,resize025
0,so_fake_ood,real,,test_ood,56179ccb628ad00c,noise002
0,so_fake_ood,real,,test_ood,56179ccb628ad00c,noise005
0,so_fake_ood,real,,test_ood,56179ccb628ad00c,noise01
0,so_fake_ood,real,,test_ood,56179ccb628ad00c,jitter02
0,so_fake_ood,real,,test_ood,56179ccb628ad00c,crop08
0,so_fake_ood,real,,test_ood,0e70cdee509caa8f,clean
0,so_fake_ood,real,,test_ood,0e70cdee509caa8f,jpeg90
0,so_fake_ood,real,,test_ood,0e70cdee509caa8f,jpeg70
0,so_fake_ood,real,,test_ood,0e70cdee509caa8f,jpeg50
0,so_fake_ood,real,,test_ood,0e70cdee509caa8f,jpeg30
0,so_fake_ood,real,,test_ood,0e70cdee509caa8f,blur05
0,so_fake_ood,real,,test_ood,0e70cdee509caa8f,blur10
0,so_fake_ood,real,,test_ood,0e70cdee509caa8f,blur20
0,so_fake_ood,real,,test_ood,0e70cdee509caa8f,resize05
0,so_fake_ood,real,,test_ood,0e70cdee509caa8f,resize025
0,so_fake_ood,real,,test_ood,0e70cdee509caa8f,noise002
0,so_fake_ood,real,,test_ood,0e70cdee509caa8f,noise005
0,so_fake_ood,real,,test_ood,0e70cdee509caa8f,noise01
0,so_fake_ood,real,,test_ood,0e70cdee509caa8f,jitter02
0,so_fake_ood,real,,test_ood,0e70cdee509caa8f,crop08
0,so_fake_ood,real,,test_ood,4cd18bd8eae2ee33,clean
0,so_fake_ood,real,,test_ood,4cd18bd8eae2ee33,jpeg90
0,so_fake_ood,real,,test_ood,4cd18bd8eae2ee33,jpeg70
0,so_fake_ood,real,,test_ood,4cd18bd8eae2ee33,jpeg50
0,so_fake_ood,real,,test_ood,4cd18bd8eae2ee33,jpeg30
0,so_fake_ood,real,,test_ood,4cd18bd8eae2ee33,blur05
0,so_fake_ood,real,,test_ood,4cd18bd8eae2ee33,blur10
0,so_fake_ood,real,,test_ood,4cd18bd8eae2ee33,blur20
0,so_fake_ood,real,,test_ood,4cd18bd8eae2ee33,resize05
0,so_fake_ood,real,,test_ood,4cd18bd8eae2ee33,resize025
0,so_fake_ood,real,,test_ood,4cd18bd8eae2ee33,noise002
0,so_fake_ood,real,,test_ood,4cd18bd8eae2ee33,noise005
0,so_fake_ood,real,,test_ood,4cd18bd8eae2ee33,noise01
0,so_fake_ood,real,,test_ood,4cd18bd8eae2ee33,jitter02
0,so_fake_ood,real,,test_ood,4cd18bd8eae2ee33,crop08
0,so_fake_ood,real,,test_ood,b613639f357f2c20,clean
0,so_fake_ood,real,,test_ood,b613639f357f2c20,jpeg90
0,so_fake_ood,real,,test_ood,b613639f357f2c20,jpeg70
0,so_fake_ood,real,,test_ood,b613639f357f2c20,jpeg50
0,so_fake_ood,real,,test_ood,b613639f357f2c20,jpeg30
0,so_fake_ood,real,,test_ood,b613639f357f2c20,blur05
0,so_fake_ood,real,,test_ood,b613639f357f2c20,blur10
0,so_fake_ood,real,,test_ood,b613639f357f2c20,blur20
0,so_fake_ood,real,,test_ood,b613639f357f2c20,resize05
0,so_fake_ood,real,,test_ood,b613639f357f2c20,resize025
0,so_fake_ood,real,,test_ood,b613639f357f2c20,noise002
0,so_fake_ood,real,,test_ood,b613639f357f2c20,noise005
0,so_fake_ood,real,,test_ood,b613639f357f2c20,noise01
0,so_fake_ood,real,,test_ood,b613639f357f2c20,jitter02
0,so_fake_ood,real,,test_ood,b613639f357f2c20,crop08
0,so_fake_ood,real,,test_ood,69d7982c261e5256,clean
0,so_fake_ood,real,,test_ood,69d7982c261e5256,jpeg90
0,so_fake_ood,real,,test_ood,69d7982c261e5256,jpeg70
0,so_fake_ood,real,,test_ood,69d7982c261e5256,jpeg50
0,so_fake_ood,real,,test_ood,69d7982c261e5256,jpeg30
0,so_fake_ood,real,,test_ood,69d7982c261e5256,blur05
0,so_fake_ood,real,,test_ood,69d7982c261e5256,blur10
0,so_fake_ood,real,,test_ood,69d7982c261e5256,blur20
0,so_fake_ood,real,,test_ood,69d7982c261e5256,resize05
0,so_fake_ood,real,,test_ood,69d7982c261e5256,resize025
0,so_fake_ood,real,,test_ood,69d7982c261e5256,noise002
0,so_fake_ood,real,,test_ood,69d7982c261e5256,noise005
0,so_fake_ood,real,,test_ood,69d7982c261e5256,noise01
0,so_fake_ood,real,,test_ood,69d7982c261e5256,jitter02
0,so_fake_ood,real,,test_ood,69d7982c261e5256,crop08
0,so_fake_ood,real,,test_ood,e9c206de0ce81296,clean
0,so_fake_ood,real,,test_ood,e9c206de0ce81296,jpeg90
0,so_fake_ood,real,,test_ood,e9c206de0ce81296,jpeg70
0,so_fake_ood,real,,test_ood,e9c206de0ce81296,jpeg50
0,so_fake_ood,real,,test_ood,e9c206de0ce81296,jpeg30
0,so_fake_ood,real,,test_ood,e9c206de0ce81296,blur05
0,so_fake_ood,real,,test_ood,e9c206de0ce81296,blur10
0,so_fake_ood,real,,test_ood,e9c206de0ce81296,blur20
0,so_fake_ood,real,,test_ood,e9c206de0ce81296,resize05
0,so_fake_ood,real,,test_ood,e9c206de0ce81296,resize025
0,so_fake_ood,real,,test_ood,e9c206de0ce81296,noise002
0,so_fake_ood,real,,test_ood,e9c206de0ce81296,noise005
0,so_fake_ood,real,,test_ood,e9c206de0ce81296,noise01
0,so_fake_ood,real,,test_ood,e9c206de0ce81296,jitter02
0,so_fake_ood,real,,test_ood,e9c206de0ce81296,crop08
0,so_fake_ood,real,,test_ood,c535a002b2911254,clean
0,so_fake_ood,real,,test_ood,c535a002b2911254,jpeg90
0,so_fake_ood,real,,test_ood,c535a002b2911254,jpeg70
0,so_fake_ood,real,,test_ood,c535a002b2911254,jpeg50
0,so_fake_ood,real,,test_ood,c535a002b2911254,jpeg30
0,so_fake_ood,real,,test_ood,c535a002b2911254,blur05
0,so_fake_ood,real,,test_ood,c535a002b2911254,blur10
0,so_fake_ood,real,,test_ood,c535a002b2911254,blur20
0,so_fake_ood,real,,test_ood,c535a002b2911254,resize05
0,so_fake_ood,real,,test_ood,c535a002b2911254,resize025
0,so_fake_ood,real,,test_ood,c535a002b2911254,noise002
0,so_fake_ood,real,,test_ood,c535a002b2911254,noise005
0,so_fake_ood,real,,test_ood,c535a002b2911254,noise01
0,so_fake_ood,real,,test_ood,c535a002b2911254,jitter02
0,so_fake_ood,real,,test_ood,c535a002b2911254,crop08
0,so_fake_ood,real,,test_ood,693d2039697b563f,clean
0,so_fake_ood,real,,test_ood,693d2039697b563f,jpeg90
0,so_fake_ood,real,,test_ood,693d2039697b563f,jpeg70
0,so_fake_ood,real,,test_ood,693d2039697b563f,jpeg50
0,so_fake_ood,real,,test_ood,693d2039697b563f,jpeg30
0,so_fake_ood,real,,test_ood,693d2039697b563f,blur05
0,so_fake_ood,real,,test_ood,693d2039697b563f,blur10
0,so_fake_ood,real,,test_ood,693d2039697b563f,blur20
0,so_fake_ood,real,,test_ood,693d2039697b563f,resize05
0,so_fake_ood,real,,test_ood,693d2039697b563f,resize025
0,so_fake_ood,real,,test_ood,693d2039697b563f,noise002
0,so_fake_ood,real,,test_ood,693d2039697b563f,noise005
0,so_fake_ood,real,,test_ood,693d2039697b563f,noise01
0,so_fake_ood,real,,test_ood,693d2039697b563f,jitter02
0,so_fake_ood,real,,test_ood,693d2039697b563f,crop08
0,so_fake_ood,real,,test_ood,462192c94e47ebd6,clean
0,so_fake_ood,real,,test_ood,462192c94e47ebd6,jpeg90
0,so_fake_ood,real,,test_ood,462192c94e47ebd6,jpeg70
0,so_fake_ood,real,,test_ood,462192c94e47ebd6,jpeg50
0,so_fake_ood,real,,test_ood,462192c94e47ebd6,jpeg30
0,so_fake_ood,real,,test_ood,462192c94e47ebd6,blur05
0,so_fake_ood,real,,test_ood,462192c94e47ebd6,blur10
0,so_fake_ood,real,,test_ood,462192c94e47ebd6,blur20
0,so_fake_ood,real,,test_ood,462192c94e47ebd6,resize05
0,so_fake_ood,real,,test_ood,462192c94e47ebd6,resize025
0,so_fake_ood,real,,test_ood,462192c94e47ebd6,noise002
0,so_fake_ood,real,,test_ood,462192c94e47ebd6,noise005
0,so_fake_ood,real,,test_ood,462192c94e47ebd6,noise01
0,so_fake_ood,real,,test_ood,462192c94e47ebd6,jitter02
0,so_fake_ood,real,,test_ood,462192c94e47ebd6,crop08
0,so_fake_ood,real,,test_ood,db84fea1e68f4854,clean
0,so_fake_ood,real,,test_ood,db84fea1e68f4854,jpeg90
0,so_fake_ood,real,,test_ood,db84fea1e68f4854,jpeg70
0,so_fake_ood,real,,test_ood,db84fea1e68f4854,jpeg50
0,so_fake_ood,real,,test_ood,db84fea1e68f4854,jpeg30
0,so_fake_ood,real,,test_ood,db84fea1e68f4854,blur05
0,so_fake_ood,real,,test_ood,db84fea1e68f4854,blur10
0,so_fake_ood,real,,test_ood,db84fea1e68f4854,blur20
0,so_fake_ood,real,,test_ood,db84fea1e68f4854,resize05
0,so_fake_ood,real,,test_ood,db84fea1e68f4854,resize025
0,so_fake_ood,real,,test_ood,db84fea1e68f4854,noise002
0,so_fake_ood,real,,test_ood,db84fea1e68f4854,noise005
0,so_fake_ood,real,,test_ood,db84fea1e68f4854,noise01
0,so_fake_ood,real,,test_ood,db84fea1e68f4854,jitter02
0,so_fake_ood,real,,test_ood,db84fea1e68f4854,crop08
0,so_fake_ood,real,,test_ood,afb72b852bff96a1,clean
0,so_fake_ood,real,,test_ood,afb72b852bff96a1,jpeg90
0,so_fake_ood,real,,test_ood,afb72b852bff96a1,jpeg70
0,so_fake_ood,real,,test_ood,afb72b852bff96a1,jpeg50
0,so_fake_ood,real,,test_ood,afb72b852bff96a1,jpeg30
0,so_fake_ood,real,,test_ood,afb72b852bff96a1,blur05
0,so_fake_ood,real,,test_ood,afb72b852bff96a1,blur10
0,so_fake_ood,real,,test_ood,afb72b852bff96a1,blur20
0,so_fake_ood,real,,test_ood,afb72b852bff96a1,resize05
0,so_fake_ood,real,,test_ood,afb72b852bff96a1,resize025
0,so_fake_ood,real,,test_ood,afb72b852bff96a1,noise002
0,so_fake_ood,real,,test_ood,afb72b852bff96a1,noise005
0,so_fake_ood,real,,test_ood,afb72b852bff96a1,noise01
0,so_fake_ood,real,,test_ood,afb72b852bff96a1,jitter02
0,so_fake_ood,real,,test_ood,afb72b852bff96a1,crop08
0,so_fake_ood,real,,test_ood,318522d7eb804bdb,clean
0,so_fake_ood,real,,test_ood,318522d7eb804bdb,jpeg90
0,so_fake_ood,real,,test_ood,318522d7eb804bdb,jpeg70
0,so_fake_ood,real,,test_ood,318522d7eb804bdb,jpeg50
0,so_fake_ood,real,,test_ood,318522d7eb804bdb,jpeg30
0,so_fake_ood,real,,test_ood,318522d7eb804bdb,blur05
0,so_fake_ood,real,,test_ood,318522d7eb804bdb,blur10
0,so_fake_ood,real,,test_ood,318522d7eb804bdb,blur20
0,so_fake_ood,real,,test_ood,318522d7eb804bdb,resize05
0,so_fake_ood,real,,test_ood,318522d7eb804bdb,resize025
0,so_fake_ood,real,,test_ood,318522d7eb804bdb,noise002
0,so_fake_ood,real,,test_ood,318522d7eb804bdb,noise005
0,so_fake_ood,real,,test_ood,318522d7eb804bdb,noise01
0,so_fake_ood,real,,test_ood,318522d7eb804bdb,jitter02
0,so_fake_ood,real,,test_ood,318522d7eb804bdb,crop08
0,so_fake_ood,real,,test_ood,0ad9640a6cd4fd2e,clean
0,so_fake_ood,real,,test_ood,0ad9640a6cd4fd2e,jpeg90
0,so_fake_ood,real,,test_ood,0ad9640a6cd4fd2e,jpeg70
0,so_fake_ood,real,,test_ood,0ad9640a6cd4fd2e,jpeg50
0,so_fake_ood,real,,test_ood,0ad9640a6cd4fd2e,jpeg30
0,so_fake_ood,real,,test_ood,0ad9640a6cd4fd2e,blur05
0,so_fake_ood,real,,test_ood,0ad9640a6cd4fd2e,blur10
0,so_fake_ood,real,,test_ood,0ad9640a6cd4fd2e,blur20
0,so_fake_ood,real,,test_ood,0ad9640a6cd4fd2e,resize05
0,so_fake_ood,real,,test_ood,0ad9640a6cd4fd2e,resize025
0,so_fake_ood,real,,test_ood,0ad9640a6cd4fd2e,noise002
0,so_fake_ood,real,,test_ood,0ad9640a6cd4fd2e,noise005
0,so_fake_ood,real,,test_ood,0ad9640a6cd4fd2e,noise01
0,so_fake_ood,real,,test_ood,0ad9640a6cd4fd2e,jitter02
0,so_fake_ood,real,,test_ood,0ad9640a6cd4fd2e,crop08
0,so_fake_ood,real,,test_ood,cf55b541303122b9,clean
0,so_fake_ood,real,,test_ood,cf55b541303122b9,jpeg90
0,so_fake_ood,real,,test_ood,cf55b541303122b9,jpeg70
0,so_fake_ood,real,,test_ood,cf55b541303122b9,jpeg50
0,so_fake_ood,real,,test_ood,cf55b541303122b9,jpeg30
0,so_fake_ood,real,,test_ood,cf55b541303122b9,blur05
0,so_fake_ood,real,,test_ood,cf55b541303122b9,blur10
0,so_fake_ood,real,,test_ood,cf55b541303122b9,blur20
0,so_fake_ood,real,,test_ood,cf55b541303122b9,resize05
0,so_fake_ood,real,,test_ood,cf55b541303122b9,resize025
0,so_fake_ood,real,,test_ood,cf55b541303122b9,noise002
0,so_fake_ood,real,,test_ood,cf55b541303122b9,noise005
0,so_fake_ood,real,,test_ood,cf55b541303122b9,noise01
0,so_fake_ood,real,,test_ood,cf55b541303122b9,jitter02
0,so_fake_ood,real,,test_ood,cf55b541303122b9,crop08
0,so_fake_ood,real,,test_ood,bf46df512fe49ddd,clean
0,so_fake_ood,real,,test_ood,bf46df512fe49ddd,jpeg90
0,so_fake_ood,real,,test_ood,bf46df512fe49ddd,jpeg70
0,so_fake_ood,real,,test_ood,bf46df512fe49ddd,jpeg50
0,so_fake_ood,real,,test_ood,bf46df512fe49ddd,jpeg30
0,so_fake_ood,real,,test_ood,bf46df512fe49ddd,blur05
0,so_fake_ood,real,,test_ood,bf46df512fe49ddd,blur10
0,so_fake_ood,real,,test_ood,bf46df512fe49ddd,blur20
0,so_fake_ood,real,,test_ood,bf46df512fe49ddd,resize05
0,so_fake_ood,real,,test_ood,bf46df512fe49ddd,resize025
0,so_fake_ood,real,,test_ood,bf46df512fe49ddd,noise002
0,so_fake_ood,real,,test_ood,bf46df512fe49ddd,noise005
0,so_fake_ood,real,,test_ood,bf46df512fe49ddd,noise01
0,so_fake_ood,real,,test_ood,bf46df512fe49ddd,jitter02
0,so_fake_ood,real,,test_ood,bf46df512fe49ddd,crop08
0,so_fake_ood,real,,test_ood,9135617d687adfad,clean
0,so_fake_ood,real,,test_ood,9135617d687adfad,jpeg90
0,so_fake_ood,real,,test_ood,9135617d687adfad,jpeg70
0,so_fake_ood,real,,test_ood,9135617d687adfad,jpeg50
0,so_fake_ood,real,,test_ood,9135617d687adfad,jpeg30
0,so_fake_ood,real,,test_ood,9135617d687adfad,blur05
0,so_fake_ood,real,,test_ood,9135617d687adfad,blur10
0,so_fake_ood,real,,test_ood,9135617d687adfad,blur20
0,so_fake_ood,real,,test_ood,9135617d687adfad,resize05
0,so_fake_ood,real,,test_ood,9135617d687adfad,resize025
0,so_fake_ood,real,,test_ood,9135617d687adfad,noise002
0,so_fake_ood,real,,test_ood,9135617d687adfad,noise005
0,so_fake_ood,real,,test_ood,9135617d687adfad,noise01
0,so_fake_ood,real,,test_ood,9135617d687adfad,jitter02
0,so_fake_ood,real,,test_ood,9135617d687adfad,crop08
0,so_fake_ood,real,,test_ood,15323038d884804c,clean
0,so_fake_ood,real,,test_ood,15323038d884804c,jpeg90
0,so_fake_ood,real,,test_ood,15323038d884804c,jpeg70
0,so_fake_ood,real,,test_ood,15323038d884804c,jpeg50
0,so_fake_ood,real,,test_ood,15323038d884804c,jpeg30
0,so_fake_ood,real,,test_ood,15323038d884804c,blur05
0,so_fake_ood,real,,test_ood,15323038d884804c,blur10
0,so_fake_ood,real,,test_ood,15323038d884804c,blur20
0,so_fake_ood,real,,test_ood,15323038d884804c,resize05
0,so_fake_ood,real,,test_ood,15323038d884804c,resize025
0,so_fake_ood,real,,test_ood,15323038d884804c,noise002
0,so_fake_ood,real,,test_ood,15323038d884804c,noise005
0,so_fake_ood,real,,test_ood,15323038d884804c,noise01
0,so_fake_ood,real,,test_ood,15323038d884804c,jitter02
0,so_fake_ood,real,,test_ood,15323038d884804c,crop08
0,so_fake_ood,real,,test_ood,cc1fc306a7e79d38,clean
0,so_fake_ood,real,,test_ood,cc1fc306a7e79d38,jpeg90
0,so_fake_ood,real,,test_ood,cc1fc306a7e79d38,jpeg70
0,so_fake_ood,real,,test_ood,cc1fc306a7e79d38,jpeg50
0,so_fake_ood,real,,test_ood,cc1fc306a7e79d38,jpeg30
0,so_fake_ood,real,,test_ood,cc1fc306a7e79d38,blur05
0,so_fake_ood,real,,test_ood,cc1fc306a7e79d38,blur10
0,so_fake_ood,real,,test_ood,cc1fc306a7e79d38,blur20
0,so_fake_ood,real,,test_ood,cc1fc306a7e79d38,resize05
0,so_fake_ood,real,,test_ood,cc1fc306a7e79d38,resize025
0,so_fake_ood,real,,test_ood,cc1fc306a7e79d38,noise002
0,so_fake_ood,real,,test_ood,cc1fc306a7e79d38,noise005
0,so_fake_ood,real,,test_ood,cc1fc306a7e79d38,noise01
0,so_fake_ood,real,,test_ood,cc1fc306a7e79d38,jitter02
0,so_fake_ood,real,,test_ood,cc1fc306a7e79d38,crop08
0,so_fake_ood,real,,test_ood,7abd93dc197ec3c5,clean
0,so_fake_ood,real,,test_ood,7abd93dc197ec3c5,jpeg90
0,so_fake_ood,real,,test_ood,7abd93dc197ec3c5,jpeg70
0,so_fake_ood,real,,test_ood,7abd93dc197ec3c5,jpeg50
0,so_fake_ood,real,,test_ood,7abd93dc197ec3c5,jpeg30
0,so_fake_ood,real,,test_ood,7abd93dc197ec3c5,blur05
0,so_fake_ood,real,,test_ood,7abd93dc197ec3c5,blur10
0,so_fake_ood,real,,test_ood,7abd93dc197ec3c5,blur20
0,so_fake_ood,real,,test_ood,7abd93dc197ec3c5,resize05
0,so_fake_ood,real,,test_ood,7abd93dc197ec3c5,resize025
0,so_fake_ood,real,,test_ood,7abd93dc197ec3c5,noise002
0,so_fake_ood,real,,test_ood,7abd93dc197ec3c5,noise005
0,so_fake_ood,real,,test_ood,7abd93dc197ec3c5,noise01
0,so_fake_ood,real,,test_ood,7abd93dc197ec3c5,jitter02
0,so_fake_ood,real,,test_ood,7abd93dc197ec3c5,crop08
0,so_fake_ood,real,,test_ood,14c79c37058a6a76,clean
0,so_fake_ood,real,,test_ood,14c79c37058a6a76,jpeg90
0,so_fake_ood,real,,test_ood,14c79c37058a6a76,jpeg70
0,so_fake_ood,real,,test_ood,14c79c37058a6a76,jpeg50
0,so_fake_ood,real,,test_ood,14c79c37058a6a76,jpeg30
0,so_fake_ood,real,,test_ood,14c79c37058a6a76,blur05
0,so_fake_ood,real,,test_ood,14c79c37058a6a76,blur10
0,so_fake_ood,real,,test_ood,14c79c37058a6a76,blur20
0,so_fake_ood,real,,test_ood,14c79c37058a6a76,resize05
0,so_fake_ood,real,,test_ood,14c79c37058a6a76,resize025
0,so_fake_ood,real,,test_ood,14c79c37058a6a76,noise002
0,so_fake_ood,real,,test_ood,14c79c37058a6a76,noise005
0,so_fake_ood,real,,test_ood,14c79c37058a6a76,noise01
0,so_fake_ood,real,,test_ood,14c79c37058a6a76,jitter02
0,so_fake_ood,real,,test_ood,14c79c37058a6a76,crop08
0,so_fake_ood,real,,test_ood,7bb61d123c1d148d,clean
0,so_fake_ood,real,,test_ood,7bb61d123c1d148d,jpeg90
0,so_fake_ood,real,,test_ood,7bb61d123c1d148d,jpeg70
0,so_fake_ood,real,,test_ood,7bb61d123c1d148d,jpeg50
0,so_fake_ood,real,,test_ood,7bb61d123c1d148d,jpeg30
0,so_fake_ood,real,,test_ood,7bb61d123c1d148d,blur05
0,so_fake_ood,real,,test_ood,7bb61d123c1d148d,blur10
0,so_fake_ood,real,,test_ood,7bb61d123c1d148d,blur20
0,so_fake_ood,real,,test_ood,7bb61d123c1d148d,resize05
0,so_fake_ood,real,,test_ood,7bb61d123c1d148d,resize025
0,so_fake_ood,real,,test_ood,7bb61d123c1d148d,noise002
0,so_fake_ood,real,,test_ood,7bb61d123c1d148d,noise005
0,so_fake_ood,real,,test_ood,7bb61d123c1d148d,noise01
0,so_fake_ood,real,,test_ood,7bb61d123c1d148d,jitter02
0,so_fake_ood,real,,test_ood,7bb61d123c1d148d,crop08
0,so_fake_ood,real,,test_ood,6bedc841e432a798,clean
0,so_fake_ood,real,,test_ood,6bedc841e432a798,jpeg90
0,so_fake_ood,real,,test_ood,6bedc841e432a798,jpeg70
0,so_fake_ood,real,,test_ood,6bedc841e432a798,jpeg50
0,so_fake_ood,real,,test_ood,6bedc841e432a798,jpeg30
0,so_fake_ood,real,,test_ood,6bedc841e432a798,blur05
0,so_fake_ood,real,,test_ood,6bedc841e432a798,blur10
0,so_fake_ood,real,,test_ood,6bedc841e432a798,blur20
0,so_fake_ood,real,,test_ood,6bedc841e432a798,resize05
0,so_fake_ood,real,,test_ood,6bedc841e432a798,resize025
0,so_fake_ood,real,,test_ood,6bedc841e432a798,noise002
0,so_fake_ood,real,,test_ood,6bedc841e432a798,noise005
0,so_fake_ood,real,,test_ood,6bedc841e432a798,noise01
0,so_fake_ood,real,,test_ood,6bedc841e432a798,jitter02
0,so_fake_ood,real,,test_ood,6bedc841e432a798,crop08
0,so_fake_ood,real,,test_ood,ac852be4bfdd170c,clean
0,so_fake_ood,real,,test_ood,ac852be4bfdd170c,jpeg90
0,so_fake_ood,real,,test_ood,ac852be4bfdd170c,jpeg70
0,so_fake_ood,real,,test_ood,ac852be4bfdd170c,jpeg50
0,so_fake_ood,real,,test_ood,ac852be4bfdd170c,jpeg30
0,so_fake_ood,real,,test_ood,ac852be4bfdd170c,blur05
0,so_fake_ood,real,,test_ood,ac852be4bfdd170c,blur10
0,so_fake_ood,real,,test_ood,ac852be4bfdd170c,blur20
0,so_fake_ood,real,,test_ood,ac852be4bfdd170c,resize05
0,so_fake_ood,real,,test_ood,ac852be4bfdd170c,resize025
0,so_fake_ood,real,,test_ood,ac852be4bfdd170c,noise002
0,so_fake_ood,real,,test_ood,ac852be4bfdd170c,noise005
0,so_fake_ood,real,,test_ood,ac852be4bfdd170c,noise01
0,so_fake_ood,real,,test_ood,ac852be4bfdd170c,jitter02
0,so_fake_ood,real,,test_ood,ac852be4bfdd170c,crop08
0,so_fake_ood,real,,test_ood,3cf5d13b4e70cbb6,clean
0,so_fake_ood,real,,test_ood,3cf5d13b4e70cbb6,jpeg90
0,so_fake_ood,real,,test_ood,3cf5d13b4e70cbb6,jpeg70
0,so_fake_ood,real,,test_ood,3cf5d13b4e70cbb6,jpeg50
0,so_fake_ood,real,,test_ood,3cf5d13b4e70cbb6,jpeg30
0,so_fake_ood,real,,test_ood,3cf5d13b4e70cbb6,blur05
0,so_fake_ood,real,,test_ood,3cf5d13b4e70cbb6,blur10
0,so_fake_ood,real,,test_ood,3cf5d13b4e70cbb6,blur20
0,so_fake_ood,real,,test_ood,3cf5d13b4e70cbb6,resize05
0,so_fake_ood,real,,test_ood,3cf5d13b4e70cbb6,resize025
0,so_fake_ood,real,,test_ood,3cf5d13b4e70cbb6,noise002
0,so_fake_ood,real,,test_ood,3cf5d13b4e70cbb6,noise005
0,so_fake_ood,real,,test_ood,3cf5d13b4e70cbb6,noise01
0,so_fake_ood,real,,test_ood,3cf5d13b4e70cbb6,jitter02
0,so_fake_ood,real,,test_ood,3cf5d13b4e70cbb6,crop08
0,so_fake_ood,real,,test_ood,64b83dd42aac2f7d,clean
0,so_fake_ood,real,,test_ood,64b83dd42aac2f7d,jpeg90
0,so_fake_ood,real,,test_ood,64b83dd42aac2f7d,jpeg70
0,so_fake_ood,real,,test_ood,64b83dd42aac2f7d,jpeg50
0,so_fake_ood,real,,test_ood,64b83dd42aac2f7d,jpeg30
0,so_fake_ood,real,,test_ood,64b83dd42aac2f7d,blur05
0,so_fake_ood,real,,test_ood,64b83dd42aac2f7d,blur10
0,so_fake_ood,real,,test_ood,64b83dd42aac2f7d,blur20
0,so_fake_ood,real,,test_ood,64b83dd42aac2f7d,resize05
0,so_fake_ood,real,,test_ood,64b83dd42aac2f7d,resize025
0,so_fake_ood,real,,test_ood,64b83dd42aac2f7d,noise002
0,so_fake_ood,real,,test_ood,64b83dd42aac2f7d,noise005
0,so_fake_ood,real,,test_ood,64b83dd42aac2f7d,noise01
0,so_fake_ood,real,,test_ood,64b83dd42aac2f7d,jitter02
0,so_fake_ood,real,,test_ood,64b83dd42aac2f7d,crop08
0,so_fake_ood,real,,test_ood,c3f1dc34dfbcfbed,clean
0,so_fake_ood,real,,test_ood,c3f1dc34dfbcfbed,jpeg90
0,so_fake_ood,real,,test_ood,c3f1dc34dfbcfbed,jpeg70
0,so_fake_ood,real,,test_ood,c3f1dc34dfbcfbed,jpeg50
0,so_fake_ood,real,,test_ood,c3f1dc34dfbcfbed,jpeg30
0,so_fake_ood,real,,test_ood,c3f1dc34dfbcfbed,blur05
0,so_fake_ood,real,,test_ood,c3f1dc34dfbcfbed,blur10
0,so_fake_ood,real,,test_ood,c3f1dc34dfbcfbed,blur20
0,so_fake_ood,real,,test_ood,c3f1dc34dfbcfbed,resize05
0,so_fake_ood,real,,test_ood,c3f1dc34dfbcfbed,resize025
0,so_fake_ood,real,,test_ood,c3f1dc34dfbcfbed,noise002
0,so_fake_ood,real,,test_ood,c3f1dc34dfbcfbed,noise005
0,so_fake_ood,real,,test_ood,c3f1dc34dfbcfbed,noise01
0,so_fake_ood,real,,test_ood,c3f1dc34dfbcfbed,jitter02
0,so_fake_ood,real,,test_ood,c3f1dc34dfbcfbed,crop08
0,so_fake_ood,real,,test_ood,d931f59b6d514fe7,clean
0,so_fake_ood,real,,test_ood,d931f59b6d514fe7,jpeg90
0,so_fake_ood,real,,test_ood,d931f59b6d514fe7,jpeg70
0,so_fake_ood,real,,test_ood,d931f59b6d514fe7,jpeg50
0,so_fake_ood,real,,test_ood,d931f59b6d514fe7,jpeg30
0,so_fake_ood,real,,test_ood,d931f59b6d514fe7,blur05
0,so_fake_ood,real,,test_ood,d931f59b6d514fe7,blur10
0,so_fake_ood,real,,test_ood,d931f59b6d514fe7,blur20
0,so_fake_ood,real,,test_ood,d931f59b6d514fe7,resize05
0,so_fake_ood,real,,test_ood,d931f59b6d514fe7,resize025
0,so_fake_ood,real,,test_ood,d931f59b6d514fe7,noise002
0,so_fake_ood,real,,test_ood,d931f59b6d514fe7,noise005
0,so_fake_ood,real,,test_ood,d931f59b6d514fe7,noise01
0,so_fake_ood,real,,test_ood,d931f59b6d514fe7,jitter02
0,so_fake_ood,real,,test_ood,d931f59b6d514fe7,crop08
0,so_fake_ood,real,,test_ood,706dc12eedbb996f,clean
0,so_fake_ood,real,,test_ood,706dc12eedbb996f,jpeg90
0,so_fake_ood,real,,test_ood,706dc12eedbb996f,jpeg70
0,so_fake_ood,real,,test_ood,706dc12eedbb996f,jpeg50
0,so_fake_ood,real,,test_ood,706dc12eedbb996f,jpeg30
0,so_fake_ood,real,,test_ood,706dc12eedbb996f,blur05
0,so_fake_ood,real,,test_ood,706dc12eedbb996f,blur10
0,so_fake_ood,real,,test_ood,706dc12eedbb996f,blur20
0,so_fake_ood,real,,test_ood,706dc12eedbb996f,resize05
0,so_fake_ood,real,,test_ood,706dc12eedbb996f,resize025
0,so_fake_ood,real,,test_ood,706dc12eedbb996f,noise002
0,so_fake_ood,real,,test_ood,706dc12eedbb996f,noise005
0,so_fake_ood,real,,test_ood,706dc12eedbb996f,noise01
0,so_fake_ood,real,,test_ood,706dc12eedbb996f,jitter02
0,so_fake_ood,real,,test_ood,706dc12eedbb996f,crop08
0,so_fake_ood,real,,test_ood,3a045b4afc67e30c,clean
0,so_fake_ood,real,,test_ood,3a045b4afc67e30c,jpeg90
0,so_fake_ood,real,,test_ood,3a045b4afc67e30c,jpeg70
0,so_fake_ood,real,,test_ood,3a045b4afc67e30c,jpeg50
0,so_fake_ood,real,,test_ood,3a045b4afc67e30c,jpeg30
0,so_fake_ood,real,,test_ood,3a045b4afc67e30c,blur05
0,so_fake_ood,real,,test_ood,3a045b4afc67e30c,blur10
0,so_fake_ood,real,,test_ood,3a045b4afc67e30c,blur20
0,so_fake_ood,real,,test_ood,3a045b4afc67e30c,resize05
0,so_fake_ood,real,,test_ood,3a045b4afc67e30c,resize025
0,so_fake_ood,real,,test_ood,3a045b4afc67e30c,noise002
0,so_fake_ood,real,,test_ood,3a045b4afc67e30c,noise005
0,so_fake_ood,real,,test_ood,3a045b4afc67e30c,noise01
0,so_fake_ood,real,,test_ood,3a045b4afc67e30c,jitter02
0,so_fake_ood,real,,test_ood,3a045b4afc67e30c,crop08
0,so_fake_ood,real,,test_ood,ab2a2f20a83aed1e,clean
0,so_fake_ood,real,,test_ood,ab2a2f20a83aed1e,jpeg90
0,so_fake_ood,real,,test_ood,ab2a2f20a83aed1e,jpeg70
0,so_fake_ood,real,,test_ood,ab2a2f20a83aed1e,jpeg50
0,so_fake_ood,real,,test_ood,ab2a2f20a83aed1e,jpeg30
0,so_fake_ood,real,,test_ood,ab2a2f20a83aed1e,blur05
0,so_fake_ood,real,,test_ood,ab2a2f20a83aed1e,blur10
0,so_fake_ood,real,,test_ood,ab2a2f20a83aed1e,blur20
0,so_fake_ood,real,,test_ood,ab2a2f20a83aed1e,resize05
0,so_fake_ood,real,,test_ood,ab2a2f20a83aed1e,resize025
0,so_fake_ood,real,,test_ood,ab2a2f20a83aed1e,noise002
0,so_fake_ood,real,,test_ood,ab2a2f20a83aed1e,noise005
0,so_fake_ood,real,,test_ood,ab2a2f20a83aed1e,noise01
0,so_fake_ood,real,,test_ood,ab2a2f20a83aed1e,jitter02
0,so_fake_ood,real,,test_ood,ab2a2f20a83aed1e,crop08
0,so_fake_ood,real,,test_ood,e45384d00b92ebcb,clean
0,so_fake_ood,real,,test_ood,e45384d00b92ebcb,jpeg90
0,so_fake_ood,real,,test_ood,e45384d00b92ebcb,jpeg70
0,so_fake_ood,real,,test_ood,e45384d00b92ebcb,jpeg50
0,so_fake_ood,real,,test_ood,e45384d00b92ebcb,jpeg30
0,so_fake_ood,real,,test_ood,e45384d00b92ebcb,blur05
0,so_fake_ood,real,,test_ood,e45384d00b92ebcb,blur10
0,so_fake_ood,real,,test_ood,e45384d00b92ebcb,blur20
0,so_fake_ood,real,,test_ood,e45384d00b92ebcb,resize05
0,so_fake_ood,real,,test_ood,e45384d00b92ebcb,resize025
0,so_fake_ood,real,,test_ood,e45384d00b92ebcb,noise002
0,so_fake_ood,real,,test_ood,e45384d00b92ebcb,noise005
0,so_fake_ood,real,,test_ood,e45384d00b92ebcb,noise01
0,so_fake_ood,real,,test_ood,e45384d00b92ebcb,jitter02
0,so_fake_ood,real,,test_ood,e45384d00b92ebcb,crop08
0,so_fake_ood,real,,test_ood,3eca5f811d716a85,clean
0,so_fake_ood,real,,test_ood,3eca5f811d716a85,jpeg90
0,so_fake_ood,real,,test_ood,3eca5f811d716a85,jpeg70
0,so_fake_ood,real,,test_ood,3eca5f811d716a85,jpeg50
0,so_fake_ood,real,,test_ood,3eca5f811d716a85,jpeg30
0,so_fake_ood,real,,test_ood,3eca5f811d716a85,blur05
0,so_fake_ood,real,,test_ood,3eca5f811d716a85,blur10
0,so_fake_ood,real,,test_ood,3eca5f811d716a85,blur20
0,so_fake_ood,real,,test_ood,3eca5f811d716a85,resize05
0,so_fake_ood,real,,test_ood,3eca5f811d716a85,resize025
0,so_fake_ood,real,,test_ood,3eca5f811d716a85,noise002
0,so_fake_ood,real,,test_ood,3eca5f811d716a85,noise005
0,so_fake_ood,real,,test_ood,3eca5f811d716a85,noise01
0,so_fake_ood,real,,test_ood,3eca5f811d716a85,jitter02
0,so_fake_ood,real,,test_ood,3eca5f811d716a85,crop08
0,so_fake_ood,real,,test_ood,26f2b241daa55e2b,clean
0,so_fake_ood,real,,test_ood,26f2b241daa55e2b,jpeg90
0,so_fake_ood,real,,test_ood,26f2b241daa55e2b,jpeg70
0,so_fake_ood,real,,test_ood,26f2b241daa55e2b,jpeg50
0,so_fake_ood,real,,test_ood,26f2b241daa55e2b,jpeg30
0,so_fake_ood,real,,test_ood,26f2b241daa55e2b,blur05
0,so_fake_ood,real,,test_ood,26f2b241daa55e2b,blur10
0,so_fake_ood,real,,test_ood,26f2b241daa55e2b,blur20
0,so_fake_ood,real,,test_ood,26f2b241daa55e2b,resize05
0,so_fake_ood,real,,test_ood,26f2b241daa55e2b,resize025
0,so_fake_ood,real,,test_ood,26f2b241daa55e2b,noise002
0,so_fake_ood,real,,test_ood,26f2b241daa55e2b,noise005
0,so_fake_ood,real,,test_ood,26f2b241daa55e2b,noise01
0,so_fake_ood,real,,test_ood,26f2b241daa55e2b,jitter02
0,so_fake_ood,real,,test_ood,26f2b241daa55e2b,crop08
0,so_fake_ood,real,,test_ood,4647e32455751da3,clean
0,so_fake_ood,real,,test_ood,4647e32455751da3,jpeg90
0,so_fake_ood,real,,test_ood,4647e32455751da3,jpeg70
0,so_fake_ood,real,,test_ood,4647e32455751da3,jpeg50
0,so_fake_ood,real,,test_ood,4647e32455751da3,jpeg30
0,so_fake_ood,real,,test_ood,4647e32455751da3,blur05
0,so_fake_ood,real,,test_ood,4647e32455751da3,blur10
0,so_fake_ood,real,,test_ood,4647e32455751da3,blur20
0,so_fake_ood,real,,test_ood,4647e32455751da3,resize05
0,so_fake_ood,real,,test_ood,4647e32455751da3,resize025
0,so_fake_ood,real,,test_ood,4647e32455751da3,noise002
0,so_fake_ood,real,,test_ood,4647e32455751da3,noise005
0,so_fake_ood,real,,test_ood,4647e32455751da3,noise01
0,so_fake_ood,real,,test_ood,4647e32455751da3,jitter02
0,so_fake_ood,real,,test_ood,4647e32455751da3,crop08
0,so_fake_ood,real,,test_ood,b87336c1da9096f8,clean
0,so_fake_ood,real,,test_ood,b87336c1da9096f8,jpeg90
0,so_fake_ood,real,,test_ood,b87336c1da9096f8,jpeg70
0,so_fake_ood,real,,test_ood,b87336c1da9096f8,jpeg50
0,so_fake_ood,real,,test_ood,b87336c1da9096f8,jpeg30
0,so_fake_ood,real,,test_ood,b87336c1da9096f8,blur05
0,so_fake_ood,real,,test_ood,b87336c1da9096f8,blur10
0,so_fake_ood,real,,test_ood,b87336c1da9096f8,blur20
0,so_fake_ood,real,,test_ood,b87336c1da9096f8,resize05
0,so_fake_ood,real,,test_ood,b87336c1da9096f8,resize025
0,so_fake_ood,real,,test_ood,b87336c1da9096f8,noise002
0,so_fake_ood,real,,test_ood,b87336c1da9096f8,noise005
0,so_fake_ood,real,,test_ood,b87336c1da9096f8,noise01
0,so_fake_ood,real,,test_ood,b87336c1da9096f8,jitter02
0,so_fake_ood,real,,test_ood,b87336c1da9096f8,crop08
0,so_fake_ood,real,,test_ood,bb5b96e51909a1e1,clean
0,so_fake_ood,real,,test_ood,bb5b96e51909a1e1,jpeg90
0,so_fake_ood,real,,test_ood,bb5b96e51909a1e1,jpeg70
0,so_fake_ood,real,,test_ood,bb5b96e51909a1e1,jpeg50
0,so_fake_ood,real,,test_ood,bb5b96e51909a1e1,jpeg30
0,so_fake_ood,real,,test_ood,bb5b96e51909a1e1,blur05
0,so_fake_ood,real,,test_ood,bb5b96e51909a1e1,blur10
0,so_fake_ood,real,,test_ood,bb5b96e51909a1e1,blur20
0,so_fake_ood,real,,test_ood,bb5b96e51909a1e1,resize05
0,so_fake_ood,real,,test_ood,bb5b96e51909a1e1,resize025
0,so_fake_ood,real,,test_ood,bb5b96e51909a1e1,noise002
0,so_fake_ood,real,,test_ood,bb5b96e51909a1e1,noise005
0,so_fake_ood,real,,test_ood,bb5b96e51909a1e1,noise01
0,so_fake_ood,real,,test_ood,bb5b96e51909a1e1,jitter02
0,so_fake_ood,real,,test_ood,bb5b96e51909a1e1,crop08
0,so_fake_ood,real,,test_ood,ded45964bca6632b,clean
0,so_fake_ood,real,,test_ood,ded45964bca6632b,jpeg90
0,so_fake_ood,real,,test_ood,ded45964bca6632b,jpeg70
0,so_fake_ood,real,,test_ood,ded45964bca6632b,jpeg50
0,so_fake_ood,real,,test_ood,ded45964bca6632b,jpeg30
0,so_fake_ood,real,,test_ood,ded45964bca6632b,blur05
0,so_fake_ood,real,,test_ood,ded45964bca6632b,blur10
0,so_fake_ood,real,,test_ood,ded45964bca6632b,blur20
0,so_fake_ood,real,,test_ood,ded45964bca6632b,resize05
0,so_fake_ood,real,,test_ood,ded45964bca6632b,resize025
0,so_fake_ood,real,,test_ood,ded45964bca6632b,noise002
0,so_fake_ood,real,,test_ood,ded45964bca6632b,noise005
0,so_fake_ood,real,,test_ood,ded45964bca6632b,noise01
0,so_fake_ood,real,,test_ood,ded45964bca6632b,jitter02
0,so_fake_ood,real,,test_ood,ded45964bca6632b,crop08
0,so_fake_ood,real,,test_ood,66fcb174a92db75b,clean
0,so_fake_ood,real,,test_ood,66fcb174a92db75b,jpeg90
0,so_fake_ood,real,,test_ood,66fcb174a92db75b,jpeg70
0,so_fake_ood,real,,test_ood,66fcb174a92db75b,jpeg50
0,so_fake_ood,real,,test_ood,66fcb174a92db75b,jpeg30
0,so_fake_ood,real,,test_ood,66fcb174a92db75b,blur05
0,so_fake_ood,real,,test_ood,66fcb174a92db75b,blur10
0,so_fake_ood,real,,test_ood,66fcb174a92db75b,blur20
0,so_fake_ood,real,,test_ood,66fcb174a92db75b,resize05
0,so_fake_ood,real,,test_ood,66fcb174a92db75b,resize025
0,so_fake_ood,real,,test_ood,66fcb174a92db75b,noise002
0,so_fake_ood,real,,test_ood,66fcb174a92db75b,noise005
0,so_fake_ood,real,,test_ood,66fcb174a92db75b,noise01
0,so_fake_ood,real,,test_ood,66fcb174a92db75b,jitter02
0,so_fake_ood,real,,test_ood,66fcb174a92db75b,crop08
0,so_fake_ood,real,,test_ood,ffafb5f9961b7380,clean
0,so_fake_ood,real,,test_ood,ffafb5f9961b7380,jpeg90
0,so_fake_ood,real,,test_ood,ffafb5f9961b7380,jpeg70
0,so_fake_ood,real,,test_ood,ffafb5f9961b7380,jpeg50
0,so_fake_ood,real,,test_ood,ffafb5f9961b7380,jpeg30
0,so_fake_ood,real,,test_ood,ffafb5f9961b7380,blur05
0,so_fake_ood,real,,test_ood,ffafb5f9961b7380,blur10
0,so_fake_ood,real,,test_ood,ffafb5f9961b7380,blur20
0,so_fake_ood,real,,test_ood,ffafb5f9961b7380,resize05
0,so_fake_ood,real,,test_ood,ffafb5f9961b7380,resize025
0,so_fake_ood,real,,test_ood,ffafb5f9961b7380,noise002
0,so_fake_ood,real,,test_ood,ffafb5f9961b7380,noise005
0,so_fake_ood,real,,test_ood,ffafb5f9961b7380,noise01
0,so_fake_ood,real,,test_ood,ffafb5f9961b7380,jitter02
0,so_fake_ood,real,,test_ood,ffafb5f9961b7380,crop08
0,so_fake_ood,real,,test_ood,f017ba5d47d22413,clean
0,so_fake_ood,real,,test_ood,f017ba5d47d22413,jpeg90
0,so_fake_ood,real,,test_ood,f017ba5d47d22413,jpeg70
0,so_fake_ood,real,,test_ood,f017ba5d47d22413,jpeg50
0,so_fake_ood,real,,test_ood,f017ba5d47d22413,jpeg30
0,so_fake_ood,real,,test_ood,f017ba5d47d22413,blur05
0,so_fake_ood,real,,test_ood,f017ba5d47d22413,blur10
0,so_fake_ood,real,,test_ood,f017ba5d47d22413,blur20
0,so_fake_ood,real,,test_ood,f017ba5d47d22413,resize05
0,so_fake_ood,real,,test_ood,f017ba5d47d22413,resize025
0,so_fake_ood,real,,test_ood,f017ba5d47d22413,noise002
0,so_fake_ood,real,,test_ood,f017ba5d47d22413,noise005
0,so_fake_ood,real,,test_ood,f017ba5d47d22413,noise01
0,so_fake_ood,real,,test_ood,f017ba5d47d22413,jitter02
0,so_fake_ood,real,,test_ood,f017ba5d47d22413,crop08
0,so_fake_ood,real,,test_ood,9b4d0cb391ec8e75,clean
0,so_fake_ood,real,,test_ood,9b4d0cb391ec8e75,jpeg90
0,so_fake_ood,real,,test_ood,9b4d0cb391ec8e75,jpeg70
0,so_fake_ood,real,,test_ood,9b4d0cb391ec8e75,jpeg50
0,so_fake_ood,real,,test_ood,9b4d0cb391ec8e75,jpeg30
0,so_fake_ood,real,,test_ood,9b4d0cb391ec8e75,blur05
0,so_fake_ood,real,,test_ood,9b4d0cb391ec8e75,blur10
0,so_fake_ood,real,,test_ood,9b4d0cb391ec8e75,blur20
0,so_fake_ood,real,,test_ood,9b4d0cb391ec8e75,resize05
0,so_fake_ood,real,,test_ood,9b4d0cb391ec8e75,resize025
0,so_fake_ood,real,,test_ood,9b4d0cb391ec8e75,noise002
0,so_fake_ood,real,,test_ood,9b4d0cb391ec8e75,noise005
0,so_fake_ood,real,,test_ood,9b4d0cb391ec8e75,noise01
0,so_fake_ood,real,,test_ood,9b4d0cb391ec8e75,jitter02
0,so_fake_ood,real,,test_ood,9b4d0cb391ec8e75,crop08
0,so_fake_ood,real,,test_ood,31bf39c2e1154855,clean
0,so_fake_ood,real,,test_ood,31bf39c2e1154855,jpeg90
0,so_fake_ood,real,,test_ood,31bf39c2e1154855,jpeg70
0,so_fake_ood,real,,test_ood,31bf39c2e1154855,jpeg50
0,so_fake_ood,real,,test_ood,31bf39c2e1154855,jpeg30
0,so_fake_ood,real,,test_ood,31bf39c2e1154855,blur05
0,so_fake_ood,real,,test_ood,31bf39c2e1154855,blur10
0,so_fake_ood,real,,test_ood,31bf39c2e1154855,blur20
0,so_fake_ood,real,,test_ood,31bf39c2e1154855,resize05
0,so_fake_ood,real,,test_ood,31bf39c2e1154855,resize025
0,so_fake_ood,real,,test_ood,31bf39c2e1154855,noise002
0,so_fake_ood,real,,test_ood,31bf39c2e1154855,noise005
0,so_fake_ood,real,,test_ood,31bf39c2e1154855,noise01
0,so_fake_ood,real,,test_ood,31bf39c2e1154855,jitter02
0,so_fake_ood,real,,test_ood,31bf39c2e1154855,crop08
0,so_fake_ood,real,,test_ood,521c35cdd759f9fa,clean
0,so_fake_ood,real,,test_ood,521c35cdd759f9fa,jpeg90
0,so_fake_ood,real,,test_ood,521c35cdd759f9fa,jpeg70
0,so_fake_ood,real,,test_ood,521c35cdd759f9fa,jpeg50
0,so_fake_ood,real,,test_ood,521c35cdd759f9fa,jpeg30
0,so_fake_ood,real,,test_ood,521c35cdd759f9fa,blur05
0,so_fake_ood,real,,test_ood,521c35cdd759f9fa,blur10
0,so_fake_ood,real,,test_ood,521c35cdd759f9fa,blur20
0,so_fake_ood,real,,test_ood,521c35cdd759f9fa,resize05
0,so_fake_ood,real,,test_ood,521c35cdd759f9fa,resize025
0,so_fake_ood,real,,test_ood,521c35cdd759f9fa,noise002
0,so_fake_ood,real,,test_ood,521c35cdd759f9fa,noise005
0,so_fake_ood,real,,test_ood,521c35cdd759f9fa,noise01
0,so_fake_ood,real,,test_ood,521c35cdd759f9fa,jitter02
0,so_fake_ood,real,,test_ood,521c35cdd759f9fa,crop08
0,so_fake_ood,real,,test_ood,8e0db9f1f5a58563,clean
0,so_fake_ood,real,,test_ood,8e0db9f1f5a58563,jpeg90
0,so_fake_ood,real,,test_ood,8e0db9f1f5a58563,jpeg70
0,so_fake_ood,real,,test_ood,8e0db9f1f5a58563,jpeg50
0,so_fake_ood,real,,test_ood,8e0db9f1f5a58563,jpeg30
0,so_fake_ood,real,,test_ood,8e0db9f1f5a58563,blur05
0,so_fake_ood,real,,test_ood,8e0db9f1f5a58563,blur10
0,so_fake_ood,real,,test_ood,8e0db9f1f5a58563,blur20
0,so_fake_ood,real,,test_ood,8e0db9f1f5a58563,resize05
0,so_fake_ood,real,,test_ood,8e0db9f1f5a58563,resize025
0,so_fake_ood,real,,test_ood,8e0db9f1f5a58563,noise002
0,so_fake_ood,real,,test_ood,8e0db9f1f5a58563,noise005
0,so_fake_ood,real,,test_ood,8e0db9f1f5a58563,noise01
0,so_fake_ood,real,,test_ood,8e0db9f1f5a58563,jitter02
0,so_fake_ood,real,,test_ood,8e0db9f1f5a58563,crop08
0,so_fake_ood,real,,test_ood,35473e4777bc5fd6,clean
0,so_fake_ood,real,,test_ood,35473e4777bc5fd6,jpeg90
0,so_fake_ood,real,,test_ood,35473e4777bc5fd6,jpeg70
0,so_fake_ood,real,,test_ood,35473e4777bc5fd6,jpeg50
0,so_fake_ood,real,,test_ood,35473e4777bc5fd6,jpeg30
0,so_fake_ood,real,,test_ood,35473e4777bc5fd6,blur05
0,so_fake_ood,real,,test_ood,35473e4777bc5fd6,blur10
0,so_fake_ood,real,,test_ood,35473e4777bc5fd6,blur20
0,so_fake_ood,real,,test_ood,35473e4777bc5fd6,resize05
0,so_fake_ood,real,,test_ood,35473e4777bc5fd6,resize025
0,so_fake_ood,real,,test_ood,35473e4777bc5fd6,noise002
0,so_fake_ood,real,,test_ood,35473e4777bc5fd6,noise005
0,so_fake_ood,real,,test_ood,35473e4777bc5fd6,noise01
0,so_fake_ood,real,,test_ood,35473e4777bc5fd6,jitter02
0,so_fake_ood,real,,test_ood,35473e4777bc5fd6,crop08
0,so_fake_ood,real,,test_ood,b640f94ec5b97822,clean
0,so_fake_ood,real,,test_ood,b640f94ec5b97822,jpeg90
0,so_fake_ood,real,,test_ood,b640f94ec5b97822,jpeg70
0,so_fake_ood,real,,test_ood,b640f94ec5b97822,jpeg50
0,so_fake_ood,real,,test_ood,b640f94ec5b97822,jpeg30
0,so_fake_ood,real,,test_ood,b640f94ec5b97822,blur05
0,so_fake_ood,real,,test_ood,b640f94ec5b97822,blur10
0,so_fake_ood,real,,test_ood,b640f94ec5b97822,blur20
0,so_fake_ood,real,,test_ood,b640f94ec5b97822,resize05
0,so_fake_ood,real,,test_ood,b640f94ec5b97822,resize025
0,so_fake_ood,real,,test_ood,b640f94ec5b97822,noise002
0,so_fake_ood,real,,test_ood,b640f94ec5b97822,noise005
0,so_fake_ood,real,,test_ood,b640f94ec5b97822,noise01
0,so_fake_ood,real,,test_ood,b640f94ec5b97822,jitter02
0,so_fake_ood,real,,test_ood,b640f94ec5b97822,crop08
0,so_fake_ood,real,,test_ood,b99fe23c54ce3f30,clean
0,so_fake_ood,real,,test_ood,b99fe23c54ce3f30,jpeg90
0,so_fake_ood,real,,test_ood,b99fe23c54ce3f30,jpeg70
0,so_fake_ood,real,,test_ood,b99fe23c54ce3f30,jpeg50
0,so_fake_ood,real,,test_ood,b99fe23c54ce3f30,jpeg30
0,so_fake_ood,real,,test_ood,b99fe23c54ce3f30,blur05
0,so_fake_ood,real,,test_ood,b99fe23c54ce3f30,blur10
0,so_fake_ood,real,,test_ood,b99fe23c54ce3f30,blur20
0,so_fake_ood,real,,test_ood,b99fe23c54ce3f30,resize05
0,so_fake_ood,real,,test_ood,b99fe23c54ce3f30,resize025
0,so_fake_ood,real,,test_ood,b99fe23c54ce3f30,noise002
0,so_fake_ood,real,,test_ood,b99fe23c54ce3f30,noise005
0,so_fake_ood,real,,test_ood,b99fe23c54ce3f30,noise01
0,so_fake_ood,real,,test_ood,b99fe23c54ce3f30,jitter02
0,so_fake_ood,real,,test_ood,b99fe23c54ce3f30,crop08
0,so_fake_ood,real,,test_ood,e794468f73b971d9,clean
0,so_fake_ood,real,,test_ood,e794468f73b971d9,jpeg90
0,so_fake_ood,real,,test_ood,e794468f73b971d9,jpeg70
0,so_fake_ood,real,,test_ood,e794468f73b971d9,jpeg50
0,so_fake_ood,real,,test_ood,e794468f73b971d9,jpeg30
0,so_fake_ood,real,,test_ood,e794468f73b971d9,blur05
0,so_fake_ood,real,,test_ood,e794468f73b971d9,blur10
0,so_fake_ood,real,,test_ood,e794468f73b971d9,blur20
0,so_fake_ood,real,,test_ood,e794468f73b971d9,resize05
0,so_fake_ood,real,,test_ood,e794468f73b971d9,resize025
0,so_fake_ood,real,,test_ood,e794468f73b971d9,noise002
0,so_fake_ood,real,,test_ood,e794468f73b971d9,noise005
0,so_fake_ood,real,,test_ood,e794468f73b971d9,noise01
0,so_fake_ood,real,,test_ood,e794468f73b971d9,jitter02
0,so_fake_ood,real,,test_ood,e794468f73b971d9,crop08
0,so_fake_ood,real,,test_ood,a193b6e0af97ca88,clean
0,so_fake_ood,real,,test_ood,a193b6e0af97ca88,jpeg90
0,so_fake_ood,real,,test_ood,a193b6e0af97ca88,jpeg70
0,so_fake_ood,real,,test_ood,a193b6e0af97ca88,jpeg50
0,so_fake_ood,real,,test_ood,a193b6e0af97ca88,jpeg30
0,so_fake_ood,real,,test_ood,a193b6e0af97ca88,blur05
0,so_fake_ood,real,,test_ood,a193b6e0af97ca88,blur10
0,so_fake_ood,real,,test_ood,a193b6e0af97ca88,blur20
0,so_fake_ood,real,,test_ood,a193b6e0af97ca88,resize05
0,so_fake_ood,real,,test_ood,a193b6e0af97ca88,resize025
0,so_fake_ood,real,,test_ood,a193b6e0af97ca88,noise002
0,so_fake_ood,real,,test_ood,a193b6e0af97ca88,noise005
0,so_fake_ood,real,,test_ood,a193b6e0af97ca88,noise01
0,so_fake_ood,real,,test_ood,a193b6e0af97ca88,jitter02
0,so_fake_ood,real,,test_ood,a193b6e0af97ca88,crop08
0,so_fake_ood,real,,test_ood,18257508c64961c1,clean
0,so_fake_ood,real,,test_ood,18257508c64961c1,jpeg90
0,so_fake_ood,real,,test_ood,18257508c64961c1,jpeg70
0,so_fake_ood,real,,test_ood,18257508c64961c1,jpeg50
0,so_fake_ood,real,,test_ood,18257508c64961c1,jpeg30
0,so_fake_ood,real,,test_ood,18257508c64961c1,blur05
0,so_fake_ood,real,,test_ood,18257508c64961c1,blur10
0,so_fake_ood,real,,test_ood,18257508c64961c1,blur20
0,so_fake_ood,real,,test_ood,18257508c64961c1,resize05
0,so_fake_ood,real,,test_ood,18257508c64961c1,resize025
0,so_fake_ood,real,,test_ood,18257508c64961c1,noise002
0,so_fake_ood,real,,test_ood,18257508c64961c1,noise005
0,so_fake_ood,real,,test_ood,18257508c64961c1,noise01
0,so_fake_ood,real,,test_ood,18257508c64961c1,jitter02
0,so_fake_ood,real,,test_ood,18257508c64961c1,crop08
0,so_fake_ood,real,,test_ood,76526a2adbc76f80,clean
0,so_fake_ood,real,,test_ood,76526a2adbc76f80,jpeg90
0,so_fake_ood,real,,test_ood,76526a2adbc76f80,jpeg70
0,so_fake_ood,real,,test_ood,76526a2adbc76f80,jpeg50
0,so_fake_ood,real,,test_ood,76526a2adbc76f80,jpeg30
0,so_fake_ood,real,,test_ood,76526a2adbc76f80,blur05
0,so_fake_ood,real,,test_ood,76526a2adbc76f80,blur10
0,so_fake_ood,real,,test_ood,76526a2adbc76f80,blur20
0,so_fake_ood,real,,test_ood,76526a2adbc76f80,resize05
0,so_fake_ood,real,,test_ood,76526a2adbc76f80,resize025
0,so_fake_ood,real,,test_ood,76526a2adbc76f80,noise002
0,so_fake_ood,real,,test_ood,76526a2adbc76f80,noise005
0,so_fake_ood,real,,test_ood,76526a2adbc76f80,noise01
0,so_fake_ood,real,,test_ood,76526a2adbc76f80,jitter02
0,so_fake_ood,real,,test_ood,76526a2adbc76f80,crop08
0,so_fake_ood,real,,test_ood,5b414a8fb8d6a055,clean
0,so_fake_ood,real,,test_ood,5b414a8fb8d6a055,jpeg90
0,so_fake_ood,real,,test_ood,5b414a8fb8d6a055,jpeg70
0,so_fake_ood,real,,test_ood,5b414a8fb8d6a055,jpeg50
0,so_fake_ood,real,,test_ood,5b414a8fb8d6a055,jpeg30
0,so_fake_ood,real,,test_ood,5b414a8fb8d6a055,blur05
0,so_fake_ood,real,,test_ood,5b414a8fb8d6a055,blur10
0,so_fake_ood,real,,test_ood,5b414a8fb8d6a055,blur20
0,so_fake_ood,real,,test_ood,5b414a8fb8d6a055,resize05
0,so_fake_ood,real,,test_ood,5b414a8fb8d6a055,resize025
0,so_fake_ood,real,,test_ood,5b414a8fb8d6a055,noise002
0,so_fake_ood,real,,test_ood,5b414a8fb8d6a055,noise005
0,so_fake_ood,real,,test_ood,5b414a8fb8d6a055,noise01
0,so_fake_ood,real,,test_ood,5b414a8fb8d6a055,jitter02
0,so_fake_ood,real,,test_ood,5b414a8fb8d6a055,crop08
0,so_fake_ood,real,,test_ood,60bc7d23f471dced,clean
0,so_fake_ood,real,,test_ood,60bc7d23f471dced,jpeg90
0,so_fake_ood,real,,test_ood,60bc7d23f471dced,jpeg70
0,so_fake_ood,real,,test_ood,60bc7d23f471dced,jpeg50
0,so_fake_ood,real,,test_ood,60bc7d23f471dced,jpeg30
0,so_fake_ood,real,,test_ood,60bc7d23f471dced,blur05
0,so_fake_ood,real,,test_ood,60bc7d23f471dced,blur10
0,so_fake_ood,real,,test_ood,60bc7d23f471dced,blur20
0,so_fake_ood,real,,test_ood,60bc7d23f471dced,resize05
0,so_fake_ood,real,,test_ood,60bc7d23f471dced,resize025
0,so_fake_ood,real,,test_ood,60bc7d23f471dced,noise002
0,so_fake_ood,real,,test_ood,60bc7d23f471dced,noise005
0,so_fake_ood,real,,test_ood,60bc7d23f471dced,noise01
0,so_fake_ood,real,,test_ood,60bc7d23f471dced,jitter02
0,so_fake_ood,real,,test_ood,60bc7d23f471dced,crop08
0,so_fake_ood,real,,test_ood,a3c0e6f3885a06e4,clean
0,so_fake_ood,real,,test_ood,a3c0e6f3885a06e4,jpeg90
0,so_fake_ood,real,,test_ood,a3c0e6f3885a06e4,jpeg70
0,so_fake_ood,real,,test_ood,a3c0e6f3885a06e4,jpeg50
0,so_fake_ood,real,,test_ood,a3c0e6f3885a06e4,jpeg30
0,so_fake_ood,real,,test_ood,a3c0e6f3885a06e4,blur05
0,so_fake_ood,real,,test_ood,a3c0e6f3885a06e4,blur10
0,so_fake_ood,real,,test_ood,a3c0e6f3885a06e4,blur20
0,so_fake_ood,real,,test_ood,a3c0e6f3885a06e4,resize05
0,so_fake_ood,real,,test_ood,a3c0e6f3885a06e4,resize025
0,so_fake_ood,real,,test_ood,a3c0e6f3885a06e4,noise002
0,so_fake_ood,real,,test_ood,a3c0e6f3885a06e4,noise005
0,so_fake_ood,real,,test_ood,a3c0e6f3885a06e4,noise01
0,so_fake_ood,real,,test_ood,a3c0e6f3885a06e4,jitter02
0,so_fake_ood,real,,test_ood,a3c0e6f3885a06e4,crop08
0,so_fake_ood,real,,test_ood,7a832b543764cf6e,clean
0,so_fake_ood,real,,test_ood,7a832b543764cf6e,jpeg90
0,so_fake_ood,real,,test_ood,7a832b543764cf6e,jpeg70
0,so_fake_ood,real,,test_ood,7a832b543764cf6e,jpeg50
0,so_fake_ood,real,,test_ood,7a832b543764cf6e,jpeg30
0,so_fake_ood,real,,test_ood,7a832b543764cf6e,blur05
0,so_fake_ood,real,,test_ood,7a832b543764cf6e,blur10
0,so_fake_ood,real,,test_ood,7a832b543764cf6e,blur20
0,so_fake_ood,real,,test_ood,7a832b543764cf6e,resize05
0,so_fake_ood,real,,test_ood,7a832b543764cf6e,resize025
0,so_fake_ood,real,,test_ood,7a832b543764cf6e,noise002
0,so_fake_ood,real,,test_ood,7a832b543764cf6e,noise005
0,so_fake_ood,real,,test_ood,7a832b543764cf6e,noise01
0,so_fake_ood,real,,test_ood,7a832b543764cf6e,jitter02
0,so_fake_ood,real,,test_ood,7a832b543764cf6e,crop08
0,so_fake_ood,real,,test_ood,4299771f4fabcb58,clean
0,so_fake_ood,real,,test_ood,4299771f4fabcb58,jpeg90
0,so_fake_ood,real,,test_ood,4299771f4fabcb58,jpeg70
0,so_fake_ood,real,,test_ood,4299771f4fabcb58,jpeg50
0,so_fake_ood,real,,test_ood,4299771f4fabcb58,jpeg30
0,so_fake_ood,real,,test_ood,4299771f4fabcb58,blur05
0,so_fake_ood,real,,test_ood,4299771f4fabcb58,blur10
0,so_fake_ood,real,,test_ood,4299771f4fabcb58,blur20
0,so_fake_ood,real,,test_ood,4299771f4fabcb58,resize05
0,so_fake_ood,real,,test_ood,4299771f4fabcb58,resize025
0,so_fake_ood,real,,test_ood,4299771f4fabcb58,noise002
0,so_fake_ood,real,,test_ood,4299771f4fabcb58,noise005
0,so_fake_ood,real,,test_ood,4299771f4fabcb58,noise01
0,so_fake_ood,real,,test_ood,4299771f4fabcb58,jitter02
0,so_fake_ood,real,,test_ood,4299771f4fabcb58,crop08
0,so_fake_ood,real,,test_ood,f49a7405a0995aa4,clean
0,so_fake_ood,real,,test_ood,f49a7405a0995aa4,jpeg90
0,so_fake_ood,real,,test_ood,f49a7405a0995aa4,jpeg70
0,so_fake_ood,real,,test_ood,f49a7405a0995aa4,jpeg50
0,so_fake_ood,real,,test_ood,f49a7405a0995aa4,jpeg30
0,so_fake_ood,real,,test_ood,f49a7405a0995aa4,blur05
0,so_fake_ood,real,,test_ood,f49a7405a0995aa4,blur10
0,so_fake_ood,real,,test_ood,f49a7405a0995aa4,blur20
0,so_fake_ood,real,,test_ood,f49a7405a0995aa4,resize05
0,so_fake_ood,real,,test_ood,f49a7405a0995aa4,resize025
0,so_fake_ood,real,,test_ood,f49a7405a0995aa4,noise002
0,so_fake_ood,real,,test_ood,f49a7405a0995aa4,noise005
0,so_fake_ood,real,,test_ood,f49a7405a0995aa4,noise01
0,so_fake_ood,real,,test_ood,f49a7405a0995aa4,jitter02
0,so_fake_ood,real,,test_ood,f49a7405a0995aa4,crop08
0,so_fake_ood,real,,test_ood,ed19b24b048eda29,clean
0,so_fake_ood,real,,test_ood,ed19b24b048eda29,jpeg90
0,so_fake_ood,real,,test_ood,ed19b24b048eda29,jpeg70
0,so_fake_ood,real,,test_ood,ed19b24b048eda29,jpeg50
0,so_fake_ood,real,,test_ood,ed19b24b048eda29,jpeg30
0,so_fake_ood,real,,test_ood,ed19b24b048eda29,blur05
0,so_fake_ood,real,,test_ood,ed19b24b048eda29,blur10
0,so_fake_ood,real,,test_ood,ed19b24b048eda29,blur20
0,so_fake_ood,real,,test_ood,ed19b24b048eda29,resize05
0,so_fake_ood,real,,test_ood,ed19b24b048eda29,resize025
0,so_fake_ood,real,,test_ood,ed19b24b048eda29,noise002
0,so_fake_ood,real,,test_ood,ed19b24b048eda29,noise005
0,so_fake_ood,real,,test_ood,ed19b24b048eda29,noise01
0,so_fake_ood,real,,test_ood,ed19b24b048eda29,jitter02
0,so_fake_ood,real,,test_ood,ed19b24b048eda29,crop08
0,so_fake_ood,real,,test_ood,825ea2932c34379a,clean
0,so_fake_ood,real,,test_ood,825ea2932c34379a,jpeg90
0,so_fake_ood,real,,test_ood,825ea2932c34379a,jpeg70
0,so_fake_ood,real,,test_ood,825ea2932c34379a,jpeg50
0,so_fake_ood,real,,test_ood,825ea2932c34379a,jpeg30
0,so_fake_ood,real,,test_ood,825ea2932c34379a,blur05
0,so_fake_ood,real,,test_ood,825ea2932c34379a,blur10
0,so_fake_ood,real,,test_ood,825ea2932c34379a,blur20
0,so_fake_ood,real,,test_ood,825ea2932c34379a,resize05
0,so_fake_ood,real,,test_ood,825ea2932c34379a,resize025
0,so_fake_ood,real,,test_ood,825ea2932c34379a,noise002
0,so_fake_ood,real,,test_ood,825ea2932c34379a,noise005
0,so_fake_ood,real,,test_ood,825ea2932c34379a,noise01
0,so_fake_ood,real,,test_ood,825ea2932c34379a,jitter02
0,so_fake_ood,real,,test_ood,825ea2932c34379a,crop08
0,so_fake_ood,real,,test_ood,2fb281c2bb6807d2,clean
0,so_fake_ood,real,,test_ood,2fb281c2bb6807d2,jpeg90
0,so_fake_ood,real,,test_ood,2fb281c2bb6807d2,jpeg70
0,so_fake_ood,real,,test_ood,2fb281c2bb6807d2,jpeg50
0,so_fake_ood,real,,test_ood,2fb281c2bb6807d2,jpeg30
0,so_fake_ood,real,,test_ood,2fb281c2bb6807d2,blur05
0,so_fake_ood,real,,test_ood,2fb281c2bb6807d2,blur10
0,so_fake_ood,real,,test_ood,2fb281c2bb6807d2,blur20
0,so_fake_ood,real,,test_ood,2fb281c2bb6807d2,resize05
0,so_fake_ood,real,,test_ood,2fb281c2bb6807d2,resize025
0,so_fake_ood,real,,test_ood,2fb281c2bb6807d2,noise002
0,so_fake_ood,real,,test_ood,2fb281c2bb6807d2,noise005
0,so_fake_ood,real,,test_ood,2fb281c2bb6807d2,noise01
0,so_fake_ood,real,,test_ood,2fb281c2bb6807d2,jitter02
0,so_fake_ood,real,,test_ood,2fb281c2bb6807d2,crop08
0,so_fake_ood,real,,test_ood,abb7fe54a504038a,clean
0,so_fake_ood,real,,test_ood,abb7fe54a504038a,jpeg90
0,so_fake_ood,real,,test_ood,abb7fe54a504038a,jpeg70
0,so_fake_ood,real,,test_ood,abb7fe54a504038a,jpeg50
0,so_fake_ood,real,,test_ood,abb7fe54a504038a,jpeg30
0,so_fake_ood,real,,test_ood,abb7fe54a504038a,blur05
0,so_fake_ood,real,,test_ood,abb7fe54a504038a,blur10
0,so_fake_ood,real,,test_ood,abb7fe54a504038a,blur20
0,so_fake_ood,real,,test_ood,abb7fe54a504038a,resize05
0,so_fake_ood,real,,test_ood,abb7fe54a504038a,resize025
0,so_fake_ood,real,,test_ood,abb7fe54a504038a,noise002
0,so_fake_ood,real,,test_ood,abb7fe54a504038a,noise005
0,so_fake_ood,real,,test_ood,abb7fe54a504038a,noise01
0,so_fake_ood,real,,test_ood,abb7fe54a504038a,jitter02
0,so_fake_ood,real,,test_ood,abb7fe54a504038a,crop08
0,so_fake_ood,real,,test_ood,ebc605bbeb5aa6a0,clean
0,so_fake_ood,real,,test_ood,ebc605bbeb5aa6a0,jpeg90
0,so_fake_ood,real,,test_ood,ebc605bbeb5aa6a0,jpeg70
0,so_fake_ood,real,,test_ood,ebc605bbeb5aa6a0,jpeg50
0,so_fake_ood,real,,test_ood,ebc605bbeb5aa6a0,jpeg30
0,so_fake_ood,real,,test_ood,ebc605bbeb5aa6a0,blur05
0,so_fake_ood,real,,test_ood,ebc605bbeb5aa6a0,blur10
0,so_fake_ood,real,,test_ood,ebc605bbeb5aa6a0,blur20
0,so_fake_ood,real,,test_ood,ebc605bbeb5aa6a0,resize05
0,so_fake_ood,real,,test_ood,ebc605bbeb5aa6a0,resize025
0,so_fake_ood,real,,test_ood,ebc605bbeb5aa6a0,noise002
0,so_fake_ood,real,,test_ood,ebc605bbeb5aa6a0,noise005
0,so_fake_ood,real,,test_ood,ebc605bbeb5aa6a0,noise01
0,so_fake_ood,real,,test_ood,ebc605bbeb5aa6a0,jitter02
0,so_fake_ood,real,,test_ood,ebc605bbeb5aa6a0,crop08
0,so_fake_ood,real,,test_ood,e6403da1d79500b2,clean
0,so_fake_ood,real,,test_ood,e6403da1d79500b2,jpeg90
0,so_fake_ood,real,,test_ood,e6403da1d79500b2,jpeg70
0,so_fake_ood,real,,test_ood,e6403da1d79500b2,jpeg50
0,so_fake_ood,real,,test_ood,e6403da1d79500b2,jpeg30
0,so_fake_ood,real,,test_ood,e6403da1d79500b2,blur05
0,so_fake_ood,real,,test_ood,e6403da1d79500b2,blur10
0,so_fake_ood,real,,test_ood,e6403da1d79500b2,blur20
0,so_fake_ood,real,,test_ood,e6403da1d79500b2,resize05
0,so_fake_ood,real,,test_ood,e6403da1d79500b2,resize025
0,so_fake_ood,real,,test_ood,e6403da1d79500b2,noise002
0,so_fake_ood,real,,test_ood,e6403da1d79500b2,noise005
0,so_fake_ood,real,,test_ood,e6403da1d79500b2,noise01
0,so_fake_ood,real,,test_ood,e6403da1d79500b2,jitter02
0,so_fake_ood,real,,test_ood,e6403da1d79500b2,crop08
0,so_fake_ood,real,,test_ood,be93fb288f424d8f,clean
0,so_fake_ood,real,,test_ood,be93fb288f424d8f,jpeg90
0,so_fake_ood,real,,test_ood,be93fb288f424d8f,jpeg70
0,so_fake_ood,real,,test_ood,be93fb288f424d8f,jpeg50
0,so_fake_ood,real,,test_ood,be93fb288f424d8f,jpeg30
0,so_fake_ood,real,,test_ood,be93fb288f424d8f,blur05
0,so_fake_ood,real,,test_ood,be93fb288f424d8f,blur10
0,so_fake_ood,real,,test_ood,be93fb288f424d8f,blur20
0,so_fake_ood,real,,test_ood,be93fb288f424d8f,resize05
0,so_fake_ood,real,,test_ood,be93fb288f424d8f,resize025
0,so_fake_ood,real,,test_ood,be93fb288f424d8f,noise002
0,so_fake_ood,real,,test_ood,be93fb288f424d8f,noise005
0,so_fake_ood,real,,test_ood,be93fb288f424d8f,noise01
0,so_fake_ood,real,,test_ood,be93fb288f424d8f,jitter02
0,so_fake_ood,real,,test_ood,be93fb288f424d8f,crop08
0,so_fake_ood,real,,test_ood,0a9d0faac99aa876,clean
0,so_fake_ood,real,,test_ood,0a9d0faac99aa876,jpeg90
0,so_fake_ood,real,,test_ood,0a9d0faac99aa876,jpeg70
0,so_fake_ood,real,,test_ood,0a9d0faac99aa876,jpeg50
0,so_fake_ood,real,,test_ood,0a9d0faac99aa876,jpeg30
0,so_fake_ood,real,,test_ood,0a9d0faac99aa876,blur05
0,so_fake_ood,real,,test_ood,0a9d0faac99aa876,blur10
0,so_fake_ood,real,,test_ood,0a9d0faac99aa876,blur20
0,so_fake_ood,real,,test_ood,0a9d0faac99aa876,resize05
0,so_fake_ood,real,,test_ood,0a9d0faac99aa876,resize025
0,so_fake_ood,real,,test_ood,0a9d0faac99aa876,noise002
0,so_fake_ood,real,,test_ood,0a9d0faac99aa876,noise005
0,so_fake_ood,real,,test_ood,0a9d0faac99aa876,noise01
0,so_fake_ood,real,,test_ood,0a9d0faac99aa876,jitter02
0,so_fake_ood,real,,test_ood,0a9d0faac99aa876,crop08
0,so_fake_ood,real,,test_ood,c5f973b0f48ee23e,clean
0,so_fake_ood,real,,test_ood,c5f973b0f48ee23e,jpeg90
0,so_fake_ood,real,,test_ood,c5f973b0f48ee23e,jpeg70
0,so_fake_ood,real,,test_ood,c5f973b0f48ee23e,jpeg50
0,so_fake_ood,real,,test_ood,c5f973b0f48ee23e,jpeg30
0,so_fake_ood,real,,test_ood,c5f973b0f48ee23e,blur05
0,so_fake_ood,real,,test_ood,c5f973b0f48ee23e,blur10
0,so_fake_ood,real,,test_ood,c5f973b0f48ee23e,blur20
0,so_fake_ood,real,,test_ood,c5f973b0f48ee23e,resize05
0,so_fake_ood,real,,test_ood,c5f973b0f48ee23e,resize025
0,so_fake_ood,real,,test_ood,c5f973b0f48ee23e,noise002
0,so_fake_ood,real,,test_ood,c5f973b0f48ee23e,noise005
0,so_fake_ood,real,,test_ood,c5f973b0f48ee23e,noise01
0,so_fake_ood,real,,test_ood,c5f973b0f48ee23e,jitter02
0,so_fake_ood,real,,test_ood,c5f973b0f48ee23e,crop08
0,so_fake_ood,real,,test_ood,9fb01cb272a35d97,clean
0,so_fake_ood,real,,test_ood,9fb01cb272a35d97,jpeg90
0,so_fake_ood,real,,test_ood,9fb01cb272a35d97,jpeg70
0,so_fake_ood,real,,test_ood,9fb01cb272a35d97,jpeg50
0,so_fake_ood,real,,test_ood,9fb01cb272a35d97,jpeg30
0,so_fake_ood,real,,test_ood,9fb01cb272a35d97,blur05
0,so_fake_ood,real,,test_ood,9fb01cb272a35d97,blur10
0,so_fake_ood,real,,test_ood,9fb01cb272a35d97,blur20
0,so_fake_ood,real,,test_ood,9fb01cb272a35d97,resize05
0,so_fake_ood,real,,test_ood,9fb01cb272a35d97,resize025
0,so_fake_ood,real,,test_ood,9fb01cb272a35d97,noise002
0,so_fake_ood,real,,test_ood,9fb01cb272a35d97,noise005
0,so_fake_ood,real,,test_ood,9fb01cb272a35d97,noise01
0,so_fake_ood,real,,test_ood,9fb01cb272a35d97,jitter02
0,so_fake_ood,real,,test_ood,9fb01cb272a35d97,crop08
0,so_fake_ood,real,,test_ood,b3280da8b95b20a0,clean
0,so_fake_ood,real,,test_ood,b3280da8b95b20a0,jpeg90
0,so_fake_ood,real,,test_ood,b3280da8b95b20a0,jpeg70
0,so_fake_ood,real,,test_ood,b3280da8b95b20a0,jpeg50
0,so_fake_ood,real,,test_ood,b3280da8b95b20a0,jpeg30
0,so_fake_ood,real,,test_ood,b3280da8b95b20a0,blur05
0,so_fake_ood,real,,test_ood,b3280da8b95b20a0,blur10
0,so_fake_ood,real,,test_ood,b3280da8b95b20a0,blur20
0,so_fake_ood,real,,test_ood,b3280da8b95b20a0,resize05
0,so_fake_ood,real,,test_ood,b3280da8b95b20a0,resize025
0,so_fake_ood,real,,test_ood,b3280da8b95b20a0,noise002
0,so_fake_ood,real,,test_ood,b3280da8b95b20a0,noise005
0,so_fake_ood,real,,test_ood,b3280da8b95b20a0,noise01
0,so_fake_ood,real,,test_ood,b3280da8b95b20a0,jitter02
0,so_fake_ood,real,,test_ood,b3280da8b95b20a0,crop08
0,so_fake_ood,real,,test_ood,c79a5583c7566e68,clean
0,so_fake_ood,real,,test_ood,c79a5583c7566e68,jpeg90
0,so_fake_ood,real,,test_ood,c79a5583c7566e68,jpeg70
0,so_fake_ood,real,,test_ood,c79a5583c7566e68,jpeg50
0,so_fake_ood,real,,test_ood,c79a5583c7566e68,jpeg30
0,so_fake_ood,real,,test_ood,c79a5583c7566e68,blur05
0,so_fake_ood,real,,test_ood,c79a5583c7566e68,blur10
0,so_fake_ood,real,,test_ood,c79a5583c7566e68,blur20
0,so_fake_ood,real,,test_ood,c79a5583c7566e68,resize05
0,so_fake_ood,real,,test_ood,c79a5583c7566e68,resize025
0,so_fake_ood,real,,test_ood,c79a5583c7566e68,noise002
0,so_fake_ood,real,,test_ood,c79a5583c7566e68,noise005
0,so_fake_ood,real,,test_ood,c79a5583c7566e68,noise01
0,so_fake_ood,real,,test_ood,c79a5583c7566e68,jitter02
0,so_fake_ood,real,,test_ood,c79a5583c7566e68,crop08
0,so_fake_ood,real,,test_ood,e41de49949f543f5,clean
0,so_fake_ood,real,,test_ood,e41de49949f543f5,jpeg90
0,so_fake_ood,real,,test_ood,e41de49949f543f5,jpeg70
0,so_fake_ood,real,,test_ood,e41de49949f543f5,jpeg50
0,so_fake_ood,real,,test_ood,e41de49949f543f5,jpeg30
0,so_fake_ood,real,,test_ood,e41de49949f543f5,blur05
0,so_fake_ood,real,,test_ood,e41de49949f543f5,blur10
0,so_fake_ood,real,,test_ood,e41de49949f543f5,blur20
0,so_fake_ood,real,,test_ood,e41de49949f543f5,resize05
0,so_fake_ood,real,,test_ood,e41de49949f543f5,resize025
0,so_fake_ood,real,,test_ood,e41de49949f543f5,noise002
0,so_fake_ood,real,,test_ood,e41de49949f543f5,noise005
0,so_fake_ood,real,,test_ood,e41de49949f543f5,noise01
0,so_fake_ood,real,,test_ood,e41de49949f543f5,jitter02
0,so_fake_ood,real,,test_ood,e41de49949f543f5,crop08
0,so_fake_ood,real,,test_ood,cb0483d3b8d00b9c,clean
0,so_fake_ood,real,,test_ood,cb0483d3b8d00b9c,jpeg90
0,so_fake_ood,real,,test_ood,cb0483d3b8d00b9c,jpeg70
0,so_fake_ood,real,,test_ood,cb0483d3b8d00b9c,jpeg50
0,so_fake_ood,real,,test_ood,cb0483d3b8d00b9c,jpeg30
0,so_fake_ood,real,,test_ood,cb0483d3b8d00b9c,blur05
0,so_fake_ood,real,,test_ood,cb0483d3b8d00b9c,blur10
0,so_fake_ood,real,,test_ood,cb0483d3b8d00b9c,blur20
0,so_fake_ood,real,,test_ood,cb0483d3b8d00b9c,resize05
0,so_fake_ood,real,,test_ood,cb0483d3b8d00b9c,resize025
0,so_fake_ood,real,,test_ood,cb0483d3b8d00b9c,noise002
0,so_fake_ood,real,,test_ood,cb0483d3b8d00b9c,noise005
0,so_fake_ood,real,,test_ood,cb0483d3b8d00b9c,noise01
0,so_fake_ood,real,,test_ood,cb0483d3b8d00b9c,jitter02
0,so_fake_ood,real,,test_ood,cb0483d3b8d00b9c,crop08
0,so_fake_ood,real,,test_ood,e21cf97de3532b8d,clean
0,so_fake_ood,real,,test_ood,e21cf97de3532b8d,jpeg90
0,so_fake_ood,real,,test_ood,e21cf97de3532b8d,jpeg70
0,so_fake_ood,real,,test_ood,e21cf97de3532b8d,jpeg50
0,so_fake_ood,real,,test_ood,e21cf97de3532b8d,jpeg30
0,so_fake_ood,real,,test_ood,e21cf97de3532b8d,blur05
0,so_fake_ood,real,,test_ood,e21cf97de3532b8d,blur10
0,so_fake_ood,real,,test_ood,e21cf97de3532b8d,blur20
0,so_fake_ood,real,,test_ood,e21cf97de3532b8d,resize05
0,so_fake_ood,real,,test_ood,e21cf97de3532b8d,resize025
0,so_fake_ood,real,,test_ood,e21cf97de3532b8d,noise002
0,so_fake_ood,real,,test_ood,e21cf97de3532b8d,noise005
0,so_fake_ood,real,,test_ood,e21cf97de3532b8d,noise01
0,so_fake_ood,real,,test_ood,e21cf97de3532b8d,jitter02
0,so_fake_ood,real,,test_ood,e21cf97de3532b8d,crop08
0,so_fake_ood,real,,test_ood,e06e04e4c5bcc0ac,clean
0,so_fake_ood,real,,test_ood,e06e04e4c5bcc0ac,jpeg90
0,so_fake_ood,real,,test_ood,e06e04e4c5bcc0ac,jpeg70
0,so_fake_ood,real,,test_ood,e06e04e4c5bcc0ac,jpeg50
0,so_fake_ood,real,,test_ood,e06e04e4c5bcc0ac,jpeg30
0,so_fake_ood,real,,test_ood,e06e04e4c5bcc0ac,blur05
0,so_fake_ood,real,,test_ood,e06e04e4c5bcc0ac,blur10
0,so_fake_ood,real,,test_ood,e06e04e4c5bcc0ac,blur20
0,so_fake_ood,real,,test_ood,e06e04e4c5bcc0ac,resize05
0,so_fake_ood,real,,test_ood,e06e04e4c5bcc0ac,resize025
0,so_fake_ood,real,,test_ood,e06e04e4c5bcc0ac,noise002
0,so_fake_ood,real,,test_ood,e06e04e4c5bcc0ac,noise005
0,so_fake_ood,real,,test_ood,e06e04e4c5bcc0ac,noise01
0,so_fake_ood,real,,test_ood,e06e04e4c5bcc0ac,jitter02
0,so_fake_ood,real,,test_ood,e06e04e4c5bcc0ac,crop08
0,so_fake_ood,real,,test_ood,af2bb221853b029a,clean
0,so_fake_ood,real,,test_ood,af2bb221853b029a,jpeg90
0,so_fake_ood,real,,test_ood,af2bb221853b029a,jpeg70
0,so_fake_ood,real,,test_ood,af2bb221853b029a,jpeg50
0,so_fake_ood,real,,test_ood,af2bb221853b029a,jpeg30
0,so_fake_ood,real,,test_ood,af2bb221853b029a,blur05
0,so_fake_ood,real,,test_ood,af2bb221853b029a,blur10
0,so_fake_ood,real,,test_ood,af2bb221853b029a,blur20
0,so_fake_ood,real,,test_ood,af2bb221853b029a,resize05
0,so_fake_ood,real,,test_ood,af2bb221853b029a,resize025
0,so_fake_ood,real,,test_ood,af2bb221853b029a,noise002
0,so_fake_ood,real,,test_ood,af2bb221853b029a,noise005
0,so_fake_ood,real,,test_ood,af2bb221853b029a,noise01
0,so_fake_ood,real,,test_ood,af2bb221853b029a,jitter02
0,so_fake_ood,real,,test_ood,af2bb221853b029a,crop08
0,so_fake_ood,real,,test_ood,71dc9da78a092bee,clean
0,so_fake_ood,real,,test_ood,71dc9da78a092bee,jpeg90
0,so_fake_ood,real,,test_ood,71dc9da78a092bee,jpeg70
0,so_fake_ood,real,,test_ood,71dc9da78a092bee,jpeg50
0,so_fake_ood,real,,test_ood,71dc9da78a092bee,jpeg30
0,so_fake_ood,real,,test_ood,71dc9da78a092bee,blur05
0,so_fake_ood,real,,test_ood,71dc9da78a092bee,blur10
0,so_fake_ood,real,,test_ood,71dc9da78a092bee,blur20
0,so_fake_ood,real,,test_ood,71dc9da78a092bee,resize05
0,so_fake_ood,real,,test_ood,71dc9da78a092bee,resize025
0,so_fake_ood,real,,test_ood,71dc9da78a092bee,noise002
0,so_fake_ood,real,,test_ood,71dc9da78a092bee,noise005
0,so_fake_ood,real,,test_ood,71dc9da78a092bee,noise01
0,so_fake_ood,real,,test_ood,71dc9da78a092bee,jitter02
0,so_fake_ood,real,,test_ood,71dc9da78a092bee,crop08
0,so_fake_ood,real,,test_ood,512f25b66b8ebbf3,clean
0,so_fake_ood,real,,test_ood,512f25b66b8ebbf3,jpeg90
0,so_fake_ood,real,,test_ood,512f25b66b8ebbf3,jpeg70
0,so_fake_ood,real,,test_ood,512f25b66b8ebbf3,jpeg50
0,so_fake_ood,real,,test_ood,512f25b66b8ebbf3,jpeg30
0,so_fake_ood,real,,test_ood,512f25b66b8ebbf3,blur05
0,so_fake_ood,real,,test_ood,512f25b66b8ebbf3,blur10
0,so_fake_ood,real,,test_ood,512f25b66b8ebbf3,blur20
0,so_fake_ood,real,,test_ood,512f25b66b8ebbf3,resize05
0,so_fake_ood,real,,test_ood,512f25b66b8ebbf3,resize025
0,so_fake_ood,real,,test_ood,512f25b66b8ebbf3,noise002
0,so_fake_ood,real,,test_ood,512f25b66b8ebbf3,noise005
0,so_fake_ood,real,,test_ood,512f25b66b8ebbf3,noise01
0,so_fake_ood,real,,test_ood,512f25b66b8ebbf3,jitter02
0,so_fake_ood,real,,test_ood,512f25b66b8ebbf3,crop08
0,so_fake_ood,real,,test_ood,c4f5c1066fcf36f3,clean
0,so_fake_ood,real,,test_ood,c4f5c1066fcf36f3,jpeg90
0,so_fake_ood,real,,test_ood,c4f5c1066fcf36f3,jpeg70
0,so_fake_ood,real,,test_ood,c4f5c1066fcf36f3,jpeg50
0,so_fake_ood,real,,test_ood,c4f5c1066fcf36f3,jpeg30
0,so_fake_ood,real,,test_ood,c4f5c1066fcf36f3,blur05
0,so_fake_ood,real,,test_ood,c4f5c1066fcf36f3,blur10
0,so_fake_ood,real,,test_ood,c4f5c1066fcf36f3,blur20
0,so_fake_ood,real,,test_ood,c4f5c1066fcf36f3,resize05
0,so_fake_ood,real,,test_ood,c4f5c1066fcf36f3,resize025
0,so_fake_ood,real,,test_ood,c4f5c1066fcf36f3,noise002
0,so_fake_ood,real,,test_ood,c4f5c1066fcf36f3,noise005
0,so_fake_ood,real,,test_ood,c4f5c1066fcf36f3,noise01
0,so_fake_ood,real,,test_ood,c4f5c1066fcf36f3,jitter02
0,so_fake_ood,real,,test_ood,c4f5c1066fcf36f3,crop08
0,so_fake_ood,real,,test_ood,944ec759f28c1d49,clean
0,so_fake_ood,real,,test_ood,944ec759f28c1d49,jpeg90
0,so_fake_ood,real,,test_ood,944ec759f28c1d49,jpeg70
0,so_fake_ood,real,,test_ood,944ec759f28c1d49,jpeg50
0,so_fake_ood,real,,test_ood,944ec759f28c1d49,jpeg30
0,so_fake_ood,real,,test_ood,944ec759f28c1d49,blur05
0,so_fake_ood,real,,test_ood,944ec759f28c1d49,blur10
0,so_fake_ood,real,,test_ood,944ec759f28c1d49,blur20
0,so_fake_ood,real,,test_ood,944ec759f28c1d49,resize05
0,so_fake_ood,real,,test_ood,944ec759f28c1d49,resize025
0,so_fake_ood,real,,test_ood,944ec759f28c1d49,noise002
0,so_fake_ood,real,,test_ood,944ec759f28c1d49,noise005
0,so_fake_ood,real,,test_ood,944ec759f28c1d49,noise01
0,so_fake_ood,real,,test_ood,944ec759f28c1d49,jitter02
0,so_fake_ood,real,,test_ood,944ec759f28c1d49,crop08
0,so_fake_ood,real,,test_ood,09c6375b5cfdf97c,clean
0,so_fake_ood,real,,test_ood,09c6375b5cfdf97c,jpeg90
0,so_fake_ood,real,,test_ood,09c6375b5cfdf97c,jpeg70
0,so_fake_ood,real,,test_ood,09c6375b5cfdf97c,jpeg50
0,so_fake_ood,real,,test_ood,09c6375b5cfdf97c,jpeg30
0,so_fake_ood,real,,test_ood,09c6375b5cfdf97c,blur05
0,so_fake_ood,real,,test_ood,09c6375b5cfdf97c,blur10
0,so_fake_ood,real,,test_ood,09c6375b5cfdf97c,blur20
0,so_fake_ood,real,,test_ood,09c6375b5cfdf97c,resize05
0,so_fake_ood,real,,test_ood,09c6375b5cfdf97c,resize025
0,so_fake_ood,real,,test_ood,09c6375b5cfdf97c,noise002
0,so_fake_ood,real,,test_ood,09c6375b5cfdf97c,noise005
0,so_fake_ood,real,,test_ood,09c6375b5cfdf97c,noise01
0,so_fake_ood,real,,test_ood,09c6375b5cfdf97c,jitter02
0,so_fake_ood,real,,test_ood,09c6375b5cfdf97c,crop08
0,so_fake_ood,real,,test_ood,0f4ebc24427ec5d2,clean
0,so_fake_ood,real,,test_ood,0f4ebc24427ec5d2,jpeg90
0,so_fake_ood,real,,test_ood,0f4ebc24427ec5d2,jpeg70
0,so_fake_ood,real,,test_ood,0f4ebc24427ec5d2,jpeg50
0,so_fake_ood,real,,test_ood,0f4ebc24427ec5d2,jpeg30
0,so_fake_ood,real,,test_ood,0f4ebc24427ec5d2,blur05
0,so_fake_ood,real,,test_ood,0f4ebc24427ec5d2,blur10
0,so_fake_ood,real,,test_ood,0f4ebc24427ec5d2,blur20
0,so_fake_ood,real,,test_ood,0f4ebc24427ec5d2,resize05
0,so_fake_ood,real,,test_ood,0f4ebc24427ec5d2,resize025
0,so_fake_ood,real,,test_ood,0f4ebc24427ec5d2,noise002
0,so_fake_ood,real,,test_ood,0f4ebc24427ec5d2,noise005
0,so_fake_ood,real,,test_ood,0f4ebc24427ec5d2,noise01
0,so_fake_ood,real,,test_ood,0f4ebc24427ec5d2,jitter02
0,so_fake_ood,real,,test_ood,0f4ebc24427ec5d2,crop08
0,so_fake_ood,real,,test_ood,6f045716b237af73,clean
0,so_fake_ood,real,,test_ood,6f045716b237af73,jpeg90
0,so_fake_ood,real,,test_ood,6f045716b237af73,jpeg70
0,so_fake_ood,real,,test_ood,6f045716b237af73,jpeg50
0,so_fake_ood,real,,test_ood,6f045716b237af73,jpeg30
0,so_fake_ood,real,,test_ood,6f045716b237af73,blur05
0,so_fake_ood,real,,test_ood,6f045716b237af73,blur10
0,so_fake_ood,real,,test_ood,6f045716b237af73,blur20
0,so_fake_ood,real,,test_ood,6f045716b237af73,resize05
0,so_fake_ood,real,,test_ood,6f045716b237af73,resize025
0,so_fake_ood,real,,test_ood,6f045716b237af73,noise002
0,so_fake_ood,real,,test_ood,6f045716b237af73,noise005
0,so_fake_ood,real,,test_ood,6f045716b237af73,noise01
0,so_fake_ood,real,,test_ood,6f045716b237af73,jitter02
0,so_fake_ood,real,,test_ood,6f045716b237af73,crop08
0,so_fake_ood,real,,test_ood,a482a9b8e5a26e9a,clean
0,so_fake_ood,real,,test_ood,a482a9b8e5a26e9a,jpeg90
0,so_fake_ood,real,,test_ood,a482a9b8e5a26e9a,jpeg70
0,so_fake_ood,real,,test_ood,a482a9b8e5a26e9a,jpeg50
0,so_fake_ood,real,,test_ood,a482a9b8e5a26e9a,jpeg30
0,so_fake_ood,real,,test_ood,a482a9b8e5a26e9a,blur05
0,so_fake_ood,real,,test_ood,a482a9b8e5a26e9a,blur10
0,so_fake_ood,real,,test_ood,a482a9b8e5a26e9a,blur20
0,so_fake_ood,real,,test_ood,a482a9b8e5a26e9a,resize05
0,so_fake_ood,real,,test_ood,a482a9b8e5a26e9a,resize025
0,so_fake_ood,real,,test_ood,a482a9b8e5a26e9a,noise002
0,so_fake_ood,real,,test_ood,a482a9b8e5a26e9a,noise005
0,so_fake_ood,real,,test_ood,a482a9b8e5a26e9a,noise01
0,so_fake_ood,real,,test_ood,a482a9b8e5a26e9a,jitter02
0,so_fake_ood,real,,test_ood,a482a9b8e5a26e9a,crop08
0,so_fake_ood,real,,test_ood,91e38870dd119e28,clean
0,so_fake_ood,real,,test_ood,91e38870dd119e28,jpeg90
0,so_fake_ood,real,,test_ood,91e38870dd119e28,jpeg70
0,so_fake_ood,real,,test_ood,91e38870dd119e28,jpeg50
0,so_fake_ood,real,,test_ood,91e38870dd119e28,jpeg30
0,so_fake_ood,real,,test_ood,91e38870dd119e28,blur05
0,so_fake_ood,real,,test_ood,91e38870dd119e28,blur10
0,so_fake_ood,real,,test_ood,91e38870dd119e28,blur20
0,so_fake_ood,real,,test_ood,91e38870dd119e28,resize05
0,so_fake_ood,real,,test_ood,91e38870dd119e28,resize025
0,so_fake_ood,real,,test_ood,91e38870dd119e28,noise002
0,so_fake_ood,real,,test_ood,91e38870dd119e28,noise005
0,so_fake_ood,real,,test_ood,91e38870dd119e28,noise01
0,so_fake_ood,real,,test_ood,91e38870dd119e28,jitter02
0,so_fake_ood,real,,test_ood,91e38870dd119e28,crop08
0,so_fake_ood,real,,test_ood,bb6acb68d8fa9ba9,clean
0,so_fake_ood,real,,test_ood,bb6acb68d8fa9ba9,jpeg90
0,so_fake_ood,real,,test_ood,bb6acb68d8fa9ba9,jpeg70
0,so_fake_ood,real,,test_ood,bb6acb68d8fa9ba9,jpeg50
0,so_fake_ood,real,,test_ood,bb6acb68d8fa9ba9,jpeg30
0,so_fake_ood,real,,test_ood,bb6acb68d8fa9ba9,blur05
0,so_fake_ood,real,,test_ood,bb6acb68d8fa9ba9,blur10
0,so_fake_ood,real,,test_ood,bb6acb68d8fa9ba9,blur20
0,so_fake_ood,real,,test_ood,bb6acb68d8fa9ba9,resize05
0,so_fake_ood,real,,test_ood,bb6acb68d8fa9ba9,resize025
0,so_fake_ood,real,,test_ood,bb6acb68d8fa9ba9,noise002
0,so_fake_ood,real,,test_ood,bb6acb68d8fa9ba9,noise005
0,so_fake_ood,real,,test_ood,bb6acb68d8fa9ba9,noise01
0,so_fake_ood,real,,test_ood,bb6acb68d8fa9ba9,jitter02
0,so_fake_ood,real,,test_ood,bb6acb68d8fa9ba9,crop08
0,so_fake_ood,real,,test_ood,34fee257e182a48f,clean
0,so_fake_ood,real,,test_ood,34fee257e182a48f,jpeg90
0,so_fake_ood,real,,test_ood,34fee257e182a48f,jpeg70
0,so_fake_ood,real,,test_ood,34fee257e182a48f,jpeg50
0,so_fake_ood,real,,test_ood,34fee257e182a48f,jpeg30
0,so_fake_ood,real,,test_ood,34fee257e182a48f,blur05
0,so_fake_ood,real,,test_ood,34fee257e182a48f,blur10
0,so_fake_ood,real,,test_ood,34fee257e182a48f,blur20
0,so_fake_ood,real,,test_ood,34fee257e182a48f,resize05
0,so_fake_ood,real,,test_ood,34fee257e182a48f,resize025
0,so_fake_ood,real,,test_ood,34fee257e182a48f,noise002
0,so_fake_ood,real,,test_ood,34fee257e182a48f,noise005
0,so_fake_ood,real,,test_ood,34fee257e182a48f,noise01
0,so_fake_ood,real,,test_ood,34fee257e182a48f,jitter02
0,so_fake_ood,real,,test_ood,34fee257e182a48f,crop08
0,so_fake_ood,real,,test_ood,1eb0529a3c573e6f,clean
0,so_fake_ood,real,,test_ood,1eb0529a3c573e6f,jpeg90
0,so_fake_ood,real,,test_ood,1eb0529a3c573e6f,jpeg70
0,so_fake_ood,real,,test_ood,1eb0529a3c573e6f,jpeg50
0,so_fake_ood,real,,test_ood,1eb0529a3c573e6f,jpeg30
0,so_fake_ood,real,,test_ood,1eb0529a3c573e6f,blur05
0,so_fake_ood,real,,test_ood,1eb0529a3c573e6f,blur10
0,so_fake_ood,real,,test_ood,1eb0529a3c573e6f,blur20
0,so_fake_ood,real,,test_ood,1eb0529a3c573e6f,resize05
0,so_fake_ood,real,,test_ood,1eb0529a3c573e6f,resize025
0,so_fake_ood,real,,test_ood,1eb0529a3c573e6f,noise002
0,so_fake_ood,real,,test_ood,1eb0529a3c573e6f,noise005
0,so_fake_ood,real,,test_ood,1eb0529a3c573e6f,noise01
0,so_fake_ood,real,,test_ood,1eb0529a3c573e6f,jitter02
0,so_fake_ood,real,,test_ood,1eb0529a3c573e6f,crop08
0,so_fake_ood,real,,test_ood,ea44f4a81139657e,clean
0,so_fake_ood,real,,test_ood,ea44f4a81139657e,jpeg90
0,so_fake_ood,real,,test_ood,ea44f4a81139657e,jpeg70
0,so_fake_ood,real,,test_ood,ea44f4a81139657e,jpeg50
0,so_fake_ood,real,,test_ood,ea44f4a81139657e,jpeg30
0,so_fake_ood,real,,test_ood,ea44f4a81139657e,blur05
0,so_fake_ood,real,,test_ood,ea44f4a81139657e,blur10
0,so_fake_ood,real,,test_ood,ea44f4a81139657e,blur20
0,so_fake_ood,real,,test_ood,ea44f4a81139657e,resize05
0,so_fake_ood,real,,test_ood,ea44f4a81139657e,resize025
0,so_fake_ood,real,,test_ood,ea44f4a81139657e,noise002
0,so_fake_ood,real,,test_ood,ea44f4a81139657e,noise005
0,so_fake_ood,real,,test_ood,ea44f4a81139657e,noise01
0,so_fake_ood,real,,test_ood,ea44f4a81139657e,jitter02
0,so_fake_ood,real,,test_ood,ea44f4a81139657e,crop08
0,so_fake_ood,real,,test_ood,af0a6d9abdef5d78,clean
0,so_fake_ood,real,,test_ood,af0a6d9abdef5d78,jpeg90
0,so_fake_ood,real,,test_ood,af0a6d9abdef5d78,jpeg70
0,so_fake_ood,real,,test_ood,af0a6d9abdef5d78,jpeg50
0,so_fake_ood,real,,test_ood,af0a6d9abdef5d78,jpeg30
0,so_fake_ood,real,,test_ood,af0a6d9abdef5d78,blur05
0,so_fake_ood,real,,test_ood,af0a6d9abdef5d78,blur10
0,so_fake_ood,real,,test_ood,af0a6d9abdef5d78,blur20
0,so_fake_ood,real,,test_ood,af0a6d9abdef5d78,resize05
0,so_fake_ood,real,,test_ood,af0a6d9abdef5d78,resize025
0,so_fake_ood,real,,test_ood,af0a6d9abdef5d78,noise002
0,so_fake_ood,real,,test_ood,af0a6d9abdef5d78,noise005
0,so_fake_ood,real,,test_ood,af0a6d9abdef5d78,noise01
0,so_fake_ood,real,,test_ood,af0a6d9abdef5d78,jitter02
0,so_fake_ood,real,,test_ood,af0a6d9abdef5d78,crop08
0,so_fake_ood,real,,test_ood,8107428b83f3fa06,clean
0,so_fake_ood,real,,test_ood,8107428b83f3fa06,jpeg90
0,so_fake_ood,real,,test_ood,8107428b83f3fa06,jpeg70
0,so_fake_ood,real,,test_ood,8107428b83f3fa06,jpeg50
0,so_fake_ood,real,,test_ood,8107428b83f3fa06,jpeg30
0,so_fake_ood,real,,test_ood,8107428b83f3fa06,blur05
0,so_fake_ood,real,,test_ood,8107428b83f3fa06,blur10
0,so_fake_ood,real,,test_ood,8107428b83f3fa06,blur20
0,so_fake_ood,real,,test_ood,8107428b83f3fa06,resize05
0,so_fake_ood,real,,test_ood,8107428b83f3fa06,resize025
0,so_fake_ood,real,,test_ood,8107428b83f3fa06,noise002
0,so_fake_ood,real,,test_ood,8107428b83f3fa06,noise005
0,so_fake_ood,real,,test_ood,8107428b83f3fa06,noise01
0,so_fake_ood,real,,test_ood,8107428b83f3fa06,jitter02
0,so_fake_ood,real,,test_ood,8107428b83f3fa06,crop08
0,so_fake_ood,real,,test_ood,04087b3e5db501b1,clean
0,so_fake_ood,real,,test_ood,04087b3e5db501b1,jpeg90
0,so_fake_ood,real,,test_ood,04087b3e5db501b1,jpeg70
0,so_fake_ood,real,,test_ood,04087b3e5db501b1,jpeg50
0,so_fake_ood,real,,test_ood,04087b3e5db501b1,jpeg30
0,so_fake_ood,real,,test_ood,04087b3e5db501b1,blur05
0,so_fake_ood,real,,test_ood,04087b3e5db501b1,blur10
0,so_fake_ood,real,,test_ood,04087b3e5db501b1,blur20
0,so_fake_ood,real,,test_ood,04087b3e5db501b1,resize05
0,so_fake_ood,real,,test_ood,04087b3e5db501b1,resize025
0,so_fake_ood,real,,test_ood,04087b3e5db501b1,noise002
0,so_fake_ood,real,,test_ood,04087b3e5db501b1,noise005
0,so_fake_ood,real,,test_ood,04087b3e5db501b1,noise01
0,so_fake_ood,real,,test_ood,04087b3e5db501b1,jitter02
0,so_fake_ood,real,,test_ood,04087b3e5db501b1,crop08
0,so_fake_ood,real,,test_ood,1bf237c08c372298,clean
0,so_fake_ood,real,,test_ood,1bf237c08c372298,jpeg90
0,so_fake_ood,real,,test_ood,1bf237c08c372298,jpeg70
0,so_fake_ood,real,,test_ood,1bf237c08c372298,jpeg50
0,so_fake_ood,real,,test_ood,1bf237c08c372298,jpeg30
0,so_fake_ood,real,,test_ood,1bf237c08c372298,blur05
0,so_fake_ood,real,,test_ood,1bf237c08c372298,blur10
0,so_fake_ood,real,,test_ood,1bf237c08c372298,blur20
0,so_fake_ood,real,,test_ood,1bf237c08c372298,resize05
0,so_fake_ood,real,,test_ood,1bf237c08c372298,resize025
0,so_fake_ood,real,,test_ood,1bf237c08c372298,noise002
0,so_fake_ood,real,,test_ood,1bf237c08c372298,noise005
0,so_fake_ood,real,,test_ood,1bf237c08c372298,noise01
0,so_fake_ood,real,,test_ood,1bf237c08c372298,jitter02
0,so_fake_ood,real,,test_ood,1bf237c08c372298,crop08
0,so_fake_ood,real,,test_ood,81ca1d085aca8175,clean
0,so_fake_ood,real,,test_ood,81ca1d085aca8175,jpeg90
0,so_fake_ood,real,,test_ood,81ca1d085aca8175,jpeg70
0,so_fake_ood,real,,test_ood,81ca1d085aca8175,jpeg50
0,so_fake_ood,real,,test_ood,81ca1d085aca8175,jpeg30
0,so_fake_ood,real,,test_ood,81ca1d085aca8175,blur05
0,so_fake_ood,real,,test_ood,81ca1d085aca8175,blur10
0,so_fake_ood,real,,test_ood,81ca1d085aca8175,blur20
0,so_fake_ood,real,,test_ood,81ca1d085aca8175,resize05
0,so_fake_ood,real,,test_ood,81ca1d085aca8175,resize025
0,so_fake_ood,real,,test_ood,81ca1d085aca8175,noise002
0,so_fake_ood,real,,test_ood,81ca1d085aca8175,noise005
0,so_fake_ood,real,,test_ood,81ca1d085aca8175,noise01
0,so_fake_ood,real,,test_ood,81ca1d085aca8175,jitter02
0,so_fake_ood,real,,test_ood,81ca1d085aca8175,crop08
0,so_fake_ood,real,,test_ood,24f38bbcfad90959,clean
0,so_fake_ood,real,,test_ood,24f38bbcfad90959,jpeg90
0,so_fake_ood,real,,test_ood,24f38bbcfad90959,jpeg70
0,so_fake_ood,real,,test_ood,24f38bbcfad90959,jpeg50
0,so_fake_ood,real,,test_ood,24f38bbcfad90959,jpeg30
0,so_fake_ood,real,,test_ood,24f38bbcfad90959,blur05
0,so_fake_ood,real,,test_ood,24f38bbcfad90959,blur10
0,so_fake_ood,real,,test_ood,24f38bbcfad90959,blur20
0,so_fake_ood,real,,test_ood,24f38bbcfad90959,resize05
0,so_fake_ood,real,,test_ood,24f38bbcfad90959,resize025
0,so_fake_ood,real,,test_ood,24f38bbcfad90959,noise002
0,so_fake_ood,real,,test_ood,24f38bbcfad90959,noise005
0,so_fake_ood,real,,test_ood,24f38bbcfad90959,noise01
0,so_fake_ood,real,,test_ood,24f38bbcfad90959,jitter02
0,so_fake_ood,real,,test_ood,24f38bbcfad90959,crop08
0,so_fake_ood,real,,test_ood,4c838c73a6a6c23e,clean
0,so_fake_ood,real,,test_ood,4c838c73a6a6c23e,jpeg90
0,so_fake_ood,real,,test_ood,4c838c73a6a6c23e,jpeg70
0,so_fake_ood,real,,test_ood,4c838c73a6a6c23e,jpeg50
0,so_fake_ood,real,,test_ood,4c838c73a6a6c23e,jpeg30
0,so_fake_ood,real,,test_ood,4c838c73a6a6c23e,blur05
0,so_fake_ood,real,,test_ood,4c838c73a6a6c23e,blur10
0,so_fake_ood,real,,test_ood,4c838c73a6a6c23e,blur20
0,so_fake_ood,real,,test_ood,4c838c73a6a6c23e,resize05
0,so_fake_ood,real,,test_ood,4c838c73a6a6c23e,resize025
0,so_fake_ood,real,,test_ood,4c838c73a6a6c23e,noise002
0,so_fake_ood,real,,test_ood,4c838c73a6a6c23e,noise005
0,so_fake_ood,real,,test_ood,4c838c73a6a6c23e,noise01
0,so_fake_ood,real,,test_ood,4c838c73a6a6c23e,jitter02
0,so_fake_ood,real,,test_ood,4c838c73a6a6c23e,crop08
0,so_fake_ood,real,,test_ood,12c410870f9df5fb,clean
0,so_fake_ood,real,,test_ood,12c410870f9df5fb,jpeg90
0,so_fake_ood,real,,test_ood,12c410870f9df5fb,jpeg70
0,so_fake_ood,real,,test_ood,12c410870f9df5fb,jpeg50
0,so_fake_ood,real,,test_ood,12c410870f9df5fb,jpeg30
0,so_fake_ood,real,,test_ood,12c410870f9df5fb,blur05
0,so_fake_ood,real,,test_ood,12c410870f9df5fb,blur10
0,so_fake_ood,real,,test_ood,12c410870f9df5fb,blur20
0,so_fake_ood,real,,test_ood,12c410870f9df5fb,resize05
0,so_fake_ood,real,,test_ood,12c410870f9df5fb,resize025
0,so_fake_ood,real,,test_ood,12c410870f9df5fb,noise002
0,so_fake_ood,real,,test_ood,12c410870f9df5fb,noise005
0,so_fake_ood,real,,test_ood,12c410870f9df5fb,noise01
0,so_fake_ood,real,,test_ood,12c410870f9df5fb,jitter02
0,so_fake_ood,real,,test_ood,12c410870f9df5fb,crop08
0,so_fake_ood,real,,test_ood,0d4f5215af15ad1a,clean
0,so_fake_ood,real,,test_ood,0d4f5215af15ad1a,jpeg90
0,so_fake_ood,real,,test_ood,0d4f5215af15ad1a,jpeg70
0,so_fake_ood,real,,test_ood,0d4f5215af15ad1a,jpeg50
0,so_fake_ood,real,,test_ood,0d4f5215af15ad1a,jpeg30
0,so_fake_ood,real,,test_ood,0d4f5215af15ad1a,blur05
0,so_fake_ood,real,,test_ood,0d4f5215af15ad1a,blur10
0,so_fake_ood,real,,test_ood,0d4f5215af15ad1a,blur20
0,so_fake_ood,real,,test_ood,0d4f5215af15ad1a,resize05
0,so_fake_ood,real,,test_ood,0d4f5215af15ad1a,resize025
0,so_fake_ood,real,,test_ood,0d4f5215af15ad1a,noise002
0,so_fake_ood,real,,test_ood,0d4f5215af15ad1a,noise005
0,so_fake_ood,real,,test_ood,0d4f5215af15ad1a,noise01
0,so_fake_ood,real,,test_ood,0d4f5215af15ad1a,jitter02
0,so_fake_ood,real,,test_ood,0d4f5215af15ad1a,crop08
0,so_fake_ood,real,,test_ood,92fd83c3996438a9,clean
0,so_fake_ood,real,,test_ood,92fd83c3996438a9,jpeg90
0,so_fake_ood,real,,test_ood,92fd83c3996438a9,jpeg70
0,so_fake_ood,real,,test_ood,92fd83c3996438a9,jpeg50
0,so_fake_ood,real,,test_ood,92fd83c3996438a9,jpeg30
0,so_fake_ood,real,,test_ood,92fd83c3996438a9,blur05
0,so_fake_ood,real,,test_ood,92fd83c3996438a9,blur10
0,so_fake_ood,real,,test_ood,92fd83c3996438a9,blur20
0,so_fake_ood,real,,test_ood,92fd83c3996438a9,resize05
0,so_fake_ood,real,,test_ood,92fd83c3996438a9,resize025
0,so_fake_ood,real,,test_ood,92fd83c3996438a9,noise002
0,so_fake_ood,real,,test_ood,92fd83c3996438a9,noise005
0,so_fake_ood,real,,test_ood,92fd83c3996438a9,noise01
0,so_fake_ood,real,,test_ood,92fd83c3996438a9,jitter02
0,so_fake_ood,real,,test_ood,92fd83c3996438a9,crop08
0,so_fake_ood,real,,test_ood,1b9be53440b9510b,clean
0,so_fake_ood,real,,test_ood,1b9be53440b9510b,jpeg90
0,so_fake_ood,real,,test_ood,1b9be53440b9510b,jpeg70
0,so_fake_ood,real,,test_ood,1b9be53440b9510b,jpeg50
0,so_fake_ood,real,,test_ood,1b9be53440b9510b,jpeg30
0,so_fake_ood,real,,test_ood,1b9be53440b9510b,blur05
0,so_fake_ood,real,,test_ood,1b9be53440b9510b,blur10
0,so_fake_ood,real,,test_ood,1b9be53440b9510b,blur20
0,so_fake_ood,real,,test_ood,1b9be53440b9510b,resize05
0,so_fake_ood,real,,test_ood,1b9be53440b9510b,resize025
0,so_fake_ood,real,,test_ood,1b9be53440b9510b,noise002
0,so_fake_ood,real,,test_ood,1b9be53440b9510b,noise005
0,so_fake_ood,real,,test_ood,1b9be53440b9510b,noise01
0,so_fake_ood,real,,test_ood,1b9be53440b9510b,jitter02
0,so_fake_ood,real,,test_ood,1b9be53440b9510b,crop08
0,so_fake_ood,real,,test_ood,dcd460be55bd6bac,clean
0,so_fake_ood,real,,test_ood,dcd460be55bd6bac,jpeg90
0,so_fake_ood,real,,test_ood,dcd460be55bd6bac,jpeg70
0,so_fake_ood,real,,test_ood,dcd460be55bd6bac,jpeg50
0,so_fake_ood,real,,test_ood,dcd460be55bd6bac,jpeg30
0,so_fake_ood,real,,test_ood,dcd460be55bd6bac,blur05
0,so_fake_ood,real,,test_ood,dcd460be55bd6bac,blur10
0,so_fake_ood,real,,test_ood,dcd460be55bd6bac,blur20
0,so_fake_ood,real,,test_ood,dcd460be55bd6bac,resize05
0,so_fake_ood,real,,test_ood,dcd460be55bd6bac,resize025
0,so_fake_ood,real,,test_ood,dcd460be55bd6bac,noise002
0,so_fake_ood,real,,test_ood,dcd460be55bd6bac,noise005
0,so_fake_ood,real,,test_ood,dcd460be55bd6bac,noise01
0,so_fake_ood,real,,test_ood,dcd460be55bd6bac,jitter02
0,so_fake_ood,real,,test_ood,dcd460be55bd6bac,crop08
0,so_fake_ood,real,,test_ood,b4e3862473fe0ad1,clean
0,so_fake_ood,real,,test_ood,b4e3862473fe0ad1,jpeg90
0,so_fake_ood,real,,test_ood,b4e3862473fe0ad1,jpeg70
0,so_fake_ood,real,,test_ood,b4e3862473fe0ad1,jpeg50
0,so_fake_ood,real,,test_ood,b4e3862473fe0ad1,jpeg30
0,so_fake_ood,real,,test_ood,b4e3862473fe0ad1,blur05
0,so_fake_ood,real,,test_ood,b4e3862473fe0ad1,blur10
0,so_fake_ood,real,,test_ood,b4e3862473fe0ad1,blur20
0,so_fake_ood,real,,test_ood,b4e3862473fe0ad1,resize05
0,so_fake_ood,real,,test_ood,b4e3862473fe0ad1,resize025
0,so_fake_ood,real,,test_ood,b4e3862473fe0ad1,noise002
0,so_fake_ood,real,,test_ood,b4e3862473fe0ad1,noise005
0,so_fake_ood,real,,test_ood,b4e3862473fe0ad1,noise01
0,so_fake_ood,real,,test_ood,b4e3862473fe0ad1,jitter02
0,so_fake_ood,real,,test_ood,b4e3862473fe0ad1,crop08
0,so_fake_ood,real,,test_ood,383a4b57607d5bd6,clean
0,so_fake_ood,real,,test_ood,383a4b57607d5bd6,jpeg90
0,so_fake_ood,real,,test_ood,383a4b57607d5bd6,jpeg70
0,so_fake_ood,real,,test_ood,383a4b57607d5bd6,jpeg50
0,so_fake_ood,real,,test_ood,383a4b57607d5bd6,jpeg30
0,so_fake_ood,real,,test_ood,383a4b57607d5bd6,blur05
0,so_fake_ood,real,,test_ood,383a4b57607d5bd6,blur10
0,so_fake_ood,real,,test_ood,383a4b57607d5bd6,blur20
0,so_fake_ood,real,,test_ood,383a4b57607d5bd6,resize05
0,so_fake_ood,real,,test_ood,383a4b57607d5bd6,resize025
0,so_fake_ood,real,,test_ood,383a4b57607d5bd6,noise002
0,so_fake_ood,real,,test_ood,383a4b57607d5bd6,noise005
0,so_fake_ood,real,,test_ood,383a4b57607d5bd6,noise01
0,so_fake_ood,real,,test_ood,383a4b57607d5bd6,jitter02
0,so_fake_ood,real,,test_ood,383a4b57607d5bd6,crop08
0,so_fake_ood,real,,test_ood,68fc97e4f3456e19,clean
0,so_fake_ood,real,,test_ood,68fc97e4f3456e19,jpeg90
0,so_fake_ood,real,,test_ood,68fc97e4f3456e19,jpeg70
0,so_fake_ood,real,,test_ood,68fc97e4f3456e19,jpeg50
0,so_fake_ood,real,,test_ood,68fc97e4f3456e19,jpeg30
0,so_fake_ood,real,,test_ood,68fc97e4f3456e19,blur05
0,so_fake_ood,real,,test_ood,68fc97e4f3456e19,blur10
0,so_fake_ood,real,,test_ood,68fc97e4f3456e19,blur20
0,so_fake_ood,real,,test_ood,68fc97e4f3456e19,resize05
0,so_fake_ood,real,,test_ood,68fc97e4f3456e19,resize025
0,so_fake_ood,real,,test_ood,68fc97e4f3456e19,noise002
0,so_fake_ood,real,,test_ood,68fc97e4f3456e19,noise005
0,so_fake_ood,real,,test_ood,68fc97e4f3456e19,noise01
0,so_fake_ood,real,,test_ood,68fc97e4f3456e19,jitter02
0,so_fake_ood,real,,test_ood,68fc97e4f3456e19,crop08
0,so_fake_ood,real,,test_ood,ac7c1d8e26e73ebc,clean
0,so_fake_ood,real,,test_ood,ac7c1d8e26e73ebc,jpeg90
0,so_fake_ood,real,,test_ood,ac7c1d8e26e73ebc,jpeg70
0,so_fake_ood,real,,test_ood,ac7c1d8e26e73ebc,jpeg50
0,so_fake_ood,real,,test_ood,ac7c1d8e26e73ebc,jpeg30
0,so_fake_ood,real,,test_ood,ac7c1d8e26e73ebc,blur05
0,so_fake_ood,real,,test_ood,ac7c1d8e26e73ebc,blur10
0,so_fake_ood,real,,test_ood,ac7c1d8e26e73ebc,blur20
0,so_fake_ood,real,,test_ood,ac7c1d8e26e73ebc,resize05
0,so_fake_ood,real,,test_ood,ac7c1d8e26e73ebc,resize025
0,so_fake_ood,real,,test_ood,ac7c1d8e26e73ebc,noise002
0,so_fake_ood,real,,test_ood,ac7c1d8e26e73ebc,noise005
0,so_fake_ood,real,,test_ood,ac7c1d8e26e73ebc,noise01
0,so_fake_ood,real,,test_ood,ac7c1d8e26e73ebc,jitter02
0,so_fake_ood,real,,test_ood,ac7c1d8e26e73ebc,crop08
0,so_fake_ood,real,,test_ood,dbfe0e0e33f1b5c2,clean
0,so_fake_ood,real,,test_ood,dbfe0e0e33f1b5c2,jpeg90
0,so_fake_ood,real,,test_ood,dbfe0e0e33f1b5c2,jpeg70
0,so_fake_ood,real,,test_ood,dbfe0e0e33f1b5c2,jpeg50
0,so_fake_ood,real,,test_ood,dbfe0e0e33f1b5c2,jpeg30
0,so_fake_ood,real,,test_ood,dbfe0e0e33f1b5c2,blur05
0,so_fake_ood,real,,test_ood,dbfe0e0e33f1b5c2,blur10
0,so_fake_ood,real,,test_ood,dbfe0e0e33f1b5c2,blur20
0,so_fake_ood,real,,test_ood,dbfe0e0e33f1b5c2,resize05
0,so_fake_ood,real,,test_ood,dbfe0e0e33f1b5c2,resize025
0,so_fake_ood,real,,test_ood,dbfe0e0e33f1b5c2,noise002
0,so_fake_ood,real,,test_ood,dbfe0e0e33f1b5c2,noise005
0,so_fake_ood,real,,test_ood,dbfe0e0e33f1b5c2,noise01
0,so_fake_ood,real,,test_ood,dbfe0e0e33f1b5c2,jitter02
0,so_fake_ood,real,,test_ood,dbfe0e0e33f1b5c2,crop08
0,so_fake_ood,real,,test_ood,c729342a59a0c778,clean
0,so_fake_ood,real,,test_ood,c729342a59a0c778,jpeg90
0,so_fake_ood,real,,test_ood,c729342a59a0c778,jpeg70
0,so_fake_ood,real,,test_ood,c729342a59a0c778,jpeg50
0,so_fake_ood,real,,test_ood,c729342a59a0c778,jpeg30
0,so_fake_ood,real,,test_ood,c729342a59a0c778,blur05
0,so_fake_ood,real,,test_ood,c729342a59a0c778,blur10
0,so_fake_ood,real,,test_ood,c729342a59a0c778,blur20
0,so_fake_ood,real,,test_ood,c729342a59a0c778,resize05
0,so_fake_ood,real,,test_ood,c729342a59a0c778,resize025
0,so_fake_ood,real,,test_ood,c729342a59a0c778,noise002
0,so_fake_ood,real,,test_ood,c729342a59a0c778,noise005
0,so_fake_ood,real,,test_ood,c729342a59a0c778,noise01
0,so_fake_ood,real,,test_ood,c729342a59a0c778,jitter02
0,so_fake_ood,real,,test_ood,c729342a59a0c778,crop08
0,so_fake_ood,real,,test_ood,a0acb0cf48d83716,clean
0,so_fake_ood,real,,test_ood,a0acb0cf48d83716,jpeg90
0,so_fake_ood,real,,test_ood,a0acb0cf48d83716,jpeg70
0,so_fake_ood,real,,test_ood,a0acb0cf48d83716,jpeg50
0,so_fake_ood,real,,test_ood,a0acb0cf48d83716,jpeg30
0,so_fake_ood,real,,test_ood,a0acb0cf48d83716,blur05
0,so_fake_ood,real,,test_ood,a0acb0cf48d83716,blur10
0,so_fake_ood,real,,test_ood,a0acb0cf48d83716,blur20
0,so_fake_ood,real,,test_ood,a0acb0cf48d83716,resize05
0,so_fake_ood,real,,test_ood,a0acb0cf48d83716,resize025
0,so_fake_ood,real,,test_ood,a0acb0cf48d83716,noise002
0,so_fake_ood,real,,test_ood,a0acb0cf48d83716,noise005
0,so_fake_ood,real,,test_ood,a0acb0cf48d83716,noise01
0,so_fake_ood,real,,test_ood,a0acb0cf48d83716,jitter02
0,so_fake_ood,real,,test_ood,a0acb0cf48d83716,crop08
0,so_fake_ood,real,,test_ood,3e54e94d8d348f47,clean
0,so_fake_ood,real,,test_ood,3e54e94d8d348f47,jpeg90
0,so_fake_ood,real,,test_ood,3e54e94d8d348f47,jpeg70
0,so_fake_ood,real,,test_ood,3e54e94d8d348f47,jpeg50
0,so_fake_ood,real,,test_ood,3e54e94d8d348f47,jpeg30
0,so_fake_ood,real,,test_ood,3e54e94d8d348f47,blur05
0,so_fake_ood,real,,test_ood,3e54e94d8d348f47,blur10
0,so_fake_ood,real,,test_ood,3e54e94d8d348f47,blur20
0,so_fake_ood,real,,test_ood,3e54e94d8d348f47,resize05
0,so_fake_ood,real,,test_ood,3e54e94d8d348f47,resize025
0,so_fake_ood,real,,test_ood,3e54e94d8d348f47,noise002
0,so_fake_ood,real,,test_ood,3e54e94d8d348f47,noise005
0,so_fake_ood,real,,test_ood,3e54e94d8d348f47,noise01
0,so_fake_ood,real,,test_ood,3e54e94d8d348f47,jitter02
0,so_fake_ood,real,,test_ood,3e54e94d8d348f47,crop08
0,so_fake_ood,real,,test_ood,6f4634771a238667,clean
0,so_fake_ood,real,,test_ood,6f4634771a238667,jpeg90
0,so_fake_ood,real,,test_ood,6f4634771a238667,jpeg70
0,so_fake_ood,real,,test_ood,6f4634771a238667,jpeg50
0,so_fake_ood,real,,test_ood,6f4634771a238667,jpeg30
0,so_fake_ood,real,,test_ood,6f4634771a238667,blur05
0,so_fake_ood,real,,test_ood,6f4634771a238667,blur10
0,so_fake_ood,real,,test_ood,6f4634771a238667,blur20
0,so_fake_ood,real,,test_ood,6f4634771a238667,resize05
0,so_fake_ood,real,,test_ood,6f4634771a238667,resize025
0,so_fake_ood,real,,test_ood,6f4634771a238667,noise002
0,so_fake_ood,real,,test_ood,6f4634771a238667,noise005
0,so_fake_ood,real,,test_ood,6f4634771a238667,noise01
0,so_fake_ood,real,,test_ood,6f4634771a238667,jitter02
0,so_fake_ood,real,,test_ood,6f4634771a238667,crop08
0,so_fake_ood,real,,test_ood,1d51c3d6b7a88fdf,clean
0,so_fake_ood,real,,test_ood,1d51c3d6b7a88fdf,jpeg90
0,so_fake_ood,real,,test_ood,1d51c3d6b7a88fdf,jpeg70
0,so_fake_ood,real,,test_ood,1d51c3d6b7a88fdf,jpeg50
0,so_fake_ood,real,,test_ood,1d51c3d6b7a88fdf,jpeg30
0,so_fake_ood,real,,test_ood,1d51c3d6b7a88fdf,blur05
0,so_fake_ood,real,,test_ood,1d51c3d6b7a88fdf,blur10
0,so_fake_ood,real,,test_ood,1d51c3d6b7a88fdf,blur20
0,so_fake_ood,real,,test_ood,1d51c3d6b7a88fdf,resize05
0,so_fake_ood,real,,test_ood,1d51c3d6b7a88fdf,resize025
0,so_fake_ood,real,,test_ood,1d51c3d6b7a88fdf,noise002
0,so_fake_ood,real,,test_ood,1d51c3d6b7a88fdf,noise005
0,so_fake_ood,real,,test_ood,1d51c3d6b7a88fdf,noise01
0,so_fake_ood,real,,test_ood,1d51c3d6b7a88fdf,jitter02
0,so_fake_ood,real,,test_ood,1d51c3d6b7a88fdf,crop08
0,so_fake_ood,real,,test_ood,454b8677eefff750,clean
0,so_fake_ood,real,,test_ood,454b8677eefff750,jpeg90
0,so_fake_ood,real,,test_ood,454b8677eefff750,jpeg70
0,so_fake_ood,real,,test_ood,454b8677eefff750,jpeg50
0,so_fake_ood,real,,test_ood,454b8677eefff750,jpeg30
0,so_fake_ood,real,,test_ood,454b8677eefff750,blur05
0,so_fake_ood,real,,test_ood,454b8677eefff750,blur10
0,so_fake_ood,real,,test_ood,454b8677eefff750,blur20
0,so_fake_ood,real,,test_ood,454b8677eefff750,resize05
0,so_fake_ood,real,,test_ood,454b8677eefff750,resize025
0,so_fake_ood,real,,test_ood,454b8677eefff750,noise002
0,so_fake_ood,real,,test_ood,454b8677eefff750,noise005
0,so_fake_ood,real,,test_ood,454b8677eefff750,noise01
0,so_fake_ood,real,,test_ood,454b8677eefff750,jitter02
0,so_fake_ood,real,,test_ood,454b8677eefff750,crop08
0,so_fake_ood,real,,test_ood,f0ceb0bd0a43d0b3,clean
0,so_fake_ood,real,,test_ood,f0ceb0bd0a43d0b3,jpeg90
0,so_fake_ood,real,,test_ood,f0ceb0bd0a43d0b3,jpeg70
0,so_fake_ood,real,,test_ood,f0ceb0bd0a43d0b3,jpeg50
0,so_fake_ood,real,,test_ood,f0ceb0bd0a43d0b3,jpeg30
0,so_fake_ood,real,,test_ood,f0ceb0bd0a43d0b3,blur05
0,so_fake_ood,real,,test_ood,f0ceb0bd0a43d0b3,blur10
0,so_fake_ood,real,,test_ood,f0ceb0bd0a43d0b3,blur20
0,so_fake_ood,real,,test_ood,f0ceb0bd0a43d0b3,resize05
0,so_fake_ood,real,,test_ood,f0ceb0bd0a43d0b3,resize025
0,so_fake_ood,real,,test_ood,f0ceb0bd0a43d0b3,noise002
0,so_fake_ood,real,,test_ood,f0ceb0bd0a43d0b3,noise005
0,so_fake_ood,real,,test_ood,f0ceb0bd0a43d0b3,noise01
0,so_fake_ood,real,,test_ood,f0ceb0bd0a43d0b3,jitter02
0,so_fake_ood,real,,test_ood,f0ceb0bd0a43d0b3,crop08
0,so_fake_ood,real,,test_ood,c75b7d3ca0cd20f1,clean
0,so_fake_ood,real,,test_ood,c75b7d3ca0cd20f1,jpeg90
0,so_fake_ood,real,,test_ood,c75b7d3ca0cd20f1,jpeg70
0,so_fake_ood,real,,test_ood,c75b7d3ca0cd20f1,jpeg50
0,so_fake_ood,real,,test_ood,c75b7d3ca0cd20f1,jpeg30
0,so_fake_ood,real,,test_ood,c75b7d3ca0cd20f1,blur05
0,so_fake_ood,real,,test_ood,c75b7d3ca0cd20f1,blur10
0,so_fake_ood,real,,test_ood,c75b7d3ca0cd20f1,blur20
0,so_fake_ood,real,,test_ood,c75b7d3ca0cd20f1,resize05
0,so_fake_ood,real,,test_ood,c75b7d3ca0cd20f1,resize025
0,so_fake_ood,real,,test_ood,c75b7d3ca0cd20f1,noise002
0,so_fake_ood,real,,test_ood,c75b7d3ca0cd20f1,noise005
0,so_fake_ood,real,,test_ood,c75b7d3ca0cd20f1,noise01
0,so_fake_ood,real,,test_ood,c75b7d3ca0cd20f1,jitter02
0,so_fake_ood,real,,test_ood,c75b7d3ca0cd20f1,crop08
0,so_fake_ood,real,,test_ood,c6139474ad59b092,clean
0,so_fake_ood,real,,test_ood,c6139474ad59b092,jpeg90
0,so_fake_ood,real,,test_ood,c6139474ad59b092,jpeg70
0,so_fake_ood,real,,test_ood,c6139474ad59b092,jpeg50
0,so_fake_ood,real,,test_ood,c6139474ad59b092,jpeg30
0,so_fake_ood,real,,test_ood,c6139474ad59b092,blur05
0,so_fake_ood,real,,test_ood,c6139474ad59b092,blur10
0,so_fake_ood,real,,test_ood,c6139474ad59b092,blur20
0,so_fake_ood,real,,test_ood,c6139474ad59b092,resize05
0,so_fake_ood,real,,test_ood,c6139474ad59b092,resize025
0,so_fake_ood,real,,test_ood,c6139474ad59b092,noise002
0,so_fake_ood,real,,test_ood,c6139474ad59b092,noise005
0,so_fake_ood,real,,test_ood,c6139474ad59b092,noise01
0,so_fake_ood,real,,test_ood,c6139474ad59b092,jitter02
0,so_fake_ood,real,,test_ood,c6139474ad59b092,crop08
0,so_fake_ood,real,,test_ood,b7e6397e835f2459,clean
0,so_fake_ood,real,,test_ood,b7e6397e835f2459,jpeg90
0,so_fake_ood,real,,test_ood,b7e6397e835f2459,jpeg70
0,so_fake_ood,real,,test_ood,b7e6397e835f2459,jpeg50
0,so_fake_ood,real,,test_ood,b7e6397e835f2459,jpeg30
0,so_fake_ood,real,,test_ood,b7e6397e835f2459,blur05
0,so_fake_ood,real,,test_ood,b7e6397e835f2459,blur10
0,so_fake_ood,real,,test_ood,b7e6397e835f2459,blur20
0,so_fake_ood,real,,test_ood,b7e6397e835f2459,resize05
0,so_fake_ood,real,,test_ood,b7e6397e835f2459,resize025
0,so_fake_ood,real,,test_ood,b7e6397e835f2459,noise002
0,so_fake_ood,real,,test_ood,b7e6397e835f2459,noise005
0,so_fake_ood,real,,test_ood,b7e6397e835f2459,noise01
0,so_fake_ood,real,,test_ood,b7e6397e835f2459,jitter02
0,so_fake_ood,real,,test_ood,b7e6397e835f2459,crop08
0,so_fake_ood,real,,test_ood,f8921fec3b25decb,clean
0,so_fake_ood,real,,test_ood,f8921fec3b25decb,jpeg90
0,so_fake_ood,real,,test_ood,f8921fec3b25decb,jpeg70
0,so_fake_ood,real,,test_ood,f8921fec3b25decb,jpeg50
0,so_fake_ood,real,,test_ood,f8921fec3b25decb,jpeg30
0,so_fake_ood,real,,test_ood,f8921fec3b25decb,blur05
0,so_fake_ood,real,,test_ood,f8921fec3b25decb,blur10
0,so_fake_ood,real,,test_ood,f8921fec3b25decb,blur20
0,so_fake_ood,real,,test_ood,f8921fec3b25decb,resize05
0,so_fake_ood,real,,test_ood,f8921fec3b25decb,resize025
0,so_fake_ood,real,,test_ood,f8921fec3b25decb,noise002
0,so_fake_ood,real,,test_ood,f8921fec3b25decb,noise005
0,so_fake_ood,real,,test_ood,f8921fec3b25decb,noise01
0,so_fake_ood,real,,test_ood,f8921fec3b25decb,jitter02
0,so_fake_ood,real,,test_ood,f8921fec3b25decb,crop08
0,so_fake_ood,real,,test_ood,4ae3fe98e8d06bf8,clean
0,so_fake_ood,real,,test_ood,4ae3fe98e8d06bf8,jpeg90
0,so_fake_ood,real,,test_ood,4ae3fe98e8d06bf8,jpeg70
0,so_fake_ood,real,,test_ood,4ae3fe98e8d06bf8,jpeg50
0,so_fake_ood,real,,test_ood,4ae3fe98e8d06bf8,jpeg30
0,so_fake_ood,real,,test_ood,4ae3fe98e8d06bf8,blur05
0,so_fake_ood,real,,test_ood,4ae3fe98e8d06bf8,blur10
0,so_fake_ood,real,,test_ood,4ae3fe98e8d06bf8,blur20
0,so_fake_ood,real,,test_ood,4ae3fe98e8d06bf8,resize05
0,so_fake_ood,real,,test_ood,4ae3fe98e8d06bf8,resize025
0,so_fake_ood,real,,test_ood,4ae3fe98e8d06bf8,noise002
0,so_fake_ood,real,,test_ood,4ae3fe98e8d06bf8,noise005
0,so_fake_ood,real,,test_ood,4ae3fe98e8d06bf8,noise01
0,so_fake_ood,real,,test_ood,4ae3fe98e8d06bf8,jitter02
0,so_fake_ood,real,,test_ood,4ae3fe98e8d06bf8,crop08
0,so_fake_ood,real,,test_ood,180ab327d4a6b4e6,clean
0,so_fake_ood,real,,test_ood,180ab327d4a6b4e6,jpeg90
0,so_fake_ood,real,,test_ood,180ab327d4a6b4e6,jpeg70
0,so_fake_ood,real,,test_ood,180ab327d4a6b4e6,jpeg50
0,so_fake_ood,real,,test_ood,180ab327d4a6b4e6,jpeg30
0,so_fake_ood,real,,test_ood,180ab327d4a6b4e6,blur05
0,so_fake_ood,real,,test_ood,180ab327d4a6b4e6,blur10
0,so_fake_ood,real,,test_ood,180ab327d4a6b4e6,blur20
0,so_fake_ood,real,,test_ood,180ab327d4a6b4e6,resize05
0,so_fake_ood,real,,test_ood,180ab327d4a6b4e6,resize025
0,so_fake_ood,real,,test_ood,180ab327d4a6b4e6,noise002
0,so_fake_ood,real,,test_ood,180ab327d4a6b4e6,noise005
0,so_fake_ood,real,,test_ood,180ab327d4a6b4e6,noise01
0,so_fake_ood,real,,test_ood,180ab327d4a6b4e6,jitter02
0,so_fake_ood,real,,test_ood,180ab327d4a6b4e6,crop08
0,so_fake_ood,real,,test_ood,12f7889248c91842,clean
0,so_fake_ood,real,,test_ood,12f7889248c91842,jpeg90
0,so_fake_ood,real,,test_ood,12f7889248c91842,jpeg70
0,so_fake_ood,real,,test_ood,12f7889248c91842,jpeg50
0,so_fake_ood,real,,test_ood,12f7889248c91842,jpeg30
0,so_fake_ood,real,,test_ood,12f7889248c91842,blur05
0,so_fake_ood,real,,test_ood,12f7889248c91842,blur10
0,so_fake_ood,real,,test_ood,12f7889248c91842,blur20
0,so_fake_ood,real,,test_ood,12f7889248c91842,resize05
0,so_fake_ood,real,,test_ood,12f7889248c91842,resize025
0,so_fake_ood,real,,test_ood,12f7889248c91842,noise002
0,so_fake_ood,real,,test_ood,12f7889248c91842,noise005
0,so_fake_ood,real,,test_ood,12f7889248c91842,noise01
0,so_fake_ood,real,,test_ood,12f7889248c91842,jitter02
0,so_fake_ood,real,,test_ood,12f7889248c91842,crop08
0,so_fake_ood,real,,test_ood,eabba0c1ba254c98,clean
0,so_fake_ood,real,,test_ood,eabba0c1ba254c98,jpeg90
0,so_fake_ood,real,,test_ood,eabba0c1ba254c98,jpeg70
0,so_fake_ood,real,,test_ood,eabba0c1ba254c98,jpeg50
0,so_fake_ood,real,,test_ood,eabba0c1ba254c98,jpeg30
0,so_fake_ood,real,,test_ood,eabba0c1ba254c98,blur05
0,so_fake_ood,real,,test_ood,eabba0c1ba254c98,blur10
0,so_fake_ood,real,,test_ood,eabba0c1ba254c98,blur20
0,so_fake_ood,real,,test_ood,eabba0c1ba254c98,resize05
0,so_fake_ood,real,,test_ood,eabba0c1ba254c98,resize025
0,so_fake_ood,real,,test_ood,eabba0c1ba254c98,noise002
0,so_fake_ood,real,,test_ood,eabba0c1ba254c98,noise005
0,so_fake_ood,real,,test_ood,eabba0c1ba254c98,noise01
0,so_fake_ood,real,,test_ood,eabba0c1ba254c98,jitter02
0,so_fake_ood,real,,test_ood,eabba0c1ba254c98,crop08
0,so_fake_ood,real,,test_ood,1e0fe41f2360abd8,clean
0,so_fake_ood,real,,test_ood,1e0fe41f2360abd8,jpeg90
0,so_fake_ood,real,,test_ood,1e0fe41f2360abd8,jpeg70
0,so_fake_ood,real,,test_ood,1e0fe41f2360abd8,jpeg50
0,so_fake_ood,real,,test_ood,1e0fe41f2360abd8,jpeg30
0,so_fake_ood,real,,test_ood,1e0fe41f2360abd8,blur05
0,so_fake_ood,real,,test_ood,1e0fe41f2360abd8,blur10
0,so_fake_ood,real,,test_ood,1e0fe41f2360abd8,blur20
0,so_fake_ood,real,,test_ood,1e0fe41f2360abd8,resize05
0,so_fake_ood,real,,test_ood,1e0fe41f2360abd8,resize025
0,so_fake_ood,real,,test_ood,1e0fe41f2360abd8,noise002
0,so_fake_ood,real,,test_ood,1e0fe41f2360abd8,noise005
0,so_fake_ood,real,,test_ood,1e0fe41f2360abd8,noise01
0,so_fake_ood,real,,test_ood,1e0fe41f2360abd8,jitter02
0,so_fake_ood,real,,test_ood,1e0fe41f2360abd8,crop08
0,so_fake_ood,real,,test_ood,21edc7d20ac4a6e0,clean
0,so_fake_ood,real,,test_ood,21edc7d20ac4a6e0,jpeg90
0,so_fake_ood,real,,test_ood,21edc7d20ac4a6e0,jpeg70
0,so_fake_ood,real,,test_ood,21edc7d20ac4a6e0,jpeg50
0,so_fake_ood,real,,test_ood,21edc7d20ac4a6e0,jpeg30
0,so_fake_ood,real,,test_ood,21edc7d20ac4a6e0,blur05
0,so_fake_ood,real,,test_ood,21edc7d20ac4a6e0,blur10
0,so_fake_ood,real,,test_ood,21edc7d20ac4a6e0,blur20
0,so_fake_ood,real,,test_ood,21edc7d20ac4a6e0,resize05
0,so_fake_ood,real,,test_ood,21edc7d20ac4a6e0,resize025
0,so_fake_ood,real,,test_ood,21edc7d20ac4a6e0,noise002
0,so_fake_ood,real,,test_ood,21edc7d20ac4a6e0,noise005
0,so_fake_ood,real,,test_ood,21edc7d20ac4a6e0,noise01
0,so_fake_ood,real,,test_ood,21edc7d20ac4a6e0,jitter02
0,so_fake_ood,real,,test_ood,21edc7d20ac4a6e0,crop08
0,so_fake_ood,real,,test_ood,0826a06f2485d81b,clean
0,so_fake_ood,real,,test_ood,0826a06f2485d81b,jpeg90
0,so_fake_ood,real,,test_ood,0826a06f2485d81b,jpeg70
0,so_fake_ood,real,,test_ood,0826a06f2485d81b,jpeg50
0,so_fake_ood,real,,test_ood,0826a06f2485d81b,jpeg30
0,so_fake_ood,real,,test_ood,0826a06f2485d81b,blur05
0,so_fake_ood,real,,test_ood,0826a06f2485d81b,blur10
0,so_fake_ood,real,,test_ood,0826a06f2485d81b,blur20
0,so_fake_ood,real,,test_ood,0826a06f2485d81b,resize05
0,so_fake_ood,real,,test_ood,0826a06f2485d81b,resize025
0,so_fake_ood,real,,test_ood,0826a06f2485d81b,noise002
0,so_fake_ood,real,,test_ood,0826a06f2485d81b,noise005
0,so_fake_ood,real,,test_ood,0826a06f2485d81b,noise01
0,so_fake_ood,real,,test_ood,0826a06f2485d81b,jitter02
0,so_fake_ood,real,,test_ood,0826a06f2485d81b,crop08
0,so_fake_ood,real,,test_ood,ce506d6b0a22a862,clean
0,so_fake_ood,real,,test_ood,ce506d6b0a22a862,jpeg90
0,so_fake_ood,real,,test_ood,ce506d6b0a22a862,jpeg70
0,so_fake_ood,real,,test_ood,ce506d6b0a22a862,jpeg50
0,so_fake_ood,real,,test_ood,ce506d6b0a22a862,jpeg30
0,so_fake_ood,real,,test_ood,ce506d6b0a22a862,blur05
0,so_fake_ood,real,,test_ood,ce506d6b0a22a862,blur10
0,so_fake_ood,real,,test_ood,ce506d6b0a22a862,blur20
0,so_fake_ood,real,,test_ood,ce506d6b0a22a862,resize05
0,so_fake_ood,real,,test_ood,ce506d6b0a22a862,resize025
0,so_fake_ood,real,,test_ood,ce506d6b0a22a862,noise002
0,so_fake_ood,real,,test_ood,ce506d6b0a22a862,noise005
0,so_fake_ood,real,,test_ood,ce506d6b0a22a862,noise01
0,so_fake_ood,real,,test_ood,ce506d6b0a22a862,jitter02
0,so_fake_ood,real,,test_ood,ce506d6b0a22a862,crop08
0,so_fake_ood,real,,test_ood,afffbe4cbf335de9,clean
0,so_fake_ood,real,,test_ood,afffbe4cbf335de9,jpeg90
0,so_fake_ood,real,,test_ood,afffbe4cbf335de9,jpeg70
0,so_fake_ood,real,,test_ood,afffbe4cbf335de9,jpeg50
0,so_fake_ood,real,,test_ood,afffbe4cbf335de9,jpeg30
0,so_fake_ood,real,,test_ood,afffbe4cbf335de9,blur05
0,so_fake_ood,real,,test_ood,afffbe4cbf335de9,blur10
0,so_fake_ood,real,,test_ood,afffbe4cbf335de9,blur20
0,so_fake_ood,real,,test_ood,afffbe4cbf335de9,resize05
0,so_fake_ood,real,,test_ood,afffbe4cbf335de9,resize025
0,so_fake_ood,real,,test_ood,afffbe4cbf335de9,noise002
0,so_fake_ood,real,,test_ood,afffbe4cbf335de9,noise005
0,so_fake_ood,real,,test_ood,afffbe4cbf335de9,noise01
0,so_fake_ood,real,,test_ood,afffbe4cbf335de9,jitter02
0,so_fake_ood,real,,test_ood,afffbe4cbf335de9,crop08
0,so_fake_ood,real,,test_ood,31bf8663ebfd0f33,clean
0,so_fake_ood,real,,test_ood,31bf8663ebfd0f33,jpeg90
0,so_fake_ood,real,,test_ood,31bf8663ebfd0f33,jpeg70
0,so_fake_ood,real,,test_ood,31bf8663ebfd0f33,jpeg50
0,so_fake_ood,real,,test_ood,31bf8663ebfd0f33,jpeg30
0,so_fake_ood,real,,test_ood,31bf8663ebfd0f33,blur05
0,so_fake_ood,real,,test_ood,31bf8663ebfd0f33,blur10
0,so_fake_ood,real,,test_ood,31bf8663ebfd0f33,blur20
0,so_fake_ood,real,,test_ood,31bf8663ebfd0f33,resize05
0,so_fake_ood,real,,test_ood,31bf8663ebfd0f33,resize025
0,so_fake_ood,real,,test_ood,31bf8663ebfd0f33,noise002
0,so_fake_ood,real,,test_ood,31bf8663ebfd0f33,noise005
0,so_fake_ood,real,,test_ood,31bf8663ebfd0f33,noise01
0,so_fake_ood,real,,test_ood,31bf8663ebfd0f33,jitter02
0,so_fake_ood,real,,test_ood,31bf8663ebfd0f33,crop08
0,so_fake_ood,real,,test_ood,dd01101ac5b55670,clean
0,so_fake_ood,real,,test_ood,dd01101ac5b55670,jpeg90
0,so_fake_ood,real,,test_ood,dd01101ac5b55670,jpeg70
0,so_fake_ood,real,,test_ood,dd01101ac5b55670,jpeg50
0,so_fake_ood,real,,test_ood,dd01101ac5b55670,jpeg30
0,so_fake_ood,real,,test_ood,dd01101ac5b55670,blur05
0,so_fake_ood,real,,test_ood,dd01101ac5b55670,blur10
0,so_fake_ood,real,,test_ood,dd01101ac5b55670,blur20
0,so_fake_ood,real,,test_ood,dd01101ac5b55670,resize05
0,so_fake_ood,real,,test_ood,dd01101ac5b55670,resize025
0,so_fake_ood,real,,test_ood,dd01101ac5b55670,noise002
0,so_fake_ood,real,,test_ood,dd01101ac5b55670,noise005
0,so_fake_ood,real,,test_ood,dd01101ac5b55670,noise01
0,so_fake_ood,real,,test_ood,dd01101ac5b55670,jitter02
0,so_fake_ood,real,,test_ood,dd01101ac5b55670,crop08
0,so_fake_ood,real,,test_ood,71b4d06bd586cad1,clean
0,so_fake_ood,real,,test_ood,71b4d06bd586cad1,jpeg90
0,so_fake_ood,real,,test_ood,71b4d06bd586cad1,jpeg70
0,so_fake_ood,real,,test_ood,71b4d06bd586cad1,jpeg50
0,so_fake_ood,real,,test_ood,71b4d06bd586cad1,jpeg30
0,so_fake_ood,real,,test_ood,71b4d06bd586cad1,blur05
0,so_fake_ood,real,,test_ood,71b4d06bd586cad1,blur10
0,so_fake_ood,real,,test_ood,71b4d06bd586cad1,blur20
0,so_fake_ood,real,,test_ood,71b4d06bd586cad1,resize05
0,so_fake_ood,real,,test_ood,71b4d06bd586cad1,resize025
0,so_fake_ood,real,,test_ood,71b4d06bd586cad1,noise002
0,so_fake_ood,real,,test_ood,71b4d06bd586cad1,noise005
0,so_fake_ood,real,,test_ood,71b4d06bd586cad1,noise01
0,so_fake_ood,real,,test_ood,71b4d06bd586cad1,jitter02
0,so_fake_ood,real,,test_ood,71b4d06bd586cad1,crop08
0,so_fake_ood,real,,test_ood,01ef83651979e171,clean
0,so_fake_ood,real,,test_ood,01ef83651979e171,jpeg90
0,so_fake_ood,real,,test_ood,01ef83651979e171,jpeg70
0,so_fake_ood,real,,test_ood,01ef83651979e171,jpeg50
0,so_fake_ood,real,,test_ood,01ef83651979e171,jpeg30
0,so_fake_ood,real,,test_ood,01ef83651979e171,blur05
0,so_fake_ood,real,,test_ood,01ef83651979e171,blur10
0,so_fake_ood,real,,test_ood,01ef83651979e171,blur20
0,so_fake_ood,real,,test_ood,01ef83651979e171,resize05
0,so_fake_ood,real,,test_ood,01ef83651979e171,resize025
0,so_fake_ood,real,,test_ood,01ef83651979e171,noise002
0,so_fake_ood,real,,test_ood,01ef83651979e171,noise005
0,so_fake_ood,real,,test_ood,01ef83651979e171,noise01
0,so_fake_ood,real,,test_ood,01ef83651979e171,jitter02
0,so_fake_ood,real,,test_ood,01ef83651979e171,crop08
0,so_fake_ood,real,,test_ood,32f8e91061641581,clean
0,so_fake_ood,real,,test_ood,32f8e91061641581,jpeg90
0,so_fake_ood,real,,test_ood,32f8e91061641581,jpeg70
0,so_fake_ood,real,,test_ood,32f8e91061641581,jpeg50
0,so_fake_ood,real,,test_ood,32f8e91061641581,jpeg30
0,so_fake_ood,real,,test_ood,32f8e91061641581,blur05
0,so_fake_ood,real,,test_ood,32f8e91061641581,blur10
0,so_fake_ood,real,,test_ood,32f8e91061641581,blur20
0,so_fake_ood,real,,test_ood,32f8e91061641581,resize05
0,so_fake_ood,real,,test_ood,32f8e91061641581,resize025
0,so_fake_ood,real,,test_ood,32f8e91061641581,noise002
0,so_fake_ood,real,,test_ood,32f8e91061641581,noise005
0,so_fake_ood,real,,test_ood,32f8e91061641581,noise01
0,so_fake_ood,real,,test_ood,32f8e91061641581,jitter02
0,so_fake_ood,real,,test_ood,32f8e91061641581,crop08
0,so_fake_ood,real,,test_ood,bf97c4af91280b1b,clean
0,so_fake_ood,real,,test_ood,bf97c4af91280b1b,jpeg90
0,so_fake_ood,real,,test_ood,bf97c4af91280b1b,jpeg70
0,so_fake_ood,real,,test_ood,bf97c4af91280b1b,jpeg50
0,so_fake_ood,real,,test_ood,bf97c4af91280b1b,jpeg30
0,so_fake_ood,real,,test_ood,bf97c4af91280b1b,blur05
0,so_fake_ood,real,,test_ood,bf97c4af91280b1b,blur10
0,so_fake_ood,real,,test_ood,bf97c4af91280b1b,blur20
0,so_fake_ood,real,,test_ood,bf97c4af91280b1b,resize05
0,so_fake_ood,real,,test_ood,bf97c4af91280b1b,resize025
0,so_fake_ood,real,,test_ood,bf97c4af91280b1b,noise002
0,so_fake_ood,real,,test_ood,bf97c4af91280b1b,noise005
0,so_fake_ood,real,,test_ood,bf97c4af91280b1b,noise01
0,so_fake_ood,real,,test_ood,bf97c4af91280b1b,jitter02
0,so_fake_ood,real,,test_ood,bf97c4af91280b1b,crop08
0,so_fake_ood,real,,test_ood,aa3eb41ebc1fa332,clean
0,so_fake_ood,real,,test_ood,aa3eb41ebc1fa332,jpeg90
0,so_fake_ood,real,,test_ood,aa3eb41ebc1fa332,jpeg70
0,so_fake_ood,real,,test_ood,aa3eb41ebc1fa332,jpeg50
0,so_fake_ood,real,,test_ood,aa3eb41ebc1fa332,jpeg30
0,so_fake_ood,real,,test_ood,aa3eb41ebc1fa332,blur05
0,so_fake_ood,real,,test_ood,aa3eb41ebc1fa332,blur10
0,so_fake_ood,real,,test_ood,aa3eb41ebc1fa332,blur20
0,so_fake_ood,real,,test_ood,aa3eb41ebc1fa332,resize05
0,so_fake_ood,real,,test_ood,aa3eb41ebc1fa332,resize025
0,so_fake_ood,real,,test_ood,aa3eb41ebc1fa332,noise002
0,so_fake_ood,real,,test_ood,aa3eb41ebc1fa332,noise005
0,so_fake_ood,real,,test_ood,aa3eb41ebc1fa332,noise01
0,so_fake_ood,real,,test_ood,aa3eb41ebc1fa332,jitter02
0,so_fake_ood,real,,test_ood,aa3eb41ebc1fa332,crop08
0,so_fake_ood,real,,test_ood,265d296f2f583d6b,clean
0,so_fake_ood,real,,test_ood,265d296f2f583d6b,jpeg90
0,so_fake_ood,real,,test_ood,265d296f2f583d6b,jpeg70
0,so_fake_ood,real,,test_ood,265d296f2f583d6b,jpeg50
0,so_fake_ood,real,,test_ood,265d296f2f583d6b,jpeg30
0,so_fake_ood,real,,test_ood,265d296f2f583d6b,blur05
0,so_fake_ood,real,,test_ood,265d296f2f583d6b,blur10
0,so_fake_ood,real,,test_ood,265d296f2f583d6b,blur20
0,so_fake_ood,real,,test_ood,265d296f2f583d6b,resize05
0,so_fake_ood,real,,test_ood,265d296f2f583d6b,resize025
0,so_fake_ood,real,,test_ood,265d296f2f583d6b,noise002
0,so_fake_ood,real,,test_ood,265d296f2f583d6b,noise005
0,so_fake_ood,real,,test_ood,265d296f2f583d6b,noise01
0,so_fake_ood,real,,test_ood,265d296f2f583d6b,jitter02
0,so_fake_ood,real,,test_ood,265d296f2f583d6b,crop08
0,so_fake_ood,real,,test_ood,c78067d68f173317,clean
0,so_fake_ood,real,,test_ood,c78067d68f173317,jpeg90
0,so_fake_ood,real,,test_ood,c78067d68f173317,jpeg70
0,so_fake_ood,real,,test_ood,c78067d68f173317,jpeg50
0,so_fake_ood,real,,test_ood,c78067d68f173317,jpeg30
0,so_fake_ood,real,,test_ood,c78067d68f173317,blur05
0,so_fake_ood,real,,test_ood,c78067d68f173317,blur10
0,so_fake_ood,real,,test_ood,c78067d68f173317,blur20
0,so_fake_ood,real,,test_ood,c78067d68f173317,resize05
0,so_fake_ood,real,,test_ood,c78067d68f173317,resize025
0,so_fake_ood,real,,test_ood,c78067d68f173317,noise002
0,so_fake_ood,real,,test_ood,c78067d68f173317,noise005
0,so_fake_ood,real,,test_ood,c78067d68f173317,noise01
0,so_fake_ood,real,,test_ood,c78067d68f173317,jitter02
0,so_fake_ood,real,,test_ood,c78067d68f173317,crop08
0,so_fake_ood,real,,test_ood,455f743e1d93cc39,clean
0,so_fake_ood,real,,test_ood,455f743e1d93cc39,jpeg90
0,so_fake_ood,real,,test_ood,455f743e1d93cc39,jpeg70
0,so_fake_ood,real,,test_ood,455f743e1d93cc39,jpeg50
0,so_fake_ood,real,,test_ood,455f743e1d93cc39,jpeg30
0,so_fake_ood,real,,test_ood,455f743e1d93cc39,blur05
0,so_fake_ood,real,,test_ood,455f743e1d93cc39,blur10
0,so_fake_ood,real,,test_ood,455f743e1d93cc39,blur20
0,so_fake_ood,real,,test_ood,455f743e1d93cc39,resize05
0,so_fake_ood,real,,test_ood,455f743e1d93cc39,resize025
0,so_fake_ood,real,,test_ood,455f743e1d93cc39,noise002
0,so_fake_ood,real,,test_ood,455f743e1d93cc39,noise005
0,so_fake_ood,real,,test_ood,455f743e1d93cc39,noise01
0,so_fake_ood,real,,test_ood,455f743e1d93cc39,jitter02
0,so_fake_ood,real,,test_ood,455f743e1d93cc39,crop08
0,so_fake_ood,real,,test_ood,ce0d6217ca766b9d,clean
0,so_fake_ood,real,,test_ood,ce0d6217ca766b9d,jpeg90
0,so_fake_ood,real,,test_ood,ce0d6217ca766b9d,jpeg70
0,so_fake_ood,real,,test_ood,ce0d6217ca766b9d,jpeg50
0,so_fake_ood,real,,test_ood,ce0d6217ca766b9d,jpeg30
0,so_fake_ood,real,,test_ood,ce0d6217ca766b9d,blur05
0,so_fake_ood,real,,test_ood,ce0d6217ca766b9d,blur10
0,so_fake_ood,real,,test_ood,ce0d6217ca766b9d,blur20
0,so_fake_ood,real,,test_ood,ce0d6217ca766b9d,resize05
0,so_fake_ood,real,,test_ood,ce0d6217ca766b9d,resize025
0,so_fake_ood,real,,test_ood,ce0d6217ca766b9d,noise002
0,so_fake_ood,real,,test_ood,ce0d6217ca766b9d,noise005
0,so_fake_ood,real,,test_ood,ce0d6217ca766b9d,noise01
0,so_fake_ood,real,,test_ood,ce0d6217ca766b9d,jitter02
0,so_fake_ood,real,,test_ood,ce0d6217ca766b9d,crop08
0,so_fake_ood,real,,test_ood,3fe28730b30fad5b,clean
0,so_fake_ood,real,,test_ood,3fe28730b30fad5b,jpeg90
0,so_fake_ood,real,,test_ood,3fe28730b30fad5b,jpeg70
0,so_fake_ood,real,,test_ood,3fe28730b30fad5b,jpeg50
0,so_fake_ood,real,,test_ood,3fe28730b30fad5b,jpeg30
0,so_fake_ood,real,,test_ood,3fe28730b30fad5b,blur05
0,so_fake_ood,real,,test_ood,3fe28730b30fad5b,blur10
0,so_fake_ood,real,,test_ood,3fe28730b30fad5b,blur20
0,so_fake_ood,real,,test_ood,3fe28730b30fad5b,resize05
0,so_fake_ood,real,,test_ood,3fe28730b30fad5b,resize025
0,so_fake_ood,real,,test_ood,3fe28730b30fad5b,noise002
0,so_fake_ood,real,,test_ood,3fe28730b30fad5b,noise005
0,so_fake_ood,real,,test_ood,3fe28730b30fad5b,noise01
0,so_fake_ood,real,,test_ood,3fe28730b30fad5b,jitter02
0,so_fake_ood,real,,test_ood,3fe28730b30fad5b,crop08
0,so_fake_ood,real,,test_ood,9556180216deaa28,clean
0,so_fake_ood,real,,test_ood,9556180216deaa28,jpeg90
0,so_fake_ood,real,,test_ood,9556180216deaa28,jpeg70
0,so_fake_ood,real,,test_ood,9556180216deaa28,jpeg50
0,so_fake_ood,real,,test_ood,9556180216deaa28,jpeg30
0,so_fake_ood,real,,test_ood,9556180216deaa28,blur05
0,so_fake_ood,real,,test_ood,9556180216deaa28,blur10
0,so_fake_ood,real,,test_ood,9556180216deaa28,blur20
0,so_fake_ood,real,,test_ood,9556180216deaa28,resize05
0,so_fake_ood,real,,test_ood,9556180216deaa28,resize025
0,so_fake_ood,real,,test_ood,9556180216deaa28,noise002
0,so_fake_ood,real,,test_ood,9556180216deaa28,noise005
0,so_fake_ood,real,,test_ood,9556180216deaa28,noise01
0,so_fake_ood,real,,test_ood,9556180216deaa28,jitter02
0,so_fake_ood,real,,test_ood,9556180216deaa28,crop08
0,so_fake_ood,real,,test_ood,6ff04a48ff9a73c9,clean
0,so_fake_ood,real,,test_ood,6ff04a48ff9a73c9,jpeg90
0,so_fake_ood,real,,test_ood,6ff04a48ff9a73c9,jpeg70
0,so_fake_ood,real,,test_ood,6ff04a48ff9a73c9,jpeg50
0,so_fake_ood,real,,test_ood,6ff04a48ff9a73c9,jpeg30
0,so_fake_ood,real,,test_ood,6ff04a48ff9a73c9,blur05
0,so_fake_ood,real,,test_ood,6ff04a48ff9a73c9,blur10
0,so_fake_ood,real,,test_ood,6ff04a48ff9a73c9,blur20
0,so_fake_ood,real,,test_ood,6ff04a48ff9a73c9,resize05
0,so_fake_ood,real,,test_ood,6ff04a48ff9a73c9,resize025
0,so_fake_ood,real,,test_ood,6ff04a48ff9a73c9,noise002
0,so_fake_ood,real,,test_ood,6ff04a48ff9a73c9,noise005
0,so_fake_ood,real,,test_ood,6ff04a48ff9a73c9,noise01
0,so_fake_ood,real,,test_ood,6ff04a48ff9a73c9,jitter02
0,so_fake_ood,real,,test_ood,6ff04a48ff9a73c9,crop08
0,so_fake_ood,real,,test_ood,ceba5946d74eb150,clean
0,so_fake_ood,real,,test_ood,ceba5946d74eb150,jpeg90
0,so_fake_ood,real,,test_ood,ceba5946d74eb150,jpeg70
0,so_fake_ood,real,,test_ood,ceba5946d74eb150,jpeg50
0,so_fake_ood,real,,test_ood,ceba5946d74eb150,jpeg30
0,so_fake_ood,real,,test_ood,ceba5946d74eb150,blur05
0,so_fake_ood,real,,test_ood,ceba5946d74eb150,blur10
0,so_fake_ood,real,,test_ood,ceba5946d74eb150,blur20
0,so_fake_ood,real,,test_ood,ceba5946d74eb150,resize05
0,so_fake_ood,real,,test_ood,ceba5946d74eb150,resize025
0,so_fake_ood,real,,test_ood,ceba5946d74eb150,noise002
0,so_fake_ood,real,,test_ood,ceba5946d74eb150,noise005
0,so_fake_ood,real,,test_ood,ceba5946d74eb150,noise01
0,so_fake_ood,real,,test_ood,ceba5946d74eb150,jitter02
0,so_fake_ood,real,,test_ood,ceba5946d74eb150,crop08
0,so_fake_ood,real,,test_ood,642506ca33c08f41,clean
0,so_fake_ood,real,,test_ood,642506ca33c08f41,jpeg90
0,so_fake_ood,real,,test_ood,642506ca33c08f41,jpeg70
0,so_fake_ood,real,,test_ood,642506ca33c08f41,jpeg50
0,so_fake_ood,real,,test_ood,642506ca33c08f41,jpeg30
0,so_fake_ood,real,,test_ood,642506ca33c08f41,blur05
0,so_fake_ood,real,,test_ood,642506ca33c08f41,blur10
0,so_fake_ood,real,,test_ood,642506ca33c08f41,blur20
0,so_fake_ood,real,,test_ood,642506ca33c08f41,resize05
0,so_fake_ood,real,,test_ood,642506ca33c08f41,resize025
0,so_fake_ood,real,,test_ood,642506ca33c08f41,noise002
0,so_fake_ood,real,,test_ood,642506ca33c08f41,noise005
0,so_fake_ood,real,,test_ood,642506ca33c08f41,noise01
0,so_fake_ood,real,,test_ood,642506ca33c08f41,jitter02
0,so_fake_ood,real,,test_ood,642506ca33c08f41,crop08
0,so_fake_ood,real,,test_ood,05d6f01b814f2126,clean
0,so_fake_ood,real,,test_ood,05d6f01b814f2126,jpeg90
0,so_fake_ood,real,,test_ood,05d6f01b814f2126,jpeg70
0,so_fake_ood,real,,test_ood,05d6f01b814f2126,jpeg50
0,so_fake_ood,real,,test_ood,05d6f01b814f2126,jpeg30
0,so_fake_ood,real,,test_ood,05d6f01b814f2126,blur05
0,so_fake_ood,real,,test_ood,05d6f01b814f2126,blur10
0,so_fake_ood,real,,test_ood,05d6f01b814f2126,blur20
0,so_fake_ood,real,,test_ood,05d6f01b814f2126,resize05
0,so_fake_ood,real,,test_ood,05d6f01b814f2126,resize025
