label,source,subclass,generator,split,image_id,variant
1,wildfake_midjourney,full_synthetic,midjourney,train,73d03a769b73cc3b,clean
1,wildfake_midjourney,full_synthetic,midjourney,train,73d03a769b73cc3b,jpeg50
1,wildfake_midjourney,full_synthetic,midjourney,train,73d03a769b73cc3b,jpeg30
1,wildfake_midjourney,full_synthetic,midjourney,train,73d03a769b73cc3b,blur10
1,wildfake_midjourney,full_synthetic,midjourney,train,fb982a61d7eed64c,clean
1,wildfake_midjourney,full_synthetic,midjourney,train,fb982a61d7eed64c,jpeg50
1,wildfake_midjourney,full_synthetic,midjourney,train,fb982a61d7eed64c,noise01
1,wildfake_midjourney,full_synthetic,midjourney,train,fb982a61d7eed64c,jitter02
1,wildfake_midjourney,full_synthetic,midjourney,train,907f0eb70a428069,clean
1,wildfake_midjourney,full_synthetic,midjourney,train,907f0eb70a428069,jpeg50
1,wildfake_midjourney,full_synthetic,midjourney,train,907f0eb70a428069,blur05
1,wildfake_midjourney,full_synthetic,midjourney,train,907f0eb70a428069,jitter02
1,wildfake_midjourney,full_synthetic,midjourney,train,b732e28163a1e019,clean
1,wildfake_midjourney,full_synthetic,midjourney,train,b732e28163a1e019,jpeg90
1,wildfake_midjourney,full_synthetic,midjourney,train,b732e28163a1e019,resize05
1,wildfake_midjourney,full_synthetic,midjourney,train,b732e28163a1e019,crop08
1,wildfake_midjourney,full_synthetic,midjourney,train,a5e4833c06340b30,clean
1,wildfake_midjourney,full_synthetic,midjourney,train,a5e4833c06340b30,jpeg30
1,wildfake_midjourney,full_synthetic,midjourney,train,a5e4833c06340b30,noise01
1,wildfake_midjourney,full_synthetic,midjourney,train,a5e4833c06340b30,jitter02
1,wildfake_midjourney,full_synthetic,midjourney,train,b72e687506376e3c,clean
1,wildfake_midjourney,full_synthetic,midjourney,train,b72e687506376e3c,jpeg30
1,wildfake_midjourney,full_synthetic,midjourney,train,b72e687506376e3c,blur20
1,wildfake_midjourney,full_synthetic,midjourney,train,b72e687506376e3c,noise005
1,wildfake_midjourney,full_synthetic,midjourney,train,9711144e87921974,clean
1,wildfake_midjourney,full_synthetic,midjourney,train,9711144e87921974,jpeg30
1,wildfake_midjourney,full_synthetic,midjourney,train,9711144e87921974,resize025
1,wildfake_midjourney,full_synthetic,midjourney,train,9711144e87921974,crop08
1,wildfake_midjourney,full_synthetic,midjourney,train,22f7f59560114d92,clean
1,wildfake_midjourney,full_synthetic,midjourney,train,22f7f59560114d92,jpeg90
1,wildfake_midjourney,full_synthetic,midjourney,train,22f7f59560114d92,blur10
1,wildfake_midjourney,full_synthetic,midjourney,train,22f7f59560114d92,resize05
1,wildfake_midjourney,full_synthetic,midjourney,train,613924221f4f4505,clean
1,wildfake_midjourney,full_synthetic,midjourney,train,613924221f4f4505,jpeg90
1,wildfake_midjourney,full_synthetic,midjourney,train,613924221f4f4505,noise005
1,wildfake_midjourney,full_synthetic,midjourney,train,613924221f4f4505,crop08
1,wildfake_midjourney,full_synthetic,midjourney,train,92f163fb0ac8a5fd,clean
1,wildfake_midjourney,full_synthetic,midjourney,train,92f163fb0ac8a5fd,jpeg50
1,wildfake_midjourney,full_synthetic,midjourney,train,92f163fb0ac8a5fd,noise01
1,wildfake_midjourney,full_synthetic,midjourney,train,92f163fb0ac8a5fd,jitter02
1,wildfake_midjourney,full_synthetic,midjourney,train,08426f424e111743,clean
1,wildfake_midjourney,full_synthetic,midjourney,train,08426f424e111743,jpeg70
1,wildfake_midjourney,full_synthetic,midjourney,train,08426f424e111743,blur05
1,wildfake_midjourney,full_synthetic,midjourney,train,08426f424e111743,jitter02
1,wildfake_midjourney,full_synthetic,midjourney,train,b643e9ce9959ef3b,clean
1,wildfake_midjourney,full_synthetic,midjourney,train,b643e9ce9959ef3b,blur10
1,wildfake_midjourney,full_synthetic,midjourney,train,b643e9ce9959ef3b,noise01
1,wildfake_midjourney,full_synthetic,midjourney,train,b643e9ce9959ef3b,jitter02
1,wildfake_midjourney,full_synthetic,midjourney,train,ee80ac24987d8252,clean
1,wildfake_midjourney,full_synthetic,midjourney,train,ee80ac24987d8252,jpeg70
1,wildfake_midjourney,full_synthetic,midjourney,train,ee80ac24987d8252,jpeg50
1,wildfake_midjourney,full_synthetic,midjourney,train,ee80ac24987d8252,jitter02
1,wildfake_midjourney,full_synthetic,midjourney,train,03bd9c7300e87009,clean
1,wildfake_midjourney,full_synthetic,midjourney,train,03bd9c7300e87009,jpeg90
1,wildfake_midjourney,full_synthetic,midjourney,train,03bd9c7300e87009,jpeg50
1,wildfake_midjourney,full_synthetic,midjourney,train,03bd9c7300e87009,blur20
1,wildfake_midjourney,full_synthetic,midjourney,train,09be01fdee0010e8,clean
1,wildfake_midjourney,full_synthetic,midjourney,train,09be01fdee0010e8,jpeg50
1,wildfake_midjourney,full_synthetic,midjourney,train,09be01fdee0010e8,blur05
1,wildfake_midjourney,full_synthetic,midjourney,train,09be01fdee0010e8,noise002
1,wildfake_midjourney,full_synthetic,midjourney,train,8f5b33b4b315457f,clean
1,wildfake_midjourney,full_synthetic,midjourney,train,8f5b33b4b315457f,blur05
1,wildfake_midjourney,full_synthetic,midjourney,train,8f5b33b4b315457f,resize05
1,wildfake_midjourney,full_synthetic,midjourney,train,8f5b33b4b315457f,noise005
1,wildfake_midjourney,full_synthetic,midjourney,train,4fc85d28ac999612,clean
1,wildfake_midjourney,full_synthetic,midjourney,train,4fc85d28ac999612,jpeg90
1,wildfake_midjourney,full_synthetic,midjourney,train,4fc85d28ac999612,blur10
1,wildfake_midjourney,full_synthetic,midjourney,train,4fc85d28ac999612,noise005
1,wildfake_midjourney,full_synthetic,midjourney,train,6d67ff0c9b1733a5,clean
1,wildfake_midjourney,full_synthetic,midjourney,train,6d67ff0c9b1733a5,jpeg90
1,wildfake_midjourney,full_synthetic,midjourney,train,6d67ff0c9b1733a5,jpeg70
1,wildfake_midjourney,full_synthetic,midjourney,train,6d67ff0c9b1733a5,jpeg50
1,wildfake_midjourney,full_synthetic,midjourney,train,4726df48e736ba5c,clean
1,wildfake_midjourney,full_synthetic,midjourney,train,4726df48e736ba5c,jpeg90
1,wildfake_midjourney,full_synthetic,midjourney,train,4726df48e736ba5c,blur20
1,wildfake_midjourney,full_synthetic,midjourney,train,4726df48e736ba5c,resize05
1,wildfake_midjourney,full_synthetic,midjourney,train,4eec2cffdc57dc10,clean
1,wildfake_midjourney,full_synthetic,midjourney,train,4eec2cffdc57dc10,noise002
1,wildfake_midjourney,full_synthetic,midjourney,train,4eec2cffdc57dc10,noise005
1,wildfake_midjourney,full_synthetic,midjourney,train,4eec2cffdc57dc10,noise01
1,wildfake_midjourney,full_synthetic,midjourney,train,6eba336b9c3c4ead,clean
1,wildfake_midjourney,full_synthetic,midjourney,train,6eba336b9c3c4ead,jpeg30
1,wildfake_midjourney,full_synthetic,midjourney,train,6eba336b9c3c4ead,resize025
1,wildfake_midjourney,full_synthetic,midjourney,train,6eba336b9c3c4ead,noise01
1,wildfake_midjourney,full_synthetic,midjourney,train,9942483e8f6feaa8,clean
1,wildfake_midjourney,full_synthetic,midjourney,train,9942483e8f6feaa8,blur10
1,wildfake_midjourney,full_synthetic,midjourney,train,9942483e8f6feaa8,resize05
1,wildfake_midjourney,full_synthetic,midjourney,train,9942483e8f6feaa8,noise01
1,wildfake_midjourney,full_synthetic,midjourney,train,0e00028f8836a066,clean
1,wildfake_midjourney,full_synthetic,midjourney,train,0e00028f8836a066,blur10
1,wildfake_midjourney,full_synthetic,midjourney,train,0e00028f8836a066,noise002
1,wildfake_midjourney,full_synthetic,midjourney,train,0e00028f8836a066,noise005
1,wildfake_midjourney,full_synthetic,midjourney,train,dfc309e95f1bd22b,clean
1,wildfake_midjourney,full_synthetic,midjourney,train,dfc309e95f1bd22b,jpeg30
1,wildfake_midjourney,full_synthetic,midjourney,train,dfc309e95f1bd22b,blur05
1,wildfake_midjourney,full_synthetic,midjourney,train,dfc309e95f1bd22b,noise002
1,wildfake_midjourney,full_synthetic,midjourney,train,9ac720a371fb8d67,clean
1,wildfake_midjourney,full_synthetic,midjourney,train,9ac720a371fb8d67,jpeg30
1,wildfake_midjourney,full_synthetic,midjourney,train,9ac720a371fb8d67,blur20
1,wildfake_midjourney,full_synthetic,midjourney,train,9ac720a371fb8d67,noise01
1,wildfake_midjourney,full_synthetic,midjourney,train,47896f7d415c79ba,clean
1,wildfake_midjourney,full_synthetic,midjourney,train,47896f7d415c79ba,jpeg30
1,wildfake_midjourney,full_synthetic,midjourney,train,47896f7d415c79ba,noise005
1,wildfake_midjourney,full_synthetic,midjourney,train,47896f7d415c79ba,noise01
1,wildfake_midjourney,full_synthetic,midjourney,train,01139dcc06e39982,clean
1,wildfake_midjourney,full_synthetic,midjourney,train,01139dcc06e39982,jpeg70
1,wildfake_midjourney,full_synthetic,midjourney,train,01139dcc06e39982,blur20
1,wildfake_midjourney,full_synthetic,midjourney,train,01139dcc06e39982,noise005
1,wildfake_midjourney,full_synthetic,midjourney,train,df85d2cd1c3af36c,clean
1,wildfake_midjourney,full_synthetic,midjourney,train,df85d2cd1c3af36c,jpeg70
1,wildfake_midjourney,full_synthetic,midjourney,train,df85d2cd1c3af36c,jpeg30
1,wildfake_midjourney,full_synthetic,midjourney,train,df85d2cd1c3af36c,blur20
1,wildfake_midjourney,full_synthetic,midjourney,train,02740b29d0161ae8,clean
1,wildfake_midjourney,full_synthetic,midjourney,train,02740b29d0161ae8,noise002
1,wildfake_midjourney,full_synthetic,midjourney,train,02740b29d0161ae8,noise005
1,wildfake_midjourney,full_synthetic,midjourney,train,02740b29d0161ae8,jitter02
1,wildfake_midjourney,full_synthetic,midjourney,train,7bc52cc573d88c5b,clean
1,wildfake_midjourney,full_synthetic,midjourney,train,7bc52cc573d88c5b,jpeg90
1,wildfake_midjourney,full_synthetic,midjourney,train,7bc52cc573d88c5b,noise01
1,wildfake_midjourney,full_synthetic,midjourney,train,7bc52cc573d88c5b,jitter02
1,wildfake_midjourney,full_synthetic,midjourney,train,edba0e56100d56a2,clean
1,wildfake_midjourney,full_synthetic,midjourney,train,edba0e56100d56a2,jpeg70
1,wildfake_midjourney,full_synthetic,midjourney,train,edba0e56100d56a2,blur20
1,wildfake_midjourney,full_synthetic,midjourney,train,edba0e56100d56a2,crop08
1,wildfake_midjourney,full_synthetic,midjourney,train,ebc47387d5f7e830,clean
1,wildfake_midjourney,full_synthetic,midjourney,train,ebc47387d5f7e830,resize05
1,wildfake_midjourney,full_synthetic,midjourney,train,ebc47387d5f7e830,resize025
1,wildfake_midjourney,full_synthetic,midjourney,train,ebc47387d5f7e830,noise01
1,wildfake_midjourney,full_synthetic,midjourney,train,db31e407574457de,clean
1,wildfake_midjourney,full_synthetic,midjourney,train,db31e407574457de,jpeg50
1,wildfake_midjourney,full_synthetic,midjourney,train,db31e407574457de,blur05
1,wildfake_midjourney,full_synthetic,midjourney,train,db31e407574457de,resize025
1,wildfake_midjourney,full_synthetic,midjourney,train,1cc554cccf19aa9e,clean
1,wildfake_midjourney,full_synthetic,midjourney,train,1cc554cccf19aa9e,blur20
1,wildfake_midjourney,full_synthetic,midjourney,train,1cc554cccf19aa9e,resize05
1,wildfake_midjourney,full_synthetic,midjourney,train,1cc554cccf19aa9e,noise005
1,wildfake_midjourney,full_synthetic,midjourney,train,2e39cc8e958dfdfd,clean
1,wildfake_midjourney,full_synthetic,midjourney,train,2e39cc8e958dfdfd,jpeg50
1,wildfake_midjourney,full_synthetic,midjourney,train,2e39cc8e958dfdfd,jpeg30
1,wildfake_midjourney,full_synthetic,midjourney,train,2e39cc8e958dfdfd,blur20
1,wildfake_midjourney,full_synthetic,midjourney,train,d876f5635c80b807,clean
1,wildfake_midjourney,full_synthetic,midjourney,train,d876f5635c80b807,resize05
1,wildfake_midjourney,full_synthetic,midjourney,train,d876f5635c80b807,noise01
1,wildfake_midjourney,full_synthetic,midjourney,train,d876f5635c80b807,crop08
1,wildfake_midjourney,full_synthetic,midjourney,train,b2425bc47c9fbc95,clean
1,wildfake_midjourney,full_synthetic,midjourney,train,b2425bc47c9fbc95,jpeg70
1,wildfake_midjourney,full_synthetic,midjourney,train,b2425bc47c9fbc95,blur05
1,wildfake_midjourney,full_synthetic,midjourney,train,b2425bc47c9fbc95,blur10
1,wildfake_midjourney,full_synthetic,midjourney,train,6ae8c279c04f12fc,clean
1,wildfake_midjourney,full_synthetic,midjourney,train,6ae8c279c04f12fc,jpeg30
1,wildfake_midjourney,full_synthetic,midjourney,train,6ae8c279c04f12fc,resize05
1,wildfake_midjourney,full_synthetic,midjourney,train,6ae8c279c04f12fc,noise002
1,wildfake_midjourney,full_synthetic,midjourney,train,28626d45f9f3b6d0,clean
1,wildfake_midjourney,full_synthetic,midjourney,train,28626d45f9f3b6d0,jpeg30
1,wildfake_midjourney,full_synthetic,midjourney,train,28626d45f9f3b6d0,blur20
1,wildfake_midjourney,full_synthetic,midjourney,train,28626d45f9f3b6d0,resize025
1,wildfake_midjourney,full_synthetic,midjourney,train,48347bab6ba3faeb,clean
1,wildfake_midjourney,full_synthetic,midjourney,train,48347bab6ba3faeb,jpeg90
1,wildfake_midjourney,full_synthetic,midjourney,train,48347bab6ba3faeb,jpeg50
1,wildfake_midjourney,full_synthetic,midjourney,train,48347bab6ba3faeb,resize025
1,wildfake_midjourney,full_synthetic,midjourney,train,2785146b2559b3b5,clean
1,wildfake_midjourney,full_synthetic,midjourney,train,2785146b2559b3b5,blur05
1,wildfake_midjourney,full_synthetic,midjourney,train,2785146b2559b3b5,noise002
1,wildfake_midjourney,full_synthetic,midjourney,train,2785146b2559b3b5,noise005
1,wildfake_midjourney,full_synthetic,midjourney,train,156f3cb4c67add08,clean
1,wildfake_midjourney,full_synthetic,midjourney,train,156f3cb4c67add08,jpeg50
1,wildfake_midjourney,full_synthetic,midjourney,train,156f3cb4c67add08,jpeg30
1,wildfake_midjourney,full_synthetic,midjourney,train,156f3cb4c67add08,noise002
1,wildfake_midjourney,full_synthetic,midjourney,train,6d68431d08c8bede,clean
1,wildfake_midjourney,full_synthetic,midjourney,train,6d68431d08c8bede,blur05
1,wildfake_midjourney,full_synthetic,midjourney,train,6d68431d08c8bede,jitter02
1,wildfake_midjourney,full_synthetic,midjourney,train,6d68431d08c8bede,crop08
1,wildfake_midjourney,full_synthetic,midjourney,train,9828b3e3ce93342a,clean
1,wildfake_midjourney,full_synthetic,midjourney,train,9828b3e3ce93342a,blur05
1,wildfake_midjourney,full_synthetic,midjourney,train,9828b3e3ce93342a,resize05
1,wildfake_midjourney,full_synthetic,midjourney,train,9828b3e3ce93342a,jitter02
1,wildfake_midjourney,full_synthetic,midjourney,train,85db7c9a6b21a657,clean
1,wildfake_midjourney,full_synthetic,midjourney,train,85db7c9a6b21a657,blur05
1,wildfake_midjourney,full_synthetic,midjourney,train,85db7c9a6b21a657,noise002
1,wildfake_midjourney,full_synthetic,midjourney,train,85db7c9a6b21a657,jitter02
1,wildfake_midjourney,full_synthetic,midjourney,train,4e351a4d8776ddaa,clean
1,wildfake_midjourney,full_synthetic,midjourney,train,4e351a4d8776ddaa,jpeg30
1,wildfake_midjourney,full_synthetic,midjourney,train,4e351a4d8776ddaa,resize05
1,wildfake_midjourney,full_synthetic,midjourney,train,4e351a4d8776ddaa,noise002
1,wildfake_midjourney,full_synthetic,midjourney,train,e58b811bc47889c8,clean
1,wildfake_midjourney,full_synthetic,midjourney,train,e58b811bc47889c8,jpeg70
1,wildfake_midjourney,full_synthetic,midjourney,train,e58b811bc47889c8,resize025
1,wildfake_midjourney,full_synthetic,midjourney,train,e58b811bc47889c8,noise005
1,wildfake_midjourney,full_synthetic,midjourney,train,543dc78fc37e7268,clean
1,wildfake_midjourney,full_synthetic,midjourney,train,543dc78fc37e7268,jpeg90
1,wildfake_midjourney,full_synthetic,midjourney,train,543dc78fc37e7268,jpeg70
1,wildfake_midjourney,full_synthetic,midjourney,train,543dc78fc37e7268,crop08
1,wildfake_midjourney,full_synthetic,midjourney,train,e5870457b6d0f6e2,clean
1,wildfake_midjourney,full_synthetic,midjourney,train,e5870457b6d0f6e2,blur10
1,wildfake_midjourney,full_synthetic,midjourney,train,e5870457b6d0f6e2,blur20
1,wildfake_midjourney,full_synthetic,midjourney,train,e5870457b6d0f6e2,noise005
1,wildfake_midjourney,full_synthetic,midjourney,train,9e533e789b2df6b3,clean
1,wildfake_midjourney,full_synthetic,midjourney,train,9e533e789b2df6b3,jpeg70
1,wildfake_midjourney,full_synthetic,midjourney,train,9e533e789b2df6b3,jpeg30
1,wildfake_midjourney,full_synthetic,midjourney,train,9e533e789b2df6b3,noise01
1,wildfake_midjourney,full_synthetic,midjourney,train,d647d08cf0842f35,clean
1,wildfake_midjourney,full_synthetic,midjourney,train,d647d08cf0842f35,blur10
1,wildfake_midjourney,full_synthetic,midjourney,train,d647d08cf0842f35,noise002
1,wildfake_midjourney,full_synthetic,midjourney,train,d647d08cf0842f35,jitter02
1,wildfake_midjourney,full_synthetic,midjourney,train,2414234821daea28,clean
1,wildfake_midjourney,full_synthetic,midjourney,train,2414234821daea28,blur05
1,wildfake_midjourney,full_synthetic,midjourney,train,2414234821daea28,resize05
1,wildfake_midjourney,full_synthetic,midjourney,train,2414234821daea28,resize025
1,wildfake_midjourney,full_synthetic,midjourney,train,6d891f25e73bb14f,clean
1,wildfake_midjourney,full_synthetic,midjourney,train,6d891f25e73bb14f,blur10
1,wildfake_midjourney,full_synthetic,midjourney,train,6d891f25e73bb14f,blur20
1,wildfake_midjourney,full_synthetic,midjourney,train,6d891f25e73bb14f,jitter02
1,wildfake_midjourney,full_synthetic,midjourney,train,51f52a2f801ba72e,clean
1,wildfake_midjourney,full_synthetic,midjourney,train,51f52a2f801ba72e,jpeg70
1,wildfake_midjourney,full_synthetic,midjourney,train,51f52a2f801ba72e,jpeg30
1,wildfake_midjourney,full_synthetic,midjourney,train,51f52a2f801ba72e,blur10
1,wildfake_midjourney,full_synthetic,midjourney,train,49c88c54be4952e6,clean
1,wildfake_midjourney,full_synthetic,midjourney,train,49c88c54be4952e6,blur20
1,wildfake_midjourney,full_synthetic,midjourney,train,49c88c54be4952e6,noise005
1,wildfake_midjourney,full_synthetic,midjourney,train,49c88c54be4952e6,crop08
1,wildfake_midjourney,full_synthetic,midjourney,train,538a7ab8794bcdcf,clean
1,wildfake_midjourney,full_synthetic,midjourney,train,538a7ab8794bcdcf,blur05
1,wildfake_midjourney,full_synthetic,midjourney,train,538a7ab8794bcdcf,noise01
1,wildfake_midjourney,full_synthetic,midjourney,train,538a7ab8794bcdcf,jitter02
1,wildfake_midjourney,full_synthetic,midjourney,train,02a204f8a2a2680c,clean
1,wildfake_midjourney,full_synthetic,midjourney,train,02a204f8a2a2680c,jpeg70
1,wildfake_midjourney,full_synthetic,midjourney,train,02a204f8a2a2680c,resize05
1,wildfake_midjourney,full_synthetic,midjourney,train,02a204f8a2a2680c,noise01
1,wildfake_midjourney,full_synthetic,midjourney,train,901f3c2c8d673785,clean
1,wildfake_midjourney,full_synthetic,midjourney,train,901f3c2c8d673785,jpeg50
1,wildfake_midjourney,full_synthetic,midjourney,train,901f3c2c8d673785,blur05
1,wildfake_midjourney,full_synthetic,midjourney,train,901f3c2c8d673785,resize05
1,wildfake_midjourney,full_synthetic,midjourney,train,12d59deadbcc425c,clean
1,wildfake_midjourney,full_synthetic,midjourney,train,12d59deadbcc425c,jpeg50
1,wildfake_midjourney,full_synthetic,midjourney,train,12d59deadbcc425c,blur05
1,wildfake_midjourney,full_synthetic,midjourney,train,12d59deadbcc425c,blur10
1,wildfake_midjourney,full_synthetic,midjourney,train,7e5a9b2954f9b974,clean
1,wildfake_midjourney,full_synthetic,midjourney,train,7e5a9b2954f9b974,resize05
1,wildfake_midjourney,full_synthetic,midjourney,train,7e5a9b2954f9b974,resize025
1,wildfake_midjourney,full_synthetic,midjourney,train,7e5a9b2954f9b974,jitter02
1,wildfake_midjourney,full_synthetic,midjourney,train,c5312d16f7898027,clean
1,wildfake_midjourney,full_synthetic,midjourney,train,c5312d16f7898027,jpeg50
1,wildfake_midjourney,full_synthetic,midjourney,train,c5312d16f7898027,blur05
1,wildfake_midjourney,full_synthetic,midjourney,train,c5312d16f7898027,crop08
1,wildfake_midjourney,full_synthetic,midjourney,train,84d331a493fdc967,clean
1,wildfake_midjourney,full_synthetic,midjourney,train,84d331a493fdc967,jpeg30
1,wildfake_midjourney,full_synthetic,midjourney,train,84d331a493fdc967,noise002
1,wildfake_midjourney,full_synthetic,midjourney,train,84d331a493fdc967,noise005
1,wildfake_midjourney,full_synthetic,midjourney,train,4e3fdf622cec3e79,clean
1,wildfake_midjourney,full_synthetic,midjourney,train,4e3fdf622cec3e79,jpeg70
1,wildfake_midjourney,full_synthetic,midjourney,train,4e3fdf622cec3e79,jpeg50
1,wildfake_midjourney,full_synthetic,midjourney,train,4e3fdf622cec3e79,blur05
1,wildfake_midjourney,full_synthetic,midjourney,train,315bf2953ad9f612,clean
1,wildfake_midjourney,full_synthetic,midjourney,train,315bf2953ad9f612,blur10
1,wildfake_midjourney,full_synthetic,midjourney,train,315bf2953ad9f612,noise002
1,wildfake_midjourney,full_synthetic,midjourney,train,315bf2953ad9f612,noise01
1,wildfake_midjourney,full_synthetic,midjourney,train,73c5e39e605b885a,clean
1,wildfake_midjourney,full_synthetic,midjourney,train,73c5e39e605b885a,jpeg70
1,wildfake_midjourney,full_synthetic,midjourney,train,73c5e39e605b885a,resize025
1,wildfake_midjourney,full_synthetic,midjourney,train,73c5e39e605b885a,crop08
1,wildfake_midjourney,full_synthetic,midjourney,train,99929ea9e86a42f5,clean
1,wildfake_midjourney,full_synthetic,midjourney,train,99929ea9e86a42f5,jpeg70
1,wildfake_midjourney,full_synthetic,midjourney,train,99929ea9e86a42f5,blur05
1,wildfake_midjourney,full_synthetic,midjourney,train,99929ea9e86a42f5,blur20
1,wildfake_midjourney,full_synthetic,midjourney,train,813a4b98dd39dbb3,clean
1,wildfake_midjourney,full_synthetic,midjourney,train,813a4b98dd39dbb3,jpeg70
1,wildfake_midjourney,full_synthetic,midjourney,train,813a4b98dd39dbb3,resize025
1,wildfake_midjourney,full_synthetic,midjourney,train,813a4b98dd39dbb3,noise01
1,wildfake_midjourney,full_synthetic,midjourney,train,10db2b1453f6e736,clean
1,wildfake_midjourney,full_synthetic,midjourney,train,10db2b1453f6e736,noise01
1,wildfake_midjourney,full_synthetic,midjourney,train,10db2b1453f6e736,jitter02
1,wildfake_midjourney,full_synthetic,midjourney,train,10db2b1453f6e736,crop08
1,wildfake_midjourney,full_synthetic,midjourney,train,81af0e61f36e3bf0,clean
1,wildfake_midjourney,full_synthetic,midjourney,train,81af0e61f36e3bf0,jpeg30
1,wildfake_midjourney,full_synthetic,midjourney,train,81af0e61f36e3bf0,blur20
1,wildfake_midjourney,full_synthetic,midjourney,train,81af0e61f36e3bf0,noise005
1,wildfake_midjourney,full_synthetic,midjourney,train,4b1395e33f3c2209,clean
1,wildfake_midjourney,full_synthetic,midjourney,train,4b1395e33f3c2209,jpeg30
1,wildfake_midjourney,full_synthetic,midjourney,train,4b1395e33f3c2209,blur10
1,wildfake_midjourney,full_synthetic,midjourney,train,4b1395e33f3c2209,resize05
1,wildfake_midjourney,full_synthetic,midjourney,train,4e77b7dfc6ac6268,clean
1,wildfake_midjourney,full_synthetic,midjourney,train,4e77b7dfc6ac6268,jpeg50
1,wildfake_midjourney,full_synthetic,midjourney,train,4e77b7dfc6ac6268,blur20
1,wildfake_midjourney,full_synthetic,midjourney,train,4e77b7dfc6ac6268,crop08
1,wildfake_midjourney,full_synthetic,midjourney,train,89954e8a7c3d44fc,clean
1,wildfake_midjourney,full_synthetic,midjourney,train,89954e8a7c3d44fc,jpeg30
1,wildfake_midjourney,full_synthetic,midjourney,train,89954e8a7c3d44fc,blur20
1,wildfake_midjourney,full_synthetic,midjourney,train,89954e8a7c3d44fc,noise002
1,wildfake_midjourney,full_synthetic,midjourney,train,1dcafba03a8f785d,clean
1,wildfake_midjourney,full_synthetic,midjourney,train,1dcafba03a8f785d,blur05
1,wildfake_midjourney,full_synthetic,midjourney,train,1dcafba03a8f785d,noise005
1,wildfake_midjourney,full_synthetic,midjourney,train,1dcafba03a8f785d,jitter02
1,wildfake_midjourney,full_synthetic,midjourney,train,cca5175a9560e99c,clean
1,wildfake_midjourney,full_synthetic,midjourney,train,cca5175a9560e99c,jpeg70
1,wildfake_midjourney,full_synthetic,midjourney,train,cca5175a9560e99c,resize025
1,wildfake_midjourney,full_synthetic,midjourney,train,cca5175a9560e99c,noise002
1,wildfake_midjourney,full_synthetic,midjourney,train,cc9b929c49186447,clean
1,wildfake_midjourney,full_synthetic,midjourney,train,cc9b929c49186447,jpeg50
1,wildfake_midjourney,full_synthetic,midjourney,train,cc9b929c49186447,blur20
1,wildfake_midjourney,full_synthetic,midjourney,train,cc9b929c49186447,resize05
1,wildfake_midjourney,full_synthetic,midjourney,train,4c74384338d73ea5,clean
1,wildfake_midjourney,full_synthetic,midjourney,train,4c74384338d73ea5,jpeg30
1,wildfake_midjourney,full_synthetic,midjourney,train,4c74384338d73ea5,noise005
1,wildfake_midjourney,full_synthetic,midjourney,train,4c74384338d73ea5,crop08
1,wildfake_midjourney,full_synthetic,midjourney,train,710bef6c6060525f,clean
1,wildfake_midjourney,full_synthetic,midjourney,train,710bef6c6060525f,jpeg90
1,wildfake_midjourney,full_synthetic,midjourney,train,710bef6c6060525f,jitter02
1,wildfake_midjourney,full_synthetic,midjourney,train,710bef6c6060525f,crop08
1,wildfake_midjourney,full_synthetic,midjourney,train,cf424f3227e9b92f,clean
1,wildfake_midjourney,full_synthetic,midjourney,train,cf424f3227e9b92f,jpeg50
1,wildfake_midjourney,full_synthetic,midjourney,train,cf424f3227e9b92f,jpeg30
1,wildfake_midjourney,full_synthetic,midjourney,train,cf424f3227e9b92f,resize025
1,wildfake_midjourney,full_synthetic,midjourney,train,bec5783e43a6152b,clean
1,wildfake_midjourney,full_synthetic,midjourney,train,bec5783e43a6152b,jpeg30
1,wildfake_midjourney,full_synthetic,midjourney,train,bec5783e43a6152b,resize05
1,wildfake_midjourney,full_synthetic,midjourney,train,bec5783e43a6152b,resize025
1,wildfake_midjourney,full_synthetic,midjourney,train,c8aa30e4956d922e,clean
1,wildfake_midjourney,full_synthetic,midjourney,train,c8aa30e4956d922e,jpeg90
1,wildfake_midjourney,full_synthetic,midjourney,train,c8aa30e4956d922e,blur10
1,wildfake_midjourney,full_synthetic,midjourney,train,c8aa30e4956d922e,crop08
1,wildfake_midjourney,full_synthetic,midjourney,train,332b9893ff629818,clean
1,wildfake_midjourney,full_synthetic,midjourney,train,332b9893ff629818,blur05
1,wildfake_midjourney,full_synthetic,midjourney,train,332b9893ff629818,resize05
1,wildfake_midjourney,full_synthetic,midjourney,train,332b9893ff629818,noise01
1,wildfake_midjourney,full_synthetic,midjourney,train,54ffb2ba74be2e26,clean
1,wildfake_midjourney,full_synthetic,midjourney,train,54ffb2ba74be2e26,blur10
1,wildfake_midjourney,full_synthetic,midjourney,train,54ffb2ba74be2e26,blur20
1,wildfake_midjourney,full_synthetic,midjourney,train,54ffb2ba74be2e26,jitter02
1,wildfake_midjourney,full_synthetic,midjourney,train,ef50dbabd25f7191,clean
1,wildfake_midjourney,full_synthetic,midjourney,train,ef50dbabd25f7191,jpeg90
1,wildfake_midjourney,full_synthetic,midjourney,train,ef50dbabd25f7191,jpeg50
1,wildfake_midjourney,full_synthetic,midjourney,train,ef50dbabd25f7191,crop08
1,wildfake_midjourney,full_synthetic,midjourney,train,1e2c38f233759885,clean
1,wildfake_midjourney,full_synthetic,midjourney,train,1e2c38f233759885,blur20
1,wildfake_midjourney,full_synthetic,midjourney,train,1e2c38f233759885,noise005
1,wildfake_midjourney,full_synthetic,midjourney,train,1e2c38f233759885,jitter02
1,wildfake_midjourney,full_synthetic,midjourney,train,7614540350f60a47,clean
1,wildfake_midjourney,full_synthetic,midjourney,train,7614540350f60a47,jpeg90
1,wildfake_midjourney,full_synthetic,midjourney,train,7614540350f60a47,noise005
1,wildfake_midjourney,full_synthetic,midjourney,train,7614540350f60a47,noise01
1,wildfake_midjourney,full_synthetic,midjourney,train,524fa6bbaf255560,clean
1,wildfake_midjourney,full_synthetic,midjourney,train,524fa6bbaf255560,jpeg50
1,wildfake_midjourney,full_synthetic,midjourney,train,524fa6bbaf255560,blur10
1,wildfake_midjourney,full_synthetic,midjourney,train,524fa6bbaf255560,noise005
1,wildfake_midjourney,full_synthetic,midjourney,train,14dcaa5d55fa1746,clean
1,wildfake_midjourney,full_synthetic,midjourney,train,14dcaa5d55fa1746,jpeg70
1,wildfake_midjourney,full_synthetic,midjourney,train,14dcaa5d55fa1746,noise005
1,wildfake_midjourney,full_synthetic,midjourney,train,14dcaa5d55fa1746,jitter02
1,wildfake_midjourney,full_synthetic,midjourney,train,88252f9d8aa00497,clean
1,wildfake_midjourney,full_synthetic,midjourney,train,88252f9d8aa00497,jpeg90
1,wildfake_midjourney,full_synthetic,midjourney,train,88252f9d8aa00497,blur10
1,wildfake_midjourney,full_synthetic,midjourney,train,88252f9d8aa00497,resize025
1,wildfake_midjourney,full_synthetic,midjourney,train,04743ffae214641e,clean
1,wildfake_midjourney,full_synthetic,midjourney,train,04743ffae214641e,jpeg70
1,wildfake_midjourney,full_synthetic,midjourney,train,04743ffae214641e,blur20
1,wildfake_midjourney,full_synthetic,midjourney,train,04743ffae214641e,jitter02
1,wildfake_midjourney,full_synthetic,midjourney,train,6d714e63d94170ac,clean
1,wildfake_midjourney,full_synthetic,midjourney,train,6d714e63d94170ac,jpeg90
1,wildfake_midjourney,full_synthetic,midjourney,train,6d714e63d94170ac,blur20
1,wildfake_midjourney,full_synthetic,midjourney,train,6d714e63d94170ac,noise005
1,wildfake_midjourney,full_synthetic,midjourney,train,b69ecd3e298567cf,clean
1,wildfake_midjourney,full_synthetic,midjourney,train,b69ecd3e298567cf,jpeg50
1,wildfake_midjourney,full_synthetic,midjourney,train,b69ecd3e298567cf,jpeg30
1,wildfake_midjourney,full_synthetic,midjourney,train,b69ecd3e298567cf,blur10
1,wildfake_midjourney,full_synthetic,midjourney,train,bbf7fb5d45669ae2,clean
1,wildfake_midjourney,full_synthetic,midjourney,train,bbf7fb5d45669ae2,jpeg50
1,wildfake_midjourney,full_synthetic,midjourney,train,bbf7fb5d45669ae2,blur20
1,wildfake_midjourney,full_synthetic,midjourney,train,bbf7fb5d45669ae2,noise005
1,wildfake_midjourney,full_synthetic,midjourney,train,6d8de0b96fdf5ff7,clean
1,wildfake_midjourney,full_synthetic,midjourney,train,6d8de0b96fdf5ff7,jpeg90
1,wildfake_midjourney,full_synthetic,midjourney,train,6d8de0b96fdf5ff7,jpeg30
1,wildfake_midjourney,full_synthetic,midjourney,train,6d8de0b96fdf5ff7,blur20
1,wildfake_midjourney,full_synthetic,midjourney,train,8532cbcedbd6e411,clean
1,wildfake_midjourney,full_synthetic,midjourney,train,8532cbcedbd6e411,blur10
1,wildfake_midjourney,full_synthetic,midjourney,train,8532cbcedbd6e411,resize05
1,wildfake_midjourney,full_synthetic,midjourney,train,8532cbcedbd6e411,noise002
1,wildfake_midjourney,full_synthetic,midjourney,train,56987e06bb6bfb86,clean
1,wildfake_midjourney,full_synthetic,midjourney,train,56987e06bb6bfb86,noise002
1,wildfake_midjourney,full_synthetic,midjourney,train,56987e06bb6bfb86,noise01
1,wildfake_midjourney,full_synthetic,midjourney,train,56987e06bb6bfb86,crop08
1,wildfake_midjourney,full_synthetic,midjourney,train,6b055140172dac41,clean
1,wildfake_midjourney,full_synthetic,midjourney,train,6b055140172dac41,jpeg50
1,wildfake_midjourney,full_synthetic,midjourney,train,6b055140172dac41,resize05
1,wildfake_midjourney,full_synthetic,midjourney,train,6b055140172dac41,resize025
1,wildfake_midjourney,full_synthetic,midjourney,train,9791dceedcafaac6,clean
1,wildfake_midjourney,full_synthetic,midjourney,train,9791dceedcafaac6,jpeg70
1,wildfake_midjourney,full_synthetic,midjourney,train,9791dceedcafaac6,jpeg30
1,wildfake_midjourney,full_synthetic,midjourney,train,9791dceedcafaac6,resize05
1,wildfake_midjourney,full_synthetic,midjourney,train,301574883993c1a9,clean
1,wildfake_midjourney,full_synthetic,midjourney,train,301574883993c1a9,resize05
1,wildfake_midjourney,full_synthetic,midjourney,train,301574883993c1a9,noise005
1,wildfake_midjourney,full_synthetic,midjourney,train,301574883993c1a9,jitter02
1,wildfake_midjourney,full_synthetic,midjourney,train,906a56b1458b4b6a,clean
1,wildfake_midjourney,full_synthetic,midjourney,train,906a56b1458b4b6a,resize05
1,wildfake_midjourney,full_synthetic,midjourney,train,906a56b1458b4b6a,resize025
1,wildfake_midjourney,full_synthetic,midjourney,train,906a56b1458b4b6a,noise01
1,wildfake_midjourney,full_synthetic,midjourney,train,dd897599094098f4,clean
1,wildfake_midjourney,full_synthetic,midjourney,train,dd897599094098f4,jpeg30
1,wildfake_midjourney,full_synthetic,midjourney,train,dd897599094098f4,resize05
1,wildfake_midjourney,full_synthetic,midjourney,train,dd897599094098f4,noise002
1,wildfake_midjourney,full_synthetic,midjourney,train,41122c624ece7bf7,clean
1,wildfake_midjourney,full_synthetic,midjourney,train,41122c624ece7bf7,blur05
1,wildfake_midjourney,full_synthetic,midjourney,train,41122c624ece7bf7,resize025
1,wildfake_midjourney,full_synthetic,midjourney,train,41122c624ece7bf7,noise005
1,wildfake_midjourney,full_synthetic,midjourney,train,4dc53a243c0b0951,clean
1,wildfake_midjourney,full_synthetic,midjourney,train,4dc53a243c0b0951,jpeg90
1,wildfake_midjourney,full_synthetic,midjourney,train,4dc53a243c0b0951,blur05
1,wildfake_midjourney,full_synthetic,midjourney,train,4dc53a243c0b0951,resize05
1,wildfake_midjourney,full_synthetic,midjourney,train,f6c36adca7f8fe8b,clean
1,wildfake_midjourney,full_synthetic,midjourney,train,f6c36adca7f8fe8b,jpeg70
1,wildfake_midjourney,full_synthetic,midjourney,train,f6c36adca7f8fe8b,blur10
1,wildfake_midjourney,full_synthetic,midjourney,train,f6c36adca7f8fe8b,noise005
1,wildfake_midjourney,full_synthetic,midjourney,train,a683c58a6bbfd2ec,clean
1,wildfake_midjourney,full_synthetic,midjourney,train,a683c58a6bbfd2ec,blur05
1,wildfake_midjourney,full_synthetic,midjourney,train,a683c58a6bbfd2ec,resize025
1,wildfake_midjourney,full_synthetic,midjourney,train,a683c58a6bbfd2ec,noise01
1,wildfake_midjourney,full_synthetic,midjourney,train,6c2165b72c76ad0f,clean
1,wildfake_midjourney,full_synthetic,midjourney,train,6c2165b72c76ad0f,jpeg30
1,wildfake_midjourney,full_synthetic,midjourney,train,6c2165b72c76ad0f,resize05
1,wildfake_midjourney,full_synthetic,midjourney,train,6c2165b72c76ad0f,noise005
1,wildfake_midjourney,full_synthetic,midjourney,train,6997b30bca5a0f4f,clean
1,wildfake_midjourney,full_synthetic,midjourney,train,6997b30bca5a0f4f,jpeg90
1,wildfake_midjourney,full_synthetic,midjourney,train,6997b30bca5a0f4f,blur20
1,wildfake_midjourney,full_synthetic,midjourney,train,6997b30bca5a0f4f,resize05
1,wildfake_midjourney,full_synthetic,midjourney,train,78ae4bd15b3c64aa,clean
1,wildfake_midjourney,full_synthetic,midjourney,train,78ae4bd15b3c64aa,jpeg70
1,wildfake_midjourney,full_synthetic,midjourney,train,78ae4bd15b3c64aa,resize025
1,wildfake_midjourney,full_synthetic,midjourney,train,78ae4bd15b3c64aa,crop08
1,wildfake_midjourney,full_synthetic,midjourney,train,2a2c9ccaa617ee74,clean
1,wildfake_midjourney,full_synthetic,midjourney,train,2a2c9ccaa617ee74,resize025
1,wildfake_midjourney,full_synthetic,midjourney,train,2a2c9ccaa617ee74,noise002
1,wildfake_midjourney,full_synthetic,midjourney,train,2a2c9ccaa617ee74,crop08
1,wildfake_midjourney,full_synthetic,midjourney,train,acbe6752cda683d7,clean
1,wildfake_midjourney,full_synthetic,midjourney,train,acbe6752cda683d7,jpeg90
1,wildfake_midjourney,full_synthetic,midjourney,train,acbe6752cda683d7,jpeg70
1,wildfake_midjourney,full_synthetic,midjourney,train,acbe6752cda683d7,blur05
1,wildfake_midjourney,full_synthetic,midjourney,train,88d34328a07ba62a,clean
1,wildfake_midjourney,full_synthetic,midjourney,train,88d34328a07ba62a,jpeg30
1,wildfake_midjourney,full_synthetic,midjourney,train,88d34328a07ba62a,noise01
1,wildfake_midjourney,full_synthetic,midjourney,train,88d34328a07ba62a,jitter02
1,wildfake_midjourney,full_synthetic,midjourney,train,de95d880fa543c97,clean
1,wildfake_midjourney,full_synthetic,midjourney,train,de95d880fa543c97,jpeg30
1,wildfake_midjourney,full_synthetic,midjourney,train,de95d880fa543c97,resize05
1,wildfake_midjourney,full_synthetic,midjourney,train,de95d880fa543c97,noise002
1,wildfake_midjourney,full_synthetic,midjourney,train,037f46bec830d346,clean
1,wildfake_midjourney,full_synthetic,midjourney,train,037f46bec830d346,jpeg50
1,wildfake_midjourney,full_synthetic,midjourney,train,037f46bec830d346,blur05
1,wildfake_midjourney,full_synthetic,midjourney,train,037f46bec830d346,resize025
1,wildfake_midjourney,full_synthetic,midjourney,train,ce919d5e69bfe490,clean
1,wildfake_midjourney,full_synthetic,midjourney,train,ce919d5e69bfe490,blur05
1,wildfake_midjourney,full_synthetic,midjourney,train,ce919d5e69bfe490,blur10
1,wildfake_midjourney,full_synthetic,midjourney,train,ce919d5e69bfe490,crop08
1,wildfake_midjourney,full_synthetic,midjourney,train,ac2b247ac5c7cacf,clean
1,wildfake_midjourney,full_synthetic,midjourney,train,ac2b247ac5c7cacf,blur05
1,wildfake_midjourney,full_synthetic,midjourney,train,ac2b247ac5c7cacf,blur10
1,wildfake_midjourney,full_synthetic,midjourney,train,ac2b247ac5c7cacf,crop08
1,wildfake_midjourney,full_synthetic,midjourney,train,7b636c9f7740b171,clean
1,wildfake_midjourney,full_synthetic,midjourney,train,7b636c9f7740b171,jpeg70
1,wildfake_midjourney,full_synthetic,midjourney,train,7b636c9f7740b171,jpeg50
1,wildfake_midjourney,full_synthetic,midjourney,train,7b636c9f7740b171,blur05
1,wildfake_midjourney,full_synthetic,midjourney,train,0a9bb6d7a8d7a637,clean
1,wildfake_midjourney,full_synthetic,midjourney,train,0a9bb6d7a8d7a637,blur05
1,wildfake_midjourney,full_synthetic,midjourney,train,0a9bb6d7a8d7a637,noise002
1,wildfake_midjourney,full_synthetic,midjourney,train,0a9bb6d7a8d7a637,noise01
1,wildfake_midjourney,full_synthetic,midjourney,train,010f847518a96766,clean
1,wildfake_midjourney,full_synthetic,midjourney,train,010f847518a96766,blur05
1,wildfake_midjourney,full_synthetic,midjourney,train,010f847518a96766,blur10
1,wildfake_midjourney,full_synthetic,midjourney,train,010f847518a96766,blur20
1,wildfake_midjourney,full_synthetic,midjourney,train,ee7ba72011ea5102,clean
1,wildfake_midjourney,full_synthetic,midjourney,train,ee7ba72011ea5102,jpeg30
1,wildfake_midjourney,full_synthetic,midjourney,train,ee7ba72011ea5102,blur05
1,wildfake_midjourney,full_synthetic,midjourney,train,ee7ba72011ea5102,resize05
1,wildfake_midjourney,full_synthetic,midjourney,train,bdfcf797e2fbe4f1,clean
1,wildfake_midjourney,full_synthetic,midjourney,train,bdfcf797e2fbe4f1,noise01
1,wildfake_midjourney,full_synthetic,midjourney,train,bdfcf797e2fbe4f1,jitter02
1,wildfake_midjourney,full_synthetic,midjourney,train,bdfcf797e2fbe4f1,crop08
1,wildfake_midjourney,full_synthetic,midjourney,train,acb6c9ae19948f5a,clean
1,wildfake_midjourney,full_synthetic,midjourney,train,acb6c9ae19948f5a,jpeg90
1,wildfake_midjourney,full_synthetic,midjourney,train,acb6c9ae19948f5a,jpeg30
1,wildfake_midjourney,full_synthetic,midjourney,train,acb6c9ae19948f5a,blur20
1,wildfake_midjourney,full_synthetic,midjourney,train,86c7e87f5d5e390c,clean
1,wildfake_midjourney,full_synthetic,midjourney,train,86c7e87f5d5e390c,blur05
1,wildfake_midjourney,full_synthetic,midjourney,train,86c7e87f5d5e390c,blur10
1,wildfake_midjourney,full_synthetic,midjourney,train,86c7e87f5d5e390c,noise005
1,wildfake_midjourney,full_synthetic,midjourney,train,c4c5ddfa33eca521,clean
1,wildfake_midjourney,full_synthetic,midjourney,train,c4c5ddfa33eca521,jpeg90
1,wildfake_midjourney,full_synthetic,midjourney,train,c4c5ddfa33eca521,blur10
1,wildfake_midjourney,full_synthetic,midjourney,train,c4c5ddfa33eca521,jitter02
1,wildfake_midjourney,full_synthetic,midjourney,train,52a70b8614056713,clean
1,wildfake_midjourney,full_synthetic,midjourney,train,52a70b8614056713,blur05
1,wildfake_midjourney,full_synthetic,midjourney,train,52a70b8614056713,blur10
1,wildfake_midjourney,full_synthetic,midjourney,train,52a70b8614056713,noise002
1,wildfake_midjourney,full_synthetic,midjourney,train,689cb4bd74e3af4b,clean
1,wildfake_midjourney,full_synthetic,midjourney,train,689cb4bd74e3af4b,blur20
1,wildfake_midjourney,full_synthetic,midjourney,train,689cb4bd74e3af4b,resize025
1,wildfake_midjourney,full_synthetic,midjourney,train,689cb4bd74e3af4b,noise002
1,wildfake_midjourney,full_synthetic,midjourney,train,780577ad9385e803,clean
1,wildfake_midjourney,full_synthetic,midjourney,train,780577ad9385e803,jpeg90
1,wildfake_midjourney,full_synthetic,midjourney,train,780577ad9385e803,noise01
1,wildfake_midjourney,full_synthetic,midjourney,train,780577ad9385e803,jitter02
1,wildfake_midjourney,full_synthetic,midjourney,train,821b4e41290baf26,clean
1,wildfake_midjourney,full_synthetic,midjourney,train,821b4e41290baf26,jpeg70
1,wildfake_midjourney,full_synthetic,midjourney,train,821b4e41290baf26,blur20
1,wildfake_midjourney,full_synthetic,midjourney,train,821b4e41290baf26,noise002
1,wildfake_midjourney,full_synthetic,midjourney,train,29ea48b09331361d,clean
1,wildfake_midjourney,full_synthetic,midjourney,train,29ea48b09331361d,blur20
1,wildfake_midjourney,full_synthetic,midjourney,train,29ea48b09331361d,noise005
1,wildfake_midjourney,full_synthetic,midjourney,train,29ea48b09331361d,noise01
1,wildfake_midjourney,full_synthetic,midjourney,train,cc41afdd1e386b6a,clean
1,wildfake_midjourney,full_synthetic,midjourney,train,cc41afdd1e386b6a,blur10
1,wildfake_midjourney,full_synthetic,midjourney,train,cc41afdd1e386b6a,noise01
1,wildfake_midjourney,full_synthetic,midjourney,train,cc41afdd1e386b6a,jitter02
1,wildfake_midjourney,full_synthetic,midjourney,train,ab0a23ccc2d6b864,clean
1,wildfake_midjourney,full_synthetic,midjourney,train,ab0a23ccc2d6b864,jpeg90
1,wildfake_midjourney,full_synthetic,midjourney,train,ab0a23ccc2d6b864,blur20
1,wildfake_midjourney,full_synthetic,midjourney,train,ab0a23ccc2d6b864,resize025
1,wildfake_midjourney,full_synthetic,midjourney,train,5a48d4c895b1d006,clean
1,wildfake_midjourney,full_synthetic,midjourney,train,5a48d4c895b1d006,jpeg30
1,wildfake_midjourney,full_synthetic,midjourney,train,5a48d4c895b1d006,blur10
1,wildfake_midjourney,full_synthetic,midjourney,train,5a48d4c895b1d006,resize05
1,wildfake_midjourney,full_synthetic,midjourney,train,e5f703ec87f69455,clean
1,wildfake_midjourney,full_synthetic,midjourney,train,e5f703ec87f69455,jpeg30
1,wildfake_midjourney,full_synthetic,midjourney,train,e5f703ec87f69455,resize025
1,wildfake_midjourney,full_synthetic,midjourney,train,e5f703ec87f69455,noise002
1,wildfake_midjourney,full_synthetic,midjourney,train,6ad8441d99151fdd,clean
1,wildfake_midjourney,full_synthetic,midjourney,train,6ad8441d99151fdd,blur10
1,wildfake_midjourney,full_synthetic,midjourney,train,6ad8441d99151fdd,resize025
1,wildfake_midjourney,full_synthetic,midjourney,train,6ad8441d99151fdd,noise002
1,wildfake_midjourney,full_synthetic,midjourney,train,87854219d600299d,clean
1,wildfake_midjourney,full_synthetic,midjourney,train,87854219d600299d,jpeg70
1,wildfake_midjourney,full_synthetic,midjourney,train,87854219d600299d,resize025
1,wildfake_midjourney,full_synthetic,midjourney,train,87854219d600299d,noise002
1,wildfake_midjourney,full_synthetic,midjourney,train,78c16359ce50bd46,clean
1,wildfake_midjourney,full_synthetic,midjourney,train,78c16359ce50bd46,resize05
1,wildfake_midjourney,full_synthetic,midjourney,train,78c16359ce50bd46,noise01
1,wildfake_midjourney,full_synthetic,midjourney,train,78c16359ce50bd46,jitter02
1,wildfake_midjourney,full_synthetic,midjourney,train,d7288bb02650eb81,clean
1,wildfake_midjourney,full_synthetic,midjourney,train,d7288bb02650eb81,jpeg30
1,wildfake_midjourney,full_synthetic,midjourney,train,d7288bb02650eb81,blur05
1,wildfake_midjourney,full_synthetic,midjourney,train,d7288bb02650eb81,noise01
1,wildfake_midjourney,full_synthetic,midjourney,train,2f641e9c7c486da1,clean
1,wildfake_midjourney,full_synthetic,midjourney,train,2f641e9c7c486da1,jpeg90
1,wildfake_midjourney,full_synthetic,midjourney,train,2f641e9c7c486da1,jpeg50
1,wildfake_midjourney,full_synthetic,midjourney,train,2f641e9c7c486da1,noise01
1,wildfake_midjourney,full_synthetic,midjourney,train,e73d3e2ea5eaf9b2,clean
1,wildfake_midjourney,full_synthetic,midjourney,train,e73d3e2ea5eaf9b2,blur20
1,wildfake_midjourney,full_synthetic,midjourney,train,e73d3e2ea5eaf9b2,jitter02
1,wildfake_midjourney,full_synthetic,midjourney,train,e73d3e2ea5eaf9b2,crop08
1,wildfake_midjourney,full_synthetic,midjourney,train,d3641df007de37a6,clean
1,wildfake_midjourney,full_synthetic,midjourney,train,d3641df007de37a6,jpeg70
1,wildfake_midjourney,full_synthetic,midjourney,train,d3641df007de37a6,blur20
1,wildfake_midjourney,full_synthetic,midjourney,train,d3641df007de37a6,noise01
1,wildfake_midjourney,full_synthetic,midjourney,train,c6ee58f7c6e7ce2d,clean
1,wildfake_midjourney,full_synthetic,midjourney,train,c6ee58f7c6e7ce2d,jpeg50
1,wildfake_midjourney,full_synthetic,midjourney,train,c6ee58f7c6e7ce2d,blur10
1,wildfake_midjourney,full_synthetic,midjourney,train,c6ee58f7c6e7ce2d,resize025
1,wildfake_midjourney,full_synthetic,midjourney,train,a0c62dc290ecf3fd,clean
1,wildfake_midjourney,full_synthetic,midjourney,train,a0c62dc290ecf3fd,jpeg90
1,wildfake_midjourney,full_synthetic,midjourney,train,a0c62dc290ecf3fd,noise01
1,wildfake_midjourney,full_synthetic,midjourney,train,a0c62dc290ecf3fd,crop08
1,wildfake_midjourney,full_synthetic,midjourney,train,988129eb0e4b0bb8,clean
1,wildfake_midjourney,full_synthetic,midjourney,train,988129eb0e4b0bb8,blur05
1,wildfake_midjourney,full_synthetic,midjourney,train,988129eb0e4b0bb8,resize05
1,wildfake_midjourney,full_synthetic,midjourney,train,988129eb0e4b0bb8,noise01
1,wildfake_midjourney,full_synthetic,midjourney,train,f3737dd728933770,clean
1,wildfake_midjourney,full_synthetic,midjourney,train,f3737dd728933770,resize025
1,wildfake_midjourney,full_synthetic,midjourney,train,f3737dd728933770,noise005
1,wildfake_midjourney,full_synthetic,midjourney,train,f3737dd728933770,crop08
1,wildfake_midjourney,full_synthetic,midjourney,train,514a62392840b173,clean
1,wildfake_midjourney,full_synthetic,midjourney,train,514a62392840b173,blur10
1,wildfake_midjourney,full_synthetic,midjourney,train,514a62392840b173,blur20
1,wildfake_midjourney,full_synthetic,midjourney,train,514a62392840b173,resize025
1,wildfake_midjourney,full_synthetic,midjourney,train,5a1e26e6fd13ffa0,clean
1,wildfake_midjourney,full_synthetic,midjourney,train,5a1e26e6fd13ffa0,jpeg50
1,wildfake_midjourney,full_synthetic,midjourney,train,5a1e26e6fd13ffa0,blur20
1,wildfake_midjourney,full_synthetic,midjourney,train,5a1e26e6fd13ffa0,resize025
1,wildfake_midjourney,full_synthetic,midjourney,train,34e3385aaeb234a8,clean
1,wildfake_midjourney,full_synthetic,midjourney,train,34e3385aaeb234a8,blur05
1,wildfake_midjourney,full_synthetic,midjourney,train,34e3385aaeb234a8,noise005
1,wildfake_midjourney,full_synthetic,midjourney,train,34e3385aaeb234a8,crop08
1,wildfake_midjourney,full_synthetic,midjourney,train,17b588527cbd4dfd,clean
1,wildfake_midjourney,full_synthetic,midjourney,train,17b588527cbd4dfd,jpeg90
1,wildfake_midjourney,full_synthetic,midjourney,train,17b588527cbd4dfd,blur20
1,wildfake_midjourney,full_synthetic,midjourney,train,17b588527cbd4dfd,noise002
1,wildfake_midjourney,full_synthetic,midjourney,train,ed28b2d17e8c764d,clean
1,wildfake_midjourney,full_synthetic,midjourney,train,ed28b2d17e8c764d,blur05
1,wildfake_midjourney,full_synthetic,midjourney,train,ed28b2d17e8c764d,blur20
1,wildfake_midjourney,full_synthetic,midjourney,train,ed28b2d17e8c764d,noise002
1,wildfake_midjourney,full_synthetic,midjourney,train,051ae3fd3f3f9177,clean
1,wildfake_midjourney,full_synthetic,midjourney,train,051ae3fd3f3f9177,blur20
1,wildfake_midjourney,full_synthetic,midjourney,train,051ae3fd3f3f9177,noise01
1,wildfake_midjourney,full_synthetic,midjourney,train,051ae3fd3f3f9177,jitter02
1,wildfake_midjourney,full_synthetic,midjourney,train,0a901cae039d6cb2,clean
1,wildfake_midjourney,full_synthetic,midjourney,train,0a901cae039d6cb2,jpeg30
1,wildfake_midjourney,full_synthetic,midjourney,train,0a901cae039d6cb2,blur10
1,wildfake_midjourney,full_synthetic,midjourney,train,0a901cae039d6cb2,blur20
1,wildfake_midjourney,full_synthetic,midjourney,train,130a8ed7d25d718a,clean
1,wildfake_midjourney,full_synthetic,midjourney,train,130a8ed7d25d718a,blur05
1,wildfake_midjourney,full_synthetic,midjourney,train,130a8ed7d25d718a,resize05
1,wildfake_midjourney,full_synthetic,midjourney,train,130a8ed7d25d718a,crop08
1,wildfake_midjourney,full_synthetic,midjourney,train,e25ce8a35914da92,clean
1,wildfake_midjourney,full_synthetic,midjourney,train,e25ce8a35914da92,jpeg90
1,wildfake_midjourney,full_synthetic,midjourney,train,e25ce8a35914da92,resize025
1,wildfake_midjourney,full_synthetic,midjourney,train,e25ce8a35914da92,jitter02
1,wildfake_midjourney,full_synthetic,midjourney,train,3c8654b88ca5e65a,clean
1,wildfake_midjourney,full_synthetic,midjourney,train,3c8654b88ca5e65a,jpeg90
1,wildfake_midjourney,full_synthetic,midjourney,train,3c8654b88ca5e65a,blur05
1,wildfake_midjourney,full_synthetic,midjourney,train,3c8654b88ca5e65a,blur10
1,wildfake_midjourney,full_synthetic,midjourney,train,29fbd88859549bf8,clean
1,wildfake_midjourney,full_synthetic,midjourney,train,29fbd88859549bf8,jpeg70
1,wildfake_midjourney,full_synthetic,midjourney,train,29fbd88859549bf8,jpeg50
1,wildfake_midjourney,full_synthetic,midjourney,train,29fbd88859549bf8,blur05
1,wildfake_midjourney,full_synthetic,midjourney,train,b95e105eb633afb0,clean
1,wildfake_midjourney,full_synthetic,midjourney,train,b95e105eb633afb0,jpeg70
1,wildfake_midjourney,full_synthetic,midjourney,train,b95e105eb633afb0,resize05
1,wildfake_midjourney,full_synthetic,midjourney,train,b95e105eb633afb0,crop08
1,wildfake_midjourney,full_synthetic,midjourney,train,5898824fd46a9188,clean
1,wildfake_midjourney,full_synthetic,midjourney,train,5898824fd46a9188,jpeg50
1,wildfake_midjourney,full_synthetic,midjourney,train,5898824fd46a9188,resize05
1,wildfake_midjourney,full_synthetic,midjourney,train,5898824fd46a9188,noise002
1,wildfake_midjourney,full_synthetic,midjourney,train,f8bf7a930cf39094,clean
1,wildfake_midjourney,full_synthetic,midjourney,train,f8bf7a930cf39094,jpeg90
1,wildfake_midjourney,full_synthetic,midjourney,train,f8bf7a930cf39094,jpeg30
1,wildfake_midjourney,full_synthetic,midjourney,train,f8bf7a930cf39094,resize05
1,wildfake_midjourney,full_synthetic,midjourney,train,69c63fb7627f3ffe,clean
1,wildfake_midjourney,full_synthetic,midjourney,train,69c63fb7627f3ffe,jpeg90
1,wildfake_midjourney,full_synthetic,midjourney,train,69c63fb7627f3ffe,blur05
1,wildfake_midjourney,full_synthetic,midjourney,train,69c63fb7627f3ffe,crop08
1,wildfake_midjourney,full_synthetic,midjourney,train,31d0ecf97fb81d9b,clean
1,wildfake_midjourney,full_synthetic,midjourney,train,31d0ecf97fb81d9b,jpeg70
1,wildfake_midjourney,full_synthetic,midjourney,train,31d0ecf97fb81d9b,noise01
1,wildfake_midjourney,full_synthetic,midjourney,train,31d0ecf97fb81d9b,crop08
1,wildfake_midjourney,full_synthetic,midjourney,train,067f38be5bafc414,clean
1,wildfake_midjourney,full_synthetic,midjourney,train,067f38be5bafc414,jpeg30
1,wildfake_midjourney,full_synthetic,midjourney,train,067f38be5bafc414,resize025
1,wildfake_midjourney,full_synthetic,midjourney,train,067f38be5bafc414,noise005
1,wildfake_midjourney,full_synthetic,midjourney,train,eb7a41a16138dbee,clean
1,wildfake_midjourney,full_synthetic,midjourney,train,eb7a41a16138dbee,jpeg30
1,wildfake_midjourney,full_synthetic,midjourney,train,eb7a41a16138dbee,blur05
1,wildfake_midjourney,full_synthetic,midjourney,train,eb7a41a16138dbee,resize05
1,wildfake_midjourney,full_synthetic,midjourney,train,0b2f895d4377d5bd,clean
1,wildfake_midjourney,full_synthetic,midjourney,train,0b2f895d4377d5bd,jpeg70
1,wildfake_midjourney,full_synthetic,midjourney,train,0b2f895d4377d5bd,jpeg30
1,wildfake_midjourney,full_synthetic,midjourney,train,0b2f895d4377d5bd,noise01
1,wildfake_midjourney,full_synthetic,midjourney,train,509e78a5d9568eaf,clean
1,wildfake_midjourney,full_synthetic,midjourney,train,509e78a5d9568eaf,jpeg70
1,wildfake_midjourney,full_synthetic,midjourney,train,509e78a5d9568eaf,jpeg30
1,wildfake_midjourney,full_synthetic,midjourney,train,509e78a5d9568eaf,noise005
1,wildfake_midjourney,full_synthetic,midjourney,train,ebf7b8b1623df552,clean
1,wildfake_midjourney,full_synthetic,midjourney,train,ebf7b8b1623df552,jpeg90
1,wildfake_midjourney,full_synthetic,midjourney,train,ebf7b8b1623df552,resize05
1,wildfake_midjourney,full_synthetic,midjourney,train,ebf7b8b1623df552,resize025
1,wildfake_midjourney,full_synthetic,midjourney,train,71f3eebfdb877998,clean
1,wildfake_midjourney,full_synthetic,midjourney,train,71f3eebfdb877998,jpeg70
1,wildfake_midjourney,full_synthetic,midjourney,train,71f3eebfdb877998,blur05
1,wildfake_midjourney,full_synthetic,midjourney,train,71f3eebfdb877998,blur10
1,wildfake_midjourney,full_synthetic,midjourney,train,42085c54b57bc6f7,clean
1,wildfake_midjourney,full_synthetic,midjourney,train,42085c54b57bc6f7,jpeg70
1,wildfake_midjourney,full_synthetic,midjourney,train,42085c54b57bc6f7,resize05
1,wildfake_midjourney,full_synthetic,midjourney,train,42085c54b57bc6f7,noise002
1,wildfake_midjourney,full_synthetic,midjourney,train,96a1339c30979754,clean
1,wildfake_midjourney,full_synthetic,midjourney,train,96a1339c30979754,resize05
1,wildfake_midjourney,full_synthetic,midjourney,train,96a1339c30979754,resize025
1,wildfake_midjourney,full_synthetic,midjourney,train,96a1339c30979754,crop08
1,wildfake_midjourney,full_synthetic,midjourney,train,4d3d8524c17f53bf,clean
1,wildfake_midjourney,full_synthetic,midjourney,train,4d3d8524c17f53bf,jpeg90
1,wildfake_midjourney,full_synthetic,midjourney,train,4d3d8524c17f53bf,jpeg70
1,wildfake_midjourney,full_synthetic,midjourney,train,4d3d8524c17f53bf,jitter02
1,wildfake_midjourney,full_synthetic,midjourney,train,7fe23ee8e9beff75,clean
1,wildfake_midjourney,full_synthetic,midjourney,train,7fe23ee8e9beff75,blur20
1,wildfake_midjourney,full_synthetic,midjourney,train,7fe23ee8e9beff75,resize025
1,wildfake_midjourney,full_synthetic,midjourney,train,7fe23ee8e9beff75,noise01
1,wildfake_midjourney,full_synthetic,midjourney,train,0a92dc1ce70d0969,clean
1,wildfake_midjourney,full_synthetic,midjourney,train,0a92dc1ce70d0969,jpeg70
1,wildfake_midjourney,full_synthetic,midjourney,train,0a92dc1ce70d0969,resize05
1,wildfake_midjourney,full_synthetic,midjourney,train,0a92dc1ce70d0969,crop08
1,wildfake_midjourney,full_synthetic,midjourney,train,b69193e3d9152c49,clean
1,wildfake_midjourney,full_synthetic,midjourney,train,b69193e3d9152c49,jpeg90
1,wildfake_midjourney,full_synthetic,midjourney,train,b69193e3d9152c49,blur20
1,wildfake_midjourney,full_synthetic,midjourney,train,b69193e3d9152c49,noise005
1,wildfake_midjourney,full_synthetic,midjourney,train,eeddb6af6918c020,clean
1,wildfake_midjourney,full_synthetic,midjourney,train,eeddb6af6918c020,noise002
1,wildfake_midjourney,full_synthetic,midjourney,train,eeddb6af6918c020,noise01
1,wildfake_midjourney,full_synthetic,midjourney,train,eeddb6af6918c020,crop08
1,wildfake_midjourney,full_synthetic,midjourney,train,e78e5141b33d8292,clean
1,wildfake_midjourney,full_synthetic,midjourney,train,e78e5141b33d8292,jpeg90
1,wildfake_midjourney,full_synthetic,midjourney,train,e78e5141b33d8292,resize025
1,wildfake_midjourney,full_synthetic,midjourney,train,e78e5141b33d8292,jitter02
1,wildfake_midjourney,full_synthetic,midjourney,train,b00cbb33b1252da4,clean
1,wildfake_midjourney,full_synthetic,midjourney,train,b00cbb33b1252da4,blur20
1,wildfake_midjourney,full_synthetic,midjourney,train,b00cbb33b1252da4,resize025
1,wildfake_midjourney,full_synthetic,midjourney,train,b00cbb33b1252da4,jitter02
1,wildfake_midjourney,full_synthetic,midjourney,train,5ccecf628fbda484,clean
1,wildfake_midjourney,full_synthetic,midjourney,train,5ccecf628fbda484,jpeg70
1,wildfake_midjourney,full_synthetic,midjourney,train,5ccecf628fbda484,jpeg30
1,wildfake_midjourney,full_synthetic,midjourney,train,5ccecf628fbda484,jitter02
1,wildfake_midjourney,full_synthetic,midjourney,train,35eb13d85dd4eb69,clean
1,wildfake_midjourney,full_synthetic,midjourney,train,35eb13d85dd4eb69,jpeg90
1,wildfake_midjourney,full_synthetic,midjourney,train,35eb13d85dd4eb69,jpeg70
1,wildfake_midjourney,full_synthetic,midjourney,train,35eb13d85dd4eb69,jpeg30
1,wildfake_midjourney,full_synthetic,midjourney,train,879ca6a3cb10eee6,clean
1,wildfake_midjourney,full_synthetic,midjourney,train,879ca6a3cb10eee6,blur10
1,wildfake_midjourney,full_synthetic,midjourney,train,879ca6a3cb10eee6,noise002
1,wildfake_midjourney,full_synthetic,midjourney,train,879ca6a3cb10eee6,jitter02
1,wildfake_midjourney,full_synthetic,midjourney,train,e4a5a0b2ba8ffbe7,clean
1,wildfake_midjourney,full_synthetic,midjourney,train,e4a5a0b2ba8ffbe7,jpeg90
1,wildfake_midjourney,full_synthetic,midjourney,train,e4a5a0b2ba8ffbe7,jpeg70
1,wildfake_midjourney,full_synthetic,midjourney,train,e4a5a0b2ba8ffbe7,crop08
1,wildfake_midjourney,full_synthetic,midjourney,train,c6deb4c7382caa5a,clean
1,wildfake_midjourney,full_synthetic,midjourney,train,c6deb4c7382caa5a,jpeg90
1,wildfake_midjourney,full_synthetic,midjourney,train,c6deb4c7382caa5a,jpeg70
1,wildfake_midjourney,full_synthetic,midjourney,train,c6deb4c7382caa5a,noise002
1,wildfake_midjourney,full_synthetic,midjourney,train,7461952ac7e42593,clean
1,wildfake_midjourney,full_synthetic,midjourney,train,7461952ac7e42593,resize05
1,wildfake_midjourney,full_synthetic,midjourney,train,7461952ac7e42593,resize025
1,wildfake_midjourney,full_synthetic,midjourney,train,7461952ac7e42593,noise01
1,wildfake_midjourney,full_synthetic,midjourney,train,81601806f582cad0,clean
1,wildfake_midjourney,full_synthetic,midjourney,train,81601806f582cad0,jpeg90
1,wildfake_midjourney,full_synthetic,midjourney,train,81601806f582cad0,jpeg30
1,wildfake_midjourney,full_synthetic,midjourney,train,81601806f582cad0,blur10
1,wildfake_midjourney,full_synthetic,midjourney,train,6f7ccb8d55e62fcc,clean
1,wildfake_midjourney,full_synthetic,midjourney,train,6f7ccb8d55e62fcc,jpeg70
1,wildfake_midjourney,full_synthetic,midjourney,train,6f7ccb8d55e62fcc,jpeg50
1,wildfake_midjourney,full_synthetic,midjourney,train,6f7ccb8d55e62fcc,resize05
1,wildfake_midjourney,full_synthetic,midjourney,train,98d7c2930490772c,clean
1,wildfake_midjourney,full_synthetic,midjourney,train,98d7c2930490772c,jpeg70
1,wildfake_midjourney,full_synthetic,midjourney,train,98d7c2930490772c,jpeg30
1,wildfake_midjourney,full_synthetic,midjourney,train,98d7c2930490772c,resize025
1,wildfake_midjourney,full_synthetic,midjourney,train,6c0d72947779879e,clean
1,wildfake_midjourney,full_synthetic,midjourney,train,6c0d72947779879e,jpeg50
1,wildfake_midjourney,full_synthetic,midjourney,train,6c0d72947779879e,resize05
1,wildfake_midjourney,full_synthetic,midjourney,train,6c0d72947779879e,jitter02
1,wildfake_midjourney,full_synthetic,midjourney,train,bb0f3286c52876ab,clean
1,wildfake_midjourney,full_synthetic,midjourney,train,bb0f3286c52876ab,jpeg30
1,wildfake_midjourney,full_synthetic,midjourney,train,bb0f3286c52876ab,noise002
1,wildfake_midjourney,full_synthetic,midjourney,train,bb0f3286c52876ab,crop08
1,wildfake_midjourney,full_synthetic,midjourney,train,00639e2a2684a48c,clean
1,wildfake_midjourney,full_synthetic,midjourney,train,00639e2a2684a48c,blur10
1,wildfake_midjourney,full_synthetic,midjourney,train,00639e2a2684a48c,noise002
1,wildfake_midjourney,full_synthetic,midjourney,train,00639e2a2684a48c,crop08
1,wildfake_midjourney,full_synthetic,midjourney,train,e24a12b600fc9314,clean
1,wildfake_midjourney,full_synthetic,midjourney,train,e24a12b600fc9314,blur05
1,wildfake_midjourney,full_synthetic,midjourney,train,e24a12b600fc9314,jitter02
1,wildfake_midjourney,full_synthetic,midjourney,train,e24a12b600fc9314,crop08
1,wildfake_midjourney,full_synthetic,midjourney,train,37f622c3c1149cc6,clean
1,wildfake_midjourney,full_synthetic,midjourney,train,37f622c3c1149cc6,blur10
1,wildfake_midjourney,full_synthetic,midjourney,train,37f622c3c1149cc6,noise002
1,wildfake_midjourney,full_synthetic,midjourney,train,37f622c3c1149cc6,jitter02
1,wildfake_midjourney,full_synthetic,midjourney,train,adcc69a7ea9e7f3a,clean
1,wildfake_midjourney,full_synthetic,midjourney,train,adcc69a7ea9e7f3a,blur05
1,wildfake_midjourney,full_synthetic,midjourney,train,adcc69a7ea9e7f3a,blur10
1,wildfake_midjourney,full_synthetic,midjourney,train,adcc69a7ea9e7f3a,resize025
1,wildfake_midjourney,full_synthetic,midjourney,train,7a7f560647511797,clean
1,wildfake_midjourney,full_synthetic,midjourney,train,7a7f560647511797,jpeg70
1,wildfake_midjourney,full_synthetic,midjourney,train,7a7f560647511797,blur05
1,wildfake_midjourney,full_synthetic,midjourney,train,7a7f560647511797,noise005
1,wildfake_midjourney,full_synthetic,midjourney,train,88401d21dd479162,clean
1,wildfake_midjourney,full_synthetic,midjourney,train,88401d21dd479162,jpeg90
1,wildfake_midjourney,full_synthetic,midjourney,train,88401d21dd479162,noise01
1,wildfake_midjourney,full_synthetic,midjourney,train,88401d21dd479162,jitter02
1,wildfake_midjourney,full_synthetic,midjourney,train,ddbb032cf5abb3ed,clean
1,wildfake_midjourney,full_synthetic,midjourney,train,ddbb032cf5abb3ed,jpeg90
1,wildfake_midjourney,full_synthetic,midjourney,train,ddbb032cf5abb3ed,noise01
1,wildfake_midjourney,full_synthetic,midjourney,train,ddbb032cf5abb3ed,jitter02
1,wildfake_midjourney,full_synthetic,midjourney,train,59ed258ac5924439,clean
1,wildfake_midjourney,full_synthetic,midjourney,train,59ed258ac5924439,blur10
1,wildfake_midjourney,full_synthetic,midjourney,train,59ed258ac5924439,noise01
1,wildfake_midjourney,full_synthetic,midjourney,train,59ed258ac5924439,crop08
1,wildfake_midjourney,full_synthetic,midjourney,train,3ed40dcec5b7c048,clean
1,wildfake_midjourney,full_synthetic,midjourney,train,3ed40dcec5b7c048,resize05
1,wildfake_midjourney,full_synthetic,midjourney,train,3ed40dcec5b7c048,noise005
1,wildfake_midjourney,full_synthetic,midjourney,train,3ed40dcec5b7c048,crop08
1,wildfake_midjourney,full_synthetic,midjourney,train,e1435b88b2ac78dc,clean
1,wildfake_midjourney,full_synthetic,midjourney,train,e1435b88b2ac78dc,blur10
1,wildfake_midjourney,full_synthetic,midjourney,train,e1435b88b2ac78dc,resize025
1,wildfake_midjourney,full_synthetic,midjourney,train,e1435b88b2ac78dc,noise005
1,wildfake_midjourney,full_synthetic,midjourney,train,d987d11a7708b0c5,clean
1,wildfake_midjourney,full_synthetic,midjourney,train,d987d11a7708b0c5,blur20
1,wildfake_midjourney,full_synthetic,midjourney,train,d987d11a7708b0c5,resize05
1,wildfake_midjourney,full_synthetic,midjourney,train,d987d11a7708b0c5,crop08
1,wildfake_midjourney,full_synthetic,midjourney,train,0f9e4218c33fae97,clean
1,wildfake_midjourney,full_synthetic,midjourney,train,0f9e4218c33fae97,jpeg30
1,wildfake_midjourney,full_synthetic,midjourney,train,0f9e4218c33fae97,blur20
1,wildfake_midjourney,full_synthetic,midjourney,train,0f9e4218c33fae97,resize025
1,wildfake_midjourney,full_synthetic,midjourney,train,f9a297d88f956e1e,clean
1,wildfake_midjourney,full_synthetic,midjourney,train,f9a297d88f956e1e,jpeg90
1,wildfake_midjourney,full_synthetic,midjourney,train,f9a297d88f956e1e,blur10
1,wildfake_midjourney,full_synthetic,midjourney,train,f9a297d88f956e1e,crop08
1,wildfake_midjourney,full_synthetic,midjourney,train,e72c79ff44c0af51,clean
1,wildfake_midjourney,full_synthetic,midjourney,train,e72c79ff44c0af51,jpeg90
1,wildfake_midjourney,full_synthetic,midjourney,train,e72c79ff44c0af51,blur20
1,wildfake_midjourney,full_synthetic,midjourney,train,e72c79ff44c0af51,noise005
1,wildfake_midjourney,full_synthetic,midjourney,train,a0f2399c3bdc12cd,clean
1,wildfake_midjourney,full_synthetic,midjourney,train,a0f2399c3bdc12cd,jpeg90
1,wildfake_midjourney,full_synthetic,midjourney,train,a0f2399c3bdc12cd,jpeg70
1,wildfake_midjourney,full_synthetic,midjourney,train,a0f2399c3bdc12cd,noise005
1,wildfake_midjourney,full_synthetic,midjourney,train,da0fea2dd19c95cc,clean
1,wildfake_midjourney,full_synthetic,midjourney,train,da0fea2dd19c95cc,jpeg90
1,wildfake_midjourney,full_synthetic,midjourney,train,da0fea2dd19c95cc,blur10
1,wildfake_midjourney,full_synthetic,midjourney,train,da0fea2dd19c95cc,crop08
1,wildfake_midjourney,full_synthetic,midjourney,train,964e8f6308938f9d,clean
1,wildfake_midjourney,full_synthetic,midjourney,train,964e8f6308938f9d,jpeg50
1,wildfake_midjourney,full_synthetic,midjourney,train,964e8f6308938f9d,blur05
1,wildfake_midjourney,full_synthetic,midjourney,train,964e8f6308938f9d,noise005
1,wildfake_midjourney,full_synthetic,midjourney,train,726d51a700dcb3d2,clean
1,wildfake_midjourney,full_synthetic,midjourney,train,726d51a700dcb3d2,blur20
1,wildfake_midjourney,full_synthetic,midjourney,train,726d51a700dcb3d2,resize025
1,wildfake_midjourney,full_synthetic,midjourney,train,726d51a700dcb3d2,noise005
1,wildfake_midjourney,full_synthetic,midjourney,train,a1d2bcf812e016ae,clean
1,wildfake_midjourney,full_synthetic,midjourney,train,a1d2bcf812e016ae,jpeg90
1,wildfake_midjourney,full_synthetic,midjourney,train,a1d2bcf812e016ae,jpeg70
1,wildfake_midjourney,full_synthetic,midjourney,train,a1d2bcf812e016ae,resize05
1,wildfake_midjourney,full_synthetic,midjourney,train,fb2c7431612533bd,clean
1,wildfake_midjourney,full_synthetic,midjourney,train,fb2c7431612533bd,jpeg30
1,wildfake_midjourney,full_synthetic,midjourney,train,fb2c7431612533bd,blur05
1,wildfake_midjourney,full_synthetic,midjourney,train,fb2c7431612533bd,crop08
1,wildfake_midjourney,full_synthetic,midjourney,train,9b19d96fc68e2f47,clean
1,wildfake_midjourney,full_synthetic,midjourney,train,9b19d96fc68e2f47,jpeg50
1,wildfake_midjourney,full_synthetic,midjourney,train,9b19d96fc68e2f47,jpeg30
1,wildfake_midjourney,full_synthetic,midjourney,train,9b19d96fc68e2f47,jitter02
1,wildfake_midjourney,full_synthetic,midjourney,train,dcf12df2e57399dd,clean
1,wildfake_midjourney,full_synthetic,midjourney,train,dcf12df2e57399dd,resize025
1,wildfake_midjourney,full_synthetic,midjourney,train,dcf12df2e57399dd,jitter02
1,wildfake_midjourney,full_synthetic,midjourney,train,dcf12df2e57399dd,crop08
1,wildfake_midjourney,full_synthetic,midjourney,train,5931034f43adb441,clean
1,wildfake_midjourney,full_synthetic,midjourney,train,5931034f43adb441,jpeg50
1,wildfake_midjourney,full_synthetic,midjourney,train,5931034f43adb441,resize025
1,wildfake_midjourney,full_synthetic,midjourney,train,5931034f43adb441,noise01
1,wildfake_midjourney,full_synthetic,midjourney,train,c8e74a41ea740530,clean
1,wildfake_midjourney,full_synthetic,midjourney,train,c8e74a41ea740530,jpeg30
1,wildfake_midjourney,full_synthetic,midjourney,train,c8e74a41ea740530,resize025
1,wildfake_midjourney,full_synthetic,midjourney,train,c8e74a41ea740530,jitter02
1,wildfake_midjourney,full_synthetic,midjourney,train,e7032377a909d394,clean
1,wildfake_midjourney,full_synthetic,midjourney,train,e7032377a909d394,jpeg30
1,wildfake_midjourney,full_synthetic,midjourney,train,e7032377a909d394,noise002
1,wildfake_midjourney,full_synthetic,midjourney,train,e7032377a909d394,noise005
1,wildfake_midjourney,full_synthetic,midjourney,train,78008f93fa6ded8b,clean
1,wildfake_midjourney,full_synthetic,midjourney,train,78008f93fa6ded8b,jpeg90
1,wildfake_midjourney,full_synthetic,midjourney,train,78008f93fa6ded8b,jpeg50
1,wildfake_midjourney,full_synthetic,midjourney,train,78008f93fa6ded8b,resize025
1,wildfake_midjourney,full_synthetic,midjourney,train,a2615606841418bc,clean
1,wildfake_midjourney,full_synthetic,midjourney,train,a2615606841418bc,jpeg90
1,wildfake_midjourney,full_synthetic,midjourney,train,a2615606841418bc,jpeg30
1,wildfake_midjourney,full_synthetic,midjourney,train,a2615606841418bc,crop08
1,wildfake_midjourney,full_synthetic,midjourney,train,d48076a559776e0e,clean
1,wildfake_midjourney,full_synthetic,midjourney,train,d48076a559776e0e,jpeg90
1,wildfake_midjourney,full_synthetic,midjourney,train,d48076a559776e0e,blur10
1,wildfake_midjourney,full_synthetic,midjourney,train,d48076a559776e0e,crop08
1,wildfake_midjourney,full_synthetic,midjourney,train,7a8d835c39325d6d,clean
1,wildfake_midjourney,full_synthetic,midjourney,train,7a8d835c39325d6d,jpeg50
1,wildfake_midjourney,full_synthetic,midjourney,train,7a8d835c39325d6d,blur05
1,wildfake_midjourney,full_synthetic,midjourney,train,7a8d835c39325d6d,noise005
1,wildfake_midjourney,full_synthetic,midjourney,train,e9595f7799e6c602,clean
1,wildfake_midjourney,full_synthetic,midjourney,train,e9595f7799e6c602,resize025
1,wildfake_midjourney,full_synthetic,midjourney,train,e9595f7799e6c602,noise005
1,wildfake_midjourney,full_synthetic,midjourney,train,e9595f7799e6c602,noise01
1,wildfake_midjourney,full_synthetic,midjourney,train,d711986d3923e678,clean
1,wildfake_midjourney,full_synthetic,midjourney,train,d711986d3923e678,jpeg50
1,wildfake_midjourney,full_synthetic,midjourney,train,d711986d3923e678,jpeg30
1,wildfake_midjourney,full_synthetic,midjourney,train,d711986d3923e678,noise01
1,wildfake_midjourney,full_synthetic,midjourney,train,a8012dde3d6e8023,clean
1,wildfake_midjourney,full_synthetic,midjourney,train,a8012dde3d6e8023,blur10
1,wildfake_midjourney,full_synthetic,midjourney,train,a8012dde3d6e8023,noise01
1,wildfake_midjourney,full_synthetic,midjourney,train,a8012dde3d6e8023,jitter02
1,wildfake_midjourney,full_synthetic,midjourney,train,41cb952618ddc1ec,clean
1,wildfake_midjourney,full_synthetic,midjourney,train,41cb952618ddc1ec,jpeg90
1,wildfake_midjourney,full_synthetic,midjourney,train,41cb952618ddc1ec,jpeg30
1,wildfake_midjourney,full_synthetic,midjourney,train,41cb952618ddc1ec,jitter02
1,wildfake_midjourney,full_synthetic,midjourney,train,f8a84f8185f10986,clean
1,wildfake_midjourney,full_synthetic,midjourney,train,f8a84f8185f10986,resize025
1,wildfake_midjourney,full_synthetic,midjourney,train,f8a84f8185f10986,noise005
1,wildfake_midjourney,full_synthetic,midjourney,train,f8a84f8185f10986,noise01
1,wildfake_midjourney,full_synthetic,midjourney,train,6db7ceaf4b36a140,clean
1,wildfake_midjourney,full_synthetic,midjourney,train,6db7ceaf4b36a140,blur05
1,wildfake_midjourney,full_synthetic,midjourney,train,6db7ceaf4b36a140,resize05
1,wildfake_midjourney,full_synthetic,midjourney,train,6db7ceaf4b36a140,noise002
1,wildfake_midjourney,full_synthetic,midjourney,train,a6fad86062dd4b22,clean
1,wildfake_midjourney,full_synthetic,midjourney,train,a6fad86062dd4b22,blur05
1,wildfake_midjourney,full_synthetic,midjourney,train,a6fad86062dd4b22,blur20
1,wildfake_midjourney,full_synthetic,midjourney,train,a6fad86062dd4b22,crop08
1,wildfake_midjourney,full_synthetic,midjourney,train,e89b452ee9d3d4cf,clean
1,wildfake_midjourney,full_synthetic,midjourney,train,e89b452ee9d3d4cf,jpeg70
1,wildfake_midjourney,full_synthetic,midjourney,train,e89b452ee9d3d4cf,jpeg50
1,wildfake_midjourney,full_synthetic,midjourney,train,e89b452ee9d3d4cf,noise005
1,wildfake_midjourney,full_synthetic,midjourney,train,d964ae9e240145be,clean
1,wildfake_midjourney,full_synthetic,midjourney,train,d964ae9e240145be,jpeg70
1,wildfake_midjourney,full_synthetic,midjourney,train,d964ae9e240145be,noise002
1,wildfake_midjourney,full_synthetic,midjourney,train,d964ae9e240145be,jitter02
1,wildfake_midjourney,full_synthetic,midjourney,train,ea19c700f3b8632a,clean
1,wildfake_midjourney,full_synthetic,midjourney,train,ea19c700f3b8632a,jpeg90
1,wildfake_midjourney,full_synthetic,midjourney,train,ea19c700f3b8632a,blur05
1,wildfake_midjourney,full_synthetic,midjourney,train,ea19c700f3b8632a,noise01
1,wildfake_midjourney,full_synthetic,midjourney,train,af0ca7f303bf88c1,clean
1,wildfake_midjourney,full_synthetic,midjourney,train,af0ca7f303bf88c1,jpeg70
1,wildfake_midjourney,full_synthetic,midjourney,train,af0ca7f303bf88c1,jitter02
1,wildfake_midjourney,full_synthetic,midjourney,train,af0ca7f303bf88c1,crop08
1,wildfake_midjourney,full_synthetic,midjourney,train,b6e1e76a3e3a6783,clean
1,wildfake_midjourney,full_synthetic,midjourney,train,b6e1e76a3e3a6783,blur05
1,wildfake_midjourney,full_synthetic,midjourney,train,b6e1e76a3e3a6783,noise005
1,wildfake_midjourney,full_synthetic,midjourney,train,b6e1e76a3e3a6783,noise01
1,wildfake_midjourney,full_synthetic,midjourney,train,84aefc7429fc46f0,clean
1,wildfake_midjourney,full_synthetic,midjourney,train,84aefc7429fc46f0,blur20
1,wildfake_midjourney,full_synthetic,midjourney,train,84aefc7429fc46f0,resize05
1,wildfake_midjourney,full_synthetic,midjourney,train,84aefc7429fc46f0,noise002
1,wildfake_midjourney,full_synthetic,midjourney,train,03511da11fe10a37,clean
1,wildfake_midjourney,full_synthetic,midjourney,train,03511da11fe10a37,jpeg30
1,wildfake_midjourney,full_synthetic,midjourney,train,03511da11fe10a37,blur05
1,wildfake_midjourney,full_synthetic,midjourney,train,03511da11fe10a37,blur20
1,wildfake_midjourney,full_synthetic,midjourney,train,f2081f9dc151810d,clean
1,wildfake_midjourney,full_synthetic,midjourney,train,f2081f9dc151810d,jpeg70
1,wildfake_midjourney,full_synthetic,midjourney,train,f2081f9dc151810d,noise01
1,wildfake_midjourney,full_synthetic,midjourney,train,f2081f9dc151810d,jitter02
1,wildfake_midjourney,full_synthetic,midjourney,train,7eab79bfa5075db6,clean
1,wildfake_midjourney,full_synthetic,midjourney,train,7eab79bfa5075db6,noise002
1,wildfake_midjourney,full_synthetic,midjourney,train,7eab79bfa5075db6,noise005
1,wildfake_midjourney,full_synthetic,midjourney,train,7eab79bfa5075db6,noise01
1,wildfake_midjourney,full_synthetic,midjourney,train,c77565f57f9f5fa3,clean
1,wildfake_midjourney,full_synthetic,midjourney,train,c77565f57f9f5fa3,jpeg70
1,wildfake_midjourney,full_synthetic,midjourney,train,c77565f57f9f5fa3,jpeg50
1,wildfake_midjourney,full_synthetic,midjourney,train,c77565f57f9f5fa3,noise005
1,wildfake_midjourney,full_synthetic,midjourney,train,245af069edad48b9,clean
1,wildfake_midjourney,full_synthetic,midjourney,train,245af069edad48b9,blur10
1,wildfake_midjourney,full_synthetic,midjourney,train,245af069edad48b9,resize025
1,wildfake_midjourney,full_synthetic,midjourney,train,245af069edad48b9,noise002
1,wildfake_midjourney,full_synthetic,midjourney,train,547c5868efc0c417,clean
1,wildfake_midjourney,full_synthetic,midjourney,train,547c5868efc0c417,jpeg70
1,wildfake_midjourney,full_synthetic,midjourney,train,547c5868efc0c417,blur05
1,wildfake_midjourney,full_synthetic,midjourney,train,547c5868efc0c417,noise002
1,wildfake_midjourney,full_synthetic,midjourney,train,18ed8cb4e45e5111,clean
1,wildfake_midjourney,full_synthetic,midjourney,train,18ed8cb4e45e5111,blur10
1,wildfake_midjourney,full_synthetic,midjourney,train,18ed8cb4e45e5111,blur20
1,wildfake_midjourney,full_synthetic,midjourney,train,18ed8cb4e45e5111,noise002
1,wildfake_midjourney,full_synthetic,midjourney,train,d991c5093abdb5f9,clean
1,wildfake_midjourney,full_synthetic,midjourney,train,d991c5093abdb5f9,blur20
1,wildfake_midjourney,full_synthetic,midjourney,train,d991c5093abdb5f9,noise01
1,wildfake_midjourney,full_synthetic,midjourney,train,d991c5093abdb5f9,crop08
1,wildfake_midjourney,full_synthetic,midjourney,train,42ec733fafd87726,clean
1,wildfake_midjourney,full_synthetic,midjourney,train,42ec733fafd87726,blur20
1,wildfake_midjourney,full_synthetic,midjourney,train,42ec733fafd87726,resize025
1,wildfake_midjourney,full_synthetic,midjourney,train,42ec733fafd87726,crop08
1,wildfake_midjourney,full_synthetic,midjourney,train,e6b6000d3ae2c5b9,clean
1,wildfake_midjourney,full_synthetic,midjourney,train,e6b6000d3ae2c5b9,jpeg70
1,wildfake_midjourney,full_synthetic,midjourney,train,e6b6000d3ae2c5b9,jpeg30
1,wildfake_midjourney,full_synthetic,midjourney,train,e6b6000d3ae2c5b9,blur10
1,wildfake_midjourney,full_synthetic,midjourney,train,098a0dbe14ceb550,clean
1,wildfake_midjourney,full_synthetic,midjourney,train,098a0dbe14ceb550,blur10
1,wildfake_midjourney,full_synthetic,midjourney,train,098a0dbe14ceb550,resize025
1,wildfake_midjourney,full_synthetic,midjourney,train,098a0dbe14ceb550,jitter02
1,wildfake_midjourney,full_synthetic,midjourney,train,8790dd07bc733960,clean
1,wildfake_midjourney,full_synthetic,midjourney,train,8790dd07bc733960,blur05
1,wildfake_midjourney,full_synthetic,midjourney,train,8790dd07bc733960,blur10
1,wildfake_midjourney,full_synthetic,midjourney,train,8790dd07bc733960,resize05
1,wildfake_midjourney,full_synthetic,midjourney,train,5a6c05e4dcb19b82,clean
1,wildfake_midjourney,full_synthetic,midjourney,train,5a6c05e4dcb19b82,jpeg90
1,wildfake_midjourney,full_synthetic,midjourney,train,5a6c05e4dcb19b82,blur05
1,wildfake_midjourney,full_synthetic,midjourney,train,5a6c05e4dcb19b82,noise002
1,wildfake_midjourney,full_synthetic,midjourney,train,1427fa6411783421,clean
1,wildfake_midjourney,full_synthetic,midjourney,train,1427fa6411783421,jpeg90
1,wildfake_midjourney,full_synthetic,midjourney,train,1427fa6411783421,jpeg50
1,wildfake_midjourney,full_synthetic,midjourney,train,1427fa6411783421,jitter02
1,wildfake_midjourney,full_synthetic,midjourney,train,a1ba6954b1d2192b,clean
1,wildfake_midjourney,full_synthetic,midjourney,train,a1ba6954b1d2192b,jpeg50
1,wildfake_midjourney,full_synthetic,midjourney,train,a1ba6954b1d2192b,blur20
1,wildfake_midjourney,full_synthetic,midjourney,train,a1ba6954b1d2192b,noise002
1,wildfake_midjourney,full_synthetic,midjourney,train,5d7903ffe8b438bc,clean
1,wildfake_midjourney,full_synthetic,midjourney,train,5d7903ffe8b438bc,jpeg90
1,wildfake_midjourney,full_synthetic,midjourney,train,5d7903ffe8b438bc,jpeg70
1,wildfake_midjourney,full_synthetic,midjourney,train,5d7903ffe8b438bc,noise002
1,wildfake_midjourney,full_synthetic,midjourney,train,75e01856319b8f02,clean
1,wildfake_midjourney,full_synthetic,midjourney,train,75e01856319b8f02,resize025
1,wildfake_midjourney,full_synthetic,midjourney,train,75e01856319b8f02,noise01
1,wildfake_midjourney,full_synthetic,midjourney,train,75e01856319b8f02,jitter02
1,wildfake_midjourney,full_synthetic,midjourney,train,ffd2a7d3671ae9fb,clean
1,wildfake_midjourney,full_synthetic,midjourney,train,ffd2a7d3671ae9fb,jpeg30
1,wildfake_midjourney,full_synthetic,midjourney,train,ffd2a7d3671ae9fb,blur05
1,wildfake_midjourney,full_synthetic,midjourney,train,ffd2a7d3671ae9fb,noise01
1,wildfake_midjourney,full_synthetic,midjourney,train,001d356715862129,clean
1,wildfake_midjourney,full_synthetic,midjourney,train,001d356715862129,jpeg30
1,wildfake_midjourney,full_synthetic,midjourney,train,001d356715862129,resize05
1,wildfake_midjourney,full_synthetic,midjourney,train,001d356715862129,resize025
1,wildfake_midjourney,full_synthetic,midjourney,train,7f4f140ca442cdfa,clean
1,wildfake_midjourney,full_synthetic,midjourney,train,7f4f140ca442cdfa,jpeg70
1,wildfake_midjourney,full_synthetic,midjourney,train,7f4f140ca442cdfa,blur05
1,wildfake_midjourney,full_synthetic,midjourney,train,7f4f140ca442cdfa,resize025
1,wildfake_midjourney,full_synthetic,midjourney,train,51c5c71267528fbd,clean
1,wildfake_midjourney,full_synthetic,midjourney,train,51c5c71267528fbd,jpeg50
1,wildfake_midjourney,full_synthetic,midjourney,train,51c5c71267528fbd,blur05
1,wildfake_midjourney,full_synthetic,midjourney,train,51c5c71267528fbd,jitter02
1,wildfake_midjourney,full_synthetic,midjourney,train,2847c7bc0e18880f,clean
1,wildfake_midjourney,full_synthetic,midjourney,train,2847c7bc0e18880f,jpeg50
1,wildfake_midjourney,full_synthetic,midjourney,train,2847c7bc0e18880f,noise01
1,wildfake_midjourney,full_synthetic,midjourney,train,2847c7bc0e18880f,crop08
1,wildfake_midjourney,full_synthetic,midjourney,train,25900e072e764c15,clean
1,wildfake_midjourney,full_synthetic,midjourney,train,25900e072e764c15,jpeg90
1,wildfake_midjourney,full_synthetic,midjourney,train,25900e072e764c15,jitter02
1,wildfake_midjourney,full_synthetic,midjourney,train,25900e072e764c15,crop08
1,wildfake_midjourney,full_synthetic,midjourney,train,489876135dcde0bb,clean
1,wildfake_midjourney,full_synthetic,midjourney,train,489876135dcde0bb,jpeg90
1,wildfake_midjourney,full_synthetic,midjourney,train,489876135dcde0bb,jpeg70
1,wildfake_midjourney,full_synthetic,midjourney,train,489876135dcde0bb,resize05
1,wildfake_midjourney,full_synthetic,midjourney,train,780ed33c3562c5cb,clean
1,wildfake_midjourney,full_synthetic,midjourney,train,780ed33c3562c5cb,blur10
1,wildfake_midjourney,full_synthetic,midjourney,train,780ed33c3562c5cb,resize025
1,wildfake_midjourney,full_synthetic,midjourney,train,780ed33c3562c5cb,noise002
1,wildfake_midjourney,full_synthetic,midjourney,train,032cb884e99f89b2,clean
1,wildfake_midjourney,full_synthetic,midjourney,train,032cb884e99f89b2,jpeg50
1,wildfake_midjourney,full_synthetic,midjourney,train,032cb884e99f89b2,blur05
1,wildfake_midjourney,full_synthetic,midjourney,train,032cb884e99f89b2,blur10
1,wildfake_midjourney,full_synthetic,midjourney,train,9e8170196c306615,clean
1,wildfake_midjourney,full_synthetic,midjourney,train,9e8170196c306615,blur10
1,wildfake_midjourney,full_synthetic,midjourney,train,9e8170196c306615,noise01
1,wildfake_midjourney,full_synthetic,midjourney,train,9e8170196c306615,jitter02
1,wildfake_midjourney,full_synthetic,midjourney,train,b2c1e2e4f1ddab61,clean
1,wildfake_midjourney,full_synthetic,midjourney,train,b2c1e2e4f1ddab61,jpeg30
1,wildfake_midjourney,full_synthetic,midjourney,train,b2c1e2e4f1ddab61,blur10
1,wildfake_midjourney,full_synthetic,midjourney,train,b2c1e2e4f1ddab61,noise002
1,wildfake_midjourney,full_synthetic,midjourney,train,4a3c20e13f3bb1fb,clean
1,wildfake_midjourney,full_synthetic,midjourney,train,4a3c20e13f3bb1fb,jpeg90
1,wildfake_midjourney,full_synthetic,midjourney,train,4a3c20e13f3bb1fb,blur10
1,wildfake_midjourney,full_synthetic,midjourney,train,4a3c20e13f3bb1fb,jitter02
1,wildfake_midjourney,full_synthetic,midjourney,train,809858cb94aaeb01,clean
1,wildfake_midjourney,full_synthetic,midjourney,train,809858cb94aaeb01,jpeg90
1,wildfake_midjourney,full_synthetic,midjourney,train,809858cb94aaeb01,jpeg70
1,wildfake_midjourney,full_synthetic,midjourney,train,809858cb94aaeb01,crop08
1,wildfake_midjourney,full_synthetic,midjourney,train,5b6cb4740d459056,clean
1,wildfake_midjourney,full_synthetic,midjourney,train,5b6cb4740d459056,jpeg90
1,wildfake_midjourney,full_synthetic,midjourney,train,5b6cb4740d459056,jpeg50
1,wildfake_midjourney,full_synthetic,midjourney,train,5b6cb4740d459056,noise01
1,wildfake_midjourney,full_synthetic,midjourney,train,5980280bd8f24157,clean
1,wildfake_midjourney,full_synthetic,midjourney,train,5980280bd8f24157,jpeg50
1,wildfake_midjourney,full_synthetic,midjourney,train,5980280bd8f24157,resize025
1,wildfake_midjourney,full_synthetic,midjourney,train,5980280bd8f24157,jitter02
1,wildfake_midjourney,full_synthetic,midjourney,train,a17a5eb0ea377f72,clean
1,wildfake_midjourney,full_synthetic,midjourney,train,a17a5eb0ea377f72,jpeg30
1,wildfake_midjourney,full_synthetic,midjourney,train,a17a5eb0ea377f72,noise005
1,wildfake_midjourney,full_synthetic,midjourney,train,a17a5eb0ea377f72,crop08
1,wildfake_midjourney,full_synthetic,midjourney,train,68e7df11a552f85b,clean
1,wildfake_midjourney,full_synthetic,midjourney,train,68e7df11a552f85b,jpeg90
1,wildfake_midjourney,full_synthetic,midjourney,train,68e7df11a552f85b,blur20
1,wildfake_midjourney,full_synthetic,midjourney,train,68e7df11a552f85b,resize05
1,wildfake_midjourney,full_synthetic,midjourney,train,d611c212c6546826,clean
1,wildfake_midjourney,full_synthetic,midjourney,train,d611c212c6546826,resize05
1,wildfake_midjourney,full_synthetic,midjourney,train,d611c212c6546826,resize025
1,wildfake_midjourney,full_synthetic,midjourney,train,d611c212c6546826,crop08
1,wildfake_midjourney,full_synthetic,midjourney,train,75858a5c19acaf7d,clean
1,wildfake_midjourney,full_synthetic,midjourney,train,75858a5c19acaf7d,blur10
1,wildfake_midjourney,full_synthetic,midjourney,train,75858a5c19acaf7d,resize025
1,wildfake_midjourney,full_synthetic,midjourney,train,75858a5c19acaf7d,noise01
1,wildfake_midjourney,full_synthetic,midjourney,train,877bdb9566e249f1,clean
1,wildfake_midjourney,full_synthetic,midjourney,train,877bdb9566e249f1,jpeg70
1,wildfake_midjourney,full_synthetic,midjourney,train,877bdb9566e249f1,resize025
1,wildfake_midjourney,full_synthetic,midjourney,train,877bdb9566e249f1,noise002
1,wildfake_midjourney,full_synthetic,midjourney,train,ed23ba5c6d5c6c81,clean
1,wildfake_midjourney,full_synthetic,midjourney,train,ed23ba5c6d5c6c81,jpeg30
1,wildfake_midjourney,full_synthetic,midjourney,train,ed23ba5c6d5c6c81,blur10
1,wildfake_midjourney,full_synthetic,midjourney,train,ed23ba5c6d5c6c81,noise005
1,wildfake_midjourney,full_synthetic,midjourney,train,c2791412df9ae6f0,clean
1,wildfake_midjourney,full_synthetic,midjourney,train,c2791412df9ae6f0,jpeg50
1,wildfake_midjourney,full_synthetic,midjourney,train,c2791412df9ae6f0,blur20
1,wildfake_midjourney,full_synthetic,midjourney,train,c2791412df9ae6f0,resize05
1,wildfake_midjourney,full_synthetic,midjourney,train,d47012b4bdf79c18,clean
1,wildfake_midjourney,full_synthetic,midjourney,train,d47012b4bdf79c18,jpeg30
1,wildfake_midjourney,full_synthetic,midjourney,train,d47012b4bdf79c18,blur20
1,wildfake_midjourney,full_synthetic,midjourney,train,d47012b4bdf79c18,crop08
1,wildfake_midjourney,full_synthetic,midjourney,train,be47174cf5f9679a,clean
1,wildfake_midjourney,full_synthetic,midjourney,train,be47174cf5f9679a,jpeg90
1,wildfake_midjourney,full_synthetic,midjourney,train,be47174cf5f9679a,resize025
1,wildfake_midjourney,full_synthetic,midjourney,train,be47174cf5f9679a,noise01
1,wildfake_midjourney,full_synthetic,midjourney,train,74f4d1baa86d084f,clean
1,wildfake_midjourney,full_synthetic,midjourney,train,74f4d1baa86d084f,jpeg30
1,wildfake_midjourney,full_synthetic,midjourney,train,74f4d1baa86d084f,noise002
1,wildfake_midjourney,full_synthetic,midjourney,train,74f4d1baa86d084f,noise005
1,wildfake_midjourney,full_synthetic,midjourney,train,f0a70a58d8745e96,clean
1,wildfake_midjourney,full_synthetic,midjourney,train,f0a70a58d8745e96,jpeg30
1,wildfake_midjourney,full_synthetic,midjourney,train,f0a70a58d8745e96,blur10
1,wildfake_midjourney,full_synthetic,midjourney,train,f0a70a58d8745e96,resize05
1,wildfake_midjourney,full_synthetic,midjourney,train,1e45486d6724e97f,clean
1,wildfake_midjourney,full_synthetic,midjourney,train,1e45486d6724e97f,jpeg50
1,wildfake_midjourney,full_synthetic,midjourney,train,1e45486d6724e97f,noise002
1,wildfake_midjourney,full_synthetic,midjourney,train,1e45486d6724e97f,noise005
1,wildfake_midjourney,full_synthetic,midjourney,train,7d120fd98aa13370,clean
1,wildfake_midjourney,full_synthetic,midjourney,train,7d120fd98aa13370,jpeg30
1,wildfake_midjourney,full_synthetic,midjourney,train,7d120fd98aa13370,resize05
1,wildfake_midjourney,full_synthetic,midjourney,train,7d120fd98aa13370,crop08
1,wildfake_midjourney,full_synthetic,midjourney,train,08a8f7bd8bb75343,clean
1,wildfake_midjourney,full_synthetic,midjourney,train,08a8f7bd8bb75343,jpeg90
1,wildfake_midjourney,full_synthetic,midjourney,train,08a8f7bd8bb75343,blur10
1,wildfake_midjourney,full_synthetic,midjourney,train,08a8f7bd8bb75343,noise005
1,wildfake_midjourney,full_synthetic,midjourney,train,6dc2d86d7c54d26f,clean
1,wildfake_midjourney,full_synthetic,midjourney,train,6dc2d86d7c54d26f,jpeg70
1,wildfake_midjourney,full_synthetic,midjourney,train,6dc2d86d7c54d26f,resize05
1,wildfake_midjourney,full_synthetic,midjourney,train,6dc2d86d7c54d26f,noise005
1,wildfake_midjourney,full_synthetic,midjourney,train,49dfb5adc2439e7f,clean
1,wildfake_midjourney,full_synthetic,midjourney,train,49dfb5adc2439e7f,blur05
1,wildfake_midjourney,full_synthetic,midjourney,train,49dfb5adc2439e7f,resize05
1,wildfake_midjourney,full_synthetic,midjourney,train,49dfb5adc2439e7f,jitter02
1,wildfake_midjourney,full_synthetic,midjourney,train,c9063f374deaf0f6,clean
1,wildfake_midjourney,full_synthetic,midjourney,train,c9063f374deaf0f6,jpeg30
1,wildfake_midjourney,full_synthetic,midjourney,train,c9063f374deaf0f6,resize05
1,wildfake_midjourney,full_synthetic,midjourney,train,c9063f374deaf0f6,noise002
1,wildfake_midjourney,full_synthetic,midjourney,train,d7281bc1b21fe989,clean
1,wildfake_midjourney,full_synthetic,midjourney,train,d7281bc1b21fe989,resize025
1,wildfake_midjourney,full_synthetic,midjourney,train,d7281bc1b21fe989,noise01
1,wildfake_midjourney,full_synthetic,midjourney,train,d7281bc1b21fe989,crop08
1,wildfake_midjourney,full_synthetic,midjourney,train,7a921c4f2c5e245e,clean
1,wildfake_midjourney,full_synthetic,midjourney,train,7a921c4f2c5e245e,blur05
1,wildfake_midjourney,full_synthetic,midjourney,train,7a921c4f2c5e245e,blur20
1,wildfake_midjourney,full_synthetic,midjourney,train,7a921c4f2c5e245e,noise005
1,wildfake_midjourney,full_synthetic,midjourney,train,3b8889ed121d6171,clean
1,wildfake_midjourney,full_synthetic,midjourney,train,3b8889ed121d6171,jpeg50
1,wildfake_midjourney,full_synthetic,midjourney,train,3b8889ed121d6171,noise005
1,wildfake_midjourney,full_synthetic,midjourney,train,3b8889ed121d6171,noise01
1,wildfake_midjourney,full_synthetic,midjourney,train,f45b080cf0359398,clean
1,wildfake_midjourney,full_synthetic,midjourney,train,f45b080cf0359398,jpeg70
1,wildfake_midjourney,full_synthetic,midjourney,train,f45b080cf0359398,noise002
1,wildfake_midjourney,full_synthetic,midjourney,train,f45b080cf0359398,crop08
1,wildfake_midjourney,full_synthetic,midjourney,train,fef60353f11a194f,clean
1,wildfake_midjourney,full_synthetic,midjourney,train,fef60353f11a194f,jpeg90
1,wildfake_midjourney,full_synthetic,midjourney,train,fef60353f11a194f,resize025
1,wildfake_midjourney,full_synthetic,midjourney,train,fef60353f11a194f,jitter02
1,wildfake_midjourney,full_synthetic,midjourney,train,055ca96ce65a5a0f,clean
1,wildfake_midjourney,full_synthetic,midjourney,train,055ca96ce65a5a0f,jpeg90
1,wildfake_midjourney,full_synthetic,midjourney,train,055ca96ce65a5a0f,jpeg70
1,wildfake_midjourney,full_synthetic,midjourney,train,055ca96ce65a5a0f,blur20
1,wildfake_midjourney,full_synthetic,midjourney,train,6bd30a86a4969e08,clean
1,wildfake_midjourney,full_synthetic,midjourney,train,6bd30a86a4969e08,jpeg90
1,wildfake_midjourney,full_synthetic,midjourney,train,6bd30a86a4969e08,jpeg70
1,wildfake_midjourney,full_synthetic,midjourney,train,6bd30a86a4969e08,blur05
1,wildfake_midjourney,full_synthetic,midjourney,train,1269102fdf4fda4c,clean
1,wildfake_midjourney,full_synthetic,midjourney,train,1269102fdf4fda4c,blur20
1,wildfake_midjourney,full_synthetic,midjourney,train,1269102fdf4fda4c,resize05
1,wildfake_midjourney,full_synthetic,midjourney,train,1269102fdf4fda4c,noise01
1,wildfake_midjourney,full_synthetic,midjourney,train,5ee4b24880b57a0e,clean
1,wildfake_midjourney,full_synthetic,midjourney,train,5ee4b24880b57a0e,blur05
1,wildfake_midjourney,full_synthetic,midjourney,train,5ee4b24880b57a0e,blur20
1,wildfake_midjourney,full_synthetic,midjourney,train,5ee4b24880b57a0e,noise005
1,wildfake_midjourney,full_synthetic,midjourney,train,471c609945bcd460,clean
1,wildfake_midjourney,full_synthetic,midjourney,train,471c609945bcd460,jpeg30
1,wildfake_midjourney,full_synthetic,midjourney,train,471c609945bcd460,blur10
1,wildfake_midjourney,full_synthetic,midjourney,train,471c609945bcd460,noise002
1,wildfake_midjourney,full_synthetic,midjourney,train,f37225e7beccc346,clean
1,wildfake_midjourney,full_synthetic,midjourney,train,f37225e7beccc346,jpeg50
1,wildfake_midjourney,full_synthetic,midjourney,train,f37225e7beccc346,resize05
1,wildfake_midjourney,full_synthetic,midjourney,train,f37225e7beccc346,jitter02
1,wildfake_midjourney,full_synthetic,midjourney,train,6e9845d467453db3,clean
1,wildfake_midjourney,full_synthetic,midjourney,train,6e9845d467453db3,blur20
1,wildfake_midjourney,full_synthetic,midjourney,train,6e9845d467453db3,resize025
1,wildfake_midjourney,full_synthetic,midjourney,train,6e9845d467453db3,noise002
1,wildfake_midjourney,full_synthetic,midjourney,train,a950e0939fad71f1,clean
1,wildfake_midjourney,full_synthetic,midjourney,train,a950e0939fad71f1,jpeg50
1,wildfake_midjourney,full_synthetic,midjourney,train,a950e0939fad71f1,jpeg30
1,wildfake_midjourney,full_synthetic,midjourney,train,a950e0939fad71f1,noise005
1,wildfake_midjourney,full_synthetic,midjourney,train,27bd27d85fc0ce38,clean
1,wildfake_midjourney,full_synthetic,midjourney,train,27bd27d85fc0ce38,jpeg90
1,wildfake_midjourney,full_synthetic,midjourney,train,27bd27d85fc0ce38,jpeg50
1,wildfake_midjourney,full_synthetic,midjourney,train,27bd27d85fc0ce38,resize05
1,wildfake_midjourney,full_synthetic,midjourney,train,e6d7cc2aa084cefb,clean
1,wildfake_midjourney,full_synthetic,midjourney,train,e6d7cc2aa084cefb,blur05
1,wildfake_midjourney,full_synthetic,midjourney,train,e6d7cc2aa084cefb,noise005
1,wildfake_midjourney,full_synthetic,midjourney,train,e6d7cc2aa084cefb,jitter02
1,wildfake_midjourney,full_synthetic,midjourney,train,ea7c70faf379b19f,clean
1,wildfake_midjourney,full_synthetic,midjourney,train,ea7c70faf379b19f,jpeg70
1,wildfake_midjourney,full_synthetic,midjourney,train,ea7c70faf379b19f,noise005
1,wildfake_midjourney,full_synthetic,midjourney,train,ea7c70faf379b19f,noise01
1,wildfake_midjourney,full_synthetic,midjourney,train,8752baeea1c19bee,clean
1,wildfake_midjourney,full_synthetic,midjourney,train,8752baeea1c19bee,jpeg90
1,wildfake_midjourney,full_synthetic,midjourney,train,8752baeea1c19bee,jpeg30
1,wildfake_midjourney,full_synthetic,midjourney,train,8752baeea1c19bee,noise002
1,wildfake_midjourney,full_synthetic,midjourney,train,d4681298f9fbdf6a,clean
1,wildfake_midjourney,full_synthetic,midjourney,train,d4681298f9fbdf6a,jpeg50
1,wildfake_midjourney,full_synthetic,midjourney,train,d4681298f9fbdf6a,blur20
1,wildfake_midjourney,full_synthetic,midjourney,train,d4681298f9fbdf6a,jitter02
1,wildfake_midjourney,full_synthetic,midjourney,train,7eec345641d174af,clean
1,wildfake_midjourney,full_synthetic,midjourney,train,7eec345641d174af,jpeg90
1,wildfake_midjourney,full_synthetic,midjourney,train,7eec345641d174af,blur10
1,wildfake_midjourney,full_synthetic,midjourney,train,7eec345641d174af,blur20
1,wildfake_midjourney,full_synthetic,midjourney,train,5597f7d42274e847,clean
1,wildfake_midjourney,full_synthetic,midjourney,train,5597f7d42274e847,jpeg30
1,wildfake_midjourney,full_synthetic,midjourney,train,5597f7d42274e847,blur20
1,wildfake_midjourney,full_synthetic,midjourney,train,5597f7d42274e847,noise005
1,wildfake_midjourney,full_synthetic,midjourney,train,9838d6845c0a8169,clean
1,wildfake_midjourney,full_synthetic,midjourney,train,9838d6845c0a8169,blur05
1,wildfake_midjourney,full_synthetic,midjourney,train,9838d6845c0a8169,blur20
1,wildfake_midjourney,full_synthetic,midjourney,train,9838d6845c0a8169,noise002
1,wildfake_midjourney,full_synthetic,midjourney,train,eeb1cbb178b2c3b3,clean
1,wildfake_midjourney,full_synthetic,midjourney,train,eeb1cbb178b2c3b3,jpeg90
1,wildfake_midjourney,full_synthetic,midjourney,train,eeb1cbb178b2c3b3,blur20
1,wildfake_midjourney,full_synthetic,midjourney,train,eeb1cbb178b2c3b3,noise005
1,wildfake_midjourney,full_synthetic,midjourney,train,8aa1f92377838e76,clean
1,wildfake_midjourney,full_synthetic,midjourney,train,8aa1f92377838e76,jpeg50
1,wildfake_midjourney,full_synthetic,midjourney,train,8aa1f92377838e76,blur10
1,wildfake_midjourney,full_synthetic,midjourney,train,8aa1f92377838e76,resize025
1,wildfake_midjourney,full_synthetic,midjourney,train,8827d021e4297c8b,clean
1,wildfake_midjourney,full_synthetic,midjourney,train,8827d021e4297c8b,blur20
1,wildfake_midjourney,full_synthetic,midjourney,train,8827d021e4297c8b,resize05
1,wildfake_midjourney,full_synthetic,midjourney,train,8827d021e4297c8b,noise005
1,wildfake_midjourney,full_synthetic,midjourney,train,c92a6b86612a9434,clean
1,wildfake_midjourney,full_synthetic,midjourney,train,c92a6b86612a9434,jpeg70
1,wildfake_midjourney,full_synthetic,midjourney,train,c92a6b86612a9434,blur10
1,wildfake_midjourney,full_synthetic,midjourney,train,c92a6b86612a9434,blur20
1,wildfake_midjourney,full_synthetic,midjourney,train,e1d3075534d0e472,clean
1,wildfake_midjourney,full_synthetic,midjourney,train,e1d3075534d0e472,jpeg70
1,wildfake_midjourney,full_synthetic,midjourney,train,e1d3075534d0e472,blur20
1,wildfake_midjourney,full_synthetic,midjourney,train,e1d3075534d0e472,jitter02
1,wildfake_midjourney,full_synthetic,midjourney,train,44c7844036ab10c3,clean
1,wildfake_midjourney,full_synthetic,midjourney,train,44c7844036ab10c3,jpeg30
1,wildfake_midjourney,full_synthetic,midjourney,train,44c7844036ab10c3,blur05
1,wildfake_midjourney,full_synthetic,midjourney,train,44c7844036ab10c3,crop08
1,wildfake_midjourney,full_synthetic,midjourney,train,9362d8fe430c7de1,clean
1,wildfake_midjourney,full_synthetic,midjourney,train,9362d8fe430c7de1,jpeg30
1,wildfake_midjourney,full_synthetic,midjourney,train,9362d8fe430c7de1,blur20
1,wildfake_midjourney,full_synthetic,midjourney,train,9362d8fe430c7de1,noise002
1,wildfake_midjourney,full_synthetic,midjourney,train,800db6bf62990304,clean
1,wildfake_midjourney,full_synthetic,midjourney,train,800db6bf62990304,jpeg70
1,wildfake_midjourney,full_synthetic,midjourney,train,800db6bf62990304,resize05
1,wildfake_midjourney,full_synthetic,midjourney,train,800db6bf62990304,noise01
1,wildfake_midjourney,full_synthetic,midjourney,train,8fa15aa3c2c33a32,clean
1,wildfake_midjourney,full_synthetic,midjourney,train,8fa15aa3c2c33a32,jpeg30
1,wildfake_midjourney,full_synthetic,midjourney,train,8fa15aa3c2c33a32,blur10
1,wildfake_midjourney,full_synthetic,midjourney,train,8fa15aa3c2c33a32,resize05
1,wildfake_midjourney,full_synthetic,midjourney,train,6a4a81a9281792c6,clean
1,wildfake_midjourney,full_synthetic,midjourney,train,6a4a81a9281792c6,jpeg90
1,wildfake_midjourney,full_synthetic,midjourney,train,6a4a81a9281792c6,blur05
1,wildfake_midjourney,full_synthetic,midjourney,train,6a4a81a9281792c6,resize025
1,wildfake_midjourney,full_synthetic,midjourney,train,996685b93d6824e8,clean
1,wildfake_midjourney,full_synthetic,midjourney,train,996685b93d6824e8,jpeg50
1,wildfake_midjourney,full_synthetic,midjourney,train,996685b93d6824e8,blur20
1,wildfake_midjourney,full_synthetic,midjourney,train,996685b93d6824e8,noise01
1,wildfake_midjourney,full_synthetic,midjourney,train,a701f6611bc3af6c,clean
1,wildfake_midjourney,full_synthetic,midjourney,train,a701f6611bc3af6c,jpeg90
1,wildfake_midjourney,full_synthetic,midjourney,train,a701f6611bc3af6c,blur10
1,wildfake_midjourney,full_synthetic,midjourney,train,a701f6611bc3af6c,crop08
1,wildfake_midjourney,full_synthetic,midjourney,train,32fa3918089440f7,clean
1,wildfake_midjourney,full_synthetic,midjourney,train,32fa3918089440f7,jpeg90
1,wildfake_midjourney,full_synthetic,midjourney,train,32fa3918089440f7,jpeg50
1,wildfake_midjourney,full_synthetic,midjourney,train,32fa3918089440f7,blur10
1,wildfake_midjourney,full_synthetic,midjourney,train,917beee7eb53b7b9,clean
1,wildfake_midjourney,full_synthetic,midjourney,train,917beee7eb53b7b9,jpeg70
1,wildfake_midjourney,full_synthetic,midjourney,train,917beee7eb53b7b9,blur10
1,wildfake_midjourney,full_synthetic,midjourney,train,917beee7eb53b7b9,blur20
1,wildfake_midjourney,full_synthetic,midjourney,train,8372757fcd346725,clean
1,wildfake_midjourney,full_synthetic,midjourney,train,8372757fcd346725,resize05
1,wildfake_midjourney,full_synthetic,midjourney,train,8372757fcd346725,noise005
1,wildfake_midjourney,full_synthetic,midjourney,train,8372757fcd346725,noise01
1,wildfake_midjourney,full_synthetic,midjourney,train,775990788176c643,clean
1,wildfake_midjourney,full_synthetic,midjourney,train,775990788176c643,jpeg50
1,wildfake_midjourney,full_synthetic,midjourney,train,775990788176c643,jpeg30
1,wildfake_midjourney,full_synthetic,midjourney,train,775990788176c643,jitter02
1,wildfake_midjourney,full_synthetic,midjourney,train,b5b6f6d6f4a904e1,clean
1,wildfake_midjourney,full_synthetic,midjourney,train,b5b6f6d6f4a904e1,jpeg90
1,wildfake_midjourney,full_synthetic,midjourney,train,b5b6f6d6f4a904e1,jpeg50
1,wildfake_midjourney,full_synthetic,midjourney,train,b5b6f6d6f4a904e1,jitter02
1,wildfake_midjourney,full_synthetic,midjourney,train,4737dd7e09f58614,clean
1,wildfake_midjourney,full_synthetic,midjourney,train,4737dd7e09f58614,blur10
1,wildfake_midjourney,full_synthetic,midjourney,train,4737dd7e09f58614,noise002
1,wildfake_midjourney,full_synthetic,midjourney,train,4737dd7e09f58614,noise005
1,wildfake_midjourney,full_synthetic,midjourney,train,87649d14513e12f4,clean
1,wildfake_midjourney,full_synthetic,midjourney,train,87649d14513e12f4,jpeg50
1,wildfake_midjourney,full_synthetic,midjourney,train,87649d14513e12f4,jpeg30
1,wildfake_midjourney,full_synthetic,midjourney,train,87649d14513e12f4,blur10
1,wildfake_midjourney,full_synthetic,midjourney,train,8c7d542d18d67965,clean
1,wildfake_midjourney,full_synthetic,midjourney,train,8c7d542d18d67965,jpeg50
1,wildfake_midjourney,full_synthetic,midjourney,train,8c7d542d18d67965,resize05
1,wildfake_midjourney,full_synthetic,midjourney,train,8c7d542d18d67965,resize025
1,wildfake_midjourney,full_synthetic,midjourney,train,feb3e0183ea5b142,clean
1,wildfake_midjourney,full_synthetic,midjourney,train,feb3e0183ea5b142,noise002
1,wildfake_midjourney,full_synthetic,midjourney,train,feb3e0183ea5b142,jitter02
1,wildfake_midjourney,full_synthetic,midjourney,train,feb3e0183ea5b142,crop08
1,wildfake_midjourney,full_synthetic,midjourney,train,645af0be695ff0b1,clean
1,wildfake_midjourney,full_synthetic,midjourney,train,645af0be695ff0b1,jpeg90
1,wildfake_midjourney,full_synthetic,midjourney,train,645af0be695ff0b1,blur05
1,wildfake_midjourney,full_synthetic,midjourney,train,645af0be695ff0b1,resize025
1,wildfake_midjourney,full_synthetic,midjourney,train,c003ae7793c6a60c,clean
1,wildfake_midjourney,full_synthetic,midjourney,train,c003ae7793c6a60c,jpeg30
1,wildfake_midjourney,full_synthetic,midjourney,train,c003ae7793c6a60c,noise002
1,wildfake_midjourney,full_synthetic,midjourney,train,c003ae7793c6a60c,noise005
1,wildfake_midjourney,full_synthetic,midjourney,train,fd2e5188932d80b7,clean
1,wildfake_midjourney,full_synthetic,midjourney,train,fd2e5188932d80b7,jpeg70
1,wildfake_midjourney,full_synthetic,midjourney,train,fd2e5188932d80b7,noise01
1,wildfake_midjourney,full_synthetic,midjourney,train,fd2e5188932d80b7,crop08
1,wildfake_midjourney,full_synthetic,midjourney,train,60ec3d09ed6060b8,clean
1,wildfake_midjourney,full_synthetic,midjourney,train,60ec3d09ed6060b8,resize05
1,wildfake_midjourney,full_synthetic,midjourney,train,60ec3d09ed6060b8,noise01
1,wildfake_midjourney,full_synthetic,midjourney,train,60ec3d09ed6060b8,crop08
1,wildfake_midjourney,full_synthetic,midjourney,train,cb071f317a82bbe5,clean
1,wildfake_midjourney,full_synthetic,midjourney,train,cb071f317a82bbe5,jpeg90
1,wildfake_midjourney,full_synthetic,midjourney,train,cb071f317a82bbe5,blur20
1,wildfake_midjourney,full_synthetic,midjourney,train,cb071f317a82bbe5,resize05
1,wildfake_midjourney,full_synthetic,midjourney,train,129b95d8b29005be,clean
1,wildfake_midjourney,full_synthetic,midjourney,train,129b95d8b29005be,jpeg90
1,wildfake_midjourney,full_synthetic,midjourney,train,129b95d8b29005be,blur05
1,wildfake_midjourney,full_synthetic,midjourney,train,129b95d8b29005be,resize05
1,wildfake_midjourney,full_synthetic,midjourney,train,5622b12529948186,clean
1,wildfake_midjourney,full_synthetic,midjourney,train,5622b12529948186,noise005
1,wildfake_midjourney,full_synthetic,midjourney,train,5622b12529948186,noise01
1,wildfake_midjourney,full_synthetic,midjourney,train,5622b12529948186,jitter02
1,wildfake_midjourney,full_synthetic,midjourney,train,ec916a01c01f5ec2,clean
1,wildfake_midjourney,full_synthetic,midjourney,train,ec916a01c01f5ec2,jpeg30
1,wildfake_midjourney,full_synthetic,midjourney,train,ec916a01c01f5ec2,blur05
1,wildfake_midjourney,full_synthetic,midjourney,train,ec916a01c01f5ec2,crop08
1,wildfake_midjourney,full_synthetic,midjourney,train,c5f7a26fd72c6641,clean
1,wildfake_midjourney,full_synthetic,midjourney,train,c5f7a26fd72c6641,jpeg90
1,wildfake_midjourney,full_synthetic,midjourney,train,c5f7a26fd72c6641,jpeg70
1,wildfake_midjourney,full_synthetic,midjourney,train,c5f7a26fd72c6641,jitter02
1,wildfake_midjourney,full_synthetic,midjourney,train,b794b081e5818619,clean
1,wildfake_midjourney,full_synthetic,midjourney,train,b794b081e5818619,blur05
1,wildfake_midjourney,full_synthetic,midjourney,train,b794b081e5818619,blur10
1,wildfake_midjourney,full_synthetic,midjourney,train,b794b081e5818619,noise005
1,wildfake_midjourney,full_synthetic,midjourney,train,0f56fd8f080a8c20,clean
1,wildfake_midjourney,full_synthetic,midjourney,train,0f56fd8f080a8c20,jpeg50
1,wildfake_midjourney,full_synthetic,midjourney,train,0f56fd8f080a8c20,resize05
1,wildfake_midjourney,full_synthetic,midjourney,train,0f56fd8f080a8c20,jitter02
1,wildfake_midjourney,full_synthetic,midjourney,train,1bac72612c0f45c6,clean
1,wildfake_midjourney,full_synthetic,midjourney,train,1bac72612c0f45c6,jpeg50
1,wildfake_midjourney,full_synthetic,midjourney,train,1bac72612c0f45c6,noise002
1,wildfake_midjourney,full_synthetic,midjourney,train,1bac72612c0f45c6,noise01
1,wildfake_midjourney,full_synthetic,midjourney,train,57727a41b2a5bbd5,clean
1,wildfake_midjourney,full_synthetic,midjourney,train,57727a41b2a5bbd5,jpeg90
1,wildfake_midjourney,full_synthetic,midjourney,train,57727a41b2a5bbd5,jpeg50
1,wildfake_midjourney,full_synthetic,midjourney,train,57727a41b2a5bbd5,noise01
1,wildfake_midjourney,full_synthetic,midjourney,train,6ce551100d07e3eb,clean
1,wildfake_midjourney,full_synthetic,midjourney,train,6ce551100d07e3eb,blur10
1,wildfake_midjourney,full_synthetic,midjourney,train,6ce551100d07e3eb,blur20
1,wildfake_midjourney,full_synthetic,midjourney,train,6ce551100d07e3eb,resize05
1,wildfake_midjourney,full_synthetic,midjourney,train,99589e3d65f2e4e0,clean
1,wildfake_midjourney,full_synthetic,midjourney,train,99589e3d65f2e4e0,blur05
1,wildfake_midjourney,full_synthetic,midjourney,train,99589e3d65f2e4e0,blur10
1,wildfake_midjourney,full_synthetic,midjourney,train,99589e3d65f2e4e0,resize05
1,wildfake_midjourney,full_synthetic,midjourney,train,a3e6986e60e433f7,clean
1,wildfake_midjourney,full_synthetic,midjourney,train,a3e6986e60e433f7,jpeg30
1,wildfake_midjourney,full_synthetic,midjourney,train,a3e6986e60e433f7,resize025
1,wildfake_midjourney,full_synthetic,midjourney,train,a3e6986e60e433f7,noise01
1,wildfake_midjourney,full_synthetic,midjourney,train,b0d5adeb33576d8a,clean
1,wildfake_midjourney,full_synthetic,midjourney,train,b0d5adeb33576d8a,jpeg70
1,wildfake_midjourney,full_synthetic,midjourney,train,b0d5adeb33576d8a,blur20
1,wildfake_midjourney,full_synthetic,midjourney,train,b0d5adeb33576d8a,jitter02
1,wildfake_midjourney,full_synthetic,midjourney,train,183bbbc9f7834a40,clean
1,wildfake_midjourney,full_synthetic,midjourney,train,183bbbc9f7834a40,jpeg70
1,wildfake_midjourney,full_synthetic,midjourney,train,183bbbc9f7834a40,blur05
1,wildfake_midjourney,full_synthetic,midjourney,train,183bbbc9f7834a40,blur10
1,wildfake_midjourney,full_synthetic,midjourney,train,4be1d9bea2a95518,clean
1,wildfake_midjourney,full_synthetic,midjourney,train,4be1d9bea2a95518,jpeg70
1,wildfake_midjourney,full_synthetic,midjourney,train,4be1d9bea2a95518,jpeg30
1,wildfake_midjourney,full_synthetic,midjourney,train,4be1d9bea2a95518,resize025
1,wildfake_midjourney,full_synthetic,midjourney,train,bf7a78960b412232,clean
1,wildfake_midjourney,full_synthetic,midjourney,train,bf7a78960b412232,blur05
1,wildfake_midjourney,full_synthetic,midjourney,train,bf7a78960b412232,resize05
1,wildfake_midjourney,full_synthetic,midjourney,train,bf7a78960b412232,crop08
1,wildfake_midjourney,full_synthetic,midjourney,train,57eb56396a7eaef9,clean
1,wildfake_midjourney,full_synthetic,midjourney,train,57eb56396a7eaef9,jpeg90
1,wildfake_midjourney,full_synthetic,midjourney,train,57eb56396a7eaef9,noise01
1,wildfake_midjourney,full_synthetic,midjourney,train,57eb56396a7eaef9,crop08
1,wildfake_midjourney,full_synthetic,midjourney,train,6f59ed8d0e0eee04,clean
1,wildfake_midjourney,full_synthetic,midjourney,train,6f59ed8d0e0eee04,jpeg30
1,wildfake_midjourney,full_synthetic,midjourney,train,6f59ed8d0e0eee04,resize05
1,wildfake_midjourney,full_synthetic,midjourney,train,6f59ed8d0e0eee04,jitter02
1,wildfake_midjourney,full_synthetic,midjourney,train,78b149a1be620599,clean
1,wildfake_midjourney,full_synthetic,midjourney,train,78b149a1be620599,blur20
1,wildfake_midjourney,full_synthetic,midjourney,train,78b149a1be620599,resize05
1,wildfake_midjourney,full_synthetic,midjourney,train,78b149a1be620599,noise002
1,wildfake_midjourney,full_synthetic,midjourney,train,9f8b9ef0658450e0,clean
1,wildfake_midjourney,full_synthetic,midjourney,train,9f8b9ef0658450e0,jpeg70
1,wildfake_midjourney,full_synthetic,midjourney,train,9f8b9ef0658450e0,jitter02
1,wildfake_midjourney,full_synthetic,midjourney,train,9f8b9ef0658450e0,crop08
1,wildfake_midjourney,full_synthetic,midjourney,train,684583c91ed6aa99,clean
1,wildfake_midjourney,full_synthetic,midjourney,train,684583c91ed6aa99,resize05
1,wildfake_midjourney,full_synthetic,midjourney,train,684583c91ed6aa99,resize025
1,wildfake_midjourney,full_synthetic,midjourney,train,684583c91ed6aa99,noise01
1,wildfake_midjourney,full_synthetic,midjourney,train,3a92eb4cbf4bb311,clean
1,wildfake_midjourney,full_synthetic,midjourney,train,3a92eb4cbf4bb311,jpeg70
1,wildfake_midjourney,full_synthetic,midjourney,train,3a92eb4cbf4bb311,jpeg30
1,wildfake_midjourney,full_synthetic,midjourney,train,3a92eb4cbf4bb311,blur10
1,wildfake_midjourney,full_synthetic,midjourney,train,21576e3a744d96f9,clean
1,wildfake_midjourney,full_synthetic,midjourney,train,21576e3a744d96f9,jpeg50
1,wildfake_midjourney,full_synthetic,midjourney,train,21576e3a744d96f9,blur05
1,wildfake_midjourney,full_synthetic,midjourney,train,21576e3a744d96f9,crop08
1,wildfake_midjourney,full_synthetic,midjourney,train,e4087928c7666650,clean
1,wildfake_midjourney,full_synthetic,midjourney,train,e4087928c7666650,blur05
1,wildfake_midjourney,full_synthetic,midjourney,train,e4087928c7666650,blur20
1,wildfake_midjourney,full_synthetic,midjourney,train,e4087928c7666650,resize025
1,wildfake_midjourney,full_synthetic,midjourney,train,931694efaeeb54a2,clean
1,wildfake_midjourney,full_synthetic,midjourney,train,931694efaeeb54a2,jpeg70
1,wildfake_midjourney,full_synthetic,midjourney,train,931694efaeeb54a2,jitter02
1,wildfake_midjourney,full_synthetic,midjourney,train,931694efaeeb54a2,crop08
1,wildfake_midjourney,full_synthetic,midjourney,train,bebe4480f2ea2502,clean
1,wildfake_midjourney,full_synthetic,midjourney,train,bebe4480f2ea2502,noise002
1,wildfake_midjourney,full_synthetic,midjourney,train,bebe4480f2ea2502,noise005
1,wildfake_midjourney,full_synthetic,midjourney,train,bebe4480f2ea2502,crop08
1,wildfake_midjourney,full_synthetic,midjourney,train,07a91b48c3d1b47b,clean
1,wildfake_midjourney,full_synthetic,midjourney,train,07a91b48c3d1b47b,jpeg70
1,wildfake_midjourney,full_synthetic,midjourney,train,07a91b48c3d1b47b,blur20
1,wildfake_midjourney,full_synthetic,midjourney,train,07a91b48c3d1b47b,resize05
1,wildfake_midjourney,full_synthetic,midjourney,train,04a42440f32f68cb,clean
1,wildfake_midjourney,full_synthetic,midjourney,train,04a42440f32f68cb,jpeg30
1,wildfake_midjourney,full_synthetic,midjourney,train,04a42440f32f68cb,blur05
1,wildfake_midjourney,full_synthetic,midjourney,train,04a42440f32f68cb,resize025
1,wildfake_midjourney,full_synthetic,midjourney,train,955416da51f9d6a3,clean
1,wildfake_midjourney,full_synthetic,midjourney,train,955416da51f9d6a3,jpeg70
1,wildfake_midjourney,full_synthetic,midjourney,train,955416da51f9d6a3,noise01
1,wildfake_midjourney,full_synthetic,midjourney,train,955416da51f9d6a3,crop08
1,wildfake_midjourney,full_synthetic,midjourney,train,01b8c06518b11609,clean
1,wildfake_midjourney,full_synthetic,midjourney,train,01b8c06518b11609,blur10
1,wildfake_midjourney,full_synthetic,midjourney,train,01b8c06518b11609,resize025
1,wildfake_midjourney,full_synthetic,midjourney,train,01b8c06518b11609,jitter02
1,wildfake_midjourney,full_synthetic,midjourney,train,c4ac57245b3284f0,clean
1,wildfake_midjourney,full_synthetic,midjourney,train,c4ac57245b3284f0,jpeg70
1,wildfake_midjourney,full_synthetic,midjourney,train,c4ac57245b3284f0,resize05
1,wildfake_midjourney,full_synthetic,midjourney,train,c4ac57245b3284f0,noise005
1,wildfake_midjourney,full_synthetic,midjourney,train,f6655eaeeab5da79,clean
1,wildfake_midjourney,full_synthetic,midjourney,train,f6655eaeeab5da79,jpeg50
1,wildfake_midjourney,full_synthetic,midjourney,train,f6655eaeeab5da79,resize025
1,wildfake_midjourney,full_synthetic,midjourney,train,f6655eaeeab5da79,noise002
1,wildfake_midjourney,full_synthetic,midjourney,train,a2a13ab2092e699e,clean
1,wildfake_midjourney,full_synthetic,midjourney,train,a2a13ab2092e699e,jpeg90
1,wildfake_midjourney,full_synthetic,midjourney,train,a2a13ab2092e699e,blur10
1,wildfake_midjourney,full_synthetic,midjourney,train,a2a13ab2092e699e,noise005
1,wildfake_midjourney,full_synthetic,midjourney,train,7de2db507fa5898f,clean
1,wildfake_midjourney,full_synthetic,midjourney,train,7de2db507fa5898f,jpeg70
1,wildfake_midjourney,full_synthetic,midjourney,train,7de2db507fa5898f,blur05
1,wildfake_midjourney,full_synthetic,midjourney,train,7de2db507fa5898f,blur10
1,wildfake_midjourney,full_synthetic,midjourney,train,ea58b062409ea66f,clean
1,wildfake_midjourney,full_synthetic,midjourney,train,ea58b062409ea66f,jpeg50
1,wildfake_midjourney,full_synthetic,midjourney,train,ea58b062409ea66f,resize05
1,wildfake_midjourney,full_synthetic,midjourney,train,ea58b062409ea66f,noise005
1,wildfake_midjourney,full_synthetic,midjourney,train,884e757ecd0953a7,clean
1,wildfake_midjourney,full_synthetic,midjourney,train,884e757ecd0953a7,jpeg90
1,wildfake_midjourney,full_synthetic,midjourney,train,884e757ecd0953a7,jpeg50
1,wildfake_midjourney,full_synthetic,midjourney,train,884e757ecd0953a7,resize05
1,wildfake_midjourney,full_synthetic,midjourney,train,27a23f1e4ac281ad,clean
1,wildfake_midjourney,full_synthetic,midjourney,train,27a23f1e4ac281ad,blur05
1,wildfake_midjourney,full_synthetic,midjourney,train,27a23f1e4ac281ad,resize05
1,wildfake_midjourney,full_synthetic,midjourney,train,27a23f1e4ac281ad,noise005
1,wildfake_midjourney,full_synthetic,midjourney,train,95da3c92d0b29c05,clean
1,wildfake_midjourney,full_synthetic,midjourney,train,95da3c92d0b29c05,jpeg30
1,wildfake_midjourney,full_synthetic,midjourney,train,95da3c92d0b29c05,blur20
1,wildfake_midjourney,full_synthetic,midjourney,train,95da3c92d0b29c05,noise01
1,wildfake_midjourney,full_synthetic,midjourney,train,7d14361c801bdffa,clean
1,wildfake_midjourney,full_synthetic,midjourney,train,7d14361c801bdffa,jpeg50
1,wildfake_midjourney,full_synthetic,midjourney,train,7d14361c801bdffa,jpeg30
1,wildfake_midjourney,full_synthetic,midjourney,train,7d14361c801bdffa,crop08
1,wildfake_midjourney,full_synthetic,midjourney,train,98d3164cf11cff96,clean
1,wildfake_midjourney,full_synthetic,midjourney,train,98d3164cf11cff96,jpeg30
1,wildfake_midjourney,full_synthetic,midjourney,train,98d3164cf11cff96,blur10
1,wildfake_midjourney,full_synthetic,midjourney,train,98d3164cf11cff96,resize05
1,wildfake_midjourney,full_synthetic,midjourney,train,0dae45b82d583c78,clean
1,wildfake_midjourney,full_synthetic,midjourney,train,0dae45b82d583c78,blur05
1,wildfake_midjourney,full_synthetic,midjourney,train,0dae45b82d583c78,noise002
1,wildfake_midjourney,full_synthetic,midjourney,train,0dae45b82d583c78,noise005
1,wildfake_midjourney,full_synthetic,midjourney,train,f0a4d6ad87d41c4a,clean
1,wildfake_midjourney,full_synthetic,midjourney,train,f0a4d6ad87d41c4a,jpeg70
1,wildfake_midjourney,full_synthetic,midjourney,train,f0a4d6ad87d41c4a,jpeg30
1,wildfake_midjourney,full_synthetic,midjourney,train,f0a4d6ad87d41c4a,noise005
1,wildfake_midjourney,full_synthetic,midjourney,train,fcb62c279c740abd,clean
1,wildfake_midjourney,full_synthetic,midjourney,train,fcb62c279c740abd,resize05
1,wildfake_midjourney,full_synthetic,midjourney,train,fcb62c279c740abd,resize025
1,wildfake_midjourney,full_synthetic,midjourney,train,fcb62c279c740abd,noise002
1,wildfake_midjourney,full_synthetic,midjourney,train,02b9075731d3f9f8,clean
1,wildfake_midjourney,full_synthetic,midjourney,train,02b9075731d3f9f8,jpeg90
1,wildfake_midjourney,full_synthetic,midjourney,train,02b9075731d3f9f8,blur05
1,wildfake_midjourney,full_synthetic,midjourney,train,02b9075731d3f9f8,noise01
1,wildfake_midjourney,full_synthetic,midjourney,train,6243ae2e89b2f148,clean
1,wildfake_midjourney,full_synthetic,midjourney,train,6243ae2e89b2f148,jpeg30
1,wildfake_midjourney,full_synthetic,midjourney,train,6243ae2e89b2f148,resize05
1,wildfake_midjourney,full_synthetic,midjourney,train,6243ae2e89b2f148,crop08
1,wildfake_midjourney,full_synthetic,midjourney,train,13168103aa5c1d67,clean
1,wildfake_midjourney,full_synthetic,midjourney,train,13168103aa5c1d67,blur10
1,wildfake_midjourney,full_synthetic,midjourney,train,13168103aa5c1d67,blur20
1,wildfake_midjourney,full_synthetic,midjourney,train,13168103aa5c1d67,crop08
1,wildfake_midjourney,full_synthetic,midjourney,train,46098b8637828460,clean
1,wildfake_midjourney,full_synthetic,midjourney,train,46098b8637828460,jpeg70
1,wildfake_midjourney,full_synthetic,midjourney,train,46098b8637828460,resize05
1,wildfake_midjourney,full_synthetic,midjourney,train,46098b8637828460,noise002
1,wildfake_midjourney,full_synthetic,midjourney,train,cf1adc8442d113a3,clean
1,wildfake_midjourney,full_synthetic,midjourney,train,cf1adc8442d113a3,jpeg30
1,wildfake_midjourney,full_synthetic,midjourney,train,cf1adc8442d113a3,resize05
1,wildfake_midjourney,full_synthetic,midjourney,train,cf1adc8442d113a3,resize025
1,wildfake_midjourney,full_synthetic,midjourney,train,b7a13714cd401aa7,clean
1,wildfake_midjourney,full_synthetic,midjourney,train,b7a13714cd401aa7,blur20
1,wildfake_midjourney,full_synthetic,midjourney,train,b7a13714cd401aa7,resize05
1,wildfake_midjourney,full_synthetic,midjourney,train,b7a13714cd401aa7,noise002
1,wildfake_midjourney,full_synthetic,midjourney,train,97f6ec9c39ffb3fb,clean
1,wildfake_midjourney,full_synthetic,midjourney,train,97f6ec9c39ffb3fb,jpeg30
1,wildfake_midjourney,full_synthetic,midjourney,train,97f6ec9c39ffb3fb,blur10
1,wildfake_midjourney,full_synthetic,midjourney,train,97f6ec9c39ffb3fb,resize025
1,wildfake_midjourney,full_synthetic,midjourney,train,3cc4c4b8e0883e8e,clean
1,wildfake_midjourney,full_synthetic,midjourney,train,3cc4c4b8e0883e8e,blur10
1,wildfake_midjourney,full_synthetic,midjourney,train,3cc4c4b8e0883e8e,blur20
1,wildfake_midjourney,full_synthetic,midjourney,train,3cc4c4b8e0883e8e,resize025
1,wildfake_midjourney,full_synthetic,midjourney,train,b4f058331bf06520,clean
1,wildfake_midjourney,full_synthetic,midjourney,train,b4f058331bf06520,blur05
1,wildfake_midjourney,full_synthetic,midjourney,train,b4f058331bf06520,noise002
1,wildfake_midjourney,full_synthetic,midjourney,train,b4f058331bf06520,jitter02
1,wildfake_midjourney,full_synthetic,midjourney,train,9587697ab319447a,clean
1,wildfake_midjourney,full_synthetic,midjourney,train,9587697ab319447a,jpeg90
1,wildfake_midjourney,full_synthetic,midjourney,train,9587697ab319447a,resize025
1,wildfake_midjourney,full_synthetic,midjourney,train,9587697ab319447a,jitter02
1,wildfake_midjourney,full_synthetic,midjourney,train,e5a11e118c6f1691,clean
1,wildfake_midjourney,full_synthetic,midjourney,train,e5a11e118c6f1691,jpeg90
1,wildfake_midjourney,full_synthetic,midjourney,train,e5a11e118c6f1691,resize025
1,wildfake_midjourney,full_synthetic,midjourney,train,e5a11e118c6f1691,noise01
1,wildfake_midjourney,full_synthetic,midjourney,train,86345df2799149e0,clean
1,wildfake_midjourney,full_synthetic,midjourney,train,86345df2799149e0,jpeg50
1,wildfake_midjourney,full_synthetic,midjourney,train,86345df2799149e0,blur10
1,wildfake_midjourney,full_synthetic,midjourney,train,86345df2799149e0,noise005
1,wildfake_midjourney,full_synthetic,midjourney,train,18f77795cace8a43,clean
1,wildfake_midjourney,full_synthetic,midjourney,train,18f77795cace8a43,jpeg50
1,wildfake_midjourney,full_synthetic,midjourney,train,18f77795cace8a43,blur10
1,wildfake_midjourney,full_synthetic,midjourney,train,18f77795cace8a43,resize05
1,wildfake_midjourney,full_synthetic,midjourney,train,07b6ec1647cb0264,clean
1,wildfake_midjourney,full_synthetic,midjourney,train,07b6ec1647cb0264,jpeg50
1,wildfake_midjourney,full_synthetic,midjourney,train,07b6ec1647cb0264,resize05
1,wildfake_midjourney,full_synthetic,midjourney,train,07b6ec1647cb0264,jitter02
1,wildfake_midjourney,full_synthetic,midjourney,train,c51e067253927d64,clean
1,wildfake_midjourney,full_synthetic,midjourney,train,c51e067253927d64,jpeg30
1,wildfake_midjourney,full_synthetic,midjourney,train,c51e067253927d64,noise002
1,wildfake_midjourney,full_synthetic,midjourney,train,c51e067253927d64,noise01
1,wildfake_midjourney,full_synthetic,midjourney,train,5cac40e532177dcd,clean
1,wildfake_midjourney,full_synthetic,midjourney,train,5cac40e532177dcd,resize05
1,wildfake_midjourney,full_synthetic,midjourney,train,5cac40e532177dcd,noise005
1,wildfake_midjourney,full_synthetic,midjourney,train,5cac40e532177dcd,crop08
1,wildfake_midjourney,full_synthetic,midjourney,train,81774f1b6c84e8f6,clean
1,wildfake_midjourney,full_synthetic,midjourney,train,81774f1b6c84e8f6,blur05
1,wildfake_midjourney,full_synthetic,midjourney,train,81774f1b6c84e8f6,noise002
1,wildfake_midjourney,full_synthetic,midjourney,train,81774f1b6c84e8f6,noise005
1,wildfake_midjourney,full_synthetic,midjourney,train,ef998da874b19cbe,clean
1,wildfake_midjourney,full_synthetic,midjourney,train,ef998da874b19cbe,jpeg50
1,wildfake_midjourney,full_synthetic,midjourney,train,ef998da874b19cbe,jpeg30
1,wildfake_midjourney,full_synthetic,midjourney,train,ef998da874b19cbe,blur20
1,wildfake_midjourney,full_synthetic,midjourney,train,3ee5ed5dde49ccd6,clean
1,wildfake_midjourney,full_synthetic,midjourney,train,3ee5ed5dde49ccd6,blur05
1,wildfake_midjourney,full_synthetic,midjourney,train,3ee5ed5dde49ccd6,blur10
1,wildfake_midjourney,full_synthetic,midjourney,train,3ee5ed5dde49ccd6,jitter02
1,wildfake_midjourney,full_synthetic,midjourney,train,bbadf9703c1e71c2,clean
1,wildfake_midjourney,full_synthetic,midjourney,train,bbadf9703c1e71c2,jpeg90
1,wildfake_midjourney,full_synthetic,midjourney,train,bbadf9703c1e71c2,resize05
1,wildfake_midjourney,full_synthetic,midjourney,train,bbadf9703c1e71c2,jitter02
1,wildfake_midjourney,full_synthetic,midjourney,train,421c856592ef9085,clean
1,wildfake_midjourney,full_synthetic,midjourney,train,421c856592ef9085,jpeg70
1,wildfake_midjourney,full_synthetic,midjourney,train,421c856592ef9085,noise002
1,wildfake_midjourney,full_synthetic,midjourney,train,421c856592ef9085,jitter02
1,wildfake_midjourney,full_synthetic,midjourney,train,57d1dc57c37266c5,clean
1,wildfake_midjourney,full_synthetic,midjourney,train,57d1dc57c37266c5,jpeg70
1,wildfake_midjourney,full_synthetic,midjourney,train,57d1dc57c37266c5,jpeg50
1,wildfake_midjourney,full_synthetic,midjourney,train,57d1dc57c37266c5,noise01
1,wildfake_midjourney,full_synthetic,midjourney,train,5c2deeacb32a0576,clean
1,wildfake_midjourney,full_synthetic,midjourney,train,5c2deeacb32a0576,blur10
1,wildfake_midjourney,full_synthetic,midjourney,train,5c2deeacb32a0576,blur20
1,wildfake_midjourney,full_synthetic,midjourney,train,5c2deeacb32a0576,resize025
1,wildfake_midjourney,full_synthetic,midjourney,train,844730356b03713f,clean
1,wildfake_midjourney,full_synthetic,midjourney,train,844730356b03713f,jpeg70
1,wildfake_midjourney,full_synthetic,midjourney,train,844730356b03713f,resize025
1,wildfake_midjourney,full_synthetic,midjourney,train,844730356b03713f,crop08
1,wildfake_midjourney,full_synthetic,midjourney,train,9024ea4f84dbd436,clean
1,wildfake_midjourney,full_synthetic,midjourney,train,9024ea4f84dbd436,blur10
1,wildfake_midjourney,full_synthetic,midjourney,train,9024ea4f84dbd436,blur20
1,wildfake_midjourney,full_synthetic,midjourney,train,9024ea4f84dbd436,noise002
1,wildfake_midjourney,full_synthetic,midjourney,train,6682bd85dde24f93,clean
1,wildfake_midjourney,full_synthetic,midjourney,train,6682bd85dde24f93,jpeg70
1,wildfake_midjourney,full_synthetic,midjourney,train,6682bd85dde24f93,blur20
1,wildfake_midjourney,full_synthetic,midjourney,train,6682bd85dde24f93,resize05
1,wildfake_midjourney,full_synthetic,midjourney,train,e694cc11f7a5ca96,clean
1,wildfake_midjourney,full_synthetic,midjourney,train,e694cc11f7a5ca96,resize05
1,wildfake_midjourney,full_synthetic,midjourney,train,e694cc11f7a5ca96,resize025
1,wildfake_midjourney,full_synthetic,midjourney,train,e694cc11f7a5ca96,jitter02
1,wildfake_midjourney,full_synthetic,midjourney,train,7e0fe0e2530f3def,clean
1,wildfake_midjourney,full_synthetic,midjourney,train,7e0fe0e2530f3def,jpeg70
1,wildfake_midjourney,full_synthetic,midjourney,train,7e0fe0e2530f3def,resize05
1,wildfake_midjourney,full_synthetic,midjourney,train,7e0fe0e2530f3def,noise002
1,wildfake_midjourney,full_synthetic,midjourney,train,b412159dd342166e,clean
1,wildfake_midjourney,full_synthetic,midjourney,train,b412159dd342166e,jpeg90
1,wildfake_midjourney,full_synthetic,midjourney,train,b412159dd342166e,blur10
1,wildfake_midjourney,full_synthetic,midjourney,train,b412159dd342166e,resize05
1,wildfake_midjourney,full_synthetic,midjourney,train,56927673ed810897,clean
1,wildfake_midjourney,full_synthetic,midjourney,train,56927673ed810897,blur05
1,wildfake_midjourney,full_synthetic,midjourney,train,56927673ed810897,noise01
1,wildfake_midjourney,full_synthetic,midjourney,train,56927673ed810897,crop08
1,wildfake_midjourney,full_synthetic,midjourney,train,77dd8a63ad2d6d6a,clean
1,wildfake_midjourney,full_synthetic,midjourney,train,77dd8a63ad2d6d6a,resize025
1,wildfake_midjourney,full_synthetic,midjourney,train,77dd8a63ad2d6d6a,noise01
1,wildfake_midjourney,full_synthetic,midjourney,train,77dd8a63ad2d6d6a,crop08
1,wildfake_midjourney,full_synthetic,midjourney,train,d8752a52d54972a5,clean
1,wildfake_midjourney,full_synthetic,midjourney,train,d8752a52d54972a5,jpeg30
1,wildfake_midjourney,full_synthetic,midjourney,train,d8752a52d54972a5,resize05
1,wildfake_midjourney,full_synthetic,midjourney,train,d8752a52d54972a5,noise002
1,wildfake_midjourney,full_synthetic,midjourney,train,c18bbdacaf5397ca,clean
1,wildfake_midjourney,full_synthetic,midjourney,train,c18bbdacaf5397ca,resize025
1,wildfake_midjourney,full_synthetic,midjourney,train,c18bbdacaf5397ca,jitter02
1,wildfake_midjourney,full_synthetic,midjourney,train,c18bbdacaf5397ca,crop08
1,wildfake_midjourney,full_synthetic,midjourney,train,1551ab47dd258b61,clean
1,wildfake_midjourney,full_synthetic,midjourney,train,1551ab47dd258b61,jpeg90
1,wildfake_midjourney,full_synthetic,midjourney,train,1551ab47dd258b61,blur05
1,wildfake_midjourney,full_synthetic,midjourney,train,1551ab47dd258b61,noise002
1,wildfake_midjourney,full_synthetic,midjourney,train,f12b56e418a3f10d,clean
1,wildfake_midjourney,full_synthetic,midjourney,train,f12b56e418a3f10d,jpeg90
1,wildfake_midjourney,full_synthetic,midjourney,train,f12b56e418a3f10d,jpeg70
1,wildfake_midjourney,full_synthetic,midjourney,train,f12b56e418a3f10d,resize05
1,wildfake_midjourney,full_synthetic,midjourney,train,408065855cf47296,clean
1,wildfake_midjourney,full_synthetic,midjourney,train,408065855cf47296,jpeg90
1,wildfake_midjourney,full_synthetic,midjourney,train,408065855cf47296,jpeg70
1,wildfake_midjourney,full_synthetic,midjourney,train,408065855cf47296,crop08
1,wildfake_midjourney,full_synthetic,midjourney,train,572b5c530df7776a,clean
1,wildfake_midjourney,full_synthetic,midjourney,train,572b5c530df7776a,jpeg50
1,wildfake_midjourney,full_synthetic,midjourney,train,572b5c530df7776a,blur10
1,wildfake_midjourney,full_synthetic,midjourney,train,572b5c530df7776a,jitter02
1,wildfake_midjourney,full_synthetic,midjourney,train,696c45127c17be40,clean
1,wildfake_midjourney,full_synthetic,midjourney,train,696c45127c17be40,jpeg50
1,wildfake_midjourney,full_synthetic,midjourney,train,696c45127c17be40,resize05
1,wildfake_midjourney,full_synthetic,midjourney,train,696c45127c17be40,noise002
1,wildfake_midjourney,full_synthetic,midjourney,train,4040e253aef31398,clean
1,wildfake_midjourney,full_synthetic,midjourney,train,4040e253aef31398,jpeg90
1,wildfake_midjourney,full_synthetic,midjourney,train,4040e253aef31398,blur10
1,wildfake_midjourney,full_synthetic,midjourney,train,4040e253aef31398,crop08
1,wildfake_midjourney,full_synthetic,midjourney,train,b58b564f7b79eb73,clean
1,wildfake_midjourney,full_synthetic,midjourney,train,b58b564f7b79eb73,jpeg90
1,wildfake_midjourney,full_synthetic,midjourney,train,b58b564f7b79eb73,resize05
1,wildfake_midjourney,full_synthetic,midjourney,train,b58b564f7b79eb73,noise002
1,wildfake_midjourney,full_synthetic,midjourney,train,c1abeaa7916708b4,clean
1,wildfake_midjourney,full_synthetic,midjourney,train,c1abeaa7916708b4,jpeg90
1,wildfake_midjourney,full_synthetic,midjourney,train,c1abeaa7916708b4,blur05
1,wildfake_midjourney,full_synthetic,midjourney,train,c1abeaa7916708b4,blur10
1,wildfake_midjourney,full_synthetic,midjourney,train,383acec51b87b23d,clean
1,wildfake_midjourney,full_synthetic,midjourney,train,383acec51b87b23d,resize025
1,wildfake_midjourney,full_synthetic,midjourney,train,383acec51b87b23d,noise002
1,wildfake_midjourney,full_synthetic,midjourney,train,383acec51b87b23d,noise005
1,wildfake_midjourney,full_synthetic,midjourney,train,a2107839231bb308,clean
1,wildfake_midjourney,full_synthetic,midjourney,train,a2107839231bb308,jpeg50
1,wildfake_midjourney,full_synthetic,midjourney,train,a2107839231bb308,blur20
1,wildfake_midjourney,full_synthetic,midjourney,train,a2107839231bb308,noise01
1,wildfake_midjourney,full_synthetic,midjourney,train,a972a021819d092f,clean
1,wildfake_midjourney,full_synthetic,midjourney,train,a972a021819d092f,blur20
1,wildfake_midjourney,full_synthetic,midjourney,train,a972a021819d092f,noise002
1,wildfake_midjourney,full_synthetic,midjourney,train,a972a021819d092f,noise005
1,wildfake_midjourney,full_synthetic,midjourney,train,467647bffe5b1cb9,clean
1,wildfake_midjourney,full_synthetic,midjourney,train,467647bffe5b1cb9,resize025
1,wildfake_midjourney,full_synthetic,midjourney,train,467647bffe5b1cb9,jitter02
1,wildfake_midjourney,full_synthetic,midjourney,train,467647bffe5b1cb9,crop08
1,wildfake_midjourney,full_synthetic,midjourney,train,a30f904779230841,clean
1,wildfake_midjourney,full_synthetic,midjourney,train,a30f904779230841,jpeg30
1,wildfake_midjourney,full_synthetic,midjourney,train,a30f904779230841,blur05
1,wildfake_midjourney,full_synthetic,midjourney,train,a30f904779230841,noise002
1,wildfake_midjourney,full_synthetic,midjourney,train,d1d98c5f81eb1af3,clean
1,wildfake_midjourney,full_synthetic,midjourney,train,d1d98c5f81eb1af3,jpeg30
1,wildfake_midjourney,full_synthetic,midjourney,train,d1d98c5f81eb1af3,resize05
1,wildfake_midjourney,full_synthetic,midjourney,train,d1d98c5f81eb1af3,noise01
1,wildfake_midjourney,full_synthetic,midjourney,train,7333eb61db5e295a,clean
1,wildfake_midjourney,full_synthetic,midjourney,train,7333eb61db5e295a,jpeg70
1,wildfake_midjourney,full_synthetic,midjourney,train,7333eb61db5e295a,resize025
1,wildfake_midjourney,full_synthetic,midjourney,train,7333eb61db5e295a,jitter02
1,wildfake_midjourney,full_synthetic,midjourney,train,0efd9f9e661de238,clean
1,wildfake_midjourney,full_synthetic,midjourney,train,0efd9f9e661de238,jpeg50
1,wildfake_midjourney,full_synthetic,midjourney,train,0efd9f9e661de238,resize05
1,wildfake_midjourney,full_synthetic,midjourney,train,0efd9f9e661de238,noise01
1,wildfake_midjourney,full_synthetic,midjourney,train,943972677f16d046,clean
1,wildfake_midjourney,full_synthetic,midjourney,train,943972677f16d046,jpeg90
1,wildfake_midjourney,full_synthetic,midjourney,train,943972677f16d046,jpeg50
1,wildfake_midjourney,full_synthetic,midjourney,train,943972677f16d046,blur05
1,wildfake_midjourney,full_synthetic,midjourney,train,2996493358782fe3,clean
1,wildfake_midjourney,full_synthetic,midjourney,train,2996493358782fe3,blur20
1,wildfake_midjourney,full_synthetic,midjourney,train,2996493358782fe3,resize025
1,wildfake_midjourney,full_synthetic,midjourney,train,2996493358782fe3,crop08
1,wildfake_midjourney,full_synthetic,midjourney,train,b718764081569f7e,clean
1,wildfake_midjourney,full_synthetic,midjourney,train,b718764081569f7e,jpeg30
1,wildfake_midjourney,full_synthetic,midjourney,train,b718764081569f7e,blur10
1,wildfake_midjourney,full_synthetic,midjourney,train,b718764081569f7e,resize025
1,wildfake_midjourney,full_synthetic,midjourney,train,7b9a2201c982bf23,clean
1,wildfake_midjourney,full_synthetic,midjourney,train,7b9a2201c982bf23,jpeg90
1,wildfake_midjourney,full_synthetic,midjourney,train,7b9a2201c982bf23,blur10
1,wildfake_midjourney,full_synthetic,midjourney,train,7b9a2201c982bf23,jitter02
1,wildfake_midjourney,full_synthetic,midjourney,train,472f7fd36b29e1d6,clean
1,wildfake_midjourney,full_synthetic,midjourney,train,472f7fd36b29e1d6,jpeg90
1,wildfake_midjourney,full_synthetic,midjourney,train,472f7fd36b29e1d6,resize05
1,wildfake_midjourney,full_synthetic,midjourney,train,472f7fd36b29e1d6,noise002
1,wildfake_midjourney,full_synthetic,midjourney,train,5bae6a0d8e20973e,clean
1,wildfake_midjourney,full_synthetic,midjourney,train,5bae6a0d8e20973e,blur20
1,wildfake_midjourney,full_synthetic,midjourney,train,5bae6a0d8e20973e,resize025
1,wildfake_midjourney,full_synthetic,midjourney,train,5bae6a0d8e20973e,jitter02
1,wildfake_midjourney,full_synthetic,midjourney,train,b1b6861db064a206,clean
1,wildfake_midjourney,full_synthetic,midjourney,train,b1b6861db064a206,blur20
1,wildfake_midjourney,full_synthetic,midjourney,train,b1b6861db064a206,noise01
1,wildfake_midjourney,full_synthetic,midjourney,train,b1b6861db064a206,crop08
1,wildfake_midjourney,full_synthetic,midjourney,train,5781e5c2473d2fba,clean
1,wildfake_midjourney,full_synthetic,midjourney,train,5781e5c2473d2fba,jpeg70
1,wildfake_midjourney,full_synthetic,midjourney,train,5781e5c2473d2fba,jitter02
1,wildfake_midjourney,full_synthetic,midjourney,train,5781e5c2473d2fba,crop08
1,wildfake_midjourney,full_synthetic,midjourney,train,859a5d4c22a77d4f,clean
1,wildfake_midjourney,full_synthetic,midjourney,train,859a5d4c22a77d4f,jpeg70
1,wildfake_midjourney,full_synthetic,midjourney,train,859a5d4c22a77d4f,noise002
1,wildfake_midjourney,full_synthetic,midjourney,train,859a5d4c22a77d4f,jitter02
1,wildfake_midjourney,full_synthetic,midjourney,train,d92a0267cfc1c869,clean
1,wildfake_midjourney,full_synthetic,midjourney,train,d92a0267cfc1c869,jpeg90
1,wildfake_midjourney,full_synthetic,midjourney,train,d92a0267cfc1c869,jpeg70
1,wildfake_midjourney,full_synthetic,midjourney,train,d92a0267cfc1c869,jitter02
1,wildfake_midjourney,full_synthetic,midjourney,train,bda86fde9424320b,clean
1,wildfake_midjourney,full_synthetic,midjourney,train,bda86fde9424320b,jpeg70
1,wildfake_midjourney,full_synthetic,midjourney,train,bda86fde9424320b,blur20
1,wildfake_midjourney,full_synthetic,midjourney,train,bda86fde9424320b,noise01
1,wildfake_midjourney,full_synthetic,midjourney,train,63f040375e756c33,clean
1,wildfake_midjourney,full_synthetic,midjourney,train,63f040375e756c33,jpeg50
1,wildfake_midjourney,full_synthetic,midjourney,train,63f040375e756c33,blur20
1,wildfake_midjourney,full_synthetic,midjourney,train,63f040375e756c33,jitter02
1,wildfake_midjourney,full_synthetic,midjourney,train,3bb9ecad62f68a59,clean
1,wildfake_midjourney,full_synthetic,midjourney,train,3bb9ecad62f68a59,blur20
1,wildfake_midjourney,full_synthetic,midjourney,train,3bb9ecad62f68a59,resize05
1,wildfake_midjourney,full_synthetic,midjourney,train,3bb9ecad62f68a59,noise005
1,wildfake_midjourney,full_synthetic,midjourney,train,c20418f5631613b1,clean
1,wildfake_midjourney,full_synthetic,midjourney,train,c20418f5631613b1,resize025
1,wildfake_midjourney,full_synthetic,midjourney,train,c20418f5631613b1,noise005
1,wildfake_midjourney,full_synthetic,midjourney,train,c20418f5631613b1,crop08
1,wildfake_midjourney,full_synthetic,midjourney,train,74f125c01540d1de,clean
1,wildfake_midjourney,full_synthetic,midjourney,train,74f125c01540d1de,jpeg90
1,wildfake_midjourney,full_synthetic,midjourney,train,74f125c01540d1de,jpeg50
1,wildfake_midjourney,full_synthetic,midjourney,train,74f125c01540d1de,resize05
1,wildfake_midjourney,full_synthetic,midjourney,train,3d440d4f984df741,clean
1,wildfake_midjourney,full_synthetic,midjourney,train,3d440d4f984df741,jpeg90
1,wildfake_midjourney,full_synthetic,midjourney,train,3d440d4f984df741,jpeg70
1,wildfake_midjourney,full_synthetic,midjourney,train,3d440d4f984df741,noise01
1,wildfake_midjourney,full_synthetic,midjourney,train,6ea504735b9d02e9,clean
1,wildfake_midjourney,full_synthetic,midjourney,train,6ea504735b9d02e9,blur10
1,wildfake_midjourney,full_synthetic,midjourney,train,6ea504735b9d02e9,noise005
1,wildfake_midjourney,full_synthetic,midjourney,train,6ea504735b9d02e9,noise01
1,wildfake_midjourney,full_synthetic,midjourney,train,0306f78c24ca7705,clean
1,wildfake_midjourney,full_synthetic,midjourney,train,0306f78c24ca7705,blur05
1,wildfake_midjourney,full_synthetic,midjourney,train,0306f78c24ca7705,resize025
1,wildfake_midjourney,full_synthetic,midjourney,train,0306f78c24ca7705,jitter02
1,wildfake_midjourney,full_synthetic,midjourney,train,31d9198415958739,clean
1,wildfake_midjourney,full_synthetic,midjourney,train,31d9198415958739,jpeg70
1,wildfake_midjourney,full_synthetic,midjourney,train,31d9198415958739,blur10
1,wildfake_midjourney,full_synthetic,midjourney,train,31d9198415958739,resize025
1,wildfake_midjourney,full_synthetic,midjourney,train,57f3aecdcefbba4d,clean
1,wildfake_midjourney,full_synthetic,midjourney,train,57f3aecdcefbba4d,jpeg70
1,wildfake_midjourney,full_synthetic,midjourney,train,57f3aecdcefbba4d,blur10
1,wildfake_midjourney,full_synthetic,midjourney,train,57f3aecdcefbba4d,crop08
1,wildfake_midjourney,full_synthetic,midjourney,train,08f44fc9d13ee6a4,clean
1,wildfake_midjourney,full_synthetic,midjourney,train,08f44fc9d13ee6a4,jpeg50
1,wildfake_midjourney,full_synthetic,midjourney,train,08f44fc9d13ee6a4,blur20
1,wildfake_midjourney,full_synthetic,midjourney,train,08f44fc9d13ee6a4,crop08
1,wildfake_midjourney,full_synthetic,midjourney,train,fa6e0de38e9e402d,clean
1,wildfake_midjourney,full_synthetic,midjourney,train,fa6e0de38e9e402d,jpeg70
1,wildfake_midjourney,full_synthetic,midjourney,train,fa6e0de38e9e402d,blur20
1,wildfake_midjourney,full_synthetic,midjourney,train,fa6e0de38e9e402d,resize05
1,wildfake_midjourney,full_synthetic,midjourney,train,f0b4e0d37f98ec25,clean
1,wildfake_midjourney,full_synthetic,midjourney,train,f0b4e0d37f98ec25,jpeg70
1,wildfake_midjourney,full_synthetic,midjourney,train,f0b4e0d37f98ec25,jpeg30
1,wildfake_midjourney,full_synthetic,midjourney,train,f0b4e0d37f98ec25,blur10
1,wildfake_midjourney,full_synthetic,midjourney,train,89d5000935a2f15e,clean
1,wildfake_midjourney,full_synthetic,midjourney,train,89d5000935a2f15e,jpeg50
1,wildfake_midjourney,full_synthetic,midjourney,train,89d5000935a2f15e,blur05
1,wildfake_midjourney,full_synthetic,midjourney,train,89d5000935a2f15e,noise002
1,wildfake_midjourney,full_synthetic,midjourney,train,44e82720e835389a,clean
1,wildfake_midjourney,full_synthetic,midjourney,train,44e82720e835389a,noise01
1,wildfake_midjourney,full_synthetic,midjourney,train,44e82720e835389a,jitter02
1,wildfake_midjourney,full_synthetic,midjourney,train,44e82720e835389a,crop08
1,wildfake_midjourney,full_synthetic,midjourney,train,aca528f0241c0b0f,clean
1,wildfake_midjourney,full_synthetic,midjourney,train,aca528f0241c0b0f,jpeg90
1,wildfake_midjourney,full_synthetic,midjourney,train,aca528f0241c0b0f,jpeg50
1,wildfake_midjourney,full_synthetic,midjourney,train,aca528f0241c0b0f,resize025
1,wildfake_midjourney,full_synthetic,midjourney,train,42ee2b43b759593b,clean
1,wildfake_midjourney,full_synthetic,midjourney,train,42ee2b43b759593b,jpeg30
1,wildfake_midjourney,full_synthetic,midjourney,train,42ee2b43b759593b,resize025
1,wildfake_midjourney,full_synthetic,midjourney,train,42ee2b43b759593b,jitter02
1,wildfake_midjourney,full_synthetic,midjourney,train,e1704dfcb94065b2,clean
1,wildfake_midjourney,full_synthetic,midjourney,train,e1704dfcb94065b2,blur05
1,wildfake_midjourney,full_synthetic,midjourney,train,e1704dfcb94065b2,blur20
1,wildfake_midjourney,full_synthetic,midjourney,train,e1704dfcb94065b2,noise002
1,wildfake_midjourney,full_synthetic,midjourney,train,59f98acb82682390,clean
1,wildfake_midjourney,full_synthetic,midjourney,train,59f98acb82682390,noise002
1,wildfake_midjourney,full_synthetic,midjourney,train,59f98acb82682390,jitter02
1,wildfake_midjourney,full_synthetic,midjourney,train,59f98acb82682390,crop08
1,wildfake_midjourney,full_synthetic,midjourney,train,45fc93b977111b68,clean
1,wildfake_midjourney,full_synthetic,midjourney,train,45fc93b977111b68,blur10
1,wildfake_midjourney,full_synthetic,midjourney,train,45fc93b977111b68,noise01
1,wildfake_midjourney,full_synthetic,midjourney,train,45fc93b977111b68,jitter02
1,wildfake_midjourney,full_synthetic,midjourney,train,b9905dbf63f858ae,clean
1,wildfake_midjourney,full_synthetic,midjourney,train,b9905dbf63f858ae,noise005
1,wildfake_midjourney,full_synthetic,midjourney,train,b9905dbf63f858ae,noise01
1,wildfake_midjourney,full_synthetic,midjourney,train,b9905dbf63f858ae,jitter02
1,wildfake_midjourney,full_synthetic,midjourney,train,002c684b1908b37e,clean
1,wildfake_midjourney,full_synthetic,midjourney,train,002c684b1908b37e,jpeg70
1,wildfake_midjourney,full_synthetic,midjourney,train,002c684b1908b37e,resize025
1,wildfake_midjourney,full_synthetic,midjourney,train,002c684b1908b37e,noise002
1,wildfake_midjourney,full_synthetic,midjourney,train,de3636f68ed88a05,clean
1,wildfake_midjourney,full_synthetic,midjourney,train,de3636f68ed88a05,jpeg50
1,wildfake_midjourney,full_synthetic,midjourney,train,de3636f68ed88a05,blur10
1,wildfake_midjourney,full_synthetic,midjourney,train,de3636f68ed88a05,noise005
1,wildfake_midjourney,full_synthetic,midjourney,train,5f80b621d3e87213,clean
1,wildfake_midjourney,full_synthetic,midjourney,train,5f80b621d3e87213,jpeg70
1,wildfake_midjourney,full_synthetic,midjourney,train,5f80b621d3e87213,blur10
1,wildfake_midjourney,full_synthetic,midjourney,train,5f80b621d3e87213,jitter02
1,wildfake_midjourney,full_synthetic,midjourney,train,3719cceeea416914,clean
1,wildfake_midjourney,full_synthetic,midjourney,train,3719cceeea416914,jpeg70
1,wildfake_midjourney,full_synthetic,midjourney,train,3719cceeea416914,jpeg50
1,wildfake_midjourney,full_synthetic,midjourney,train,3719cceeea416914,crop08
1,wildfake_midjourney,full_synthetic,midjourney,train,696c51442f1e7954,clean
1,wildfake_midjourney,full_synthetic,midjourney,train,696c51442f1e7954,jpeg50
1,wildfake_midjourney,full_synthetic,midjourney,train,696c51442f1e7954,noise01
1,wildfake_midjourney,full_synthetic,midjourney,train,696c51442f1e7954,crop08
1,wildfake_midjourney,full_synthetic,midjourney,train,e3c6628f6c9f8d08,clean
1,wildfake_midjourney,full_synthetic,midjourney,train,e3c6628f6c9f8d08,blur10
1,wildfake_midjourney,full_synthetic,midjourney,train,e3c6628f6c9f8d08,blur20
1,wildfake_midjourney,full_synthetic,midjourney,train,e3c6628f6c9f8d08,noise005
1,wildfake_midjourney,full_synthetic,midjourney,train,f0b4a76a62d3abf9,clean
1,wildfake_midjourney,full_synthetic,midjourney,train,f0b4a76a62d3abf9,jpeg50
1,wildfake_midjourney,full_synthetic,midjourney,train,f0b4a76a62d3abf9,resize05
1,wildfake_midjourney,full_synthetic,midjourney,train,f0b4a76a62d3abf9,crop08
1,wildfake_midjourney,full_synthetic,midjourney,train,5167e5f8c74bab83,clean
1,wildfake_midjourney,full_synthetic,midjourney,train,5167e5f8c74bab83,jpeg90
1,wildfake_midjourney,full_synthetic,midjourney,train,5167e5f8c74bab83,resize05
1,wildfake_midjourney,full_synthetic,midjourney,train,5167e5f8c74bab83,crop08
1,wildfake_midjourney,full_synthetic,midjourney,train,dcce57820a76268a,clean
1,wildfake_midjourney,full_synthetic,midjourney,train,dcce57820a76268a,resize05
1,wildfake_midjourney,full_synthetic,midjourney,train,dcce57820a76268a,noise002
1,wildfake_midjourney,full_synthetic,midjourney,train,dcce57820a76268a,crop08
1,wildfake_midjourney,full_synthetic,midjourney,train,4c46d30705b0bafe,clean
1,wildfake_midjourney,full_synthetic,midjourney,train,4c46d30705b0bafe,jpeg50
1,wildfake_midjourney,full_synthetic,midjourney,train,4c46d30705b0bafe,blur05
1,wildfake_midjourney,full_synthetic,midjourney,train,4c46d30705b0bafe,jitter02
1,wildfake_midjourney,full_synthetic,midjourney,train,20a8e7e92c0051c7,clean
1,wildfake_midjourney,full_synthetic,midjourney,train,20a8e7e92c0051c7,blur05
1,wildfake_midjourney,full_synthetic,midjourney,train,20a8e7e92c0051c7,blur10
1,wildfake_midjourney,full_synthetic,midjourney,train,20a8e7e92c0051c7,crop08
1,wildfake_midjourney,full_synthetic,midjourney,train,38682a4117d62996,clean
1,wildfake_midjourney,full_synthetic,midjourney,train,38682a4117d62996,jpeg90
1,wildfake_midjourney,full_synthetic,midjourney,train,38682a4117d62996,jpeg30
1,wildfake_midjourney,full_synthetic,midjourney,train,38682a4117d62996,blur05
1,wildfake_midjourney,full_synthetic,midjourney,train,c32356c63539ad07,clean
1,wildfake_midjourney,full_synthetic,midjourney,train,c32356c63539ad07,jpeg70
1,wildfake_midjourney,full_synthetic,midjourney,train,c32356c63539ad07,resize05
1,wildfake_midjourney,full_synthetic,midjourney,train,c32356c63539ad07,noise002
1,wildfake_midjourney,full_synthetic,midjourney,train,1b3a2610805bb6ed,clean
1,wildfake_midjourney,full_synthetic,midjourney,train,1b3a2610805bb6ed,jpeg50
1,wildfake_midjourney,full_synthetic,midjourney,train,1b3a2610805bb6ed,noise002
1,wildfake_midjourney,full_synthetic,midjourney,train,1b3a2610805bb6ed,noise01
1,wildfake_midjourney,full_synthetic,midjourney,train,9549c18a2e1669d5,clean
1,wildfake_midjourney,full_synthetic,midjourney,train,9549c18a2e1669d5,jpeg50
1,wildfake_midjourney,full_synthetic,midjourney,train,9549c18a2e1669d5,blur20
1,wildfake_midjourney,full_synthetic,midjourney,train,9549c18a2e1669d5,resize025
1,wildfake_midjourney,full_synthetic,midjourney,train,4ca614a924c458bb,clean
1,wildfake_midjourney,full_synthetic,midjourney,train,4ca614a924c458bb,jpeg90
1,wildfake_midjourney,full_synthetic,midjourney,train,4ca614a924c458bb,blur20
1,wildfake_midjourney,full_synthetic,midjourney,train,4ca614a924c458bb,resize05
1,wildfake_midjourney,full_synthetic,midjourney,train,1165f4cc5ed49a01,clean
1,wildfake_midjourney,full_synthetic,midjourney,train,1165f4cc5ed49a01,jpeg90
1,wildfake_midjourney,full_synthetic,midjourney,train,1165f4cc5ed49a01,resize05
1,wildfake_midjourney,full_synthetic,midjourney,train,1165f4cc5ed49a01,noise002
1,wildfake_midjourney,full_synthetic,midjourney,train,54659e7e4f8f7e7d,clean
1,wildfake_midjourney,full_synthetic,midjourney,train,54659e7e4f8f7e7d,jpeg50
1,wildfake_midjourney,full_synthetic,midjourney,train,54659e7e4f8f7e7d,blur05
1,wildfake_midjourney,full_synthetic,midjourney,train,54659e7e4f8f7e7d,crop08
1,wildfake_midjourney,full_synthetic,midjourney,train,af88e45f07ef60e9,clean
1,wildfake_midjourney,full_synthetic,midjourney,train,af88e45f07ef60e9,jpeg30
1,wildfake_midjourney,full_synthetic,midjourney,train,af88e45f07ef60e9,resize05
1,wildfake_midjourney,full_synthetic,midjourney,train,af88e45f07ef60e9,noise002
1,wildfake_midjourney,full_synthetic,midjourney,train,9cc62c348262618e,clean
1,wildfake_midjourney,full_synthetic,midjourney,train,9cc62c348262618e,blur10
1,wildfake_midjourney,full_synthetic,midjourney,train,9cc62c348262618e,resize05
1,wildfake_midjourney,full_synthetic,midjourney,train,9cc62c348262618e,resize025
1,wildfake_midjourney,full_synthetic,midjourney,train,651de21c150a8d1d,clean
1,wildfake_midjourney,full_synthetic,midjourney,train,651de21c150a8d1d,jpeg90
1,wildfake_midjourney,full_synthetic,midjourney,train,651de21c150a8d1d,resize025
1,wildfake_midjourney,full_synthetic,midjourney,train,651de21c150a8d1d,noise005
1,wildfake_midjourney,full_synthetic,midjourney,train,c9d4bf142841630c,clean
1,wildfake_midjourney,full_synthetic,midjourney,train,c9d4bf142841630c,jpeg90
1,wildfake_midjourney,full_synthetic,midjourney,train,c9d4bf142841630c,jpeg30
1,wildfake_midjourney,full_synthetic,midjourney,train,c9d4bf142841630c,noise002
1,wildfake_midjourney,full_synthetic,midjourney,train,e3ffc9004e6ce832,clean
1,wildfake_midjourney,full_synthetic,midjourney,train,e3ffc9004e6ce832,jpeg70
1,wildfake_midjourney,full_synthetic,midjourney,train,e3ffc9004e6ce832,noise005
1,wildfake_midjourney,full_synthetic,midjourney,train,e3ffc9004e6ce832,noise01
1,wildfake_midjourney,full_synthetic,midjourney,train,f55010840de5105e,clean
1,wildfake_midjourney,full_synthetic,midjourney,train,f55010840de5105e,jpeg90
1,wildfake_midjourney,full_synthetic,midjourney,train,f55010840de5105e,resize025
1,wildfake_midjourney,full_synthetic,midjourney,train,f55010840de5105e,noise002
1,wildfake_midjourney,full_synthetic,midjourney,train,ea98512470922eb0,clean
1,wildfake_midjourney,full_synthetic,midjourney,train,ea98512470922eb0,blur20
1,wildfake_midjourney,full_synthetic,midjourney,train,ea98512470922eb0,noise002
1,wildfake_midjourney,full_synthetic,midjourney,train,ea98512470922eb0,noise01
1,wildfake_midjourney,full_synthetic,midjourney,train,4cf0469a028d3642,clean
1,wildfake_midjourney,full_synthetic,midjourney,train,4cf0469a028d3642,jpeg70
1,wildfake_midjourney,full_synthetic,midjourney,train,4cf0469a028d3642,noise005
1,wildfake_midjourney,full_synthetic,midjourney,train,4cf0469a028d3642,jitter02
1,wildfake_midjourney,full_synthetic,midjourney,train,e4152ec008d69b04,clean
1,wildfake_midjourney,full_synthetic,midjourney,train,e4152ec008d69b04,jpeg70
1,wildfake_midjourney,full_synthetic,midjourney,train,e4152ec008d69b04,noise005
1,wildfake_midjourney,full_synthetic,midjourney,train,e4152ec008d69b04,jitter02
1,wildfake_midjourney,full_synthetic,midjourney,train,2a038f9ec5a68d37,clean
1,wildfake_midjourney,full_synthetic,midjourney,train,2a038f9ec5a68d37,jpeg70
1,wildfake_midjourney,full_synthetic,midjourney,train,2a038f9ec5a68d37,blur10
1,wildfake_midjourney,full_synthetic,midjourney,train,2a038f9ec5a68d37,noise005
1,wildfake_midjourney,full_synthetic,midjourney,train,ed31ff314ef36e4a,clean
1,wildfake_midjourney,full_synthetic,midjourney,train,ed31ff314ef36e4a,jpeg70
1,wildfake_midjourney,full_synthetic,midjourney,train,ed31ff314ef36e4a,blur05
1,wildfake_midjourney,full_synthetic,midjourney,train,ed31ff314ef36e4a,noise005
1,wildfake_midjourney,full_synthetic,midjourney,train,f74e2c6ca396d32c,clean
1,wildfake_midjourney,full_synthetic,midjourney,train,f74e2c6ca396d32c,jpeg50
1,wildfake_midjourney,full_synthetic,midjourney,train,f74e2c6ca396d32c,resize05
1,wildfake_midjourney,full_synthetic,midjourney,train,f74e2c6ca396d32c,noise005
1,wildfake_midjourney,full_synthetic,midjourney,train,cc7b1d89c6f5fbea,clean
1,wildfake_midjourney,full_synthetic,midjourney,train,cc7b1d89c6f5fbea,jpeg50
1,wildfake_midjourney,full_synthetic,midjourney,train,cc7b1d89c6f5fbea,jpeg30
1,wildfake_midjourney,full_synthetic,midjourney,train,cc7b1d89c6f5fbea,noise01
1,wildfake_midjourney,full_synthetic,midjourney,train,72c029f646232135,clean
1,wildfake_midjourney,full_synthetic,midjourney,train,72c029f646232135,blur10
1,wildfake_midjourney,full_synthetic,midjourney,train,72c029f646232135,blur20
1,wildfake_midjourney,full_synthetic,midjourney,train,72c029f646232135,crop08
1,wildfake_midjourney,full_synthetic,midjourney,train,ca11663ca6a28907,clean
1,wildfake_midjourney,full_synthetic,midjourney,train,ca11663ca6a28907,blur20
1,wildfake_midjourney,full_synthetic,midjourney,train,ca11663ca6a28907,resize025
1,wildfake_midjourney,full_synthetic,midjourney,train,ca11663ca6a28907,crop08
1,wildfake_midjourney,full_synthetic,midjourney,train,118bd4757b15a0cc,clean
1,wildfake_midjourney,full_synthetic,midjourney,train,118bd4757b15a0cc,jpeg90
1,wildfake_midjourney,full_synthetic,midjourney,train,118bd4757b15a0cc,jpeg70
1,wildfake_midjourney,full_synthetic,midjourney,train,118bd4757b15a0cc,blur20
1,wildfake_midjourney,full_synthetic,midjourney,train,501f51c7d182468d,clean
1,wildfake_midjourney,full_synthetic,midjourney,train,501f51c7d182468d,jpeg90
1,wildfake_midjourney,full_synthetic,midjourney,train,501f51c7d182468d,blur05
1,wildfake_midjourney,full_synthetic,midjourney,train,501f51c7d182468d,noise01
1,wildfake_midjourney,full_synthetic,midjourney,train,7918ae793a4f8893,clean
1,wildfake_midjourney,full_synthetic,midjourney,train,7918ae793a4f8893,jpeg90
1,wildfake_midjourney,full_synthetic,midjourney,train,7918ae793a4f8893,jpeg30
1,wildfake_midjourney,full_synthetic,midjourney,train,7918ae793a4f8893,blur20
1,wildfake_midjourney,full_synthetic,midjourney,train,a466182763102721,clean
1,wildfake_midjourney,full_synthetic,midjourney,train,a466182763102721,jpeg70
1,wildfake_midjourney,full_synthetic,midjourney,train,a466182763102721,jpeg30
1,wildfake_midjourney,full_synthetic,midjourney,train,a466182763102721,blur05
1,wildfake_midjourney,full_synthetic,midjourney,train,7fb65095bce0ae11,clean
1,wildfake_midjourney,full_synthetic,midjourney,train,7fb65095bce0ae11,jpeg70
1,wildfake_midjourney,full_synthetic,midjourney,train,7fb65095bce0ae11,blur05
1,wildfake_midjourney,full_synthetic,midjourney,train,7fb65095bce0ae11,blur10
1,wildfake_midjourney,full_synthetic,midjourney,train,bd29374ce0e0b9b8,clean
1,wildfake_midjourney,full_synthetic,midjourney,train,bd29374ce0e0b9b8,jpeg50
1,wildfake_midjourney,full_synthetic,midjourney,train,bd29374ce0e0b9b8,jpeg30
1,wildfake_midjourney,full_synthetic,midjourney,train,bd29374ce0e0b9b8,noise002
1,wildfake_midjourney,full_synthetic,midjourney,train,bf96c824766b6128,clean
1,wildfake_midjourney,full_synthetic,midjourney,train,bf96c824766b6128,noise002
1,wildfake_midjourney,full_synthetic,midjourney,train,bf96c824766b6128,noise005
1,wildfake_midjourney,full_synthetic,midjourney,train,bf96c824766b6128,noise01
1,wildfake_midjourney,full_synthetic,midjourney,train,437dbcd485515946,clean
1,wildfake_midjourney,full_synthetic,midjourney,train,437dbcd485515946,jpeg90
1,wildfake_midjourney,full_synthetic,midjourney,train,437dbcd485515946,resize05
1,wildfake_midjourney,full_synthetic,midjourney,train,437dbcd485515946,noise005
1,wildfake_midjourney,full_synthetic,midjourney,train,a4641632bf543725,clean
1,wildfake_midjourney,full_synthetic,midjourney,train,a4641632bf543725,jpeg70
1,wildfake_midjourney,full_synthetic,midjourney,train,a4641632bf543725,jpeg30
1,wildfake_midjourney,full_synthetic,midjourney,train,a4641632bf543725,blur05
1,wildfake_midjourney,full_synthetic,midjourney,train,e341d27dfaf01714,clean
1,wildfake_midjourney,full_synthetic,midjourney,train,e341d27dfaf01714,jpeg90
1,wildfake_midjourney,full_synthetic,midjourney,train,e341d27dfaf01714,jpeg30
1,wildfake_midjourney,full_synthetic,midjourney,train,e341d27dfaf01714,noise01
1,wildfake_midjourney,full_synthetic,midjourney,train,c5a12e1baff0e95d,clean
1,wildfake_midjourney,full_synthetic,midjourney,train,c5a12e1baff0e95d,blur05
1,wildfake_midjourney,full_synthetic,midjourney,train,c5a12e1baff0e95d,blur20
1,wildfake_midjourney,full_synthetic,midjourney,train,c5a12e1baff0e95d,resize05
1,wildfake_midjourney,full_synthetic,midjourney,train,ab130117c92638cc,clean
1,wildfake_midjourney,full_synthetic,midjourney,train,ab130117c92638cc,blur05
1,wildfake_midjourney,full_synthetic,midjourney,train,ab130117c92638cc,resize05
1,wildfake_midjourney,full_synthetic,midjourney,train,ab130117c92638cc,noise005
1,wildfake_midjourney,full_synthetic,midjourney,train,7d6152562ef9566d,clean
1,wildfake_midjourney,full_synthetic,midjourney,train,7d6152562ef9566d,jpeg30
1,wildfake_midjourney,full_synthetic,midjourney,train,7d6152562ef9566d,resize05
1,wildfake_midjourney,full_synthetic,midjourney,train,7d6152562ef9566d,noise002
1,wildfake_midjourney,full_synthetic,midjourney,train,822a8027435a706a,clean
1,wildfake_midjourney,full_synthetic,midjourney,train,822a8027435a706a,noise01
1,wildfake_midjourney,full_synthetic,midjourney,train,822a8027435a706a,jitter02
1,wildfake_midjourney,full_synthetic,midjourney,train,822a8027435a706a,crop08
1,wildfake_midjourney,full_synthetic,midjourney,train,edd12c8c20b6fecc,clean
1,wildfake_midjourney,full_synthetic,midjourney,train,edd12c8c20b6fecc,jpeg50
1,wildfake_midjourney,full_synthetic,midjourney,train,edd12c8c20b6fecc,jpeg30
1,wildfake_midjourney,full_synthetic,midjourney,train,edd12c8c20b6fecc,crop08
1,wildfake_midjourney,full_synthetic,midjourney,train,6d2a3e248b7512d3,clean
1,wildfake_midjourney,full_synthetic,midjourney,train,6d2a3e248b7512d3,blur20
1,wildfake_midjourney,full_synthetic,midjourney,train,6d2a3e248b7512d3,resize025
1,wildfake_midjourney,full_synthetic,midjourney,train,6d2a3e248b7512d3,crop08
1,wildfake_midjourney,full_synthetic,midjourney,train,051d77b46d5b3627,clean
1,wildfake_midjourney,full_synthetic,midjourney,train,051d77b46d5b3627,jpeg90
1,wildfake_midjourney,full_synthetic,midjourney,train,051d77b46d5b3627,jpeg70
1,wildfake_midjourney,full_synthetic,midjourney,train,051d77b46d5b3627,jitter02
1,wildfake_midjourney,full_synthetic,midjourney,train,b7c5e8848b442a42,clean
1,wildfake_midjourney,full_synthetic,midjourney,train,b7c5e8848b442a42,resize05
1,wildfake_midjourney,full_synthetic,midjourney,train,b7c5e8848b442a42,noise002
1,wildfake_midjourney,full_synthetic,midjourney,train,b7c5e8848b442a42,noise005
1,wildfake_midjourney,full_synthetic,midjourney,train,b5e36408e35c2b8b,clean
1,wildfake_midjourney,full_synthetic,midjourney,train,b5e36408e35c2b8b,jpeg70
1,wildfake_midjourney,full_synthetic,midjourney,train,b5e36408e35c2b8b,jpeg50
1,wildfake_midjourney,full_synthetic,midjourney,train,b5e36408e35c2b8b,resize05
1,wildfake_midjourney,full_synthetic,midjourney,train,e1bf2a07c517ee5b,clean
1,wildfake_midjourney,full_synthetic,midjourney,train,e1bf2a07c517ee5b,jpeg90
1,wildfake_midjourney,full_synthetic,midjourney,train,e1bf2a07c517ee5b,resize025
1,wildfake_midjourney,full_synthetic,midjourney,train,e1bf2a07c517ee5b,crop08
1,wildfake_midjourney,full_synthetic,midjourney,train,50721518998bc631,clean
1,wildfake_midjourney,full_synthetic,midjourney,train,50721518998bc631,resize025
1,wildfake_midjourney,full_synthetic,midjourney,train,50721518998bc631,noise005
1,wildfake_midjourney,full_synthetic,midjourney,train,50721518998bc631,noise01
1,wildfake_midjourney,full_synthetic,midjourney,train,2cf53ca387c506a2,clean
1,wildfake_midjourney,full_synthetic,midjourney,train,2cf53ca387c506a2,jpeg70
1,wildfake_midjourney,full_synthetic,midjourney,train,2cf53ca387c506a2,blur10
1,wildfake_midjourney,full_synthetic,midjourney,train,2cf53ca387c506a2,resize025
1,wildfake_midjourney,full_synthetic,midjourney,train,cd129c43227c0ad5,clean
1,wildfake_midjourney,full_synthetic,midjourney,train,cd129c43227c0ad5,jpeg90
1,wildfake_midjourney,full_synthetic,midjourney,train,cd129c43227c0ad5,noise005
1,wildfake_midjourney,full_synthetic,midjourney,train,cd129c43227c0ad5,crop08
