label,source,subclass,generator,split,image_id,variant
0,so_fake_ood,real,,test_ood,93447208b3956685,blur05
0,so_fake_ood,real,,test_ood,93447208b3956685,blur10
0,so_fake_ood,real,,test_ood,93447208b3956685,blur20
0,so_fake_ood,real,,test_ood,93447208b3956685,resize05
0,so_fake_ood,real,,test_ood,93447208b3956685,resize025
0,so_fake_ood,real,,test_ood,93447208b3956685,noise002
0,so_fake_ood,real,,test_ood,93447208b3956685,noise005
0,so_fake_ood,real,,test_ood,93447208b3956685,noise01
0,so_fake_ood,real,,test_ood,93447208b3956685,jitter02
0,so_fake_ood,real,,test_ood,93447208b3956685,crop08
0,so_fake_ood,real,,test_ood,221eb9f862940bde,clean
0,so_fake_ood,real,,test_ood,221eb9f862940bde,jpeg90
0,so_fake_ood,real,,test_ood,221eb9f862940bde,jpeg70
0,so_fake_ood,real,,test_ood,221eb9f862940bde,jpeg50
0,so_fake_ood,real,,test_ood,221eb9f862940bde,jpeg30
0,so_fake_ood,real,,test_ood,221eb9f862940bde,blur05
0,so_fake_ood,real,,test_ood,221eb9f862940bde,blur10
0,so_fake_ood,real,,test_ood,221eb9f862940bde,blur20
0,so_fake_ood,real,,test_ood,221eb9f862940bde,resize05
0,so_fake_ood,real,,test_ood,221eb9f862940bde,resize025
0,so_fake_ood,real,,test_ood,221eb9f862940bde,noise002
0,so_fake_ood,real,,test_ood,221eb9f862940bde,noise005
0,so_fake_ood,real,,test_ood,221eb9f862940bde,noise01
0,so_fake_ood,real,,test_ood,221eb9f862940bde,jitter02
0,so_fake_ood,real,,test_ood,221eb9f862940bde,crop08
0,so_fake_ood,real,,test_ood,1585e3d1f3068c79,clean
0,so_fake_ood,real,,test_ood,1585e3d1f3068c79,jpeg90
0,so_fake_ood,real,,test_ood,1585e3d1f3068c79,jpeg70
0,so_fake_ood,real,,test_ood,1585e3d1f3068c79,jpeg50
0,so_fake_ood,real,,test_ood,1585e3d1f3068c79,jpeg30
0,so_fake_ood,real,,test_ood,1585e3d1f3068c79,blur05
0,so_fake_ood,real,,test_ood,1585e3d1f3068c79,blur10
0,so_fake_ood,real,,test_ood,1585e3d1f3068c79,blur20
0,so_fake_ood,real,,test_ood,1585e3d1f3068c79,resize05
0,so_fake_ood,real,,test_ood,1585e3d1f3068c79,resize025
0,so_fake_ood,real,,test_ood,1585e3d1f3068c79,noise002
0,so_fake_ood,real,,test_ood,1585e3d1f3068c79,noise005
0,so_fake_ood,real,,test_ood,1585e3d1f3068c79,noise01
0,so_fake_ood,real,,test_ood,1585e3d1f3068c79,jitter02
0,so_fake_ood,real,,test_ood,1585e3d1f3068c79,crop08
0,so_fake_ood,real,,test_ood,14420559c24ebbd5,clean
0,so_fake_ood,real,,test_ood,14420559c24ebbd5,jpeg90
0,so_fake_ood,real,,test_ood,14420559c24ebbd5,jpeg70
0,so_fake_ood,real,,test_ood,14420559c24ebbd5,jpeg50
0,so_fake_ood,real,,test_ood,14420559c24ebbd5,jpeg30
0,so_fake_ood,real,,test_ood,14420559c24ebbd5,blur05
0,so_fake_ood,real,,test_ood,14420559c24ebbd5,blur10
0,so_fake_ood,real,,test_ood,14420559c24ebbd5,blur20
0,so_fake_ood,real,,test_ood,14420559c24ebbd5,resize05
0,so_fake_ood,real,,test_ood,14420559c24ebbd5,resize025
0,so_fake_ood,real,,test_ood,14420559c24ebbd5,noise002
0,so_fake_ood,real,,test_ood,14420559c24ebbd5,noise005
0,so_fake_ood,real,,test_ood,14420559c24ebbd5,noise01
0,so_fake_ood,real,,test_ood,14420559c24ebbd5,jitter02
0,so_fake_ood,real,,test_ood,14420559c24ebbd5,crop08
0,so_fake_ood,real,,test_ood,28933e7c2028735b,clean
0,so_fake_ood,real,,test_ood,28933e7c2028735b,jpeg90
0,so_fake_ood,real,,test_ood,28933e7c2028735b,jpeg70
0,so_fake_ood,real,,test_ood,28933e7c2028735b,jpeg50
0,so_fake_ood,real,,test_ood,28933e7c2028735b,jpeg30
0,so_fake_ood,real,,test_ood,28933e7c2028735b,blur05
0,so_fake_ood,real,,test_ood,28933e7c2028735b,blur10
0,so_fake_ood,real,,test_ood,28933e7c2028735b,blur20
0,so_fake_ood,real,,test_ood,28933e7c2028735b,resize05
0,so_fake_ood,real,,test_ood,28933e7c2028735b,resize025
0,so_fake_ood,real,,test_ood,28933e7c2028735b,noise002
0,so_fake_ood,real,,test_ood,28933e7c2028735b,noise005
0,so_fake_ood,real,,test_ood,28933e7c2028735b,noise01
0,so_fake_ood,real,,test_ood,28933e7c2028735b,jitter02
0,so_fake_ood,real,,test_ood,28933e7c2028735b,crop08
0,so_fake_ood,real,,test_ood,24263a7a0c8d8d79,clean
0,so_fake_ood,real,,test_ood,24263a7a0c8d8d79,jpeg90
0,so_fake_ood,real,,test_ood,24263a7a0c8d8d79,jpeg70
0,so_fake_ood,real,,test_ood,24263a7a0c8d8d79,jpeg50
0,so_fake_ood,real,,test_ood,24263a7a0c8d8d79,jpeg30
0,so_fake_ood,real,,test_ood,24263a7a0c8d8d79,blur05
0,so_fake_ood,real,,test_ood,24263a7a0c8d8d79,blur10
0,so_fake_ood,real,,test_ood,24263a7a0c8d8d79,blur20
0,so_fake_ood,real,,test_ood,24263a7a0c8d8d79,resize05
0,so_fake_ood,real,,test_ood,24263a7a0c8d8d79,resize025
0,so_fake_ood,real,,test_ood,24263a7a0c8d8d79,noise002
0,so_fake_ood,real,,test_ood,24263a7a0c8d8d79,noise005
0,so_fake_ood,real,,test_ood,24263a7a0c8d8d79,noise01
0,so_fake_ood,real,,test_ood,24263a7a0c8d8d79,jitter02
0,so_fake_ood,real,,test_ood,24263a7a0c8d8d79,crop08
0,so_fake_ood,real,,test_ood,ac720b576c4b0d6d,clean
0,so_fake_ood,real,,test_ood,ac720b576c4b0d6d,jpeg90
0,so_fake_ood,real,,test_ood,ac720b576c4b0d6d,jpeg70
0,so_fake_ood,real,,test_ood,ac720b576c4b0d6d,jpeg50
0,so_fake_ood,real,,test_ood,ac720b576c4b0d6d,jpeg30
0,so_fake_ood,real,,test_ood,ac720b576c4b0d6d,blur05
0,so_fake_ood,real,,test_ood,ac720b576c4b0d6d,blur10
0,so_fake_ood,real,,test_ood,ac720b576c4b0d6d,blur20
0,so_fake_ood,real,,test_ood,ac720b576c4b0d6d,resize05
0,so_fake_ood,real,,test_ood,ac720b576c4b0d6d,resize025
0,so_fake_ood,real,,test_ood,ac720b576c4b0d6d,noise002
0,so_fake_ood,real,,test_ood,ac720b576c4b0d6d,noise005
0,so_fake_ood,real,,test_ood,ac720b576c4b0d6d,noise01
0,so_fake_ood,real,,test_ood,ac720b576c4b0d6d,jitter02
0,so_fake_ood,real,,test_ood,ac720b576c4b0d6d,crop08
0,so_fake_ood,real,,test_ood,b7d723898eca4046,clean
0,so_fake_ood,real,,test_ood,b7d723898eca4046,jpeg90
0,so_fake_ood,real,,test_ood,b7d723898eca4046,jpeg70
0,so_fake_ood,real,,test_ood,b7d723898eca4046,jpeg50
0,so_fake_ood,real,,test_ood,b7d723898eca4046,jpeg30
0,so_fake_ood,real,,test_ood,b7d723898eca4046,blur05
0,so_fake_ood,real,,test_ood,b7d723898eca4046,blur10
0,so_fake_ood,real,,test_ood,b7d723898eca4046,blur20
0,so_fake_ood,real,,test_ood,b7d723898eca4046,resize05
0,so_fake_ood,real,,test_ood,b7d723898eca4046,resize025
0,so_fake_ood,real,,test_ood,b7d723898eca4046,noise002
0,so_fake_ood,real,,test_ood,b7d723898eca4046,noise005
0,so_fake_ood,real,,test_ood,b7d723898eca4046,noise01
0,so_fake_ood,real,,test_ood,b7d723898eca4046,jitter02
0,so_fake_ood,real,,test_ood,b7d723898eca4046,crop08
0,so_fake_ood,real,,test_ood,aec60e6828e504f5,clean
0,so_fake_ood,real,,test_ood,aec60e6828e504f5,jpeg90
0,so_fake_ood,real,,test_ood,aec60e6828e504f5,jpeg70
0,so_fake_ood,real,,test_ood,aec60e6828e504f5,jpeg50
0,so_fake_ood,real,,test_ood,aec60e6828e504f5,jpeg30
0,so_fake_ood,real,,test_ood,aec60e6828e504f5,blur05
0,so_fake_ood,real,,test_ood,aec60e6828e504f5,blur10
0,so_fake_ood,real,,test_ood,aec60e6828e504f5,blur20
0,so_fake_ood,real,,test_ood,aec60e6828e504f5,resize05
0,so_fake_ood,real,,test_ood,aec60e6828e504f5,resize025
0,so_fake_ood,real,,test_ood,aec60e6828e504f5,noise002
0,so_fake_ood,real,,test_ood,aec60e6828e504f5,noise005
0,so_fake_ood,real,,test_ood,aec60e6828e504f5,noise01
0,so_fake_ood,real,,test_ood,aec60e6828e504f5,jitter02
0,so_fake_ood,real,,test_ood,aec60e6828e504f5,crop08
0,so_fake_ood,real,,test_ood,89ed775123f0c398,clean
0,so_fake_ood,real,,test_ood,89ed775123f0c398,jpeg90
0,so_fake_ood,real,,test_ood,89ed775123f0c398,jpeg70
0,so_fake_ood,real,,test_ood,89ed775123f0c398,jpeg50
0,so_fake_ood,real,,test_ood,89ed775123f0c398,jpeg30
0,so_fake_ood,real,,test_ood,89ed775123f0c398,blur05
0,so_fake_ood,real,,test_ood,89ed775123f0c398,blur10
0,so_fake_ood,real,,test_ood,89ed775123f0c398,blur20
0,so_fake_ood,real,,test_ood,89ed775123f0c398,resize05
0,so_fake_ood,real,,test_ood,89ed775123f0c398,resize025
0,so_fake_ood,real,,test_ood,89ed775123f0c398,noise002
0,so_fake_ood,real,,test_ood,89ed775123f0c398,noise005
0,so_fake_ood,real,,test_ood,89ed775123f0c398,noise01
0,so_fake_ood,real,,test_ood,89ed775123f0c398,jitter02
0,so_fake_ood,real,,test_ood,89ed775123f0c398,crop08
0,so_fake_ood,real,,test_ood,0d232d18ac7655ae,clean
0,so_fake_ood,real,,test_ood,0d232d18ac7655ae,jpeg90
0,so_fake_ood,real,,test_ood,0d232d18ac7655ae,jpeg70
0,so_fake_ood,real,,test_ood,0d232d18ac7655ae,jpeg50
0,so_fake_ood,real,,test_ood,0d232d18ac7655ae,jpeg30
0,so_fake_ood,real,,test_ood,0d232d18ac7655ae,blur05
0,so_fake_ood,real,,test_ood,0d232d18ac7655ae,blur10
0,so_fake_ood,real,,test_ood,0d232d18ac7655ae,blur20
0,so_fake_ood,real,,test_ood,0d232d18ac7655ae,resize05
0,so_fake_ood,real,,test_ood,0d232d18ac7655ae,resize025
0,so_fake_ood,real,,test_ood,0d232d18ac7655ae,noise002
0,so_fake_ood,real,,test_ood,0d232d18ac7655ae,noise005
0,so_fake_ood,real,,test_ood,0d232d18ac7655ae,noise01
0,so_fake_ood,real,,test_ood,0d232d18ac7655ae,jitter02
0,so_fake_ood,real,,test_ood,0d232d18ac7655ae,crop08
0,so_fake_ood,real,,test_ood,2254df83a5c28720,clean
0,so_fake_ood,real,,test_ood,2254df83a5c28720,jpeg90
0,so_fake_ood,real,,test_ood,2254df83a5c28720,jpeg70
0,so_fake_ood,real,,test_ood,2254df83a5c28720,jpeg50
0,so_fake_ood,real,,test_ood,2254df83a5c28720,jpeg30
0,so_fake_ood,real,,test_ood,2254df83a5c28720,blur05
0,so_fake_ood,real,,test_ood,2254df83a5c28720,blur10
0,so_fake_ood,real,,test_ood,2254df83a5c28720,blur20
0,so_fake_ood,real,,test_ood,2254df83a5c28720,resize05
0,so_fake_ood,real,,test_ood,2254df83a5c28720,resize025
0,so_fake_ood,real,,test_ood,2254df83a5c28720,noise002
0,so_fake_ood,real,,test_ood,2254df83a5c28720,noise005
0,so_fake_ood,real,,test_ood,2254df83a5c28720,noise01
0,so_fake_ood,real,,test_ood,2254df83a5c28720,jitter02
0,so_fake_ood,real,,test_ood,2254df83a5c28720,crop08
0,so_fake_ood,real,,test_ood,84486c74f5823b40,clean
0,so_fake_ood,real,,test_ood,84486c74f5823b40,jpeg90
0,so_fake_ood,real,,test_ood,84486c74f5823b40,jpeg70
0,so_fake_ood,real,,test_ood,84486c74f5823b40,jpeg50
0,so_fake_ood,real,,test_ood,84486c74f5823b40,jpeg30
0,so_fake_ood,real,,test_ood,84486c74f5823b40,blur05
0,so_fake_ood,real,,test_ood,84486c74f5823b40,blur10
0,so_fake_ood,real,,test_ood,84486c74f5823b40,blur20
0,so_fake_ood,real,,test_ood,84486c74f5823b40,resize05
0,so_fake_ood,real,,test_ood,84486c74f5823b40,resize025
0,so_fake_ood,real,,test_ood,84486c74f5823b40,noise002
0,so_fake_ood,real,,test_ood,84486c74f5823b40,noise005
0,so_fake_ood,real,,test_ood,84486c74f5823b40,noise01
0,so_fake_ood,real,,test_ood,84486c74f5823b40,jitter02
0,so_fake_ood,real,,test_ood,84486c74f5823b40,crop08
0,so_fake_ood,real,,test_ood,2e9229282349e78f,clean
0,so_fake_ood,real,,test_ood,2e9229282349e78f,jpeg90
0,so_fake_ood,real,,test_ood,2e9229282349e78f,jpeg70
0,so_fake_ood,real,,test_ood,2e9229282349e78f,jpeg50
0,so_fake_ood,real,,test_ood,2e9229282349e78f,jpeg30
0,so_fake_ood,real,,test_ood,2e9229282349e78f,blur05
0,so_fake_ood,real,,test_ood,2e9229282349e78f,blur10
0,so_fake_ood,real,,test_ood,2e9229282349e78f,blur20
0,so_fake_ood,real,,test_ood,2e9229282349e78f,resize05
0,so_fake_ood,real,,test_ood,2e9229282349e78f,resize025
0,so_fake_ood,real,,test_ood,2e9229282349e78f,noise002
0,so_fake_ood,real,,test_ood,2e9229282349e78f,noise005
0,so_fake_ood,real,,test_ood,2e9229282349e78f,noise01
0,so_fake_ood,real,,test_ood,2e9229282349e78f,jitter02
0,so_fake_ood,real,,test_ood,2e9229282349e78f,crop08
0,so_fake_ood,real,,test_ood,34aaa403a292e9c0,clean
0,so_fake_ood,real,,test_ood,34aaa403a292e9c0,jpeg90
0,so_fake_ood,real,,test_ood,34aaa403a292e9c0,jpeg70
0,so_fake_ood,real,,test_ood,34aaa403a292e9c0,jpeg50
0,so_fake_ood,real,,test_ood,34aaa403a292e9c0,jpeg30
0,so_fake_ood,real,,test_ood,34aaa403a292e9c0,blur05
0,so_fake_ood,real,,test_ood,34aaa403a292e9c0,blur10
0,so_fake_ood,real,,test_ood,34aaa403a292e9c0,blur20
0,so_fake_ood,real,,test_ood,34aaa403a292e9c0,resize05
0,so_fake_ood,real,,test_ood,34aaa403a292e9c0,resize025
0,so_fake_ood,real,,test_ood,34aaa403a292e9c0,noise002
0,so_fake_ood,real,,test_ood,34aaa403a292e9c0,noise005
0,so_fake_ood,real,,test_ood,34aaa403a292e9c0,noise01
0,so_fake_ood,real,,test_ood,34aaa403a292e9c0,jitter02
0,so_fake_ood,real,,test_ood,34aaa403a292e9c0,crop08
0,so_fake_ood,real,,test_ood,04d5b133dd71cdd9,clean
0,so_fake_ood,real,,test_ood,04d5b133dd71cdd9,jpeg90
0,so_fake_ood,real,,test_ood,04d5b133dd71cdd9,jpeg70
0,so_fake_ood,real,,test_ood,04d5b133dd71cdd9,jpeg50
0,so_fake_ood,real,,test_ood,04d5b133dd71cdd9,jpeg30
0,so_fake_ood,real,,test_ood,04d5b133dd71cdd9,blur05
0,so_fake_ood,real,,test_ood,04d5b133dd71cdd9,blur10
0,so_fake_ood,real,,test_ood,04d5b133dd71cdd9,blur20
0,so_fake_ood,real,,test_ood,04d5b133dd71cdd9,resize05
0,so_fake_ood,real,,test_ood,04d5b133dd71cdd9,resize025
0,so_fake_ood,real,,test_ood,04d5b133dd71cdd9,noise002
0,so_fake_ood,real,,test_ood,04d5b133dd71cdd9,noise005
0,so_fake_ood,real,,test_ood,04d5b133dd71cdd9,noise01
0,so_fake_ood,real,,test_ood,04d5b133dd71cdd9,jitter02
0,so_fake_ood,real,,test_ood,04d5b133dd71cdd9,crop08
0,so_fake_ood,real,,test_ood,6d0ecfd0d129c822,clean
0,so_fake_ood,real,,test_ood,6d0ecfd0d129c822,jpeg90
0,so_fake_ood,real,,test_ood,6d0ecfd0d129c822,jpeg70
0,so_fake_ood,real,,test_ood,6d0ecfd0d129c822,jpeg50
0,so_fake_ood,real,,test_ood,6d0ecfd0d129c822,jpeg30
0,so_fake_ood,real,,test_ood,6d0ecfd0d129c822,blur05
0,so_fake_ood,real,,test_ood,6d0ecfd0d129c822,blur10
0,so_fake_ood,real,,test_ood,6d0ecfd0d129c822,blur20
0,so_fake_ood,real,,test_ood,6d0ecfd0d129c822,resize05
0,so_fake_ood,real,,test_ood,6d0ecfd0d129c822,resize025
0,so_fake_ood,real,,test_ood,6d0ecfd0d129c822,noise002
0,so_fake_ood,real,,test_ood,6d0ecfd0d129c822,noise005
0,so_fake_ood,real,,test_ood,6d0ecfd0d129c822,noise01
0,so_fake_ood,real,,test_ood,6d0ecfd0d129c822,jitter02
0,so_fake_ood,real,,test_ood,6d0ecfd0d129c822,crop08
0,so_fake_ood,real,,test_ood,7104c5c9c185933b,clean
0,so_fake_ood,real,,test_ood,7104c5c9c185933b,jpeg90
0,so_fake_ood,real,,test_ood,7104c5c9c185933b,jpeg70
0,so_fake_ood,real,,test_ood,7104c5c9c185933b,jpeg50
0,so_fake_ood,real,,test_ood,7104c5c9c185933b,jpeg30
0,so_fake_ood,real,,test_ood,7104c5c9c185933b,blur05
0,so_fake_ood,real,,test_ood,7104c5c9c185933b,blur10
0,so_fake_ood,real,,test_ood,7104c5c9c185933b,blur20
0,so_fake_ood,real,,test_ood,7104c5c9c185933b,resize05
0,so_fake_ood,real,,test_ood,7104c5c9c185933b,resize025
0,so_fake_ood,real,,test_ood,7104c5c9c185933b,noise002
0,so_fake_ood,real,,test_ood,7104c5c9c185933b,noise005
0,so_fake_ood,real,,test_ood,7104c5c9c185933b,noise01
0,so_fake_ood,real,,test_ood,7104c5c9c185933b,jitter02
0,so_fake_ood,real,,test_ood,7104c5c9c185933b,crop08
0,so_fake_ood,real,,test_ood,a10f2ea43698916b,clean
0,so_fake_ood,real,,test_ood,a10f2ea43698916b,jpeg90
0,so_fake_ood,real,,test_ood,a10f2ea43698916b,jpeg70
0,so_fake_ood,real,,test_ood,a10f2ea43698916b,jpeg50
0,so_fake_ood,real,,test_ood,a10f2ea43698916b,jpeg30
0,so_fake_ood,real,,test_ood,a10f2ea43698916b,blur05
0,so_fake_ood,real,,test_ood,a10f2ea43698916b,blur10
0,so_fake_ood,real,,test_ood,a10f2ea43698916b,blur20
0,so_fake_ood,real,,test_ood,a10f2ea43698916b,resize05
0,so_fake_ood,real,,test_ood,a10f2ea43698916b,resize025
0,so_fake_ood,real,,test_ood,a10f2ea43698916b,noise002
0,so_fake_ood,real,,test_ood,a10f2ea43698916b,noise005
0,so_fake_ood,real,,test_ood,a10f2ea43698916b,noise01
0,so_fake_ood,real,,test_ood,a10f2ea43698916b,jitter02
0,so_fake_ood,real,,test_ood,a10f2ea43698916b,crop08
0,so_fake_ood,real,,test_ood,eed3c4ed9f896907,clean
0,so_fake_ood,real,,test_ood,eed3c4ed9f896907,jpeg90
0,so_fake_ood,real,,test_ood,eed3c4ed9f896907,jpeg70
0,so_fake_ood,real,,test_ood,eed3c4ed9f896907,jpeg50
0,so_fake_ood,real,,test_ood,eed3c4ed9f896907,jpeg30
0,so_fake_ood,real,,test_ood,eed3c4ed9f896907,blur05
0,so_fake_ood,real,,test_ood,eed3c4ed9f896907,blur10
0,so_fake_ood,real,,test_ood,eed3c4ed9f896907,blur20
0,so_fake_ood,real,,test_ood,eed3c4ed9f896907,resize05
0,so_fake_ood,real,,test_ood,eed3c4ed9f896907,resize025
0,so_fake_ood,real,,test_ood,eed3c4ed9f896907,noise002
0,so_fake_ood,real,,test_ood,eed3c4ed9f896907,noise005
0,so_fake_ood,real,,test_ood,eed3c4ed9f896907,noise01
0,so_fake_ood,real,,test_ood,eed3c4ed9f896907,jitter02
0,so_fake_ood,real,,test_ood,eed3c4ed9f896907,crop08
0,so_fake_ood,real,,test_ood,aa2196f7b019a7d3,clean
0,so_fake_ood,real,,test_ood,aa2196f7b019a7d3,jpeg90
0,so_fake_ood,real,,test_ood,aa2196f7b019a7d3,jpeg70
0,so_fake_ood,real,,test_ood,aa2196f7b019a7d3,jpeg50
0,so_fake_ood,real,,test_ood,aa2196f7b019a7d3,jpeg30
0,so_fake_ood,real,,test_ood,aa2196f7b019a7d3,blur05
0,so_fake_ood,real,,test_ood,aa2196f7b019a7d3,blur10
0,so_fake_ood,real,,test_ood,aa2196f7b019a7d3,blur20
0,so_fake_ood,real,,test_ood,aa2196f7b019a7d3,resize05
0,so_fake_ood,real,,test_ood,aa2196f7b019a7d3,resize025
0,so_fake_ood,real,,test_ood,aa2196f7b019a7d3,noise002
0,so_fake_ood,real,,test_ood,aa2196f7b019a7d3,noise005
0,so_fake_ood,real,,test_ood,aa2196f7b019a7d3,noise01
0,so_fake_ood,real,,test_ood,aa2196f7b019a7d3,jitter02
0,so_fake_ood,real,,test_ood,aa2196f7b019a7d3,crop08
0,so_fake_ood,real,,test_ood,af0b87fabe760043,clean
0,so_fake_ood,real,,test_ood,af0b87fabe760043,jpeg90
0,so_fake_ood,real,,test_ood,af0b87fabe760043,jpeg70
0,so_fake_ood,real,,test_ood,af0b87fabe760043,jpeg50
0,so_fake_ood,real,,test_ood,af0b87fabe760043,jpeg30
0,so_fake_ood,real,,test_ood,af0b87fabe760043,blur05
0,so_fake_ood,real,,test_ood,af0b87fabe760043,blur10
0,so_fake_ood,real,,test_ood,af0b87fabe760043,blur20
0,so_fake_ood,real,,test_ood,af0b87fabe760043,resize05
0,so_fake_ood,real,,test_ood,af0b87fabe760043,resize025
0,so_fake_ood,real,,test_ood,af0b87fabe760043,noise002
0,so_fake_ood,real,,test_ood,af0b87fabe760043,noise005
0,so_fake_ood,real,,test_ood,af0b87fabe760043,noise01
0,so_fake_ood,real,,test_ood,af0b87fabe760043,jitter02
0,so_fake_ood,real,,test_ood,af0b87fabe760043,crop08
0,so_fake_ood,real,,test_ood,5d3d0133e190ef57,clean
0,so_fake_ood,real,,test_ood,5d3d0133e190ef57,jpeg90
0,so_fake_ood,real,,test_ood,5d3d0133e190ef57,jpeg70
0,so_fake_ood,real,,test_ood,5d3d0133e190ef57,jpeg50
0,so_fake_ood,real,,test_ood,5d3d0133e190ef57,jpeg30
0,so_fake_ood,real,,test_ood,5d3d0133e190ef57,blur05
0,so_fake_ood,real,,test_ood,5d3d0133e190ef57,blur10
0,so_fake_ood,real,,test_ood,5d3d0133e190ef57,blur20
0,so_fake_ood,real,,test_ood,5d3d0133e190ef57,resize05
0,so_fake_ood,real,,test_ood,5d3d0133e190ef57,resize025
0,so_fake_ood,real,,test_ood,5d3d0133e190ef57,noise002
0,so_fake_ood,real,,test_ood,5d3d0133e190ef57,noise005
0,so_fake_ood,real,,test_ood,5d3d0133e190ef57,noise01
0,so_fake_ood,real,,test_ood,5d3d0133e190ef57,jitter02
0,so_fake_ood,real,,test_ood,5d3d0133e190ef57,crop08
0,so_fake_ood,real,,test_ood,f0af2f288b864c5b,clean
0,so_fake_ood,real,,test_ood,f0af2f288b864c5b,jpeg90
0,so_fake_ood,real,,test_ood,f0af2f288b864c5b,jpeg70
0,so_fake_ood,real,,test_ood,f0af2f288b864c5b,jpeg50
0,so_fake_ood,real,,test_ood,f0af2f288b864c5b,jpeg30
0,so_fake_ood,real,,test_ood,f0af2f288b864c5b,blur05
0,so_fake_ood,real,,test_ood,f0af2f288b864c5b,blur10
0,so_fake_ood,real,,test_ood,f0af2f288b864c5b,blur20
0,so_fake_ood,real,,test_ood,f0af2f288b864c5b,resize05
0,so_fake_ood,real,,test_ood,f0af2f288b864c5b,resize025
0,so_fake_ood,real,,test_ood,f0af2f288b864c5b,noise002
0,so_fake_ood,real,,test_ood,f0af2f288b864c5b,noise005
0,so_fake_ood,real,,test_ood,f0af2f288b864c5b,noise01
0,so_fake_ood,real,,test_ood,f0af2f288b864c5b,jitter02
0,so_fake_ood,real,,test_ood,f0af2f288b864c5b,crop08
0,so_fake_ood,real,,test_ood,9876af97ef30eac7,clean
0,so_fake_ood,real,,test_ood,9876af97ef30eac7,jpeg90
0,so_fake_ood,real,,test_ood,9876af97ef30eac7,jpeg70
0,so_fake_ood,real,,test_ood,9876af97ef30eac7,jpeg50
0,so_fake_ood,real,,test_ood,9876af97ef30eac7,jpeg30
0,so_fake_ood,real,,test_ood,9876af97ef30eac7,blur05
0,so_fake_ood,real,,test_ood,9876af97ef30eac7,blur10
0,so_fake_ood,real,,test_ood,9876af97ef30eac7,blur20
0,so_fake_ood,real,,test_ood,9876af97ef30eac7,resize05
0,so_fake_ood,real,,test_ood,9876af97ef30eac7,resize025
0,so_fake_ood,real,,test_ood,9876af97ef30eac7,noise002
0,so_fake_ood,real,,test_ood,9876af97ef30eac7,noise005
0,so_fake_ood,real,,test_ood,9876af97ef30eac7,noise01
0,so_fake_ood,real,,test_ood,9876af97ef30eac7,jitter02
0,so_fake_ood,real,,test_ood,9876af97ef30eac7,crop08
0,so_fake_ood,real,,test_ood,4e9d6d3f780ca9a6,clean
0,so_fake_ood,real,,test_ood,4e9d6d3f780ca9a6,jpeg90
0,so_fake_ood,real,,test_ood,4e9d6d3f780ca9a6,jpeg70
0,so_fake_ood,real,,test_ood,4e9d6d3f780ca9a6,jpeg50
0,so_fake_ood,real,,test_ood,4e9d6d3f780ca9a6,jpeg30
0,so_fake_ood,real,,test_ood,4e9d6d3f780ca9a6,blur05
0,so_fake_ood,real,,test_ood,4e9d6d3f780ca9a6,blur10
0,so_fake_ood,real,,test_ood,4e9d6d3f780ca9a6,blur20
0,so_fake_ood,real,,test_ood,4e9d6d3f780ca9a6,resize05
0,so_fake_ood,real,,test_ood,4e9d6d3f780ca9a6,resize025
0,so_fake_ood,real,,test_ood,4e9d6d3f780ca9a6,noise002
0,so_fake_ood,real,,test_ood,4e9d6d3f780ca9a6,noise005
0,so_fake_ood,real,,test_ood,4e9d6d3f780ca9a6,noise01
0,so_fake_ood,real,,test_ood,4e9d6d3f780ca9a6,jitter02
0,so_fake_ood,real,,test_ood,4e9d6d3f780ca9a6,crop08
0,so_fake_ood,real,,test_ood,e7d55ccc74746ac7,clean
0,so_fake_ood,real,,test_ood,e7d55ccc74746ac7,jpeg90
0,so_fake_ood,real,,test_ood,e7d55ccc74746ac7,jpeg70
0,so_fake_ood,real,,test_ood,e7d55ccc74746ac7,jpeg50
0,so_fake_ood,real,,test_ood,e7d55ccc74746ac7,jpeg30
0,so_fake_ood,real,,test_ood,e7d55ccc74746ac7,blur05
0,so_fake_ood,real,,test_ood,e7d55ccc74746ac7,blur10
0,so_fake_ood,real,,test_ood,e7d55ccc74746ac7,blur20
0,so_fake_ood,real,,test_ood,e7d55ccc74746ac7,resize05
0,so_fake_ood,real,,test_ood,e7d55ccc74746ac7,resize025
0,so_fake_ood,real,,test_ood,e7d55ccc74746ac7,noise002
0,so_fake_ood,real,,test_ood,e7d55ccc74746ac7,noise005
0,so_fake_ood,real,,test_ood,e7d55ccc74746ac7,noise01
0,so_fake_ood,real,,test_ood,e7d55ccc74746ac7,jitter02
0,so_fake_ood,real,,test_ood,e7d55ccc74746ac7,crop08
0,so_fake_ood,real,,test_ood,8fa81cd453adf358,clean
0,so_fake_ood,real,,test_ood,8fa81cd453adf358,jpeg90
0,so_fake_ood,real,,test_ood,8fa81cd453adf358,jpeg70
0,so_fake_ood,real,,test_ood,8fa81cd453adf358,jpeg50
0,so_fake_ood,real,,test_ood,8fa81cd453adf358,jpeg30
0,so_fake_ood,real,,test_ood,8fa81cd453adf358,blur05
0,so_fake_ood,real,,test_ood,8fa81cd453adf358,blur10
0,so_fake_ood,real,,test_ood,8fa81cd453adf358,blur20
0,so_fake_ood,real,,test_ood,8fa81cd453adf358,resize05
0,so_fake_ood,real,,test_ood,8fa81cd453adf358,resize025
0,so_fake_ood,real,,test_ood,8fa81cd453adf358,noise002
0,so_fake_ood,real,,test_ood,8fa81cd453adf358,noise005
0,so_fake_ood,real,,test_ood,8fa81cd453adf358,noise01
0,so_fake_ood,real,,test_ood,8fa81cd453adf358,jitter02
0,so_fake_ood,real,,test_ood,8fa81cd453adf358,crop08
0,so_fake_ood,real,,test_ood,f26a9f6ae6427a2c,clean
0,so_fake_ood,real,,test_ood,f26a9f6ae6427a2c,jpeg90
0,so_fake_ood,real,,test_ood,f26a9f6ae6427a2c,jpeg70
0,so_fake_ood,real,,test_ood,f26a9f6ae6427a2c,jpeg50
0,so_fake_ood,real,,test_ood,f26a9f6ae6427a2c,jpeg30
0,so_fake_ood,real,,test_ood,f26a9f6ae6427a2c,blur05
0,so_fake_ood,real,,test_ood,f26a9f6ae6427a2c,blur10
0,so_fake_ood,real,,test_ood,f26a9f6ae6427a2c,blur20
0,so_fake_ood,real,,test_ood,f26a9f6ae6427a2c,resize05
0,so_fake_ood,real,,test_ood,f26a9f6ae6427a2c,resize025
0,so_fake_ood,real,,test_ood,f26a9f6ae6427a2c,noise002
0,so_fake_ood,real,,test_ood,f26a9f6ae6427a2c,noise005
0,so_fake_ood,real,,test_ood,f26a9f6ae6427a2c,noise01
0,so_fake_ood,real,,test_ood,f26a9f6ae6427a2c,jitter02
0,so_fake_ood,real,,test_ood,f26a9f6ae6427a2c,crop08
0,so_fake_ood,real,,test_ood,a8165fde480be294,clean
0,so_fake_ood,real,,test_ood,a8165fde480be294,jpeg90
0,so_fake_ood,real,,test_ood,a8165fde480be294,jpeg70
0,so_fake_ood,real,,test_ood,a8165fde480be294,jpeg50
0,so_fake_ood,real,,test_ood,a8165fde480be294,jpeg30
0,so_fake_ood,real,,test_ood,a8165fde480be294,blur05
0,so_fake_ood,real,,test_ood,a8165fde480be294,blur10
0,so_fake_ood,real,,test_ood,a8165fde480be294,blur20
0,so_fake_ood,real,,test_ood,a8165fde480be294,resize05
0,so_fake_ood,real,,test_ood,a8165fde480be294,resize025
0,so_fake_ood,real,,test_ood,a8165fde480be294,noise002
0,so_fake_ood,real,,test_ood,a8165fde480be294,noise005
0,so_fake_ood,real,,test_ood,a8165fde480be294,noise01
0,so_fake_ood,real,,test_ood,a8165fde480be294,jitter02
0,so_fake_ood,real,,test_ood,a8165fde480be294,crop08
0,so_fake_ood,real,,test_ood,9b9257fddd790d0f,clean
0,so_fake_ood,real,,test_ood,9b9257fddd790d0f,jpeg90
0,so_fake_ood,real,,test_ood,9b9257fddd790d0f,jpeg70
0,so_fake_ood,real,,test_ood,9b9257fddd790d0f,jpeg50
0,so_fake_ood,real,,test_ood,9b9257fddd790d0f,jpeg30
0,so_fake_ood,real,,test_ood,9b9257fddd790d0f,blur05
0,so_fake_ood,real,,test_ood,9b9257fddd790d0f,blur10
0,so_fake_ood,real,,test_ood,9b9257fddd790d0f,blur20
0,so_fake_ood,real,,test_ood,9b9257fddd790d0f,resize05
0,so_fake_ood,real,,test_ood,9b9257fddd790d0f,resize025
0,so_fake_ood,real,,test_ood,9b9257fddd790d0f,noise002
0,so_fake_ood,real,,test_ood,9b9257fddd790d0f,noise005
0,so_fake_ood,real,,test_ood,9b9257fddd790d0f,noise01
0,so_fake_ood,real,,test_ood,9b9257fddd790d0f,jitter02
0,so_fake_ood,real,,test_ood,9b9257fddd790d0f,crop08
0,so_fake_ood,real,,test_ood,2ef24e397d4b1368,clean
0,so_fake_ood,real,,test_ood,2ef24e397d4b1368,jpeg90
0,so_fake_ood,real,,test_ood,2ef24e397d4b1368,jpeg70
0,so_fake_ood,real,,test_ood,2ef24e397d4b1368,jpeg50
0,so_fake_ood,real,,test_ood,2ef24e397d4b1368,jpeg30
0,so_fake_ood,real,,test_ood,2ef24e397d4b1368,blur05
0,so_fake_ood,real,,test_ood,2ef24e397d4b1368,blur10
0,so_fake_ood,real,,test_ood,2ef24e397d4b1368,blur20
0,so_fake_ood,real,,test_ood,2ef24e397d4b1368,resize05
0,so_fake_ood,real,,test_ood,2ef24e397d4b1368,resize025
0,so_fake_ood,real,,test_ood,2ef24e397d4b1368,noise002
0,so_fake_ood,real,,test_ood,2ef24e397d4b1368,noise005
0,so_fake_ood,real,,test_ood,2ef24e397d4b1368,noise01
0,so_fake_ood,real,,test_ood,2ef24e397d4b1368,jitter02
0,so_fake_ood,real,,test_ood,2ef24e397d4b1368,crop08
0,so_fake_ood,real,,test_ood,12117b6b8cfa7528,clean
0,so_fake_ood,real,,test_ood,12117b6b8cfa7528,jpeg90
0,so_fake_ood,real,,test_ood,12117b6b8cfa7528,jpeg70
0,so_fake_ood,real,,test_ood,12117b6b8cfa7528,jpeg50
0,so_fake_ood,real,,test_ood,12117b6b8cfa7528,jpeg30
0,so_fake_ood,real,,test_ood,12117b6b8cfa7528,blur05
0,so_fake_ood,real,,test_ood,12117b6b8cfa7528,blur10
0,so_fake_ood,real,,test_ood,12117b6b8cfa7528,blur20
0,so_fake_ood,real,,test_ood,12117b6b8cfa7528,resize05
0,so_fake_ood,real,,test_ood,12117b6b8cfa7528,resize025
0,so_fake_ood,real,,test_ood,12117b6b8cfa7528,noise002
0,so_fake_ood,real,,test_ood,12117b6b8cfa7528,noise005
0,so_fake_ood,real,,test_ood,12117b6b8cfa7528,noise01
0,so_fake_ood,real,,test_ood,12117b6b8cfa7528,jitter02
0,so_fake_ood,real,,test_ood,12117b6b8cfa7528,crop08
0,so_fake_ood,real,,test_ood,e22bbe7100937d94,clean
0,so_fake_ood,real,,test_ood,e22bbe7100937d94,jpeg90
0,so_fake_ood,real,,test_ood,e22bbe7100937d94,jpeg70
0,so_fake_ood,real,,test_ood,e22bbe7100937d94,jpeg50
0,so_fake_ood,real,,test_ood,e22bbe7100937d94,jpeg30
0,so_fake_ood,real,,test_ood,e22bbe7100937d94,blur05
0,so_fake_ood,real,,test_ood,e22bbe7100937d94,blur10
0,so_fake_ood,real,,test_ood,e22bbe7100937d94,blur20
0,so_fake_ood,real,,test_ood,e22bbe7100937d94,resize05
0,so_fake_ood,real,,test_ood,e22bbe7100937d94,resize025
0,so_fake_ood,real,,test_ood,e22bbe7100937d94,noise002
0,so_fake_ood,real,,test_ood,e22bbe7100937d94,noise005
0,so_fake_ood,real,,test_ood,e22bbe7100937d94,noise01
0,so_fake_ood,real,,test_ood,e22bbe7100937d94,jitter02
0,so_fake_ood,real,,test_ood,e22bbe7100937d94,crop08
0,so_fake_ood,real,,test_ood,ad608bc3878c799b,clean
0,so_fake_ood,real,,test_ood,ad608bc3878c799b,jpeg90
0,so_fake_ood,real,,test_ood,ad608bc3878c799b,jpeg70
0,so_fake_ood,real,,test_ood,ad608bc3878c799b,jpeg50
0,so_fake_ood,real,,test_ood,ad608bc3878c799b,jpeg30
0,so_fake_ood,real,,test_ood,ad608bc3878c799b,blur05
0,so_fake_ood,real,,test_ood,ad608bc3878c799b,blur10
0,so_fake_ood,real,,test_ood,ad608bc3878c799b,blur20
0,so_fake_ood,real,,test_ood,ad608bc3878c799b,resize05
0,so_fake_ood,real,,test_ood,ad608bc3878c799b,resize025
0,so_fake_ood,real,,test_ood,ad608bc3878c799b,noise002
0,so_fake_ood,real,,test_ood,ad608bc3878c799b,noise005
0,so_fake_ood,real,,test_ood,ad608bc3878c799b,noise01
0,so_fake_ood,real,,test_ood,ad608bc3878c799b,jitter02
0,so_fake_ood,real,,test_ood,ad608bc3878c799b,crop08
0,so_fake_ood,real,,test_ood,f45701440bb94d52,clean
0,so_fake_ood,real,,test_ood,f45701440bb94d52,jpeg90
0,so_fake_ood,real,,test_ood,f45701440bb94d52,jpeg70
0,so_fake_ood,real,,test_ood,f45701440bb94d52,jpeg50
0,so_fake_ood,real,,test_ood,f45701440bb94d52,jpeg30
0,so_fake_ood,real,,test_ood,f45701440bb94d52,blur05
0,so_fake_ood,real,,test_ood,f45701440bb94d52,blur10
0,so_fake_ood,real,,test_ood,f45701440bb94d52,blur20
0,so_fake_ood,real,,test_ood,f45701440bb94d52,resize05
0,so_fake_ood,real,,test_ood,f45701440bb94d52,resize025
0,so_fake_ood,real,,test_ood,f45701440bb94d52,noise002
0,so_fake_ood,real,,test_ood,f45701440bb94d52,noise005
0,so_fake_ood,real,,test_ood,f45701440bb94d52,noise01
0,so_fake_ood,real,,test_ood,f45701440bb94d52,jitter02
0,so_fake_ood,real,,test_ood,f45701440bb94d52,crop08
0,so_fake_ood,real,,test_ood,1bea3d5af5df8e8b,clean
0,so_fake_ood,real,,test_ood,1bea3d5af5df8e8b,jpeg90
0,so_fake_ood,real,,test_ood,1bea3d5af5df8e8b,jpeg70
0,so_fake_ood,real,,test_ood,1bea3d5af5df8e8b,jpeg50
0,so_fake_ood,real,,test_ood,1bea3d5af5df8e8b,jpeg30
0,so_fake_ood,real,,test_ood,1bea3d5af5df8e8b,blur05
0,so_fake_ood,real,,test_ood,1bea3d5af5df8e8b,blur10
0,so_fake_ood,real,,test_ood,1bea3d5af5df8e8b,blur20
0,so_fake_ood,real,,test_ood,1bea3d5af5df8e8b,resize05
0,so_fake_ood,real,,test_ood,1bea3d5af5df8e8b,resize025
0,so_fake_ood,real,,test_ood,1bea3d5af5df8e8b,noise002
0,so_fake_ood,real,,test_ood,1bea3d5af5df8e8b,noise005
0,so_fake_ood,real,,test_ood,1bea3d5af5df8e8b,noise01
0,so_fake_ood,real,,test_ood,1bea3d5af5df8e8b,jitter02
0,so_fake_ood,real,,test_ood,1bea3d5af5df8e8b,crop08
0,so_fake_ood,real,,test_ood,c016723d133e4051,clean
0,so_fake_ood,real,,test_ood,c016723d133e4051,jpeg90
0,so_fake_ood,real,,test_ood,c016723d133e4051,jpeg70
0,so_fake_ood,real,,test_ood,c016723d133e4051,jpeg50
0,so_fake_ood,real,,test_ood,c016723d133e4051,jpeg30
0,so_fake_ood,real,,test_ood,c016723d133e4051,blur05
0,so_fake_ood,real,,test_ood,c016723d133e4051,blur10
0,so_fake_ood,real,,test_ood,c016723d133e4051,blur20
0,so_fake_ood,real,,test_ood,c016723d133e4051,resize05
0,so_fake_ood,real,,test_ood,c016723d133e4051,resize025
0,so_fake_ood,real,,test_ood,c016723d133e4051,noise002
0,so_fake_ood,real,,test_ood,c016723d133e4051,noise005
0,so_fake_ood,real,,test_ood,c016723d133e4051,noise01
0,so_fake_ood,real,,test_ood,c016723d133e4051,jitter02
0,so_fake_ood,real,,test_ood,c016723d133e4051,crop08
0,so_fake_ood,real,,test_ood,8b02652c9328cc00,clean
0,so_fake_ood,real,,test_ood,8b02652c9328cc00,jpeg90
0,so_fake_ood,real,,test_ood,8b02652c9328cc00,jpeg70
0,so_fake_ood,real,,test_ood,8b02652c9328cc00,jpeg50
0,so_fake_ood,real,,test_ood,8b02652c9328cc00,jpeg30
0,so_fake_ood,real,,test_ood,8b02652c9328cc00,blur05
0,so_fake_ood,real,,test_ood,8b02652c9328cc00,blur10
0,so_fake_ood,real,,test_ood,8b02652c9328cc00,blur20
0,so_fake_ood,real,,test_ood,8b02652c9328cc00,resize05
0,so_fake_ood,real,,test_ood,8b02652c9328cc00,resize025
0,so_fake_ood,real,,test_ood,8b02652c9328cc00,noise002
0,so_fake_ood,real,,test_ood,8b02652c9328cc00,noise005
0,so_fake_ood,real,,test_ood,8b02652c9328cc00,noise01
0,so_fake_ood,real,,test_ood,8b02652c9328cc00,jitter02
0,so_fake_ood,real,,test_ood,8b02652c9328cc00,crop08
0,so_fake_ood,real,,test_ood,74d51fb67f4e4e1d,clean
0,so_fake_ood,real,,test_ood,74d51fb67f4e4e1d,jpeg90
0,so_fake_ood,real,,test_ood,74d51fb67f4e4e1d,jpeg70
0,so_fake_ood,real,,test_ood,74d51fb67f4e4e1d,jpeg50
0,so_fake_ood,real,,test_ood,74d51fb67f4e4e1d,jpeg30
0,so_fake_ood,real,,test_ood,74d51fb67f4e4e1d,blur05
0,so_fake_ood,real,,test_ood,74d51fb67f4e4e1d,blur10
0,so_fake_ood,real,,test_ood,74d51fb67f4e4e1d,blur20
0,so_fake_ood,real,,test_ood,74d51fb67f4e4e1d,resize05
0,so_fake_ood,real,,test_ood,74d51fb67f4e4e1d,resize025
0,so_fake_ood,real,,test_ood,74d51fb67f4e4e1d,noise002
0,so_fake_ood,real,,test_ood,74d51fb67f4e4e1d,noise005
0,so_fake_ood,real,,test_ood,74d51fb67f4e4e1d,noise01
0,so_fake_ood,real,,test_ood,74d51fb67f4e4e1d,jitter02
0,so_fake_ood,real,,test_ood,74d51fb67f4e4e1d,crop08
0,so_fake_ood,real,,test_ood,6d4be2854dde5e68,clean
0,so_fake_ood,real,,test_ood,6d4be2854dde5e68,jpeg90
0,so_fake_ood,real,,test_ood,6d4be2854dde5e68,jpeg70
0,so_fake_ood,real,,test_ood,6d4be2854dde5e68,jpeg50
0,so_fake_ood,real,,test_ood,6d4be2854dde5e68,jpeg30
0,so_fake_ood,real,,test_ood,6d4be2854dde5e68,blur05
0,so_fake_ood,real,,test_ood,6d4be2854dde5e68,blur10
0,so_fake_ood,real,,test_ood,6d4be2854dde5e68,blur20
0,so_fake_ood,real,,test_ood,6d4be2854dde5e68,resize05
0,so_fake_ood,real,,test_ood,6d4be2854dde5e68,resize025
0,so_fake_ood,real,,test_ood,6d4be2854dde5e68,noise002
0,so_fake_ood,real,,test_ood,6d4be2854dde5e68,noise005
0,so_fake_ood,real,,test_ood,6d4be2854dde5e68,noise01
0,so_fake_ood,real,,test_ood,6d4be2854dde5e68,jitter02
0,so_fake_ood,real,,test_ood,6d4be2854dde5e68,crop08
0,so_fake_ood,real,,test_ood,c4caff8ea9e6dacf,clean
0,so_fake_ood,real,,test_ood,c4caff8ea9e6dacf,jpeg90
0,so_fake_ood,real,,test_ood,c4caff8ea9e6dacf,jpeg70
0,so_fake_ood,real,,test_ood,c4caff8ea9e6dacf,jpeg50
0,so_fake_ood,real,,test_ood,c4caff8ea9e6dacf,jpeg30
0,so_fake_ood,real,,test_ood,c4caff8ea9e6dacf,blur05
0,so_fake_ood,real,,test_ood,c4caff8ea9e6dacf,blur10
0,so_fake_ood,real,,test_ood,c4caff8ea9e6dacf,blur20
0,so_fake_ood,real,,test_ood,c4caff8ea9e6dacf,resize05
0,so_fake_ood,real,,test_ood,c4caff8ea9e6dacf,resize025
0,so_fake_ood,real,,test_ood,c4caff8ea9e6dacf,noise002
0,so_fake_ood,real,,test_ood,c4caff8ea9e6dacf,noise005
0,so_fake_ood,real,,test_ood,c4caff8ea9e6dacf,noise01
0,so_fake_ood,real,,test_ood,c4caff8ea9e6dacf,jitter02
0,so_fake_ood,real,,test_ood,c4caff8ea9e6dacf,crop08
0,so_fake_ood,real,,test_ood,f9753083cfaf2161,clean
0,so_fake_ood,real,,test_ood,f9753083cfaf2161,jpeg90
0,so_fake_ood,real,,test_ood,f9753083cfaf2161,jpeg70
0,so_fake_ood,real,,test_ood,f9753083cfaf2161,jpeg50
0,so_fake_ood,real,,test_ood,f9753083cfaf2161,jpeg30
0,so_fake_ood,real,,test_ood,f9753083cfaf2161,blur05
0,so_fake_ood,real,,test_ood,f9753083cfaf2161,blur10
0,so_fake_ood,real,,test_ood,f9753083cfaf2161,blur20
0,so_fake_ood,real,,test_ood,f9753083cfaf2161,resize05
0,so_fake_ood,real,,test_ood,f9753083cfaf2161,resize025
0,so_fake_ood,real,,test_ood,f9753083cfaf2161,noise002
0,so_fake_ood,real,,test_ood,f9753083cfaf2161,noise005
0,so_fake_ood,real,,test_ood,f9753083cfaf2161,noise01
0,so_fake_ood,real,,test_ood,f9753083cfaf2161,jitter02
0,so_fake_ood,real,,test_ood,f9753083cfaf2161,crop08
0,so_fake_ood,real,,test_ood,7d7f4742bd325602,clean
0,so_fake_ood,real,,test_ood,7d7f4742bd325602,jpeg90
0,so_fake_ood,real,,test_ood,7d7f4742bd325602,jpeg70
0,so_fake_ood,real,,test_ood,7d7f4742bd325602,jpeg50
0,so_fake_ood,real,,test_ood,7d7f4742bd325602,jpeg30
0,so_fake_ood,real,,test_ood,7d7f4742bd325602,blur05
0,so_fake_ood,real,,test_ood,7d7f4742bd325602,blur10
0,so_fake_ood,real,,test_ood,7d7f4742bd325602,blur20
0,so_fake_ood,real,,test_ood,7d7f4742bd325602,resize05
0,so_fake_ood,real,,test_ood,7d7f4742bd325602,resize025
0,so_fake_ood,real,,test_ood,7d7f4742bd325602,noise002
0,so_fake_ood,real,,test_ood,7d7f4742bd325602,noise005
0,so_fake_ood,real,,test_ood,7d7f4742bd325602,noise01
0,so_fake_ood,real,,test_ood,7d7f4742bd325602,jitter02
0,so_fake_ood,real,,test_ood,7d7f4742bd325602,crop08
0,so_fake_ood,real,,test_ood,9c452e907e684733,clean
0,so_fake_ood,real,,test_ood,9c452e907e684733,jpeg90
0,so_fake_ood,real,,test_ood,9c452e907e684733,jpeg70
0,so_fake_ood,real,,test_ood,9c452e907e684733,jpeg50
0,so_fake_ood,real,,test_ood,9c452e907e684733,jpeg30
0,so_fake_ood,real,,test_ood,9c452e907e684733,blur05
0,so_fake_ood,real,,test_ood,9c452e907e684733,blur10
0,so_fake_ood,real,,test_ood,9c452e907e684733,blur20
0,so_fake_ood,real,,test_ood,9c452e907e684733,resize05
0,so_fake_ood,real,,test_ood,9c452e907e684733,resize025
0,so_fake_ood,real,,test_ood,9c452e907e684733,noise002
0,so_fake_ood,real,,test_ood,9c452e907e684733,noise005
0,so_fake_ood,real,,test_ood,9c452e907e684733,noise01
0,so_fake_ood,real,,test_ood,9c452e907e684733,jitter02
0,so_fake_ood,real,,test_ood,9c452e907e684733,crop08
0,so_fake_ood,real,,test_ood,1342bcfdbd690e1e,clean
0,so_fake_ood,real,,test_ood,1342bcfdbd690e1e,jpeg90
0,so_fake_ood,real,,test_ood,1342bcfdbd690e1e,jpeg70
0,so_fake_ood,real,,test_ood,1342bcfdbd690e1e,jpeg50
0,so_fake_ood,real,,test_ood,1342bcfdbd690e1e,jpeg30
0,so_fake_ood,real,,test_ood,1342bcfdbd690e1e,blur05
0,so_fake_ood,real,,test_ood,1342bcfdbd690e1e,blur10
0,so_fake_ood,real,,test_ood,1342bcfdbd690e1e,blur20
0,so_fake_ood,real,,test_ood,1342bcfdbd690e1e,resize05
0,so_fake_ood,real,,test_ood,1342bcfdbd690e1e,resize025
0,so_fake_ood,real,,test_ood,1342bcfdbd690e1e,noise002
0,so_fake_ood,real,,test_ood,1342bcfdbd690e1e,noise005
0,so_fake_ood,real,,test_ood,1342bcfdbd690e1e,noise01
0,so_fake_ood,real,,test_ood,1342bcfdbd690e1e,jitter02
0,so_fake_ood,real,,test_ood,1342bcfdbd690e1e,crop08
0,so_fake_ood,real,,test_ood,4366d00158e7941f,clean
0,so_fake_ood,real,,test_ood,4366d00158e7941f,jpeg90
0,so_fake_ood,real,,test_ood,4366d00158e7941f,jpeg70
0,so_fake_ood,real,,test_ood,4366d00158e7941f,jpeg50
0,so_fake_ood,real,,test_ood,4366d00158e7941f,jpeg30
0,so_fake_ood,real,,test_ood,4366d00158e7941f,blur05
0,so_fake_ood,real,,test_ood,4366d00158e7941f,blur10
0,so_fake_ood,real,,test_ood,4366d00158e7941f,blur20
0,so_fake_ood,real,,test_ood,4366d00158e7941f,resize05
0,so_fake_ood,real,,test_ood,4366d00158e7941f,resize025
0,so_fake_ood,real,,test_ood,4366d00158e7941f,noise002
0,so_fake_ood,real,,test_ood,4366d00158e7941f,noise005
0,so_fake_ood,real,,test_ood,4366d00158e7941f,noise01
0,so_fake_ood,real,,test_ood,4366d00158e7941f,jitter02
0,so_fake_ood,real,,test_ood,4366d00158e7941f,crop08
0,so_fake_ood,real,,test_ood,88cedd6ea6c8dc80,clean
0,so_fake_ood,real,,test_ood,88cedd6ea6c8dc80,jpeg90
0,so_fake_ood,real,,test_ood,88cedd6ea6c8dc80,jpeg70
0,so_fake_ood,real,,test_ood,88cedd6ea6c8dc80,jpeg50
0,so_fake_ood,real,,test_ood,88cedd6ea6c8dc80,jpeg30
0,so_fake_ood,real,,test_ood,88cedd6ea6c8dc80,blur05
0,so_fake_ood,real,,test_ood,88cedd6ea6c8dc80,blur10
0,so_fake_ood,real,,test_ood,88cedd6ea6c8dc80,blur20
0,so_fake_ood,real,,test_ood,88cedd6ea6c8dc80,resize05
0,so_fake_ood,real,,test_ood,88cedd6ea6c8dc80,resize025
0,so_fake_ood,real,,test_ood,88cedd6ea6c8dc80,noise002
0,so_fake_ood,real,,test_ood,88cedd6ea6c8dc80,noise005
0,so_fake_ood,real,,test_ood,88cedd6ea6c8dc80,noise01
0,so_fake_ood,real,,test_ood,88cedd6ea6c8dc80,jitter02
0,so_fake_ood,real,,test_ood,88cedd6ea6c8dc80,crop08
0,so_fake_ood,real,,test_ood,adca680257a18c3d,clean
0,so_fake_ood,real,,test_ood,adca680257a18c3d,jpeg90
0,so_fake_ood,real,,test_ood,adca680257a18c3d,jpeg70
0,so_fake_ood,real,,test_ood,adca680257a18c3d,jpeg50
0,so_fake_ood,real,,test_ood,adca680257a18c3d,jpeg30
0,so_fake_ood,real,,test_ood,adca680257a18c3d,blur05
0,so_fake_ood,real,,test_ood,adca680257a18c3d,blur10
0,so_fake_ood,real,,test_ood,adca680257a18c3d,blur20
0,so_fake_ood,real,,test_ood,adca680257a18c3d,resize05
0,so_fake_ood,real,,test_ood,adca680257a18c3d,resize025
0,so_fake_ood,real,,test_ood,adca680257a18c3d,noise002
0,so_fake_ood,real,,test_ood,adca680257a18c3d,noise005
0,so_fake_ood,real,,test_ood,adca680257a18c3d,noise01
0,so_fake_ood,real,,test_ood,adca680257a18c3d,jitter02
0,so_fake_ood,real,,test_ood,adca680257a18c3d,crop08
0,so_fake_ood,real,,test_ood,2e51f895bfd16cb5,clean
0,so_fake_ood,real,,test_ood,2e51f895bfd16cb5,jpeg90
0,so_fake_ood,real,,test_ood,2e51f895bfd16cb5,jpeg70
0,so_fake_ood,real,,test_ood,2e51f895bfd16cb5,jpeg50
0,so_fake_ood,real,,test_ood,2e51f895bfd16cb5,jpeg30
0,so_fake_ood,real,,test_ood,2e51f895bfd16cb5,blur05
0,so_fake_ood,real,,test_ood,2e51f895bfd16cb5,blur10
0,so_fake_ood,real,,test_ood,2e51f895bfd16cb5,blur20
0,so_fake_ood,real,,test_ood,2e51f895bfd16cb5,resize05
0,so_fake_ood,real,,test_ood,2e51f895bfd16cb5,resize025
0,so_fake_ood,real,,test_ood,2e51f895bfd16cb5,noise002
0,so_fake_ood,real,,test_ood,2e51f895bfd16cb5,noise005
0,so_fake_ood,real,,test_ood,2e51f895bfd16cb5,noise01
0,so_fake_ood,real,,test_ood,2e51f895bfd16cb5,jitter02
0,so_fake_ood,real,,test_ood,2e51f895bfd16cb5,crop08
0,so_fake_ood,real,,test_ood,db56e32a56c06315,clean
0,so_fake_ood,real,,test_ood,db56e32a56c06315,jpeg90
0,so_fake_ood,real,,test_ood,db56e32a56c06315,jpeg70
0,so_fake_ood,real,,test_ood,db56e32a56c06315,jpeg50
0,so_fake_ood,real,,test_ood,db56e32a56c06315,jpeg30
0,so_fake_ood,real,,test_ood,db56e32a56c06315,blur05
0,so_fake_ood,real,,test_ood,db56e32a56c06315,blur10
0,so_fake_ood,real,,test_ood,db56e32a56c06315,blur20
0,so_fake_ood,real,,test_ood,db56e32a56c06315,resize05
0,so_fake_ood,real,,test_ood,db56e32a56c06315,resize025
0,so_fake_ood,real,,test_ood,db56e32a56c06315,noise002
0,so_fake_ood,real,,test_ood,db56e32a56c06315,noise005
0,so_fake_ood,real,,test_ood,db56e32a56c06315,noise01
0,so_fake_ood,real,,test_ood,db56e32a56c06315,jitter02
0,so_fake_ood,real,,test_ood,db56e32a56c06315,crop08
0,so_fake_ood,real,,test_ood,30d40dab7a1e4a39,clean
0,so_fake_ood,real,,test_ood,30d40dab7a1e4a39,jpeg90
0,so_fake_ood,real,,test_ood,30d40dab7a1e4a39,jpeg70
0,so_fake_ood,real,,test_ood,30d40dab7a1e4a39,jpeg50
0,so_fake_ood,real,,test_ood,30d40dab7a1e4a39,jpeg30
0,so_fake_ood,real,,test_ood,30d40dab7a1e4a39,blur05
0,so_fake_ood,real,,test_ood,30d40dab7a1e4a39,blur10
0,so_fake_ood,real,,test_ood,30d40dab7a1e4a39,blur20
0,so_fake_ood,real,,test_ood,30d40dab7a1e4a39,resize05
0,so_fake_ood,real,,test_ood,30d40dab7a1e4a39,resize025
0,so_fake_ood,real,,test_ood,30d40dab7a1e4a39,noise002
0,so_fake_ood,real,,test_ood,30d40dab7a1e4a39,noise005
0,so_fake_ood,real,,test_ood,30d40dab7a1e4a39,noise01
0,so_fake_ood,real,,test_ood,30d40dab7a1e4a39,jitter02
0,so_fake_ood,real,,test_ood,30d40dab7a1e4a39,crop08
0,so_fake_ood,real,,test_ood,ee373eeb8f223543,clean
0,so_fake_ood,real,,test_ood,ee373eeb8f223543,jpeg90
0,so_fake_ood,real,,test_ood,ee373eeb8f223543,jpeg70
0,so_fake_ood,real,,test_ood,ee373eeb8f223543,jpeg50
0,so_fake_ood,real,,test_ood,ee373eeb8f223543,jpeg30
0,so_fake_ood,real,,test_ood,ee373eeb8f223543,blur05
0,so_fake_ood,real,,test_ood,ee373eeb8f223543,blur10
0,so_fake_ood,real,,test_ood,ee373eeb8f223543,blur20
0,so_fake_ood,real,,test_ood,ee373eeb8f223543,resize05
0,so_fake_ood,real,,test_ood,ee373eeb8f223543,resize025
0,so_fake_ood,real,,test_ood,ee373eeb8f223543,noise002
0,so_fake_ood,real,,test_ood,ee373eeb8f223543,noise005
0,so_fake_ood,real,,test_ood,ee373eeb8f223543,noise01
0,so_fake_ood,real,,test_ood,ee373eeb8f223543,jitter02
0,so_fake_ood,real,,test_ood,ee373eeb8f223543,crop08
0,so_fake_ood,real,,test_ood,ec92292c31c1bbbb,clean
0,so_fake_ood,real,,test_ood,ec92292c31c1bbbb,jpeg90
0,so_fake_ood,real,,test_ood,ec92292c31c1bbbb,jpeg70
0,so_fake_ood,real,,test_ood,ec92292c31c1bbbb,jpeg50
0,so_fake_ood,real,,test_ood,ec92292c31c1bbbb,jpeg30
0,so_fake_ood,real,,test_ood,ec92292c31c1bbbb,blur05
0,so_fake_ood,real,,test_ood,ec92292c31c1bbbb,blur10
0,so_fake_ood,real,,test_ood,ec92292c31c1bbbb,blur20
0,so_fake_ood,real,,test_ood,ec92292c31c1bbbb,resize05
0,so_fake_ood,real,,test_ood,ec92292c31c1bbbb,resize025
0,so_fake_ood,real,,test_ood,ec92292c31c1bbbb,noise002
0,so_fake_ood,real,,test_ood,ec92292c31c1bbbb,noise005
0,so_fake_ood,real,,test_ood,ec92292c31c1bbbb,noise01
0,so_fake_ood,real,,test_ood,ec92292c31c1bbbb,jitter02
0,so_fake_ood,real,,test_ood,ec92292c31c1bbbb,crop08
0,so_fake_ood,real,,test_ood,a310c28a9166293a,clean
0,so_fake_ood,real,,test_ood,a310c28a9166293a,jpeg90
0,so_fake_ood,real,,test_ood,a310c28a9166293a,jpeg70
0,so_fake_ood,real,,test_ood,a310c28a9166293a,jpeg50
0,so_fake_ood,real,,test_ood,a310c28a9166293a,jpeg30
0,so_fake_ood,real,,test_ood,a310c28a9166293a,blur05
0,so_fake_ood,real,,test_ood,a310c28a9166293a,blur10
0,so_fake_ood,real,,test_ood,a310c28a9166293a,blur20
0,so_fake_ood,real,,test_ood,a310c28a9166293a,resize05
0,so_fake_ood,real,,test_ood,a310c28a9166293a,resize025
0,so_fake_ood,real,,test_ood,a310c28a9166293a,noise002
0,so_fake_ood,real,,test_ood,a310c28a9166293a,noise005
0,so_fake_ood,real,,test_ood,a310c28a9166293a,noise01
0,so_fake_ood,real,,test_ood,a310c28a9166293a,jitter02
0,so_fake_ood,real,,test_ood,a310c28a9166293a,crop08
0,so_fake_ood,real,,test_ood,5f1f6061cef4f746,clean
0,so_fake_ood,real,,test_ood,5f1f6061cef4f746,jpeg90
0,so_fake_ood,real,,test_ood,5f1f6061cef4f746,jpeg70
0,so_fake_ood,real,,test_ood,5f1f6061cef4f746,jpeg50
0,so_fake_ood,real,,test_ood,5f1f6061cef4f746,jpeg30
0,so_fake_ood,real,,test_ood,5f1f6061cef4f746,blur05
0,so_fake_ood,real,,test_ood,5f1f6061cef4f746,blur10
0,so_fake_ood,real,,test_ood,5f1f6061cef4f746,blur20
0,so_fake_ood,real,,test_ood,5f1f6061cef4f746,resize05
0,so_fake_ood,real,,test_ood,5f1f6061cef4f746,resize025
0,so_fake_ood,real,,test_ood,5f1f6061cef4f746,noise002
0,so_fake_ood,real,,test_ood,5f1f6061cef4f746,noise005
0,so_fake_ood,real,,test_ood,5f1f6061cef4f746,noise01
0,so_fake_ood,real,,test_ood,5f1f6061cef4f746,jitter02
0,so_fake_ood,real,,test_ood,5f1f6061cef4f746,crop08
0,so_fake_ood,real,,test_ood,1b58c59ca728a09e,clean
0,so_fake_ood,real,,test_ood,1b58c59ca728a09e,jpeg90
0,so_fake_ood,real,,test_ood,1b58c59ca728a09e,jpeg70
0,so_fake_ood,real,,test_ood,1b58c59ca728a09e,jpeg50
0,so_fake_ood,real,,test_ood,1b58c59ca728a09e,jpeg30
0,so_fake_ood,real,,test_ood,1b58c59ca728a09e,blur05
0,so_fake_ood,real,,test_ood,1b58c59ca728a09e,blur10
0,so_fake_ood,real,,test_ood,1b58c59ca728a09e,blur20
0,so_fake_ood,real,,test_ood,1b58c59ca728a09e,resize05
0,so_fake_ood,real,,test_ood,1b58c59ca728a09e,resize025
0,so_fake_ood,real,,test_ood,1b58c59ca728a09e,noise002
0,so_fake_ood,real,,test_ood,1b58c59ca728a09e,noise005
0,so_fake_ood,real,,test_ood,1b58c59ca728a09e,noise01
0,so_fake_ood,real,,test_ood,1b58c59ca728a09e,jitter02
0,so_fake_ood,real,,test_ood,1b58c59ca728a09e,crop08
0,so_fake_ood,real,,test_ood,d617e6677b24df6a,clean
0,so_fake_ood,real,,test_ood,d617e6677b24df6a,jpeg90
0,so_fake_ood,real,,test_ood,d617e6677b24df6a,jpeg70
0,so_fake_ood,real,,test_ood,d617e6677b24df6a,jpeg50
0,so_fake_ood,real,,test_ood,d617e6677b24df6a,jpeg30
0,so_fake_ood,real,,test_ood,d617e6677b24df6a,blur05
0,so_fake_ood,real,,test_ood,d617e6677b24df6a,blur10
0,so_fake_ood,real,,test_ood,d617e6677b24df6a,blur20
0,so_fake_ood,real,,test_ood,d617e6677b24df6a,resize05
0,so_fake_ood,real,,test_ood,d617e6677b24df6a,resize025
0,so_fake_ood,real,,test_ood,d617e6677b24df6a,noise002
0,so_fake_ood,real,,test_ood,d617e6677b24df6a,noise005
0,so_fake_ood,real,,test_ood,d617e6677b24df6a,noise01
0,so_fake_ood,real,,test_ood,d617e6677b24df6a,jitter02
0,so_fake_ood,real,,test_ood,d617e6677b24df6a,crop08
0,so_fake_ood,real,,test_ood,671115bcd296d48e,clean
0,so_fake_ood,real,,test_ood,671115bcd296d48e,jpeg90
0,so_fake_ood,real,,test_ood,671115bcd296d48e,jpeg70
0,so_fake_ood,real,,test_ood,671115bcd296d48e,jpeg50
0,so_fake_ood,real,,test_ood,671115bcd296d48e,jpeg30
0,so_fake_ood,real,,test_ood,671115bcd296d48e,blur05
0,so_fake_ood,real,,test_ood,671115bcd296d48e,blur10
0,so_fake_ood,real,,test_ood,671115bcd296d48e,blur20
0,so_fake_ood,real,,test_ood,671115bcd296d48e,resize05
0,so_fake_ood,real,,test_ood,671115bcd296d48e,resize025
0,so_fake_ood,real,,test_ood,671115bcd296d48e,noise002
0,so_fake_ood,real,,test_ood,671115bcd296d48e,noise005
0,so_fake_ood,real,,test_ood,671115bcd296d48e,noise01
0,so_fake_ood,real,,test_ood,671115bcd296d48e,jitter02
0,so_fake_ood,real,,test_ood,671115bcd296d48e,crop08
0,so_fake_ood,real,,test_ood,ce13ad2c75b4a550,clean
0,so_fake_ood,real,,test_ood,ce13ad2c75b4a550,jpeg90
0,so_fake_ood,real,,test_ood,ce13ad2c75b4a550,jpeg70
0,so_fake_ood,real,,test_ood,ce13ad2c75b4a550,jpeg50
0,so_fake_ood,real,,test_ood,ce13ad2c75b4a550,jpeg30
0,so_fake_ood,real,,test_ood,ce13ad2c75b4a550,blur05
0,so_fake_ood,real,,test_ood,ce13ad2c75b4a550,blur10
0,so_fake_ood,real,,test_ood,ce13ad2c75b4a550,blur20
0,so_fake_ood,real,,test_ood,ce13ad2c75b4a550,resize05
0,so_fake_ood,real,,test_ood,ce13ad2c75b4a550,resize025
0,so_fake_ood,real,,test_ood,ce13ad2c75b4a550,noise002
0,so_fake_ood,real,,test_ood,ce13ad2c75b4a550,noise005
0,so_fake_ood,real,,test_ood,ce13ad2c75b4a550,noise01
0,so_fake_ood,real,,test_ood,ce13ad2c75b4a550,jitter02
0,so_fake_ood,real,,test_ood,ce13ad2c75b4a550,crop08
0,so_fake_ood,real,,test_ood,f4e745ba8ebf2ce8,clean
0,so_fake_ood,real,,test_ood,f4e745ba8ebf2ce8,jpeg90
0,so_fake_ood,real,,test_ood,f4e745ba8ebf2ce8,jpeg70
0,so_fake_ood,real,,test_ood,f4e745ba8ebf2ce8,jpeg50
0,so_fake_ood,real,,test_ood,f4e745ba8ebf2ce8,jpeg30
0,so_fake_ood,real,,test_ood,f4e745ba8ebf2ce8,blur05
0,so_fake_ood,real,,test_ood,f4e745ba8ebf2ce8,blur10
0,so_fake_ood,real,,test_ood,f4e745ba8ebf2ce8,blur20
0,so_fake_ood,real,,test_ood,f4e745ba8ebf2ce8,resize05
0,so_fake_ood,real,,test_ood,f4e745ba8ebf2ce8,resize025
0,so_fake_ood,real,,test_ood,f4e745ba8ebf2ce8,noise002
0,so_fake_ood,real,,test_ood,f4e745ba8ebf2ce8,noise005
0,so_fake_ood,real,,test_ood,f4e745ba8ebf2ce8,noise01
0,so_fake_ood,real,,test_ood,f4e745ba8ebf2ce8,jitter02
0,so_fake_ood,real,,test_ood,f4e745ba8ebf2ce8,crop08
0,so_fake_ood,real,,test_ood,c9020ca74dc35036,clean
0,so_fake_ood,real,,test_ood,c9020ca74dc35036,jpeg90
0,so_fake_ood,real,,test_ood,c9020ca74dc35036,jpeg70
0,so_fake_ood,real,,test_ood,c9020ca74dc35036,jpeg50
0,so_fake_ood,real,,test_ood,c9020ca74dc35036,jpeg30
0,so_fake_ood,real,,test_ood,c9020ca74dc35036,blur05
0,so_fake_ood,real,,test_ood,c9020ca74dc35036,blur10
0,so_fake_ood,real,,test_ood,c9020ca74dc35036,blur20
0,so_fake_ood,real,,test_ood,c9020ca74dc35036,resize05
0,so_fake_ood,real,,test_ood,c9020ca74dc35036,resize025
0,so_fake_ood,real,,test_ood,c9020ca74dc35036,noise002
0,so_fake_ood,real,,test_ood,c9020ca74dc35036,noise005
0,so_fake_ood,real,,test_ood,c9020ca74dc35036,noise01
0,so_fake_ood,real,,test_ood,c9020ca74dc35036,jitter02
0,so_fake_ood,real,,test_ood,c9020ca74dc35036,crop08
0,so_fake_ood,real,,test_ood,fb7bc95b3a5ece3f,clean
0,so_fake_ood,real,,test_ood,fb7bc95b3a5ece3f,jpeg90
0,so_fake_ood,real,,test_ood,fb7bc95b3a5ece3f,jpeg70
0,so_fake_ood,real,,test_ood,fb7bc95b3a5ece3f,jpeg50
0,so_fake_ood,real,,test_ood,fb7bc95b3a5ece3f,jpeg30
0,so_fake_ood,real,,test_ood,fb7bc95b3a5ece3f,blur05
0,so_fake_ood,real,,test_ood,fb7bc95b3a5ece3f,blur10
0,so_fake_ood,real,,test_ood,fb7bc95b3a5ece3f,blur20
0,so_fake_ood,real,,test_ood,fb7bc95b3a5ece3f,resize05
0,so_fake_ood,real,,test_ood,fb7bc95b3a5ece3f,resize025
0,so_fake_ood,real,,test_ood,fb7bc95b3a5ece3f,noise002
0,so_fake_ood,real,,test_ood,fb7bc95b3a5ece3f,noise005
0,so_fake_ood,real,,test_ood,fb7bc95b3a5ece3f,noise01
0,so_fake_ood,real,,test_ood,fb7bc95b3a5ece3f,jitter02
0,so_fake_ood,real,,test_ood,fb7bc95b3a5ece3f,crop08
0,so_fake_ood,real,,test_ood,91d38fa89ea4f790,clean
0,so_fake_ood,real,,test_ood,91d38fa89ea4f790,jpeg90
0,so_fake_ood,real,,test_ood,91d38fa89ea4f790,jpeg70
0,so_fake_ood,real,,test_ood,91d38fa89ea4f790,jpeg50
0,so_fake_ood,real,,test_ood,91d38fa89ea4f790,jpeg30
0,so_fake_ood,real,,test_ood,91d38fa89ea4f790,blur05
0,so_fake_ood,real,,test_ood,91d38fa89ea4f790,blur10
0,so_fake_ood,real,,test_ood,91d38fa89ea4f790,blur20
0,so_fake_ood,real,,test_ood,91d38fa89ea4f790,resize05
0,so_fake_ood,real,,test_ood,91d38fa89ea4f790,resize025
0,so_fake_ood,real,,test_ood,91d38fa89ea4f790,noise002
0,so_fake_ood,real,,test_ood,91d38fa89ea4f790,noise005
0,so_fake_ood,real,,test_ood,91d38fa89ea4f790,noise01
0,so_fake_ood,real,,test_ood,91d38fa89ea4f790,jitter02
0,so_fake_ood,real,,test_ood,91d38fa89ea4f790,crop08
0,so_fake_ood,real,,test_ood,e1a58a92b1f9ca2e,clean
0,so_fake_ood,real,,test_ood,e1a58a92b1f9ca2e,jpeg90
0,so_fake_ood,real,,test_ood,e1a58a92b1f9ca2e,jpeg70
0,so_fake_ood,real,,test_ood,e1a58a92b1f9ca2e,jpeg50
0,so_fake_ood,real,,test_ood,e1a58a92b1f9ca2e,jpeg30
0,so_fake_ood,real,,test_ood,e1a58a92b1f9ca2e,blur05
0,so_fake_ood,real,,test_ood,e1a58a92b1f9ca2e,blur10
0,so_fake_ood,real,,test_ood,e1a58a92b1f9ca2e,blur20
0,so_fake_ood,real,,test_ood,e1a58a92b1f9ca2e,resize05
0,so_fake_ood,real,,test_ood,e1a58a92b1f9ca2e,resize025
0,so_fake_ood,real,,test_ood,e1a58a92b1f9ca2e,noise002
0,so_fake_ood,real,,test_ood,e1a58a92b1f9ca2e,noise005
0,so_fake_ood,real,,test_ood,e1a58a92b1f9ca2e,noise01
0,so_fake_ood,real,,test_ood,e1a58a92b1f9ca2e,jitter02
0,so_fake_ood,real,,test_ood,e1a58a92b1f9ca2e,crop08
0,so_fake_ood,real,,test_ood,6a2d8d0099ff4c34,clean
0,so_fake_ood,real,,test_ood,6a2d8d0099ff4c34,jpeg90
0,so_fake_ood,real,,test_ood,6a2d8d0099ff4c34,jpeg70
0,so_fake_ood,real,,test_ood,6a2d8d0099ff4c34,jpeg50
0,so_fake_ood,real,,test_ood,6a2d8d0099ff4c34,jpeg30
0,so_fake_ood,real,,test_ood,6a2d8d0099ff4c34,blur05
0,so_fake_ood,real,,test_ood,6a2d8d0099ff4c34,blur10
0,so_fake_ood,real,,test_ood,6a2d8d0099ff4c34,blur20
0,so_fake_ood,real,,test_ood,6a2d8d0099ff4c34,resize05
0,so_fake_ood,real,,test_ood,6a2d8d0099ff4c34,resize025
0,so_fake_ood,real,,test_ood,6a2d8d0099ff4c34,noise002
0,so_fake_ood,real,,test_ood,6a2d8d0099ff4c34,noise005
0,so_fake_ood,real,,test_ood,6a2d8d0099ff4c34,noise01
0,so_fake_ood,real,,test_ood,6a2d8d0099ff4c34,jitter02
0,so_fake_ood,real,,test_ood,6a2d8d0099ff4c34,crop08
0,so_fake_ood,real,,test_ood,dc21856fcec1aad1,clean
0,so_fake_ood,real,,test_ood,dc21856fcec1aad1,jpeg90
0,so_fake_ood,real,,test_ood,dc21856fcec1aad1,jpeg70
0,so_fake_ood,real,,test_ood,dc21856fcec1aad1,jpeg50
0,so_fake_ood,real,,test_ood,dc21856fcec1aad1,jpeg30
0,so_fake_ood,real,,test_ood,dc21856fcec1aad1,blur05
0,so_fake_ood,real,,test_ood,dc21856fcec1aad1,blur10
0,so_fake_ood,real,,test_ood,dc21856fcec1aad1,blur20
0,so_fake_ood,real,,test_ood,dc21856fcec1aad1,resize05
0,so_fake_ood,real,,test_ood,dc21856fcec1aad1,resize025
0,so_fake_ood,real,,test_ood,dc21856fcec1aad1,noise002
0,so_fake_ood,real,,test_ood,dc21856fcec1aad1,noise005
0,so_fake_ood,real,,test_ood,dc21856fcec1aad1,noise01
0,so_fake_ood,real,,test_ood,dc21856fcec1aad1,jitter02
0,so_fake_ood,real,,test_ood,dc21856fcec1aad1,crop08
0,so_fake_ood,real,,test_ood,8a26436d2ce0991a,clean
0,so_fake_ood,real,,test_ood,8a26436d2ce0991a,jpeg90
0,so_fake_ood,real,,test_ood,8a26436d2ce0991a,jpeg70
0,so_fake_ood,real,,test_ood,8a26436d2ce0991a,jpeg50
0,so_fake_ood,real,,test_ood,8a26436d2ce0991a,jpeg30
0,so_fake_ood,real,,test_ood,8a26436d2ce0991a,blur05
0,so_fake_ood,real,,test_ood,8a26436d2ce0991a,blur10
0,so_fake_ood,real,,test_ood,8a26436d2ce0991a,blur20
0,so_fake_ood,real,,test_ood,8a26436d2ce0991a,resize05
0,so_fake_ood,real,,test_ood,8a26436d2ce0991a,resize025
0,so_fake_ood,real,,test_ood,8a26436d2ce0991a,noise002
0,so_fake_ood,real,,test_ood,8a26436d2ce0991a,noise005
0,so_fake_ood,real,,test_ood,8a26436d2ce0991a,noise01
0,so_fake_ood,real,,test_ood,8a26436d2ce0991a,jitter02
0,so_fake_ood,real,,test_ood,8a26436d2ce0991a,crop08
0,so_fake_ood,real,,test_ood,dc4e535057b44b7a,clean
0,so_fake_ood,real,,test_ood,dc4e535057b44b7a,jpeg90
0,so_fake_ood,real,,test_ood,dc4e535057b44b7a,jpeg70
0,so_fake_ood,real,,test_ood,dc4e535057b44b7a,jpeg50
0,so_fake_ood,real,,test_ood,dc4e535057b44b7a,jpeg30
0,so_fake_ood,real,,test_ood,dc4e535057b44b7a,blur05
0,so_fake_ood,real,,test_ood,dc4e535057b44b7a,blur10
0,so_fake_ood,real,,test_ood,dc4e535057b44b7a,blur20
0,so_fake_ood,real,,test_ood,dc4e535057b44b7a,resize05
0,so_fake_ood,real,,test_ood,dc4e535057b44b7a,resize025
0,so_fake_ood,real,,test_ood,dc4e535057b44b7a,noise002
0,so_fake_ood,real,,test_ood,dc4e535057b44b7a,noise005
0,so_fake_ood,real,,test_ood,dc4e535057b44b7a,noise01
0,so_fake_ood,real,,test_ood,dc4e535057b44b7a,jitter02
0,so_fake_ood,real,,test_ood,dc4e535057b44b7a,crop08
0,so_fake_ood,real,,test_ood,851de0429f2981c2,clean
0,so_fake_ood,real,,test_ood,851de0429f2981c2,jpeg90
0,so_fake_ood,real,,test_ood,851de0429f2981c2,jpeg70
0,so_fake_ood,real,,test_ood,851de0429f2981c2,jpeg50
0,so_fake_ood,real,,test_ood,851de0429f2981c2,jpeg30
0,so_fake_ood,real,,test_ood,851de0429f2981c2,blur05
0,so_fake_ood,real,,test_ood,851de0429f2981c2,blur10
0,so_fake_ood,real,,test_ood,851de0429f2981c2,blur20
0,so_fake_ood,real,,test_ood,851de0429f2981c2,resize05
0,so_fake_ood,real,,test_ood,851de0429f2981c2,resize025
0,so_fake_ood,real,,test_ood,851de0429f2981c2,noise002
0,so_fake_ood,real,,test_ood,851de0429f2981c2,noise005
0,so_fake_ood,real,,test_ood,851de0429f2981c2,noise01
0,so_fake_ood,real,,test_ood,851de0429f2981c2,jitter02
0,so_fake_ood,real,,test_ood,851de0429f2981c2,crop08
0,so_fake_ood,real,,test_ood,80d2ca6006206f82,clean
0,so_fake_ood,real,,test_ood,80d2ca6006206f82,jpeg90
0,so_fake_ood,real,,test_ood,80d2ca6006206f82,jpeg70
0,so_fake_ood,real,,test_ood,80d2ca6006206f82,jpeg50
0,so_fake_ood,real,,test_ood,80d2ca6006206f82,jpeg30
0,so_fake_ood,real,,test_ood,80d2ca6006206f82,blur05
0,so_fake_ood,real,,test_ood,80d2ca6006206f82,blur10
0,so_fake_ood,real,,test_ood,80d2ca6006206f82,blur20
0,so_fake_ood,real,,test_ood,80d2ca6006206f82,resize05
0,so_fake_ood,real,,test_ood,80d2ca6006206f82,resize025
0,so_fake_ood,real,,test_ood,80d2ca6006206f82,noise002
0,so_fake_ood,real,,test_ood,80d2ca6006206f82,noise005
0,so_fake_ood,real,,test_ood,80d2ca6006206f82,noise01
0,so_fake_ood,real,,test_ood,80d2ca6006206f82,jitter02
0,so_fake_ood,real,,test_ood,80d2ca6006206f82,crop08
0,so_fake_ood,real,,test_ood,801390ddfb8e3996,clean
0,so_fake_ood,real,,test_ood,801390ddfb8e3996,jpeg90
0,so_fake_ood,real,,test_ood,801390ddfb8e3996,jpeg70
0,so_fake_ood,real,,test_ood,801390ddfb8e3996,jpeg50
0,so_fake_ood,real,,test_ood,801390ddfb8e3996,jpeg30
0,so_fake_ood,real,,test_ood,801390ddfb8e3996,blur05
0,so_fake_ood,real,,test_ood,801390ddfb8e3996,blur10
0,so_fake_ood,real,,test_ood,801390ddfb8e3996,blur20
0,so_fake_ood,real,,test_ood,801390ddfb8e3996,resize05
0,so_fake_ood,real,,test_ood,801390ddfb8e3996,resize025
0,so_fake_ood,real,,test_ood,801390ddfb8e3996,noise002
0,so_fake_ood,real,,test_ood,801390ddfb8e3996,noise005
0,so_fake_ood,real,,test_ood,801390ddfb8e3996,noise01
0,so_fake_ood,real,,test_ood,801390ddfb8e3996,jitter02
0,so_fake_ood,real,,test_ood,801390ddfb8e3996,crop08
0,so_fake_ood,real,,test_ood,dce87b04d1d6747d,clean
0,so_fake_ood,real,,test_ood,dce87b04d1d6747d,jpeg90
0,so_fake_ood,real,,test_ood,dce87b04d1d6747d,jpeg70
0,so_fake_ood,real,,test_ood,dce87b04d1d6747d,jpeg50
0,so_fake_ood,real,,test_ood,dce87b04d1d6747d,jpeg30
0,so_fake_ood,real,,test_ood,dce87b04d1d6747d,blur05
0,so_fake_ood,real,,test_ood,dce87b04d1d6747d,blur10
0,so_fake_ood,real,,test_ood,dce87b04d1d6747d,blur20
0,so_fake_ood,real,,test_ood,dce87b04d1d6747d,resize05
0,so_fake_ood,real,,test_ood,dce87b04d1d6747d,resize025
0,so_fake_ood,real,,test_ood,dce87b04d1d6747d,noise002
0,so_fake_ood,real,,test_ood,dce87b04d1d6747d,noise005
0,so_fake_ood,real,,test_ood,dce87b04d1d6747d,noise01
0,so_fake_ood,real,,test_ood,dce87b04d1d6747d,jitter02
0,so_fake_ood,real,,test_ood,dce87b04d1d6747d,crop08
0,so_fake_ood,real,,test_ood,ec2ef88081a19b75,clean
0,so_fake_ood,real,,test_ood,ec2ef88081a19b75,jpeg90
0,so_fake_ood,real,,test_ood,ec2ef88081a19b75,jpeg70
0,so_fake_ood,real,,test_ood,ec2ef88081a19b75,jpeg50
0,so_fake_ood,real,,test_ood,ec2ef88081a19b75,jpeg30
0,so_fake_ood,real,,test_ood,ec2ef88081a19b75,blur05
0,so_fake_ood,real,,test_ood,ec2ef88081a19b75,blur10
0,so_fake_ood,real,,test_ood,ec2ef88081a19b75,blur20
0,so_fake_ood,real,,test_ood,ec2ef88081a19b75,resize05
0,so_fake_ood,real,,test_ood,ec2ef88081a19b75,resize025
0,so_fake_ood,real,,test_ood,ec2ef88081a19b75,noise002
0,so_fake_ood,real,,test_ood,ec2ef88081a19b75,noise005
0,so_fake_ood,real,,test_ood,ec2ef88081a19b75,noise01
0,so_fake_ood,real,,test_ood,ec2ef88081a19b75,jitter02
0,so_fake_ood,real,,test_ood,ec2ef88081a19b75,crop08
0,so_fake_ood,real,,test_ood,f2513875624581f2,clean
0,so_fake_ood,real,,test_ood,f2513875624581f2,jpeg90
0,so_fake_ood,real,,test_ood,f2513875624581f2,jpeg70
0,so_fake_ood,real,,test_ood,f2513875624581f2,jpeg50
0,so_fake_ood,real,,test_ood,f2513875624581f2,jpeg30
0,so_fake_ood,real,,test_ood,f2513875624581f2,blur05
0,so_fake_ood,real,,test_ood,f2513875624581f2,blur10
0,so_fake_ood,real,,test_ood,f2513875624581f2,blur20
0,so_fake_ood,real,,test_ood,f2513875624581f2,resize05
0,so_fake_ood,real,,test_ood,f2513875624581f2,resize025
0,so_fake_ood,real,,test_ood,f2513875624581f2,noise002
0,so_fake_ood,real,,test_ood,f2513875624581f2,noise005
0,so_fake_ood,real,,test_ood,f2513875624581f2,noise01
0,so_fake_ood,real,,test_ood,f2513875624581f2,jitter02
0,so_fake_ood,real,,test_ood,f2513875624581f2,crop08
0,so_fake_ood,real,,test_ood,6d45b1679b470f29,clean
0,so_fake_ood,real,,test_ood,6d45b1679b470f29,jpeg90
0,so_fake_ood,real,,test_ood,6d45b1679b470f29,jpeg70
0,so_fake_ood,real,,test_ood,6d45b1679b470f29,jpeg50
0,so_fake_ood,real,,test_ood,6d45b1679b470f29,jpeg30
0,so_fake_ood,real,,test_ood,6d45b1679b470f29,blur05
0,so_fake_ood,real,,test_ood,6d45b1679b470f29,blur10
0,so_fake_ood,real,,test_ood,6d45b1679b470f29,blur20
0,so_fake_ood,real,,test_ood,6d45b1679b470f29,resize05
0,so_fake_ood,real,,test_ood,6d45b1679b470f29,resize025
0,so_fake_ood,real,,test_ood,6d45b1679b470f29,noise002
0,so_fake_ood,real,,test_ood,6d45b1679b470f29,noise005
0,so_fake_ood,real,,test_ood,6d45b1679b470f29,noise01
0,so_fake_ood,real,,test_ood,6d45b1679b470f29,jitter02
0,so_fake_ood,real,,test_ood,6d45b1679b470f29,crop08
0,so_fake_ood,real,,test_ood,1098ee9af9051231,clean
0,so_fake_ood,real,,test_ood,1098ee9af9051231,jpeg90
0,so_fake_ood,real,,test_ood,1098ee9af9051231,jpeg70
0,so_fake_ood,real,,test_ood,1098ee9af9051231,jpeg50
0,so_fake_ood,real,,test_ood,1098ee9af9051231,jpeg30
0,so_fake_ood,real,,test_ood,1098ee9af9051231,blur05
0,so_fake_ood,real,,test_ood,1098ee9af9051231,blur10
0,so_fake_ood,real,,test_ood,1098ee9af9051231,blur20
0,so_fake_ood,real,,test_ood,1098ee9af9051231,resize05
0,so_fake_ood,real,,test_ood,1098ee9af9051231,resize025
0,so_fake_ood,real,,test_ood,1098ee9af9051231,noise002
0,so_fake_ood,real,,test_ood,1098ee9af9051231,noise005
0,so_fake_ood,real,,test_ood,1098ee9af9051231,noise01
0,so_fake_ood,real,,test_ood,1098ee9af9051231,jitter02
0,so_fake_ood,real,,test_ood,1098ee9af9051231,crop08
0,so_fake_ood,real,,test_ood,98e80312588ab2fd,clean
0,so_fake_ood,real,,test_ood,98e80312588ab2fd,jpeg90
0,so_fake_ood,real,,test_ood,98e80312588ab2fd,jpeg70
0,so_fake_ood,real,,test_ood,98e80312588ab2fd,jpeg50
0,so_fake_ood,real,,test_ood,98e80312588ab2fd,jpeg30
0,so_fake_ood,real,,test_ood,98e80312588ab2fd,blur05
0,so_fake_ood,real,,test_ood,98e80312588ab2fd,blur10
0,so_fake_ood,real,,test_ood,98e80312588ab2fd,blur20
0,so_fake_ood,real,,test_ood,98e80312588ab2fd,resize05
0,so_fake_ood,real,,test_ood,98e80312588ab2fd,resize025
0,so_fake_ood,real,,test_ood,98e80312588ab2fd,noise002
0,so_fake_ood,real,,test_ood,98e80312588ab2fd,noise005
0,so_fake_ood,real,,test_ood,98e80312588ab2fd,noise01
0,so_fake_ood,real,,test_ood,98e80312588ab2fd,jitter02
0,so_fake_ood,real,,test_ood,98e80312588ab2fd,crop08
0,so_fake_ood,real,,test_ood,422682bf9c6660e4,clean
0,so_fake_ood,real,,test_ood,422682bf9c6660e4,jpeg90
0,so_fake_ood,real,,test_ood,422682bf9c6660e4,jpeg70
0,so_fake_ood,real,,test_ood,422682bf9c6660e4,jpeg50
0,so_fake_ood,real,,test_ood,422682bf9c6660e4,jpeg30
0,so_fake_ood,real,,test_ood,422682bf9c6660e4,blur05
0,so_fake_ood,real,,test_ood,422682bf9c6660e4,blur10
0,so_fake_ood,real,,test_ood,422682bf9c6660e4,blur20
0,so_fake_ood,real,,test_ood,422682bf9c6660e4,resize05
0,so_fake_ood,real,,test_ood,422682bf9c6660e4,resize025
0,so_fake_ood,real,,test_ood,422682bf9c6660e4,noise002
0,so_fake_ood,real,,test_ood,422682bf9c6660e4,noise005
0,so_fake_ood,real,,test_ood,422682bf9c6660e4,noise01
0,so_fake_ood,real,,test_ood,422682bf9c6660e4,jitter02
0,so_fake_ood,real,,test_ood,422682bf9c6660e4,crop08
0,so_fake_ood,real,,test_ood,9f28812e6241cf8d,clean
0,so_fake_ood,real,,test_ood,9f28812e6241cf8d,jpeg90
0,so_fake_ood,real,,test_ood,9f28812e6241cf8d,jpeg70
0,so_fake_ood,real,,test_ood,9f28812e6241cf8d,jpeg50
0,so_fake_ood,real,,test_ood,9f28812e6241cf8d,jpeg30
0,so_fake_ood,real,,test_ood,9f28812e6241cf8d,blur05
0,so_fake_ood,real,,test_ood,9f28812e6241cf8d,blur10
0,so_fake_ood,real,,test_ood,9f28812e6241cf8d,blur20
0,so_fake_ood,real,,test_ood,9f28812e6241cf8d,resize05
0,so_fake_ood,real,,test_ood,9f28812e6241cf8d,resize025
0,so_fake_ood,real,,test_ood,9f28812e6241cf8d,noise002
0,so_fake_ood,real,,test_ood,9f28812e6241cf8d,noise005
0,so_fake_ood,real,,test_ood,9f28812e6241cf8d,noise01
0,so_fake_ood,real,,test_ood,9f28812e6241cf8d,jitter02
0,so_fake_ood,real,,test_ood,9f28812e6241cf8d,crop08
0,so_fake_ood,real,,test_ood,5900caf87e0aed29,clean
0,so_fake_ood,real,,test_ood,5900caf87e0aed29,jpeg90
0,so_fake_ood,real,,test_ood,5900caf87e0aed29,jpeg70
0,so_fake_ood,real,,test_ood,5900caf87e0aed29,jpeg50
0,so_fake_ood,real,,test_ood,5900caf87e0aed29,jpeg30
0,so_fake_ood,real,,test_ood,5900caf87e0aed29,blur05
0,so_fake_ood,real,,test_ood,5900caf87e0aed29,blur10
0,so_fake_ood,real,,test_ood,5900caf87e0aed29,blur20
0,so_fake_ood,real,,test_ood,5900caf87e0aed29,resize05
0,so_fake_ood,real,,test_ood,5900caf87e0aed29,resize025
0,so_fake_ood,real,,test_ood,5900caf87e0aed29,noise002
0,so_fake_ood,real,,test_ood,5900caf87e0aed29,noise005
0,so_fake_ood,real,,test_ood,5900caf87e0aed29,noise01
0,so_fake_ood,real,,test_ood,5900caf87e0aed29,jitter02
0,so_fake_ood,real,,test_ood,5900caf87e0aed29,crop08
0,so_fake_ood,real,,test_ood,40036825462a0cc3,clean
0,so_fake_ood,real,,test_ood,40036825462a0cc3,jpeg90
0,so_fake_ood,real,,test_ood,40036825462a0cc3,jpeg70
0,so_fake_ood,real,,test_ood,40036825462a0cc3,jpeg50
0,so_fake_ood,real,,test_ood,40036825462a0cc3,jpeg30
0,so_fake_ood,real,,test_ood,40036825462a0cc3,blur05
0,so_fake_ood,real,,test_ood,40036825462a0cc3,blur10
0,so_fake_ood,real,,test_ood,40036825462a0cc3,blur20
0,so_fake_ood,real,,test_ood,40036825462a0cc3,resize05
0,so_fake_ood,real,,test_ood,40036825462a0cc3,resize025
0,so_fake_ood,real,,test_ood,40036825462a0cc3,noise002
0,so_fake_ood,real,,test_ood,40036825462a0cc3,noise005
0,so_fake_ood,real,,test_ood,40036825462a0cc3,noise01
0,so_fake_ood,real,,test_ood,40036825462a0cc3,jitter02
0,so_fake_ood,real,,test_ood,40036825462a0cc3,crop08
0,so_fake_ood,real,,test_ood,ccaf9800c2ff5e65,clean
0,so_fake_ood,real,,test_ood,ccaf9800c2ff5e65,jpeg90
0,so_fake_ood,real,,test_ood,ccaf9800c2ff5e65,jpeg70
0,so_fake_ood,real,,test_ood,ccaf9800c2ff5e65,jpeg50
0,so_fake_ood,real,,test_ood,ccaf9800c2ff5e65,jpeg30
0,so_fake_ood,real,,test_ood,ccaf9800c2ff5e65,blur05
0,so_fake_ood,real,,test_ood,ccaf9800c2ff5e65,blur10
0,so_fake_ood,real,,test_ood,ccaf9800c2ff5e65,blur20
0,so_fake_ood,real,,test_ood,ccaf9800c2ff5e65,resize05
0,so_fake_ood,real,,test_ood,ccaf9800c2ff5e65,resize025
0,so_fake_ood,real,,test_ood,ccaf9800c2ff5e65,noise002
0,so_fake_ood,real,,test_ood,ccaf9800c2ff5e65,noise005
0,so_fake_ood,real,,test_ood,ccaf9800c2ff5e65,noise01
0,so_fake_ood,real,,test_ood,ccaf9800c2ff5e65,jitter02
0,so_fake_ood,real,,test_ood,ccaf9800c2ff5e65,crop08
0,so_fake_ood,real,,test_ood,d2934216f4e49bce,clean
0,so_fake_ood,real,,test_ood,d2934216f4e49bce,jpeg90
0,so_fake_ood,real,,test_ood,d2934216f4e49bce,jpeg70
0,so_fake_ood,real,,test_ood,d2934216f4e49bce,jpeg50
0,so_fake_ood,real,,test_ood,d2934216f4e49bce,jpeg30
0,so_fake_ood,real,,test_ood,d2934216f4e49bce,blur05
0,so_fake_ood,real,,test_ood,d2934216f4e49bce,blur10
0,so_fake_ood,real,,test_ood,d2934216f4e49bce,blur20
0,so_fake_ood,real,,test_ood,d2934216f4e49bce,resize05
0,so_fake_ood,real,,test_ood,d2934216f4e49bce,resize025
0,so_fake_ood,real,,test_ood,d2934216f4e49bce,noise002
0,so_fake_ood,real,,test_ood,d2934216f4e49bce,noise005
0,so_fake_ood,real,,test_ood,d2934216f4e49bce,noise01
0,so_fake_ood,real,,test_ood,d2934216f4e49bce,jitter02
0,so_fake_ood,real,,test_ood,d2934216f4e49bce,crop08
0,so_fake_ood,real,,test_ood,94c87b50d939da69,clean
0,so_fake_ood,real,,test_ood,94c87b50d939da69,jpeg90
0,so_fake_ood,real,,test_ood,94c87b50d939da69,jpeg70
0,so_fake_ood,real,,test_ood,94c87b50d939da69,jpeg50
0,so_fake_ood,real,,test_ood,94c87b50d939da69,jpeg30
0,so_fake_ood,real,,test_ood,94c87b50d939da69,blur05
0,so_fake_ood,real,,test_ood,94c87b50d939da69,blur10
0,so_fake_ood,real,,test_ood,94c87b50d939da69,blur20
0,so_fake_ood,real,,test_ood,94c87b50d939da69,resize05
0,so_fake_ood,real,,test_ood,94c87b50d939da69,resize025
0,so_fake_ood,real,,test_ood,94c87b50d939da69,noise002
0,so_fake_ood,real,,test_ood,94c87b50d939da69,noise005
0,so_fake_ood,real,,test_ood,94c87b50d939da69,noise01
0,so_fake_ood,real,,test_ood,94c87b50d939da69,jitter02
0,so_fake_ood,real,,test_ood,94c87b50d939da69,crop08
0,so_fake_ood,real,,test_ood,e6c24c106ddf7d44,clean
0,so_fake_ood,real,,test_ood,e6c24c106ddf7d44,jpeg90
0,so_fake_ood,real,,test_ood,e6c24c106ddf7d44,jpeg70
0,so_fake_ood,real,,test_ood,e6c24c106ddf7d44,jpeg50
0,so_fake_ood,real,,test_ood,e6c24c106ddf7d44,jpeg30
0,so_fake_ood,real,,test_ood,e6c24c106ddf7d44,blur05
0,so_fake_ood,real,,test_ood,e6c24c106ddf7d44,blur10
0,so_fake_ood,real,,test_ood,e6c24c106ddf7d44,blur20
0,so_fake_ood,real,,test_ood,e6c24c106ddf7d44,resize05
0,so_fake_ood,real,,test_ood,e6c24c106ddf7d44,resize025
0,so_fake_ood,real,,test_ood,e6c24c106ddf7d44,noise002
0,so_fake_ood,real,,test_ood,e6c24c106ddf7d44,noise005
0,so_fake_ood,real,,test_ood,e6c24c106ddf7d44,noise01
0,so_fake_ood,real,,test_ood,e6c24c106ddf7d44,jitter02
0,so_fake_ood,real,,test_ood,e6c24c106ddf7d44,crop08
0,so_fake_ood,real,,test_ood,3645c08421f0d4bf,clean
0,so_fake_ood,real,,test_ood,3645c08421f0d4bf,jpeg90
0,so_fake_ood,real,,test_ood,3645c08421f0d4bf,jpeg70
0,so_fake_ood,real,,test_ood,3645c08421f0d4bf,jpeg50
0,so_fake_ood,real,,test_ood,3645c08421f0d4bf,jpeg30
0,so_fake_ood,real,,test_ood,3645c08421f0d4bf,blur05
0,so_fake_ood,real,,test_ood,3645c08421f0d4bf,blur10
0,so_fake_ood,real,,test_ood,3645c08421f0d4bf,blur20
0,so_fake_ood,real,,test_ood,3645c08421f0d4bf,resize05
0,so_fake_ood,real,,test_ood,3645c08421f0d4bf,resize025
0,so_fake_ood,real,,test_ood,3645c08421f0d4bf,noise002
0,so_fake_ood,real,,test_ood,3645c08421f0d4bf,noise005
0,so_fake_ood,real,,test_ood,3645c08421f0d4bf,noise01
0,so_fake_ood,real,,test_ood,3645c08421f0d4bf,jitter02
0,so_fake_ood,real,,test_ood,3645c08421f0d4bf,crop08
0,so_fake_ood,real,,test_ood,806c84aff88b7475,clean
0,so_fake_ood,real,,test_ood,806c84aff88b7475,jpeg90
0,so_fake_ood,real,,test_ood,806c84aff88b7475,jpeg70
0,so_fake_ood,real,,test_ood,806c84aff88b7475,jpeg50
0,so_fake_ood,real,,test_ood,806c84aff88b7475,jpeg30
0,so_fake_ood,real,,test_ood,806c84aff88b7475,blur05
0,so_fake_ood,real,,test_ood,806c84aff88b7475,blur10
0,so_fake_ood,real,,test_ood,806c84aff88b7475,blur20
0,so_fake_ood,real,,test_ood,806c84aff88b7475,resize05
0,so_fake_ood,real,,test_ood,806c84aff88b7475,resize025
0,so_fake_ood,real,,test_ood,806c84aff88b7475,noise002
0,so_fake_ood,real,,test_ood,806c84aff88b7475,noise005
0,so_fake_ood,real,,test_ood,806c84aff88b7475,noise01
0,so_fake_ood,real,,test_ood,806c84aff88b7475,jitter02
0,so_fake_ood,real,,test_ood,806c84aff88b7475,crop08
0,so_fake_ood,real,,test_ood,e7a6176066f34e9e,clean
0,so_fake_ood,real,,test_ood,e7a6176066f34e9e,jpeg90
0,so_fake_ood,real,,test_ood,e7a6176066f34e9e,jpeg70
0,so_fake_ood,real,,test_ood,e7a6176066f34e9e,jpeg50
0,so_fake_ood,real,,test_ood,e7a6176066f34e9e,jpeg30
0,so_fake_ood,real,,test_ood,e7a6176066f34e9e,blur05
0,so_fake_ood,real,,test_ood,e7a6176066f34e9e,blur10
0,so_fake_ood,real,,test_ood,e7a6176066f34e9e,blur20
0,so_fake_ood,real,,test_ood,e7a6176066f34e9e,resize05
0,so_fake_ood,real,,test_ood,e7a6176066f34e9e,resize025
0,so_fake_ood,real,,test_ood,e7a6176066f34e9e,noise002
0,so_fake_ood,real,,test_ood,e7a6176066f34e9e,noise005
0,so_fake_ood,real,,test_ood,e7a6176066f34e9e,noise01
0,so_fake_ood,real,,test_ood,e7a6176066f34e9e,jitter02
0,so_fake_ood,real,,test_ood,e7a6176066f34e9e,crop08
0,so_fake_ood,real,,test_ood,b2f17a34e250d73b,clean
0,so_fake_ood,real,,test_ood,b2f17a34e250d73b,jpeg90
0,so_fake_ood,real,,test_ood,b2f17a34e250d73b,jpeg70
0,so_fake_ood,real,,test_ood,b2f17a34e250d73b,jpeg50
0,so_fake_ood,real,,test_ood,b2f17a34e250d73b,jpeg30
0,so_fake_ood,real,,test_ood,b2f17a34e250d73b,blur05
0,so_fake_ood,real,,test_ood,b2f17a34e250d73b,blur10
0,so_fake_ood,real,,test_ood,b2f17a34e250d73b,blur20
0,so_fake_ood,real,,test_ood,b2f17a34e250d73b,resize05
0,so_fake_ood,real,,test_ood,b2f17a34e250d73b,resize025
0,so_fake_ood,real,,test_ood,b2f17a34e250d73b,noise002
0,so_fake_ood,real,,test_ood,b2f17a34e250d73b,noise005
0,so_fake_ood,real,,test_ood,b2f17a34e250d73b,noise01
0,so_fake_ood,real,,test_ood,b2f17a34e250d73b,jitter02
0,so_fake_ood,real,,test_ood,b2f17a34e250d73b,crop08
0,so_fake_ood,real,,test_ood,30e1538e849b5439,clean
0,so_fake_ood,real,,test_ood,30e1538e849b5439,jpeg90
0,so_fake_ood,real,,test_ood,30e1538e849b5439,jpeg70
0,so_fake_ood,real,,test_ood,30e1538e849b5439,jpeg50
0,so_fake_ood,real,,test_ood,30e1538e849b5439,jpeg30
0,so_fake_ood,real,,test_ood,30e1538e849b5439,blur05
0,so_fake_ood,real,,test_ood,30e1538e849b5439,blur10
0,so_fake_ood,real,,test_ood,30e1538e849b5439,blur20
0,so_fake_ood,real,,test_ood,30e1538e849b5439,resize05
0,so_fake_ood,real,,test_ood,30e1538e849b5439,resize025
0,so_fake_ood,real,,test_ood,30e1538e849b5439,noise002
0,so_fake_ood,real,,test_ood,30e1538e849b5439,noise005
0,so_fake_ood,real,,test_ood,30e1538e849b5439,noise01
0,so_fake_ood,real,,test_ood,30e1538e849b5439,jitter02
0,so_fake_ood,real,,test_ood,30e1538e849b5439,crop08
0,so_fake_ood,real,,test_ood,2fe51b3770e64fda,clean
0,so_fake_ood,real,,test_ood,2fe51b3770e64fda,jpeg90
0,so_fake_ood,real,,test_ood,2fe51b3770e64fda,jpeg70
0,so_fake_ood,real,,test_ood,2fe51b3770e64fda,jpeg50
0,so_fake_ood,real,,test_ood,2fe51b3770e64fda,jpeg30
0,so_fake_ood,real,,test_ood,2fe51b3770e64fda,blur05
0,so_fake_ood,real,,test_ood,2fe51b3770e64fda,blur10
0,so_fake_ood,real,,test_ood,2fe51b3770e64fda,blur20
0,so_fake_ood,real,,test_ood,2fe51b3770e64fda,resize05
0,so_fake_ood,real,,test_ood,2fe51b3770e64fda,resize025
0,so_fake_ood,real,,test_ood,2fe51b3770e64fda,noise002
0,so_fake_ood,real,,test_ood,2fe51b3770e64fda,noise005
0,so_fake_ood,real,,test_ood,2fe51b3770e64fda,noise01
0,so_fake_ood,real,,test_ood,2fe51b3770e64fda,jitter02
0,so_fake_ood,real,,test_ood,2fe51b3770e64fda,crop08
0,so_fake_ood,real,,test_ood,818e6abe5f38a2a8,clean
0,so_fake_ood,real,,test_ood,818e6abe5f38a2a8,jpeg90
0,so_fake_ood,real,,test_ood,818e6abe5f38a2a8,jpeg70
0,so_fake_ood,real,,test_ood,818e6abe5f38a2a8,jpeg50
0,so_fake_ood,real,,test_ood,818e6abe5f38a2a8,jpeg30
0,so_fake_ood,real,,test_ood,818e6abe5f38a2a8,blur05
0,so_fake_ood,real,,test_ood,818e6abe5f38a2a8,blur10
0,so_fake_ood,real,,test_ood,818e6abe5f38a2a8,blur20
0,so_fake_ood,real,,test_ood,818e6abe5f38a2a8,resize05
0,so_fake_ood,real,,test_ood,818e6abe5f38a2a8,resize025
0,so_fake_ood,real,,test_ood,818e6abe5f38a2a8,noise002
0,so_fake_ood,real,,test_ood,818e6abe5f38a2a8,noise005
0,so_fake_ood,real,,test_ood,818e6abe5f38a2a8,noise01
0,so_fake_ood,real,,test_ood,818e6abe5f38a2a8,jitter02
0,so_fake_ood,real,,test_ood,818e6abe5f38a2a8,crop08
0,so_fake_ood,real,,test_ood,4accaaf76dd80528,clean
0,so_fake_ood,real,,test_ood,4accaaf76dd80528,jpeg90
0,so_fake_ood,real,,test_ood,4accaaf76dd80528,jpeg70
0,so_fake_ood,real,,test_ood,4accaaf76dd80528,jpeg50
0,so_fake_ood,real,,test_ood,4accaaf76dd80528,jpeg30
0,so_fake_ood,real,,test_ood,4accaaf76dd80528,blur05
0,so_fake_ood,real,,test_ood,4accaaf76dd80528,blur10
0,so_fake_ood,real,,test_ood,4accaaf76dd80528,blur20
0,so_fake_ood,real,,test_ood,4accaaf76dd80528,resize05
0,so_fake_ood,real,,test_ood,4accaaf76dd80528,resize025
0,so_fake_ood,real,,test_ood,4accaaf76dd80528,noise002
0,so_fake_ood,real,,test_ood,4accaaf76dd80528,noise005
0,so_fake_ood,real,,test_ood,4accaaf76dd80528,noise01
0,so_fake_ood,real,,test_ood,4accaaf76dd80528,jitter02
0,so_fake_ood,real,,test_ood,4accaaf76dd80528,crop08
0,so_fake_ood,real,,test_ood,001deb9f23430762,clean
0,so_fake_ood,real,,test_ood,001deb9f23430762,jpeg90
0,so_fake_ood,real,,test_ood,001deb9f23430762,jpeg70
0,so_fake_ood,real,,test_ood,001deb9f23430762,jpeg50
0,so_fake_ood,real,,test_ood,001deb9f23430762,jpeg30
0,so_fake_ood,real,,test_ood,001deb9f23430762,blur05
0,so_fake_ood,real,,test_ood,001deb9f23430762,blur10
0,so_fake_ood,real,,test_ood,001deb9f23430762,blur20
0,so_fake_ood,real,,test_ood,001deb9f23430762,resize05
0,so_fake_ood,real,,test_ood,001deb9f23430762,resize025
0,so_fake_ood,real,,test_ood,001deb9f23430762,noise002
0,so_fake_ood,real,,test_ood,001deb9f23430762,noise005
0,so_fake_ood,real,,test_ood,001deb9f23430762,noise01
0,so_fake_ood,real,,test_ood,001deb9f23430762,jitter02
0,so_fake_ood,real,,test_ood,001deb9f23430762,crop08
0,so_fake_ood,real,,test_ood,757bd780a73842d8,clean
0,so_fake_ood,real,,test_ood,757bd780a73842d8,jpeg90
0,so_fake_ood,real,,test_ood,757bd780a73842d8,jpeg70
0,so_fake_ood,real,,test_ood,757bd780a73842d8,jpeg50
0,so_fake_ood,real,,test_ood,757bd780a73842d8,jpeg30
0,so_fake_ood,real,,test_ood,757bd780a73842d8,blur05
0,so_fake_ood,real,,test_ood,757bd780a73842d8,blur10
0,so_fake_ood,real,,test_ood,757bd780a73842d8,blur20
0,so_fake_ood,real,,test_ood,757bd780a73842d8,resize05
0,so_fake_ood,real,,test_ood,757bd780a73842d8,resize025
0,so_fake_ood,real,,test_ood,757bd780a73842d8,noise002
0,so_fake_ood,real,,test_ood,757bd780a73842d8,noise005
0,so_fake_ood,real,,test_ood,757bd780a73842d8,noise01
0,so_fake_ood,real,,test_ood,757bd780a73842d8,jitter02
0,so_fake_ood,real,,test_ood,757bd780a73842d8,crop08
0,so_fake_ood,real,,test_ood,aef54a90ad6d9c0c,clean
0,so_fake_ood,real,,test_ood,aef54a90ad6d9c0c,jpeg90
0,so_fake_ood,real,,test_ood,aef54a90ad6d9c0c,jpeg70
0,so_fake_ood,real,,test_ood,aef54a90ad6d9c0c,jpeg50
0,so_fake_ood,real,,test_ood,aef54a90ad6d9c0c,jpeg30
0,so_fake_ood,real,,test_ood,aef54a90ad6d9c0c,blur05
0,so_fake_ood,real,,test_ood,aef54a90ad6d9c0c,blur10
0,so_fake_ood,real,,test_ood,aef54a90ad6d9c0c,blur20
0,so_fake_ood,real,,test_ood,aef54a90ad6d9c0c,resize05
0,so_fake_ood,real,,test_ood,aef54a90ad6d9c0c,resize025
0,so_fake_ood,real,,test_ood,aef54a90ad6d9c0c,noise002
0,so_fake_ood,real,,test_ood,aef54a90ad6d9c0c,noise005
0,so_fake_ood,real,,test_ood,aef54a90ad6d9c0c,noise01
0,so_fake_ood,real,,test_ood,aef54a90ad6d9c0c,jitter02
0,so_fake_ood,real,,test_ood,aef54a90ad6d9c0c,crop08
0,so_fake_ood,real,,test_ood,0112813f8ac63bcb,clean
0,so_fake_ood,real,,test_ood,0112813f8ac63bcb,jpeg90
0,so_fake_ood,real,,test_ood,0112813f8ac63bcb,jpeg70
0,so_fake_ood,real,,test_ood,0112813f8ac63bcb,jpeg50
0,so_fake_ood,real,,test_ood,0112813f8ac63bcb,jpeg30
0,so_fake_ood,real,,test_ood,0112813f8ac63bcb,blur05
0,so_fake_ood,real,,test_ood,0112813f8ac63bcb,blur10
0,so_fake_ood,real,,test_ood,0112813f8ac63bcb,blur20
0,so_fake_ood,real,,test_ood,0112813f8ac63bcb,resize05
0,so_fake_ood,real,,test_ood,0112813f8ac63bcb,resize025
0,so_fake_ood,real,,test_ood,0112813f8ac63bcb,noise002
0,so_fake_ood,real,,test_ood,0112813f8ac63bcb,noise005
0,so_fake_ood,real,,test_ood,0112813f8ac63bcb,noise01
0,so_fake_ood,real,,test_ood,0112813f8ac63bcb,jitter02
0,so_fake_ood,real,,test_ood,0112813f8ac63bcb,crop08
0,so_fake_ood,real,,test_ood,8bda0439ceb3ff89,clean
0,so_fake_ood,real,,test_ood,8bda0439ceb3ff89,jpeg90
0,so_fake_ood,real,,test_ood,8bda0439ceb3ff89,jpeg70
0,so_fake_ood,real,,test_ood,8bda0439ceb3ff89,jpeg50
0,so_fake_ood,real,,test_ood,8bda0439ceb3ff89,jpeg30
0,so_fake_ood,real,,test_ood,8bda0439ceb3ff89,blur05
0,so_fake_ood,real,,test_ood,8bda0439ceb3ff89,blur10
0,so_fake_ood,real,,test_ood,8bda0439ceb3ff89,blur20
0,so_fake_ood,real,,test_ood,8bda0439ceb3ff89,resize05
0,so_fake_ood,real,,test_ood,8bda0439ceb3ff89,resize025
0,so_fake_ood,real,,test_ood,8bda0439ceb3ff89,noise002
0,so_fake_ood,real,,test_ood,8bda0439ceb3ff89,noise005
0,so_fake_ood,real,,test_ood,8bda0439ceb3ff89,noise01
0,so_fake_ood,real,,test_ood,8bda0439ceb3ff89,jitter02
0,so_fake_ood,real,,test_ood,8bda0439ceb3ff89,crop08
0,so_fake_ood,real,,test_ood,12d2ab46ff90317f,clean
0,so_fake_ood,real,,test_ood,12d2ab46ff90317f,jpeg90
0,so_fake_ood,real,,test_ood,12d2ab46ff90317f,jpeg70
0,so_fake_ood,real,,test_ood,12d2ab46ff90317f,jpeg50
0,so_fake_ood,real,,test_ood,12d2ab46ff90317f,jpeg30
0,so_fake_ood,real,,test_ood,12d2ab46ff90317f,blur05
0,so_fake_ood,real,,test_ood,12d2ab46ff90317f,blur10
0,so_fake_ood,real,,test_ood,12d2ab46ff90317f,blur20
0,so_fake_ood,real,,test_ood,12d2ab46ff90317f,resize05
0,so_fake_ood,real,,test_ood,12d2ab46ff90317f,resize025
0,so_fake_ood,real,,test_ood,12d2ab46ff90317f,noise002
0,so_fake_ood,real,,test_ood,12d2ab46ff90317f,noise005
0,so_fake_ood,real,,test_ood,12d2ab46ff90317f,noise01
0,so_fake_ood,real,,test_ood,12d2ab46ff90317f,jitter02
0,so_fake_ood,real,,test_ood,12d2ab46ff90317f,crop08
0,so_fake_ood,real,,test_ood,5651fc540a339e18,clean
0,so_fake_ood,real,,test_ood,5651fc540a339e18,jpeg90
0,so_fake_ood,real,,test_ood,5651fc540a339e18,jpeg70
0,so_fake_ood,real,,test_ood,5651fc540a339e18,jpeg50
0,so_fake_ood,real,,test_ood,5651fc540a339e18,jpeg30
0,so_fake_ood,real,,test_ood,5651fc540a339e18,blur05
0,so_fake_ood,real,,test_ood,5651fc540a339e18,blur10
0,so_fake_ood,real,,test_ood,5651fc540a339e18,blur20
0,so_fake_ood,real,,test_ood,5651fc540a339e18,resize05
0,so_fake_ood,real,,test_ood,5651fc540a339e18,resize025
0,so_fake_ood,real,,test_ood,5651fc540a339e18,noise002
0,so_fake_ood,real,,test_ood,5651fc540a339e18,noise005
0,so_fake_ood,real,,test_ood,5651fc540a339e18,noise01
0,so_fake_ood,real,,test_ood,5651fc540a339e18,jitter02
0,so_fake_ood,real,,test_ood,5651fc540a339e18,crop08
0,so_fake_ood,real,,test_ood,4bbde5d50ddc2579,clean
0,so_fake_ood,real,,test_ood,4bbde5d50ddc2579,jpeg90
0,so_fake_ood,real,,test_ood,4bbde5d50ddc2579,jpeg70
0,so_fake_ood,real,,test_ood,4bbde5d50ddc2579,jpeg50
0,so_fake_ood,real,,test_ood,4bbde5d50ddc2579,jpeg30
0,so_fake_ood,real,,test_ood,4bbde5d50ddc2579,blur05
0,so_fake_ood,real,,test_ood,4bbde5d50ddc2579,blur10
0,so_fake_ood,real,,test_ood,4bbde5d50ddc2579,blur20
0,so_fake_ood,real,,test_ood,4bbde5d50ddc2579,resize05
0,so_fake_ood,real,,test_ood,4bbde5d50ddc2579,resize025
0,so_fake_ood,real,,test_ood,4bbde5d50ddc2579,noise002
0,so_fake_ood,real,,test_ood,4bbde5d50ddc2579,noise005
0,so_fake_ood,real,,test_ood,4bbde5d50ddc2579,noise01
0,so_fake_ood,real,,test_ood,4bbde5d50ddc2579,jitter02
0,so_fake_ood,real,,test_ood,4bbde5d50ddc2579,crop08
0,so_fake_ood,real,,test_ood,1f5164f10ef22dd5,clean
0,so_fake_ood,real,,test_ood,1f5164f10ef22dd5,jpeg90
0,so_fake_ood,real,,test_ood,1f5164f10ef22dd5,jpeg70
0,so_fake_ood,real,,test_ood,1f5164f10ef22dd5,jpeg50
0,so_fake_ood,real,,test_ood,1f5164f10ef22dd5,jpeg30
0,so_fake_ood,real,,test_ood,1f5164f10ef22dd5,blur05
0,so_fake_ood,real,,test_ood,1f5164f10ef22dd5,blur10
0,so_fake_ood,real,,test_ood,1f5164f10ef22dd5,blur20
0,so_fake_ood,real,,test_ood,1f5164f10ef22dd5,resize05
0,so_fake_ood,real,,test_ood,1f5164f10ef22dd5,resize025
0,so_fake_ood,real,,test_ood,1f5164f10ef22dd5,noise002
0,so_fake_ood,real,,test_ood,1f5164f10ef22dd5,noise005
0,so_fake_ood,real,,test_ood,1f5164f10ef22dd5,noise01
0,so_fake_ood,real,,test_ood,1f5164f10ef22dd5,jitter02
0,so_fake_ood,real,,test_ood,1f5164f10ef22dd5,crop08
0,so_fake_ood,real,,test_ood,021f51aac99cdb33,clean
0,so_fake_ood,real,,test_ood,021f51aac99cdb33,jpeg90
0,so_fake_ood,real,,test_ood,021f51aac99cdb33,jpeg70
0,so_fake_ood,real,,test_ood,021f51aac99cdb33,jpeg50
0,so_fake_ood,real,,test_ood,021f51aac99cdb33,jpeg30
0,so_fake_ood,real,,test_ood,021f51aac99cdb33,blur05
0,so_fake_ood,real,,test_ood,021f51aac99cdb33,blur10
0,so_fake_ood,real,,test_ood,021f51aac99cdb33,blur20
0,so_fake_ood,real,,test_ood,021f51aac99cdb33,resize05
0,so_fake_ood,real,,test_ood,021f51aac99cdb33,resize025
0,so_fake_ood,real,,test_ood,021f51aac99cdb33,noise002
0,so_fake_ood,real,,test_ood,021f51aac99cdb33,noise005
0,so_fake_ood,real,,test_ood,021f51aac99cdb33,noise01
0,so_fake_ood,real,,test_ood,021f51aac99cdb33,jitter02
0,so_fake_ood,real,,test_ood,021f51aac99cdb33,crop08
0,so_fake_ood,real,,test_ood,2c16ece520b155ac,clean
0,so_fake_ood,real,,test_ood,2c16ece520b155ac,jpeg90
0,so_fake_ood,real,,test_ood,2c16ece520b155ac,jpeg70
0,so_fake_ood,real,,test_ood,2c16ece520b155ac,jpeg50
0,so_fake_ood,real,,test_ood,2c16ece520b155ac,jpeg30
0,so_fake_ood,real,,test_ood,2c16ece520b155ac,blur05
0,so_fake_ood,real,,test_ood,2c16ece520b155ac,blur10
0,so_fake_ood,real,,test_ood,2c16ece520b155ac,blur20
0,so_fake_ood,real,,test_ood,2c16ece520b155ac,resize05
0,so_fake_ood,real,,test_ood,2c16ece520b155ac,resize025
0,so_fake_ood,real,,test_ood,2c16ece520b155ac,noise002
0,so_fake_ood,real,,test_ood,2c16ece520b155ac,noise005
0,so_fake_ood,real,,test_ood,2c16ece520b155ac,noise01
0,so_fake_ood,real,,test_ood,2c16ece520b155ac,jitter02
0,so_fake_ood,real,,test_ood,2c16ece520b155ac,crop08
0,so_fake_ood,real,,test_ood,4af08472f36473fd,clean
0,so_fake_ood,real,,test_ood,4af08472f36473fd,jpeg90
0,so_fake_ood,real,,test_ood,4af08472f36473fd,jpeg70
0,so_fake_ood,real,,test_ood,4af08472f36473fd,jpeg50
0,so_fake_ood,real,,test_ood,4af08472f36473fd,jpeg30
0,so_fake_ood,real,,test_ood,4af08472f36473fd,blur05
0,so_fake_ood,real,,test_ood,4af08472f36473fd,blur10
0,so_fake_ood,real,,test_ood,4af08472f36473fd,blur20
0,so_fake_ood,real,,test_ood,4af08472f36473fd,resize05
0,so_fake_ood,real,,test_ood,4af08472f36473fd,resize025
0,so_fake_ood,real,,test_ood,4af08472f36473fd,noise002
0,so_fake_ood,real,,test_ood,4af08472f36473fd,noise005
0,so_fake_ood,real,,test_ood,4af08472f36473fd,noise01
0,so_fake_ood,real,,test_ood,4af08472f36473fd,jitter02
0,so_fake_ood,real,,test_ood,4af08472f36473fd,crop08
0,so_fake_ood,real,,test_ood,1e29344c05b76a5c,clean
0,so_fake_ood,real,,test_ood,1e29344c05b76a5c,jpeg90
0,so_fake_ood,real,,test_ood,1e29344c05b76a5c,jpeg70
0,so_fake_ood,real,,test_ood,1e29344c05b76a5c,jpeg50
0,so_fake_ood,real,,test_ood,1e29344c05b76a5c,jpeg30
0,so_fake_ood,real,,test_ood,1e29344c05b76a5c,blur05
0,so_fake_ood,real,,test_ood,1e29344c05b76a5c,blur10
0,so_fake_ood,real,,test_ood,1e29344c05b76a5c,blur20
0,so_fake_ood,real,,test_ood,1e29344c05b76a5c,resize05
0,so_fake_ood,real,,test_ood,1e29344c05b76a5c,resize025
0,so_fake_ood,real,,test_ood,1e29344c05b76a5c,noise002
0,so_fake_ood,real,,test_ood,1e29344c05b76a5c,noise005
0,so_fake_ood,real,,test_ood,1e29344c05b76a5c,noise01
0,so_fake_ood,real,,test_ood,1e29344c05b76a5c,jitter02
0,so_fake_ood,real,,test_ood,1e29344c05b76a5c,crop08
0,so_fake_ood,real,,test_ood,ffc8738ed951f5c3,clean
0,so_fake_ood,real,,test_ood,ffc8738ed951f5c3,jpeg90
0,so_fake_ood,real,,test_ood,ffc8738ed951f5c3,jpeg70
0,so_fake_ood,real,,test_ood,ffc8738ed951f5c3,jpeg50
0,so_fake_ood,real,,test_ood,ffc8738ed951f5c3,jpeg30
0,so_fake_ood,real,,test_ood,ffc8738ed951f5c3,blur05
0,so_fake_ood,real,,test_ood,ffc8738ed951f5c3,blur10
0,so_fake_ood,real,,test_ood,ffc8738ed951f5c3,blur20
0,so_fake_ood,real,,test_ood,ffc8738ed951f5c3,resize05
0,so_fake_ood,real,,test_ood,ffc8738ed951f5c3,resize025
0,so_fake_ood,real,,test_ood,ffc8738ed951f5c3,noise002
0,so_fake_ood,real,,test_ood,ffc8738ed951f5c3,noise005
0,so_fake_ood,real,,test_ood,ffc8738ed951f5c3,noise01
0,so_fake_ood,real,,test_ood,ffc8738ed951f5c3,jitter02
0,so_fake_ood,real,,test_ood,ffc8738ed951f5c3,crop08
0,so_fake_ood,real,,test_ood,2be78869a383b0e6,clean
0,so_fake_ood,real,,test_ood,2be78869a383b0e6,jpeg90
0,so_fake_ood,real,,test_ood,2be78869a383b0e6,jpeg70
0,so_fake_ood,real,,test_ood,2be78869a383b0e6,jpeg50
0,so_fake_ood,real,,test_ood,2be78869a383b0e6,jpeg30
0,so_fake_ood,real,,test_ood,2be78869a383b0e6,blur05
0,so_fake_ood,real,,test_ood,2be78869a383b0e6,blur10
0,so_fake_ood,real,,test_ood,2be78869a383b0e6,blur20
0,so_fake_ood,real,,test_ood,2be78869a383b0e6,resize05
0,so_fake_ood,real,,test_ood,2be78869a383b0e6,resize025
0,so_fake_ood,real,,test_ood,2be78869a383b0e6,noise002
0,so_fake_ood,real,,test_ood,2be78869a383b0e6,noise005
0,so_fake_ood,real,,test_ood,2be78869a383b0e6,noise01
0,so_fake_ood,real,,test_ood,2be78869a383b0e6,jitter02
0,so_fake_ood,real,,test_ood,2be78869a383b0e6,crop08
0,so_fake_ood,real,,test_ood,60c1e2d16867c5c4,clean
0,so_fake_ood,real,,test_ood,60c1e2d16867c5c4,jpeg90
0,so_fake_ood,real,,test_ood,60c1e2d16867c5c4,jpeg70
0,so_fake_ood,real,,test_ood,60c1e2d16867c5c4,jpeg50
0,so_fake_ood,real,,test_ood,60c1e2d16867c5c4,jpeg30
0,so_fake_ood,real,,test_ood,60c1e2d16867c5c4,blur05
0,so_fake_ood,real,,test_ood,60c1e2d16867c5c4,blur10
0,so_fake_ood,real,,test_ood,60c1e2d16867c5c4,blur20
0,so_fake_ood,real,,test_ood,60c1e2d16867c5c4,resize05
0,so_fake_ood,real,,test_ood,60c1e2d16867c5c4,resize025
0,so_fake_ood,real,,test_ood,60c1e2d16867c5c4,noise002
0,so_fake_ood,real,,test_ood,60c1e2d16867c5c4,noise005
0,so_fake_ood,real,,test_ood,60c1e2d16867c5c4,noise01
0,so_fake_ood,real,,test_ood,60c1e2d16867c5c4,jitter02
0,so_fake_ood,real,,test_ood,60c1e2d16867c5c4,crop08
0,so_fake_ood,real,,test_ood,845e7ea22fcc3f58,clean
0,so_fake_ood,real,,test_ood,845e7ea22fcc3f58,jpeg90
0,so_fake_ood,real,,test_ood,845e7ea22fcc3f58,jpeg70
0,so_fake_ood,real,,test_ood,845e7ea22fcc3f58,jpeg50
0,so_fake_ood,real,,test_ood,845e7ea22fcc3f58,jpeg30
0,so_fake_ood,real,,test_ood,845e7ea22fcc3f58,blur05
0,so_fake_ood,real,,test_ood,845e7ea22fcc3f58,blur10
0,so_fake_ood,real,,test_ood,845e7ea22fcc3f58,blur20
0,so_fake_ood,real,,test_ood,845e7ea22fcc3f58,resize05
0,so_fake_ood,real,,test_ood,845e7ea22fcc3f58,resize025
0,so_fake_ood,real,,test_ood,845e7ea22fcc3f58,noise002
0,so_fake_ood,real,,test_ood,845e7ea22fcc3f58,noise005
0,so_fake_ood,real,,test_ood,845e7ea22fcc3f58,noise01
0,so_fake_ood,real,,test_ood,845e7ea22fcc3f58,jitter02
0,so_fake_ood,real,,test_ood,845e7ea22fcc3f58,crop08
0,so_fake_ood,real,,test_ood,6e66b1609a95b78a,clean
0,so_fake_ood,real,,test_ood,6e66b1609a95b78a,jpeg90
0,so_fake_ood,real,,test_ood,6e66b1609a95b78a,jpeg70
0,so_fake_ood,real,,test_ood,6e66b1609a95b78a,jpeg50
0,so_fake_ood,real,,test_ood,6e66b1609a95b78a,jpeg30
0,so_fake_ood,real,,test_ood,6e66b1609a95b78a,blur05
0,so_fake_ood,real,,test_ood,6e66b1609a95b78a,blur10
0,so_fake_ood,real,,test_ood,6e66b1609a95b78a,blur20
0,so_fake_ood,real,,test_ood,6e66b1609a95b78a,resize05
0,so_fake_ood,real,,test_ood,6e66b1609a95b78a,resize025
0,so_fake_ood,real,,test_ood,6e66b1609a95b78a,noise002
0,so_fake_ood,real,,test_ood,6e66b1609a95b78a,noise005
0,so_fake_ood,real,,test_ood,6e66b1609a95b78a,noise01
0,so_fake_ood,real,,test_ood,6e66b1609a95b78a,jitter02
0,so_fake_ood,real,,test_ood,6e66b1609a95b78a,crop08
0,so_fake_ood,real,,test_ood,1953867d5ab92379,clean
0,so_fake_ood,real,,test_ood,1953867d5ab92379,jpeg90
0,so_fake_ood,real,,test_ood,1953867d5ab92379,jpeg70
0,so_fake_ood,real,,test_ood,1953867d5ab92379,jpeg50
0,so_fake_ood,real,,test_ood,1953867d5ab92379,jpeg30
0,so_fake_ood,real,,test_ood,1953867d5ab92379,blur05
0,so_fake_ood,real,,test_ood,1953867d5ab92379,blur10
0,so_fake_ood,real,,test_ood,1953867d5ab92379,blur20
0,so_fake_ood,real,,test_ood,1953867d5ab92379,resize05
0,so_fake_ood,real,,test_ood,1953867d5ab92379,resize025
0,so_fake_ood,real,,test_ood,1953867d5ab92379,noise002
0,so_fake_ood,real,,test_ood,1953867d5ab92379,noise005
0,so_fake_ood,real,,test_ood,1953867d5ab92379,noise01
0,so_fake_ood,real,,test_ood,1953867d5ab92379,jitter02
0,so_fake_ood,real,,test_ood,1953867d5ab92379,crop08
0,so_fake_ood,real,,test_ood,98033d337f7dade4,clean
0,so_fake_ood,real,,test_ood,98033d337f7dade4,jpeg90
0,so_fake_ood,real,,test_ood,98033d337f7dade4,jpeg70
0,so_fake_ood,real,,test_ood,98033d337f7dade4,jpeg50
0,so_fake_ood,real,,test_ood,98033d337f7dade4,jpeg30
0,so_fake_ood,real,,test_ood,98033d337f7dade4,blur05
0,so_fake_ood,real,,test_ood,98033d337f7dade4,blur10
0,so_fake_ood,real,,test_ood,98033d337f7dade4,blur20
0,so_fake_ood,real,,test_ood,98033d337f7dade4,resize05
0,so_fake_ood,real,,test_ood,98033d337f7dade4,resize025
0,so_fake_ood,real,,test_ood,98033d337f7dade4,noise002
0,so_fake_ood,real,,test_ood,98033d337f7dade4,noise005
0,so_fake_ood,real,,test_ood,98033d337f7dade4,noise01
0,so_fake_ood,real,,test_ood,98033d337f7dade4,jitter02
0,so_fake_ood,real,,test_ood,98033d337f7dade4,crop08
0,so_fake_ood,real,,test_ood,ab8d8c08759d5dac,clean
0,so_fake_ood,real,,test_ood,ab8d8c08759d5dac,jpeg90
0,so_fake_ood,real,,test_ood,ab8d8c08759d5dac,jpeg70
0,so_fake_ood,real,,test_ood,ab8d8c08759d5dac,jpeg50
0,so_fake_ood,real,,test_ood,ab8d8c08759d5dac,jpeg30
0,so_fake_ood,real,,test_ood,ab8d8c08759d5dac,blur05
0,so_fake_ood,real,,test_ood,ab8d8c08759d5dac,blur10
0,so_fake_ood,real,,test_ood,ab8d8c08759d5dac,blur20
0,so_fake_ood,real,,test_ood,ab8d8c08759d5dac,resize05
0,so_fake_ood,real,,test_ood,ab8d8c08759d5dac,resize025
0,so_fake_ood,real,,test_ood,ab8d8c08759d5dac,noise002
0,so_fake_ood,real,,test_ood,ab8d8c08759d5dac,noise005
0,so_fake_ood,real,,test_ood,ab8d8c08759d5dac,noise01
0,so_fake_ood,real,,test_ood,ab8d8c08759d5dac,jitter02
0,so_fake_ood,real,,test_ood,ab8d8c08759d5dac,crop08
0,so_fake_ood,real,,test_ood,583eaf3524d99582,clean
0,so_fake_ood,real,,test_ood,583eaf3524d99582,jpeg90
0,so_fake_ood,real,,test_ood,583eaf3524d99582,jpeg70
0,so_fake_ood,real,,test_ood,583eaf3524d99582,jpeg50
0,so_fake_ood,real,,test_ood,583eaf3524d99582,jpeg30
0,so_fake_ood,real,,test_ood,583eaf3524d99582,blur05
0,so_fake_ood,real,,test_ood,583eaf3524d99582,blur10
0,so_fake_ood,real,,test_ood,583eaf3524d99582,blur20
0,so_fake_ood,real,,test_ood,583eaf3524d99582,resize05
0,so_fake_ood,real,,test_ood,583eaf3524d99582,resize025
0,so_fake_ood,real,,test_ood,583eaf3524d99582,noise002
0,so_fake_ood,real,,test_ood,583eaf3524d99582,noise005
0,so_fake_ood,real,,test_ood,583eaf3524d99582,noise01
0,so_fake_ood,real,,test_ood,583eaf3524d99582,jitter02
0,so_fake_ood,real,,test_ood,583eaf3524d99582,crop08
0,so_fake_ood,real,,test_ood,218907636bbce749,clean
0,so_fake_ood,real,,test_ood,218907636bbce749,jpeg90
0,so_fake_ood,real,,test_ood,218907636bbce749,jpeg70
0,so_fake_ood,real,,test_ood,218907636bbce749,jpeg50
0,so_fake_ood,real,,test_ood,218907636bbce749,jpeg30
0,so_fake_ood,real,,test_ood,218907636bbce749,blur05
0,so_fake_ood,real,,test_ood,218907636bbce749,blur10
0,so_fake_ood,real,,test_ood,218907636bbce749,blur20
0,so_fake_ood,real,,test_ood,218907636bbce749,resize05
0,so_fake_ood,real,,test_ood,218907636bbce749,resize025
0,so_fake_ood,real,,test_ood,218907636bbce749,noise002
0,so_fake_ood,real,,test_ood,218907636bbce749,noise005
0,so_fake_ood,real,,test_ood,218907636bbce749,noise01
0,so_fake_ood,real,,test_ood,218907636bbce749,jitter02
0,so_fake_ood,real,,test_ood,218907636bbce749,crop08
0,so_fake_ood,real,,test_ood,7e7b0086ff8559e7,clean
0,so_fake_ood,real,,test_ood,7e7b0086ff8559e7,jpeg90
0,so_fake_ood,real,,test_ood,7e7b0086ff8559e7,jpeg70
0,so_fake_ood,real,,test_ood,7e7b0086ff8559e7,jpeg50
0,so_fake_ood,real,,test_ood,7e7b0086ff8559e7,jpeg30
0,so_fake_ood,real,,test_ood,7e7b0086ff8559e7,blur05
0,so_fake_ood,real,,test_ood,7e7b0086ff8559e7,blur10
0,so_fake_ood,real,,test_ood,7e7b0086ff8559e7,blur20
0,so_fake_ood,real,,test_ood,7e7b0086ff8559e7,resize05
0,so_fake_ood,real,,test_ood,7e7b0086ff8559e7,resize025
0,so_fake_ood,real,,test_ood,7e7b0086ff8559e7,noise002
0,so_fake_ood,real,,test_ood,7e7b0086ff8559e7,noise005
0,so_fake_ood,real,,test_ood,7e7b0086ff8559e7,noise01
0,so_fake_ood,real,,test_ood,7e7b0086ff8559e7,jitter02
0,so_fake_ood,real,,test_ood,7e7b0086ff8559e7,crop08
0,so_fake_ood,real,,test_ood,11f1c84422b19fca,clean
0,so_fake_ood,real,,test_ood,11f1c84422b19fca,jpeg90
0,so_fake_ood,real,,test_ood,11f1c84422b19fca,jpeg70
0,so_fake_ood,real,,test_ood,11f1c84422b19fca,jpeg50
0,so_fake_ood,real,,test_ood,11f1c84422b19fca,jpeg30
0,so_fake_ood,real,,test_ood,11f1c84422b19fca,blur05
0,so_fake_ood,real,,test_ood,11f1c84422b19fca,blur10
0,so_fake_ood,real,,test_ood,11f1c84422b19fca,blur20
0,so_fake_ood,real,,test_ood,11f1c84422b19fca,resize05
0,so_fake_ood,real,,test_ood,11f1c84422b19fca,resize025
0,so_fake_ood,real,,test_ood,11f1c84422b19fca,noise002
0,so_fake_ood,real,,test_ood,11f1c84422b19fca,noise005
0,so_fake_ood,real,,test_ood,11f1c84422b19fca,noise01
0,so_fake_ood,real,,test_ood,11f1c84422b19fca,jitter02
0,so_fake_ood,real,,test_ood,11f1c84422b19fca,crop08
0,so_fake_ood,real,,test_ood,898ac55cb71c9a3b,clean
0,so_fake_ood,real,,test_ood,898ac55cb71c9a3b,jpeg90
0,so_fake_ood,real,,test_ood,898ac55cb71c9a3b,jpeg70
0,so_fake_ood,real,,test_ood,898ac55cb71c9a3b,jpeg50
0,so_fake_ood,real,,test_ood,898ac55cb71c9a3b,jpeg30
0,so_fake_ood,real,,test_ood,898ac55cb71c9a3b,blur05
0,so_fake_ood,real,,test_ood,898ac55cb71c9a3b,blur10
0,so_fake_ood,real,,test_ood,898ac55cb71c9a3b,blur20
0,so_fake_ood,real,,test_ood,898ac55cb71c9a3b,resize05
0,so_fake_ood,real,,test_ood,898ac55cb71c9a3b,resize025
0,so_fake_ood,real,,test_ood,898ac55cb71c9a3b,noise002
0,so_fake_ood,real,,test_ood,898ac55cb71c9a3b,noise005
0,so_fake_ood,real,,test_ood,898ac55cb71c9a3b,noise01
0,so_fake_ood,real,,test_ood,898ac55cb71c9a3b,jitter02
0,so_fake_ood,real,,test_ood,898ac55cb71c9a3b,crop08
0,so_fake_ood,real,,test_ood,7e258eabfb26480b,clean
0,so_fake_ood,real,,test_ood,7e258eabfb26480b,jpeg90
0,so_fake_ood,real,,test_ood,7e258eabfb26480b,jpeg70
0,so_fake_ood,real,,test_ood,7e258eabfb26480b,jpeg50
0,so_fake_ood,real,,test_ood,7e258eabfb26480b,jpeg30
0,so_fake_ood,real,,test_ood,7e258eabfb26480b,blur05
0,so_fake_ood,real,,test_ood,7e258eabfb26480b,blur10
0,so_fake_ood,real,,test_ood,7e258eabfb26480b,blur20
0,so_fake_ood,real,,test_ood,7e258eabfb26480b,resize05
0,so_fake_ood,real,,test_ood,7e258eabfb26480b,resize025
0,so_fake_ood,real,,test_ood,7e258eabfb26480b,noise002
0,so_fake_ood,real,,test_ood,7e258eabfb26480b,noise005
0,so_fake_ood,real,,test_ood,7e258eabfb26480b,noise01
0,so_fake_ood,real,,test_ood,7e258eabfb26480b,jitter02
0,so_fake_ood,real,,test_ood,7e258eabfb26480b,crop08
0,so_fake_ood,real,,test_ood,85a6404f5fa72eff,clean
0,so_fake_ood,real,,test_ood,85a6404f5fa72eff,jpeg90
0,so_fake_ood,real,,test_ood,85a6404f5fa72eff,jpeg70
0,so_fake_ood,real,,test_ood,85a6404f5fa72eff,jpeg50
0,so_fake_ood,real,,test_ood,85a6404f5fa72eff,jpeg30
0,so_fake_ood,real,,test_ood,85a6404f5fa72eff,blur05
0,so_fake_ood,real,,test_ood,85a6404f5fa72eff,blur10
0,so_fake_ood,real,,test_ood,85a6404f5fa72eff,blur20
0,so_fake_ood,real,,test_ood,85a6404f5fa72eff,resize05
0,so_fake_ood,real,,test_ood,85a6404f5fa72eff,resize025
0,so_fake_ood,real,,test_ood,85a6404f5fa72eff,noise002
0,so_fake_ood,real,,test_ood,85a6404f5fa72eff,noise005
0,so_fake_ood,real,,test_ood,85a6404f5fa72eff,noise01
0,so_fake_ood,real,,test_ood,85a6404f5fa72eff,jitter02
0,so_fake_ood,real,,test_ood,85a6404f5fa72eff,crop08
0,so_fake_ood,real,,test_ood,a63e2ea318ce4fa4,clean
0,so_fake_ood,real,,test_ood,a63e2ea318ce4fa4,jpeg90
0,so_fake_ood,real,,test_ood,a63e2ea318ce4fa4,jpeg70
0,so_fake_ood,real,,test_ood,a63e2ea318ce4fa4,jpeg50
0,so_fake_ood,real,,test_ood,a63e2ea318ce4fa4,jpeg30
0,so_fake_ood,real,,test_ood,a63e2ea318ce4fa4,blur05
0,so_fake_ood,real,,test_ood,a63e2ea318ce4fa4,blur10
0,so_fake_ood,real,,test_ood,a63e2ea318ce4fa4,blur20
0,so_fake_ood,real,,test_ood,a63e2ea318ce4fa4,resize05
0,so_fake_ood,real,,test_ood,a63e2ea318ce4fa4,resize025
0,so_fake_ood,real,,test_ood,a63e2ea318ce4fa4,noise002
0,so_fake_ood,real,,test_ood,a63e2ea318ce4fa4,noise005
0,so_fake_ood,real,,test_ood,a63e2ea318ce4fa4,noise01
0,so_fake_ood,real,,test_ood,a63e2ea318ce4fa4,jitter02
0,so_fake_ood,real,,test_ood,a63e2ea318ce4fa4,crop08
0,so_fake_ood,real,,test_ood,15e1a93771d0e469,clean
0,so_fake_ood,real,,test_ood,15e1a93771d0e469,jpeg90
0,so_fake_ood,real,,test_ood,15e1a93771d0e469,jpeg70
0,so_fake_ood,real,,test_ood,15e1a93771d0e469,jpeg50
0,so_fake_ood,real,,test_ood,15e1a93771d0e469,jpeg30
0,so_fake_ood,real,,test_ood,15e1a93771d0e469,blur05
0,so_fake_ood,real,,test_ood,15e1a93771d0e469,blur10
0,so_fake_ood,real,,test_ood,15e1a93771d0e469,blur20
0,so_fake_ood,real,,test_ood,15e1a93771d0e469,resize05
0,so_fake_ood,real,,test_ood,15e1a93771d0e469,resize025
0,so_fake_ood,real,,test_ood,15e1a93771d0e469,noise002
0,so_fake_ood,real,,test_ood,15e1a93771d0e469,noise005
0,so_fake_ood,real,,test_ood,15e1a93771d0e469,noise01
0,so_fake_ood,real,,test_ood,15e1a93771d0e469,jitter02
0,so_fake_ood,real,,test_ood,15e1a93771d0e469,crop08
0,so_fake_ood,real,,test_ood,7e9c8626ba27ab94,clean
0,so_fake_ood,real,,test_ood,7e9c8626ba27ab94,jpeg90
0,so_fake_ood,real,,test_ood,7e9c8626ba27ab94,jpeg70
0,so_fake_ood,real,,test_ood,7e9c8626ba27ab94,jpeg50
0,so_fake_ood,real,,test_ood,7e9c8626ba27ab94,jpeg30
0,so_fake_ood,real,,test_ood,7e9c8626ba27ab94,blur05
0,so_fake_ood,real,,test_ood,7e9c8626ba27ab94,blur10
0,so_fake_ood,real,,test_ood,7e9c8626ba27ab94,blur20
0,so_fake_ood,real,,test_ood,7e9c8626ba27ab94,resize05
0,so_fake_ood,real,,test_ood,7e9c8626ba27ab94,resize025
0,so_fake_ood,real,,test_ood,7e9c8626ba27ab94,noise002
0,so_fake_ood,real,,test_ood,7e9c8626ba27ab94,noise005
0,so_fake_ood,real,,test_ood,7e9c8626ba27ab94,noise01
0,so_fake_ood,real,,test_ood,7e9c8626ba27ab94,jitter02
0,so_fake_ood,real,,test_ood,7e9c8626ba27ab94,crop08
0,so_fake_ood,real,,test_ood,bd254b44b164fb29,clean
0,so_fake_ood,real,,test_ood,bd254b44b164fb29,jpeg90
0,so_fake_ood,real,,test_ood,bd254b44b164fb29,jpeg70
0,so_fake_ood,real,,test_ood,bd254b44b164fb29,jpeg50
0,so_fake_ood,real,,test_ood,bd254b44b164fb29,jpeg30
0,so_fake_ood,real,,test_ood,bd254b44b164fb29,blur05
0,so_fake_ood,real,,test_ood,bd254b44b164fb29,blur10
0,so_fake_ood,real,,test_ood,bd254b44b164fb29,blur20
0,so_fake_ood,real,,test_ood,bd254b44b164fb29,resize05
0,so_fake_ood,real,,test_ood,bd254b44b164fb29,resize025
0,so_fake_ood,real,,test_ood,bd254b44b164fb29,noise002
0,so_fake_ood,real,,test_ood,bd254b44b164fb29,noise005
0,so_fake_ood,real,,test_ood,bd254b44b164fb29,noise01
0,so_fake_ood,real,,test_ood,bd254b44b164fb29,jitter02
0,so_fake_ood,real,,test_ood,bd254b44b164fb29,crop08
0,so_fake_ood,real,,test_ood,ebae482425f00e0e,clean
0,so_fake_ood,real,,test_ood,ebae482425f00e0e,jpeg90
0,so_fake_ood,real,,test_ood,ebae482425f00e0e,jpeg70
0,so_fake_ood,real,,test_ood,ebae482425f00e0e,jpeg50
0,so_fake_ood,real,,test_ood,ebae482425f00e0e,jpeg30
0,so_fake_ood,real,,test_ood,ebae482425f00e0e,blur05
0,so_fake_ood,real,,test_ood,ebae482425f00e0e,blur10
0,so_fake_ood,real,,test_ood,ebae482425f00e0e,blur20
0,so_fake_ood,real,,test_ood,ebae482425f00e0e,resize05
0,so_fake_ood,real,,test_ood,ebae482425f00e0e,resize025
0,so_fake_ood,real,,test_ood,ebae482425f00e0e,noise002
0,so_fake_ood,real,,test_ood,ebae482425f00e0e,noise005
0,so_fake_ood,real,,test_ood,ebae482425f00e0e,noise01
0,so_fake_ood,real,,test_ood,ebae482425f00e0e,jitter02
0,so_fake_ood,real,,test_ood,ebae482425f00e0e,crop08
0,so_fake_ood,real,,test_ood,b46811615ba8c781,clean
0,so_fake_ood,real,,test_ood,b46811615ba8c781,jpeg90
0,so_fake_ood,real,,test_ood,b46811615ba8c781,jpeg70
0,so_fake_ood,real,,test_ood,b46811615ba8c781,jpeg50
0,so_fake_ood,real,,test_ood,b46811615ba8c781,jpeg30
0,so_fake_ood,real,,test_ood,b46811615ba8c781,blur05
0,so_fake_ood,real,,test_ood,b46811615ba8c781,blur10
0,so_fake_ood,real,,test_ood,b46811615ba8c781,blur20
0,so_fake_ood,real,,test_ood,b46811615ba8c781,resize05
0,so_fake_ood,real,,test_ood,b46811615ba8c781,resize025
0,so_fake_ood,real,,test_ood,b46811615ba8c781,noise002
0,so_fake_ood,real,,test_ood,b46811615ba8c781,noise005
0,so_fake_ood,real,,test_ood,b46811615ba8c781,noise01
0,so_fake_ood,real,,test_ood,b46811615ba8c781,jitter02
0,so_fake_ood,real,,test_ood,b46811615ba8c781,crop08
0,so_fake_ood,real,,test_ood,a76603adc4ed7300,clean
0,so_fake_ood,real,,test_ood,a76603adc4ed7300,jpeg90
0,so_fake_ood,real,,test_ood,a76603adc4ed7300,jpeg70
0,so_fake_ood,real,,test_ood,a76603adc4ed7300,jpeg50
0,so_fake_ood,real,,test_ood,a76603adc4ed7300,jpeg30
0,so_fake_ood,real,,test_ood,a76603adc4ed7300,blur05
0,so_fake_ood,real,,test_ood,a76603adc4ed7300,blur10
0,so_fake_ood,real,,test_ood,a76603adc4ed7300,blur20
0,so_fake_ood,real,,test_ood,a76603adc4ed7300,resize05
0,so_fake_ood,real,,test_ood,a76603adc4ed7300,resize025
0,so_fake_ood,real,,test_ood,a76603adc4ed7300,noise002
0,so_fake_ood,real,,test_ood,a76603adc4ed7300,noise005
0,so_fake_ood,real,,test_ood,a76603adc4ed7300,noise01
0,so_fake_ood,real,,test_ood,a76603adc4ed7300,jitter02
0,so_fake_ood,real,,test_ood,a76603adc4ed7300,crop08
0,so_fake_ood,real,,test_ood,450ac4ec7808f1ed,clean
0,so_fake_ood,real,,test_ood,450ac4ec7808f1ed,jpeg90
0,so_fake_ood,real,,test_ood,450ac4ec7808f1ed,jpeg70
0,so_fake_ood,real,,test_ood,450ac4ec7808f1ed,jpeg50
0,so_fake_ood,real,,test_ood,450ac4ec7808f1ed,jpeg30
0,so_fake_ood,real,,test_ood,450ac4ec7808f1ed,blur05
0,so_fake_ood,real,,test_ood,450ac4ec7808f1ed,blur10
0,so_fake_ood,real,,test_ood,450ac4ec7808f1ed,blur20
0,so_fake_ood,real,,test_ood,450ac4ec7808f1ed,resize05
0,so_fake_ood,real,,test_ood,450ac4ec7808f1ed,resize025
0,so_fake_ood,real,,test_ood,450ac4ec7808f1ed,noise002
0,so_fake_ood,real,,test_ood,450ac4ec7808f1ed,noise005
0,so_fake_ood,real,,test_ood,450ac4ec7808f1ed,noise01
0,so_fake_ood,real,,test_ood,450ac4ec7808f1ed,jitter02
0,so_fake_ood,real,,test_ood,450ac4ec7808f1ed,crop08
0,so_fake_ood,real,,test_ood,a8937a8f61e21925,clean
0,so_fake_ood,real,,test_ood,a8937a8f61e21925,jpeg90
0,so_fake_ood,real,,test_ood,a8937a8f61e21925,jpeg70
0,so_fake_ood,real,,test_ood,a8937a8f61e21925,jpeg50
0,so_fake_ood,real,,test_ood,a8937a8f61e21925,jpeg30
0,so_fake_ood,real,,test_ood,a8937a8f61e21925,blur05
0,so_fake_ood,real,,test_ood,a8937a8f61e21925,blur10
0,so_fake_ood,real,,test_ood,a8937a8f61e21925,blur20
0,so_fake_ood,real,,test_ood,a8937a8f61e21925,resize05
0,so_fake_ood,real,,test_ood,a8937a8f61e21925,resize025
0,so_fake_ood,real,,test_ood,a8937a8f61e21925,noise002
0,so_fake_ood,real,,test_ood,a8937a8f61e21925,noise005
0,so_fake_ood,real,,test_ood,a8937a8f61e21925,noise01
0,so_fake_ood,real,,test_ood,a8937a8f61e21925,jitter02
0,so_fake_ood,real,,test_ood,a8937a8f61e21925,crop08
0,so_fake_ood,real,,test_ood,ce709559b07aa8f1,clean
0,so_fake_ood,real,,test_ood,ce709559b07aa8f1,jpeg90
0,so_fake_ood,real,,test_ood,ce709559b07aa8f1,jpeg70
0,so_fake_ood,real,,test_ood,ce709559b07aa8f1,jpeg50
0,so_fake_ood,real,,test_ood,ce709559b07aa8f1,jpeg30
0,so_fake_ood,real,,test_ood,ce709559b07aa8f1,blur05
0,so_fake_ood,real,,test_ood,ce709559b07aa8f1,blur10
0,so_fake_ood,real,,test_ood,ce709559b07aa8f1,blur20
0,so_fake_ood,real,,test_ood,ce709559b07aa8f1,resize05
0,so_fake_ood,real,,test_ood,ce709559b07aa8f1,resize025
0,so_fake_ood,real,,test_ood,ce709559b07aa8f1,noise002
0,so_fake_ood,real,,test_ood,ce709559b07aa8f1,noise005
0,so_fake_ood,real,,test_ood,ce709559b07aa8f1,noise01
0,so_fake_ood,real,,test_ood,ce709559b07aa8f1,jitter02
0,so_fake_ood,real,,test_ood,ce709559b07aa8f1,crop08
0,so_fake_ood,real,,test_ood,29c74c6cc19d0067,clean
0,so_fake_ood,real,,test_ood,29c74c6cc19d0067,jpeg90
0,so_fake_ood,real,,test_ood,29c74c6cc19d0067,jpeg70
0,so_fake_ood,real,,test_ood,29c74c6cc19d0067,jpeg50
0,so_fake_ood,real,,test_ood,29c74c6cc19d0067,jpeg30
0,so_fake_ood,real,,test_ood,29c74c6cc19d0067,blur05
0,so_fake_ood,real,,test_ood,29c74c6cc19d0067,blur10
0,so_fake_ood,real,,test_ood,29c74c6cc19d0067,blur20
0,so_fake_ood,real,,test_ood,29c74c6cc19d0067,resize05
0,so_fake_ood,real,,test_ood,29c74c6cc19d0067,resize025
0,so_fake_ood,real,,test_ood,29c74c6cc19d0067,noise002
0,so_fake_ood,real,,test_ood,29c74c6cc19d0067,noise005
0,so_fake_ood,real,,test_ood,29c74c6cc19d0067,noise01
0,so_fake_ood,real,,test_ood,29c74c6cc19d0067,jitter02
0,so_fake_ood,real,,test_ood,29c74c6cc19d0067,crop08
0,so_fake_ood,real,,test_ood,731ff2745a2896f7,clean
0,so_fake_ood,real,,test_ood,731ff2745a2896f7,jpeg90
0,so_fake_ood,real,,test_ood,731ff2745a2896f7,jpeg70
0,so_fake_ood,real,,test_ood,731ff2745a2896f7,jpeg50
0,so_fake_ood,real,,test_ood,731ff2745a2896f7,jpeg30
0,so_fake_ood,real,,test_ood,731ff2745a2896f7,blur05
0,so_fake_ood,real,,test_ood,731ff2745a2896f7,blur10
0,so_fake_ood,real,,test_ood,731ff2745a2896f7,blur20
0,so_fake_ood,real,,test_ood,731ff2745a2896f7,resize05
0,so_fake_ood,real,,test_ood,731ff2745a2896f7,resize025
0,so_fake_ood,real,,test_ood,731ff2745a2896f7,noise002
0,so_fake_ood,real,,test_ood,731ff2745a2896f7,noise005
0,so_fake_ood,real,,test_ood,731ff2745a2896f7,noise01
0,so_fake_ood,real,,test_ood,731ff2745a2896f7,jitter02
0,so_fake_ood,real,,test_ood,731ff2745a2896f7,crop08
0,so_fake_ood,real,,test_ood,139981b08dc13b30,clean
0,so_fake_ood,real,,test_ood,139981b08dc13b30,jpeg90
0,so_fake_ood,real,,test_ood,139981b08dc13b30,jpeg70
0,so_fake_ood,real,,test_ood,139981b08dc13b30,jpeg50
0,so_fake_ood,real,,test_ood,139981b08dc13b30,jpeg30
0,so_fake_ood,real,,test_ood,139981b08dc13b30,blur05
0,so_fake_ood,real,,test_ood,139981b08dc13b30,blur10
0,so_fake_ood,real,,test_ood,139981b08dc13b30,blur20
0,so_fake_ood,real,,test_ood,139981b08dc13b30,resize05
0,so_fake_ood,real,,test_ood,139981b08dc13b30,resize025
0,so_fake_ood,real,,test_ood,139981b08dc13b30,noise002
0,so_fake_ood,real,,test_ood,139981b08dc13b30,noise005
0,so_fake_ood,real,,test_ood,139981b08dc13b30,noise01
0,so_fake_ood,real,,test_ood,139981b08dc13b30,jitter02
0,so_fake_ood,real,,test_ood,139981b08dc13b30,crop08
0,so_fake_ood,real,,test_ood,ca52b88e6538854f,clean
0,so_fake_ood,real,,test_ood,ca52b88e6538854f,jpeg90
0,so_fake_ood,real,,test_ood,ca52b88e6538854f,jpeg70
0,so_fake_ood,real,,test_ood,ca52b88e6538854f,jpeg50
0,so_fake_ood,real,,test_ood,ca52b88e6538854f,jpeg30
0,so_fake_ood,real,,test_ood,ca52b88e6538854f,blur05
0,so_fake_ood,real,,test_ood,ca52b88e6538854f,blur10
0,so_fake_ood,real,,test_ood,ca52b88e6538854f,blur20
0,so_fake_ood,real,,test_ood,ca52b88e6538854f,resize05
0,so_fake_ood,real,,test_ood,ca52b88e6538854f,resize025
0,so_fake_ood,real,,test_ood,ca52b88e6538854f,noise002
0,so_fake_ood,real,,test_ood,ca52b88e6538854f,noise005
0,so_fake_ood,real,,test_ood,ca52b88e6538854f,noise01
0,so_fake_ood,real,,test_ood,ca52b88e6538854f,jitter02
0,so_fake_ood,real,,test_ood,ca52b88e6538854f,crop08
0,so_fake_ood,real,,test_ood,c04d7c6c6a4075aa,clean
0,so_fake_ood,real,,test_ood,c04d7c6c6a4075aa,jpeg90
0,so_fake_ood,real,,test_ood,c04d7c6c6a4075aa,jpeg70
0,so_fake_ood,real,,test_ood,c04d7c6c6a4075aa,jpeg50
0,so_fake_ood,real,,test_ood,c04d7c6c6a4075aa,jpeg30
0,so_fake_ood,real,,test_ood,c04d7c6c6a4075aa,blur05
0,so_fake_ood,real,,test_ood,c04d7c6c6a4075aa,blur10
0,so_fake_ood,real,,test_ood,c04d7c6c6a4075aa,blur20
0,so_fake_ood,real,,test_ood,c04d7c6c6a4075aa,resize05
0,so_fake_ood,real,,test_ood,c04d7c6c6a4075aa,resize025
0,so_fake_ood,real,,test_ood,c04d7c6c6a4075aa,noise002
0,so_fake_ood,real,,test_ood,c04d7c6c6a4075aa,noise005
0,so_fake_ood,real,,test_ood,c04d7c6c6a4075aa,noise01
0,so_fake_ood,real,,test_ood,c04d7c6c6a4075aa,jitter02
0,so_fake_ood,real,,test_ood,c04d7c6c6a4075aa,crop08
0,so_fake_ood,real,,test_ood,14fd76556763ba97,clean
0,so_fake_ood,real,,test_ood,14fd76556763ba97,jpeg90
0,so_fake_ood,real,,test_ood,14fd76556763ba97,jpeg70
0,so_fake_ood,real,,test_ood,14fd76556763ba97,jpeg50
0,so_fake_ood,real,,test_ood,14fd76556763ba97,jpeg30
0,so_fake_ood,real,,test_ood,14fd76556763ba97,blur05
0,so_fake_ood,real,,test_ood,14fd76556763ba97,blur10
0,so_fake_ood,real,,test_ood,14fd76556763ba97,blur20
0,so_fake_ood,real,,test_ood,14fd76556763ba97,resize05
0,so_fake_ood,real,,test_ood,14fd76556763ba97,resize025
0,so_fake_ood,real,,test_ood,14fd76556763ba97,noise002
0,so_fake_ood,real,,test_ood,14fd76556763ba97,noise005
0,so_fake_ood,real,,test_ood,14fd76556763ba97,noise01
0,so_fake_ood,real,,test_ood,14fd76556763ba97,jitter02
0,so_fake_ood,real,,test_ood,14fd76556763ba97,crop08
0,so_fake_ood,real,,test_ood,d5c20caf21cb10be,clean
0,so_fake_ood,real,,test_ood,d5c20caf21cb10be,jpeg90
0,so_fake_ood,real,,test_ood,d5c20caf21cb10be,jpeg70
0,so_fake_ood,real,,test_ood,d5c20caf21cb10be,jpeg50
0,so_fake_ood,real,,test_ood,d5c20caf21cb10be,jpeg30
0,so_fake_ood,real,,test_ood,d5c20caf21cb10be,blur05
0,so_fake_ood,real,,test_ood,d5c20caf21cb10be,blur10
0,so_fake_ood,real,,test_ood,d5c20caf21cb10be,blur20
0,so_fake_ood,real,,test_ood,d5c20caf21cb10be,resize05
0,so_fake_ood,real,,test_ood,d5c20caf21cb10be,resize025
0,so_fake_ood,real,,test_ood,d5c20caf21cb10be,noise002
0,so_fake_ood,real,,test_ood,d5c20caf21cb10be,noise005
0,so_fake_ood,real,,test_ood,d5c20caf21cb10be,noise01
0,so_fake_ood,real,,test_ood,d5c20caf21cb10be,jitter02
0,so_fake_ood,real,,test_ood,d5c20caf21cb10be,crop08
0,so_fake_ood,real,,test_ood,afe96e1849d35598,clean
0,so_fake_ood,real,,test_ood,afe96e1849d35598,jpeg90
0,so_fake_ood,real,,test_ood,afe96e1849d35598,jpeg70
0,so_fake_ood,real,,test_ood,afe96e1849d35598,jpeg50
0,so_fake_ood,real,,test_ood,afe96e1849d35598,jpeg30
0,so_fake_ood,real,,test_ood,afe96e1849d35598,blur05
0,so_fake_ood,real,,test_ood,afe96e1849d35598,blur10
0,so_fake_ood,real,,test_ood,afe96e1849d35598,blur20
0,so_fake_ood,real,,test_ood,afe96e1849d35598,resize05
0,so_fake_ood,real,,test_ood,afe96e1849d35598,resize025
0,so_fake_ood,real,,test_ood,afe96e1849d35598,noise002
0,so_fake_ood,real,,test_ood,afe96e1849d35598,noise005
0,so_fake_ood,real,,test_ood,afe96e1849d35598,noise01
0,so_fake_ood,real,,test_ood,afe96e1849d35598,jitter02
0,so_fake_ood,real,,test_ood,afe96e1849d35598,crop08
0,so_fake_ood,real,,test_ood,e58310bd9dd2c0d3,clean
0,so_fake_ood,real,,test_ood,e58310bd9dd2c0d3,jpeg90
0,so_fake_ood,real,,test_ood,e58310bd9dd2c0d3,jpeg70
0,so_fake_ood,real,,test_ood,e58310bd9dd2c0d3,jpeg50
0,so_fake_ood,real,,test_ood,e58310bd9dd2c0d3,jpeg30
0,so_fake_ood,real,,test_ood,e58310bd9dd2c0d3,blur05
0,so_fake_ood,real,,test_ood,e58310bd9dd2c0d3,blur10
0,so_fake_ood,real,,test_ood,e58310bd9dd2c0d3,blur20
0,so_fake_ood,real,,test_ood,e58310bd9dd2c0d3,resize05
0,so_fake_ood,real,,test_ood,e58310bd9dd2c0d3,resize025
0,so_fake_ood,real,,test_ood,e58310bd9dd2c0d3,noise002
0,so_fake_ood,real,,test_ood,e58310bd9dd2c0d3,noise005
0,so_fake_ood,real,,test_ood,e58310bd9dd2c0d3,noise01
0,so_fake_ood,real,,test_ood,e58310bd9dd2c0d3,jitter02
0,so_fake_ood,real,,test_ood,e58310bd9dd2c0d3,crop08
0,so_fake_ood,real,,test_ood,7295bb0fae569320,clean
0,so_fake_ood,real,,test_ood,7295bb0fae569320,jpeg90
0,so_fake_ood,real,,test_ood,7295bb0fae569320,jpeg70
0,so_fake_ood,real,,test_ood,7295bb0fae569320,jpeg50
0,so_fake_ood,real,,test_ood,7295bb0fae569320,jpeg30
0,so_fake_ood,real,,test_ood,7295bb0fae569320,blur05
0,so_fake_ood,real,,test_ood,7295bb0fae569320,blur10
0,so_fake_ood,real,,test_ood,7295bb0fae569320,blur20
0,so_fake_ood,real,,test_ood,7295bb0fae569320,resize05
0,so_fake_ood,real,,test_ood,7295bb0fae569320,resize025
0,so_fake_ood,real,,test_ood,7295bb0fae569320,noise002
0,so_fake_ood,real,,test_ood,7295bb0fae569320,noise005
0,so_fake_ood,real,,test_ood,7295bb0fae569320,noise01
0,so_fake_ood,real,,test_ood,7295bb0fae569320,jitter02
0,so_fake_ood,real,,test_ood,7295bb0fae569320,crop08
0,so_fake_ood,real,,test_ood,67be1f0f166212c5,clean
0,so_fake_ood,real,,test_ood,67be1f0f166212c5,jpeg90
0,so_fake_ood,real,,test_ood,67be1f0f166212c5,jpeg70
0,so_fake_ood,real,,test_ood,67be1f0f166212c5,jpeg50
0,so_fake_ood,real,,test_ood,67be1f0f166212c5,jpeg30
0,so_fake_ood,real,,test_ood,67be1f0f166212c5,blur05
0,so_fake_ood,real,,test_ood,67be1f0f166212c5,blur10
0,so_fake_ood,real,,test_ood,67be1f0f166212c5,blur20
0,so_fake_ood,real,,test_ood,67be1f0f166212c5,resize05
0,so_fake_ood,real,,test_ood,67be1f0f166212c5,resize025
0,so_fake_ood,real,,test_ood,67be1f0f166212c5,noise002
0,so_fake_ood,real,,test_ood,67be1f0f166212c5,noise005
0,so_fake_ood,real,,test_ood,67be1f0f166212c5,noise01
0,so_fake_ood,real,,test_ood,67be1f0f166212c5,jitter02
0,so_fake_ood,real,,test_ood,67be1f0f166212c5,crop08
0,so_fake_ood,real,,test_ood,00d6ee33583035dc,clean
0,so_fake_ood,real,,test_ood,00d6ee33583035dc,jpeg90
0,so_fake_ood,real,,test_ood,00d6ee33583035dc,jpeg70
0,so_fake_ood,real,,test_ood,00d6ee33583035dc,jpeg50
0,so_fake_ood,real,,test_ood,00d6ee33583035dc,jpeg30
0,so_fake_ood,real,,test_ood,00d6ee33583035dc,blur05
0,so_fake_ood,real,,test_ood,00d6ee33583035dc,blur10
0,so_fake_ood,real,,test_ood,00d6ee33583035dc,blur20
0,so_fake_ood,real,,test_ood,00d6ee33583035dc,resize05
0,so_fake_ood,real,,test_ood,00d6ee33583035dc,resize025
0,so_fake_ood,real,,test_ood,00d6ee33583035dc,noise002
0,so_fake_ood,real,,test_ood,00d6ee33583035dc,noise005
0,so_fake_ood,real,,test_ood,00d6ee33583035dc,noise01
0,so_fake_ood,real,,test_ood,00d6ee33583035dc,jitter02
0,so_fake_ood,real,,test_ood,00d6ee33583035dc,crop08
0,so_fake_ood,real,,test_ood,d9a3b62db1d83c43,clean
0,so_fake_ood,real,,test_ood,d9a3b62db1d83c43,jpeg90
0,so_fake_ood,real,,test_ood,d9a3b62db1d83c43,jpeg70
0,so_fake_ood,real,,test_ood,d9a3b62db1d83c43,jpeg50
0,so_fake_ood,real,,test_ood,d9a3b62db1d83c43,jpeg30
0,so_fake_ood,real,,test_ood,d9a3b62db1d83c43,blur05
0,so_fake_ood,real,,test_ood,d9a3b62db1d83c43,blur10
0,so_fake_ood,real,,test_ood,d9a3b62db1d83c43,blur20
0,so_fake_ood,real,,test_ood,d9a3b62db1d83c43,resize05
0,so_fake_ood,real,,test_ood,d9a3b62db1d83c43,resize025
0,so_fake_ood,real,,test_ood,d9a3b62db1d83c43,noise002
0,so_fake_ood,real,,test_ood,d9a3b62db1d83c43,noise005
0,so_fake_ood,real,,test_ood,d9a3b62db1d83c43,noise01
0,so_fake_ood,real,,test_ood,d9a3b62db1d83c43,jitter02
0,so_fake_ood,real,,test_ood,d9a3b62db1d83c43,crop08
0,so_fake_ood,real,,test_ood,7e236060bdc1ed8f,clean
0,so_fake_ood,real,,test_ood,7e236060bdc1ed8f,jpeg90
0,so_fake_ood,real,,test_ood,7e236060bdc1ed8f,jpeg70
0,so_fake_ood,real,,test_ood,7e236060bdc1ed8f,jpeg50
0,so_fake_ood,real,,test_ood,7e236060bdc1ed8f,jpeg30
0,so_fake_ood,real,,test_ood,7e236060bdc1ed8f,blur05
0,so_fake_ood,real,,test_ood,7e236060bdc1ed8f,blur10
0,so_fake_ood,real,,test_ood,7e236060bdc1ed8f,blur20
0,so_fake_ood,real,,test_ood,7e236060bdc1ed8f,resize05
0,so_fake_ood,real,,test_ood,7e236060bdc1ed8f,resize025
0,so_fake_ood,real,,test_ood,7e236060bdc1ed8f,noise002
0,so_fake_ood,real,,test_ood,7e236060bdc1ed8f,noise005
0,so_fake_ood,real,,test_ood,7e236060bdc1ed8f,noise01
0,so_fake_ood,real,,test_ood,7e236060bdc1ed8f,jitter02
0,so_fake_ood,real,,test_ood,7e236060bdc1ed8f,crop08
0,so_fake_ood,real,,test_ood,02a1574a8bddc9ac,clean
0,so_fake_ood,real,,test_ood,02a1574a8bddc9ac,jpeg90
0,so_fake_ood,real,,test_ood,02a1574a8bddc9ac,jpeg70
0,so_fake_ood,real,,test_ood,02a1574a8bddc9ac,jpeg50
0,so_fake_ood,real,,test_ood,02a1574a8bddc9ac,jpeg30
0,so_fake_ood,real,,test_ood,02a1574a8bddc9ac,blur05
0,so_fake_ood,real,,test_ood,02a1574a8bddc9ac,blur10
0,so_fake_ood,real,,test_ood,02a1574a8bddc9ac,blur20
0,so_fake_ood,real,,test_ood,02a1574a8bddc9ac,resize05
0,so_fake_ood,real,,test_ood,02a1574a8bddc9ac,resize025
0,so_fake_ood,real,,test_ood,02a1574a8bddc9ac,noise002
0,so_fake_ood,real,,test_ood,02a1574a8bddc9ac,noise005
0,so_fake_ood,real,,test_ood,02a1574a8bddc9ac,noise01
0,so_fake_ood,real,,test_ood,02a1574a8bddc9ac,jitter02
0,so_fake_ood,real,,test_ood,02a1574a8bddc9ac,crop08
0,so_fake_ood,real,,test_ood,7aac75a86ae35063,clean
0,so_fake_ood,real,,test_ood,7aac75a86ae35063,jpeg90
0,so_fake_ood,real,,test_ood,7aac75a86ae35063,jpeg70
0,so_fake_ood,real,,test_ood,7aac75a86ae35063,jpeg50
0,so_fake_ood,real,,test_ood,7aac75a86ae35063,jpeg30
0,so_fake_ood,real,,test_ood,7aac75a86ae35063,blur05
0,so_fake_ood,real,,test_ood,7aac75a86ae35063,blur10
0,so_fake_ood,real,,test_ood,7aac75a86ae35063,blur20
0,so_fake_ood,real,,test_ood,7aac75a86ae35063,resize05
0,so_fake_ood,real,,test_ood,7aac75a86ae35063,resize025
0,so_fake_ood,real,,test_ood,7aac75a86ae35063,noise002
0,so_fake_ood,real,,test_ood,7aac75a86ae35063,noise005
0,so_fake_ood,real,,test_ood,7aac75a86ae35063,noise01
0,so_fake_ood,real,,test_ood,7aac75a86ae35063,jitter02
0,so_fake_ood,real,,test_ood,7aac75a86ae35063,crop08
0,so_fake_ood,real,,test_ood,3c95c6089c7cf8d9,clean
0,so_fake_ood,real,,test_ood,3c95c6089c7cf8d9,jpeg90
0,so_fake_ood,real,,test_ood,3c95c6089c7cf8d9,jpeg70
0,so_fake_ood,real,,test_ood,3c95c6089c7cf8d9,jpeg50
0,so_fake_ood,real,,test_ood,3c95c6089c7cf8d9,jpeg30
0,so_fake_ood,real,,test_ood,3c95c6089c7cf8d9,blur05
0,so_fake_ood,real,,test_ood,3c95c6089c7cf8d9,blur10
0,so_fake_ood,real,,test_ood,3c95c6089c7cf8d9,blur20
0,so_fake_ood,real,,test_ood,3c95c6089c7cf8d9,resize05
0,so_fake_ood,real,,test_ood,3c95c6089c7cf8d9,resize025
0,so_fake_ood,real,,test_ood,3c95c6089c7cf8d9,noise002
0,so_fake_ood,real,,test_ood,3c95c6089c7cf8d9,noise005
0,so_fake_ood,real,,test_ood,3c95c6089c7cf8d9,noise01
0,so_fake_ood,real,,test_ood,3c95c6089c7cf8d9,jitter02
0,so_fake_ood,real,,test_ood,3c95c6089c7cf8d9,crop08
0,so_fake_ood,real,,test_ood,9358fc3146918843,clean
0,so_fake_ood,real,,test_ood,9358fc3146918843,jpeg90
0,so_fake_ood,real,,test_ood,9358fc3146918843,jpeg70
0,so_fake_ood,real,,test_ood,9358fc3146918843,jpeg50
0,so_fake_ood,real,,test_ood,9358fc3146918843,jpeg30
0,so_fake_ood,real,,test_ood,9358fc3146918843,blur05
0,so_fake_ood,real,,test_ood,9358fc3146918843,blur10
0,so_fake_ood,real,,test_ood,9358fc3146918843,blur20
0,so_fake_ood,real,,test_ood,9358fc3146918843,resize05
0,so_fake_ood,real,,test_ood,9358fc3146918843,resize025
0,so_fake_ood,real,,test_ood,9358fc3146918843,noise002
0,so_fake_ood,real,,test_ood,9358fc3146918843,noise005
0,so_fake_ood,real,,test_ood,9358fc3146918843,noise01
0,so_fake_ood,real,,test_ood,9358fc3146918843,jitter02
0,so_fake_ood,real,,test_ood,9358fc3146918843,crop08
0,so_fake_ood,real,,test_ood,0d914459563d5b4e,clean
0,so_fake_ood,real,,test_ood,0d914459563d5b4e,jpeg90
0,so_fake_ood,real,,test_ood,0d914459563d5b4e,jpeg70
0,so_fake_ood,real,,test_ood,0d914459563d5b4e,jpeg50
0,so_fake_ood,real,,test_ood,0d914459563d5b4e,jpeg30
0,so_fake_ood,real,,test_ood,0d914459563d5b4e,blur05
0,so_fake_ood,real,,test_ood,0d914459563d5b4e,blur10
0,so_fake_ood,real,,test_ood,0d914459563d5b4e,blur20
0,so_fake_ood,real,,test_ood,0d914459563d5b4e,resize05
0,so_fake_ood,real,,test_ood,0d914459563d5b4e,resize025
0,so_fake_ood,real,,test_ood,0d914459563d5b4e,noise002
0,so_fake_ood,real,,test_ood,0d914459563d5b4e,noise005
0,so_fake_ood,real,,test_ood,0d914459563d5b4e,noise01
0,so_fake_ood,real,,test_ood,0d914459563d5b4e,jitter02
0,so_fake_ood,real,,test_ood,0d914459563d5b4e,crop08
0,so_fake_ood,real,,test_ood,67272cb71567e227,clean
0,so_fake_ood,real,,test_ood,67272cb71567e227,jpeg90
0,so_fake_ood,real,,test_ood,67272cb71567e227,jpeg70
0,so_fake_ood,real,,test_ood,67272cb71567e227,jpeg50
0,so_fake_ood,real,,test_ood,67272cb71567e227,jpeg30
0,so_fake_ood,real,,test_ood,67272cb71567e227,blur05
0,so_fake_ood,real,,test_ood,67272cb71567e227,blur10
0,so_fake_ood,real,,test_ood,67272cb71567e227,blur20
0,so_fake_ood,real,,test_ood,67272cb71567e227,resize05
0,so_fake_ood,real,,test_ood,67272cb71567e227,resize025
0,so_fake_ood,real,,test_ood,67272cb71567e227,noise002
0,so_fake_ood,real,,test_ood,67272cb71567e227,noise005
0,so_fake_ood,real,,test_ood,67272cb71567e227,noise01
0,so_fake_ood,real,,test_ood,67272cb71567e227,jitter02
0,so_fake_ood,real,,test_ood,67272cb71567e227,crop08
0,so_fake_ood,real,,test_ood,de5386acbf894e5a,clean
0,so_fake_ood,real,,test_ood,de5386acbf894e5a,jpeg90
0,so_fake_ood,real,,test_ood,de5386acbf894e5a,jpeg70
0,so_fake_ood,real,,test_ood,de5386acbf894e5a,jpeg50
0,so_fake_ood,real,,test_ood,de5386acbf894e5a,jpeg30
0,so_fake_ood,real,,test_ood,de5386acbf894e5a,blur05
0,so_fake_ood,real,,test_ood,de5386acbf894e5a,blur10
0,so_fake_ood,real,,test_ood,de5386acbf894e5a,blur20
0,so_fake_ood,real,,test_ood,de5386acbf894e5a,resize05
0,so_fake_ood,real,,test_ood,de5386acbf894e5a,resize025
0,so_fake_ood,real,,test_ood,de5386acbf894e5a,noise002
0,so_fake_ood,real,,test_ood,de5386acbf894e5a,noise005
0,so_fake_ood,real,,test_ood,de5386acbf894e5a,noise01
0,so_fake_ood,real,,test_ood,de5386acbf894e5a,jitter02
0,so_fake_ood,real,,test_ood,de5386acbf894e5a,crop08
0,so_fake_ood,real,,test_ood,034eb5bc82f8abc3,clean
0,so_fake_ood,real,,test_ood,034eb5bc82f8abc3,jpeg90
0,so_fake_ood,real,,test_ood,034eb5bc82f8abc3,jpeg70
0,so_fake_ood,real,,test_ood,034eb5bc82f8abc3,jpeg50
0,so_fake_ood,real,,test_ood,034eb5bc82f8abc3,jpeg30
0,so_fake_ood,real,,test_ood,034eb5bc82f8abc3,blur05
0,so_fake_ood,real,,test_ood,034eb5bc82f8abc3,blur10
0,so_fake_ood,real,,test_ood,034eb5bc82f8abc3,blur20
0,so_fake_ood,real,,test_ood,034eb5bc82f8abc3,resize05
0,so_fake_ood,real,,test_ood,034eb5bc82f8abc3,resize025
0,so_fake_ood,real,,test_ood,034eb5bc82f8abc3,noise002
0,so_fake_ood,real,,test_ood,034eb5bc82f8abc3,noise005
0,so_fake_ood,real,,test_ood,034eb5bc82f8abc3,noise01
0,so_fake_ood,real,,test_ood,034eb5bc82f8abc3,jitter02
0,so_fake_ood,real,,test_ood,034eb5bc82f8abc3,crop08
0,so_fake_ood,real,,test_ood,82c8065ad82468d6,clean
0,so_fake_ood,real,,test_ood,82c8065ad82468d6,jpeg90
0,so_fake_ood,real,,test_ood,82c8065ad82468d6,jpeg70
0,so_fake_ood,real,,test_ood,82c8065ad82468d6,jpeg50
0,so_fake_ood,real,,test_ood,82c8065ad82468d6,jpeg30
0,so_fake_ood,real,,test_ood,82c8065ad82468d6,blur05
0,so_fake_ood,real,,test_ood,82c8065ad82468d6,blur10
0,so_fake_ood,real,,test_ood,82c8065ad82468d6,blur20
0,so_fake_ood,real,,test_ood,82c8065ad82468d6,resize05
0,so_fake_ood,real,,test_ood,82c8065ad82468d6,resize025
0,so_fake_ood,real,,test_ood,82c8065ad82468d6,noise002
0,so_fake_ood,real,,test_ood,82c8065ad82468d6,noise005
0,so_fake_ood,real,,test_ood,82c8065ad82468d6,noise01
0,so_fake_ood,real,,test_ood,82c8065ad82468d6,jitter02
0,so_fake_ood,real,,test_ood,82c8065ad82468d6,crop08
0,so_fake_ood,real,,test_ood,85d30a5aecc7a1da,clean
0,so_fake_ood,real,,test_ood,85d30a5aecc7a1da,jpeg90
0,so_fake_ood,real,,test_ood,85d30a5aecc7a1da,jpeg70
0,so_fake_ood,real,,test_ood,85d30a5aecc7a1da,jpeg50
0,so_fake_ood,real,,test_ood,85d30a5aecc7a1da,jpeg30
0,so_fake_ood,real,,test_ood,85d30a5aecc7a1da,blur05
0,so_fake_ood,real,,test_ood,85d30a5aecc7a1da,blur10
0,so_fake_ood,real,,test_ood,85d30a5aecc7a1da,blur20
0,so_fake_ood,real,,test_ood,85d30a5aecc7a1da,resize05
0,so_fake_ood,real,,test_ood,85d30a5aecc7a1da,resize025
0,so_fake_ood,real,,test_ood,85d30a5aecc7a1da,noise002
0,so_fake_ood,real,,test_ood,85d30a5aecc7a1da,noise005
0,so_fake_ood,real,,test_ood,85d30a5aecc7a1da,noise01
0,so_fake_ood,real,,test_ood,85d30a5aecc7a1da,jitter02
0,so_fake_ood,real,,test_ood,85d30a5aecc7a1da,crop08
0,so_fake_ood,real,,test_ood,2700b907d6991047,clean
0,so_fake_ood,real,,test_ood,2700b907d6991047,jpeg90
0,so_fake_ood,real,,test_ood,2700b907d6991047,jpeg70
0,so_fake_ood,real,,test_ood,2700b907d6991047,jpeg50
0,so_fake_ood,real,,test_ood,2700b907d6991047,jpeg30
0,so_fake_ood,real,,test_ood,2700b907d6991047,blur05
0,so_fake_ood,real,,test_ood,2700b907d6991047,blur10
0,so_fake_ood,real,,test_ood,2700b907d6991047,blur20
0,so_fake_ood,real,,test_ood,2700b907d6991047,resize05
0,so_fake_ood,real,,test_ood,2700b907d6991047,resize025
0,so_fake_ood,real,,test_ood,2700b907d6991047,noise002
0,so_fake_ood,real,,test_ood,2700b907d6991047,noise005
0,so_fake_ood,real,,test_ood,2700b907d6991047,noise01
0,so_fake_ood,real,,test_ood,2700b907d6991047,jitter02
0,so_fake_ood,real,,test_ood,2700b907d6991047,crop08
0,so_fake_ood,real,,test_ood,e7928ce9b9b1638e,clean
0,so_fake_ood,real,,test_ood,e7928ce9b9b1638e,jpeg90
0,so_fake_ood,real,,test_ood,e7928ce9b9b1638e,jpeg70
0,so_fake_ood,real,,test_ood,e7928ce9b9b1638e,jpeg50
0,so_fake_ood,real,,test_ood,e7928ce9b9b1638e,jpeg30
0,so_fake_ood,real,,test_ood,e7928ce9b9b1638e,blur05
0,so_fake_ood,real,,test_ood,e7928ce9b9b1638e,blur10
0,so_fake_ood,real,,test_ood,e7928ce9b9b1638e,blur20
0,so_fake_ood,real,,test_ood,e7928ce9b9b1638e,resize05
0,so_fake_ood,real,,test_ood,e7928ce9b9b1638e,resize025
0,so_fake_ood,real,,test_ood,e7928ce9b9b1638e,noise002
0,so_fake_ood,real,,test_ood,e7928ce9b9b1638e,noise005
0,so_fake_ood,real,,test_ood,e7928ce9b9b1638e,noise01
0,so_fake_ood,real,,test_ood,e7928ce9b9b1638e,jitter02
0,so_fake_ood,real,,test_ood,e7928ce9b9b1638e,crop08
0,so_fake_ood,real,,test_ood,510c02f6f5109214,clean
0,so_fake_ood,real,,test_ood,510c02f6f5109214,jpeg90
0,so_fake_ood,real,,test_ood,510c02f6f5109214,jpeg70
0,so_fake_ood,real,,test_ood,510c02f6f5109214,jpeg50
0,so_fake_ood,real,,test_ood,510c02f6f5109214,jpeg30
0,so_fake_ood,real,,test_ood,510c02f6f5109214,blur05
0,so_fake_ood,real,,test_ood,510c02f6f5109214,blur10
0,so_fake_ood,real,,test_ood,510c02f6f5109214,blur20
0,so_fake_ood,real,,test_ood,510c02f6f5109214,resize05
0,so_fake_ood,real,,test_ood,510c02f6f5109214,resize025
0,so_fake_ood,real,,test_ood,510c02f6f5109214,noise002
0,so_fake_ood,real,,test_ood,510c02f6f5109214,noise005
0,so_fake_ood,real,,test_ood,510c02f6f5109214,noise01
0,so_fake_ood,real,,test_ood,510c02f6f5109214,jitter02
0,so_fake_ood,real,,test_ood,510c02f6f5109214,crop08
0,so_fake_ood,real,,test_ood,dd68b9a7d5facff8,clean
0,so_fake_ood,real,,test_ood,dd68b9a7d5facff8,jpeg90
0,so_fake_ood,real,,test_ood,dd68b9a7d5facff8,jpeg70
0,so_fake_ood,real,,test_ood,dd68b9a7d5facff8,jpeg50
0,so_fake_ood,real,,test_ood,dd68b9a7d5facff8,jpeg30
0,so_fake_ood,real,,test_ood,dd68b9a7d5facff8,blur05
0,so_fake_ood,real,,test_ood,dd68b9a7d5facff8,blur10
0,so_fake_ood,real,,test_ood,dd68b9a7d5facff8,blur20
0,so_fake_ood,real,,test_ood,dd68b9a7d5facff8,resize05
0,so_fake_ood,real,,test_ood,dd68b9a7d5facff8,resize025
0,so_fake_ood,real,,test_ood,dd68b9a7d5facff8,noise002
0,so_fake_ood,real,,test_ood,dd68b9a7d5facff8,noise005
0,so_fake_ood,real,,test_ood,dd68b9a7d5facff8,noise01
0,so_fake_ood,real,,test_ood,dd68b9a7d5facff8,jitter02
0,so_fake_ood,real,,test_ood,dd68b9a7d5facff8,crop08
0,so_fake_ood,real,,test_ood,966450a5a5ddb7bf,clean
0,so_fake_ood,real,,test_ood,966450a5a5ddb7bf,jpeg90
0,so_fake_ood,real,,test_ood,966450a5a5ddb7bf,jpeg70
0,so_fake_ood,real,,test_ood,966450a5a5ddb7bf,jpeg50
0,so_fake_ood,real,,test_ood,966450a5a5ddb7bf,jpeg30
0,so_fake_ood,real,,test_ood,966450a5a5ddb7bf,blur05
0,so_fake_ood,real,,test_ood,966450a5a5ddb7bf,blur10
0,so_fake_ood,real,,test_ood,966450a5a5ddb7bf,blur20
0,so_fake_ood,real,,test_ood,966450a5a5ddb7bf,resize05
0,so_fake_ood,real,,test_ood,966450a5a5ddb7bf,resize025
0,so_fake_ood,real,,test_ood,966450a5a5ddb7bf,noise002
0,so_fake_ood,real,,test_ood,966450a5a5ddb7bf,noise005
0,so_fake_ood,real,,test_ood,966450a5a5ddb7bf,noise01
0,so_fake_ood,real,,test_ood,966450a5a5ddb7bf,jitter02
0,so_fake_ood,real,,test_ood,966450a5a5ddb7bf,crop08
0,so_fake_ood,real,,test_ood,c63cc91b42b64379,clean
0,so_fake_ood,real,,test_ood,c63cc91b42b64379,jpeg90
0,so_fake_ood,real,,test_ood,c63cc91b42b64379,jpeg70
0,so_fake_ood,real,,test_ood,c63cc91b42b64379,jpeg50
0,so_fake_ood,real,,test_ood,c63cc91b42b64379,jpeg30
0,so_fake_ood,real,,test_ood,c63cc91b42b64379,blur05
0,so_fake_ood,real,,test_ood,c63cc91b42b64379,blur10
0,so_fake_ood,real,,test_ood,c63cc91b42b64379,blur20
0,so_fake_ood,real,,test_ood,c63cc91b42b64379,resize05
0,so_fake_ood,real,,test_ood,c63cc91b42b64379,resize025
0,so_fake_ood,real,,test_ood,c63cc91b42b64379,noise002
0,so_fake_ood,real,,test_ood,c63cc91b42b64379,noise005
0,so_fake_ood,real,,test_ood,c63cc91b42b64379,noise01
0,so_fake_ood,real,,test_ood,c63cc91b42b64379,jitter02
0,so_fake_ood,real,,test_ood,c63cc91b42b64379,crop08
0,so_fake_ood,real,,test_ood,fca5af4de8370ee7,clean
0,so_fake_ood,real,,test_ood,fca5af4de8370ee7,jpeg90
0,so_fake_ood,real,,test_ood,fca5af4de8370ee7,jpeg70
0,so_fake_ood,real,,test_ood,fca5af4de8370ee7,jpeg50
0,so_fake_ood,real,,test_ood,fca5af4de8370ee7,jpeg30
0,so_fake_ood,real,,test_ood,fca5af4de8370ee7,blur05
0,so_fake_ood,real,,test_ood,fca5af4de8370ee7,blur10
0,so_fake_ood,real,,test_ood,fca5af4de8370ee7,blur20
0,so_fake_ood,real,,test_ood,fca5af4de8370ee7,resize05
0,so_fake_ood,real,,test_ood,fca5af4de8370ee7,resize025
0,so_fake_ood,real,,test_ood,fca5af4de8370ee7,noise002
0,so_fake_ood,real,,test_ood,fca5af4de8370ee7,noise005
0,so_fake_ood,real,,test_ood,fca5af4de8370ee7,noise01
0,so_fake_ood,real,,test_ood,fca5af4de8370ee7,jitter02
0,so_fake_ood,real,,test_ood,fca5af4de8370ee7,crop08
0,so_fake_ood,real,,test_ood,cb9ac10ea867f4e5,clean
0,so_fake_ood,real,,test_ood,cb9ac10ea867f4e5,jpeg90
0,so_fake_ood,real,,test_ood,cb9ac10ea867f4e5,jpeg70
0,so_fake_ood,real,,test_ood,cb9ac10ea867f4e5,jpeg50
0,so_fake_ood,real,,test_ood,cb9ac10ea867f4e5,jpeg30
0,so_fake_ood,real,,test_ood,cb9ac10ea867f4e5,blur05
0,so_fake_ood,real,,test_ood,cb9ac10ea867f4e5,blur10
0,so_fake_ood,real,,test_ood,cb9ac10ea867f4e5,blur20
0,so_fake_ood,real,,test_ood,cb9ac10ea867f4e5,resize05
0,so_fake_ood,real,,test_ood,cb9ac10ea867f4e5,resize025
0,so_fake_ood,real,,test_ood,cb9ac10ea867f4e5,noise002
0,so_fake_ood,real,,test_ood,cb9ac10ea867f4e5,noise005
0,so_fake_ood,real,,test_ood,cb9ac10ea867f4e5,noise01
0,so_fake_ood,real,,test_ood,cb9ac10ea867f4e5,jitter02
0,so_fake_ood,real,,test_ood,cb9ac10ea867f4e5,crop08
0,so_fake_ood,real,,test_ood,4aae949776ff2d7b,clean
0,so_fake_ood,real,,test_ood,4aae949776ff2d7b,jpeg90
0,so_fake_ood,real,,test_ood,4aae949776ff2d7b,jpeg70
0,so_fake_ood,real,,test_ood,4aae949776ff2d7b,jpeg50
0,so_fake_ood,real,,test_ood,4aae949776ff2d7b,jpeg30
0,so_fake_ood,real,,test_ood,4aae949776ff2d7b,blur05
0,so_fake_ood,real,,test_ood,4aae949776ff2d7b,blur10
0,so_fake_ood,real,,test_ood,4aae949776ff2d7b,blur20
0,so_fake_ood,real,,test_ood,4aae949776ff2d7b,resize05
0,so_fake_ood,real,,test_ood,4aae949776ff2d7b,resize025
0,so_fake_ood,real,,test_ood,4aae949776ff2d7b,noise002
0,so_fake_ood,real,,test_ood,4aae949776ff2d7b,noise005
0,so_fake_ood,real,,test_ood,4aae949776ff2d7b,noise01
0,so_fake_ood,real,,test_ood,4aae949776ff2d7b,jitter02
0,so_fake_ood,real,,test_ood,4aae949776ff2d7b,crop08
0,so_fake_ood,real,,test_ood,902a0b392945f24f,clean
0,so_fake_ood,real,,test_ood,902a0b392945f24f,jpeg90
0,so_fake_ood,real,,test_ood,902a0b392945f24f,jpeg70
0,so_fake_ood,real,,test_ood,902a0b392945f24f,jpeg50
0,so_fake_ood,real,,test_ood,902a0b392945f24f,jpeg30
0,so_fake_ood,real,,test_ood,902a0b392945f24f,blur05
0,so_fake_ood,real,,test_ood,902a0b392945f24f,blur10
0,so_fake_ood,real,,test_ood,902a0b392945f24f,blur20
0,so_fake_ood,real,,test_ood,902a0b392945f24f,resize05
0,so_fake_ood,real,,test_ood,902a0b392945f24f,resize025
0,so_fake_ood,real,,test_ood,902a0b392945f24f,noise002
0,so_fake_ood,real,,test_ood,902a0b392945f24f,noise005
0,so_fake_ood,real,,test_ood,902a0b392945f24f,noise01
0,so_fake_ood,real,,test_ood,902a0b392945f24f,jitter02
0,so_fake_ood,real,,test_ood,902a0b392945f24f,crop08
0,so_fake_ood,real,,test_ood,f49d96c2163cfa94,clean
0,so_fake_ood,real,,test_ood,f49d96c2163cfa94,jpeg90
0,so_fake_ood,real,,test_ood,f49d96c2163cfa94,jpeg70
0,so_fake_ood,real,,test_ood,f49d96c2163cfa94,jpeg50
0,so_fake_ood,real,,test_ood,f49d96c2163cfa94,jpeg30
0,so_fake_ood,real,,test_ood,f49d96c2163cfa94,blur05
0,so_fake_ood,real,,test_ood,f49d96c2163cfa94,blur10
0,so_fake_ood,real,,test_ood,f49d96c2163cfa94,blur20
0,so_fake_ood,real,,test_ood,f49d96c2163cfa94,resize05
0,so_fake_ood,real,,test_ood,f49d96c2163cfa94,resize025
0,so_fake_ood,real,,test_ood,f49d96c2163cfa94,noise002
0,so_fake_ood,real,,test_ood,f49d96c2163cfa94,noise005
0,so_fake_ood,real,,test_ood,f49d96c2163cfa94,noise01
0,so_fake_ood,real,,test_ood,f49d96c2163cfa94,jitter02
0,so_fake_ood,real,,test_ood,f49d96c2163cfa94,crop08
0,so_fake_ood,real,,test_ood,4f69a588c27b504e,clean
0,so_fake_ood,real,,test_ood,4f69a588c27b504e,jpeg90
0,so_fake_ood,real,,test_ood,4f69a588c27b504e,jpeg70
0,so_fake_ood,real,,test_ood,4f69a588c27b504e,jpeg50
0,so_fake_ood,real,,test_ood,4f69a588c27b504e,jpeg30
0,so_fake_ood,real,,test_ood,4f69a588c27b504e,blur05
0,so_fake_ood,real,,test_ood,4f69a588c27b504e,blur10
0,so_fake_ood,real,,test_ood,4f69a588c27b504e,blur20
0,so_fake_ood,real,,test_ood,4f69a588c27b504e,resize05
0,so_fake_ood,real,,test_ood,4f69a588c27b504e,resize025
0,so_fake_ood,real,,test_ood,4f69a588c27b504e,noise002
0,so_fake_ood,real,,test_ood,4f69a588c27b504e,noise005
0,so_fake_ood,real,,test_ood,4f69a588c27b504e,noise01
0,so_fake_ood,real,,test_ood,4f69a588c27b504e,jitter02
0,so_fake_ood,real,,test_ood,4f69a588c27b504e,crop08
0,so_fake_ood,real,,test_ood,30deb552fb963d47,clean
0,so_fake_ood,real,,test_ood,30deb552fb963d47,jpeg90
0,so_fake_ood,real,,test_ood,30deb552fb963d47,jpeg70
0,so_fake_ood,real,,test_ood,30deb552fb963d47,jpeg50
0,so_fake_ood,real,,test_ood,30deb552fb963d47,jpeg30
0,so_fake_ood,real,,test_ood,30deb552fb963d47,blur05
0,so_fake_ood,real,,test_ood,30deb552fb963d47,blur10
0,so_fake_ood,real,,test_ood,30deb552fb963d47,blur20
0,so_fake_ood,real,,test_ood,30deb552fb963d47,resize05
0,so_fake_ood,real,,test_ood,30deb552fb963d47,resize025
0,so_fake_ood,real,,test_ood,30deb552fb963d47,noise002
0,so_fake_ood,real,,test_ood,30deb552fb963d47,noise005
0,so_fake_ood,real,,test_ood,30deb552fb963d47,noise01
0,so_fake_ood,real,,test_ood,30deb552fb963d47,jitter02
0,so_fake_ood,real,,test_ood,30deb552fb963d47,crop08
0,so_fake_ood,real,,test_ood,8d9bd2a2789c5677,clean
0,so_fake_ood,real,,test_ood,8d9bd2a2789c5677,jpeg90
0,so_fake_ood,real,,test_ood,8d9bd2a2789c5677,jpeg70
0,so_fake_ood,real,,test_ood,8d9bd2a2789c5677,jpeg50
0,so_fake_ood,real,,test_ood,8d9bd2a2789c5677,jpeg30
0,so_fake_ood,real,,test_ood,8d9bd2a2789c5677,blur05
0,so_fake_ood,real,,test_ood,8d9bd2a2789c5677,blur10
0,so_fake_ood,real,,test_ood,8d9bd2a2789c5677,blur20
0,so_fake_ood,real,,test_ood,8d9bd2a2789c5677,resize05
0,so_fake_ood,real,,test_ood,8d9bd2a2789c5677,resize025
0,so_fake_ood,real,,test_ood,8d9bd2a2789c5677,noise002
0,so_fake_ood,real,,test_ood,8d9bd2a2789c5677,noise005
0,so_fake_ood,real,,test_ood,8d9bd2a2789c5677,noise01
0,so_fake_ood,real,,test_ood,8d9bd2a2789c5677,jitter02
0,so_fake_ood,real,,test_ood,8d9bd2a2789c5677,crop08
0,so_fake_ood,real,,test_ood,dcaabcbca8581e00,clean
0,so_fake_ood,real,,test_ood,dcaabcbca8581e00,jpeg90
0,so_fake_ood,real,,test_ood,dcaabcbca8581e00,jpeg70
0,so_fake_ood,real,,test_ood,dcaabcbca8581e00,jpeg50
0,so_fake_ood,real,,test_ood,dcaabcbca8581e00,jpeg30
0,so_fake_ood,real,,test_ood,dcaabcbca8581e00,blur05
0,so_fake_ood,real,,test_ood,dcaabcbca8581e00,blur10
0,so_fake_ood,real,,test_ood,dcaabcbca8581e00,blur20
0,so_fake_ood,real,,test_ood,dcaabcbca8581e00,resize05
0,so_fake_ood,real,,test_ood,dcaabcbca8581e00,resize025
0,so_fake_ood,real,,test_ood,dcaabcbca8581e00,noise002
0,so_fake_ood,real,,test_ood,dcaabcbca8581e00,noise005
0,so_fake_ood,real,,test_ood,dcaabcbca8581e00,noise01
0,so_fake_ood,real,,test_ood,dcaabcbca8581e00,jitter02
0,so_fake_ood,real,,test_ood,dcaabcbca8581e00,crop08
0,so_fake_ood,real,,test_ood,be3d8797bec83e71,clean
0,so_fake_ood,real,,test_ood,be3d8797bec83e71,jpeg90
0,so_fake_ood,real,,test_ood,be3d8797bec83e71,jpeg70
0,so_fake_ood,real,,test_ood,be3d8797bec83e71,jpeg50
0,so_fake_ood,real,,test_ood,be3d8797bec83e71,jpeg30
0,so_fake_ood,real,,test_ood,be3d8797bec83e71,blur05
0,so_fake_ood,real,,test_ood,be3d8797bec83e71,blur10
0,so_fake_ood,real,,test_ood,be3d8797bec83e71,blur20
0,so_fake_ood,real,,test_ood,be3d8797bec83e71,resize05
0,so_fake_ood,real,,test_ood,be3d8797bec83e71,resize025
0,so_fake_ood,real,,test_ood,be3d8797bec83e71,noise002
0,so_fake_ood,real,,test_ood,be3d8797bec83e71,noise005
0,so_fake_ood,real,,test_ood,be3d8797bec83e71,noise01
0,so_fake_ood,real,,test_ood,be3d8797bec83e71,jitter02
0,so_fake_ood,real,,test_ood,be3d8797bec83e71,crop08
0,so_fake_ood,real,,test_ood,d0f98667634c34d8,clean
0,so_fake_ood,real,,test_ood,d0f98667634c34d8,jpeg90
0,so_fake_ood,real,,test_ood,d0f98667634c34d8,jpeg70
0,so_fake_ood,real,,test_ood,d0f98667634c34d8,jpeg50
0,so_fake_ood,real,,test_ood,d0f98667634c34d8,jpeg30
0,so_fake_ood,real,,test_ood,d0f98667634c34d8,blur05
0,so_fake_ood,real,,test_ood,d0f98667634c34d8,blur10
0,so_fake_ood,real,,test_ood,d0f98667634c34d8,blur20
0,so_fake_ood,real,,test_ood,d0f98667634c34d8,resize05
0,so_fake_ood,real,,test_ood,d0f98667634c34d8,resize025
0,so_fake_ood,real,,test_ood,d0f98667634c34d8,noise002
0,so_fake_ood,real,,test_ood,d0f98667634c34d8,noise005
0,so_fake_ood,real,,test_ood,d0f98667634c34d8,noise01
0,so_fake_ood,real,,test_ood,d0f98667634c34d8,jitter02
0,so_fake_ood,real,,test_ood,d0f98667634c34d8,crop08
0,so_fake_ood,real,,test_ood,20bc26da822691ae,clean
0,so_fake_ood,real,,test_ood,20bc26da822691ae,jpeg90
0,so_fake_ood,real,,test_ood,20bc26da822691ae,jpeg70
0,so_fake_ood,real,,test_ood,20bc26da822691ae,jpeg50
0,so_fake_ood,real,,test_ood,20bc26da822691ae,jpeg30
0,so_fake_ood,real,,test_ood,20bc26da822691ae,blur05
0,so_fake_ood,real,,test_ood,20bc26da822691ae,blur10
0,so_fake_ood,real,,test_ood,20bc26da822691ae,blur20
0,so_fake_ood,real,,test_ood,20bc26da822691ae,resize05
0,so_fake_ood,real,,test_ood,20bc26da822691ae,resize025
0,so_fake_ood,real,,test_ood,20bc26da822691ae,noise002
0,so_fake_ood,real,,test_ood,20bc26da822691ae,noise005
0,so_fake_ood,real,,test_ood,20bc26da822691ae,noise01
0,so_fake_ood,real,,test_ood,20bc26da822691ae,jitter02
0,so_fake_ood,real,,test_ood,20bc26da822691ae,crop08
0,so_fake_ood,real,,test_ood,243bb1a18b854a78,clean
0,so_fake_ood,real,,test_ood,243bb1a18b854a78,jpeg90
0,so_fake_ood,real,,test_ood,243bb1a18b854a78,jpeg70
0,so_fake_ood,real,,test_ood,243bb1a18b854a78,jpeg50
0,so_fake_ood,real,,test_ood,243bb1a18b854a78,jpeg30
0,so_fake_ood,real,,test_ood,243bb1a18b854a78,blur05
0,so_fake_ood,real,,test_ood,243bb1a18b854a78,blur10
0,so_fake_ood,real,,test_ood,243bb1a18b854a78,blur20
0,so_fake_ood,real,,test_ood,243bb1a18b854a78,resize05
0,so_fake_ood,real,,test_ood,243bb1a18b854a78,resize025
0,so_fake_ood,real,,test_ood,243bb1a18b854a78,noise002
0,so_fake_ood,real,,test_ood,243bb1a18b854a78,noise005
0,so_fake_ood,real,,test_ood,243bb1a18b854a78,noise01
0,so_fake_ood,real,,test_ood,243bb1a18b854a78,jitter02
0,so_fake_ood,real,,test_ood,243bb1a18b854a78,crop08
0,so_fake_ood,real,,test_ood,955cf998288cbdd0,clean
0,so_fake_ood,real,,test_ood,955cf998288cbdd0,jpeg90
0,so_fake_ood,real,,test_ood,955cf998288cbdd0,jpeg70
0,so_fake_ood,real,,test_ood,955cf998288cbdd0,jpeg50
0,so_fake_ood,real,,test_ood,955cf998288cbdd0,jpeg30
0,so_fake_ood,real,,test_ood,955cf998288cbdd0,blur05
0,so_fake_ood,real,,test_ood,955cf998288cbdd0,blur10
0,so_fake_ood,real,,test_ood,955cf998288cbdd0,blur20
0,so_fake_ood,real,,test_ood,955cf998288cbdd0,resize05
0,so_fake_ood,real,,test_ood,955cf998288cbdd0,resize025
0,so_fake_ood,real,,test_ood,955cf998288cbdd0,noise002
0,so_fake_ood,real,,test_ood,955cf998288cbdd0,noise005
0,so_fake_ood,real,,test_ood,955cf998288cbdd0,noise01
0,so_fake_ood,real,,test_ood,955cf998288cbdd0,jitter02
0,so_fake_ood,real,,test_ood,955cf998288cbdd0,crop08
0,so_fake_ood,real,,test_ood,ebfe00ca8e18770a,clean
0,so_fake_ood,real,,test_ood,ebfe00ca8e18770a,jpeg90
0,so_fake_ood,real,,test_ood,ebfe00ca8e18770a,jpeg70
0,so_fake_ood,real,,test_ood,ebfe00ca8e18770a,jpeg50
0,so_fake_ood,real,,test_ood,ebfe00ca8e18770a,jpeg30
0,so_fake_ood,real,,test_ood,ebfe00ca8e18770a,blur05
0,so_fake_ood,real,,test_ood,ebfe00ca8e18770a,blur10
0,so_fake_ood,real,,test_ood,ebfe00ca8e18770a,blur20
0,so_fake_ood,real,,test_ood,ebfe00ca8e18770a,resize05
0,so_fake_ood,real,,test_ood,ebfe00ca8e18770a,resize025
0,so_fake_ood,real,,test_ood,ebfe00ca8e18770a,noise002
0,so_fake_ood,real,,test_ood,ebfe00ca8e18770a,noise005
0,so_fake_ood,real,,test_ood,ebfe00ca8e18770a,noise01
0,so_fake_ood,real,,test_ood,ebfe00ca8e18770a,jitter02
0,so_fake_ood,real,,test_ood,ebfe00ca8e18770a,crop08
0,so_fake_ood,real,,test_ood,f77ca07a472ca21d,clean
0,so_fake_ood,real,,test_ood,f77ca07a472ca21d,jpeg90
0,so_fake_ood,real,,test_ood,f77ca07a472ca21d,jpeg70
0,so_fake_ood,real,,test_ood,f77ca07a472ca21d,jpeg50
0,so_fake_ood,real,,test_ood,f77ca07a472ca21d,jpeg30
0,so_fake_ood,real,,test_ood,f77ca07a472ca21d,blur05
0,so_fake_ood,real,,test_ood,f77ca07a472ca21d,blur10
0,so_fake_ood,real,,test_ood,f77ca07a472ca21d,blur20
0,so_fake_ood,real,,test_ood,f77ca07a472ca21d,resize05
0,so_fake_ood,real,,test_ood,f77ca07a472ca21d,resize025
0,so_fake_ood,real,,test_ood,f77ca07a472ca21d,noise002
0,so_fake_ood,real,,test_ood,f77ca07a472ca21d,noise005
0,so_fake_ood,real,,test_ood,f77ca07a472ca21d,noise01
0,so_fake_ood,real,,test_ood,f77ca07a472ca21d,jitter02
0,so_fake_ood,real,,test_ood,f77ca07a472ca21d,crop08
0,so_fake_ood,real,,test_ood,8f34a55356d3ba9b,clean
0,so_fake_ood,real,,test_ood,8f34a55356d3ba9b,jpeg90
0,so_fake_ood,real,,test_ood,8f34a55356d3ba9b,jpeg70
0,so_fake_ood,real,,test_ood,8f34a55356d3ba9b,jpeg50
0,so_fake_ood,real,,test_ood,8f34a55356d3ba9b,jpeg30
0,so_fake_ood,real,,test_ood,8f34a55356d3ba9b,blur05
0,so_fake_ood,real,,test_ood,8f34a55356d3ba9b,blur10
0,so_fake_ood,real,,test_ood,8f34a55356d3ba9b,blur20
0,so_fake_ood,real,,test_ood,8f34a55356d3ba9b,resize05
0,so_fake_ood,real,,test_ood,8f34a55356d3ba9b,resize025
0,so_fake_ood,real,,test_ood,8f34a55356d3ba9b,noise002
0,so_fake_ood,real,,test_ood,8f34a55356d3ba9b,noise005
0,so_fake_ood,real,,test_ood,8f34a55356d3ba9b,noise01
0,so_fake_ood,real,,test_ood,8f34a55356d3ba9b,jitter02
0,so_fake_ood,real,,test_ood,8f34a55356d3ba9b,crop08
0,so_fake_ood,real,,test_ood,54c82511afefbec9,clean
0,so_fake_ood,real,,test_ood,54c82511afefbec9,jpeg90
0,so_fake_ood,real,,test_ood,54c82511afefbec9,jpeg70
0,so_fake_ood,real,,test_ood,54c82511afefbec9,jpeg50
0,so_fake_ood,real,,test_ood,54c82511afefbec9,jpeg30
0,so_fake_ood,real,,test_ood,54c82511afefbec9,blur05
0,so_fake_ood,real,,test_ood,54c82511afefbec9,blur10
0,so_fake_ood,real,,test_ood,54c82511afefbec9,blur20
0,so_fake_ood,real,,test_ood,54c82511afefbec9,resize05
0,so_fake_ood,real,,test_ood,54c82511afefbec9,resize025
0,so_fake_ood,real,,test_ood,54c82511afefbec9,noise002
0,so_fake_ood,real,,test_ood,54c82511afefbec9,noise005
0,so_fake_ood,real,,test_ood,54c82511afefbec9,noise01
0,so_fake_ood,real,,test_ood,54c82511afefbec9,jitter02
0,so_fake_ood,real,,test_ood,54c82511afefbec9,crop08
0,so_fake_ood,real,,test_ood,373a85cdc9f1222a,clean
0,so_fake_ood,real,,test_ood,373a85cdc9f1222a,jpeg90
0,so_fake_ood,real,,test_ood,373a85cdc9f1222a,jpeg70
0,so_fake_ood,real,,test_ood,373a85cdc9f1222a,jpeg50
0,so_fake_ood,real,,test_ood,373a85cdc9f1222a,jpeg30
0,so_fake_ood,real,,test_ood,373a85cdc9f1222a,blur05
0,so_fake_ood,real,,test_ood,373a85cdc9f1222a,blur10
0,so_fake_ood,real,,test_ood,373a85cdc9f1222a,blur20
0,so_fake_ood,real,,test_ood,373a85cdc9f1222a,resize05
0,so_fake_ood,real,,test_ood,373a85cdc9f1222a,resize025
0,so_fake_ood,real,,test_ood,373a85cdc9f1222a,noise002
0,so_fake_ood,real,,test_ood,373a85cdc9f1222a,noise005
0,so_fake_ood,real,,test_ood,373a85cdc9f1222a,noise01
0,so_fake_ood,real,,test_ood,373a85cdc9f1222a,jitter02
0,so_fake_ood,real,,test_ood,373a85cdc9f1222a,crop08
0,so_fake_ood,real,,test_ood,2ecdf612afc12c41,clean
0,so_fake_ood,real,,test_ood,2ecdf612afc12c41,jpeg90
0,so_fake_ood,real,,test_ood,2ecdf612afc12c41,jpeg70
0,so_fake_ood,real,,test_ood,2ecdf612afc12c41,jpeg50
0,so_fake_ood,real,,test_ood,2ecdf612afc12c41,jpeg30
0,so_fake_ood,real,,test_ood,2ecdf612afc12c41,blur05
0,so_fake_ood,real,,test_ood,2ecdf612afc12c41,blur10
0,so_fake_ood,real,,test_ood,2ecdf612afc12c41,blur20
0,so_fake_ood,real,,test_ood,2ecdf612afc12c41,resize05
0,so_fake_ood,real,,test_ood,2ecdf612afc12c41,resize025
0,so_fake_ood,real,,test_ood,2ecdf612afc12c41,noise002
0,so_fake_ood,real,,test_ood,2ecdf612afc12c41,noise005
0,so_fake_ood,real,,test_ood,2ecdf612afc12c41,noise01
0,so_fake_ood,real,,test_ood,2ecdf612afc12c41,jitter02
0,so_fake_ood,real,,test_ood,2ecdf612afc12c41,crop08
0,so_fake_ood,real,,test_ood,838b8553000a3b1e,clean
0,so_fake_ood,real,,test_ood,838b8553000a3b1e,jpeg90
0,so_fake_ood,real,,test_ood,838b8553000a3b1e,jpeg70
0,so_fake_ood,real,,test_ood,838b8553000a3b1e,jpeg50
0,so_fake_ood,real,,test_ood,838b8553000a3b1e,jpeg30
0,so_fake_ood,real,,test_ood,838b8553000a3b1e,blur05
0,so_fake_ood,real,,test_ood,838b8553000a3b1e,blur10
0,so_fake_ood,real,,test_ood,838b8553000a3b1e,blur20
0,so_fake_ood,real,,test_ood,838b8553000a3b1e,resize05
0,so_fake_ood,real,,test_ood,838b8553000a3b1e,resize025
0,so_fake_ood,real,,test_ood,838b8553000a3b1e,noise002
0,so_fake_ood,real,,test_ood,838b8553000a3b1e,noise005
0,so_fake_ood,real,,test_ood,838b8553000a3b1e,noise01
0,so_fake_ood,real,,test_ood,838b8553000a3b1e,jitter02
0,so_fake_ood,real,,test_ood,838b8553000a3b1e,crop08
0,so_fake_ood,real,,test_ood,1e75dca54f7ac871,clean
0,so_fake_ood,real,,test_ood,1e75dca54f7ac871,jpeg90
0,so_fake_ood,real,,test_ood,1e75dca54f7ac871,jpeg70
0,so_fake_ood,real,,test_ood,1e75dca54f7ac871,jpeg50
0,so_fake_ood,real,,test_ood,1e75dca54f7ac871,jpeg30
0,so_fake_ood,real,,test_ood,1e75dca54f7ac871,blur05
0,so_fake_ood,real,,test_ood,1e75dca54f7ac871,blur10
0,so_fake_ood,real,,test_ood,1e75dca54f7ac871,blur20
0,so_fake_ood,real,,test_ood,1e75dca54f7ac871,resize05
0,so_fake_ood,real,,test_ood,1e75dca54f7ac871,resize025
0,so_fake_ood,real,,test_ood,1e75dca54f7ac871,noise002
0,so_fake_ood,real,,test_ood,1e75dca54f7ac871,noise005
0,so_fake_ood,real,,test_ood,1e75dca54f7ac871,noise01
0,so_fake_ood,real,,test_ood,1e75dca54f7ac871,jitter02
0,so_fake_ood,real,,test_ood,1e75dca54f7ac871,crop08
0,so_fake_ood,real,,test_ood,4cf1139350ac64aa,clean
0,so_fake_ood,real,,test_ood,4cf1139350ac64aa,jpeg90
0,so_fake_ood,real,,test_ood,4cf1139350ac64aa,jpeg70
0,so_fake_ood,real,,test_ood,4cf1139350ac64aa,jpeg50
0,so_fake_ood,real,,test_ood,4cf1139350ac64aa,jpeg30
0,so_fake_ood,real,,test_ood,4cf1139350ac64aa,blur05
0,so_fake_ood,real,,test_ood,4cf1139350ac64aa,blur10
0,so_fake_ood,real,,test_ood,4cf1139350ac64aa,blur20
0,so_fake_ood,real,,test_ood,4cf1139350ac64aa,resize05
0,so_fake_ood,real,,test_ood,4cf1139350ac64aa,resize025
0,so_fake_ood,real,,test_ood,4cf1139350ac64aa,noise002
0,so_fake_ood,real,,test_ood,4cf1139350ac64aa,noise005
0,so_fake_ood,real,,test_ood,4cf1139350ac64aa,noise01
0,so_fake_ood,real,,test_ood,4cf1139350ac64aa,jitter02
0,so_fake_ood,real,,test_ood,4cf1139350ac64aa,crop08
0,so_fake_ood,real,,test_ood,2fb7a09ae369df7a,clean
0,so_fake_ood,real,,test_ood,2fb7a09ae369df7a,jpeg90
0,so_fake_ood,real,,test_ood,2fb7a09ae369df7a,jpeg70
0,so_fake_ood,real,,test_ood,2fb7a09ae369df7a,jpeg50
0,so_fake_ood,real,,test_ood,2fb7a09ae369df7a,jpeg30
0,so_fake_ood,real,,test_ood,2fb7a09ae369df7a,blur05
0,so_fake_ood,real,,test_ood,2fb7a09ae369df7a,blur10
0,so_fake_ood,real,,test_ood,2fb7a09ae369df7a,blur20
0,so_fake_ood,real,,test_ood,2fb7a09ae369df7a,resize05
0,so_fake_ood,real,,test_ood,2fb7a09ae369df7a,resize025
0,so_fake_ood,real,,test_ood,2fb7a09ae369df7a,noise002
0,so_fake_ood,real,,test_ood,2fb7a09ae369df7a,noise005
0,so_fake_ood,real,,test_ood,2fb7a09ae369df7a,noise01
0,so_fake_ood,real,,test_ood,2fb7a09ae369df7a,jitter02
0,so_fake_ood,real,,test_ood,2fb7a09ae369df7a,crop08
0,so_fake_ood,real,,test_ood,560c8b55158a973c,clean
0,so_fake_ood,real,,test_ood,560c8b55158a973c,jpeg90
0,so_fake_ood,real,,test_ood,560c8b55158a973c,jpeg70
0,so_fake_ood,real,,test_ood,560c8b55158a973c,jpeg50
0,so_fake_ood,real,,test_ood,560c8b55158a973c,jpeg30
0,so_fake_ood,real,,test_ood,560c8b55158a973c,blur05
0,so_fake_ood,real,,test_ood,560c8b55158a973c,blur10
0,so_fake_ood,real,,test_ood,560c8b55158a973c,blur20
0,so_fake_ood,real,,test_ood,560c8b55158a973c,resize05
0,so_fake_ood,real,,test_ood,560c8b55158a973c,resize025
0,so_fake_ood,real,,test_ood,560c8b55158a973c,noise002
0,so_fake_ood,real,,test_ood,560c8b55158a973c,noise005
0,so_fake_ood,real,,test_ood,560c8b55158a973c,noise01
0,so_fake_ood,real,,test_ood,560c8b55158a973c,jitter02
0,so_fake_ood,real,,test_ood,560c8b55158a973c,crop08
0,so_fake_ood,real,,test_ood,d9b5368d4567222c,clean
0,so_fake_ood,real,,test_ood,d9b5368d4567222c,jpeg90
0,so_fake_ood,real,,test_ood,d9b5368d4567222c,jpeg70
0,so_fake_ood,real,,test_ood,d9b5368d4567222c,jpeg50
0,so_fake_ood,real,,test_ood,d9b5368d4567222c,jpeg30
0,so_fake_ood,real,,test_ood,d9b5368d4567222c,blur05
0,so_fake_ood,real,,test_ood,d9b5368d4567222c,blur10
0,so_fake_ood,real,,test_ood,d9b5368d4567222c,blur20
0,so_fake_ood,real,,test_ood,d9b5368d4567222c,resize05
0,so_fake_ood,real,,test_ood,d9b5368d4567222c,resize025
0,so_fake_ood,real,,test_ood,d9b5368d4567222c,noise002
0,so_fake_ood,real,,test_ood,d9b5368d4567222c,noise005
0,so_fake_ood,real,,test_ood,d9b5368d4567222c,noise01
0,so_fake_ood,real,,test_ood,d9b5368d4567222c,jitter02
0,so_fake_ood,real,,test_ood,d9b5368d4567222c,crop08
0,so_fake_ood,real,,test_ood,1362d8c649a6c931,clean
0,so_fake_ood,real,,test_ood,1362d8c649a6c931,jpeg90
0,so_fake_ood,real,,test_ood,1362d8c649a6c931,jpeg70
0,so_fake_ood,real,,test_ood,1362d8c649a6c931,jpeg50
0,so_fake_ood,real,,test_ood,1362d8c649a6c931,jpeg30
0,so_fake_ood,real,,test_ood,1362d8c649a6c931,blur05
0,so_fake_ood,real,,test_ood,1362d8c649a6c931,blur10
0,so_fake_ood,real,,test_ood,1362d8c649a6c931,blur20
0,so_fake_ood,real,,test_ood,1362d8c649a6c931,resize05
0,so_fake_ood,real,,test_ood,1362d8c649a6c931,resize025
0,so_fake_ood,real,,test_ood,1362d8c649a6c931,noise002
0,so_fake_ood,real,,test_ood,1362d8c649a6c931,noise005
0,so_fake_ood,real,,test_ood,1362d8c649a6c931,noise01
0,so_fake_ood,real,,test_ood,1362d8c649a6c931,jitter02
0,so_fake_ood,real,,test_ood,1362d8c649a6c931,crop08
0,so_fake_ood,real,,test_ood,f6ac4d172b01111b,clean
0,so_fake_ood,real,,test_ood,f6ac4d172b01111b,jpeg90
0,so_fake_ood,real,,test_ood,f6ac4d172b01111b,jpeg70
0,so_fake_ood,real,,test_ood,f6ac4d172b01111b,jpeg50
0,so_fake_ood,real,,test_ood,f6ac4d172b01111b,jpeg30
0,so_fake_ood,real,,test_ood,f6ac4d172b01111b,blur05
0,so_fake_ood,real,,test_ood,f6ac4d172b01111b,blur10
0,so_fake_ood,real,,test_ood,f6ac4d172b01111b,blur20
0,so_fake_ood,real,,test_ood,f6ac4d172b01111b,resize05
0,so_fake_ood,real,,test_ood,f6ac4d172b01111b,resize025
0,so_fake_ood,real,,test_ood,f6ac4d172b01111b,noise002
0,so_fake_ood,real,,test_ood,f6ac4d172b01111b,noise005
0,so_fake_ood,real,,test_ood,f6ac4d172b01111b,noise01
0,so_fake_ood,real,,test_ood,f6ac4d172b01111b,jitter02
0,so_fake_ood,real,,test_ood,f6ac4d172b01111b,crop08
0,so_fake_ood,real,,test_ood,92ba74cbfe5c2b6b,clean
0,so_fake_ood,real,,test_ood,92ba74cbfe5c2b6b,jpeg90
0,so_fake_ood,real,,test_ood,92ba74cbfe5c2b6b,jpeg70
0,so_fake_ood,real,,test_ood,92ba74cbfe5c2b6b,jpeg50
0,so_fake_ood,real,,test_ood,92ba74cbfe5c2b6b,jpeg30
0,so_fake_ood,real,,test_ood,92ba74cbfe5c2b6b,blur05
0,so_fake_ood,real,,test_ood,92ba74cbfe5c2b6b,blur10
0,so_fake_ood,real,,test_ood,92ba74cbfe5c2b6b,blur20
0,so_fake_ood,real,,test_ood,92ba74cbfe5c2b6b,resize05
0,so_fake_ood,real,,test_ood,92ba74cbfe5c2b6b,resize025
0,so_fake_ood,real,,test_ood,92ba74cbfe5c2b6b,noise002
0,so_fake_ood,real,,test_ood,92ba74cbfe5c2b6b,noise005
0,so_fake_ood,real,,test_ood,92ba74cbfe5c2b6b,noise01
0,so_fake_ood,real,,test_ood,92ba74cbfe5c2b6b,jitter02
0,so_fake_ood,real,,test_ood,92ba74cbfe5c2b6b,crop08
0,so_fake_ood,real,,test_ood,8ed454c549e13c47,clean
0,so_fake_ood,real,,test_ood,8ed454c549e13c47,jpeg90
0,so_fake_ood,real,,test_ood,8ed454c549e13c47,jpeg70
0,so_fake_ood,real,,test_ood,8ed454c549e13c47,jpeg50
0,so_fake_ood,real,,test_ood,8ed454c549e13c47,jpeg30
0,so_fake_ood,real,,test_ood,8ed454c549e13c47,blur05
0,so_fake_ood,real,,test_ood,8ed454c549e13c47,blur10
0,so_fake_ood,real,,test_ood,8ed454c549e13c47,blur20
0,so_fake_ood,real,,test_ood,8ed454c549e13c47,resize05
0,so_fake_ood,real,,test_ood,8ed454c549e13c47,resize025
0,so_fake_ood,real,,test_ood,8ed454c549e13c47,noise002
0,so_fake_ood,real,,test_ood,8ed454c549e13c47,noise005
0,so_fake_ood,real,,test_ood,8ed454c549e13c47,noise01
0,so_fake_ood,real,,test_ood,8ed454c549e13c47,jitter02
0,so_fake_ood,real,,test_ood,8ed454c549e13c47,crop08
0,so_fake_ood,real,,test_ood,bbde6a9b9a39ed59,clean
0,so_fake_ood,real,,test_ood,bbde6a9b9a39ed59,jpeg90
0,so_fake_ood,real,,test_ood,bbde6a9b9a39ed59,jpeg70
0,so_fake_ood,real,,test_ood,bbde6a9b9a39ed59,jpeg50
0,so_fake_ood,real,,test_ood,bbde6a9b9a39ed59,jpeg30
0,so_fake_ood,real,,test_ood,bbde6a9b9a39ed59,blur05
0,so_fake_ood,real,,test_ood,bbde6a9b9a39ed59,blur10
0,so_fake_ood,real,,test_ood,bbde6a9b9a39ed59,blur20
0,so_fake_ood,real,,test_ood,bbde6a9b9a39ed59,resize05
0,so_fake_ood,real,,test_ood,bbde6a9b9a39ed59,resize025
0,so_fake_ood,real,,test_ood,bbde6a9b9a39ed59,noise002
0,so_fake_ood,real,,test_ood,bbde6a9b9a39ed59,noise005
0,so_fake_ood,real,,test_ood,bbde6a9b9a39ed59,noise01
0,so_fake_ood,real,,test_ood,bbde6a9b9a39ed59,jitter02
0,so_fake_ood,real,,test_ood,bbde6a9b9a39ed59,crop08
0,so_fake_ood,real,,test_ood,d06c28c52022aed9,clean
0,so_fake_ood,real,,test_ood,d06c28c52022aed9,jpeg90
0,so_fake_ood,real,,test_ood,d06c28c52022aed9,jpeg70
0,so_fake_ood,real,,test_ood,d06c28c52022aed9,jpeg50
0,so_fake_ood,real,,test_ood,d06c28c52022aed9,jpeg30
0,so_fake_ood,real,,test_ood,d06c28c52022aed9,blur05
0,so_fake_ood,real,,test_ood,d06c28c52022aed9,blur10
0,so_fake_ood,real,,test_ood,d06c28c52022aed9,blur20
0,so_fake_ood,real,,test_ood,d06c28c52022aed9,resize05
0,so_fake_ood,real,,test_ood,d06c28c52022aed9,resize025
0,so_fake_ood,real,,test_ood,d06c28c52022aed9,noise002
0,so_fake_ood,real,,test_ood,d06c28c52022aed9,noise005
0,so_fake_ood,real,,test_ood,d06c28c52022aed9,noise01
0,so_fake_ood,real,,test_ood,d06c28c52022aed9,jitter02
0,so_fake_ood,real,,test_ood,d06c28c52022aed9,crop08
0,so_fake_ood,real,,test_ood,99510aeb51623319,clean
0,so_fake_ood,real,,test_ood,99510aeb51623319,jpeg90
0,so_fake_ood,real,,test_ood,99510aeb51623319,jpeg70
0,so_fake_ood,real,,test_ood,99510aeb51623319,jpeg50
0,so_fake_ood,real,,test_ood,99510aeb51623319,jpeg30
0,so_fake_ood,real,,test_ood,99510aeb51623319,blur05
0,so_fake_ood,real,,test_ood,99510aeb51623319,blur10
0,so_fake_ood,real,,test_ood,99510aeb51623319,blur20
0,so_fake_ood,real,,test_ood,99510aeb51623319,resize05
0,so_fake_ood,real,,test_ood,99510aeb51623319,resize025
0,so_fake_ood,real,,test_ood,99510aeb51623319,noise002
0,so_fake_ood,real,,test_ood,99510aeb51623319,noise005
0,so_fake_ood,real,,test_ood,99510aeb51623319,noise01
0,so_fake_ood,real,,test_ood,99510aeb51623319,jitter02
0,so_fake_ood,real,,test_ood,99510aeb51623319,crop08
0,so_fake_ood,real,,test_ood,48b6dd8d4a620db9,clean
0,so_fake_ood,real,,test_ood,48b6dd8d4a620db9,jpeg90
0,so_fake_ood,real,,test_ood,48b6dd8d4a620db9,jpeg70
0,so_fake_ood,real,,test_ood,48b6dd8d4a620db9,jpeg50
0,so_fake_ood,real,,test_ood,48b6dd8d4a620db9,jpeg30
0,so_fake_ood,real,,test_ood,48b6dd8d4a620db9,blur05
0,so_fake_ood,real,,test_ood,48b6dd8d4a620db9,blur10
0,so_fake_ood,real,,test_ood,48b6dd8d4a620db9,blur20
0,so_fake_ood,real,,test_ood,48b6dd8d4a620db9,resize05
0,so_fake_ood,real,,test_ood,48b6dd8d4a620db9,resize025
0,so_fake_ood,real,,test_ood,48b6dd8d4a620db9,noise002
0,so_fake_ood,real,,test_ood,48b6dd8d4a620db9,noise005
0,so_fake_ood,real,,test_ood,48b6dd8d4a620db9,noise01
0,so_fake_ood,real,,test_ood,48b6dd8d4a620db9,jitter02
0,so_fake_ood,real,,test_ood,48b6dd8d4a620db9,crop08
0,so_fake_ood,real,,test_ood,23bfdf52c5024093,clean
0,so_fake_ood,real,,test_ood,23bfdf52c5024093,jpeg90
0,so_fake_ood,real,,test_ood,23bfdf52c5024093,jpeg70
0,so_fake_ood,real,,test_ood,23bfdf52c5024093,jpeg50
0,so_fake_ood,real,,test_ood,23bfdf52c5024093,jpeg30
0,so_fake_ood,real,,test_ood,23bfdf52c5024093,blur05
0,so_fake_ood,real,,test_ood,23bfdf52c5024093,blur10
0,so_fake_ood,real,,test_ood,23bfdf52c5024093,blur20
0,so_fake_ood,real,,test_ood,23bfdf52c5024093,resize05
0,so_fake_ood,real,,test_ood,23bfdf52c5024093,resize025
0,so_fake_ood,real,,test_ood,23bfdf52c5024093,noise002
0,so_fake_ood,real,,test_ood,23bfdf52c5024093,noise005
0,so_fake_ood,real,,test_ood,23bfdf52c5024093,noise01
0,so_fake_ood,real,,test_ood,23bfdf52c5024093,jitter02
0,so_fake_ood,real,,test_ood,23bfdf52c5024093,crop08
0,so_fake_ood,real,,test_ood,777b9f1aac55f921,clean
0,so_fake_ood,real,,test_ood,777b9f1aac55f921,jpeg90
0,so_fake_ood,real,,test_ood,777b9f1aac55f921,jpeg70
0,so_fake_ood,real,,test_ood,777b9f1aac55f921,jpeg50
0,so_fake_ood,real,,test_ood,777b9f1aac55f921,jpeg30
0,so_fake_ood,real,,test_ood,777b9f1aac55f921,blur05
0,so_fake_ood,real,,test_ood,777b9f1aac55f921,blur10
0,so_fake_ood,real,,test_ood,777b9f1aac55f921,blur20
0,so_fake_ood,real,,test_ood,777b9f1aac55f921,resize05
0,so_fake_ood,real,,test_ood,777b9f1aac55f921,resize025
0,so_fake_ood,real,,test_ood,777b9f1aac55f921,noise002
0,so_fake_ood,real,,test_ood,777b9f1aac55f921,noise005
0,so_fake_ood,real,,test_ood,777b9f1aac55f921,noise01
0,so_fake_ood,real,,test_ood,777b9f1aac55f921,jitter02
0,so_fake_ood,real,,test_ood,777b9f1aac55f921,crop08
0,so_fake_ood,real,,test_ood,5ce4f4109451d691,clean
0,so_fake_ood,real,,test_ood,5ce4f4109451d691,jpeg90
0,so_fake_ood,real,,test_ood,5ce4f4109451d691,jpeg70
0,so_fake_ood,real,,test_ood,5ce4f4109451d691,jpeg50
0,so_fake_ood,real,,test_ood,5ce4f4109451d691,jpeg30
0,so_fake_ood,real,,test_ood,5ce4f4109451d691,blur05
0,so_fake_ood,real,,test_ood,5ce4f4109451d691,blur10
0,so_fake_ood,real,,test_ood,5ce4f4109451d691,blur20
0,so_fake_ood,real,,test_ood,5ce4f4109451d691,resize05
0,so_fake_ood,real,,test_ood,5ce4f4109451d691,resize025
0,so_fake_ood,real,,test_ood,5ce4f4109451d691,noise002
0,so_fake_ood,real,,test_ood,5ce4f4109451d691,noise005
0,so_fake_ood,real,,test_ood,5ce4f4109451d691,noise01
0,so_fake_ood,real,,test_ood,5ce4f4109451d691,jitter02
0,so_fake_ood,real,,test_ood,5ce4f4109451d691,crop08
0,so_fake_ood,real,,test_ood,6d35f4989342a36f,clean
0,so_fake_ood,real,,test_ood,6d35f4989342a36f,jpeg90
0,so_fake_ood,real,,test_ood,6d35f4989342a36f,jpeg70
0,so_fake_ood,real,,test_ood,6d35f4989342a36f,jpeg50
0,so_fake_ood,real,,test_ood,6d35f4989342a36f,jpeg30
0,so_fake_ood,real,,test_ood,6d35f4989342a36f,blur05
0,so_fake_ood,real,,test_ood,6d35f4989342a36f,blur10
0,so_fake_ood,real,,test_ood,6d35f4989342a36f,blur20
0,so_fake_ood,real,,test_ood,6d35f4989342a36f,resize05
0,so_fake_ood,real,,test_ood,6d35f4989342a36f,resize025
0,so_fake_ood,real,,test_ood,6d35f4989342a36f,noise002
0,so_fake_ood,real,,test_ood,6d35f4989342a36f,noise005
0,so_fake_ood,real,,test_ood,6d35f4989342a36f,noise01
0,so_fake_ood,real,,test_ood,6d35f4989342a36f,jitter02
0,so_fake_ood,real,,test_ood,6d35f4989342a36f,crop08
0,so_fake_ood,real,,test_ood,6cef8c7674be640b,clean
0,so_fake_ood,real,,test_ood,6cef8c7674be640b,jpeg90
0,so_fake_ood,real,,test_ood,6cef8c7674be640b,jpeg70
0,so_fake_ood,real,,test_ood,6cef8c7674be640b,jpeg50
0,so_fake_ood,real,,test_ood,6cef8c7674be640b,jpeg30
0,so_fake_ood,real,,test_ood,6cef8c7674be640b,blur05
0,so_fake_ood,real,,test_ood,6cef8c7674be640b,blur10
0,so_fake_ood,real,,test_ood,6cef8c7674be640b,blur20
0,so_fake_ood,real,,test_ood,6cef8c7674be640b,resize05
0,so_fake_ood,real,,test_ood,6cef8c7674be640b,resize025
0,so_fake_ood,real,,test_ood,6cef8c7674be640b,noise002
0,so_fake_ood,real,,test_ood,6cef8c7674be640b,noise005
0,so_fake_ood,real,,test_ood,6cef8c7674be640b,noise01
0,so_fake_ood,real,,test_ood,6cef8c7674be640b,jitter02
0,so_fake_ood,real,,test_ood,6cef8c7674be640b,crop08
0,so_fake_ood,real,,test_ood,e1acaa06bb94c6bc,clean
0,so_fake_ood,real,,test_ood,e1acaa06bb94c6bc,jpeg90
0,so_fake_ood,real,,test_ood,e1acaa06bb94c6bc,jpeg70
0,so_fake_ood,real,,test_ood,e1acaa06bb94c6bc,jpeg50
0,so_fake_ood,real,,test_ood,e1acaa06bb94c6bc,jpeg30
0,so_fake_ood,real,,test_ood,e1acaa06bb94c6bc,blur05
0,so_fake_ood,real,,test_ood,e1acaa06bb94c6bc,blur10
0,so_fake_ood,real,,test_ood,e1acaa06bb94c6bc,blur20
0,so_fake_ood,real,,test_ood,e1acaa06bb94c6bc,resize05
0,so_fake_ood,real,,test_ood,e1acaa06bb94c6bc,resize025
0,so_fake_ood,real,,test_ood,e1acaa06bb94c6bc,noise002
0,so_fake_ood,real,,test_ood,e1acaa06bb94c6bc,noise005
0,so_fake_ood,real,,test_ood,e1acaa06bb94c6bc,noise01
0,so_fake_ood,real,,test_ood,e1acaa06bb94c6bc,jitter02
0,so_fake_ood,real,,test_ood,e1acaa06bb94c6bc,crop08
0,so_fake_ood,real,,test_ood,2117c04e6af85830,clean
0,so_fake_ood,real,,test_ood,2117c04e6af85830,jpeg90
0,so_fake_ood,real,,test_ood,2117c04e6af85830,jpeg70
0,so_fake_ood,real,,test_ood,2117c04e6af85830,jpeg50
0,so_fake_ood,real,,test_ood,2117c04e6af85830,jpeg30
0,so_fake_ood,real,,test_ood,2117c04e6af85830,blur05
0,so_fake_ood,real,,test_ood,2117c04e6af85830,blur10
0,so_fake_ood,real,,test_ood,2117c04e6af85830,blur20
0,so_fake_ood,real,,test_ood,2117c04e6af85830,resize05
0,so_fake_ood,real,,test_ood,2117c04e6af85830,resize025
0,so_fake_ood,real,,test_ood,2117c04e6af85830,noise002
0,so_fake_ood,real,,test_ood,2117c04e6af85830,noise005
0,so_fake_ood,real,,test_ood,2117c04e6af85830,noise01
0,so_fake_ood,real,,test_ood,2117c04e6af85830,jitter02
0,so_fake_ood,real,,test_ood,2117c04e6af85830,crop08
0,so_fake_ood,real,,test_ood,90c44cdd84418f7d,clean
0,so_fake_ood,real,,test_ood,90c44cdd84418f7d,jpeg90
0,so_fake_ood,real,,test_ood,90c44cdd84418f7d,jpeg70
0,so_fake_ood,real,,test_ood,90c44cdd84418f7d,jpeg50
0,so_fake_ood,real,,test_ood,90c44cdd84418f7d,jpeg30
0,so_fake_ood,real,,test_ood,90c44cdd84418f7d,blur05
0,so_fake_ood,real,,test_ood,90c44cdd84418f7d,blur10
0,so_fake_ood,real,,test_ood,90c44cdd84418f7d,blur20
0,so_fake_ood,real,,test_ood,90c44cdd84418f7d,resize05
0,so_fake_ood,real,,test_ood,90c44cdd84418f7d,resize025
0,so_fake_ood,real,,test_ood,90c44cdd84418f7d,noise002
0,so_fake_ood,real,,test_ood,90c44cdd84418f7d,noise005
0,so_fake_ood,real,,test_ood,90c44cdd84418f7d,noise01
0,so_fake_ood,real,,test_ood,90c44cdd84418f7d,jitter02
0,so_fake_ood,real,,test_ood,90c44cdd84418f7d,crop08
0,so_fake_ood,real,,test_ood,b60e6fa3e52048c5,clean
0,so_fake_ood,real,,test_ood,b60e6fa3e52048c5,jpeg90
0,so_fake_ood,real,,test_ood,b60e6fa3e52048c5,jpeg70
0,so_fake_ood,real,,test_ood,b60e6fa3e52048c5,jpeg50
0,so_fake_ood,real,,test_ood,b60e6fa3e52048c5,jpeg30
0,so_fake_ood,real,,test_ood,b60e6fa3e52048c5,blur05
0,so_fake_ood,real,,test_ood,b60e6fa3e52048c5,blur10
0,so_fake_ood,real,,test_ood,b60e6fa3e52048c5,blur20
0,so_fake_ood,real,,test_ood,b60e6fa3e52048c5,resize05
0,so_fake_ood,real,,test_ood,b60e6fa3e52048c5,resize025
0,so_fake_ood,real,,test_ood,b60e6fa3e52048c5,noise002
0,so_fake_ood,real,,test_ood,b60e6fa3e52048c5,noise005
0,so_fake_ood,real,,test_ood,b60e6fa3e52048c5,noise01
0,so_fake_ood,real,,test_ood,b60e6fa3e52048c5,jitter02
0,so_fake_ood,real,,test_ood,b60e6fa3e52048c5,crop08
0,so_fake_ood,real,,test_ood,6ace2aef09cdbda0,clean
0,so_fake_ood,real,,test_ood,6ace2aef09cdbda0,jpeg90
0,so_fake_ood,real,,test_ood,6ace2aef09cdbda0,jpeg70
0,so_fake_ood,real,,test_ood,6ace2aef09cdbda0,jpeg50
0,so_fake_ood,real,,test_ood,6ace2aef09cdbda0,jpeg30
0,so_fake_ood,real,,test_ood,6ace2aef09cdbda0,blur05
0,so_fake_ood,real,,test_ood,6ace2aef09cdbda0,blur10
0,so_fake_ood,real,,test_ood,6ace2aef09cdbda0,blur20
0,so_fake_ood,real,,test_ood,6ace2aef09cdbda0,resize05
0,so_fake_ood,real,,test_ood,6ace2aef09cdbda0,resize025
0,so_fake_ood,real,,test_ood,6ace2aef09cdbda0,noise002
0,so_fake_ood,real,,test_ood,6ace2aef09cdbda0,noise005
0,so_fake_ood,real,,test_ood,6ace2aef09cdbda0,noise01
0,so_fake_ood,real,,test_ood,6ace2aef09cdbda0,jitter02
0,so_fake_ood,real,,test_ood,6ace2aef09cdbda0,crop08
0,so_fake_ood,real,,test_ood,63e75c5e8dfa8d55,clean
0,so_fake_ood,real,,test_ood,63e75c5e8dfa8d55,jpeg90
0,so_fake_ood,real,,test_ood,63e75c5e8dfa8d55,jpeg70
0,so_fake_ood,real,,test_ood,63e75c5e8dfa8d55,jpeg50
0,so_fake_ood,real,,test_ood,63e75c5e8dfa8d55,jpeg30
0,so_fake_ood,real,,test_ood,63e75c5e8dfa8d55,blur05
0,so_fake_ood,real,,test_ood,63e75c5e8dfa8d55,blur10
0,so_fake_ood,real,,test_ood,63e75c5e8dfa8d55,blur20
0,so_fake_ood,real,,test_ood,63e75c5e8dfa8d55,resize05
0,so_fake_ood,real,,test_ood,63e75c5e8dfa8d55,resize025
0,so_fake_ood,real,,test_ood,63e75c5e8dfa8d55,noise002
0,so_fake_ood,real,,test_ood,63e75c5e8dfa8d55,noise005
0,so_fake_ood,real,,test_ood,63e75c5e8dfa8d55,noise01
0,so_fake_ood,real,,test_ood,63e75c5e8dfa8d55,jitter02
0,so_fake_ood,real,,test_ood,63e75c5e8dfa8d55,crop08
0,so_fake_ood,real,,test_ood,a0f2d0cbcb7f922d,clean
0,so_fake_ood,real,,test_ood,a0f2d0cbcb7f922d,jpeg90
0,so_fake_ood,real,,test_ood,a0f2d0cbcb7f922d,jpeg70
0,so_fake_ood,real,,test_ood,a0f2d0cbcb7f922d,jpeg50
0,so_fake_ood,real,,test_ood,a0f2d0cbcb7f922d,jpeg30
0,so_fake_ood,real,,test_ood,a0f2d0cbcb7f922d,blur05
0,so_fake_ood,real,,test_ood,a0f2d0cbcb7f922d,blur10
0,so_fake_ood,real,,test_ood,a0f2d0cbcb7f922d,blur20
0,so_fake_ood,real,,test_ood,a0f2d0cbcb7f922d,resize05
0,so_fake_ood,real,,test_ood,a0f2d0cbcb7f922d,resize025
0,so_fake_ood,real,,test_ood,a0f2d0cbcb7f922d,noise002
0,so_fake_ood,real,,test_ood,a0f2d0cbcb7f922d,noise005
0,so_fake_ood,real,,test_ood,a0f2d0cbcb7f922d,noise01
0,so_fake_ood,real,,test_ood,a0f2d0cbcb7f922d,jitter02
0,so_fake_ood,real,,test_ood,a0f2d0cbcb7f922d,crop08
0,so_fake_ood,real,,test_ood,3f88401925cb39b6,clean
0,so_fake_ood,real,,test_ood,3f88401925cb39b6,jpeg90
0,so_fake_ood,real,,test_ood,3f88401925cb39b6,jpeg70
0,so_fake_ood,real,,test_ood,3f88401925cb39b6,jpeg50
0,so_fake_ood,real,,test_ood,3f88401925cb39b6,jpeg30
0,so_fake_ood,real,,test_ood,3f88401925cb39b6,blur05
0,so_fake_ood,real,,test_ood,3f88401925cb39b6,blur10
0,so_fake_ood,real,,test_ood,3f88401925cb39b6,blur20
0,so_fake_ood,real,,test_ood,3f88401925cb39b6,resize05
0,so_fake_ood,real,,test_ood,3f88401925cb39b6,resize025
0,so_fake_ood,real,,test_ood,3f88401925cb39b6,noise002
0,so_fake_ood,real,,test_ood,3f88401925cb39b6,noise005
0,so_fake_ood,real,,test_ood,3f88401925cb39b6,noise01
0,so_fake_ood,real,,test_ood,3f88401925cb39b6,jitter02
0,so_fake_ood,real,,test_ood,3f88401925cb39b6,crop08
0,so_fake_ood,real,,test_ood,be620eb0592a4398,clean
0,so_fake_ood,real,,test_ood,be620eb0592a4398,jpeg90
0,so_fake_ood,real,,test_ood,be620eb0592a4398,jpeg70
0,so_fake_ood,real,,test_ood,be620eb0592a4398,jpeg50
0,so_fake_ood,real,,test_ood,be620eb0592a4398,jpeg30
0,so_fake_ood,real,,test_ood,be620eb0592a4398,blur05
0,so_fake_ood,real,,test_ood,be620eb0592a4398,blur10
0,so_fake_ood,real,,test_ood,be620eb0592a4398,blur20
0,so_fake_ood,real,,test_ood,be620eb0592a4398,resize05
0,so_fake_ood,real,,test_ood,be620eb0592a4398,resize025
0,so_fake_ood,real,,test_ood,be620eb0592a4398,noise002
0,so_fake_ood,real,,test_ood,be620eb0592a4398,noise005
0,so_fake_ood,real,,test_ood,be620eb0592a4398,noise01
0,so_fake_ood,real,,test_ood,be620eb0592a4398,jitter02
0,so_fake_ood,real,,test_ood,be620eb0592a4398,crop08
0,so_fake_ood,real,,test_ood,f338ff30402e3840,clean
0,so_fake_ood,real,,test_ood,f338ff30402e3840,jpeg90
0,so_fake_ood,real,,test_ood,f338ff30402e3840,jpeg70
0,so_fake_ood,real,,test_ood,f338ff30402e3840,jpeg50
0,so_fake_ood,real,,test_ood,f338ff30402e3840,jpeg30
0,so_fake_ood,real,,test_ood,f338ff30402e3840,blur05
0,so_fake_ood,real,,test_ood,f338ff30402e3840,blur10
0,so_fake_ood,real,,test_ood,f338ff30402e3840,blur20
0,so_fake_ood,real,,test_ood,f338ff30402e3840,resize05
0,so_fake_ood,real,,test_ood,f338ff30402e3840,resize025
0,so_fake_ood,real,,test_ood,f338ff30402e3840,noise002
0,so_fake_ood,real,,test_ood,f338ff30402e3840,noise005
0,so_fake_ood,real,,test_ood,f338ff30402e3840,noise01
0,so_fake_ood,real,,test_ood,f338ff30402e3840,jitter02
0,so_fake_ood,real,,test_ood,f338ff30402e3840,crop08
0,so_fake_ood,real,,test_ood,5142ab77bb51e74e,clean
0,so_fake_ood,real,,test_ood,5142ab77bb51e74e,jpeg90
0,so_fake_ood,real,,test_ood,5142ab77bb51e74e,jpeg70
0,so_fake_ood,real,,test_ood,5142ab77bb51e74e,jpeg50
0,so_fake_ood,real,,test_ood,5142ab77bb51e74e,jpeg30
0,so_fake_ood,real,,test_ood,5142ab77bb51e74e,blur05
0,so_fake_ood,real,,test_ood,5142ab77bb51e74e,blur10
0,so_fake_ood,real,,test_ood,5142ab77bb51e74e,blur20
0,so_fake_ood,real,,test_ood,5142ab77bb51e74e,resize05
0,so_fake_ood,real,,test_ood,5142ab77bb51e74e,resize025
0,so_fake_ood,real,,test_ood,5142ab77bb51e74e,noise002
0,so_fake_ood,real,,test_ood,5142ab77bb51e74e,noise005
0,so_fake_ood,real,,test_ood,5142ab77bb51e74e,noise01
0,so_fake_ood,real,,test_ood,5142ab77bb51e74e,jitter02
0,so_fake_ood,real,,test_ood,5142ab77bb51e74e,crop08
0,so_fake_ood,real,,test_ood,cffec59a4f9074fa,clean
0,so_fake_ood,real,,test_ood,cffec59a4f9074fa,jpeg90
0,so_fake_ood,real,,test_ood,cffec59a4f9074fa,jpeg70
0,so_fake_ood,real,,test_ood,cffec59a4f9074fa,jpeg50
0,so_fake_ood,real,,test_ood,cffec59a4f9074fa,jpeg30
0,so_fake_ood,real,,test_ood,cffec59a4f9074fa,blur05
0,so_fake_ood,real,,test_ood,cffec59a4f9074fa,blur10
0,so_fake_ood,real,,test_ood,cffec59a4f9074fa,blur20
0,so_fake_ood,real,,test_ood,cffec59a4f9074fa,resize05
0,so_fake_ood,real,,test_ood,cffec59a4f9074fa,resize025
0,so_fake_ood,real,,test_ood,cffec59a4f9074fa,noise002
0,so_fake_ood,real,,test_ood,cffec59a4f9074fa,noise005
0,so_fake_ood,real,,test_ood,cffec59a4f9074fa,noise01
0,so_fake_ood,real,,test_ood,cffec59a4f9074fa,jitter02
0,so_fake_ood,real,,test_ood,cffec59a4f9074fa,crop08
0,so_fake_ood,real,,test_ood,6ee7a2c2c6ddbde9,clean
0,so_fake_ood,real,,test_ood,6ee7a2c2c6ddbde9,jpeg90
0,so_fake_ood,real,,test_ood,6ee7a2c2c6ddbde9,jpeg70
0,so_fake_ood,real,,test_ood,6ee7a2c2c6ddbde9,jpeg50
0,so_fake_ood,real,,test_ood,6ee7a2c2c6ddbde9,jpeg30
0,so_fake_ood,real,,test_ood,6ee7a2c2c6ddbde9,blur05
0,so_fake_ood,real,,test_ood,6ee7a2c2c6ddbde9,blur10
0,so_fake_ood,real,,test_ood,6ee7a2c2c6ddbde9,blur20
0,so_fake_ood,real,,test_ood,6ee7a2c2c6ddbde9,resize05
0,so_fake_ood,real,,test_ood,6ee7a2c2c6ddbde9,resize025
0,so_fake_ood,real,,test_ood,6ee7a2c2c6ddbde9,noise002
0,so_fake_ood,real,,test_ood,6ee7a2c2c6ddbde9,noise005
0,so_fake_ood,real,,test_ood,6ee7a2c2c6ddbde9,noise01
0,so_fake_ood,real,,test_ood,6ee7a2c2c6ddbde9,jitter02
0,so_fake_ood,real,,test_ood,6ee7a2c2c6ddbde9,crop08
0,so_fake_ood,real,,test_ood,f139599fb68cf960,clean
0,so_fake_ood,real,,test_ood,f139599fb68cf960,jpeg90
0,so_fake_ood,real,,test_ood,f139599fb68cf960,jpeg70
0,so_fake_ood,real,,test_ood,f139599fb68cf960,jpeg50
0,so_fake_ood,real,,test_ood,f139599fb68cf960,jpeg30
0,so_fake_ood,real,,test_ood,f139599fb68cf960,blur05
0,so_fake_ood,real,,test_ood,f139599fb68cf960,blur10
0,so_fake_ood,real,,test_ood,f139599fb68cf960,blur20
0,so_fake_ood,real,,test_ood,f139599fb68cf960,resize05
0,so_fake_ood,real,,test_ood,f139599fb68cf960,resize025
0,so_fake_ood,real,,test_ood,f139599fb68cf960,noise002
0,so_fake_ood,real,,test_ood,f139599fb68cf960,noise005
0,so_fake_ood,real,,test_ood,f139599fb68cf960,noise01
0,so_fake_ood,real,,test_ood,f139599fb68cf960,jitter02
0,so_fake_ood,real,,test_ood,f139599fb68cf960,crop08
0,so_fake_ood,real,,test_ood,9cb782593c444812,clean
0,so_fake_ood,real,,test_ood,9cb782593c444812,jpeg90
0,so_fake_ood,real,,test_ood,9cb782593c444812,jpeg70
0,so_fake_ood,real,,test_ood,9cb782593c444812,jpeg50
0,so_fake_ood,real,,test_ood,9cb782593c444812,jpeg30
0,so_fake_ood,real,,test_ood,9cb782593c444812,blur05
0,so_fake_ood,real,,test_ood,9cb782593c444812,blur10
0,so_fake_ood,real,,test_ood,9cb782593c444812,blur20
0,so_fake_ood,real,,test_ood,9cb782593c444812,resize05
0,so_fake_ood,real,,test_ood,9cb782593c444812,resize025
0,so_fake_ood,real,,test_ood,9cb782593c444812,noise002
0,so_fake_ood,real,,test_ood,9cb782593c444812,noise005
0,so_fake_ood,real,,test_ood,9cb782593c444812,noise01
0,so_fake_ood,real,,test_ood,9cb782593c444812,jitter02
0,so_fake_ood,real,,test_ood,9cb782593c444812,crop08
0,so_fake_ood,real,,test_ood,f59b86099a81ca0e,clean
0,so_fake_ood,real,,test_ood,f59b86099a81ca0e,jpeg90
0,so_fake_ood,real,,test_ood,f59b86099a81ca0e,jpeg70
0,so_fake_ood,real,,test_ood,f59b86099a81ca0e,jpeg50
0,so_fake_ood,real,,test_ood,f59b86099a81ca0e,jpeg30
0,so_fake_ood,real,,test_ood,f59b86099a81ca0e,blur05
0,so_fake_ood,real,,test_ood,f59b86099a81ca0e,blur10
0,so_fake_ood,real,,test_ood,f59b86099a81ca0e,blur20
0,so_fake_ood,real,,test_ood,f59b86099a81ca0e,resize05
0,so_fake_ood,real,,test_ood,f59b86099a81ca0e,resize025
0,so_fake_ood,real,,test_ood,f59b86099a81ca0e,noise002
0,so_fake_ood,real,,test_ood,f59b86099a81ca0e,noise005
0,so_fake_ood,real,,test_ood,f59b86099a81ca0e,noise01
0,so_fake_ood,real,,test_ood,f59b86099a81ca0e,jitter02
0,so_fake_ood,real,,test_ood,f59b86099a81ca0e,crop08
0,so_fake_ood,real,,test_ood,ff4ab0275a852023,clean
0,so_fake_ood,real,,test_ood,ff4ab0275a852023,jpeg90
0,so_fake_ood,real,,test_ood,ff4ab0275a852023,jpeg70
0,so_fake_ood,real,,test_ood,ff4ab0275a852023,jpeg50
0,so_fake_ood,real,,test_ood,ff4ab0275a852023,jpeg30
0,so_fake_ood,real,,test_ood,ff4ab0275a852023,blur05
0,so_fake_ood,real,,test_ood,ff4ab0275a852023,blur10
0,so_fake_ood,real,,test_ood,ff4ab0275a852023,blur20
0,so_fake_ood,real,,test_ood,ff4ab0275a852023,resize05
0,so_fake_ood,real,,test_ood,ff4ab0275a852023,resize025
0,so_fake_ood,real,,test_ood,ff4ab0275a852023,noise002
0,so_fake_ood,real,,test_ood,ff4ab0275a852023,noise005
0,so_fake_ood,real,,test_ood,ff4ab0275a852023,noise01
0,so_fake_ood,real,,test_ood,ff4ab0275a852023,jitter02
0,so_fake_ood,real,,test_ood,ff4ab0275a852023,crop08
0,so_fake_ood,real,,test_ood,b7f1ed5151724e19,clean
0,so_fake_ood,real,,test_ood,b7f1ed5151724e19,jpeg90
0,so_fake_ood,real,,test_ood,b7f1ed5151724e19,jpeg70
0,so_fake_ood,real,,test_ood,b7f1ed5151724e19,jpeg50
0,so_fake_ood,real,,test_ood,b7f1ed5151724e19,jpeg30
0,so_fake_ood,real,,test_ood,b7f1ed5151724e19,blur05
0,so_fake_ood,real,,test_ood,b7f1ed5151724e19,blur10
0,so_fake_ood,real,,test_ood,b7f1ed5151724e19,blur20
0,so_fake_ood,real,,test_ood,b7f1ed5151724e19,resize05
0,so_fake_ood,real,,test_ood,b7f1ed5151724e19,resize025
0,so_fake_ood,real,,test_ood,b7f1ed5151724e19,noise002
0,so_fake_ood,real,,test_ood,b7f1ed5151724e19,noise005
0,so_fake_ood,real,,test_ood,b7f1ed5151724e19,noise01
0,so_fake_ood,real,,test_ood,b7f1ed5151724e19,jitter02
0,so_fake_ood,real,,test_ood,b7f1ed5151724e19,crop08
0,so_fake_ood,real,,test_ood,196fb03228ca16da,clean
0,so_fake_ood,real,,test_ood,196fb03228ca16da,jpeg90
0,so_fake_ood,real,,test_ood,196fb03228ca16da,jpeg70
0,so_fake_ood,real,,test_ood,196fb03228ca16da,jpeg50
0,so_fake_ood,real,,test_ood,196fb03228ca16da,jpeg30
0,so_fake_ood,real,,test_ood,196fb03228ca16da,blur05
0,so_fake_ood,real,,test_ood,196fb03228ca16da,blur10
0,so_fake_ood,real,,test_ood,196fb03228ca16da,blur20
0,so_fake_ood,real,,test_ood,196fb03228ca16da,resize05
0,so_fake_ood,real,,test_ood,196fb03228ca16da,resize025
0,so_fake_ood,real,,test_ood,196fb03228ca16da,noise002
0,so_fake_ood,real,,test_ood,196fb03228ca16da,noise005
0,so_fake_ood,real,,test_ood,196fb03228ca16da,noise01
0,so_fake_ood,real,,test_ood,196fb03228ca16da,jitter02
0,so_fake_ood,real,,test_ood,196fb03228ca16da,crop08
0,so_fake_ood,real,,test_ood,a9c1bb165318a330,clean
0,so_fake_ood,real,,test_ood,a9c1bb165318a330,jpeg90
0,so_fake_ood,real,,test_ood,a9c1bb165318a330,jpeg70
0,so_fake_ood,real,,test_ood,a9c1bb165318a330,jpeg50
0,so_fake_ood,real,,test_ood,a9c1bb165318a330,jpeg30
0,so_fake_ood,real,,test_ood,a9c1bb165318a330,blur05
0,so_fake_ood,real,,test_ood,a9c1bb165318a330,blur10
0,so_fake_ood,real,,test_ood,a9c1bb165318a330,blur20
0,so_fake_ood,real,,test_ood,a9c1bb165318a330,resize05
0,so_fake_ood,real,,test_ood,a9c1bb165318a330,resize025
0,so_fake_ood,real,,test_ood,a9c1bb165318a330,noise002
0,so_fake_ood,real,,test_ood,a9c1bb165318a330,noise005
0,so_fake_ood,real,,test_ood,a9c1bb165318a330,noise01
0,so_fake_ood,real,,test_ood,a9c1bb165318a330,jitter02
0,so_fake_ood,real,,test_ood,a9c1bb165318a330,crop08
0,so_fake_ood,real,,test_ood,028a95e29163a062,clean
0,so_fake_ood,real,,test_ood,028a95e29163a062,jpeg90
0,so_fake_ood,real,,test_ood,028a95e29163a062,jpeg70
0,so_fake_ood,real,,test_ood,028a95e29163a062,jpeg50
0,so_fake_ood,real,,test_ood,028a95e29163a062,jpeg30
0,so_fake_ood,real,,test_ood,028a95e29163a062,blur05
0,so_fake_ood,real,,test_ood,028a95e29163a062,blur10
0,so_fake_ood,real,,test_ood,028a95e29163a062,blur20
0,so_fake_ood,real,,test_ood,028a95e29163a062,resize05
0,so_fake_ood,real,,test_ood,028a95e29163a062,resize025
0,so_fake_ood,real,,test_ood,028a95e29163a062,noise002
0,so_fake_ood,real,,test_ood,028a95e29163a062,noise005
0,so_fake_ood,real,,test_ood,028a95e29163a062,noise01
0,so_fake_ood,real,,test_ood,028a95e29163a062,jitter02
0,so_fake_ood,real,,test_ood,028a95e29163a062,crop08
0,so_fake_ood,real,,test_ood,397985b3d3b8c078,clean
0,so_fake_ood,real,,test_ood,397985b3d3b8c078,jpeg90
0,so_fake_ood,real,,test_ood,397985b3d3b8c078,jpeg70
0,so_fake_ood,real,,test_ood,397985b3d3b8c078,jpeg50
0,so_fake_ood,real,,test_ood,397985b3d3b8c078,jpeg30
0,so_fake_ood,real,,test_ood,397985b3d3b8c078,blur05
0,so_fake_ood,real,,test_ood,397985b3d3b8c078,blur10
0,so_fake_ood,real,,test_ood,397985b3d3b8c078,blur20
0,so_fake_ood,real,,test_ood,397985b3d3b8c078,resize05
0,so_fake_ood,real,,test_ood,397985b3d3b8c078,resize025
0,so_fake_ood,real,,test_ood,397985b3d3b8c078,noise002
0,so_fake_ood,real,,test_ood,397985b3d3b8c078,noise005
0,so_fake_ood,real,,test_ood,397985b3d3b8c078,noise01
0,so_fake_ood,real,,test_ood,397985b3d3b8c078,jitter02
0,so_fake_ood,real,,test_ood,397985b3d3b8c078,crop08
0,so_fake_ood,real,,test_ood,c9df38be34ef9337,clean
0,so_fake_ood,real,,test_ood,c9df38be34ef9337,jpeg90
0,so_fake_ood,real,,test_ood,c9df38be34ef9337,jpeg70
0,so_fake_ood,real,,test_ood,c9df38be34ef9337,jpeg50
0,so_fake_ood,real,,test_ood,c9df38be34ef9337,jpeg30
0,so_fake_ood,real,,test_ood,c9df38be34ef9337,blur05
0,so_fake_ood,real,,test_ood,c9df38be34ef9337,blur10
0,so_fake_ood,real,,test_ood,c9df38be34ef9337,blur20
0,so_fake_ood,real,,test_ood,c9df38be34ef9337,resize05
0,so_fake_ood,real,,test_ood,c9df38be34ef9337,resize025
0,so_fake_ood,real,,test_ood,c9df38be34ef9337,noise002
0,so_fake_ood,real,,test_ood,c9df38be34ef9337,noise005
0,so_fake_ood,real,,test_ood,c9df38be34ef9337,noise01
0,so_fake_ood,real,,test_ood,c9df38be34ef9337,jitter02
0,so_fake_ood,real,,test_ood,c9df38be34ef9337,crop08
0,so_fake_ood,real,,test_ood,1cd0481db6d1f0ca,clean
0,so_fake_ood,real,,test_ood,1cd0481db6d1f0ca,jpeg90
0,so_fake_ood,real,,test_ood,1cd0481db6d1f0ca,jpeg70
0,so_fake_ood,real,,test_ood,1cd0481db6d1f0ca,jpeg50
0,so_fake_ood,real,,test_ood,1cd0481db6d1f0ca,jpeg30
0,so_fake_ood,real,,test_ood,1cd0481db6d1f0ca,blur05
0,so_fake_ood,real,,test_ood,1cd0481db6d1f0ca,blur10
0,so_fake_ood,real,,test_ood,1cd0481db6d1f0ca,blur20
0,so_fake_ood,real,,test_ood,1cd0481db6d1f0ca,resize05
0,so_fake_ood,real,,test_ood,1cd0481db6d1f0ca,resize025
0,so_fake_ood,real,,test_ood,1cd0481db6d1f0ca,noise002
0,so_fake_ood,real,,test_ood,1cd0481db6d1f0ca,noise005
0,so_fake_ood,real,,test_ood,1cd0481db6d1f0ca,noise01
0,so_fake_ood,real,,test_ood,1cd0481db6d1f0ca,jitter02
0,so_fake_ood,real,,test_ood,1cd0481db6d1f0ca,crop08
0,so_fake_ood,real,,test_ood,7e79ea58c8f06e01,clean
0,so_fake_ood,real,,test_ood,7e79ea58c8f06e01,jpeg90
0,so_fake_ood,real,,test_ood,7e79ea58c8f06e01,jpeg70
0,so_fake_ood,real,,test_ood,7e79ea58c8f06e01,jpeg50
0,so_fake_ood,real,,test_ood,7e79ea58c8f06e01,jpeg30
0,so_fake_ood,real,,test_ood,7e79ea58c8f06e01,blur05
0,so_fake_ood,real,,test_ood,7e79ea58c8f06e01,blur10
0,so_fake_ood,real,,test_ood,7e79ea58c8f06e01,blur20
0,so_fake_ood,real,,test_ood,7e79ea58c8f06e01,resize05
0,so_fake_ood,real,,test_ood,7e79ea58c8f06e01,resize025
0,so_fake_ood,real,,test_ood,7e79ea58c8f06e01,noise002
0,so_fake_ood,real,,test_ood,7e79ea58c8f06e01,noise005
0,so_fake_ood,real,,test_ood,7e79ea58c8f06e01,noise01
0,so_fake_ood,real,,test_ood,7e79ea58c8f06e01,jitter02
0,so_fake_ood,real,,test_ood,7e79ea58c8f06e01,crop08
0,so_fake_ood,real,,test_ood,724cdf89da00f694,clean
0,so_fake_ood,real,,test_ood,724cdf89da00f694,jpeg90
0,so_fake_ood,real,,test_ood,724cdf89da00f694,jpeg70
0,so_fake_ood,real,,test_ood,724cdf89da00f694,jpeg50
0,so_fake_ood,real,,test_ood,724cdf89da00f694,jpeg30
0,so_fake_ood,real,,test_ood,724cdf89da00f694,blur05
0,so_fake_ood,real,,test_ood,724cdf89da00f694,blur10
0,so_fake_ood,real,,test_ood,724cdf89da00f694,blur20
0,so_fake_ood,real,,test_ood,724cdf89da00f694,resize05
0,so_fake_ood,real,,test_ood,724cdf89da00f694,resize025
0,so_fake_ood,real,,test_ood,724cdf89da00f694,noise002
0,so_fake_ood,real,,test_ood,724cdf89da00f694,noise005
0,so_fake_ood,real,,test_ood,724cdf89da00f694,noise01
0,so_fake_ood,real,,test_ood,724cdf89da00f694,jitter02
0,so_fake_ood,real,,test_ood,724cdf89da00f694,crop08
0,so_fake_ood,real,,test_ood,8353da1a580d17e9,clean
0,so_fake_ood,real,,test_ood,8353da1a580d17e9,jpeg90
0,so_fake_ood,real,,test_ood,8353da1a580d17e9,jpeg70
0,so_fake_ood,real,,test_ood,8353da1a580d17e9,jpeg50
0,so_fake_ood,real,,test_ood,8353da1a580d17e9,jpeg30
0,so_fake_ood,real,,test_ood,8353da1a580d17e9,blur05
0,so_fake_ood,real,,test_ood,8353da1a580d17e9,blur10
0,so_fake_ood,real,,test_ood,8353da1a580d17e9,blur20
0,so_fake_ood,real,,test_ood,8353da1a580d17e9,resize05
0,so_fake_ood,real,,test_ood,8353da1a580d17e9,resize025
0,so_fake_ood,real,,test_ood,8353da1a580d17e9,noise002
0,so_fake_ood,real,,test_ood,8353da1a580d17e9,noise005
0,so_fake_ood,real,,test_ood,8353da1a580d17e9,noise01
0,so_fake_ood,real,,test_ood,8353da1a580d17e9,jitter02
0,so_fake_ood,real,,test_ood,8353da1a580d17e9,crop08
0,so_fake_ood,real,,test_ood,15c75633b252cf1f,clean
0,so_fake_ood,real,,test_ood,15c75633b252cf1f,jpeg90
0,so_fake_ood,real,,test_ood,15c75633b252cf1f,jpeg70
0,so_fake_ood,real,,test_ood,15c75633b252cf1f,jpeg50
0,so_fake_ood,real,,test_ood,15c75633b252cf1f,jpeg30
0,so_fake_ood,real,,test_ood,15c75633b252cf1f,blur05
0,so_fake_ood,real,,test_ood,15c75633b252cf1f,blur10
0,so_fake_ood,real,,test_ood,15c75633b252cf1f,blur20
0,so_fake_ood,real,,test_ood,15c75633b252cf1f,resize05
0,so_fake_ood,real,,test_ood,15c75633b252cf1f,resize025
0,so_fake_ood,real,,test_ood,15c75633b252cf1f,noise002
0,so_fake_ood,real,,test_ood,15c75633b252cf1f,noise005
0,so_fake_ood,real,,test_ood,15c75633b252cf1f,noise01
0,so_fake_ood,real,,test_ood,15c75633b252cf1f,jitter02
0,so_fake_ood,real,,test_ood,15c75633b252cf1f,crop08
0,so_fake_ood,real,,test_ood,93bc053ca562b76b,clean
0,so_fake_ood,real,,test_ood,93bc053ca562b76b,jpeg90
0,so_fake_ood,real,,test_ood,93bc053ca562b76b,jpeg70
0,so_fake_ood,real,,test_ood,93bc053ca562b76b,jpeg50
0,so_fake_ood,real,,test_ood,93bc053ca562b76b,jpeg30
0,so_fake_ood,real,,test_ood,93bc053ca562b76b,blur05
0,so_fake_ood,real,,test_ood,93bc053ca562b76b,blur10
0,so_fake_ood,real,,test_ood,93bc053ca562b76b,blur20
0,so_fake_ood,real,,test_ood,93bc053ca562b76b,resize05
0,so_fake_ood,real,,test_ood,93bc053ca562b76b,resize025
0,so_fake_ood,real,,test_ood,93bc053ca562b76b,noise002
0,so_fake_ood,real,,test_ood,93bc053ca562b76b,noise005
0,so_fake_ood,real,,test_ood,93bc053ca562b76b,noise01
0,so_fake_ood,real,,test_ood,93bc053ca562b76b,jitter02
0,so_fake_ood,real,,test_ood,93bc053ca562b76b,crop08
0,so_fake_ood,real,,test_ood,d0feb15e181cd704,clean
0,so_fake_ood,real,,test_ood,d0feb15e181cd704,jpeg90
0,so_fake_ood,real,,test_ood,d0feb15e181cd704,jpeg70
0,so_fake_ood,real,,test_ood,d0feb15e181cd704,jpeg50
0,so_fake_ood,real,,test_ood,d0feb15e181cd704,jpeg30
0,so_fake_ood,real,,test_ood,d0feb15e181cd704,blur05
0,so_fake_ood,real,,test_ood,d0feb15e181cd704,blur10
0,so_fake_ood,real,,test_ood,d0feb15e181cd704,blur20
0,so_fake_ood,real,,test_ood,d0feb15e181cd704,resize05
0,so_fake_ood,real,,test_ood,d0feb15e181cd704,resize025
0,so_fake_ood,real,,test_ood,d0feb15e181cd704,noise002
0,so_fake_ood,real,,test_ood,d0feb15e181cd704,noise005
0,so_fake_ood,real,,test_ood,d0feb15e181cd704,noise01
0,so_fake_ood,real,,test_ood,d0feb15e181cd704,jitter02
0,so_fake_ood,real,,test_ood,d0feb15e181cd704,crop08
0,so_fake_ood,real,,test_ood,76877d6a3cd42124,clean
0,so_fake_ood,real,,test_ood,76877d6a3cd42124,jpeg90
0,so_fake_ood,real,,test_ood,76877d6a3cd42124,jpeg70
0,so_fake_ood,real,,test_ood,76877d6a3cd42124,jpeg50
0,so_fake_ood,real,,test_ood,76877d6a3cd42124,jpeg30
0,so_fake_ood,real,,test_ood,76877d6a3cd42124,blur05
0,so_fake_ood,real,,test_ood,76877d6a3cd42124,blur10
0,so_fake_ood,real,,test_ood,76877d6a3cd42124,blur20
0,so_fake_ood,real,,test_ood,76877d6a3cd42124,resize05
0,so_fake_ood,real,,test_ood,76877d6a3cd42124,resize025
0,so_fake_ood,real,,test_ood,76877d6a3cd42124,noise002
0,so_fake_ood,real,,test_ood,76877d6a3cd42124,noise005
0,so_fake_ood,real,,test_ood,76877d6a3cd42124,noise01
0,so_fake_ood,real,,test_ood,76877d6a3cd42124,jitter02
0,so_fake_ood,real,,test_ood,76877d6a3cd42124,crop08
0,so_fake_ood,real,,test_ood,8729e80dfe707055,clean
0,so_fake_ood,real,,test_ood,8729e80dfe707055,jpeg90
0,so_fake_ood,real,,test_ood,8729e80dfe707055,jpeg70
0,so_fake_ood,real,,test_ood,8729e80dfe707055,jpeg50
0,so_fake_ood,real,,test_ood,8729e80dfe707055,jpeg30
0,so_fake_ood,real,,test_ood,8729e80dfe707055,blur05
0,so_fake_ood,real,,test_ood,8729e80dfe707055,blur10
0,so_fake_ood,real,,test_ood,8729e80dfe707055,blur20
0,so_fake_ood,real,,test_ood,8729e80dfe707055,resize05
0,so_fake_ood,real,,test_ood,8729e80dfe707055,resize025
0,so_fake_ood,real,,test_ood,8729e80dfe707055,noise002
0,so_fake_ood,real,,test_ood,8729e80dfe707055,noise005
0,so_fake_ood,real,,test_ood,8729e80dfe707055,noise01
0,so_fake_ood,real,,test_ood,8729e80dfe707055,jitter02
0,so_fake_ood,real,,test_ood,8729e80dfe707055,crop08
0,so_fake_ood,real,,test_ood,bca1a26c71ce017a,clean
0,so_fake_ood,real,,test_ood,bca1a26c71ce017a,jpeg90
0,so_fake_ood,real,,test_ood,bca1a26c71ce017a,jpeg70
0,so_fake_ood,real,,test_ood,bca1a26c71ce017a,jpeg50
0,so_fake_ood,real,,test_ood,bca1a26c71ce017a,jpeg30
0,so_fake_ood,real,,test_ood,bca1a26c71ce017a,blur05
0,so_fake_ood,real,,test_ood,bca1a26c71ce017a,blur10
0,so_fake_ood,real,,test_ood,bca1a26c71ce017a,blur20
0,so_fake_ood,real,,test_ood,bca1a26c71ce017a,resize05
0,so_fake_ood,real,,test_ood,bca1a26c71ce017a,resize025
0,so_fake_ood,real,,test_ood,bca1a26c71ce017a,noise002
0,so_fake_ood,real,,test_ood,bca1a26c71ce017a,noise005
0,so_fake_ood,real,,test_ood,bca1a26c71ce017a,noise01
0,so_fake_ood,real,,test_ood,bca1a26c71ce017a,jitter02
0,so_fake_ood,real,,test_ood,bca1a26c71ce017a,crop08
0,so_fake_ood,real,,test_ood,77ab2ebc2fde1fbc,clean
0,so_fake_ood,real,,test_ood,77ab2ebc2fde1fbc,jpeg90
0,so_fake_ood,real,,test_ood,77ab2ebc2fde1fbc,jpeg70
0,so_fake_ood,real,,test_ood,77ab2ebc2fde1fbc,jpeg50
0,so_fake_ood,real,,test_ood,77ab2ebc2fde1fbc,jpeg30
0,so_fake_ood,real,,test_ood,77ab2ebc2fde1fbc,blur05
0,so_fake_ood,real,,test_ood,77ab2ebc2fde1fbc,blur10
0,so_fake_ood,real,,test_ood,77ab2ebc2fde1fbc,blur20
0,so_fake_ood,real,,test_ood,77ab2ebc2fde1fbc,resize05
0,so_fake_ood,real,,test_ood,77ab2ebc2fde1fbc,resize025
0,so_fake_ood,real,,test_ood,77ab2ebc2fde1fbc,noise002
0,so_fake_ood,real,,test_ood,77ab2ebc2fde1fbc,noise005
0,so_fake_ood,real,,test_ood,77ab2ebc2fde1fbc,noise01
0,so_fake_ood,real,,test_ood,77ab2ebc2fde1fbc,jitter02
0,so_fake_ood,real,,test_ood,77ab2ebc2fde1fbc,crop08
0,so_fake_ood,real,,test_ood,53dff6fc2a7ba2a0,clean
0,so_fake_ood,real,,test_ood,53dff6fc2a7ba2a0,jpeg90
0,so_fake_ood,real,,test_ood,53dff6fc2a7ba2a0,jpeg70
0,so_fake_ood,real,,test_ood,53dff6fc2a7ba2a0,jpeg50
0,so_fake_ood,real,,test_ood,53dff6fc2a7ba2a0,jpeg30
0,so_fake_ood,real,,test_ood,53dff6fc2a7ba2a0,blur05
0,so_fake_ood,real,,test_ood,53dff6fc2a7ba2a0,blur10
0,so_fake_ood,real,,test_ood,53dff6fc2a7ba2a0,blur20
0,so_fake_ood,real,,test_ood,53dff6fc2a7ba2a0,resize05
0,so_fake_ood,real,,test_ood,53dff6fc2a7ba2a0,resize025
0,so_fake_ood,real,,test_ood,53dff6fc2a7ba2a0,noise002
0,so_fake_ood,real,,test_ood,53dff6fc2a7ba2a0,noise005
0,so_fake_ood,real,,test_ood,53dff6fc2a7ba2a0,noise01
0,so_fake_ood,real,,test_ood,53dff6fc2a7ba2a0,jitter02
0,so_fake_ood,real,,test_ood,53dff6fc2a7ba2a0,crop08
0,so_fake_ood,real,,test_ood,8398c153d673236a,clean
0,so_fake_ood,real,,test_ood,8398c153d673236a,jpeg90
0,so_fake_ood,real,,test_ood,8398c153d673236a,jpeg70
0,so_fake_ood,real,,test_ood,8398c153d673236a,jpeg50
0,so_fake_ood,real,,test_ood,8398c153d673236a,jpeg30
0,so_fake_ood,real,,test_ood,8398c153d673236a,blur05
0,so_fake_ood,real,,test_ood,8398c153d673236a,blur10
0,so_fake_ood,real,,test_ood,8398c153d673236a,blur20
0,so_fake_ood,real,,test_ood,8398c153d673236a,resize05
0,so_fake_ood,real,,test_ood,8398c153d673236a,resize025
0,so_fake_ood,real,,test_ood,8398c153d673236a,noise002
0,so_fake_ood,real,,test_ood,8398c153d673236a,noise005
0,so_fake_ood,real,,test_ood,8398c153d673236a,noise01
0,so_fake_ood,real,,test_ood,8398c153d673236a,jitter02
0,so_fake_ood,real,,test_ood,8398c153d673236a,crop08
0,so_fake_ood,real,,test_ood,cffd422559c24c2c,clean
0,so_fake_ood,real,,test_ood,cffd422559c24c2c,jpeg90
0,so_fake_ood,real,,test_ood,cffd422559c24c2c,jpeg70
0,so_fake_ood,real,,test_ood,cffd422559c24c2c,jpeg50
0,so_fake_ood,real,,test_ood,cffd422559c24c2c,jpeg30
0,so_fake_ood,real,,test_ood,cffd422559c24c2c,blur05
0,so_fake_ood,real,,test_ood,cffd422559c24c2c,blur10
0,so_fake_ood,real,,test_ood,cffd422559c24c2c,blur20
0,so_fake_ood,real,,test_ood,cffd422559c24c2c,resize05
0,so_fake_ood,real,,test_ood,cffd422559c24c2c,resize025
0,so_fake_ood,real,,test_ood,cffd422559c24c2c,noise002
0,so_fake_ood,real,,test_ood,cffd422559c24c2c,noise005
0,so_fake_ood,real,,test_ood,cffd422559c24c2c,noise01
0,so_fake_ood,real,,test_ood,cffd422559c24c2c,jitter02
0,so_fake_ood,real,,test_ood,cffd422559c24c2c,crop08
0,so_fake_ood,real,,test_ood,9b7322199078f550,clean
0,so_fake_ood,real,,test_ood,9b7322199078f550,jpeg90
0,so_fake_ood,real,,test_ood,9b7322199078f550,jpeg70
0,so_fake_ood,real,,test_ood,9b7322199078f550,jpeg50
0,so_fake_ood,real,,test_ood,9b7322199078f550,jpeg30
0,so_fake_ood,real,,test_ood,9b7322199078f550,blur05
0,so_fake_ood,real,,test_ood,9b7322199078f550,blur10
0,so_fake_ood,real,,test_ood,9b7322199078f550,blur20
0,so_fake_ood,real,,test_ood,9b7322199078f550,resize05
0,so_fake_ood,real,,test_ood,9b7322199078f550,resize025
0,so_fake_ood,real,,test_ood,9b7322199078f550,noise002
0,so_fake_ood,real,,test_ood,9b7322199078f550,noise005
0,so_fake_ood,real,,test_ood,9b7322199078f550,noise01
0,so_fake_ood,real,,test_ood,9b7322199078f550,jitter02
0,so_fake_ood,real,,test_ood,9b7322199078f550,crop08
0,so_fake_ood,real,,test_ood,2d58c34e596b1a45,clean
0,so_fake_ood,real,,test_ood,2d58c34e596b1a45,jpeg90
0,so_fake_ood,real,,test_ood,2d58c34e596b1a45,jpeg70
0,so_fake_ood,real,,test_ood,2d58c34e596b1a45,jpeg50
0,so_fake_ood,real,,test_ood,2d58c34e596b1a45,jpeg30
0,so_fake_ood,real,,test_ood,2d58c34e596b1a45,blur05
0,so_fake_ood,real,,test_ood,2d58c34e596b1a45,blur10
0,so_fake_ood,real,,test_ood,2d58c34e596b1a45,blur20
0,so_fake_ood,real,,test_ood,2d58c34e596b1a45,resize05
0,so_fake_ood,real,,test_ood,2d58c34e596b1a45,resize025
0,so_fake_ood,real,,test_ood,2d58c34e596b1a45,noise002
0,so_fake_ood,real,,test_ood,2d58c34e596b1a45,noise005
0,so_fake_ood,real,,test_ood,2d58c34e596b1a45,noise01
0,so_fake_ood,real,,test_ood,2d58c34e596b1a45,jitter02
0,so_fake_ood,real,,test_ood,2d58c34e596b1a45,crop08
0,so_fake_ood,real,,test_ood,9ec33a63ac48023c,clean
0,so_fake_ood,real,,test_ood,9ec33a63ac48023c,jpeg90
0,so_fake_ood,real,,test_ood,9ec33a63ac48023c,jpeg70
0,so_fake_ood,real,,test_ood,9ec33a63ac48023c,jpeg50
0,so_fake_ood,real,,test_ood,9ec33a63ac48023c,jpeg30
0,so_fake_ood,real,,test_ood,9ec33a63ac48023c,blur05
0,so_fake_ood,real,,test_ood,9ec33a63ac48023c,blur10
0,so_fake_ood,real,,test_ood,9ec33a63ac48023c,blur20
0,so_fake_ood,real,,test_ood,9ec33a63ac48023c,resize05
0,so_fake_ood,real,,test_ood,9ec33a63ac48023c,resize025
0,so_fake_ood,real,,test_ood,9ec33a63ac48023c,noise002
0,so_fake_ood,real,,test_ood,9ec33a63ac48023c,noise005
0,so_fake_ood,real,,test_ood,9ec33a63ac48023c,noise01
0,so_fake_ood,real,,test_ood,9ec33a63ac48023c,jitter02
0,so_fake_ood,real,,test_ood,9ec33a63ac48023c,crop08
0,so_fake_ood,real,,test_ood,be831ad772a2962e,clean
0,so_fake_ood,real,,test_ood,be831ad772a2962e,jpeg90
0,so_fake_ood,real,,test_ood,be831ad772a2962e,jpeg70
0,so_fake_ood,real,,test_ood,be831ad772a2962e,jpeg50
0,so_fake_ood,real,,test_ood,be831ad772a2962e,jpeg30
0,so_fake_ood,real,,test_ood,be831ad772a2962e,blur05
0,so_fake_ood,real,,test_ood,be831ad772a2962e,blur10
0,so_fake_ood,real,,test_ood,be831ad772a2962e,blur20
0,so_fake_ood,real,,test_ood,be831ad772a2962e,resize05
0,so_fake_ood,real,,test_ood,be831ad772a2962e,resize025
0,so_fake_ood,real,,test_ood,be831ad772a2962e,noise002
0,so_fake_ood,real,,test_ood,be831ad772a2962e,noise005
0,so_fake_ood,real,,test_ood,be831ad772a2962e,noise01
0,so_fake_ood,real,,test_ood,be831ad772a2962e,jitter02
0,so_fake_ood,real,,test_ood,be831ad772a2962e,crop08
0,so_fake_ood,real,,test_ood,72c5d9a9a0b2aa7f,clean
0,so_fake_ood,real,,test_ood,72c5d9a9a0b2aa7f,jpeg90
0,so_fake_ood,real,,test_ood,72c5d9a9a0b2aa7f,jpeg70
0,so_fake_ood,real,,test_ood,72c5d9a9a0b2aa7f,jpeg50
0,so_fake_ood,real,,test_ood,72c5d9a9a0b2aa7f,jpeg30
0,so_fake_ood,real,,test_ood,72c5d9a9a0b2aa7f,blur05
0,so_fake_ood,real,,test_ood,72c5d9a9a0b2aa7f,blur10
0,so_fake_ood,real,,test_ood,72c5d9a9a0b2aa7f,blur20
0,so_fake_ood,real,,test_ood,72c5d9a9a0b2aa7f,resize05
0,so_fake_ood,real,,test_ood,72c5d9a9a0b2aa7f,resize025
0,so_fake_ood,real,,test_ood,72c5d9a9a0b2aa7f,noise002
0,so_fake_ood,real,,test_ood,72c5d9a9a0b2aa7f,noise005
0,so_fake_ood,real,,test_ood,72c5d9a9a0b2aa7f,noise01
0,so_fake_ood,real,,test_ood,72c5d9a9a0b2aa7f,jitter02
0,so_fake_ood,real,,test_ood,72c5d9a9a0b2aa7f,crop08
0,so_fake_ood,real,,test_ood,d6827736ad353e4b,clean
0,so_fake_ood,real,,test_ood,d6827736ad353e4b,jpeg90
0,so_fake_ood,real,,test_ood,d6827736ad353e4b,jpeg70
0,so_fake_ood,real,,test_ood,d6827736ad353e4b,jpeg50
0,so_fake_ood,real,,test_ood,d6827736ad353e4b,jpeg30
0,so_fake_ood,real,,test_ood,d6827736ad353e4b,blur05
0,so_fake_ood,real,,test_ood,d6827736ad353e4b,blur10
0,so_fake_ood,real,,test_ood,d6827736ad353e4b,blur20
0,so_fake_ood,real,,test_ood,d6827736ad353e4b,resize05
0,so_fake_ood,real,,test_ood,d6827736ad353e4b,resize025
0,so_fake_ood,real,,test_ood,d6827736ad353e4b,noise002
0,so_fake_ood,real,,test_ood,d6827736ad353e4b,noise005
0,so_fake_ood,real,,test_ood,d6827736ad353e4b,noise01
0,so_fake_ood,real,,test_ood,d6827736ad353e4b,jitter02
0,so_fake_ood,real,,test_ood,d6827736ad353e4b,crop08
0,so_fake_ood,real,,test_ood,cc4f27234fd0a71e,clean
0,so_fake_ood,real,,test_ood,cc4f27234fd0a71e,jpeg90
0,so_fake_ood,real,,test_ood,cc4f27234fd0a71e,jpeg70
0,so_fake_ood,real,,test_ood,cc4f27234fd0a71e,jpeg50
0,so_fake_ood,real,,test_ood,cc4f27234fd0a71e,jpeg30
0,so_fake_ood,real,,test_ood,cc4f27234fd0a71e,blur05
0,so_fake_ood,real,,test_ood,cc4f27234fd0a71e,blur10
0,so_fake_ood,real,,test_ood,cc4f27234fd0a71e,blur20
0,so_fake_ood,real,,test_ood,cc4f27234fd0a71e,resize05
0,so_fake_ood,real,,test_ood,cc4f27234fd0a71e,resize025
0,so_fake_ood,real,,test_ood,cc4f27234fd0a71e,noise002
0,so_fake_ood,real,,test_ood,cc4f27234fd0a71e,noise005
0,so_fake_ood,real,,test_ood,cc4f27234fd0a71e,noise01
0,so_fake_ood,real,,test_ood,cc4f27234fd0a71e,jitter02
0,so_fake_ood,real,,test_ood,cc4f27234fd0a71e,crop08
0,so_fake_ood,real,,test_ood,2b2ebc81fd89c890,clean
0,so_fake_ood,real,,test_ood,2b2ebc81fd89c890,jpeg90
0,so_fake_ood,real,,test_ood,2b2ebc81fd89c890,jpeg70
0,so_fake_ood,real,,test_ood,2b2ebc81fd89c890,jpeg50
0,so_fake_ood,real,,test_ood,2b2ebc81fd89c890,jpeg30
0,so_fake_ood,real,,test_ood,2b2ebc81fd89c890,blur05
0,so_fake_ood,real,,test_ood,2b2ebc81fd89c890,blur10
0,so_fake_ood,real,,test_ood,2b2ebc81fd89c890,blur20
0,so_fake_ood,real,,test_ood,2b2ebc81fd89c890,resize05
0,so_fake_ood,real,,test_ood,2b2ebc81fd89c890,resize025
0,so_fake_ood,real,,test_ood,2b2ebc81fd89c890,noise002
0,so_fake_ood,real,,test_ood,2b2ebc81fd89c890,noise005
0,so_fake_ood,real,,test_ood,2b2ebc81fd89c890,noise01
0,so_fake_ood,real,,test_ood,2b2ebc81fd89c890,jitter02
0,so_fake_ood,real,,test_ood,2b2ebc81fd89c890,crop08
0,so_fake_ood,real,,test_ood,044dea68b60f7134,clean
0,so_fake_ood,real,,test_ood,044dea68b60f7134,jpeg90
0,so_fake_ood,real,,test_ood,044dea68b60f7134,jpeg70
0,so_fake_ood,real,,test_ood,044dea68b60f7134,jpeg50
0,so_fake_ood,real,,test_ood,044dea68b60f7134,jpeg30
0,so_fake_ood,real,,test_ood,044dea68b60f7134,blur05
0,so_fake_ood,real,,test_ood,044dea68b60f7134,blur10
0,so_fake_ood,real,,test_ood,044dea68b60f7134,blur20
0,so_fake_ood,real,,test_ood,044dea68b60f7134,resize05
0,so_fake_ood,real,,test_ood,044dea68b60f7134,resize025
0,so_fake_ood,real,,test_ood,044dea68b60f7134,noise002
0,so_fake_ood,real,,test_ood,044dea68b60f7134,noise005
0,so_fake_ood,real,,test_ood,044dea68b60f7134,noise01
0,so_fake_ood,real,,test_ood,044dea68b60f7134,jitter02
0,so_fake_ood,real,,test_ood,044dea68b60f7134,crop08
0,so_fake_ood,real,,test_ood,e48c2e1b5173bf65,clean
0,so_fake_ood,real,,test_ood,e48c2e1b5173bf65,jpeg90
0,so_fake_ood,real,,test_ood,e48c2e1b5173bf65,jpeg70
0,so_fake_ood,real,,test_ood,e48c2e1b5173bf65,jpeg50
0,so_fake_ood,real,,test_ood,e48c2e1b5173bf65,jpeg30
0,so_fake_ood,real,,test_ood,e48c2e1b5173bf65,blur05
0,so_fake_ood,real,,test_ood,e48c2e1b5173bf65,blur10
0,so_fake_ood,real,,test_ood,e48c2e1b5173bf65,blur20
0,so_fake_ood,real,,test_ood,e48c2e1b5173bf65,resize05
0,so_fake_ood,real,,test_ood,e48c2e1b5173bf65,resize025
0,so_fake_ood,real,,test_ood,e48c2e1b5173bf65,noise002
0,so_fake_ood,real,,test_ood,e48c2e1b5173bf65,noise005
0,so_fake_ood,real,,test_ood,e48c2e1b5173bf65,noise01
0,so_fake_ood,real,,test_ood,e48c2e1b5173bf65,jitter02
0,so_fake_ood,real,,test_ood,e48c2e1b5173bf65,crop08
0,so_fake_ood,real,,test_ood,0adf5f16dff73aeb,clean
0,so_fake_ood,real,,test_ood,0adf5f16dff73aeb,jpeg90
0,so_fake_ood,real,,test_ood,0adf5f16dff73aeb,jpeg70
0,so_fake_ood,real,,test_ood,0adf5f16dff73aeb,jpeg50
0,so_fake_ood,real,,test_ood,0adf5f16dff73aeb,jpeg30
0,so_fake_ood,real,,test_ood,0adf5f16dff73aeb,blur05
0,so_fake_ood,real,,test_ood,0adf5f16dff73aeb,blur10
0,so_fake_ood,real,,test_ood,0adf5f16dff73aeb,blur20
0,so_fake_ood,real,,test_ood,0adf5f16dff73aeb,resize05
0,so_fake_ood,real,,test_ood,0adf5f16dff73aeb,resize025
0,so_fake_ood,real,,test_ood,0adf5f16dff73aeb,noise002
0,so_fake_ood,real,,test_ood,0adf5f16dff73aeb,noise005
0,so_fake_ood,real,,test_ood,0adf5f16dff73aeb,noise01
0,so_fake_ood,real,,test_ood,0adf5f16dff73aeb,jitter02
0,so_fake_ood,real,,test_ood,0adf5f16dff73aeb,crop08
0,so_fake_ood,real,,test_ood,79871337f436d661,clean
0,so_fake_ood,real,,test_ood,79871337f436d661,jpeg90
0,so_fake_ood,real,,test_ood,79871337f436d661,jpeg70
0,so_fake_ood,real,,test_ood,79871337f436d661,jpeg50
0,so_fake_ood,real,,test_ood,79871337f436d661,jpeg30
0,so_fake_ood,real,,test_ood,79871337f436d661,blur05
0,so_fake_ood,real,,test_ood,79871337f436d661,blur10
0,so_fake_ood,real,,test_ood,79871337f436d661,blur20
0,so_fake_ood,real,,test_ood,79871337f436d661,resize05
0,so_fake_ood,real,,test_ood,79871337f436d661,resize025
0,so_fake_ood,real,,test_ood,79871337f436d661,noise002
0,so_fake_ood,real,,test_ood,79871337f436d661,noise005
0,so_fake_ood,real,,test_ood,79871337f436d661,noise01
0,so_fake_ood,real,,test_ood,79871337f436d661,jitter02
0,so_fake_ood,real,,test_ood,79871337f436d661,crop08
0,so_fake_ood,real,,test_ood,bb7f890b90795f59,clean
0,so_fake_ood,real,,test_ood,bb7f890b90795f59,jpeg90
0,so_fake_ood,real,,test_ood,bb7f890b90795f59,jpeg70
0,so_fake_ood,real,,test_ood,bb7f890b90795f59,jpeg50
0,so_fake_ood,real,,test_ood,bb7f890b90795f59,jpeg30
0,so_fake_ood,real,,test_ood,bb7f890b90795f59,blur05
0,so_fake_ood,real,,test_ood,bb7f890b90795f59,blur10
0,so_fake_ood,real,,test_ood,bb7f890b90795f59,blur20
0,so_fake_ood,real,,test_ood,bb7f890b90795f59,resize05
0,so_fake_ood,real,,test_ood,bb7f890b90795f59,resize025
0,so_fake_ood,real,,test_ood,bb7f890b90795f59,noise002
0,so_fake_ood,real,,test_ood,bb7f890b90795f59,noise005
0,so_fake_ood,real,,test_ood,bb7f890b90795f59,noise01
0,so_fake_ood,real,,test_ood,bb7f890b90795f59,jitter02
0,so_fake_ood,real,,test_ood,bb7f890b90795f59,crop08
0,so_fake_ood,real,,test_ood,c16ac0bbe1336e10,clean
0,so_fake_ood,real,,test_ood,c16ac0bbe1336e10,jpeg90
0,so_fake_ood,real,,test_ood,c16ac0bbe1336e10,jpeg70
0,so_fake_ood,real,,test_ood,c16ac0bbe1336e10,jpeg50
0,so_fake_ood,real,,test_ood,c16ac0bbe1336e10,jpeg30
0,so_fake_ood,real,,test_ood,c16ac0bbe1336e10,blur05
0,so_fake_ood,real,,test_ood,c16ac0bbe1336e10,blur10
0,so_fake_ood,real,,test_ood,c16ac0bbe1336e10,blur20
0,so_fake_ood,real,,test_ood,c16ac0bbe1336e10,resize05
0,so_fake_ood,real,,test_ood,c16ac0bbe1336e10,resize025
0,so_fake_ood,real,,test_ood,c16ac0bbe1336e10,noise002
0,so_fake_ood,real,,test_ood,c16ac0bbe1336e10,noise005
0,so_fake_ood,real,,test_ood,c16ac0bbe1336e10,noise01
0,so_fake_ood,real,,test_ood,c16ac0bbe1336e10,jitter02
0,so_fake_ood,real,,test_ood,c16ac0bbe1336e10,crop08
0,so_fake_ood,real,,test_ood,868caab8e993f419,clean
0,so_fake_ood,real,,test_ood,868caab8e993f419,jpeg90
0,so_fake_ood,real,,test_ood,868caab8e993f419,jpeg70
0,so_fake_ood,real,,test_ood,868caab8e993f419,jpeg50
0,so_fake_ood,real,,test_ood,868caab8e993f419,jpeg30
0,so_fake_ood,real,,test_ood,868caab8e993f419,blur05
0,so_fake_ood,real,,test_ood,868caab8e993f419,blur10
0,so_fake_ood,real,,test_ood,868caab8e993f419,blur20
0,so_fake_ood,real,,test_ood,868caab8e993f419,resize05
0,so_fake_ood,real,,test_ood,868caab8e993f419,resize025
0,so_fake_ood,real,,test_ood,868caab8e993f419,noise002
0,so_fake_ood,real,,test_ood,868caab8e993f419,noise005
0,so_fake_ood,real,,test_ood,868caab8e993f419,noise01
0,so_fake_ood,real,,test_ood,868caab8e993f419,jitter02
0,so_fake_ood,real,,test_ood,868caab8e993f419,crop08
0,so_fake_ood,real,,test_ood,21b05a9d7eb4f764,clean
0,so_fake_ood,real,,test_ood,21b05a9d7eb4f764,jpeg90
0,so_fake_ood,real,,test_ood,21b05a9d7eb4f764,jpeg70
0,so_fake_ood,real,,test_ood,21b05a9d7eb4f764,jpeg50
0,so_fake_ood,real,,test_ood,21b05a9d7eb4f764,jpeg30
0,so_fake_ood,real,,test_ood,21b05a9d7eb4f764,blur05
0,so_fake_ood,real,,test_ood,21b05a9d7eb4f764,blur10
0,so_fake_ood,real,,test_ood,21b05a9d7eb4f764,blur20
0,so_fake_ood,real,,test_ood,21b05a9d7eb4f764,resize05
0,so_fake_ood,real,,test_ood,21b05a9d7eb4f764,resize025
0,so_fake_ood,real,,test_ood,21b05a9d7eb4f764,noise002
0,so_fake_ood,real,,test_ood,21b05a9d7eb4f764,noise005
0,so_fake_ood,real,,test_ood,21b05a9d7eb4f764,noise01
0,so_fake_ood,real,,test_ood,21b05a9d7eb4f764,jitter02
0,so_fake_ood,real,,test_ood,21b05a9d7eb4f764,crop08
0,so_fake_ood,real,,test_ood,8f2f123ad31bc536,clean
0,so_fake_ood,real,,test_ood,8f2f123ad31bc536,jpeg90
0,so_fake_ood,real,,test_ood,8f2f123ad31bc536,jpeg70
0,so_fake_ood,real,,test_ood,8f2f123ad31bc536,jpeg50
0,so_fake_ood,real,,test_ood,8f2f123ad31bc536,jpeg30
0,so_fake_ood,real,,test_ood,8f2f123ad31bc536,blur05
0,so_fake_ood,real,,test_ood,8f2f123ad31bc536,blur10
0,so_fake_ood,real,,test_ood,8f2f123ad31bc536,blur20
0,so_fake_ood,real,,test_ood,8f2f123ad31bc536,resize05
0,so_fake_ood,real,,test_ood,8f2f123ad31bc536,resize025
0,so_fake_ood,real,,test_ood,8f2f123ad31bc536,noise002
0,so_fake_ood,real,,test_ood,8f2f123ad31bc536,noise005
0,so_fake_ood,real,,test_ood,8f2f123ad31bc536,noise01
0,so_fake_ood,real,,test_ood,8f2f123ad31bc536,jitter02
0,so_fake_ood,real,,test_ood,8f2f123ad31bc536,crop08
0,so_fake_ood,real,,test_ood,3fbde040c83771cb,clean
0,so_fake_ood,real,,test_ood,3fbde040c83771cb,jpeg90
0,so_fake_ood,real,,test_ood,3fbde040c83771cb,jpeg70
0,so_fake_ood,real,,test_ood,3fbde040c83771cb,jpeg50
0,so_fake_ood,real,,test_ood,3fbde040c83771cb,jpeg30
0,so_fake_ood,real,,test_ood,3fbde040c83771cb,blur05
0,so_fake_ood,real,,test_ood,3fbde040c83771cb,blur10
0,so_fake_ood,real,,test_ood,3fbde040c83771cb,blur20
0,so_fake_ood,real,,test_ood,3fbde040c83771cb,resize05
0,so_fake_ood,real,,test_ood,3fbde040c83771cb,resize025
0,so_fake_ood,real,,test_ood,3fbde040c83771cb,noise002
0,so_fake_ood,real,,test_ood,3fbde040c83771cb,noise005
0,so_fake_ood,real,,test_ood,3fbde040c83771cb,noise01
0,so_fake_ood,real,,test_ood,3fbde040c83771cb,jitter02
0,so_fake_ood,real,,test_ood,3fbde040c83771cb,crop08
0,so_fake_ood,real,,test_ood,b4ee337195d51e3a,clean
0,so_fake_ood,real,,test_ood,b4ee337195d51e3a,jpeg90
0,so_fake_ood,real,,test_ood,b4ee337195d51e3a,jpeg70
0,so_fake_ood,real,,test_ood,b4ee337195d51e3a,jpeg50
0,so_fake_ood,real,,test_ood,b4ee337195d51e3a,jpeg30
0,so_fake_ood,real,,test_ood,b4ee337195d51e3a,blur05
0,so_fake_ood,real,,test_ood,b4ee337195d51e3a,blur10
0,so_fake_ood,real,,test_ood,b4ee337195d51e3a,blur20
0,so_fake_ood,real,,test_ood,b4ee337195d51e3a,resize05
0,so_fake_ood,real,,test_ood,b4ee337195d51e3a,resize025
0,so_fake_ood,real,,test_ood,b4ee337195d51e3a,noise002
0,so_fake_ood,real,,test_ood,b4ee337195d51e3a,noise005
0,so_fake_ood,real,,test_ood,b4ee337195d51e3a,noise01
0,so_fake_ood,real,,test_ood,b4ee337195d51e3a,jitter02
0,so_fake_ood,real,,test_ood,b4ee337195d51e3a,crop08
0,so_fake_ood,real,,test_ood,3412b0a75de7bcb5,clean
0,so_fake_ood,real,,test_ood,3412b0a75de7bcb5,jpeg90
0,so_fake_ood,real,,test_ood,3412b0a75de7bcb5,jpeg70
0,so_fake_ood,real,,test_ood,3412b0a75de7bcb5,jpeg50
0,so_fake_ood,real,,test_ood,3412b0a75de7bcb5,jpeg30
0,so_fake_ood,real,,test_ood,3412b0a75de7bcb5,blur05
0,so_fake_ood,real,,test_ood,3412b0a75de7bcb5,blur10
0,so_fake_ood,real,,test_ood,3412b0a75de7bcb5,blur20
0,so_fake_ood,real,,test_ood,3412b0a75de7bcb5,resize05
0,so_fake_ood,real,,test_ood,3412b0a75de7bcb5,resize025
0,so_fake_ood,real,,test_ood,3412b0a75de7bcb5,noise002
0,so_fake_ood,real,,test_ood,3412b0a75de7bcb5,noise005
0,so_fake_ood,real,,test_ood,3412b0a75de7bcb5,noise01
0,so_fake_ood,real,,test_ood,3412b0a75de7bcb5,jitter02
0,so_fake_ood,real,,test_ood,3412b0a75de7bcb5,crop08
0,so_fake_ood,real,,test_ood,06e322c28d7f94f8,clean
0,so_fake_ood,real,,test_ood,06e322c28d7f94f8,jpeg90
0,so_fake_ood,real,,test_ood,06e322c28d7f94f8,jpeg70
0,so_fake_ood,real,,test_ood,06e322c28d7f94f8,jpeg50
0,so_fake_ood,real,,test_ood,06e322c28d7f94f8,jpeg30
0,so_fake_ood,real,,test_ood,06e322c28d7f94f8,blur05
0,so_fake_ood,real,,test_ood,06e322c28d7f94f8,blur10
0,so_fake_ood,real,,test_ood,06e322c28d7f94f8,blur20
0,so_fake_ood,real,,test_ood,06e322c28d7f94f8,resize05
0,so_fake_ood,real,,test_ood,06e322c28d7f94f8,resize025
0,so_fake_ood,real,,test_ood,06e322c28d7f94f8,noise002
0,so_fake_ood,real,,test_ood,06e322c28d7f94f8,noise005
0,so_fake_ood,real,,test_ood,06e322c28d7f94f8,noise01
0,so_fake_ood,real,,test_ood,06e322c28d7f94f8,jitter02
0,so_fake_ood,real,,test_ood,06e322c28d7f94f8,crop08
0,so_fake_ood,real,,test_ood,fae4fe367d4d9da2,clean
0,so_fake_ood,real,,test_ood,fae4fe367d4d9da2,jpeg90
0,so_fake_ood,real,,test_ood,fae4fe367d4d9da2,jpeg70
0,so_fake_ood,real,,test_ood,fae4fe367d4d9da2,jpeg50
0,so_fake_ood,real,,test_ood,fae4fe367d4d9da2,jpeg30
0,so_fake_ood,real,,test_ood,fae4fe367d4d9da2,blur05
0,so_fake_ood,real,,test_ood,fae4fe367d4d9da2,blur10
0,so_fake_ood,real,,test_ood,fae4fe367d4d9da2,blur20
0,so_fake_ood,real,,test_ood,fae4fe367d4d9da2,resize05
0,so_fake_ood,real,,test_ood,fae4fe367d4d9da2,resize025
0,so_fake_ood,real,,test_ood,fae4fe367d4d9da2,noise002
0,so_fake_ood,real,,test_ood,fae4fe367d4d9da2,noise005
0,so_fake_ood,real,,test_ood,fae4fe367d4d9da2,noise01
0,so_fake_ood,real,,test_ood,fae4fe367d4d9da2,jitter02
0,so_fake_ood,real,,test_ood,fae4fe367d4d9da2,crop08
0,so_fake_ood,real,,test_ood,0f565eca14fe7c0d,clean
0,so_fake_ood,real,,test_ood,0f565eca14fe7c0d,jpeg90
0,so_fake_ood,real,,test_ood,0f565eca14fe7c0d,jpeg70
0,so_fake_ood,real,,test_ood,0f565eca14fe7c0d,jpeg50
0,so_fake_ood,real,,test_ood,0f565eca14fe7c0d,jpeg30
0,so_fake_ood,real,,test_ood,0f565eca14fe7c0d,blur05
0,so_fake_ood,real,,test_ood,0f565eca14fe7c0d,blur10
0,so_fake_ood,real,,test_ood,0f565eca14fe7c0d,blur20
0,so_fake_ood,real,,test_ood,0f565eca14fe7c0d,resize05
0,so_fake_ood,real,,test_ood,0f565eca14fe7c0d,resize025
0,so_fake_ood,real,,test_ood,0f565eca14fe7c0d,noise002
0,so_fake_ood,real,,test_ood,0f565eca14fe7c0d,noise005
0,so_fake_ood,real,,test_ood,0f565eca14fe7c0d,noise01
0,so_fake_ood,real,,test_ood,0f565eca14fe7c0d,jitter02
0,so_fake_ood,real,,test_ood,0f565eca14fe7c0d,crop08
0,so_fake_ood,real,,test_ood,8e6f3e6dbf054d4d,clean
0,so_fake_ood,real,,test_ood,8e6f3e6dbf054d4d,jpeg90
0,so_fake_ood,real,,test_ood,8e6f3e6dbf054d4d,jpeg70
0,so_fake_ood,real,,test_ood,8e6f3e6dbf054d4d,jpeg50
0,so_fake_ood,real,,test_ood,8e6f3e6dbf054d4d,jpeg30
0,so_fake_ood,real,,test_ood,8e6f3e6dbf054d4d,blur05
0,so_fake_ood,real,,test_ood,8e6f3e6dbf054d4d,blur10
0,so_fake_ood,real,,test_ood,8e6f3e6dbf054d4d,blur20
0,so_fake_ood,real,,test_ood,8e6f3e6dbf054d4d,resize05
0,so_fake_ood,real,,test_ood,8e6f3e6dbf054d4d,resize025
0,so_fake_ood,real,,test_ood,8e6f3e6dbf054d4d,noise002
0,so_fake_ood,real,,test_ood,8e6f3e6dbf054d4d,noise005
0,so_fake_ood,real,,test_ood,8e6f3e6dbf054d4d,noise01
0,so_fake_ood,real,,test_ood,8e6f3e6dbf054d4d,jitter02
0,so_fake_ood,real,,test_ood,8e6f3e6dbf054d4d,crop08
0,so_fake_ood,real,,test_ood,24736c45c2b4386d,clean
0,so_fake_ood,real,,test_ood,24736c45c2b4386d,jpeg90
0,so_fake_ood,real,,test_ood,24736c45c2b4386d,jpeg70
0,so_fake_ood,real,,test_ood,24736c45c2b4386d,jpeg50
0,so_fake_ood,real,,test_ood,24736c45c2b4386d,jpeg30
0,so_fake_ood,real,,test_ood,24736c45c2b4386d,blur05
0,so_fake_ood,real,,test_ood,24736c45c2b4386d,blur10
0,so_fake_ood,real,,test_ood,24736c45c2b4386d,blur20
0,so_fake_ood,real,,test_ood,24736c45c2b4386d,resize05
0,so_fake_ood,real,,test_ood,24736c45c2b4386d,resize025
0,so_fake_ood,real,,test_ood,24736c45c2b4386d,noise002
0,so_fake_ood,real,,test_ood,24736c45c2b4386d,noise005
0,so_fake_ood,real,,test_ood,24736c45c2b4386d,noise01
0,so_fake_ood,real,,test_ood,24736c45c2b4386d,jitter02
0,so_fake_ood,real,,test_ood,24736c45c2b4386d,crop08
0,so_fake_ood,real,,test_ood,3d2eb1c088e7a818,clean
0,so_fake_ood,real,,test_ood,3d2eb1c088e7a818,jpeg90
0,so_fake_ood,real,,test_ood,3d2eb1c088e7a818,jpeg70
0,so_fake_ood,real,,test_ood,3d2eb1c088e7a818,jpeg50
0,so_fake_ood,real,,test_ood,3d2eb1c088e7a818,jpeg30
0,so_fake_ood,real,,test_ood,3d2eb1c088e7a818,blur05
0,so_fake_ood,real,,test_ood,3d2eb1c088e7a818,blur10
0,so_fake_ood,real,,test_ood,3d2eb1c088e7a818,blur20
0,so_fake_ood,real,,test_ood,3d2eb1c088e7a818,resize05
0,so_fake_ood,real,,test_ood,3d2eb1c088e7a818,resize025
0,so_fake_ood,real,,test_ood,3d2eb1c088e7a818,noise002
0,so_fake_ood,real,,test_ood,3d2eb1c088e7a818,noise005
0,so_fake_ood,real,,test_ood,3d2eb1c088e7a818,noise01
0,so_fake_ood,real,,test_ood,3d2eb1c088e7a818,jitter02
0,so_fake_ood,real,,test_ood,3d2eb1c088e7a818,crop08
0,so_fake_ood,real,,test_ood,72af186f2747c069,clean
0,so_fake_ood,real,,test_ood,72af186f2747c069,jpeg90
0,so_fake_ood,real,,test_ood,72af186f2747c069,jpeg70
0,so_fake_ood,real,,test_ood,72af186f2747c069,jpeg50
0,so_fake_ood,real,,test_ood,72af186f2747c069,jpeg30
0,so_fake_ood,real,,test_ood,72af186f2747c069,blur05
0,so_fake_ood,real,,test_ood,72af186f2747c069,blur10
0,so_fake_ood,real,,test_ood,72af186f2747c069,blur20
0,so_fake_ood,real,,test_ood,72af186f2747c069,resize05
0,so_fake_ood,real,,test_ood,72af186f2747c069,resize025
0,so_fake_ood,real,,test_ood,72af186f2747c069,noise002
0,so_fake_ood,real,,test_ood,72af186f2747c069,noise005
0,so_fake_ood,real,,test_ood,72af186f2747c069,noise01
0,so_fake_ood,real,,test_ood,72af186f2747c069,jitter02
0,so_fake_ood,real,,test_ood,72af186f2747c069,crop08
0,so_fake_ood,real,,test_ood,628426d22c5772b1,clean
0,so_fake_ood,real,,test_ood,628426d22c5772b1,jpeg90
0,so_fake_ood,real,,test_ood,628426d22c5772b1,jpeg70
0,so_fake_ood,real,,test_ood,628426d22c5772b1,jpeg50
0,so_fake_ood,real,,test_ood,628426d22c5772b1,jpeg30
0,so_fake_ood,real,,test_ood,628426d22c5772b1,blur05
0,so_fake_ood,real,,test_ood,628426d22c5772b1,blur10
0,so_fake_ood,real,,test_ood,628426d22c5772b1,blur20
0,so_fake_ood,real,,test_ood,628426d22c5772b1,resize05
0,so_fake_ood,real,,test_ood,628426d22c5772b1,resize025
0,so_fake_ood,real,,test_ood,628426d22c5772b1,noise002
0,so_fake_ood,real,,test_ood,628426d22c5772b1,noise005
0,so_fake_ood,real,,test_ood,628426d22c5772b1,noise01
0,so_fake_ood,real,,test_ood,628426d22c5772b1,jitter02
0,so_fake_ood,real,,test_ood,628426d22c5772b1,crop08
0,so_fake_ood,real,,test_ood,ded14911cdc09043,clean
0,so_fake_ood,real,,test_ood,ded14911cdc09043,jpeg90
0,so_fake_ood,real,,test_ood,ded14911cdc09043,jpeg70
0,so_fake_ood,real,,test_ood,ded14911cdc09043,jpeg50
0,so_fake_ood,real,,test_ood,ded14911cdc09043,jpeg30
0,so_fake_ood,real,,test_ood,ded14911cdc09043,blur05
0,so_fake_ood,real,,test_ood,ded14911cdc09043,blur10
0,so_fake_ood,real,,test_ood,ded14911cdc09043,blur20
0,so_fake_ood,real,,test_ood,ded14911cdc09043,resize05
0,so_fake_ood,real,,test_ood,ded14911cdc09043,resize025
0,so_fake_ood,real,,test_ood,ded14911cdc09043,noise002
0,so_fake_ood,real,,test_ood,ded14911cdc09043,noise005
0,so_fake_ood,real,,test_ood,ded14911cdc09043,noise01
0,so_fake_ood,real,,test_ood,ded14911cdc09043,jitter02
0,so_fake_ood,real,,test_ood,ded14911cdc09043,crop08
